{
  "version": "v20",
  "data_version": "cicids2017_max2000k_bal4.0",
  "generated_at": "2026-02-16T09:18:22.370047",
  "results": [
    {
      "stage": "Original",
      "model_path": "models/tflite/saved_model_original.tflite",
      "file_size_bytes": 821632,
      "file_size_mb": 0.7835693359375,
      "parameter_count": 205777,
      "accuracy": 0.44288351857268204,
      "precision": 0.24124710798383378,
      "recall": 0.9967393169727132,
      "f1_score": 0.38847029787404813,
      "precision_normal": 0.997827950843098,
      "recall_normal": 0.3233328641175904,
      "avg_latency_ms": 1.9107580184936523,
      "min_latency_ms": 1.8875598907470703,
      "max_latency_ms": 1.9826889038085938,
      "samples_per_second": 52335.2507393035,
      "compression_ratio": 1.0
    },
    {
      "stage": "QAT+Prune only",
      "model_path": "models/tflite/saved_model_qat_pruned_float32.tflite",
      "file_size_bytes": 248228,
      "file_size_mb": 0.23672866821289062,
      "parameter_count": 61969,
      "accuracy": 0.7507616749536902,
      "precision": 0.41597046684660755,
      "recall": 0.9997425776557405,
      "f1_score": 0.5874967224026302,
      "precision_normal": 0.9999202882377324,
      "recall_normal": 0.6970187513428213,
      "avg_latency_ms": 1.1257171630859375,
      "min_latency_ms": 0.7457733154296875,
      "max_latency_ms": 1.8758773803710938,
      "samples_per_second": 88832.26025076245,
      "compression_ratio": 3.3099892034742253
    },
    {
      "stage": "Compressed (PTQ)",
      "model_path": "models/tflite/saved_model_pruned_quantized.tflite",
      "file_size_bytes": 70920,
      "file_size_mb": 0.06763458251953125,
      "parameter_count": 61969,
      "accuracy": 0.7505971531636931,
      "precision": 0.41581013561741614,
      "recall": 0.9997425776557405,
      "f1_score": 0.5873367948782579,
      "precision_normal": 0.9999202653568923,
      "recall_normal": 0.6968187172629411,
      "avg_latency_ms": 0.47283172607421875,
      "min_latency_ms": 0.46539306640625,
      "max_latency_ms": 0.5102157592773438,
      "samples_per_second": 211491.73053650666,
      "compression_ratio": 11.585335589396504
    },
    {
      "stage": "QAT+PTQ",
      "model_path": "models/tflite/saved_model_qat_ptq.tflite",
      "file_size_bytes": 70904,
      "file_size_mb": 0.06761932373046875,
      "parameter_count": 61969,
      "accuracy": 0.7505971531636931,
      "precision": 0.41581013561741614,
      "recall": 0.9997425776557405,
      "f1_score": 0.5873367948782579,
      "precision_normal": 0.9999202653568923,
      "recall_normal": 0.6968187172629411,
      "avg_latency_ms": 0.49490928649902344,
      "min_latency_ms": 0.48732757568359375,
      "max_latency_ms": 0.5400180816650391,
      "samples_per_second": 202057.23094710472,
      "compression_ratio": 11.587949904095678
    },
    {
      "stage": "noQAT+PTQ",
      "model_path": "models/tflite/saved_model_no_qat_ptq.tflite",
      "file_size_bytes": 70920,
      "file_size_mb": 0.06763458251953125,
      "parameter_count": 61969,
      "accuracy": 0.8224688017938968,
      "precision": 0.0,
      "recall": 0.0,
      "f1_score": 0.0,
      "precision_normal": 0.8224688017938968,
      "recall_normal": 1.0,
      "avg_latency_ms": 0.4669189453125,
      "min_latency_ms": 0.4603862762451172,
      "max_latency_ms": 0.5009174346923828,
      "samples_per_second": 214169.93464052287,
      "compression_ratio": 11.585335589396504
    }
  ]
}