{
  "tag": "yes_qat__distill_direct__prune_5x10__ptq_no",
  "fl_qat": true,
  "distillation": "direct",
  "pruning": "prune_5x10",
  "ptq": false,
  "fl_acc": 0.846421759990464,
  "fl_f1": 0.3271041765272315,
  "fl_prec": 0.7130354347516721,
  "fl_rec": 0.2122328822246225,
  "fl_size_kb": 864.109375,
  "dist_acc": 0.8468538605954048,
  "dist_f1": 0.3289316901983188,
  "prune_acc": 0.9768081175313645,
  "prune_f1": 0.9372783687943262,
  "final_acc": 0.9768081175313645,
  "final_f1": 0.9372783687943262,
  "final_prec": null,
  "final_rec": null,
  "tflite_size_kb": 101.328125,
  "final_size_kb": 371.765625
}