{
  "version": "v20",
  "data_version": "cicids2017_max2000k_bal4.0",
  "generated_at": "2026-02-12T09:21:39.877764",
  "results": [
    {
      "stage": "Original",
      "model_path": "models/tflite/saved_model_original.tflite",
      "file_size_bytes": 821652,
      "file_size_mb": 0.7835884094238281,
      "parameter_count": 205777,
      "accuracy": 0.6089438919762113,
      "precision": 0.3113099853536659,
      "recall": 0.9921743607345117,
      "f1_score": 0.4739202072284021,
      "precision_normal": 0.9968002694509936,
      "recall_normal": 0.5262229861383791,
      "avg_latency_ms": 2.1097660064697266,
      "min_latency_ms": 2.0494461059570312,
      "max_latency_ms": 2.4530887603759766,
      "samples_per_second": 47398.62131314273,
      "compression_ratio": 1.0
    },
    {
      "stage": "QAT+Prune only",
      "model_path": "models/tflite/saved_model_qat_pruned_float32.tflite",
      "file_size_bytes": 248212,
      "file_size_mb": 0.23671340942382812,
      "parameter_count": 61969,
      "accuracy": 0.5258542946280589,
      "precision": 0.27224109373684063,
      "recall": 0.9985412733825296,
      "f1_score": 0.42783717407608934,
      "precision_normal": 0.9992576289542175,
      "recall_normal": 0.42382405891374086,
      "avg_latency_ms": 1.1156558990478516,
      "min_latency_ms": 0.7853507995605469,
      "max_latency_ms": 1.4045238494873047,
      "samples_per_second": 89633.3717998034,
      "compression_ratio": 3.3102831450534222
    },
    {
      "stage": "Compressed (PTQ)",
      "model_path": "models/tflite/saved_model_pruned_quantized.tflite",
      "file_size_bytes": 70920,
      "file_size_mb": 0.06763458251953125,
      "parameter_count": 61969,
      "accuracy": 0.5245442137077118,
      "precision": 0.27169872992155397,
      "recall": 0.9985755963617642,
      "f1_score": 0.4271702822743457,
      "precision_normal": 0.9992723383363725,
      "recall_normal": 0.42222378627469864,
      "avg_latency_ms": 0.5466938018798828,
      "min_latency_ms": 0.5316734313964844,
      "max_latency_ms": 0.6036758422851562,
      "samples_per_second": 182917.7496729176,
      "compression_ratio": 11.585617597292725
    },
    {
      "stage": "QAT+PTQ",
      "model_path": "models/tflite/saved_model_qat_ptq.tflite",
      "file_size_bytes": 70904,
      "file_size_mb": 0.06761932373046875,
      "parameter_count": 61969,
      "accuracy": 0.5245442137077118,
      "precision": 0.27169872992155397,
      "recall": 0.9985755963617642,
      "f1_score": 0.4271702822743457,
      "precision_normal": 0.9992723383363725,
      "recall_normal": 0.42222378627469864,
      "avg_latency_ms": 0.5451202392578125,
      "min_latency_ms": 0.5362033843994141,
      "max_latency_ms": 0.6055831909179688,
      "samples_per_second": 183445.76627011894,
      "compression_ratio": 11.58823197562902
    },
    {
      "stage": "noQAT+PTQ",
      "model_path": "models/tflite/saved_model_no_qat_ptq.tflite",
      "file_size_bytes": 70920,
      "file_size_mb": 0.06763458251953125,
      "parameter_count": 61969,
      "accuracy": 0.8224688017938968,
      "precision": 0.0,
      "recall": 0.0,
      "f1_score": 0.0,
      "precision_normal": 0.8224688017938968,
      "recall_normal": 1.0,
      "avg_latency_ms": 0.5506515502929688,
      "min_latency_ms": 0.5414485931396484,
      "max_latency_ms": 0.5996227264404297,
      "samples_per_second": 181603.04814686527,
      "compression_ratio": 11.585617597292725
    }
  ]
}