{
  "tag": "no_qat__distill_none__prune_10x5__ptq_no",
  "fl_qat": false,
  "distillation": "none",
  "pruning": "prune_10x5",
  "ptq": false,
  "fl_acc": 0.9631612953557548,
  "fl_f1": 0.9010881591526753,
  "fl_prec": 0.8304376664389732,
  "fl_rec": 0.9848778368731875,
  "fl_size_kb": 850.7578125,
  "dist_acc": null,
  "dist_f1": null,
  "prune_acc": 0.975747586060663,
  "prune_f1": 0.9300686393262964,
  "final_acc": 0.975747586060663,
  "final_f1": 0.9300686393262964,
  "final_prec": null,
  "final_rec": null,
  "tflite_size_kb": 314.73828125,
  "final_size_kb": 1022.078125
}