{
  "version": "v20",
  "data_version": "cicids2017_max2000k_bal4.0",
  "generated_at": "2026-02-16T10:32:21.860519",
  "results": [
    {
      "stage": "Original",
      "model_path": "models/tflite/saved_model_original.tflite",
      "file_size_bytes": 821632,
      "file_size_mb": 0.7835693359375,
      "parameter_count": 205777,
      "accuracy": 0.38112691332748366,
      "precision": 0.21293789856249976,
      "recall": 0.9220353526686116,
      "f1_score": 0.3459751499599141,
      "precision_normal": 0.9401536009274019,
      "recall_normal": 0.2643709669054728,
      "avg_latency_ms": 1.94244384765625,
      "min_latency_ms": 1.8935203552246094,
      "max_latency_ms": 2.137899398803711,
      "samples_per_second": 51481.539670070706,
      "compression_ratio": 1.0
    },
    {
      "stage": "QAT+Prune only",
      "model_path": "models/tflite/saved_model_qat_pruned_float32.tflite",
      "file_size_bytes": 248228,
      "file_size_mb": 0.23672866821289062,
      "parameter_count": 61969,
      "accuracy": 0.8521101442917032,
      "precision": 0.54575381634515,
      "recall": 0.9957782735541445,
      "f1_score": 0.7050774960659583,
      "precision_normal": 0.9988914174984791,
      "recall_normal": 0.821099150225594,
      "avg_latency_ms": 0.7570028305053711,
      "min_latency_ms": 0.7488727569580078,
      "max_latency_ms": 0.7963180541992188,
      "samples_per_second": 132099.90236527982,
      "compression_ratio": 3.3099892034742253
    },
    {
      "stage": "Compressed (PTQ)",
      "model_path": "models/tflite/saved_model_pruned_quantized.tflite",
      "file_size_bytes": 70920,
      "file_size_mb": 0.06763458251953125,
      "parameter_count": 61969,
      "accuracy": 0.8518176611094862,
      "precision": 0.5452606256519165,
      "recall": 0.9957954350437618,
      "f1_score": 0.7046700711045802,
      "precision_normal": 0.9988954361223947,
      "recall_normal": 0.820739829748772,
      "avg_latency_ms": 0.48389434814453125,
      "min_latency_ms": 0.4763603210449219,
      "max_latency_ms": 0.5364418029785156,
      "samples_per_second": 206656.68111943238,
      "compression_ratio": 11.585335589396504
    },
    {
      "stage": "QAT+PTQ",
      "model_path": "models/tflite/saved_model_qat_ptq.tflite",
      "file_size_bytes": 70904,
      "file_size_mb": 0.06761932373046875,
      "parameter_count": 61969,
      "accuracy": 0.8518176611094862,
      "precision": 0.5452606256519165,
      "recall": 0.9957954350437618,
      "f1_score": 0.7046700711045802,
      "precision_normal": 0.9988954361223947,
      "recall_normal": 0.820739829748772,
      "avg_latency_ms": 0.4831075668334961,
      "min_latency_ms": 0.47516822814941406,
      "max_latency_ms": 0.5261898040771484,
      "samples_per_second": 206993.23890835512,
      "compression_ratio": 11.587949904095678
    },
    {
      "stage": "noQAT+PTQ",
      "model_path": "models/tflite/saved_model_no_qat_ptq.tflite",
      "file_size_bytes": 70920,
      "file_size_mb": 0.06763458251953125,
      "parameter_count": 61969,
      "accuracy": 0.8224688017938968,
      "precision": 0.0,
      "recall": 0.0,
      "f1_score": 0.0,
      "precision_normal": 0.8224688017938968,
      "recall_normal": 1.0,
      "avg_latency_ms": 0.549626350402832,
      "min_latency_ms": 0.5385875701904297,
      "max_latency_ms": 0.5915164947509766,
      "samples_per_second": 181941.7863184835,
      "compression_ratio": 11.585335589396504
    }
  ]
}