{
  "version": "v20",
  "data_version": "cicids2017_max2000k_bal4.0",
  "generated_at": "2026-02-14T11:56:00.739515",
  "results": [
    {
      "stage": "Original",
      "model_path": "models/tflite/saved_model_original.tflite",
      "file_size_bytes": 821632,
      "file_size_mb": 0.7835693359375,
      "parameter_count": 205777,
      "accuracy": 0.5189626596470703,
      "precision": 0.26858210134086624,
      "recall": 0.9920713917968079,
      "f1_score": 0.4227214227214227,
      "precision_normal": 0.9959111425789893,
      "recall_normal": 0.4168413877919942,
      "avg_latency_ms": 2.2058486938476562,
      "min_latency_ms": 2.1712779998779297,
      "max_latency_ms": 2.266407012939453,
      "samples_per_second": 45334.025075659316,
      "compression_ratio": 1.0
    },
    {
      "stage": "QAT+Prune only",
      "model_path": "models/tflite/saved_model_qat_pruned_float32.tflite",
      "file_size_bytes": 248228,
      "file_size_mb": 0.23672866821289062,
      "parameter_count": 61969,
      "accuracy": 0.36397094667056645,
      "precision": 0.21803144767215277,
      "recall": 0.998506950403295,
      "f1_score": 0.3579104716325363,
      "precision_normal": 0.9985823230348064,
      "recall_normal": 0.22700534165079977,
      "avg_latency_ms": 0.8657932281494141,
      "min_latency_ms": 0.8502006530761719,
      "max_latency_ms": 0.9510517120361328,
      "samples_per_second": 115501.01889078593,
      "compression_ratio": 3.3099892034742253
    },
    {
      "stage": "Compressed (PTQ)",
      "model_path": "models/tflite/saved_model_pruned_quantized.tflite",
      "file_size_bytes": 70920,
      "file_size_mb": 0.06763458251953125,
      "parameter_count": 61969,
      "accuracy": 0.36337988690650286,
      "precision": 0.2178709445492945,
      "recall": 0.9984897889136777,
      "f1_score": 0.35769308799390137,
      "precision_normal": 0.9985615273963646,
      "recall_normal": 0.2262904050319684,
      "avg_latency_ms": 0.5311489105224609,
      "min_latency_ms": 0.5238056182861328,
      "max_latency_ms": 0.5774497985839844,
      "samples_per_second": 188271.1194900799,
      "compression_ratio": 11.585335589396504
    },
    {
      "stage": "QAT+PTQ",
      "model_path": "models/tflite/saved_model_qat_ptq.tflite",
      "file_size_bytes": 70904,
      "file_size_mb": 0.06761932373046875,
      "parameter_count": 61969,
      "accuracy": 0.36337988690650286,
      "precision": 0.2178709445492945,
      "recall": 0.9984897889136777,
      "f1_score": 0.35769308799390137,
      "precision_normal": 0.9985615273963646,
      "recall_normal": 0.2262904050319684,
      "avg_latency_ms": 0.5459070205688477,
      "min_latency_ms": 0.5292892456054688,
      "max_latency_ms": 0.6260871887207031,
      "samples_per_second": 183181.3774730314,
      "compression_ratio": 11.587949904095678
    },
    {
      "stage": "noQAT+PTQ",
      "model_path": "models/tflite/saved_model_no_qat_ptq.tflite",
      "file_size_bytes": 70920,
      "file_size_mb": 0.06763458251953125,
      "parameter_count": 61969,
      "accuracy": 0.8224688017938968,
      "precision": 0.0,
      "recall": 0.0,
      "f1_score": 0.0,
      "precision_normal": 0.8224688017938968,
      "recall_normal": 1.0,
      "avg_latency_ms": 0.5329370498657227,
      "min_latency_ms": 0.5233287811279297,
      "max_latency_ms": 0.5872249603271484,
      "samples_per_second": 187639.42200152104,
      "compression_ratio": 11.585335589396504
    }
  ]
}