{
  "version": "v20",
  "data_version": "cicids2017_max2000k_bal4.0",
  "generated_at": "2026-02-22T21:13:39.017978",
  "results": [
    {
      "stage": "Original",
      "model_path": "models/tflite/saved_model_original.tflite",
      "file_size_bytes": 821632,
      "file_size_mb": 0.7835693359375,
      "parameter_count": 205777,
      "accuracy": 0.37764148873939746,
      "precision": 0.22147356533218365,
      "recall": 0.9961901493049596,
      "f1_score": 0.3623821281085249,
      "precision_normal": 0.9966427221172023,
      "recall_normal": 0.24412677715462636,
      "avg_latency_ms": 1.9313812255859375,
      "min_latency_ms": 1.8603801727294922,
      "max_latency_ms": 2.0308494567871094,
      "samples_per_second": 51776.41714398578,
      "compression_ratio": 1.0
    },
    {
      "stage": "QAT+Prune only",
      "model_path": "models/tflite/saved_model_qat_pruned_float32.tflite",
      "file_size_bytes": 248228,
      "file_size_mb": 0.23672866821289062,
      "parameter_count": 61969,
      "accuracy": 0.8134810373403529,
      "precision": 0.4866397347874133,
      "recall": 0.9220181911789943,
      "f1_score": 0.6370470498956555,
      "precision_normal": 0.9791389299519792,
      "recall_normal": 0.7900531201612127,
      "avg_latency_ms": 0.7845878601074219,
      "min_latency_ms": 0.7274150848388672,
      "max_latency_ms": 0.8549690246582031,
      "samples_per_second": 127455.45156193023,
      "compression_ratio": 3.3099892034742253
    },
    {
      "stage": "Compressed (PTQ)",
      "model_path": "models/tflite/saved_model_pruned_quantized.tflite",
      "file_size_bytes": 70920,
      "file_size_mb": 0.06763458251953125,
      "parameter_count": 61969,
      "accuracy": 0.8138832017159013,
      "precision": 0.4872225043528729,
      "recall": 0.9220353526686116,
      "f1_score": 0.6375502842021573,
      "precision_normal": 0.9791559609455293,
      "recall_normal": 0.790538388021663,
      "avg_latency_ms": 0.5246400833129883,
      "min_latency_ms": 0.4723072052001953,
      "max_latency_ms": 0.6933212280273438,
      "samples_per_second": 190606.86207680072,
      "compression_ratio": 11.585335589396504
    },
    {
      "stage": "QAT+PTQ",
      "model_path": "models/tflite/saved_model_qat_ptq.tflite",
      "file_size_bytes": 70904,
      "file_size_mb": 0.06761932373046875,
      "parameter_count": 61969,
      "accuracy": 0.8138832017159013,
      "precision": 0.4872225043528729,
      "recall": 0.9220353526686116,
      "f1_score": 0.6375502842021573,
      "precision_normal": 0.9791559609455293,
      "recall_normal": 0.790538388021663,
      "avg_latency_ms": 0.6263971328735352,
      "min_latency_ms": 0.4749298095703125,
      "max_latency_ms": 1.8270015716552734,
      "samples_per_second": 159643.13173219658,
      "compression_ratio": 11.587949904095678
    },
    {
      "stage": "noQAT+PTQ",
      "model_path": "models/tflite/saved_model_no_qat_ptq.tflite",
      "file_size_bytes": 70920,
      "file_size_mb": 0.06763458251953125,
      "parameter_count": 61969,
      "accuracy": 0.8224688017938968,
      "precision": 0.0,
      "recall": 0.0,
      "f1_score": 0.0,
      "precision_normal": 0.8224688017938968,
      "recall_normal": 1.0,
      "avg_latency_ms": 0.49004554748535156,
      "min_latency_ms": 0.46896934509277344,
      "max_latency_ms": 0.5483627319335938,
      "samples_per_second": 204062.66420161526,
      "compression_ratio": 11.585335589396504
    }
  ]
}