{
  "version": "v20",
  "data_version": "cicids2017_max2000k_bal4.0",
  "generated_at": "2026-02-22T18:13:47.029412",
  "results": [
    {
      "stage": "Original",
      "model_path": "models/tflite/saved_model_original.tflite",
      "file_size_bytes": 821632,
      "file_size_mb": 0.7835693359375,
      "parameter_count": 205777,
      "accuracy": 0.4787005215950083,
      "precision": 0.25071912406049923,
      "recall": 0.9737772438647675,
      "f1_score": 0.3987673365262644,
      "precision_normal": 0.9850059367855005,
      "recall_normal": 0.3718374241537447,
      "avg_latency_ms": 1.9015312194824219,
      "min_latency_ms": 1.873016357421875,
      "max_latency_ms": 1.9829273223876953,
      "samples_per_second": 52589.19705100557,
      "compression_ratio": 1.0
    },
    {
      "stage": "QAT+Prune only",
      "model_path": "models/tflite/saved_model_qat_pruned_float32.tflite",
      "file_size_bytes": 248228,
      "file_size_mb": 0.23672866821289062,
      "parameter_count": 61969,
      "accuracy": 0.3321908209027981,
      "precision": 0.20979603614001552,
      "recall": 0.9982323665694183,
      "f1_score": 0.34672230087176814,
      "precision_normal": 0.9979791638054504,
      "recall_normal": 0.1884246945775947,
      "avg_latency_ms": 0.7455348968505859,
      "min_latency_ms": 0.7243156433105469,
      "max_latency_ms": 0.8029937744140625,
      "samples_per_second": 134131.88359449952,
      "compression_ratio": 3.3099892034742253
    },
    {
      "stage": "Compressed (PTQ)",
      "model_path": "models/tflite/saved_model_pruned_quantized.tflite",
      "file_size_bytes": 70920,
      "file_size_mb": 0.06763458251953125,
      "parameter_count": 61969,
      "accuracy": 0.331733815930584,
      "precision": 0.2096825940412033,
      "recall": 0.9982323665694183,
      "f1_score": 0.34656736426603113,
      "precision_normal": 0.9979731990003738,
      "recall_normal": 0.18786904435570503,
      "avg_latency_ms": 0.4725456237792969,
      "min_latency_ms": 0.4649162292480469,
      "max_latency_ms": 0.5204677581787109,
      "samples_per_second": 211619.77800201817,
      "compression_ratio": 11.585335589396504
    },
    {
      "stage": "QAT+PTQ",
      "model_path": "models/tflite/saved_model_qat_ptq.tflite",
      "file_size_bytes": 70904,
      "file_size_mb": 0.06761932373046875,
      "parameter_count": 61969,
      "accuracy": 0.331733815930584,
      "precision": 0.2096825940412033,
      "recall": 0.9982323665694183,
      "f1_score": 0.34656736426603113,
      "precision_normal": 0.9979731990003738,
      "recall_normal": 0.18786904435570503,
      "avg_latency_ms": 0.4759073257446289,
      "min_latency_ms": 0.4634857177734375,
      "max_latency_ms": 0.5300045013427734,
      "samples_per_second": 210124.9436400982,
      "compression_ratio": 11.587949904095678
    },
    {
      "stage": "noQAT+PTQ",
      "model_path": "models/tflite/saved_model_no_qat_ptq.tflite",
      "file_size_bytes": 70920,
      "file_size_mb": 0.06763458251953125,
      "parameter_count": 61969,
      "accuracy": 0.8224688017938968,
      "precision": 0.0,
      "recall": 0.0,
      "f1_score": 0.0,
      "precision_normal": 0.8224688017938968,
      "recall_normal": 1.0,
      "avg_latency_ms": 0.47440528869628906,
      "min_latency_ms": 0.46706199645996094,
      "max_latency_ms": 0.5192756652832031,
      "samples_per_second": 210790.2301738868,
      "compression_ratio": 11.585335589396504
    }
  ]
}