{
  "timestamp": "2026-01-23T19:39:40.363715",
  "method": "distillation_lightweight_lightweight",
  "student_type": "lightweight.py (lightweight)",
  "student_model_path": "models\\cicids\\student_lightweight.h5",
  "config": {
    "student_arch": "lightweight",
    "temperature": 3.0,
    "alpha": 0.1,
    "epochs": 10,
    "batch_size": 128
  },
  "input_shape": [
    78
  ],
  "num_classes": 2,
  "teacher_metrics": {
    "accuracy": 0.9207000136375427,
    "loss": 5204.701171875,
    "precision": 0.8198369565217392,
    "recall": 0.765736040609137,
    "f1_score": 0.7918635170603675,
    "tp": 6034,
    "tn": 30794,
    "fp": 1326,
    "fn": 1846,
    "params": 7202
  },
  "student_metrics": {
    "accuracy": 0.9412000179290771,
    "loss": 0.6907709240913391,
    "precision": 0.8539052496798976,
    "recall": 0.8463197969543147,
    "f1_score": 0.8500956022944551,
    "tp": 6669,
    "tn": 30979,
    "fp": 1141,
    "fn": 1211,
    "params": 7202
  }
}