{
  "version": "v24",
  "data_version": "cicids2017_max2000k_bal4.0",
  "generated_at": "2026-02-24T15:04:58.619453",
  "results": [
    {
      "stage": "Baseline",
      "model_path": "models/tflite/saved_model_original.tflite",
      "file_size_bytes": 817528,
      "file_size_mb": 0.7796554565429688,
      "parameter_count": 204880,
      "accuracy": 0.17788766208443013,
      "precision": 0.1775945042318512,
      "recall": 1.0,
      "f1_score": 0.3016225085861736,
      "precision_normal": 1.0,
      "recall_normal": 0.00043340717307393113,
      "avg_latency_ms": 1.910710334777832,
      "min_latency_ms": 1.893758773803711,
      "max_latency_ms": 1.9917488098144531,
      "samples_per_second": 52336.556818607205,
      "compression_ratio": 1.0
    },
    {
      "stage": "Traditional+PTQ",
      "model_path": "models/tflite/saved_model_no_qat_ptq.tflite",
      "file_size_bytes": 76720,
      "file_size_mb": 0.0731658935546875,
      "parameter_count": 62048,
      "accuracy": 0.17753119820610314,
      "precision": 0.17753119820610314,
      "recall": 1.0,
      "f1_score": 0.3015312010018267,
      "precision_normal": 0.0,
      "recall_normal": 0.0,
      "avg_latency_ms": 0.4914999008178711,
      "min_latency_ms": 0.4763603210449219,
      "max_latency_ms": 0.5261898040771484,
      "samples_per_second": 203458.84065001213,
      "compression_ratio": 10.65599582898853
    },
    {
      "stage": "Traditional+QAT",
      "model_path": "models/tflite/saved_model_traditional_qat.tflite",
      "file_size_bytes": 66600,
      "file_size_mb": 0.06351470947265625,
      "parameter_count": 62048,
      "accuracy": 0.9530655893536122,
      "precision": 0.8112971865967552,
      "recall": 0.958589325553458,
      "f1_score": 0.8788143393198499,
      "precision_normal": 0.9906968674698795,
      "recall_normal": 0.9518732821147307,
      "avg_latency_ms": 0.4944324493408203,
      "min_latency_ms": 0.47469139099121094,
      "max_latency_ms": 0.5252361297607422,
      "samples_per_second": 202252.09759861123,
      "compression_ratio": 12.275195195195195
    },
    {
      "stage": "QAT+PTQ",
      "model_path": "models/tflite/saved_model_qat_ptq.tflite",
      "file_size_bytes": 76688,
      "file_size_mb": 0.0731353759765625,
      "parameter_count": 62048,
      "accuracy": 0.9523983620941796,
      "precision": 0.8245806314123055,
      "recall": 0.929637892569075,
      "f1_score": 0.8739634087315672,
      "precision_normal": 0.9843827372109855,
      "recall_normal": 0.9573112456196241,
      "avg_latency_ms": 0.48019886016845703,
      "min_latency_ms": 0.4734992980957031,
      "max_latency_ms": 0.522613525390625,
      "samples_per_second": 208247.05823941214,
      "compression_ratio": 10.66044231170457
    },
    {
      "stage": "QAT+QAT",
      "model_path": "models/tflite/saved_model_pruned_qat.tflite",
      "file_size_bytes": 66600,
      "file_size_mb": 0.06351470947265625,
      "parameter_count": 62048,
      "accuracy": 0.9642835380715609,
      "precision": 0.8794736756289642,
      "recall": 0.9256735884674789,
      "f1_score": 0.9019824248961129,
      "precision_normal": 0.9837725230710435,
      "recall_normal": 0.9726175570652777,
      "avg_latency_ms": 0.4805326461791992,
      "min_latency_ms": 0.4742145538330078,
      "max_latency_ms": 0.5211830139160156,
      "samples_per_second": 208102.40635078144,
      "compression_ratio": 12.275195195195195
    }
  ]
}