{
  "version": "v20",
  "data_version": "cicids2017_max2000k_bal4.0",
  "generated_at": "2026-02-20T21:53:48.601841",
  "results": [
    {
      "stage": "Original",
      "model_path": "models/tflite/saved_model_original.tflite",
      "file_size_bytes": 821632,
      "file_size_mb": 0.7835693359375,
      "parameter_count": 205777,
      "accuracy": 0.6455225699522278,
      "precision": 0.33327783391512034,
      "recall": 0.9962073107945769,
      "f1_score": 0.4994622406924619,
      "precision_normal": 0.9985653822185293,
      "recall_normal": 0.5698267112174666,
      "avg_latency_ms": 1.9886255264282227,
      "min_latency_ms": 1.8887519836425781,
      "max_latency_ms": 2.577543258666992,
      "samples_per_second": 50285.98832260307,
      "compression_ratio": 1.0
    },
    {
      "stage": "QAT+Prune only",
      "model_path": "models/tflite/saved_model_qat_pruned_float32.tflite",
      "file_size_bytes": 248228,
      "file_size_mb": 0.23672866821289062,
      "parameter_count": 61969,
      "accuracy": 0.8330530369503754,
      "precision": 0.5245103572839646,
      "recall": 0.637909730564613,
      "f1_score": 0.5756787312797162,
      "precision_normal": 0.9180162887206826,
      "recall_normal": 0.8751750298198953,
      "avg_latency_ms": 0.7646322250366211,
      "min_latency_ms": 0.7181167602539062,
      "max_latency_ms": 0.9322166442871094,
      "samples_per_second": 130781.82781952544,
      "compression_ratio": 3.3099892034742253
    },
    {
      "stage": "Compressed (PTQ)",
      "model_path": "models/tflite/saved_model_pruned_quantized.tflite",
      "file_size_bytes": 70920,
      "file_size_mb": 0.06763458251953125,
      "parameter_count": 61969,
      "accuracy": 0.8324376035877937,
      "precision": 0.5230825667362718,
      "recall": 0.636245066071735,
      "f1_score": 0.5741408948012328,
      "precision_normal": 0.9176368186269176,
      "recall_normal": 0.8747860746645725,
      "avg_latency_ms": 0.5068302154541016,
      "min_latency_ms": 0.476837158203125,
      "max_latency_ms": 0.6694793701171875,
      "samples_per_second": 197304.73233606172,
      "compression_ratio": 11.585335589396504
    },
    {
      "stage": "QAT+PTQ",
      "model_path": "models/tflite/saved_model_qat_ptq.tflite",
      "file_size_bytes": 70904,
      "file_size_mb": 0.06761932373046875,
      "parameter_count": 61969,
      "accuracy": 0.8324376035877937,
      "precision": 0.5230825667362718,
      "recall": 0.636245066071735,
      "f1_score": 0.5741408948012328,
      "precision_normal": 0.9176368186269176,
      "recall_normal": 0.8747860746645725,
      "avg_latency_ms": 0.4872322082519531,
      "min_latency_ms": 0.4799365997314453,
      "max_latency_ms": 0.5273818969726562,
      "samples_per_second": 205240.9473478176,
      "compression_ratio": 11.587949904095678
    },
    {
      "stage": "noQAT+PTQ",
      "model_path": "models/tflite/saved_model_no_qat_ptq.tflite",
      "file_size_bytes": 70920,
      "file_size_mb": 0.06763458251953125,
      "parameter_count": 61969,
      "accuracy": 0.8224688017938968,
      "precision": 0.0,
      "recall": 0.0,
      "f1_score": 0.0,
      "precision_normal": 0.8224688017938968,
      "recall_normal": 1.0,
      "avg_latency_ms": 0.48389434814453125,
      "min_latency_ms": 0.4742145538330078,
      "max_latency_ms": 0.5168914794921875,
      "samples_per_second": 206656.68111943238,
      "compression_ratio": 11.585335589396504
    }
  ]
}