{
  "version": "v17",
  "data_version": "cicids2017_max2000k_bal4.0",
  "generated_at": "2026-02-09T17:53:49.035939",
  "results": [
    {
      "stage": "Keras",
      "model_path": "models/global_model.h5",
      "file_size_bytes": 884848,
      "file_size_mb": 0.8438568115234375,
      "parameter_count": 208385,
      "accuracy": 0.8224688017938968,
      "precision": 0.0,
      "recall": 0.0,
      "f1_score": 0.0,
      "avg_latency_ms": 236.83795928955078,
      "min_latency_ms": 93.83106231689453,
      "max_latency_ms": 1434.067964553833,
      "samples_per_second": 422.22961344529693,
      "compression_ratio": 1.0
    },
    {
      "stage": "Original (TFLite)",
      "model_path": "models/tflite/saved_model_original.tflite",
      "file_size_bytes": 821632,
      "file_size_mb": 0.7835693359375,
      "parameter_count": 205777,
      "accuracy": 0.669463537096617,
      "precision": 0.34271450584418023,
      "recall": 0.9389565814312683,
      "f1_score": 0.5021476165127847,
      "avg_latency_ms": 2.3440122604370117,
      "min_latency_ms": 2.3179054260253906,
      "max_latency_ms": 2.4199485778808594,
      "samples_per_second": 42661.892895285564,
      "compression_ratio": 1.0769395544477334
    },
    {
      "stage": "Compressed (PTQ)",
      "model_path": "models/tflite/saved_model_pruned_quantized.tflite",
      "file_size_bytes": 70896,
      "file_size_mb": 0.0676116943359375,
      "parameter_count": 61969,
      "accuracy": 0.9439072097104416,
      "precision": 0.8323411209498558,
      "recall": 0.856581431268234,
      "f1_score": 0.8442873212277037,
      "avg_latency_ms": 0.5507230758666992,
      "min_latency_ms": 0.5419254302978516,
      "max_latency_ms": 0.591278076171875,
      "samples_per_second": 181579.4623143859,
      "compression_ratio": 12.480929812683367
    }
  ]
}