{
  "version": "v20",
  "data_version": "cicids2017_max2000k_bal4.0",
  "generated_at": "2026-02-22T22:40:00.337057",
  "results": [
    {
      "stage": "Original",
      "model_path": "models/tflite/saved_model_original.tflite",
      "file_size_bytes": 821632,
      "file_size_mb": 0.7835693359375,
      "parameter_count": 205777,
      "accuracy": 0.6332017159013357,
      "precision": 0.3185964748344294,
      "recall": 0.9361935816028831,
      "f1_score": 0.47540697877087185,
      "precision_normal": 0.9763181696582122,
      "recall_normal": 0.5678004400749758,
      "avg_latency_ms": 1.9004106521606445,
      "min_latency_ms": 1.8656253814697266,
      "max_latency_ms": 1.9648075103759766,
      "samples_per_second": 52620.205999322534,
      "compression_ratio": 1.0
    },
    {
      "stage": "QAT+Prune only",
      "model_path": "models/tflite/saved_model_qat_pruned_float32.tflite",
      "file_size_bytes": 248228,
      "file_size_mb": 0.23672866821289062,
      "parameter_count": 61969,
      "accuracy": 0.8735193038900263,
      "precision": 0.5857365070918357,
      "recall": 0.9822721812253303,
      "f1_score": 0.7338641433956459,
      "precision_normal": 0.9955185548315445,
      "recall_normal": 0.8500448224512325,
      "avg_latency_ms": 0.7901906967163086,
      "min_latency_ms": 0.7491111755371094,
      "max_latency_ms": 0.8747577667236328,
      "samples_per_second": 126551.7303804725,
      "compression_ratio": 3.3099892034742253
    },
    {
      "stage": "Compressed (PTQ)",
      "model_path": "models/tflite/saved_model_pruned_quantized.tflite",
      "file_size_bytes": 70920,
      "file_size_mb": 0.06763458251953125,
      "parameter_count": 61969,
      "accuracy": 0.8731597933118845,
      "precision": 0.5850578708437283,
      "recall": 0.9819975973914535,
      "f1_score": 0.7332547381370376,
      "precision_normal": 0.9954474437982814,
      "recall_normal": 0.8496669803003475,
      "avg_latency_ms": 0.49355030059814453,
      "min_latency_ms": 0.4780292510986328,
      "max_latency_ms": 0.5714893341064453,
      "samples_per_second": 202613.5935462055,
      "compression_ratio": 11.585335589396504
    },
    {
      "stage": "QAT+PTQ",
      "model_path": "models/tflite/saved_model_qat_ptq.tflite",
      "file_size_bytes": 70904,
      "file_size_mb": 0.06761932373046875,
      "parameter_count": 61969,
      "accuracy": 0.8731597933118845,
      "precision": 0.5850578708437283,
      "recall": 0.9819975973914535,
      "f1_score": 0.7332547381370376,
      "precision_normal": 0.9954474437982814,
      "recall_normal": 0.8496669803003475,
      "avg_latency_ms": 0.4809141159057617,
      "min_latency_ms": 0.4723072052001953,
      "max_latency_ms": 0.5176067352294922,
      "samples_per_second": 207937.33577908878,
      "compression_ratio": 11.587949904095678
    },
    {
      "stage": "noQAT+PTQ",
      "model_path": "models/tflite/saved_model_no_qat_ptq.tflite",
      "file_size_bytes": 70920,
      "file_size_mb": 0.06763458251953125,
      "parameter_count": 61969,
      "accuracy": 0.8224688017938968,
      "precision": 0.0,
      "recall": 0.0,
      "f1_score": 0.0,
      "precision_normal": 0.8224688017938968,
      "recall_normal": 1.0,
      "avg_latency_ms": 0.49812793731689453,
      "min_latency_ms": 0.47135353088378906,
      "max_latency_ms": 0.5915164947509766,
      "samples_per_second": 200751.63930503037,
      "compression_ratio": 11.585335589396504
    }
  ]
}