{
  "version": "v12",
  "data_version": "cicids2017_bal4.0",
  "generated_at": "2026-03-12T19:12:45.447973",
  "results": [
    {
      "stage": "Baseline",
      "model_path": "models/tflite/saved_model_original.tflite",
      "file_size_bytes": 817528,
      "file_size_mb": 0.7796554565429688,
      "parameter_count": 204880,
      "accuracy": 0.785779011780144,
      "precision": 0.3417244367417678,
      "recall": 0.2777993025958931,
      "f1_score": 0.3064638340036137,
      "precision_normal": 0.8571710524788179,
      "recall_normal": 0.8901011727942595,
      "avg_latency_ms": 3.4336328506469727,
      "min_latency_ms": 2.7539730072021484,
      "max_latency_ms": 4.253149032592773,
      "samples_per_second": 29123.672899727117,
      "compression_ratio": 1.0
    },
    {
      "stage": "Traditional+PTQ",
      "model_path": "models/tflite/saved_model_no_qat_ptq.tflite",
      "file_size_bytes": 76720,
      "file_size_mb": 0.0731658935546875,
      "parameter_count": 62048,
      "accuracy": 0.9171649240161709,
      "precision": 0.8960380807587193,
      "recall": 0.5812522747819144,
      "f1_score": 0.7051073890503048,
      "precision_normal": 0.9197900408853545,
      "recall_normal": 0.9861502256857374,
      "avg_latency_ms": 0.748896598815918,
      "min_latency_ms": 0.6837844848632812,
      "max_latency_ms": 0.9200572967529297,
      "samples_per_second": 133529.7825602496,
      "compression_ratio": 10.65599582898853
    },
    {
      "stage": "Traditional+QAT",
      "model_path": "models/tflite/saved_model_traditional_qat.tflite",
      "file_size_bytes": 66600,
      "file_size_mb": 0.06351470947265625,
      "parameter_count": 62048,
      "accuracy": 0.9678101414457432,
      "precision": 0.8766890233927696,
      "recall": 0.9438202247191011,
      "f1_score": 0.9090168939548138,
      "precision_normal": 0.9882782070188676,
      "recall_normal": 0.9727368735774082,
      "avg_latency_ms": 0.8990764617919922,
      "min_latency_ms": 0.7686614990234375,
      "max_latency_ms": 1.1134147644042969,
      "samples_per_second": 111225.24529302573,
      "compression_ratio": 12.275195195195195
    },
    {
      "stage": "QAT+PTQ",
      "model_path": "models/tflite/saved_model_qat_ptq.tflite",
      "file_size_bytes": 76688,
      "file_size_mb": 0.0731353759765625,
      "parameter_count": 62048,
      "accuracy": 0.9619550758237999,
      "precision": 0.8964545977562566,
      "recall": 0.8781303934345391,
      "f1_score": 0.8871978885560926,
      "precision_normal": 0.9750766548933074,
      "recall_normal": 0.9791698815632113,
      "avg_latency_ms": 0.7750511169433594,
      "min_latency_ms": 0.6747245788574219,
      "max_latency_ms": 1.2211799621582031,
      "samples_per_second": 129023.7480004922,
      "compression_ratio": 10.66044231170457
    },
    {
      "stage": "QAT+QAT",
      "model_path": "models/tflite/saved_model_pruned_qat.tflite",
      "file_size_bytes": 66600,
      "file_size_mb": 0.06351470947265625,
      "parameter_count": 62048,
      "accuracy": 0.966839964873607,
      "precision": 0.8955757519837608,
      "recall": 0.9116738872647435,
      "f1_score": 0.9035531222909406,
      "precision_normal": 0.9817935407364383,
      "recall_normal": 0.9781692450136955,
      "avg_latency_ms": 1.1095762252807617,
      "min_latency_ms": 0.7054805755615234,
      "max_latency_ms": 1.3432502746582031,
      "samples_per_second": 90124.49773308408,
      "compression_ratio": 12.275195195195195
    }
  ]
}