{
  "version": "v20",
  "data_version": "cicids2017_max2000k_bal4.0",
  "generated_at": "2026-02-23T05:05:27.212308",
  "results": [
    {
      "stage": "Original",
      "model_path": "models/tflite/saved_model_original.tflite",
      "file_size_bytes": 821632,
      "file_size_mb": 0.7835693359375,
      "parameter_count": 205777,
      "accuracy": 0.6727174124987814,
      "precision": 0.34561068462514605,
      "recall": 0.9441393512956925,
      "f1_score": 0.5059967257141806,
      "precision_normal": 0.9807444303782492,
      "recall_normal": 0.6141305555761352,
      "avg_latency_ms": 1.916360855102539,
      "min_latency_ms": 1.894235610961914,
      "max_latency_ms": 2.001047134399414,
      "samples_per_second": 52182.238921097814,
      "compression_ratio": 1.0
    },
    {
      "stage": "QAT+Prune only",
      "model_path": "models/tflite/saved_model_qat_pruned_float32.tflite",
      "file_size_bytes": 248228,
      "file_size_mb": 0.23672866821289062,
      "parameter_count": 61969,
      "accuracy": 0.6901841425368042,
      "precision": 0.36426048082033324,
      "recall": 0.9997940621245924,
      "f1_score": 0.5339749318301598,
      "precision_normal": 0.9999286940917113,
      "recall_normal": 0.6233543492595035,
      "avg_latency_ms": 0.7644176483154297,
      "min_latency_ms": 0.7536411285400391,
      "max_latency_ms": 0.81634521484375,
      "samples_per_second": 130818.53908053148,
      "compression_ratio": 3.3099892034742253
    },
    {
      "stage": "Compressed (PTQ)",
      "model_path": "models/tflite/saved_model_pruned_quantized.tflite",
      "file_size_bytes": 70920,
      "file_size_mb": 0.06763458251953125,
      "parameter_count": 61969,
      "accuracy": 0.6873111046114848,
      "precision": 0.36212533721204887,
      "recall": 0.9997940621245924,
      "f1_score": 0.5316772226988155,
      "precision_normal": 0.999928292280664,
      "recall_normal": 0.6198611615312238,
      "avg_latency_ms": 0.4911661148071289,
      "min_latency_ms": 0.4832744598388672,
      "max_latency_ms": 0.5371570587158203,
      "samples_per_second": 203597.1069365565,
      "compression_ratio": 11.585335589396504
    },
    {
      "stage": "QAT+PTQ",
      "model_path": "models/tflite/saved_model_qat_ptq.tflite",
      "file_size_bytes": 70904,
      "file_size_mb": 0.06761932373046875,
      "parameter_count": 61969,
      "accuracy": 0.6873111046114848,
      "precision": 0.36212533721204887,
      "recall": 0.9997940621245924,
      "f1_score": 0.5316772226988155,
      "precision_normal": 0.999928292280664,
      "recall_normal": 0.6198611615312238,
      "avg_latency_ms": 0.48487186431884766,
      "min_latency_ms": 0.476837158203125,
      "max_latency_ms": 0.5304813385009766,
      "samples_per_second": 206240.0550720362,
      "compression_ratio": 11.587949904095678
    },
    {
      "stage": "noQAT+PTQ",
      "model_path": "models/tflite/saved_model_no_qat_ptq.tflite",
      "file_size_bytes": 70920,
      "file_size_mb": 0.06763458251953125,
      "parameter_count": 61969,
      "accuracy": 0.8224688017938968,
      "precision": 0.0,
      "recall": 0.0,
      "f1_score": 0.0,
      "precision_normal": 0.8224688017938968,
      "recall_normal": 1.0,
      "avg_latency_ms": 0.487518310546875,
      "min_latency_ms": 0.4794597625732422,
      "max_latency_ms": 0.5331039428710938,
      "samples_per_second": 205120.5007824726,
      "compression_ratio": 11.585335589396504
    }
  ]
}