{
  "version": "v1_PGD",
  "data_version": "cicids2017_bal4.0",
  "generated_at": "2026-03-14T11:42:47.193657",
  "results": [
    {
      "stage": "Baseline",
      "model_path": "models/tflite/saved_model_original.tflite",
      "file_size_bytes": 817528,
      "file_size_mb": 0.7796554565429688,
      "parameter_count": 204880,
      "accuracy": 0.17065705958484445,
      "precision": 0.1704247362281374,
      "recall": 1.0,
      "f1_score": 0.2912186165465978,
      "precision_normal": 1.0,
      "recall_normal": 0.00033756413718606535,
      "avg_latency_ms": 3.078436851501465,
      "min_latency_ms": 2.644062042236328,
      "max_latency_ms": 4.271268844604492,
      "samples_per_second": 32484.018618483722,
      "compression_ratio": 1.0
    },
    {
      "stage": "Traditional+PTQ",
      "model_path": "models/tflite/saved_model_no_qat_ptq.tflite",
      "file_size_bytes": 193968,
      "file_size_mb": 0.1849822998046875,
      "parameter_count": 170015,
      "accuracy": 0.21571125944921976,
      "precision": 0.17846231859156228,
      "recall": 0.9999530367604758,
      "f1_score": 0.302871032038847,
      "precision_normal": 0.9998235631423404,
      "recall_normal": 0.05465404498283245,
      "avg_latency_ms": 1.255941390991211,
      "min_latency_ms": 1.0313987731933594,
      "max_latency_ms": 1.8117427825927734,
      "samples_per_second": 79621.54979308251,
      "compression_ratio": 4.2147570733316835
    },
    {
      "stage": "Traditional+QAT",
      "model_path": "models/tflite/saved_model_traditional_qat.tflite",
      "file_size_bytes": 175288,
      "file_size_mb": 0.16716766357421875,
      "parameter_count": 170015,
      "accuracy": 0.9681802087980013,
      "precision": 0.8736110811452242,
      "recall": 0.950794265788454,
      "f1_score": 0.9105700198458433,
      "precision_normal": 0.9897080383388465,
      "recall_normal": 0.9717507040623433,
      "avg_latency_ms": 1.124119758605957,
      "min_latency_ms": 1.0123252868652344,
      "max_latency_ms": 1.3356208801269531,
      "samples_per_second": 88958.49328723832,
      "compression_ratio": 4.663913103007622
    },
    {
      "stage": "QAT+PTQ",
      "model_path": "models/tflite/saved_model_qat_ptq.tflite",
      "file_size_bytes": 193944,
      "file_size_mb": 0.18495941162109375,
      "parameter_count": 170015,
      "accuracy": 0.9489587104853083,
      "precision": 0.7875285566940746,
      "recall": 0.9592124264731782,
      "f1_score": 0.8649332500502874,
      "precision_normal": 0.9912309929120979,
      "recall_normal": 0.9468529377724625,
      "avg_latency_ms": 1.2021780014038086,
      "min_latency_ms": 1.0044574737548828,
      "max_latency_ms": 1.8475055694580078,
      "samples_per_second": 83182.3572576007,
      "compression_ratio": 4.215278637132368
    },
    {
      "stage": "QAT+QAT",
      "model_path": "models/tflite/saved_model_pruned_qat.tflite",
      "file_size_bytes": 175288,
      "file_size_mb": 0.16716766357421875,
      "parameter_count": 170015,
      "accuracy": 0.9639234340649998,
      "precision": 0.874972074527501,
      "recall": 0.9196693787937492,
      "f1_score": 0.8967641115760431,
      "precision_normal": 0.9833278506768035,
      "recall_normal": 0.973011747231974,
      "avg_latency_ms": 1.1754751205444336,
      "min_latency_ms": 1.0285377502441406,
      "max_latency_ms": 1.6372203826904297,
      "samples_per_second": 85071.98344928301,
      "compression_ratio": 4.663913103007622
    }
  ]
}