{
  "version": "v20",
  "data_version": "cicids2017_max2000k_bal4.0",
  "generated_at": "2026-02-14T19:58:49.419545",
  "results": [
    {
      "stage": "Original",
      "model_path": "models/tflite/saved_model_original.tflite",
      "file_size_bytes": 821632,
      "file_size_mb": 0.7835693359375,
      "parameter_count": 205777,
      "accuracy": 0.49154845471385394,
      "precision": 0.24507355633373076,
      "recall": 0.8959842114295521,
      "f1_score": 0.3848745318904255,
      "precision_normal": 0.9473825852938623,
      "recall_normal": 0.4042503537639746,
      "avg_latency_ms": 2.154850959777832,
      "min_latency_ms": 2.1293163299560547,
      "max_latency_ms": 2.2308826446533203,
      "samples_per_second": 46406.92180878724,
      "compression_ratio": 1.0
    },
    {
      "stage": "QAT+Prune only",
      "model_path": "models/tflite/saved_model_qat_pruned_float32.tflite",
      "file_size_bytes": 248228,
      "file_size_mb": 0.23672866821289062,
      "parameter_count": 61969,
      "accuracy": 0.9275494784049917,
      "precision": 0.7200908696429027,
      "recall": 0.9682855671872318,
      "f1_score": 0.8259456610844361,
      "precision_normal": 0.9926041541601632,
      "recall_normal": 0.9187565288901072,
      "avg_latency_ms": 0.8348226547241211,
      "min_latency_ms": 0.8180141448974609,
      "max_latency_ms": 0.9138584136962891,
      "samples_per_second": 119785.92031986291,
      "compression_ratio": 3.3099892034742253
    },
    {
      "stage": "Compressed (PTQ)",
      "model_path": "models/tflite/saved_model_pruned_quantized.tflite",
      "file_size_bytes": 70920,
      "file_size_mb": 0.06763458251953125,
      "parameter_count": 61969,
      "accuracy": 0.9271930145266647,
      "precision": 0.7193526566348866,
      "recall": 0.967255877810194,
      "f1_score": 0.8250854553838721,
      "precision_normal": 0.9923641209734545,
      "recall_normal": 0.9185453818057892,
      "avg_latency_ms": 0.5475044250488281,
      "min_latency_ms": 0.5373954772949219,
      "max_latency_ms": 0.6015300750732422,
      "samples_per_second": 182646.9256227138,
      "compression_ratio": 11.585335589396504
    },
    {
      "stage": "QAT+PTQ",
      "model_path": "models/tflite/saved_model_qat_ptq.tflite",
      "file_size_bytes": 70904,
      "file_size_mb": 0.06761932373046875,
      "parameter_count": 61969,
      "accuracy": 0.9271930145266647,
      "precision": 0.7193526566348866,
      "recall": 0.967255877810194,
      "f1_score": 0.8250854553838721,
      "precision_normal": 0.9923641209734545,
      "recall_normal": 0.9185453818057892,
      "avg_latency_ms": 0.5491495132446289,
      "min_latency_ms": 0.5404949188232422,
      "max_latency_ms": 0.5986690521240234,
      "samples_per_second": 182099.76989536753,
      "compression_ratio": 11.587949904095678
    },
    {
      "stage": "noQAT+PTQ",
      "model_path": "models/tflite/saved_model_no_qat_ptq.tflite",
      "file_size_bytes": 70920,
      "file_size_mb": 0.06763458251953125,
      "parameter_count": 61969,
      "accuracy": 0.8224688017938968,
      "precision": 0.0,
      "recall": 0.0,
      "f1_score": 0.0,
      "precision_normal": 0.8224688017938968,
      "recall_normal": 1.0,
      "avg_latency_ms": 0.5526304244995117,
      "min_latency_ms": 0.5381107330322266,
      "max_latency_ms": 0.6103515625,
      "samples_per_second": 180952.7589628543,
      "compression_ratio": 11.585335589396504
    }
  ]
}