{
  "version": "v20",
  "data_version": "cicids2017_max2000k_bal4.0",
  "generated_at": "2026-02-18T07:08:14.551755",
  "results": [
    {
      "stage": "Original",
      "model_path": "models/tflite/saved_model_original.tflite",
      "file_size_bytes": 821632,
      "file_size_mb": 0.7835693359375,
      "parameter_count": 205777,
      "accuracy": 0.8784610509895681,
      "precision": 0.5947945035899975,
      "recall": 0.9894800068645958,
      "f1_score": 0.7429738541035785,
      "precision_normal": 0.9973496247103179,
      "recall_normal": 0.8544974328959749,
      "avg_latency_ms": 2.179098129272461,
      "min_latency_ms": 2.1331310272216797,
      "max_latency_ms": 2.264261245727539,
      "samples_per_second": 45890.54465086763,
      "compression_ratio": 1.0
    },
    {
      "stage": "QAT+Prune only",
      "model_path": "models/tflite/saved_model_qat_pruned_float32.tflite",
      "file_size_bytes": 248228,
      "file_size_mb": 0.23672866821289062,
      "parameter_count": 61969,
      "accuracy": 0.7505514526664717,
      "precision": 0.4052928479148779,
      "recall": 0.8667925175905269,
      "f1_score": 0.5523289828367717,
      "precision_normal": 0.9618767896347303,
      "recall_normal": 0.7254606340339466,
      "avg_latency_ms": 0.8787631988525391,
      "min_latency_ms": 0.8690357208251953,
      "max_latency_ms": 0.9205341339111328,
      "samples_per_second": 113796.29931086874,
      "compression_ratio": 3.3099892034742253
    },
    {
      "stage": "Compressed (PTQ)",
      "model_path": "models/tflite/saved_model_pruned_quantized.tflite",
      "file_size_bytes": 70920,
      "file_size_mb": 0.06763458251953125,
      "parameter_count": 61969,
      "accuracy": 0.7509079165447987,
      "precision": 0.40552802625651585,
      "recall": 0.8651450145872662,
      "f1_score": 0.552212156729579,
      "precision_normal": 0.9614637686845305,
      "recall_normal": 0.7262496573490298,
      "avg_latency_ms": 0.5611896514892578,
      "min_latency_ms": 0.5505084991455078,
      "max_latency_ms": 0.6120204925537109,
      "samples_per_second": 178192.87959894637,
      "compression_ratio": 11.585335589396504
    },
    {
      "stage": "QAT+PTQ",
      "model_path": "models/tflite/saved_model_qat_ptq.tflite",
      "file_size_bytes": 70904,
      "file_size_mb": 0.06761932373046875,
      "parameter_count": 61969,
      "accuracy": 0.7509079165447987,
      "precision": 0.40552802625651585,
      "recall": 0.8651450145872662,
      "f1_score": 0.552212156729579,
      "precision_normal": 0.9614637686845305,
      "recall_normal": 0.7262496573490298,
      "avg_latency_ms": 0.5512237548828125,
      "min_latency_ms": 0.5404949188232422,
      "max_latency_ms": 0.6110668182373047,
      "samples_per_second": 181414.5328719723,
      "compression_ratio": 11.587949904095678
    },
    {
      "stage": "noQAT+PTQ",
      "model_path": "models/tflite/saved_model_no_qat_ptq.tflite",
      "file_size_bytes": 70920,
      "file_size_mb": 0.06763458251953125,
      "parameter_count": 61969,
      "accuracy": 0.8224688017938968,
      "precision": 0.0,
      "recall": 0.0,
      "f1_score": 0.0,
      "precision_normal": 0.8224688017938968,
      "recall_normal": 1.0,
      "avg_latency_ms": 0.5567073822021484,
      "min_latency_ms": 0.5452632904052734,
      "max_latency_ms": 0.6105899810791016,
      "samples_per_second": 179627.58029978588,
      "compression_ratio": 11.585335589396504
    }
  ]
}