{
  "version": "v5",
  "data_version": "cicids2017_max1500k",
  "generated_at": "2026-01-31T01:22:51.761956",
  "results": [
    {
      "stage": "Original",
      "model_path": "models/tflite/saved_model_original.tflite",
      "file_size_bytes": 215612,
      "file_size_mb": 0.20562362670898438,
      "parameter_count": 53844,
      "accuracy": 0.34681259643241685,
      "precision": 0.22397667356026307,
      "recall": 0.8288546065672671,
      "f1_score": 0.35265688082814156,
      "avg_latency_ms": 0.4580974578857422,
      "min_latency_ms": 0.4305839538574219,
      "max_latency_ms": 0.5252361297607422,
      "samples_per_second": 218294.16050796295,
      "compression_ratio": 1.0
    },
    {
      "stage": "Compressed",
      "model_path": "models/tflite/saved_model_pruned_quantized.tflite",
      "file_size_bytes": 21648,
      "file_size_mb": 0.0206451416015625,
      "parameter_count": 18772,
      "accuracy": 0.21618991589798237,
      "precision": 0.2149346004306846,
      "recall": 0.9995690769628545,
      "f1_score": 0.353793873429769,
      "avg_latency_ms": 0.6787776947021484,
      "min_latency_ms": 0.6554126739501953,
      "max_latency_ms": 0.7348060607910156,
      "samples_per_second": 147323.63891815947,
      "compression_ratio": 9.95990391722099
    }
  ]
}