{
  "tag": "no_qat__distill_direct__prune_10x2__ptq_no",
  "fl_qat": false,
  "distillation": "direct",
  "pruning": "prune_10x2",
  "ptq": false,
  "fl_acc": 0.9509416813183539,
  "fl_f1": 0.8767430978006551,
  "fl_prec": 0.785471131755907,
  "fl_rec": 0.9920155876061588,
  "fl_size_kb": 864.109375,
  "dist_acc": 0.9767932175105045,
  "dist_f1": 0.9375801538954794,
  "prune_acc": 0.17588357123699974,
  "prune_f1": 0.29915133698479124,
  "final_acc": 0.17588357123699974,
  "final_f1": 0.29915133698479124,
  "final_prec": null,
  "final_rec": null,
  "tflite_size_kb": 171.15625,
  "final_size_kb": 547.7265625
}