{
  "version": "v20",
  "data_version": "cicids2017_max2000k_bal4.0",
  "generated_at": "2026-02-18T10:37:05.330242",
  "results": [
    {
      "stage": "Original",
      "model_path": "models/tflite/saved_model_original.tflite",
      "file_size_bytes": 821632,
      "file_size_mb": 0.7835693359375,
      "parameter_count": 205777,
      "accuracy": 0.8520613970946671,
      "precision": 0.5455679930941948,
      "recall": 0.9978548137978377,
      "f1_score": 0.705442015929923,
      "precision_normal": 0.9994360401900318,
      "recall_normal": 0.8205916563562681,
      "avg_latency_ms": 2.505326271057129,
      "min_latency_ms": 2.145051956176758,
      "max_latency_ms": 3.305673599243164,
      "samples_per_second": 39914.960839733154,
      "compression_ratio": 1.0
    },
    {
      "stage": "QAT+Prune only",
      "model_path": "models/tflite/saved_model_qat_pruned_float32.tflite",
      "file_size_bytes": 248228,
      "file_size_mb": 0.23672866821289062,
      "parameter_count": 61969,
      "accuracy": 0.5461392219947353,
      "precision": 0.27739981543657105,
      "recall": 0.9698472627424061,
      "f1_score": 0.4314068261105216,
      "precision_normal": 0.9858875502008032,
      "recall_normal": 0.4546811679026797,
      "avg_latency_ms": 0.8865118026733398,
      "min_latency_ms": 0.8697509765625,
      "max_latency_ms": 0.9622573852539062,
      "samples_per_second": 112801.65667105935,
      "compression_ratio": 3.3099892034742253
    },
    {
      "stage": "Compressed (PTQ)",
      "model_path": "models/tflite/saved_model_pruned_quantized.tflite",
      "file_size_bytes": 70920,
      "file_size_mb": 0.06763458251953125,
      "parameter_count": 61969,
      "accuracy": 0.5456121429267817,
      "precision": 0.2772300043636649,
      "recall": 0.970362107430925,
      "f1_score": 0.4312523119282149,
      "precision_normal": 0.9861025050898469,
      "recall_normal": 0.4539291879357224,
      "avg_latency_ms": 0.5532026290893555,
      "min_latency_ms": 0.5435943603515625,
      "max_latency_ms": 0.6010532379150391,
      "samples_per_second": 180765.59065638066,
      "compression_ratio": 11.585335589396504
    },
    {
      "stage": "QAT+PTQ",
      "model_path": "models/tflite/saved_model_qat_ptq.tflite",
      "file_size_bytes": 70904,
      "file_size_mb": 0.06761932373046875,
      "parameter_count": 61969,
      "accuracy": 0.5456121429267817,
      "precision": 0.2772300043636649,
      "recall": 0.970362107430925,
      "f1_score": 0.4312523119282149,
      "precision_normal": 0.9861025050898469,
      "recall_normal": 0.4539291879357224,
      "avg_latency_ms": 0.558018684387207,
      "min_latency_ms": 0.5471706390380859,
      "max_latency_ms": 0.6201267242431641,
      "samples_per_second": 179205.4689168981,
      "compression_ratio": 11.587949904095678
    },
    {
      "stage": "noQAT+PTQ",
      "model_path": "models/tflite/saved_model_no_qat_ptq.tflite",
      "file_size_bytes": 70920,
      "file_size_mb": 0.06763458251953125,
      "parameter_count": 61969,
      "accuracy": 0.8224688017938968,
      "precision": 0.0,
      "recall": 0.0,
      "f1_score": 0.0,
      "precision_normal": 0.8224688017938968,
      "recall_normal": 1.0,
      "avg_latency_ms": 0.5546808242797852,
      "min_latency_ms": 0.5450248718261719,
      "max_latency_ms": 0.6062984466552734,
      "samples_per_second": 180283.85987534924,
      "compression_ratio": 11.585335589396504
    }
  ]
}