{
  "version": "v20",
  "data_version": "cicids2017_max2000k_bal4.0",
  "generated_at": "2026-02-15T23:01:12.152163",
  "results": [
    {
      "stage": "Original",
      "model_path": "models/tflite/saved_model_original.tflite",
      "file_size_bytes": 821632,
      "file_size_mb": 0.7835693359375,
      "parameter_count": 205777,
      "accuracy": 0.5426751243053525,
      "precision": 0.23471433440986325,
      "recall": 0.6972026771923803,
      "f1_score": 0.3511974999675826,
      "precision_normal": 0.8862682661131774,
      "recall_normal": 0.5093201063884958,
      "avg_latency_ms": 1.9489049911499023,
      "min_latency_ms": 1.9185543060302734,
      "max_latency_ms": 1.9941329956054688,
      "samples_per_second": 51310.8645388596,
      "compression_ratio": 1.0
    },
    {
      "stage": "QAT+Prune only",
      "model_path": "models/tflite/saved_model_qat_pruned_float32.tflite",
      "file_size_bytes": 248228,
      "file_size_mb": 0.23672866821289062,
      "parameter_count": 61969,
      "accuracy": 0.8274867163888077,
      "precision": 0.5071751574875186,
      "recall": 0.9989531491333448,
      "f1_score": 0.6727769719315075,
      "precision_normal": 0.9997142228031464,
      "recall_normal": 0.7904754143298488,
      "avg_latency_ms": 0.76904296875,
      "min_latency_ms": 0.7612705230712891,
      "max_latency_ms": 0.8058547973632812,
      "samples_per_second": 130031.74603174602,
      "compression_ratio": 3.3099892034742253
    },
    {
      "stage": "Compressed (PTQ)",
      "model_path": "models/tflite/saved_model_pruned_quantized.tflite",
      "file_size_bytes": 70920,
      "file_size_mb": 0.06763458251953125,
      "parameter_count": 61969,
      "accuracy": 0.8253357463195866,
      "precision": 0.5040744044268556,
      "recall": 0.9989531491333448,
      "f1_score": 0.6700432237678924,
      "precision_normal": 0.9997132744527537,
      "recall_normal": 0.7878601539521548,
      "avg_latency_ms": 0.48224925994873047,
      "min_latency_ms": 0.4737377166748047,
      "max_latency_ms": 0.5385875701904297,
      "samples_per_second": 207361.64532555494,
      "compression_ratio": 11.585335589396504
    },
    {
      "stage": "QAT+PTQ",
      "model_path": "models/tflite/saved_model_qat_ptq.tflite",
      "file_size_bytes": 70904,
      "file_size_mb": 0.06761932373046875,
      "parameter_count": 61969,
      "accuracy": 0.8253357463195866,
      "precision": 0.5040744044268556,
      "recall": 0.9989531491333448,
      "f1_score": 0.6700432237678924,
      "precision_normal": 0.9997132744527537,
      "recall_normal": 0.7878601539521548,
      "avg_latency_ms": 0.48160552978515625,
      "min_latency_ms": 0.4742145538330078,
      "max_latency_ms": 0.5228519439697266,
      "samples_per_second": 207638.81188118813,
      "compression_ratio": 11.587949904095678
    },
    {
      "stage": "noQAT+PTQ",
      "model_path": "models/tflite/saved_model_no_qat_ptq.tflite",
      "file_size_bytes": 70920,
      "file_size_mb": 0.06763458251953125,
      "parameter_count": 61969,
      "accuracy": 0.8224688017938968,
      "precision": 0.0,
      "recall": 0.0,
      "f1_score": 0.0,
      "precision_normal": 0.8224688017938968,
      "recall_normal": 1.0,
      "avg_latency_ms": 0.48401355743408203,
      "min_latency_ms": 0.47707557678222656,
      "max_latency_ms": 0.5230903625488281,
      "samples_per_second": 206605.78296635635,
      "compression_ratio": 11.585335589396504
    }
  ]
}