{
  "version": "v20",
  "data_version": "cicids2017_max2000k_bal4.0",
  "generated_at": "2026-02-20T04:01:35.224923",
  "results": [
    {
      "stage": "Original",
      "model_path": "models/tflite/saved_model_original.tflite",
      "file_size_bytes": 821632,
      "file_size_mb": 0.7835693359375,
      "parameter_count": 205777,
      "accuracy": 0.814995247148289,
      "precision": 0.4632200797672954,
      "recall": 0.2650935301184143,
      "f1_score": 0.3372081600576312,
      "precision_normal": 0.8547767374193308,
      "recall_normal": 0.9336924068545012,
      "avg_latency_ms": 1.944112777709961,
      "min_latency_ms": 1.9156932830810547,
      "max_latency_ms": 2.0647048950195312,
      "samples_per_second": 51437.3451718133,
      "compression_ratio": 1.0
    },
    {
      "stage": "QAT+Prune only",
      "model_path": "models/tflite/saved_model_qat_pruned_float32.tflite",
      "file_size_bytes": 248228,
      "file_size_mb": 0.23672866821289062,
      "parameter_count": 61969,
      "accuracy": 0.9225102369113776,
      "precision": 0.7077070998431253,
      "recall": 0.9600137291916938,
      "f1_score": 0.8147748954949968,
      "precision_normal": 0.9906493298017497,
      "recall_normal": 0.9144150484897426,
      "avg_latency_ms": 0.7620811462402344,
      "min_latency_ms": 0.7526874542236328,
      "max_latency_ms": 0.8075237274169922,
      "samples_per_second": 131219.6220748342,
      "compression_ratio": 3.3099892034742253
    },
    {
      "stage": "Compressed (PTQ)",
      "model_path": "models/tflite/saved_model_pruned_quantized.tflite",
      "file_size_bytes": 70920,
      "file_size_mb": 0.06763458251953125,
      "parameter_count": 61969,
      "accuracy": 0.9224340694160086,
      "precision": 0.7078408270305195,
      "recall": 0.9588467478977175,
      "f1_score": 0.814442832882663,
      "precision_normal": 0.9903807197211292,
      "recall_normal": 0.9145743348866844,
      "avg_latency_ms": 0.4870176315307617,
      "min_latency_ms": 0.476837158203125,
      "max_latency_ms": 0.5311965942382812,
      "samples_per_second": 205331.37514074508,
      "compression_ratio": 11.585335589396504
    },
    {
      "stage": "QAT+PTQ",
      "model_path": "models/tflite/saved_model_qat_ptq.tflite",
      "file_size_bytes": 70904,
      "file_size_mb": 0.06761932373046875,
      "parameter_count": 61969,
      "accuracy": 0.9224340694160086,
      "precision": 0.7078408270305195,
      "recall": 0.9588467478977175,
      "f1_score": 0.814442832882663,
      "precision_normal": 0.9903807197211292,
      "recall_normal": 0.9145743348866844,
      "avg_latency_ms": 0.48613548278808594,
      "min_latency_ms": 0.476837158203125,
      "max_latency_ms": 0.5321502685546875,
      "samples_per_second": 205703.97253555665,
      "compression_ratio": 11.587949904095678
    },
    {
      "stage": "noQAT+PTQ",
      "model_path": "models/tflite/saved_model_no_qat_ptq.tflite",
      "file_size_bytes": 70920,
      "file_size_mb": 0.06763458251953125,
      "parameter_count": 61969,
      "accuracy": 0.8224688017938968,
      "precision": 0.0,
      "recall": 0.0,
      "f1_score": 0.0,
      "precision_normal": 0.8224688017938968,
      "recall_normal": 1.0,
      "avg_latency_ms": 0.4873991012573242,
      "min_latency_ms": 0.47898292541503906,
      "max_latency_ms": 0.5288124084472656,
      "samples_per_second": 205170.66966687865,
      "compression_ratio": 11.585335589396504
    }
  ]
}