{
  "version": "v2_PGD",
  "data_version": "cicids2017_bal4.0",
  "generated_at": "2026-03-16T06:17:38.529356",
  "results": [
    {
      "stage": "Baseline",
      "model_path": "models/tflite/saved_model_original.tflite",
      "file_size_bytes": 817528,
      "file_size_mb": 0.7796554565429688,
      "parameter_count": 204880,
      "accuracy": 0.17051503373613996,
      "precision": 0.17039789050808665,
      "recall": 0.9999765183802378,
      "f1_score": 0.29117842631480884,
      "precision_normal": 0.9726027397260274,
      "recall_normal": 0.00017119324100150457,
      "avg_latency_ms": 3.3768653869628906,
      "min_latency_ms": 2.740144729614258,
      "max_latency_ms": 4.385709762573242,
      "samples_per_second": 29613.262164986303,
      "compression_ratio": 1.0
    },
    {
      "stage": "Traditional+PTQ",
      "model_path": "models/tflite/saved_model_no_qat_ptq.tflite",
      "file_size_bytes": 193968,
      "file_size_mb": 0.1849822998046875,
      "parameter_count": 170015,
      "accuracy": 0.2182037130757798,
      "precision": 0.17892947780634968,
      "recall": 0.9999530367604758,
      "f1_score": 0.30354352106777865,
      "precision_normal": 0.999832754944182,
      "recall_normal": 0.057658365803788435,
      "avg_latency_ms": 1.158761978149414,
      "min_latency_ms": 1.0900497436523438,
      "max_latency_ms": 1.3644695281982422,
      "samples_per_second": 86299.00004115056,
      "compression_ratio": 4.2147570733316835
    },
    {
      "stage": "Traditional+QAT",
      "model_path": "models/tflite/saved_model_traditional_qat.tflite",
      "file_size_bytes": 175288,
      "file_size_mb": 0.16716766357421875,
      "parameter_count": 170015,
      "accuracy": 0.9565981008543555,
      "precision": 0.8086333313884513,
      "recall": 0.9763070456600096,
      "f1_score": 0.8845947225369268,
      "precision_normal": 0.9949178366807279,
      "recall_normal": 0.9525505381736815,
      "avg_latency_ms": 1.5285015106201172,
      "min_latency_ms": 1.1141300201416016,
      "max_latency_ms": 2.258777618408203,
      "samples_per_second": 65423.553267820935,
      "compression_ratio": 4.663913103007622
    },
    {
      "stage": "QAT+PTQ",
      "model_path": "models/tflite/saved_model_qat_ptq.tflite",
      "file_size_bytes": 193944,
      "file_size_mb": 0.18495941162109375,
      "parameter_count": 170015,
      "accuracy": 0.948756673714616,
      "precision": 0.7826095209171665,
      "recall": 0.9681706644124312,
      "f1_score": 0.8655564944027795,
      "precision_normal": 0.9931287242643984,
      "recall_normal": 0.9447696848115428,
      "avg_latency_ms": 1.4266729354858398,
      "min_latency_ms": 1.0409355163574219,
      "max_latency_ms": 2.145528793334961,
      "samples_per_second": 70093.1499523722,
      "compression_ratio": 4.215278637132368
    },
    {
      "stage": "QAT+QAT",
      "model_path": "models/tflite/saved_model_pruned_qat.tflite",
      "file_size_bytes": 175288,
      "file_size_mb": 0.16716766357421875,
      "parameter_count": 170015,
      "accuracy": 0.9658517850248746,
      "precision": 0.8714762611275965,
      "recall": 0.937891115729163,
      "f1_score": 0.903464772643734,
      "precision_normal": 0.9870420948205122,
      "recall_normal": 0.9715939778557926,
      "avg_latency_ms": 1.3553380966186523,
      "min_latency_ms": 1.0831356048583984,
      "max_latency_ms": 1.833200454711914,
      "samples_per_second": 73782.32800323676,
      "compression_ratio": 4.663913103007622
    }
  ]
}