{
  "version": "v20",
  "data_version": "cicids2017_max2000k_bal4.0",
  "generated_at": "2026-02-16T03:24:38.871744",
  "results": [
    {
      "stage": "Original",
      "model_path": "models/tflite/saved_model_original.tflite",
      "file_size_bytes": 821632,
      "file_size_mb": 0.7835693359375,
      "parameter_count": 205777,
      "accuracy": 0.6717272350589841,
      "precision": 0.34445205953181884,
      "recall": 0.9401407242148618,
      "f1_score": 0.5041806443300155,
      "precision_normal": 0.9793832713688727,
      "recall_normal": 0.6137897567733762,
      "avg_latency_ms": 1.9286632537841797,
      "min_latency_ms": 1.8877983093261719,
      "max_latency_ms": 2.004384994506836,
      "samples_per_second": 51849.38314337281,
      "compression_ratio": 1.0
    },
    {
      "stage": "QAT+Prune only",
      "model_path": "models/tflite/saved_model_qat_pruned_float32.tflite",
      "file_size_bytes": 248228,
      "file_size_mb": 0.23672866821289062,
      "parameter_count": 61969,
      "accuracy": 0.7769206395632251,
      "precision": 0.44280183034142906,
      "recall": 0.9931010811738459,
      "f1_score": 0.6125023815068058,
      "precision_normal": 0.9979649485162349,
      "recall_normal": 0.7302577476162605,
      "avg_latency_ms": 0.7505655288696289,
      "min_latency_ms": 0.7340908050537109,
      "max_latency_ms": 0.7867813110351562,
      "samples_per_second": 133232.8706203742,
      "compression_ratio": 3.3099892034742253
    },
    {
      "stage": "Compressed (PTQ)",
      "model_path": "models/tflite/saved_model_pruned_quantized.tflite",
      "file_size_bytes": 70920,
      "file_size_mb": 0.06763458251953125,
      "parameter_count": 61969,
      "accuracy": 0.7761010773130546,
      "precision": 0.4418922530640296,
      "recall": 0.9931010811738459,
      "f1_score": 0.6116316554366495,
      "precision_normal": 0.9979621734788537,
      "recall_normal": 0.7292612815516718,
      "avg_latency_ms": 0.47326087951660156,
      "min_latency_ms": 0.4658699035644531,
      "max_latency_ms": 0.5147457122802734,
      "samples_per_second": 211299.94962216626,
      "compression_ratio": 11.585335589396504
    },
    {
      "stage": "QAT+PTQ",
      "model_path": "models/tflite/saved_model_qat_ptq.tflite",
      "file_size_bytes": 70904,
      "file_size_mb": 0.06761932373046875,
      "parameter_count": 61969,
      "accuracy": 0.7761010773130546,
      "precision": 0.4418922530640296,
      "recall": 0.9931010811738459,
      "f1_score": 0.6116316554366495,
      "precision_normal": 0.9979621734788537,
      "recall_normal": 0.7292612815516718,
      "avg_latency_ms": 0.47774314880371094,
      "min_latency_ms": 0.4687309265136719,
      "max_latency_ms": 0.5207061767578125,
      "samples_per_second": 209317.49675616328,
      "compression_ratio": 11.587949904095678
    },
    {
      "stage": "noQAT+PTQ",
      "model_path": "models/tflite/saved_model_no_qat_ptq.tflite",
      "file_size_bytes": 70920,
      "file_size_mb": 0.06763458251953125,
      "parameter_count": 61969,
      "accuracy": 0.8224688017938968,
      "precision": 0.0,
      "recall": 0.0,
      "f1_score": 0.0,
      "precision_normal": 0.8224688017938968,
      "recall_normal": 1.0,
      "avg_latency_ms": 0.4730224609375,
      "min_latency_ms": 0.46515464782714844,
      "max_latency_ms": 0.5190372467041016,
      "samples_per_second": 211406.4516129032,
      "compression_ratio": 11.585335589396504
    }
  ]
}