{
  "version": "v1_PGD",
  "data_version": "cicids2017_bal4.0",
  "generated_at": "2026-03-14T16:57:25.818056",
  "results": [
    {
      "stage": "Baseline",
      "model_path": "models/tflite/saved_model_original.tflite",
      "file_size_bytes": 817528,
      "file_size_mb": 0.7796554565429688,
      "parameter_count": 204880,
      "accuracy": 0.17596002472449987,
      "precision": 0.17015782907301158,
      "recall": 0.9895976424453758,
      "f1_score": 0.2903849830927153,
      "precision_normal": 0.8058294981371904,
      "recall_normal": 0.008865880945951159,
      "avg_latency_ms": 3.2721996307373047,
      "min_latency_ms": 2.6760101318359375,
      "max_latency_ms": 4.300594329833984,
      "samples_per_second": 30560.482637016743,
      "compression_ratio": 1.0
    },
    {
      "stage": "Traditional+PTQ",
      "model_path": "models/tflite/saved_model_no_qat_ptq.tflite",
      "file_size_bytes": 193968,
      "file_size_mb": 0.1849822998046875,
      "parameter_count": 170015,
      "accuracy": 0.21209260085335532,
      "precision": 0.17778840072059734,
      "recall": 0.9999530367604758,
      "f1_score": 0.3018999680975506,
      "precision_normal": 0.9998082638289714,
      "recall_normal": 0.050292234095906795,
      "avg_latency_ms": 1.3871431350708008,
      "min_latency_ms": 1.0678768157958984,
      "max_latency_ms": 2.442598342895508,
      "samples_per_second": 72090.6137742562,
      "compression_ratio": 4.2147570733316835
    },
    {
      "stage": "Traditional+QAT",
      "model_path": "models/tflite/saved_model_traditional_qat.tflite",
      "file_size_bytes": 175288,
      "file_size_mb": 0.16716766357421875,
      "parameter_count": 170015,
      "accuracy": 0.9682822273653805,
      "precision": 0.8875965958017871,
      "recall": 0.9318445986404142,
      "f1_score": 0.9091825513196481,
      "precision_normal": 0.9858583643937733,
      "recall_normal": 0.9757653061224489,
      "avg_latency_ms": 1.2887239456176758,
      "min_latency_ms": 1.0886192321777344,
      "max_latency_ms": 2.0825862884521484,
      "samples_per_second": 77596.13712467393,
      "compression_ratio": 4.663913103007622
    },
    {
      "stage": "QAT+PTQ",
      "model_path": "models/tflite/saved_model_qat_ptq.tflite",
      "file_size_bytes": 193944,
      "file_size_mb": 0.18495941162109375,
      "parameter_count": 170015,
      "accuracy": 0.9477384884048897,
      "precision": 0.7818122810534254,
      "recall": 0.9616310333086776,
      "f1_score": 0.862448403672816,
      "precision_normal": 0.9917296391713443,
      "recall_normal": 0.9448854210871495,
      "avg_latency_ms": 1.2888431549072266,
      "min_latency_ms": 1.0955333709716797,
      "max_latency_ms": 1.642465591430664,
      "samples_per_second": 77588.96000591958,
      "compression_ratio": 4.215278637132368
    },
    {
      "stage": "QAT+QAT",
      "model_path": "models/tflite/saved_model_pruned_qat.tflite",
      "file_size_bytes": 175288,
      "file_size_mb": 0.16716766357421875,
      "parameter_count": 170015,
      "accuracy": 0.9531874801213821,
      "precision": 0.8059454586878783,
      "recall": 0.955244032733378,
      "f1_score": 0.8742666179536224,
      "precision_normal": 0.9904451095102743,
      "recall_normal": 0.9527651325180355,
      "avg_latency_ms": 1.502084732055664,
      "min_latency_ms": 1.0600090026855469,
      "max_latency_ms": 2.5560855865478516,
      "samples_per_second": 66574.14050347607,
      "compression_ratio": 4.663913103007622
    }
  ]
}