WARNING: All log messages before absl::InitializeLog() is called are written to STDERR
I0000 00:00:1791092683.205642  348005 port.cc:153] oneDNN custom operations are on. You may see slightly different numerical results due to floating-point round-off errors from different computation orders. To turn them off, set the environment variable `TF_ENABLE_ONEDNN_OPTS=0`.
I0000 00:00:1791092683.207365  348005 cudart_stub.cc:31] Could not find cuda drivers on your machine, GPU will not be used.
WARNING: All log messages before absl::InitializeLog() is called are written to STDERR
I0000 00:00:1791092684.202511  348005 port.cc:153] oneDNN custom operations are on. You may see slightly different numerical results due to floating-point round-off errors from different computation orders. To turn them off, set the environment variable `TF_ENABLE_ONEDNN_OPTS=0`.
I0000 00:00:1791092684.207765  348005 cudart_stub.cc:31] Could not find cuda drivers on your machine, GPU will not be used.
E0000 00:00:1791092685.060083  348005 cuda_platform.cc:52] failed call to cuInit: INTERNAL: CUDA error: Failed call to cuInit: CUDA_ERROR_NO_DEVICE: no CUDA-capable device is detected
[93mWARNING [0m:   DEPRECATED FEATURE: flwr.simulation.start_simulation() is deprecated.
	Instead, use the `flwr run` CLI command to start a local simulation in your Flower app, as shown for example below:

		$ flwr new  # Create a new Flower app from a template

		$ flwr run  # Run the Flower app in Simulation Mode

	Using `start_simulation()` is deprecated.

            This is a deprecated feature. It will be removed
            entirely in future versions of Flower.
        
[92mINFO [0m:      Starting Flower simulation, config: num_rounds=60, no round_timeout
2026-10-04 01:46:38,310	INFO worker.py:2012 -- Started a local Ray instance.
[2026-10-04 01:46:38,318 I 348005 348005] logging.cc:303: Set ray log level from environment variable RAY_BACKEND_LOG_LEVEL to 1
/home/danielpark605/tinyml-venv/lib/python3.12/site-packages/ray/_private/worker.py:2051: FutureWarning: Tip: In future versions of Ray, Ray will no longer override accelerator visible devices env var if num_gpus=0 or num_gpus=None (default). To enable this behavior and turn off this error message, set RAY_ACCEL_ENV_VAR_OVERRIDE_ON_ZERO=0
  warnings.warn(
[92mINFO [0m:      Flower VCE: Ray initialized with resources: {'CPU': 16.0, 'GPU': 1.0, 'memory': 14270874420.0, 'object_store_memory': 6116089036.0, 'node:__internal_head__': 1.0, 'accelerator_type:G': 1.0, 'node:172.22.205.158': 1.0}
[92mINFO [0m:      Optimize your simulation with Flower VCE: https://flower.ai/docs/framework/how-to-run-simulations.html
[92mINFO [0m:      Flower VCE: Resources for each Virtual Client: {'num_gpus': 0.0, 'num_cpus': 1}
[92mINFO [0m:      Flower VCE: Creating VirtualClientEngineActorPool with 16 actors
[92mINFO [0m:      [INIT]
[92mINFO [0m:      Using initial global parameters provided by strategy
[92mINFO [0m:      Starting evaluation of initial global parameters
[92mINFO [0m:      Evaluation returned no results (`None`)
[92mINFO [0m:      
[92mINFO [0m:      [ROUND 1]
[92mINFO [0m:      configure_fit: strategy sampled 4 clients (out of 4)
[36m(pid=348363)[0m WARNING: All log messages before absl::InitializeLog() is called are written to STDERR
[36m(pid=348363)[0m I0000 00:00:1791092802.128222  348363 port.cc:153] oneDNN custom operations are on. You may see slightly different numerical results due to floating-point round-off errors from different computation orders. To turn them off, set the environment variable `TF_ENABLE_ONEDNN_OPTS=0`.
[36m(pid=348363)[0m I0000 00:00:1791092802.129012  348363 cudart_stub.cc:31] Could not find cuda drivers on your machine, GPU will not be used.
[36m(ClientAppActor pid=348355)[0m /home/danielpark605/tinyml-venv/lib/python3.12/site-packages/tensorflow_model_optimization/__init__.py:65: DeprecationWarning: distutils Version classes are deprecated. Use packaging.version instead.
[36m(ClientAppActor pid=348355)[0m   if (distutils.version.LooseVersion(tf.version.VERSION) <
[36m(ClientAppActor pid=348355)[0m E0000 00:00:1791092806.114822  348355 cuda_platform.cc:52] failed call to cuInit: INTERNAL: CUDA error: Failed call to cuInit: CUDA_ERROR_NO_DEVICE: no CUDA-capable device is detected
[92mINFO [0m:      aggregate_fit: received 4 results and 0 failures
[93mWARNING [0m:   No fit_metrics_aggregation_fn provided
[92mINFO [0m:      configure_evaluate: strategy sampled 4 clients (out of 4)
[92mINFO [0m:      aggregate_evaluate: received 4 results and 0 failures
[92mINFO [0m:      
[92mINFO [0m:      [ROUND 2]
[92mINFO [0m:      configure_fit: strategy sampled 4 clients (out of 4)
[92mINFO [0m:      aggregate_fit: received 4 results and 0 failures
[92mINFO [0m:      configure_evaluate: strategy sampled 4 clients (out of 4)
[92mINFO [0m:      aggregate_evaluate: received 4 results and 0 failures
[load_cicids2017] data_path=data/raw/CIC-IDS2017
[load_cicids2017] Found 8 CSV files
[load_cicids2017] Loaded 225,745 rows from Friday-WorkingHours-Afternoon-DDos.pcap_ISCX.csv
[load_cicids2017] Loaded 286,467 rows from Friday-WorkingHours-Afternoon-PortScan.pcap_ISCX.csv
[load_cicids2017] Loaded 191,033 rows from Friday-WorkingHours-Morning.pcap_ISCX.csv
[load_cicids2017] Loaded 529,918 rows from Monday-WorkingHours.pcap_ISCX.csv
[load_cicids2017] Loaded 288,602 rows from Thursday-WorkingHours-Afternoon-Infilteration.pcap_ISCX.csv
[load_cicids2017] Loaded 170,366 rows from Thursday-WorkingHours-Morning-WebAttacks.pcap_ISCX.csv
[load_cicids2017] Loaded 445,909 rows from Tuesday-WorkingHours.pcap_ISCX.csv
[load_cicids2017] Loaded 692,703 rows from Wednesday-workingHours.pcap_ISCX.csv
[load_cicids2017] Total samples loaded: 2,830,743
[load_cicids2017] Removed 331,200 duplicates (2,499,543 unique)
[load_cicids2017] Found 15 unique labels
[load_cicids2017] Binary mode: BENIGN=0, ATTACK=1
[load_cicids2017] Label distribution: BENIGN=2073680, ATTACK=425863
[load_cicids2017] Shuffled full pool (random_state=42)
[load_cicids2017] Balanced training set: majority 1658944 -> 1362760 (ratio<=4.0), total=1,703,450
[load_cicids2017] StandardScaler applied (fit on train).
[load_cicids2017] SMOTE applied: train -> 2,725,520 (BENIGN=1,362,760, ATTACK=1,362,760)
[load_cicids2017] Final feature shape: 78 features
[load_cicids2017] Train samples: 2,725,520, Test samples: 499,909

============================================================
CLIENT DATA DISTRIBUTION
============================================================
Client 0: Total=9,373 samples
  - Class 0: 9,363 (99.89%)
  - Class 1: 10 (0.11%)
Client 1: Total=1,981,913 samples
  - Class 0: 802,177 (40.47%)
  - Class 1: 1,179,736 (59.53%)
Client 2: Total=6,730 samples
  - Class 0: 6,556 (97.41%)
  - Class 1: 174 (2.59%)
Client 3: Total=727,504 samples
  - Class 0: 544,664 (74.87%)
  - Class 1: 182,840 (25.13%)
============================================================

[Strategy] FedAvgM (momentum=0.5)
[36m(ClientAppActor pid=348353)[0m [Client 1] Class weights (smoothed): {0: 1.0961313930322947, 1: 0.9038686069677053}
[36m(ClientAppActor pid=348353)[0m [Client 1] Class weights (smoothed): {0: 1.0961313930322947, 1: 0.9038686069677053}[32m [repeated 4x across cluster] (Ray deduplicates logs by default. Set RAY_DEDUP_LOGS=0 to disable log deduplication, or see https://docs.ray.io/en/master/ray-observability/user-guides/configure-logging.html#log-deduplication for more options.)[0m
[DEBUG] evaluate_metrics_aggregation_fn called with 4 results
[DEBUG] results type: <class 'list'>
[DEBUG] First result type: <class 'tuple'>
[DEBUG] First result length: 2
[DEBUG] results[0][0] type: <class 'int'>
[DEBUG] results[0][1] type: <class 'flwr.app.message.configrecord.ConfigRecord'>
[DEBUG _get_metrics] res_item[1] type: ConfigRecord
[DEBUG _get_metrics] res_item[1] has metrics attr: False
[DEBUG _get_metrics] res_item[1].__dict__: {'_check_key_fn': <function _check_key at 0x7e977efc8900>, '_check_value_fn': <function _check_value at 0x7e97747b89a0>, '_data': {'accuracy': 0.4776308536529541, 'loss': 0.06108175963163376, 'total_samples': 16563, 'actual_attack': 16559, 'actual_normal': 4, 'predicted_attack': 7907, 'predicted_normal': 8656, 'true_positives': 7907, 'true_negatives': 4, 'false_positives': 0, 'false_negatives': 8652, 'precision': 1.0, 'recall': 0.47750468023431364, 'f1_score': 0.6463663860050682}}
[DEBUG _get_metrics] res_item[1].keys(): ['accuracy', 'loss', 'total_samples', 'actual_attack', 'actual_normal', 'predicted_attack', 'predicted_normal', 'true_positives', 'true_negatives', 'false_positives', 'false_negatives', 'precision', 'recall', 'f1_score']
[DEBUG _get_metrics] Extracted from ConfigRecord._data
[DEBUG _get_metrics] res_item[1] type: ConfigRecord
[DEBUG _get_metrics] res_item[1] has metrics attr: False
[DEBUG _get_metrics] res_item[1].__dict__: {'_check_key_fn': <function _check_key at 0x7e977efc8900>, '_check_value_fn': <function _check_value at 0x7e97747b89a0>, '_data': {'accuracy': 0.8660028576850891, 'loss': 0.07122208178043365, 'total_samples': 140100, 'actual_attack': 35544, 'actual_normal': 104556, 'predicted_attack': 17303, 'predicted_normal': 122797, 'true_positives': 17037, 'true_negatives': 104290, 'false_positives': 266, 'false_negatives': 18507, 'precision': 0.9846269433046293, 'recall': 0.47932140445644833, 'f1_score': 0.644766968796715}}
[DEBUG _get_metrics] res_item[1].keys(): ['accuracy', 'loss', 'total_samples', 'actual_attack', 'actual_normal', 'predicted_attack', 'predicted_normal', 'true_positives', 'true_negatives', 'false_positives', 'false_negatives', 'precision', 'recall', 'f1_score']
[DEBUG _get_metrics] Extracted from ConfigRecord._data
[DEBUG _get_metrics] res_item[1] type: ConfigRecord
[DEBUG _get_metrics] res_item[1] has metrics attr: False
[DEBUG _get_metrics] res_item[1].__dict__: {'_check_key_fn': <function _check_key at 0x7e977efc8900>, '_check_value_fn': <function _check_value at 0x7e97747b89a0>, '_data': {'accuracy': 0.980304479598999, 'loss': 0.07418151944875717, 'total_samples': 136681, 'actual_attack': 4456, 'actual_normal': 132225, 'predicted_attack': 2504, 'predicted_normal': 134177, 'true_positives': 2134, 'true_negatives': 131855, 'false_positives': 370, 'false_negatives': 2322, 'precision': 0.8522364217252396, 'recall': 0.4789048473967684, 'f1_score': 0.6132183908045977}}
[DEBUG _get_metrics] res_item[1].keys(): ['accuracy', 'loss', 'total_samples', 'actual_attack', 'actual_normal', 'predicted_attack', 'predicted_normal', 'true_positives', 'true_negatives', 'false_positives', 'false_negatives', 'precision', 'recall', 'f1_score']
[DEBUG _get_metrics] Extracted from ConfigRecord._data
[DEBUG _get_metrics] res_item[1] type: ConfigRecord
[DEBUG _get_metrics] res_item[1] has metrics attr: False
[DEBUG _get_metrics] res_item[1].__dict__: {'_check_key_fn': <function _check_key at 0x7e977efc8900>, '_check_value_fn': <function _check_value at 0x7e97747b89a0>, '_data': {'accuracy': 0.9261540174484253, 'loss': 0.07271415740251541, 'total_samples': 206565, 'actual_attack': 28614, 'actual_normal': 177951, 'predicted_attack': 14292, 'predicted_normal': 192273, 'true_positives': 13826, 'true_negatives': 177485, 'false_positives': 466, 'false_negatives': 14788, 'precision': 0.9673943464875455, 'recall': 0.483190046830223, 'f1_score': 0.644478627697758}}
[DEBUG _get_metrics] res_item[1].keys(): ['accuracy', 'loss', 'total_samples', 'actual_attack', 'actual_normal', 'predicted_attack', 'predicted_normal', 'true_positives', 'true_negatives', 'false_positives', 'false_negatives', 'precision', 'recall', 'f1_score']
[DEBUG _get_metrics] Extracted from ConfigRecord._data
[DEBUG] Extracted 4 metrics from results

[Evaluation Summary]
============================================================
Round: 1 / 60
Accuracy (mean):  0.8125  (81.25%)
Loss:             0.0698
[Per-Device Accuracy]
  - Device 0:  0.4776  (47.76%)
  - Device 1:  0.8660  (86.60%)
  - Device 2:  0.9803  (98.03%)
  - Device 3:  0.9262  (92.62%)

[Ground Truth]
  - Attack samples: 16559
  - Normal samples: 4
  - Total samples:  16563

[Predictions]
  - Predicted Attack:  7907
  - Predicted Normal:  8656

[Confusion Matrix]
  - True Positives (TP):  7907
  - True Negatives (TN):  4
  - False Positives (FP): 0
  - False Negatives (FN): 8652

[Metrics]
  - Precision:  0.9511  (95.11%)
  - Recall:     0.4797  (47.97%)
  - F1-Score:   0.6372  (63.72%)
============================================================

[36m(ClientAppActor pid=348353)[0m [Client 1] Class weights (smoothed): {0: 1.0961313930322947, 1: 0.9038686069677053}[32m [repeated 4x across cluster][0m
[36m(ClientAppActor pid=348353)[0m [Client 1] Class weights (smoothed): {0: 1.0961313930322947, 1: 0.9038686069677053}[32m [repeated 4x across cluster][0m
[DEBUG] evaluate_metrics_aggregation_fn called with 4 results
[DEBUG] results type: <class 'list'>
[DEBUG] First result type: <class 'tuple'>
[DEBUG] First result length: 2
[DEBUG] results[0][0] type: <class 'int'>
[DEBUG] results[0][1] type: <class 'flwr.app.message.configrecord.ConfigRecord'>[92mINFO [0m:      
[92mINFO [0m:      [ROUND 3]
[92mINFO [0m:      configure_fit: strategy sampled 4 clients (out of 4)
[92mINFO [0m:      aggregate_fit: received 4 results and 0 failures
[92mINFO [0m:      configure_evaluate: strategy sampled 4 clients (out of 4)
[92mINFO [0m:      aggregate_evaluate: received 4 results and 0 failures

[DEBUG _get_metrics] res_item[1] type: ConfigRecord
[DEBUG _get_metrics] res_item[1] has metrics attr: False
[DEBUG _get_metrics] res_item[1].__dict__: {'_check_key_fn': <function _check_key at 0x7e977efc8900>, '_check_value_fn': <function _check_value at 0x7e97747b89a0>, '_data': {'accuracy': 0.48717018961906433, 'loss': 0.06224773824214935, 'total_samples': 16563, 'actual_attack': 16559, 'actual_normal': 4, 'predicted_attack': 8065, 'predicted_normal': 8498, 'true_positives': 8065, 'true_negatives': 4, 'false_positives': 0, 'false_negatives': 8494, 'precision': 1.0, 'recall': 0.48704631922217523, 'f1_score': 0.6550519818063677}}
[DEBUG _get_metrics] res_item[1].keys(): ['accuracy', 'loss', 'total_samples', 'actual_attack', 'actual_normal', 'predicted_attack', 'predicted_normal', 'true_positives', 'true_negatives', 'false_positives', 'false_negatives', 'precision', 'recall', 'f1_score']
[DEBUG _get_metrics] Extracted from ConfigRecord._data
[DEBUG _get_metrics] res_item[1] type: ConfigRecord
[DEBUG _get_metrics] res_item[1] has metrics attr: False
[DEBUG _get_metrics] res_item[1].__dict__: {'_check_key_fn': <function _check_key at 0x7e977efc8900>, '_check_value_fn': <function _check_value at 0x7e97747b89a0>, '_data': {'accuracy': 0.9292474389076233, 'loss': 0.05411244556307793, 'total_samples': 206565, 'actual_attack': 28614, 'actual_normal': 177951, 'predicted_attack': 14017, 'predicted_normal': 192548, 'true_positives': 14008, 'true_negatives': 177942, 'false_positives': 9, 'false_negatives': 14606, 'precision': 0.9993579225226511, 'recall': 0.4895505696512197, 'f1_score': 0.6571743566887945}}
[DEBUG _get_metrics] res_item[1].keys(): ['accuracy', 'loss', 'total_samples', 'actual_attack', 'actual_normal', 'predicted_attack', 'predicted_normal', 'true_positives', 'true_negatives', 'false_positives', 'false_negatives', 'precision', 'recall', 'f1_score']
[DEBUG _get_metrics] Extracted from ConfigRecord._data
[DEBUG _get_metrics] res_item[1] type: ConfigRecord
[DEBUG _get_metrics] res_item[1] has metrics attr: False
[DEBUG _get_metrics] res_item[1].__dict__: {'_check_key_fn': <function _check_key at 0x7e977efc8900>, '_check_value_fn': <function _check_value at 0x7e97747b89a0>, '_data': {'accuracy': 0.8700000047683716, 'loss': 0.05525147542357445, 'total_samples': 140100, 'actual_attack': 35544, 'actual_normal': 104556, 'predicted_attack': 17343, 'predicted_normal': 122757, 'true_positives': 17337, 'true_negatives': 104550, 'false_positives': 6, 'false_negatives': 18207, 'precision': 0.9996540390935824, 'recall': 0.48776164753544904, 'f1_score': 0.6556242554881162}}
[DEBUG _get_metrics] res_item[1].keys(): ['accuracy', 'loss', 'total_samples', 'actual_attack', 'actual_normal', 'predicted_attack', 'predicted_normal', 'true_positives', 'true_negatives', 'false_positives', 'false_negatives', 'precision', 'recall', 'f1_score']
[DEBUG _get_metrics] Extracted from ConfigRecord._data
[DEBUG _get_metrics] res_item[1] type: ConfigRecord
[DEBUG _get_metrics] res_item[1] has metrics attr: False
[DEBUG _get_metrics] res_item[1].__dict__: {'_check_key_fn': <function _check_key at 0x7e977efc8900>, '_check_value_fn': <function _check_value at 0x7e97747b89a0>, '_data': {'accuracy': 0.9833627343177795, 'loss': 0.0531492680311203, 'total_samples': 136681, 'actual_attack': 4456, 'actual_normal': 132225, 'predicted_attack': 2198, 'predicted_normal': 134483, 'true_positives': 2190, 'true_negatives': 132217, 'false_positives': 8, 'false_negatives': 2266, 'precision': 0.9963603275705186, 'recall': 0.4914721723518851, 'f1_score': 0.6582506762849414}}
[DEBUG _get_metrics] res_item[1].keys(): ['accuracy', 'loss', 'total_samples', 'actual_attack', 'actual_normal', 'predicted_attack', 'predicted_normal', 'true_positives', 'true_negatives', 'false_positives', 'false_negatives', 'precision', 'recall', 'f1_score']
[DEBUG _get_metrics] Extracted from ConfigRecord._data
[DEBUG] Extracted 4 metrics from results

[Evaluation Summary]
============================================================
Round: 2 / 60
Accuracy (mean):  0.8174  (81.74%)
Loss:             0.0562
[Per-Device Accuracy]
  - Device 0:  0.4872  (48.72%)
  - Device 1:  0.9292  (92.92%)
  - Device 2:  0.8700  (87.00%)
  - Device 3:  0.9834  (98.34%)

[Ground Truth]
  - Attack samples: 16559
  - Normal samples: 4
  - Total samples:  16563

[Predictions]
  - Predicted Attack:  8065
  - Predicted Normal:  8498

[Confusion Matrix]
  - True Positives (TP):  8065
  - True Negatives (TN):  4
  - False Positives (FP): 0
  - False Negatives (FN): 8494

[Metrics]
  - Precision:  0.9988  (99.88%)
  - Recall:     0.4890  (48.90%)
  - F1-Score:   0.6565  (65.65%)
============================================================

[36m(ClientAppActor pid=348353)[0m [Client 1] Class weights (smoothed): {0: 1.0961313930322947, 1: 0.9038686069677053}[32m [repeated 4x across cluster][0m
[36m(ClientAppActor pid=348353)[0m [Client 1] Class weights (smoothed): {0: 1.0961313930322947, 1: 0.9038686069677053}[32m [repeated 4x across cluster][0m
[DEBUG] evaluate_metrics_aggregation_fn called with 4 results
[DEBUG] results type: <class 'list'>
[DEBUG] First result type: <class 'tuple'>
[DEBUG] First result length: 2
[DEBUG] results[0][0] type: <class 'int'>
[DEBUG] results[0][1] type: <class 'flwr.app.message.configrecord.ConfigRecord'>
[DEBUG _get_metrics] res_item[1] type: ConfigRecord
[DEBUG _get_metrics] res_item[1] has metrics attr: False
[DEBUG _get_metrics] res_item[1].__dict__: {'_check_key_fn': <function _check_key at 0x7e977efc8900>, '_check_value_fn': <function _check_value at 0x7e97747b89a0>, '_data': {'accuracy': 0.9829383492469788, 'loss': 0.03746896982192993, 'total_samples': 136681, 'actual_attack': 4456, 'actual_normal': 132225, 'predicted_attack': 2128, 'predicted_normal': 134553, 'true_positives': 2126, 'true_negatives': 132223, 'false_positives': 2, 'false_negatives': 2330, 'precision': 0.9990601503759399, 'recall': 0.47710951526032314, 'f1_score': 0.6458080194410692}}
[DEBUG _get_metrics] res_item[1].keys(): ['accuracy', 'loss', 'total_samples', 'actual_attack', 'actual_normal', 'predicted_attack', 'predicted_normal', 'true_positives', 'true_negatives', 'false_positives', 'false_negatives', 'precision', 'recall', 'f1_score']
[DEBUG _get_metrics] Extracted from ConfigRecord._data
[DEBUG _get_metrics] res_item[1] type: ConfigRecord
[DEBUG _get_metrics] res_item[1] has metrics attr: False
[DEBUG _get_metrics] res_item[1].__dict__: {'_check_key_fn': <function _check_key at 0x7e977efc8900>, '_check_value_fn': <function _check_value at 0x7e97747b89a0>, '_data': {'accuracy': 0.8656602501869202, 'loss': 0.042287468910217285, 'total_samples': 140100, 'actual_attack': 35544, 'actual_normal': 104556, 'predicted_attack': 16728, 'predicted_normal': 123372, 'true_positives': 16726, 'true_negatives': 104554, 'false_positives': 2, 'false_negatives': 18818, 'precision': 0.9998804399808704, 'recall': 0.47057168579788433, 'f1_score': 0.6399602081420263}}
[DEBUG _get_metrics] res_item[1].keys(): ['accuracy', 'loss', 'total_samples', 'actual_attack', 'actual_normal', 'predicted_attack', 'predicted_normal', 'true_positives', 'true_negatives', 'false_positives', 'false_negatives', 'precision', 'recall', 'f1_score']
[DEBUG _get_metrics] Extracted from ConfigRecord._data
[DEBUG _get_metrics] res_item[1] type: ConfigRecord
[DEBUG _get_metrics] res_item[1] has metrics attr: False
[DEBUG _get_metrics] res_item[1].__dict__: {'_check_key_fn': <function _check_key at 0x7e977efc8900>, '_check_value_fn': <function _check_value at 0x7e97747b89a0>, '_data': {'accuracy': 0.9268075227737427, 'loss': 0.039729442447423935, 'total_samples': 206565, 'actual_attack': 28614, 'actual_normal': 177951, 'predicted_attack': 13501, 'predicted_normal': 193064, 'true_positives': 13498, 'true_negatives': 177948, 'false_positives': 3, 'false_negatives': 15116, 'precision': 0.9997777942374639, 'recall': 0.4717271265813937, 'f1_score': 0.6410067671850885}}
[DEBUG _get_metrics] res_item[1].keys(): ['accuracy', 'loss', 'total_samples', 'actual_attack', 'actual_normal', 'predicted_attack', 'predicted_normal', 'true_positives', 'true_negatives', 'false_positives', 'false_negatives', 'precision', 'recall', 'f1_score'][92mINFO [0m:      
[92mINFO [0m:      [ROUND 4]
[92mINFO [0m:      configure_fit: strategy sampled 4 clients (out of 4)
[92mINFO [0m:      aggregate_fit: received 4 results and 0 failures
[92mINFO [0m:      configure_evaluate: strategy sampled 4 clients (out of 4)
[92mINFO [0m:      aggregate_evaluate: received 4 results and 0 failures
[92mINFO [0m:      
[92mINFO [0m:      [ROUND 5]
[92mINFO [0m:      configure_fit: strategy sampled 4 clients (out of 4)
[92mINFO [0m:      aggregate_fit: received 4 results and 0 failures
[92mINFO [0m:      configure_evaluate: strategy sampled 4 clients (out of 4)
[92mINFO [0m:      aggregate_evaluate: received 4 results and 0 failures

[DEBUG _get_metrics] Extracted from ConfigRecord._data
[DEBUG _get_metrics] res_item[1] type: ConfigRecord
[DEBUG _get_metrics] res_item[1] has metrics attr: False
[DEBUG _get_metrics] res_item[1].__dict__: {'_check_key_fn': <function _check_key at 0x7e977efc8900>, '_check_value_fn': <function _check_value at 0x7e97747b89a0>, '_data': {'accuracy': 0.471532940864563, 'loss': 0.058417823165655136, 'total_samples': 16563, 'actual_attack': 16559, 'actual_normal': 4, 'predicted_attack': 7806, 'predicted_normal': 8757, 'true_positives': 7806, 'true_negatives': 4, 'false_positives': 0, 'false_negatives': 8753, 'precision': 1.0, 'recall': 0.4714052780965034, 'f1_score': 0.6407551816129694}}
[DEBUG _get_metrics] res_item[1].keys(): ['accuracy', 'loss', 'total_samples', 'actual_attack', 'actual_normal', 'predicted_attack', 'predicted_normal', 'true_positives', 'true_negatives', 'false_positives', 'false_negatives', 'precision', 'recall', 'f1_score']
[DEBUG _get_metrics] Extracted from ConfigRecord._data
[DEBUG] Extracted 4 metrics from results

[Evaluation Summary]
============================================================
Round: 3 / 60
Accuracy (mean):  0.8117  (81.17%)
Loss:             0.0445
[Per-Device Accuracy]
  - Device 0:  0.9829  (98.29%)
  - Device 1:  0.8657  (86.57%)
  - Device 2:  0.9268  (92.68%)
  - Device 3:  0.4715  (47.15%)

[Ground Truth]
  - Attack samples: 4456
  - Normal samples: 132225
  - Total samples:  136681

[Predictions]
  - Predicted Attack:  2128
  - Predicted Normal:  134553

[Confusion Matrix]
  - True Positives (TP):  2126
  - True Negatives (TN):  132223
  - False Positives (FP): 2
  - False Negatives (FN): 2330

[Metrics]
  - Precision:  0.9997  (99.97%)
  - Recall:     0.4727  (47.27%)
  - F1-Score:   0.6419  (64.19%)
============================================================

[36m(ClientAppActor pid=348353)[0m [Client 1] Class weights (smoothed): {0: 1.0961313930322947, 1: 0.9038686069677053}[32m [repeated 4x across cluster][0m
[36m(ClientAppActor pid=348353)[0m [Client 1] Class weights (smoothed): {0: 1.0961313930322947, 1: 0.9038686069677053}[32m [repeated 4x across cluster][0m
[DEBUG] evaluate_metrics_aggregation_fn called with 4 results
[DEBUG] results type: <class 'list'>
[DEBUG] First result type: <class 'tuple'>
[DEBUG] First result length: 2
[DEBUG] results[0][0] type: <class 'int'>
[DEBUG] results[0][1] type: <class 'flwr.app.message.configrecord.ConfigRecord'>
[DEBUG _get_metrics] res_item[1] type: ConfigRecord
[DEBUG _get_metrics] res_item[1] has metrics attr: False
[DEBUG _get_metrics] res_item[1].__dict__: {'_check_key_fn': <function _check_key at 0x7e977efc8900>, '_check_value_fn': <function _check_value at 0x7e97747b89a0>, '_data': {'accuracy': 0.903754472732544, 'loss': 0.03173033520579338, 'total_samples': 140100, 'actual_attack': 35544, 'actual_normal': 104556, 'predicted_attack': 22070, 'predicted_normal': 118030, 'true_positives': 22065, 'true_negatives': 104551, 'false_positives': 5, 'false_negatives': 13479, 'precision': 0.9997734481196194, 'recall': 0.6207798784604996, 'f1_score': 0.7659596625820112}}
[DEBUG _get_metrics] res_item[1].keys(): ['accuracy', 'loss', 'total_samples', 'actual_attack', 'actual_normal', 'predicted_attack', 'predicted_normal', 'true_positives', 'true_negatives', 'false_positives', 'false_negatives', 'precision', 'recall', 'f1_score']
[DEBUG _get_metrics] Extracted from ConfigRecord._data
[DEBUG _get_metrics] res_item[1] type: ConfigRecord
[DEBUG _get_metrics] res_item[1] has metrics attr: False
[DEBUG _get_metrics] res_item[1].__dict__: {'_check_key_fn': <function _check_key at 0x7e977efc8900>, '_check_value_fn': <function _check_value at 0x7e97747b89a0>, '_data': {'accuracy': 0.9479727745056152, 'loss': 0.028224216774106026, 'total_samples': 206565, 'actual_attack': 28614, 'actual_normal': 177951, 'predicted_attack': 17879, 'predicted_normal': 188686, 'true_positives': 17873, 'true_negatives': 177945, 'false_positives': 6, 'false_negatives': 10741, 'precision': 0.9996644107612283, 'recall': 0.6246243097784301, 'f1_score': 0.7688469231927386}}
[DEBUG _get_metrics] res_item[1].keys(): ['accuracy', 'loss', 'total_samples', 'actual_attack', 'actual_normal', 'predicted_attack', 'predicted_normal', 'true_positives', 'true_negatives', 'false_positives', 'false_negatives', 'precision', 'recall', 'f1_score']
[DEBUG _get_metrics] Extracted from ConfigRecord._data
[DEBUG _get_metrics] res_item[1] type: ConfigRecord
[DEBUG _get_metrics] res_item[1] has metrics attr: False
[DEBUG _get_metrics] res_item[1].__dict__: {'_check_key_fn': <function _check_key at 0x7e977efc8900>, '_check_value_fn': <function _check_value at 0x7e97747b89a0>, '_data': {'accuracy': 0.6222302913665771, 'loss': 0.053922731429338455, 'total_samples': 16563, 'actual_attack': 16559, 'actual_normal': 4, 'predicted_attack': 10302, 'predicted_normal': 6261, 'true_positives': 10302, 'true_negatives': 4, 'false_positives': 0, 'false_negatives': 6257, 'precision': 1.0, 'recall': 0.622139018056646, 'f1_score': 0.7670600498864525}}
[DEBUG _get_metrics] res_item[1].keys(): ['accuracy', 'loss', 'total_samples', 'actual_attack', 'actual_normal', 'predicted_attack', 'predicted_normal', 'true_positives', 'true_negatives', 'false_positives', 'false_negatives', 'precision', 'recall', 'f1_score']
[DEBUG _get_metrics] Extracted from ConfigRecord._data
[DEBUG _get_metrics] res_item[1] type: ConfigRecord
[DEBUG _get_metrics] res_item[1] has metrics attr: False
[DEBUG _get_metrics] res_item[1].__dict__: {'_check_key_fn': <function _check_key at 0x7e977efc8900>, '_check_value_fn': <function _check_value at 0x7e97747b89a0>, '_data': {'accuracy': 0.987452507019043, 'loss': 0.025117777287960052, 'total_samples': 136681, 'actual_attack': 4456, 'actual_normal': 132225, 'predicted_attack': 2747, 'predicted_normal': 133934, 'true_positives': 2744, 'true_negatives': 132222, 'false_positives': 3, 'false_negatives': 1712, 'precision': 0.9989078995267565, 'recall': 0.6157989228007181, 'f1_score': 0.761904761904762}}
[DEBUG _get_metrics] res_item[1].keys(): ['accuracy', 'loss', 'total_samples', 'actual_attack', 'actual_normal', 'predicted_attack', 'predicted_normal', 'true_positives', 'true_negatives', 'false_positives', 'false_negatives', 'precision', 'recall', 'f1_score']
[DEBUG _get_metrics] Extracted from ConfigRecord._data
[DEBUG] Extracted 4 metrics from results

[Evaluation Summary]
============================================================
Round: 4 / 60
Accuracy (mean):  0.8654  (86.54%)
Loss:             0.0347
[Per-Device Accuracy]
  - Device 0:  0.9038  (90.38%)
  - Device 1:  0.9480  (94.80%)
  - Device 2:  0.6222  (62.22%)
  - Device 3:  0.9875  (98.75%)

[Ground Truth]
  - Attack samples: 35544
  - Normal samples: 104556
  - Total samples:  140100

[Predictions]
  - Predicted Attack:  22070
  - Predicted Normal:  118030

[Confusion Matrix]
  - True Positives (TP):  22065
  - True Negatives (TN):  104551
  - False Positives (FP): 5
  - False Negatives (FN): 13479

[Metrics]
  - Precision:  0.9996  (99.96%)
  - Recall:     0.6208  (62.08%)
  - F1-Score:   0.7659  (76.59%)
============================================================

[36m(ClientAppActor pid=348353)[0m [Client 1] Class weights (smoothed): {0: 1.0961313930322947, 1: 0.9038686069677053}[32m [repeated 4x across cluster][0m
[Round 5] Client contributions:
  Client samples: 727,504 (weight: 0.2669)
  Client samples: 9,373 (weight: 0.0034)
  Client samples: 1,981,913 (weight: 0.7272)
  Client samples: 6,730 (weight: 0.0025)
[36m(ClientAppActor pid=348353)[0m [Client 1] Class weights (smoothed): {0: 1.0961313930322947, 1: 0.9038686069677053}[32m [repeated 4x across cluster][0m
[DEBUG] evaluate_metrics_aggregation_fn called with 4 results
[DEBUG] results type: <class 'list'>
[DEBUG] First result type: <class 'tuple'>
[DEBUG] First result length: 2
[DEBUG] results[0][0] type: <class 'int'>
[DEBUG] results[0][1] type: <class 'flwr.app.message.configrecord.ConfigRecord'>
[DEBUG _get_metrics] res_item[1] type: ConfigRecord
[DEBUG _get_metrics] res_item[1] has metrics attr: False
[DEBUG _get_metrics] res_item[1].__dict__: {'_check_key_fn': <function _check_key at 0x7e977efc8900>, '_check_value_fn': <function _check_value at 0x7e97747b89a0>, '_data': {'accuracy': 0.6788021326065063, 'loss': 0.05004192888736725, 'total_samples': 16563, 'actual_attack': 16559, 'actual_normal': 4, 'predicted_attack': 11239, 'predicted_normal': 5324, 'true_positives': 11239, 'true_negatives': 4, 'false_positives': 0, 'false_negatives': 5320, 'precision': 1.0, 'recall': 0.6787245606618757, 'f1_score': 0.8086193251313044}}[92mINFO [0m:      
[92mINFO [0m:      [ROUND 6]
[92mINFO [0m:      configure_fit: strategy sampled 4 clients (out of 4)
[92mINFO [0m:      aggregate_fit: received 4 results and 0 failures
[92mINFO [0m:      configure_evaluate: strategy sampled 4 clients (out of 4)
[92mINFO [0m:      aggregate_evaluate: received 4 results and 0 failures

[DEBUG _get_metrics] res_item[1].keys(): ['accuracy', 'loss', 'total_samples', 'actual_attack', 'actual_normal', 'predicted_attack', 'predicted_normal', 'true_positives', 'true_negatives', 'false_positives', 'false_negatives', 'precision', 'recall', 'f1_score']
[DEBUG _get_metrics] Extracted from ConfigRecord._data
[DEBUG _get_metrics] res_item[1] type: ConfigRecord
[DEBUG _get_metrics] res_item[1] has metrics attr: False
[DEBUG _get_metrics] res_item[1].__dict__: {'_check_key_fn': <function _check_key at 0x7e977efc8900>, '_check_value_fn': <function _check_value at 0x7e97747b89a0>, '_data': {'accuracy': 0.9557040333747864, 'loss': 0.02197992242872715, 'total_samples': 206565, 'actual_attack': 28614, 'actual_normal': 177951, 'predicted_attack': 19482, 'predicted_normal': 187083, 'true_positives': 19473, 'true_negatives': 177942, 'false_positives': 9, 'false_negatives': 9141, 'precision': 0.9995380351093317, 'recall': 0.6805409939190606, 'f1_score': 0.8097554890219562}}
[DEBUG _get_metrics] res_item[1].keys(): ['accuracy', 'loss', 'total_samples', 'actual_attack', 'actual_normal', 'predicted_attack', 'predicted_normal', 'true_positives', 'true_negatives', 'false_positives', 'false_negatives', 'precision', 'recall', 'f1_score']
[DEBUG _get_metrics] Extracted from ConfigRecord._data
[DEBUG _get_metrics] res_item[1] type: ConfigRecord
[DEBUG _get_metrics] res_item[1] has metrics attr: False
[DEBUG _get_metrics] res_item[1].__dict__: {'_check_key_fn': <function _check_key at 0x7e977efc8900>, '_check_value_fn': <function _check_value at 0x7e97747b89a0>, '_data': {'accuracy': 0.9185296297073364, 'loss': 0.025795063003897667, 'total_samples': 140100, 'actual_attack': 35544, 'actual_normal': 104556, 'predicted_attack': 24138, 'predicted_normal': 115962, 'true_positives': 24134, 'true_negatives': 104552, 'false_positives': 4, 'false_negatives': 11410, 'precision': 0.9998342861877537, 'recall': 0.6789894215620077, 'f1_score': 0.8087530578733957}}
[DEBUG _get_metrics] res_item[1].keys(): ['accuracy', 'loss', 'total_samples', 'actual_attack', 'actual_normal', 'predicted_attack', 'predicted_normal', 'true_positives', 'true_negatives', 'false_positives', 'false_negatives', 'precision', 'recall', 'f1_score']
[DEBUG _get_metrics] Extracted from ConfigRecord._data
[DEBUG _get_metrics] res_item[1] type: ConfigRecord
[DEBUG _get_metrics] res_item[1] has metrics attr: False
[DEBUG _get_metrics] res_item[1].__dict__: {'_check_key_fn': <function _check_key at 0x7e977efc8900>, '_check_value_fn': <function _check_value at 0x7e97747b89a0>, '_data': {'accuracy': 0.9893547892570496, 'loss': 0.018598301336169243, 'total_samples': 136681, 'actual_attack': 4456, 'actual_normal': 132225, 'predicted_attack': 3007, 'predicted_normal': 133674, 'true_positives': 3004, 'true_negatives': 132222, 'false_positives': 3, 'false_negatives': 1452, 'precision': 0.9990023279015631, 'recall': 0.6741472172351886, 'f1_score': 0.8050381883960874}}
[DEBUG _get_metrics] res_item[1].keys(): ['accuracy', 'loss', 'total_samples', 'actual_attack', 'actual_normal', 'predicted_attack', 'predicted_normal', 'true_positives', 'true_negatives', 'false_positives', 'false_negatives', 'precision', 'recall', 'f1_score']
[DEBUG _get_metrics] Extracted from ConfigRecord._data
[DEBUG] Extracted 4 metrics from results

[Evaluation Summary]
============================================================
Round: 5 / 60
Accuracy (mean):  0.8856  (88.56%)
Loss:             0.0291
[Per-Device Accuracy]
  - Device 0:  0.6788  (67.88%)
  - Device 1:  0.9557  (95.57%)
  - Device 2:  0.9185  (91.85%)
  - Device 3:  0.9894  (98.94%)

[Ground Truth]
  - Attack samples: 16559
  - Normal samples: 4
  - Total samples:  16563

[Predictions]
  - Predicted Attack:  11239
  - Predicted Normal:  5324

[Confusion Matrix]
  - True Positives (TP):  11239
  - True Negatives (TN):  4
  - False Positives (FP): 0
  - False Negatives (FN): 5320

[Metrics]
  - Precision:  0.9996  (99.96%)
  - Recall:     0.6781  (67.81%)
  - F1-Score:   0.8080  (80.80%)
============================================================

[36m(ClientAppActor pid=348353)[0m [Client 1] Class weights (smoothed): {0: 1.0961313930322947, 1: 0.9038686069677053}[32m [repeated 4x across cluster][0m
[36m(ClientAppActor pid=348353)[0m [Client 1] Class weights (smoothed): {0: 1.0961313930322947, 1: 0.9038686069677053}[32m [repeated 4x across cluster][0m
[DEBUG] evaluate_metrics_aggregation_fn called with 4 results
[DEBUG] results type: <class 'list'>
[DEBUG] First result type: <class 'tuple'>
[DEBUG] First result length: 2
[DEBUG] results[0][0] type: <class 'int'>
[DEBUG] results[0][1] type: <class 'flwr.app.message.configrecord.ConfigRecord'>
[DEBUG _get_metrics] res_item[1] type: ConfigRecord
[DEBUG _get_metrics] res_item[1] has metrics attr: False
[DEBUG _get_metrics] res_item[1].__dict__: {'_check_key_fn': <function _check_key at 0x7e977efc8900>, '_check_value_fn': <function _check_value at 0x7e97747b89a0>, '_data': {'accuracy': 0.9898449778556824, 'loss': 0.016411645337939262, 'total_samples': 136681, 'actual_attack': 4456, 'actual_normal': 132225, 'predicted_attack': 3148, 'predicted_normal': 133533, 'true_positives': 3108, 'true_negatives': 132185, 'false_positives': 40, 'false_negatives': 1348, 'precision': 0.9872935196950444, 'recall': 0.6974865350089766, 'f1_score': 0.8174644923724356}}
[DEBUG _get_metrics] res_item[1].keys(): ['accuracy', 'loss', 'total_samples', 'actual_attack', 'actual_normal', 'predicted_attack', 'predicted_normal', 'true_positives', 'true_negatives', 'false_positives', 'false_negatives', 'precision', 'recall', 'f1_score']
[DEBUG _get_metrics] Extracted from ConfigRecord._data
[DEBUG _get_metrics] res_item[1] type: ConfigRecord
[DEBUG _get_metrics] res_item[1] has metrics attr: False
[DEBUG _get_metrics] res_item[1].__dict__: {'_check_key_fn': <function _check_key at 0x7e977efc8900>, '_check_value_fn': <function _check_value at 0x7e97747b89a0>, '_data': {'accuracy': 0.7008392214775085, 'loss': 0.047423847019672394, 'total_samples': 16563, 'actual_attack': 16559, 'actual_normal': 4, 'predicted_attack': 11604, 'predicted_normal': 4959, 'true_positives': 11604, 'true_negatives': 4, 'false_positives': 0, 'false_negatives': 4955, 'precision': 1.0, 'recall': 0.7007669545262395, 'f1_score': 0.824059936796506}}
[DEBUG _get_metrics] res_item[1].keys(): ['accuracy', 'loss', 'total_samples', 'actual_attack', 'actual_normal', 'predicted_attack', 'predicted_normal', 'true_positives', 'true_negatives', 'false_positives', 'false_negatives', 'precision', 'recall', 'f1_score']
[DEBUG _get_metrics] Extracted from ConfigRecord._data
[DEBUG _get_metrics] res_item[1] type: ConfigRecord
[DEBUG _get_metrics] res_item[1] has metrics attr: False
[DEBUG _get_metrics] res_item[1].__dict__: {'_check_key_fn': <function _check_key at 0x7e977efc8900>, '_check_value_fn': <function _check_value at 0x7e97747b89a0>, '_data': {'accuracy': 0.9237544536590576, 'loss': 0.023496834561228752, 'total_samples': 140100, 'actual_attack': 35544, 'actual_normal': 104556, 'predicted_attack': 24918, 'predicted_normal': 115182, 'true_positives': 24890, 'true_negatives': 104528, 'false_positives': 28, 'false_negatives': 10654, 'precision': 0.9988763143109399, 'recall': 0.7002588341210894, 'f1_score': 0.8233270483940326}}
[DEBUG _get_metrics] res_item[1].keys(): ['accuracy', 'loss', 'total_samples', 'actual_attack', 'actual_normal', 'predicted_attack', 'predicted_normal', 'true_positives', 'true_negatives', 'false_positives', 'false_negatives', 'precision', 'recall', 'f1_score']
[DEBUG _get_metrics] Extracted from ConfigRecord._data
[DEBUG _get_metrics] res_item[1] type: ConfigRecord
[DEBUG _get_metrics] res_item[1] has metrics attr: False
[DEBUG _get_metrics] res_item[1].__dict__: {'_check_key_fn': <function _check_key at 0x7e977efc8900>, '_check_value_fn': <function _check_value at 0x7e97747b89a0>, '_data': {'accuracy': 0.9589136838912964, 'loss': 0.01973274163901806, 'total_samples': 206565, 'actual_attack': 28614, 'actual_normal': 177951, 'predicted_attack': 20245, 'predicted_normal': 186320, 'true_positives': 20186, 'true_negatives': 177892, 'false_positives': 59, 'false_negatives': 8428, 'precision': 0.9970857001728822, 'recall': 0.705458866289229, 'f1_score': 0.8262960764649296}}[92mINFO [0m:      
[92mINFO [0m:      [ROUND 7]
[92mINFO [0m:      configure_fit: strategy sampled 4 clients (out of 4)
[92mINFO [0m:      aggregate_fit: received 4 results and 0 failures
[92mINFO [0m:      configure_evaluate: strategy sampled 4 clients (out of 4)
[92mINFO [0m:      aggregate_evaluate: received 4 results and 0 failures
[92mINFO [0m:      
[92mINFO [0m:      [ROUND 8]
[92mINFO [0m:      configure_fit: strategy sampled 4 clients (out of 4)
[92mINFO [0m:      aggregate_fit: received 4 results and 0 failures
[92mINFO [0m:      configure_evaluate: strategy sampled 4 clients (out of 4)
[92mINFO [0m:      aggregate_evaluate: received 4 results and 0 failures

[DEBUG _get_metrics] res_item[1].keys(): ['accuracy', 'loss', 'total_samples', 'actual_attack', 'actual_normal', 'predicted_attack', 'predicted_normal', 'true_positives', 'true_negatives', 'false_positives', 'false_negatives', 'precision', 'recall', 'f1_score']
[DEBUG _get_metrics] Extracted from ConfigRecord._data
[DEBUG] Extracted 4 metrics from results

[Evaluation Summary]
============================================================
Round: 6 / 60
Accuracy (mean):  0.8933  (89.33%)
Loss:             0.0268
[Per-Device Accuracy]
  - Device 0:  0.9898  (98.98%)
  - Device 1:  0.7008  (70.08%)
  - Device 2:  0.9238  (92.38%)
  - Device 3:  0.9589  (95.89%)

[Ground Truth]
  - Attack samples: 4456
  - Normal samples: 132225
  - Total samples:  136681

[Predictions]
  - Predicted Attack:  3148
  - Predicted Normal:  133533

[Confusion Matrix]
  - True Positives (TP):  3108
  - True Negatives (TN):  132185
  - False Positives (FP): 40
  - False Negatives (FN): 1348

[Metrics]
  - Precision:  0.9958  (99.58%)
  - Recall:     0.7010  (70.10%)
  - F1-Score:   0.8228  (82.28%)
============================================================

[36m(ClientAppActor pid=348353)[0m [Client 1] Class weights (smoothed): {0: 1.0961313930322947, 1: 0.9038686069677053}[32m [repeated 4x across cluster][0m
[36m(ClientAppActor pid=348353)[0m [Client 1] Class weights (smoothed): {0: 1.0961313930322947, 1: 0.9038686069677053}[32m [repeated 4x across cluster][0m
[DEBUG] evaluate_metrics_aggregation_fn called with 4 results
[DEBUG] results type: <class 'list'>
[DEBUG] First result type: <class 'tuple'>
[DEBUG] First result length: 2
[DEBUG] results[0][0] type: <class 'int'>
[DEBUG] results[0][1] type: <class 'flwr.app.message.configrecord.ConfigRecord'>
[DEBUG _get_metrics] res_item[1] type: ConfigRecord
[DEBUG _get_metrics] res_item[1] has metrics attr: False
[DEBUG _get_metrics] res_item[1].__dict__: {'_check_key_fn': <function _check_key at 0x7e977efc8900>, '_check_value_fn': <function _check_value at 0x7e97747b89a0>, '_data': {'accuracy': 0.9188722372055054, 'loss': 0.021877512335777283, 'total_samples': 140100, 'actual_attack': 35544, 'actual_normal': 104556, 'predicted_attack': 24244, 'predicted_normal': 115856, 'true_positives': 24211, 'true_negatives': 104523, 'false_positives': 33, 'false_negatives': 11333, 'precision': 0.9986388384754991, 'recall': 0.6811557506189512, 'f1_score': 0.8098949621997724}}
[DEBUG _get_metrics] res_item[1].keys(): ['accuracy', 'loss', 'total_samples', 'actual_attack', 'actual_normal', 'predicted_attack', 'predicted_normal', 'true_positives', 'true_negatives', 'false_positives', 'false_negatives', 'precision', 'recall', 'f1_score']
[DEBUG _get_metrics] Extracted from ConfigRecord._data
[DEBUG _get_metrics] res_item[1] type: ConfigRecord
[DEBUG _get_metrics] res_item[1] has metrics attr: False
[DEBUG _get_metrics] res_item[1].__dict__: {'_check_key_fn': <function _check_key at 0x7e977efc8900>, '_check_value_fn': <function _check_value at 0x7e97747b89a0>, '_data': {'accuracy': 0.6807945370674133, 'loss': 0.04746856167912483, 'total_samples': 16563, 'actual_attack': 16559, 'actual_normal': 4, 'predicted_attack': 11272, 'predicted_normal': 5291, 'true_positives': 11272, 'true_negatives': 4, 'false_positives': 0, 'false_negatives': 5287, 'precision': 1.0, 'recall': 0.680717434627695, 'f1_score': 0.8100319787287558}}
[DEBUG _get_metrics] res_item[1].keys(): ['accuracy', 'loss', 'total_samples', 'actual_attack', 'actual_normal', 'predicted_attack', 'predicted_normal', 'true_positives', 'true_negatives', 'false_positives', 'false_negatives', 'precision', 'recall', 'f1_score']
[DEBUG _get_metrics] Extracted from ConfigRecord._data
[DEBUG _get_metrics] res_item[1] type: ConfigRecord
[DEBUG _get_metrics] res_item[1] has metrics attr: False
[DEBUG _get_metrics] res_item[1].__dict__: {'_check_key_fn': <function _check_key at 0x7e977efc8900>, '_check_value_fn': <function _check_value at 0x7e97747b89a0>, '_data': {'accuracy': 0.9562752842903137, 'loss': 0.01785963587462902, 'total_samples': 206565, 'actual_attack': 28614, 'actual_normal': 177951, 'predicted_attack': 19716, 'predicted_normal': 186849, 'true_positives': 19649, 'true_negatives': 177884, 'false_positives': 67, 'false_negatives': 8965, 'precision': 0.9966017447758166, 'recall': 0.68669182917453, 'f1_score': 0.8131181460790399}}
[DEBUG _get_metrics] res_item[1].keys(): ['accuracy', 'loss', 'total_samples', 'actual_attack', 'actual_normal', 'predicted_attack', 'predicted_normal', 'true_positives', 'true_negatives', 'false_positives', 'false_negatives', 'precision', 'recall', 'f1_score']
[DEBUG _get_metrics] Extracted from ConfigRecord._data
[DEBUG _get_metrics] res_item[1] type: ConfigRecord
[DEBUG _get_metrics] res_item[1] has metrics attr: False
[DEBUG _get_metrics] res_item[1].__dict__: {'_check_key_fn': <function _check_key at 0x7e977efc8900>, '_check_value_fn': <function _check_value at 0x7e97747b89a0>, '_data': {'accuracy': 0.9891352653503418, 'loss': 0.014304699376225471, 'total_samples': 136681, 'actual_attack': 4456, 'actual_normal': 132225, 'predicted_attack': 3053, 'predicted_normal': 133628, 'true_positives': 3012, 'true_negatives': 132184, 'false_positives': 41, 'false_negatives': 1444, 'precision': 0.986570586308549, 'recall': 0.6759425493716338, 'f1_score': 0.802237315221734}}
[DEBUG _get_metrics] res_item[1].keys(): ['accuracy', 'loss', 'total_samples', 'actual_attack', 'actual_normal', 'predicted_attack', 'predicted_normal', 'true_positives', 'true_negatives', 'false_positives', 'false_negatives', 'precision', 'recall', 'f1_score']
[DEBUG _get_metrics] Extracted from ConfigRecord._data
[DEBUG] Extracted 4 metrics from results

[Evaluation Summary]
============================================================
Round: 7 / 60
Accuracy (mean):  0.8863  (88.63%)
Loss:             0.0254
[Per-Device Accuracy]
  - Device 0:  0.9189  (91.89%)
  - Device 1:  0.6808  (68.08%)
  - Device 2:  0.9563  (95.63%)
  - Device 3:  0.9891  (98.91%)

[Ground Truth]
  - Attack samples: 35544
  - Normal samples: 104556
  - Total samples:  140100

[Predictions]
  - Predicted Attack:  24244
  - Predicted Normal:  115856

[Confusion Matrix]
  - True Positives (TP):  24211
  - True Negatives (TN):  104523
  - False Positives (FP): 33
  - False Negatives (FN): 11333

[Metrics]
  - Precision:  0.9955  (99.55%)
  - Recall:     0.6811  (68.11%)
  - F1-Score:   0.8088  (80.88%)
============================================================

[36m(ClientAppActor pid=348353)[0m [Client 1] Class weights (smoothed): {0: 1.0961313930322947, 1: 0.9038686069677053}[32m [repeated 4x across cluster][0m
[36m(ClientAppActor pid=348353)[0m [Client 1] Class weights (smoothed): {0: 1.0961313930322947, 1: 0.9038686069677053}[32m [repeated 4x across cluster][0m
[DEBUG] evaluate_metrics_aggregation_fn called with 4 results
[DEBUG] results type: <class 'list'>
[DEBUG] First result type: <class 'tuple'>
[DEBUG] First result length: 2
[DEBUG] results[0][0] type: <class 'int'>
[DEBUG] results[0][1] type: <class 'flwr.app.message.configrecord.ConfigRecord'>
[DEBUG _get_metrics] res_item[1] type: ConfigRecord
[DEBUG _get_metrics] res_item[1] has metrics attr: False
[DEBUG _get_metrics] res_item[1].__dict__: {'_check_key_fn': <function _check_key at 0x7e977efc8900>, '_check_value_fn': <function _check_value at 0x7e97747b89a0>, '_data': {'accuracy': 0.9229835867881775, 'loss': 0.01909487694501877, 'total_samples': 140100, 'actual_attack': 35544, 'actual_normal': 104556, 'predicted_attack': 25064, 'predicted_normal': 115036, 'true_positives': 24909, 'true_negatives': 104401, 'false_positives': 155, 'false_negatives': 10635, 'precision': 0.9938158314714332, 'recall': 0.700793382849426, 'f1_score': 0.821970696937698}}
[DEBUG _get_metrics] res_item[1].keys(): ['accuracy', 'loss', 'total_samples', 'actual_attack', 'actual_normal', 'predicted_attack', 'predicted_normal', 'true_positives', 'true_negatives', 'false_positives', 'false_negatives', 'precision', 'recall', 'f1_score']
[DEBUG _get_metrics] Extracted from ConfigRecord._data
[DEBUG _get_metrics] res_item[1] type: ConfigRecord
[DEBUG _get_metrics] res_item[1] has metrics attr: False[92mINFO [0m:      
[92mINFO [0m:      [ROUND 9]
[92mINFO [0m:      configure_fit: strategy sampled 4 clients (out of 4)
[92mINFO [0m:      aggregate_fit: received 4 results and 0 failures
[92mINFO [0m:      configure_evaluate: strategy sampled 4 clients (out of 4)
[92mINFO [0m:      aggregate_evaluate: received 4 results and 0 failures

[DEBUG _get_metrics] res_item[1].__dict__: {'_check_key_fn': <function _check_key at 0x7e977efc8900>, '_check_value_fn': <function _check_value at 0x7e97747b89a0>, '_data': {'accuracy': 0.7011411190032959, 'loss': 0.041131503880023956, 'total_samples': 16563, 'actual_attack': 16559, 'actual_normal': 4, 'predicted_attack': 11609, 'predicted_normal': 4954, 'true_positives': 11609, 'true_negatives': 4, 'false_positives': 0, 'false_negatives': 4950, 'precision': 1.0, 'recall': 0.7010689051271212, 'f1_score': 0.8242686736722522}}
[DEBUG _get_metrics] res_item[1].keys(): ['accuracy', 'loss', 'total_samples', 'actual_attack', 'actual_normal', 'predicted_attack', 'predicted_normal', 'true_positives', 'true_negatives', 'false_positives', 'false_negatives', 'precision', 'recall', 'f1_score']
[DEBUG _get_metrics] Extracted from ConfigRecord._data
[DEBUG _get_metrics] res_item[1] type: ConfigRecord
[DEBUG _get_metrics] res_item[1] has metrics attr: False
[DEBUG _get_metrics] res_item[1].__dict__: {'_check_key_fn': <function _check_key at 0x7e977efc8900>, '_check_value_fn': <function _check_value at 0x7e97747b89a0>, '_data': {'accuracy': 0.957446813583374, 'loss': 0.015625055879354477, 'total_samples': 206565, 'actual_attack': 28614, 'actual_normal': 177951, 'predicted_attack': 20458, 'predicted_normal': 186107, 'true_positives': 20141, 'true_negatives': 177634, 'false_positives': 317, 'false_negatives': 8473, 'precision': 0.9845048391827158, 'recall': 0.7038862095477738, 'f1_score': 0.8208754483208347}}
[DEBUG _get_metrics] res_item[1].keys(): ['accuracy', 'loss', 'total_samples', 'actual_attack', 'actual_normal', 'predicted_attack', 'predicted_normal', 'true_positives', 'true_negatives', 'false_positives', 'false_negatives', 'precision', 'recall', 'f1_score']
[DEBUG _get_metrics] Extracted from ConfigRecord._data
[DEBUG _get_metrics] res_item[1] type: ConfigRecord
[DEBUG _get_metrics] res_item[1] has metrics attr: False
[DEBUG _get_metrics] res_item[1].__dict__: {'_check_key_fn': <function _check_key at 0x7e977efc8900>, '_check_value_fn': <function _check_value at 0x7e97747b89a0>, '_data': {'accuracy': 0.9886085391044617, 'loss': 0.012577671557664871, 'total_samples': 136681, 'actual_attack': 4456, 'actual_normal': 132225, 'predicted_attack': 3289, 'predicted_normal': 133392, 'true_positives': 3094, 'true_negatives': 132030, 'false_positives': 195, 'false_negatives': 1362, 'precision': 0.9407114624505929, 'recall': 0.6943447037701975, 'f1_score': 0.7989670755326017}}
[DEBUG _get_metrics] res_item[1].keys(): ['accuracy', 'loss', 'total_samples', 'actual_attack', 'actual_normal', 'predicted_attack', 'predicted_normal', 'true_positives', 'true_negatives', 'false_positives', 'false_negatives', 'precision', 'recall', 'f1_score']
[DEBUG _get_metrics] Extracted from ConfigRecord._data
[DEBUG] Extracted 4 metrics from results

[Evaluation Summary]
============================================================
Round: 8 / 60
Accuracy (mean):  0.8925  (89.25%)
Loss:             0.0221
[Per-Device Accuracy]
  - Device 0:  0.9230  (92.30%)
  - Device 1:  0.7011  (70.11%)
  - Device 2:  0.9574  (95.74%)
  - Device 3:  0.9886  (98.86%)

[Ground Truth]
  - Attack samples: 35544
  - Normal samples: 104556
  - Total samples:  140100

[Predictions]
  - Predicted Attack:  25064
  - Predicted Normal:  115036

[Confusion Matrix]
  - True Positives (TP):  24909
  - True Negatives (TN):  104401
  - False Positives (FP): 155
  - False Negatives (FN): 10635

[Metrics]
  - Precision:  0.9798  (97.98%)
  - Recall:     0.7000  (70.00%)
  - F1-Score:   0.8165  (81.65%)
============================================================

[36m(ClientAppActor pid=348353)[0m [Client 1] Class weights (smoothed): {0: 1.0961313930322947, 1: 0.9038686069677053}[32m [repeated 4x across cluster][0m
[36m(ClientAppActor pid=348356)[0m [Client 3] Class weights (smoothed): {0: 0.733688617397354, 1: 1.266311382602646}[32m [repeated 4x across cluster][0m
[DEBUG] evaluate_metrics_aggregation_fn called with 4 results
[DEBUG] results type: <class 'list'>
[DEBUG] First result type: <class 'tuple'>
[DEBUG] First result length: 2
[DEBUG] results[0][0] type: <class 'int'>
[DEBUG] results[0][1] type: <class 'flwr.app.message.configrecord.ConfigRecord'>
[DEBUG _get_metrics] res_item[1] type: ConfigRecord
[DEBUG _get_metrics] res_item[1] has metrics attr: False
[DEBUG _get_metrics] res_item[1].__dict__: {'_check_key_fn': <function _check_key at 0x7e977efc8900>, '_check_value_fn': <function _check_value at 0x7e97747b89a0>, '_data': {'accuracy': 0.9900717735290527, 'loss': 0.01116737350821495, 'total_samples': 136681, 'actual_attack': 4456, 'actual_normal': 132225, 'predicted_attack': 3779, 'predicted_normal': 132902, 'true_positives': 3439, 'true_negatives': 131885, 'false_positives': 340, 'false_negatives': 1017, 'precision': 0.9100291082296904, 'recall': 0.7717684021543986, 'f1_score': 0.8352155434122648}}
[DEBUG _get_metrics] res_item[1].keys(): ['accuracy', 'loss', 'total_samples', 'actual_attack', 'actual_normal', 'predicted_attack', 'predicted_normal', 'true_positives', 'true_negatives', 'false_positives', 'false_negatives', 'precision', 'recall', 'f1_score']
[DEBUG _get_metrics] Extracted from ConfigRecord._data
[DEBUG _get_metrics] res_item[1] type: ConfigRecord
[DEBUG _get_metrics] res_item[1] has metrics attr: False
[DEBUG _get_metrics] res_item[1].__dict__: {'_check_key_fn': <function _check_key at 0x7e977efc8900>, '_check_value_fn': <function _check_value at 0x7e97747b89a0>, '_data': {'accuracy': 0.9673178195953369, 'loss': 0.013803854584693909, 'total_samples': 206565, 'actual_attack': 28614, 'actual_normal': 177951, 'predicted_attack': 22865, 'predicted_normal': 183700, 'true_positives': 22364, 'true_negatives': 177450, 'false_positives': 501, 'false_negatives': 6250, 'precision': 0.978088781981194, 'recall': 0.7815754525756623, 'f1_score': 0.8688591464480662}}
[DEBUG _get_metrics] res_item[1].keys(): ['accuracy', 'loss', 'total_samples', 'actual_attack', 'actual_normal', 'predicted_attack', 'predicted_normal', 'true_positives', 'true_negatives', 'false_positives', 'false_negatives', 'precision', 'recall', 'f1_score']
[DEBUG _get_metrics] Extracted from ConfigRecord._data
[DEBUG _get_metrics] res_item[1] type: ConfigRecord
[DEBUG _get_metrics] res_item[1] has metrics attr: False
[DEBUG _get_metrics] res_item[1].__dict__: {'_check_key_fn': <function _check_key at 0x7e977efc8900>, '_check_value_fn': <function _check_value at 0x7e97747b89a0>, '_data': {'accuracy': 0.7796292901039124, 'loss': 0.035977963358163834, 'total_samples': 16563, 'actual_attack': 16559, 'actual_normal': 4, 'predicted_attack': 12909, 'predicted_normal': 3654, 'true_positives': 12909, 'true_negatives': 4, 'false_positives': 0, 'false_negatives': 3650, 'precision': 1.0, 'recall': 0.7795760613563621, 'f1_score': 0.8761368263879462}}
[DEBUG _get_metrics] res_item[1].keys(): ['accuracy', 'loss', 'total_samples', 'actual_attack', 'actual_normal', 'predicted_attack', 'predicted_normal', 'true_positives', 'true_negatives', 'false_positives', 'false_negatives', 'precision', 'recall', 'f1_score']
[DEBUG _get_metrics] Extracted from ConfigRecord._data
[DEBUG _get_metrics] res_item[1] type: ConfigRecord
[DEBUG _get_metrics] res_item[1] has metrics attr: False
[DEBUG _get_metrics] res_item[1].__dict__: {'_check_key_fn': <function _check_key at 0x7e977efc8900>, '_check_value_fn': <function _check_value at 0x7e97747b89a0>, '_data': {'accuracy': 0.9418772459030151, 'loss': 0.016829412430524826, 'total_samples': 140100, 'actual_attack': 35544, 'actual_normal': 104556, 'predicted_attack': 27917, 'predicted_normal': 112183, 'true_positives': 27659, 'true_negatives': 104298, 'false_positives': 258, 'false_negatives': 7885, 'precision': 0.9907583193036501, 'recall': 0.7781622777402656, 'f1_score': 0.8716849718724886}}
[DEBUG _get_metrics] res_item[1].keys(): ['accuracy', 'loss', 'total_samples', 'actual_attack', 'actual_normal', 'predicted_attack', 'predicted_normal', 'true_positives', 'true_negatives', 'false_positives', 'false_negatives', 'precision', 'recall', 'f1_score']
[DEBUG _get_metrics] Extracted from ConfigRecord._data
[DEBUG] Extracted 4 metrics from results[92mINFO [0m:      
[92mINFO [0m:      [ROUND 10]
[92mINFO [0m:      configure_fit: strategy sampled 4 clients (out of 4)
[92mINFO [0m:      aggregate_fit: received 4 results and 0 failures
[92mINFO [0m:      configure_evaluate: strategy sampled 4 clients (out of 4)
[92mINFO [0m:      aggregate_evaluate: received 4 results and 0 failures
[92mINFO [0m:      
[92mINFO [0m:      [ROUND 11]
[92mINFO [0m:      configure_fit: strategy sampled 4 clients (out of 4)
[92mINFO [0m:      aggregate_fit: received 4 results and 0 failures
[92mINFO [0m:      configure_evaluate: strategy sampled 4 clients (out of 4)
[92mINFO [0m:      aggregate_evaluate: received 4 results and 0 failures


[Evaluation Summary]
============================================================
Round: 9 / 60
Accuracy (mean):  0.9197  (91.97%)
Loss:             0.0194
[Per-Device Accuracy]
  - Device 0:  0.9901  (99.01%)
  - Device 1:  0.9673  (96.73%)
  - Device 2:  0.7796  (77.96%)
  - Device 3:  0.9419  (94.19%)

[Ground Truth]
  - Attack samples: 4456
  - Normal samples: 132225
  - Total samples:  136681

[Predictions]
  - Predicted Attack:  3779
  - Predicted Normal:  132902

[Confusion Matrix]
  - True Positives (TP):  3439
  - True Negatives (TN):  131885
  - False Positives (FP): 340
  - False Negatives (FN): 1017

[Metrics]
  - Precision:  0.9697  (96.97%)
  - Recall:     0.7778  (77.78%)
  - F1-Score:   0.8630  (86.30%)
============================================================

[36m(ClientAppActor pid=348353)[0m [Client 1] Class weights (smoothed): {0: 1.0961313930322947, 1: 0.9038686069677053}[32m [repeated 4x across cluster][0m
[Round 10] Client contributions:
  Client samples: 1,981,913 (weight: 0.7272)
  Client samples: 6,730 (weight: 0.0025)
  Client samples: 727,504 (weight: 0.2669)
  Client samples: 9,373 (weight: 0.0034)
[36m(ClientAppActor pid=348353)[0m [Client 1] Class weights (smoothed): {0: 1.0961313930322947, 1: 0.9038686069677053}[32m [repeated 4x across cluster][0m
[DEBUG] evaluate_metrics_aggregation_fn called with 4 results
[DEBUG] results type: <class 'list'>
[DEBUG] First result type: <class 'tuple'>
[DEBUG] First result length: 2
[DEBUG] results[0][0] type: <class 'int'>
[DEBUG] results[0][1] type: <class 'flwr.app.message.configrecord.ConfigRecord'>
[DEBUG _get_metrics] res_item[1] type: ConfigRecord
[DEBUG _get_metrics] res_item[1] has metrics attr: False
[DEBUG _get_metrics] res_item[1].__dict__: {'_check_key_fn': <function _check_key at 0x7e977efc8900>, '_check_value_fn': <function _check_value at 0x7e97747b89a0>, '_data': {'accuracy': 0.9893401265144348, 'loss': 0.009976527653634548, 'total_samples': 136681, 'actual_attack': 4456, 'actual_normal': 132225, 'predicted_attack': 4269, 'predicted_normal': 132412, 'true_positives': 3634, 'true_negatives': 131590, 'false_positives': 635, 'false_negatives': 822, 'precision': 0.8512532208948231, 'recall': 0.8155296229802513, 'f1_score': 0.8330085959885387}}
[DEBUG _get_metrics] res_item[1].keys(): ['accuracy', 'loss', 'total_samples', 'actual_attack', 'actual_normal', 'predicted_attack', 'predicted_normal', 'true_positives', 'true_negatives', 'false_positives', 'false_negatives', 'precision', 'recall', 'f1_score']
[DEBUG _get_metrics] Extracted from ConfigRecord._data
[DEBUG _get_metrics] res_item[1] type: ConfigRecord
[DEBUG _get_metrics] res_item[1] has metrics attr: False
[DEBUG _get_metrics] res_item[1].__dict__: {'_check_key_fn': <function _check_key at 0x7e977efc8900>, '_check_value_fn': <function _check_value at 0x7e97747b89a0>, '_data': {'accuracy': 0.9707356095314026, 'loss': 0.01211677398532629, 'total_samples': 206565, 'actual_attack': 28614, 'actual_normal': 177951, 'predicted_attack': 24395, 'predicted_normal': 182170, 'true_positives': 23482, 'true_negatives': 177038, 'false_positives': 913, 'false_negatives': 5132, 'precision': 0.9625742980118877, 'recall': 0.8206472356189278, 'f1_score': 0.885962761040578}}
[DEBUG _get_metrics] res_item[1].keys(): ['accuracy', 'loss', 'total_samples', 'actual_attack', 'actual_normal', 'predicted_attack', 'predicted_normal', 'true_positives', 'true_negatives', 'false_positives', 'false_negatives', 'precision', 'recall', 'f1_score']
[DEBUG _get_metrics] Extracted from ConfigRecord._data
[DEBUG _get_metrics] res_item[1] type: ConfigRecord
[DEBUG _get_metrics] res_item[1] has metrics attr: False
[DEBUG _get_metrics] res_item[1].__dict__: {'_check_key_fn': <function _check_key at 0x7e977efc8900>, '_check_value_fn': <function _check_value at 0x7e97747b89a0>, '_data': {'accuracy': 0.8188130259513855, 'loss': 0.030314713716506958, 'total_samples': 16563, 'actual_attack': 16559, 'actual_normal': 4, 'predicted_attack': 13558, 'predicted_normal': 3005, 'true_positives': 13558, 'true_negatives': 4, 'false_positives': 0, 'false_negatives': 3001, 'precision': 1.0, 'recall': 0.8187692493508062, 'f1_score': 0.9003552810704917}}
[DEBUG _get_metrics] res_item[1].keys(): ['accuracy', 'loss', 'total_samples', 'actual_attack', 'actual_normal', 'predicted_attack', 'predicted_normal', 'true_positives', 'true_negatives', 'false_positives', 'false_negatives', 'precision', 'recall', 'f1_score']
[DEBUG _get_metrics] Extracted from ConfigRecord._data
[DEBUG _get_metrics] res_item[1] type: ConfigRecord
[DEBUG _get_metrics] res_item[1] has metrics attr: False
[DEBUG _get_metrics] res_item[1].__dict__: {'_check_key_fn': <function _check_key at 0x7e977efc8900>, '_check_value_fn': <function _check_value at 0x7e97747b89a0>, '_data': {'accuracy': 0.9503711462020874, 'loss': 0.014616556465625763, 'total_samples': 140100, 'actual_attack': 35544, 'actual_normal': 104556, 'predicted_attack': 29533, 'predicted_normal': 110567, 'true_positives': 29062, 'true_negatives': 104085, 'false_positives': 471, 'false_negatives': 6482, 'precision': 0.9840517387329428, 'recall': 0.817634481206392, 'f1_score': 0.8931573366934554}}
[DEBUG _get_metrics] res_item[1].keys(): ['accuracy', 'loss', 'total_samples', 'actual_attack', 'actual_normal', 'predicted_attack', 'predicted_normal', 'true_positives', 'true_negatives', 'false_positives', 'false_negatives', 'precision', 'recall', 'f1_score']
[DEBUG _get_metrics] Extracted from ConfigRecord._data
[DEBUG] Extracted 4 metrics from results

[Evaluation Summary]
============================================================
Round: 10 / 60
Accuracy (mean):  0.9323  (93.23%)
Loss:             0.0168
[Per-Device Accuracy]
  - Device 0:  0.9893  (98.93%)
  - Device 1:  0.9707  (97.07%)
  - Device 2:  0.8188  (81.88%)
  - Device 3:  0.9504  (95.04%)

[Ground Truth]
  - Attack samples: 4456
  - Normal samples: 132225
  - Total samples:  136681

[Predictions]
  - Predicted Attack:  4269
  - Predicted Normal:  132412

[Confusion Matrix]
  - True Positives (TP):  3634
  - True Negatives (TN):  131590
  - False Positives (FP): 635
  - False Negatives (FN): 822

[Metrics]
  - Precision:  0.9495  (94.95%)
  - Recall:     0.8181  (81.81%)
  - F1-Score:   0.8781  (87.81%)
============================================================

[36m(ClientAppActor pid=348353)[0m [Client 1] Class weights (smoothed): {0: 1.0961313930322947, 1: 0.9038686069677053}[32m [repeated 4x across cluster][0m
[36m(ClientAppActor pid=348353)[0m [Client 1] Class weights (smoothed): {0: 1.0961313930322947, 1: 0.9038686069677053}[32m [repeated 4x across cluster][0m
[DEBUG] evaluate_metrics_aggregation_fn called with 4 results
[DEBUG] results type: <class 'list'>
[DEBUG] First result type: <class 'tuple'>
[DEBUG] First result length: 2
[DEBUG] results[0][0] type: <class 'int'>
[DEBUG] results[0][1] type: <class 'flwr.app.message.configrecord.ConfigRecord'>
[DEBUG _get_metrics] res_item[1] type: ConfigRecord
[DEBUG _get_metrics] res_item[1] has metrics attr: False
[DEBUG _get_metrics] res_item[1].__dict__: {'_check_key_fn': <function _check_key at 0x7e977efc8900>, '_check_value_fn': <function _check_value at 0x7e97747b89a0>, '_data': {'accuracy': 0.9779779314994812, 'loss': 0.009740518406033516, 'total_samples': 136681, 'actual_attack': 4456, 'actual_normal': 132225, 'predicted_attack': 6668, 'predicted_normal': 130013, 'true_positives': 4057, 'true_negatives': 129614, 'false_positives': 2611, 'false_negatives': 399, 'precision': 0.6084283143371326, 'recall': 0.9104578096947935, 'f1_score': 0.7294138798993168}}
[DEBUG _get_metrics] res_item[1].keys(): ['accuracy', 'loss', 'total_samples', 'actual_attack', 'actual_normal', 'predicted_attack', 'predicted_normal', 'true_positives', 'true_negatives', 'false_positives', 'false_negatives', 'precision', 'recall', 'f1_score']
[DEBUG _get_metrics] Extracted from ConfigRecord._data
[DEBUG _get_metrics] res_item[1] type: ConfigRecord
[DEBUG _get_metrics] res_item[1] has metrics attr: False
[DEBUG _get_metrics] res_item[1].__dict__: {'_check_key_fn': <function _check_key at 0x7e977efc8900>, '_check_value_fn': <function _check_value at 0x7e97747b89a0>, '_data': {'accuracy': 0.9718103408813477, 'loss': 0.011329800821840763, 'total_samples': 206565, 'actual_attack': 28614, 'actual_normal': 177951, 'predicted_attack': 29715, 'predicted_normal': 176850, 'true_positives': 26253, 'true_negatives': 174489, 'false_positives': 3462, 'false_negatives': 2361, 'precision': 0.8834931852599697, 'recall': 0.9174879429649822, 'f1_score': 0.9001697268939978}}[92mINFO [0m:      
[92mINFO [0m:      [ROUND 12]
[92mINFO [0m:      configure_fit: strategy sampled 4 clients (out of 4)
[92mINFO [0m:      aggregate_fit: received 4 results and 0 failures
[92mINFO [0m:      configure_evaluate: strategy sampled 4 clients (out of 4)
[92mINFO [0m:      aggregate_evaluate: received 4 results and 0 failures

[DEBUG _get_metrics] res_item[1].keys(): ['accuracy', 'loss', 'total_samples', 'actual_attack', 'actual_normal', 'predicted_attack', 'predicted_normal', 'true_positives', 'true_negatives', 'false_positives', 'false_negatives', 'precision', 'recall', 'f1_score']
[DEBUG _get_metrics] Extracted from ConfigRecord._data
[DEBUG _get_metrics] res_item[1] type: ConfigRecord
[DEBUG _get_metrics] res_item[1] has metrics attr: False
[DEBUG _get_metrics] res_item[1].__dict__: {'_check_key_fn': <function _check_key at 0x7e977efc8900>, '_check_value_fn': <function _check_value at 0x7e97747b89a0>, '_data': {'accuracy': 0.9649322032928467, 'loss': 0.013332618400454521, 'total_samples': 140100, 'actual_attack': 35544, 'actual_normal': 104556, 'predicted_attack': 34603, 'predicted_normal': 105497, 'true_positives': 32617, 'true_negatives': 102570, 'false_positives': 1986, 'false_negatives': 2927, 'precision': 0.9426061324162645, 'recall': 0.9176513616925501, 'f1_score': 0.9299613668439135}}
[DEBUG _get_metrics] res_item[1].keys(): ['accuracy', 'loss', 'total_samples', 'actual_attack', 'actual_normal', 'predicted_attack', 'predicted_normal', 'true_positives', 'true_negatives', 'false_positives', 'false_negatives', 'precision', 'recall', 'f1_score']
[DEBUG _get_metrics] Extracted from ConfigRecord._data
[DEBUG _get_metrics] res_item[1] type: ConfigRecord
[DEBUG _get_metrics] res_item[1] has metrics attr: False
[DEBUG _get_metrics] res_item[1].__dict__: {'_check_key_fn': <function _check_key at 0x7e977efc8900>, '_check_value_fn': <function _check_value at 0x7e97747b89a0>, '_data': {'accuracy': 0.9187949299812317, 'loss': 0.025319963693618774, 'total_samples': 16563, 'actual_attack': 16559, 'actual_normal': 4, 'predicted_attack': 15214, 'predicted_normal': 1349, 'true_positives': 15214, 'true_negatives': 4, 'false_positives': 0, 'false_negatives': 1345, 'precision': 1.0, 'recall': 0.9187752883628238, 'f1_score': 0.957668460642684}}
[DEBUG _get_metrics] res_item[1].keys(): ['accuracy', 'loss', 'total_samples', 'actual_attack', 'actual_normal', 'predicted_attack', 'predicted_normal', 'true_positives', 'true_negatives', 'false_positives', 'false_negatives', 'precision', 'recall', 'f1_score']
[DEBUG _get_metrics] Extracted from ConfigRecord._data
[DEBUG] Extracted 4 metrics from results

[Evaluation Summary]
============================================================
Round: 11 / 60
Accuracy (mean):  0.9584  (95.84%)
Loss:             0.0149
[Per-Device Accuracy]
  - Device 0:  0.9780  (97.80%)
  - Device 1:  0.9718  (97.18%)
  - Device 2:  0.9649  (96.49%)
  - Device 3:  0.9188  (91.88%)

[Ground Truth]
  - Attack samples: 4456
  - Normal samples: 132225
  - Total samples:  136681

[Predictions]
  - Predicted Attack:  6668
  - Predicted Normal:  130013

[Confusion Matrix]
  - True Positives (TP):  4057
  - True Negatives (TN):  129614
  - False Positives (FP): 2611
  - False Negatives (FN): 399

[Metrics]
  - Precision:  0.8586  (85.86%)
  - Recall:     0.9161  (91.61%)
  - F1-Score:   0.8793  (87.93%)
============================================================

[36m(ClientAppActor pid=348353)[0m [Client 1] Class weights (smoothed): {0: 1.0961313930322947, 1: 0.9038686069677053}[32m [repeated 4x across cluster][0m
[36m(ClientAppActor pid=348353)[0m [Client 1] Class weights (smoothed): {0: 1.0961313930322947, 1: 0.9038686069677053}[32m [repeated 4x across cluster][0m
[DEBUG] evaluate_metrics_aggregation_fn called with 4 results
[DEBUG] results type: <class 'list'>
[DEBUG] First result type: <class 'tuple'>
[DEBUG] First result length: 2
[DEBUG] results[0][0] type: <class 'int'>
[DEBUG] results[0][1] type: <class 'flwr.app.message.configrecord.ConfigRecord'>
[DEBUG _get_metrics] res_item[1] type: ConfigRecord
[DEBUG _get_metrics] res_item[1] has metrics attr: False
[DEBUG _get_metrics] res_item[1].__dict__: {'_check_key_fn': <function _check_key at 0x7e977efc8900>, '_check_value_fn': <function _check_value at 0x7e97747b89a0>, '_data': {'accuracy': 0.9619030356407166, 'loss': 0.02014216221868992, 'total_samples': 16563, 'actual_attack': 16559, 'actual_normal': 4, 'predicted_attack': 15928, 'predicted_normal': 635, 'true_positives': 15928, 'true_negatives': 4, 'false_positives': 0, 'false_negatives': 631, 'precision': 1.0, 'recall': 0.96189383416873, 'f1_score': 0.9805768461230646}}
[DEBUG _get_metrics] res_item[1].keys(): ['accuracy', 'loss', 'total_samples', 'actual_attack', 'actual_normal', 'predicted_attack', 'predicted_normal', 'true_positives', 'true_negatives', 'false_positives', 'false_negatives', 'precision', 'recall', 'f1_score']
[DEBUG _get_metrics] Extracted from ConfigRecord._data
[DEBUG _get_metrics] res_item[1] type: ConfigRecord
[DEBUG _get_metrics] res_item[1] has metrics attr: False
[DEBUG _get_metrics] res_item[1].__dict__: {'_check_key_fn': <function _check_key at 0x7e977efc8900>, '_check_value_fn': <function _check_value at 0x7e97747b89a0>, '_data': {'accuracy': 0.9681521058082581, 'loss': 0.009876898489892483, 'total_samples': 136681, 'actual_attack': 4456, 'actual_normal': 132225, 'predicted_attack': 8425, 'predicted_normal': 128256, 'true_positives': 4264, 'true_negatives': 128064, 'false_positives': 4161, 'false_negatives': 192, 'precision': 0.5061127596439169, 'recall': 0.9569120287253142, 'f1_score': 0.6620603990373418}}
[DEBUG _get_metrics] res_item[1].keys(): ['accuracy', 'loss', 'total_samples', 'actual_attack', 'actual_normal', 'predicted_attack', 'predicted_normal', 'true_positives', 'true_negatives', 'false_positives', 'false_negatives', 'precision', 'recall', 'f1_score']
[DEBUG _get_metrics] Extracted from ConfigRecord._data
[DEBUG _get_metrics] res_item[1] type: ConfigRecord
[DEBUG _get_metrics] res_item[1] has metrics attr: False
[DEBUG _get_metrics] res_item[1].__dict__: {'_check_key_fn': <function _check_key at 0x7e977efc8900>, '_check_value_fn': <function _check_value at 0x7e97747b89a0>, '_data': {'accuracy': 0.9670664072036743, 'loss': 0.012323976494371891, 'total_samples': 140100, 'actual_attack': 35544, 'actual_normal': 104556, 'predicted_attack': 37336, 'predicted_normal': 102764, 'true_positives': 34133, 'true_negatives': 101353, 'false_positives': 3203, 'false_negatives': 1411, 'precision': 0.9142114848939361, 'recall': 0.9603027233851001, 'f1_score': 0.9366904500548847}}
[DEBUG _get_metrics] res_item[1].keys(): ['accuracy', 'loss', 'total_samples', 'actual_attack', 'actual_normal', 'predicted_attack', 'predicted_normal', 'true_positives', 'true_negatives', 'false_positives', 'false_negatives', 'precision', 'recall', 'f1_score']
[DEBUG _get_metrics] Extracted from ConfigRecord._data
[DEBUG _get_metrics] res_item[1] type: ConfigRecord
[DEBUG _get_metrics] res_item[1] has metrics attr: False
[DEBUG _get_metrics] res_item[1].__dict__: {'_check_key_fn': <function _check_key at 0x7e977efc8900>, '_check_value_fn': <function _check_value at 0x7e97747b89a0>, '_data': {'accuracy': 0.9673420190811157, 'loss': 0.010855292901396751, 'total_samples': 206565, 'actual_attack': 28614, 'actual_normal': 177951, 'predicted_attack': 33048, 'predicted_normal': 173517, 'true_positives': 27458, 'true_negatives': 172361, 'false_positives': 5590, 'false_negatives': 1156, 'precision': 0.8308520939239894, 'recall': 0.9596001957083945, 'f1_score': 0.8905971262690149}}
[DEBUG _get_metrics] res_item[1].keys(): ['accuracy', 'loss', 'total_samples', 'actual_attack', 'actual_normal', 'predicted_attack', 'predicted_normal', 'true_positives', 'true_negatives', 'false_positives', 'false_negatives', 'precision', 'recall', 'f1_score']
[DEBUG _get_metrics] Extracted from ConfigRecord._data
[DEBUG] Extracted 4 metrics from results

[Evaluation Summary]
============================================================
Round: 12 / 60
Accuracy (mean):  0.9661  (96.61%)
Loss:             0.0133
[Per-Device Accuracy]
  - Device 0:  0.9619  (96.19%)
  - Device 1:  0.9682  (96.82%)
  - Device 2:  0.9671  (96.71%)
  - Device 3:  0.9673  (96.73%)

[Ground Truth]
  - Attack samples: 16559
  - Normal samples: 4
  - Total samples:  16563

[Predictions]
  - Predicted Attack:  15928
  - Predicted Normal:  635

[Confusion Matrix]
  - True Positives (TP):  15928
  - True Negatives (TN):  4[92mINFO [0m:      
[92mINFO [0m:      [ROUND 13]
[92mINFO [0m:      configure_fit: strategy sampled 4 clients (out of 4)
[92mINFO [0m:      aggregate_fit: received 4 results and 0 failures
[92mINFO [0m:      configure_evaluate: strategy sampled 4 clients (out of 4)
[92mINFO [0m:      aggregate_evaluate: received 4 results and 0 failures
[92mINFO [0m:      
[92mINFO [0m:      [ROUND 14]
[92mINFO [0m:      configure_fit: strategy sampled 4 clients (out of 4)
[92mINFO [0m:      aggregate_fit: received 4 results and 0 failures
[92mINFO [0m:      configure_evaluate: strategy sampled 4 clients (out of 4)
[92mINFO [0m:      aggregate_evaluate: received 4 results and 0 failures

  - False Positives (FP): 0
  - False Negatives (FN): 631

[Metrics]
  - Precision:  0.8128  (81.28%)
  - Recall:     0.9597  (95.97%)
  - F1-Score:   0.8675  (86.75%)
============================================================

[36m(ClientAppActor pid=348353)[0m [Client 1] Class weights (smoothed): {0: 1.0961313930322947, 1: 0.9038686069677053}[32m [repeated 4x across cluster][0m
[36m(ClientAppActor pid=348353)[0m [Client 1] Class weights (smoothed): {0: 1.0961313930322947, 1: 0.9038686069677053}[32m [repeated 4x across cluster][0m
[DEBUG] evaluate_metrics_aggregation_fn called with 4 results
[DEBUG] results type: <class 'list'>
[DEBUG] First result type: <class 'tuple'>
[DEBUG] First result length: 2
[DEBUG] results[0][0] type: <class 'int'>
[DEBUG] results[0][1] type: <class 'flwr.app.message.configrecord.ConfigRecord'>
[DEBUG _get_metrics] res_item[1] type: ConfigRecord
[DEBUG _get_metrics] res_item[1] has metrics attr: False
[DEBUG _get_metrics] res_item[1].__dict__: {'_check_key_fn': <function _check_key at 0x7e977efc8900>, '_check_value_fn': <function _check_value at 0x7e97747b89a0>, '_data': {'accuracy': 0.9678741097450256, 'loss': 0.010308295488357544, 'total_samples': 136681, 'actual_attack': 4456, 'actual_normal': 132225, 'predicted_attack': 8587, 'predicted_normal': 128094, 'true_positives': 4326, 'true_negatives': 127964, 'false_positives': 4261, 'false_negatives': 130, 'precision': 0.5037847909630837, 'recall': 0.9708258527827648, 'f1_score': 0.663344322625163}}
[DEBUG _get_metrics] res_item[1].keys(): ['accuracy', 'loss', 'total_samples', 'actual_attack', 'actual_normal', 'predicted_attack', 'predicted_normal', 'true_positives', 'true_negatives', 'false_positives', 'false_negatives', 'precision', 'recall', 'f1_score']
[DEBUG _get_metrics] Extracted from ConfigRecord._data
[DEBUG _get_metrics] res_item[1] type: ConfigRecord
[DEBUG _get_metrics] res_item[1] has metrics attr: False
[DEBUG _get_metrics] res_item[1].__dict__: {'_check_key_fn': <function _check_key at 0x7e977efc8900>, '_check_value_fn': <function _check_value at 0x7e97747b89a0>, '_data': {'accuracy': 0.969478964805603, 'loss': 0.011739191599190235, 'total_samples': 140100, 'actual_attack': 35544, 'actual_normal': 104556, 'predicted_attack': 37846, 'predicted_normal': 102254, 'true_positives': 34557, 'true_negatives': 101267, 'false_positives': 3289, 'false_negatives': 987, 'precision': 0.9130951751836389, 'recall': 0.9722316002700878, 'f1_score': 0.9417359313257938}}
[DEBUG _get_metrics] res_item[1].keys(): ['accuracy', 'loss', 'total_samples', 'actual_attack', 'actual_normal', 'predicted_attack', 'predicted_normal', 'true_positives', 'true_negatives', 'false_positives', 'false_negatives', 'precision', 'recall', 'f1_score']
[DEBUG _get_metrics] Extracted from ConfigRecord._data
[DEBUG _get_metrics] res_item[1] type: ConfigRecord
[DEBUG _get_metrics] res_item[1] has metrics attr: False
[DEBUG _get_metrics] res_item[1].__dict__: {'_check_key_fn': <function _check_key at 0x7e977efc8900>, '_check_value_fn': <function _check_value at 0x7e97747b89a0>, '_data': {'accuracy': 0.9733139872550964, 'loss': 0.01597909815609455, 'total_samples': 16563, 'actual_attack': 16559, 'actual_normal': 4, 'predicted_attack': 16117, 'predicted_normal': 446, 'true_positives': 16117, 'true_negatives': 4, 'false_positives': 0, 'false_negatives': 442, 'precision': 1.0, 'recall': 0.9733075668820581, 'f1_score': 0.9864732525400906}}
[DEBUG _get_metrics] res_item[1].keys(): ['accuracy', 'loss', 'total_samples', 'actual_attack', 'actual_normal', 'predicted_attack', 'predicted_normal', 'true_positives', 'true_negatives', 'false_positives', 'false_negatives', 'precision', 'recall', 'f1_score']
[DEBUG _get_metrics] Extracted from ConfigRecord._data
[DEBUG _get_metrics] res_item[1] type: ConfigRecord
[DEBUG _get_metrics] res_item[1] has metrics attr: False
[DEBUG _get_metrics] res_item[1].__dict__: {'_check_key_fn': <function _check_key at 0x7e977efc8900>, '_check_value_fn': <function _check_value at 0x7e97747b89a0>, '_data': {'accuracy': 0.9684893488883972, 'loss': 0.01077942829579115, 'total_samples': 206565, 'actual_attack': 28614, 'actual_normal': 177951, 'predicted_attack': 33545, 'predicted_normal': 173020, 'true_positives': 27825, 'true_negatives': 172231, 'false_positives': 5720, 'false_negatives': 789, 'precision': 0.8294827843195707, 'recall': 0.9724260851331517, 'f1_score': 0.8952846731768529}}
[DEBUG _get_metrics] res_item[1].keys(): ['accuracy', 'loss', 'total_samples', 'actual_attack', 'actual_normal', 'predicted_attack', 'predicted_normal', 'true_positives', 'true_negatives', 'false_positives', 'false_negatives', 'precision', 'recall', 'f1_score']
[DEBUG _get_metrics] Extracted from ConfigRecord._data
[DEBUG] Extracted 4 metrics from results

[Evaluation Summary]
============================================================
Round: 13 / 60
Accuracy (mean):  0.9698  (96.98%)
Loss:             0.0122
[Per-Device Accuracy]
  - Device 0:  0.9679  (96.79%)
  - Device 1:  0.9695  (96.95%)
  - Device 2:  0.9733  (97.33%)
  - Device 3:  0.9685  (96.85%)

[Ground Truth]
  - Attack samples: 4456
  - Normal samples: 132225
  - Total samples:  136681

[Predictions]
  - Predicted Attack:  8587
  - Predicted Normal:  128094

[Confusion Matrix]
  - True Positives (TP):  4326
  - True Negatives (TN):  127964
  - False Positives (FP): 4261
  - False Negatives (FN): 130

[Metrics]
  - Precision:  0.8116  (81.16%)
  - Recall:     0.9722  (97.22%)
  - F1-Score:   0.8717  (87.17%)
============================================================

[36m(ClientAppActor pid=348353)[0m [Client 1] Class weights (smoothed): {0: 1.0961313930322947, 1: 0.9038686069677053}[32m [repeated 4x across cluster][0m
[36m(ClientAppActor pid=348353)[0m [Client 1] Class weights (smoothed): {0: 1.0961313930322947, 1: 0.9038686069677053}[32m [repeated 4x across cluster][0m
[DEBUG] evaluate_metrics_aggregation_fn called with 4 results
[DEBUG] results type: <class 'list'>
[DEBUG] First result type: <class 'tuple'>
[DEBUG] First result length: 2
[DEBUG] results[0][0] type: <class 'int'>
[DEBUG] results[0][1] type: <class 'flwr.app.message.configrecord.ConfigRecord'>
[DEBUG _get_metrics] res_item[1] type: ConfigRecord
[DEBUG _get_metrics] res_item[1] has metrics attr: False
[DEBUG _get_metrics] res_item[1].__dict__: {'_check_key_fn': <function _check_key at 0x7e977efc8900>, '_check_value_fn': <function _check_value at 0x7e97747b89a0>, '_data': {'accuracy': 0.9677863121032715, 'loss': 0.010273660533130169, 'total_samples': 136681, 'actual_attack': 4456, 'actual_normal': 132225, 'predicted_attack': 8635, 'predicted_normal': 128046, 'true_positives': 4344, 'true_negatives': 127934, 'false_positives': 4291, 'false_negatives': 112, 'precision': 0.5030689056166763, 'recall': 0.9748653500897666, 'f1_score': 0.6636620579023755}}
[DEBUG _get_metrics] res_item[1].keys(): ['accuracy', 'loss', 'total_samples', 'actual_attack', 'actual_normal', 'predicted_attack', 'predicted_normal', 'true_positives', 'true_negatives', 'false_positives', 'false_negatives', 'precision', 'recall', 'f1_score']
[DEBUG _get_metrics] Extracted from ConfigRecord._data
[DEBUG _get_metrics] res_item[1] type: ConfigRecord
[DEBUG _get_metrics] res_item[1] has metrics attr: False
[DEBUG _get_metrics] res_item[1].__dict__: {'_check_key_fn': <function _check_key at 0x7e977efc8900>, '_check_value_fn': <function _check_value at 0x7e97747b89a0>, '_data': {'accuracy': 0.9701570272445679, 'loss': 0.011316854506731033, 'total_samples': 140100, 'actual_attack': 35544, 'actual_normal': 104556, 'predicted_attack': 37997, 'predicted_normal': 102103, 'true_positives': 34680, 'true_negatives': 101239, 'false_positives': 3317, 'false_negatives': 864, 'precision': 0.9127036344974603, 'recall': 0.9756920999324781, 'f1_score': 0.9431473599760678}}
[DEBUG _get_metrics] res_item[1].keys(): ['accuracy', 'loss', 'total_samples', 'actual_attack', 'actual_normal', 'predicted_attack', 'predicted_normal', 'true_positives', 'true_negatives', 'false_positives', 'false_negatives', 'precision', 'recall', 'f1_score']
[DEBUG _get_metrics] Extracted from ConfigRecord._data
[DEBUG _get_metrics] res_item[1] type: ConfigRecord[92mINFO [0m:      
[92mINFO [0m:      [ROUND 15]
[92mINFO [0m:      configure_fit: strategy sampled 4 clients (out of 4)
[92mINFO [0m:      aggregate_fit: received 4 results and 0 failures
[92mINFO [0m:      configure_evaluate: strategy sampled 4 clients (out of 4)
[92mINFO [0m:      aggregate_evaluate: received 4 results and 0 failures

[DEBUG _get_metrics] res_item[1] has metrics attr: False
[DEBUG _get_metrics] res_item[1].__dict__: {'_check_key_fn': <function _check_key at 0x7e977efc8900>, '_check_value_fn': <function _check_value at 0x7e97747b89a0>, '_data': {'accuracy': 0.9688282012939453, 'loss': 0.010563432238996029, 'total_samples': 206565, 'actual_attack': 28614, 'actual_normal': 177951, 'predicted_attack': 33683, 'predicted_normal': 172882, 'true_positives': 27929, 'true_negatives': 172197, 'false_positives': 5754, 'false_negatives': 685, 'precision': 0.8291719858682421, 'recall': 0.9760606696022925, 'f1_score': 0.8966402876543011}}
[DEBUG _get_metrics] res_item[1].keys(): ['accuracy', 'loss', 'total_samples', 'actual_attack', 'actual_normal', 'predicted_attack', 'predicted_normal', 'true_positives', 'true_negatives', 'false_positives', 'false_negatives', 'precision', 'recall', 'f1_score']
[DEBUG _get_metrics] Extracted from ConfigRecord._data
[DEBUG _get_metrics] res_item[1] type: ConfigRecord
[DEBUG _get_metrics] res_item[1] has metrics attr: False
[DEBUG _get_metrics] res_item[1].__dict__: {'_check_key_fn': <function _check_key at 0x7e977efc8900>, '_check_value_fn': <function _check_value at 0x7e97747b89a0>, '_data': {'accuracy': 0.9760912656784058, 'loss': 0.014245862141251564, 'total_samples': 16563, 'actual_attack': 16559, 'actual_normal': 4, 'predicted_attack': 16163, 'predicted_normal': 400, 'true_positives': 16163, 'true_negatives': 4, 'false_positives': 0, 'false_negatives': 396, 'precision': 1.0, 'recall': 0.9760855124101697, 'f1_score': 0.9878980502414278}}
[DEBUG _get_metrics] res_item[1].keys(): ['accuracy', 'loss', 'total_samples', 'actual_attack', 'actual_normal', 'predicted_attack', 'predicted_normal', 'true_positives', 'true_negatives', 'false_positives', 'false_negatives', 'precision', 'recall', 'f1_score']
[DEBUG _get_metrics] Extracted from ConfigRecord._data
[DEBUG] Extracted 4 metrics from results

[Evaluation Summary]
============================================================
Round: 14 / 60
Accuracy (mean):  0.9707  (97.07%)
Loss:             0.0116
[Per-Device Accuracy]
  - Device 0:  0.9678  (96.78%)
  - Device 1:  0.9702  (97.02%)
  - Device 2:  0.9688  (96.88%)
  - Device 3:  0.9761  (97.61%)

[Ground Truth]
  - Attack samples: 4456
  - Normal samples: 132225
  - Total samples:  136681

[Predictions]
  - Predicted Attack:  8635
  - Predicted Normal:  128046

[Confusion Matrix]
  - True Positives (TP):  4344
  - True Negatives (TN):  127934
  - False Positives (FP): 4291
  - False Negatives (FN): 112

[Metrics]
  - Precision:  0.8112  (81.12%)
  - Recall:     0.9757  (97.57%)
  - F1-Score:   0.8728  (87.28%)
============================================================

[36m(ClientAppActor pid=348353)[0m [Client 1] Class weights (smoothed): {0: 1.0961313930322947, 1: 0.9038686069677053}[32m [repeated 4x across cluster][0m
[Round 15] Client contributions:
  Client samples: 6,730 (weight: 0.0025)
  Client samples: 727,504 (weight: 0.2669)
  Client samples: 9,373 (weight: 0.0034)
  Client samples: 1,981,913 (weight: 0.7272)
[36m(ClientAppActor pid=348353)[0m [Client 1] Class weights (smoothed): {0: 1.0961313930322947, 1: 0.9038686069677053}[32m [repeated 4x across cluster][0m
[DEBUG] evaluate_metrics_aggregation_fn called with 4 results
[DEBUG] results type: <class 'list'>
[DEBUG] First result type: <class 'tuple'>
[DEBUG] First result length: 2
[DEBUG] results[0][0] type: <class 'int'>
[DEBUG] results[0][1] type: <class 'flwr.app.message.configrecord.ConfigRecord'>
[DEBUG _get_metrics] res_item[1] type: ConfigRecord
[DEBUG _get_metrics] res_item[1] has metrics attr: False
[DEBUG _get_metrics] res_item[1].__dict__: {'_check_key_fn': <function _check_key at 0x7e977efc8900>, '_check_value_fn': <function _check_value at 0x7e97747b89a0>, '_data': {'accuracy': 0.9847853779792786, 'loss': 0.0120999189093709, 'total_samples': 16563, 'actual_attack': 16559, 'actual_normal': 4, 'predicted_attack': 16307, 'predicted_normal': 256, 'true_positives': 16307, 'true_negatives': 4, 'false_positives': 0, 'false_negatives': 252, 'precision': 1.0, 'recall': 0.9847816897155626, 'f1_score': 0.992332501673462}}
[DEBUG _get_metrics] res_item[1].keys(): ['accuracy', 'loss', 'total_samples', 'actual_attack', 'actual_normal', 'predicted_attack', 'predicted_normal', 'true_positives', 'true_negatives', 'false_positives', 'false_negatives', 'precision', 'recall', 'f1_score']
[DEBUG _get_metrics] Extracted from ConfigRecord._data
[DEBUG _get_metrics] res_item[1] type: ConfigRecord
[DEBUG _get_metrics] res_item[1] has metrics attr: False
[DEBUG _get_metrics] res_item[1].__dict__: {'_check_key_fn': <function _check_key at 0x7e977efc8900>, '_check_value_fn': <function _check_value at 0x7e97747b89a0>, '_data': {'accuracy': 0.9655694365501404, 'loss': 0.01043690275400877, 'total_samples': 136681, 'actual_attack': 4456, 'actual_normal': 132225, 'predicted_attack': 9002, 'predicted_normal': 127679, 'true_positives': 4376, 'true_negatives': 127599, 'false_positives': 4626, 'false_negatives': 80, 'precision': 0.4861141968451455, 'recall': 0.9820466786355476, 'f1_score': 0.6503195125575865}}
[DEBUG _get_metrics] res_item[1].keys(): ['accuracy', 'loss', 'total_samples', 'actual_attack', 'actual_normal', 'predicted_attack', 'predicted_normal', 'true_positives', 'true_negatives', 'false_positives', 'false_negatives', 'precision', 'recall', 'f1_score']
[DEBUG _get_metrics] Extracted from ConfigRecord._data
[DEBUG _get_metrics] res_item[1] type: ConfigRecord
[DEBUG _get_metrics] res_item[1] has metrics attr: False
[DEBUG _get_metrics] res_item[1].__dict__: {'_check_key_fn': <function _check_key at 0x7e977efc8900>, '_check_value_fn': <function _check_value at 0x7e97747b89a0>, '_data': {'accuracy': 0.9676518440246582, 'loss': 0.010479548014700413, 'total_samples': 206565, 'actual_attack': 28614, 'actual_normal': 177951, 'predicted_attack': 34334, 'predicted_normal': 172231, 'true_positives': 28133, 'true_negatives': 171750, 'false_positives': 6201, 'false_negatives': 481, 'precision': 0.8193918564688064, 'recall': 0.9831900468302229, 'f1_score': 0.8938488911482493}}
[DEBUG _get_metrics] res_item[1].keys(): ['accuracy', 'loss', 'total_samples', 'actual_attack', 'actual_normal', 'predicted_attack', 'predicted_normal', 'true_positives', 'true_negatives', 'false_positives', 'false_negatives', 'precision', 'recall', 'f1_score']
[DEBUG _get_metrics] Extracted from ConfigRecord._data
[DEBUG _get_metrics] res_item[1] type: ConfigRecord
[DEBUG _get_metrics] res_item[1] has metrics attr: False
[DEBUG _get_metrics] res_item[1].__dict__: {'_check_key_fn': <function _check_key at 0x7e977efc8900>, '_check_value_fn': <function _check_value at 0x7e97747b89a0>, '_data': {'accuracy': 0.9701570272445679, 'loss': 0.010966353118419647, 'total_samples': 140100, 'actual_attack': 35544, 'actual_normal': 104556, 'predicted_attack': 38543, 'predicted_normal': 101557, 'true_positives': 34953, 'true_negatives': 100966, 'false_positives': 3590, 'false_negatives': 591, 'precision': 0.9068572762888203, 'recall': 0.9833727211343687, 'f1_score': 0.943566347672331}}
[DEBUG _get_metrics] res_item[1].keys(): ['accuracy', 'loss', 'total_samples', 'actual_attack', 'actual_normal', 'predicted_attack', 'predicted_normal', 'true_positives', 'true_negatives', 'false_positives', 'false_negatives', 'precision', 'recall', 'f1_score']
[DEBUG _get_metrics] Extracted from ConfigRecord._data
[DEBUG] Extracted 4 metrics from results

[Evaluation Summary]
============================================================
Round: 15 / 60
Accuracy (mean):  0.9720  (97.20%)
Loss:             0.0110
[Per-Device Accuracy]
  - Device 0:  0.9848  (98.48%)
  - Device 1:  0.9656  (96.56%)
  - Device 2:  0.9677  (96.77%)
  - Device 3:  0.9702  (97.02%)

[Ground Truth]
  - Attack samples: 16559
  - Normal samples: 4
  - Total samples:  16563

[Predictions]
  - Predicted Attack:  16307
  - Predicted Normal:  256

[Confusion Matrix]
  - True Positives (TP):  16307
  - True Negatives (TN):  4
  - False Positives (FP): 0
  - False Negatives (FN): 252

[Metrics]
  - Precision:  0.8031  (80.31%)
  - Recall:     0.9833  (98.33%)
  - F1-Score:   0.8700  (87.00%)[92mINFO [0m:      
[92mINFO [0m:      [ROUND 16]
[92mINFO [0m:      configure_fit: strategy sampled 4 clients (out of 4)
[92mINFO [0m:      aggregate_fit: received 4 results and 0 failures
[92mINFO [0m:      configure_evaluate: strategy sampled 4 clients (out of 4)
[92mINFO [0m:      aggregate_evaluate: received 4 results and 0 failures
[92mINFO [0m:      
[92mINFO [0m:      [ROUND 17]
[92mINFO [0m:      configure_fit: strategy sampled 4 clients (out of 4)
[92mINFO [0m:      aggregate_fit: received 4 results and 0 failures
[92mINFO [0m:      configure_evaluate: strategy sampled 4 clients (out of 4)
[92mINFO [0m:      aggregate_evaluate: received 4 results and 0 failures

============================================================

[36m(ClientAppActor pid=348353)[0m [Client 1] Class weights (smoothed): {0: 1.0961313930322947, 1: 0.9038686069677053}[32m [repeated 4x across cluster][0m
[36m(ClientAppActor pid=348353)[0m [Client 1] Class weights (smoothed): {0: 1.0961313930322947, 1: 0.9038686069677053}[32m [repeated 4x across cluster][0m
[DEBUG] evaluate_metrics_aggregation_fn called with 4 results
[DEBUG] results type: <class 'list'>
[DEBUG] First result type: <class 'tuple'>
[DEBUG] First result length: 2
[DEBUG] results[0][0] type: <class 'int'>
[DEBUG] results[0][1] type: <class 'flwr.app.message.configrecord.ConfigRecord'>
[DEBUG _get_metrics] res_item[1] type: ConfigRecord
[DEBUG _get_metrics] res_item[1] has metrics attr: False
[DEBUG _get_metrics] res_item[1].__dict__: {'_check_key_fn': <function _check_key at 0x7e977efc8900>, '_check_value_fn': <function _check_value at 0x7e97747b89a0>, '_data': {'accuracy': 0.9626219272613525, 'loss': 0.010620417073369026, 'total_samples': 206565, 'actual_attack': 28614, 'actual_normal': 177951, 'predicted_attack': 35435, 'predicted_normal': 171130, 'true_positives': 28164, 'true_negatives': 170680, 'false_positives': 7271, 'false_negatives': 450, 'precision': 0.7948073938196698, 'recall': 0.9842734325854476, 'f1_score': 0.8794516698152977}}
[DEBUG _get_metrics] res_item[1].keys(): ['accuracy', 'loss', 'total_samples', 'actual_attack', 'actual_normal', 'predicted_attack', 'predicted_normal', 'true_positives', 'true_negatives', 'false_positives', 'false_negatives', 'precision', 'recall', 'f1_score']
[DEBUG _get_metrics] Extracted from ConfigRecord._data
[DEBUG _get_metrics] res_item[1] type: ConfigRecord
[DEBUG _get_metrics] res_item[1] has metrics attr: False
[DEBUG _get_metrics] res_item[1].__dict__: {'_check_key_fn': <function _check_key at 0x7e977efc8900>, '_check_value_fn': <function _check_value at 0x7e97747b89a0>, '_data': {'accuracy': 0.9860532283782959, 'loss': 0.01024494506418705, 'total_samples': 16563, 'actual_attack': 16559, 'actual_normal': 4, 'predicted_attack': 16328, 'predicted_normal': 235, 'true_positives': 16328, 'true_negatives': 4, 'false_positives': 0, 'false_negatives': 231, 'precision': 1.0, 'recall': 0.9860498822392657, 'f1_score': 0.9929759479429563}}
[DEBUG _get_metrics] res_item[1].keys(): ['accuracy', 'loss', 'total_samples', 'actual_attack', 'actual_normal', 'predicted_attack', 'predicted_normal', 'true_positives', 'true_negatives', 'false_positives', 'false_negatives', 'precision', 'recall', 'f1_score']
[DEBUG _get_metrics] Extracted from ConfigRecord._data
[DEBUG _get_metrics] res_item[1] type: ConfigRecord
[DEBUG _get_metrics] res_item[1] has metrics attr: False
[DEBUG _get_metrics] res_item[1].__dict__: {'_check_key_fn': <function _check_key at 0x7e977efc8900>, '_check_value_fn': <function _check_value at 0x7e97747b89a0>, '_data': {'accuracy': 0.9596871733665466, 'loss': 0.010823335498571396, 'total_samples': 136681, 'actual_attack': 4456, 'actual_normal': 132225, 'predicted_attack': 9816, 'predicted_normal': 126865, 'true_positives': 4381, 'true_negatives': 126790, 'false_positives': 5435, 'false_negatives': 75, 'precision': 0.4463121434392828, 'recall': 0.9831687612208259, 'f1_score': 0.6139293721973095}}
[DEBUG _get_metrics] res_item[1].keys(): ['accuracy', 'loss', 'total_samples', 'actual_attack', 'actual_normal', 'predicted_attack', 'predicted_normal', 'true_positives', 'true_negatives', 'false_positives', 'false_negatives', 'precision', 'recall', 'f1_score']
[DEBUG _get_metrics] Extracted from ConfigRecord._data
[DEBUG _get_metrics] res_item[1] type: ConfigRecord
[DEBUG _get_metrics] res_item[1] has metrics attr: False
[DEBUG _get_metrics] res_item[1].__dict__: {'_check_key_fn': <function _check_key at 0x7e977efc8900>, '_check_value_fn': <function _check_value at 0x7e97747b89a0>, '_data': {'accuracy': 0.9657102227210999, 'loss': 0.01085743959993124, 'total_samples': 140100, 'actual_attack': 35544, 'actual_normal': 104556, 'predicted_attack': 39222, 'predicted_normal': 100878, 'true_positives': 34981, 'true_negatives': 100315, 'false_positives': 4241, 'false_negatives': 563, 'precision': 0.8918719086227117, 'recall': 0.9841604771550754, 'f1_score': 0.9357461947944252}}
[DEBUG _get_metrics] res_item[1].keys(): ['accuracy', 'loss', 'total_samples', 'actual_attack', 'actual_normal', 'predicted_attack', 'predicted_normal', 'true_positives', 'true_negatives', 'false_positives', 'false_negatives', 'precision', 'recall', 'f1_score']
[DEBUG _get_metrics] Extracted from ConfigRecord._data
[DEBUG] Extracted 4 metrics from results

[Evaluation Summary]
============================================================
Round: 16 / 60
Accuracy (mean):  0.9685  (96.85%)
Loss:             0.0106
[Per-Device Accuracy]
  - Device 0:  0.9626  (96.26%)
  - Device 1:  0.9861  (98.61%)
  - Device 2:  0.9597  (95.97%)
  - Device 3:  0.9657  (96.57%)

[Ground Truth]
  - Attack samples: 28614
  - Normal samples: 177951
  - Total samples:  206565

[Predictions]
  - Predicted Attack:  35435
  - Predicted Normal:  171130

[Confusion Matrix]
  - True Positives (TP):  28164
  - True Negatives (TN):  170680
  - False Positives (FP): 7271
  - False Negatives (FN): 450

[Metrics]
  - Precision:  0.7832  (78.32%)
  - Recall:     0.9844  (98.44%)
  - F1-Score:   0.8555  (85.55%)
============================================================

[36m(ClientAppActor pid=348353)[0m [Client 1] Class weights (smoothed): {0: 1.0961313930322947, 1: 0.9038686069677053}[32m [repeated 4x across cluster][0m
[36m(ClientAppActor pid=348353)[0m [Client 1] Class weights (smoothed): {0: 1.0961313930322947, 1: 0.9038686069677053}[32m [repeated 4x across cluster][0m
[DEBUG] evaluate_metrics_aggregation_fn called with 4 results
[DEBUG] results type: <class 'list'>
[DEBUG] First result type: <class 'tuple'>
[DEBUG] First result length: 2
[DEBUG] results[0][0] type: <class 'int'>
[DEBUG] results[0][1] type: <class 'flwr.app.message.configrecord.ConfigRecord'>
[DEBUG _get_metrics] res_item[1] type: ConfigRecord
[DEBUG _get_metrics] res_item[1] has metrics attr: False
[DEBUG _get_metrics] res_item[1].__dict__: {'_check_key_fn': <function _check_key at 0x7e977efc8900>, '_check_value_fn': <function _check_value at 0x7e97747b89a0>, '_data': {'accuracy': 0.9646680951118469, 'loss': 0.011120381765067577, 'total_samples': 140100, 'actual_attack': 35544, 'actual_normal': 104556, 'predicted_attack': 39400, 'predicted_normal': 100700, 'true_positives': 34997, 'true_negatives': 100153, 'false_positives': 4403, 'false_negatives': 547, 'precision': 0.888248730964467, 'recall': 0.9846106234526221, 'f1_score': 0.933950683176772}}
[DEBUG _get_metrics] res_item[1].keys(): ['accuracy', 'loss', 'total_samples', 'actual_attack', 'actual_normal', 'predicted_attack', 'predicted_normal', 'true_positives', 'true_negatives', 'false_positives', 'false_negatives', 'precision', 'recall', 'f1_score']
[DEBUG _get_metrics] Extracted from ConfigRecord._data
[DEBUG _get_metrics] res_item[1] type: ConfigRecord
[DEBUG _get_metrics] res_item[1] has metrics attr: False
[DEBUG _get_metrics] res_item[1].__dict__: {'_check_key_fn': <function _check_key at 0x7e977efc8900>, '_check_value_fn': <function _check_value at 0x7e97747b89a0>, '_data': {'accuracy': 0.9863551259040833, 'loss': 0.009251645766198635, 'total_samples': 16563, 'actual_attack': 16559, 'actual_normal': 4, 'predicted_attack': 16333, 'predicted_normal': 230, 'true_positives': 16333, 'true_negatives': 4, 'false_positives': 0, 'false_negatives': 226, 'precision': 1.0, 'recall': 0.9863518328401474, 'f1_score': 0.9931290283351575}}
[DEBUG _get_metrics] res_item[1].keys(): ['accuracy', 'loss', 'total_samples', 'actual_attack', 'actual_normal', 'predicted_attack', 'predicted_normal', 'true_positives', 'true_negatives', 'false_positives', 'false_negatives', 'precision', 'recall', 'f1_score']
[DEBUG _get_metrics] Extracted from ConfigRecord._data
[DEBUG _get_metrics] res_item[1] type: ConfigRecord
[DEBUG _get_metrics] res_item[1] has metrics attr: False
[DEBUG _get_metrics] res_item[1].__dict__: {'_check_key_fn': <function _check_key at 0x7e977efc8900>, '_check_value_fn': <function _check_value at 0x7e97747b89a0>, '_data': {'accuracy': 0.9612615704536438, 'loss': 0.01109461672604084, 'total_samples': 206565, 'actual_attack': 28614, 'actual_normal': 177951, 'predicted_attack': 35734, 'predicted_normal': 170831, 'true_positives': 28173, 'true_negatives': 170390, 'false_positives': 7561, 'false_negatives': 441, 'precision': 0.7884087983433145, 'recall': 0.9845879639337387, 'f1_score': 0.8756449306893765}}[92mINFO [0m:      
[92mINFO [0m:      [ROUND 18]
[92mINFO [0m:      configure_fit: strategy sampled 4 clients (out of 4)
[92mINFO [0m:      aggregate_fit: received 4 results and 0 failures
[92mINFO [0m:      configure_evaluate: strategy sampled 4 clients (out of 4)
[92mINFO [0m:      aggregate_evaluate: received 4 results and 0 failures
[92mINFO [0m:      
[92mINFO [0m:      [ROUND 19]
[92mINFO [0m:      configure_fit: strategy sampled 4 clients (out of 4)
[92mINFO [0m:      aggregate_fit: received 4 results and 0 failures
[92mINFO [0m:      configure_evaluate: strategy sampled 4 clients (out of 4)
[92mINFO [0m:      aggregate_evaluate: received 4 results and 0 failures

[DEBUG _get_metrics] res_item[1].keys(): ['accuracy', 'loss', 'total_samples', 'actual_attack', 'actual_normal', 'predicted_attack', 'predicted_normal', 'true_positives', 'true_negatives', 'false_positives', 'false_negatives', 'precision', 'recall', 'f1_score']
[DEBUG _get_metrics] Extracted from ConfigRecord._data
[DEBUG _get_metrics] res_item[1] type: ConfigRecord
[DEBUG _get_metrics] res_item[1] has metrics attr: False
[DEBUG _get_metrics] res_item[1].__dict__: {'_check_key_fn': <function _check_key at 0x7e977efc8900>, '_check_value_fn': <function _check_value at 0x7e97747b89a0>, '_data': {'accuracy': 0.9579678177833557, 'loss': 0.011482490226626396, 'total_samples': 136681, 'actual_attack': 4456, 'actual_normal': 132225, 'predicted_attack': 10055, 'predicted_normal': 126626, 'true_positives': 4383, 'true_negatives': 126553, 'false_positives': 5672, 'false_negatives': 73, 'precision': 0.4359025360517156, 'recall': 0.9836175942549371, 'f1_score': 0.604093446351044}}
[DEBUG _get_metrics] res_item[1].keys(): ['accuracy', 'loss', 'total_samples', 'actual_attack', 'actual_normal', 'predicted_attack', 'predicted_normal', 'true_positives', 'true_negatives', 'false_positives', 'false_negatives', 'precision', 'recall', 'f1_score']
[DEBUG _get_metrics] Extracted from ConfigRecord._data
[DEBUG] Extracted 4 metrics from results

[Evaluation Summary]
============================================================
Round: 17 / 60
Accuracy (mean):  0.9676  (96.76%)
Loss:             0.0107
[Per-Device Accuracy]
  - Device 0:  0.9647  (96.47%)
  - Device 1:  0.9864  (98.64%)
  - Device 2:  0.9613  (96.13%)
  - Device 3:  0.9580  (95.80%)

[Ground Truth]
  - Attack samples: 35544
  - Normal samples: 104556
  - Total samples:  140100

[Predictions]
  - Predicted Attack:  39400
  - Predicted Normal:  100700

[Confusion Matrix]
  - True Positives (TP):  34997
  - True Negatives (TN):  100153
  - False Positives (FP): 4403
  - False Negatives (FN): 547

[Metrics]
  - Precision:  0.7781  (77.81%)
  - Recall:     0.9848  (98.48%)
  - F1-Score:   0.8517  (85.17%)
============================================================

[36m(ClientAppActor pid=348353)[0m [Client 1] Class weights (smoothed): {0: 1.0961313930322947, 1: 0.9038686069677053}[32m [repeated 4x across cluster][0m
[36m(ClientAppActor pid=348353)[0m [Client 1] Class weights (smoothed): {0: 1.0961313930322947, 1: 0.9038686069677053}[32m [repeated 4x across cluster][0m
[DEBUG] evaluate_metrics_aggregation_fn called with 4 results
[DEBUG] results type: <class 'list'>
[DEBUG] First result type: <class 'tuple'>
[DEBUG] First result length: 2
[DEBUG] results[0][0] type: <class 'int'>
[DEBUG] results[0][1] type: <class 'flwr.app.message.configrecord.ConfigRecord'>
[DEBUG _get_metrics] res_item[1] type: ConfigRecord
[DEBUG _get_metrics] res_item[1] has metrics attr: False
[DEBUG _get_metrics] res_item[1].__dict__: {'_check_key_fn': <function _check_key at 0x7e977efc8900>, '_check_value_fn': <function _check_value at 0x7e97747b89a0>, '_data': {'accuracy': 0.9646894931793213, 'loss': 0.011298640631139278, 'total_samples': 140100, 'actual_attack': 35544, 'actual_normal': 104556, 'predicted_attack': 39383, 'predicted_normal': 100717, 'true_positives': 34990, 'true_negatives': 100163, 'false_positives': 4393, 'false_negatives': 554, 'precision': 0.8884544092628799, 'recall': 0.9844136844474454, 'f1_score': 0.9339757363834131}}
[DEBUG _get_metrics] res_item[1].keys(): ['accuracy', 'loss', 'total_samples', 'actual_attack', 'actual_normal', 'predicted_attack', 'predicted_normal', 'true_positives', 'true_negatives', 'false_positives', 'false_negatives', 'precision', 'recall', 'f1_score']
[DEBUG _get_metrics] Extracted from ConfigRecord._data
[DEBUG _get_metrics] res_item[1] type: ConfigRecord
[DEBUG _get_metrics] res_item[1] has metrics attr: False
[DEBUG _get_metrics] res_item[1].__dict__: {'_check_key_fn': <function _check_key at 0x7e977efc8900>, '_check_value_fn': <function _check_value at 0x7e97747b89a0>, '_data': {'accuracy': 0.9859325289726257, 'loss': 0.009637375362217426, 'total_samples': 16563, 'actual_attack': 16559, 'actual_normal': 4, 'predicted_attack': 16326, 'predicted_normal': 237, 'true_positives': 16326, 'true_negatives': 4, 'false_positives': 0, 'false_negatives': 233, 'precision': 1.0, 'recall': 0.9859291019989129, 'f1_score': 0.9929147027520145}}
[DEBUG _get_metrics] res_item[1].keys(): ['accuracy', 'loss', 'total_samples', 'actual_attack', 'actual_normal', 'predicted_attack', 'predicted_normal', 'true_positives', 'true_negatives', 'false_positives', 'false_negatives', 'precision', 'recall', 'f1_score']
[DEBUG _get_metrics] Extracted from ConfigRecord._data
[DEBUG _get_metrics] res_item[1] type: ConfigRecord
[DEBUG _get_metrics] res_item[1] has metrics attr: False
[DEBUG _get_metrics] res_item[1].__dict__: {'_check_key_fn': <function _check_key at 0x7e977efc8900>, '_check_value_fn': <function _check_value at 0x7e97747b89a0>, '_data': {'accuracy': 0.9580848813056946, 'loss': 0.011647166684269905, 'total_samples': 136681, 'actual_attack': 4456, 'actual_normal': 132225, 'predicted_attack': 10033, 'predicted_normal': 126648, 'true_positives': 4380, 'true_negatives': 126572, 'false_positives': 5653, 'false_negatives': 76, 'precision': 0.4365593541313665, 'recall': 0.9829443447037702, 'f1_score': 0.6045965905169439}}
[DEBUG _get_metrics] res_item[1].keys(): ['accuracy', 'loss', 'total_samples', 'actual_attack', 'actual_normal', 'predicted_attack', 'predicted_normal', 'true_positives', 'true_negatives', 'false_positives', 'false_negatives', 'precision', 'recall', 'f1_score']
[DEBUG _get_metrics] Extracted from ConfigRecord._data
[DEBUG _get_metrics] res_item[1] type: ConfigRecord
[DEBUG _get_metrics] res_item[1] has metrics attr: False
[DEBUG _get_metrics] res_item[1].__dict__: {'_check_key_fn': <function _check_key at 0x7e977efc8900>, '_check_value_fn': <function _check_value at 0x7e97747b89a0>, '_data': {'accuracy': 0.9612421989440918, 'loss': 0.011324985884130001, 'total_samples': 206565, 'actual_attack': 28614, 'actual_normal': 177951, 'predicted_attack': 35718, 'predicted_normal': 170847, 'true_positives': 28163, 'true_negatives': 170396, 'false_positives': 7555, 'false_negatives': 451, 'precision': 0.7884819978722213, 'recall': 0.9842384846578598, 'f1_score': 0.8755518249082883}}
[DEBUG _get_metrics] res_item[1].keys(): ['accuracy', 'loss', 'total_samples', 'actual_attack', 'actual_normal', 'predicted_attack', 'predicted_normal', 'true_positives', 'true_negatives', 'false_positives', 'false_negatives', 'precision', 'recall', 'f1_score']
[DEBUG _get_metrics] Extracted from ConfigRecord._data
[DEBUG] Extracted 4 metrics from results

[Evaluation Summary]
============================================================
Round: 18 / 60
Accuracy (mean):  0.9675  (96.75%)
Loss:             0.0110
[Per-Device Accuracy]
  - Device 0:  0.9647  (96.47%)
  - Device 1:  0.9859  (98.59%)
  - Device 2:  0.9581  (95.81%)
  - Device 3:  0.9612  (96.12%)

[Ground Truth]
  - Attack samples: 35544
  - Normal samples: 104556
  - Total samples:  140100

[Predictions]
  - Predicted Attack:  39383
  - Predicted Normal:  100717

[Confusion Matrix]
  - True Positives (TP):  34990
  - True Negatives (TN):  100163
  - False Positives (FP): 4393
  - False Negatives (FN): 554

[Metrics]
  - Precision:  0.7784  (77.84%)
  - Recall:     0.9844  (98.44%)
  - F1-Score:   0.8518  (85.18%)
============================================================

[36m(ClientAppActor pid=348353)[0m [Client 1] Class weights (smoothed): {0: 1.0961313930322947, 1: 0.9038686069677053}[32m [repeated 4x across cluster][0m
[36m(ClientAppActor pid=348353)[0m [Client 1] Class weights (smoothed): {0: 1.0961313930322947, 1: 0.9038686069677053}[32m [repeated 4x across cluster][0m
[DEBUG] evaluate_metrics_aggregation_fn called with 4 results
[DEBUG] results type: <class 'list'>
[DEBUG] First result type: <class 'tuple'>
[DEBUG] First result length: 2
[DEBUG] results[0][0] type: <class 'int'>
[DEBUG] results[0][1] type: <class 'flwr.app.message.configrecord.ConfigRecord'>
[DEBUG _get_metrics] res_item[1] type: ConfigRecord
[DEBUG _get_metrics] res_item[1] has metrics attr: False[92mINFO [0m:      
[92mINFO [0m:      [ROUND 20]
[92mINFO [0m:      configure_fit: strategy sampled 4 clients (out of 4)
[92mINFO [0m:      aggregate_fit: received 4 results and 0 failures
[92mINFO [0m:      configure_evaluate: strategy sampled 4 clients (out of 4)
[92mINFO [0m:      aggregate_evaluate: received 4 results and 0 failures

[DEBUG _get_metrics] res_item[1].__dict__: {'_check_key_fn': <function _check_key at 0x7e977efc8900>, '_check_value_fn': <function _check_value at 0x7e97747b89a0>, '_data': {'accuracy': 0.9858117699623108, 'loss': 0.009280427359044552, 'total_samples': 16563, 'actual_attack': 16559, 'actual_normal': 4, 'predicted_attack': 16324, 'predicted_normal': 239, 'true_positives': 16324, 'true_negatives': 4, 'false_positives': 0, 'false_negatives': 235, 'precision': 1.0, 'recall': 0.9858083217585603, 'f1_score': 0.9928534501109996}}
[DEBUG _get_metrics] res_item[1].keys(): ['accuracy', 'loss', 'total_samples', 'actual_attack', 'actual_normal', 'predicted_attack', 'predicted_normal', 'true_positives', 'true_negatives', 'false_positives', 'false_negatives', 'precision', 'recall', 'f1_score']
[DEBUG _get_metrics] Extracted from ConfigRecord._data
[DEBUG _get_metrics] res_item[1] type: ConfigRecord
[DEBUG _get_metrics] res_item[1] has metrics attr: False
[DEBUG _get_metrics] res_item[1].__dict__: {'_check_key_fn': <function _check_key at 0x7e977efc8900>, '_check_value_fn': <function _check_value at 0x7e97747b89a0>, '_data': {'accuracy': 0.9582897424697876, 'loss': 0.011808323673903942, 'total_samples': 136681, 'actual_attack': 4456, 'actual_normal': 132225, 'predicted_attack': 10007, 'predicted_normal': 126674, 'true_positives': 4381, 'true_negatives': 126599, 'false_positives': 5626, 'false_negatives': 75, 'precision': 0.43779354451883684, 'recall': 0.9831687612208259, 'f1_score': 0.605821752056973}}
[DEBUG _get_metrics] res_item[1].keys(): ['accuracy', 'loss', 'total_samples', 'actual_attack', 'actual_normal', 'predicted_attack', 'predicted_normal', 'true_positives', 'true_negatives', 'false_positives', 'false_negatives', 'precision', 'recall', 'f1_score']
[DEBUG _get_metrics] Extracted from ConfigRecord._data
[DEBUG _get_metrics] res_item[1] type: ConfigRecord
[DEBUG _get_metrics] res_item[1] has metrics attr: False
[DEBUG _get_metrics] res_item[1].__dict__: {'_check_key_fn': <function _check_key at 0x7e977efc8900>, '_check_value_fn': <function _check_value at 0x7e97747b89a0>, '_data': {'accuracy': 0.9613245129585266, 'loss': 0.011436238884925842, 'total_samples': 206565, 'actual_attack': 28614, 'actual_normal': 177951, 'predicted_attack': 35695, 'predicted_normal': 170870, 'true_positives': 28160, 'true_negatives': 170416, 'false_positives': 7535, 'false_negatives': 454, 'precision': 0.7889060092449923, 'recall': 0.9841336408750961, 'f1_score': 0.8757716649302586}}
[DEBUG _get_metrics] res_item[1].keys(): ['accuracy', 'loss', 'total_samples', 'actual_attack', 'actual_normal', 'predicted_attack', 'predicted_normal', 'true_positives', 'true_negatives', 'false_positives', 'false_negatives', 'precision', 'recall', 'f1_score']
[DEBUG _get_metrics] Extracted from ConfigRecord._data
[DEBUG _get_metrics] res_item[1] type: ConfigRecord
[DEBUG _get_metrics] res_item[1] has metrics attr: False
[DEBUG _get_metrics] res_item[1].__dict__: {'_check_key_fn': <function _check_key at 0x7e977efc8900>, '_check_value_fn': <function _check_value at 0x7e97747b89a0>, '_data': {'accuracy': 0.9647822976112366, 'loss': 0.011343714781105518, 'total_samples': 140100, 'actual_attack': 35544, 'actual_normal': 104556, 'predicted_attack': 39374, 'predicted_normal': 100726, 'true_positives': 34992, 'true_negatives': 100174, 'false_positives': 4382, 'false_negatives': 552, 'precision': 0.8887082846548484, 'recall': 0.9844699527346388, 'f1_score': 0.9341413278517847}}
[DEBUG _get_metrics] res_item[1].keys(): ['accuracy', 'loss', 'total_samples', 'actual_attack', 'actual_normal', 'predicted_attack', 'predicted_normal', 'true_positives', 'true_negatives', 'false_positives', 'false_negatives', 'precision', 'recall', 'f1_score']
[DEBUG _get_metrics] Extracted from ConfigRecord._data
[DEBUG] Extracted 4 metrics from results

[Evaluation Summary]
============================================================
Round: 19 / 60
Accuracy (mean):  0.9676  (96.76%)
Loss:             0.0110
[Per-Device Accuracy]
  - Device 0:  0.9858  (98.58%)
  - Device 1:  0.9583  (95.83%)
  - Device 2:  0.9613  (96.13%)
  - Device 3:  0.9648  (96.48%)

[Ground Truth]
  - Attack samples: 16559
  - Normal samples: 4
  - Total samples:  16563

[Predictions]
  - Predicted Attack:  16324
  - Predicted Normal:  239

[Confusion Matrix]
  - True Positives (TP):  16324
  - True Negatives (TN):  4
  - False Positives (FP): 0
  - False Negatives (FN): 235

[Metrics]
  - Precision:  0.7789  (77.89%)
  - Recall:     0.9844  (98.44%)
  - F1-Score:   0.8521  (85.21%)
============================================================

[36m(ClientAppActor pid=348353)[0m [Client 1] Class weights (smoothed): {0: 1.0961313930322947, 1: 0.9038686069677053}[32m [repeated 4x across cluster][0m
[Round 20] Client contributions:
  Client samples: 9,373 (weight: 0.0034)
  Client samples: 6,730 (weight: 0.0025)
  Client samples: 1,981,913 (weight: 0.7272)
  Client samples: 727,504 (weight: 0.2669)
[36m(ClientAppActor pid=348353)[0m [Client 1] Class weights (smoothed): {0: 1.0961313930322947, 1: 0.9038686069677053}[32m [repeated 4x across cluster][0m
[DEBUG] evaluate_metrics_aggregation_fn called with 4 results
[DEBUG] results type: <class 'list'>
[DEBUG] First result type: <class 'tuple'>
[DEBUG] First result length: 2
[DEBUG] results[0][0] type: <class 'int'>
[DEBUG] results[0][1] type: <class 'flwr.app.message.configrecord.ConfigRecord'>
[DEBUG _get_metrics] res_item[1] type: ConfigRecord
[DEBUG _get_metrics] res_item[1] has metrics attr: False
[DEBUG _get_metrics] res_item[1].__dict__: {'_check_key_fn': <function _check_key at 0x7e977efc8900>, '_check_value_fn': <function _check_value at 0x7e97747b89a0>, '_data': {'accuracy': 0.9645824432373047, 'loss': 0.011329061351716518, 'total_samples': 140100, 'actual_attack': 35544, 'actual_normal': 104556, 'predicted_attack': 39432, 'predicted_normal': 100668, 'true_positives': 35007, 'true_negatives': 100131, 'false_positives': 4425, 'false_negatives': 537, 'precision': 0.8877814972611078, 'recall': 0.9848919648885888, 'f1_score': 0.9338188220230473}}
[DEBUG _get_metrics] res_item[1].keys(): ['accuracy', 'loss', 'total_samples', 'actual_attack', 'actual_normal', 'predicted_attack', 'predicted_normal', 'true_positives', 'true_negatives', 'false_positives', 'false_negatives', 'precision', 'recall', 'f1_score']
[DEBUG _get_metrics] Extracted from ConfigRecord._data
[DEBUG _get_metrics] res_item[1] type: ConfigRecord
[DEBUG _get_metrics] res_item[1] has metrics attr: False
[DEBUG _get_metrics] res_item[1].__dict__: {'_check_key_fn': <function _check_key at 0x7e977efc8900>, '_check_value_fn': <function _check_value at 0x7e97747b89a0>, '_data': {'accuracy': 0.9609614610671997, 'loss': 0.011562790721654892, 'total_samples': 206565, 'actual_attack': 28614, 'actual_normal': 177951, 'predicted_attack': 35804, 'predicted_normal': 170761, 'true_positives': 28177, 'true_negatives': 170324, 'false_positives': 7627, 'false_negatives': 437, 'precision': 0.7869791084794995, 'recall': 0.9847277556440903, 'f1_score': 0.8748175975658977}}
[DEBUG _get_metrics] res_item[1].keys(): ['accuracy', 'loss', 'total_samples', 'actual_attack', 'actual_normal', 'predicted_attack', 'predicted_normal', 'true_positives', 'true_negatives', 'false_positives', 'false_negatives', 'precision', 'recall', 'f1_score']
[DEBUG _get_metrics] Extracted from ConfigRecord._data
[DEBUG _get_metrics] res_item[1] type: ConfigRecord
[DEBUG _get_metrics] res_item[1] has metrics attr: False
[DEBUG _get_metrics] res_item[1].__dict__: {'_check_key_fn': <function _check_key at 0x7e977efc8900>, '_check_value_fn': <function _check_value at 0x7e97747b89a0>, '_data': {'accuracy': 0.9576970934867859, 'loss': 0.012070749886333942, 'total_samples': 136681, 'actual_attack': 4456, 'actual_normal': 132225, 'predicted_attack': 10092, 'predicted_normal': 126589, 'true_positives': 4383, 'true_negatives': 126516, 'false_positives': 5709, 'false_negatives': 73, 'precision': 0.4343043995243757, 'recall': 0.9836175942549371, 'f1_score': 0.6025570525158097}}
[DEBUG _get_metrics] res_item[1].keys(): ['accuracy', 'loss', 'total_samples', 'actual_attack', 'actual_normal', 'predicted_attack', 'predicted_normal', 'true_positives', 'true_negatives', 'false_positives', 'false_negatives', 'precision', 'recall', 'f1_score'][92mINFO [0m:      
[92mINFO [0m:      [ROUND 21]
[92mINFO [0m:      configure_fit: strategy sampled 4 clients (out of 4)
[92mINFO [0m:      aggregate_fit: received 4 results and 0 failures
[92mINFO [0m:      configure_evaluate: strategy sampled 4 clients (out of 4)
[92mINFO [0m:      aggregate_evaluate: received 4 results and 0 failures
[92mINFO [0m:      
[92mINFO [0m:      [ROUND 22]
[92mINFO [0m:      configure_fit: strategy sampled 4 clients (out of 4)
[92mINFO [0m:      aggregate_fit: received 4 results and 0 failures
[92mINFO [0m:      configure_evaluate: strategy sampled 4 clients (out of 4)
[92mINFO [0m:      aggregate_evaluate: received 4 results and 0 failures

[DEBUG _get_metrics] Extracted from ConfigRecord._data
[DEBUG _get_metrics] res_item[1] type: ConfigRecord
[DEBUG _get_metrics] res_item[1] has metrics attr: False
[DEBUG _get_metrics] res_item[1].__dict__: {'_check_key_fn': <function _check_key at 0x7e977efc8900>, '_check_value_fn': <function _check_value at 0x7e97747b89a0>, '_data': {'accuracy': 0.9862343668937683, 'loss': 0.008746503852307796, 'total_samples': 16563, 'actual_attack': 16559, 'actual_normal': 4, 'predicted_attack': 16331, 'predicted_normal': 232, 'true_positives': 16331, 'true_negatives': 4, 'false_positives': 0, 'false_negatives': 228, 'precision': 1.0, 'recall': 0.9862310525997947, 'f1_score': 0.9930678017634539}}
[DEBUG _get_metrics] res_item[1].keys(): ['accuracy', 'loss', 'total_samples', 'actual_attack', 'actual_normal', 'predicted_attack', 'predicted_normal', 'true_positives', 'true_negatives', 'false_positives', 'false_negatives', 'precision', 'recall', 'f1_score']
[DEBUG _get_metrics] Extracted from ConfigRecord._data
[DEBUG] Extracted 4 metrics from results

[Evaluation Summary]
============================================================
Round: 20 / 60
Accuracy (mean):  0.9674  (96.74%)
Loss:             0.0109
[Per-Device Accuracy]
  - Device 0:  0.9646  (96.46%)
  - Device 1:  0.9610  (96.10%)
  - Device 2:  0.9577  (95.77%)
  - Device 3:  0.9862  (98.62%)

[Ground Truth]
  - Attack samples: 35544
  - Normal samples: 104556
  - Total samples:  140100

[Predictions]
  - Predicted Attack:  39432
  - Predicted Normal:  100668

[Confusion Matrix]
  - True Positives (TP):  35007
  - True Negatives (TN):  100131
  - False Positives (FP): 4425
  - False Negatives (FN): 537

[Metrics]
  - Precision:  0.7773  (77.73%)
  - Recall:     0.9849  (98.49%)
  - F1-Score:   0.8511  (85.11%)
============================================================

[36m(ClientAppActor pid=348353)[0m [Client 1] Class weights (smoothed): {0: 1.0961313930322947, 1: 0.9038686069677053}[32m [repeated 4x across cluster][0m
[36m(ClientAppActor pid=348353)[0m [Client 1] Class weights (smoothed): {0: 1.0961313930322947, 1: 0.9038686069677053}[32m [repeated 4x across cluster][0m
[DEBUG] evaluate_metrics_aggregation_fn called with 4 results
[DEBUG] results type: <class 'list'>
[DEBUG] First result type: <class 'tuple'>
[DEBUG] First result length: 2
[DEBUG] results[0][0] type: <class 'int'>
[DEBUG] results[0][1] type: <class 'flwr.app.message.configrecord.ConfigRecord'>
[DEBUG _get_metrics] res_item[1] type: ConfigRecord
[DEBUG _get_metrics] res_item[1] has metrics attr: False
[DEBUG _get_metrics] res_item[1].__dict__: {'_check_key_fn': <function _check_key at 0x7e977efc8900>, '_check_value_fn': <function _check_value at 0x7e97747b89a0>, '_data': {'accuracy': 0.9865966439247131, 'loss': 0.008666089735925198, 'total_samples': 16563, 'actual_attack': 16559, 'actual_normal': 4, 'predicted_attack': 16337, 'predicted_normal': 226, 'true_positives': 16337, 'true_negatives': 4, 'false_positives': 0, 'false_negatives': 222, 'precision': 1.0, 'recall': 0.9865933933208527, 'f1_score': 0.9932514591439688}}
[DEBUG _get_metrics] res_item[1].keys(): ['accuracy', 'loss', 'total_samples', 'actual_attack', 'actual_normal', 'predicted_attack', 'predicted_normal', 'true_positives', 'true_negatives', 'false_positives', 'false_negatives', 'precision', 'recall', 'f1_score']
[DEBUG _get_metrics] Extracted from ConfigRecord._data
[DEBUG _get_metrics] res_item[1] type: ConfigRecord
[DEBUG _get_metrics] res_item[1] has metrics attr: False
[DEBUG _get_metrics] res_item[1].__dict__: {'_check_key_fn': <function _check_key at 0x7e977efc8900>, '_check_value_fn': <function _check_value at 0x7e97747b89a0>, '_data': {'accuracy': 0.957309365272522, 'loss': 0.012080226093530655, 'total_samples': 136681, 'actual_attack': 4456, 'actual_normal': 132225, 'predicted_attack': 10147, 'predicted_normal': 126534, 'true_positives': 4384, 'true_negatives': 126462, 'false_positives': 5763, 'false_negatives': 72, 'precision': 0.43204888144279097, 'recall': 0.9838420107719928, 'f1_score': 0.6004245702937752}}
[DEBUG _get_metrics] res_item[1].keys(): ['accuracy', 'loss', 'total_samples', 'actual_attack', 'actual_normal', 'predicted_attack', 'predicted_normal', 'true_positives', 'true_negatives', 'false_positives', 'false_negatives', 'precision', 'recall', 'f1_score']
[DEBUG _get_metrics] Extracted from ConfigRecord._data
[DEBUG _get_metrics] res_item[1] type: ConfigRecord
[DEBUG _get_metrics] res_item[1] has metrics attr: False
[DEBUG _get_metrics] res_item[1].__dict__: {'_check_key_fn': <function _check_key at 0x7e977efc8900>, '_check_value_fn': <function _check_value at 0x7e97747b89a0>, '_data': {'accuracy': 0.9607629776000977, 'loss': 0.011597870849072933, 'total_samples': 206565, 'actual_attack': 28614, 'actual_normal': 177951, 'predicted_attack': 35873, 'predicted_normal': 170692, 'true_positives': 28191, 'true_negatives': 170269, 'false_positives': 7682, 'false_negatives': 423, 'precision': 0.7858556574582555, 'recall': 0.9852170266303208, 'f1_score': 0.8743157535627337}}
[DEBUG _get_metrics] res_item[1].keys(): ['accuracy', 'loss', 'total_samples', 'actual_attack', 'actual_normal', 'predicted_attack', 'predicted_normal', 'true_positives', 'true_negatives', 'false_positives', 'false_negatives', 'precision', 'recall', 'f1_score']
[DEBUG _get_metrics] Extracted from ConfigRecord._data
[DEBUG _get_metrics] res_item[1] type: ConfigRecord
[DEBUG _get_metrics] res_item[1] has metrics attr: False
[DEBUG _get_metrics] res_item[1].__dict__: {'_check_key_fn': <function _check_key at 0x7e977efc8900>, '_check_value_fn': <function _check_value at 0x7e97747b89a0>, '_data': {'accuracy': 0.9643754363059998, 'loss': 0.01141460333019495, 'total_samples': 140100, 'actual_attack': 35544, 'actual_normal': 104556, 'predicted_attack': 39477, 'predicted_normal': 100623, 'true_positives': 35015, 'true_negatives': 100094, 'false_positives': 4462, 'false_negatives': 529, 'precision': 0.8869721610051422, 'recall': 0.9851170380373622, 'f1_score': 0.9334719611842017}}
[DEBUG _get_metrics] res_item[1].keys(): ['accuracy', 'loss', 'total_samples', 'actual_attack', 'actual_normal', 'predicted_attack', 'predicted_normal', 'true_positives', 'true_negatives', 'false_positives', 'false_negatives', 'precision', 'recall', 'f1_score']
[DEBUG _get_metrics] Extracted from ConfigRecord._data
[DEBUG] Extracted 4 metrics from results

[Evaluation Summary]
============================================================
Round: 21 / 60
Accuracy (mean):  0.9673  (96.73%)
Loss:             0.0109
[Per-Device Accuracy]
  - Device 0:  0.9866  (98.66%)
  - Device 1:  0.9573  (95.73%)
  - Device 2:  0.9608  (96.08%)
  - Device 3:  0.9644  (96.44%)

[Ground Truth]
  - Attack samples: 16559
  - Normal samples: 4
  - Total samples:  16563

[Predictions]
  - Predicted Attack:  16337
  - Predicted Normal:  226

[Confusion Matrix]
  - True Positives (TP):  16337
  - True Negatives (TN):  4
  - False Positives (FP): 0
  - False Negatives (FN): 222

[Metrics]
  - Precision:  0.7762  (77.62%)
  - Recall:     0.9852  (98.52%)
  - F1-Score:   0.8504  (85.04%)
============================================================

[36m(ClientAppActor pid=348353)[0m [Client 1] Class weights (smoothed): {0: 1.0961313930322947, 1: 0.9038686069677053}[32m [repeated 4x across cluster][0m
[36m(ClientAppActor pid=348353)[0m [Client 1] Class weights (smoothed): {0: 1.0961313930322947, 1: 0.9038686069677053}[32m [repeated 4x across cluster][0m
[DEBUG] evaluate_metrics_aggregation_fn called with 4 results
[DEBUG] results type: <class 'list'>
[DEBUG] First result type: <class 'tuple'>
[DEBUG] First result length: 2
[DEBUG] results[0][0] type: <class 'int'>
[DEBUG] results[0][1] type: <class 'flwr.app.message.configrecord.ConfigRecord'>
[DEBUG _get_metrics] res_item[1] type: ConfigRecord
[DEBUG _get_metrics] res_item[1] has metrics attr: False
[DEBUG _get_metrics] res_item[1].__dict__: {'_check_key_fn': <function _check_key at 0x7e977efc8900>, '_check_value_fn': <function _check_value at 0x7e97747b89a0>, '_data': {'accuracy': 0.9639614820480347, 'loss': 0.01141851395368576, 'total_samples': 140100, 'actual_attack': 35544, 'actual_normal': 104556, 'predicted_attack': 39537, 'predicted_normal': 100563, 'true_positives': 35016, 'true_negatives': 100035, 'false_positives': 4521, 'false_negatives': 528, 'precision': 0.8856514151301312, 'recall': 0.9851451721809588, 'f1_score': 0.9327526271626643}}[92mINFO [0m:      
[92mINFO [0m:      [ROUND 23]
[92mINFO [0m:      configure_fit: strategy sampled 4 clients (out of 4)
[92mINFO [0m:      aggregate_fit: received 4 results and 0 failures
[92mINFO [0m:      configure_evaluate: strategy sampled 4 clients (out of 4)
[92mINFO [0m:      aggregate_evaluate: received 4 results and 0 failures

[DEBUG _get_metrics] res_item[1].keys(): ['accuracy', 'loss', 'total_samples', 'actual_attack', 'actual_normal', 'predicted_attack', 'predicted_normal', 'true_positives', 'true_negatives', 'false_positives', 'false_negatives', 'precision', 'recall', 'f1_score']
[DEBUG _get_metrics] Extracted from ConfigRecord._data
[DEBUG _get_metrics] res_item[1] type: ConfigRecord
[DEBUG _get_metrics] res_item[1] has metrics attr: False
[DEBUG _get_metrics] res_item[1].__dict__: {'_check_key_fn': <function _check_key at 0x7e977efc8900>, '_check_value_fn': <function _check_value at 0x7e97747b89a0>, '_data': {'accuracy': 0.9567752480506897, 'loss': 0.011897408403456211, 'total_samples': 136681, 'actual_attack': 4456, 'actual_normal': 132225, 'predicted_attack': 10226, 'predicted_normal': 126455, 'true_positives': 4387, 'true_negatives': 126386, 'false_positives': 5839, 'false_negatives': 69, 'precision': 0.42900449833757087, 'recall': 0.9845152603231598, 'f1_score': 0.5976025064705082}}
[DEBUG _get_metrics] res_item[1].keys(): ['accuracy', 'loss', 'total_samples', 'actual_attack', 'actual_normal', 'predicted_attack', 'predicted_normal', 'true_positives', 'true_negatives', 'false_positives', 'false_negatives', 'precision', 'recall', 'f1_score']
[DEBUG _get_metrics] Extracted from ConfigRecord._data
[DEBUG _get_metrics] res_item[1] type: ConfigRecord
[DEBUG _get_metrics] res_item[1] has metrics attr: False
[DEBUG _get_metrics] res_item[1].__dict__: {'_check_key_fn': <function _check_key at 0x7e977efc8900>, '_check_value_fn': <function _check_value at 0x7e97747b89a0>, '_data': {'accuracy': 0.9865966439247131, 'loss': 0.008973589166998863, 'total_samples': 16563, 'actual_attack': 16559, 'actual_normal': 4, 'predicted_attack': 16337, 'predicted_normal': 226, 'true_positives': 16337, 'true_negatives': 4, 'false_positives': 0, 'false_negatives': 222, 'precision': 1.0, 'recall': 0.9865933933208527, 'f1_score': 0.9932514591439688}}
[DEBUG _get_metrics] res_item[1].keys(): ['accuracy', 'loss', 'total_samples', 'actual_attack', 'actual_normal', 'predicted_attack', 'predicted_normal', 'true_positives', 'true_negatives', 'false_positives', 'false_negatives', 'precision', 'recall', 'f1_score']
[DEBUG _get_metrics] Extracted from ConfigRecord._data
[DEBUG _get_metrics] res_item[1] type: ConfigRecord
[DEBUG _get_metrics] res_item[1] has metrics attr: False
[DEBUG _get_metrics] res_item[1].__dict__: {'_check_key_fn': <function _check_key at 0x7e977efc8900>, '_check_value_fn': <function _check_value at 0x7e97747b89a0>, '_data': {'accuracy': 0.9602982401847839, 'loss': 0.011515559628605843, 'total_samples': 206565, 'actual_attack': 28614, 'actual_normal': 177951, 'predicted_attack': 35965, 'predicted_normal': 170600, 'true_positives': 28189, 'true_negatives': 170175, 'false_positives': 7776, 'false_negatives': 425, 'precision': 0.7837897956346448, 'recall': 0.985147130775145, 'f1_score': 0.8730082534570061}}
[DEBUG _get_metrics] res_item[1].keys(): ['accuracy', 'loss', 'total_samples', 'actual_attack', 'actual_normal', 'predicted_attack', 'predicted_normal', 'true_positives', 'true_negatives', 'false_positives', 'false_negatives', 'precision', 'recall', 'f1_score']
[DEBUG _get_metrics] Extracted from ConfigRecord._data
[DEBUG] Extracted 4 metrics from results

[Evaluation Summary]
============================================================
Round: 22 / 60
Accuracy (mean):  0.9669  (96.69%)
Loss:             0.0110
[Per-Device Accuracy]
  - Device 0:  0.9640  (96.40%)
  - Device 1:  0.9568  (95.68%)
  - Device 2:  0.9866  (98.66%)
  - Device 3:  0.9603  (96.03%)

[Ground Truth]
  - Attack samples: 35544
  - Normal samples: 104556
  - Total samples:  140100

[Predictions]
  - Predicted Attack:  39537
  - Predicted Normal:  100563

[Confusion Matrix]
  - True Positives (TP):  35016
  - True Negatives (TN):  100035
  - False Positives (FP): 4521
  - False Negatives (FN): 528

[Metrics]
  - Precision:  0.7746  (77.46%)
  - Recall:     0.9854  (98.54%)
  - F1-Score:   0.8492  (84.92%)
============================================================

[36m(ClientAppActor pid=348353)[0m [Client 1] Class weights (smoothed): {0: 1.0961313930322947, 1: 0.9038686069677053}[32m [repeated 4x across cluster][0m
[36m(ClientAppActor pid=348353)[0m [Client 1] Class weights (smoothed): {0: 1.0961313930322947, 1: 0.9038686069677053}[32m [repeated 4x across cluster][0m
[DEBUG] evaluate_metrics_aggregation_fn called with 4 results
[DEBUG] results type: <class 'list'>
[DEBUG] First result type: <class 'tuple'>
[DEBUG] First result length: 2
[DEBUG] results[0][0] type: <class 'int'>
[DEBUG] results[0][1] type: <class 'flwr.app.message.configrecord.ConfigRecord'>
[DEBUG _get_metrics] res_item[1] type: ConfigRecord
[DEBUG _get_metrics] res_item[1] has metrics attr: False
[DEBUG _get_metrics] res_item[1].__dict__: {'_check_key_fn': <function _check_key at 0x7e977efc8900>, '_check_value_fn': <function _check_value at 0x7e97747b89a0>, '_data': {'accuracy': 0.9639257788658142, 'loss': 0.011407366953790188, 'total_samples': 140100, 'actual_attack': 35544, 'actual_normal': 104556, 'predicted_attack': 39502, 'predicted_normal': 100598, 'true_positives': 34996, 'true_negatives': 100050, 'false_positives': 4506, 'false_negatives': 548, 'precision': 0.885929826337907, 'recall': 0.9845824893090255, 'f1_score': 0.9326546384883938}}
[DEBUG _get_metrics] res_item[1].keys(): ['accuracy', 'loss', 'total_samples', 'actual_attack', 'actual_normal', 'predicted_attack', 'predicted_normal', 'true_positives', 'true_negatives', 'false_positives', 'false_negatives', 'precision', 'recall', 'f1_score']
[DEBUG _get_metrics] Extracted from ConfigRecord._data
[DEBUG _get_metrics] res_item[1] type: ConfigRecord
[DEBUG _get_metrics] res_item[1] has metrics attr: False
[DEBUG _get_metrics] res_item[1].__dict__: {'_check_key_fn': <function _check_key at 0x7e977efc8900>, '_check_value_fn': <function _check_value at 0x7e97747b89a0>, '_data': {'accuracy': 0.9569215774536133, 'loss': 0.011673596687614918, 'total_samples': 136681, 'actual_attack': 4456, 'actual_normal': 132225, 'predicted_attack': 10200, 'predicted_normal': 126481, 'true_positives': 4384, 'true_negatives': 126409, 'false_positives': 5816, 'false_negatives': 72, 'precision': 0.42980392156862746, 'recall': 0.9838420107719928, 'f1_score': 0.5982532751091703}}
[DEBUG _get_metrics] res_item[1].keys(): ['accuracy', 'loss', 'total_samples', 'actual_attack', 'actual_normal', 'predicted_attack', 'predicted_normal', 'true_positives', 'true_negatives', 'false_positives', 'false_negatives', 'precision', 'recall', 'f1_score']
[DEBUG _get_metrics] Extracted from ConfigRecord._data
[DEBUG _get_metrics] res_item[1] type: ConfigRecord
[DEBUG _get_metrics] res_item[1] has metrics attr: False
[DEBUG _get_metrics] res_item[1].__dict__: {'_check_key_fn': <function _check_key at 0x7e977efc8900>, '_check_value_fn': <function _check_value at 0x7e97747b89a0>, '_data': {'accuracy': 0.9603224396705627, 'loss': 0.011384475976228714, 'total_samples': 206565, 'actual_attack': 28614, 'actual_normal': 177951, 'predicted_attack': 35926, 'predicted_normal': 170639, 'true_positives': 28172, 'true_negatives': 170197, 'false_positives': 7754, 'false_negatives': 442, 'precision': 0.7841674553248343, 'recall': 0.9845530160061509, 'f1_score': 0.8730089866749302}}
[DEBUG _get_metrics] res_item[1].keys(): ['accuracy', 'loss', 'total_samples', 'actual_attack', 'actual_normal', 'predicted_attack', 'predicted_normal', 'true_positives', 'true_negatives', 'false_positives', 'false_negatives', 'precision', 'recall', 'f1_score']
[DEBUG _get_metrics] Extracted from ConfigRecord._data
[DEBUG _get_metrics] res_item[1] type: ConfigRecord
[DEBUG _get_metrics] res_item[1] has metrics attr: False
[DEBUG _get_metrics] res_item[1].__dict__: {'_check_key_fn': <function _check_key at 0x7e977efc8900>, '_check_value_fn': <function _check_value at 0x7e97747b89a0>, '_data': {'accuracy': 0.9861136078834534, 'loss': 0.009510781615972519, 'total_samples': 16563, 'actual_attack': 16559, 'actual_normal': 4, 'predicted_attack': 16329, 'predicted_normal': 234, 'true_positives': 16329, 'true_negatives': 4, 'false_positives': 0, 'false_negatives': 230, 'precision': 1.0, 'recall': 0.986110272359442, 'f1_score': 0.9930065677450741}}[92mINFO [0m:      
[92mINFO [0m:      [ROUND 24]
[92mINFO [0m:      configure_fit: strategy sampled 4 clients (out of 4)
[92mINFO [0m:      aggregate_fit: received 4 results and 0 failures
[92mINFO [0m:      configure_evaluate: strategy sampled 4 clients (out of 4)
[92mINFO [0m:      aggregate_evaluate: received 4 results and 0 failures
[92mINFO [0m:      
[92mINFO [0m:      [ROUND 25]
[92mINFO [0m:      configure_fit: strategy sampled 4 clients (out of 4)
[92mINFO [0m:      aggregate_fit: received 4 results and 0 failures
[92mINFO [0m:      configure_evaluate: strategy sampled 4 clients (out of 4)
[92mINFO [0m:      aggregate_evaluate: received 4 results and 0 failures

[DEBUG _get_metrics] res_item[1].keys(): ['accuracy', 'loss', 'total_samples', 'actual_attack', 'actual_normal', 'predicted_attack', 'predicted_normal', 'true_positives', 'true_negatives', 'false_positives', 'false_negatives', 'precision', 'recall', 'f1_score']
[DEBUG _get_metrics] Extracted from ConfigRecord._data
[DEBUG] Extracted 4 metrics from results

[Evaluation Summary]
============================================================
Round: 23 / 60
Accuracy (mean):  0.9668  (96.68%)
Loss:             0.0110
[Per-Device Accuracy]
  - Device 0:  0.9639  (96.39%)
  - Device 1:  0.9569  (95.69%)
  - Device 2:  0.9603  (96.03%)
  - Device 3:  0.9861  (98.61%)

[Ground Truth]
  - Attack samples: 35544
  - Normal samples: 104556
  - Total samples:  140100

[Predictions]
  - Predicted Attack:  39502
  - Predicted Normal:  100598

[Confusion Matrix]
  - True Positives (TP):  34996
  - True Negatives (TN):  100050
  - False Positives (FP): 4506
  - False Negatives (FN): 548

[Metrics]
  - Precision:  0.7750  (77.50%)
  - Recall:     0.9848  (98.48%)
  - F1-Score:   0.8492  (84.92%)
============================================================

[36m(ClientAppActor pid=348353)[0m [Client 1] Class weights (smoothed): {0: 1.0961313930322947, 1: 0.9038686069677053}[32m [repeated 4x across cluster][0m
[36m(ClientAppActor pid=348353)[0m [Client 1] Class weights (smoothed): {0: 1.0961313930322947, 1: 0.9038686069677053}[32m [repeated 4x across cluster][0m
[DEBUG] evaluate_metrics_aggregation_fn called with 4 results
[DEBUG] results type: <class 'list'>
[DEBUG] First result type: <class 'tuple'>
[DEBUG] First result length: 2
[DEBUG] results[0][0] type: <class 'int'>
[DEBUG] results[0][1] type: <class 'flwr.app.message.configrecord.ConfigRecord'>
[DEBUG _get_metrics] res_item[1] type: ConfigRecord
[DEBUG _get_metrics] res_item[1] has metrics attr: False
[DEBUG _get_metrics] res_item[1].__dict__: {'_check_key_fn': <function _check_key at 0x7e977efc8900>, '_check_value_fn': <function _check_value at 0x7e97747b89a0>, '_data': {'accuracy': 0.963982880115509, 'loss': 0.011594166979193687, 'total_samples': 140100, 'actual_attack': 35544, 'actual_normal': 104556, 'predicted_attack': 39492, 'predicted_normal': 100608, 'true_positives': 34995, 'true_negatives': 100059, 'false_positives': 4497, 'false_negatives': 549, 'precision': 0.8861288362199939, 'recall': 0.9845543551654288, 'f1_score': 0.9327522789061251}}
[DEBUG _get_metrics] res_item[1].keys(): ['accuracy', 'loss', 'total_samples', 'actual_attack', 'actual_normal', 'predicted_attack', 'predicted_normal', 'true_positives', 'true_negatives', 'false_positives', 'false_negatives', 'precision', 'recall', 'f1_score']
[DEBUG _get_metrics] Extracted from ConfigRecord._data
[DEBUG _get_metrics] res_item[1] type: ConfigRecord
[DEBUG _get_metrics] res_item[1] has metrics attr: False
[DEBUG _get_metrics] res_item[1].__dict__: {'_check_key_fn': <function _check_key at 0x7e977efc8900>, '_check_value_fn': <function _check_value at 0x7e97747b89a0>, '_data': {'accuracy': 0.9859325289726257, 'loss': 0.009588655084371567, 'total_samples': 16563, 'actual_attack': 16559, 'actual_normal': 4, 'predicted_attack': 16326, 'predicted_normal': 237, 'true_positives': 16326, 'true_negatives': 4, 'false_positives': 0, 'false_negatives': 233, 'precision': 1.0, 'recall': 0.9859291019989129, 'f1_score': 0.9929147027520145}}
[DEBUG _get_metrics] res_item[1].keys(): ['accuracy', 'loss', 'total_samples', 'actual_attack', 'actual_normal', 'predicted_attack', 'predicted_normal', 'true_positives', 'true_negatives', 'false_positives', 'false_negatives', 'precision', 'recall', 'f1_score']
[DEBUG _get_metrics] Extracted from ConfigRecord._data
[DEBUG _get_metrics] res_item[1] type: ConfigRecord
[DEBUG _get_metrics] res_item[1] has metrics attr: False
[DEBUG _get_metrics] res_item[1].__dict__: {'_check_key_fn': <function _check_key at 0x7e977efc8900>, '_check_value_fn': <function _check_value at 0x7e97747b89a0>, '_data': {'accuracy': 0.956950843334198, 'loss': 0.011899999342858791, 'total_samples': 136681, 'actual_attack': 4456, 'actual_normal': 132225, 'predicted_attack': 10192, 'predicted_normal': 126489, 'true_positives': 4382, 'true_negatives': 126415, 'false_positives': 5810, 'false_negatives': 74, 'precision': 0.42994505494505497, 'recall': 0.9833931777378815, 'f1_score': 0.5983069361004916}}
[DEBUG _get_metrics] res_item[1].keys(): ['accuracy', 'loss', 'total_samples', 'actual_attack', 'actual_normal', 'predicted_attack', 'predicted_normal', 'true_positives', 'true_negatives', 'false_positives', 'false_negatives', 'precision', 'recall', 'f1_score']
[DEBUG _get_metrics] Extracted from ConfigRecord._data
[DEBUG _get_metrics] res_item[1] type: ConfigRecord
[DEBUG _get_metrics] res_item[1] has metrics attr: False
[DEBUG _get_metrics] res_item[1].__dict__: {'_check_key_fn': <function _check_key at 0x7e977efc8900>, '_check_value_fn': <function _check_value at 0x7e97747b89a0>, '_data': {'accuracy': 0.9604337811470032, 'loss': 0.011578715406358242, 'total_samples': 206565, 'actual_attack': 28614, 'actual_normal': 177951, 'predicted_attack': 35903, 'predicted_normal': 170662, 'true_positives': 28172, 'true_negatives': 170220, 'false_positives': 7731, 'false_negatives': 442, 'precision': 0.784669804751692, 'recall': 0.9845530160061509, 'f1_score': 0.8733202101771627}}
[DEBUG _get_metrics] res_item[1].keys(): ['accuracy', 'loss', 'total_samples', 'actual_attack', 'actual_normal', 'predicted_attack', 'predicted_normal', 'true_positives', 'true_negatives', 'false_positives', 'false_negatives', 'precision', 'recall', 'f1_score']
[DEBUG _get_metrics] Extracted from ConfigRecord._data
[DEBUG] Extracted 4 metrics from results

[Evaluation Summary]
============================================================
Round: 24 / 60
Accuracy (mean):  0.9668  (96.68%)
Loss:             0.0112
[Per-Device Accuracy]
  - Device 0:  0.9640  (96.40%)
  - Device 1:  0.9859  (98.59%)
  - Device 2:  0.9570  (95.70%)
  - Device 3:  0.9604  (96.04%)

[Ground Truth]
  - Attack samples: 35544
  - Normal samples: 104556
  - Total samples:  140100

[Predictions]
  - Predicted Attack:  39492
  - Predicted Normal:  100608

[Confusion Matrix]
  - True Positives (TP):  34995
  - True Negatives (TN):  100059
  - False Positives (FP): 4497
  - False Negatives (FN): 549

[Metrics]
  - Precision:  0.7752  (77.52%)
  - Recall:     0.9846  (98.46%)
  - F1-Score:   0.8493  (84.93%)
============================================================

[36m(ClientAppActor pid=348353)[0m [Client 1] Class weights (smoothed): {0: 1.0961313930322947, 1: 0.9038686069677053}[32m [repeated 4x across cluster][0m
[Round 25] Client contributions:
  Client samples: 6,730 (weight: 0.0025)
  Client samples: 1,981,913 (weight: 0.7272)
  Client samples: 9,373 (weight: 0.0034)
  Client samples: 727,504 (weight: 0.2669)
[36m(ClientAppActor pid=348353)[0m [Client 1] Class weights (smoothed): {0: 1.0961313930322947, 1: 0.9038686069677053}[32m [repeated 4x across cluster][0m
[DEBUG] evaluate_metrics_aggregation_fn called with 4 results
[DEBUG] results type: <class 'list'>
[DEBUG] First result type: <class 'tuple'>
[DEBUG] First result length: 2
[DEBUG] results[0][0] type: <class 'int'>
[DEBUG] results[0][1] type: <class 'flwr.app.message.configrecord.ConfigRecord'>
[DEBUG _get_metrics] res_item[1] type: ConfigRecord
[DEBUG _get_metrics] res_item[1] has metrics attr: False
[DEBUG _get_metrics] res_item[1].__dict__: {'_check_key_fn': <function _check_key at 0x7e977efc8900>, '_check_value_fn': <function _check_value at 0x7e97747b89a0>, '_data': {'accuracy': 0.9639471769332886, 'loss': 0.011711983010172844, 'total_samples': 140100, 'actual_attack': 35544, 'actual_normal': 104556, 'predicted_attack': 39493, 'predicted_normal': 100607, 'true_positives': 34993, 'true_negatives': 100056, 'false_positives': 4500, 'false_negatives': 551, 'precision': 0.8860557567163801, 'recall': 0.9844980868782355, 'f1_score': 0.932686541306289}}
[DEBUG _get_metrics] res_item[1].keys(): ['accuracy', 'loss', 'total_samples', 'actual_attack', 'actual_normal', 'predicted_attack', 'predicted_normal', 'true_positives', 'true_negatives', 'false_positives', 'false_negatives', 'precision', 'recall', 'f1_score'][92mINFO [0m:      
[92mINFO [0m:      [ROUND 26]
[92mINFO [0m:      configure_fit: strategy sampled 4 clients (out of 4)
[92mINFO [0m:      aggregate_fit: received 4 results and 0 failures
[92mINFO [0m:      configure_evaluate: strategy sampled 4 clients (out of 4)
[92mINFO [0m:      aggregate_evaluate: received 4 results and 0 failures

[DEBUG _get_metrics] Extracted from ConfigRecord._data
[DEBUG _get_metrics] res_item[1] type: ConfigRecord
[DEBUG _get_metrics] res_item[1] has metrics attr: False
[DEBUG _get_metrics] res_item[1].__dict__: {'_check_key_fn': <function _check_key at 0x7e977efc8900>, '_check_value_fn': <function _check_value at 0x7e97747b89a0>, '_data': {'accuracy': 0.9859928488731384, 'loss': 0.009004924446344376, 'total_samples': 16563, 'actual_attack': 16559, 'actual_normal': 4, 'predicted_attack': 16327, 'predicted_normal': 236, 'true_positives': 16327, 'true_negatives': 4, 'false_positives': 0, 'false_negatives': 232, 'precision': 1.0, 'recall': 0.9859894921190894, 'f1_score': 0.9929453262786596}}
[DEBUG _get_metrics] res_item[1].keys(): ['accuracy', 'loss', 'total_samples', 'actual_attack', 'actual_normal', 'predicted_attack', 'predicted_normal', 'true_positives', 'true_negatives', 'false_positives', 'false_negatives', 'precision', 'recall', 'f1_score']
[DEBUG _get_metrics] Extracted from ConfigRecord._data
[DEBUG _get_metrics] res_item[1] type: ConfigRecord
[DEBUG _get_metrics] res_item[1] has metrics attr: False
[DEBUG _get_metrics] res_item[1].__dict__: {'_check_key_fn': <function _check_key at 0x7e977efc8900>, '_check_value_fn': <function _check_value at 0x7e97747b89a0>, '_data': {'accuracy': 0.9567972421646118, 'loss': 0.012222840450704098, 'total_samples': 136681, 'actual_attack': 4456, 'actual_normal': 132225, 'predicted_attack': 10213, 'predicted_normal': 126468, 'true_positives': 4382, 'true_negatives': 126394, 'false_positives': 5831, 'false_negatives': 74, 'precision': 0.429061000685401, 'recall': 0.9833931777378815, 'f1_score': 0.5974504056172881}}
[DEBUG _get_metrics] res_item[1].keys(): ['accuracy', 'loss', 'total_samples', 'actual_attack', 'actual_normal', 'predicted_attack', 'predicted_normal', 'true_positives', 'true_negatives', 'false_positives', 'false_negatives', 'precision', 'recall', 'f1_score']
[DEBUG _get_metrics] Extracted from ConfigRecord._data
[DEBUG _get_metrics] res_item[1] type: ConfigRecord
[DEBUG _get_metrics] res_item[1] has metrics attr: False
[DEBUG _get_metrics] res_item[1].__dict__: {'_check_key_fn': <function _check_key at 0x7e977efc8900>, '_check_value_fn': <function _check_value at 0x7e97747b89a0>, '_data': {'accuracy': 0.9602159261703491, 'loss': 0.011814672499895096, 'total_samples': 206565, 'actual_attack': 28614, 'actual_normal': 177951, 'predicted_attack': 35946, 'predicted_normal': 170619, 'true_positives': 28171, 'true_negatives': 170176, 'false_positives': 7775, 'false_negatives': 443, 'precision': 0.7837033327769432, 'recall': 0.9845180680785629, 'f1_score': 0.8727075588599751}}
[DEBUG _get_metrics] res_item[1].keys(): ['accuracy', 'loss', 'total_samples', 'actual_attack', 'actual_normal', 'predicted_attack', 'predicted_normal', 'true_positives', 'true_negatives', 'false_positives', 'false_negatives', 'precision', 'recall', 'f1_score']
[DEBUG _get_metrics] Extracted from ConfigRecord._data
[DEBUG] Extracted 4 metrics from results

[Evaluation Summary]
============================================================
Round: 25 / 60
Accuracy (mean):  0.9667  (96.67%)
Loss:             0.0112
[Per-Device Accuracy]
  - Device 0:  0.9639  (96.39%)
  - Device 1:  0.9860  (98.60%)
  - Device 2:  0.9568  (95.68%)
  - Device 3:  0.9602  (96.02%)

[Ground Truth]
  - Attack samples: 35544
  - Normal samples: 104556
  - Total samples:  140100

[Predictions]
  - Predicted Attack:  39493
  - Predicted Normal:  100607

[Confusion Matrix]
  - True Positives (TP):  34993
  - True Negatives (TN):  100056
  - False Positives (FP): 4500
  - False Negatives (FN): 551

[Metrics]
  - Precision:  0.7747  (77.47%)
  - Recall:     0.9846  (98.46%)
  - F1-Score:   0.8489  (84.89%)
============================================================

[36m(ClientAppActor pid=348353)[0m [Client 1] Class weights (smoothed): {0: 1.0961313930322947, 1: 0.9038686069677053}[32m [repeated 4x across cluster][0m
[36m(ClientAppActor pid=348353)[0m [Client 1] Class weights (smoothed): {0: 1.0961313930322947, 1: 0.9038686069677053}[32m [repeated 4x across cluster][0m
[DEBUG] evaluate_metrics_aggregation_fn called with 4 results
[DEBUG] results type: <class 'list'>
[DEBUG] First result type: <class 'tuple'>
[DEBUG] First result length: 2
[DEBUG] results[0][0] type: <class 'int'>
[DEBUG] results[0][1] type: <class 'flwr.app.message.configrecord.ConfigRecord'>
[DEBUG _get_metrics] res_item[1] type: ConfigRecord
[DEBUG _get_metrics] res_item[1] has metrics attr: False
[DEBUG _get_metrics] res_item[1].__dict__: {'_check_key_fn': <function _check_key at 0x7e977efc8900>, '_check_value_fn': <function _check_value at 0x7e97747b89a0>, '_data': {'accuracy': 0.9862947463989258, 'loss': 0.008645213209092617, 'total_samples': 16563, 'actual_attack': 16559, 'actual_normal': 4, 'predicted_attack': 16332, 'predicted_normal': 231, 'true_positives': 16332, 'true_negatives': 4, 'false_positives': 0, 'false_negatives': 227, 'precision': 1.0, 'recall': 0.986291442719971, 'f1_score': 0.9930984159800554}}
[DEBUG _get_metrics] res_item[1].keys(): ['accuracy', 'loss', 'total_samples', 'actual_attack', 'actual_normal', 'predicted_attack', 'predicted_normal', 'true_positives', 'true_negatives', 'false_positives', 'false_negatives', 'precision', 'recall', 'f1_score']
[DEBUG _get_metrics] Extracted from ConfigRecord._data
[DEBUG _get_metrics] res_item[1] type: ConfigRecord
[DEBUG _get_metrics] res_item[1] has metrics attr: False
[DEBUG _get_metrics] res_item[1].__dict__: {'_check_key_fn': <function _check_key at 0x7e977efc8900>, '_check_value_fn': <function _check_value at 0x7e97747b89a0>, '_data': {'accuracy': 0.9568849802017212, 'loss': 0.012204306200146675, 'total_samples': 136681, 'actual_attack': 4456, 'actual_normal': 132225, 'predicted_attack': 10201, 'predicted_normal': 126480, 'true_positives': 4382, 'true_negatives': 126406, 'false_positives': 5819, 'false_negatives': 74, 'precision': 0.42956572885011274, 'recall': 0.9833931777378815, 'f1_score': 0.5979395510677492}}
[DEBUG _get_metrics] res_item[1].keys(): ['accuracy', 'loss', 'total_samples', 'actual_attack', 'actual_normal', 'predicted_attack', 'predicted_normal', 'true_positives', 'true_negatives', 'false_positives', 'false_negatives', 'precision', 'recall', 'f1_score']
[DEBUG _get_metrics] Extracted from ConfigRecord._data
[DEBUG _get_metrics] res_item[1] type: ConfigRecord
[DEBUG _get_metrics] res_item[1] has metrics attr: False
[DEBUG _get_metrics] res_item[1].__dict__: {'_check_key_fn': <function _check_key at 0x7e977efc8900>, '_check_value_fn': <function _check_value at 0x7e97747b89a0>, '_data': {'accuracy': 0.9640685319900513, 'loss': 0.011613688431680202, 'total_samples': 140100, 'actual_attack': 35544, 'actual_normal': 104556, 'predicted_attack': 39494, 'predicted_normal': 100606, 'true_positives': 35002, 'true_negatives': 100064, 'false_positives': 4492, 'false_negatives': 542, 'precision': 0.8862612042335545, 'recall': 0.9847512941706055, 'f1_score': 0.9329139902449425}}
[DEBUG _get_metrics] res_item[1].keys(): ['accuracy', 'loss', 'total_samples', 'actual_attack', 'actual_normal', 'predicted_attack', 'predicted_normal', 'true_positives', 'true_negatives', 'false_positives', 'false_negatives', 'precision', 'recall', 'f1_score']
[DEBUG _get_metrics] Extracted from ConfigRecord._data
[DEBUG _get_metrics] res_item[1] type: ConfigRecord
[DEBUG _get_metrics] res_item[1] has metrics attr: False
[DEBUG _get_metrics] res_item[1].__dict__: {'_check_key_fn': <function _check_key at 0x7e977efc8900>, '_check_value_fn': <function _check_value at 0x7e97747b89a0>, '_data': {'accuracy': 0.9603562951087952, 'loss': 0.011760980822145939, 'total_samples': 206565, 'actual_attack': 28614, 'actual_normal': 177951, 'predicted_attack': 35925, 'predicted_normal': 170640, 'true_positives': 28175, 'true_negatives': 170201, 'false_positives': 7750, 'false_negatives': 439, 'precision': 0.7842727905358385, 'recall': 0.9846578597889145, 'f1_score': 0.8731154805621406}}
[DEBUG _get_metrics] res_item[1].keys(): ['accuracy', 'loss', 'total_samples', 'actual_attack', 'actual_normal', 'predicted_attack', 'predicted_normal', 'true_positives', 'true_negatives', 'false_positives', 'false_negatives', 'precision', 'recall', 'f1_score'][92mINFO [0m:      
[92mINFO [0m:      [ROUND 27]
[92mINFO [0m:      configure_fit: strategy sampled 4 clients (out of 4)
[92mINFO [0m:      aggregate_fit: received 4 results and 0 failures
[92mINFO [0m:      configure_evaluate: strategy sampled 4 clients (out of 4)
[92mINFO [0m:      aggregate_evaluate: received 4 results and 0 failures
[92mINFO [0m:      
[92mINFO [0m:      [ROUND 28]
[92mINFO [0m:      configure_fit: strategy sampled 4 clients (out of 4)
[92mINFO [0m:      aggregate_fit: received 4 results and 0 failures
[92mINFO [0m:      configure_evaluate: strategy sampled 4 clients (out of 4)
[92mINFO [0m:      aggregate_evaluate: received 4 results and 0 failures

[DEBUG _get_metrics] Extracted from ConfigRecord._data
[DEBUG] Extracted 4 metrics from results

[Evaluation Summary]
============================================================
Round: 26 / 60
Accuracy (mean):  0.9669  (96.69%)
Loss:             0.0111
[Per-Device Accuracy]
  - Device 0:  0.9863  (98.63%)
  - Device 1:  0.9569  (95.69%)
  - Device 2:  0.9641  (96.41%)
  - Device 3:  0.9604  (96.04%)

[Ground Truth]
  - Attack samples: 16559
  - Normal samples: 4
  - Total samples:  16563

[Predictions]
  - Predicted Attack:  16332
  - Predicted Normal:  231

[Confusion Matrix]
  - True Positives (TP):  16332
  - True Negatives (TN):  4
  - False Positives (FP): 0
  - False Negatives (FN): 227

[Metrics]
  - Precision:  0.7750  (77.50%)
  - Recall:     0.9848  (98.48%)
  - F1-Score:   0.8493  (84.93%)
============================================================

[36m(ClientAppActor pid=348353)[0m [Client 1] Class weights (smoothed): {0: 1.0961313930322947, 1: 0.9038686069677053}[32m [repeated 4x across cluster][0m
[36m(ClientAppActor pid=348353)[0m [Client 1] Class weights (smoothed): {0: 1.0961313930322947, 1: 0.9038686069677053}[32m [repeated 4x across cluster][0m
[DEBUG] evaluate_metrics_aggregation_fn called with 4 results
[DEBUG] results type: <class 'list'>
[DEBUG] First result type: <class 'tuple'>
[DEBUG] First result length: 2
[DEBUG] results[0][0] type: <class 'int'>
[DEBUG] results[0][1] type: <class 'flwr.app.message.configrecord.ConfigRecord'>
[DEBUG _get_metrics] res_item[1] type: ConfigRecord
[DEBUG _get_metrics] res_item[1] has metrics attr: False
[DEBUG _get_metrics] res_item[1].__dict__: {'_check_key_fn': <function _check_key at 0x7e977efc8900>, '_check_value_fn': <function _check_value at 0x7e97747b89a0>, '_data': {'accuracy': 0.9567899107933044, 'loss': 0.012150652706623077, 'total_samples': 136681, 'actual_attack': 4456, 'actual_normal': 132225, 'predicted_attack': 10216, 'predicted_normal': 126465, 'true_positives': 4383, 'true_negatives': 126392, 'false_positives': 5833, 'false_negatives': 73, 'precision': 0.42903288958496477, 'recall': 0.9836175942549371, 'f1_score': 0.597464558342421}}
[DEBUG _get_metrics] res_item[1].keys(): ['accuracy', 'loss', 'total_samples', 'actual_attack', 'actual_normal', 'predicted_attack', 'predicted_normal', 'true_positives', 'true_negatives', 'false_positives', 'false_negatives', 'precision', 'recall', 'f1_score']
[DEBUG _get_metrics] Extracted from ConfigRecord._data
[DEBUG _get_metrics] res_item[1] type: ConfigRecord
[DEBUG _get_metrics] res_item[1] has metrics attr: False
[DEBUG _get_metrics] res_item[1].__dict__: {'_check_key_fn': <function _check_key at 0x7e977efc8900>, '_check_value_fn': <function _check_value at 0x7e97747b89a0>, '_data': {'accuracy': 0.9602691531181335, 'loss': 0.011747744865715504, 'total_samples': 206565, 'actual_attack': 28614, 'actual_normal': 177951, 'predicted_attack': 35937, 'predicted_normal': 170628, 'true_positives': 28172, 'true_negatives': 170186, 'false_positives': 7765, 'false_negatives': 442, 'precision': 0.7839274285555278, 'recall': 0.9845530160061509, 'f1_score': 0.8728602190516027}}
[DEBUG _get_metrics] res_item[1].keys(): ['accuracy', 'loss', 'total_samples', 'actual_attack', 'actual_normal', 'predicted_attack', 'predicted_normal', 'true_positives', 'true_negatives', 'false_positives', 'false_negatives', 'precision', 'recall', 'f1_score']
[DEBUG _get_metrics] Extracted from ConfigRecord._data
[DEBUG _get_metrics] res_item[1] type: ConfigRecord
[DEBUG _get_metrics] res_item[1] has metrics attr: False
[DEBUG _get_metrics] res_item[1].__dict__: {'_check_key_fn': <function _check_key at 0x7e977efc8900>, '_check_value_fn': <function _check_value at 0x7e97747b89a0>, '_data': {'accuracy': 0.9639614820480347, 'loss': 0.011632612906396389, 'total_samples': 140100, 'actual_attack': 35544, 'actual_normal': 104556, 'predicted_attack': 39501, 'predicted_normal': 100599, 'true_positives': 34998, 'true_negatives': 100053, 'false_positives': 4503, 'false_negatives': 546, 'precision': 0.886002886002886, 'recall': 0.9846387575962188, 'f1_score': 0.9327203677793324}}
[DEBUG _get_metrics] res_item[1].keys(): ['accuracy', 'loss', 'total_samples', 'actual_attack', 'actual_normal', 'predicted_attack', 'predicted_normal', 'true_positives', 'true_negatives', 'false_positives', 'false_negatives', 'precision', 'recall', 'f1_score']
[DEBUG _get_metrics] Extracted from ConfigRecord._data
[DEBUG _get_metrics] res_item[1] type: ConfigRecord
[DEBUG _get_metrics] res_item[1] has metrics attr: False
[DEBUG _get_metrics] res_item[1].__dict__: {'_check_key_fn': <function _check_key at 0x7e977efc8900>, '_check_value_fn': <function _check_value at 0x7e97747b89a0>, '_data': {'accuracy': 0.9861739873886108, 'loss': 0.008979011327028275, 'total_samples': 16563, 'actual_attack': 16559, 'actual_normal': 4, 'predicted_attack': 16330, 'predicted_normal': 233, 'true_positives': 16330, 'true_negatives': 4, 'false_positives': 0, 'false_negatives': 229, 'precision': 1.0, 'recall': 0.9861706624796184, 'f1_score': 0.9930371856851836}}
[DEBUG _get_metrics] res_item[1].keys(): ['accuracy', 'loss', 'total_samples', 'actual_attack', 'actual_normal', 'predicted_attack', 'predicted_normal', 'true_positives', 'true_negatives', 'false_positives', 'false_negatives', 'precision', 'recall', 'f1_score']
[DEBUG _get_metrics] Extracted from ConfigRecord._data
[DEBUG] Extracted 4 metrics from results

[Evaluation Summary]
============================================================
Round: 27 / 60
Accuracy (mean):  0.9668  (96.68%)
Loss:             0.0111
[Per-Device Accuracy]
  - Device 0:  0.9568  (95.68%)
  - Device 1:  0.9603  (96.03%)
  - Device 2:  0.9640  (96.40%)
  - Device 3:  0.9862  (98.62%)

[Ground Truth]
  - Attack samples: 4456
  - Normal samples: 132225
  - Total samples:  136681

[Predictions]
  - Predicted Attack:  10216
  - Predicted Normal:  126465

[Confusion Matrix]
  - True Positives (TP):  4383
  - True Negatives (TN):  126392
  - False Positives (FP): 5833
  - False Negatives (FN): 73

[Metrics]
  - Precision:  0.7747  (77.47%)
  - Recall:     0.9847  (98.47%)
  - F1-Score:   0.8490  (84.90%)
============================================================

[36m(ClientAppActor pid=348353)[0m [Client 1] Class weights (smoothed): {0: 1.0961313930322947, 1: 0.9038686069677053}[32m [repeated 4x across cluster][0m
[36m(ClientAppActor pid=348353)[0m [Client 1] Class weights (smoothed): {0: 1.0961313930322947, 1: 0.9038686069677053}[32m [repeated 4x across cluster][0m
[DEBUG] evaluate_metrics_aggregation_fn called with 4 results
[DEBUG] results type: <class 'list'>
[DEBUG] First result type: <class 'tuple'>
[DEBUG] First result length: 2
[DEBUG] results[0][0] type: <class 'int'>
[DEBUG] results[0][1] type: <class 'flwr.app.message.configrecord.ConfigRecord'>
[DEBUG _get_metrics] res_item[1] type: ConfigRecord
[DEBUG _get_metrics] res_item[1] has metrics attr: False
[DEBUG _get_metrics] res_item[1].__dict__: {'_check_key_fn': <function _check_key at 0x7e977efc8900>, '_check_value_fn': <function _check_value at 0x7e97747b89a0>, '_data': {'accuracy': 0.985328733921051, 'loss': 0.009820006787776947, 'total_samples': 16563, 'actual_attack': 16559, 'actual_normal': 4, 'predicted_attack': 16316, 'predicted_normal': 247, 'true_positives': 16316, 'true_negatives': 4, 'false_positives': 0, 'false_negatives': 243, 'precision': 1.0, 'recall': 0.9853252007971496, 'f1_score': 0.9926083650190114}}
[DEBUG _get_metrics] res_item[1].keys(): ['accuracy', 'loss', 'total_samples', 'actual_attack', 'actual_normal', 'predicted_attack', 'predicted_normal', 'true_positives', 'true_negatives', 'false_positives', 'false_negatives', 'precision', 'recall', 'f1_score']
[DEBUG _get_metrics] Extracted from ConfigRecord._data
[DEBUG _get_metrics] res_item[1] type: ConfigRecord
[DEBUG _get_metrics] res_item[1] has metrics attr: False
[DEBUG _get_metrics] res_item[1].__dict__: {'_check_key_fn': <function _check_key at 0x7e977efc8900>, '_check_value_fn': <function _check_value at 0x7e97747b89a0>, '_data': {'accuracy': 0.964111328125, 'loss': 0.011463980190455914, 'total_samples': 140100, 'actual_attack': 35544, 'actual_normal': 104556, 'predicted_attack': 39432, 'predicted_normal': 100668, 'true_positives': 34974, 'true_negatives': 100098, 'false_positives': 4458, 'false_negatives': 570, 'precision': 0.8869446135118685, 'recall': 0.9839635381498987, 'f1_score': 0.9329385403329066}}[92mINFO [0m:      
[92mINFO [0m:      [ROUND 29]
[92mINFO [0m:      configure_fit: strategy sampled 4 clients (out of 4)
[92mINFO [0m:      aggregate_fit: received 4 results and 0 failures
[92mINFO [0m:      configure_evaluate: strategy sampled 4 clients (out of 4)
[92mINFO [0m:      aggregate_evaluate: received 4 results and 0 failures

[DEBUG _get_metrics] res_item[1].keys(): ['accuracy', 'loss', 'total_samples', 'actual_attack', 'actual_normal', 'predicted_attack', 'predicted_normal', 'true_positives', 'true_negatives', 'false_positives', 'false_negatives', 'precision', 'recall', 'f1_score']
[DEBUG _get_metrics] Extracted from ConfigRecord._data
[DEBUG _get_metrics] res_item[1] type: ConfigRecord
[DEBUG _get_metrics] res_item[1] has metrics attr: False
[DEBUG _get_metrics] res_item[1].__dict__: {'_check_key_fn': <function _check_key at 0x7e977efc8900>, '_check_value_fn': <function _check_value at 0x7e97747b89a0>, '_data': {'accuracy': 0.9604628086090088, 'loss': 0.01145389024168253, 'total_samples': 206565, 'actual_attack': 28614, 'actual_normal': 177951, 'predicted_attack': 35853, 'predicted_normal': 170712, 'true_positives': 28150, 'true_negatives': 170248, 'false_positives': 7703, 'false_negatives': 464, 'precision': 0.7851504755529524, 'recall': 0.9837841615992172, 'f1_score': 0.8733150293948843}}
[DEBUG _get_metrics] res_item[1].keys(): ['accuracy', 'loss', 'total_samples', 'actual_attack', 'actual_normal', 'predicted_attack', 'predicted_normal', 'true_positives', 'true_negatives', 'false_positives', 'false_negatives', 'precision', 'recall', 'f1_score']
[DEBUG _get_metrics] Extracted from ConfigRecord._data
[DEBUG _get_metrics] res_item[1] type: ConfigRecord
[DEBUG _get_metrics] res_item[1] has metrics attr: False
[DEBUG _get_metrics] res_item[1].__dict__: {'_check_key_fn': <function _check_key at 0x7e977efc8900>, '_check_value_fn': <function _check_value at 0x7e97747b89a0>, '_data': {'accuracy': 0.9571191072463989, 'loss': 0.011698761023581028, 'total_samples': 136681, 'actual_attack': 4456, 'actual_normal': 132225, 'predicted_attack': 10165, 'predicted_normal': 126516, 'true_positives': 4380, 'true_negatives': 126440, 'false_positives': 5785, 'false_negatives': 76, 'precision': 0.4308903098868667, 'recall': 0.9829443447037702, 'f1_score': 0.5991382258395459}}
[DEBUG _get_metrics] res_item[1].keys(): ['accuracy', 'loss', 'total_samples', 'actual_attack', 'actual_normal', 'predicted_attack', 'predicted_normal', 'true_positives', 'true_negatives', 'false_positives', 'false_negatives', 'precision', 'recall', 'f1_score']
[DEBUG _get_metrics] Extracted from ConfigRecord._data
[DEBUG] Extracted 4 metrics from results

[Evaluation Summary]
============================================================
Round: 28 / 60
Accuracy (mean):  0.9668  (96.68%)
Loss:             0.0111
[Per-Device Accuracy]
  - Device 0:  0.9853  (98.53%)
  - Device 1:  0.9641  (96.41%)
  - Device 2:  0.9605  (96.05%)
  - Device 3:  0.9571  (95.71%)

[Ground Truth]
  - Attack samples: 16559
  - Normal samples: 4
  - Total samples:  16563

[Predictions]
  - Predicted Attack:  16316
  - Predicted Normal:  247

[Confusion Matrix]
  - True Positives (TP):  16316
  - True Negatives (TN):  4
  - False Positives (FP): 0
  - False Negatives (FN): 243

[Metrics]
  - Precision:  0.7757  (77.57%)
  - Recall:     0.9840  (98.40%)
  - F1-Score:   0.8495  (84.95%)
============================================================

[36m(ClientAppActor pid=348353)[0m [Client 1] Class weights (smoothed): {0: 1.0961313930322947, 1: 0.9038686069677053}[32m [repeated 4x across cluster][0m
[36m(ClientAppActor pid=348353)[0m [Client 1] Class weights (smoothed): {0: 1.0961313930322947, 1: 0.9038686069677053}[32m [repeated 4x across cluster][0m
[DEBUG] evaluate_metrics_aggregation_fn called with 4 results
[DEBUG] results type: <class 'list'>
[DEBUG] First result type: <class 'tuple'>
[DEBUG] First result length: 2
[DEBUG] results[0][0] type: <class 'int'>
[DEBUG] results[0][1] type: <class 'flwr.app.message.configrecord.ConfigRecord'>
[DEBUG _get_metrics] res_item[1] type: ConfigRecord
[DEBUG _get_metrics] res_item[1] has metrics attr: False
[DEBUG _get_metrics] res_item[1].__dict__: {'_check_key_fn': <function _check_key at 0x7e977efc8900>, '_check_value_fn': <function _check_value at 0x7e97747b89a0>, '_data': {'accuracy': 0.9609372615814209, 'loss': 0.0112814512103796, 'total_samples': 206565, 'actual_attack': 28614, 'actual_normal': 177951, 'predicted_attack': 35743, 'predicted_normal': 170822, 'true_positives': 28144, 'true_negatives': 170352, 'false_positives': 7599, 'false_negatives': 470, 'precision': 0.7873989312592675, 'recall': 0.9835744740336898, 'f1_score': 0.874621253321317}}
[DEBUG _get_metrics] res_item[1].keys(): ['accuracy', 'loss', 'total_samples', 'actual_attack', 'actual_normal', 'predicted_attack', 'predicted_normal', 'true_positives', 'true_negatives', 'false_positives', 'false_negatives', 'precision', 'recall', 'f1_score']
[DEBUG _get_metrics] Extracted from ConfigRecord._data
[DEBUG _get_metrics] res_item[1] type: ConfigRecord
[DEBUG _get_metrics] res_item[1] has metrics attr: False
[DEBUG _get_metrics] res_item[1].__dict__: {'_check_key_fn': <function _check_key at 0x7e977efc8900>, '_check_value_fn': <function _check_value at 0x7e97747b89a0>, '_data': {'accuracy': 0.9576751589775085, 'loss': 0.011489828117191792, 'total_samples': 136681, 'actual_attack': 4456, 'actual_normal': 132225, 'predicted_attack': 10089, 'predicted_normal': 126592, 'true_positives': 4380, 'true_negatives': 126516, 'false_positives': 5709, 'false_negatives': 76, 'precision': 0.43413618792744574, 'recall': 0.9829443447037702, 'f1_score': 0.6022688209006531}}
[DEBUG _get_metrics] res_item[1].keys(): ['accuracy', 'loss', 'total_samples', 'actual_attack', 'actual_normal', 'predicted_attack', 'predicted_normal', 'true_positives', 'true_negatives', 'false_positives', 'false_negatives', 'precision', 'recall', 'f1_score']
[DEBUG _get_metrics] Extracted from ConfigRecord._data
[DEBUG _get_metrics] res_item[1] type: ConfigRecord
[DEBUG _get_metrics] res_item[1] has metrics attr: False
[DEBUG _get_metrics] res_item[1].__dict__: {'_check_key_fn': <function _check_key at 0x7e977efc8900>, '_check_value_fn': <function _check_value at 0x7e97747b89a0>, '_data': {'accuracy': 0.9644824862480164, 'loss': 0.011246723122894764, 'total_samples': 140100, 'actual_attack': 35544, 'actual_normal': 104556, 'predicted_attack': 39376, 'predicted_normal': 100724, 'true_positives': 34972, 'true_negatives': 100152, 'false_positives': 4404, 'false_negatives': 572, 'precision': 0.8881552214546932, 'recall': 0.9839072698627054, 'f1_score': 0.9335824879871863}}
[DEBUG _get_metrics] res_item[1].keys(): ['accuracy', 'loss', 'total_samples', 'actual_attack', 'actual_normal', 'predicted_attack', 'predicted_normal', 'true_positives', 'true_negatives', 'false_positives', 'false_negatives', 'precision', 'recall', 'f1_score']
[DEBUG _get_metrics] Extracted from ConfigRecord._data
[DEBUG _get_metrics] res_item[1] type: ConfigRecord
[DEBUG _get_metrics] res_item[1] has metrics attr: False
[DEBUG _get_metrics] res_item[1].__dict__: {'_check_key_fn': <function _check_key at 0x7e977efc8900>, '_check_value_fn': <function _check_value at 0x7e97747b89a0>, '_data': {'accuracy': 0.9850872159004211, 'loss': 0.009780853986740112, 'total_samples': 16563, 'actual_attack': 16559, 'actual_normal': 4, 'predicted_attack': 16312, 'predicted_normal': 251, 'true_positives': 16312, 'true_negatives': 4, 'false_positives': 0, 'false_negatives': 247, 'precision': 1.0, 'recall': 0.9850836403164442, 'f1_score': 0.9924857777372151}}
[DEBUG _get_metrics] res_item[1].keys(): ['accuracy', 'loss', 'total_samples', 'actual_attack', 'actual_normal', 'predicted_attack', 'predicted_normal', 'true_positives', 'true_negatives', 'false_positives', 'false_negatives', 'precision', 'recall', 'f1_score']
[DEBUG _get_metrics] Extracted from ConfigRecord._data
[DEBUG] Extracted 4 metrics from results

[Evaluation Summary]
============================================================
Round: 29 / 60
Accuracy (mean):  0.9670  (96.70%)
Loss:             0.0109
[Per-Device Accuracy]
  - Device 0:  0.9609  (96.09%)
  - Device 1:  0.9577  (95.77%)
  - Device 2:  0.9645  (96.45%)
  - Device 3:  0.9851  (98.51%)

[Ground Truth]
  - Attack samples: 28614
  - Normal samples: 177951
  - Total samples:  206565

[Predictions]
  - Predicted Attack:  35743
  - Predicted Normal:  170822

[Confusion Matrix]
  - True Positives (TP):  28144[92mINFO [0m:      
[92mINFO [0m:      [ROUND 30]
[92mINFO [0m:      configure_fit: strategy sampled 4 clients (out of 4)
[92mINFO [0m:      aggregate_fit: received 4 results and 0 failures
[92mINFO [0m:      configure_evaluate: strategy sampled 4 clients (out of 4)
[92mINFO [0m:      aggregate_evaluate: received 4 results and 0 failures
[92mINFO [0m:      
[92mINFO [0m:      [ROUND 31]
[92mINFO [0m:      configure_fit: strategy sampled 4 clients (out of 4)
[92mINFO [0m:      aggregate_fit: received 4 results and 0 failures
[92mINFO [0m:      configure_evaluate: strategy sampled 4 clients (out of 4)
[92mINFO [0m:      aggregate_evaluate: received 4 results and 0 failures

  - True Negatives (TN):  170352
  - False Positives (FP): 7599
  - False Negatives (FN): 470

[Metrics]
  - Precision:  0.7774  (77.74%)
  - Recall:     0.9839  (98.39%)
  - F1-Score:   0.8507  (85.07%)
============================================================

[36m(ClientAppActor pid=348353)[0m [Client 1] Class weights (smoothed): {0: 1.0961313930322947, 1: 0.9038686069677053}[32m [repeated 4x across cluster][0m
[Round 30] Client contributions:
  Client samples: 1,981,913 (weight: 0.7272)
  Client samples: 9,373 (weight: 0.0034)
  Client samples: 6,730 (weight: 0.0025)
  Client samples: 727,504 (weight: 0.2669)
[36m(ClientAppActor pid=348353)[0m [Client 1] Class weights (smoothed): {0: 1.0961313930322947, 1: 0.9038686069677053}[32m [repeated 4x across cluster][0m
[DEBUG] evaluate_metrics_aggregation_fn called with 4 results
[DEBUG] results type: <class 'list'>
[DEBUG] First result type: <class 'tuple'>
[DEBUG] First result length: 2
[DEBUG] results[0][0] type: <class 'int'>
[DEBUG] results[0][1] type: <class 'flwr.app.message.configrecord.ConfigRecord'>
[DEBUG _get_metrics] res_item[1] type: ConfigRecord
[DEBUG _get_metrics] res_item[1] has metrics attr: False
[DEBUG _get_metrics] res_item[1].__dict__: {'_check_key_fn': <function _check_key at 0x7e977efc8900>, '_check_value_fn': <function _check_value at 0x7e97747b89a0>, '_data': {'accuracy': 0.9584653377532959, 'loss': 0.011503024026751518, 'total_samples': 136681, 'actual_attack': 4456, 'actual_normal': 132225, 'predicted_attack': 9981, 'predicted_normal': 126700, 'true_positives': 4380, 'true_negatives': 126624, 'false_positives': 5601, 'false_negatives': 76, 'precision': 0.43883378418996094, 'recall': 0.9829443447037702, 'f1_score': 0.606774260580453}}
[DEBUG _get_metrics] res_item[1].keys(): ['accuracy', 'loss', 'total_samples', 'actual_attack', 'actual_normal', 'predicted_attack', 'predicted_normal', 'true_positives', 'true_negatives', 'false_positives', 'false_negatives', 'precision', 'recall', 'f1_score']
[DEBUG _get_metrics] Extracted from ConfigRecord._data
[DEBUG _get_metrics] res_item[1] type: ConfigRecord
[DEBUG _get_metrics] res_item[1] has metrics attr: False
[DEBUG _get_metrics] res_item[1].__dict__: {'_check_key_fn': <function _check_key at 0x7e977efc8900>, '_check_value_fn': <function _check_value at 0x7e97747b89a0>, '_data': {'accuracy': 0.961532711982727, 'loss': 0.011264867149293423, 'total_samples': 206565, 'actual_attack': 28614, 'actual_normal': 177951, 'predicted_attack': 35642, 'predicted_normal': 170923, 'true_positives': 28155, 'true_negatives': 170464, 'false_positives': 7487, 'false_negatives': 459, 'precision': 0.7899388362044779, 'recall': 0.9839589012371567, 'f1_score': 0.8763383964143426}}
[DEBUG _get_metrics] res_item[1].keys(): ['accuracy', 'loss', 'total_samples', 'actual_attack', 'actual_normal', 'predicted_attack', 'predicted_normal', 'true_positives', 'true_negatives', 'false_positives', 'false_negatives', 'precision', 'recall', 'f1_score']
[DEBUG _get_metrics] Extracted from ConfigRecord._data
[DEBUG _get_metrics] res_item[1] type: ConfigRecord
[DEBUG _get_metrics] res_item[1] has metrics attr: False
[DEBUG _get_metrics] res_item[1].__dict__: {'_check_key_fn': <function _check_key at 0x7e977efc8900>, '_check_value_fn': <function _check_value at 0x7e97747b89a0>, '_data': {'accuracy': 0.9649893045425415, 'loss': 0.011148544028401375, 'total_samples': 140100, 'actual_attack': 35544, 'actual_normal': 104556, 'predicted_attack': 39319, 'predicted_normal': 100781, 'true_positives': 34979, 'true_negatives': 100216, 'false_positives': 4340, 'false_negatives': 565, 'precision': 0.8896207940181592, 'recall': 0.9841042088678821, 'f1_score': 0.934480317379747}}
[DEBUG _get_metrics] res_item[1].keys(): ['accuracy', 'loss', 'total_samples', 'actual_attack', 'actual_normal', 'predicted_attack', 'predicted_normal', 'true_positives', 'true_negatives', 'false_positives', 'false_negatives', 'precision', 'recall', 'f1_score']
[DEBUG _get_metrics] Extracted from ConfigRecord._data
[DEBUG _get_metrics] res_item[1] type: ConfigRecord
[DEBUG _get_metrics] res_item[1] has metrics attr: False
[DEBUG _get_metrics] res_item[1].__dict__: {'_check_key_fn': <function _check_key at 0x7e977efc8900>, '_check_value_fn': <function _check_value at 0x7e97747b89a0>, '_data': {'accuracy': 0.9856306314468384, 'loss': 0.009484612382948399, 'total_samples': 16563, 'actual_attack': 16559, 'actual_normal': 4, 'predicted_attack': 16321, 'predicted_normal': 242, 'true_positives': 16321, 'true_negatives': 4, 'false_positives': 0, 'false_negatives': 238, 'precision': 1.0, 'recall': 0.9856271513980313, 'f1_score': 0.9927615571776156}}
[DEBUG _get_metrics] res_item[1].keys(): ['accuracy', 'loss', 'total_samples', 'actual_attack', 'actual_normal', 'predicted_attack', 'predicted_normal', 'true_positives', 'true_negatives', 'false_positives', 'false_negatives', 'precision', 'recall', 'f1_score']
[DEBUG _get_metrics] Extracted from ConfigRecord._data
[DEBUG] Extracted 4 metrics from results

[Evaluation Summary]
============================================================
Round: 30 / 60
Accuracy (mean):  0.9677  (96.77%)
Loss:             0.0109
[Per-Device Accuracy]
  - Device 0:  0.9585  (95.85%)
  - Device 1:  0.9615  (96.15%)
  - Device 2:  0.9650  (96.50%)
  - Device 3:  0.9856  (98.56%)

[Ground Truth]
  - Attack samples: 4456
  - Normal samples: 132225
  - Total samples:  136681

[Predictions]
  - Predicted Attack:  9981
  - Predicted Normal:  126700

[Confusion Matrix]
  - True Positives (TP):  4380
  - True Negatives (TN):  126624
  - False Positives (FP): 5601
  - False Negatives (FN): 76

[Metrics]
  - Precision:  0.7796  (77.96%)
  - Recall:     0.9842  (98.42%)
  - F1-Score:   0.8526  (85.26%)
============================================================

[36m(ClientAppActor pid=348353)[0m [Client 1] Class weights (smoothed): {0: 1.0961313930322947, 1: 0.9038686069677053}[32m [repeated 4x across cluster][0m
[36m(ClientAppActor pid=348353)[0m [Client 1] Class weights (smoothed): {0: 1.0961313930322947, 1: 0.9038686069677053}[32m [repeated 4x across cluster][0m
[DEBUG] evaluate_metrics_aggregation_fn called with 4 results
[DEBUG] results type: <class 'list'>
[DEBUG] First result type: <class 'tuple'>
[DEBUG] First result length: 2
[DEBUG] results[0][0] type: <class 'int'>
[DEBUG] results[0][1] type: <class 'flwr.app.message.configrecord.ConfigRecord'>
[DEBUG _get_metrics] res_item[1] type: ConfigRecord
[DEBUG _get_metrics] res_item[1] has metrics attr: False
[DEBUG _get_metrics] res_item[1].__dict__: {'_check_key_fn': <function _check_key at 0x7e977efc8900>, '_check_value_fn': <function _check_value at 0x7e97747b89a0>, '_data': {'accuracy': 0.9583848714828491, 'loss': 0.011725431308150291, 'total_samples': 136681, 'actual_attack': 4456, 'actual_normal': 132225, 'predicted_attack': 9994, 'predicted_normal': 126687, 'true_positives': 4381, 'true_negatives': 126612, 'false_positives': 5613, 'false_negatives': 75, 'precision': 0.43836301781068643, 'recall': 0.9831687612208259, 'f1_score': 0.6063667820069204}}
[DEBUG _get_metrics] res_item[1].keys(): ['accuracy', 'loss', 'total_samples', 'actual_attack', 'actual_normal', 'predicted_attack', 'predicted_normal', 'true_positives', 'true_negatives', 'false_positives', 'false_negatives', 'precision', 'recall', 'f1_score']
[DEBUG _get_metrics] Extracted from ConfigRecord._data
[DEBUG _get_metrics] res_item[1] type: ConfigRecord
[DEBUG _get_metrics] res_item[1] has metrics attr: False
[DEBUG _get_metrics] res_item[1].__dict__: {'_check_key_fn': <function _check_key at 0x7e977efc8900>, '_check_value_fn': <function _check_value at 0x7e97747b89a0>, '_data': {'accuracy': 0.9649679064750671, 'loss': 0.011237791739404202, 'total_samples': 140100, 'actual_attack': 35544, 'actual_normal': 104556, 'predicted_attack': 39324, 'predicted_normal': 100776, 'true_positives': 34980, 'true_negatives': 100212, 'false_positives': 4344, 'false_negatives': 564, 'precision': 0.889533109551419, 'recall': 0.9841323430114788, 'f1_score': 0.9344446225356628}}
[DEBUG _get_metrics] res_item[1].keys(): ['accuracy', 'loss', 'total_samples', 'actual_attack', 'actual_normal', 'predicted_attack', 'predicted_normal', 'true_positives', 'true_negatives', 'false_positives', 'false_negatives', 'precision', 'recall', 'f1_score'][92mINFO [0m:      
[92mINFO [0m:      [ROUND 32]
[92mINFO [0m:      configure_fit: strategy sampled 4 clients (out of 4)
[92mINFO [0m:      aggregate_fit: received 4 results and 0 failures
[92mINFO [0m:      configure_evaluate: strategy sampled 4 clients (out of 4)
[92mINFO [0m:      aggregate_evaluate: received 4 results and 0 failures

[DEBUG _get_metrics] Extracted from ConfigRecord._data
[DEBUG _get_metrics] res_item[1] type: ConfigRecord
[DEBUG _get_metrics] res_item[1] has metrics attr: False
[DEBUG _get_metrics] res_item[1].__dict__: {'_check_key_fn': <function _check_key at 0x7e977efc8900>, '_check_value_fn': <function _check_value at 0x7e97747b89a0>, '_data': {'accuracy': 0.961552083492279, 'loss': 0.011387590318918228, 'total_samples': 206565, 'actual_attack': 28614, 'actual_normal': 177951, 'predicted_attack': 35652, 'predicted_normal': 170913, 'true_positives': 28162, 'true_negatives': 170461, 'false_positives': 7490, 'false_negatives': 452, 'precision': 0.7899136093346797, 'recall': 0.9842035367302719, 'f1_score': 0.8764198798742725}}
[DEBUG _get_metrics] res_item[1].keys(): ['accuracy', 'loss', 'total_samples', 'actual_attack', 'actual_normal', 'predicted_attack', 'predicted_normal', 'true_positives', 'true_negatives', 'false_positives', 'false_negatives', 'precision', 'recall', 'f1_score']
[DEBUG _get_metrics] Extracted from ConfigRecord._data
[DEBUG _get_metrics] res_item[1] type: ConfigRecord
[DEBUG _get_metrics] res_item[1] has metrics attr: False
[DEBUG _get_metrics] res_item[1].__dict__: {'_check_key_fn': <function _check_key at 0x7e977efc8900>, '_check_value_fn': <function _check_value at 0x7e97747b89a0>, '_data': {'accuracy': 0.9858117699623108, 'loss': 0.008891246281564236, 'total_samples': 16563, 'actual_attack': 16559, 'actual_normal': 4, 'predicted_attack': 16324, 'predicted_normal': 239, 'true_positives': 16324, 'true_negatives': 4, 'false_positives': 0, 'false_negatives': 235, 'precision': 1.0, 'recall': 0.9858083217585603, 'f1_score': 0.9928534501109996}}
[DEBUG _get_metrics] res_item[1].keys(): ['accuracy', 'loss', 'total_samples', 'actual_attack', 'actual_normal', 'predicted_attack', 'predicted_normal', 'true_positives', 'true_negatives', 'false_positives', 'false_negatives', 'precision', 'recall', 'f1_score']
[DEBUG _get_metrics] Extracted from ConfigRecord._data
[DEBUG] Extracted 4 metrics from results

[Evaluation Summary]
============================================================
Round: 31 / 60
Accuracy (mean):  0.9677  (96.77%)
Loss:             0.0108
[Per-Device Accuracy]
  - Device 0:  0.9584  (95.84%)
  - Device 1:  0.9650  (96.50%)
  - Device 2:  0.9616  (96.16%)
  - Device 3:  0.9858  (98.58%)

[Ground Truth]
  - Attack samples: 4456
  - Normal samples: 132225
  - Total samples:  136681

[Predictions]
  - Predicted Attack:  9994
  - Predicted Normal:  126687

[Confusion Matrix]
  - True Positives (TP):  4381
  - True Negatives (TN):  126612
  - False Positives (FP): 5613
  - False Negatives (FN): 75

[Metrics]
  - Precision:  0.7795  (77.95%)
  - Recall:     0.9843  (98.43%)
  - F1-Score:   0.8525  (85.25%)
============================================================

[36m(ClientAppActor pid=348353)[0m [Client 1] Class weights (smoothed): {0: 1.0961313930322947, 1: 0.9038686069677053}[32m [repeated 4x across cluster][0m
[36m(ClientAppActor pid=348353)[0m [Client 1] Class weights (smoothed): {0: 1.0961313930322947, 1: 0.9038686069677053}[32m [repeated 4x across cluster][0m
[DEBUG] evaluate_metrics_aggregation_fn called with 4 results
[DEBUG] results type: <class 'list'>
[DEBUG] First result type: <class 'tuple'>
[DEBUG] First result length: 2
[DEBUG] results[0][0] type: <class 'int'>
[DEBUG] results[0][1] type: <class 'flwr.app.message.configrecord.ConfigRecord'>
[DEBUG _get_metrics] res_item[1] type: ConfigRecord
[DEBUG _get_metrics] res_item[1] has metrics attr: False
[DEBUG _get_metrics] res_item[1].__dict__: {'_check_key_fn': <function _check_key at 0x7e977efc8900>, '_check_value_fn': <function _check_value at 0x7e97747b89a0>, '_data': {'accuracy': 0.9642184376716614, 'loss': 0.011669573374092579, 'total_samples': 140100, 'actual_attack': 35544, 'actual_normal': 104556, 'predicted_attack': 39423, 'predicted_normal': 100677, 'true_positives': 34977, 'true_negatives': 100110, 'false_positives': 4446, 'false_negatives': 567, 'precision': 0.8872231945818431, 'recall': 0.9840479405806887, 'f1_score': 0.9331305774540798}}
[DEBUG _get_metrics] res_item[1].keys(): ['accuracy', 'loss', 'total_samples', 'actual_attack', 'actual_normal', 'predicted_attack', 'predicted_normal', 'true_positives', 'true_negatives', 'false_positives', 'false_negatives', 'precision', 'recall', 'f1_score']
[DEBUG _get_metrics] Extracted from ConfigRecord._data
[DEBUG _get_metrics] res_item[1] type: ConfigRecord
[DEBUG _get_metrics] res_item[1] has metrics attr: False
[DEBUG _get_metrics] res_item[1].__dict__: {'_check_key_fn': <function _check_key at 0x7e977efc8900>, '_check_value_fn': <function _check_value at 0x7e97747b89a0>, '_data': {'accuracy': 0.9606612920761108, 'loss': 0.011957589536905289, 'total_samples': 206565, 'actual_attack': 28614, 'actual_normal': 177951, 'predicted_attack': 35832, 'predicted_normal': 170733, 'true_positives': 28160, 'true_negatives': 170279, 'false_positives': 7672, 'false_negatives': 454, 'precision': 0.7858897075240009, 'recall': 0.9841336408750961, 'f1_score': 0.873909940104894}}
[DEBUG _get_metrics] res_item[1].keys(): ['accuracy', 'loss', 'total_samples', 'actual_attack', 'actual_normal', 'predicted_attack', 'predicted_normal', 'true_positives', 'true_negatives', 'false_positives', 'false_negatives', 'precision', 'recall', 'f1_score']
[DEBUG _get_metrics] Extracted from ConfigRecord._data
[DEBUG _get_metrics] res_item[1] type: ConfigRecord
[DEBUG _get_metrics] res_item[1] has metrics attr: False
[DEBUG _get_metrics] res_item[1].__dict__: {'_check_key_fn': <function _check_key at 0x7e977efc8900>, '_check_value_fn': <function _check_value at 0x7e97747b89a0>, '_data': {'accuracy': 0.9572874307632446, 'loss': 0.012407624162733555, 'total_samples': 136681, 'actual_attack': 4456, 'actual_normal': 132225, 'predicted_attack': 10150, 'predicted_normal': 126531, 'true_positives': 4384, 'true_negatives': 126459, 'false_positives': 5766, 'false_negatives': 72, 'precision': 0.43192118226600984, 'recall': 0.9838420107719928, 'f1_score': 0.6003012460632617}}
[DEBUG _get_metrics] res_item[1].keys(): ['accuracy', 'loss', 'total_samples', 'actual_attack', 'actual_normal', 'predicted_attack', 'predicted_normal', 'true_positives', 'true_negatives', 'false_positives', 'false_negatives', 'precision', 'recall', 'f1_score']
[DEBUG _get_metrics] Extracted from ConfigRecord._data
[DEBUG _get_metrics] res_item[1] type: ConfigRecord
[DEBUG _get_metrics] res_item[1] has metrics attr: False
[DEBUG _get_metrics] res_item[1].__dict__: {'_check_key_fn': <function _check_key at 0x7e977efc8900>, '_check_value_fn': <function _check_value at 0x7e97747b89a0>, '_data': {'accuracy': 0.9859325289726257, 'loss': 0.00855930894613266, 'total_samples': 16563, 'actual_attack': 16559, 'actual_normal': 4, 'predicted_attack': 16326, 'predicted_normal': 237, 'true_positives': 16326, 'true_negatives': 4, 'false_positives': 0, 'false_negatives': 233, 'precision': 1.0, 'recall': 0.9859291019989129, 'f1_score': 0.9929147027520145}}
[DEBUG _get_metrics] res_item[1].keys(): ['accuracy', 'loss', 'total_samples', 'actual_attack', 'actual_normal', 'predicted_attack', 'predicted_normal', 'true_positives', 'true_negatives', 'false_positives', 'false_negatives', 'precision', 'recall', 'f1_score']
[DEBUG _get_metrics] Extracted from ConfigRecord._data
[DEBUG] Extracted 4 metrics from results

[Evaluation Summary]
============================================================
Round: 32 / 60
Accuracy (mean):  0.9670  (96.70%)
Loss:             0.0111
[Per-Device Accuracy]
  - Device 0:  0.9642  (96.42%)
  - Device 1:  0.9607  (96.07%)
  - Device 2:  0.9573  (95.73%)
  - Device 3:  0.9859  (98.59%)

[Ground Truth]
  - Attack samples: 35544
  - Normal samples: 104556
  - Total samples:  140100

[Predictions]
  - Predicted Attack:  39423
  - Predicted Normal:  100677

[Confusion Matrix]
  - True Positives (TP):  34977
  - True Negatives (TN):  100110
  - False Positives (FP): 4446
  - False Negatives (FN): 567

[Metrics]
  - Precision:  0.7763  (77.63%)
  - Recall:     0.9845  (98.45%)
  - F1-Score:   0.8501  (85.01%)
============================================================
[92mINFO [0m:      
[92mINFO [0m:      [ROUND 33]
[92mINFO [0m:      configure_fit: strategy sampled 4 clients (out of 4)
[92mINFO [0m:      aggregate_fit: received 4 results and 0 failures
[92mINFO [0m:      configure_evaluate: strategy sampled 4 clients (out of 4)
[92mINFO [0m:      aggregate_evaluate: received 4 results and 0 failures
[92mINFO [0m:      
[92mINFO [0m:      [ROUND 34]
[92mINFO [0m:      configure_fit: strategy sampled 4 clients (out of 4)
[92mINFO [0m:      aggregate_fit: received 4 results and 0 failures
[92mINFO [0m:      configure_evaluate: strategy sampled 4 clients (out of 4)
[92mINFO [0m:      aggregate_evaluate: received 4 results and 0 failures

[36m(ClientAppActor pid=348353)[0m [Client 1] Class weights (smoothed): {0: 1.0961313930322947, 1: 0.9038686069677053}[32m [repeated 4x across cluster][0m
[36m(ClientAppActor pid=348353)[0m [Client 1] Class weights (smoothed): {0: 1.0961313930322947, 1: 0.9038686069677053}[32m [repeated 4x across cluster][0m
[DEBUG] evaluate_metrics_aggregation_fn called with 4 results
[DEBUG] results type: <class 'list'>
[DEBUG] First result type: <class 'tuple'>
[DEBUG] First result length: 2
[DEBUG] results[0][0] type: <class 'int'>
[DEBUG] results[0][1] type: <class 'flwr.app.message.configrecord.ConfigRecord'>
[DEBUG _get_metrics] res_item[1] type: ConfigRecord
[DEBUG _get_metrics] res_item[1] has metrics attr: False
[DEBUG _get_metrics] res_item[1].__dict__: {'_check_key_fn': <function _check_key at 0x7e977efc8900>, '_check_value_fn': <function _check_value at 0x7e97747b89a0>, '_data': {'accuracy': 0.9643611907958984, 'loss': 0.011763131245970726, 'total_samples': 140100, 'actual_attack': 35544, 'actual_normal': 104556, 'predicted_attack': 39427, 'predicted_normal': 100673, 'true_positives': 34989, 'true_negatives': 100118, 'false_positives': 4438, 'false_negatives': 555, 'precision': 0.8874375428006188, 'recall': 0.9843855503038488, 'f1_score': 0.9334009150204745}}
[DEBUG _get_metrics] res_item[1].keys(): ['accuracy', 'loss', 'total_samples', 'actual_attack', 'actual_normal', 'predicted_attack', 'predicted_normal', 'true_positives', 'true_negatives', 'false_positives', 'false_negatives', 'precision', 'recall', 'f1_score']
[DEBUG _get_metrics] Extracted from ConfigRecord._data
[DEBUG _get_metrics] res_item[1] type: ConfigRecord
[DEBUG _get_metrics] res_item[1] has metrics attr: False
[DEBUG _get_metrics] res_item[1].__dict__: {'_check_key_fn': <function _check_key at 0x7e977efc8900>, '_check_value_fn': <function _check_value at 0x7e97747b89a0>, '_data': {'accuracy': 0.9573386311531067, 'loss': 0.012715713120996952, 'total_samples': 136681, 'actual_attack': 4456, 'actual_normal': 132225, 'predicted_attack': 10143, 'predicted_normal': 126538, 'true_positives': 4384, 'true_negatives': 126466, 'false_positives': 5759, 'false_negatives': 72, 'precision': 0.43221926451740117, 'recall': 0.9838420107719928, 'f1_score': 0.6005890814439345}}
[DEBUG _get_metrics] res_item[1].keys(): ['accuracy', 'loss', 'total_samples', 'actual_attack', 'actual_normal', 'predicted_attack', 'predicted_normal', 'true_positives', 'true_negatives', 'false_positives', 'false_negatives', 'precision', 'recall', 'f1_score']
[DEBUG _get_metrics] Extracted from ConfigRecord._data
[DEBUG _get_metrics] res_item[1] type: ConfigRecord
[DEBUG _get_metrics] res_item[1] has metrics attr: False
[DEBUG _get_metrics] res_item[1].__dict__: {'_check_key_fn': <function _check_key at 0x7e977efc8900>, '_check_value_fn': <function _check_value at 0x7e97747b89a0>, '_data': {'accuracy': 0.9861136078834534, 'loss': 0.008106129243969917, 'total_samples': 16563, 'actual_attack': 16559, 'actual_normal': 4, 'predicted_attack': 16329, 'predicted_normal': 234, 'true_positives': 16329, 'true_negatives': 4, 'false_positives': 0, 'false_negatives': 230, 'precision': 1.0, 'recall': 0.986110272359442, 'f1_score': 0.9930065677450741}}
[DEBUG _get_metrics] res_item[1].keys(): ['accuracy', 'loss', 'total_samples', 'actual_attack', 'actual_normal', 'predicted_attack', 'predicted_normal', 'true_positives', 'true_negatives', 'false_positives', 'false_negatives', 'precision', 'recall', 'f1_score']
[DEBUG _get_metrics] Extracted from ConfigRecord._data
[DEBUG _get_metrics] res_item[1] type: ConfigRecord
[DEBUG _get_metrics] res_item[1] has metrics attr: False
[DEBUG _get_metrics] res_item[1].__dict__: {'_check_key_fn': <function _check_key at 0x7e977efc8900>, '_check_value_fn': <function _check_value at 0x7e97747b89a0>, '_data': {'accuracy': 0.9607290625572205, 'loss': 0.012190848588943481, 'total_samples': 206565, 'actual_attack': 28614, 'actual_normal': 177951, 'predicted_attack': 35840, 'predicted_normal': 170725, 'true_positives': 28171, 'true_negatives': 170282, 'false_positives': 7669, 'false_negatives': 443, 'precision': 0.7860212053571428, 'recall': 0.9845180680785629, 'f1_score': 0.8741427995159338}}
[DEBUG _get_metrics] res_item[1].keys(): ['accuracy', 'loss', 'total_samples', 'actual_attack', 'actual_normal', 'predicted_attack', 'predicted_normal', 'true_positives', 'true_negatives', 'false_positives', 'false_negatives', 'precision', 'recall', 'f1_score']
[DEBUG _get_metrics] Extracted from ConfigRecord._data
[DEBUG] Extracted 4 metrics from results

[Evaluation Summary]
============================================================
Round: 33 / 60
Accuracy (mean):  0.9671  (96.71%)
Loss:             0.0112
[Per-Device Accuracy]
  - Device 0:  0.9644  (96.44%)
  - Device 1:  0.9573  (95.73%)
  - Device 2:  0.9861  (98.61%)
  - Device 3:  0.9607  (96.07%)

[Ground Truth]
  - Attack samples: 35544
  - Normal samples: 104556
  - Total samples:  140100

[Predictions]
  - Predicted Attack:  39427
  - Predicted Normal:  100673

[Confusion Matrix]
  - True Positives (TP):  34989
  - True Negatives (TN):  100118
  - False Positives (FP): 4438
  - False Negatives (FN): 555

[Metrics]
  - Precision:  0.7764  (77.64%)
  - Recall:     0.9847  (98.47%)
  - F1-Score:   0.8503  (85.03%)
============================================================

[36m(ClientAppActor pid=348353)[0m [Client 1] Class weights (smoothed): {0: 1.0961313930322947, 1: 0.9038686069677053}[32m [repeated 4x across cluster][0m
[36m(ClientAppActor pid=348353)[0m [Client 1] Class weights (smoothed): {0: 1.0961313930322947, 1: 0.9038686069677053}[32m [repeated 4x across cluster][0m
[DEBUG] evaluate_metrics_aggregation_fn called with 4 results
[DEBUG] results type: <class 'list'>
[DEBUG] First result type: <class 'tuple'>
[DEBUG] First result length: 2
[DEBUG] results[0][0] type: <class 'int'>
[DEBUG] results[0][1] type: <class 'flwr.app.message.configrecord.ConfigRecord'>
[DEBUG _get_metrics] res_item[1] type: ConfigRecord
[DEBUG _get_metrics] res_item[1] has metrics attr: False
[DEBUG _get_metrics] res_item[1].__dict__: {'_check_key_fn': <function _check_key at 0x7e977efc8900>, '_check_value_fn': <function _check_value at 0x7e97747b89a0>, '_data': {'accuracy': 0.9648036956787109, 'loss': 0.011546335183084011, 'total_samples': 140100, 'actual_attack': 35544, 'actual_normal': 104556, 'predicted_attack': 39401, 'predicted_normal': 100699, 'true_positives': 35007, 'true_negatives': 100162, 'false_positives': 4394, 'false_negatives': 537, 'precision': 0.8884799878175681, 'recall': 0.9848919648885888, 'f1_score': 0.9342050837280673}}
[DEBUG _get_metrics] res_item[1].keys(): ['accuracy', 'loss', 'total_samples', 'actual_attack', 'actual_normal', 'predicted_attack', 'predicted_normal', 'true_positives', 'true_negatives', 'false_positives', 'false_negatives', 'precision', 'recall', 'f1_score']
[DEBUG _get_metrics] Extracted from ConfigRecord._data
[DEBUG _get_metrics] res_item[1] type: ConfigRecord
[DEBUG _get_metrics] res_item[1] has metrics attr: False
[DEBUG _get_metrics] res_item[1].__dict__: {'_check_key_fn': <function _check_key at 0x7e977efc8900>, '_check_value_fn': <function _check_value at 0x7e97747b89a0>, '_data': {'accuracy': 0.9577776193618774, 'loss': 0.012444618158042431, 'total_samples': 136681, 'actual_attack': 4456, 'actual_normal': 132225, 'predicted_attack': 10083, 'predicted_normal': 126598, 'true_positives': 4384, 'true_negatives': 126526, 'false_positives': 5699, 'false_negatives': 72, 'precision': 0.4347912327680254, 'recall': 0.9838420107719928, 'f1_score': 0.6030676112524933}}
[DEBUG _get_metrics] res_item[1].keys(): ['accuracy', 'loss', 'total_samples', 'actual_attack', 'actual_normal', 'predicted_attack', 'predicted_normal', 'true_positives', 'true_negatives', 'false_positives', 'false_negatives', 'precision', 'recall', 'f1_score']
[DEBUG _get_metrics] Extracted from ConfigRecord._data
[DEBUG _get_metrics] res_item[1] type: ConfigRecord
[DEBUG _get_metrics] res_item[1] has metrics attr: False
[DEBUG _get_metrics] res_item[1].__dict__: {'_check_key_fn': <function _check_key at 0x7e977efc8900>, '_check_value_fn': <function _check_value at 0x7e97747b89a0>, '_data': {'accuracy': 0.9611550569534302, 'loss': 0.011908060871064663, 'total_samples': 206565, 'actual_attack': 28614, 'actual_normal': 177951, 'predicted_attack': 35784, 'predicted_normal': 170781, 'true_positives': 28187, 'true_negatives': 170354, 'false_positives': 7597, 'false_negatives': 427, 'precision': 0.7876984126984127, 'recall': 0.9850772349199692, 'f1_score': 0.8753998571384205}}[92mINFO [0m:      
[92mINFO [0m:      [ROUND 35]
[92mINFO [0m:      configure_fit: strategy sampled 4 clients (out of 4)
[92mINFO [0m:      aggregate_fit: received 4 results and 0 failures
[92mINFO [0m:      configure_evaluate: strategy sampled 4 clients (out of 4)
[92mINFO [0m:      aggregate_evaluate: received 4 results and 0 failures
[92mINFO [0m:      
[92mINFO [0m:      [ROUND 36]
[92mINFO [0m:      configure_fit: strategy sampled 4 clients (out of 4)
[92mINFO [0m:      aggregate_fit: received 4 results and 0 failures
[92mINFO [0m:      configure_evaluate: strategy sampled 4 clients (out of 4)
[92mINFO [0m:      aggregate_evaluate: received 4 results and 0 failures

[DEBUG _get_metrics] res_item[1].keys(): ['accuracy', 'loss', 'total_samples', 'actual_attack', 'actual_normal', 'predicted_attack', 'predicted_normal', 'true_positives', 'true_negatives', 'false_positives', 'false_negatives', 'precision', 'recall', 'f1_score']
[DEBUG _get_metrics] Extracted from ConfigRecord._data
[DEBUG _get_metrics] res_item[1] type: ConfigRecord
[DEBUG _get_metrics] res_item[1] has metrics attr: False
[DEBUG _get_metrics] res_item[1].__dict__: {'_check_key_fn': <function _check_key at 0x7e977efc8900>, '_check_value_fn': <function _check_value at 0x7e97747b89a0>, '_data': {'accuracy': 0.9867777824401855, 'loss': 0.007875344716012478, 'total_samples': 16563, 'actual_attack': 16559, 'actual_normal': 4, 'predicted_attack': 16340, 'predicted_normal': 223, 'true_positives': 16340, 'true_negatives': 4, 'false_positives': 0, 'false_negatives': 219, 'precision': 1.0, 'recall': 0.9867745636813817, 'f1_score': 0.9933432627131524}}
[DEBUG _get_metrics] res_item[1].keys(): ['accuracy', 'loss', 'total_samples', 'actual_attack', 'actual_normal', 'predicted_attack', 'predicted_normal', 'true_positives', 'true_negatives', 'false_positives', 'false_negatives', 'precision', 'recall', 'f1_score']
[DEBUG _get_metrics] Extracted from ConfigRecord._data
[DEBUG] Extracted 4 metrics from results

[Evaluation Summary]
============================================================
Round: 34 / 60
Accuracy (mean):  0.9676  (96.76%)
Loss:             0.0109
[Per-Device Accuracy]
  - Device 0:  0.9648  (96.48%)
  - Device 1:  0.9578  (95.78%)
  - Device 2:  0.9612  (96.12%)
  - Device 3:  0.9868  (98.68%)

[Ground Truth]
  - Attack samples: 35544
  - Normal samples: 104556
  - Total samples:  140100

[Predictions]
  - Predicted Attack:  39401
  - Predicted Normal:  100699

[Confusion Matrix]
  - True Positives (TP):  35007
  - True Negatives (TN):  100162
  - False Positives (FP): 4394
  - False Negatives (FN): 537

[Metrics]
  - Precision:  0.7777  (77.77%)
  - Recall:     0.9851  (98.51%)
  - F1-Score:   0.8515  (85.15%)
============================================================

[36m(ClientAppActor pid=348353)[0m [Client 1] Class weights (smoothed): {0: 1.0961313930322947, 1: 0.9038686069677053}[32m [repeated 4x across cluster][0m
[Round 35] Client contributions:
  Client samples: 9,373 (weight: 0.0034)
  Client samples: 727,504 (weight: 0.2669)
  Client samples: 1,981,913 (weight: 0.7272)
  Client samples: 6,730 (weight: 0.0025)
[36m(ClientAppActor pid=348353)[0m [Client 1] Class weights (smoothed): {0: 1.0961313930322947, 1: 0.9038686069677053}[32m [repeated 4x across cluster][0m
[DEBUG] evaluate_metrics_aggregation_fn called with 4 results
[DEBUG] results type: <class 'list'>
[DEBUG] First result type: <class 'tuple'>
[DEBUG] First result length: 2
[DEBUG] results[0][0] type: <class 'int'>
[DEBUG] results[0][1] type: <class 'flwr.app.message.configrecord.ConfigRecord'>
[DEBUG _get_metrics] res_item[1] type: ConfigRecord
[DEBUG _get_metrics] res_item[1] has metrics attr: False
[DEBUG _get_metrics] res_item[1].__dict__: {'_check_key_fn': <function _check_key at 0x7e977efc8900>, '_check_value_fn': <function _check_value at 0x7e97747b89a0>, '_data': {'accuracy': 0.9617456793785095, 'loss': 0.011452682316303253, 'total_samples': 206565, 'actual_attack': 28614, 'actual_normal': 177951, 'predicted_attack': 35678, 'predicted_normal': 170887, 'true_positives': 28195, 'true_negatives': 170468, 'false_positives': 7483, 'false_negatives': 419, 'precision': 0.7902629071136275, 'recall': 0.9853568183406723, 'f1_score': 0.8770920176693834}}
[DEBUG _get_metrics] res_item[1].keys(): ['accuracy', 'loss', 'total_samples', 'actual_attack', 'actual_normal', 'predicted_attack', 'predicted_normal', 'true_positives', 'true_negatives', 'false_positives', 'false_negatives', 'precision', 'recall', 'f1_score']
[DEBUG _get_metrics] Extracted from ConfigRecord._data
[DEBUG _get_metrics] res_item[1] type: ConfigRecord
[DEBUG _get_metrics] res_item[1] has metrics attr: False
[DEBUG _get_metrics] res_item[1].__dict__: {'_check_key_fn': <function _check_key at 0x7e977efc8900>, '_check_value_fn': <function _check_value at 0x7e97747b89a0>, '_data': {'accuracy': 0.9868984818458557, 'loss': 0.00749072153121233, 'total_samples': 16563, 'actual_attack': 16559, 'actual_normal': 4, 'predicted_attack': 16342, 'predicted_normal': 221, 'true_positives': 16342, 'true_negatives': 4, 'false_positives': 0, 'false_negatives': 217, 'precision': 1.0, 'recall': 0.9868953439217344, 'f1_score': 0.9934044557916173}}
[DEBUG _get_metrics] res_item[1].keys(): ['accuracy', 'loss', 'total_samples', 'actual_attack', 'actual_normal', 'predicted_attack', 'predicted_normal', 'true_positives', 'true_negatives', 'false_positives', 'false_negatives', 'precision', 'recall', 'f1_score']
[DEBUG _get_metrics] Extracted from ConfigRecord._data
[DEBUG _get_metrics] res_item[1] type: ConfigRecord
[DEBUG _get_metrics] res_item[1] has metrics attr: False
[DEBUG _get_metrics] res_item[1].__dict__: {'_check_key_fn': <function _check_key at 0x7e977efc8900>, '_check_value_fn': <function _check_value at 0x7e97747b89a0>, '_data': {'accuracy': 0.9653604626655579, 'loss': 0.011088191531598568, 'total_samples': 140100, 'actual_attack': 35544, 'actual_normal': 104556, 'predicted_attack': 39347, 'predicted_normal': 100753, 'true_positives': 35019, 'true_negatives': 100228, 'false_positives': 4328, 'false_negatives': 525, 'precision': 0.8900043205326963, 'recall': 0.9852295746117489, 'f1_score': 0.9351991561068753}}
[DEBUG _get_metrics] res_item[1].keys(): ['accuracy', 'loss', 'total_samples', 'actual_attack', 'actual_normal', 'predicted_attack', 'predicted_normal', 'true_positives', 'true_negatives', 'false_positives', 'false_negatives', 'precision', 'recall', 'f1_score']
[DEBUG _get_metrics] Extracted from ConfigRecord._data
[DEBUG _get_metrics] res_item[1] type: ConfigRecord
[DEBUG _get_metrics] res_item[1] has metrics attr: False
[DEBUG _get_metrics] res_item[1].__dict__: {'_check_key_fn': <function _check_key at 0x7e977efc8900>, '_check_value_fn': <function _check_value at 0x7e97747b89a0>, '_data': {'accuracy': 0.958721399307251, 'loss': 0.01196752954274416, 'total_samples': 136681, 'actual_attack': 4456, 'actual_normal': 132225, 'predicted_attack': 9960, 'predicted_normal': 126721, 'true_positives': 4387, 'true_negatives': 126652, 'false_positives': 5573, 'false_negatives': 69, 'precision': 0.44046184738955824, 'recall': 0.9845152603231598, 'f1_score': 0.6086293007769146}}
[DEBUG _get_metrics] res_item[1].keys(): ['accuracy', 'loss', 'total_samples', 'actual_attack', 'actual_normal', 'predicted_attack', 'predicted_normal', 'true_positives', 'true_negatives', 'false_positives', 'false_negatives', 'precision', 'recall', 'f1_score']
[DEBUG _get_metrics] Extracted from ConfigRecord._data
[DEBUG] Extracted 4 metrics from results

[Evaluation Summary]
============================================================
Round: 35 / 60
Accuracy (mean):  0.9682  (96.82%)
Loss:             0.0105
[Per-Device Accuracy]
  - Device 0:  0.9617  (96.17%)
  - Device 1:  0.9869  (98.69%)
  - Device 2:  0.9654  (96.54%)
  - Device 3:  0.9587  (95.87%)

[Ground Truth]
  - Attack samples: 28614
  - Normal samples: 177951
  - Total samples:  206565

[Predictions]
  - Predicted Attack:  35678
  - Predicted Normal:  170887

[Confusion Matrix]
  - True Positives (TP):  28195
  - True Negatives (TN):  170468
  - False Positives (FP): 7483
  - False Negatives (FN): 419

[Metrics]
  - Precision:  0.7802  (78.02%)
  - Recall:     0.9855  (98.55%)
  - F1-Score:   0.8536  (85.36%)
============================================================

[36m(ClientAppActor pid=348353)[0m [Client 1] Class weights (smoothed): {0: 1.0961313930322947, 1: 0.9038686069677053}[32m [repeated 4x across cluster][0m
[36m(ClientAppActor pid=348353)[0m [Client 1] Class weights (smoothed): {0: 1.0961313930322947, 1: 0.9038686069677053}[32m [repeated 4x across cluster][0m
[DEBUG] evaluate_metrics_aggregation_fn called with 4 results
[DEBUG] results type: <class 'list'>
[DEBUG] First result type: <class 'tuple'>
[DEBUG] First result length: 2
[DEBUG] results[0][0] type: <class 'int'>[92mINFO [0m:      
[92mINFO [0m:      [ROUND 37]
[92mINFO [0m:      configure_fit: strategy sampled 4 clients (out of 4)
[92mINFO [0m:      aggregate_fit: received 4 results and 0 failures
[92mINFO [0m:      configure_evaluate: strategy sampled 4 clients (out of 4)
[92mINFO [0m:      aggregate_evaluate: received 4 results and 0 failures

[DEBUG] results[0][1] type: <class 'flwr.app.message.configrecord.ConfigRecord'>
[DEBUG _get_metrics] res_item[1] type: ConfigRecord
[DEBUG _get_metrics] res_item[1] has metrics attr: False
[DEBUG _get_metrics] res_item[1].__dict__: {'_check_key_fn': <function _check_key at 0x7e977efc8900>, '_check_value_fn': <function _check_value at 0x7e97747b89a0>, '_data': {'accuracy': 0.962152361869812, 'loss': 0.011221358552575111, 'total_samples': 206565, 'actual_attack': 28614, 'actual_normal': 177951, 'predicted_attack': 35604, 'predicted_normal': 170961, 'true_positives': 28200, 'true_negatives': 170547, 'false_positives': 7404, 'false_negatives': 414, 'precision': 0.7920458375463431, 'recall': 0.9855315579786119, 'f1_score': 0.8782584322152668}}
[DEBUG _get_metrics] res_item[1].keys(): ['accuracy', 'loss', 'total_samples', 'actual_attack', 'actual_normal', 'predicted_attack', 'predicted_normal', 'true_positives', 'true_negatives', 'false_positives', 'false_negatives', 'precision', 'recall', 'f1_score']
[DEBUG _get_metrics] Extracted from ConfigRecord._data
[DEBUG _get_metrics] res_item[1] type: ConfigRecord
[DEBUG _get_metrics] res_item[1] has metrics attr: False
[DEBUG _get_metrics] res_item[1].__dict__: {'_check_key_fn': <function _check_key at 0x7e977efc8900>, '_check_value_fn': <function _check_value at 0x7e97747b89a0>, '_data': {'accuracy': 0.986838161945343, 'loss': 0.00792150478810072, 'total_samples': 16563, 'actual_attack': 16559, 'actual_normal': 4, 'predicted_attack': 16341, 'predicted_normal': 222, 'true_positives': 16341, 'true_negatives': 4, 'false_positives': 0, 'false_negatives': 218, 'precision': 1.0, 'recall': 0.9868349538015581, 'f1_score': 0.9933738601823707}}
[DEBUG _get_metrics] res_item[1].keys(): ['accuracy', 'loss', 'total_samples', 'actual_attack', 'actual_normal', 'predicted_attack', 'predicted_normal', 'true_positives', 'true_negatives', 'false_positives', 'false_negatives', 'precision', 'recall', 'f1_score']
[DEBUG _get_metrics] Extracted from ConfigRecord._data
[DEBUG _get_metrics] res_item[1] type: ConfigRecord
[DEBUG _get_metrics] res_item[1] has metrics attr: False
[DEBUG _get_metrics] res_item[1].__dict__: {'_check_key_fn': <function _check_key at 0x7e977efc8900>, '_check_value_fn': <function _check_value at 0x7e97747b89a0>, '_data': {'accuracy': 0.9655674695968628, 'loss': 0.010878532193601131, 'total_samples': 140100, 'actual_attack': 35544, 'actual_normal': 104556, 'predicted_attack': 39306, 'predicted_normal': 100794, 'true_positives': 35013, 'true_negatives': 100263, 'false_positives': 4293, 'false_negatives': 531, 'precision': 0.8907800335826591, 'recall': 0.9850607697501688, 'f1_score': 0.9355511022044087}}
[DEBUG _get_metrics] res_item[1].keys(): ['accuracy', 'loss', 'total_samples', 'actual_attack', 'actual_normal', 'predicted_attack', 'predicted_normal', 'true_positives', 'true_negatives', 'false_positives', 'false_negatives', 'precision', 'recall', 'f1_score']
[DEBUG _get_metrics] Extracted from ConfigRecord._data
[DEBUG _get_metrics] res_item[1] type: ConfigRecord
[DEBUG _get_metrics] res_item[1] has metrics attr: False
[DEBUG _get_metrics] res_item[1].__dict__: {'_check_key_fn': <function _check_key at 0x7e977efc8900>, '_check_value_fn': <function _check_value at 0x7e97747b89a0>, '_data': {'accuracy': 0.9592042565345764, 'loss': 0.011639615520834923, 'total_samples': 136681, 'actual_attack': 4456, 'actual_normal': 132225, 'predicted_attack': 9892, 'predicted_normal': 126789, 'true_positives': 4386, 'true_negatives': 126719, 'false_positives': 5506, 'false_negatives': 70, 'precision': 0.4433885968459361, 'recall': 0.9842908438061041, 'f1_score': 0.6113744075829385}}
[DEBUG _get_metrics] res_item[1].keys(): ['accuracy', 'loss', 'total_samples', 'actual_attack', 'actual_normal', 'predicted_attack', 'predicted_normal', 'true_positives', 'true_negatives', 'false_positives', 'false_negatives', 'precision', 'recall', 'f1_score']
[DEBUG _get_metrics] Extracted from ConfigRecord._data
[DEBUG] Extracted 4 metrics from results

[Evaluation Summary]
============================================================
Round: 36 / 60
Accuracy (mean):  0.9684  (96.84%)
Loss:             0.0104
[Per-Device Accuracy]
  - Device 0:  0.9622  (96.22%)
  - Device 1:  0.9868  (98.68%)
  - Device 2:  0.9656  (96.56%)
  - Device 3:  0.9592  (95.92%)

[Ground Truth]
  - Attack samples: 28614
  - Normal samples: 177951
  - Total samples:  206565

[Predictions]
  - Predicted Attack:  35604
  - Predicted Normal:  170961

[Confusion Matrix]
  - True Positives (TP):  28200
  - True Negatives (TN):  170547
  - False Positives (FP): 7404
  - False Negatives (FN): 414

[Metrics]
  - Precision:  0.7816  (78.16%)
  - Recall:     0.9854  (98.54%)
  - F1-Score:   0.8546  (85.46%)
============================================================

[36m(ClientAppActor pid=348353)[0m [Client 1] Class weights (smoothed): {0: 1.0961313930322947, 1: 0.9038686069677053}[32m [repeated 4x across cluster][0m
[36m(ClientAppActor pid=348353)[0m [Client 1] Class weights (smoothed): {0: 1.0961313930322947, 1: 0.9038686069677053}[32m [repeated 4x across cluster][0m
[DEBUG] evaluate_metrics_aggregation_fn called with 4 results
[DEBUG] results type: <class 'list'>
[DEBUG] First result type: <class 'tuple'>
[DEBUG] First result length: 2
[DEBUG] results[0][0] type: <class 'int'>
[DEBUG] results[0][1] type: <class 'flwr.app.message.configrecord.ConfigRecord'>
[DEBUG _get_metrics] res_item[1] type: ConfigRecord
[DEBUG _get_metrics] res_item[1] has metrics attr: False
[DEBUG _get_metrics] res_item[1].__dict__: {'_check_key_fn': <function _check_key at 0x7e977efc8900>, '_check_value_fn': <function _check_value at 0x7e97747b89a0>, '_data': {'accuracy': 0.9642921090126038, 'loss': 0.010902625508606434, 'total_samples': 206565, 'actual_attack': 28614, 'actual_normal': 177951, 'predicted_attack': 35128, 'predicted_normal': 171437, 'true_positives': 28183, 'true_negatives': 171006, 'false_positives': 6945, 'false_negatives': 431, 'precision': 0.8022944659530858, 'recall': 0.9849374432096176, 'f1_score': 0.8842835179316619}}
[DEBUG _get_metrics] res_item[1].keys(): ['accuracy', 'loss', 'total_samples', 'actual_attack', 'actual_normal', 'predicted_attack', 'predicted_normal', 'true_positives', 'true_negatives', 'false_positives', 'false_negatives', 'precision', 'recall', 'f1_score']
[DEBUG _get_metrics] Extracted from ConfigRecord._data
[DEBUG _get_metrics] res_item[1] type: ConfigRecord
[DEBUG _get_metrics] res_item[1] has metrics attr: False
[DEBUG _get_metrics] res_item[1].__dict__: {'_check_key_fn': <function _check_key at 0x7e977efc8900>, '_check_value_fn': <function _check_value at 0x7e97747b89a0>, '_data': {'accuracy': 0.9673019051551819, 'loss': 0.010615706443786621, 'total_samples': 140100, 'actual_attack': 35544, 'actual_normal': 104556, 'predicted_attack': 39033, 'predicted_normal': 101067, 'true_positives': 34998, 'true_negatives': 100521, 'false_positives': 4035, 'false_negatives': 546, 'precision': 0.8966259319037737, 'recall': 0.9846387575962188, 'f1_score': 0.9385735548493503}}
[DEBUG _get_metrics] res_item[1].keys(): ['accuracy', 'loss', 'total_samples', 'actual_attack', 'actual_normal', 'predicted_attack', 'predicted_normal', 'true_positives', 'true_negatives', 'false_positives', 'false_negatives', 'precision', 'recall', 'f1_score']
[DEBUG _get_metrics] Extracted from ConfigRecord._data
[DEBUG _get_metrics] res_item[1] type: ConfigRecord
[DEBUG _get_metrics] res_item[1] has metrics attr: False
[DEBUG _get_metrics] res_item[1].__dict__: {'_check_key_fn': <function _check_key at 0x7e977efc8900>, '_check_value_fn': <function _check_value at 0x7e97747b89a0>, '_data': {'accuracy': 0.9865966439247131, 'loss': 0.008158622309565544, 'total_samples': 16563, 'actual_attack': 16559, 'actual_normal': 4, 'predicted_attack': 16337, 'predicted_normal': 226, 'true_positives': 16337, 'true_negatives': 4, 'false_positives': 0, 'false_negatives': 222, 'precision': 1.0, 'recall': 0.9865933933208527, 'f1_score': 0.9932514591439688}}
[DEBUG _get_metrics] res_item[1].keys(): ['accuracy', 'loss', 'total_samples', 'actual_attack', 'actual_normal', 'predicted_attack', 'predicted_normal', 'true_positives', 'true_negatives', 'false_positives', 'false_negatives', 'precision', 'recall', 'f1_score'][92mINFO [0m:      
[92mINFO [0m:      [ROUND 38]
[92mINFO [0m:      configure_fit: strategy sampled 4 clients (out of 4)
[92mINFO [0m:      aggregate_fit: received 4 results and 0 failures
[92mINFO [0m:      configure_evaluate: strategy sampled 4 clients (out of 4)
[92mINFO [0m:      aggregate_evaluate: received 4 results and 0 failures
[92mINFO [0m:      
[92mINFO [0m:      [ROUND 39]
[92mINFO [0m:      configure_fit: strategy sampled 4 clients (out of 4)
[92mINFO [0m:      aggregate_fit: received 4 results and 0 failures
[92mINFO [0m:      configure_evaluate: strategy sampled 4 clients (out of 4)
[92mINFO [0m:      aggregate_evaluate: received 4 results and 0 failures

[DEBUG _get_metrics] Extracted from ConfigRecord._data
[DEBUG _get_metrics] res_item[1] type: ConfigRecord
[DEBUG _get_metrics] res_item[1] has metrics attr: False
[DEBUG _get_metrics] res_item[1].__dict__: {'_check_key_fn': <function _check_key at 0x7e977efc8900>, '_check_value_fn': <function _check_value at 0x7e97747b89a0>, '_data': {'accuracy': 0.9614064693450928, 'loss': 0.011248930357396603, 'total_samples': 136681, 'actual_attack': 4456, 'actual_normal': 132225, 'predicted_attack': 9589, 'predicted_normal': 127092, 'true_positives': 4385, 'true_negatives': 127021, 'false_positives': 5204, 'false_negatives': 71, 'precision': 0.45729481697778707, 'recall': 0.9840664272890485, 'f1_score': 0.6244215023139907}}
[DEBUG _get_metrics] res_item[1].keys(): ['accuracy', 'loss', 'total_samples', 'actual_attack', 'actual_normal', 'predicted_attack', 'predicted_normal', 'true_positives', 'true_negatives', 'false_positives', 'false_negatives', 'precision', 'recall', 'f1_score']
[DEBUG _get_metrics] Extracted from ConfigRecord._data
[DEBUG] Extracted 4 metrics from results

[Evaluation Summary]
============================================================
Round: 37 / 60
Accuracy (mean):  0.9699  (96.99%)
Loss:             0.0102
[Per-Device Accuracy]
  - Device 0:  0.9643  (96.43%)
  - Device 1:  0.9673  (96.73%)
  - Device 2:  0.9866  (98.66%)
  - Device 3:  0.9614  (96.14%)

[Ground Truth]
  - Attack samples: 28614
  - Normal samples: 177951
  - Total samples:  206565

[Predictions]
  - Predicted Attack:  35128
  - Predicted Normal:  171437

[Confusion Matrix]
  - True Positives (TP):  28183
  - True Negatives (TN):  171006
  - False Positives (FP): 6945
  - False Negatives (FN): 431

[Metrics]
  - Precision:  0.7891  (78.91%)
  - Recall:     0.9851  (98.51%)
  - F1-Score:   0.8601  (86.01%)
============================================================

[36m(ClientAppActor pid=348353)[0m [Client 1] Class weights (smoothed): {0: 1.0961313930322947, 1: 0.9038686069677053}[32m [repeated 4x across cluster][0m
[36m(ClientAppActor pid=348353)[0m [Client 1] Class weights (smoothed): {0: 1.0961313930322947, 1: 0.9038686069677053}[32m [repeated 4x across cluster][0m
[DEBUG] evaluate_metrics_aggregation_fn called with 4 results
[DEBUG] results type: <class 'list'>
[DEBUG] First result type: <class 'tuple'>
[DEBUG] First result length: 2
[DEBUG] results[0][0] type: <class 'int'>
[DEBUG] results[0][1] type: <class 'flwr.app.message.configrecord.ConfigRecord'>
[DEBUG _get_metrics] res_item[1] type: ConfigRecord
[DEBUG _get_metrics] res_item[1] has metrics attr: False
[DEBUG _get_metrics] res_item[1].__dict__: {'_check_key_fn': <function _check_key at 0x7e977efc8900>, '_check_value_fn': <function _check_value at 0x7e97747b89a0>, '_data': {'accuracy': 0.9649914503097534, 'loss': 0.011492821387946606, 'total_samples': 136681, 'actual_attack': 4456, 'actual_normal': 132225, 'predicted_attack': 9093, 'predicted_normal': 127588, 'true_positives': 4382, 'true_negatives': 127514, 'false_positives': 4711, 'false_negatives': 74, 'precision': 0.4819091608929946, 'recall': 0.9833931777378815, 'f1_score': 0.6468374049745368}}
[DEBUG _get_metrics] res_item[1].keys(): ['accuracy', 'loss', 'total_samples', 'actual_attack', 'actual_normal', 'predicted_attack', 'predicted_normal', 'true_positives', 'true_negatives', 'false_positives', 'false_negatives', 'precision', 'recall', 'f1_score']
[DEBUG _get_metrics] Extracted from ConfigRecord._data
[DEBUG _get_metrics] res_item[1] type: ConfigRecord
[DEBUG _get_metrics] res_item[1] has metrics attr: False
[DEBUG _get_metrics] res_item[1].__dict__: {'_check_key_fn': <function _check_key at 0x7e977efc8900>, '_check_value_fn': <function _check_value at 0x7e97747b89a0>, '_data': {'accuracy': 0.9672015905380249, 'loss': 0.011043142527341843, 'total_samples': 206565, 'actual_attack': 28614, 'actual_normal': 177951, 'predicted_attack': 34499, 'predicted_normal': 172066, 'true_positives': 28169, 'true_negatives': 171621, 'false_positives': 6330, 'false_negatives': 445, 'precision': 0.8165164207658193, 'recall': 0.9844481722233872, 'f1_score': 0.8926528607418439}}
[DEBUG _get_metrics] res_item[1].keys(): ['accuracy', 'loss', 'total_samples', 'actual_attack', 'actual_normal', 'predicted_attack', 'predicted_normal', 'true_positives', 'true_negatives', 'false_positives', 'false_negatives', 'precision', 'recall', 'f1_score']
[DEBUG _get_metrics] Extracted from ConfigRecord._data
[DEBUG _get_metrics] res_item[1] type: ConfigRecord
[DEBUG _get_metrics] res_item[1] has metrics attr: False
[DEBUG _get_metrics] res_item[1].__dict__: {'_check_key_fn': <function _check_key at 0x7e977efc8900>, '_check_value_fn': <function _check_value at 0x7e97747b89a0>, '_data': {'accuracy': 0.9858721494674683, 'loss': 0.007832753472030163, 'total_samples': 16563, 'actual_attack': 16559, 'actual_normal': 4, 'predicted_attack': 16325, 'predicted_normal': 238, 'true_positives': 16325, 'true_negatives': 4, 'false_positives': 0, 'false_negatives': 234, 'precision': 1.0, 'recall': 0.9858687118787366, 'f1_score': 0.9928840773628512}}
[DEBUG _get_metrics] res_item[1].keys(): ['accuracy', 'loss', 'total_samples', 'actual_attack', 'actual_normal', 'predicted_attack', 'predicted_normal', 'true_positives', 'true_negatives', 'false_positives', 'false_negatives', 'precision', 'recall', 'f1_score']
[DEBUG _get_metrics] Extracted from ConfigRecord._data
[DEBUG _get_metrics] res_item[1] type: ConfigRecord
[DEBUG _get_metrics] res_item[1] has metrics attr: False
[DEBUG _get_metrics] res_item[1].__dict__: {'_check_key_fn': <function _check_key at 0x7e977efc8900>, '_check_value_fn': <function _check_value at 0x7e97747b89a0>, '_data': {'accuracy': 0.9700499773025513, 'loss': 0.01077521312981844, 'total_samples': 140100, 'actual_attack': 35544, 'actual_normal': 104556, 'predicted_attack': 38616, 'predicted_normal': 101484, 'true_positives': 34982, 'true_negatives': 100922, 'false_positives': 3634, 'false_negatives': 562, 'precision': 0.9058939299772115, 'recall': 0.9841886112986721, 'f1_score': 0.9434196332254584}}
[DEBUG _get_metrics] res_item[1].keys(): ['accuracy', 'loss', 'total_samples', 'actual_attack', 'actual_normal', 'predicted_attack', 'predicted_normal', 'true_positives', 'true_negatives', 'false_positives', 'false_negatives', 'precision', 'recall', 'f1_score']
[DEBUG _get_metrics] Extracted from ConfigRecord._data
[DEBUG] Extracted 4 metrics from results

[Evaluation Summary]
============================================================
Round: 38 / 60
Accuracy (mean):  0.9720  (97.20%)
Loss:             0.0103
[Per-Device Accuracy]
  - Device 0:  0.9650  (96.50%)
  - Device 1:  0.9672  (96.72%)
  - Device 2:  0.9859  (98.59%)
  - Device 3:  0.9700  (97.00%)

[Ground Truth]
  - Attack samples: 4456
  - Normal samples: 132225
  - Total samples:  136681

[Predictions]
  - Predicted Attack:  9093
  - Predicted Normal:  127588

[Confusion Matrix]
  - True Positives (TP):  4382
  - True Negatives (TN):  127514
  - False Positives (FP): 4711
  - False Negatives (FN): 74

[Metrics]
  - Precision:  0.8011  (80.11%)
  - Recall:     0.9845  (98.45%)
  - F1-Score:   0.8689  (86.89%)
============================================================

[36m(ClientAppActor pid=348353)[0m [Client 1] Class weights (smoothed): {0: 1.0961313930322947, 1: 0.9038686069677053}[32m [repeated 4x across cluster][0m
[36m(ClientAppActor pid=348353)[0m [Client 1] Class weights (smoothed): {0: 1.0961313930322947, 1: 0.9038686069677053}[32m [repeated 4x across cluster][0m
[DEBUG] evaluate_metrics_aggregation_fn called with 4 results
[DEBUG] results type: <class 'list'>
[DEBUG] First result type: <class 'tuple'>
[DEBUG] First result length: 2
[DEBUG] results[0][0] type: <class 'int'>
[DEBUG] results[0][1] type: <class 'flwr.app.message.configrecord.ConfigRecord'>
[DEBUG _get_metrics] res_item[1] type: ConfigRecord
[DEBUG _get_metrics] res_item[1] has metrics attr: False
[DEBUG _get_metrics] res_item[1].__dict__: {'_check_key_fn': <function _check_key at 0x7e977efc8900>, '_check_value_fn': <function _check_value at 0x7e97747b89a0>, '_data': {'accuracy': 0.9675017595291138, 'loss': 0.011315532959997654, 'total_samples': 206565, 'actual_attack': 28614, 'actual_normal': 177951, 'predicted_attack': 34441, 'predicted_normal': 172124, 'true_positives': 28171, 'true_negatives': 171681, 'false_positives': 6270, 'false_negatives': 443, 'precision': 0.8179495368891728, 'recall': 0.9845180680785629, 'f1_score': 0.8935373879946078}}[92mINFO [0m:      
[92mINFO [0m:      [ROUND 40]
[92mINFO [0m:      configure_fit: strategy sampled 4 clients (out of 4)
[92mINFO [0m:      aggregate_fit: received 4 results and 0 failures
[92mINFO [0m:      configure_evaluate: strategy sampled 4 clients (out of 4)
[92mINFO [0m:      aggregate_evaluate: received 4 results and 0 failures

[DEBUG _get_metrics] res_item[1].keys(): ['accuracy', 'loss', 'total_samples', 'actual_attack', 'actual_normal', 'predicted_attack', 'predicted_normal', 'true_positives', 'true_negatives', 'false_positives', 'false_negatives', 'precision', 'recall', 'f1_score']
[DEBUG _get_metrics] Extracted from ConfigRecord._data
[DEBUG _get_metrics] res_item[1] type: ConfigRecord
[DEBUG _get_metrics] res_item[1] has metrics attr: False
[DEBUG _get_metrics] res_item[1].__dict__: {'_check_key_fn': <function _check_key at 0x7e977efc8900>, '_check_value_fn': <function _check_value at 0x7e97747b89a0>, '_data': {'accuracy': 0.9860532283782959, 'loss': 0.00759597634896636, 'total_samples': 16563, 'actual_attack': 16559, 'actual_normal': 4, 'predicted_attack': 16328, 'predicted_normal': 235, 'true_positives': 16328, 'true_negatives': 4, 'false_positives': 0, 'false_negatives': 231, 'precision': 1.0, 'recall': 0.9860498822392657, 'f1_score': 0.9929759479429563}}
[DEBUG _get_metrics] res_item[1].keys(): ['accuracy', 'loss', 'total_samples', 'actual_attack', 'actual_normal', 'predicted_attack', 'predicted_normal', 'true_positives', 'true_negatives', 'false_positives', 'false_negatives', 'precision', 'recall', 'f1_score']
[DEBUG _get_metrics] Extracted from ConfigRecord._data
[DEBUG _get_metrics] res_item[1] type: ConfigRecord
[DEBUG _get_metrics] res_item[1] has metrics attr: False
[DEBUG _get_metrics] res_item[1].__dict__: {'_check_key_fn': <function _check_key at 0x7e977efc8900>, '_check_value_fn': <function _check_value at 0x7e97747b89a0>, '_data': {'accuracy': 0.9701356291770935, 'loss': 0.010975996032357216, 'total_samples': 140100, 'actual_attack': 35544, 'actual_normal': 104556, 'predicted_attack': 38610, 'predicted_normal': 101490, 'true_positives': 34985, 'true_negatives': 100931, 'false_positives': 3625, 'false_negatives': 559, 'precision': 0.9061124061124061, 'recall': 0.9842730137294621, 'f1_score': 0.943576880545891}}
[DEBUG _get_metrics] res_item[1].keys(): ['accuracy', 'loss', 'total_samples', 'actual_attack', 'actual_normal', 'predicted_attack', 'predicted_normal', 'true_positives', 'true_negatives', 'false_positives', 'false_negatives', 'precision', 'recall', 'f1_score']
[DEBUG _get_metrics] Extracted from ConfigRecord._data
[DEBUG _get_metrics] res_item[1] type: ConfigRecord
[DEBUG _get_metrics] res_item[1] has metrics attr: False
[DEBUG _get_metrics] res_item[1].__dict__: {'_check_key_fn': <function _check_key at 0x7e977efc8900>, '_check_value_fn': <function _check_value at 0x7e97747b89a0>, '_data': {'accuracy': 0.9651890397071838, 'loss': 0.011832790449261665, 'total_samples': 136681, 'actual_attack': 4456, 'actual_normal': 132225, 'predicted_attack': 9064, 'predicted_normal': 127617, 'true_positives': 4381, 'true_negatives': 127542, 'false_positives': 4683, 'false_negatives': 75, 'precision': 0.48334068843777583, 'recall': 0.9831687612208259, 'f1_score': 0.6480769230769231}}
[DEBUG _get_metrics] res_item[1].keys(): ['accuracy', 'loss', 'total_samples', 'actual_attack', 'actual_normal', 'predicted_attack', 'predicted_normal', 'true_positives', 'true_negatives', 'false_positives', 'false_negatives', 'precision', 'recall', 'f1_score']
[DEBUG _get_metrics] Extracted from ConfigRecord._data
[DEBUG] Extracted 4 metrics from results

[Evaluation Summary]
============================================================
Round: 39 / 60
Accuracy (mean):  0.9722  (97.22%)
Loss:             0.0104
[Per-Device Accuracy]
  - Device 0:  0.9675  (96.75%)
  - Device 1:  0.9861  (98.61%)
  - Device 2:  0.9701  (97.01%)
  - Device 3:  0.9652  (96.52%)

[Ground Truth]
  - Attack samples: 28614
  - Normal samples: 177951
  - Total samples:  206565

[Predictions]
  - Predicted Attack:  34441
  - Predicted Normal:  172124

[Confusion Matrix]
  - True Positives (TP):  28171
  - True Negatives (TN):  171681
  - False Positives (FP): 6270
  - False Negatives (FN): 443

[Metrics]
  - Precision:  0.8019  (80.19%)
  - Recall:     0.9845  (98.45%)
  - F1-Score:   0.8695  (86.95%)
============================================================

[36m(ClientAppActor pid=348353)[0m [Client 1] Class weights (smoothed): {0: 1.0961313930322947, 1: 0.9038686069677053}[32m [repeated 4x across cluster][0m
[Round 40] Client contributions:
  Client samples: 1,981,913 (weight: 0.7272)
  Client samples: 727,504 (weight: 0.2669)
  Client samples: 6,730 (weight: 0.0025)
  Client samples: 9,373 (weight: 0.0034)
[36m(ClientAppActor pid=348353)[0m [Client 1] Class weights (smoothed): {0: 1.0961313930322947, 1: 0.9038686069677053}[32m [repeated 4x across cluster][0m
[DEBUG] evaluate_metrics_aggregation_fn called with 4 results
[DEBUG] results type: <class 'list'>
[DEBUG] First result type: <class 'tuple'>
[DEBUG] First result length: 2
[DEBUG] results[0][0] type: <class 'int'>
[DEBUG] results[0][1] type: <class 'flwr.app.message.configrecord.ConfigRecord'>
[DEBUG _get_metrics] res_item[1] type: ConfigRecord
[DEBUG _get_metrics] res_item[1] has metrics attr: False
[DEBUG _get_metrics] res_item[1].__dict__: {'_check_key_fn': <function _check_key at 0x7e977efc8900>, '_check_value_fn': <function _check_value at 0x7e97747b89a0>, '_data': {'accuracy': 0.9864155054092407, 'loss': 0.007241354789584875, 'total_samples': 16563, 'actual_attack': 16559, 'actual_normal': 4, 'predicted_attack': 16334, 'predicted_normal': 229, 'true_positives': 16334, 'true_negatives': 4, 'false_positives': 0, 'false_negatives': 225, 'precision': 1.0, 'recall': 0.9864122229603237, 'f1_score': 0.9931596388289302}}
[DEBUG _get_metrics] res_item[1].keys(): ['accuracy', 'loss', 'total_samples', 'actual_attack', 'actual_normal', 'predicted_attack', 'predicted_normal', 'true_positives', 'true_negatives', 'false_positives', 'false_negatives', 'precision', 'recall', 'f1_score']
[DEBUG _get_metrics] Extracted from ConfigRecord._data
[DEBUG _get_metrics] res_item[1] type: ConfigRecord
[DEBUG _get_metrics] res_item[1] has metrics attr: False
[DEBUG _get_metrics] res_item[1].__dict__: {'_check_key_fn': <function _check_key at 0x7e977efc8900>, '_check_value_fn': <function _check_value at 0x7e97747b89a0>, '_data': {'accuracy': 0.9639193415641785, 'loss': 0.012039833702147007, 'total_samples': 206565, 'actual_attack': 28614, 'actual_normal': 177951, 'predicted_attack': 35201, 'predicted_normal': 171364, 'true_positives': 28181, 'true_negatives': 170931, 'false_positives': 7020, 'false_negatives': 433, 'precision': 0.8005738473338826, 'recall': 0.9848675473544419, 'f1_score': 0.8832092768157958}}
[DEBUG _get_metrics] res_item[1].keys(): ['accuracy', 'loss', 'total_samples', 'actual_attack', 'actual_normal', 'predicted_attack', 'predicted_normal', 'true_positives', 'true_negatives', 'false_positives', 'false_negatives', 'precision', 'recall', 'f1_score']
[DEBUG _get_metrics] Extracted from ConfigRecord._data
[DEBUG _get_metrics] res_item[1] type: ConfigRecord
[DEBUG _get_metrics] res_item[1] has metrics attr: False
[DEBUG _get_metrics] res_item[1].__dict__: {'_check_key_fn': <function _check_key at 0x7e977efc8900>, '_check_value_fn': <function _check_value at 0x7e97747b89a0>, '_data': {'accuracy': 0.9608431458473206, 'loss': 0.01268735807389021, 'total_samples': 136681, 'actual_attack': 4456, 'actual_normal': 132225, 'predicted_attack': 9658, 'predicted_normal': 127023, 'true_positives': 4381, 'true_negatives': 126948, 'false_positives': 5277, 'false_negatives': 75, 'precision': 0.45361358459308343, 'recall': 0.9831687612208259, 'f1_score': 0.6208020405271362}}
[DEBUG _get_metrics] res_item[1].keys(): ['accuracy', 'loss', 'total_samples', 'actual_attack', 'actual_normal', 'predicted_attack', 'predicted_normal', 'true_positives', 'true_negatives', 'false_positives', 'false_negatives', 'precision', 'recall', 'f1_score']
[DEBUG _get_metrics] Extracted from ConfigRecord._data
[DEBUG _get_metrics] res_item[1] type: ConfigRecord
[DEBUG _get_metrics] res_item[1] has metrics attr: False
[DEBUG _get_metrics] res_item[1].__dict__: {'_check_key_fn': <function _check_key at 0x7e977efc8900>, '_check_value_fn': <function _check_value at 0x7e97747b89a0>, '_data': {'accuracy': 0.9670093059539795, 'loss': 0.01157632190734148, 'total_samples': 140100, 'actual_attack': 35544, 'actual_normal': 104556, 'predicted_attack': 39086, 'predicted_normal': 101014, 'true_positives': 35004, 'true_negatives': 100474, 'false_positives': 4082, 'false_negatives': 540, 'precision': 0.8955636289208412, 'recall': 0.9848075624577988, 'f1_score': 0.9380678011523517}}[92mINFO [0m:      
[92mINFO [0m:      [ROUND 41]
[92mINFO [0m:      configure_fit: strategy sampled 4 clients (out of 4)
[92mINFO [0m:      aggregate_fit: received 4 results and 0 failures
[92mINFO [0m:      configure_evaluate: strategy sampled 4 clients (out of 4)
[92mINFO [0m:      aggregate_evaluate: received 4 results and 0 failures
[92mINFO [0m:      
[92mINFO [0m:      [ROUND 42]
[92mINFO [0m:      configure_fit: strategy sampled 4 clients (out of 4)
[92mINFO [0m:      aggregate_fit: received 4 results and 0 failures
[92mINFO [0m:      configure_evaluate: strategy sampled 4 clients (out of 4)
[92mINFO [0m:      aggregate_evaluate: received 4 results and 0 failures

[DEBUG _get_metrics] res_item[1].keys(): ['accuracy', 'loss', 'total_samples', 'actual_attack', 'actual_normal', 'predicted_attack', 'predicted_normal', 'true_positives', 'true_negatives', 'false_positives', 'false_negatives', 'precision', 'recall', 'f1_score']
[DEBUG _get_metrics] Extracted from ConfigRecord._data
[DEBUG] Extracted 4 metrics from results

[Evaluation Summary]
============================================================
Round: 40 / 60
Accuracy (mean):  0.9695  (96.95%)
Loss:             0.0109
[Per-Device Accuracy]
  - Device 0:  0.9864  (98.64%)
  - Device 1:  0.9639  (96.39%)
  - Device 2:  0.9608  (96.08%)
  - Device 3:  0.9670  (96.70%)

[Ground Truth]
  - Attack samples: 16559
  - Normal samples: 4
  - Total samples:  16563

[Predictions]
  - Predicted Attack:  16334
  - Predicted Normal:  229

[Confusion Matrix]
  - True Positives (TP):  16334
  - True Negatives (TN):  4
  - False Positives (FP): 0
  - False Negatives (FN): 225

[Metrics]
  - Precision:  0.7874  (78.74%)
  - Recall:     0.9848  (98.48%)
  - F1-Score:   0.8588  (85.88%)
============================================================

[36m(ClientAppActor pid=348353)[0m [Client 1] Class weights (smoothed): {0: 1.0961313930322947, 1: 0.9038686069677053}[32m [repeated 4x across cluster][0m
[36m(ClientAppActor pid=348353)[0m [Client 1] Class weights (smoothed): {0: 1.0961313930322947, 1: 0.9038686069677053}[32m [repeated 4x across cluster][0m
[DEBUG] evaluate_metrics_aggregation_fn called with 4 results
[DEBUG] results type: <class 'list'>
[DEBUG] First result type: <class 'tuple'>
[DEBUG] First result length: 2
[DEBUG] results[0][0] type: <class 'int'>
[DEBUG] results[0][1] type: <class 'flwr.app.message.configrecord.ConfigRecord'>
[DEBUG _get_metrics] res_item[1] type: ConfigRecord
[DEBUG _get_metrics] res_item[1] has metrics attr: False
[DEBUG _get_metrics] res_item[1].__dict__: {'_check_key_fn': <function _check_key at 0x7e977efc8900>, '_check_value_fn': <function _check_value at 0x7e97747b89a0>, '_data': {'accuracy': 0.9864758849143982, 'loss': 0.007039704360067844, 'total_samples': 16563, 'actual_attack': 16559, 'actual_normal': 4, 'predicted_attack': 16335, 'predicted_normal': 228, 'true_positives': 16335, 'true_negatives': 4, 'false_positives': 0, 'false_negatives': 224, 'precision': 1.0, 'recall': 0.9864726130805, 'f1_score': 0.993190247461543}}
[DEBUG _get_metrics] res_item[1].keys(): ['accuracy', 'loss', 'total_samples', 'actual_attack', 'actual_normal', 'predicted_attack', 'predicted_normal', 'true_positives', 'true_negatives', 'false_positives', 'false_negatives', 'precision', 'recall', 'f1_score']
[DEBUG _get_metrics] Extracted from ConfigRecord._data
[DEBUG _get_metrics] res_item[1] type: ConfigRecord
[DEBUG _get_metrics] res_item[1] has metrics attr: False
[DEBUG _get_metrics] res_item[1].__dict__: {'_check_key_fn': <function _check_key at 0x7e977efc8900>, '_check_value_fn': <function _check_value at 0x7e97747b89a0>, '_data': {'accuracy': 0.9621426463127136, 'loss': 0.012328672222793102, 'total_samples': 206565, 'actual_attack': 28614, 'actual_normal': 177951, 'predicted_attack': 35584, 'predicted_normal': 170981, 'true_positives': 28189, 'true_negatives': 170556, 'false_positives': 7395, 'false_negatives': 425, 'precision': 0.7921818794964028, 'recall': 0.985147130775145, 'f1_score': 0.8781893516931991}}
[DEBUG _get_metrics] res_item[1].keys(): ['accuracy', 'loss', 'total_samples', 'actual_attack', 'actual_normal', 'predicted_attack', 'predicted_normal', 'true_positives', 'true_negatives', 'false_positives', 'false_negatives', 'precision', 'recall', 'f1_score']
[DEBUG _get_metrics] Extracted from ConfigRecord._data
[DEBUG _get_metrics] res_item[1] type: ConfigRecord
[DEBUG _get_metrics] res_item[1] has metrics attr: False
[DEBUG _get_metrics] res_item[1].__dict__: {'_check_key_fn': <function _check_key at 0x7e977efc8900>, '_check_value_fn': <function _check_value at 0x7e97747b89a0>, '_data': {'accuracy': 0.9655531644821167, 'loss': 0.011838451959192753, 'total_samples': 140100, 'actual_attack': 35544, 'actual_normal': 104556, 'predicted_attack': 39308, 'predicted_normal': 100792, 'true_positives': 35013, 'true_negatives': 100261, 'false_positives': 4295, 'false_negatives': 531, 'precision': 0.890734710491503, 'recall': 0.9850607697501688, 'f1_score': 0.9355261048468978}}
[DEBUG _get_metrics] res_item[1].keys(): ['accuracy', 'loss', 'total_samples', 'actual_attack', 'actual_normal', 'predicted_attack', 'predicted_normal', 'true_positives', 'true_negatives', 'false_positives', 'false_negatives', 'precision', 'recall', 'f1_score']
[DEBUG _get_metrics] Extracted from ConfigRecord._data
[DEBUG _get_metrics] res_item[1] type: ConfigRecord
[DEBUG _get_metrics] res_item[1] has metrics attr: False
[DEBUG _get_metrics] res_item[1].__dict__: {'_check_key_fn': <function _check_key at 0x7e977efc8900>, '_check_value_fn': <function _check_value at 0x7e97747b89a0>, '_data': {'accuracy': 0.9589847922325134, 'loss': 0.013022417202591896, 'total_samples': 136681, 'actual_attack': 4456, 'actual_normal': 132225, 'predicted_attack': 9918, 'predicted_normal': 126763, 'true_positives': 4384, 'true_negatives': 126691, 'false_positives': 5534, 'false_negatives': 72, 'precision': 0.4420246017342206, 'recall': 0.9838420107719928, 'f1_score': 0.6099902601920133}}
[DEBUG _get_metrics] res_item[1].keys(): ['accuracy', 'loss', 'total_samples', 'actual_attack', 'actual_normal', 'predicted_attack', 'predicted_normal', 'true_positives', 'true_negatives', 'false_positives', 'false_negatives', 'precision', 'recall', 'f1_score']
[DEBUG _get_metrics] Extracted from ConfigRecord._data
[DEBUG] Extracted 4 metrics from results

[Evaluation Summary]
============================================================
Round: 41 / 60
Accuracy (mean):  0.9683  (96.83%)
Loss:             0.0111
[Per-Device Accuracy]
  - Device 0:  0.9865  (98.65%)
  - Device 1:  0.9621  (96.21%)
  - Device 2:  0.9656  (96.56%)
  - Device 3:  0.9590  (95.90%)

[Ground Truth]
  - Attack samples: 16559
  - Normal samples: 4
  - Total samples:  16563

[Predictions]
  - Predicted Attack:  16335
  - Predicted Normal:  228

[Confusion Matrix]
  - True Positives (TP):  16335
  - True Negatives (TN):  4
  - False Positives (FP): 0
  - False Negatives (FN): 224

[Metrics]
  - Precision:  0.7812  (78.12%)
  - Recall:     0.9851  (98.51%)
  - F1-Score:   0.8542  (85.42%)
============================================================

[36m(ClientAppActor pid=348353)[0m [Client 1] Class weights (smoothed): {0: 1.0961313930322947, 1: 0.9038686069677053}[32m [repeated 4x across cluster][0m
[36m(ClientAppActor pid=348353)[0m [Client 1] Class weights (smoothed): {0: 1.0961313930322947, 1: 0.9038686069677053}[32m [repeated 4x across cluster][0m
[DEBUG] evaluate_metrics_aggregation_fn called with 4 results
[DEBUG] results type: <class 'list'>
[DEBUG] First result type: <class 'tuple'>
[DEBUG] First result length: 2
[DEBUG] results[0][0] type: <class 'int'>
[DEBUG] results[0][1] type: <class 'flwr.app.message.configrecord.ConfigRecord'>
[DEBUG _get_metrics] res_item[1] type: ConfigRecord
[DEBUG _get_metrics] res_item[1] has metrics attr: False
[DEBUG _get_metrics] res_item[1].__dict__: {'_check_key_fn': <function _check_key at 0x7e977efc8900>, '_check_value_fn': <function _check_value at 0x7e97747b89a0>, '_data': {'accuracy': 0.9652819633483887, 'loss': 0.01193556934595108, 'total_samples': 140100, 'actual_attack': 35544, 'actual_normal': 104556, 'predicted_attack': 39362, 'predicted_normal': 100738, 'true_positives': 35021, 'true_negatives': 100215, 'false_positives': 4341, 'false_negatives': 523, 'precision': 0.889715969716986, 'recall': 0.9852858428989422, 'f1_score': 0.9350652818198809}}
[DEBUG _get_metrics] res_item[1].keys(): ['accuracy', 'loss', 'total_samples', 'actual_attack', 'actual_normal', 'predicted_attack', 'predicted_normal', 'true_positives', 'true_negatives', 'false_positives', 'false_negatives', 'precision', 'recall', 'f1_score']
[DEBUG _get_metrics] Extracted from ConfigRecord._data
[DEBUG _get_metrics] res_item[1] type: ConfigRecord
[DEBUG _get_metrics] res_item[1] has metrics attr: False
[DEBUG _get_metrics] res_item[1].__dict__: {'_check_key_fn': <function _check_key at 0x7e977efc8900>, '_check_value_fn': <function _check_value at 0x7e97747b89a0>, '_data': {'accuracy': 0.9867174029350281, 'loss': 0.006979235447943211, 'total_samples': 16563, 'actual_attack': 16559, 'actual_normal': 4, 'predicted_attack': 16339, 'predicted_normal': 224, 'true_positives': 16339, 'true_negatives': 4, 'false_positives': 0, 'false_negatives': 220, 'precision': 1.0, 'recall': 0.9867141735612054, 'f1_score': 0.9933126633837923}}[92mINFO [0m:      
[92mINFO [0m:      [ROUND 43]
[92mINFO [0m:      configure_fit: strategy sampled 4 clients (out of 4)
[92mINFO [0m:      aggregate_fit: received 4 results and 0 failures
[92mINFO [0m:      configure_evaluate: strategy sampled 4 clients (out of 4)
[92mINFO [0m:      aggregate_evaluate: received 4 results and 0 failures

[DEBUG _get_metrics] res_item[1].keys(): ['accuracy', 'loss', 'total_samples', 'actual_attack', 'actual_normal', 'predicted_attack', 'predicted_normal', 'true_positives', 'true_negatives', 'false_positives', 'false_negatives', 'precision', 'recall', 'f1_score']
[DEBUG _get_metrics] Extracted from ConfigRecord._data
[DEBUG _get_metrics] res_item[1] type: ConfigRecord
[DEBUG _get_metrics] res_item[1] has metrics attr: False
[DEBUG _get_metrics] res_item[1].__dict__: {'_check_key_fn': <function _check_key at 0x7e977efc8900>, '_check_value_fn': <function _check_value at 0x7e97747b89a0>, '_data': {'accuracy': 0.9617263078689575, 'loss': 0.012426290661096573, 'total_samples': 206565, 'actual_attack': 28614, 'actual_normal': 177951, 'predicted_attack': 35674, 'predicted_normal': 170891, 'true_positives': 28191, 'true_negatives': 170468, 'false_positives': 7483, 'false_negatives': 423, 'precision': 0.7902393900319561, 'recall': 0.9852170266303208, 'f1_score': 0.8770221503235441}}
[DEBUG _get_metrics] res_item[1].keys(): ['accuracy', 'loss', 'total_samples', 'actual_attack', 'actual_normal', 'predicted_attack', 'predicted_normal', 'true_positives', 'true_negatives', 'false_positives', 'false_negatives', 'precision', 'recall', 'f1_score']
[DEBUG _get_metrics] Extracted from ConfigRecord._data
[DEBUG _get_metrics] res_item[1] type: ConfigRecord
[DEBUG _get_metrics] res_item[1] has metrics attr: False
[DEBUG _get_metrics] res_item[1].__dict__: {'_check_key_fn': <function _check_key at 0x7e977efc8900>, '_check_value_fn': <function _check_value at 0x7e97747b89a0>, '_data': {'accuracy': 0.95855313539505, 'loss': 0.01314395572990179, 'total_samples': 136681, 'actual_attack': 4456, 'actual_normal': 132225, 'predicted_attack': 9981, 'predicted_normal': 126700, 'true_positives': 4386, 'true_negatives': 126630, 'false_positives': 5595, 'false_negatives': 70, 'precision': 0.43943492636008413, 'recall': 0.9842908438061041, 'f1_score': 0.6076054581976864}}
[DEBUG _get_metrics] res_item[1].keys(): ['accuracy', 'loss', 'total_samples', 'actual_attack', 'actual_normal', 'predicted_attack', 'predicted_normal', 'true_positives', 'true_negatives', 'false_positives', 'false_negatives', 'precision', 'recall', 'f1_score']
[DEBUG _get_metrics] Extracted from ConfigRecord._data
[DEBUG] Extracted 4 metrics from results

[Evaluation Summary]
============================================================
Round: 42 / 60
Accuracy (mean):  0.9681  (96.81%)
Loss:             0.0111
[Per-Device Accuracy]
  - Device 0:  0.9653  (96.53%)
  - Device 1:  0.9867  (98.67%)
  - Device 2:  0.9617  (96.17%)
  - Device 3:  0.9586  (95.86%)

[Ground Truth]
  - Attack samples: 35544
  - Normal samples: 104556
  - Total samples:  140100

[Predictions]
  - Predicted Attack:  39362
  - Predicted Normal:  100738

[Confusion Matrix]
  - True Positives (TP):  35021
  - True Negatives (TN):  100215
  - False Positives (FP): 4341
  - False Negatives (FN): 523

[Metrics]
  - Precision:  0.7798  (77.98%)
  - Recall:     0.9854  (98.54%)
  - F1-Score:   0.8533  (85.33%)
============================================================

[36m(ClientAppActor pid=348353)[0m [Client 1] Class weights (smoothed): {0: 1.0961313930322947, 1: 0.9038686069677053}[32m [repeated 4x across cluster][0m
[36m(ClientAppActor pid=348353)[0m [Client 1] Class weights (smoothed): {0: 1.0961313930322947, 1: 0.9038686069677053}[32m [repeated 4x across cluster][0m
[DEBUG] evaluate_metrics_aggregation_fn called with 4 results
[DEBUG] results type: <class 'list'>
[DEBUG] First result type: <class 'tuple'>
[DEBUG] First result length: 2
[DEBUG] results[0][0] type: <class 'int'>
[DEBUG] results[0][1] type: <class 'flwr.app.message.configrecord.ConfigRecord'>
[DEBUG _get_metrics] res_item[1] type: ConfigRecord
[DEBUG _get_metrics] res_item[1] has metrics attr: False
[DEBUG _get_metrics] res_item[1].__dict__: {'_check_key_fn': <function _check_key at 0x7e977efc8900>, '_check_value_fn': <function _check_value at 0x7e97747b89a0>, '_data': {'accuracy': 0.986838161945343, 'loss': 0.007307551335543394, 'total_samples': 16563, 'actual_attack': 16559, 'actual_normal': 4, 'predicted_attack': 16341, 'predicted_normal': 222, 'true_positives': 16341, 'true_negatives': 4, 'false_positives': 0, 'false_negatives': 218, 'precision': 1.0, 'recall': 0.9868349538015581, 'f1_score': 0.9933738601823707}}
[DEBUG _get_metrics] res_item[1].keys(): ['accuracy', 'loss', 'total_samples', 'actual_attack', 'actual_normal', 'predicted_attack', 'predicted_normal', 'true_positives', 'true_negatives', 'false_positives', 'false_negatives', 'precision', 'recall', 'f1_score']
[DEBUG _get_metrics] Extracted from ConfigRecord._data
[DEBUG _get_metrics] res_item[1] type: ConfigRecord
[DEBUG _get_metrics] res_item[1] has metrics attr: False
[DEBUG _get_metrics] res_item[1].__dict__: {'_check_key_fn': <function _check_key at 0x7e977efc8900>, '_check_value_fn': <function _check_value at 0x7e97747b89a0>, '_data': {'accuracy': 0.9623556733131409, 'loss': 0.012048539705574512, 'total_samples': 206565, 'actual_attack': 28614, 'actual_normal': 177951, 'predicted_attack': 35546, 'predicted_normal': 171019, 'true_positives': 28192, 'true_negatives': 170597, 'false_positives': 7354, 'false_negatives': 422, 'precision': 0.7931131491588365, 'recall': 0.9852519745579087, 'f1_score': 0.8788029925187032}}
[DEBUG _get_metrics] res_item[1].keys(): ['accuracy', 'loss', 'total_samples', 'actual_attack', 'actual_normal', 'predicted_attack', 'predicted_normal', 'true_positives', 'true_negatives', 'false_positives', 'false_negatives', 'precision', 'recall', 'f1_score']
[DEBUG _get_metrics] Extracted from ConfigRecord._data
[DEBUG _get_metrics] res_item[1] type: ConfigRecord
[DEBUG _get_metrics] res_item[1] has metrics attr: False
[DEBUG _get_metrics] res_item[1].__dict__: {'_check_key_fn': <function _check_key at 0x7e977efc8900>, '_check_value_fn': <function _check_value at 0x7e97747b89a0>, '_data': {'accuracy': 0.9593652486801147, 'loss': 0.012674405239522457, 'total_samples': 136681, 'actual_attack': 4456, 'actual_normal': 132225, 'predicted_attack': 9868, 'predicted_normal': 126813, 'true_positives': 4385, 'true_negatives': 126742, 'false_positives': 5483, 'false_negatives': 71, 'precision': 0.4443656262667207, 'recall': 0.9840664272890485, 'f1_score': 0.6122591454900866}}
[DEBUG _get_metrics] res_item[1].keys(): ['accuracy', 'loss', 'total_samples', 'actual_attack', 'actual_normal', 'predicted_attack', 'predicted_normal', 'true_positives', 'true_negatives', 'false_positives', 'false_negatives', 'precision', 'recall', 'f1_score']
[DEBUG _get_metrics] Extracted from ConfigRecord._data
[DEBUG _get_metrics] res_item[1] type: ConfigRecord
[DEBUG _get_metrics] res_item[1] has metrics attr: False
[DEBUG _get_metrics] res_item[1].__dict__: {'_check_key_fn': <function _check_key at 0x7e977efc8900>, '_check_value_fn': <function _check_value at 0x7e97747b89a0>, '_data': {'accuracy': 0.965788722038269, 'loss': 0.011575017124414444, 'total_samples': 140100, 'actual_attack': 35544, 'actual_normal': 104556, 'predicted_attack': 39289, 'predicted_normal': 100811, 'true_positives': 35020, 'true_negatives': 100287, 'false_positives': 4269, 'false_negatives': 524, 'precision': 0.8913436330779607, 'recall': 0.9852577087553455, 'f1_score': 0.9359507169296969}}
[DEBUG _get_metrics] res_item[1].keys(): ['accuracy', 'loss', 'total_samples', 'actual_attack', 'actual_normal', 'predicted_attack', 'predicted_normal', 'true_positives', 'true_negatives', 'false_positives', 'false_negatives', 'precision', 'recall', 'f1_score']
[DEBUG _get_metrics] Extracted from ConfigRecord._data
[DEBUG] Extracted 4 metrics from results

[Evaluation Summary]
============================================================
Round: 43 / 60
Accuracy (mean):  0.9686  (96.86%)
Loss:             0.0109
[Per-Device Accuracy]
  - Device 0:  0.9868  (98.68%)
  - Device 1:  0.9624  (96.24%)
  - Device 2:  0.9594  (95.94%)
  - Device 3:  0.9658  (96.58%)

[Ground Truth]
  - Attack samples: 16559
  - Normal samples: 4
  - Total samples:  16563

[Predictions]
  - Predicted Attack:  16341
  - Predicted Normal:  222

[Confusion Matrix]
  - True Positives (TP):  16341[92mINFO [0m:      
[92mINFO [0m:      [ROUND 44]
[92mINFO [0m:      configure_fit: strategy sampled 4 clients (out of 4)
[92mINFO [0m:      aggregate_fit: received 4 results and 0 failures
[92mINFO [0m:      configure_evaluate: strategy sampled 4 clients (out of 4)
[92mINFO [0m:      aggregate_evaluate: received 4 results and 0 failures
[92mINFO [0m:      
[92mINFO [0m:      [ROUND 45]
[92mINFO [0m:      configure_fit: strategy sampled 4 clients (out of 4)
[92mINFO [0m:      aggregate_fit: received 4 results and 0 failures
[92mINFO [0m:      configure_evaluate: strategy sampled 4 clients (out of 4)
[92mINFO [0m:      aggregate_evaluate: received 4 results and 0 failures

  - True Negatives (TN):  4
  - False Positives (FP): 0
  - False Negatives (FN): 218

[Metrics]
  - Precision:  0.7822  (78.22%)
  - Recall:     0.9854  (98.54%)
  - F1-Score:   0.8551  (85.51%)
============================================================

[36m(ClientAppActor pid=348353)[0m [Client 1] Class weights (smoothed): {0: 1.0961313930322947, 1: 0.9038686069677053}[32m [repeated 4x across cluster][0m
[36m(ClientAppActor pid=348353)[0m [Client 1] Class weights (smoothed): {0: 1.0961313930322947, 1: 0.9038686069677053}[32m [repeated 4x across cluster][0m
[DEBUG] evaluate_metrics_aggregation_fn called with 4 results
[DEBUG] results type: <class 'list'>
[DEBUG] First result type: <class 'tuple'>
[DEBUG] First result length: 2
[DEBUG] results[0][0] type: <class 'int'>
[DEBUG] results[0][1] type: <class 'flwr.app.message.configrecord.ConfigRecord'>
[DEBUG _get_metrics] res_item[1] type: ConfigRecord
[DEBUG _get_metrics] res_item[1] has metrics attr: False
[DEBUG _get_metrics] res_item[1].__dict__: {'_check_key_fn': <function _check_key at 0x7e977efc8900>, '_check_value_fn': <function _check_value at 0x7e97747b89a0>, '_data': {'accuracy': 0.9598188400268555, 'loss': 0.01205439306795597, 'total_samples': 136681, 'actual_attack': 4456, 'actual_normal': 132225, 'predicted_attack': 9808, 'predicted_normal': 126873, 'true_positives': 4386, 'true_negatives': 126803, 'false_positives': 5422, 'false_negatives': 70, 'precision': 0.44718597063621535, 'recall': 0.9842908438061041, 'f1_score': 0.6149747616376893}}
[DEBUG _get_metrics] res_item[1].keys(): ['accuracy', 'loss', 'total_samples', 'actual_attack', 'actual_normal', 'predicted_attack', 'predicted_normal', 'true_positives', 'true_negatives', 'false_positives', 'false_negatives', 'precision', 'recall', 'f1_score']
[DEBUG _get_metrics] Extracted from ConfigRecord._data
[DEBUG _get_metrics] res_item[1] type: ConfigRecord
[DEBUG _get_metrics] res_item[1] has metrics attr: False
[DEBUG _get_metrics] res_item[1].__dict__: {'_check_key_fn': <function _check_key at 0x7e977efc8900>, '_check_value_fn': <function _check_value at 0x7e97747b89a0>, '_data': {'accuracy': 0.9867174029350281, 'loss': 0.007683945819735527, 'total_samples': 16563, 'actual_attack': 16559, 'actual_normal': 4, 'predicted_attack': 16339, 'predicted_normal': 224, 'true_positives': 16339, 'true_negatives': 4, 'false_positives': 0, 'false_negatives': 220, 'precision': 1.0, 'recall': 0.9867141735612054, 'f1_score': 0.9933126633837923}}
[DEBUG _get_metrics] res_item[1].keys(): ['accuracy', 'loss', 'total_samples', 'actual_attack', 'actual_normal', 'predicted_attack', 'predicted_normal', 'true_positives', 'true_negatives', 'false_positives', 'false_negatives', 'precision', 'recall', 'f1_score']
[DEBUG _get_metrics] Extracted from ConfigRecord._data
[DEBUG _get_metrics] res_item[1] type: ConfigRecord
[DEBUG _get_metrics] res_item[1] has metrics attr: False
[DEBUG _get_metrics] res_item[1].__dict__: {'_check_key_fn': <function _check_key at 0x7e977efc8900>, '_check_value_fn': <function _check_value at 0x7e97747b89a0>, '_data': {'accuracy': 0.9661741852760315, 'loss': 0.01110901404172182, 'total_samples': 140100, 'actual_attack': 35544, 'actual_normal': 104556, 'predicted_attack': 39233, 'predicted_normal': 100867, 'true_positives': 35019, 'true_negatives': 100342, 'false_positives': 4214, 'false_negatives': 525, 'precision': 0.8925904213289833, 'recall': 0.9852295746117489, 'f1_score': 0.9366248980301429}}
[DEBUG _get_metrics] res_item[1].keys(): ['accuracy', 'loss', 'total_samples', 'actual_attack', 'actual_normal', 'predicted_attack', 'predicted_normal', 'true_positives', 'true_negatives', 'false_positives', 'false_negatives', 'precision', 'recall', 'f1_score']
[DEBUG _get_metrics] Extracted from ConfigRecord._data
[DEBUG _get_metrics] res_item[1] type: ConfigRecord
[DEBUG _get_metrics] res_item[1] has metrics attr: False
[DEBUG _get_metrics] res_item[1].__dict__: {'_check_key_fn': <function _check_key at 0x7e977efc8900>, '_check_value_fn': <function _check_value at 0x7e97747b89a0>, '_data': {'accuracy': 0.962772011756897, 'loss': 0.011531074531376362, 'total_samples': 206565, 'actual_attack': 28614, 'actual_normal': 177951, 'predicted_attack': 35456, 'predicted_normal': 171109, 'true_positives': 28190, 'true_negatives': 170685, 'false_positives': 7266, 'false_negatives': 424, 'precision': 0.7950699458483754, 'recall': 0.9851820787027329, 'f1_score': 0.8799750273138756}}
[DEBUG _get_metrics] res_item[1].keys(): ['accuracy', 'loss', 'total_samples', 'actual_attack', 'actual_normal', 'predicted_attack', 'predicted_normal', 'true_positives', 'true_negatives', 'false_positives', 'false_negatives', 'precision', 'recall', 'f1_score']
[DEBUG _get_metrics] Extracted from ConfigRecord._data
[DEBUG] Extracted 4 metrics from results

[Evaluation Summary]
============================================================
Round: 44 / 60
Accuracy (mean):  0.9689  (96.89%)
Loss:             0.0106
[Per-Device Accuracy]
  - Device 0:  0.9598  (95.98%)
  - Device 1:  0.9867  (98.67%)
  - Device 2:  0.9662  (96.62%)
  - Device 3:  0.9628  (96.28%)

[Ground Truth]
  - Attack samples: 4456
  - Normal samples: 132225
  - Total samples:  136681

[Predictions]
  - Predicted Attack:  9808
  - Predicted Normal:  126873

[Confusion Matrix]
  - True Positives (TP):  4386
  - True Negatives (TN):  126803
  - False Positives (FP): 5422
  - False Negatives (FN): 70

[Metrics]
  - Precision:  0.7837  (78.37%)
  - Recall:     0.9854  (98.54%)
  - F1-Score:   0.8562  (85.62%)
============================================================

[36m(ClientAppActor pid=348353)[0m [Client 1] Class weights (smoothed): {0: 1.0961313930322947, 1: 0.9038686069677053}[32m [repeated 4x across cluster][0m
[Round 45] Client contributions:
  Client samples: 9,373 (weight: 0.0034)
  Client samples: 1,981,913 (weight: 0.7272)
  Client samples: 6,730 (weight: 0.0025)
  Client samples: 727,504 (weight: 0.2669)
[36m(ClientAppActor pid=348353)[0m [Client 1] Class weights (smoothed): {0: 1.0961313930322947, 1: 0.9038686069677053}[32m [repeated 4x across cluster][0m
[DEBUG] evaluate_metrics_aggregation_fn called with 4 results
[DEBUG] results type: <class 'list'>
[DEBUG] First result type: <class 'tuple'>
[DEBUG] First result length: 2
[DEBUG] results[0][0] type: <class 'int'>
[DEBUG] results[0][1] type: <class 'flwr.app.message.configrecord.ConfigRecord'>
[DEBUG _get_metrics] res_item[1] type: ConfigRecord
[DEBUG _get_metrics] res_item[1] has metrics attr: False
[DEBUG _get_metrics] res_item[1].__dict__: {'_check_key_fn': <function _check_key at 0x7e977efc8900>, '_check_value_fn': <function _check_value at 0x7e97747b89a0>, '_data': {'accuracy': 0.9664953351020813, 'loss': 0.010834161192178726, 'total_samples': 140100, 'actual_attack': 35544, 'actual_normal': 104556, 'predicted_attack': 39206, 'predicted_normal': 100894, 'true_positives': 35028, 'true_negatives': 100378, 'false_positives': 4178, 'false_negatives': 516, 'precision': 0.8934346783655563, 'recall': 0.9854827819041189, 'f1_score': 0.9372040133779264}}
[DEBUG _get_metrics] res_item[1].keys(): ['accuracy', 'loss', 'total_samples', 'actual_attack', 'actual_normal', 'predicted_attack', 'predicted_normal', 'true_positives', 'true_negatives', 'false_positives', 'false_negatives', 'precision', 'recall', 'f1_score']
[DEBUG _get_metrics] Extracted from ConfigRecord._data
[DEBUG _get_metrics] res_item[1] type: ConfigRecord
[DEBUG _get_metrics] res_item[1] has metrics attr: False
[DEBUG _get_metrics] res_item[1].__dict__: {'_check_key_fn': <function _check_key at 0x7e977efc8900>, '_check_value_fn': <function _check_value at 0x7e97747b89a0>, '_data': {'accuracy': 0.9867777824401855, 'loss': 0.007757863029837608, 'total_samples': 16563, 'actual_attack': 16559, 'actual_normal': 4, 'predicted_attack': 16340, 'predicted_normal': 223, 'true_positives': 16340, 'true_negatives': 4, 'false_positives': 0, 'false_negatives': 219, 'precision': 1.0, 'recall': 0.9867745636813817, 'f1_score': 0.9933432627131524}}
[DEBUG _get_metrics] res_item[1].keys(): ['accuracy', 'loss', 'total_samples', 'actual_attack', 'actual_normal', 'predicted_attack', 'predicted_normal', 'true_positives', 'true_negatives', 'false_positives', 'false_negatives', 'precision', 'recall', 'f1_score'][92mINFO [0m:      
[92mINFO [0m:      [ROUND 46]
[92mINFO [0m:      configure_fit: strategy sampled 4 clients (out of 4)
[92mINFO [0m:      aggregate_fit: received 4 results and 0 failures
[92mINFO [0m:      configure_evaluate: strategy sampled 4 clients (out of 4)
[92mINFO [0m:      aggregate_evaluate: received 4 results and 0 failures

[DEBUG _get_metrics] Extracted from ConfigRecord._data
[DEBUG _get_metrics] res_item[1] type: ConfigRecord
[DEBUG _get_metrics] res_item[1] has metrics attr: False
[DEBUG _get_metrics] res_item[1].__dict__: {'_check_key_fn': <function _check_key at 0x7e977efc8900>, '_check_value_fn': <function _check_value at 0x7e97747b89a0>, '_data': {'accuracy': 0.9600456357002258, 'loss': 0.011695538647472858, 'total_samples': 136681, 'actual_attack': 4456, 'actual_normal': 132225, 'predicted_attack': 9779, 'predicted_normal': 126902, 'true_positives': 4387, 'true_negatives': 126833, 'false_positives': 5392, 'false_negatives': 69, 'precision': 0.44861437774823604, 'recall': 0.9845152603231598, 'f1_score': 0.6163681067790657}}
[DEBUG _get_metrics] res_item[1].keys(): ['accuracy', 'loss', 'total_samples', 'actual_attack', 'actual_normal', 'predicted_attack', 'predicted_normal', 'true_positives', 'true_negatives', 'false_positives', 'false_negatives', 'precision', 'recall', 'f1_score']
[DEBUG _get_metrics] Extracted from ConfigRecord._data
[DEBUG _get_metrics] res_item[1] type: ConfigRecord
[DEBUG _get_metrics] res_item[1] has metrics attr: False
[DEBUG _get_metrics] res_item[1].__dict__: {'_check_key_fn': <function _check_key at 0x7e977efc8900>, '_check_value_fn': <function _check_value at 0x7e97747b89a0>, '_data': {'accuracy': 0.9630479216575623, 'loss': 0.011195954866707325, 'total_samples': 206565, 'actual_attack': 28614, 'actual_normal': 177951, 'predicted_attack': 35407, 'predicted_normal': 171158, 'true_positives': 28194, 'true_negatives': 170738, 'false_positives': 7213, 'false_negatives': 420, 'precision': 0.7962832208320388, 'recall': 0.9853218704130845, 'f1_score': 0.8807734961965604}}
[DEBUG _get_metrics] res_item[1].keys(): ['accuracy', 'loss', 'total_samples', 'actual_attack', 'actual_normal', 'predicted_attack', 'predicted_normal', 'true_positives', 'true_negatives', 'false_positives', 'false_negatives', 'precision', 'recall', 'f1_score']
[DEBUG _get_metrics] Extracted from ConfigRecord._data
[DEBUG] Extracted 4 metrics from results

[Evaluation Summary]
============================================================
Round: 45 / 60
Accuracy (mean):  0.9691  (96.91%)
Loss:             0.0104
[Per-Device Accuracy]
  - Device 0:  0.9665  (96.65%)
  - Device 1:  0.9868  (98.68%)
  - Device 2:  0.9600  (96.00%)
  - Device 3:  0.9630  (96.30%)

[Ground Truth]
  - Attack samples: 35544
  - Normal samples: 104556
  - Total samples:  140100

[Predictions]
  - Predicted Attack:  39206
  - Predicted Normal:  100894

[Confusion Matrix]
  - True Positives (TP):  35028
  - True Negatives (TN):  100378
  - False Positives (FP): 4178
  - False Negatives (FN): 516

[Metrics]
  - Precision:  0.7846  (78.46%)
  - Recall:     0.9855  (98.55%)
  - F1-Score:   0.8569  (85.69%)
============================================================

[36m(ClientAppActor pid=348353)[0m [Client 1] Class weights (smoothed): {0: 1.0961313930322947, 1: 0.9038686069677053}[32m [repeated 4x across cluster][0m
[36m(ClientAppActor pid=348353)[0m [Client 1] Class weights (smoothed): {0: 1.0961313930322947, 1: 0.9038686069677053}[32m [repeated 4x across cluster][0m
[DEBUG] evaluate_metrics_aggregation_fn called with 4 results
[DEBUG] results type: <class 'list'>
[DEBUG] First result type: <class 'tuple'>
[DEBUG] First result length: 2
[DEBUG] results[0][0] type: <class 'int'>
[DEBUG] results[0][1] type: <class 'flwr.app.message.configrecord.ConfigRecord'>
[DEBUG _get_metrics] res_item[1] type: ConfigRecord
[DEBUG _get_metrics] res_item[1] has metrics attr: False
[DEBUG _get_metrics] res_item[1].__dict__: {'_check_key_fn': <function _check_key at 0x7e977efc8900>, '_check_value_fn': <function _check_value at 0x7e97747b89a0>, '_data': {'accuracy': 0.9870192408561707, 'loss': 0.007912739180028439, 'total_samples': 16563, 'actual_attack': 16559, 'actual_normal': 4, 'predicted_attack': 16344, 'predicted_normal': 219, 'true_positives': 16344, 'true_negatives': 4, 'false_positives': 0, 'false_negatives': 215, 'precision': 1.0, 'recall': 0.9870161241620871, 'f1_score': 0.9934656414308726}}
[DEBUG _get_metrics] res_item[1].keys(): ['accuracy', 'loss', 'total_samples', 'actual_attack', 'actual_normal', 'predicted_attack', 'predicted_normal', 'true_positives', 'true_negatives', 'false_positives', 'false_negatives', 'precision', 'recall', 'f1_score']
[DEBUG _get_metrics] Extracted from ConfigRecord._data
[DEBUG _get_metrics] res_item[1] type: ConfigRecord
[DEBUG _get_metrics] res_item[1] has metrics attr: False
[DEBUG _get_metrics] res_item[1].__dict__: {'_check_key_fn': <function _check_key at 0x7e977efc8900>, '_check_value_fn': <function _check_value at 0x7e97747b89a0>, '_data': {'accuracy': 0.9631205797195435, 'loss': 0.011157269589602947, 'total_samples': 206565, 'actual_attack': 28614, 'actual_normal': 177951, 'predicted_attack': 35404, 'predicted_normal': 171161, 'true_positives': 28200, 'true_negatives': 170747, 'false_positives': 7204, 'false_negatives': 414, 'precision': 0.7965201672127443, 'recall': 0.9855315579786119, 'f1_score': 0.881002218126152}}
[DEBUG _get_metrics] res_item[1].keys(): ['accuracy', 'loss', 'total_samples', 'actual_attack', 'actual_normal', 'predicted_attack', 'predicted_normal', 'true_positives', 'true_negatives', 'false_positives', 'false_negatives', 'precision', 'recall', 'f1_score']
[DEBUG _get_metrics] Extracted from ConfigRecord._data
[DEBUG _get_metrics] res_item[1] type: ConfigRecord
[DEBUG _get_metrics] res_item[1] has metrics attr: False
[DEBUG _get_metrics] res_item[1].__dict__: {'_check_key_fn': <function _check_key at 0x7e977efc8900>, '_check_value_fn': <function _check_value at 0x7e97747b89a0>, '_data': {'accuracy': 0.966488242149353, 'loss': 0.010820669122040272, 'total_samples': 140100, 'actual_attack': 35544, 'actual_normal': 104556, 'predicted_attack': 39209, 'predicted_normal': 100891, 'true_positives': 35029, 'true_negatives': 100376, 'false_positives': 4180, 'false_negatives': 515, 'precision': 0.8933918233058736, 'recall': 0.9855109160477155, 'f1_score': 0.9371931561275132}}
[DEBUG _get_metrics] res_item[1].keys(): ['accuracy', 'loss', 'total_samples', 'actual_attack', 'actual_normal', 'predicted_attack', 'predicted_normal', 'true_positives', 'true_negatives', 'false_positives', 'false_negatives', 'precision', 'recall', 'f1_score']
[DEBUG _get_metrics] Extracted from ConfigRecord._data
[DEBUG _get_metrics] res_item[1] type: ConfigRecord
[DEBUG _get_metrics] res_item[1] has metrics attr: False
[DEBUG _get_metrics] res_item[1].__dict__: {'_check_key_fn': <function _check_key at 0x7e977efc8900>, '_check_value_fn': <function _check_value at 0x7e97747b89a0>, '_data': {'accuracy': 0.9601114988327026, 'loss': 0.011634726077318192, 'total_samples': 136681, 'actual_attack': 4456, 'actual_normal': 132225, 'predicted_attack': 9770, 'predicted_normal': 126911, 'true_positives': 4387, 'true_negatives': 126842, 'false_positives': 5383, 'false_negatives': 69, 'precision': 0.4490276356192426, 'recall': 0.9845152603231598, 'f1_score': 0.6167580486433292}}
[DEBUG _get_metrics] res_item[1].keys(): ['accuracy', 'loss', 'total_samples', 'actual_attack', 'actual_normal', 'predicted_attack', 'predicted_normal', 'true_positives', 'true_negatives', 'false_positives', 'false_negatives', 'precision', 'recall', 'f1_score']
[DEBUG _get_metrics] Extracted from ConfigRecord._data
[DEBUG] Extracted 4 metrics from results

[Evaluation Summary]
============================================================
Round: 46 / 60
Accuracy (mean):  0.9692  (96.92%)
Loss:             0.0104
[Per-Device Accuracy]
  - Device 0:  0.9870  (98.70%)
  - Device 1:  0.9631  (96.31%)
  - Device 2:  0.9665  (96.65%)
  - Device 3:  0.9601  (96.01%)

[Ground Truth]
  - Attack samples: 16559
  - Normal samples: 4
  - Total samples:  16563

[Predictions]
  - Predicted Attack:  16344
  - Predicted Normal:  219

[Confusion Matrix]
  - True Positives (TP):  16344
  - True Negatives (TN):  4
  - False Positives (FP): 0
  - False Negatives (FN): 215

[Metrics]
  - Precision:  0.7847  (78.47%)
  - Recall:     0.9856  (98.56%)
  - F1-Score:   0.8571  (85.71%)
============================================================
[92mINFO [0m:      
[92mINFO [0m:      [ROUND 47]
[92mINFO [0m:      configure_fit: strategy sampled 4 clients (out of 4)
[92mINFO [0m:      aggregate_fit: received 4 results and 0 failures
[92mINFO [0m:      configure_evaluate: strategy sampled 4 clients (out of 4)
[92mINFO [0m:      aggregate_evaluate: received 4 results and 0 failures
[92mINFO [0m:      
[92mINFO [0m:      [ROUND 48]
[92mINFO [0m:      configure_fit: strategy sampled 4 clients (out of 4)
[33m(raylet)[0m [2026-10-04 03:51:37,399 E 348197 348197] (raylet) node_manager.cc:3303: 1 Workers (tasks / actors) killed due to memory pressure (OOM), 0 Workers crashed due to other reasons at node (ID: b8be6d5133c41a37147c6d08ac791978c902fd4f2b4a4c97ec44eb15, IP: 172.22.205.158) over the last time period. To see more information about the Workers killed on this node, use `ray logs raylet.out -ip 172.22.205.158`
[33m(raylet)[0m 
[33m(raylet)[0m Refer to the documentation on how to address the out of memory issue: https://docs.ray.io/en/latest/ray-core/scheduling/ray-oom-prevention.html. Consider provisioning more memory on this node or reducing task parallelism by requesting more CPUs per task. To adjust the kill threshold, set the environment variable `RAY_memory_usage_threshold` when starting Ray. To disable worker killing, set the environment variable `RAY_memory_monitor_refresh_ms` to zero.
[36m(pid=348367)[0m WARNING: All log messages before absl::InitializeLog() is called are written to STDERR[32m [repeated 31x across cluster][0m
[36m(pid=348367)[0m I0000 00:00:1791092805.279266  348367 port.cc:153] oneDNN custom operations are on. You may see slightly different numerical results due to floating-point round-off errors from different computation orders. To turn them off, set the environment variable `TF_ENABLE_ONEDNN_OPTS=0`.[32m [repeated 31x across cluster][0m
[36m(pid=348367)[0m I0000 00:00:1791092805.279620  348367 cudart_stub.cc:31] Could not find cuda drivers on your machine, GPU will not be used.[32m [repeated 31x across cluster][0m
[36m(ClientAppActor pid=348360)[0m /home/danielpark605/tinyml-venv/lib/python3.12/site-packages/tensorflow_model_optimization/__init__.py:65: DeprecationWarning: distutils Version classes are deprecated. Use packaging.version instead.[32m [repeated 3x across cluster][0m
[36m(ClientAppActor pid=348360)[0m   if (distutils.version.LooseVersion(tf.version.VERSION) <[32m [repeated 3x across cluster][0m
[36m(ClientAppActor pid=348360)[0m E0000 00:00:1791092806.550579  348360 cuda_platform.cc:52] failed call to cuInit: INTERNAL: CUDA error: Failed call to cuInit: CUDA_ERROR_NO_DEVICE: no CUDA-capable device is detected[32m [repeated 3x across cluster][0m
[92mINFO [0m:      aggregate_fit: received 4 results and 0 failures
[92mINFO [0m:      configure_evaluate: strategy sampled 4 clients (out of 4)
[92mINFO [0m:      aggregate_evaluate: received 4 results and 0 failures

[36m(ClientAppActor pid=348353)[0m [Client 1] Class weights (smoothed): {0: 1.0961313930322947, 1: 0.9038686069677053}[32m [repeated 4x across cluster][0m
[36m(ClientAppActor pid=348353)[0m [Client 1] Class weights (smoothed): {0: 1.0961313930322947, 1: 0.9038686069677053}[32m [repeated 4x across cluster][0m
[DEBUG] evaluate_metrics_aggregation_fn called with 4 results
[DEBUG] results type: <class 'list'>
[DEBUG] First result type: <class 'tuple'>
[DEBUG] First result length: 2
[DEBUG] results[0][0] type: <class 'int'>
[DEBUG] results[0][1] type: <class 'flwr.app.message.configrecord.ConfigRecord'>
[DEBUG _get_metrics] res_item[1] type: ConfigRecord
[DEBUG _get_metrics] res_item[1] has metrics attr: False
[DEBUG _get_metrics] res_item[1].__dict__: {'_check_key_fn': <function _check_key at 0x7e977efc8900>, '_check_value_fn': <function _check_value at 0x7e97747b89a0>, '_data': {'accuracy': 0.9872003793716431, 'loss': 0.008268722333014011, 'total_samples': 16563, 'actual_attack': 16559, 'actual_normal': 4, 'predicted_attack': 16347, 'predicted_normal': 216, 'true_positives': 16347, 'true_negatives': 4, 'false_positives': 0, 'false_negatives': 212, 'precision': 1.0, 'recall': 0.9871972945226161, 'f1_score': 0.9935574059442046}}
[DEBUG _get_metrics] res_item[1].keys(): ['accuracy', 'loss', 'total_samples', 'actual_attack', 'actual_normal', 'predicted_attack', 'predicted_normal', 'true_positives', 'true_negatives', 'false_positives', 'false_negatives', 'precision', 'recall', 'f1_score']
[DEBUG _get_metrics] Extracted from ConfigRecord._data
[DEBUG _get_metrics] res_item[1] type: ConfigRecord
[DEBUG _get_metrics] res_item[1] has metrics attr: False
[DEBUG _get_metrics] res_item[1].__dict__: {'_check_key_fn': <function _check_key at 0x7e977efc8900>, '_check_value_fn': <function _check_value at 0x7e97747b89a0>, '_data': {'accuracy': 0.9664525389671326, 'loss': 0.010897119529545307, 'total_samples': 140100, 'actual_attack': 35544, 'actual_normal': 104556, 'predicted_attack': 39214, 'predicted_normal': 100886, 'true_positives': 35029, 'true_negatives': 100371, 'false_positives': 4185, 'false_negatives': 515, 'precision': 0.8932779109501708, 'recall': 0.9855109160477155, 'f1_score': 0.9371304743305064}}
[DEBUG _get_metrics] res_item[1].keys(): ['accuracy', 'loss', 'total_samples', 'actual_attack', 'actual_normal', 'predicted_attack', 'predicted_normal', 'true_positives', 'true_negatives', 'false_positives', 'false_negatives', 'precision', 'recall', 'f1_score']
[DEBUG _get_metrics] Extracted from ConfigRecord._data
[DEBUG _get_metrics] res_item[1] type: ConfigRecord
[DEBUG _get_metrics] res_item[1] has metrics attr: False
[DEBUG _get_metrics] res_item[1].__dict__: {'_check_key_fn': <function _check_key at 0x7e977efc8900>, '_check_value_fn': <function _check_value at 0x7e97747b89a0>, '_data': {'accuracy': 0.96013343334198, 'loss': 0.011638471856713295, 'total_samples': 136681, 'actual_attack': 4456, 'actual_normal': 132225, 'predicted_attack': 9767, 'predicted_normal': 126914, 'true_positives': 4387, 'true_negatives': 126845, 'false_positives': 5380, 'false_negatives': 69, 'precision': 0.4491655574895055, 'recall': 0.9845152603231598, 'f1_score': 0.6168881389299022}}
[DEBUG _get_metrics] res_item[1].keys(): ['accuracy', 'loss', 'total_samples', 'actual_attack', 'actual_normal', 'predicted_attack', 'predicted_normal', 'true_positives', 'true_negatives', 'false_positives', 'false_negatives', 'precision', 'recall', 'f1_score']
[DEBUG _get_metrics] Extracted from ConfigRecord._data
[DEBUG _get_metrics] res_item[1] type: ConfigRecord
[DEBUG _get_metrics] res_item[1] has metrics attr: False
[DEBUG _get_metrics] res_item[1].__dict__: {'_check_key_fn': <function _check_key at 0x7e977efc8900>, '_check_value_fn': <function _check_value at 0x7e97747b89a0>, '_data': {'accuracy': 0.9631931781768799, 'loss': 0.01119355857372284, 'total_samples': 206565, 'actual_attack': 28614, 'actual_normal': 177951, 'predicted_attack': 35395, 'predicted_normal': 171170, 'true_positives': 28203, 'true_negatives': 170759, 'false_positives': 7192, 'false_negatives': 411, 'precision': 0.7968074586806047, 'recall': 0.9856364017613756, 'f1_score': 0.8812198284616227}}
[DEBUG _get_metrics] res_item[1].keys(): ['accuracy', 'loss', 'total_samples', 'actual_attack', 'actual_normal', 'predicted_attack', 'predicted_normal', 'true_positives', 'true_negatives', 'false_positives', 'false_negatives', 'precision', 'recall', 'f1_score']
[DEBUG _get_metrics] Extracted from ConfigRecord._data
[DEBUG] Extracted 4 metrics from results

[Evaluation Summary]
============================================================
Round: 47 / 60
Accuracy (mean):  0.9692  (96.92%)
Loss:             0.0105
[Per-Device Accuracy]
  - Device 0:  0.9872  (98.72%)
  - Device 1:  0.9665  (96.65%)
  - Device 2:  0.9601  (96.01%)
  - Device 3:  0.9632  (96.32%)

[Ground Truth]
  - Attack samples: 16559
  - Normal samples: 4
  - Total samples:  16563

[Predictions]
  - Predicted Attack:  16347
  - Predicted Normal:  216

[Confusion Matrix]
  - True Positives (TP):  16347
  - True Negatives (TN):  4
  - False Positives (FP): 0
  - False Negatives (FN): 212

[Metrics]
  - Precision:  0.7848  (78.48%)
  - Recall:     0.9857  (98.57%)
  - F1-Score:   0.8572  (85.72%)
============================================================

[36m(ClientAppActor pid=348353)[0m [Client 1] Class weights (smoothed): {0: 1.0961313930322947, 1: 0.9038686069677053}[32m [repeated 4x across cluster][0m
[36m(ClientAppActor pid=348353)[0m [Client 1] Class weights (smoothed): {0: 1.0961313930322947, 1: 0.9038686069677053}[32m [repeated 4x across cluster][0m
[DEBUG] evaluate_metrics_aggregation_fn called with 4 results
[DEBUG] results type: <class 'list'>
[DEBUG] First result type: <class 'tuple'>
[DEBUG] First result length: 2
[DEBUG] results[0][0] type: <class 'int'>
[DEBUG] results[0][1] type: <class 'flwr.app.message.configrecord.ConfigRecord'>
[DEBUG _get_metrics] res_item[1] type: ConfigRecord
[DEBUG _get_metrics] res_item[1] has metrics attr: False
[DEBUG _get_metrics] res_item[1].__dict__: {'_check_key_fn': <function _check_key at 0x7e977efc8900>, '_check_value_fn': <function _check_value at 0x7e97747b89a0>, '_data': {'accuracy': 0.9691006541252136, 'loss': 0.011027657426893711, 'total_samples': 140100, 'actual_attack': 35544, 'actual_normal': 104556, 'predicted_attack': 38463, 'predicted_normal': 101637, 'true_positives': 34839, 'true_negatives': 100932, 'false_positives': 3624, 'false_negatives': 705, 'precision': 0.9057795803759457, 'recall': 0.9801654287643484, 'f1_score': 0.9415055332603672}}
[DEBUG _get_metrics] res_item[1].keys(): ['accuracy', 'loss', 'total_samples', 'actual_attack', 'actual_normal', 'predicted_attack', 'predicted_normal', 'true_positives', 'true_negatives', 'false_positives', 'false_negatives', 'precision', 'recall', 'f1_score']
[DEBUG _get_metrics] Extracted from ConfigRecord._data
[DEBUG _get_metrics] res_item[1] type: ConfigRecord
[DEBUG _get_metrics] res_item[1] has metrics attr: False
[DEBUG _get_metrics] res_item[1].__dict__: {'_check_key_fn': <function _check_key at 0x7e977efc8900>, '_check_value_fn': <function _check_value at 0x7e97747b89a0>, '_data': {'accuracy': 0.9650499820709229, 'loss': 0.011716799810528755, 'total_samples': 136681, 'actual_attack': 4456, 'actual_normal': 132225, 'predicted_attack': 9041, 'predicted_normal': 127640, 'true_positives': 4360, 'true_negatives': 127544, 'false_positives': 4681, 'false_negatives': 96, 'precision': 0.4822475389890499, 'recall': 0.9784560143626571, 'f1_score': 0.6460694969252426}}
[DEBUG _get_metrics] res_item[1].keys(): ['accuracy', 'loss', 'total_samples', 'actual_attack', 'actual_normal', 'predicted_attack', 'predicted_normal', 'true_positives', 'true_negatives', 'false_positives', 'false_negatives', 'precision', 'recall', 'f1_score']
[DEBUG _get_metrics] Extracted from ConfigRecord._data
[DEBUG _get_metrics] res_item[1] type: ConfigRecord
[DEBUG _get_metrics] res_item[1] has metrics attr: False
[DEBUG _get_metrics] res_item[1].__dict__: {'_check_key_fn': <function _check_key at 0x7e977efc8900>, '_check_value_fn': <function _check_value at 0x7e97747b89a0>, '_data': {'accuracy': 0.9825514554977417, 'loss': 0.008586539886891842, 'total_samples': 16563, 'actual_attack': 16559, 'actual_normal': 4, 'predicted_attack': 16270, 'predicted_normal': 293, 'true_positives': 16270, 'true_negatives': 4, 'false_positives': 0, 'false_negatives': 289, 'precision': 1.0, 'recall': 0.982547255269038, 'f1_score': 0.9911968077005087}}[92mINFO [0m:      
[92mINFO [0m:      [ROUND 49]
[92mINFO [0m:      configure_fit: strategy sampled 4 clients (out of 4)
[92mINFO [0m:      aggregate_fit: received 4 results and 0 failures
[92mINFO [0m:      configure_evaluate: strategy sampled 4 clients (out of 4)
[92mINFO [0m:      aggregate_evaluate: received 4 results and 0 failures
[92mINFO [0m:      
[92mINFO [0m:      [ROUND 50]
[92mINFO [0m:      configure_fit: strategy sampled 4 clients (out of 4)
[92mINFO [0m:      aggregate_fit: received 4 results and 0 failures
[92mINFO [0m:      configure_evaluate: strategy sampled 4 clients (out of 4)
[92mINFO [0m:      aggregate_evaluate: received 4 results and 0 failures

[DEBUG _get_metrics] res_item[1].keys(): ['accuracy', 'loss', 'total_samples', 'actual_attack', 'actual_normal', 'predicted_attack', 'predicted_normal', 'true_positives', 'true_negatives', 'false_positives', 'false_negatives', 'precision', 'recall', 'f1_score']
[DEBUG _get_metrics] Extracted from ConfigRecord._data
[DEBUG _get_metrics] res_item[1] type: ConfigRecord
[DEBUG _get_metrics] res_item[1] has metrics attr: False
[DEBUG _get_metrics] res_item[1].__dict__: {'_check_key_fn': <function _check_key at 0x7e977efc8900>, '_check_value_fn': <function _check_value at 0x7e97747b89a0>, '_data': {'accuracy': 0.9668675661087036, 'loss': 0.011292567476630211, 'total_samples': 206565, 'actual_attack': 28614, 'actual_normal': 177951, 'predicted_attack': 34322, 'predicted_normal': 172243, 'true_positives': 28046, 'true_negatives': 171675, 'false_positives': 6276, 'false_negatives': 568, 'precision': 0.8171435231047142, 'recall': 0.9801495771300762, 'f1_score': 0.8912546078555993}}
[DEBUG _get_metrics] res_item[1].keys(): ['accuracy', 'loss', 'total_samples', 'actual_attack', 'actual_normal', 'predicted_attack', 'predicted_normal', 'true_positives', 'true_negatives', 'false_positives', 'false_negatives', 'precision', 'recall', 'f1_score']
[DEBUG _get_metrics] Extracted from ConfigRecord._data
[DEBUG] Extracted 4 metrics from results

[Evaluation Summary]
============================================================
Round: 48 / 60
Accuracy (mean):  0.9709  (97.09%)
Loss:             0.0107
[Per-Device Accuracy]
  - Device 0:  0.9691  (96.91%)
  - Device 1:  0.9650  (96.50%)
  - Device 2:  0.9826  (98.26%)
  - Device 3:  0.9669  (96.69%)

[Ground Truth]
  - Attack samples: 35544
  - Normal samples: 104556
  - Total samples:  140100

[Predictions]
  - Predicted Attack:  38463
  - Predicted Normal:  101637

[Confusion Matrix]
  - True Positives (TP):  34839
  - True Negatives (TN):  100932
  - False Positives (FP): 3624
  - False Negatives (FN): 705

[Metrics]
  - Precision:  0.8013  (80.13%)
  - Recall:     0.9803  (98.03%)
  - F1-Score:   0.8675  (86.75%)
============================================================

[36m(ClientAppActor pid=348353)[0m [Client 1] Class weights (smoothed): {0: 1.0961313930322947, 1: 0.9038686069677053}[32m [repeated 4x across cluster][0m
[36m(ClientAppActor pid=348353)[0m [Client 1] Class weights (smoothed): {0: 1.0961313930322947, 1: 0.9038686069677053}[32m [repeated 4x across cluster][0m
[DEBUG] evaluate_metrics_aggregation_fn called with 4 results
[DEBUG] results type: <class 'list'>
[DEBUG] First result type: <class 'tuple'>
[DEBUG] First result length: 2
[DEBUG] results[0][0] type: <class 'int'>
[DEBUG] results[0][1] type: <class 'flwr.app.message.configrecord.ConfigRecord'>
[DEBUG _get_metrics] res_item[1] type: ConfigRecord
[DEBUG _get_metrics] res_item[1] has metrics attr: False
[DEBUG _get_metrics] res_item[1].__dict__: {'_check_key_fn': <function _check_key at 0x7e977efc8900>, '_check_value_fn': <function _check_value at 0x7e97747b89a0>, '_data': {'accuracy': 0.9676905870437622, 'loss': 0.011491693556308746, 'total_samples': 206565, 'actual_attack': 28614, 'actual_normal': 177951, 'predicted_attack': 31712, 'predicted_normal': 174853, 'true_positives': 26826, 'true_negatives': 173065, 'false_positives': 4886, 'false_negatives': 1788, 'precision': 0.8459258324924319, 'recall': 0.9375131054728455, 'f1_score': 0.8893677684580448}}
[DEBUG _get_metrics] res_item[1].keys(): ['accuracy', 'loss', 'total_samples', 'actual_attack', 'actual_normal', 'predicted_attack', 'predicted_normal', 'true_positives', 'true_negatives', 'false_positives', 'false_negatives', 'precision', 'recall', 'f1_score']
[DEBUG _get_metrics] Extracted from ConfigRecord._data
[DEBUG _get_metrics] res_item[1] type: ConfigRecord
[DEBUG _get_metrics] res_item[1] has metrics attr: False
[DEBUG _get_metrics] res_item[1].__dict__: {'_check_key_fn': <function _check_key at 0x7e977efc8900>, '_check_value_fn': <function _check_value at 0x7e97747b89a0>, '_data': {'accuracy': 0.9379339218139648, 'loss': 0.009561697952449322, 'total_samples': 16563, 'actual_attack': 16559, 'actual_normal': 4, 'predicted_attack': 15531, 'predicted_normal': 1032, 'true_positives': 15531, 'true_negatives': 4, 'false_positives': 0, 'false_negatives': 1028, 'precision': 1.0, 'recall': 0.9379189564587234, 'f1_score': 0.967965098161421}}
[DEBUG _get_metrics] res_item[1].keys(): ['accuracy', 'loss', 'total_samples', 'actual_attack', 'actual_normal', 'predicted_attack', 'predicted_normal', 'true_positives', 'true_negatives', 'false_positives', 'false_negatives', 'precision', 'recall', 'f1_score']
[DEBUG _get_metrics] Extracted from ConfigRecord._data
[DEBUG _get_metrics] res_item[1] type: ConfigRecord
[DEBUG _get_metrics] res_item[1] has metrics attr: False
[DEBUG _get_metrics] res_item[1].__dict__: {'_check_key_fn': <function _check_key at 0x7e977efc8900>, '_check_value_fn': <function _check_value at 0x7e97747b89a0>, '_data': {'accuracy': 0.9636902213096619, 'loss': 0.011333196423947811, 'total_samples': 140100, 'actual_attack': 35544, 'actual_normal': 104556, 'predicted_attack': 36133, 'predicted_normal': 103967, 'true_positives': 33295, 'true_negatives': 101718, 'false_positives': 2838, 'false_negatives': 2249, 'precision': 0.9214568400077492, 'recall': 0.9367263110510916, 'f1_score': 0.9290288377024708}}
[DEBUG _get_metrics] res_item[1].keys(): ['accuracy', 'loss', 'total_samples', 'actual_attack', 'actual_normal', 'predicted_attack', 'predicted_normal', 'true_positives', 'true_negatives', 'false_positives', 'false_negatives', 'precision', 'recall', 'f1_score']
[DEBUG _get_metrics] Extracted from ConfigRecord._data
[DEBUG _get_metrics] res_item[1] type: ConfigRecord
[DEBUG _get_metrics] res_item[1] has metrics attr: False
[DEBUG _get_metrics] res_item[1].__dict__: {'_check_key_fn': <function _check_key at 0x7e977efc8900>, '_check_value_fn': <function _check_value at 0x7e97747b89a0>, '_data': {'accuracy': 0.971078634262085, 'loss': 0.011822176165878773, 'total_samples': 136681, 'actual_attack': 4456, 'actual_normal': 132225, 'predicted_attack': 7821, 'predicted_normal': 128860, 'true_positives': 4162, 'true_negatives': 128566, 'false_positives': 3659, 'false_negatives': 294, 'precision': 0.5321570131696713, 'recall': 0.9340215439856373, 'f1_score': 0.678015801906003}}
[DEBUG _get_metrics] res_item[1].keys(): ['accuracy', 'loss', 'total_samples', 'actual_attack', 'actual_normal', 'predicted_attack', 'predicted_normal', 'true_positives', 'true_negatives', 'false_positives', 'false_negatives', 'precision', 'recall', 'f1_score']
[DEBUG _get_metrics] Extracted from ConfigRecord._data
[DEBUG] Extracted 4 metrics from results

[Evaluation Summary]
============================================================
Round: 49 / 60
Accuracy (mean):  0.9601  (96.01%)
Loss:             0.0111
[Per-Device Accuracy]
  - Device 0:  0.9677  (96.77%)
  - Device 1:  0.9379  (93.79%)
  - Device 2:  0.9637  (96.37%)
  - Device 3:  0.9711  (97.11%)

[Ground Truth]
  - Attack samples: 28614
  - Normal samples: 177951
  - Total samples:  206565

[Predictions]
  - Predicted Attack:  31712
  - Predicted Normal:  174853

[Confusion Matrix]
  - True Positives (TP):  26826
  - True Negatives (TN):  173065
  - False Positives (FP): 4886
  - False Negatives (FN): 1788

[Metrics]
  - Precision:  0.8249  (82.49%)
  - Recall:     0.9365  (93.65%)
  - F1-Score:   0.8661  (86.61%)
============================================================

[36m(ClientAppActor pid=348353)[0m [Client 1] Class weights (smoothed): {0: 1.0961313930322947, 1: 0.9038686069677053}[32m [repeated 4x across cluster][0m
[Round 50] Client contributions:
  Client samples: 6,730 (weight: 0.0025)
  Client samples: 727,504 (weight: 0.2669)
  Client samples: 1,981,913 (weight: 0.7272)
  Client samples: 9,373 (weight: 0.0034)
[36m(ClientAppActor pid=348353)[0m [Client 1] Class weights (smoothed): {0: 1.0961313930322947, 1: 0.9038686069677053}[32m [repeated 4x across cluster][0m
[DEBUG] evaluate_metrics_aggregation_fn called with 4 results
[DEBUG] results type: <class 'list'>
[DEBUG] First result type: <class 'tuple'>
[DEBUG] First result length: 2[92mINFO [0m:      
[92mINFO [0m:      [ROUND 51]
[92mINFO [0m:      configure_fit: strategy sampled 4 clients (out of 4)
[92mINFO [0m:      aggregate_fit: received 4 results and 0 failures
[92mINFO [0m:      configure_evaluate: strategy sampled 4 clients (out of 4)
[92mINFO [0m:      aggregate_evaluate: received 4 results and 0 failures

[DEBUG] results[0][0] type: <class 'int'>
[DEBUG] results[0][1] type: <class 'flwr.app.message.configrecord.ConfigRecord'>
[DEBUG _get_metrics] res_item[1] type: ConfigRecord
[DEBUG _get_metrics] res_item[1] has metrics attr: False
[DEBUG _get_metrics] res_item[1].__dict__: {'_check_key_fn': <function _check_key at 0x7e977efc8900>, '_check_value_fn': <function _check_value at 0x7e97747b89a0>, '_data': {'accuracy': 0.9715102910995483, 'loss': 0.012290776707231998, 'total_samples': 136681, 'actual_attack': 4456, 'actual_normal': 132225, 'predicted_attack': 7716, 'predicted_normal': 128965, 'true_positives': 4139, 'true_negatives': 128648, 'false_positives': 3577, 'false_negatives': 317, 'precision': 0.5364178330741317, 'recall': 0.9288599640933572, 'f1_score': 0.6800854419980283}}
[DEBUG _get_metrics] res_item[1].keys(): ['accuracy', 'loss', 'total_samples', 'actual_attack', 'actual_normal', 'predicted_attack', 'predicted_normal', 'true_positives', 'true_negatives', 'false_positives', 'false_negatives', 'precision', 'recall', 'f1_score']
[DEBUG _get_metrics] Extracted from ConfigRecord._data
[DEBUG _get_metrics] res_item[1] type: ConfigRecord
[DEBUG _get_metrics] res_item[1] has metrics attr: False
[DEBUG _get_metrics] res_item[1].__dict__: {'_check_key_fn': <function _check_key at 0x7e977efc8900>, '_check_value_fn': <function _check_value at 0x7e97747b89a0>, '_data': {'accuracy': 0.9675065875053406, 'loss': 0.011952857486903667, 'total_samples': 206565, 'actual_attack': 28614, 'actual_normal': 177951, 'predicted_attack': 31510, 'predicted_normal': 175055, 'true_positives': 26706, 'true_negatives': 173147, 'false_positives': 4804, 'false_negatives': 1908, 'precision': 0.8475404633449698, 'recall': 0.9333193541622982, 'f1_score': 0.8883640476348877}}
[DEBUG _get_metrics] res_item[1].keys(): ['accuracy', 'loss', 'total_samples', 'actual_attack', 'actual_normal', 'predicted_attack', 'predicted_normal', 'true_positives', 'true_negatives', 'false_positives', 'false_negatives', 'precision', 'recall', 'f1_score']
[DEBUG _get_metrics] Extracted from ConfigRecord._data
[DEBUG _get_metrics] res_item[1] type: ConfigRecord
[DEBUG _get_metrics] res_item[1] has metrics attr: False
[DEBUG _get_metrics] res_item[1].__dict__: {'_check_key_fn': <function _check_key at 0x7e977efc8900>, '_check_value_fn': <function _check_value at 0x7e97747b89a0>, '_data': {'accuracy': 0.9344925284385681, 'loss': 0.009958488866686821, 'total_samples': 16563, 'actual_attack': 16559, 'actual_normal': 4, 'predicted_attack': 15474, 'predicted_normal': 1089, 'true_positives': 15474, 'true_negatives': 4, 'false_positives': 0, 'false_negatives': 1085, 'precision': 1.0, 'recall': 0.9344767196086721, 'f1_score': 0.9661286797989573}}
[DEBUG _get_metrics] res_item[1].keys(): ['accuracy', 'loss', 'total_samples', 'actual_attack', 'actual_normal', 'predicted_attack', 'predicted_normal', 'true_positives', 'true_negatives', 'false_positives', 'false_negatives', 'precision', 'recall', 'f1_score']
[DEBUG _get_metrics] Extracted from ConfigRecord._data
[DEBUG _get_metrics] res_item[1] type: ConfigRecord
[DEBUG _get_metrics] res_item[1] has metrics attr: False
[DEBUG _get_metrics] res_item[1].__dict__: {'_check_key_fn': <function _check_key at 0x7e977efc8900>, '_check_value_fn': <function _check_value at 0x7e97747b89a0>, '_data': {'accuracy': 0.9630763530731201, 'loss': 0.011785340495407581, 'total_samples': 140100, 'actual_attack': 35544, 'actual_normal': 104556, 'predicted_attack': 35987, 'predicted_normal': 104113, 'true_positives': 33179, 'true_negatives': 101748, 'false_positives': 2808, 'false_negatives': 2365, 'precision': 0.9219718231583628, 'recall': 0.933462750393878, 'f1_score': 0.927681704435839}}
[DEBUG _get_metrics] res_item[1].keys(): ['accuracy', 'loss', 'total_samples', 'actual_attack', 'actual_normal', 'predicted_attack', 'predicted_normal', 'true_positives', 'true_negatives', 'false_positives', 'false_negatives', 'precision', 'recall', 'f1_score']
[DEBUG _get_metrics] Extracted from ConfigRecord._data
[DEBUG] Extracted 4 metrics from results

[Evaluation Summary]
============================================================
Round: 50 / 60
Accuracy (mean):  0.9591  (95.91%)
Loss:             0.0115
[Per-Device Accuracy]
  - Device 0:  0.9715  (97.15%)
  - Device 1:  0.9675  (96.75%)
  - Device 2:  0.9345  (93.45%)
  - Device 3:  0.9631  (96.31%)

[Ground Truth]
  - Attack samples: 4456
  - Normal samples: 132225
  - Total samples:  136681

[Predictions]
  - Predicted Attack:  7716
  - Predicted Normal:  128965

[Confusion Matrix]
  - True Positives (TP):  4139
  - True Negatives (TN):  128648
  - False Positives (FP): 3577
  - False Negatives (FN): 317

[Metrics]
  - Precision:  0.8265  (82.65%)
  - Recall:     0.9325  (93.25%)
  - F1-Score:   0.8656  (86.56%)
============================================================

[36m(ClientAppActor pid=348353)[0m [Client 1] Class weights (smoothed): {0: 1.0961313930322947, 1: 0.9038686069677053}[32m [repeated 4x across cluster][0m
[36m(ClientAppActor pid=348353)[0m [Client 1] Class weights (smoothed): {0: 1.0961313930322947, 1: 0.9038686069677053}[32m [repeated 4x across cluster][0m
[DEBUG] evaluate_metrics_aggregation_fn called with 4 results
[DEBUG] results type: <class 'list'>
[DEBUG] First result type: <class 'tuple'>
[DEBUG] First result length: 2
[DEBUG] results[0][0] type: <class 'int'>
[DEBUG] results[0][1] type: <class 'flwr.app.message.configrecord.ConfigRecord'>
[DEBUG _get_metrics] res_item[1] type: ConfigRecord
[DEBUG _get_metrics] res_item[1] has metrics attr: False
[DEBUG _get_metrics] res_item[1].__dict__: {'_check_key_fn': <function _check_key at 0x7e977efc8900>, '_check_value_fn': <function _check_value at 0x7e97747b89a0>, '_data': {'accuracy': 0.9628836512565613, 'loss': 0.01202167384326458, 'total_samples': 140100, 'actual_attack': 35544, 'actual_normal': 104556, 'predicted_attack': 35890, 'predicted_normal': 104210, 'true_positives': 33117, 'true_negatives': 101783, 'false_positives': 2773, 'false_negatives': 2427, 'precision': 0.9227361382000557, 'recall': 0.9317184334908846, 'f1_score': 0.9272055323795391}}
[DEBUG _get_metrics] res_item[1].keys(): ['accuracy', 'loss', 'total_samples', 'actual_attack', 'actual_normal', 'predicted_attack', 'predicted_normal', 'true_positives', 'true_negatives', 'false_positives', 'false_negatives', 'precision', 'recall', 'f1_score']
[DEBUG _get_metrics] Extracted from ConfigRecord._data
[DEBUG _get_metrics] res_item[1] type: ConfigRecord
[DEBUG _get_metrics] res_item[1] has metrics attr: False
[DEBUG _get_metrics] res_item[1].__dict__: {'_check_key_fn': <function _check_key at 0x7e977efc8900>, '_check_value_fn': <function _check_value at 0x7e97747b89a0>, '_data': {'accuracy': 0.9675307869911194, 'loss': 0.012184174731373787, 'total_samples': 206565, 'actual_attack': 28614, 'actual_normal': 177951, 'predicted_attack': 31383, 'predicted_normal': 175182, 'true_positives': 26645, 'true_negatives': 173213, 'false_positives': 4738, 'false_negatives': 1969, 'precision': 0.8490265430328522, 'recall': 0.9311875305794366, 'f1_score': 0.8882110772205277}}
[DEBUG _get_metrics] res_item[1].keys(): ['accuracy', 'loss', 'total_samples', 'actual_attack', 'actual_normal', 'predicted_attack', 'predicted_normal', 'true_positives', 'true_negatives', 'false_positives', 'false_negatives', 'precision', 'recall', 'f1_score']
[DEBUG _get_metrics] Extracted from ConfigRecord._data
[DEBUG _get_metrics] res_item[1] type: ConfigRecord
[DEBUG _get_metrics] res_item[1] has metrics attr: False
[DEBUG _get_metrics] res_item[1].__dict__: {'_check_key_fn': <function _check_key at 0x7e977efc8900>, '_check_value_fn': <function _check_value at 0x7e97747b89a0>, '_data': {'accuracy': 0.9326208829879761, 'loss': 0.010239798575639725, 'total_samples': 16563, 'actual_attack': 16559, 'actual_normal': 4, 'predicted_attack': 15443, 'predicted_normal': 1120, 'true_positives': 15443, 'true_negatives': 4, 'false_positives': 0, 'false_negatives': 1116, 'precision': 1.0, 'recall': 0.9326046258832055, 'f1_score': 0.965127179551278}}
[DEBUG _get_metrics] res_item[1].keys(): ['accuracy', 'loss', 'total_samples', 'actual_attack', 'actual_normal', 'predicted_attack', 'predicted_normal', 'true_positives', 'true_negatives', 'false_positives', 'false_negatives', 'precision', 'recall', 'f1_score'][92mINFO [0m:      
[92mINFO [0m:      [ROUND 52]
[92mINFO [0m:      configure_fit: strategy sampled 4 clients (out of 4)
[92mINFO [0m:      aggregate_fit: received 4 results and 0 failures
[92mINFO [0m:      configure_evaluate: strategy sampled 4 clients (out of 4)
[92mINFO [0m:      aggregate_evaluate: received 4 results and 0 failures
[92mINFO [0m:      
[92mINFO [0m:      [ROUND 53]
[92mINFO [0m:      configure_fit: strategy sampled 4 clients (out of 4)
[91mERROR [0m:     Traceback (most recent call last):
  File "/home/danielpark605/tinyml-venv/lib/python3.12/site-packages/flwr/simulation/ray_transport/ray_client_proxy.py", line 91, in _submit_job
    out_mssg, updated_context = self.actor_pool.get_client_result(
                                ^^^^^^^^^^^^^^^^^^^^^^^^^^^^^^^^^^
  File "/home/danielpark605/tinyml-venv/lib/python3.12/site-packages/flwr/simulation/ray_transport/ray_actor.py", line 402, in get_client_result
    return self._fetch_future_result(cid)
           ^^^^^^^^^^^^^^^^^^^^^^^^^^^^^^
  File "/home/danielpark605/tinyml-venv/lib/python3.12/site-packages/flwr/simulation/ray_transport/ray_actor.py", line 283, in _fetch_future_result
    res_cid, out_mssg, updated_context = ray.get(
                                         ^^^^^^^^
  File "/home/danielpark605/tinyml-venv/lib/python3.12/site-packages/ray/_private/auto_init_hook.py", line 22, in auto_init_wrapper
    return fn(*args, **kwargs)
           ^^^^^^^^^^^^^^^^^^^
  File "/home/danielpark605/tinyml-venv/lib/python3.12/site-packages/ray/_private/client_mode_hook.py", line 107, in wrapper
    return func(*args, **kwargs)
           ^^^^^^^^^^^^^^^^^^^^^
  File "/home/danielpark605/tinyml-venv/lib/python3.12/site-packages/ray/_private/worker.py", line 2980, in get
    values, debugger_breakpoint = worker.get_objects(
                                  ^^^^^^^^^^^^^^^^^^^
  File "/home/danielpark605/tinyml-venv/lib/python3.12/site-packages/ray/_private/worker.py", line 1025, in get_objects
    raise value
ray.exceptions.OutOfMemoryError: 1 worker(s) were killed due to the node running low on memory. Memory on the node (IP: 172.22.205.158, ID: b8be6d5133c41a37147c6d08ac791978c902fd4f2b4a4c97ec44eb15) was 22.39GB / 23.47GB (0.953866), which exceeds the memory usage threshold of 0.950000; Object store memory usage: [- objects spillable: 0; - bytes spillable: 0; - objects unsealed: 0; - bytes unsealed: 0; - objects in use: 8; - bytes in use: 4135319027; - objects evictable: 0; - bytes evictable: 0; ; - objects created by worker: 8; - bytes created by worker: 4135319027; - objects restored: 0; - bytes restored: 0; - objects received: 0; - bytes received: 0; - objects errored: 0; - bytes errored: 0; ; Eviction Stats:; (global lru) capacity: 6116089036; (global lru) used: 0%; (global lru) num objects: 0; (global lru) num evictions: 8; (global lru) bytes evicted: 3102331733]; Ray killed 1 worker(s) based on the killing policy: [(Actor(118691f12b0bd20a012e79ff01000000): job ID=01000000, lease ID=0e0000008cfe377b49523f62580269aaf5425716b6e6c48108b611897fbd111d, task name=ClientAppActor.__init__, required resources={CPU: 1}, pid=348360, actual memory used=1.55GB, worker ID=2f42d2cfba2d43d77d14287a20ad072ffe03b6129122d001fdf453b4)]; To see more information about memory usage on this node, use `ray logs raylet.out -ip 172.22.205.158`; Top 10 memory users: PID	MEM(GB)	COMMAND, 348005	3.82	/home/danielpark605/tinyml-venv/bin/python -m src.federated.client --config data/processed/revision/..., 348353	3.55	ray::ClientAppActor.run, 348356	2.01	ray::ClientAppActor.run, 347965	1.99	python scripts/run_non_iid_ablation.py --base-config config/paper_v12_float/fl_baseline.yaml --strat..., 348355	1.59	ray::ClientAppActor.run, 348360	1.55	ray::ClientAppActor.run, 348366	0.29	ray::ClientAppActor, 348359	0.29	ray::ClientAppActor, 348358	0.29	ray::ClientAppActor, 348363	0.29	ray::ClientAppActor, Refer to the documentation on how to address the out of memory issue: https://docs.ray.io/en/latest/ray-core/scheduling/ray-oom-prevention.html. Consider provisioning more memory on this node or reducing task parallelism by requesting more CPUs per task. Set max_restarts and max_task_retries to enable retry when the task crashes due to OOM. To adjust the kill threshold, set the environment variable `RAY_memory_usage_threshold` when starting Ray. To disable worker killing, set the environment variable `RAY_memory_monitor_refresh_ms` to zero.

[91mERROR [0m:     1 worker(s) were killed due to the node running low on memory. Memory on the node (IP: 172.22.205.158, ID: b8be6d5133c41a37147c6d08ac791978c902fd4f2b4a4c97ec44eb15) was 22.39GB / 23.47GB (0.953866), which exceeds the memory usage threshold of 0.950000; Object store memory usage: [- objects spillable: 0; - bytes spillable: 0; - objects unsealed: 0; - bytes unsealed: 0; - objects in use: 8; - bytes in use: 4135319027; - objects evictable: 0; - bytes evictable: 0; ; - objects created by worker: 8; - bytes created by worker: 4135319027; - objects restored: 0; - bytes restored: 0; - objects received: 0; - bytes received: 0; - objects errored: 0; - bytes errored: 0; ; Eviction Stats:; (global lru) capacity: 6116089036; (global lru) used: 0%; (global lru) num objects: 0; (global lru) num evictions: 8; (global lru) bytes evicted: 3102331733]; Ray killed 1 worker(s) based on the killing policy: [(Actor(118691f12b0bd20a012e79ff01000000): job ID=01000000, lease ID=0e0000008cfe377b49523f62580269aaf5425716b6e6c48108b611897fbd111d, task name=ClientAppActor.__init__, required resources={CPU: 1}, pid=348360, actual memory used=1.55GB, worker ID=2f42d2cfba2d43d77d14287a20ad072ffe03b6129122d001fdf453b4)]; To see more information about memory usage on this node, use `ray logs raylet.out -ip 172.22.205.158`; Top 10 memory users: PID	MEM(GB)	COMMAND, 348005	3.82	/home/danielpark605/tinyml-venv/bin/python -m src.federated.client --config data/processed/revision/..., 348353	3.55	ray::ClientAppActor.run, 348356	2.01	ray::ClientAppActor.run, 347965	1.99	python scripts/run_non_iid_ablation.py --base-config config/paper_v12_float/fl_baseline.yaml --strat..., 348355	1.59	ray::ClientAppActor.run, 348360	1.55	ray::ClientAppActor.run, 348366	0.29	ray::ClientAppActor, 348359	0.29	ray::ClientAppActor, 348358	0.29	ray::ClientAppActor, 348363	0.29	ray::ClientAppActor, Refer to the documentation on how to address the out of memory issue: https://docs.ray.io/en/latest/ray-core/scheduling/ray-oom-prevention.html. Consider provisioning more memory on this node or reducing task parallelism by requesting more CPUs per task. Set max_restarts and max_task_retries to enable retry when the task crashes due to OOM. To adjust the kill threshold, set the environment variable `RAY_memory_usage_threshold` when starting Ray. To disable worker killing, set the environment variable `RAY_memory_monitor_refresh_ms` to zero.
[33m(raylet)[0m 
[33m(raylet)[0m [2026-10-04 04:04:37,404 E 348197 348197] (raylet) node_manager.cc:3303: 1 Workers (tasks / actors) killed due to memory pressure (OOM), 0 Workers crashed due to other reasons at node (ID: b8be6d5133c41a37147c6d08ac791978c902fd4f2b4a4c97ec44eb15, IP: 172.22.205.158) over the last time period. To see more information about the Workers killed on this node, use `ray logs raylet.out -ip 172.22.205.158`
[33m(raylet)[0m Refer to the documentation on how to address the out of memory issue: https://docs.ray.io/en/latest/ray-core/scheduling/ray-oom-prevention.html. Consider provisioning more memory on this node or reducing task parallelism by requesting more CPUs per task. To adjust the kill threshold, set the environment variable `RAY_memory_usage_threshold` when starting Ray. To disable worker killing, set the environment variable `RAY_memory_monitor_refresh_ms` to zero.
[92mINFO [0m:      aggregate_fit: received 3 results and 1 failures
[92mINFO [0m:      configure_evaluate: strategy sampled 4 clients (out of 4)
[91mERROR [0m:     Traceback (most recent call last):
  File "/home/danielpark605/tinyml-venv/lib/python3.12/site-packages/flwr/simulation/ray_transport/ray_client_proxy.py", line 91, in _submit_job
    out_mssg, updated_context = self.actor_pool.get_client_result(
                                ^^^^^^^^^^^^^^^^^^^^^^^^^^^^^^^^^^
  File "/home/danielpark605/tinyml-venv/lib/python3.12/site-packages/flwr/simulation/ray_transport/ray_actor.py", line 402, in get_client_result
    return self._fetch_future_result(cid)
           ^^^^^^^^^^^^^^^^^^^^^^^^^^^^^^
  File "/home/danielpark605/tinyml-venv/lib/python3.12/site-packages/flwr/simulation/ray_transport/ray_actor.py", line 283, in _fetch_future_result
    res_cid, out_mssg, updated_context = ray.get(
                                         ^^^^^^^^
  File "/home/danielpark605/tinyml-venv/lib/python3.12/site-packages/ray/_private/auto_init_hook.py", line 22, in auto_init_wrapper
    return fn(*args, **kwargs)
           ^^^^^^^^^^^^^^^^^^^
  File "/home/danielpark605/tinyml-venv/lib/python3.12/site-packages/ray/_private/client_mode_hook.py", line 107, in wrapper
    return func(*args, **kwargs)
           ^^^^^^^^^^^^^^^^^^^^^
  File "/home/danielpark605/tinyml-venv/lib/python3.12/site-packages/ray/_private/worker.py", line 2980, in get
    values, debugger_breakpoint = worker.get_objects(
                                  ^^^^^^^^^^^^^^^^^^^
  File "/home/danielpark605/tinyml-venv/lib/python3.12/site-packages/ray/_private/worker.py", line 1025, in get_objects
    raise value
ray.exceptions.OutOfMemoryError: 1 worker(s) were killed due to the node running low on memory. Memory on the node (IP: 172.22.205.158, ID: b8be6d5133c41a37147c6d08ac791978c902fd4f2b4a4c97ec44eb15) was 22.39GB / 23.47GB (0.953866), which exceeds the memory usage threshold of 0.950000; Object store memory usage: [- objects spillable: 0; - bytes spillable: 0; - objects unsealed: 0; - bytes unsealed: 0; - objects in use: 8; - bytes in use: 4135319027; - objects evictable: 0; - bytes evictable: 0; ; - objects created by worker: 8; - bytes created by worker: 4135319027; - objects restored: 0; - bytes restored: 0; - objects received: 0; - bytes received: 0; - objects errored: 0; - bytes errored: 0; ; Eviction Stats:; (global lru) capacity: 6116089036; (global lru) used: 0%; (global lru) num objects: 0; (global lru) num evictions: 8; (global lru) bytes evicted: 3102331733]; Ray killed 1 worker(s) based on the killing policy: [(Actor(118691f12b0bd20a012e79ff01000000): job ID=01000000, lease ID=0e0000008cfe377b49523f62580269aaf5425716b6e6c48108b611897fbd111d, task name=ClientAppActor.__init__, required resources={CPU: 1}, pid=348360, actual memory used=1.55GB, worker ID=2f42d2cfba2d43d77d14287a20ad072ffe03b6129122d001fdf453b4)]; To see more information about memory usage on this node, use `ray logs raylet.out -ip 172.22.205.158`; Top 10 memory users: PID	MEM(GB)	COMMAND, 348005	3.82	/home/danielpark605/tinyml-venv/bin/python -m src.federated.client --config data/processed/revision/..., 348353	3.55	ray::ClientAppActor.run, 348356	2.01	ray::ClientAppActor.run, 347965	1.99	python scripts/run_non_iid_ablation.py --base-config config/paper_v12_float/fl_baseline.yaml --strat..., 348355	1.59	ray::ClientAppActor.run, 348360	1.55	ray::ClientAppActor.run, 348366	0.29	ray::ClientAppActor, 348359	0.29	ray::ClientAppActor, 348358	0.29	ray::ClientAppActor, 348363	0.29	ray::ClientAppActor, Refer to the documentation on how to address the out of memory issue: https://docs.ray.io/en/latest/ray-core/scheduling/ray-oom-prevention.html. Consider provisioning more memory on this node or reducing task parallelism by requesting more CPUs per task. Set max_restarts and max_task_retries to enable retry when the task crashes due to OOM. To adjust the kill threshold, set the environment variable `RAY_memory_usage_threshold` when starting Ray. To disable worker killing, set the environment variable `RAY_memory_monitor_refresh_ms` to zero.

[91mERROR [0m:     1 worker(s) were killed due to the node running low on memory. Memory on the node (IP: 172.22.205.158, ID: b8be6d5133c41a37147c6d08ac791978c902fd4f2b4a4c97ec44eb15) was 22.39GB / 23.47GB (0.953866), which exceeds the memory usage threshold of 0.950000; Object store memory usage: [- objects spillable: 0; - bytes spillable: 0; - objects unsealed: 0; - bytes unsealed: 0; - objects in use: 8; - bytes in use: 4135319027; - objects evictable: 0; - bytes evictable: 0; ; - objects created by worker: 8; - bytes created by worker: 4135319027; - objects restored: 0; - bytes restored: 0; - objects received: 0; - bytes received: 0; - objects errored: 0; - bytes errored: 0; ; Eviction Stats:; (global lru) capacity: 6116089036; (global lru) used: 0%; (global lru) num objects: 0; (global lru) num evictions: 8; (global lru) bytes evicted: 3102331733]; Ray killed 1 worker(s) based on the killing policy: [(Actor(118691f12b0bd20a012e79ff01000000): job ID=01000000, lease ID=0e0000008cfe377b49523f62580269aaf5425716b6e6c48108b611897fbd111d, task name=ClientAppActor.__init__, required resources={CPU: 1}, pid=348360, actual memory used=1.55GB, worker ID=2f42d2cfba2d43d77d14287a20ad072ffe03b6129122d001fdf453b4)]; To see more information about memory usage on this node, use `ray logs raylet.out -ip 172.22.205.158`; Top 10 memory users: PID	MEM(GB)	COMMAND, 348005	3.82	/home/danielpark605/tinyml-venv/bin/python -m src.federated.client --config data/processed/revision/..., 348353	3.55	ray::ClientAppActor.run, 348356	2.01	ray::ClientAppActor.run, 347965	1.99	python scripts/run_non_iid_ablation.py --base-config config/paper_v12_float/fl_baseline.yaml --strat..., 348355	1.59	ray::ClientAppActor.run, 348360	1.55	ray::ClientAppActor.run, 348366	0.29	ray::ClientAppActor, 348359	0.29	ray::ClientAppActor, 348358	0.29	ray::ClientAppActor, 348363	0.29	ray::ClientAppActor, Refer to the documentation on how to address the out of memory issue: https://docs.ray.io/en/latest/ray-core/scheduling/ray-oom-prevention.html. Consider provisioning more memory on this node or reducing task parallelism by requesting more CPUs per task. Set max_restarts and max_task_retries to enable retry when the task crashes due to OOM. To adjust the kill threshold, set the environment variable `RAY_memory_usage_threshold` when starting Ray. To disable worker killing, set the environment variable `RAY_memory_monitor_refresh_ms` to zero.
[92mINFO [0m:      aggregate_evaluate: received 3 results and 1 failures

[DEBUG _get_metrics] Extracted from ConfigRecord._data
[DEBUG _get_metrics] res_item[1] type: ConfigRecord
[DEBUG _get_metrics] res_item[1] has metrics attr: False
[DEBUG _get_metrics] res_item[1].__dict__: {'_check_key_fn': <function _check_key at 0x7e977efc8900>, '_check_value_fn': <function _check_value at 0x7e97747b89a0>, '_data': {'accuracy': 0.9717298150062561, 'loss': 0.012523597106337547, 'total_samples': 136681, 'actual_attack': 4456, 'actual_normal': 132225, 'predicted_attack': 7662, 'predicted_normal': 129019, 'true_positives': 4127, 'true_negatives': 128690, 'false_positives': 3535, 'false_negatives': 329, 'precision': 0.5386322109109893, 'recall': 0.9261669658886894, 'f1_score': 0.6811355009077406}}
[DEBUG _get_metrics] res_item[1].keys(): ['accuracy', 'loss', 'total_samples', 'actual_attack', 'actual_normal', 'predicted_attack', 'predicted_normal', 'true_positives', 'true_negatives', 'false_positives', 'false_negatives', 'precision', 'recall', 'f1_score']
[DEBUG _get_metrics] Extracted from ConfigRecord._data
[DEBUG] Extracted 4 metrics from results

[Evaluation Summary]
============================================================
Round: 51 / 60
Accuracy (mean):  0.9587  (95.87%)
Loss:             0.0117
[Per-Device Accuracy]
  - Device 0:  0.9629  (96.29%)
  - Device 1:  0.9675  (96.75%)
  - Device 2:  0.9326  (93.26%)
  - Device 3:  0.9717  (97.17%)

[Ground Truth]
  - Attack samples: 35544
  - Normal samples: 104556
  - Total samples:  140100

[Predictions]
  - Predicted Attack:  35890
  - Predicted Normal:  104210

[Confusion Matrix]
  - True Positives (TP):  33117
  - True Negatives (TN):  101783
  - False Positives (FP): 2773
  - False Negatives (FN): 2427

[Metrics]
  - Precision:  0.8276  (82.76%)
  - Recall:     0.9304  (93.04%)
  - F1-Score:   0.8654  (86.54%)
============================================================

[36m(ClientAppActor pid=348353)[0m [Client 1] Class weights (smoothed): {0: 1.0961313930322947, 1: 0.9038686069677053}[32m [repeated 4x across cluster][0m
[36m(ClientAppActor pid=348353)[0m [Client 1] Class weights (smoothed): {0: 1.0961313930322947, 1: 0.9038686069677053}[32m [repeated 4x across cluster][0m
[DEBUG] evaluate_metrics_aggregation_fn called with 4 results
[DEBUG] results type: <class 'list'>
[DEBUG] First result type: <class 'tuple'>
[DEBUG] First result length: 2
[DEBUG] results[0][0] type: <class 'int'>
[DEBUG] results[0][1] type: <class 'flwr.app.message.configrecord.ConfigRecord'>
[DEBUG _get_metrics] res_item[1] type: ConfigRecord
[DEBUG _get_metrics] res_item[1] has metrics attr: False
[DEBUG _get_metrics] res_item[1].__dict__: {'_check_key_fn': <function _check_key at 0x7e977efc8900>, '_check_value_fn': <function _check_value at 0x7e97747b89a0>, '_data': {'accuracy': 0.9635831713676453, 'loss': 0.012147688306868076, 'total_samples': 140100, 'actual_attack': 35544, 'actual_normal': 104556, 'predicted_attack': 36042, 'predicted_normal': 104058, 'true_positives': 33242, 'true_negatives': 101756, 'false_positives': 2800, 'false_negatives': 2302, 'precision': 0.9223128572221297, 'recall': 0.9352352014404681, 'f1_score': 0.928729081105244}}
[DEBUG _get_metrics] res_item[1].keys(): ['accuracy', 'loss', 'total_samples', 'actual_attack', 'actual_normal', 'predicted_attack', 'predicted_normal', 'true_positives', 'true_negatives', 'false_positives', 'false_negatives', 'precision', 'recall', 'f1_score']
[DEBUG _get_metrics] Extracted from ConfigRecord._data
[DEBUG _get_metrics] res_item[1] type: ConfigRecord
[DEBUG _get_metrics] res_item[1] has metrics attr: False
[DEBUG _get_metrics] res_item[1].__dict__: {'_check_key_fn': <function _check_key at 0x7e977efc8900>, '_check_value_fn': <function _check_value at 0x7e97747b89a0>, '_data': {'accuracy': 0.9677098989486694, 'loss': 0.0124125424772501, 'total_samples': 206565, 'actual_attack': 28614, 'actual_normal': 177951, 'predicted_attack': 31572, 'predicted_normal': 174993, 'true_positives': 26758, 'true_negatives': 173137, 'false_positives': 4814, 'false_negatives': 1856, 'precision': 0.8475231217534525, 'recall': 0.9351366463968687, 'f1_score': 0.8891768849898648}}
[DEBUG _get_metrics] res_item[1].keys(): ['accuracy', 'loss', 'total_samples', 'actual_attack', 'actual_normal', 'predicted_attack', 'predicted_normal', 'true_positives', 'true_negatives', 'false_positives', 'false_negatives', 'precision', 'recall', 'f1_score']
[DEBUG _get_metrics] Extracted from ConfigRecord._data
[DEBUG _get_metrics] res_item[1] type: ConfigRecord
[DEBUG _get_metrics] res_item[1] has metrics attr: False
[DEBUG _get_metrics] res_item[1].__dict__: {'_check_key_fn': <function _check_key at 0x7e977efc8900>, '_check_value_fn': <function _check_value at 0x7e97747b89a0>, '_data': {'accuracy': 0.9715249538421631, 'loss': 0.012851362116634846, 'total_samples': 136681, 'actual_attack': 4456, 'actual_normal': 132225, 'predicted_attack': 7740, 'predicted_normal': 128941, 'true_positives': 4152, 'true_negatives': 128637, 'false_positives': 3588, 'false_negatives': 304, 'precision': 0.5364341085271318, 'recall': 0.9317773788150808, 'f1_score': 0.6808789767136767}}
[DEBUG _get_metrics] res_item[1].keys(): ['accuracy', 'loss', 'total_samples', 'actual_attack', 'actual_normal', 'predicted_attack', 'predicted_normal', 'true_positives', 'true_negatives', 'false_positives', 'false_negatives', 'precision', 'recall', 'f1_score']
[DEBUG _get_metrics] Extracted from ConfigRecord._data
[DEBUG _get_metrics] res_item[1] type: ConfigRecord
[DEBUG _get_metrics] res_item[1] has metrics attr: False
[DEBUG _get_metrics] res_item[1].__dict__: {'_check_key_fn': <function _check_key at 0x7e977efc8900>, '_check_value_fn': <function _check_value at 0x7e97747b89a0>, '_data': {'accuracy': 0.9361226558685303, 'loss': 0.009686753153800964, 'total_samples': 16563, 'actual_attack': 16559, 'actual_normal': 4, 'predicted_attack': 15501, 'predicted_normal': 1062, 'true_positives': 15501, 'true_negatives': 4, 'false_positives': 0, 'false_negatives': 1058, 'precision': 1.0, 'recall': 0.9361072528534332, 'f1_score': 0.9669993761696819}}
[DEBUG _get_metrics] res_item[1].keys(): ['accuracy', 'loss', 'total_samples', 'actual_attack', 'actual_normal', 'predicted_attack', 'predicted_normal', 'true_positives', 'true_negatives', 'false_positives', 'false_negatives', 'precision', 'recall', 'f1_score']
[DEBUG _get_metrics] Extracted from ConfigRecord._data
[DEBUG] Extracted 4 metrics from results

[Evaluation Summary]
============================================================
Round: 52 / 60
Accuracy (mean):  0.9597  (95.97%)
Loss:             0.0118
[Per-Device Accuracy]
  - Device 0:  0.9636  (96.36%)
  - Device 1:  0.9677  (96.77%)
  - Device 2:  0.9715  (97.15%)
  - Device 3:  0.9361  (93.61%)

[Ground Truth]
  - Attack samples: 35544
  - Normal samples: 104556
  - Total samples:  140100

[Predictions]
  - Predicted Attack:  36042
  - Predicted Normal:  104058

[Confusion Matrix]
  - True Positives (TP):  33242
  - True Negatives (TN):  101756
  - False Positives (FP): 2800
  - False Negatives (FN): 2302

[Metrics]
  - Precision:  0.8266  (82.66%)
  - Recall:     0.9346  (93.46%)
  - F1-Score:   0.8664  (86.64%)
============================================================

[36m(ClientAppActor pid=348353)[0m [Client 1] Class weights (smoothed): {0: 1.0961313930322947, 1: 0.9038686069677053}[32m [repeated 4x across cluster][0m
[36m(ClientAppActor pid=348353)[0m [Client 1] Class weights (smoothed): {0: 1.0961313930322947, 1: 0.9038686069677053}[32m [repeated 4x across cluster][0m
[DEBUG] evaluate_metrics_aggregation_fn called with 3 results
[DEBUG] results type: <class 'list'>
[DEBUG] First result type: <class 'tuple'>
[DEBUG] First result length: 2
[DEBUG] results[0][0] type: <class 'int'>
[DEBUG] results[0][1] type: <class 'flwr.app.message.configrecord.ConfigRecord'>
[DEBUG _get_metrics] res_item[1] type: ConfigRecord
[DEBUG _get_metrics] res_item[1] has metrics attr: False
[DEBUG _get_metrics] res_item[1].__dict__: {'_check_key_fn': <function _check_key at 0x7e977efc8900>, '_check_value_fn': <function _check_value at 0x7e97747b89a0>, '_data': {'accuracy': 0.9714005589485168, 'loss': 0.013065270148217678, 'total_samples': 136681, 'actual_attack': 4456, 'actual_normal': 132225, 'predicted_attack': 7781, 'predicted_normal': 128900, 'true_positives': 4164, 'true_negatives': 128608, 'false_positives': 3617, 'false_negatives': 292, 'precision': 0.5351497236859015, 'recall': 0.9344703770197487, 'f1_score': 0.6805589605295416}}[92mINFO [0m:      
[92mINFO [0m:      [ROUND 54]
[92mINFO [0m:      configure_fit: strategy sampled 4 clients (out of 4)
[91mERROR [0m:     Traceback (most recent call last):
  File "/home/danielpark605/tinyml-venv/lib/python3.12/site-packages/flwr/simulation/ray_transport/ray_client_proxy.py", line 91, in _submit_job
    out_mssg, updated_context = self.actor_pool.get_client_result(
                                ^^^^^^^^^^^^^^^^^^^^^^^^^^^^^^^^^^
  File "/home/danielpark605/tinyml-venv/lib/python3.12/site-packages/flwr/simulation/ray_transport/ray_actor.py", line 402, in get_client_result
    return self._fetch_future_result(cid)
           ^^^^^^^^^^^^^^^^^^^^^^^^^^^^^^
  File "/home/danielpark605/tinyml-venv/lib/python3.12/site-packages/flwr/simulation/ray_transport/ray_actor.py", line 283, in _fetch_future_result
    res_cid, out_mssg, updated_context = ray.get(
                                         ^^^^^^^^
  File "/home/danielpark605/tinyml-venv/lib/python3.12/site-packages/ray/_private/auto_init_hook.py", line 22, in auto_init_wrapper
    return fn(*args, **kwargs)
           ^^^^^^^^^^^^^^^^^^^
  File "/home/danielpark605/tinyml-venv/lib/python3.12/site-packages/ray/_private/client_mode_hook.py", line 107, in wrapper
    return func(*args, **kwargs)
           ^^^^^^^^^^^^^^^^^^^^^
  File "/home/danielpark605/tinyml-venv/lib/python3.12/site-packages/ray/_private/worker.py", line 2980, in get
    values, debugger_breakpoint = worker.get_objects(
                                  ^^^^^^^^^^^^^^^^^^^
  File "/home/danielpark605/tinyml-venv/lib/python3.12/site-packages/ray/_private/worker.py", line 1025, in get_objects
    raise value
ray.exceptions.OutOfMemoryError: 1 worker(s) were killed due to the node running low on memory. Memory on the node (IP: 172.22.205.158, ID: b8be6d5133c41a37147c6d08ac791978c902fd4f2b4a4c97ec44eb15) was 22.39GB / 23.47GB (0.953866), which exceeds the memory usage threshold of 0.950000; Object store memory usage: [- objects spillable: 0; - bytes spillable: 0; - objects unsealed: 0; - bytes unsealed: 0; - objects in use: 8; - bytes in use: 4135319027; - objects evictable: 0; - bytes evictable: 0; ; - objects created by worker: 8; - bytes created by worker: 4135319027; - objects restored: 0; - bytes restored: 0; - objects received: 0; - bytes received: 0; - objects errored: 0; - bytes errored: 0; ; Eviction Stats:; (global lru) capacity: 6116089036; (global lru) used: 0%; (global lru) num objects: 0; (global lru) num evictions: 8; (global lru) bytes evicted: 3102331733]; Ray killed 1 worker(s) based on the killing policy: [(Actor(118691f12b0bd20a012e79ff01000000): job ID=01000000, lease ID=0e0000008cfe377b49523f62580269aaf5425716b6e6c48108b611897fbd111d, task name=ClientAppActor.__init__, required resources={CPU: 1}, pid=348360, actual memory used=1.55GB, worker ID=2f42d2cfba2d43d77d14287a20ad072ffe03b6129122d001fdf453b4)]; To see more information about memory usage on this node, use `ray logs raylet.out -ip 172.22.205.158`; Top 10 memory users: PID	MEM(GB)	COMMAND, 348005	3.82	/home/danielpark605/tinyml-venv/bin/python -m src.federated.client --config data/processed/revision/..., 348353	3.55	ray::ClientAppActor.run, 348356	2.01	ray::ClientAppActor.run, 347965	1.99	python scripts/run_non_iid_ablation.py --base-config config/paper_v12_float/fl_baseline.yaml --strat..., 348355	1.59	ray::ClientAppActor.run, 348360	1.55	ray::ClientAppActor.run, 348366	0.29	ray::ClientAppActor, 348359	0.29	ray::ClientAppActor, 348358	0.29	ray::ClientAppActor, 348363	0.29	ray::ClientAppActor, Refer to the documentation on how to address the out of memory issue: https://docs.ray.io/en/latest/ray-core/scheduling/ray-oom-prevention.html. Consider provisioning more memory on this node or reducing task parallelism by requesting more CPUs per task. Set max_restarts and max_task_retries to enable retry when the task crashes due to OOM. To adjust the kill threshold, set the environment variable `RAY_memory_usage_threshold` when starting Ray. To disable worker killing, set the environment variable `RAY_memory_monitor_refresh_ms` to zero.

[91mERROR [0m:     1 worker(s) were killed due to the node running low on memory. Memory on the node (IP: 172.22.205.158, ID: b8be6d5133c41a37147c6d08ac791978c902fd4f2b4a4c97ec44eb15) was 22.39GB / 23.47GB (0.953866), which exceeds the memory usage threshold of 0.950000; Object store memory usage: [- objects spillable: 0; - bytes spillable: 0; - objects unsealed: 0; - bytes unsealed: 0; - objects in use: 8; - bytes in use: 4135319027; - objects evictable: 0; - bytes evictable: 0; ; - objects created by worker: 8; - bytes created by worker: 4135319027; - objects restored: 0; - bytes restored: 0; - objects received: 0; - bytes received: 0; - objects errored: 0; - bytes errored: 0; ; Eviction Stats:; (global lru) capacity: 6116089036; (global lru) used: 0%; (global lru) num objects: 0; (global lru) num evictions: 8; (global lru) bytes evicted: 3102331733]; Ray killed 1 worker(s) based on the killing policy: [(Actor(118691f12b0bd20a012e79ff01000000): job ID=01000000, lease ID=0e0000008cfe377b49523f62580269aaf5425716b6e6c48108b611897fbd111d, task name=ClientAppActor.__init__, required resources={CPU: 1}, pid=348360, actual memory used=1.55GB, worker ID=2f42d2cfba2d43d77d14287a20ad072ffe03b6129122d001fdf453b4)]; To see more information about memory usage on this node, use `ray logs raylet.out -ip 172.22.205.158`; Top 10 memory users: PID	MEM(GB)	COMMAND, 348005	3.82	/home/danielpark605/tinyml-venv/bin/python -m src.federated.client --config data/processed/revision/..., 348353	3.55	ray::ClientAppActor.run, 348356	2.01	ray::ClientAppActor.run, 347965	1.99	python scripts/run_non_iid_ablation.py --base-config config/paper_v12_float/fl_baseline.yaml --strat..., 348355	1.59	ray::ClientAppActor.run, 348360	1.55	ray::ClientAppActor.run, 348366	0.29	ray::ClientAppActor, 348359	0.29	ray::ClientAppActor, 348358	0.29	ray::ClientAppActor, 348363	0.29	ray::ClientAppActor, Refer to the documentation on how to address the out of memory issue: https://docs.ray.io/en/latest/ray-core/scheduling/ray-oom-prevention.html. Consider provisioning more memory on this node or reducing task parallelism by requesting more CPUs per task. Set max_restarts and max_task_retries to enable retry when the task crashes due to OOM. To adjust the kill threshold, set the environment variable `RAY_memory_usage_threshold` when starting Ray. To disable worker killing, set the environment variable `RAY_memory_monitor_refresh_ms` to zero.
[92mINFO [0m:      aggregate_fit: received 3 results and 1 failures
[92mINFO [0m:      configure_evaluate: strategy sampled 4 clients (out of 4)
[91mERROR [0m:     Traceback (most recent call last):
  File "/home/danielpark605/tinyml-venv/lib/python3.12/site-packages/flwr/simulation/ray_transport/ray_client_proxy.py", line 91, in _submit_job
    out_mssg, updated_context = self.actor_pool.get_client_result(
                                ^^^^^^^^^^^^^^^^^^^^^^^^^^^^^^^^^^
  File "/home/danielpark605/tinyml-venv/lib/python3.12/site-packages/flwr/simulation/ray_transport/ray_actor.py", line 402, in get_client_result
    return self._fetch_future_result(cid)
           ^^^^^^^^^^^^^^^^^^^^^^^^^^^^^^
  File "/home/danielpark605/tinyml-venv/lib/python3.12/site-packages/flwr/simulation/ray_transport/ray_actor.py", line 283, in _fetch_future_result
    res_cid, out_mssg, updated_context = ray.get(
                                         ^^^^^^^^
  File "/home/danielpark605/tinyml-venv/lib/python3.12/site-packages/ray/_private/auto_init_hook.py", line 22, in auto_init_wrapper
    return fn(*args, **kwargs)
           ^^^^^^^^^^^^^^^^^^^
  File "/home/danielpark605/tinyml-venv/lib/python3.12/site-packages/ray/_private/client_mode_hook.py", line 107, in wrapper
    return func(*args, **kwargs)
           ^^^^^^^^^^^^^^^^^^^^^
  File "/home/danielpark605/tinyml-venv/lib/python3.12/site-packages/ray/_private/worker.py", line 2980, in get
    values, debugger_breakpoint = worker.get_objects(
                                  ^^^^^^^^^^^^^^^^^^^
  File "/home/danielpark605/tinyml-venv/lib/python3.12/site-packages/ray/_private/worker.py", line 1025, in get_objects
    raise value
ray.exceptions.OutOfMemoryError: 1 worker(s) were killed due to the node running low on memory. Memory on the node (IP: 172.22.205.158, ID: b8be6d5133c41a37147c6d08ac791978c902fd4f2b4a4c97ec44eb15) was 22.39GB / 23.47GB (0.953866), which exceeds the memory usage threshold of 0.950000; Object store memory usage: [- objects spillable: 0; - bytes spillable: 0; - objects unsealed: 0; - bytes unsealed: 0; - objects in use: 8; - bytes in use: 4135319027; - objects evictable: 0; - bytes evictable: 0; ; - objects created by worker: 8; - bytes created by worker: 4135319027; - objects restored: 0; - bytes restored: 0; - objects received: 0; - bytes received: 0; - objects errored: 0; - bytes errored: 0; ; Eviction Stats:; (global lru) capacity: 6116089036; (global lru) used: 0%; (global lru) num objects: 0; (global lru) num evictions: 8; (global lru) bytes evicted: 3102331733]; Ray killed 1 worker(s) based on the killing policy: [(Actor(118691f12b0bd20a012e79ff01000000): job ID=01000000, lease ID=0e0000008cfe377b49523f62580269aaf5425716b6e6c48108b611897fbd111d, task name=ClientAppActor.__init__, required resources={CPU: 1}, pid=348360, actual memory used=1.55GB, worker ID=2f42d2cfba2d43d77d14287a20ad072ffe03b6129122d001fdf453b4)]; To see more information about memory usage on this node, use `ray logs raylet.out -ip 172.22.205.158`; Top 10 memory users: PID	MEM(GB)	COMMAND, 348005	3.82	/home/danielpark605/tinyml-venv/bin/python -m src.federated.client --config data/processed/revision/..., 348353	3.55	ray::ClientAppActor.run, 348356	2.01	ray::ClientAppActor.run, 347965	1.99	python scripts/run_non_iid_ablation.py --base-config config/paper_v12_float/fl_baseline.yaml --strat..., 348355	1.59	ray::ClientAppActor.run, 348360	1.55	ray::ClientAppActor.run, 348366	0.29	ray::ClientAppActor, 348359	0.29	ray::ClientAppActor, 348358	0.29	ray::ClientAppActor, 348363	0.29	ray::ClientAppActor, Refer to the documentation on how to address the out of memory issue: https://docs.ray.io/en/latest/ray-core/scheduling/ray-oom-prevention.html. Consider provisioning more memory on this node or reducing task parallelism by requesting more CPUs per task. Set max_restarts and max_task_retries to enable retry when the task crashes due to OOM. To adjust the kill threshold, set the environment variable `RAY_memory_usage_threshold` when starting Ray. To disable worker killing, set the environment variable `RAY_memory_monitor_refresh_ms` to zero.

[91mERROR [0m:     1 worker(s) were killed due to the node running low on memory. Memory on the node (IP: 172.22.205.158, ID: b8be6d5133c41a37147c6d08ac791978c902fd4f2b4a4c97ec44eb15) was 22.39GB / 23.47GB (0.953866), which exceeds the memory usage threshold of 0.950000; Object store memory usage: [- objects spillable: 0; - bytes spillable: 0; - objects unsealed: 0; - bytes unsealed: 0; - objects in use: 8; - bytes in use: 4135319027; - objects evictable: 0; - bytes evictable: 0; ; - objects created by worker: 8; - bytes created by worker: 4135319027; - objects restored: 0; - bytes restored: 0; - objects received: 0; - bytes received: 0; - objects errored: 0; - bytes errored: 0; ; Eviction Stats:; (global lru) capacity: 6116089036; (global lru) used: 0%; (global lru) num objects: 0; (global lru) num evictions: 8; (global lru) bytes evicted: 3102331733]; Ray killed 1 worker(s) based on the killing policy: [(Actor(118691f12b0bd20a012e79ff01000000): job ID=01000000, lease ID=0e0000008cfe377b49523f62580269aaf5425716b6e6c48108b611897fbd111d, task name=ClientAppActor.__init__, required resources={CPU: 1}, pid=348360, actual memory used=1.55GB, worker ID=2f42d2cfba2d43d77d14287a20ad072ffe03b6129122d001fdf453b4)]; To see more information about memory usage on this node, use `ray logs raylet.out -ip 172.22.205.158`; Top 10 memory users: PID	MEM(GB)	COMMAND, 348005	3.82	/home/danielpark605/tinyml-venv/bin/python -m src.federated.client --config data/processed/revision/..., 348353	3.55	ray::ClientAppActor.run, 348356	2.01	ray::ClientAppActor.run, 347965	1.99	python scripts/run_non_iid_ablation.py --base-config config/paper_v12_float/fl_baseline.yaml --strat..., 348355	1.59	ray::ClientAppActor.run, 348360	1.55	ray::ClientAppActor.run, 348366	0.29	ray::ClientAppActor, 348359	0.29	ray::ClientAppActor, 348358	0.29	ray::ClientAppActor, 348363	0.29	ray::ClientAppActor, Refer to the documentation on how to address the out of memory issue: https://docs.ray.io/en/latest/ray-core/scheduling/ray-oom-prevention.html. Consider provisioning more memory on this node or reducing task parallelism by requesting more CPUs per task. Set max_restarts and max_task_retries to enable retry when the task crashes due to OOM. To adjust the kill threshold, set the environment variable `RAY_memory_usage_threshold` when starting Ray. To disable worker killing, set the environment variable `RAY_memory_monitor_refresh_ms` to zero.
[92mINFO [0m:      aggregate_evaluate: received 3 results and 1 failures
[92mINFO [0m:      
[92mINFO [0m:      [ROUND 55]
[92mINFO [0m:      configure_fit: strategy sampled 4 clients (out of 4)
[91mERROR [0m:     Traceback (most recent call last):
  File "/home/danielpark605/tinyml-venv/lib/python3.12/site-packages/flwr/simulation/ray_transport/ray_client_proxy.py", line 91, in _submit_job
    out_mssg, updated_context = self.actor_pool.get_client_result(
                                ^^^^^^^^^^^^^^^^^^^^^^^^^^^^^^^^^^
  File "/home/danielpark605/tinyml-venv/lib/python3.12/site-packages/flwr/simulation/ray_transport/ray_actor.py", line 402, in get_client_result
    return self._fetch_future_result(cid)
           ^^^^^^^^^^^^^^^^^^^^^^^^^^^^^^
  File "/home/danielpark605/tinyml-venv/lib/python3.12/site-packages/flwr/simulation/ray_transport/ray_actor.py", line 283, in _fetch_future_result
    res_cid, out_mssg, updated_context = ray.get(
                                         ^^^^^^^^
  File "/home/danielpark605/tinyml-venv/lib/python3.12/site-packages/ray/_private/auto_init_hook.py", line 22, in auto_init_wrapper
    return fn(*args, **kwargs)
           ^^^^^^^^^^^^^^^^^^^
  File "/home/danielpark605/tinyml-venv/lib/python3.12/site-packages/ray/_private/client_mode_hook.py", line 107, in wrapper
    return func(*args, **kwargs)
           ^^^^^^^^^^^^^^^^^^^^^
  File "/home/danielpark605/tinyml-venv/lib/python3.12/site-packages/ray/_private/worker.py", line 2980, in get
    values, debugger_breakpoint = worker.get_objects(
                                  ^^^^^^^^^^^^^^^^^^^
  File "/home/danielpark605/tinyml-venv/lib/python3.12/site-packages/ray/_private/worker.py", line 1025, in get_objects
    raise value
ray.exceptions.OutOfMemoryError: 1 worker(s) were killed due to the node running low on memory. Memory on the node (IP: 172.22.205.158, ID: b8be6d5133c41a37147c6d08ac791978c902fd4f2b4a4c97ec44eb15) was 22.39GB / 23.47GB (0.953866), which exceeds the memory usage threshold of 0.950000; Object store memory usage: [- objects spillable: 0; - bytes spillable: 0; - objects unsealed: 0; - bytes unsealed: 0; - objects in use: 8; - bytes in use: 4135319027; - objects evictable: 0; - bytes evictable: 0; ; - objects created by worker: 8; - bytes created by worker: 4135319027; - objects restored: 0; - bytes restored: 0; - objects received: 0; - bytes received: 0; - objects errored: 0; - bytes errored: 0; ; Eviction Stats:; (global lru) capacity: 6116089036; (global lru) used: 0%; (global lru) num objects: 0; (global lru) num evictions: 8; (global lru) bytes evicted: 3102331733]; Ray killed 1 worker(s) based on the killing policy: [(Actor(118691f12b0bd20a012e79ff01000000): job ID=01000000, lease ID=0e0000008cfe377b49523f62580269aaf5425716b6e6c48108b611897fbd111d, task name=ClientAppActor.__init__, required resources={CPU: 1}, pid=348360, actual memory used=1.55GB, worker ID=2f42d2cfba2d43d77d14287a20ad072ffe03b6129122d001fdf453b4)]; To see more information about memory usage on this node, use `ray logs raylet.out -ip 172.22.205.158`; Top 10 memory users: PID	MEM(GB)	COMMAND, 348005	3.82	/home/danielpark605/tinyml-venv/bin/python -m src.federated.client --config data/processed/revision/..., 348353	3.55	ray::ClientAppActor.run, 348356	2.01	ray::ClientAppActor.run, 347965	1.99	python scripts/run_non_iid_ablation.py --base-config config/paper_v12_float/fl_baseline.yaml --strat..., 348355	1.59	ray::ClientAppActor.run, 348360	1.55	ray::ClientAppActor.run, 348366	0.29	ray::ClientAppActor, 348359	0.29	ray::ClientAppActor, 348358	0.29	ray::ClientAppActor, 348363	0.29	ray::ClientAppActor, Refer to the documentation on how to address the out of memory issue: https://docs.ray.io/en/latest/ray-core/scheduling/ray-oom-prevention.html. Consider provisioning more memory on this node or reducing task parallelism by requesting more CPUs per task. Set max_restarts and max_task_retries to enable retry when the task crashes due to OOM. To adjust the kill threshold, set the environment variable `RAY_memory_usage_threshold` when starting Ray. To disable worker killing, set the environment variable `RAY_memory_monitor_refresh_ms` to zero.

[91mERROR [0m:     1 worker(s) were killed due to the node running low on memory. Memory on the node (IP: 172.22.205.158, ID: b8be6d5133c41a37147c6d08ac791978c902fd4f2b4a4c97ec44eb15) was 22.39GB / 23.47GB (0.953866), which exceeds the memory usage threshold of 0.950000; Object store memory usage: [- objects spillable: 0; - bytes spillable: 0; - objects unsealed: 0; - bytes unsealed: 0; - objects in use: 8; - bytes in use: 4135319027; - objects evictable: 0; - bytes evictable: 0; ; - objects created by worker: 8; - bytes created by worker: 4135319027; - objects restored: 0; - bytes restored: 0; - objects received: 0; - bytes received: 0; - objects errored: 0; - bytes errored: 0; ; Eviction Stats:; (global lru) capacity: 6116089036; (global lru) used: 0%; (global lru) num objects: 0; (global lru) num evictions: 8; (global lru) bytes evicted: 3102331733]; Ray killed 1 worker(s) based on the killing policy: [(Actor(118691f12b0bd20a012e79ff01000000): job ID=01000000, lease ID=0e0000008cfe377b49523f62580269aaf5425716b6e6c48108b611897fbd111d, task name=ClientAppActor.__init__, required resources={CPU: 1}, pid=348360, actual memory used=1.55GB, worker ID=2f42d2cfba2d43d77d14287a20ad072ffe03b6129122d001fdf453b4)]; To see more information about memory usage on this node, use `ray logs raylet.out -ip 172.22.205.158`; Top 10 memory users: PID	MEM(GB)	COMMAND, 348005	3.82	/home/danielpark605/tinyml-venv/bin/python -m src.federated.client --config data/processed/revision/..., 348353	3.55	ray::ClientAppActor.run, 348356	2.01	ray::ClientAppActor.run, 347965	1.99	python scripts/run_non_iid_ablation.py --base-config config/paper_v12_float/fl_baseline.yaml --strat..., 348355	1.59	ray::ClientAppActor.run, 348360	1.55	ray::ClientAppActor.run, 348366	0.29	ray::ClientAppActor, 348359	0.29	ray::ClientAppActor, 348358	0.29	ray::ClientAppActor, 348363	0.29	ray::ClientAppActor, Refer to the documentation on how to address the out of memory issue: https://docs.ray.io/en/latest/ray-core/scheduling/ray-oom-prevention.html. Consider provisioning more memory on this node or reducing task parallelism by requesting more CPUs per task. Set max_restarts and max_task_retries to enable retry when the task crashes due to OOM. To adjust the kill threshold, set the environment variable `RAY_memory_usage_threshold` when starting Ray. To disable worker killing, set the environment variable `RAY_memory_monitor_refresh_ms` to zero.
[92mINFO [0m:      aggregate_fit: received 3 results and 1 failures
[92mINFO [0m:      configure_evaluate: strategy sampled 4 clients (out of 4)
[91mERROR [0m:     Traceback (most recent call last):
  File "/home/danielpark605/tinyml-venv/lib/python3.12/site-packages/flwr/simulation/ray_transport/ray_client_proxy.py", line 91, in _submit_job
    out_mssg, updated_context = self.actor_pool.get_client_result(
                                ^^^^^^^^^^^^^^^^^^^^^^^^^^^^^^^^^^
  File "/home/danielpark605/tinyml-venv/lib/python3.12/site-packages/flwr/simulation/ray_transport/ray_actor.py", line 402, in get_client_result
    return self._fetch_future_result(cid)
           ^^^^^^^^^^^^^^^^^^^^^^^^^^^^^^
  File "/home/danielpark605/tinyml-venv/lib/python3.12/site-packages/flwr/simulation/ray_transport/ray_actor.py", line 283, in _fetch_future_result
    res_cid, out_mssg, updated_context = ray.get(
                                         ^^^^^^^^
  File "/home/danielpark605/tinyml-venv/lib/python3.12/site-packages/ray/_private/auto_init_hook.py", line 22, in auto_init_wrapper
    return fn(*args, **kwargs)
           ^^^^^^^^^^^^^^^^^^^
  File "/home/danielpark605/tinyml-venv/lib/python3.12/site-packages/ray/_private/client_mode_hook.py", line 107, in wrapper
    return func(*args, **kwargs)
           ^^^^^^^^^^^^^^^^^^^^^
  File "/home/danielpark605/tinyml-venv/lib/python3.12/site-packages/ray/_private/worker.py", line 2980, in get
    values, debugger_breakpoint = worker.get_objects(
                                  ^^^^^^^^^^^^^^^^^^^
  File "/home/danielpark605/tinyml-venv/lib/python3.12/site-packages/ray/_private/worker.py", line 1025, in get_objects
    raise value
ray.exceptions.OutOfMemoryError: 1 worker(s) were killed due to the node running low on memory. Memory on the node (IP: 172.22.205.158, ID: b8be6d5133c41a37147c6d08ac791978c902fd4f2b4a4c97ec44eb15) was 22.39GB / 23.47GB (0.953866), which exceeds the memory usage threshold of 0.950000; Object store memory usage: [- objects spillable: 0; - bytes spillable: 0; - objects unsealed: 0; - bytes unsealed: 0; - objects in use: 8; - bytes in use: 4135319027; - objects evictable: 0; - bytes evictable: 0; ; - objects created by worker: 8; - bytes created by worker: 4135319027; - objects restored: 0; - bytes restored: 0; - objects received: 0; - bytes received: 0; - objects errored: 0; - bytes errored: 0; ; Eviction Stats:; (global lru) capacity: 6116089036; (global lru) used: 0%; (global lru) num objects: 0; (global lru) num evictions: 8; (global lru) bytes evicted: 3102331733]; Ray killed 1 worker(s) based on the killing policy: [(Actor(118691f12b0bd20a012e79ff01000000): job ID=01000000, lease ID=0e0000008cfe377b49523f62580269aaf5425716b6e6c48108b611897fbd111d, task name=ClientAppActor.__init__, required resources={CPU: 1}, pid=348360, actual memory used=1.55GB, worker ID=2f42d2cfba2d43d77d14287a20ad072ffe03b6129122d001fdf453b4)]; To see more information about memory usage on this node, use `ray logs raylet.out -ip 172.22.205.158`; Top 10 memory users: PID	MEM(GB)	COMMAND, 348005	3.82	/home/danielpark605/tinyml-venv/bin/python -m src.federated.client --config data/processed/revision/..., 348353	3.55	ray::ClientAppActor.run, 348356	2.01	ray::ClientAppActor.run, 347965	1.99	python scripts/run_non_iid_ablation.py --base-config config/paper_v12_float/fl_baseline.yaml --strat..., 348355	1.59	ray::ClientAppActor.run, 348360	1.55	ray::ClientAppActor.run, 348366	0.29	ray::ClientAppActor, 348359	0.29	ray::ClientAppActor, 348358	0.29	ray::ClientAppActor, 348363	0.29	ray::ClientAppActor, Refer to the documentation on how to address the out of memory issue: https://docs.ray.io/en/latest/ray-core/scheduling/ray-oom-prevention.html. Consider provisioning more memory on this node or reducing task parallelism by requesting more CPUs per task. Set max_restarts and max_task_retries to enable retry when the task crashes due to OOM. To adjust the kill threshold, set the environment variable `RAY_memory_usage_threshold` when starting Ray. To disable worker killing, set the environment variable `RAY_memory_monitor_refresh_ms` to zero.

[91mERROR [0m:     1 worker(s) were killed due to the node running low on memory. Memory on the node (IP: 172.22.205.158, ID: b8be6d5133c41a37147c6d08ac791978c902fd4f2b4a4c97ec44eb15) was 22.39GB / 23.47GB (0.953866), which exceeds the memory usage threshold of 0.950000; Object store memory usage: [- objects spillable: 0; - bytes spillable: 0; - objects unsealed: 0; - bytes unsealed: 0; - objects in use: 8; - bytes in use: 4135319027; - objects evictable: 0; - bytes evictable: 0; ; - objects created by worker: 8; - bytes created by worker: 4135319027; - objects restored: 0; - bytes restored: 0; - objects received: 0; - bytes received: 0; - objects errored: 0; - bytes errored: 0; ; Eviction Stats:; (global lru) capacity: 6116089036; (global lru) used: 0%; (global lru) num objects: 0; (global lru) num evictions: 8; (global lru) bytes evicted: 3102331733]; Ray killed 1 worker(s) based on the killing policy: [(Actor(118691f12b0bd20a012e79ff01000000): job ID=01000000, lease ID=0e0000008cfe377b49523f62580269aaf5425716b6e6c48108b611897fbd111d, task name=ClientAppActor.__init__, required resources={CPU: 1}, pid=348360, actual memory used=1.55GB, worker ID=2f42d2cfba2d43d77d14287a20ad072ffe03b6129122d001fdf453b4)]; To see more information about memory usage on this node, use `ray logs raylet.out -ip 172.22.205.158`; Top 10 memory users: PID	MEM(GB)	COMMAND, 348005	3.82	/home/danielpark605/tinyml-venv/bin/python -m src.federated.client --config data/processed/revision/..., 348353	3.55	ray::ClientAppActor.run, 348356	2.01	ray::ClientAppActor.run, 347965	1.99	python scripts/run_non_iid_ablation.py --base-config config/paper_v12_float/fl_baseline.yaml --strat..., 348355	1.59	ray::ClientAppActor.run, 348360	1.55	ray::ClientAppActor.run, 348366	0.29	ray::ClientAppActor, 348359	0.29	ray::ClientAppActor, 348358	0.29	ray::ClientAppActor, 348363	0.29	ray::ClientAppActor, Refer to the documentation on how to address the out of memory issue: https://docs.ray.io/en/latest/ray-core/scheduling/ray-oom-prevention.html. Consider provisioning more memory on this node or reducing task parallelism by requesting more CPUs per task. Set max_restarts and max_task_retries to enable retry when the task crashes due to OOM. To adjust the kill threshold, set the environment variable `RAY_memory_usage_threshold` when starting Ray. To disable worker killing, set the environment variable `RAY_memory_monitor_refresh_ms` to zero.
[92mINFO [0m:      aggregate_evaluate: received 3 results and 1 failures

[DEBUG _get_metrics] res_item[1].keys(): ['accuracy', 'loss', 'total_samples', 'actual_attack', 'actual_normal', 'predicted_attack', 'predicted_normal', 'true_positives', 'true_negatives', 'false_positives', 'false_negatives', 'precision', 'recall', 'f1_score']
[DEBUG _get_metrics] Extracted from ConfigRecord._data
[DEBUG _get_metrics] res_item[1] type: ConfigRecord
[DEBUG _get_metrics] res_item[1] has metrics attr: False
[DEBUG _get_metrics] res_item[1].__dict__: {'_check_key_fn': <function _check_key at 0x7e977efc8900>, '_check_value_fn': <function _check_value at 0x7e97747b89a0>, '_data': {'accuracy': 0.9679035544395447, 'loss': 0.012566874735057354, 'total_samples': 206565, 'actual_attack': 28614, 'actual_normal': 177951, 'predicted_attack': 31686, 'predicted_normal': 174879, 'true_positives': 26835, 'true_negatives': 173100, 'false_positives': 4851, 'false_negatives': 1779, 'precision': 0.8469039954554062, 'recall': 0.9378276368211365, 'f1_score': 0.8900497512437812}}
[DEBUG _get_metrics] res_item[1].keys(): ['accuracy', 'loss', 'total_samples', 'actual_attack', 'actual_normal', 'predicted_attack', 'predicted_normal', 'true_positives', 'true_negatives', 'false_positives', 'false_negatives', 'precision', 'recall', 'f1_score']
[DEBUG _get_metrics] Extracted from ConfigRecord._data
[DEBUG _get_metrics] res_item[1] type: ConfigRecord
[DEBUG _get_metrics] res_item[1] has metrics attr: False
[DEBUG _get_metrics] res_item[1].__dict__: {'_check_key_fn': <function _check_key at 0x7e977efc8900>, '_check_value_fn': <function _check_value at 0x7e97747b89a0>, '_data': {'accuracy': 0.939081072807312, 'loss': 0.009398645721375942, 'total_samples': 16563, 'actual_attack': 16559, 'actual_normal': 4, 'predicted_attack': 15550, 'predicted_normal': 1013, 'true_positives': 15550, 'true_negatives': 4, 'false_positives': 0, 'false_negatives': 1009, 'precision': 1.0, 'recall': 0.9390663687420738, 'f1_score': 0.9685757887196736}}
[DEBUG _get_metrics] res_item[1].keys(): ['accuracy', 'loss', 'total_samples', 'actual_attack', 'actual_normal', 'predicted_attack', 'predicted_normal', 'true_positives', 'true_negatives', 'false_positives', 'false_negatives', 'precision', 'recall', 'f1_score']
[DEBUG _get_metrics] Extracted from ConfigRecord._data
[DEBUG] Extracted 3 metrics from results

[Evaluation Summary]
============================================================
Round: 53 / 60
Accuracy (mean):  0.9595  (95.95%)
Loss:             0.0117
[Per-Device Accuracy]
  - Device 0:  0.9714  (97.14%)
  - Device 1:  0.9679  (96.79%)
  - Device 2:  0.9391  (93.91%)
  - Device 3:  0.0000  (0.00%)

[Ground Truth]
  - Attack samples: 4456
  - Normal samples: 132225
  - Total samples:  136681

[Predictions]
  - Predicted Attack:  7781
  - Predicted Normal:  128900

[Confusion Matrix]
  - True Positives (TP):  4164
  - True Negatives (TN):  128608
  - False Positives (FP): 3617
  - False Negatives (FN): 292

[Metrics]
  - Precision:  0.7940  (79.40%)
  - Recall:     0.9371  (93.71%)
  - F1-Score:   0.8464  (84.64%)
============================================================

[36m(ClientAppActor pid=348353)[0m [Client 1] Class weights (smoothed): {0: 1.0961313930322947, 1: 0.9038686069677053}[32m [repeated 3x across cluster][0m
[36m(ClientAppActor pid=348353)[0m [Client 1] Class weights (smoothed): {0: 1.0961313930322947, 1: 0.9038686069677053}[32m [repeated 3x across cluster][0m
[DEBUG] evaluate_metrics_aggregation_fn called with 3 results
[DEBUG] results type: <class 'list'>
[DEBUG] First result type: <class 'tuple'>
[DEBUG] First result length: 2
[DEBUG] results[0][0] type: <class 'int'>
[DEBUG] results[0][1] type: <class 'flwr.app.message.configrecord.ConfigRecord'>
[DEBUG _get_metrics] res_item[1] type: ConfigRecord
[DEBUG _get_metrics] res_item[1] has metrics attr: False
[DEBUG _get_metrics] res_item[1].__dict__: {'_check_key_fn': <function _check_key at 0x7e977efc8900>, '_check_value_fn': <function _check_value at 0x7e97747b89a0>, '_data': {'accuracy': 0.971129834651947, 'loss': 0.012990975752472878, 'total_samples': 136681, 'actual_attack': 4456, 'actual_normal': 132225, 'predicted_attack': 7844, 'predicted_normal': 128837, 'true_positives': 4177, 'true_negatives': 128558, 'false_positives': 3667, 'false_negatives': 279, 'precision': 0.532508924018358, 'recall': 0.9373877917414721, 'f1_score': 0.6791869918699187}}
[DEBUG _get_metrics] res_item[1].keys(): ['accuracy', 'loss', 'total_samples', 'actual_attack', 'actual_normal', 'predicted_attack', 'predicted_normal', 'true_positives', 'true_negatives', 'false_positives', 'false_negatives', 'precision', 'recall', 'f1_score']
[DEBUG _get_metrics] Extracted from ConfigRecord._data
[DEBUG _get_metrics] res_item[1] type: ConfigRecord
[DEBUG _get_metrics] res_item[1] has metrics attr: False
[DEBUG _get_metrics] res_item[1].__dict__: {'_check_key_fn': <function _check_key at 0x7e977efc8900>, '_check_value_fn': <function _check_value at 0x7e97747b89a0>, '_data': {'accuracy': 0.9679810404777527, 'loss': 0.012512384913861752, 'total_samples': 206565, 'actual_attack': 28614, 'actual_normal': 177951, 'predicted_attack': 31756, 'predicted_normal': 174809, 'true_positives': 26878, 'true_negatives': 173073, 'false_positives': 4878, 'false_negatives': 1736, 'precision': 0.8463912331527901, 'recall': 0.939330397707416, 'f1_score': 0.8904422726519796}}
[DEBUG _get_metrics] res_item[1].keys(): ['accuracy', 'loss', 'total_samples', 'actual_attack', 'actual_normal', 'predicted_attack', 'predicted_normal', 'true_positives', 'true_negatives', 'false_positives', 'false_negatives', 'precision', 'recall', 'f1_score']
[DEBUG _get_metrics] Extracted from ConfigRecord._data
[DEBUG _get_metrics] res_item[1] type: ConfigRecord
[DEBUG _get_metrics] res_item[1] has metrics attr: False
[DEBUG _get_metrics] res_item[1].__dict__: {'_check_key_fn': <function _check_key at 0x7e977efc8900>, '_check_value_fn': <function _check_value at 0x7e97747b89a0>, '_data': {'accuracy': 0.9412546157836914, 'loss': 0.009484784677624702, 'total_samples': 16563, 'actual_attack': 16559, 'actual_normal': 4, 'predicted_attack': 15586, 'predicted_normal': 977, 'true_positives': 15586, 'true_negatives': 4, 'false_positives': 0, 'false_negatives': 973, 'precision': 1.0, 'recall': 0.941240413068422, 'f1_score': 0.9697309068284337}}
[DEBUG _get_metrics] res_item[1].keys(): ['accuracy', 'loss', 'total_samples', 'actual_attack', 'actual_normal', 'predicted_attack', 'predicted_normal', 'true_positives', 'true_negatives', 'false_positives', 'false_negatives', 'precision', 'recall', 'f1_score']
[DEBUG _get_metrics] Extracted from ConfigRecord._data
[DEBUG] Extracted 3 metrics from results

[Evaluation Summary]
============================================================
Round: 54 / 60
Accuracy (mean):  0.9601  (96.01%)
Loss:             0.0117
[Per-Device Accuracy]
  - Device 0:  0.9711  (97.11%)
  - Device 1:  0.9680  (96.80%)
  - Device 2:  0.9413  (94.13%)
  - Device 3:  0.0000  (0.00%)

[Ground Truth]
  - Attack samples: 4456
  - Normal samples: 132225
  - Total samples:  136681

[Predictions]
  - Predicted Attack:  7844
  - Predicted Normal:  128837

[Confusion Matrix]
  - True Positives (TP):  4177
  - True Negatives (TN):  128558
  - False Positives (FP): 3667
  - False Negatives (FN): 279

[Metrics]
  - Precision:  0.7930  (79.30%)
  - Recall:     0.9393  (93.93%)
  - F1-Score:   0.8465  (84.65%)
============================================================

[36m(ClientAppActor pid=348353)[0m [Client 1] Class weights (smoothed): {0: 1.0961313930322947, 1: 0.9038686069677053}[32m [repeated 3x across cluster][0m
[Round 55] Client contributions:
  Client samples: 1,981,913 (weight: 0.7290)
  Client samples: 9,373 (weight: 0.0034)
  Client samples: 727,504 (weight: 0.2676)
[36m(ClientAppActor pid=348353)[0m [Client 1] Class weights (smoothed): {0: 1.0961313930322947, 1: 0.9038686069677053}[32m [repeated 3x across cluster][0m
[DEBUG] evaluate_metrics_aggregation_fn called with 3 results
[DEBUG] results type: <class 'list'>
[DEBUG] First result type: <class 'tuple'>
[DEBUG] First result length: 2
[DEBUG] results[0][0] type: <class 'int'>
[DEBUG] results[0][1] type: <class 'flwr.app.message.configrecord.ConfigRecord'>[92mINFO [0m:      
[92mINFO [0m:      [ROUND 56]
[92mINFO [0m:      configure_fit: strategy sampled 4 clients (out of 4)
[91mERROR [0m:     Traceback (most recent call last):
  File "/home/danielpark605/tinyml-venv/lib/python3.12/site-packages/flwr/simulation/ray_transport/ray_client_proxy.py", line 91, in _submit_job
    out_mssg, updated_context = self.actor_pool.get_client_result(
                                ^^^^^^^^^^^^^^^^^^^^^^^^^^^^^^^^^^
  File "/home/danielpark605/tinyml-venv/lib/python3.12/site-packages/flwr/simulation/ray_transport/ray_actor.py", line 402, in get_client_result
    return self._fetch_future_result(cid)
           ^^^^^^^^^^^^^^^^^^^^^^^^^^^^^^
  File "/home/danielpark605/tinyml-venv/lib/python3.12/site-packages/flwr/simulation/ray_transport/ray_actor.py", line 283, in _fetch_future_result
    res_cid, out_mssg, updated_context = ray.get(
                                         ^^^^^^^^
  File "/home/danielpark605/tinyml-venv/lib/python3.12/site-packages/ray/_private/auto_init_hook.py", line 22, in auto_init_wrapper
    return fn(*args, **kwargs)
           ^^^^^^^^^^^^^^^^^^^
  File "/home/danielpark605/tinyml-venv/lib/python3.12/site-packages/ray/_private/client_mode_hook.py", line 107, in wrapper
    return func(*args, **kwargs)
           ^^^^^^^^^^^^^^^^^^^^^
  File "/home/danielpark605/tinyml-venv/lib/python3.12/site-packages/ray/_private/worker.py", line 2980, in get
    values, debugger_breakpoint = worker.get_objects(
                                  ^^^^^^^^^^^^^^^^^^^
  File "/home/danielpark605/tinyml-venv/lib/python3.12/site-packages/ray/_private/worker.py", line 1025, in get_objects
    raise value
ray.exceptions.OutOfMemoryError: 1 worker(s) were killed due to the node running low on memory. Memory on the node (IP: 172.22.205.158, ID: b8be6d5133c41a37147c6d08ac791978c902fd4f2b4a4c97ec44eb15) was 22.39GB / 23.47GB (0.953866), which exceeds the memory usage threshold of 0.950000; Object store memory usage: [- objects spillable: 0; - bytes spillable: 0; - objects unsealed: 0; - bytes unsealed: 0; - objects in use: 8; - bytes in use: 4135319027; - objects evictable: 0; - bytes evictable: 0; ; - objects created by worker: 8; - bytes created by worker: 4135319027; - objects restored: 0; - bytes restored: 0; - objects received: 0; - bytes received: 0; - objects errored: 0; - bytes errored: 0; ; Eviction Stats:; (global lru) capacity: 6116089036; (global lru) used: 0%; (global lru) num objects: 0; (global lru) num evictions: 8; (global lru) bytes evicted: 3102331733]; Ray killed 1 worker(s) based on the killing policy: [(Actor(118691f12b0bd20a012e79ff01000000): job ID=01000000, lease ID=0e0000008cfe377b49523f62580269aaf5425716b6e6c48108b611897fbd111d, task name=ClientAppActor.__init__, required resources={CPU: 1}, pid=348360, actual memory used=1.55GB, worker ID=2f42d2cfba2d43d77d14287a20ad072ffe03b6129122d001fdf453b4)]; To see more information about memory usage on this node, use `ray logs raylet.out -ip 172.22.205.158`; Top 10 memory users: PID	MEM(GB)	COMMAND, 348005	3.82	/home/danielpark605/tinyml-venv/bin/python -m src.federated.client --config data/processed/revision/..., 348353	3.55	ray::ClientAppActor.run, 348356	2.01	ray::ClientAppActor.run, 347965	1.99	python scripts/run_non_iid_ablation.py --base-config config/paper_v12_float/fl_baseline.yaml --strat..., 348355	1.59	ray::ClientAppActor.run, 348360	1.55	ray::ClientAppActor.run, 348366	0.29	ray::ClientAppActor, 348359	0.29	ray::ClientAppActor, 348358	0.29	ray::ClientAppActor, 348363	0.29	ray::ClientAppActor, Refer to the documentation on how to address the out of memory issue: https://docs.ray.io/en/latest/ray-core/scheduling/ray-oom-prevention.html. Consider provisioning more memory on this node or reducing task parallelism by requesting more CPUs per task. Set max_restarts and max_task_retries to enable retry when the task crashes due to OOM. To adjust the kill threshold, set the environment variable `RAY_memory_usage_threshold` when starting Ray. To disable worker killing, set the environment variable `RAY_memory_monitor_refresh_ms` to zero.

[91mERROR [0m:     1 worker(s) were killed due to the node running low on memory. Memory on the node (IP: 172.22.205.158, ID: b8be6d5133c41a37147c6d08ac791978c902fd4f2b4a4c97ec44eb15) was 22.39GB / 23.47GB (0.953866), which exceeds the memory usage threshold of 0.950000; Object store memory usage: [- objects spillable: 0; - bytes spillable: 0; - objects unsealed: 0; - bytes unsealed: 0; - objects in use: 8; - bytes in use: 4135319027; - objects evictable: 0; - bytes evictable: 0; ; - objects created by worker: 8; - bytes created by worker: 4135319027; - objects restored: 0; - bytes restored: 0; - objects received: 0; - bytes received: 0; - objects errored: 0; - bytes errored: 0; ; Eviction Stats:; (global lru) capacity: 6116089036; (global lru) used: 0%; (global lru) num objects: 0; (global lru) num evictions: 8; (global lru) bytes evicted: 3102331733]; Ray killed 1 worker(s) based on the killing policy: [(Actor(118691f12b0bd20a012e79ff01000000): job ID=01000000, lease ID=0e0000008cfe377b49523f62580269aaf5425716b6e6c48108b611897fbd111d, task name=ClientAppActor.__init__, required resources={CPU: 1}, pid=348360, actual memory used=1.55GB, worker ID=2f42d2cfba2d43d77d14287a20ad072ffe03b6129122d001fdf453b4)]; To see more information about memory usage on this node, use `ray logs raylet.out -ip 172.22.205.158`; Top 10 memory users: PID	MEM(GB)	COMMAND, 348005	3.82	/home/danielpark605/tinyml-venv/bin/python -m src.federated.client --config data/processed/revision/..., 348353	3.55	ray::ClientAppActor.run, 348356	2.01	ray::ClientAppActor.run, 347965	1.99	python scripts/run_non_iid_ablation.py --base-config config/paper_v12_float/fl_baseline.yaml --strat..., 348355	1.59	ray::ClientAppActor.run, 348360	1.55	ray::ClientAppActor.run, 348366	0.29	ray::ClientAppActor, 348359	0.29	ray::ClientAppActor, 348358	0.29	ray::ClientAppActor, 348363	0.29	ray::ClientAppActor, Refer to the documentation on how to address the out of memory issue: https://docs.ray.io/en/latest/ray-core/scheduling/ray-oom-prevention.html. Consider provisioning more memory on this node or reducing task parallelism by requesting more CPUs per task. Set max_restarts and max_task_retries to enable retry when the task crashes due to OOM. To adjust the kill threshold, set the environment variable `RAY_memory_usage_threshold` when starting Ray. To disable worker killing, set the environment variable `RAY_memory_monitor_refresh_ms` to zero.
[92mINFO [0m:      aggregate_fit: received 3 results and 1 failures
[92mINFO [0m:      configure_evaluate: strategy sampled 4 clients (out of 4)
[91mERROR [0m:     Traceback (most recent call last):
  File "/home/danielpark605/tinyml-venv/lib/python3.12/site-packages/flwr/simulation/ray_transport/ray_client_proxy.py", line 91, in _submit_job
    out_mssg, updated_context = self.actor_pool.get_client_result(
                                ^^^^^^^^^^^^^^^^^^^^^^^^^^^^^^^^^^
  File "/home/danielpark605/tinyml-venv/lib/python3.12/site-packages/flwr/simulation/ray_transport/ray_actor.py", line 402, in get_client_result
    return self._fetch_future_result(cid)
           ^^^^^^^^^^^^^^^^^^^^^^^^^^^^^^
  File "/home/danielpark605/tinyml-venv/lib/python3.12/site-packages/flwr/simulation/ray_transport/ray_actor.py", line 283, in _fetch_future_result
    res_cid, out_mssg, updated_context = ray.get(
                                         ^^^^^^^^
  File "/home/danielpark605/tinyml-venv/lib/python3.12/site-packages/ray/_private/auto_init_hook.py", line 22, in auto_init_wrapper
    return fn(*args, **kwargs)
           ^^^^^^^^^^^^^^^^^^^
  File "/home/danielpark605/tinyml-venv/lib/python3.12/site-packages/ray/_private/client_mode_hook.py", line 107, in wrapper
    return func(*args, **kwargs)
           ^^^^^^^^^^^^^^^^^^^^^
  File "/home/danielpark605/tinyml-venv/lib/python3.12/site-packages/ray/_private/worker.py", line 2980, in get
    values, debugger_breakpoint = worker.get_objects(
                                  ^^^^^^^^^^^^^^^^^^^
  File "/home/danielpark605/tinyml-venv/lib/python3.12/site-packages/ray/_private/worker.py", line 1025, in get_objects
    raise value
ray.exceptions.OutOfMemoryError: 1 worker(s) were killed due to the node running low on memory. Memory on the node (IP: 172.22.205.158, ID: b8be6d5133c41a37147c6d08ac791978c902fd4f2b4a4c97ec44eb15) was 22.39GB / 23.47GB (0.953866), which exceeds the memory usage threshold of 0.950000; Object store memory usage: [- objects spillable: 0; - bytes spillable: 0; - objects unsealed: 0; - bytes unsealed: 0; - objects in use: 8; - bytes in use: 4135319027; - objects evictable: 0; - bytes evictable: 0; ; - objects created by worker: 8; - bytes created by worker: 4135319027; - objects restored: 0; - bytes restored: 0; - objects received: 0; - bytes received: 0; - objects errored: 0; - bytes errored: 0; ; Eviction Stats:; (global lru) capacity: 6116089036; (global lru) used: 0%; (global lru) num objects: 0; (global lru) num evictions: 8; (global lru) bytes evicted: 3102331733]; Ray killed 1 worker(s) based on the killing policy: [(Actor(118691f12b0bd20a012e79ff01000000): job ID=01000000, lease ID=0e0000008cfe377b49523f62580269aaf5425716b6e6c48108b611897fbd111d, task name=ClientAppActor.__init__, required resources={CPU: 1}, pid=348360, actual memory used=1.55GB, worker ID=2f42d2cfba2d43d77d14287a20ad072ffe03b6129122d001fdf453b4)]; To see more information about memory usage on this node, use `ray logs raylet.out -ip 172.22.205.158`; Top 10 memory users: PID	MEM(GB)	COMMAND, 348005	3.82	/home/danielpark605/tinyml-venv/bin/python -m src.federated.client --config data/processed/revision/..., 348353	3.55	ray::ClientAppActor.run, 348356	2.01	ray::ClientAppActor.run, 347965	1.99	python scripts/run_non_iid_ablation.py --base-config config/paper_v12_float/fl_baseline.yaml --strat..., 348355	1.59	ray::ClientAppActor.run, 348360	1.55	ray::ClientAppActor.run, 348366	0.29	ray::ClientAppActor, 348359	0.29	ray::ClientAppActor, 348358	0.29	ray::ClientAppActor, 348363	0.29	ray::ClientAppActor, Refer to the documentation on how to address the out of memory issue: https://docs.ray.io/en/latest/ray-core/scheduling/ray-oom-prevention.html. Consider provisioning more memory on this node or reducing task parallelism by requesting more CPUs per task. Set max_restarts and max_task_retries to enable retry when the task crashes due to OOM. To adjust the kill threshold, set the environment variable `RAY_memory_usage_threshold` when starting Ray. To disable worker killing, set the environment variable `RAY_memory_monitor_refresh_ms` to zero.

[91mERROR [0m:     1 worker(s) were killed due to the node running low on memory. Memory on the node (IP: 172.22.205.158, ID: b8be6d5133c41a37147c6d08ac791978c902fd4f2b4a4c97ec44eb15) was 22.39GB / 23.47GB (0.953866), which exceeds the memory usage threshold of 0.950000; Object store memory usage: [- objects spillable: 0; - bytes spillable: 0; - objects unsealed: 0; - bytes unsealed: 0; - objects in use: 8; - bytes in use: 4135319027; - objects evictable: 0; - bytes evictable: 0; ; - objects created by worker: 8; - bytes created by worker: 4135319027; - objects restored: 0; - bytes restored: 0; - objects received: 0; - bytes received: 0; - objects errored: 0; - bytes errored: 0; ; Eviction Stats:; (global lru) capacity: 6116089036; (global lru) used: 0%; (global lru) num objects: 0; (global lru) num evictions: 8; (global lru) bytes evicted: 3102331733]; Ray killed 1 worker(s) based on the killing policy: [(Actor(118691f12b0bd20a012e79ff01000000): job ID=01000000, lease ID=0e0000008cfe377b49523f62580269aaf5425716b6e6c48108b611897fbd111d, task name=ClientAppActor.__init__, required resources={CPU: 1}, pid=348360, actual memory used=1.55GB, worker ID=2f42d2cfba2d43d77d14287a20ad072ffe03b6129122d001fdf453b4)]; To see more information about memory usage on this node, use `ray logs raylet.out -ip 172.22.205.158`; Top 10 memory users: PID	MEM(GB)	COMMAND, 348005	3.82	/home/danielpark605/tinyml-venv/bin/python -m src.federated.client --config data/processed/revision/..., 348353	3.55	ray::ClientAppActor.run, 348356	2.01	ray::ClientAppActor.run, 347965	1.99	python scripts/run_non_iid_ablation.py --base-config config/paper_v12_float/fl_baseline.yaml --strat..., 348355	1.59	ray::ClientAppActor.run, 348360	1.55	ray::ClientAppActor.run, 348366	0.29	ray::ClientAppActor, 348359	0.29	ray::ClientAppActor, 348358	0.29	ray::ClientAppActor, 348363	0.29	ray::ClientAppActor, Refer to the documentation on how to address the out of memory issue: https://docs.ray.io/en/latest/ray-core/scheduling/ray-oom-prevention.html. Consider provisioning more memory on this node or reducing task parallelism by requesting more CPUs per task. Set max_restarts and max_task_retries to enable retry when the task crashes due to OOM. To adjust the kill threshold, set the environment variable `RAY_memory_usage_threshold` when starting Ray. To disable worker killing, set the environment variable `RAY_memory_monitor_refresh_ms` to zero.
[92mINFO [0m:      aggregate_evaluate: received 3 results and 1 failures
[92mINFO [0m:      
[92mINFO [0m:      [ROUND 57]
[92mINFO [0m:      configure_fit: strategy sampled 4 clients (out of 4)
[91mERROR [0m:     Traceback (most recent call last):
  File "/home/danielpark605/tinyml-venv/lib/python3.12/site-packages/flwr/simulation/ray_transport/ray_client_proxy.py", line 91, in _submit_job
    out_mssg, updated_context = self.actor_pool.get_client_result(
                                ^^^^^^^^^^^^^^^^^^^^^^^^^^^^^^^^^^
  File "/home/danielpark605/tinyml-venv/lib/python3.12/site-packages/flwr/simulation/ray_transport/ray_actor.py", line 402, in get_client_result
    return self._fetch_future_result(cid)
           ^^^^^^^^^^^^^^^^^^^^^^^^^^^^^^
  File "/home/danielpark605/tinyml-venv/lib/python3.12/site-packages/flwr/simulation/ray_transport/ray_actor.py", line 283, in _fetch_future_result
    res_cid, out_mssg, updated_context = ray.get(
                                         ^^^^^^^^
  File "/home/danielpark605/tinyml-venv/lib/python3.12/site-packages/ray/_private/auto_init_hook.py", line 22, in auto_init_wrapper
    return fn(*args, **kwargs)
           ^^^^^^^^^^^^^^^^^^^
  File "/home/danielpark605/tinyml-venv/lib/python3.12/site-packages/ray/_private/client_mode_hook.py", line 107, in wrapper
    return func(*args, **kwargs)
           ^^^^^^^^^^^^^^^^^^^^^
  File "/home/danielpark605/tinyml-venv/lib/python3.12/site-packages/ray/_private/worker.py", line 2980, in get
    values, debugger_breakpoint = worker.get_objects(
                                  ^^^^^^^^^^^^^^^^^^^
  File "/home/danielpark605/tinyml-venv/lib/python3.12/site-packages/ray/_private/worker.py", line 1025, in get_objects
    raise value
ray.exceptions.OutOfMemoryError: 1 worker(s) were killed due to the node running low on memory. Memory on the node (IP: 172.22.205.158, ID: b8be6d5133c41a37147c6d08ac791978c902fd4f2b4a4c97ec44eb15) was 22.39GB / 23.47GB (0.953866), which exceeds the memory usage threshold of 0.950000; Object store memory usage: [- objects spillable: 0; - bytes spillable: 0; - objects unsealed: 0; - bytes unsealed: 0; - objects in use: 8; - bytes in use: 4135319027; - objects evictable: 0; - bytes evictable: 0; ; - objects created by worker: 8; - bytes created by worker: 4135319027; - objects restored: 0; - bytes restored: 0; - objects received: 0; - bytes received: 0; - objects errored: 0; - bytes errored: 0; ; Eviction Stats:; (global lru) capacity: 6116089036; (global lru) used: 0%; (global lru) num objects: 0; (global lru) num evictions: 8; (global lru) bytes evicted: 3102331733]; Ray killed 1 worker(s) based on the killing policy: [(Actor(118691f12b0bd20a012e79ff01000000): job ID=01000000, lease ID=0e0000008cfe377b49523f62580269aaf5425716b6e6c48108b611897fbd111d, task name=ClientAppActor.__init__, required resources={CPU: 1}, pid=348360, actual memory used=1.55GB, worker ID=2f42d2cfba2d43d77d14287a20ad072ffe03b6129122d001fdf453b4)]; To see more information about memory usage on this node, use `ray logs raylet.out -ip 172.22.205.158`; Top 10 memory users: PID	MEM(GB)	COMMAND, 348005	3.82	/home/danielpark605/tinyml-venv/bin/python -m src.federated.client --config data/processed/revision/..., 348353	3.55	ray::ClientAppActor.run, 348356	2.01	ray::ClientAppActor.run, 347965	1.99	python scripts/run_non_iid_ablation.py --base-config config/paper_v12_float/fl_baseline.yaml --strat..., 348355	1.59	ray::ClientAppActor.run, 348360	1.55	ray::ClientAppActor.run, 348366	0.29	ray::ClientAppActor, 348359	0.29	ray::ClientAppActor, 348358	0.29	ray::ClientAppActor, 348363	0.29	ray::ClientAppActor, Refer to the documentation on how to address the out of memory issue: https://docs.ray.io/en/latest/ray-core/scheduling/ray-oom-prevention.html. Consider provisioning more memory on this node or reducing task parallelism by requesting more CPUs per task. Set max_restarts and max_task_retries to enable retry when the task crashes due to OOM. To adjust the kill threshold, set the environment variable `RAY_memory_usage_threshold` when starting Ray. To disable worker killing, set the environment variable `RAY_memory_monitor_refresh_ms` to zero.

[91mERROR [0m:     1 worker(s) were killed due to the node running low on memory. Memory on the node (IP: 172.22.205.158, ID: b8be6d5133c41a37147c6d08ac791978c902fd4f2b4a4c97ec44eb15) was 22.39GB / 23.47GB (0.953866), which exceeds the memory usage threshold of 0.950000; Object store memory usage: [- objects spillable: 0; - bytes spillable: 0; - objects unsealed: 0; - bytes unsealed: 0; - objects in use: 8; - bytes in use: 4135319027; - objects evictable: 0; - bytes evictable: 0; ; - objects created by worker: 8; - bytes created by worker: 4135319027; - objects restored: 0; - bytes restored: 0; - objects received: 0; - bytes received: 0; - objects errored: 0; - bytes errored: 0; ; Eviction Stats:; (global lru) capacity: 6116089036; (global lru) used: 0%; (global lru) num objects: 0; (global lru) num evictions: 8; (global lru) bytes evicted: 3102331733]; Ray killed 1 worker(s) based on the killing policy: [(Actor(118691f12b0bd20a012e79ff01000000): job ID=01000000, lease ID=0e0000008cfe377b49523f62580269aaf5425716b6e6c48108b611897fbd111d, task name=ClientAppActor.__init__, required resources={CPU: 1}, pid=348360, actual memory used=1.55GB, worker ID=2f42d2cfba2d43d77d14287a20ad072ffe03b6129122d001fdf453b4)]; To see more information about memory usage on this node, use `ray logs raylet.out -ip 172.22.205.158`; Top 10 memory users: PID	MEM(GB)	COMMAND, 348005	3.82	/home/danielpark605/tinyml-venv/bin/python -m src.federated.client --config data/processed/revision/..., 348353	3.55	ray::ClientAppActor.run, 348356	2.01	ray::ClientAppActor.run, 347965	1.99	python scripts/run_non_iid_ablation.py --base-config config/paper_v12_float/fl_baseline.yaml --strat..., 348355	1.59	ray::ClientAppActor.run, 348360	1.55	ray::ClientAppActor.run, 348366	0.29	ray::ClientAppActor, 348359	0.29	ray::ClientAppActor, 348358	0.29	ray::ClientAppActor, 348363	0.29	ray::ClientAppActor, Refer to the documentation on how to address the out of memory issue: https://docs.ray.io/en/latest/ray-core/scheduling/ray-oom-prevention.html. Consider provisioning more memory on this node or reducing task parallelism by requesting more CPUs per task. Set max_restarts and max_task_retries to enable retry when the task crashes due to OOM. To adjust the kill threshold, set the environment variable `RAY_memory_usage_threshold` when starting Ray. To disable worker killing, set the environment variable `RAY_memory_monitor_refresh_ms` to zero.

[DEBUG _get_metrics] res_item[1] type: ConfigRecord
[DEBUG _get_metrics] res_item[1] has metrics attr: False
[DEBUG _get_metrics] res_item[1].__dict__: {'_check_key_fn': <function _check_key at 0x7e977efc8900>, '_check_value_fn': <function _check_value at 0x7e97747b89a0>, '_data': {'accuracy': 0.9682424664497375, 'loss': 0.012460279278457165, 'total_samples': 206565, 'actual_attack': 28614, 'actual_normal': 177951, 'predicted_attack': 31546, 'predicted_normal': 175019, 'true_positives': 26800, 'true_negatives': 173205, 'false_positives': 4746, 'false_negatives': 1814, 'precision': 0.8495530336651239, 'recall': 0.9366044593555602, 'f1_score': 0.8909574468085106}}
[DEBUG _get_metrics] res_item[1].keys(): ['accuracy', 'loss', 'total_samples', 'actual_attack', 'actual_normal', 'predicted_attack', 'predicted_normal', 'true_positives', 'true_negatives', 'false_positives', 'false_negatives', 'precision', 'recall', 'f1_score']
[DEBUG _get_metrics] Extracted from ConfigRecord._data
[DEBUG _get_metrics] res_item[1] type: ConfigRecord
[DEBUG _get_metrics] res_item[1] has metrics attr: False
[DEBUG _get_metrics] res_item[1].__dict__: {'_check_key_fn': <function _check_key at 0x7e977efc8900>, '_check_value_fn': <function _check_value at 0x7e97747b89a0>, '_data': {'accuracy': 0.971707820892334, 'loss': 0.012912982143461704, 'total_samples': 136681, 'actual_attack': 4456, 'actual_normal': 132225, 'predicted_attack': 7723, 'predicted_normal': 128958, 'true_positives': 4156, 'true_negatives': 128658, 'false_positives': 3567, 'false_negatives': 300, 'precision': 0.5381328499287842, 'recall': 0.9326750448833034, 'f1_score': 0.6824862468182937}}
[DEBUG _get_metrics] res_item[1].keys(): ['accuracy', 'loss', 'total_samples', 'actual_attack', 'actual_normal', 'predicted_attack', 'predicted_normal', 'true_positives', 'true_negatives', 'false_positives', 'false_negatives', 'precision', 'recall', 'f1_score']
[DEBUG _get_metrics] Extracted from ConfigRecord._data
[DEBUG _get_metrics] res_item[1] type: ConfigRecord
[DEBUG _get_metrics] res_item[1] has metrics attr: False
[DEBUG _get_metrics] res_item[1].__dict__: {'_check_key_fn': <function _check_key at 0x7e977efc8900>, '_check_value_fn': <function _check_value at 0x7e97747b89a0>, '_data': {'accuracy': 0.9381754398345947, 'loss': 0.009671390987932682, 'total_samples': 16563, 'actual_attack': 16559, 'actual_normal': 4, 'predicted_attack': 15535, 'predicted_normal': 1028, 'true_positives': 15535, 'true_negatives': 4, 'false_positives': 0, 'false_negatives': 1024, 'precision': 1.0, 'recall': 0.9381605169394287, 'f1_score': 0.9680937246837416}}
[DEBUG _get_metrics] res_item[1].keys(): ['accuracy', 'loss', 'total_samples', 'actual_attack', 'actual_normal', 'predicted_attack', 'predicted_normal', 'true_positives', 'true_negatives', 'false_positives', 'false_negatives', 'precision', 'recall', 'f1_score']
[DEBUG _get_metrics] Extracted from ConfigRecord._data
[DEBUG] Extracted 3 metrics from results

[Evaluation Summary]
============================================================
Round: 55 / 60
Accuracy (mean):  0.9594  (95.94%)
Loss:             0.0117
[Per-Device Accuracy]
  - Device 0:  0.9682  (96.82%)
  - Device 1:  0.9717  (97.17%)
  - Device 2:  0.9382  (93.82%)
  - Device 3:  0.0000  (0.00%)

[Ground Truth]
  - Attack samples: 28614
  - Normal samples: 177951
  - Total samples:  206565

[Predictions]
  - Predicted Attack:  31546
  - Predicted Normal:  175019

[Confusion Matrix]
  - True Positives (TP):  26800
  - True Negatives (TN):  173205
  - False Positives (FP): 4746
  - False Negatives (FN): 1814

[Metrics]
  - Precision:  0.7959  (79.59%)
  - Recall:     0.9358  (93.58%)
  - F1-Score:   0.8472  (84.72%)
============================================================

[36m(ClientAppActor pid=348353)[0m [Client 1] Class weights (smoothed): {0: 1.0961313930322947, 1: 0.9038686069677053}[32m [repeated 3x across cluster][0m
[36m(ClientAppActor pid=348353)[0m [Client 1] Class weights (smoothed): {0: 1.0961313930322947, 1: 0.9038686069677053}[32m [repeated 3x across cluster][0m
[DEBUG] evaluate_metrics_aggregation_fn called with 3 results
[DEBUG] results type: <class 'list'>
[DEBUG] First result type: <class 'tuple'>
[DEBUG] First result length: 2
[DEBUG] results[0][0] type: <class 'int'>
[DEBUG] results[0][1] type: <class 'flwr.app.message.configrecord.ConfigRecord'>
[DEBUG _get_metrics] res_item[1] type: ConfigRecord
[DEBUG _get_metrics] res_item[1] has metrics attr: False
[DEBUG _get_metrics] res_item[1].__dict__: {'_check_key_fn': <function _check_key at 0x7e977efc8900>, '_check_value_fn': <function _check_value at 0x7e97747b89a0>, '_data': {'accuracy': 0.9484393000602722, 'loss': 0.008794023655354977, 'total_samples': 16563, 'actual_attack': 16559, 'actual_normal': 4, 'predicted_attack': 15705, 'predicted_normal': 858, 'true_positives': 15705, 'true_negatives': 4, 'false_positives': 0, 'false_negatives': 854, 'precision': 1.0, 'recall': 0.9484268373694064, 'f1_score': 0.9735308703198612}}
[DEBUG _get_metrics] res_item[1].keys(): ['accuracy', 'loss', 'total_samples', 'actual_attack', 'actual_normal', 'predicted_attack', 'predicted_normal', 'true_positives', 'true_negatives', 'false_positives', 'false_negatives', 'precision', 'recall', 'f1_score']
[DEBUG _get_metrics] Extracted from ConfigRecord._data
[DEBUG _get_metrics] res_item[1] type: ConfigRecord
[DEBUG _get_metrics] res_item[1] has metrics attr: False
[DEBUG _get_metrics] res_item[1].__dict__: {'_check_key_fn': <function _check_key at 0x7e977efc8900>, '_check_value_fn': <function _check_value at 0x7e97747b89a0>, '_data': {'accuracy': 0.9715614914894104, 'loss': 0.012152615003287792, 'total_samples': 136681, 'actual_attack': 4456, 'actual_normal': 132225, 'predicted_attack': 7857, 'predicted_normal': 128824, 'true_positives': 4213, 'true_negatives': 128581, 'false_positives': 3644, 'false_negatives': 243, 'precision': 0.5362097492681686, 'recall': 0.9454667863554758, 'f1_score': 0.6843173881263706}}
[DEBUG _get_metrics] res_item[1].keys(): ['accuracy', 'loss', 'total_samples', 'actual_attack', 'actual_normal', 'predicted_attack', 'predicted_normal', 'true_positives', 'true_negatives', 'false_positives', 'false_negatives', 'precision', 'recall', 'f1_score']
[DEBUG _get_metrics] Extracted from ConfigRecord._data
[DEBUG _get_metrics] res_item[1] type: ConfigRecord
[DEBUG _get_metrics] res_item[1] has metrics attr: False
[DEBUG _get_metrics] res_item[1].__dict__: {'_check_key_fn': <function _check_key at 0x7e977efc8900>, '_check_value_fn': <function _check_value at 0x7e97747b89a0>, '_data': {'accuracy': 0.9691767692565918, 'loss': 0.011700763367116451, 'total_samples': 206565, 'actual_attack': 28614, 'actual_normal': 177951, 'predicted_attack': 31973, 'predicted_normal': 174592, 'true_positives': 27110, 'true_negatives': 173088, 'false_positives': 4863, 'false_negatives': 1504, 'precision': 0.847902918087136, 'recall': 0.9474383169078073, 'f1_score': 0.8949114496509152}}
[DEBUG _get_metrics] res_item[1].keys(): ['accuracy', 'loss', 'total_samples', 'actual_attack', 'actual_normal', 'predicted_attack', 'predicted_normal', 'true_positives', 'true_negatives', 'false_positives', 'false_negatives', 'precision', 'recall', 'f1_score']
[DEBUG _get_metrics] Extracted from ConfigRecord._data
[DEBUG] Extracted 3 metrics from results

[Evaluation Summary]
============================================================
Round: 56 / 60
Accuracy (mean):  0.9631  (96.31%)
Loss:             0.0109
[Per-Device Accuracy]
  - Device 0:  0.9484  (94.84%)
  - Device 1:  0.9716  (97.16%)
  - Device 2:  0.9692  (96.92%)
  - Device 3:  0.0000  (0.00%)

[Ground Truth]
  - Attack samples: 16559
  - Normal samples: 4
  - Total samples:  16563

[Predictions]
  - Predicted Attack:  15705
  - Predicted Normal:  858

[Confusion Matrix]
  - True Positives (TP):  15705
  - True Negatives (TN):  4
  - False Positives (FP): 0
  - False Negatives (FN): 854

[Metrics]
  - Precision:  0.7947  (79.47%)
  - Recall:     0.9471  (94.71%)
  - F1-Score:   0.8509  (85.09%)
============================================================

[36m(ClientAppActor pid=348353)[0m [Client 1] Class weights (smoothed): {0: 1.0961313930322947, 1: 0.9038686069677053}[32m [repeated 3x across cluster][0m[92mINFO [0m:      aggregate_fit: received 3 results and 1 failures
[92mINFO [0m:      configure_evaluate: strategy sampled 4 clients (out of 4)
[91mERROR [0m:     Traceback (most recent call last):
  File "/home/danielpark605/tinyml-venv/lib/python3.12/site-packages/flwr/simulation/ray_transport/ray_client_proxy.py", line 91, in _submit_job
    out_mssg, updated_context = self.actor_pool.get_client_result(
                                ^^^^^^^^^^^^^^^^^^^^^^^^^^^^^^^^^^
  File "/home/danielpark605/tinyml-venv/lib/python3.12/site-packages/flwr/simulation/ray_transport/ray_actor.py", line 402, in get_client_result
    return self._fetch_future_result(cid)
           ^^^^^^^^^^^^^^^^^^^^^^^^^^^^^^
  File "/home/danielpark605/tinyml-venv/lib/python3.12/site-packages/flwr/simulation/ray_transport/ray_actor.py", line 283, in _fetch_future_result
    res_cid, out_mssg, updated_context = ray.get(
                                         ^^^^^^^^
  File "/home/danielpark605/tinyml-venv/lib/python3.12/site-packages/ray/_private/auto_init_hook.py", line 22, in auto_init_wrapper
    return fn(*args, **kwargs)
           ^^^^^^^^^^^^^^^^^^^
  File "/home/danielpark605/tinyml-venv/lib/python3.12/site-packages/ray/_private/client_mode_hook.py", line 107, in wrapper
    return func(*args, **kwargs)
           ^^^^^^^^^^^^^^^^^^^^^
  File "/home/danielpark605/tinyml-venv/lib/python3.12/site-packages/ray/_private/worker.py", line 2980, in get
    values, debugger_breakpoint = worker.get_objects(
                                  ^^^^^^^^^^^^^^^^^^^
  File "/home/danielpark605/tinyml-venv/lib/python3.12/site-packages/ray/_private/worker.py", line 1025, in get_objects
    raise value
ray.exceptions.OutOfMemoryError: 1 worker(s) were killed due to the node running low on memory. Memory on the node (IP: 172.22.205.158, ID: b8be6d5133c41a37147c6d08ac791978c902fd4f2b4a4c97ec44eb15) was 22.39GB / 23.47GB (0.953866), which exceeds the memory usage threshold of 0.950000; Object store memory usage: [- objects spillable: 0; - bytes spillable: 0; - objects unsealed: 0; - bytes unsealed: 0; - objects in use: 8; - bytes in use: 4135319027; - objects evictable: 0; - bytes evictable: 0; ; - objects created by worker: 8; - bytes created by worker: 4135319027; - objects restored: 0; - bytes restored: 0; - objects received: 0; - bytes received: 0; - objects errored: 0; - bytes errored: 0; ; Eviction Stats:; (global lru) capacity: 6116089036; (global lru) used: 0%; (global lru) num objects: 0; (global lru) num evictions: 8; (global lru) bytes evicted: 3102331733]; Ray killed 1 worker(s) based on the killing policy: [(Actor(118691f12b0bd20a012e79ff01000000): job ID=01000000, lease ID=0e0000008cfe377b49523f62580269aaf5425716b6e6c48108b611897fbd111d, task name=ClientAppActor.__init__, required resources={CPU: 1}, pid=348360, actual memory used=1.55GB, worker ID=2f42d2cfba2d43d77d14287a20ad072ffe03b6129122d001fdf453b4)]; To see more information about memory usage on this node, use `ray logs raylet.out -ip 172.22.205.158`; Top 10 memory users: PID	MEM(GB)	COMMAND, 348005	3.82	/home/danielpark605/tinyml-venv/bin/python -m src.federated.client --config data/processed/revision/..., 348353	3.55	ray::ClientAppActor.run, 348356	2.01	ray::ClientAppActor.run, 347965	1.99	python scripts/run_non_iid_ablation.py --base-config config/paper_v12_float/fl_baseline.yaml --strat..., 348355	1.59	ray::ClientAppActor.run, 348360	1.55	ray::ClientAppActor.run, 348366	0.29	ray::ClientAppActor, 348359	0.29	ray::ClientAppActor, 348358	0.29	ray::ClientAppActor, 348363	0.29	ray::ClientAppActor, Refer to the documentation on how to address the out of memory issue: https://docs.ray.io/en/latest/ray-core/scheduling/ray-oom-prevention.html. Consider provisioning more memory on this node or reducing task parallelism by requesting more CPUs per task. Set max_restarts and max_task_retries to enable retry when the task crashes due to OOM. To adjust the kill threshold, set the environment variable `RAY_memory_usage_threshold` when starting Ray. To disable worker killing, set the environment variable `RAY_memory_monitor_refresh_ms` to zero.

[91mERROR [0m:     1 worker(s) were killed due to the node running low on memory. Memory on the node (IP: 172.22.205.158, ID: b8be6d5133c41a37147c6d08ac791978c902fd4f2b4a4c97ec44eb15) was 22.39GB / 23.47GB (0.953866), which exceeds the memory usage threshold of 0.950000; Object store memory usage: [- objects spillable: 0; - bytes spillable: 0; - objects unsealed: 0; - bytes unsealed: 0; - objects in use: 8; - bytes in use: 4135319027; - objects evictable: 0; - bytes evictable: 0; ; - objects created by worker: 8; - bytes created by worker: 4135319027; - objects restored: 0; - bytes restored: 0; - objects received: 0; - bytes received: 0; - objects errored: 0; - bytes errored: 0; ; Eviction Stats:; (global lru) capacity: 6116089036; (global lru) used: 0%; (global lru) num objects: 0; (global lru) num evictions: 8; (global lru) bytes evicted: 3102331733]; Ray killed 1 worker(s) based on the killing policy: [(Actor(118691f12b0bd20a012e79ff01000000): job ID=01000000, lease ID=0e0000008cfe377b49523f62580269aaf5425716b6e6c48108b611897fbd111d, task name=ClientAppActor.__init__, required resources={CPU: 1}, pid=348360, actual memory used=1.55GB, worker ID=2f42d2cfba2d43d77d14287a20ad072ffe03b6129122d001fdf453b4)]; To see more information about memory usage on this node, use `ray logs raylet.out -ip 172.22.205.158`; Top 10 memory users: PID	MEM(GB)	COMMAND, 348005	3.82	/home/danielpark605/tinyml-venv/bin/python -m src.federated.client --config data/processed/revision/..., 348353	3.55	ray::ClientAppActor.run, 348356	2.01	ray::ClientAppActor.run, 347965	1.99	python scripts/run_non_iid_ablation.py --base-config config/paper_v12_float/fl_baseline.yaml --strat..., 348355	1.59	ray::ClientAppActor.run, 348360	1.55	ray::ClientAppActor.run, 348366	0.29	ray::ClientAppActor, 348359	0.29	ray::ClientAppActor, 348358	0.29	ray::ClientAppActor, 348363	0.29	ray::ClientAppActor, Refer to the documentation on how to address the out of memory issue: https://docs.ray.io/en/latest/ray-core/scheduling/ray-oom-prevention.html. Consider provisioning more memory on this node or reducing task parallelism by requesting more CPUs per task. Set max_restarts and max_task_retries to enable retry when the task crashes due to OOM. To adjust the kill threshold, set the environment variable `RAY_memory_usage_threshold` when starting Ray. To disable worker killing, set the environment variable `RAY_memory_monitor_refresh_ms` to zero.
[92mINFO [0m:      aggregate_evaluate: received 3 results and 1 failures
[92mINFO [0m:      
[92mINFO [0m:      [ROUND 58]
[92mINFO [0m:      configure_fit: strategy sampled 4 clients (out of 4)
[91mERROR [0m:     Traceback (most recent call last):
  File "/home/danielpark605/tinyml-venv/lib/python3.12/site-packages/flwr/simulation/ray_transport/ray_client_proxy.py", line 91, in _submit_job
    out_mssg, updated_context = self.actor_pool.get_client_result(
                                ^^^^^^^^^^^^^^^^^^^^^^^^^^^^^^^^^^
  File "/home/danielpark605/tinyml-venv/lib/python3.12/site-packages/flwr/simulation/ray_transport/ray_actor.py", line 402, in get_client_result
    return self._fetch_future_result(cid)
           ^^^^^^^^^^^^^^^^^^^^^^^^^^^^^^
  File "/home/danielpark605/tinyml-venv/lib/python3.12/site-packages/flwr/simulation/ray_transport/ray_actor.py", line 283, in _fetch_future_result
    res_cid, out_mssg, updated_context = ray.get(
                                         ^^^^^^^^
  File "/home/danielpark605/tinyml-venv/lib/python3.12/site-packages/ray/_private/auto_init_hook.py", line 22, in auto_init_wrapper
    return fn(*args, **kwargs)
           ^^^^^^^^^^^^^^^^^^^
  File "/home/danielpark605/tinyml-venv/lib/python3.12/site-packages/ray/_private/client_mode_hook.py", line 107, in wrapper
    return func(*args, **kwargs)
           ^^^^^^^^^^^^^^^^^^^^^
  File "/home/danielpark605/tinyml-venv/lib/python3.12/site-packages/ray/_private/worker.py", line 2980, in get
    values, debugger_breakpoint = worker.get_objects(
                                  ^^^^^^^^^^^^^^^^^^^
  File "/home/danielpark605/tinyml-venv/lib/python3.12/site-packages/ray/_private/worker.py", line 1025, in get_objects
    raise value
ray.exceptions.OutOfMemoryError: 1 worker(s) were killed due to the node running low on memory. Memory on the node (IP: 172.22.205.158, ID: b8be6d5133c41a37147c6d08ac791978c902fd4f2b4a4c97ec44eb15) was 22.39GB / 23.47GB (0.953866), which exceeds the memory usage threshold of 0.950000; Object store memory usage: [- objects spillable: 0; - bytes spillable: 0; - objects unsealed: 0; - bytes unsealed: 0; - objects in use: 8; - bytes in use: 4135319027; - objects evictable: 0; - bytes evictable: 0; ; - objects created by worker: 8; - bytes created by worker: 4135319027; - objects restored: 0; - bytes restored: 0; - objects received: 0; - bytes received: 0; - objects errored: 0; - bytes errored: 0; ; Eviction Stats:; (global lru) capacity: 6116089036; (global lru) used: 0%; (global lru) num objects: 0; (global lru) num evictions: 8; (global lru) bytes evicted: 3102331733]; Ray killed 1 worker(s) based on the killing policy: [(Actor(118691f12b0bd20a012e79ff01000000): job ID=01000000, lease ID=0e0000008cfe377b49523f62580269aaf5425716b6e6c48108b611897fbd111d, task name=ClientAppActor.__init__, required resources={CPU: 1}, pid=348360, actual memory used=1.55GB, worker ID=2f42d2cfba2d43d77d14287a20ad072ffe03b6129122d001fdf453b4)]; To see more information about memory usage on this node, use `ray logs raylet.out -ip 172.22.205.158`; Top 10 memory users: PID	MEM(GB)	COMMAND, 348005	3.82	/home/danielpark605/tinyml-venv/bin/python -m src.federated.client --config data/processed/revision/..., 348353	3.55	ray::ClientAppActor.run, 348356	2.01	ray::ClientAppActor.run, 347965	1.99	python scripts/run_non_iid_ablation.py --base-config config/paper_v12_float/fl_baseline.yaml --strat..., 348355	1.59	ray::ClientAppActor.run, 348360	1.55	ray::ClientAppActor.run, 348366	0.29	ray::ClientAppActor, 348359	0.29	ray::ClientAppActor, 348358	0.29	ray::ClientAppActor, 348363	0.29	ray::ClientAppActor, Refer to the documentation on how to address the out of memory issue: https://docs.ray.io/en/latest/ray-core/scheduling/ray-oom-prevention.html. Consider provisioning more memory on this node or reducing task parallelism by requesting more CPUs per task. Set max_restarts and max_task_retries to enable retry when the task crashes due to OOM. To adjust the kill threshold, set the environment variable `RAY_memory_usage_threshold` when starting Ray. To disable worker killing, set the environment variable `RAY_memory_monitor_refresh_ms` to zero.

[91mERROR [0m:     1 worker(s) were killed due to the node running low on memory. Memory on the node (IP: 172.22.205.158, ID: b8be6d5133c41a37147c6d08ac791978c902fd4f2b4a4c97ec44eb15) was 22.39GB / 23.47GB (0.953866), which exceeds the memory usage threshold of 0.950000; Object store memory usage: [- objects spillable: 0; - bytes spillable: 0; - objects unsealed: 0; - bytes unsealed: 0; - objects in use: 8; - bytes in use: 4135319027; - objects evictable: 0; - bytes evictable: 0; ; - objects created by worker: 8; - bytes created by worker: 4135319027; - objects restored: 0; - bytes restored: 0; - objects received: 0; - bytes received: 0; - objects errored: 0; - bytes errored: 0; ; Eviction Stats:; (global lru) capacity: 6116089036; (global lru) used: 0%; (global lru) num objects: 0; (global lru) num evictions: 8; (global lru) bytes evicted: 3102331733]; Ray killed 1 worker(s) based on the killing policy: [(Actor(118691f12b0bd20a012e79ff01000000): job ID=01000000, lease ID=0e0000008cfe377b49523f62580269aaf5425716b6e6c48108b611897fbd111d, task name=ClientAppActor.__init__, required resources={CPU: 1}, pid=348360, actual memory used=1.55GB, worker ID=2f42d2cfba2d43d77d14287a20ad072ffe03b6129122d001fdf453b4)]; To see more information about memory usage on this node, use `ray logs raylet.out -ip 172.22.205.158`; Top 10 memory users: PID	MEM(GB)	COMMAND, 348005	3.82	/home/danielpark605/tinyml-venv/bin/python -m src.federated.client --config data/processed/revision/..., 348353	3.55	ray::ClientAppActor.run, 348356	2.01	ray::ClientAppActor.run, 347965	1.99	python scripts/run_non_iid_ablation.py --base-config config/paper_v12_float/fl_baseline.yaml --strat..., 348355	1.59	ray::ClientAppActor.run, 348360	1.55	ray::ClientAppActor.run, 348366	0.29	ray::ClientAppActor, 348359	0.29	ray::ClientAppActor, 348358	0.29	ray::ClientAppActor, 348363	0.29	ray::ClientAppActor, Refer to the documentation on how to address the out of memory issue: https://docs.ray.io/en/latest/ray-core/scheduling/ray-oom-prevention.html. Consider provisioning more memory on this node or reducing task parallelism by requesting more CPUs per task. Set max_restarts and max_task_retries to enable retry when the task crashes due to OOM. To adjust the kill threshold, set the environment variable `RAY_memory_usage_threshold` when starting Ray. To disable worker killing, set the environment variable `RAY_memory_monitor_refresh_ms` to zero.
[92mINFO [0m:      aggregate_fit: received 3 results and 1 failures
[92mINFO [0m:      configure_evaluate: strategy sampled 4 clients (out of 4)
[91mERROR [0m:     Traceback (most recent call last):
  File "/home/danielpark605/tinyml-venv/lib/python3.12/site-packages/flwr/simulation/ray_transport/ray_client_proxy.py", line 91, in _submit_job
    out_mssg, updated_context = self.actor_pool.get_client_result(
                                ^^^^^^^^^^^^^^^^^^^^^^^^^^^^^^^^^^
  File "/home/danielpark605/tinyml-venv/lib/python3.12/site-packages/flwr/simulation/ray_transport/ray_actor.py", line 402, in get_client_result
    return self._fetch_future_result(cid)
           ^^^^^^^^^^^^^^^^^^^^^^^^^^^^^^
  File "/home/danielpark605/tinyml-venv/lib/python3.12/site-packages/flwr/simulation/ray_transport/ray_actor.py", line 283, in _fetch_future_result
    res_cid, out_mssg, updated_context = ray.get(
                                         ^^^^^^^^
  File "/home/danielpark605/tinyml-venv/lib/python3.12/site-packages/ray/_private/auto_init_hook.py", line 22, in auto_init_wrapper
    return fn(*args, **kwargs)
           ^^^^^^^^^^^^^^^^^^^
  File "/home/danielpark605/tinyml-venv/lib/python3.12/site-packages/ray/_private/client_mode_hook.py", line 107, in wrapper
    return func(*args, **kwargs)
           ^^^^^^^^^^^^^^^^^^^^^
  File "/home/danielpark605/tinyml-venv/lib/python3.12/site-packages/ray/_private/worker.py", line 2980, in get
    values, debugger_breakpoint = worker.get_objects(
                                  ^^^^^^^^^^^^^^^^^^^
  File "/home/danielpark605/tinyml-venv/lib/python3.12/site-packages/ray/_private/worker.py", line 1025, in get_objects
    raise value
ray.exceptions.OutOfMemoryError: 1 worker(s) were killed due to the node running low on memory. Memory on the node (IP: 172.22.205.158, ID: b8be6d5133c41a37147c6d08ac791978c902fd4f2b4a4c97ec44eb15) was 22.39GB / 23.47GB (0.953866), which exceeds the memory usage threshold of 0.950000; Object store memory usage: [- objects spillable: 0; - bytes spillable: 0; - objects unsealed: 0; - bytes unsealed: 0; - objects in use: 8; - bytes in use: 4135319027; - objects evictable: 0; - bytes evictable: 0; ; - objects created by worker: 8; - bytes created by worker: 4135319027; - objects restored: 0; - bytes restored: 0; - objects received: 0; - bytes received: 0; - objects errored: 0; - bytes errored: 0; ; Eviction Stats:; (global lru) capacity: 6116089036; (global lru) used: 0%; (global lru) num objects: 0; (global lru) num evictions: 8; (global lru) bytes evicted: 3102331733]; Ray killed 1 worker(s) based on the killing policy: [(Actor(118691f12b0bd20a012e79ff01000000): job ID=01000000, lease ID=0e0000008cfe377b49523f62580269aaf5425716b6e6c48108b611897fbd111d, task name=ClientAppActor.__init__, required resources={CPU: 1}, pid=348360, actual memory used=1.55GB, worker ID=2f42d2cfba2d43d77d14287a20ad072ffe03b6129122d001fdf453b4)]; To see more information about memory usage on this node, use `ray logs raylet.out -ip 172.22.205.158`; Top 10 memory users: PID	MEM(GB)	COMMAND, 348005	3.82	/home/danielpark605/tinyml-venv/bin/python -m src.federated.client --config data/processed/revision/..., 348353	3.55	ray::ClientAppActor.run, 348356	2.01	ray::ClientAppActor.run, 347965	1.99	python scripts/run_non_iid_ablation.py --base-config config/paper_v12_float/fl_baseline.yaml --strat..., 348355	1.59	ray::ClientAppActor.run, 348360	1.55	ray::ClientAppActor.run, 348366	0.29	ray::ClientAppActor, 348359	0.29	ray::ClientAppActor, 348358	0.29	ray::ClientAppActor, 348363	0.29	ray::ClientAppActor, Refer to the documentation on how to address the out of memory issue: https://docs.ray.io/en/latest/ray-core/scheduling/ray-oom-prevention.html. Consider provisioning more memory on this node or reducing task parallelism by requesting more CPUs per task. Set max_restarts and max_task_retries to enable retry when the task crashes due to OOM. To adjust the kill threshold, set the environment variable `RAY_memory_usage_threshold` when starting Ray. To disable worker killing, set the environment variable `RAY_memory_monitor_refresh_ms` to zero.

[91mERROR [0m:     1 worker(s) were killed due to the node running low on memory. Memory on the node (IP: 172.22.205.158, ID: b8be6d5133c41a37147c6d08ac791978c902fd4f2b4a4c97ec44eb15) was 22.39GB / 23.47GB (0.953866), which exceeds the memory usage threshold of 0.950000; Object store memory usage: [- objects spillable: 0; - bytes spillable: 0; - objects unsealed: 0; - bytes unsealed: 0; - objects in use: 8; - bytes in use: 4135319027; - objects evictable: 0; - bytes evictable: 0; ; - objects created by worker: 8; - bytes created by worker: 4135319027; - objects restored: 0; - bytes restored: 0; - objects received: 0; - bytes received: 0; - objects errored: 0; - bytes errored: 0; ; Eviction Stats:; (global lru) capacity: 6116089036; (global lru) used: 0%; (global lru) num objects: 0; (global lru) num evictions: 8; (global lru) bytes evicted: 3102331733]; Ray killed 1 worker(s) based on the killing policy: [(Actor(118691f12b0bd20a012e79ff01000000): job ID=01000000, lease ID=0e0000008cfe377b49523f62580269aaf5425716b6e6c48108b611897fbd111d, task name=ClientAppActor.__init__, required resources={CPU: 1}, pid=348360, actual memory used=1.55GB, worker ID=2f42d2cfba2d43d77d14287a20ad072ffe03b6129122d001fdf453b4)]; To see more information about memory usage on this node, use `ray logs raylet.out -ip 172.22.205.158`; Top 10 memory users: PID	MEM(GB)	COMMAND, 348005	3.82	/home/danielpark605/tinyml-venv/bin/python -m src.federated.client --config data/processed/revision/..., 348353	3.55	ray::ClientAppActor.run, 348356	2.01	ray::ClientAppActor.run, 347965	1.99	python scripts/run_non_iid_ablation.py --base-config config/paper_v12_float/fl_baseline.yaml --strat..., 348355	1.59	ray::ClientAppActor.run, 348360	1.55	ray::ClientAppActor.run, 348366	0.29	ray::ClientAppActor, 348359	0.29	ray::ClientAppActor, 348358	0.29	ray::ClientAppActor, 348363	0.29	ray::ClientAppActor, Refer to the documentation on how to address the out of memory issue: https://docs.ray.io/en/latest/ray-core/scheduling/ray-oom-prevention.html. Consider provisioning more memory on this node or reducing task parallelism by requesting more CPUs per task. Set max_restarts and max_task_retries to enable retry when the task crashes due to OOM. To adjust the kill threshold, set the environment variable `RAY_memory_usage_threshold` when starting Ray. To disable worker killing, set the environment variable `RAY_memory_monitor_refresh_ms` to zero.
[92mINFO [0m:      aggregate_evaluate: received 3 results and 1 failures

[36m(ClientAppActor pid=348353)[0m [Client 1] Class weights (smoothed): {0: 1.0961313930322947, 1: 0.9038686069677053}[32m [repeated 3x across cluster][0m
[DEBUG] evaluate_metrics_aggregation_fn called with 3 results
[DEBUG] results type: <class 'list'>
[DEBUG] First result type: <class 'tuple'>
[DEBUG] First result length: 2
[DEBUG] results[0][0] type: <class 'int'>
[DEBUG] results[0][1] type: <class 'flwr.app.message.configrecord.ConfigRecord'>
[DEBUG _get_metrics] res_item[1] type: ConfigRecord
[DEBUG _get_metrics] res_item[1] has metrics attr: False
[DEBUG _get_metrics] res_item[1].__dict__: {'_check_key_fn': <function _check_key at 0x7e977efc8900>, '_check_value_fn': <function _check_value at 0x7e97747b89a0>, '_data': {'accuracy': 0.9719858765602112, 'loss': 0.012034978717565536, 'total_samples': 136681, 'actual_attack': 4456, 'actual_normal': 132225, 'predicted_attack': 7799, 'predicted_normal': 128882, 'true_positives': 4213, 'true_negatives': 128639, 'false_positives': 3586, 'false_negatives': 243, 'precision': 0.5401974612129761, 'recall': 0.9454667863554758, 'f1_score': 0.6875560995512036}}
[DEBUG _get_metrics] res_item[1].keys(): ['accuracy', 'loss', 'total_samples', 'actual_attack', 'actual_normal', 'predicted_attack', 'predicted_normal', 'true_positives', 'true_negatives', 'false_positives', 'false_negatives', 'precision', 'recall', 'f1_score']
[DEBUG _get_metrics] Extracted from ConfigRecord._data
[DEBUG _get_metrics] res_item[1] type: ConfigRecord
[DEBUG _get_metrics] res_item[1] has metrics attr: False
[DEBUG _get_metrics] res_item[1].__dict__: {'_check_key_fn': <function _check_key at 0x7e977efc8900>, '_check_value_fn': <function _check_value at 0x7e97747b89a0>, '_data': {'accuracy': 0.9695156216621399, 'loss': 0.011609060689806938, 'total_samples': 206565, 'actual_attack': 28614, 'actual_normal': 177951, 'predicted_attack': 31899, 'predicted_normal': 174666, 'true_positives': 27108, 'true_negatives': 173160, 'false_positives': 4791, 'false_negatives': 1506, 'precision': 0.8498072039875858, 'recall': 0.9473684210526315, 'f1_score': 0.8959397154330474}}
[DEBUG _get_metrics] res_item[1].keys(): ['accuracy', 'loss', 'total_samples', 'actual_attack', 'actual_normal', 'predicted_attack', 'predicted_normal', 'true_positives', 'true_negatives', 'false_positives', 'false_negatives', 'precision', 'recall', 'f1_score']
[DEBUG _get_metrics] Extracted from ConfigRecord._data
[DEBUG _get_metrics] res_item[1] type: ConfigRecord
[DEBUG _get_metrics] res_item[1] has metrics attr: False
[DEBUG _get_metrics] res_item[1].__dict__: {'_check_key_fn': <function _check_key at 0x7e977efc8900>, '_check_value_fn': <function _check_value at 0x7e97747b89a0>, '_data': {'accuracy': 0.9484393000602722, 'loss': 0.008815770037472248, 'total_samples': 16563, 'actual_attack': 16559, 'actual_normal': 4, 'predicted_attack': 15705, 'predicted_normal': 858, 'true_positives': 15705, 'true_negatives': 4, 'false_positives': 0, 'false_negatives': 854, 'precision': 1.0, 'recall': 0.9484268373694064, 'f1_score': 0.9735308703198612}}
[DEBUG _get_metrics] res_item[1].keys(): ['accuracy', 'loss', 'total_samples', 'actual_attack', 'actual_normal', 'predicted_attack', 'predicted_normal', 'true_positives', 'true_negatives', 'false_positives', 'false_negatives', 'precision', 'recall', 'f1_score']
[DEBUG _get_metrics] Extracted from ConfigRecord._data
[DEBUG] Extracted 3 metrics from results

[Evaluation Summary]
============================================================
Round: 57 / 60
Accuracy (mean):  0.9633  (96.33%)
Loss:             0.0108
[Per-Device Accuracy]
  - Device 0:  0.9720  (97.20%)
  - Device 1:  0.9695  (96.95%)
  - Device 2:  0.9484  (94.84%)
  - Device 3:  0.0000  (0.00%)

[Ground Truth]
  - Attack samples: 4456
  - Normal samples: 132225
  - Total samples:  136681

[Predictions]
  - Predicted Attack:  7799
  - Predicted Normal:  128882

[Confusion Matrix]
  - True Positives (TP):  4213
  - True Negatives (TN):  128639
  - False Positives (FP): 3586
  - False Negatives (FN): 243

[Metrics]
  - Precision:  0.7967  (79.67%)
  - Recall:     0.9471  (94.71%)
  - F1-Score:   0.8523  (85.23%)
============================================================

[36m(ClientAppActor pid=348353)[0m [Client 1] Class weights (smoothed): {0: 1.0961313930322947, 1: 0.9038686069677053}[32m [repeated 3x across cluster][0m
[36m(ClientAppActor pid=348353)[0m [Client 1] Class weights (smoothed): {0: 1.0961313930322947, 1: 0.9038686069677053}[32m [repeated 3x across cluster][0m
[DEBUG] evaluate_metrics_aggregation_fn called with 3 results
[DEBUG] results type: <class 'list'>
[DEBUG] First result type: <class 'tuple'>
[DEBUG] First result length: 2
[DEBUG] results[0][0] type: <class 'int'>
[DEBUG] results[0][1] type: <class 'flwr.app.message.configrecord.ConfigRecord'>
[DEBUG _get_metrics] res_item[1] type: ConfigRecord
[DEBUG _get_metrics] res_item[1] has metrics attr: False
[DEBUG _get_metrics] res_item[1].__dict__: {'_check_key_fn': <function _check_key at 0x7e977efc8900>, '_check_value_fn': <function _check_value at 0x7e97747b89a0>, '_data': {'accuracy': 0.9882267713546753, 'loss': 0.008247753605246544, 'total_samples': 16563, 'actual_attack': 16559, 'actual_normal': 4, 'predicted_attack': 16364, 'predicted_normal': 199, 'true_positives': 16364, 'true_negatives': 4, 'false_positives': 0, 'false_negatives': 195, 'precision': 1.0, 'recall': 0.9882239265656139, 'f1_score': 0.9940770889651611}}
[DEBUG _get_metrics] res_item[1].keys(): ['accuracy', 'loss', 'total_samples', 'actual_attack', 'actual_normal', 'predicted_attack', 'predicted_normal', 'true_positives', 'true_negatives', 'false_positives', 'false_negatives', 'precision', 'recall', 'f1_score']
[DEBUG _get_metrics] Extracted from ConfigRecord._data
[DEBUG _get_metrics] res_item[1] type: ConfigRecord
[DEBUG _get_metrics] res_item[1] has metrics attr: False
[DEBUG _get_metrics] res_item[1].__dict__: {'_check_key_fn': <function _check_key at 0x7e977efc8900>, '_check_value_fn': <function _check_value at 0x7e97747b89a0>, '_data': {'accuracy': 0.9619479179382324, 'loss': 0.011146028526127338, 'total_samples': 136681, 'actual_attack': 4456, 'actual_normal': 132225, 'predicted_attack': 9529, 'predicted_normal': 127152, 'true_positives': 4392, 'true_negatives': 127088, 'false_positives': 5137, 'false_negatives': 64, 'precision': 0.4609088047014377, 'recall': 0.9856373429084381, 'f1_score': 0.6281015373614587}}
[DEBUG _get_metrics] res_item[1].keys(): ['accuracy', 'loss', 'total_samples', 'actual_attack', 'actual_normal', 'predicted_attack', 'predicted_normal', 'true_positives', 'true_negatives', 'false_positives', 'false_negatives', 'precision', 'recall', 'f1_score']
[DEBUG _get_metrics] Extracted from ConfigRecord._data
[DEBUG _get_metrics] res_item[1] type: ConfigRecord
[DEBUG _get_metrics] res_item[1] has metrics attr: False
[DEBUG _get_metrics] res_item[1].__dict__: {'_check_key_fn': <function _check_key at 0x7e977efc8900>, '_check_value_fn': <function _check_value at 0x7e97747b89a0>, '_data': {'accuracy': 0.9648149609565735, 'loss': 0.010776265524327755, 'total_samples': 206565, 'actual_attack': 28614, 'actual_normal': 177951, 'predicted_attack': 35104, 'predicted_normal': 171461, 'true_positives': 28225, 'true_negatives': 171072, 'false_positives': 6879, 'false_negatives': 389, 'precision': 0.8040394257064722, 'recall': 0.9864052561683092, 'f1_score': 0.8859349006560157}}
[DEBUG _get_metrics] res_item[1].keys(): ['accuracy', 'loss', 'total_samples', 'actual_attack', 'actual_normal', 'predicted_attack', 'predicted_normal', 'true_positives', 'true_negatives', 'false_positives', 'false_negatives', 'precision', 'recall', 'f1_score']
[DEBUG _get_metrics] Extracted from ConfigRecord._data
[DEBUG] Extracted 3 metrics from results

[Evaluation Summary]
============================================================
Round: 58 / 60
Accuracy (mean):  0.9717  (97.17%)
Loss:             0.0101
[Per-Device Accuracy]
  - Device 0:  0.9882  (98.82%)
  - Device 1:  0.9619  (96.19%)
  - Device 2:  0.9648  (96.48%)
  - Device 3:  0.0000  (0.00%)

[Ground Truth]
  - Attack samples: 16559
  - Normal samples: 4
  - Total samples:  16563
[92mINFO [0m:      
[92mINFO [0m:      [ROUND 59]
[92mINFO [0m:      configure_fit: strategy sampled 4 clients (out of 4)
[91mERROR [0m:     Traceback (most recent call last):
  File "/home/danielpark605/tinyml-venv/lib/python3.12/site-packages/flwr/simulation/ray_transport/ray_client_proxy.py", line 91, in _submit_job
    out_mssg, updated_context = self.actor_pool.get_client_result(
                                ^^^^^^^^^^^^^^^^^^^^^^^^^^^^^^^^^^
  File "/home/danielpark605/tinyml-venv/lib/python3.12/site-packages/flwr/simulation/ray_transport/ray_actor.py", line 402, in get_client_result
    return self._fetch_future_result(cid)
           ^^^^^^^^^^^^^^^^^^^^^^^^^^^^^^
  File "/home/danielpark605/tinyml-venv/lib/python3.12/site-packages/flwr/simulation/ray_transport/ray_actor.py", line 283, in _fetch_future_result
    res_cid, out_mssg, updated_context = ray.get(
                                         ^^^^^^^^
  File "/home/danielpark605/tinyml-venv/lib/python3.12/site-packages/ray/_private/auto_init_hook.py", line 22, in auto_init_wrapper
    return fn(*args, **kwargs)
           ^^^^^^^^^^^^^^^^^^^
  File "/home/danielpark605/tinyml-venv/lib/python3.12/site-packages/ray/_private/client_mode_hook.py", line 107, in wrapper
    return func(*args, **kwargs)
           ^^^^^^^^^^^^^^^^^^^^^
  File "/home/danielpark605/tinyml-venv/lib/python3.12/site-packages/ray/_private/worker.py", line 2980, in get
    values, debugger_breakpoint = worker.get_objects(
                                  ^^^^^^^^^^^^^^^^^^^
  File "/home/danielpark605/tinyml-venv/lib/python3.12/site-packages/ray/_private/worker.py", line 1025, in get_objects
    raise value
ray.exceptions.OutOfMemoryError: 1 worker(s) were killed due to the node running low on memory. Memory on the node (IP: 172.22.205.158, ID: b8be6d5133c41a37147c6d08ac791978c902fd4f2b4a4c97ec44eb15) was 22.39GB / 23.47GB (0.953866), which exceeds the memory usage threshold of 0.950000; Object store memory usage: [- objects spillable: 0; - bytes spillable: 0; - objects unsealed: 0; - bytes unsealed: 0; - objects in use: 8; - bytes in use: 4135319027; - objects evictable: 0; - bytes evictable: 0; ; - objects created by worker: 8; - bytes created by worker: 4135319027; - objects restored: 0; - bytes restored: 0; - objects received: 0; - bytes received: 0; - objects errored: 0; - bytes errored: 0; ; Eviction Stats:; (global lru) capacity: 6116089036; (global lru) used: 0%; (global lru) num objects: 0; (global lru) num evictions: 8; (global lru) bytes evicted: 3102331733]; Ray killed 1 worker(s) based on the killing policy: [(Actor(118691f12b0bd20a012e79ff01000000): job ID=01000000, lease ID=0e0000008cfe377b49523f62580269aaf5425716b6e6c48108b611897fbd111d, task name=ClientAppActor.__init__, required resources={CPU: 1}, pid=348360, actual memory used=1.55GB, worker ID=2f42d2cfba2d43d77d14287a20ad072ffe03b6129122d001fdf453b4)]; To see more information about memory usage on this node, use `ray logs raylet.out -ip 172.22.205.158`; Top 10 memory users: PID	MEM(GB)	COMMAND, 348005	3.82	/home/danielpark605/tinyml-venv/bin/python -m src.federated.client --config data/processed/revision/..., 348353	3.55	ray::ClientAppActor.run, 348356	2.01	ray::ClientAppActor.run, 347965	1.99	python scripts/run_non_iid_ablation.py --base-config config/paper_v12_float/fl_baseline.yaml --strat..., 348355	1.59	ray::ClientAppActor.run, 348360	1.55	ray::ClientAppActor.run, 348366	0.29	ray::ClientAppActor, 348359	0.29	ray::ClientAppActor, 348358	0.29	ray::ClientAppActor, 348363	0.29	ray::ClientAppActor, Refer to the documentation on how to address the out of memory issue: https://docs.ray.io/en/latest/ray-core/scheduling/ray-oom-prevention.html. Consider provisioning more memory on this node or reducing task parallelism by requesting more CPUs per task. Set max_restarts and max_task_retries to enable retry when the task crashes due to OOM. To adjust the kill threshold, set the environment variable `RAY_memory_usage_threshold` when starting Ray. To disable worker killing, set the environment variable `RAY_memory_monitor_refresh_ms` to zero.

[91mERROR [0m:     1 worker(s) were killed due to the node running low on memory. Memory on the node (IP: 172.22.205.158, ID: b8be6d5133c41a37147c6d08ac791978c902fd4f2b4a4c97ec44eb15) was 22.39GB / 23.47GB (0.953866), which exceeds the memory usage threshold of 0.950000; Object store memory usage: [- objects spillable: 0; - bytes spillable: 0; - objects unsealed: 0; - bytes unsealed: 0; - objects in use: 8; - bytes in use: 4135319027; - objects evictable: 0; - bytes evictable: 0; ; - objects created by worker: 8; - bytes created by worker: 4135319027; - objects restored: 0; - bytes restored: 0; - objects received: 0; - bytes received: 0; - objects errored: 0; - bytes errored: 0; ; Eviction Stats:; (global lru) capacity: 6116089036; (global lru) used: 0%; (global lru) num objects: 0; (global lru) num evictions: 8; (global lru) bytes evicted: 3102331733]; Ray killed 1 worker(s) based on the killing policy: [(Actor(118691f12b0bd20a012e79ff01000000): job ID=01000000, lease ID=0e0000008cfe377b49523f62580269aaf5425716b6e6c48108b611897fbd111d, task name=ClientAppActor.__init__, required resources={CPU: 1}, pid=348360, actual memory used=1.55GB, worker ID=2f42d2cfba2d43d77d14287a20ad072ffe03b6129122d001fdf453b4)]; To see more information about memory usage on this node, use `ray logs raylet.out -ip 172.22.205.158`; Top 10 memory users: PID	MEM(GB)	COMMAND, 348005	3.82	/home/danielpark605/tinyml-venv/bin/python -m src.federated.client --config data/processed/revision/..., 348353	3.55	ray::ClientAppActor.run, 348356	2.01	ray::ClientAppActor.run, 347965	1.99	python scripts/run_non_iid_ablation.py --base-config config/paper_v12_float/fl_baseline.yaml --strat..., 348355	1.59	ray::ClientAppActor.run, 348360	1.55	ray::ClientAppActor.run, 348366	0.29	ray::ClientAppActor, 348359	0.29	ray::ClientAppActor, 348358	0.29	ray::ClientAppActor, 348363	0.29	ray::ClientAppActor, Refer to the documentation on how to address the out of memory issue: https://docs.ray.io/en/latest/ray-core/scheduling/ray-oom-prevention.html. Consider provisioning more memory on this node or reducing task parallelism by requesting more CPUs per task. Set max_restarts and max_task_retries to enable retry when the task crashes due to OOM. To adjust the kill threshold, set the environment variable `RAY_memory_usage_threshold` when starting Ray. To disable worker killing, set the environment variable `RAY_memory_monitor_refresh_ms` to zero.
[92mINFO [0m:      aggregate_fit: received 3 results and 1 failures
[92mINFO [0m:      configure_evaluate: strategy sampled 4 clients (out of 4)
[91mERROR [0m:     Traceback (most recent call last):
  File "/home/danielpark605/tinyml-venv/lib/python3.12/site-packages/flwr/simulation/ray_transport/ray_client_proxy.py", line 91, in _submit_job
    out_mssg, updated_context = self.actor_pool.get_client_result(
                                ^^^^^^^^^^^^^^^^^^^^^^^^^^^^^^^^^^
  File "/home/danielpark605/tinyml-venv/lib/python3.12/site-packages/flwr/simulation/ray_transport/ray_actor.py", line 402, in get_client_result
    return self._fetch_future_result(cid)
           ^^^^^^^^^^^^^^^^^^^^^^^^^^^^^^
  File "/home/danielpark605/tinyml-venv/lib/python3.12/site-packages/flwr/simulation/ray_transport/ray_actor.py", line 283, in _fetch_future_result
    res_cid, out_mssg, updated_context = ray.get(
                                         ^^^^^^^^
  File "/home/danielpark605/tinyml-venv/lib/python3.12/site-packages/ray/_private/auto_init_hook.py", line 22, in auto_init_wrapper
    return fn(*args, **kwargs)
           ^^^^^^^^^^^^^^^^^^^
  File "/home/danielpark605/tinyml-venv/lib/python3.12/site-packages/ray/_private/client_mode_hook.py", line 107, in wrapper
    return func(*args, **kwargs)
           ^^^^^^^^^^^^^^^^^^^^^
  File "/home/danielpark605/tinyml-venv/lib/python3.12/site-packages/ray/_private/worker.py", line 2980, in get
    values, debugger_breakpoint = worker.get_objects(
                                  ^^^^^^^^^^^^^^^^^^^
  File "/home/danielpark605/tinyml-venv/lib/python3.12/site-packages/ray/_private/worker.py", line 1025, in get_objects
    raise value
ray.exceptions.OutOfMemoryError: 1 worker(s) were killed due to the node running low on memory. Memory on the node (IP: 172.22.205.158, ID: b8be6d5133c41a37147c6d08ac791978c902fd4f2b4a4c97ec44eb15) was 22.39GB / 23.47GB (0.953866), which exceeds the memory usage threshold of 0.950000; Object store memory usage: [- objects spillable: 0; - bytes spillable: 0; - objects unsealed: 0; - bytes unsealed: 0; - objects in use: 8; - bytes in use: 4135319027; - objects evictable: 0; - bytes evictable: 0; ; - objects created by worker: 8; - bytes created by worker: 4135319027; - objects restored: 0; - bytes restored: 0; - objects received: 0; - bytes received: 0; - objects errored: 0; - bytes errored: 0; ; Eviction Stats:; (global lru) capacity: 6116089036; (global lru) used: 0%; (global lru) num objects: 0; (global lru) num evictions: 8; (global lru) bytes evicted: 3102331733]; Ray killed 1 worker(s) based on the killing policy: [(Actor(118691f12b0bd20a012e79ff01000000): job ID=01000000, lease ID=0e0000008cfe377b49523f62580269aaf5425716b6e6c48108b611897fbd111d, task name=ClientAppActor.__init__, required resources={CPU: 1}, pid=348360, actual memory used=1.55GB, worker ID=2f42d2cfba2d43d77d14287a20ad072ffe03b6129122d001fdf453b4)]; To see more information about memory usage on this node, use `ray logs raylet.out -ip 172.22.205.158`; Top 10 memory users: PID	MEM(GB)	COMMAND, 348005	3.82	/home/danielpark605/tinyml-venv/bin/python -m src.federated.client --config data/processed/revision/..., 348353	3.55	ray::ClientAppActor.run, 348356	2.01	ray::ClientAppActor.run, 347965	1.99	python scripts/run_non_iid_ablation.py --base-config config/paper_v12_float/fl_baseline.yaml --strat..., 348355	1.59	ray::ClientAppActor.run, 348360	1.55	ray::ClientAppActor.run, 348366	0.29	ray::ClientAppActor, 348359	0.29	ray::ClientAppActor, 348358	0.29	ray::ClientAppActor, 348363	0.29	ray::ClientAppActor, Refer to the documentation on how to address the out of memory issue: https://docs.ray.io/en/latest/ray-core/scheduling/ray-oom-prevention.html. Consider provisioning more memory on this node or reducing task parallelism by requesting more CPUs per task. Set max_restarts and max_task_retries to enable retry when the task crashes due to OOM. To adjust the kill threshold, set the environment variable `RAY_memory_usage_threshold` when starting Ray. To disable worker killing, set the environment variable `RAY_memory_monitor_refresh_ms` to zero.

[91mERROR [0m:     1 worker(s) were killed due to the node running low on memory. Memory on the node (IP: 172.22.205.158, ID: b8be6d5133c41a37147c6d08ac791978c902fd4f2b4a4c97ec44eb15) was 22.39GB / 23.47GB (0.953866), which exceeds the memory usage threshold of 0.950000; Object store memory usage: [- objects spillable: 0; - bytes spillable: 0; - objects unsealed: 0; - bytes unsealed: 0; - objects in use: 8; - bytes in use: 4135319027; - objects evictable: 0; - bytes evictable: 0; ; - objects created by worker: 8; - bytes created by worker: 4135319027; - objects restored: 0; - bytes restored: 0; - objects received: 0; - bytes received: 0; - objects errored: 0; - bytes errored: 0; ; Eviction Stats:; (global lru) capacity: 6116089036; (global lru) used: 0%; (global lru) num objects: 0; (global lru) num evictions: 8; (global lru) bytes evicted: 3102331733]; Ray killed 1 worker(s) based on the killing policy: [(Actor(118691f12b0bd20a012e79ff01000000): job ID=01000000, lease ID=0e0000008cfe377b49523f62580269aaf5425716b6e6c48108b611897fbd111d, task name=ClientAppActor.__init__, required resources={CPU: 1}, pid=348360, actual memory used=1.55GB, worker ID=2f42d2cfba2d43d77d14287a20ad072ffe03b6129122d001fdf453b4)]; To see more information about memory usage on this node, use `ray logs raylet.out -ip 172.22.205.158`; Top 10 memory users: PID	MEM(GB)	COMMAND, 348005	3.82	/home/danielpark605/tinyml-venv/bin/python -m src.federated.client --config data/processed/revision/..., 348353	3.55	ray::ClientAppActor.run, 348356	2.01	ray::ClientAppActor.run, 347965	1.99	python scripts/run_non_iid_ablation.py --base-config config/paper_v12_float/fl_baseline.yaml --strat..., 348355	1.59	ray::ClientAppActor.run, 348360	1.55	ray::ClientAppActor.run, 348366	0.29	ray::ClientAppActor, 348359	0.29	ray::ClientAppActor, 348358	0.29	ray::ClientAppActor, 348363	0.29	ray::ClientAppActor, Refer to the documentation on how to address the out of memory issue: https://docs.ray.io/en/latest/ray-core/scheduling/ray-oom-prevention.html. Consider provisioning more memory on this node or reducing task parallelism by requesting more CPUs per task. Set max_restarts and max_task_retries to enable retry when the task crashes due to OOM. To adjust the kill threshold, set the environment variable `RAY_memory_usage_threshold` when starting Ray. To disable worker killing, set the environment variable `RAY_memory_monitor_refresh_ms` to zero.
[92mINFO [0m:      aggregate_evaluate: received 3 results and 1 failures
[92mINFO [0m:      
[92mINFO [0m:      [ROUND 60]
[92mINFO [0m:      configure_fit: strategy sampled 4 clients (out of 4)
[91mERROR [0m:     Traceback (most recent call last):
  File "/home/danielpark605/tinyml-venv/lib/python3.12/site-packages/flwr/simulation/ray_transport/ray_client_proxy.py", line 91, in _submit_job
    out_mssg, updated_context = self.actor_pool.get_client_result(
                                ^^^^^^^^^^^^^^^^^^^^^^^^^^^^^^^^^^
  File "/home/danielpark605/tinyml-venv/lib/python3.12/site-packages/flwr/simulation/ray_transport/ray_actor.py", line 402, in get_client_result
    return self._fetch_future_result(cid)
           ^^^^^^^^^^^^^^^^^^^^^^^^^^^^^^
  File "/home/danielpark605/tinyml-venv/lib/python3.12/site-packages/flwr/simulation/ray_transport/ray_actor.py", line 283, in _fetch_future_result
    res_cid, out_mssg, updated_context = ray.get(
                                         ^^^^^^^^
  File "/home/danielpark605/tinyml-venv/lib/python3.12/site-packages/ray/_private/auto_init_hook.py", line 22, in auto_init_wrapper
    return fn(*args, **kwargs)
           ^^^^^^^^^^^^^^^^^^^
  File "/home/danielpark605/tinyml-venv/lib/python3.12/site-packages/ray/_private/client_mode_hook.py", line 107, in wrapper
    return func(*args, **kwargs)
           ^^^^^^^^^^^^^^^^^^^^^
  File "/home/danielpark605/tinyml-venv/lib/python3.12/site-packages/ray/_private/worker.py", line 2980, in get
    values, debugger_breakpoint = worker.get_objects(
                                  ^^^^^^^^^^^^^^^^^^^
  File "/home/danielpark605/tinyml-venv/lib/python3.12/site-packages/ray/_private/worker.py", line 1025, in get_objects
    raise value
ray.exceptions.OutOfMemoryError: 1 worker(s) were killed due to the node running low on memory. Memory on the node (IP: 172.22.205.158, ID: b8be6d5133c41a37147c6d08ac791978c902fd4f2b4a4c97ec44eb15) was 22.39GB / 23.47GB (0.953866), which exceeds the memory usage threshold of 0.950000; Object store memory usage: [- objects spillable: 0; - bytes spillable: 0; - objects unsealed: 0; - bytes unsealed: 0; - objects in use: 8; - bytes in use: 4135319027; - objects evictable: 0; - bytes evictable: 0; ; - objects created by worker: 8; - bytes created by worker: 4135319027; - objects restored: 0; - bytes restored: 0; - objects received: 0; - bytes received: 0; - objects errored: 0; - bytes errored: 0; ; Eviction Stats:; (global lru) capacity: 6116089036; (global lru) used: 0%; (global lru) num objects: 0; (global lru) num evictions: 8; (global lru) bytes evicted: 3102331733]; Ray killed 1 worker(s) based on the killing policy: [(Actor(118691f12b0bd20a012e79ff01000000): job ID=01000000, lease ID=0e0000008cfe377b49523f62580269aaf5425716b6e6c48108b611897fbd111d, task name=ClientAppActor.__init__, required resources={CPU: 1}, pid=348360, actual memory used=1.55GB, worker ID=2f42d2cfba2d43d77d14287a20ad072ffe03b6129122d001fdf453b4)]; To see more information about memory usage on this node, use `ray logs raylet.out -ip 172.22.205.158`; Top 10 memory users: PID	MEM(GB)	COMMAND, 348005	3.82	/home/danielpark605/tinyml-venv/bin/python -m src.federated.client --config data/processed/revision/..., 348353	3.55	ray::ClientAppActor.run, 348356	2.01	ray::ClientAppActor.run, 347965	1.99	python scripts/run_non_iid_ablation.py --base-config config/paper_v12_float/fl_baseline.yaml --strat..., 348355	1.59	ray::ClientAppActor.run, 348360	1.55	ray::ClientAppActor.run, 348366	0.29	ray::ClientAppActor, 348359	0.29	ray::ClientAppActor, 348358	0.29	ray::ClientAppActor, 348363	0.29	ray::ClientAppActor, Refer to the documentation on how to address the out of memory issue: https://docs.ray.io/en/latest/ray-core/scheduling/ray-oom-prevention.html. Consider provisioning more memory on this node or reducing task parallelism by requesting more CPUs per task. Set max_restarts and max_task_retries to enable retry when the task crashes due to OOM. To adjust the kill threshold, set the environment variable `RAY_memory_usage_threshold` when starting Ray. To disable worker killing, set the environment variable `RAY_memory_monitor_refresh_ms` to zero.

[91mERROR [0m:     1 worker(s) were killed due to the node running low on memory. Memory on the node (IP: 172.22.205.158, ID: b8be6d5133c41a37147c6d08ac791978c902fd4f2b4a4c97ec44eb15) was 22.39GB / 23.47GB (0.953866), which exceeds the memory usage threshold of 0.950000; Object store memory usage: [- objects spillable: 0; - bytes spillable: 0; - objects unsealed: 0; - bytes unsealed: 0; - objects in use: 8; - bytes in use: 4135319027; - objects evictable: 0; - bytes evictable: 0; ; - objects created by worker: 8; - bytes created by worker: 4135319027; - objects restored: 0; - bytes restored: 0; - objects received: 0; - bytes received: 0; - objects errored: 0; - bytes errored: 0; ; Eviction Stats:; (global lru) capacity: 6116089036; (global lru) used: 0%; (global lru) num objects: 0; (global lru) num evictions: 8; (global lru) bytes evicted: 3102331733]; Ray killed 1 worker(s) based on the killing policy: [(Actor(118691f12b0bd20a012e79ff01000000): job ID=01000000, lease ID=0e0000008cfe377b49523f62580269aaf5425716b6e6c48108b611897fbd111d, task name=ClientAppActor.__init__, required resources={CPU: 1}, pid=348360, actual memory used=1.55GB, worker ID=2f42d2cfba2d43d77d14287a20ad072ffe03b6129122d001fdf453b4)]; To see more information about memory usage on this node, use `ray logs raylet.out -ip 172.22.205.158`; Top 10 memory users: PID	MEM(GB)	COMMAND, 348005	3.82	/home/danielpark605/tinyml-venv/bin/python -m src.federated.client --config data/processed/revision/..., 348353	3.55	ray::ClientAppActor.run, 348356	2.01	ray::ClientAppActor.run, 347965	1.99	python scripts/run_non_iid_ablation.py --base-config config/paper_v12_float/fl_baseline.yaml --strat..., 348355	1.59	ray::ClientAppActor.run, 348360	1.55	ray::ClientAppActor.run, 348366	0.29	ray::ClientAppActor, 348359	0.29	ray::ClientAppActor, 348358	0.29	ray::ClientAppActor, 348363	0.29	ray::ClientAppActor, Refer to the documentation on how to address the out of memory issue: https://docs.ray.io/en/latest/ray-core/scheduling/ray-oom-prevention.html. Consider provisioning more memory on this node or reducing task parallelism by requesting more CPUs per task. Set max_restarts and max_task_retries to enable retry when the task crashes due to OOM. To adjust the kill threshold, set the environment variable `RAY_memory_usage_threshold` when starting Ray. To disable worker killing, set the environment variable `RAY_memory_monitor_refresh_ms` to zero.
[92mINFO [0m:      aggregate_fit: received 3 results and 1 failures
[92mINFO [0m:      configure_evaluate: strategy sampled 4 clients (out of 4)
[91mERROR [0m:     Traceback (most recent call last):
  File "/home/danielpark605/tinyml-venv/lib/python3.12/site-packages/flwr/simulation/ray_transport/ray_client_proxy.py", line 91, in _submit_job
    out_mssg, updated_context = self.actor_pool.get_client_result(
                                ^^^^^^^^^^^^^^^^^^^^^^^^^^^^^^^^^^
  File "/home/danielpark605/tinyml-venv/lib/python3.12/site-packages/flwr/simulation/ray_transport/ray_actor.py", line 402, in get_client_result
    return self._fetch_future_result(cid)
           ^^^^^^^^^^^^^^^^^^^^^^^^^^^^^^
  File "/home/danielpark605/tinyml-venv/lib/python3.12/site-packages/flwr/simulation/ray_transport/ray_actor.py", line 283, in _fetch_future_result
    res_cid, out_mssg, updated_context = ray.get(
                                         ^^^^^^^^
  File "/home/danielpark605/tinyml-venv/lib/python3.12/site-packages/ray/_private/auto_init_hook.py", line 22, in auto_init_wrapper
    return fn(*args, **kwargs)
           ^^^^^^^^^^^^^^^^^^^
  File "/home/danielpark605/tinyml-venv/lib/python3.12/site-packages/ray/_private/client_mode_hook.py", line 107, in wrapper
    return func(*args, **kwargs)
           ^^^^^^^^^^^^^^^^^^^^^
  File "/home/danielpark605/tinyml-venv/lib/python3.12/site-packages/ray/_private/worker.py", line 2980, in get
    values, debugger_breakpoint = worker.get_objects(
                                  ^^^^^^^^^^^^^^^^^^^
  File "/home/danielpark605/tinyml-venv/lib/python3.12/site-packages/ray/_private/worker.py", line 1025, in get_objects
    raise value
ray.exceptions.OutOfMemoryError: 1 worker(s) were killed due to the node running low on memory. Memory on the node (IP: 172.22.205.158, ID: b8be6d5133c41a37147c6d08ac791978c902fd4f2b4a4c97ec44eb15) was 22.39GB / 23.47GB (0.953866), which exceeds the memory usage threshold of 0.950000; Object store memory usage: [- objects spillable: 0; - bytes spillable: 0; - objects unsealed: 0; - bytes unsealed: 0; - objects in use: 8; - bytes in use: 4135319027; - objects evictable: 0; - bytes evictable: 0; ; - objects created by worker: 8; - bytes created by worker: 4135319027; - objects restored: 0; - bytes restored: 0; - objects received: 0; - bytes received: 0; - objects errored: 0; - bytes errored: 0; ; Eviction Stats:; (global lru) capacity: 6116089036; (global lru) used: 0%; (global lru) num objects: 0; (global lru) num evictions: 8; (global lru) bytes evicted: 3102331733]; Ray killed 1 worker(s) based on the killing policy: [(Actor(118691f12b0bd20a012e79ff01000000): job ID=01000000, lease ID=0e0000008cfe377b49523f62580269aaf5425716b6e6c48108b611897fbd111d, task name=ClientAppActor.__init__, required resources={CPU: 1}, pid=348360, actual memory used=1.55GB, worker ID=2f42d2cfba2d43d77d14287a20ad072ffe03b6129122d001fdf453b4)]; To see more information about memory usage on this node, use `ray logs raylet.out -ip 172.22.205.158`; Top 10 memory users: PID	MEM(GB)	COMMAND, 348005	3.82	/home/danielpark605/tinyml-venv/bin/python -m src.federated.client --config data/processed/revision/..., 348353	3.55	ray::ClientAppActor.run, 348356	2.01	ray::ClientAppActor.run, 347965	1.99	python scripts/run_non_iid_ablation.py --base-config config/paper_v12_float/fl_baseline.yaml --strat..., 348355	1.59	ray::ClientAppActor.run, 348360	1.55	ray::ClientAppActor.run, 348366	0.29	ray::ClientAppActor, 348359	0.29	ray::ClientAppActor, 348358	0.29	ray::ClientAppActor, 348363	0.29	ray::ClientAppActor, Refer to the documentation on how to address the out of memory issue: https://docs.ray.io/en/latest/ray-core/scheduling/ray-oom-prevention.html. Consider provisioning more memory on this node or reducing task parallelism by requesting more CPUs per task. Set max_restarts and max_task_retries to enable retry when the task crashes due to OOM. To adjust the kill threshold, set the environment variable `RAY_memory_usage_threshold` when starting Ray. To disable worker killing, set the environment variable `RAY_memory_monitor_refresh_ms` to zero.

[91mERROR [0m:     1 worker(s) were killed due to the node running low on memory. Memory on the node (IP: 172.22.205.158, ID: b8be6d5133c41a37147c6d08ac791978c902fd4f2b4a4c97ec44eb15) was 22.39GB / 23.47GB (0.953866), which exceeds the memory usage threshold of 0.950000; Object store memory usage: [- objects spillable: 0; - bytes spillable: 0; - objects unsealed: 0; - bytes unsealed: 0; - objects in use: 8; - bytes in use: 4135319027; - objects evictable: 0; - bytes evictable: 0; ; - objects created by worker: 8; - bytes created by worker: 4135319027; - objects restored: 0; - bytes restored: 0; - objects received: 0; - bytes received: 0; - objects errored: 0; - bytes errored: 0; ; Eviction Stats:; (global lru) capacity: 6116089036; (global lru) used: 0%; (global lru) num objects: 0; (global lru) num evictions: 8; (global lru) bytes evicted: 3102331733]; Ray killed 1 worker(s) based on the killing policy: [(Actor(118691f12b0bd20a012e79ff01000000): job ID=01000000, lease ID=0e0000008cfe377b49523f62580269aaf5425716b6e6c48108b611897fbd111d, task name=ClientAppActor.__init__, required resources={CPU: 1}, pid=348360, actual memory used=1.55GB, worker ID=2f42d2cfba2d43d77d14287a20ad072ffe03b6129122d001fdf453b4)]; To see more information about memory usage on this node, use `ray logs raylet.out -ip 172.22.205.158`; Top 10 memory users: PID	MEM(GB)	COMMAND, 348005	3.82	/home/danielpark605/tinyml-venv/bin/python -m src.federated.client --config data/processed/revision/..., 348353	3.55	ray::ClientAppActor.run, 348356	2.01	ray::ClientAppActor.run, 347965	1.99	python scripts/run_non_iid_ablation.py --base-config config/paper_v12_float/fl_baseline.yaml --strat..., 348355	1.59	ray::ClientAppActor.run, 348360	1.55	ray::ClientAppActor.run, 348366	0.29	ray::ClientAppActor, 348359	0.29	ray::ClientAppActor, 348358	0.29	ray::ClientAppActor, 348363	0.29	ray::ClientAppActor, Refer to the documentation on how to address the out of memory issue: https://docs.ray.io/en/latest/ray-core/scheduling/ray-oom-prevention.html. Consider provisioning more memory on this node or reducing task parallelism by requesting more CPUs per task. Set max_restarts and max_task_retries to enable retry when the task crashes due to OOM. To adjust the kill threshold, set the environment variable `RAY_memory_usage_threshold` when starting Ray. To disable worker killing, set the environment variable `RAY_memory_monitor_refresh_ms` to zero.
[92mINFO [0m:      aggregate_evaluate: received 3 results and 1 failures

[Predictions]
  - Predicted Attack:  16364
  - Predicted Normal:  199

[Confusion Matrix]
  - True Positives (TP):  16364
  - True Negatives (TN):  4
  - False Positives (FP): 0
  - False Negatives (FN): 195

[Metrics]
  - Precision:  0.7550  (75.50%)
  - Recall:     0.9868  (98.68%)
  - F1-Score:   0.8360  (83.60%)
============================================================

[36m(ClientAppActor pid=348353)[0m [Client 1] Class weights (smoothed): {0: 1.0961313930322947, 1: 0.9038686069677053}[32m [repeated 3x across cluster][0m
[36m(ClientAppActor pid=348353)[0m [Client 1] Class weights (smoothed): {0: 1.0961313930322947, 1: 0.9038686069677053}[32m [repeated 3x across cluster][0m
[DEBUG] evaluate_metrics_aggregation_fn called with 3 results
[DEBUG] results type: <class 'list'>
[DEBUG] First result type: <class 'tuple'>
[DEBUG] First result length: 2
[DEBUG] results[0][0] type: <class 'int'>
[DEBUG] results[0][1] type: <class 'flwr.app.message.configrecord.ConfigRecord'>
[DEBUG _get_metrics] res_item[1] type: ConfigRecord
[DEBUG _get_metrics] res_item[1] has metrics attr: False
[DEBUG _get_metrics] res_item[1].__dict__: {'_check_key_fn': <function _check_key at 0x7e977efc8900>, '_check_value_fn': <function _check_value at 0x7e97747b89a0>, '_data': {'accuracy': 0.9879248738288879, 'loss': 0.008403458632528782, 'total_samples': 16563, 'actual_attack': 16559, 'actual_normal': 4, 'predicted_attack': 16359, 'predicted_normal': 204, 'true_positives': 16359, 'true_negatives': 4, 'false_positives': 0, 'false_negatives': 200, 'precision': 1.0, 'recall': 0.9879219759647322, 'f1_score': 0.9939242967373474}}
[DEBUG _get_metrics] res_item[1].keys(): ['accuracy', 'loss', 'total_samples', 'actual_attack', 'actual_normal', 'predicted_attack', 'predicted_normal', 'true_positives', 'true_negatives', 'false_positives', 'false_negatives', 'precision', 'recall', 'f1_score']
[DEBUG _get_metrics] Extracted from ConfigRecord._data
[DEBUG _get_metrics] res_item[1] type: ConfigRecord
[DEBUG _get_metrics] res_item[1] has metrics attr: False
[DEBUG _get_metrics] res_item[1].__dict__: {'_check_key_fn': <function _check_key at 0x7e977efc8900>, '_check_value_fn': <function _check_value at 0x7e97747b89a0>, '_data': {'accuracy': 0.9655991792678833, 'loss': 0.010483968071639538, 'total_samples': 206565, 'actual_attack': 28614, 'actual_normal': 177951, 'predicted_attack': 34918, 'predicted_normal': 171647, 'true_positives': 28213, 'true_negatives': 171246, 'false_positives': 6705, 'false_negatives': 401, 'precision': 0.8079786929377398, 'recall': 0.9859858810372545, 'f1_score': 0.8881508531133917}}
[DEBUG _get_metrics] res_item[1].keys(): ['accuracy', 'loss', 'total_samples', 'actual_attack', 'actual_normal', 'predicted_attack', 'predicted_normal', 'true_positives', 'true_negatives', 'false_positives', 'false_negatives', 'precision', 'recall', 'f1_score']
[DEBUG _get_metrics] Extracted from ConfigRecord._data
[DEBUG _get_metrics] res_item[1] type: ConfigRecord
[DEBUG _get_metrics] res_item[1] has metrics attr: False
[DEBUG _get_metrics] res_item[1].__dict__: {'_check_key_fn': <function _check_key at 0x7e977efc8900>, '_check_value_fn': <function _check_value at 0x7e97747b89a0>, '_data': {'accuracy': 0.9628112316131592, 'loss': 0.010785134509205818, 'total_samples': 136681, 'actual_attack': 4456, 'actual_normal': 132225, 'predicted_attack': 9411, 'predicted_normal': 127270, 'true_positives': 4392, 'true_negatives': 127206, 'false_positives': 5019, 'false_negatives': 64, 'precision': 0.4666879183933695, 'recall': 0.9856373429084381, 'f1_score': 0.6334463113867455}}
[DEBUG _get_metrics] res_item[1].keys(): ['accuracy', 'loss', 'total_samples', 'actual_attack', 'actual_normal', 'predicted_attack', 'predicted_normal', 'true_positives', 'true_negatives', 'false_positives', 'false_negatives', 'precision', 'recall', 'f1_score']
[DEBUG _get_metrics] Extracted from ConfigRecord._data
[DEBUG] Extracted 3 metrics from results

[Evaluation Summary]
============================================================
Round: 59 / 60
Accuracy (mean):  0.9721  (97.21%)
Loss:             0.0099
[Per-Device Accuracy]
  - Device 0:  0.9879  (98.79%)
  - Device 1:  0.9656  (96.56%)
  - Device 2:  0.9628  (96.28%)
  - Device 3:  0.0000  (0.00%)

[Ground Truth]
  - Attack samples: 16559
  - Normal samples: 4
  - Total samples:  16563

[Predictions]
  - Predicted Attack:  16359
  - Predicted Normal:  204

[Confusion Matrix]
  - True Positives (TP):  16359
  - True Negatives (TN):  4
  - False Positives (FP): 0
  - False Negatives (FN): 200

[Metrics]
  - Precision:  0.7582  (75.82%)
  - Recall:     0.9865  (98.65%)
  - F1-Score:   0.8385  (83.85%)
============================================================

[36m(ClientAppActor pid=348353)[0m [Client 1] Class weights (smoothed): {0: 1.0961313930322947, 1: 0.9038686069677053}[32m [repeated 3x across cluster][0m
[Round 60] Client contributions:
  Client samples: 1,981,913 (weight: 0.7290)
  Client samples: 727,504 (weight: 0.2676)
  Client samples: 9,373 (weight: 0.0034)
[36m(ClientAppActor pid=348353)[0m [Client 1] Class weights (smoothed): {0: 1.0961313930322947, 1: 0.9038686069677053}[32m [repeated 3x across cluster][0m
[DEBUG] evaluate_metrics_aggregation_fn called with 3 results
[DEBUG] results type: <class 'list'>
[DEBUG] First result type: <class 'tuple'>
[DEBUG] First result length: 2
[DEBUG] results[0][0] type: <class 'int'>
[DEBUG] results[0][1] type: <class 'flwr.app.message.configrecord.ConfigRecord'>
[DEBUG _get_metrics] res_item[1] type: ConfigRecord
[DEBUG _get_metrics] res_item[1] has metrics attr: False
[DEBUG _get_metrics] res_item[1].__dict__: {'_check_key_fn': <function _check_key at 0x7e977efc8900>, '_check_value_fn': <function _check_value at 0x7e97747b89a0>, '_data': {'accuracy': 0.9879852533340454, 'loss': 0.008709409274160862, 'total_samples': 16563, 'actual_attack': 16559, 'actual_normal': 4, 'predicted_attack': 16360, 'predicted_normal': 203, 'true_positives': 16360, 'true_negatives': 4, 'false_positives': 0, 'false_negatives': 199, 'precision': 1.0, 'recall': 0.9879823660849085, 'f1_score': 0.9939548588960783}}
[DEBUG _get_metrics] res_item[1].keys(): ['accuracy', 'loss', 'total_samples', 'actual_attack', 'actual_normal', 'predicted_attack', 'predicted_normal', 'true_positives', 'true_negatives', 'false_positives', 'false_negatives', 'precision', 'recall', 'f1_score']
[DEBUG _get_metrics] Extracted from ConfigRecord._data
[DEBUG _get_metrics] res_item[1] type: ConfigRecord
[DEBUG _get_metrics] res_item[1] has metrics attr: False
[DEBUG _get_metrics] res_item[1].__dict__: {'_check_key_fn': <function _check_key at 0x7e977efc8900>, '_check_value_fn': <function _check_value at 0x7e97747b89a0>, '_data': {'accuracy': 0.9656766653060913, 'loss': 0.010495487600564957, 'total_samples': 206565, 'actual_attack': 28614, 'actual_normal': 177951, 'predicted_attack': 34906, 'predicted_normal': 171659, 'true_positives': 28215, 'true_negatives': 171260, 'false_positives': 6691, 'false_negatives': 399, 'precision': 0.8083137569472297, 'recall': 0.9860557768924303, 'f1_score': 0.8883816120906801}}
[DEBUG _get_metrics] res_item[1].keys(): ['accuracy', 'loss', 'total_samples', 'actual_attack', 'actual_normal', 'predicted_attack', 'predicted_normal', 'true_positives', 'true_negatives', 'false_positives', 'false_negatives', 'precision', 'recall', 'f1_score']
[DEBUG _get_metrics] Extracted from ConfigRecord._data
[DEBUG _get_metrics] res_item[1] type: ConfigRecord
[DEBUG _get_metrics] res_item[1] has metrics attr: False
[DEBUG _get_metrics] res_item[1].__dict__: {'_check_key_fn': <function _check_key at 0x7e977efc8900>, '_check_value_fn': <function _check_value at 0x7e97747b89a0>, '_data': {'accuracy': 0.9629940986633301, 'loss': 0.010762500576674938, 'total_samples': 136681, 'actual_attack': 4456, 'actual_normal': 132225, 'predicted_attack': 9384, 'predicted_normal': 127297, 'true_positives': 4391, 'true_negatives': 127232, 'false_positives': 4993, 'false_negatives': 65, 'precision': 0.467924126172208, 'recall': 0.9854129263913824, 'f1_score': 0.6345375722543353}}
[DEBUG _get_metrics] res_item[1].keys(): ['accuracy', 'loss', 'total_samples', 'actual_attack', 'actual_normal', 'predicted_attack', 'predicted_normal', 'true_positives', 'true_negatives', 'false_positives', 'false_negatives', 'precision', 'recall', 'f1_score'][92mINFO [0m:      
[92mINFO [0m:      [SUMMARY]
[92mINFO [0m:      Run finished 60 round(s) in 9503.39s
[92mINFO [0m:      	History (loss, distributed):
[92mINFO [0m:      		round 1: 0.07231179079761252
[92mINFO [0m:      		round 2: 0.054437854523215715
[92mINFO [0m:      		round 3: 0.040447476126250013
[92mINFO [0m:      		round 4: 0.029208916859737803
[92mINFO [0m:      		round 5: 0.023054295674665787
[92mINFO [0m:      		round 6: 0.02079706821304202
[92mINFO [0m:      		round 7: 0.018994692164410642
[92mINFO [0m:      		round 8: 0.01660936640999465
[92mINFO [0m:      		round 9: 0.014665598517693062
[92mINFO [0m:      		round 10: 0.01283510670667266
[92mINFO [0m:      		round 11: 0.01192008645489417
[92mINFO [0m:      		round 12: 0.011307081249514767
[92mINFO [0m:      		round 13: 0.011091865294224033
[92mINFO [0m:      		round 14: 0.010817358972964174
[92mINFO [0m:      		round 15: 0.010658002095908987
[92mINFO [0m:      		round 16: 0.01072988300888603
[92mINFO [0m:      		round 17: 0.011146825211771872
[92mINFO [0m:      		round 18: 0.011349776657901796
[92mINFO [0m:      		round 19: 0.011440614856940583
[92mINFO [0m:      		round 20: 0.011542860539245964
[92mINFO [0m:      		round 21: 0.01158125567950378
[92mINFO [0m:      		round 22: 0.011508543784889132
[92mINFO [0m:      		round 23: 0.011407860900725807
[92mINFO [0m:      		round 24: 0.01160495379367676
[92mINFO [0m:      		round 25: 0.011804398928432044
[92mINFO [0m:      		round 26: 0.01173768064773673
[92mINFO [0m:      		round 27: 0.011733904997861961
[92mINFO [0m:      		round 28: 0.011469534635995858
[92mINFO [0m:      		round 29: 0.011278973493691625
[92mINFO [0m:      		round 30: 0.011238398914546501
[92mINFO [0m:      		round 31: 0.01135526987053386
[92mINFO [0m:      		round 32: 0.011887325542573931
[92mINFO [0m:      		round 33: 0.012079149465391636
[92mINFO [0m:      		round 34: 0.011819775883155243
[92mINFO [0m:      		round 35: 0.011360030890416907
[92mINFO [0m:      		round 36: 0.011130306640898136
[92mINFO [0m:      		round 37: 0.010825985574279424
[92mINFO [0m:      		round 38: 0.010984635826782668
[92mINFO [0m:      		round 39: 0.011238565214226238
[92mINFO [0m:      		round 40: 0.011927991486810239
[92mINFO [0m:      		round 41: 0.012205731295430625
[92mINFO [0m:      		round 42: 0.012304511592350107
[92mINFO [0m:      		round 43: 0.011929874954694228
[92mINFO [0m:      		round 44: 0.011428409913309331
[92mINFO [0m:      		round 45: 0.01111724294482411
[92mINFO [0m:      		round 46: 0.011085981310172278
[92mINFO [0m:      		round 47: 0.01113521999547817
[92mINFO [0m:      		round 48: 0.011244660090871337
[92mINFO [0m:      		round 49: 0.01147368773550566
[92mINFO [0m:      		round 50: 0.011932224289638652
[92mINFO [0m:      		round 51: 0.012167014634117884
[92mINFO [0m:      		round 52: 0.012367984346262134
[92mINFO [0m:      		round 53: 0.012610358378636478
[92mINFO [0m:      		round 54: 0.012554818904393987
[92mINFO [0m:      		round 55: 0.01250386774771649
[92mINFO [0m:      		round 56: 0.011738603453489026
[92mINFO [0m:      		round 57: 0.011642271723653933
[92mINFO [0m:      		round 58: 0.01080033338792546
[92mINFO [0m:      		round 59: 0.010502600879637685
[92mINFO [0m:      		round 60: 0.010514699975095491
[92mINFO [0m:      	History (metrics, distributed, evaluate):
[92mINFO [0m:      	{'accuracy': [(1, 0.8125230520963669),
[92mINFO [0m:      	              (2, 0.8174450919032097),
[92mINFO [0m:      	              (3, 0.8117347657680511),
[92mINFO [0m:      	              (4, 0.8653525114059448),
[92mINFO [0m:      	              (5, 0.8855976462364197),
[92mINFO [0m:      	              (6, 0.8933380842208862),
[92mINFO [0m:      	              (7, 0.8862693309783936),
[92mINFO [0m:      	              (8, 0.8925450146198273),
[92mINFO [0m:      	              (9, 0.9197240322828293),
[92mINFO [0m:      	              (10, 0.9323149770498276),
[92mINFO [0m:      	              (11, 0.9583788514137268),
[92mINFO [0m:      	              (12, 0.9661158919334412),
[92mINFO [0m:      	              (13, 0.9697891026735306),
[92mINFO [0m:      	              (14, 0.9707157015800476),
[92mINFO [0m:      	              (15, 0.9720409214496613),
[92mINFO [0m:      	              (16, 0.9685181379318237),
[92mINFO [0m:      	              (17, 0.9675631523132324),
[92mINFO [0m:      	              (18, 0.9674872756004333),
[92mINFO [0m:      	              (19, 0.9675520807504654),
[92mINFO [0m:      	              (20, 0.9673688411712646),
[92mINFO [0m:      	              (21, 0.9672611057758331),
[92mINFO [0m:      	              (22, 0.9669079035520554),
[92mINFO [0m:      	              (23, 0.9668208509683609),
[92mINFO [0m:      	              (24, 0.966825008392334),
[92mINFO [0m:      	              (25, 0.966738298535347),
[92mINFO [0m:      	              (26, 0.9669011384248734),
[92mINFO [0m:      	              (27, 0.9667986333370209),
[92mINFO [0m:      	              (28, 0.9667554944753647),
[92mINFO [0m:      	              (29, 0.9670455306768417),
[92mINFO [0m:      	              (30, 0.9676544964313507),
[92mINFO [0m:      	              (31, 0.9676791578531265),
[92mINFO [0m:      	              (32, 0.9670249223709106),
[92mINFO [0m:      	              (33, 0.9671356230974197),
[92mINFO [0m:      	              (34, 0.967628538608551),
[92mINFO [0m:      	              (35, 0.9681815057992935),
[92mINFO [0m:      	              (36, 0.9684405624866486),
[92mINFO [0m:      	              (37, 0.9698992818593979),
[92mINFO [0m:      	              (38, 0.9720287919044495),
[92mINFO [0m:      	              (39, 0.9722199141979218),
[92mINFO [0m:      	              (40, 0.9695468246936798),
[92mINFO [0m:      	              (41, 0.9682891219854355),
[92mINFO [0m:      	              (42, 0.9680697023868561),
[92mINFO [0m:      	              (43, 0.9685869514942169),
[92mINFO [0m:      	              (44, 0.968870609998703),
[92mINFO [0m:      	              (45, 0.9690916687250137),
[92mINFO [0m:      	              (46, 0.9691848903894424),
[92mINFO [0m:      	              (47, 0.9692448824644089),
[92mINFO [0m:      	              (48, 0.9708924144506454),
[92mINFO [0m:      	              (49, 0.9600983411073685),
[92mINFO [0m:      	              (50, 0.9591464400291443),
[92mINFO [0m:      	              (51, 0.9586912840604782),
[92mINFO [0m:      	              (52, 0.959735170006752),
[92mINFO [0m:      	              (53, 0.9594617287317911),
[92mINFO [0m:      	              (54, 0.9601218303044637),
[92mINFO [0m:      	              (55, 0.959375242392222),
[92mINFO [0m:      	              (56, 0.9630591869354248),
[92mINFO [0m:      	              (57, 0.9633135994275411),
[92mINFO [0m:      	              (58, 0.971663216749827),
[92mINFO [0m:      	              (59, 0.9721117615699768),
[92mINFO [0m:      	              (60, 0.9722186724344889)],
[92mINFO [0m:      	 'actual_attack': [(1, 16559),
[92mINFO [0m:      	                   (2, 16559),
[92mINFO [0m:      	                   (3, 4456),
[92mINFO [0m:      	                   (4, 35544),
[92mINFO [0m:      	                   (5, 16559),
[92mINFO [0m:      	                   (6, 4456),
[92mINFO [0m:      	                   (7, 35544),
[92mINFO [0m:      	                   (8, 35544),
[92mINFO [0m:      	                   (9, 4456),
[92mINFO [0m:      	                   (10, 4456),
[92mINFO [0m:      	                   (11, 4456),
[92mINFO [0m:      	                   (12, 16559),
[92mINFO [0m:      	                   (13, 4456),
[92mINFO [0m:      	                   (14, 4456),
[92mINFO [0m:      	                   (15, 16559),
[92mINFO [0m:      	                   (16, 28614),
[92mINFO [0m:      	                   (17, 35544),
[92mINFO [0m:      	                   (18, 35544),
[92mINFO [0m:      	                   (19, 16559),
[92mINFO [0m:      	                   (20, 35544),
[92mINFO [0m:      	                   (21, 16559),
[92mINFO [0m:      	                   (22, 35544),
[92mINFO [0m:      	                   (23, 35544),
[92mINFO [0m:      	                   (24, 35544),
[92mINFO [0m:      	                   (25, 35544),
[92mINFO [0m:      	                   (26, 16559),
[92mINFO [0m:      	                   (27, 4456),
[92mINFO [0m:      	                   (28, 16559),
[92mINFO [0m:      	                   (29, 28614),
[92mINFO [0m:      	                   (30, 4456),
[92mINFO [0m:      	                   (31, 4456),
[92mINFO [0m:      	                   (32, 35544),
[92mINFO [0m:      	                   (33, 35544),
[92mINFO [0m:      	                   (34, 35544),
[92mINFO [0m:      	                   (35, 28614),
[92mINFO [0m:      	                   (36, 28614),
[92mINFO [0m:      	                   (37, 28614),
[92mINFO [0m:      	                   (38, 4456),
[92mINFO [0m:      	                   (39, 28614),
[92mINFO [0m:      	                   (40, 16559),
[92mINFO [0m:      	                   (41, 16559),
[92mINFO [0m:      	                   (42, 35544),
[92mINFO [0m:      	                   (43, 16559),
[92mINFO [0m:      	                   (44, 4456),
[92mINFO [0m:      	                   (45, 35544),
[92mINFO [0m:      	                   (46, 16559),
[92mINFO [0m:      	                   (47, 16559),
[92mINFO [0m:      	                   (48, 35544),
[92mINFO [0m:      	                   (49, 28614),
[92mINFO [0m:      	                   (50, 4456),
[92mINFO [0m:      	                   (51, 35544),
[92mINFO [0m:      	                   (52, 35544),
[92mINFO [0m:      	                   (53, 4456),
[92mINFO [0m:      	                   (54, 4456),
[92mINFO [0m:      	                   (55, 28614),
[92mINFO [0m:      	                   (56, 16559),
[92mINFO [0m:      	                   (57, 4456),
[92mINFO [0m:      	                   (58, 16559),
[92mINFO [0m:      	                   (59, 16559),
[92mINFO [0m:      	                   (60, 16559)],
[92mINFO [0m:      	 'actual_normal': [(1, 4),
[92mINFO [0m:      	                   (2, 4),
[92mINFO [0m:      	                   (3, 132225),
[92mINFO [0m:      	                   (4, 104556),
[92mINFO [0m:      	                   (5, 4),
[92mINFO [0m:      	                   (6, 132225),
[92mINFO [0m:      	                   (7, 104556),
[92mINFO [0m:      	                   (8, 104556),
[92mINFO [0m:      	                   (9, 132225),
[92mINFO [0m:      	                   (10, 132225),
[92mINFO [0m:      	                   (11, 132225),
[92mINFO [0m:      	                   (12, 4),
[92mINFO [0m:      	                   (13, 132225),
[92mINFO [0m:      	                   (14, 132225),
[92mINFO [0m:      	                   (15, 4),
[92mINFO [0m:      	                   (16, 177951),
[92mINFO [0m:      	                   (17, 104556),
[92mINFO [0m:      	                   (18, 104556),
[92mINFO [0m:      	                   (19, 4),
[92mINFO [0m:      	                   (20, 104556),
[92mINFO [0m:      	                   (21, 4),
[92mINFO [0m:      	                   (22, 104556),
[92mINFO [0m:      	                   (23, 104556),
[92mINFO [0m:      	                   (24, 104556),
[92mINFO [0m:      	                   (25, 104556),
[92mINFO [0m:      	                   (26, 4),
[92mINFO [0m:      	                   (27, 132225),
[92mINFO [0m:      	                   (28, 4),
[92mINFO [0m:      	                   (29, 177951),
[92mINFO [0m:      	                   (30, 132225),
[92mINFO [0m:      	                   (31, 132225),
[92mINFO [0m:      	                   (32, 104556),
[92mINFO [0m:      	                   (33, 104556),
[92mINFO [0m:      	                   (34, 104556),
[92mINFO [0m:      	                   (35, 177951),
[92mINFO [0m:      	                   (36, 177951),
[92mINFO [0m:      	                   (37, 177951),
[92mINFO [0m:      	                   (38, 132225),
[92mINFO [0m:      	                   (39, 177951),
[92mINFO [0m:      	                   (40, 4),
[92mINFO [0m:      	                   (41, 4),
[92mINFO [0m:      	                   (42, 104556),
[92mINFO [0m:      	                   (43, 4),
[92mINFO [0m:      	                   (44, 132225),
[92mINFO [0m:      	                   (45, 104556),
[92mINFO [0m:      	                   (46, 4),
[92mINFO [0m:      	                   (47, 4),
[92mINFO [0m:      	                   (48, 104556),
[92mINFO [0m:      	                   (49, 177951),
[92mINFO [0m:      	                   (50, 132225),
[92mINFO [0m:      	                   (51, 104556),
[92mINFO [0m:      	                   (52, 104556),
[92mINFO [0m:      	                   (53, 132225),
[92mINFO [0m:      	                   (54, 132225),
[92mINFO [0m:      	                   (55, 177951),
[92mINFO [0m:      	                   (56, 4),
[92mINFO [0m:      	                   (57, 132225),
[92mINFO [0m:      	                   (58, 4),
[92mINFO [0m:      	                   (59, 4),
[92mINFO [0m:      	                   (60, 4)],
[92mINFO [0m:      	 'f1_score': [(1, 0.6372075933260348),
[92mINFO [0m:      	              (2, 0.6565253175670549),
[92mINFO [0m:      	              (3, 0.6418825440952883),
[92mINFO [0m:      	              (4, 0.765942849391491),
[92mINFO [0m:      	              (5, 0.8080415151056859),
[92mINFO [0m:      	              (6, 0.822786888506976),
[92mINFO [0m:      	              (7, 0.8088206005573255),
[92mINFO [0m:      	              (8, 0.8165204736158467),
[92mINFO [0m:      	              (9, 0.8629741220301914),
[92mINFO [0m:      	              (10, 0.8781209936982659),
[92mINFO [0m:      	              (11, 0.879303358569978),
[92mINFO [0m:      	              (12, 0.8674812053710764),
[92mINFO [0m:      	              (13, 0.8717095449169752),
[92mINFO [0m:      	              (14, 0.8728369389435431),
[92mINFO [0m:      	              (15, 0.8700168132629071),
[92mINFO [0m:      	              (16, 0.8555257961874971),
[92mINFO [0m:      	              (17, 0.8517045221380874),
[92mINFO [0m:      	              (18, 0.8517597136401649),
[92mINFO [0m:      	              (19, 0.852147048737504),
[92mINFO [0m:      	              (20, 0.8510653184670521),
[92mINFO [0m:      	              (21, 0.85036593604617),
[92mINFO [0m:      	              (22, 0.8491537115585368),
[92mINFO [0m:      	              (23, 0.8492308670043922),
[92mINFO [0m:      	              (24, 0.8493235319839485),
[92mINFO [0m:      	              (25, 0.8489474580155529),
[92mINFO [0m:      	              (26, 0.8492668594637219),
[92mINFO [0m:      	              (27, 0.8490205827146349),
[92mINFO [0m:      	              (28, 0.8495000401465871),
[92mINFO [0m:      	              (29, 0.8507395849865929),
[92mINFO [0m:      	              (30, 0.8525886328880397),
[92mINFO [0m:      	              (31, 0.8525211836319637),
[92mINFO [0m:      	              (32, 0.8500641165935625),
[92mINFO [0m:      	              (33, 0.8502848409313543),
[92mINFO [0m:      	              (34, 0.8515039537080334),
[92mINFO [0m:      	              (35, 0.8535812325861977),
[92mINFO [0m:      	              (36, 0.8546394505462462),
[92mINFO [0m:      	              (37, 0.860132508559743),
[92mINFO [0m:      	              (38, 0.8689484940761726),
[92mINFO [0m:      	              (39, 0.8695417848900945),
[92mINFO [0m:      	              (40, 0.8588096893310535),
[92mINFO [0m:      	              (41, 0.8542239910484133),
[92mINFO [0m:      	              (42, 0.8532513884312259),
[92mINFO [0m:      	              (43, 0.8550966787802143),
[92mINFO [0m:      	              (44, 0.856221837591375),
[92mINFO [0m:      	              (45, 0.8569222197666762),
[92mINFO [0m:      	              (46, 0.8571047660819667),
[92mINFO [0m:      	              (47, 0.857198961916559),
[92mINFO [0m:      	              (48, 0.8675066114354294),
[92mINFO [0m:      	              (49, 0.8660943765569848),
[92mINFO [0m:      	              (50, 0.8655649684669282),
[92mINFO [0m:      	              (51, 0.8654198225147713),
[92mINFO [0m:      	              (52, 0.8664460797446168),
[92mINFO [0m:      	              (53, 0.8463948334976655),
[92mINFO [0m:      	              (54, 0.8464533904501107),
[92mINFO [0m:      	              (55, 0.8471791394368487),
[92mINFO [0m:      	              (56, 0.850919902699049),
[92mINFO [0m:      	              (57, 0.8523422284347041),
[92mINFO [0m:      	              (58, 0.8360378423275452),
[92mINFO [0m:      	              (59, 0.8385071537458281),
[92mINFO [0m:      	              (60, 0.838958014413698)],
[92mINFO [0m:      	 'false_negatives': [(1, 8652),
[92mINFO [0m:      	                     (2, 8494),
[92mINFO [0m:      	                     (3, 2330),
[92mINFO [0m:      	                     (4, 13479),
[92mINFO [0m:      	                     (5, 5320),
[92mINFO [0m:      	                     (6, 1348),
[92mINFO [0m:      	                     (7, 11333),
[92mINFO [0m:      	                     (8, 10635),
[92mINFO [0m:      	                     (9, 1017),
[92mINFO [0m:      	                     (10, 822),
[92mINFO [0m:      	                     (11, 399),
[92mINFO [0m:      	                     (12, 631),
[92mINFO [0m:      	                     (13, 130),
[92mINFO [0m:      	                     (14, 112),
[92mINFO [0m:      	                     (15, 252),
[92mINFO [0m:      	                     (16, 450),
[92mINFO [0m:      	                     (17, 547),
[92mINFO [0m:      	                     (18, 554),
[92mINFO [0m:      	                     (19, 235),
[92mINFO [0m:      	                     (20, 537),
[92mINFO [0m:      	                     (21, 222),
[92mINFO [0m:      	                     (22, 528),
[92mINFO [0m:      	                     (23, 548),
[92mINFO [0m:      	                     (24, 549),
[92mINFO [0m:      	                     (25, 551),
[92mINFO [0m:      	                     (26, 227),
[92mINFO [0m:      	                     (27, 73),
[92mINFO [0m:      	                     (28, 243),
[92mINFO [0m:      	                     (29, 470),
[92mINFO [0m:      	                     (30, 76),
[92mINFO [0m:      	                     (31, 75),
[92mINFO [0m:      	                     (32, 567),
[92mINFO [0m:      	                     (33, 555),
[92mINFO [0m:      	                     (34, 537),
[92mINFO [0m:      	                     (35, 419),
[92mINFO [0m:      	                     (36, 414),
[92mINFO [0m:      	                     (37, 431),
[92mINFO [0m:      	                     (38, 74),
[92mINFO [0m:      	                     (39, 443),
[92mINFO [0m:      	                     (40, 225),
[92mINFO [0m:      	                     (41, 224),
[92mINFO [0m:      	                     (42, 523),
[92mINFO [0m:      	                     (43, 218),
[92mINFO [0m:      	                     (44, 70),
[92mINFO [0m:      	                     (45, 516),
[92mINFO [0m:      	                     (46, 215),
[92mINFO [0m:      	                     (47, 212),
[92mINFO [0m:      	                     (48, 705),
[92mINFO [0m:      	                     (49, 1788),
[92mINFO [0m:      	                     (50, 317),
[92mINFO [0m:      	                     (51, 2427),
[92mINFO [0m:      	                     (52, 2302),
[92mINFO [0m:      	                     (53, 292),
[92mINFO [0m:      	                     (54, 279),
[92mINFO [0m:      	                     (55, 1814),
[92mINFO [0m:      	                     (56, 854),
[92mINFO [0m:      	                     (57, 243),
[92mINFO [0m:      	                     (58, 195),
[92mINFO [0m:      	                     (59, 200),
[92mINFO [0m:      	                     (60, 199)],
[92mINFO [0m:      	 'false_positives': [(1, 0),
[92mINFO [0m:      	                     (2, 0),
[92mINFO [0m:      	                     (3, 2),
[92mINFO [0m:      	                     (4, 5),
[92mINFO [0m:      	                     (5, 0),
[92mINFO [0m:      	                     (6, 40),
[92mINFO [0m:      	                     (7, 33),
[92mINFO [0m:      	                     (8, 155),
[92mINFO [0m:      	                     (9, 340),
[92mINFO [0m:      	                     (10, 635),
[92mINFO [0m:      	                     (11, 2611),
[92mINFO [0m:      	                     (12, 0),
[92mINFO [0m:      	                     (13, 4261),
[92mINFO [0m:      	                     (14, 4291),
[92mINFO [0m:      	                     (15, 0),
[92mINFO [0m:      	                     (16, 7271),
[92mINFO [0m:      	                     (17, 4403),
[92mINFO [0m:      	                     (18, 4393),
[92mINFO [0m:      	                     (19, 0),
[92mINFO [0m:      	                     (20, 4425),
[92mINFO [0m:      	                     (21, 0),
[92mINFO [0m:      	                     (22, 4521),
[92mINFO [0m:      	                     (23, 4506),
[92mINFO [0m:      	                     (24, 4497),
[92mINFO [0m:      	                     (25, 4500),
[92mINFO [0m:      	                     (26, 0),
[92mINFO [0m:      	                     (27, 5833),
[92mINFO [0m:      	                     (28, 0),
[92mINFO [0m:      	                     (29, 7599),
[92mINFO [0m:      	                     (30, 5601),
[92mINFO [0m:      	                     (31, 5613),
[92mINFO [0m:      	                     (32, 4446),
[92mINFO [0m:      	                     (33, 4438),
[92mINFO [0m:      	                     (34, 4394),
[92mINFO [0m:      	                     (35, 7483),
[92mINFO [0m:      	                     (36, 7404),
[92mINFO [0m:      	                     (37, 6945),
[92mINFO [0m:      	                     (38, 4711),
[92mINFO [0m:      	                     (39, 6270),
[92mINFO [0m:      	                     (40, 0),
[92mINFO [0m:      	                     (41, 0),
[92mINFO [0m:      	                     (42, 4341),
[92mINFO [0m:      	                     (43, 0),
[92mINFO [0m:      	                     (44, 5422),
[92mINFO [0m:      	                     (45, 4178),
[92mINFO [0m:      	                     (46, 0),
[92mINFO [0m:      	                     (47, 0),
[92mINFO [0m:      	                     (48, 3624),
[92mINFO [0m:      	                     (49, 4886),
[92mINFO [0m:      	                     (50, 3577),
[92mINFO [0m:      	                     (51, 2773),
[92mINFO [0m:      	                     (52, 2800),
[92mINFO [0m:      	                     (53, 3617),
[92mINFO [0m:      	                     (54, 3667),
[92mINFO [0m:      	                     (55, 4746),
[92mINFO [0m:      	                     (56, 0),
[92mINFO [0m:      	                     (57, 3586),
[92mINFO [0m:      	                     (58, 0),
[92mINFO [0m:      	                     (59, 0),
[92mINFO [0m:      	                     (60, 0)],
[92mINFO [0m:      	 'loss': [(1, 0.069799879565835),
[92mINFO [0m:      	          (2, 0.05619023181498051),
[92mINFO [0m:      	          (3, 0.04447592608630657),
[92mINFO [0m:      	          (4, 0.03474876517429948),
[92mINFO [0m:      	          (5, 0.029103803914040327),
[92mINFO [0m:      	          (6, 0.026766267139464617),
[92mINFO [0m:      	          (7, 0.025377602316439152),
[92mINFO [0m:      	          (8, 0.022107277065515518),
[92mINFO [0m:      	          (9, 0.01944465097039938),
[92mINFO [0m:      	          (10, 0.01675614295527339),
[92mINFO [0m:      	          (11, 0.014930725330486894),
[92mINFO [0m:      	          (12, 0.013299582526087761),
[92mINFO [0m:      	          (13, 0.01220150338485837),
[92mINFO [0m:      	          (14, 0.011599952355027199),
[92mINFO [0m:      	          (15, 0.010995680699124932),
[92mINFO [0m:      	          (16, 0.010636534309014678),
[92mINFO [0m:      	          (17, 0.010737283620983362),
[92mINFO [0m:      	          (18, 0.010977042140439153),
[92mINFO [0m:      	          (19, 0.010967176174744964),
[92mINFO [0m:      	          (20, 0.010927276453003287),
[92mINFO [0m:      	          (21, 0.010939697502180934),
[92mINFO [0m:      	          (22, 0.01095126778818667),
[92mINFO [0m:      	          (23, 0.010994055308401585),
[92mINFO [0m:      	          (24, 0.011165384203195572),
[92mINFO [0m:      	          (25, 0.011188605101779103),
[92mINFO [0m:      	          (26, 0.011056047165766358),
[92mINFO [0m:      	          (27, 0.011127505451440811),
[92mINFO [0m:      	          (28, 0.011109159560874104),
[92mINFO [0m:      	          (29, 0.010949714109301567),
[92mINFO [0m:      	          (30, 0.010850261896848679),
[92mINFO [0m:      	          (31, 0.01081051491200924),
[92mINFO [0m:      	          (32, 0.01114852400496602),
[92mINFO [0m:      	          (33, 0.01119395554997027),
[92mINFO [0m:      	          (34, 0.010943589732050896),
[92mINFO [0m:      	          (35, 0.010499781230464578),
[92mINFO [0m:      	          (36, 0.010415252763777971),
[92mINFO [0m:      	          (37, 0.0102314711548388),
[92mINFO [0m:      	          (38, 0.010285982629284263),
[92mINFO [0m:      	          (39, 0.010430073947645724),
[92mINFO [0m:      	          (40, 0.010886217118240893),
[92mINFO [0m:      	          (41, 0.011057311436161399),
[92mINFO [0m:      	          (42, 0.011121262796223164),
[92mINFO [0m:      	          (43, 0.010901378351263702),
[92mINFO [0m:      	          (44, 0.01059460686519742),
[92mINFO [0m:      	          (45, 0.01037087943404913),
[92mINFO [0m:      	          (46, 0.010381350992247462),
[92mINFO [0m:      	          (47, 0.010499468073248863),
[92mINFO [0m:      	          (48, 0.01065589115023613),
[92mINFO [0m:      	          (49, 0.011052191024646163),
[92mINFO [0m:      	          (50, 0.011496865889057517),
[92mINFO [0m:      	          (51, 0.01174231106415391),
[92mINFO [0m:      	          (52, 0.011774586513638496),
[92mINFO [0m:      	          (53, 0.011676930201550325),
[92mINFO [0m:      	          (54, 0.01166271511465311),
[92mINFO [0m:      	          (55, 0.01168155080328385),
[92mINFO [0m:      	          (56, 0.01088246734191974),
[92mINFO [0m:      	          (57, 0.010819936481614908),
[92mINFO [0m:      	          (58, 0.010056682551900545),
[92mINFO [0m:      	          (59, 0.00989085373779138),
[92mINFO [0m:      	          (60, 0.009989132483800253)],
[92mINFO [0m:      	 'precision': [(1, 0.9510644278793535),
[92mINFO [0m:      	               (2, 0.9988430722966879),
[92mINFO [0m:      	               (3, 0.9996795961485685),
[92mINFO [0m:      	               (4, 0.9995864396019011),
[92mINFO [0m:      	               (5, 0.9995936622996622),
[92mINFO [0m:      	               (6, 0.9958138835447167),
[92mINFO [0m:      	               (7, 0.9954527923899661),
[92mINFO [0m:      	               (8, 0.9797580332761855),
[92mINFO [0m:      	               (9, 0.9697190523786337),
[92mINFO [0m:      	               (10, 0.9494698144099134),
[92mINFO [0m:      	               (11, 0.8586319080033418),
[92mINFO [0m:      	               (12, 0.8127940846154607),
[92mINFO [0m:      	               (13, 0.8115906876165733),
[92mINFO [0m:      	               (14, 0.8112361314955947),
[92mINFO [0m:      	               (15, 0.803090832400693),
[92mINFO [0m:      	               (16, 0.7832478614704161),
[92mINFO [0m:      	               (17, 0.7781400163398743),
[92mINFO [0m:      	               (18, 0.7783739403166169),
[92mINFO [0m:      	               (19, 0.7788519596046694),
[92mINFO [0m:      	               (20, 0.7772662513162457),
[92mINFO [0m:      	               (21, 0.7762191749765471),
[92mINFO [0m:      	               (22, 0.7746114272755867),
[92mINFO [0m:      	               (23, 0.7749753008078422),
[92mINFO [0m:      	               (24, 0.7751859239791852),
[92mINFO [0m:      	               (25, 0.774705022544681),
[92mINFO [0m:      	               (26, 0.7750249309048765),
[92mINFO [0m:      	               (27, 0.7747408010358446),
[92mINFO [0m:      	               (28, 0.7757463497379219),
[92mINFO [0m:      	               (29, 0.7774225851603516),
[92mINFO [0m:      	               (30, 0.7795983536031496),
[92mINFO [0m:      	               (31, 0.7794524341741962),
[92mINFO [0m:      	               (32, 0.7762585210929634),
[92mINFO [0m:      	               (33, 0.7764195031687906),
[92mINFO [0m:      	               (34, 0.7777424083210015),
[92mINFO [0m:      	               (35, 0.7801822687589705),
[92mINFO [0m:      	               (36, 0.7815536169937345),
[92mINFO [0m:      	               (37, 0.7890538037086616),
[92mINFO [0m:      	               (38, 0.8010798779090064),
[92mINFO [0m:      	               (39, 0.8018506578598387),
[92mINFO [0m:      	               (40, 0.7874377652119519),
[92mINFO [0m:      	               (41, 0.7812352979305316),
[92mINFO [0m:      	               (42, 0.7798475715272566),
[92mINFO [0m:      	               (43, 0.7822056021258794),
[92mINFO [0m:      	               (44, 0.7837115844533935),
[92mINFO [0m:      	               (45, 0.7845830692364577),
[92mINFO [0m:      	               (46, 0.7847349065344651),
[92mINFO [0m:      	               (47, 0.7848127317800702),
[92mINFO [0m:      	               (48, 0.8012926606174273),
[92mINFO [0m:      	               (49, 0.8248849214174632),
[92mINFO [0m:      	               (50, 0.8264825298943661),
[92mINFO [0m:      	               (51, 0.8275987230359744),
[92mINFO [0m:      	               (52, 0.8265675218756785),
[92mINFO [0m:      	               (53, 0.7940179063804359),
[92mINFO [0m:      	               (54, 0.7929667190570493),
[92mINFO [0m:      	               (55, 0.7958952945313027),
[92mINFO [0m:      	               (56, 0.7947042224517681),
[92mINFO [0m:      	               (57, 0.7966682217335207),
[92mINFO [0m:      	               (58, 0.7549827434693034),
[92mINFO [0m:      	               (59, 0.7582222037770365),
[92mINFO [0m:      	               (60, 0.7587459610398127)],
[92mINFO [0m:      	 'predicted_attack': [(1, 7907),
[92mINFO [0m:      	                      (2, 8065),
[92mINFO [0m:      	                      (3, 2128),
[92mINFO [0m:      	                      (4, 22070),
[92mINFO [0m:      	                      (5, 11239),
[92mINFO [0m:      	                      (6, 3148),
[92mINFO [0m:      	                      (7, 24244),
[92mINFO [0m:      	                      (8, 25064),
[92mINFO [0m:      	                      (9, 3779),
[92mINFO [0m:      	                      (10, 4269),
[92mINFO [0m:      	                      (11, 6668),
[92mINFO [0m:      	                      (12, 15928),
[92mINFO [0m:      	                      (13, 8587),
[92mINFO [0m:      	                      (14, 8635),
[92mINFO [0m:      	                      (15, 16307),
[92mINFO [0m:      	                      (16, 35435),
[92mINFO [0m:      	                      (17, 39400),
[92mINFO [0m:      	                      (18, 39383),
[92mINFO [0m:      	                      (19, 16324),
[92mINFO [0m:      	                      (20, 39432),
[92mINFO [0m:      	                      (21, 16337),
[92mINFO [0m:      	                      (22, 39537),
[92mINFO [0m:      	                      (23, 39502),
[92mINFO [0m:      	                      (24, 39492),
[92mINFO [0m:      	                      (25, 39493),
[92mINFO [0m:      	                      (26, 16332),
[92mINFO [0m:      	                      (27, 10216),
[92mINFO [0m:      	                      (28, 16316),
[92mINFO [0m:      	                      (29, 35743),
[92mINFO [0m:      	                      (30, 9981),
[92mINFO [0m:      	                      (31, 9994),
[92mINFO [0m:      	                      (32, 39423),
[92mINFO [0m:      	                      (33, 39427),
[92mINFO [0m:      	                      (34, 39401),
[92mINFO [0m:      	                      (35, 35678),
[92mINFO [0m:      	                      (36, 35604),
[92mINFO [0m:      	                      (37, 35128),
[92mINFO [0m:      	                      (38, 9093),
[92mINFO [0m:      	                      (39, 34441),
[92mINFO [0m:      	                      (40, 16334),
[92mINFO [0m:      	                      (41, 16335),
[92mINFO [0m:      	                      (42, 39362),
[92mINFO [0m:      	                      (43, 16341),
[92mINFO [0m:      	                      (44, 9808),
[92mINFO [0m:      	                      (45, 39206),
[92mINFO [0m:      	                      (46, 16344),
[92mINFO [0m:      	                      (47, 16347),
[92mINFO [0m:      	                      (48, 38463),
[92mINFO [0m:      	                      (49, 31712),
[92mINFO [0m:      	                      (50, 7716),
[92mINFO [0m:      	                      (51, 35890),
[92mINFO [0m:      	                      (52, 36042),
[92mINFO [0m:      	                      (53, 7781),
[92mINFO [0m:      	                      (54, 7844),
[92mINFO [0m:      	                      (55, 31546),
[92mINFO [0m:      	                      (56, 15705),
[92mINFO [0m:      	                      (57, 7799),
[92mINFO [0m:      	                      (58, 16364),
[92mINFO [0m:      	                      (59, 16359),
[92mINFO [0m:      	                      (60, 16360)],
[92mINFO [0m:      	 'predicted_normal': [(1, 8656),
[92mINFO [0m:      	                      (2, 8498),
[92mINFO [0m:      	                      (3, 134553),
[92mINFO [0m:      	                      (4, 118030),
[92mINFO [0m:      	                      (5, 5324),
[92mINFO [0m:      	                      (6, 133533),
[92mINFO [0m:      	                      (7, 115856),
[92mINFO [0m:      	                      (8, 115036),
[92mINFO [0m:      	                      (9, 132902),
[92mINFO [0m:      	                      (10, 132412),
[92mINFO [0m:      	                      (11, 130013),
[92mINFO [0m:      	                      (12, 635),
[92mINFO [0m:      	                      (13, 128094),
[92mINFO [0m:      	                      (14, 128046),
[92mINFO [0m:      	                      (15, 256),
[92mINFO [0m:      	                      (16, 171130),
[92mINFO [0m:      	                      (17, 100700),
[92mINFO [0m:      	                      (18, 100717),
[92mINFO [0m:      	                      (19, 239),
[92mINFO [0m:      	                      (20, 100668),
[92mINFO [0m:      	                      (21, 226),
[92mINFO [0m:      	                      (22, 100563),
[92mINFO [0m:      	                      (23, 100598),
[92mINFO [0m:      	                      (24, 100608),
[92mINFO [0m:      	                      (25, 100607),
[92mINFO [0m:      	                      (26, 231),
[92mINFO [0m:      	                      (27, 126465),
[92mINFO [0m:      	                      (28, 247),
[92mINFO [0m:      	                      (29, 170822),
[92mINFO [0m:      	                      (30, 126700),
[92mINFO [0m:      	                      (31, 126687),
[92mINFO [0m:      	                      (32, 100677),
[92mINFO [0m:      	                      (33, 100673),
[92mINFO [0m:      	                      (34, 100699),
[92mINFO [0m:      	                      (35, 170887),
[92mINFO [0m:      	                      (36, 170961),
[92mINFO [0m:      	                      (37, 171437),
[92mINFO [0m:      	                      (38, 127588),
[92mINFO [0m:      	                      (39, 172124),
[92mINFO [0m:      	                      (40, 229),
[92mINFO [0m:      	                      (41, 228),
[92mINFO [0m:      	                      (42, 100738),
[92mINFO [0m:      	                      (43, 222),
[92mINFO [0m:      	                      (44, 126873),
[92mINFO [0m:      	                      (45, 100894),
[92mINFO [0m:      	                      (46, 219),
[92mINFO [0m:      	                      (47, 216),
[92mINFO [0m:      	                      (48, 101637),
[92mINFO [0m:      	                      (49, 174853),
[92mINFO [0m:      	                      (50, 128965),
[92mINFO [0m:      	                      (51, 104210),
[92mINFO [0m:      	                      (52, 104058),
[92mINFO [0m:      	                      (53, 128900),
[92mINFO [0m:      	                      (54, 128837),
[92mINFO [0m:      	                      (55, 175019),
[92mINFO [0m:      	                      (56, 858),
[92mINFO [0m:      	                      (57, 128882),
[92mINFO [0m:      	                      (58, 199),
[92mINFO [0m:      	                      (59, 204),
[92mINFO [0m:      	                      (60, 203)],
[92mINFO [0m:      	 'recall': [(1, 0.4797302447294383),
[92mINFO [0m:      	            (2, 0.48895767719018224),
[92mINFO [0m:      	            (3, 0.4727034014340261),
[92mINFO [0m:      	            (4, 0.6208355322740735),
[92mINFO [0m:      	            (5, 0.6781005483445331),
[92mINFO [0m:      	            (6, 0.7009927974863837),
[92mINFO [0m:      	            (7, 0.6811268909482024),
[92mINFO [0m:      	            (8, 0.7000233003236296),
[92mINFO [0m:      	            (9, 0.7777705484566722),
[92mINFO [0m:      	            (10, 0.8181451472890944),
[92mINFO [0m:      	            (11, 0.9160931006787875),
[92mINFO [0m:      	            (12, 0.9596771954968847),
[92mINFO [0m:      	            (13, 0.9721977762670155),
[92mINFO [0m:      	            (14, 0.9756759080086768),
[92mINFO [0m:      	            (15, 0.9833477840789254),
[92mINFO [0m:      	            (16, 0.9844131383001538),
[92mINFO [0m:      	            (17, 0.9847920036203613),
[92mINFO [0m:      	            (18, 0.9843814039519971),
[92mINFO [0m:      	            (19, 0.9843951691472803),
[92mINFO [0m:      	            (20, 0.9848670918468527),
[92mINFO [0m:      	            (21, 0.9851923671901321),
[92mINFO [0m:      	            (22, 0.9853502391500291),
[92mINFO [0m:      	            (23, 0.9847719471116528),
[92mINFO [0m:      	            (24, 0.9846074127270936),
[92mINFO [0m:      	            (25, 0.9845997062034423),
[92mINFO [0m:      	            (26, 0.9847734436043432),
[92mINFO [0m:      	            (27, 0.9847450075842312),
[92mINFO [0m:      	            (28, 0.9840043113125089),
[92mINFO [0m:      	            (29, 0.9838774322291525),
[92mINFO [0m:      	            (30, 0.98415865155171),
[92mINFO [0m:      	            (31, 0.9843282406802841),
[92mINFO [0m:      	            (32, 0.9844881735566726),
[92mINFO [0m:      	            (33, 0.9847139753784616),
[92mINFO [0m:      	            (34, 0.9851464435654831),
[92mINFO [0m:      	            (35, 0.9854992492993289),
[92mINFO [0m:      	            (36, 0.9854295313341107),
[92mINFO [0m:      	            (37, 0.9850590053539344),
[92mINFO [0m:      	            (38, 0.9844746682846693),
[92mINFO [0m:      	            (39, 0.9845024313170292),
[92mINFO [0m:      	            (40, 0.9848140234983476),
[92mINFO [0m:      	            (41, 0.9851306310944516),
[92mINFO [0m:      	            (42, 0.9853769717241431),
[92mINFO [0m:      	            (43, 0.9853527661009651),
[92mINFO [0m:      	            (44, 0.9853541676704478),
[92mINFO [0m:      	            (45, 0.9855236190804363),
[92mINFO [0m:      	            (46, 0.9856434646278937),
[92mINFO [0m:      	            (47, 0.9857149681637167),
[92mINFO [0m:      	            (48, 0.9803295688815299),
[92mINFO [0m:      	            (49, 0.9365449792420745),
[92mINFO [0m:      	            (50, 0.9325296970645514),
[92mINFO [0m:      	            (51, 0.930419388960554),
[92mINFO [0m:      	            (52, 0.9345641198764627),
[92mINFO [0m:      	            (53, 0.9371214608609862),
[92mINFO [0m:      	            (54, 0.9393195341724366),
[92mINFO [0m:      	            (55, 0.9358133403927642),
[92mINFO [0m:      	            (56, 0.9471106468775631),
[92mINFO [0m:      	            (57, 0.9470873482591712),
[92mINFO [0m:      	            (58, 0.9867555085474536),
[92mINFO [0m:      	            (59, 0.9865150666368083),
[92mINFO [0m:      	            (60, 0.9864836897895737)],
[92mINFO [0m:      	 'total_samples': [(1, 16563),
[92mINFO [0m:      	                   (2, 16563),
[92mINFO [0m:      	                   (3, 136681),
[92mINFO [0m:      	                   (4, 140100),
[92mINFO [0m:      	                   (5, 16563),
[92mINFO [0m:      	                   (6, 136681),
[92mINFO [0m:      	                   (7, 140100),
[92mINFO [0m:      	                   (8, 140100),
[92mINFO [0m:      	                   (9, 136681),
[92mINFO [0m:      	                   (10, 136681),
[92mINFO [0m:      	                   (11, 136681),
[92mINFO [0m:      	                   (12, 16563),
[92mINFO [0m:      	                   (13, 136681),
[92mINFO [0m:      	                   (14, 136681),
[92mINFO [0m:      	                   (15, 16563),
[92mINFO [0m:      	                   (16, 206565),
[92mINFO [0m:      	                   (17, 140100),
[92mINFO [0m:      	                   (18, 140100),
[92mINFO [0m:      	                   (19, 16563),
[92mINFO [0m:      	                   (20, 140100),
[92mINFO [0m:      	                   (21, 16563),
[92mINFO [0m:      	                   (22, 140100),
[92mINFO [0m:      	                   (23, 140100),
[92mINFO [0m:      	                   (24, 140100),
[92mINFO [0m:      	                   (25, 140100),
[92mINFO [0m:      	                   (26, 16563),
[92mINFO [0m:      	                   (27, 136681),
[92mINFO [0m:      	                   (28, 16563),
[92mINFO [0m:      	                   (29, 206565),
[92mINFO [0m:      	                   (30, 136681),
[92mINFO [0m:      	                   (31, 136681),
[92mINFO [0m:      	                   (32, 140100),
[92mINFO [0m:      	                   (33, 140100),
[92mINFO [0m:      	                   (34, 140100),
[92mINFO [0m:      	                   (35, 206565),
[92mINFO [0m:      	                   (36, 206565),
[92mINFO [0m:      	                   (37, 206565),
[92mINFO [0m:      	                   (38, 136681),
[92mINFO [0m:      	                   (39, 206565),
[92mINFO [0m:      	                   (40, 16563),
[92mINFO [0m:      	                   (41, 16563),
[92mINFO [0m:      	                   (42, 140100),
[92mINFO [0m:      	                   (43, 16563),
[92mINFO [0m:      	                   (44, 136681),
[92mINFO [0m:      	                   (45, 140100),
[92mINFO [0m:      	                   (46, 16563),
[92mINFO [0m:      	                   (47, 16563),
[92mINFO [0m:      	                   (48, 140100),
[92mINFO [0m:      	                   (49, 206565),
[92mINFO [0m:      	                   (50, 136681),
[92mINFO [0m:      	                   (51, 140100),
[92mINFO [0m:      	                   (52, 140100),
[92mINFO [0m:      	                   (53, 136681),
[92mINFO [0m:      	                   (54, 136681),
[92mINFO [0m:      	                   (55, 206565),
[92mINFO [0m:      	                   (56, 16563),
[92mINFO [0m:      	                   (57, 136681),
[92mINFO [0m:      	                   (58, 16563),
[92mINFO [0m:      	                   (59, 16563),
[92mINFO [0m:      	                   (60, 16563)],
[92mINFO [0m:      	 'true_negatives': [(1, 4),
[92mINFO [0m:      	                    (2, 4),
[92mINFO [0m:      	                    (3, 132223),
[92mINFO [0m:      	                    (4, 104551),
[92mINFO [0m:      	                    (5, 4),
[92mINFO [0m:      	                    (6, 132185),
[92mINFO [0m:      	                    (7, 104523),
[92mINFO [0m:      	                    (8, 104401),
[92mINFO [0m:      	                    (9, 131885),
[92mINFO [0m:      	                    (10, 131590),
[92mINFO [0m:      	                    (11, 129614),
[92mINFO [0m:      	                    (12, 4),
[92mINFO [0m:      	                    (13, 127964),
[92mINFO [0m:      	                    (14, 127934),
[92mINFO [0m:      	                    (15, 4),
[92mINFO [0m:      	                    (16, 170680),
[92mINFO [0m:      	                    (17, 100153),
[92mINFO [0m:      	                    (18, 100163),
[92mINFO [0m:      	                    (19, 4),
[92mINFO [0m:      	                    (20, 100131),
[92mINFO [0m:      	                    (21, 4),
[92mINFO [0m:      	                    (22, 100035),
[92mINFO [0m:      	                    (23, 100050),
[92mINFO [0m:      	                    (24, 100059),
[92mINFO [0m:      	                    (25, 100056),
[92mINFO [0m:      	                    (26, 4),
[92mINFO [0m:      	                    (27, 126392),
[92mINFO [0m:      	                    (28, 4),
[92mINFO [0m:      	                    (29, 170352),
[92mINFO [0m:      	                    (30, 126624),
[92mINFO [0m:      	                    (31, 126612),
[92mINFO [0m:      	                    (32, 100110),
[92mINFO [0m:      	                    (33, 100118),
[92mINFO [0m:      	                    (34, 100162),
[92mINFO [0m:      	                    (35, 170468),
[92mINFO [0m:      	                    (36, 170547),
[92mINFO [0m:      	                    (37, 171006),
[92mINFO [0m:      	                    (38, 127514),
[92mINFO [0m:      	                    (39, 171681),
[92mINFO [0m:      	                    (40, 4),
[92mINFO [0m:      	                    (41, 4),
[92mINFO [0m:      	                    (42, 100215),
[92mINFO [0m:      	                    (43, 4),
[92mINFO [0m:      	                    (44, 126803),
[92mINFO [0m:      	                    (45, 100378),
[92mINFO [0m:      	                    (46, 4),
[92mINFO [0m:      	                    (47, 4),
[92mINFO [0m:      	                    (48, 100932),
[92mINFO [0m:      	                    (49, 173065),
[92mINFO [0m:      	                    (50, 128648),
[92mINFO [0m:      	                    (51, 101783),
[92mINFO [0m:      	                    (52, 101756),
[92mINFO [0m:      	                    (53, 128608),
[92mINFO [0m:      	                    (54, 128558),
[92mINFO [0m:      	                    (55, 173205),
[92mINFO [0m:      	                    (56, 4),
[92mINFO [0m:      	                    (57, 128639),
[92mINFO [0m:      	                    (58, 4),
[92mINFO [0m:      	                    (59, 4),
[92mINFO [0m:      	                    (60, 4)],
[92mINFO [0m:      	 'true_positives': [(1, 7907),
[92mINFO [0m:      	                    (2, 8065),
[92mINFO [0m:      	                    (3, 2126),
[92mINFO [0m:      	                    (4, 22065),
[92mINFO [0m:      	                    (5, 11239),
[92mINFO [0m:      	                    (6, 3108),
[92mINFO [0m:      	                    (7, 24211),
[92mINFO [0m:      	                    (8, 24909),
[92mINFO [0m:      	                    (9, 3439),
[92mINFO [0m:      	                    (10, 3634),
[92mINFO [0m:      	                    (11, 4057),
[92mINFO [0m:      	                    (12, 15928),
[92mINFO [0m:      	                    (13, 4326),
[92mINFO [0m:      	                    (14, 4344),
[92mINFO [0m:      	                    (15, 16307),
[92mINFO [0m:      	                    (16, 28164),
[92mINFO [0m:      	                    (17, 34997),
[92mINFO [0m:      	                    (18, 34990),
[92mINFO [0m:      	                    (19, 16324),
[92mINFO [0m:      	                    (20, 35007),
[92mINFO [0m:      	                    (21, 16337),
[92mINFO [0m:      	                    (22, 35016),
[92mINFO [0m:      	                    (23, 34996),
[92mINFO [0m:      	                    (24, 34995),
[92mINFO [0m:      	                    (25, 34993),
[92mINFO [0m:      	                    (26, 16332),
[92mINFO [0m:      	                    (27, 4383),
[92mINFO [0m:      	                    (28, 16316),
[92mINFO [0m:      	                    (29, 28144),
[92mINFO [0m:      	                    (30, 4380),
[92mINFO [0m:      	                    (31, 4381),
[92mINFO [0m:      	                    (32, 34977),
[92mINFO [0m:      	                    (33, 34989),
[92mINFO [0m:      	                    (34, 35007),
[92mINFO [0m:      	                    (35, 28195),
[92mINFO [0m:      	                    (36, 28200),
[92mINFO [0m:      	                    (37, 28183),
[92mINFO [0m:      	                    (38, 4382),
[92mINFO [0m:      	                    (39, 28171),
[92mINFO [0m:      	                    (40, 16334),
[92mINFO [0m:      	                    (41, 16335),
[92mINFO [0m:      	                    (42, 35021),
[92mINFO [0m:      	                    (43, 16341),
[92mINFO [0m:      	                    (44, 4386),
[92mINFO [0m:      	                    (45, 35028),
[92mINFO [0m:      	                    (46, 16344),
[92mINFO [0m:      	                    (47, 16347),
[92mINFO [0m:      	                    (48, 34839),
[92mINFO [0m:      	                    (49, 26826),
[92mINFO [0m:      	                    (50, 4139),
[92mINFO [0m:      	                    (51, 33117),
[92mINFO [0m:      	                    (52, 33242),
[92mINFO [0m:      	                    (53, 4164),
[92mINFO [0m:      	                    (54, 4177),
[92mINFO [0m:      	                    (55, 26800),
[92mINFO [0m:      	                    (56, 15705),
[92mINFO [0m:      	                    (57, 4213),
[92mINFO [0m:      	                    (58, 16364),
[92mINFO [0m:      	                    (59, 16359),
[92mINFO [0m:      	                    (60, 16360)]}
[92mINFO [0m:      
Saved: outputs/fl_evaluation_report.md
Saved: outputs/fl_evaluation_plot.png

[DEBUG _get_metrics] Extracted from ConfigRecord._data
[DEBUG] Extracted 3 metrics from results

[Evaluation Summary]
============================================================
Round: 60 / 60
Accuracy (mean):  0.9722  (97.22%)
Loss:             0.0100
[Per-Device Accuracy]
  - Device 0:  0.9880  (98.80%)
  - Device 1:  0.9657  (96.57%)
  - Device 2:  0.9630  (96.30%)
  - Device 3:  0.0000  (0.00%)

[Ground Truth]
  - Attack samples: 16559
  - Normal samples: 4
  - Total samples:  16563

[Predictions]
  - Predicted Attack:  16360
  - Predicted Normal:  203

[Confusion Matrix]
  - True Positives (TP):  16360
  - True Negatives (TN):  4
  - False Positives (FP): 0
  - False Negatives (FN): 199

[Metrics]
  - Precision:  0.7587  (75.87%)
  - Recall:     0.9865  (98.65%)
  - F1-Score:   0.8390  (83.90%)
============================================================

[Report] Round-by-round metrics saved:
  - CSV:  /mnt/c/Users/danie/Documents/Projects/TinyML/outputs/fl_evaluation_history.csv  (round, accuracy, device 0~3 accuracy_pct, ...)
  - JSON: /mnt/c/Users/danie/Documents/Projects/TinyML/outputs/fl_evaluation_history.json  (same + per-device for scripts / graphs)
  → Use these to find which round or which device accuracy drops.

[SUCCESS] Saved global model to data/processed/revision/2026-10-03_b_v3_float_cic/non_iid/models/fl_dirichlet_c4.h5

📝 Pipeline summary saved to: outputs/fl_training_summary.txt
   → View this file to see QAT status, metrics, and next steps

[36m(ClientAppActor pid=348355)[0m [Client 0] Class weights (smoothed): {0: 0.0632931029448033, 1: 1.9367068970551966}[32m [repeated 2x across cluster][0m
WARNING: All log messages before absl::InitializeLog() is called are written to STDERR
I0000 00:00:1791102434.361709  347965 port.cc:153] oneDNN custom operations are on. You may see slightly different numerical results due to floating-point round-off errors from different computation orders. To turn them off, set the environment variable `TF_ENABLE_ONEDNN_OPTS=0`.
I0000 00:00:1791102434.364193  347965 cudart_stub.cc:31] Could not find cuda drivers on your machine, GPU will not be used.
I0000 00:00:1791102434.555017  347965 cpu_feature_guard.cc:227] This TensorFlow binary is optimized to use available CPU instructions in performance-critical operations.
To enable the following instructions: AVX2 AVX512F AVX512_VNNI AVX512_BF16 FMA, in other operations, rebuild TensorFlow with the appropriate compiler flags.
WARNING: All log messages before absl::InitializeLog() is called are written to STDERR
I0000 00:00:1791102436.383672  347965 port.cc:153] oneDNN custom operations are on. You may see slightly different numerical results due to floating-point round-off errors from different computation orders. To turn them off, set the environment variable `TF_ENABLE_ONEDNN_OPTS=0`.
I0000 00:00:1791102436.386342  347965 cudart_stub.cc:31] Could not find cuda drivers on your machine, GPU will not be used.
E0000 00:00:1791102437.165637  347965 cuda_executor.cc:1737] INTERNAL: CUDA Runtime error: Failed call to cudaGetRuntimeVersion: Error loading CUDA libraries. GPU will not be used.: Error loading CUDA libraries. GPU will not be used.
W0000 00:00:1791102437.166497  402924 cuda_executor.cc:1755] Failed to determine cuDNN version (Note that this is expected if the application doesn't link the cuDNN plugin): INTERNAL: cuDNN error: CUDNN_STATUS_INTERNAL_ERROR
W0000 00:00:1791102437.196388  347965 gpu_device.cc:2365] Cannot dlopen some GPU libraries. Please make sure the missing libraries mentioned above are installed properly if you would like to use GPU. Follow the guide at https://www.tensorflow.org/install/gpu for how to download and setup the required libraries for your platform.
Skipping registering GPU devices...
[load_cicids2017] data_path=data/raw/CIC-IDS2017
[load_cicids2017] Found 8 CSV files
[load_cicids2017] Loaded 225,745 rows from Friday-WorkingHours-Afternoon-DDos.pcap_ISCX.csv
[load_cicids2017] Loaded 286,467 rows from Friday-WorkingHours-Afternoon-PortScan.pcap_ISCX.csv
[load_cicids2017] Loaded 191,033 rows from Friday-WorkingHours-Morning.pcap_ISCX.csv
[load_cicids2017] Loaded 529,918 rows from Monday-WorkingHours.pcap_ISCX.csv
[load_cicids2017] Loaded 288,602 rows from Thursday-WorkingHours-Afternoon-Infilteration.pcap_ISCX.csv
[load_cicids2017] Loaded 170,366 rows from Thursday-WorkingHours-Morning-WebAttacks.pcap_ISCX.csv
[load_cicids2017] Loaded 445,909 rows from Tuesday-WorkingHours.pcap_ISCX.csv
[load_cicids2017] Loaded 692,703 rows from Wednesday-workingHours.pcap_ISCX.csv
[load_cicids2017] Total samples loaded: 2,830,743
[load_cicids2017] Removed 331,200 duplicates (2,499,543 unique)
[load_cicids2017] Found 15 unique labels
[load_cicids2017] Binary mode: BENIGN=0, ATTACK=1
[load_cicids2017] Label distribution: BENIGN=2073680, ATTACK=425863
[load_cicids2017] Shuffled full pool (random_state=42)
[load_cicids2017] Balanced training set: majority 1658944 -> 1362760 (ratio<=4.0), total=1,703,450
[load_cicids2017] StandardScaler applied (fit on train).
[load_cicids2017] SMOTE applied: train -> 2,725,520 (BENIGN=1,362,760, ATTACK=1,362,760)
[load_cicids2017] Final feature shape: 78 features
[load_cicids2017] Train samples: 2,725,520, Test samples: 499,909

========================================================================
  FL train dirichlet clients=4
  $ /home/danielpark605/tinyml-venv/bin/python -m src.federated.client --config data/processed/revision/2026-10-03_b_v3_float_cic/non_iid/configs/fl_dirichlet_c4.yaml --save-model data/processed/revision/2026-10-03_b_v3_float_cic/non_iid/models/fl_dirichlet_c4.h5
========================================================================

✅ Done: FL train dirichlet clients=4
[load_cicids2017] data_path=data/raw/CIC-IDS2017
[load_cicids2017] Found 8 CSV files
[load_cicids2017] Loaded 225,745 rows from Friday-WorkingHours-Afternoon-DDos.pcap_ISCX.csv
[load_cicids2017] Loaded 286,467 rows from Friday-WorkingHours-Afternoon-PortScan.pcap_ISCX.csv
[load_cicids2017] Loaded 191,033 rows from Friday-WorkingHours-Morning.pcap_ISCX.csv
[load_cicids2017] Loaded 529,918 rows from Monday-WorkingHours.pcap_ISCX.csv
[load_cicids2017] Loaded 288,602 rows from Thursday-WorkingHours-Afternoon-Infilteration.pcap_ISCX.csv
[load_cicids2017] Loaded 170,366 rows from Thursday-WorkingHours-Morning-WebAttacks.pcap_ISCX.csv
[load_cicids2017] Loaded 445,909 rows from Tuesday-WorkingHours.pcap_ISCX.csv
[load_cicids2017] Loaded 692,703 rows from Wednesday-workingHours.pcap_ISCX.csv
[load_cicids2017] Total samples loaded: 2,830,743
[load_cicids2017] Removed 331,200 duplicates (2,499,543 unique)
[load_cicids2017] Found 15 unique labels
[load_cicids2017] Binary mode: BENIGN=0, ATTACK=1
[load_cicids2017] Label distribution: BENIGN=2073680, ATTACK=425863
[load_cicids2017] Shuffled full pool (random_state=42)
[load_cicids2017] Balanced training set: majority 1658944 -> 1362760 (ratio<=4.0), total=1,703,450
[load_cicids2017] StandardScaler applied (fit on train).
[load_cicids2017] SMOTE applied: train -> 2,725,520 (BENIGN=1,362,760, ATTACK=1,362,760)
[load_cicids2017] Final feature shape: 78 features
[load_cicids2017] Train samples: 2,725,520, Test samples: 499,909
✅ Non-IID ablation saved to data/processed/revision/2026-10-03_b_v3_float_cic/non_iid
