{
  "version": "v20",
  "data_version": "cicids2017_max2000k_bal4.0",
  "generated_at": "2026-02-18T08:19:05.432318",
  "results": [
    {
      "stage": "Original",
      "model_path": "models/tflite/saved_model_original.tflite",
      "file_size_bytes": 821632,
      "file_size_mb": 0.7835693359375,
      "parameter_count": 205777,
      "accuracy": 0.9005526713463976,
      "precision": 0.7353573199625324,
      "recall": 0.6871117212974086,
      "f1_score": 0.7104163524579256,
      "precision_normal": 0.9334056549673639,
      "recall_normal": 0.9466242396852798,
      "avg_latency_ms": 2.2194623947143555,
      "min_latency_ms": 2.1576881408691406,
      "max_latency_ms": 2.4979114532470703,
      "samples_per_second": 45055.95600004297,
      "compression_ratio": 1.0
    },
    {
      "stage": "QAT+Prune only",
      "model_path": "models/tflite/saved_model_qat_pruned_float32.tflite",
      "file_size_bytes": 248228,
      "file_size_mb": 0.23672866821289062,
      "parameter_count": 61969,
      "accuracy": 0.6374000682460759,
      "precision": 0.3234555558138994,
      "recall": 0.954968251244208,
      "f1_score": 0.4832353477547263,
      "precision_normal": 0.983199733654314,
      "recall_normal": 0.5688524711617535,
      "avg_latency_ms": 0.8646249771118164,
      "min_latency_ms": 0.8544921875,
      "max_latency_ms": 0.9124279022216797,
      "samples_per_second": 115657.07982903626,
      "compression_ratio": 3.3099892034742253
    },
    {
      "stage": "Compressed (PTQ)",
      "model_path": "models/tflite/saved_model_pruned_quantized.tflite",
      "file_size_bytes": 70920,
      "file_size_mb": 0.06763458251953125,
      "parameter_count": 61969,
      "accuracy": 0.6372903870527444,
      "precision": 0.3234884126154382,
      "recall": 0.9558091642354556,
      "f1_score": 0.48337962159347336,
      "precision_normal": 0.9834993015238315,
      "recall_normal": 0.5685376027026827,
      "avg_latency_ms": 0.5499601364135742,
      "min_latency_ms": 0.5395412445068359,
      "max_latency_ms": 0.6046295166015625,
      "samples_per_second": 181831.3608184853,
      "compression_ratio": 11.585335589396504
    },
    {
      "stage": "QAT+PTQ",
      "model_path": "models/tflite/saved_model_qat_ptq.tflite",
      "file_size_bytes": 70904,
      "file_size_mb": 0.06761932373046875,
      "parameter_count": 61969,
      "accuracy": 0.6372903870527444,
      "precision": 0.3234884126154382,
      "recall": 0.9558091642354556,
      "f1_score": 0.48337962159347336,
      "precision_normal": 0.9834993015238315,
      "recall_normal": 0.5685376027026827,
      "avg_latency_ms": 0.5473136901855469,
      "min_latency_ms": 0.5388259887695312,
      "max_latency_ms": 0.5879402160644531,
      "samples_per_second": 182710.57675553233,
      "compression_ratio": 11.587949904095678
    },
    {
      "stage": "noQAT+PTQ",
      "model_path": "models/tflite/saved_model_no_qat_ptq.tflite",
      "file_size_bytes": 70920,
      "file_size_mb": 0.06763458251953125,
      "parameter_count": 61969,
      "accuracy": 0.8224688017938968,
      "precision": 0.0,
      "recall": 0.0,
      "f1_score": 0.0,
      "precision_normal": 0.8224688017938968,
      "recall_normal": 1.0,
      "avg_latency_ms": 0.5441665649414062,
      "min_latency_ms": 0.5350112915039062,
      "max_latency_ms": 0.591278076171875,
      "samples_per_second": 183767.26253066948,
      "compression_ratio": 11.585335589396504
    }
  ]
}