{
  "version": "v20",
  "data_version": "cicids2017_max2000k_bal4.0",
  "generated_at": "2026-02-15T14:38:27.600682",
  "results": [
    {
      "stage": "Original",
      "model_path": "models/tflite/saved_model_original.tflite",
      "file_size_bytes": 821632,
      "file_size_mb": 0.7835693359375,
      "parameter_count": 205777,
      "accuracy": 0.7100272984303403,
      "precision": 0.3770586824432363,
      "recall": 0.9712545048910245,
      "f1_score": 0.5432268220343051,
      "precision_normal": 0.9905966496002875,
      "recall_normal": 0.6536409906873023,
      "avg_latency_ms": 2.3060083389282227,
      "min_latency_ms": 2.153635025024414,
      "max_latency_ms": 2.966165542602539,
      "samples_per_second": 43364.97761602961,
      "compression_ratio": 1.0
    },
    {
      "stage": "QAT+Prune only",
      "model_path": "models/tflite/saved_model_qat_pruned_float32.tflite",
      "file_size_bytes": 248228,
      "file_size_mb": 0.23672866821289062,
      "parameter_count": 61969,
      "accuracy": 0.8037255045334893,
      "precision": 0.4733504297199889,
      "recall": 0.9376351467307362,
      "f1_score": 0.6291063594597396,
      "precision_normal": 0.9829229323308271,
      "recall_normal": 0.7748208954118109,
      "avg_latency_ms": 0.912785530090332,
      "min_latency_ms": 0.8563995361328125,
      "max_latency_ms": 1.0721683502197266,
      "samples_per_second": 109554.76035000653,
      "compression_ratio": 3.3099892034742253
    },
    {
      "stage": "Compressed (PTQ)",
      "model_path": "models/tflite/saved_model_pruned_quantized.tflite",
      "file_size_bytes": 70920,
      "file_size_mb": 0.06763458251953125,
      "parameter_count": 61969,
      "accuracy": 0.8052579945403139,
      "precision": 0.47536737452579253,
      "recall": 0.935438476059722,
      "f1_score": 0.6303871396767572,
      "precision_normal": 0.982384259150867,
      "recall_normal": 0.7771583306785601,
      "avg_latency_ms": 0.5532264709472656,
      "min_latency_ms": 0.5393028259277344,
      "max_latency_ms": 0.6234645843505859,
      "samples_per_second": 180757.80037924496,
      "compression_ratio": 11.585335589396504
    },
    {
      "stage": "QAT+PTQ",
      "model_path": "models/tflite/saved_model_qat_ptq.tflite",
      "file_size_bytes": 70904,
      "file_size_mb": 0.06761932373046875,
      "parameter_count": 61969,
      "accuracy": 0.8052579945403139,
      "precision": 0.47536737452579253,
      "recall": 0.935438476059722,
      "f1_score": 0.6303871396767572,
      "precision_normal": 0.982384259150867,
      "recall_normal": 0.7771583306785601,
      "avg_latency_ms": 0.5619287490844727,
      "min_latency_ms": 0.537872314453125,
      "max_latency_ms": 0.6916522979736328,
      "samples_per_second": 177958.50481564767,
      "compression_ratio": 11.587949904095678
    },
    {
      "stage": "noQAT+PTQ",
      "model_path": "models/tflite/saved_model_no_qat_ptq.tflite",
      "file_size_bytes": 70920,
      "file_size_mb": 0.06763458251953125,
      "parameter_count": 61969,
      "accuracy": 0.8224688017938968,
      "precision": 0.0,
      "recall": 0.0,
      "f1_score": 0.0,
      "precision_normal": 0.8224688017938968,
      "recall_normal": 1.0,
      "avg_latency_ms": 0.5819559097290039,
      "min_latency_ms": 0.54168701171875,
      "max_latency_ms": 0.7379055023193359,
      "samples_per_second": 171834.32340530131,
      "compression_ratio": 11.585335589396504
    }
  ]
}