{
  "version": "v20",
  "data_version": "cicids2017_max2000k_bal4.0",
  "generated_at": "2026-02-15T13:23:20.113481",
  "results": [
    {
      "stage": "Original",
      "model_path": "models/tflite/saved_model_original.tflite",
      "file_size_bytes": 821632,
      "file_size_mb": 0.7835693359375,
      "parameter_count": 205777,
      "accuracy": 0.9009396022228722,
      "precision": 0.6426545849303232,
      "recall": 0.9956238201475888,
      "f1_score": 0.7811153597587247,
      "precision_normal": 0.9989283462912376,
      "recall_normal": 0.8805018632804107,
      "avg_latency_ms": 2.2329092025756836,
      "min_latency_ms": 2.1762847900390625,
      "max_latency_ms": 2.3012161254882812,
      "samples_per_second": 44784.62441941167,
      "compression_ratio": 1.0
    },
    {
      "stage": "QAT+Prune only",
      "model_path": "models/tflite/saved_model_qat_pruned_float32.tflite",
      "file_size_bytes": 248228,
      "file_size_mb": 0.23672866821289062,
      "parameter_count": 61969,
      "accuracy": 0.8956109242468558,
      "precision": 0.7181938814462037,
      "recall": 0.6780504547794749,
      "f1_score": 0.6975450862000476,
      "precision_normal": 0.9313351219387214,
      "recall_normal": 0.9425716974002978,
      "avg_latency_ms": 0.8772373199462891,
      "min_latency_ms": 0.8649826049804688,
      "max_latency_ms": 0.9496212005615234,
      "samples_per_second": 113994.2381910094,
      "compression_ratio": 3.3099892034742253
    },
    {
      "stage": "Compressed (PTQ)",
      "model_path": "models/tflite/saved_model_pruned_quantized.tflite",
      "file_size_bytes": 70920,
      "file_size_mb": 0.06763458251953125,
      "parameter_count": 61969,
      "accuracy": 0.8962994784049917,
      "precision": 0.7189900413887834,
      "recall": 0.6827012184657628,
      "f1_score": 0.7003758835905246,
      "precision_normal": 0.9322486670697521,
      "recall_normal": 0.9424050023337309,
      "avg_latency_ms": 0.5418777465820312,
      "min_latency_ms": 0.5333423614501953,
      "max_latency_ms": 0.5896091461181641,
      "samples_per_second": 184543.47060894052,
      "compression_ratio": 11.585335589396504
    },
    {
      "stage": "QAT+PTQ",
      "model_path": "models/tflite/saved_model_qat_ptq.tflite",
      "file_size_bytes": 70904,
      "file_size_mb": 0.06761932373046875,
      "parameter_count": 61969,
      "accuracy": 0.8962994784049917,
      "precision": 0.7189900413887834,
      "recall": 0.6827012184657628,
      "f1_score": 0.7003758835905246,
      "precision_normal": 0.9322486670697521,
      "recall_normal": 0.9424050023337309,
      "avg_latency_ms": 0.5410671234130859,
      "min_latency_ms": 0.5323886871337891,
      "max_latency_ms": 0.5946159362792969,
      "samples_per_second": 184819.9524103287,
      "compression_ratio": 11.587949904095678
    },
    {
      "stage": "noQAT+PTQ",
      "model_path": "models/tflite/saved_model_no_qat_ptq.tflite",
      "file_size_bytes": 70920,
      "file_size_mb": 0.06763458251953125,
      "parameter_count": 61969,
      "accuracy": 0.8224688017938968,
      "precision": 0.0,
      "recall": 0.0,
      "f1_score": 0.0,
      "precision_normal": 0.8224688017938968,
      "recall_normal": 1.0,
      "avg_latency_ms": 0.5589962005615234,
      "min_latency_ms": 0.5483627319335938,
      "max_latency_ms": 0.6368160247802734,
      "samples_per_second": 178892.09246779833,
      "compression_ratio": 11.585335589396504
    }
  ]
}