{
  "tag": "no_qat__distill_progressive__prune_10x5__ptq_yes",
  "fl_qat": false,
  "distillation": "progressive",
  "pruning": "prune_10x5",
  "ptq": true,
  "fl_acc": 0.9631612953557548,
  "fl_f1": 0.9010881591526753,
  "fl_prec": 0.8304376664389732,
  "fl_rec": 0.9848778368731875,
  "fl_size_kb": 850.7578125,
  "dist_acc": 0.970378608906821,
  "dist_f1": 0.9190341841086543,
  "prune_acc": 0.9806804838480604,
  "prune_f1": 0.9454097378446512,
  "final_acc": 0.9411732935394241,
  "final_f1": 0.7918724964259932,
  "final_prec": 0.996792873051225,
  "final_rec": 0.6568396087962147,
  "tflite_size_kb": 15.3515625,
  "final_size_kb": 176.90625
}