{
  "version": "v20",
  "data_version": "cicids2017_max2000k_bal4.0",
  "generated_at": "2026-02-14T00:59:32.120916",
  "results": [
    {
      "stage": "Original",
      "model_path": "models/tflite/saved_model_original.tflite",
      "file_size_bytes": 821632,
      "file_size_mb": 0.7835693359375,
      "parameter_count": 205777,
      "accuracy": 0.6711849224919567,
      "precision": 0.2366760354245108,
      "recall": 0.3829586408100223,
      "f1_score": 0.29255022778669987,
      "precision_normal": 0.8463060883392679,
      "recall_normal": 0.7333990235373434,
      "avg_latency_ms": 2.236461639404297,
      "min_latency_ms": 2.1448135375976562,
      "max_latency_ms": 2.6345252990722656,
      "samples_per_second": 44713.48769775276,
      "compression_ratio": 1.0
    },
    {
      "stage": "QAT+Prune only",
      "model_path": "models/tflite/saved_model_qat_pruned_float32.tflite",
      "file_size_bytes": 248228,
      "file_size_mb": 0.23672866821289062,
      "parameter_count": 61969,
      "accuracy": 0.92725394852296,
      "precision": 0.715697710881154,
      "recall": 0.9792174360734511,
      "f1_score": 0.8269719917388311,
      "precision_normal": 0.99512674095268,
      "recall_normal": 0.9160375471376605,
      "avg_latency_ms": 0.862431526184082,
      "min_latency_ms": 0.8432865142822266,
      "max_latency_ms": 0.9515285491943359,
      "samples_per_second": 115951.23434605921,
      "compression_ratio": 3.3099892034742253
    },
    {
      "stage": "Compressed (PTQ)",
      "model_path": "models/tflite/saved_model_pruned_quantized.tflite",
      "file_size_bytes": 70920,
      "file_size_mb": 0.06763458251953125,
      "parameter_count": 61969,
      "accuracy": 0.9268639709466706,
      "precision": 0.7146741513902289,
      "recall": 0.9788227218122533,
      "f1_score": 0.8261477291656105,
      "precision_normal": 0.9950325460817899,
      "recall_normal": 0.9156485919823377,
      "avg_latency_ms": 0.5348920822143555,
      "min_latency_ms": 0.5259513854980469,
      "max_latency_ms": 0.5946159362792969,
      "samples_per_second": 186953.59928682863,
      "compression_ratio": 11.585335589396504
    },
    {
      "stage": "QAT+PTQ",
      "model_path": "models/tflite/saved_model_qat_ptq.tflite",
      "file_size_bytes": 70904,
      "file_size_mb": 0.06761932373046875,
      "parameter_count": 61969,
      "accuracy": 0.9268639709466706,
      "precision": 0.7146741513902289,
      "recall": 0.9788227218122533,
      "f1_score": 0.8261477291656105,
      "precision_normal": 0.9950325460817899,
      "recall_normal": 0.9156485919823377,
      "avg_latency_ms": 0.5438327789306641,
      "min_latency_ms": 0.5340576171875,
      "max_latency_ms": 0.6060600280761719,
      "samples_per_second": 183880.05260850507,
      "compression_ratio": 11.587949904095678
    },
    {
      "stage": "noQAT+PTQ",
      "model_path": "models/tflite/saved_model_no_qat_ptq.tflite",
      "file_size_bytes": 70920,
      "file_size_mb": 0.06763458251953125,
      "parameter_count": 61969,
      "accuracy": 0.8224688017938968,
      "precision": 0.0,
      "recall": 0.0,
      "f1_score": 0.0,
      "precision_normal": 0.8224688017938968,
      "recall_normal": 1.0,
      "avg_latency_ms": 0.5460500717163086,
      "min_latency_ms": 0.5316734313964844,
      "max_latency_ms": 0.6184577941894531,
      "samples_per_second": 183133.3886390429,
      "compression_ratio": 11.585335589396504
    }
  ]
}