{
  "version": "v19",
  "data_version": "cicids2017_max2000k_bal4.0",
  "generated_at": "2026-02-11T07:14:42.319723",
  "results": [
    {
      "stage": "Original",
      "model_path": "models/tflite/saved_model_original.tflite",
      "file_size_bytes": 821632,
      "file_size_mb": 0.7835693359375,
      "parameter_count": 205777,
      "accuracy": 0.4879677962951112,
      "precision": 0.25096908450416877,
      "recall": 0.9515918311215018,
      "f1_score": 0.3971859181103605,
      "precision_normal": 0.9738270503383151,
      "recall_normal": 0.3880750697250629,
      "avg_latency_ms": 2.257704734802246,
      "min_latency_ms": 2.239704132080078,
      "max_latency_ms": 2.332448959350586,
      "samples_per_second": 44292.77152964781,
      "compression_ratio": 1.0
    },
    {
      "stage": "QAT+Prune only",
      "model_path": "models/tflite/saved_model_qat_pruned_float32.tflite",
      "file_size_bytes": 248228,
      "file_size_mb": 0.23672866821289062,
      "parameter_count": 61969,
      "accuracy": 0.9489640755604718,
      "precision": 0.7933877273499915,
      "recall": 0.9628343532971189,
      "f1_score": 0.8699366302186878,
      "precision_normal": 0.9916060023683342,
      "recall_normal": 0.9459755767827578,
      "avg_latency_ms": 0.8547782897949219,
      "min_latency_ms": 0.8308887481689453,
      "max_latency_ms": 0.9398460388183594,
      "samples_per_second": 116989.40087024434,
      "compression_ratio": 3.3099892034742253
    },
    {
      "stage": "Compressed (PTQ)",
      "model_path": "models/tflite/saved_model_pruned_quantized.tflite",
      "file_size_bytes": 70920,
      "file_size_mb": 0.06763458251953125,
      "parameter_count": 61969,
      "accuracy": 0.9490341631089617,
      "precision": 0.7937378633896047,
      "recall": 0.9626452588874372,
      "f1_score": 0.8700698398887534,
      "precision_normal": 0.9915647684484298,
      "recall_normal": 0.9461015078392082,
      "avg_latency_ms": 0.5359888076782227,
      "min_latency_ms": 0.5283355712890625,
      "max_latency_ms": 0.5662441253662109,
      "samples_per_second": 186571.06000622746,
      "compression_ratio": 11.585335589396504
    },
    {
      "stage": "QAT+PTQ",
      "model_path": "models/tflite/saved_model_qat_ptq.tflite",
      "file_size_bytes": 70904,
      "file_size_mb": 0.06761932373046875,
      "parameter_count": 61969,
      "accuracy": 0.9490341631089617,
      "precision": 0.7937378633896047,
      "recall": 0.9626452588874372,
      "f1_score": 0.8700698398887534,
      "precision_normal": 0.9915647684484298,
      "recall_normal": 0.9461015078392082,
      "avg_latency_ms": 0.5415678024291992,
      "min_latency_ms": 0.5319118499755859,
      "max_latency_ms": 0.5824565887451172,
      "samples_per_second": 184649.08650671362,
      "compression_ratio": 11.587949904095678
    },
    {
      "stage": "noQAT+PTQ",
      "model_path": "models/tflite/saved_model_no_qat_ptq.tflite",
      "file_size_bytes": 70920,
      "file_size_mb": 0.06763458251953125,
      "parameter_count": 61969,
      "accuracy": 0.8227333534454124,
      "precision": 0.0,
      "recall": 0.0,
      "f1_score": 0.0,
      "precision_normal": 0.8227333534454124,
      "recall_normal": 1.0,
      "avg_latency_ms": 0.5356550216674805,
      "min_latency_ms": 0.5259513854980469,
      "max_latency_ms": 0.5645751953125,
      "samples_per_second": 186687.31917924067,
      "compression_ratio": 11.585335589396504
    }
  ]
}