{
  "version": "v20",
  "data_version": "cicids2017_max2000k_bal4.0",
  "generated_at": "2026-02-14T18:36:30.836619",
  "results": [
    {
      "stage": "Original",
      "model_path": "models/tflite/saved_model_original.tflite",
      "file_size_bytes": 821632,
      "file_size_mb": 0.7835693359375,
      "parameter_count": 205777,
      "accuracy": 0.36204238568782293,
      "precision": 0.20500497764937828,
      "recall": 0.9011669812939763,
      "f1_score": 0.33402350396768604,
      "precision_normal": 0.9201015552380027,
      "recall_normal": 0.2456714847714796,
      "avg_latency_ms": 2.3613929748535156,
      "min_latency_ms": 2.179861068725586,
      "max_latency_ms": 2.518892288208008,
      "samples_per_second": 42347.88578813457,
      "compression_ratio": 1.0
    },
    {
      "stage": "QAT+Prune only",
      "model_path": "models/tflite/saved_model_qat_pruned_float32.tflite",
      "file_size_bytes": 248228,
      "file_size_mb": 0.23672866821289062,
      "parameter_count": 61969,
      "accuracy": 0.7325698303597543,
      "precision": 0.3983771757623348,
      "recall": 0.9925519135060923,
      "f1_score": 0.5685552644643129,
      "precision_normal": 0.9976289983337431,
      "recall_normal": 0.6764522844632789,
      "avg_latency_ms": 0.8576393127441406,
      "min_latency_ms": 0.8456707000732422,
      "max_latency_ms": 0.9081363677978516,
      "samples_per_second": 116599.13265873457,
      "compression_ratio": 3.3099892034742253
    },
    {
      "stage": "Compressed (PTQ)",
      "model_path": "models/tflite/saved_model_pruned_quantized.tflite",
      "file_size_bytes": 70920,
      "file_size_mb": 0.06763458251953125,
      "parameter_count": 61969,
      "accuracy": 0.7333406454128888,
      "precision": 0.3990726301698798,
      "recall": 0.9925519135060923,
      "f1_score": 0.5692631744719384,
      "precision_normal": 0.9976322709467643,
      "recall_normal": 0.6773894811708662,
      "avg_latency_ms": 0.5434513092041016,
      "min_latency_ms": 0.5359649658203125,
      "max_latency_ms": 0.5965232849121094,
      "samples_per_second": 184009.12520838817,
      "compression_ratio": 11.585335589396504
    },
    {
      "stage": "QAT+PTQ",
      "model_path": "models/tflite/saved_model_qat_ptq.tflite",
      "file_size_bytes": 70904,
      "file_size_mb": 0.06761932373046875,
      "parameter_count": 61969,
      "accuracy": 0.7333406454128888,
      "precision": 0.3990726301698798,
      "recall": 0.9925519135060923,
      "f1_score": 0.5692631744719384,
      "precision_normal": 0.9976322709467643,
      "recall_normal": 0.6773894811708662,
      "avg_latency_ms": 0.5501985549926758,
      "min_latency_ms": 0.5426406860351562,
      "max_latency_ms": 0.5974769592285156,
      "samples_per_second": 181752.56749144167,
      "compression_ratio": 11.587949904095678
    },
    {
      "stage": "noQAT+PTQ",
      "model_path": "models/tflite/saved_model_no_qat_ptq.tflite",
      "file_size_bytes": 70920,
      "file_size_mb": 0.06763458251953125,
      "parameter_count": 61969,
      "accuracy": 0.8224688017938968,
      "precision": 0.0,
      "recall": 0.0,
      "f1_score": 0.0,
      "precision_normal": 0.8224688017938968,
      "recall_normal": 1.0,
      "avg_latency_ms": 0.5476951599121094,
      "min_latency_ms": 0.5371570587158203,
      "max_latency_ms": 0.6051063537597656,
      "samples_per_second": 182583.31882291485,
      "compression_ratio": 11.585335589396504
    }
  ]
}