{
  "version": "v20",
  "data_version": "cicids2017_max2000k_bal4.0",
  "generated_at": "2026-02-22T13:38:41.241378",
  "results": [
    {
      "stage": "Original",
      "model_path": "models/tflite/saved_model_original.tflite",
      "file_size_bytes": 821632,
      "file_size_mb": 0.7835693359375,
      "parameter_count": 205777,
      "accuracy": 0.8022874622209223,
      "precision": 0.455380718866196,
      "recall": 0.5800926720439334,
      "f1_score": 0.5102265694576522,
      "precision_normal": 0.9036677742956581,
      "recall_normal": 0.8502485608659253,
      "avg_latency_ms": 1.9196748733520508,
      "min_latency_ms": 1.9047260284423828,
      "max_latency_ms": 1.9993782043457031,
      "samples_per_second": 52092.15445185489,
      "compression_ratio": 1.0
    },
    {
      "stage": "QAT+Prune only",
      "model_path": "models/tflite/saved_model_qat_pruned_float32.tflite",
      "file_size_bytes": 248228,
      "file_size_mb": 0.23672866821289062,
      "parameter_count": 61969,
      "accuracy": 0.8105226918202203,
      "precision": 0.4818621691383952,
      "recall": 0.8938390252273898,
      "f1_score": 0.6261638985567357,
      "precision_normal": 0.9718990619392646,
      "recall_normal": 0.7925387288204657,
      "avg_latency_ms": 0.7871389389038086,
      "min_latency_ms": 0.7717609405517578,
      "max_latency_ms": 0.8361339569091797,
      "samples_per_second": 127042.37467817658,
      "compression_ratio": 3.3099892034742253
    },
    {
      "stage": "Compressed (PTQ)",
      "model_path": "models/tflite/saved_model_pruned_quantized.tflite",
      "file_size_bytes": 70920,
      "file_size_mb": 0.06763458251953125,
      "parameter_count": 61969,
      "accuracy": 0.8109492297942869,
      "precision": 0.4825472438400679,
      "recall": 0.8970310622962073,
      "f1_score": 0.6275248963029215,
      "precision_normal": 0.9727152426297049,
      "recall_normal": 0.7923683294190862,
      "avg_latency_ms": 0.4785776138305664,
      "min_latency_ms": 0.47135353088378906,
      "max_latency_ms": 0.5209445953369141,
      "samples_per_second": 208952.5232899915,
      "compression_ratio": 11.585335589396504
    },
    {
      "stage": "QAT+PTQ",
      "model_path": "models/tflite/saved_model_qat_ptq.tflite",
      "file_size_bytes": 70904,
      "file_size_mb": 0.06761932373046875,
      "parameter_count": 61969,
      "accuracy": 0.8109492297942869,
      "precision": 0.4825472438400679,
      "recall": 0.8970310622962073,
      "f1_score": 0.6275248963029215,
      "precision_normal": 0.9727152426297049,
      "recall_normal": 0.7923683294190862,
      "avg_latency_ms": 0.4833698272705078,
      "min_latency_ms": 0.47326087951660156,
      "max_latency_ms": 0.5233287811279297,
      "samples_per_second": 206880.9312419848,
      "compression_ratio": 11.587949904095678
    },
    {
      "stage": "noQAT+PTQ",
      "model_path": "models/tflite/saved_model_no_qat_ptq.tflite",
      "file_size_bytes": 70920,
      "file_size_mb": 0.06763458251953125,
      "parameter_count": 61969,
      "accuracy": 0.8224688017938968,
      "precision": 0.0,
      "recall": 0.0,
      "f1_score": 0.0,
      "precision_normal": 0.8224688017938968,
      "recall_normal": 1.0,
      "avg_latency_ms": 0.4834175109863281,
      "min_latency_ms": 0.4761219024658203,
      "max_latency_ms": 0.5269050598144531,
      "samples_per_second": 206860.52475833497,
      "compression_ratio": 11.585335589396504
    }
  ]
}