{
  "version": "v20",
  "data_version": "cicids2017_max2000k_bal4.0",
  "generated_at": "2026-02-21T23:03:32.907757",
  "results": [
    {
      "stage": "Original",
      "model_path": "models/tflite/saved_model_original.tflite",
      "file_size_bytes": 821632,
      "file_size_mb": 0.7835693359375,
      "parameter_count": 205777,
      "accuracy": 0.4002023008677001,
      "precision": 0.2134984289730445,
      "recall": 0.8862364853269263,
      "f1_score": 0.34410128269198736,
      "precision_normal": 0.9232257018437876,
      "recall_normal": 0.2952910495862258,
      "avg_latency_ms": 1.8800973892211914,
      "min_latency_ms": 1.8541812896728516,
      "max_latency_ms": 1.9686222076416016,
      "samples_per_second": 53188.73403756166,
      "compression_ratio": 1.0
    },
    {
      "stage": "QAT+Prune only",
      "model_path": "models/tflite/saved_model_qat_pruned_float32.tflite",
      "file_size_bytes": 248228,
      "file_size_mb": 0.23672866821289062,
      "parameter_count": 61969,
      "accuracy": 0.8141269377010822,
      "precision": 0.48850565061879736,
      "recall": 0.9984897889136777,
      "f1_score": 0.6560449225356877,
      "precision_normal": 0.9995791930069529,
      "recall_normal": 0.774331923216548,
      "avg_latency_ms": 0.7566928863525391,
      "min_latency_ms": 0.7274150848388672,
      "max_latency_ms": 0.804901123046875,
      "samples_per_second": 132154.0109647741,
      "compression_ratio": 3.3099892034742253
    },
    {
      "stage": "Compressed (PTQ)",
      "model_path": "models/tflite/saved_model_pruned_quantized.tflite",
      "file_size_bytes": 70920,
      "file_size_mb": 0.06763458251953125,
      "parameter_count": 61969,
      "accuracy": 0.813377449546651,
      "precision": 0.487497905144964,
      "recall": 0.9984211429552086,
      "f1_score": 0.6551207702269016,
      "precision_normal": 0.9995595641600122,
      "recall_normal": 0.7734354741918994,
      "avg_latency_ms": 0.47054290771484375,
      "min_latency_ms": 0.4622936248779297,
      "max_latency_ms": 0.5238056182861328,
      "samples_per_second": 212520.47020672882,
      "compression_ratio": 11.585335589396504
    },
    {
      "stage": "QAT+PTQ",
      "model_path": "models/tflite/saved_model_qat_ptq.tflite",
      "file_size_bytes": 70904,
      "file_size_mb": 0.06761932373046875,
      "parameter_count": 61969,
      "accuracy": 0.813377449546651,
      "precision": 0.487497905144964,
      "recall": 0.9984211429552086,
      "f1_score": 0.6551207702269016,
      "precision_normal": 0.9995595641600122,
      "recall_normal": 0.7734354741918994,
      "avg_latency_ms": 0.47528743743896484,
      "min_latency_ms": 0.4665851593017578,
      "max_latency_ms": 0.5309581756591797,
      "samples_per_second": 210398.99673940305,
      "compression_ratio": 11.587949904095678
    },
    {
      "stage": "noQAT+PTQ",
      "model_path": "models/tflite/saved_model_no_qat_ptq.tflite",
      "file_size_bytes": 70920,
      "file_size_mb": 0.06763458251953125,
      "parameter_count": 61969,
      "accuracy": 0.8224688017938968,
      "precision": 0.0,
      "recall": 0.0,
      "f1_score": 0.0,
      "precision_normal": 0.8224688017938968,
      "recall_normal": 1.0,
      "avg_latency_ms": 0.4770040512084961,
      "min_latency_ms": 0.4673004150390625,
      "max_latency_ms": 0.5230903625488281,
      "samples_per_second": 209641.8253611236,
      "compression_ratio": 11.585335589396504
    }
  ]
}