{
  "version": "v22",
  "data_version": "cicids2017_max2000k_bal4.0",
  "generated_at": "2026-02-24T01:04:41.394860",
  "results": [
    {
      "stage": "Baseline",
      "model_path": "models/tflite/saved_model_original.tflite",
      "file_size_bytes": 817528,
      "file_size_mb": 0.7796554565429688,
      "parameter_count": 204880,
      "accuracy": 0.17328714536414155,
      "precision": 0.16765191241659205,
      "recall": 0.9223099365024884,
      "f1_score": 0.28372924217267237,
      "precision_normal": 0.4090849758517165,
      "recall_normal": 0.011609385302681198,
      "avg_latency_ms": 1.898956298828125,
      "min_latency_ms": 1.8644332885742188,
      "max_latency_ms": 2.002239227294922,
      "samples_per_second": 52660.50622740056,
      "compression_ratio": 1.0
    },
    {
      "stage": "Traditional+PTQ",
      "model_path": "models/tflite/saved_model_no_qat_ptq.tflite",
      "file_size_bytes": 70856,
      "file_size_mb": 0.06757354736328125,
      "parameter_count": 61969,
      "accuracy": 0.2203982645997855,
      "precision": 0.18548227939163595,
      "recall": 1.0,
      "f1_score": 0.31292290507593495,
      "precision_normal": 1.0,
      "recall_normal": 0.05211999081324967,
      "avg_latency_ms": 0.4782438278198242,
      "min_latency_ms": 0.4703998565673828,
      "max_latency_ms": 0.5335807800292969,
      "samples_per_second": 209098.3598384765,
      "compression_ratio": 11.537879643220052
    },
    {
      "stage": "Traditional+QAT",
      "model_path": "models/tflite/saved_model_traditional_qat.tflite",
      "file_size_bytes": 66600,
      "file_size_mb": 0.06351470947265625,
      "parameter_count": 62048,
      "accuracy": 0.9617608706249391,
      "precision": 0.8606566429484247,
      "recall": 0.9361764201132659,
      "f1_score": 0.8968295068761148,
      "precision_normal": 0.985957612303231,
      "recall_normal": 0.9672833149351371,
      "avg_latency_ms": 0.48019886016845703,
      "min_latency_ms": 0.4718303680419922,
      "max_latency_ms": 0.5307197570800781,
      "samples_per_second": 208247.05823941214,
      "compression_ratio": 12.275195195195195
    },
    {
      "stage": "QAT+PTQ",
      "model_path": "models/tflite/saved_model_qat_ptq.tflite",
      "file_size_bytes": 68624,
      "file_size_mb": 0.0654449462890625,
      "parameter_count": 61520,
      "accuracy": 0.17804304377498295,
      "precision": 0.17762211329772964,
      "recall": 1.0,
      "f1_score": 0.30166232663605347,
      "precision_normal": 1.0,
      "recall_normal": 0.0006223282485164139,
      "avg_latency_ms": 0.48193931579589844,
      "min_latency_ms": 0.4684925079345703,
      "max_latency_ms": 0.5335807800292969,
      "samples_per_second": 207495.00346294648,
      "compression_ratio": 11.913149918395897
    },
    {
      "stage": "QAT+QAT",
      "model_path": "models/tflite/saved_model_pruned_qat.tflite",
      "file_size_bytes": 66600,
      "file_size_mb": 0.06351470947265625,
      "parameter_count": 62048,
      "accuracy": 0.9580591303500049,
      "precision": 0.8473076322771969,
      "recall": 0.931645786854299,
      "f1_score": 0.887477521660945,
      "precision_normal": 0.9849216744777668,
      "recall_normal": 0.9637604925283567,
      "avg_latency_ms": 0.48258304595947266,
      "min_latency_ms": 0.47206878662109375,
      "max_latency_ms": 0.5278587341308594,
      "samples_per_second": 207218.22044365396,
      "compression_ratio": 12.275195195195195
    }
  ]
}