{
  "version": "v20",
  "data_version": "cicids2017_max2000k_bal4.0",
  "generated_at": "2026-02-21T03:00:40.756278",
  "results": [
    {
      "stage": "Original",
      "model_path": "models/tflite/saved_model_original.tflite",
      "file_size_bytes": 821632,
      "file_size_mb": 0.7835693359375,
      "parameter_count": 205777,
      "accuracy": 0.8585112606025154,
      "precision": 0.5570593455780213,
      "recall": 0.9910245409301527,
      "f1_score": 0.7132164956093223,
      "precision_normal": 0.9976710010687567,
      "recall_normal": 0.8299080584099513,
      "avg_latency_ms": 1.9232511520385742,
      "min_latency_ms": 1.8737316131591797,
      "max_latency_ms": 2.0084381103515625,
      "samples_per_second": 51995.28927566415,
      "compression_ratio": 1.0
    },
    {
      "stage": "QAT+Prune only",
      "model_path": "models/tflite/saved_model_qat_pruned_float32.tflite",
      "file_size_bytes": 248228,
      "file_size_mb": 0.23672866821289062,
      "parameter_count": 61969,
      "accuracy": 0.90408684313152,
      "precision": 0.7089723387990078,
      "recall": 0.7798695726789086,
      "f1_score": 0.7427329263608653,
      "precision_normal": 0.9514362408992644,
      "recall_normal": 0.9308993384058025,
      "avg_latency_ms": 0.7813692092895508,
      "min_latency_ms": 0.7555484771728516,
      "max_latency_ms": 0.8292198181152344,
      "samples_per_second": 127980.47172977756,
      "compression_ratio": 3.3099892034742253
    },
    {
      "stage": "Compressed (PTQ)",
      "model_path": "models/tflite/saved_model_pruned_quantized.tflite",
      "file_size_bytes": 70920,
      "file_size_mb": 0.06763458251953125,
      "parameter_count": 61969,
      "accuracy": 0.9033464950765331,
      "precision": 0.7069185919620865,
      "recall": 0.7782049081860305,
      "f1_score": 0.7408508691674291,
      "precision_normal": 0.9510599141162839,
      "recall_normal": 0.9303585055231632,
      "avg_latency_ms": 0.4780292510986328,
      "min_latency_ms": 0.46753883361816406,
      "max_latency_ms": 0.5462169647216797,
      "samples_per_second": 209192.21945137158,
      "compression_ratio": 11.585335589396504
    },
    {
      "stage": "QAT+PTQ",
      "model_path": "models/tflite/saved_model_qat_ptq.tflite",
      "file_size_bytes": 70904,
      "file_size_mb": 0.06761932373046875,
      "parameter_count": 61969,
      "accuracy": 0.9033464950765331,
      "precision": 0.7069185919620865,
      "recall": 0.7782049081860305,
      "f1_score": 0.7408508691674291,
      "precision_normal": 0.9510599141162839,
      "recall_normal": 0.9303585055231632,
      "avg_latency_ms": 0.4765748977661133,
      "min_latency_ms": 0.4677772521972656,
      "max_latency_ms": 0.5173683166503906,
      "samples_per_second": 209830.60683375856,
      "compression_ratio": 11.587949904095678
    },
    {
      "stage": "noQAT+PTQ",
      "model_path": "models/tflite/saved_model_no_qat_ptq.tflite",
      "file_size_bytes": 70920,
      "file_size_mb": 0.06763458251953125,
      "parameter_count": 61969,
      "accuracy": 0.8224688017938968,
      "precision": 0.0,
      "recall": 0.0,
      "f1_score": 0.0,
      "precision_normal": 0.8224688017938968,
      "recall_normal": 1.0,
      "avg_latency_ms": 0.48215389251708984,
      "min_latency_ms": 0.46944618225097656,
      "max_latency_ms": 0.5209445953369141,
      "samples_per_second": 207402.66033723977,
      "compression_ratio": 11.585335589396504
    }
  ]
}