{
  "version": "v20",
  "data_version": "cicids2017_max2000k_bal4.0",
  "generated_at": "2026-02-21T00:25:13.180751",
  "results": [
    {
      "stage": "Original",
      "model_path": "models/tflite/saved_model_original.tflite",
      "file_size_bytes": 821632,
      "file_size_mb": 0.7835693359375,
      "parameter_count": 205777,
      "accuracy": 0.7903840060446524,
      "precision": 0.4571426245920186,
      "recall": 0.9638750643555861,
      "f1_score": 0.6201588905267459,
      "precision_normal": 0.9897498575692798,
      "recall_normal": 0.7529356853389837,
      "avg_latency_ms": 1.9794702529907227,
      "min_latency_ms": 1.9037723541259766,
      "max_latency_ms": 2.0973682403564453,
      "samples_per_second": 50518.56669677808,
      "compression_ratio": 1.0
    },
    {
      "stage": "QAT+Prune only",
      "model_path": "models/tflite/saved_model_qat_pruned_float32.tflite",
      "file_size_bytes": 248228,
      "file_size_mb": 0.23672866821289062,
      "parameter_count": 61969,
      "accuracy": 0.790554621234279,
      "precision": 0.45795840390434983,
      "recall": 0.9790973056461301,
      "f1_score": 0.6240340390157999,
      "precision_normal": 0.994019003658327,
      "recall_normal": 0.749857383109715,
      "avg_latency_ms": 0.7415771484375,
      "min_latency_ms": 0.7331371307373047,
      "max_latency_ms": 0.7779598236083984,
      "samples_per_second": 134847.7366255144,
      "compression_ratio": 3.3099892034742253
    },
    {
      "stage": "Compressed (PTQ)",
      "model_path": "models/tflite/saved_model_pruned_quantized.tflite",
      "file_size_bytes": 70920,
      "file_size_mb": 0.06763458251953125,
      "parameter_count": 61969,
      "accuracy": 0.7905668080335381,
      "precision": 0.45797850567055404,
      "recall": 0.9792345975630685,
      "f1_score": 0.6240805858001433,
      "precision_normal": 0.9940579375641473,
      "recall_normal": 0.7498425657704646,
      "avg_latency_ms": 0.48432350158691406,
      "min_latency_ms": 0.4775524139404297,
      "max_latency_ms": 0.5235671997070312,
      "samples_per_second": 206473.56502904402,
      "compression_ratio": 11.585335589396504
    },
    {
      "stage": "QAT+PTQ",
      "model_path": "models/tflite/saved_model_qat_ptq.tflite",
      "file_size_bytes": 70904,
      "file_size_mb": 0.06761932373046875,
      "parameter_count": 61969,
      "accuracy": 0.7905668080335381,
      "precision": 0.45797850567055404,
      "recall": 0.9792345975630685,
      "f1_score": 0.6240805858001433,
      "precision_normal": 0.9940579375641473,
      "recall_normal": 0.7498425657704646,
      "avg_latency_ms": 0.4783153533935547,
      "min_latency_ms": 0.4706382751464844,
      "max_latency_ms": 0.5304813385009766,
      "samples_per_second": 209067.09201475425,
      "compression_ratio": 11.587949904095678
    },
    {
      "stage": "noQAT+PTQ",
      "model_path": "models/tflite/saved_model_no_qat_ptq.tflite",
      "file_size_bytes": 70920,
      "file_size_mb": 0.06763458251953125,
      "parameter_count": 61969,
      "accuracy": 0.8224688017938968,
      "precision": 0.0,
      "recall": 0.0,
      "f1_score": 0.0,
      "precision_normal": 0.8224688017938968,
      "recall_normal": 1.0,
      "avg_latency_ms": 0.4861116409301758,
      "min_latency_ms": 0.4677772521972656,
      "max_latency_ms": 0.5104541778564453,
      "samples_per_second": 205714.06150375202,
      "compression_ratio": 11.585335589396504
    }
  ]
}