{
  "version": "v20",
  "data_version": "cicids2017_max2000k_bal4.0",
  "generated_at": "2026-02-12T21:06:34.637524",
  "results": [
    {
      "stage": "Original",
      "model_path": "models/tflite/saved_model_original.tflite",
      "file_size_bytes": 821652,
      "file_size_mb": 0.7835884094238281,
      "parameter_count": 205777,
      "accuracy": 0.3969362386662767,
      "precision": 0.20624484713879496,
      "recall": 0.8414449974257766,
      "f1_score": 0.33128830210606686,
      "precision_normal": 0.8979025770233833,
      "recall_normal": 0.30098831652800107,
      "avg_latency_ms": 2.1239757537841797,
      "min_latency_ms": 2.077817916870117,
      "max_latency_ms": 2.208709716796875,
      "samples_per_second": 47081.516736636506,
      "compression_ratio": 1.0
    },
    {
      "stage": "QAT+Prune only",
      "model_path": "models/tflite/saved_model_qat_pruned_float32.tflite",
      "file_size_bytes": 248212,
      "file_size_mb": 0.23671340942382812,
      "parameter_count": 61969,
      "accuracy": 0.792452715218875,
      "precision": 0.46081207936230134,
      "recall": 0.9940792860820319,
      "f1_score": 0.6297153914726153,
      "precision_normal": 0.9982964813699252,
      "recall_normal": 0.7489312994065656,
      "avg_latency_ms": 0.7888078689575195,
      "min_latency_ms": 0.7772445678710938,
      "max_latency_ms": 0.8473396301269531,
      "samples_per_second": 126773.58319480128,
      "compression_ratio": 3.3102831450534222
    },
    {
      "stage": "Compressed (PTQ)",
      "model_path": "models/tflite/saved_model_pruned_quantized.tflite",
      "file_size_bytes": 70920,
      "file_size_mb": 0.06763458251953125,
      "parameter_count": 61969,
      "accuracy": 0.7941040265184752,
      "precision": 0.4628301766265291,
      "recall": 0.9947314226874893,
      "f1_score": 0.631728662823014,
      "precision_normal": 0.9984875953258321,
      "recall_normal": 0.7507982841521148,
      "avg_latency_ms": 0.5562067031860352,
      "min_latency_ms": 0.5466938018798828,
      "max_latency_ms": 0.6003379821777344,
      "samples_per_second": 179789.27515109951,
      "compression_ratio": 11.585617597292725
    },
    {
      "stage": "QAT+PTQ",
      "model_path": "models/tflite/saved_model_qat_ptq.tflite",
      "file_size_bytes": 70904,
      "file_size_mb": 0.06761932373046875,
      "parameter_count": 61969,
      "accuracy": 0.7941040265184752,
      "precision": 0.4628301766265291,
      "recall": 0.9947314226874893,
      "f1_score": 0.631728662823014,
      "precision_normal": 0.9984875953258321,
      "recall_normal": 0.7507982841521148,
      "avg_latency_ms": 0.5432367324829102,
      "min_latency_ms": 0.5347728729248047,
      "max_latency_ms": 0.5965232849121094,
      "samples_per_second": 184081.80820715384,
      "compression_ratio": 11.58823197562902
    },
    {
      "stage": "noQAT+PTQ",
      "model_path": "models/tflite/saved_model_no_qat_ptq.tflite",
      "file_size_bytes": 70920,
      "file_size_mb": 0.06763458251953125,
      "parameter_count": 61969,
      "accuracy": 0.8224688017938968,
      "precision": 0.0,
      "recall": 0.0,
      "f1_score": 0.0,
      "precision_normal": 0.8224688017938968,
      "recall_normal": 1.0,
      "avg_latency_ms": 0.5423069000244141,
      "min_latency_ms": 0.5335807800292969,
      "max_latency_ms": 0.5908012390136719,
      "samples_per_second": 184397.43251560713,
      "compression_ratio": 11.585617597292725
    }
  ]
}