WARNING: All log messages before absl::InitializeLog() is called are written to STDERR
I0000 00:00:1791229832.319299 1031738 port.cc:153] oneDNN custom operations are on. You may see slightly different numerical results due to floating-point round-off errors from different computation orders. To turn them off, set the environment variable `TF_ENABLE_ONEDNN_OPTS=0`.
I0000 00:00:1791229832.320554 1031738 cudart_stub.cc:31] Could not find cuda drivers on your machine, GPU will not be used.
I0000 00:00:1791229832.787327 1031738 cpu_feature_guard.cc:227] This TensorFlow binary is optimized to use available CPU instructions in performance-critical operations.
To enable the following instructions: AVX2 AVX512F AVX512_VNNI AVX512_BF16 FMA, in other operations, rebuild TensorFlow with the appropriate compiler flags.
WARNING: All log messages before absl::InitializeLog() is called are written to STDERR
I0000 00:00:1791229834.792845 1031738 port.cc:153] oneDNN custom operations are on. You may see slightly different numerical results due to floating-point round-off errors from different computation orders. To turn them off, set the environment variable `TF_ENABLE_ONEDNN_OPTS=0`.
I0000 00:00:1791229834.794209 1031738 cudart_stub.cc:31] Could not find cuda drivers on your machine, GPU will not be used.
E0000 00:00:1791229958.530406 1031738 cuda_executor.cc:1737] INTERNAL: CUDA Runtime error: Failed call to cudaGetRuntimeVersion: Error loading CUDA libraries. GPU will not be used.: Error loading CUDA libraries. GPU will not be used.
W0000 00:00:1791229958.531145 1031784 cuda_executor.cc:1755] Failed to determine cuDNN version (Note that this is expected if the application doesn't link the cuDNN plugin): INTERNAL: cuDNN error: CUDNN_STATUS_INTERNAL_ERROR
W0000 00:00:1791229958.552851 1031738 gpu_device.cc:2365] Cannot dlopen some GPU libraries. Please make sure the missing libraries mentioned above are installed properly if you would like to use GPU. Follow the guide at https://www.tensorflow.org/install/gpu for how to download and setup the required libraries for your platform.
Skipping registering GPU devices...
/home/danielpark605/tinyml-venv/lib/python3.12/site-packages/tensorflow/lite/python/convert.py:846: UserWarning: Statistics for quantized inputs were expected, but not specified; continuing anyway.
  warnings.warn(
W0000 00:00:1791229959.171485 1031738 tf_tfl_flatbuffer_helpers.cc:364] Ignored output_format.
W0000 00:00:1791229959.171857 1031738 tf_tfl_flatbuffer_helpers.cc:367] Ignored drop_control_dependency.
I0000 00:00:1791229959.172486 1031738 reader.cc:83] Reading SavedModel from: /tmp/tmpyp76zdlb
I0000 00:00:1791229959.173165 1031738 reader.cc:52] Reading meta graph with tags { serve }
I0000 00:00:1791229959.173491 1031738 reader.cc:147] Reading SavedModel debug info (if present) from: /tmp/tmpyp76zdlb
I0000 00:00:1791229959.176805 1031738 mlir_graph_optimization_pass.cc:437] MLIR V1 optimization pass is not enabled
I0000 00:00:1791229959.177468 1031738 loader.cc:236] Restoring SavedModel bundle.
I0000 00:00:1791229959.190766 1031738 loader.cc:220] Running initialization op on SavedModel bundle at path: /tmp/tmpyp76zdlb
I0000 00:00:1791229959.195012 1031738 loader.cc:471] SavedModel load for tags { serve }; Status: success: OK. Took 22533 microseconds.
I0000 00:00:1791229959.208359 1031738 dump_mlir_util.cc:269] disabling MLIR crash reproducer, set env var `MLIR_CRASH_REPRODUCER_DIRECTORY` to enable.
fully_quantize: 0, inference_type: 6, input_inference_type: FLOAT32, output_inference_type: FLOAT32
W0000 00:00:1791229959.321477 1031738 flatbuffer_export.cc:3851] Skipping runtime version metadata in the model. This will be generated by the exporter.
/home/danielpark605/tinyml-venv/lib/python3.12/site-packages/tensorflow/lite/python/interpreter.py:457: UserWarning:     Warning: tf.lite.Interpreter is deprecated and is scheduled for deletion in
    TF 2.20. Please use the LiteRT interpreter from the ai_edge_litert package.
    See the [migration guide](https://ai.google.dev/edge/litert/migration)
    for details.
    
  warnings.warn(_INTERPRETER_DELETION_WARNING)
INFO: Created TensorFlow Lite XNNPACK delegate for CPU.
[load_cicids2017] data_path=data/raw/CIC-IDS2017
[load_cicids2017] Found 8 CSV files
[load_cicids2017] Loaded 225,745 rows from Friday-WorkingHours-Afternoon-DDos.pcap_ISCX.csv
[load_cicids2017] Loaded 286,467 rows from Friday-WorkingHours-Afternoon-PortScan.pcap_ISCX.csv
[load_cicids2017] Loaded 191,033 rows from Friday-WorkingHours-Morning.pcap_ISCX.csv
[load_cicids2017] Loaded 529,918 rows from Monday-WorkingHours.pcap_ISCX.csv
[load_cicids2017] Loaded 288,602 rows from Thursday-WorkingHours-Afternoon-Infilteration.pcap_ISCX.csv
[load_cicids2017] Loaded 170,366 rows from Thursday-WorkingHours-Morning-WebAttacks.pcap_ISCX.csv
[load_cicids2017] Loaded 445,909 rows from Tuesday-WorkingHours.pcap_ISCX.csv
[load_cicids2017] Loaded 692,703 rows from Wednesday-workingHours.pcap_ISCX.csv
[load_cicids2017] Total samples loaded: 2,830,743
[load_cicids2017] Removed 331,200 duplicates (2,499,543 unique)
[load_cicids2017] Found 15 unique labels
[load_cicids2017] Binary mode: BENIGN=0, ATTACK=1
[load_cicids2017] Label distribution: BENIGN=2073680, ATTACK=425863
[load_cicids2017] Shuffled full pool (random_state=42)
[load_cicids2017] Balanced training set: majority 1658944 -> 1362760 (ratio<=4.0), total=1,703,450
[load_cicids2017] StandardScaler applied (fit on train).
[load_cicids2017] SMOTE applied: train -> 2,725,520 (BENIGN=1,362,760, ATTACK=1,362,760)
[load_cicids2017] Final feature shape: 78 features
[load_cicids2017] Train samples: 2,725,520, Test samples: 499,909
   [QAT Strip] Input model type: Sequential
   [QAT Strip] Input model class: tf_keras.src.engine.sequential.Sequential
   [QAT Strip] Creating TF.Keras Functional model with input shape: (78,)
   [QAT Strip] TF_USE_LEGACY_KERAS=1
   [QAT Strip] 4 Dense layers after BatchNorm folding
   [QAT Strip] Created model type: Functional
   [QAT Strip] Model class: tf_keras.src.engine.functional.Functional
   [QAT Strip] Total layers: 5
   [QAT Strip] Is tensorflow.keras model: False
   [QAT Strip] WARNING: Model is not tensorflow.keras! QAT may fail.
  [cic_near_iid] tflite_max             pooled_rand  d0 f1=0.8499 far=0.0718 missed=231/85173
/home/danielpark605/tinyml-venv/lib/python3.12/site-packages/tensorflow/lite/python/convert.py:846: UserWarning: Statistics for quantized inputs were expected, but not specified; continuing anyway.
  warnings.warn(
W0000 00:00:1791229962.200913 1031738 tf_tfl_flatbuffer_helpers.cc:364] Ignored output_format.
W0000 00:00:1791229962.201272 1031738 tf_tfl_flatbuffer_helpers.cc:367] Ignored drop_control_dependency.
I0000 00:00:1791229962.201738 1031738 reader.cc:83] Reading SavedModel from: /tmp/tmp47aacg64
I0000 00:00:1791229962.202545 1031738 reader.cc:52] Reading meta graph with tags { serve }
I0000 00:00:1791229962.202896 1031738 reader.cc:147] Reading SavedModel debug info (if present) from: /tmp/tmp47aacg64
I0000 00:00:1791229962.205091 1031738 loader.cc:236] Restoring SavedModel bundle.
I0000 00:00:1791229962.216568 1031738 loader.cc:220] Running initialization op on SavedModel bundle at path: /tmp/tmp47aacg64
I0000 00:00:1791229962.220284 1031738 loader.cc:471] SavedModel load for tags { serve }; Status: success: OK. Took 18557 microseconds.
fully_quantize: 0, inference_type: 6, input_inference_type: FLOAT32, output_inference_type: FLOAT32
W0000 00:00:1791229962.313753 1031738 flatbuffer_export.cc:3851] Skipping runtime version metadata in the model. This will be generated by the exporter.
/home/danielpark605/tinyml-venv/lib/python3.12/site-packages/tensorflow/lite/python/interpreter.py:457: UserWarning:     Warning: tf.lite.Interpreter is deprecated and is scheduled for deletion in
    TF 2.20. Please use the LiteRT interpreter from the ai_edge_litert package.
    See the [migration guide](https://ai.google.dev/edge/litert/migration)
    for details.
    
  warnings.warn(_INTERPRETER_DELETION_WARNING)
  [cic_near_iid] tflite_clip5           pooled_rand  d0 f1=0.8468 far=0.0741 missed=71/85173
/home/danielpark605/tinyml-venv/lib/python3.12/site-packages/tensorflow/lite/python/convert.py:846: UserWarning: Statistics for quantized inputs were expected, but not specified; continuing anyway.
  warnings.warn(
W0000 00:00:1791229963.664461 1031738 tf_tfl_flatbuffer_helpers.cc:364] Ignored output_format.
W0000 00:00:1791229963.664880 1031738 tf_tfl_flatbuffer_helpers.cc:367] Ignored drop_control_dependency.
I0000 00:00:1791229963.665365 1031738 reader.cc:83] Reading SavedModel from: /tmp/tmpxr8n8u7t
I0000 00:00:1791229963.666149 1031738 reader.cc:52] Reading meta graph with tags { serve }
I0000 00:00:1791229963.666513 1031738 reader.cc:147] Reading SavedModel debug info (if present) from: /tmp/tmpxr8n8u7t
I0000 00:00:1791229963.668910 1031738 loader.cc:236] Restoring SavedModel bundle.
I0000 00:00:1791229963.682926 1031738 loader.cc:220] Running initialization op on SavedModel bundle at path: /tmp/tmpxr8n8u7t
I0000 00:00:1791229963.688062 1031738 loader.cc:471] SavedModel load for tags { serve }; Status: success: OK. Took 22704 microseconds.
fully_quantize: 0, inference_type: 6, input_inference_type: FLOAT32, output_inference_type: FLOAT32
W0000 00:00:1791229963.818025 1031738 flatbuffer_export.cc:3851] Skipping runtime version metadata in the model. This will be generated by the exporter.
/home/danielpark605/tinyml-venv/lib/python3.12/site-packages/tensorflow/lite/python/interpreter.py:457: UserWarning:     Warning: tf.lite.Interpreter is deprecated and is scheduled for deletion in
    TF 2.20. Please use the LiteRT interpreter from the ai_edge_litert package.
    See the [migration guide](https://ai.google.dev/edge/litert/migration)
    for details.
    
  warnings.warn(_INTERPRETER_DELETION_WARNING)
  [cic_near_iid] tflite_max_per_tensor  pooled_rand  d0 f1=0.8369 far=0.0793 missed=223/85173
/home/danielpark605/tinyml-venv/lib/python3.12/site-packages/tensorflow/lite/python/convert.py:846: UserWarning: Statistics for quantized inputs were expected, but not specified; continuing anyway.
  warnings.warn(
W0000 00:00:1791229969.075484 1031738 tf_tfl_flatbuffer_helpers.cc:364] Ignored output_format.
W0000 00:00:1791229969.075888 1031738 tf_tfl_flatbuffer_helpers.cc:367] Ignored drop_control_dependency.
I0000 00:00:1791229969.076355 1031738 reader.cc:83] Reading SavedModel from: /tmp/tmp9p2qy0rj
I0000 00:00:1791229969.078700 1031738 reader.cc:52] Reading meta graph with tags { serve }
I0000 00:00:1791229969.079053 1031738 reader.cc:147] Reading SavedModel debug info (if present) from: /tmp/tmp9p2qy0rj
I0000 00:00:1791229969.084876 1031738 loader.cc:236] Restoring SavedModel bundle.
I0000 00:00:1791229969.112984 1031738 loader.cc:220] Running initialization op on SavedModel bundle at path: /tmp/tmp9p2qy0rj
I0000 00:00:1791229969.121486 1031738 loader.cc:471] SavedModel load for tags { serve }; Status: success: OK. Took 45141 microseconds.
/home/danielpark605/tinyml-venv/lib/python3.12/site-packages/tensorflow/lite/python/interpreter.py:457: UserWarning:     Warning: tf.lite.Interpreter is deprecated and is scheduled for deletion in
    TF 2.20. Please use the LiteRT interpreter from the ai_edge_litert package.
    See the [migration guide](https://ai.google.dev/edge/litert/migration)
    for details.
    
  warnings.warn(_INTERPRETER_DELETION_WARNING)
   [QAT Strip] Input model type: Functional
   [QAT Strip] Input model class: tf_keras.src.engine.functional.Functional
   [QAT Strip] Creating TF.Keras Functional model with input shape: (78,)
   [QAT Strip] TF_USE_LEGACY_KERAS=1
   [QAT Strip] 4 Dense layers after BatchNorm folding
   [QAT Strip] Created model type: Functional
   [QAT Strip] Model class: tf_keras.src.engine.functional.Functional
   [QAT Strip] Total layers: 5
   [QAT Strip] Is tensorflow.keras model: False
   [QAT Strip] WARNING: Model is not tensorflow.keras! QAT may fail.
✅ Saved (QAT): data/processed/revision/2026-10-05_x1_calib_methods/quant_lit/cic_near_iid/fq_max_pooled_rand_d0.tflite (206.74 KB)
   Quantization: 10/16 tensors (62.5%)
   Input: <class 'numpy.float32'>, Output: <class 'numpy.float32'>
  [cic_near_iid] fq_max                 pooled_rand  d0 f1=0.8369 far=0.0793 missed=223/85173
/home/danielpark605/tinyml-venv/lib/python3.12/site-packages/tensorflow/lite/python/convert.py:846: UserWarning: Statistics for quantized inputs were expected, but not specified; continuing anyway.
  warnings.warn(
W0000 00:00:1791229972.816710 1031738 tf_tfl_flatbuffer_helpers.cc:364] Ignored output_format.
W0000 00:00:1791229972.817118 1031738 tf_tfl_flatbuffer_helpers.cc:367] Ignored drop_control_dependency.
I0000 00:00:1791229972.817602 1031738 reader.cc:83] Reading SavedModel from: /tmp/tmpb0cuvtgp
I0000 00:00:1791229972.819989 1031738 reader.cc:52] Reading meta graph with tags { serve }
I0000 00:00:1791229972.820378 1031738 reader.cc:147] Reading SavedModel debug info (if present) from: /tmp/tmpb0cuvtgp
I0000 00:00:1791229972.829532 1031738 loader.cc:236] Restoring SavedModel bundle.
I0000 00:00:1791229972.857593 1031738 loader.cc:220] Running initialization op on SavedModel bundle at path: /tmp/tmpb0cuvtgp
I0000 00:00:1791229972.866565 1031738 loader.cc:471] SavedModel load for tags { serve }; Status: success: OK. Took 48971 microseconds.
/home/danielpark605/tinyml-venv/lib/python3.12/site-packages/tensorflow/lite/python/interpreter.py:457: UserWarning:     Warning: tf.lite.Interpreter is deprecated and is scheduled for deletion in
    TF 2.20. Please use the LiteRT interpreter from the ai_edge_litert package.
    See the [migration guide](https://ai.google.dev/edge/litert/migration)
    for details.
    
  warnings.warn(_INTERPRETER_DELETION_WARNING)
   [QAT Strip] Input model type: Functional
   [QAT Strip] Input model class: tf_keras.src.engine.functional.Functional
   [QAT Strip] Creating TF.Keras Functional model with input shape: (78,)
   [QAT Strip] TF_USE_LEGACY_KERAS=1
   [QAT Strip] 4 Dense layers after BatchNorm folding
   [QAT Strip] Created model type: Functional
   [QAT Strip] Model class: tf_keras.src.engine.functional.Functional
   [QAT Strip] Total layers: 5
   [QAT Strip] Is tensorflow.keras model: False
   [QAT Strip] WARNING: Model is not tensorflow.keras! QAT may fail.
✅ Saved (QAT): data/processed/revision/2026-10-05_x1_calib_methods/quant_lit/cic_near_iid/fq_pct999_pooled_rand_d0.tflite (206.75 KB)
   Quantization: 10/16 tensors (62.5%)
   Input: <class 'numpy.float32'>, Output: <class 'numpy.float32'>
  [cic_near_iid] fq_pct999              pooled_rand  d0 f1=0.8347 far=0.0811 missed=60/85173
/home/danielpark605/tinyml-venv/lib/python3.12/site-packages/tensorflow/lite/python/convert.py:846: UserWarning: Statistics for quantized inputs were expected, but not specified; continuing anyway.
  warnings.warn(
W0000 00:00:1791229976.536870 1031738 tf_tfl_flatbuffer_helpers.cc:364] Ignored output_format.
W0000 00:00:1791229976.537264 1031738 tf_tfl_flatbuffer_helpers.cc:367] Ignored drop_control_dependency.
I0000 00:00:1791229976.537720 1031738 reader.cc:83] Reading SavedModel from: /tmp/tmp2v2dwy7w
I0000 00:00:1791229976.538944 1031738 reader.cc:52] Reading meta graph with tags { serve }
I0000 00:00:1791229976.539294 1031738 reader.cc:147] Reading SavedModel debug info (if present) from: /tmp/tmp2v2dwy7w
I0000 00:00:1791229976.546036 1031738 loader.cc:236] Restoring SavedModel bundle.
I0000 00:00:1791229976.573552 1031738 loader.cc:220] Running initialization op on SavedModel bundle at path: /tmp/tmp2v2dwy7w
I0000 00:00:1791229976.581429 1031738 loader.cc:471] SavedModel load for tags { serve }; Status: success: OK. Took 43716 microseconds.
/home/danielpark605/tinyml-venv/lib/python3.12/site-packages/tensorflow/lite/python/interpreter.py:457: UserWarning:     Warning: tf.lite.Interpreter is deprecated and is scheduled for deletion in
    TF 2.20. Please use the LiteRT interpreter from the ai_edge_litert package.
    See the [migration guide](https://ai.google.dev/edge/litert/migration)
    for details.
    
  warnings.warn(_INTERPRETER_DELETION_WARNING)
   [QAT Strip] Input model type: Functional
   [QAT Strip] Input model class: tf_keras.src.engine.functional.Functional
   [QAT Strip] Creating TF.Keras Functional model with input shape: (78,)
   [QAT Strip] TF_USE_LEGACY_KERAS=1
   [QAT Strip] 4 Dense layers after BatchNorm folding
   [QAT Strip] Created model type: Functional
   [QAT Strip] Model class: tf_keras.src.engine.functional.Functional
   [QAT Strip] Total layers: 5
   [QAT Strip] Is tensorflow.keras model: False
   [QAT Strip] WARNING: Model is not tensorflow.keras! QAT may fail.
✅ Saved (QAT): data/processed/revision/2026-10-05_x1_calib_methods/quant_lit/cic_near_iid/fq_pct9999_pooled_rand_d0.tflite (206.75 KB)
   Quantization: 10/16 tensors (62.5%)
   Input: <class 'numpy.float32'>, Output: <class 'numpy.float32'>
  [cic_near_iid] fq_pct9999             pooled_rand  d0 f1=0.8309 far=0.0834 missed=58/85173
/home/danielpark605/tinyml-venv/lib/python3.12/site-packages/tensorflow/lite/python/convert.py:846: UserWarning: Statistics for quantized inputs were expected, but not specified; continuing anyway.
  warnings.warn(
W0000 00:00:1791229980.134790 1031738 tf_tfl_flatbuffer_helpers.cc:364] Ignored output_format.
W0000 00:00:1791229980.135175 1031738 tf_tfl_flatbuffer_helpers.cc:367] Ignored drop_control_dependency.
I0000 00:00:1791229980.135644 1031738 reader.cc:83] Reading SavedModel from: /tmp/tmpioo5f_pu
I0000 00:00:1791229980.136962 1031738 reader.cc:52] Reading meta graph with tags { serve }
I0000 00:00:1791229980.137298 1031738 reader.cc:147] Reading SavedModel debug info (if present) from: /tmp/tmpioo5f_pu
I0000 00:00:1791229980.148867 1031738 loader.cc:236] Restoring SavedModel bundle.
I0000 00:00:1791229980.182387 1031738 loader.cc:220] Running initialization op on SavedModel bundle at path: /tmp/tmpioo5f_pu
I0000 00:00:1791229980.193629 1031738 loader.cc:471] SavedModel load for tags { serve }; Status: success: OK. Took 58003 microseconds.
/home/danielpark605/tinyml-venv/lib/python3.12/site-packages/tensorflow/lite/python/interpreter.py:457: UserWarning:     Warning: tf.lite.Interpreter is deprecated and is scheduled for deletion in
    TF 2.20. Please use the LiteRT interpreter from the ai_edge_litert package.
    See the [migration guide](https://ai.google.dev/edge/litert/migration)
    for details.
    
  warnings.warn(_INTERPRETER_DELETION_WARNING)
   [QAT Strip] Input model type: Functional
   [QAT Strip] Input model class: tf_keras.src.engine.functional.Functional
   [QAT Strip] Creating TF.Keras Functional model with input shape: (78,)
   [QAT Strip] TF_USE_LEGACY_KERAS=1
   [QAT Strip] 4 Dense layers after BatchNorm folding
   [QAT Strip] Created model type: Functional
   [QAT Strip] Model class: tf_keras.src.engine.functional.Functional
   [QAT Strip] Total layers: 5
   [QAT Strip] Is tensorflow.keras model: False
   [QAT Strip] WARNING: Model is not tensorflow.keras! QAT may fail.
✅ Saved (QAT): data/processed/revision/2026-10-05_x1_calib_methods/quant_lit/cic_near_iid/fq_mse_pooled_rand_d0.tflite (206.75 KB)
   Quantization: 10/16 tensors (62.5%)
   Input: <class 'numpy.float32'>, Output: <class 'numpy.float32'>
  [cic_near_iid] fq_mse                 pooled_rand  d0 f1=0.8305 far=0.0824 missed=425/85173
/home/danielpark605/tinyml-venv/lib/python3.12/site-packages/tensorflow/lite/python/convert.py:846: UserWarning: Statistics for quantized inputs were expected, but not specified; continuing anyway.
  warnings.warn(
W0000 00:00:1791229985.965289 1031738 tf_tfl_flatbuffer_helpers.cc:364] Ignored output_format.
W0000 00:00:1791229985.965684 1031738 tf_tfl_flatbuffer_helpers.cc:367] Ignored drop_control_dependency.
I0000 00:00:1791229985.966163 1031738 reader.cc:83] Reading SavedModel from: /tmp/tmp5o1c7mwf
I0000 00:00:1791229985.968187 1031738 reader.cc:52] Reading meta graph with tags { serve }
I0000 00:00:1791229985.968541 1031738 reader.cc:147] Reading SavedModel debug info (if present) from: /tmp/tmp5o1c7mwf
I0000 00:00:1791229985.977211 1031738 loader.cc:236] Restoring SavedModel bundle.
I0000 00:00:1791229986.007812 1031738 loader.cc:220] Running initialization op on SavedModel bundle at path: /tmp/tmp5o1c7mwf
I0000 00:00:1791229986.019840 1031738 loader.cc:471] SavedModel load for tags { serve }; Status: success: OK. Took 53686 microseconds.
/home/danielpark605/tinyml-venv/lib/python3.12/site-packages/tensorflow/lite/python/interpreter.py:457: UserWarning:     Warning: tf.lite.Interpreter is deprecated and is scheduled for deletion in
    TF 2.20. Please use the LiteRT interpreter from the ai_edge_litert package.
    See the [migration guide](https://ai.google.dev/edge/litert/migration)
    for details.
    
  warnings.warn(_INTERPRETER_DELETION_WARNING)
   [QAT Strip] Input model type: Functional
   [QAT Strip] Input model class: tf_keras.src.engine.functional.Functional
   [QAT Strip] Creating TF.Keras Functional model with input shape: (78,)
   [QAT Strip] TF_USE_LEGACY_KERAS=1
   [QAT Strip] 4 Dense layers after BatchNorm folding
   [QAT Strip] Created model type: Functional
   [QAT Strip] Model class: tf_keras.src.engine.functional.Functional
   [QAT Strip] Total layers: 5
   [QAT Strip] Is tensorflow.keras model: False
   [QAT Strip] WARNING: Model is not tensorflow.keras! QAT may fail.
✅ Saved (QAT): data/processed/revision/2026-10-05_x1_calib_methods/quant_lit/cic_near_iid/fq_kl_pooled_rand_d0.tflite (206.75 KB)
   Quantization: 10/16 tensors (62.5%)
   Input: <class 'numpy.float32'>, Output: <class 'numpy.float32'>
  [cic_near_iid] fq_kl                  pooled_rand  d0 f1=0.8352 far=0.0802 missed=260/85173
/home/danielpark605/tinyml-venv/lib/python3.12/site-packages/tensorflow/lite/python/convert.py:846: UserWarning: Statistics for quantized inputs were expected, but not specified; continuing anyway.
  warnings.warn(
W0000 00:00:1791229989.225811 1031738 tf_tfl_flatbuffer_helpers.cc:364] Ignored output_format.
W0000 00:00:1791229989.226184 1031738 tf_tfl_flatbuffer_helpers.cc:367] Ignored drop_control_dependency.
I0000 00:00:1791229989.226606 1031738 reader.cc:83] Reading SavedModel from: /tmp/tmpwullfdk2
I0000 00:00:1791229989.228277 1031738 reader.cc:52] Reading meta graph with tags { serve }
I0000 00:00:1791229989.228617 1031738 reader.cc:147] Reading SavedModel debug info (if present) from: /tmp/tmpwullfdk2
I0000 00:00:1791229989.236258 1031738 loader.cc:236] Restoring SavedModel bundle.
I0000 00:00:1791229989.263326 1031738 loader.cc:220] Running initialization op on SavedModel bundle at path: /tmp/tmpwullfdk2
I0000 00:00:1791229989.272908 1031738 loader.cc:471] SavedModel load for tags { serve }; Status: success: OK. Took 46310 microseconds.
/home/danielpark605/tinyml-venv/lib/python3.12/site-packages/tensorflow/lite/python/interpreter.py:457: UserWarning:     Warning: tf.lite.Interpreter is deprecated and is scheduled for deletion in
    TF 2.20. Please use the LiteRT interpreter from the ai_edge_litert package.
    See the [migration guide](https://ai.google.dev/edge/litert/migration)
    for details.
    
  warnings.warn(_INTERPRETER_DELETION_WARNING)
   [QAT Strip] Input model type: Functional
   [QAT Strip] Input model class: tf_keras.src.engine.functional.Functional
   [QAT Strip] Creating TF.Keras Functional model with input shape: (78,)
   [QAT Strip] TF_USE_LEGACY_KERAS=1
   [QAT Strip] 4 Dense layers after BatchNorm folding
   [QAT Strip] Created model type: Functional
   [QAT Strip] Model class: tf_keras.src.engine.functional.Functional
   [QAT Strip] Total layers: 5
   [QAT Strip] Is tensorflow.keras model: False
   [QAT Strip] WARNING: Model is not tensorflow.keras! QAT may fail.
✅ Saved (QAT): data/processed/revision/2026-10-05_x1_calib_methods/quant_lit/cic_near_iid/fq_clip5_max_pooled_rand_d0.tflite (206.75 KB)
   Quantization: 10/16 tensors (62.5%)
   Input: <class 'numpy.float32'>, Output: <class 'numpy.float32'>
  [cic_near_iid] fq_clip5_max           pooled_rand  d0 f1=0.8304 far=0.0830 missed=256/85173
/home/danielpark605/tinyml-venv/lib/python3.12/site-packages/tensorflow/lite/python/convert.py:846: UserWarning: Statistics for quantized inputs were expected, but not specified; continuing anyway.
  warnings.warn(
W0000 00:00:1791229992.151635 1031738 tf_tfl_flatbuffer_helpers.cc:364] Ignored output_format.
W0000 00:00:1791229992.152005 1031738 tf_tfl_flatbuffer_helpers.cc:367] Ignored drop_control_dependency.
I0000 00:00:1791229992.152435 1031738 reader.cc:83] Reading SavedModel from: /tmp/tmp8klfoso4
I0000 00:00:1791229992.153238 1031738 reader.cc:52] Reading meta graph with tags { serve }
I0000 00:00:1791229992.153602 1031738 reader.cc:147] Reading SavedModel debug info (if present) from: /tmp/tmp8klfoso4
I0000 00:00:1791229992.156553 1031738 loader.cc:236] Restoring SavedModel bundle.
I0000 00:00:1791229992.168729 1031738 loader.cc:220] Running initialization op on SavedModel bundle at path: /tmp/tmp8klfoso4
I0000 00:00:1791229992.172385 1031738 loader.cc:471] SavedModel load for tags { serve }; Status: success: OK. Took 19955 microseconds.
fully_quantize: 0, inference_type: 6, input_inference_type: FLOAT32, output_inference_type: FLOAT32
W0000 00:00:1791229992.285164 1031738 flatbuffer_export.cc:3851] Skipping runtime version metadata in the model. This will be generated by the exporter.
/home/danielpark605/tinyml-venv/lib/python3.12/site-packages/tensorflow/lite/python/interpreter.py:457: UserWarning:     Warning: tf.lite.Interpreter is deprecated and is scheduled for deletion in
    TF 2.20. Please use the LiteRT interpreter from the ai_edge_litert package.
    See the [migration guide](https://ai.google.dev/edge/litert/migration)
    for details.
    
  warnings.warn(_INTERPRETER_DELETION_WARNING)
  [cic_near_iid] tflite_max             client0      d0 f1=0.6911 far=0.1816 missed=420/85173
/home/danielpark605/tinyml-venv/lib/python3.12/site-packages/tensorflow/lite/python/convert.py:846: UserWarning: Statistics for quantized inputs were expected, but not specified; continuing anyway.
  warnings.warn(
W0000 00:00:1791229995.111636 1031738 tf_tfl_flatbuffer_helpers.cc:364] Ignored output_format.
W0000 00:00:1791229995.112003 1031738 tf_tfl_flatbuffer_helpers.cc:367] Ignored drop_control_dependency.
I0000 00:00:1791229995.112467 1031738 reader.cc:83] Reading SavedModel from: /tmp/tmpb714x73z
I0000 00:00:1791229995.113447 1031738 reader.cc:52] Reading meta graph with tags { serve }
I0000 00:00:1791229995.113820 1031738 reader.cc:147] Reading SavedModel debug info (if present) from: /tmp/tmpb714x73z
I0000 00:00:1791229995.117075 1031738 loader.cc:236] Restoring SavedModel bundle.
I0000 00:00:1791229995.128727 1031738 loader.cc:220] Running initialization op on SavedModel bundle at path: /tmp/tmpb714x73z
I0000 00:00:1791229995.133911 1031738 loader.cc:471] SavedModel load for tags { serve }; Status: success: OK. Took 21456 microseconds.
fully_quantize: 0, inference_type: 6, input_inference_type: FLOAT32, output_inference_type: FLOAT32
W0000 00:00:1791229995.253378 1031738 flatbuffer_export.cc:3851] Skipping runtime version metadata in the model. This will be generated by the exporter.
/home/danielpark605/tinyml-venv/lib/python3.12/site-packages/tensorflow/lite/python/interpreter.py:457: UserWarning:     Warning: tf.lite.Interpreter is deprecated and is scheduled for deletion in
    TF 2.20. Please use the LiteRT interpreter from the ai_edge_litert package.
    See the [migration guide](https://ai.google.dev/edge/litert/migration)
    for details.
    
  warnings.warn(_INTERPRETER_DELETION_WARNING)
  [cic_near_iid] tflite_clip5           client0      d0 f1=0.8395 far=0.0783 missed=63/85173
/home/danielpark605/tinyml-venv/lib/python3.12/site-packages/tensorflow/lite/python/convert.py:846: UserWarning: Statistics for quantized inputs were expected, but not specified; continuing anyway.
  warnings.warn(
W0000 00:00:1791229995.989633 1031738 tf_tfl_flatbuffer_helpers.cc:364] Ignored output_format.
W0000 00:00:1791229995.990024 1031738 tf_tfl_flatbuffer_helpers.cc:367] Ignored drop_control_dependency.
I0000 00:00:1791229995.990493 1031738 reader.cc:83] Reading SavedModel from: /tmp/tmpitzgbxad
I0000 00:00:1791229995.991178 1031738 reader.cc:52] Reading meta graph with tags { serve }
I0000 00:00:1791229995.991581 1031738 reader.cc:147] Reading SavedModel debug info (if present) from: /tmp/tmpitzgbxad
I0000 00:00:1791229995.994241 1031738 loader.cc:236] Restoring SavedModel bundle.
I0000 00:00:1791229996.005257 1031738 loader.cc:220] Running initialization op on SavedModel bundle at path: /tmp/tmpitzgbxad
I0000 00:00:1791229996.009000 1031738 loader.cc:471] SavedModel load for tags { serve }; Status: success: OK. Took 18514 microseconds.
fully_quantize: 0, inference_type: 6, input_inference_type: FLOAT32, output_inference_type: FLOAT32
W0000 00:00:1791229996.108391 1031738 flatbuffer_export.cc:3851] Skipping runtime version metadata in the model. This will be generated by the exporter.
/home/danielpark605/tinyml-venv/lib/python3.12/site-packages/tensorflow/lite/python/interpreter.py:457: UserWarning:     Warning: tf.lite.Interpreter is deprecated and is scheduled for deletion in
    TF 2.20. Please use the LiteRT interpreter from the ai_edge_litert package.
    See the [migration guide](https://ai.google.dev/edge/litert/migration)
    for details.
    
  warnings.warn(_INTERPRETER_DELETION_WARNING)
  [cic_near_iid] tflite_max_per_tensor  client0      d0 f1=0.6905 far=0.1805 missed=774/85173
/home/danielpark605/tinyml-venv/lib/python3.12/site-packages/tensorflow/lite/python/convert.py:846: UserWarning: Statistics for quantized inputs were expected, but not specified; continuing anyway.
  warnings.warn(
W0000 00:00:1791229999.641705 1031738 tf_tfl_flatbuffer_helpers.cc:364] Ignored output_format.
W0000 00:00:1791229999.642110 1031738 tf_tfl_flatbuffer_helpers.cc:367] Ignored drop_control_dependency.
I0000 00:00:1791229999.642650 1031738 reader.cc:83] Reading SavedModel from: /tmp/tmpilpa7cc4
I0000 00:00:1791229999.644760 1031738 reader.cc:52] Reading meta graph with tags { serve }
I0000 00:00:1791229999.645124 1031738 reader.cc:147] Reading SavedModel debug info (if present) from: /tmp/tmpilpa7cc4
I0000 00:00:1791229999.653789 1031738 loader.cc:236] Restoring SavedModel bundle.
I0000 00:00:1791229999.685842 1031738 loader.cc:220] Running initialization op on SavedModel bundle at path: /tmp/tmpilpa7cc4
I0000 00:00:1791229999.695176 1031738 loader.cc:471] SavedModel load for tags { serve }; Status: success: OK. Took 52535 microseconds.
/home/danielpark605/tinyml-venv/lib/python3.12/site-packages/tensorflow/lite/python/interpreter.py:457: UserWarning:     Warning: tf.lite.Interpreter is deprecated and is scheduled for deletion in
    TF 2.20. Please use the LiteRT interpreter from the ai_edge_litert package.
    See the [migration guide](https://ai.google.dev/edge/litert/migration)
    for details.
    
  warnings.warn(_INTERPRETER_DELETION_WARNING)
   [QAT Strip] Input model type: Functional
   [QAT Strip] Input model class: tf_keras.src.engine.functional.Functional
   [QAT Strip] Creating TF.Keras Functional model with input shape: (78,)
   [QAT Strip] TF_USE_LEGACY_KERAS=1
   [QAT Strip] 4 Dense layers after BatchNorm folding
   [QAT Strip] Created model type: Functional
   [QAT Strip] Model class: tf_keras.src.engine.functional.Functional
   [QAT Strip] Total layers: 5
   [QAT Strip] Is tensorflow.keras model: False
   [QAT Strip] WARNING: Model is not tensorflow.keras! QAT may fail.
✅ Saved (QAT): data/processed/revision/2026-10-05_x1_calib_methods/quant_lit/cic_near_iid/fq_max_client0_d0.tflite (206.75 KB)
   Quantization: 10/16 tensors (62.5%)
   Input: <class 'numpy.float32'>, Output: <class 'numpy.float32'>
  [cic_near_iid] fq_max                 client0      d0 f1=0.6905 far=0.1806 missed=774/85173
/home/danielpark605/tinyml-venv/lib/python3.12/site-packages/tensorflow/lite/python/convert.py:846: UserWarning: Statistics for quantized inputs were expected, but not specified; continuing anyway.
  warnings.warn(
W0000 00:00:1791230003.176514 1031738 tf_tfl_flatbuffer_helpers.cc:364] Ignored output_format.
W0000 00:00:1791230003.176950 1031738 tf_tfl_flatbuffer_helpers.cc:367] Ignored drop_control_dependency.
I0000 00:00:1791230003.177432 1031738 reader.cc:83] Reading SavedModel from: /tmp/tmp_71nsioy
I0000 00:00:1791230003.179033 1031738 reader.cc:52] Reading meta graph with tags { serve }
I0000 00:00:1791230003.179440 1031738 reader.cc:147] Reading SavedModel debug info (if present) from: /tmp/tmp_71nsioy
I0000 00:00:1791230003.188327 1031738 loader.cc:236] Restoring SavedModel bundle.
I0000 00:00:1791230003.216946 1031738 loader.cc:220] Running initialization op on SavedModel bundle at path: /tmp/tmp_71nsioy
I0000 00:00:1791230003.225365 1031738 loader.cc:471] SavedModel load for tags { serve }; Status: success: OK. Took 47938 microseconds.
/home/danielpark605/tinyml-venv/lib/python3.12/site-packages/tensorflow/lite/python/interpreter.py:457: UserWarning:     Warning: tf.lite.Interpreter is deprecated and is scheduled for deletion in
    TF 2.20. Please use the LiteRT interpreter from the ai_edge_litert package.
    See the [migration guide](https://ai.google.dev/edge/litert/migration)
    for details.
    
  warnings.warn(_INTERPRETER_DELETION_WARNING)
   [QAT Strip] Input model type: Functional
   [QAT Strip] Input model class: tf_keras.src.engine.functional.Functional
   [QAT Strip] Creating TF.Keras Functional model with input shape: (78,)
   [QAT Strip] TF_USE_LEGACY_KERAS=1
   [QAT Strip] 4 Dense layers after BatchNorm folding
   [QAT Strip] Created model type: Functional
   [QAT Strip] Model class: tf_keras.src.engine.functional.Functional
   [QAT Strip] Total layers: 5
   [QAT Strip] Is tensorflow.keras model: False
   [QAT Strip] WARNING: Model is not tensorflow.keras! QAT may fail.
✅ Saved (QAT): data/processed/revision/2026-10-05_x1_calib_methods/quant_lit/cic_near_iid/fq_pct999_client0_d0.tflite (206.75 KB)
   Quantization: 10/16 tensors (62.5%)
   Input: <class 'numpy.float32'>, Output: <class 'numpy.float32'>
  [cic_near_iid] fq_pct999              client0      d0 f1=0.8490 far=0.0729 missed=64/85173
/home/danielpark605/tinyml-venv/lib/python3.12/site-packages/tensorflow/lite/python/convert.py:846: UserWarning: Statistics for quantized inputs were expected, but not specified; continuing anyway.
  warnings.warn(
W0000 00:00:1791230006.789297 1031738 tf_tfl_flatbuffer_helpers.cc:364] Ignored output_format.
W0000 00:00:1791230006.789728 1031738 tf_tfl_flatbuffer_helpers.cc:367] Ignored drop_control_dependency.
I0000 00:00:1791230006.790172 1031738 reader.cc:83] Reading SavedModel from: /tmp/tmplkhfo1s7
I0000 00:00:1791230006.792367 1031738 reader.cc:52] Reading meta graph with tags { serve }
I0000 00:00:1791230006.792726 1031738 reader.cc:147] Reading SavedModel debug info (if present) from: /tmp/tmplkhfo1s7
I0000 00:00:1791230006.800454 1031738 loader.cc:236] Restoring SavedModel bundle.
I0000 00:00:1791230006.826379 1031738 loader.cc:220] Running initialization op on SavedModel bundle at path: /tmp/tmplkhfo1s7
I0000 00:00:1791230006.834443 1031738 loader.cc:471] SavedModel load for tags { serve }; Status: success: OK. Took 44281 microseconds.
/home/danielpark605/tinyml-venv/lib/python3.12/site-packages/tensorflow/lite/python/interpreter.py:457: UserWarning:     Warning: tf.lite.Interpreter is deprecated and is scheduled for deletion in
    TF 2.20. Please use the LiteRT interpreter from the ai_edge_litert package.
    See the [migration guide](https://ai.google.dev/edge/litert/migration)
    for details.
    
  warnings.warn(_INTERPRETER_DELETION_WARNING)
   [QAT Strip] Input model type: Functional
   [QAT Strip] Input model class: tf_keras.src.engine.functional.Functional
   [QAT Strip] Creating TF.Keras Functional model with input shape: (78,)
   [QAT Strip] TF_USE_LEGACY_KERAS=1
   [QAT Strip] 4 Dense layers after BatchNorm folding
   [QAT Strip] Created model type: Functional
   [QAT Strip] Model class: tf_keras.src.engine.functional.Functional
   [QAT Strip] Total layers: 5
   [QAT Strip] Is tensorflow.keras model: False
   [QAT Strip] WARNING: Model is not tensorflow.keras! QAT may fail.
✅ Saved (QAT): data/processed/revision/2026-10-05_x1_calib_methods/quant_lit/cic_near_iid/fq_pct9999_client0_d0.tflite (206.75 KB)
   Quantization: 10/16 tensors (62.5%)
   Input: <class 'numpy.float32'>, Output: <class 'numpy.float32'>
  [cic_near_iid] fq_pct9999             client0      d0 f1=0.8373 far=0.0796 missed=62/85173
/home/danielpark605/tinyml-venv/lib/python3.12/site-packages/tensorflow/lite/python/convert.py:846: UserWarning: Statistics for quantized inputs were expected, but not specified; continuing anyway.
  warnings.warn(
W0000 00:00:1791230010.531646 1031738 tf_tfl_flatbuffer_helpers.cc:364] Ignored output_format.
W0000 00:00:1791230010.532057 1031738 tf_tfl_flatbuffer_helpers.cc:367] Ignored drop_control_dependency.
I0000 00:00:1791230010.532620 1031738 reader.cc:83] Reading SavedModel from: /tmp/tmps802boot
I0000 00:00:1791230010.534526 1031738 reader.cc:52] Reading meta graph with tags { serve }
I0000 00:00:1791230010.534885 1031738 reader.cc:147] Reading SavedModel debug info (if present) from: /tmp/tmps802boot
I0000 00:00:1791230010.542990 1031738 loader.cc:236] Restoring SavedModel bundle.
I0000 00:00:1791230010.580589 1031738 loader.cc:220] Running initialization op on SavedModel bundle at path: /tmp/tmps802boot
I0000 00:00:1791230010.593711 1031738 loader.cc:471] SavedModel load for tags { serve }; Status: success: OK. Took 61100 microseconds.
/home/danielpark605/tinyml-venv/lib/python3.12/site-packages/tensorflow/lite/python/interpreter.py:457: UserWarning:     Warning: tf.lite.Interpreter is deprecated and is scheduled for deletion in
    TF 2.20. Please use the LiteRT interpreter from the ai_edge_litert package.
    See the [migration guide](https://ai.google.dev/edge/litert/migration)
    for details.
    
  warnings.warn(_INTERPRETER_DELETION_WARNING)
   [QAT Strip] Input model type: Functional
   [QAT Strip] Input model class: tf_keras.src.engine.functional.Functional
   [QAT Strip] Creating TF.Keras Functional model with input shape: (78,)
   [QAT Strip] TF_USE_LEGACY_KERAS=1
   [QAT Strip] 4 Dense layers after BatchNorm folding
   [QAT Strip] Created model type: Functional
   [QAT Strip] Model class: tf_keras.src.engine.functional.Functional
   [QAT Strip] Total layers: 5
   [QAT Strip] Is tensorflow.keras model: False
   [QAT Strip] WARNING: Model is not tensorflow.keras! QAT may fail.
✅ Saved (QAT): data/processed/revision/2026-10-05_x1_calib_methods/quant_lit/cic_near_iid/fq_mse_client0_d0.tflite (206.75 KB)
   Quantization: 10/16 tensors (62.5%)
   Input: <class 'numpy.float32'>, Output: <class 'numpy.float32'>
  [cic_near_iid] fq_mse                 client0      d0 f1=0.7654 far=0.1208 missed=1314/85173
/home/danielpark605/tinyml-venv/lib/python3.12/site-packages/tensorflow/lite/python/convert.py:846: UserWarning: Statistics for quantized inputs were expected, but not specified; continuing anyway.
  warnings.warn(
W0000 00:00:1791230015.371051 1031738 tf_tfl_flatbuffer_helpers.cc:364] Ignored output_format.
W0000 00:00:1791230015.371484 1031738 tf_tfl_flatbuffer_helpers.cc:367] Ignored drop_control_dependency.
I0000 00:00:1791230015.372131 1031738 reader.cc:83] Reading SavedModel from: /tmp/tmpk1pzxk4j
I0000 00:00:1791230015.373874 1031738 reader.cc:52] Reading meta graph with tags { serve }
I0000 00:00:1791230015.374316 1031738 reader.cc:147] Reading SavedModel debug info (if present) from: /tmp/tmpk1pzxk4j
I0000 00:00:1791230015.383759 1031738 loader.cc:236] Restoring SavedModel bundle.
I0000 00:00:1791230015.418881 1031738 loader.cc:220] Running initialization op on SavedModel bundle at path: /tmp/tmpk1pzxk4j
I0000 00:00:1791230015.427423 1031738 loader.cc:471] SavedModel load for tags { serve }; Status: success: OK. Took 55300 microseconds.
/home/danielpark605/tinyml-venv/lib/python3.12/site-packages/tensorflow/lite/python/interpreter.py:457: UserWarning:     Warning: tf.lite.Interpreter is deprecated and is scheduled for deletion in
    TF 2.20. Please use the LiteRT interpreter from the ai_edge_litert package.
    See the [migration guide](https://ai.google.dev/edge/litert/migration)
    for details.
    
  warnings.warn(_INTERPRETER_DELETION_WARNING)
   [QAT Strip] Input model type: Functional
   [QAT Strip] Input model class: tf_keras.src.engine.functional.Functional
   [QAT Strip] Creating TF.Keras Functional model with input shape: (78,)
   [QAT Strip] TF_USE_LEGACY_KERAS=1
   [QAT Strip] 4 Dense layers after BatchNorm folding
   [QAT Strip] Created model type: Functional
   [QAT Strip] Model class: tf_keras.src.engine.functional.Functional
   [QAT Strip] Total layers: 5
   [QAT Strip] Is tensorflow.keras model: False
   [QAT Strip] WARNING: Model is not tensorflow.keras! QAT may fail.
✅ Saved (QAT): data/processed/revision/2026-10-05_x1_calib_methods/quant_lit/cic_near_iid/fq_kl_client0_d0.tflite (206.76 KB)
   Quantization: 10/16 tensors (62.5%)
   Input: <class 'numpy.float32'>, Output: <class 'numpy.float32'>
  [cic_near_iid] fq_kl                  client0      d0 f1=0.8413 far=0.0773 missed=52/85173
/home/danielpark605/tinyml-venv/lib/python3.12/site-packages/tensorflow/lite/python/convert.py:846: UserWarning: Statistics for quantized inputs were expected, but not specified; continuing anyway.
  warnings.warn(
W0000 00:00:1791230019.264422 1031738 tf_tfl_flatbuffer_helpers.cc:364] Ignored output_format.
W0000 00:00:1791230019.264816 1031738 tf_tfl_flatbuffer_helpers.cc:367] Ignored drop_control_dependency.
I0000 00:00:1791230019.265305 1031738 reader.cc:83] Reading SavedModel from: /tmp/tmpdfgbnzg_
I0000 00:00:1791230019.267309 1031738 reader.cc:52] Reading meta graph with tags { serve }
I0000 00:00:1791230019.267727 1031738 reader.cc:147] Reading SavedModel debug info (if present) from: /tmp/tmpdfgbnzg_
I0000 00:00:1791230019.276406 1031738 loader.cc:236] Restoring SavedModel bundle.
I0000 00:00:1791230019.305300 1031738 loader.cc:220] Running initialization op on SavedModel bundle at path: /tmp/tmpdfgbnzg_
I0000 00:00:1791230019.314853 1031738 loader.cc:471] SavedModel load for tags { serve }; Status: success: OK. Took 49563 microseconds.
/home/danielpark605/tinyml-venv/lib/python3.12/site-packages/tensorflow/lite/python/interpreter.py:457: UserWarning:     Warning: tf.lite.Interpreter is deprecated and is scheduled for deletion in
    TF 2.20. Please use the LiteRT interpreter from the ai_edge_litert package.
    See the [migration guide](https://ai.google.dev/edge/litert/migration)
    for details.
    
  warnings.warn(_INTERPRETER_DELETION_WARNING)
   [QAT Strip] Input model type: Functional
   [QAT Strip] Input model class: tf_keras.src.engine.functional.Functional
   [QAT Strip] Creating TF.Keras Functional model with input shape: (78,)
   [QAT Strip] TF_USE_LEGACY_KERAS=1
   [QAT Strip] 4 Dense layers after BatchNorm folding
   [QAT Strip] Created model type: Functional
   [QAT Strip] Model class: tf_keras.src.engine.functional.Functional
   [QAT Strip] Total layers: 5
   [QAT Strip] Is tensorflow.keras model: False
   [QAT Strip] WARNING: Model is not tensorflow.keras! QAT may fail.
✅ Saved (QAT): data/processed/revision/2026-10-05_x1_calib_methods/quant_lit/cic_near_iid/fq_clip5_max_client0_d0.tflite (206.76 KB)
   Quantization: 10/16 tensors (62.5%)
   Input: <class 'numpy.float32'>, Output: <class 'numpy.float32'>
  [cic_near_iid] fq_clip5_max           client0      d0 f1=0.8229 far=0.0877 missed=201/85173
/home/danielpark605/tinyml-venv/lib/python3.12/site-packages/tensorflow/lite/python/convert.py:846: UserWarning: Statistics for quantized inputs were expected, but not specified; continuing anyway.
  warnings.warn(
W0000 00:00:1791230021.925075 1031738 tf_tfl_flatbuffer_helpers.cc:364] Ignored output_format.
W0000 00:00:1791230021.925473 1031738 tf_tfl_flatbuffer_helpers.cc:367] Ignored drop_control_dependency.
I0000 00:00:1791230021.925902 1031738 reader.cc:83] Reading SavedModel from: /tmp/tmprvorhv39
I0000 00:00:1791230021.926707 1031738 reader.cc:52] Reading meta graph with tags { serve }
I0000 00:00:1791230021.927071 1031738 reader.cc:147] Reading SavedModel debug info (if present) from: /tmp/tmprvorhv39
I0000 00:00:1791230021.929818 1031738 loader.cc:236] Restoring SavedModel bundle.
I0000 00:00:1791230021.940601 1031738 loader.cc:220] Running initialization op on SavedModel bundle at path: /tmp/tmprvorhv39
I0000 00:00:1791230021.944769 1031738 loader.cc:471] SavedModel load for tags { serve }; Status: success: OK. Took 18875 microseconds.
fully_quantize: 0, inference_type: 6, input_inference_type: FLOAT32, output_inference_type: FLOAT32
W0000 00:00:1791230022.045062 1031738 flatbuffer_export.cc:3851] Skipping runtime version metadata in the model. This will be generated by the exporter.
/home/danielpark605/tinyml-venv/lib/python3.12/site-packages/tensorflow/lite/python/interpreter.py:457: UserWarning:     Warning: tf.lite.Interpreter is deprecated and is scheduled for deletion in
    TF 2.20. Please use the LiteRT interpreter from the ai_edge_litert package.
    See the [migration guide](https://ai.google.dev/edge/litert/migration)
    for details.
    
  warnings.warn(_INTERPRETER_DELETION_WARNING)
  [cic_near_iid] tflite_max             client1      d0 f1=0.8260 far=0.0863 missed=68/85173
/home/danielpark605/tinyml-venv/lib/python3.12/site-packages/tensorflow/lite/python/convert.py:846: UserWarning: Statistics for quantized inputs were expected, but not specified; continuing anyway.
  warnings.warn(
W0000 00:00:1791230024.592042 1031738 tf_tfl_flatbuffer_helpers.cc:364] Ignored output_format.
W0000 00:00:1791230024.592438 1031738 tf_tfl_flatbuffer_helpers.cc:367] Ignored drop_control_dependency.
I0000 00:00:1791230024.592910 1031738 reader.cc:83] Reading SavedModel from: /tmp/tmpgmbu97b8
I0000 00:00:1791230024.593586 1031738 reader.cc:52] Reading meta graph with tags { serve }
I0000 00:00:1791230024.593951 1031738 reader.cc:147] Reading SavedModel debug info (if present) from: /tmp/tmpgmbu97b8
I0000 00:00:1791230024.597368 1031738 loader.cc:236] Restoring SavedModel bundle.
I0000 00:00:1791230024.608747 1031738 loader.cc:220] Running initialization op on SavedModel bundle at path: /tmp/tmpgmbu97b8
I0000 00:00:1791230024.612422 1031738 loader.cc:471] SavedModel load for tags { serve }; Status: success: OK. Took 19520 microseconds.
fully_quantize: 0, inference_type: 6, input_inference_type: FLOAT32, output_inference_type: FLOAT32
W0000 00:00:1791230024.715476 1031738 flatbuffer_export.cc:3851] Skipping runtime version metadata in the model. This will be generated by the exporter.
/home/danielpark605/tinyml-venv/lib/python3.12/site-packages/tensorflow/lite/python/interpreter.py:457: UserWarning:     Warning: tf.lite.Interpreter is deprecated and is scheduled for deletion in
    TF 2.20. Please use the LiteRT interpreter from the ai_edge_litert package.
    See the [migration guide](https://ai.google.dev/edge/litert/migration)
    for details.
    
  warnings.warn(_INTERPRETER_DELETION_WARNING)
  [cic_near_iid] tflite_clip5           client1      d0 f1=0.8480 far=0.0734 missed=61/85173
/home/danielpark605/tinyml-venv/lib/python3.12/site-packages/tensorflow/lite/python/convert.py:846: UserWarning: Statistics for quantized inputs were expected, but not specified; continuing anyway.
  warnings.warn(
W0000 00:00:1791230025.724039 1031738 tf_tfl_flatbuffer_helpers.cc:364] Ignored output_format.
W0000 00:00:1791230025.724424 1031738 tf_tfl_flatbuffer_helpers.cc:367] Ignored drop_control_dependency.
I0000 00:00:1791230025.724874 1031738 reader.cc:83] Reading SavedModel from: /tmp/tmpiwmyeie4
I0000 00:00:1791230025.725772 1031738 reader.cc:52] Reading meta graph with tags { serve }
I0000 00:00:1791230025.726172 1031738 reader.cc:147] Reading SavedModel debug info (if present) from: /tmp/tmpiwmyeie4
I0000 00:00:1791230025.729311 1031738 loader.cc:236] Restoring SavedModel bundle.
I0000 00:00:1791230025.741382 1031738 loader.cc:220] Running initialization op on SavedModel bundle at path: /tmp/tmpiwmyeie4
I0000 00:00:1791230025.746381 1031738 loader.cc:471] SavedModel load for tags { serve }; Status: success: OK. Took 21515 microseconds.
fully_quantize: 0, inference_type: 6, input_inference_type: FLOAT32, output_inference_type: FLOAT32
W0000 00:00:1791230025.864205 1031738 flatbuffer_export.cc:3851] Skipping runtime version metadata in the model. This will be generated by the exporter.
/home/danielpark605/tinyml-venv/lib/python3.12/site-packages/tensorflow/lite/python/interpreter.py:457: UserWarning:     Warning: tf.lite.Interpreter is deprecated and is scheduled for deletion in
    TF 2.20. Please use the LiteRT interpreter from the ai_edge_litert package.
    See the [migration guide](https://ai.google.dev/edge/litert/migration)
    for details.
    
  warnings.warn(_INTERPRETER_DELETION_WARNING)
  [cic_near_iid] tflite_max_per_tensor  client1      d0 f1=0.8141 far=0.0931 missed=181/85173
/home/danielpark605/tinyml-venv/lib/python3.12/site-packages/tensorflow/lite/python/convert.py:846: UserWarning: Statistics for quantized inputs were expected, but not specified; continuing anyway.
  warnings.warn(
W0000 00:00:1791230029.179221 1031738 tf_tfl_flatbuffer_helpers.cc:364] Ignored output_format.
W0000 00:00:1791230029.179601 1031738 tf_tfl_flatbuffer_helpers.cc:367] Ignored drop_control_dependency.
I0000 00:00:1791230029.180077 1031738 reader.cc:83] Reading SavedModel from: /tmp/tmpmwb1pohh
I0000 00:00:1791230029.181771 1031738 reader.cc:52] Reading meta graph with tags { serve }
I0000 00:00:1791230029.182110 1031738 reader.cc:147] Reading SavedModel debug info (if present) from: /tmp/tmpmwb1pohh
I0000 00:00:1791230029.190320 1031738 loader.cc:236] Restoring SavedModel bundle.
I0000 00:00:1791230029.219460 1031738 loader.cc:220] Running initialization op on SavedModel bundle at path: /tmp/tmpmwb1pohh
I0000 00:00:1791230029.227894 1031738 loader.cc:471] SavedModel load for tags { serve }; Status: success: OK. Took 47826 microseconds.
/home/danielpark605/tinyml-venv/lib/python3.12/site-packages/tensorflow/lite/python/interpreter.py:457: UserWarning:     Warning: tf.lite.Interpreter is deprecated and is scheduled for deletion in
    TF 2.20. Please use the LiteRT interpreter from the ai_edge_litert package.
    See the [migration guide](https://ai.google.dev/edge/litert/migration)
    for details.
    
  warnings.warn(_INTERPRETER_DELETION_WARNING)
   [QAT Strip] Input model type: Functional
   [QAT Strip] Input model class: tf_keras.src.engine.functional.Functional
   [QAT Strip] Creating TF.Keras Functional model with input shape: (78,)
   [QAT Strip] TF_USE_LEGACY_KERAS=1
   [QAT Strip] 4 Dense layers after BatchNorm folding
   [QAT Strip] Created model type: Functional
   [QAT Strip] Model class: tf_keras.src.engine.functional.Functional
   [QAT Strip] Total layers: 5
   [QAT Strip] Is tensorflow.keras model: False
   [QAT Strip] WARNING: Model is not tensorflow.keras! QAT may fail.
✅ Saved (QAT): data/processed/revision/2026-10-05_x1_calib_methods/quant_lit/cic_near_iid/fq_max_client1_d0.tflite (206.76 KB)
   Quantization: 10/16 tensors (62.5%)
   Input: <class 'numpy.float32'>, Output: <class 'numpy.float32'>
  [cic_near_iid] fq_max                 client1      d0 f1=0.8094 far=0.0960 missed=191/85173
/home/danielpark605/tinyml-venv/lib/python3.12/site-packages/tensorflow/lite/python/convert.py:846: UserWarning: Statistics for quantized inputs were expected, but not specified; continuing anyway.
  warnings.warn(
W0000 00:00:1791230032.502752 1031738 tf_tfl_flatbuffer_helpers.cc:364] Ignored output_format.
W0000 00:00:1791230032.503132 1031738 tf_tfl_flatbuffer_helpers.cc:367] Ignored drop_control_dependency.
I0000 00:00:1791230032.503640 1031738 reader.cc:83] Reading SavedModel from: /tmp/tmpu66heg3u
I0000 00:00:1791230032.505695 1031738 reader.cc:52] Reading meta graph with tags { serve }
I0000 00:00:1791230032.506109 1031738 reader.cc:147] Reading SavedModel debug info (if present) from: /tmp/tmpu66heg3u
I0000 00:00:1791230032.516740 1031738 loader.cc:236] Restoring SavedModel bundle.
I0000 00:00:1791230032.543457 1031738 loader.cc:220] Running initialization op on SavedModel bundle at path: /tmp/tmpu66heg3u
I0000 00:00:1791230032.551318 1031738 loader.cc:471] SavedModel load for tags { serve }; Status: success: OK. Took 47691 microseconds.
/home/danielpark605/tinyml-venv/lib/python3.12/site-packages/tensorflow/lite/python/interpreter.py:457: UserWarning:     Warning: tf.lite.Interpreter is deprecated and is scheduled for deletion in
    TF 2.20. Please use the LiteRT interpreter from the ai_edge_litert package.
    See the [migration guide](https://ai.google.dev/edge/litert/migration)
    for details.
    
  warnings.warn(_INTERPRETER_DELETION_WARNING)
   [QAT Strip] Input model type: Functional
   [QAT Strip] Input model class: tf_keras.src.engine.functional.Functional
   [QAT Strip] Creating TF.Keras Functional model with input shape: (78,)
   [QAT Strip] TF_USE_LEGACY_KERAS=1
   [QAT Strip] 4 Dense layers after BatchNorm folding
   [QAT Strip] Created model type: Functional
   [QAT Strip] Model class: tf_keras.src.engine.functional.Functional
   [QAT Strip] Total layers: 5
   [QAT Strip] Is tensorflow.keras model: False
   [QAT Strip] WARNING: Model is not tensorflow.keras! QAT may fail.
✅ Saved (QAT): data/processed/revision/2026-10-05_x1_calib_methods/quant_lit/cic_near_iid/fq_pct999_client1_d0.tflite (206.76 KB)
   Quantization: 10/16 tensors (62.5%)
   Input: <class 'numpy.float32'>, Output: <class 'numpy.float32'>
  [cic_near_iid] fq_pct999              client1      d0 f1=0.8237 far=0.0877 missed=57/85173
/home/danielpark605/tinyml-venv/lib/python3.12/site-packages/tensorflow/lite/python/convert.py:846: UserWarning: Statistics for quantized inputs were expected, but not specified; continuing anyway.
  warnings.warn(
W0000 00:00:1791230035.749035 1031738 tf_tfl_flatbuffer_helpers.cc:364] Ignored output_format.
W0000 00:00:1791230035.749427 1031738 tf_tfl_flatbuffer_helpers.cc:367] Ignored drop_control_dependency.
I0000 00:00:1791230035.749903 1031738 reader.cc:83] Reading SavedModel from: /tmp/tmpjg3cu2uy
I0000 00:00:1791230035.751597 1031738 reader.cc:52] Reading meta graph with tags { serve }
I0000 00:00:1791230035.751958 1031738 reader.cc:147] Reading SavedModel debug info (if present) from: /tmp/tmpjg3cu2uy
I0000 00:00:1791230035.760590 1031738 loader.cc:236] Restoring SavedModel bundle.
I0000 00:00:1791230035.789590 1031738 loader.cc:220] Running initialization op on SavedModel bundle at path: /tmp/tmpjg3cu2uy
I0000 00:00:1791230035.798675 1031738 loader.cc:471] SavedModel load for tags { serve }; Status: success: OK. Took 48781 microseconds.
/home/danielpark605/tinyml-venv/lib/python3.12/site-packages/tensorflow/lite/python/interpreter.py:457: UserWarning:     Warning: tf.lite.Interpreter is deprecated and is scheduled for deletion in
    TF 2.20. Please use the LiteRT interpreter from the ai_edge_litert package.
    See the [migration guide](https://ai.google.dev/edge/litert/migration)
    for details.
    
  warnings.warn(_INTERPRETER_DELETION_WARNING)
   [QAT Strip] Input model type: Functional
   [QAT Strip] Input model class: tf_keras.src.engine.functional.Functional
   [QAT Strip] Creating TF.Keras Functional model with input shape: (78,)
   [QAT Strip] TF_USE_LEGACY_KERAS=1
   [QAT Strip] 4 Dense layers after BatchNorm folding
   [QAT Strip] Created model type: Functional
   [QAT Strip] Model class: tf_keras.src.engine.functional.Functional
   [QAT Strip] Total layers: 5
   [QAT Strip] Is tensorflow.keras model: False
   [QAT Strip] WARNING: Model is not tensorflow.keras! QAT may fail.
✅ Saved (QAT): data/processed/revision/2026-10-05_x1_calib_methods/quant_lit/cic_near_iid/fq_pct9999_client1_d0.tflite (206.76 KB)
   Quantization: 10/16 tensors (62.5%)
   Input: <class 'numpy.float32'>, Output: <class 'numpy.float32'>
  [cic_near_iid] fq_pct9999             client1      d0 f1=0.8336 far=0.0818 missed=63/85173
/home/danielpark605/tinyml-venv/lib/python3.12/site-packages/tensorflow/lite/python/convert.py:846: UserWarning: Statistics for quantized inputs were expected, but not specified; continuing anyway.
  warnings.warn(
W0000 00:00:1791230039.085474 1031738 tf_tfl_flatbuffer_helpers.cc:364] Ignored output_format.
W0000 00:00:1791230039.085802 1031738 tf_tfl_flatbuffer_helpers.cc:367] Ignored drop_control_dependency.
I0000 00:00:1791230039.086205 1031738 reader.cc:83] Reading SavedModel from: /tmp/tmp614jsrql
I0000 00:00:1791230039.087684 1031738 reader.cc:52] Reading meta graph with tags { serve }
I0000 00:00:1791230039.088058 1031738 reader.cc:147] Reading SavedModel debug info (if present) from: /tmp/tmp614jsrql
I0000 00:00:1791230039.095503 1031738 loader.cc:236] Restoring SavedModel bundle.
I0000 00:00:1791230039.123736 1031738 loader.cc:220] Running initialization op on SavedModel bundle at path: /tmp/tmp614jsrql
I0000 00:00:1791230039.135961 1031738 loader.cc:471] SavedModel load for tags { serve }; Status: success: OK. Took 49766 microseconds.
/home/danielpark605/tinyml-venv/lib/python3.12/site-packages/tensorflow/lite/python/interpreter.py:457: UserWarning:     Warning: tf.lite.Interpreter is deprecated and is scheduled for deletion in
    TF 2.20. Please use the LiteRT interpreter from the ai_edge_litert package.
    See the [migration guide](https://ai.google.dev/edge/litert/migration)
    for details.
    
  warnings.warn(_INTERPRETER_DELETION_WARNING)
   [QAT Strip] Input model type: Functional
   [QAT Strip] Input model class: tf_keras.src.engine.functional.Functional
   [QAT Strip] Creating TF.Keras Functional model with input shape: (78,)
   [QAT Strip] TF_USE_LEGACY_KERAS=1
   [QAT Strip] 4 Dense layers after BatchNorm folding
   [QAT Strip] Created model type: Functional
   [QAT Strip] Model class: tf_keras.src.engine.functional.Functional
   [QAT Strip] Total layers: 5
   [QAT Strip] Is tensorflow.keras model: False
   [QAT Strip] WARNING: Model is not tensorflow.keras! QAT may fail.
✅ Saved (QAT): data/processed/revision/2026-10-05_x1_calib_methods/quant_lit/cic_near_iid/fq_mse_client1_d0.tflite (206.76 KB)
   Quantization: 10/16 tensors (62.5%)
   Input: <class 'numpy.float32'>, Output: <class 'numpy.float32'>
  [cic_near_iid] fq_mse                 client1      d0 f1=0.8287 far=0.0843 missed=188/85173
/home/danielpark605/tinyml-venv/lib/python3.12/site-packages/tensorflow/lite/python/convert.py:846: UserWarning: Statistics for quantized inputs were expected, but not specified; continuing anyway.
  warnings.warn(
W0000 00:00:1791230044.235356 1031738 tf_tfl_flatbuffer_helpers.cc:364] Ignored output_format.
W0000 00:00:1791230044.235793 1031738 tf_tfl_flatbuffer_helpers.cc:367] Ignored drop_control_dependency.
I0000 00:00:1791230044.236243 1031738 reader.cc:83] Reading SavedModel from: /tmp/tmpu4y0k4oe
I0000 00:00:1791230044.237942 1031738 reader.cc:52] Reading meta graph with tags { serve }
I0000 00:00:1791230044.238290 1031738 reader.cc:147] Reading SavedModel debug info (if present) from: /tmp/tmpu4y0k4oe
I0000 00:00:1791230044.246345 1031738 loader.cc:236] Restoring SavedModel bundle.
I0000 00:00:1791230044.273301 1031738 loader.cc:220] Running initialization op on SavedModel bundle at path: /tmp/tmpu4y0k4oe
I0000 00:00:1791230044.281171 1031738 loader.cc:471] SavedModel load for tags { serve }; Status: success: OK. Took 44939 microseconds.
/home/danielpark605/tinyml-venv/lib/python3.12/site-packages/tensorflow/lite/python/interpreter.py:457: UserWarning:     Warning: tf.lite.Interpreter is deprecated and is scheduled for deletion in
    TF 2.20. Please use the LiteRT interpreter from the ai_edge_litert package.
    See the [migration guide](https://ai.google.dev/edge/litert/migration)
    for details.
    
  warnings.warn(_INTERPRETER_DELETION_WARNING)
   [QAT Strip] Input model type: Functional
   [QAT Strip] Input model class: tf_keras.src.engine.functional.Functional
   [QAT Strip] Creating TF.Keras Functional model with input shape: (78,)
   [QAT Strip] TF_USE_LEGACY_KERAS=1
   [QAT Strip] 4 Dense layers after BatchNorm folding
   [QAT Strip] Created model type: Functional
   [QAT Strip] Model class: tf_keras.src.engine.functional.Functional
   [QAT Strip] Total layers: 5
   [QAT Strip] Is tensorflow.keras model: False
   [QAT Strip] WARNING: Model is not tensorflow.keras! QAT may fail.
✅ Saved (QAT): data/processed/revision/2026-10-05_x1_calib_methods/quant_lit/cic_near_iid/fq_kl_client1_d0.tflite (206.76 KB)
   Quantization: 10/16 tensors (62.5%)
   Input: <class 'numpy.float32'>, Output: <class 'numpy.float32'>
  [cic_near_iid] fq_kl                  client1      d0 f1=0.8386 far=0.0774 missed=513/85173
/home/danielpark605/tinyml-venv/lib/python3.12/site-packages/tensorflow/lite/python/convert.py:846: UserWarning: Statistics for quantized inputs were expected, but not specified; continuing anyway.
  warnings.warn(
W0000 00:00:1791230047.434702 1031738 tf_tfl_flatbuffer_helpers.cc:364] Ignored output_format.
W0000 00:00:1791230047.435067 1031738 tf_tfl_flatbuffer_helpers.cc:367] Ignored drop_control_dependency.
I0000 00:00:1791230047.435540 1031738 reader.cc:83] Reading SavedModel from: /tmp/tmpj2jcktsw
I0000 00:00:1791230047.437344 1031738 reader.cc:52] Reading meta graph with tags { serve }
I0000 00:00:1791230047.437798 1031738 reader.cc:147] Reading SavedModel debug info (if present) from: /tmp/tmpj2jcktsw
I0000 00:00:1791230047.446044 1031738 loader.cc:236] Restoring SavedModel bundle.
I0000 00:00:1791230047.473333 1031738 loader.cc:220] Running initialization op on SavedModel bundle at path: /tmp/tmpj2jcktsw
I0000 00:00:1791230047.481619 1031738 loader.cc:471] SavedModel load for tags { serve }; Status: success: OK. Took 46087 microseconds.
/home/danielpark605/tinyml-venv/lib/python3.12/site-packages/tensorflow/lite/python/interpreter.py:457: UserWarning:     Warning: tf.lite.Interpreter is deprecated and is scheduled for deletion in
    TF 2.20. Please use the LiteRT interpreter from the ai_edge_litert package.
    See the [migration guide](https://ai.google.dev/edge/litert/migration)
    for details.
    
  warnings.warn(_INTERPRETER_DELETION_WARNING)
   [QAT Strip] Input model type: Functional
   [QAT Strip] Input model class: tf_keras.src.engine.functional.Functional
   [QAT Strip] Creating TF.Keras Functional model with input shape: (78,)
   [QAT Strip] TF_USE_LEGACY_KERAS=1
   [QAT Strip] 4 Dense layers after BatchNorm folding
   [QAT Strip] Created model type: Functional
   [QAT Strip] Model class: tf_keras.src.engine.functional.Functional
   [QAT Strip] Total layers: 5
   [QAT Strip] Is tensorflow.keras model: False
   [QAT Strip] WARNING: Model is not tensorflow.keras! QAT may fail.
✅ Saved (QAT): data/processed/revision/2026-10-05_x1_calib_methods/quant_lit/cic_near_iid/fq_clip5_max_client1_d0.tflite (206.76 KB)
   Quantization: 10/16 tensors (62.5%)
   Input: <class 'numpy.float32'>, Output: <class 'numpy.float32'>
  [cic_near_iid] fq_clip5_max           client1      d0 f1=0.8338 far=0.0811 missed=235/85173
/home/danielpark605/tinyml-venv/lib/python3.12/site-packages/tensorflow/lite/python/convert.py:846: UserWarning: Statistics for quantized inputs were expected, but not specified; continuing anyway.
  warnings.warn(
W0000 00:00:1791230050.008534 1031738 tf_tfl_flatbuffer_helpers.cc:364] Ignored output_format.
W0000 00:00:1791230050.008899 1031738 tf_tfl_flatbuffer_helpers.cc:367] Ignored drop_control_dependency.
I0000 00:00:1791230050.009294 1031738 reader.cc:83] Reading SavedModel from: /tmp/tmpl7unu9wy
I0000 00:00:1791230050.010049 1031738 reader.cc:52] Reading meta graph with tags { serve }
I0000 00:00:1791230050.010351 1031738 reader.cc:147] Reading SavedModel debug info (if present) from: /tmp/tmpl7unu9wy
I0000 00:00:1791230050.012966 1031738 loader.cc:236] Restoring SavedModel bundle.
I0000 00:00:1791230050.023932 1031738 loader.cc:220] Running initialization op on SavedModel bundle at path: /tmp/tmpl7unu9wy
I0000 00:00:1791230050.027441 1031738 loader.cc:471] SavedModel load for tags { serve }; Status: success: OK. Took 18154 microseconds.
fully_quantize: 0, inference_type: 6, input_inference_type: FLOAT32, output_inference_type: FLOAT32
W0000 00:00:1791230050.128999 1031738 flatbuffer_export.cc:3851] Skipping runtime version metadata in the model. This will be generated by the exporter.
/home/danielpark605/tinyml-venv/lib/python3.12/site-packages/tensorflow/lite/python/interpreter.py:457: UserWarning:     Warning: tf.lite.Interpreter is deprecated and is scheduled for deletion in
    TF 2.20. Please use the LiteRT interpreter from the ai_edge_litert package.
    See the [migration guide](https://ai.google.dev/edge/litert/migration)
    for details.
    
  warnings.warn(_INTERPRETER_DELETION_WARNING)
  [cic_near_iid] tflite_max             client2      d0 f1=0.8375 far=0.0794 missed=88/85173
/home/danielpark605/tinyml-venv/lib/python3.12/site-packages/tensorflow/lite/python/convert.py:846: UserWarning: Statistics for quantized inputs were expected, but not specified; continuing anyway.
  warnings.warn(
W0000 00:00:1791230052.516125 1031738 tf_tfl_flatbuffer_helpers.cc:364] Ignored output_format.
W0000 00:00:1791230052.516507 1031738 tf_tfl_flatbuffer_helpers.cc:367] Ignored drop_control_dependency.
I0000 00:00:1791230052.516962 1031738 reader.cc:83] Reading SavedModel from: /tmp/tmppfw6gtmr
I0000 00:00:1791230052.517583 1031738 reader.cc:52] Reading meta graph with tags { serve }
I0000 00:00:1791230052.517943 1031738 reader.cc:147] Reading SavedModel debug info (if present) from: /tmp/tmppfw6gtmr
I0000 00:00:1791230052.519842 1031738 loader.cc:236] Restoring SavedModel bundle.
I0000 00:00:1791230052.530706 1031738 loader.cc:220] Running initialization op on SavedModel bundle at path: /tmp/tmppfw6gtmr
I0000 00:00:1791230052.534835 1031738 loader.cc:471] SavedModel load for tags { serve }; Status: success: OK. Took 17880 microseconds.
fully_quantize: 0, inference_type: 6, input_inference_type: FLOAT32, output_inference_type: FLOAT32
W0000 00:00:1791230052.625701 1031738 flatbuffer_export.cc:3851] Skipping runtime version metadata in the model. This will be generated by the exporter.
/home/danielpark605/tinyml-venv/lib/python3.12/site-packages/tensorflow/lite/python/interpreter.py:457: UserWarning:     Warning: tf.lite.Interpreter is deprecated and is scheduled for deletion in
    TF 2.20. Please use the LiteRT interpreter from the ai_edge_litert package.
    See the [migration guide](https://ai.google.dev/edge/litert/migration)
    for details.
    
  warnings.warn(_INTERPRETER_DELETION_WARNING)
  [cic_near_iid] tflite_clip5           client2      d0 f1=0.8450 far=0.0751 missed=58/85173
/home/danielpark605/tinyml-venv/lib/python3.12/site-packages/tensorflow/lite/python/convert.py:846: UserWarning: Statistics for quantized inputs were expected, but not specified; continuing anyway.
  warnings.warn(
W0000 00:00:1791230055.175030 1031738 tf_tfl_flatbuffer_helpers.cc:364] Ignored output_format.
W0000 00:00:1791230055.175425 1031738 tf_tfl_flatbuffer_helpers.cc:367] Ignored drop_control_dependency.
I0000 00:00:1791230055.175941 1031738 reader.cc:83] Reading SavedModel from: /tmp/tmpbu_s2s9q
I0000 00:00:1791230055.176853 1031738 reader.cc:52] Reading meta graph with tags { serve }
I0000 00:00:1791230055.177230 1031738 reader.cc:147] Reading SavedModel debug info (if present) from: /tmp/tmpbu_s2s9q
I0000 00:00:1791230055.179477 1031738 loader.cc:236] Restoring SavedModel bundle.
I0000 00:00:1791230055.191958 1031738 loader.cc:220] Running initialization op on SavedModel bundle at path: /tmp/tmpbu_s2s9q
I0000 00:00:1791230055.196165 1031738 loader.cc:471] SavedModel load for tags { serve }; Status: success: OK. Took 20237 microseconds.
fully_quantize: 0, inference_type: 6, input_inference_type: FLOAT32, output_inference_type: FLOAT32
W0000 00:00:1791230055.296735 1031738 flatbuffer_export.cc:3851] Skipping runtime version metadata in the model. This will be generated by the exporter.
/home/danielpark605/tinyml-venv/lib/python3.12/site-packages/tensorflow/lite/python/interpreter.py:457: UserWarning:     Warning: tf.lite.Interpreter is deprecated and is scheduled for deletion in
    TF 2.20. Please use the LiteRT interpreter from the ai_edge_litert package.
    See the [migration guide](https://ai.google.dev/edge/litert/migration)
    for details.
    
  warnings.warn(_INTERPRETER_DELETION_WARNING)
  [cic_near_iid] tflite_max_per_tensor  client2      d0 f1=0.8299 far=0.0836 missed=179/85173
/home/danielpark605/tinyml-venv/lib/python3.12/site-packages/tensorflow/lite/python/convert.py:846: UserWarning: Statistics for quantized inputs were expected, but not specified; continuing anyway.
  warnings.warn(
W0000 00:00:1791230056.672291 1031738 tf_tfl_flatbuffer_helpers.cc:364] Ignored output_format.
W0000 00:00:1791230056.672693 1031738 tf_tfl_flatbuffer_helpers.cc:367] Ignored drop_control_dependency.
I0000 00:00:1791230056.673138 1031738 reader.cc:83] Reading SavedModel from: /tmp/tmp8j5l8hq7
I0000 00:00:1791230056.675316 1031738 reader.cc:52] Reading meta graph with tags { serve }
I0000 00:00:1791230056.675678 1031738 reader.cc:147] Reading SavedModel debug info (if present) from: /tmp/tmp8j5l8hq7
I0000 00:00:1791230056.683287 1031738 loader.cc:236] Restoring SavedModel bundle.
I0000 00:00:1791230056.715012 1031738 loader.cc:220] Running initialization op on SavedModel bundle at path: /tmp/tmp8j5l8hq7
I0000 00:00:1791230056.724503 1031738 loader.cc:471] SavedModel load for tags { serve }; Status: success: OK. Took 51376 microseconds.
/home/danielpark605/tinyml-venv/lib/python3.12/site-packages/tensorflow/lite/python/interpreter.py:457: UserWarning:     Warning: tf.lite.Interpreter is deprecated and is scheduled for deletion in
    TF 2.20. Please use the LiteRT interpreter from the ai_edge_litert package.
    See the [migration guide](https://ai.google.dev/edge/litert/migration)
    for details.
    
  warnings.warn(_INTERPRETER_DELETION_WARNING)
   [QAT Strip] Input model type: Functional
   [QAT Strip] Input model class: tf_keras.src.engine.functional.Functional
   [QAT Strip] Creating TF.Keras Functional model with input shape: (78,)
   [QAT Strip] TF_USE_LEGACY_KERAS=1
   [QAT Strip] 4 Dense layers after BatchNorm folding
   [QAT Strip] Created model type: Functional
   [QAT Strip] Model class: tf_keras.src.engine.functional.Functional
   [QAT Strip] Total layers: 5
   [QAT Strip] Is tensorflow.keras model: False
   [QAT Strip] WARNING: Model is not tensorflow.keras! QAT may fail.
✅ Saved (QAT): data/processed/revision/2026-10-05_x1_calib_methods/quant_lit/cic_near_iid/fq_max_client2_d0.tflite (206.76 KB)
   Quantization: 10/16 tensors (62.5%)
   Input: <class 'numpy.float32'>, Output: <class 'numpy.float32'>
  [cic_near_iid] fq_max                 client2      d0 f1=0.8273 far=0.0851 missed=187/85173
/home/danielpark605/tinyml-venv/lib/python3.12/site-packages/tensorflow/lite/python/convert.py:846: UserWarning: Statistics for quantized inputs were expected, but not specified; continuing anyway.
  warnings.warn(
W0000 00:00:1791230059.869838 1031738 tf_tfl_flatbuffer_helpers.cc:364] Ignored output_format.
W0000 00:00:1791230059.870203 1031738 tf_tfl_flatbuffer_helpers.cc:367] Ignored drop_control_dependency.
I0000 00:00:1791230059.870618 1031738 reader.cc:83] Reading SavedModel from: /tmp/tmpl3we6moa
I0000 00:00:1791230059.872309 1031738 reader.cc:52] Reading meta graph with tags { serve }
I0000 00:00:1791230059.872667 1031738 reader.cc:147] Reading SavedModel debug info (if present) from: /tmp/tmpl3we6moa
I0000 00:00:1791230059.880321 1031738 loader.cc:236] Restoring SavedModel bundle.
I0000 00:00:1791230059.906595 1031738 loader.cc:220] Running initialization op on SavedModel bundle at path: /tmp/tmpl3we6moa
I0000 00:00:1791230059.914344 1031738 loader.cc:471] SavedModel load for tags { serve }; Status: success: OK. Took 43739 microseconds.
/home/danielpark605/tinyml-venv/lib/python3.12/site-packages/tensorflow/lite/python/interpreter.py:457: UserWarning:     Warning: tf.lite.Interpreter is deprecated and is scheduled for deletion in
    TF 2.20. Please use the LiteRT interpreter from the ai_edge_litert package.
    See the [migration guide](https://ai.google.dev/edge/litert/migration)
    for details.
    
  warnings.warn(_INTERPRETER_DELETION_WARNING)
   [QAT Strip] Input model type: Functional
   [QAT Strip] Input model class: tf_keras.src.engine.functional.Functional
   [QAT Strip] Creating TF.Keras Functional model with input shape: (78,)
   [QAT Strip] TF_USE_LEGACY_KERAS=1
   [QAT Strip] 4 Dense layers after BatchNorm folding
   [QAT Strip] Created model type: Functional
   [QAT Strip] Model class: tf_keras.src.engine.functional.Functional
   [QAT Strip] Total layers: 5
   [QAT Strip] Is tensorflow.keras model: False
   [QAT Strip] WARNING: Model is not tensorflow.keras! QAT may fail.
✅ Saved (QAT): data/processed/revision/2026-10-05_x1_calib_methods/quant_lit/cic_near_iid/fq_pct999_client2_d0.tflite (206.76 KB)
   Quantization: 10/16 tensors (62.5%)
   Input: <class 'numpy.float32'>, Output: <class 'numpy.float32'>
  [cic_near_iid] fq_pct999              client2      d0 f1=0.8343 far=0.0814 missed=63/85173
/home/danielpark605/tinyml-venv/lib/python3.12/site-packages/tensorflow/lite/python/convert.py:846: UserWarning: Statistics for quantized inputs were expected, but not specified; continuing anyway.
  warnings.warn(
W0000 00:00:1791230063.257920 1031738 tf_tfl_flatbuffer_helpers.cc:364] Ignored output_format.
W0000 00:00:1791230063.258294 1031738 tf_tfl_flatbuffer_helpers.cc:367] Ignored drop_control_dependency.
I0000 00:00:1791230063.258745 1031738 reader.cc:83] Reading SavedModel from: /tmp/tmp7r5hm7ie
I0000 00:00:1791230063.260502 1031738 reader.cc:52] Reading meta graph with tags { serve }
I0000 00:00:1791230063.260855 1031738 reader.cc:147] Reading SavedModel debug info (if present) from: /tmp/tmp7r5hm7ie
I0000 00:00:1791230063.269482 1031738 loader.cc:236] Restoring SavedModel bundle.
I0000 00:00:1791230063.296720 1031738 loader.cc:220] Running initialization op on SavedModel bundle at path: /tmp/tmp7r5hm7ie
I0000 00:00:1791230063.307739 1031738 loader.cc:471] SavedModel load for tags { serve }; Status: success: OK. Took 49022 microseconds.
/home/danielpark605/tinyml-venv/lib/python3.12/site-packages/tensorflow/lite/python/interpreter.py:457: UserWarning:     Warning: tf.lite.Interpreter is deprecated and is scheduled for deletion in
    TF 2.20. Please use the LiteRT interpreter from the ai_edge_litert package.
    See the [migration guide](https://ai.google.dev/edge/litert/migration)
    for details.
    
  warnings.warn(_INTERPRETER_DELETION_WARNING)
   [QAT Strip] Input model type: Functional
   [QAT Strip] Input model class: tf_keras.src.engine.functional.Functional
   [QAT Strip] Creating TF.Keras Functional model with input shape: (78,)
   [QAT Strip] TF_USE_LEGACY_KERAS=1
   [QAT Strip] 4 Dense layers after BatchNorm folding
   [QAT Strip] Created model type: Functional
   [QAT Strip] Model class: tf_keras.src.engine.functional.Functional
   [QAT Strip] Total layers: 5
   [QAT Strip] Is tensorflow.keras model: False
   [QAT Strip] WARNING: Model is not tensorflow.keras! QAT may fail.
✅ Saved (QAT): data/processed/revision/2026-10-05_x1_calib_methods/quant_lit/cic_near_iid/fq_pct9999_client2_d0.tflite (206.76 KB)
   Quantization: 10/16 tensors (62.5%)
   Input: <class 'numpy.float32'>, Output: <class 'numpy.float32'>
  [cic_near_iid] fq_pct9999             client2      d0 f1=0.8096 far=0.0964 missed=56/85173
/home/danielpark605/tinyml-venv/lib/python3.12/site-packages/tensorflow/lite/python/convert.py:846: UserWarning: Statistics for quantized inputs were expected, but not specified; continuing anyway.
  warnings.warn(
W0000 00:00:1791230066.588426 1031738 tf_tfl_flatbuffer_helpers.cc:364] Ignored output_format.
W0000 00:00:1791230066.588809 1031738 tf_tfl_flatbuffer_helpers.cc:367] Ignored drop_control_dependency.
I0000 00:00:1791230066.589243 1031738 reader.cc:83] Reading SavedModel from: /tmp/tmpxmwd80zf
I0000 00:00:1791230066.590981 1031738 reader.cc:52] Reading meta graph with tags { serve }
I0000 00:00:1791230066.591402 1031738 reader.cc:147] Reading SavedModel debug info (if present) from: /tmp/tmpxmwd80zf
I0000 00:00:1791230066.599640 1031738 loader.cc:236] Restoring SavedModel bundle.
I0000 00:00:1791230066.625449 1031738 loader.cc:220] Running initialization op on SavedModel bundle at path: /tmp/tmpxmwd80zf
I0000 00:00:1791230066.633413 1031738 loader.cc:471] SavedModel load for tags { serve }; Status: success: OK. Took 44181 microseconds.
/home/danielpark605/tinyml-venv/lib/python3.12/site-packages/tensorflow/lite/python/interpreter.py:457: UserWarning:     Warning: tf.lite.Interpreter is deprecated and is scheduled for deletion in
    TF 2.20. Please use the LiteRT interpreter from the ai_edge_litert package.
    See the [migration guide](https://ai.google.dev/edge/litert/migration)
    for details.
    
  warnings.warn(_INTERPRETER_DELETION_WARNING)
   [QAT Strip] Input model type: Functional
   [QAT Strip] Input model class: tf_keras.src.engine.functional.Functional
   [QAT Strip] Creating TF.Keras Functional model with input shape: (78,)
   [QAT Strip] TF_USE_LEGACY_KERAS=1
   [QAT Strip] 4 Dense layers after BatchNorm folding
   [QAT Strip] Created model type: Functional
   [QAT Strip] Model class: tf_keras.src.engine.functional.Functional
   [QAT Strip] Total layers: 5
   [QAT Strip] Is tensorflow.keras model: False
   [QAT Strip] WARNING: Model is not tensorflow.keras! QAT may fail.
✅ Saved (QAT): data/processed/revision/2026-10-05_x1_calib_methods/quant_lit/cic_near_iid/fq_mse_client2_d0.tflite (206.76 KB)
   Quantization: 10/16 tensors (62.5%)
   Input: <class 'numpy.float32'>, Output: <class 'numpy.float32'>
  [cic_near_iid] fq_mse                 client2      d0 f1=0.8414 far=0.0772 missed=67/85173
/home/danielpark605/tinyml-venv/lib/python3.12/site-packages/tensorflow/lite/python/convert.py:846: UserWarning: Statistics for quantized inputs were expected, but not specified; continuing anyway.
  warnings.warn(
W0000 00:00:1791230071.645265 1031738 tf_tfl_flatbuffer_helpers.cc:364] Ignored output_format.
W0000 00:00:1791230071.645654 1031738 tf_tfl_flatbuffer_helpers.cc:367] Ignored drop_control_dependency.
I0000 00:00:1791230071.646100 1031738 reader.cc:83] Reading SavedModel from: /tmp/tmp17f064nq
I0000 00:00:1791230071.647743 1031738 reader.cc:52] Reading meta graph with tags { serve }
I0000 00:00:1791230071.648082 1031738 reader.cc:147] Reading SavedModel debug info (if present) from: /tmp/tmp17f064nq
I0000 00:00:1791230071.655678 1031738 loader.cc:236] Restoring SavedModel bundle.
I0000 00:00:1791230071.681781 1031738 loader.cc:220] Running initialization op on SavedModel bundle at path: /tmp/tmp17f064nq
I0000 00:00:1791230071.689522 1031738 loader.cc:471] SavedModel load for tags { serve }; Status: success: OK. Took 43429 microseconds.
/home/danielpark605/tinyml-venv/lib/python3.12/site-packages/tensorflow/lite/python/interpreter.py:457: UserWarning:     Warning: tf.lite.Interpreter is deprecated and is scheduled for deletion in
    TF 2.20. Please use the LiteRT interpreter from the ai_edge_litert package.
    See the [migration guide](https://ai.google.dev/edge/litert/migration)
    for details.
    
  warnings.warn(_INTERPRETER_DELETION_WARNING)
   [QAT Strip] Input model type: Functional
   [QAT Strip] Input model class: tf_keras.src.engine.functional.Functional
   [QAT Strip] Creating TF.Keras Functional model with input shape: (78,)
   [QAT Strip] TF_USE_LEGACY_KERAS=1
   [QAT Strip] 4 Dense layers after BatchNorm folding
   [QAT Strip] Created model type: Functional
   [QAT Strip] Model class: tf_keras.src.engine.functional.Functional
   [QAT Strip] Total layers: 5
   [QAT Strip] Is tensorflow.keras model: False
   [QAT Strip] WARNING: Model is not tensorflow.keras! QAT may fail.
✅ Saved (QAT): data/processed/revision/2026-10-05_x1_calib_methods/quant_lit/cic_near_iid/fq_kl_client2_d0.tflite (206.76 KB)
   Quantization: 10/16 tensors (62.5%)
   Input: <class 'numpy.float32'>, Output: <class 'numpy.float32'>
  [cic_near_iid] fq_kl                  client2      d0 f1=0.8381 far=0.0776 missed=508/85173
/home/danielpark605/tinyml-venv/lib/python3.12/site-packages/tensorflow/lite/python/convert.py:846: UserWarning: Statistics for quantized inputs were expected, but not specified; continuing anyway.
  warnings.warn(
W0000 00:00:1791230075.042258 1031738 tf_tfl_flatbuffer_helpers.cc:364] Ignored output_format.
W0000 00:00:1791230075.042631 1031738 tf_tfl_flatbuffer_helpers.cc:367] Ignored drop_control_dependency.
I0000 00:00:1791230075.043095 1031738 reader.cc:83] Reading SavedModel from: /tmp/tmplo54_tt2
I0000 00:00:1791230075.045006 1031738 reader.cc:52] Reading meta graph with tags { serve }
I0000 00:00:1791230075.045371 1031738 reader.cc:147] Reading SavedModel debug info (if present) from: /tmp/tmplo54_tt2
I0000 00:00:1791230075.053667 1031738 loader.cc:236] Restoring SavedModel bundle.
I0000 00:00:1791230075.081218 1031738 loader.cc:220] Running initialization op on SavedModel bundle at path: /tmp/tmplo54_tt2
I0000 00:00:1791230075.089775 1031738 loader.cc:471] SavedModel load for tags { serve }; Status: success: OK. Took 46703 microseconds.
/home/danielpark605/tinyml-venv/lib/python3.12/site-packages/tensorflow/lite/python/interpreter.py:457: UserWarning:     Warning: tf.lite.Interpreter is deprecated and is scheduled for deletion in
    TF 2.20. Please use the LiteRT interpreter from the ai_edge_litert package.
    See the [migration guide](https://ai.google.dev/edge/litert/migration)
    for details.
    
  warnings.warn(_INTERPRETER_DELETION_WARNING)
   [QAT Strip] Input model type: Functional
   [QAT Strip] Input model class: tf_keras.src.engine.functional.Functional
   [QAT Strip] Creating TF.Keras Functional model with input shape: (78,)
   [QAT Strip] TF_USE_LEGACY_KERAS=1
   [QAT Strip] 4 Dense layers after BatchNorm folding
   [QAT Strip] Created model type: Functional
   [QAT Strip] Model class: tf_keras.src.engine.functional.Functional
   [QAT Strip] Total layers: 5
   [QAT Strip] Is tensorflow.keras model: False
   [QAT Strip] WARNING: Model is not tensorflow.keras! QAT may fail.
✅ Saved (QAT): data/processed/revision/2026-10-05_x1_calib_methods/quant_lit/cic_near_iid/fq_clip5_max_client2_d0.tflite (206.76 KB)
   Quantization: 10/16 tensors (62.5%)
   Input: <class 'numpy.float32'>, Output: <class 'numpy.float32'>
  [cic_near_iid] fq_clip5_max           client2      d0 f1=0.8288 far=0.0840 missed=232/85173
/home/danielpark605/tinyml-venv/lib/python3.12/site-packages/tensorflow/lite/python/convert.py:846: UserWarning: Statistics for quantized inputs were expected, but not specified; continuing anyway.
  warnings.warn(
W0000 00:00:1791230077.624358 1031738 tf_tfl_flatbuffer_helpers.cc:364] Ignored output_format.
W0000 00:00:1791230077.624745 1031738 tf_tfl_flatbuffer_helpers.cc:367] Ignored drop_control_dependency.
I0000 00:00:1791230077.625203 1031738 reader.cc:83] Reading SavedModel from: /tmp/tmp1a0_sw43
I0000 00:00:1791230077.625971 1031738 reader.cc:52] Reading meta graph with tags { serve }
I0000 00:00:1791230077.626332 1031738 reader.cc:147] Reading SavedModel debug info (if present) from: /tmp/tmp1a0_sw43
I0000 00:00:1791230077.628435 1031738 loader.cc:236] Restoring SavedModel bundle.
I0000 00:00:1791230077.640071 1031738 loader.cc:220] Running initialization op on SavedModel bundle at path: /tmp/tmp1a0_sw43
I0000 00:00:1791230077.643559 1031738 loader.cc:471] SavedModel load for tags { serve }; Status: success: OK. Took 18368 microseconds.
fully_quantize: 0, inference_type: 6, input_inference_type: FLOAT32, output_inference_type: FLOAT32
W0000 00:00:1791230077.747908 1031738 flatbuffer_export.cc:3851] Skipping runtime version metadata in the model. This will be generated by the exporter.
/home/danielpark605/tinyml-venv/lib/python3.12/site-packages/tensorflow/lite/python/interpreter.py:457: UserWarning:     Warning: tf.lite.Interpreter is deprecated and is scheduled for deletion in
    TF 2.20. Please use the LiteRT interpreter from the ai_edge_litert package.
    See the [migration guide](https://ai.google.dev/edge/litert/migration)
    for details.
    
  warnings.warn(_INTERPRETER_DELETION_WARNING)
  [cic_near_iid] tflite_max             client3      d0 f1=0.8122 far=0.0892 missed=1643/85173
/home/danielpark605/tinyml-venv/lib/python3.12/site-packages/tensorflow/lite/python/convert.py:846: UserWarning: Statistics for quantized inputs were expected, but not specified; continuing anyway.
  warnings.warn(
W0000 00:00:1791230080.131034 1031738 tf_tfl_flatbuffer_helpers.cc:364] Ignored output_format.
W0000 00:00:1791230080.131434 1031738 tf_tfl_flatbuffer_helpers.cc:367] Ignored drop_control_dependency.
I0000 00:00:1791230080.131898 1031738 reader.cc:83] Reading SavedModel from: /tmp/tmp87p1clcg
I0000 00:00:1791230080.132572 1031738 reader.cc:52] Reading meta graph with tags { serve }
I0000 00:00:1791230080.132916 1031738 reader.cc:147] Reading SavedModel debug info (if present) from: /tmp/tmp87p1clcg
I0000 00:00:1791230080.135291 1031738 loader.cc:236] Restoring SavedModel bundle.
I0000 00:00:1791230080.146556 1031738 loader.cc:220] Running initialization op on SavedModel bundle at path: /tmp/tmp87p1clcg
I0000 00:00:1791230080.150510 1031738 loader.cc:471] SavedModel load for tags { serve }; Status: success: OK. Took 18623 microseconds.
fully_quantize: 0, inference_type: 6, input_inference_type: FLOAT32, output_inference_type: FLOAT32
W0000 00:00:1791230080.248667 1031738 flatbuffer_export.cc:3851] Skipping runtime version metadata in the model. This will be generated by the exporter.
/home/danielpark605/tinyml-venv/lib/python3.12/site-packages/tensorflow/lite/python/interpreter.py:457: UserWarning:     Warning: tf.lite.Interpreter is deprecated and is scheduled for deletion in
    TF 2.20. Please use the LiteRT interpreter from the ai_edge_litert package.
    See the [migration guide](https://ai.google.dev/edge/litert/migration)
    for details.
    
  warnings.warn(_INTERPRETER_DELETION_WARNING)
  [cic_near_iid] tflite_clip5           client3      d0 f1=0.8437 far=0.0759 missed=61/85173
/home/danielpark605/tinyml-venv/lib/python3.12/site-packages/tensorflow/lite/python/convert.py:846: UserWarning: Statistics for quantized inputs were expected, but not specified; continuing anyway.
  warnings.warn(
W0000 00:00:1791230082.678427 1031738 tf_tfl_flatbuffer_helpers.cc:364] Ignored output_format.
W0000 00:00:1791230082.678794 1031738 tf_tfl_flatbuffer_helpers.cc:367] Ignored drop_control_dependency.
I0000 00:00:1791230082.679243 1031738 reader.cc:83] Reading SavedModel from: /tmp/tmphevxyej_
I0000 00:00:1791230082.680068 1031738 reader.cc:52] Reading meta graph with tags { serve }
I0000 00:00:1791230082.680407 1031738 reader.cc:147] Reading SavedModel debug info (if present) from: /tmp/tmphevxyej_
I0000 00:00:1791230082.683192 1031738 loader.cc:236] Restoring SavedModel bundle.
I0000 00:00:1791230082.693646 1031738 loader.cc:220] Running initialization op on SavedModel bundle at path: /tmp/tmphevxyej_
I0000 00:00:1791230082.698067 1031738 loader.cc:471] SavedModel load for tags { serve }; Status: success: OK. Took 18831 microseconds.
fully_quantize: 0, inference_type: 6, input_inference_type: FLOAT32, output_inference_type: FLOAT32
W0000 00:00:1791230082.792342 1031738 flatbuffer_export.cc:3851] Skipping runtime version metadata in the model. This will be generated by the exporter.
/home/danielpark605/tinyml-venv/lib/python3.12/site-packages/tensorflow/lite/python/interpreter.py:457: UserWarning:     Warning: tf.lite.Interpreter is deprecated and is scheduled for deletion in
    TF 2.20. Please use the LiteRT interpreter from the ai_edge_litert package.
    See the [migration guide](https://ai.google.dev/edge/litert/migration)
    for details.
    
  warnings.warn(_INTERPRETER_DELETION_WARNING)
  [cic_near_iid] tflite_max_per_tensor  client3      d0 f1=0.8077 far=0.0926 missed=1459/85173
/home/danielpark605/tinyml-venv/lib/python3.12/site-packages/tensorflow/lite/python/convert.py:846: UserWarning: Statistics for quantized inputs were expected, but not specified; continuing anyway.
  warnings.warn(
W0000 00:00:1791230085.801530 1031738 tf_tfl_flatbuffer_helpers.cc:364] Ignored output_format.
W0000 00:00:1791230085.801934 1031738 tf_tfl_flatbuffer_helpers.cc:367] Ignored drop_control_dependency.
I0000 00:00:1791230085.802373 1031738 reader.cc:83] Reading SavedModel from: /tmp/tmpupohd7n2
I0000 00:00:1791230085.804342 1031738 reader.cc:52] Reading meta graph with tags { serve }
I0000 00:00:1791230085.804750 1031738 reader.cc:147] Reading SavedModel debug info (if present) from: /tmp/tmpupohd7n2
I0000 00:00:1791230085.812388 1031738 loader.cc:236] Restoring SavedModel bundle.
I0000 00:00:1791230085.837891 1031738 loader.cc:220] Running initialization op on SavedModel bundle at path: /tmp/tmpupohd7n2
I0000 00:00:1791230085.846995 1031738 loader.cc:471] SavedModel load for tags { serve }; Status: success: OK. Took 44631 microseconds.
/home/danielpark605/tinyml-venv/lib/python3.12/site-packages/tensorflow/lite/python/interpreter.py:457: UserWarning:     Warning: tf.lite.Interpreter is deprecated and is scheduled for deletion in
    TF 2.20. Please use the LiteRT interpreter from the ai_edge_litert package.
    See the [migration guide](https://ai.google.dev/edge/litert/migration)
    for details.
    
  warnings.warn(_INTERPRETER_DELETION_WARNING)
   [QAT Strip] Input model type: Functional
   [QAT Strip] Input model class: tf_keras.src.engine.functional.Functional
   [QAT Strip] Creating TF.Keras Functional model with input shape: (78,)
   [QAT Strip] TF_USE_LEGACY_KERAS=1
   [QAT Strip] 4 Dense layers after BatchNorm folding
   [QAT Strip] Created model type: Functional
   [QAT Strip] Model class: tf_keras.src.engine.functional.Functional
   [QAT Strip] Total layers: 5
   [QAT Strip] Is tensorflow.keras model: False
   [QAT Strip] WARNING: Model is not tensorflow.keras! QAT may fail.
✅ Saved (QAT): data/processed/revision/2026-10-05_x1_calib_methods/quant_lit/cic_near_iid/fq_max_client3_d0.tflite (206.76 KB)
   Quantization: 10/16 tensors (62.5%)
   Input: <class 'numpy.float32'>, Output: <class 'numpy.float32'>
  [cic_near_iid] fq_max                 client3      d0 f1=0.8021 far=0.0962 missed=1425/85173
/home/danielpark605/tinyml-venv/lib/python3.12/site-packages/tensorflow/lite/python/convert.py:846: UserWarning: Statistics for quantized inputs were expected, but not specified; continuing anyway.
  warnings.warn(
W0000 00:00:1791230087.436077 1031738 tf_tfl_flatbuffer_helpers.cc:364] Ignored output_format.
W0000 00:00:1791230087.436442 1031738 tf_tfl_flatbuffer_helpers.cc:367] Ignored drop_control_dependency.
I0000 00:00:1791230087.436909 1031738 reader.cc:83] Reading SavedModel from: /tmp/tmpqjpxtwrx
I0000 00:00:1791230087.438723 1031738 reader.cc:52] Reading meta graph with tags { serve }
I0000 00:00:1791230087.439090 1031738 reader.cc:147] Reading SavedModel debug info (if present) from: /tmp/tmpqjpxtwrx
I0000 00:00:1791230087.447010 1031738 loader.cc:236] Restoring SavedModel bundle.
I0000 00:00:1791230087.475266 1031738 loader.cc:220] Running initialization op on SavedModel bundle at path: /tmp/tmpqjpxtwrx
I0000 00:00:1791230087.484099 1031738 loader.cc:471] SavedModel load for tags { serve }; Status: success: OK. Took 47207 microseconds.
/home/danielpark605/tinyml-venv/lib/python3.12/site-packages/tensorflow/lite/python/interpreter.py:457: UserWarning:     Warning: tf.lite.Interpreter is deprecated and is scheduled for deletion in
    TF 2.20. Please use the LiteRT interpreter from the ai_edge_litert package.
    See the [migration guide](https://ai.google.dev/edge/litert/migration)
    for details.
    
  warnings.warn(_INTERPRETER_DELETION_WARNING)
   [QAT Strip] Input model type: Functional
   [QAT Strip] Input model class: tf_keras.src.engine.functional.Functional
   [QAT Strip] Creating TF.Keras Functional model with input shape: (78,)
   [QAT Strip] TF_USE_LEGACY_KERAS=1
   [QAT Strip] 4 Dense layers after BatchNorm folding
   [QAT Strip] Created model type: Functional
   [QAT Strip] Model class: tf_keras.src.engine.functional.Functional
   [QAT Strip] Total layers: 5
   [QAT Strip] Is tensorflow.keras model: False
   [QAT Strip] WARNING: Model is not tensorflow.keras! QAT may fail.
✅ Saved (QAT): data/processed/revision/2026-10-05_x1_calib_methods/quant_lit/cic_near_iid/fq_pct999_client3_d0.tflite (206.76 KB)
   Quantization: 10/16 tensors (62.5%)
   Input: <class 'numpy.float32'>, Output: <class 'numpy.float32'>
  [cic_near_iid] fq_pct999              client3      d0 f1=0.8293 far=0.0844 missed=59/85173
/home/danielpark605/tinyml-venv/lib/python3.12/site-packages/tensorflow/lite/python/convert.py:846: UserWarning: Statistics for quantized inputs were expected, but not specified; continuing anyway.
  warnings.warn(
W0000 00:00:1791230090.603522 1031738 tf_tfl_flatbuffer_helpers.cc:364] Ignored output_format.
W0000 00:00:1791230090.603912 1031738 tf_tfl_flatbuffer_helpers.cc:367] Ignored drop_control_dependency.
I0000 00:00:1791230090.604354 1031738 reader.cc:83] Reading SavedModel from: /tmp/tmp_dg4y1ex
I0000 00:00:1791230090.606035 1031738 reader.cc:52] Reading meta graph with tags { serve }
I0000 00:00:1791230090.606416 1031738 reader.cc:147] Reading SavedModel debug info (if present) from: /tmp/tmp_dg4y1ex
I0000 00:00:1791230090.614361 1031738 loader.cc:236] Restoring SavedModel bundle.
I0000 00:00:1791230090.640724 1031738 loader.cc:220] Running initialization op on SavedModel bundle at path: /tmp/tmp_dg4y1ex
I0000 00:00:1791230090.648920 1031738 loader.cc:471] SavedModel load for tags { serve }; Status: success: OK. Took 44596 microseconds.
/home/danielpark605/tinyml-venv/lib/python3.12/site-packages/tensorflow/lite/python/interpreter.py:457: UserWarning:     Warning: tf.lite.Interpreter is deprecated and is scheduled for deletion in
    TF 2.20. Please use the LiteRT interpreter from the ai_edge_litert package.
    See the [migration guide](https://ai.google.dev/edge/litert/migration)
    for details.
    
  warnings.warn(_INTERPRETER_DELETION_WARNING)
   [QAT Strip] Input model type: Functional
   [QAT Strip] Input model class: tf_keras.src.engine.functional.Functional
   [QAT Strip] Creating TF.Keras Functional model with input shape: (78,)
   [QAT Strip] TF_USE_LEGACY_KERAS=1
   [QAT Strip] 4 Dense layers after BatchNorm folding
   [QAT Strip] Created model type: Functional
   [QAT Strip] Model class: tf_keras.src.engine.functional.Functional
   [QAT Strip] Total layers: 5
   [QAT Strip] Is tensorflow.keras model: False
   [QAT Strip] WARNING: Model is not tensorflow.keras! QAT may fail.
✅ Saved (QAT): data/processed/revision/2026-10-05_x1_calib_methods/quant_lit/cic_near_iid/fq_pct9999_client3_d0.tflite (206.76 KB)
   Quantization: 10/16 tensors (62.5%)
   Input: <class 'numpy.float32'>, Output: <class 'numpy.float32'>
  [cic_near_iid] fq_pct9999             client3      d0 f1=0.8190 far=0.0906 missed=52/85173
/home/danielpark605/tinyml-venv/lib/python3.12/site-packages/tensorflow/lite/python/convert.py:846: UserWarning: Statistics for quantized inputs were expected, but not specified; continuing anyway.
  warnings.warn(
W0000 00:00:1791230093.943522 1031738 tf_tfl_flatbuffer_helpers.cc:364] Ignored output_format.
W0000 00:00:1791230093.943925 1031738 tf_tfl_flatbuffer_helpers.cc:367] Ignored drop_control_dependency.
I0000 00:00:1791230093.944361 1031738 reader.cc:83] Reading SavedModel from: /tmp/tmpwc5agjll
I0000 00:00:1791230093.946002 1031738 reader.cc:52] Reading meta graph with tags { serve }
I0000 00:00:1791230093.946372 1031738 reader.cc:147] Reading SavedModel debug info (if present) from: /tmp/tmpwc5agjll
I0000 00:00:1791230093.954284 1031738 loader.cc:236] Restoring SavedModel bundle.
I0000 00:00:1791230093.981326 1031738 loader.cc:220] Running initialization op on SavedModel bundle at path: /tmp/tmpwc5agjll
I0000 00:00:1791230093.989144 1031738 loader.cc:471] SavedModel load for tags { serve }; Status: success: OK. Took 44791 microseconds.
/home/danielpark605/tinyml-venv/lib/python3.12/site-packages/tensorflow/lite/python/interpreter.py:457: UserWarning:     Warning: tf.lite.Interpreter is deprecated and is scheduled for deletion in
    TF 2.20. Please use the LiteRT interpreter from the ai_edge_litert package.
    See the [migration guide](https://ai.google.dev/edge/litert/migration)
    for details.
    
  warnings.warn(_INTERPRETER_DELETION_WARNING)
   [QAT Strip] Input model type: Functional
   [QAT Strip] Input model class: tf_keras.src.engine.functional.Functional
   [QAT Strip] Creating TF.Keras Functional model with input shape: (78,)
   [QAT Strip] TF_USE_LEGACY_KERAS=1
   [QAT Strip] 4 Dense layers after BatchNorm folding
   [QAT Strip] Created model type: Functional
   [QAT Strip] Model class: tf_keras.src.engine.functional.Functional
   [QAT Strip] Total layers: 5
   [QAT Strip] Is tensorflow.keras model: False
   [QAT Strip] WARNING: Model is not tensorflow.keras! QAT may fail.
✅ Saved (QAT): data/processed/revision/2026-10-05_x1_calib_methods/quant_lit/cic_near_iid/fq_mse_client3_d0.tflite (206.76 KB)
   Quantization: 10/16 tensors (62.5%)
   Input: <class 'numpy.float32'>, Output: <class 'numpy.float32'>
  [cic_near_iid] fq_mse                 client3      d0 f1=0.7764 far=0.1141 missed=1105/85173
/home/danielpark605/tinyml-venv/lib/python3.12/site-packages/tensorflow/lite/python/convert.py:846: UserWarning: Statistics for quantized inputs were expected, but not specified; continuing anyway.
  warnings.warn(
W0000 00:00:1791230098.907917 1031738 tf_tfl_flatbuffer_helpers.cc:364] Ignored output_format.
W0000 00:00:1791230098.908300 1031738 tf_tfl_flatbuffer_helpers.cc:367] Ignored drop_control_dependency.
I0000 00:00:1791230098.908757 1031738 reader.cc:83] Reading SavedModel from: /tmp/tmpvzsilmjn
I0000 00:00:1791230098.911117 1031738 reader.cc:52] Reading meta graph with tags { serve }
I0000 00:00:1791230098.911445 1031738 reader.cc:147] Reading SavedModel debug info (if present) from: /tmp/tmpvzsilmjn
I0000 00:00:1791230098.919536 1031738 loader.cc:236] Restoring SavedModel bundle.
I0000 00:00:1791230098.947362 1031738 loader.cc:220] Running initialization op on SavedModel bundle at path: /tmp/tmpvzsilmjn
I0000 00:00:1791230098.955371 1031738 loader.cc:471] SavedModel load for tags { serve }; Status: success: OK. Took 46634 microseconds.
/home/danielpark605/tinyml-venv/lib/python3.12/site-packages/tensorflow/lite/python/interpreter.py:457: UserWarning:     Warning: tf.lite.Interpreter is deprecated and is scheduled for deletion in
    TF 2.20. Please use the LiteRT interpreter from the ai_edge_litert package.
    See the [migration guide](https://ai.google.dev/edge/litert/migration)
    for details.
    
  warnings.warn(_INTERPRETER_DELETION_WARNING)
   [QAT Strip] Input model type: Functional
   [QAT Strip] Input model class: tf_keras.src.engine.functional.Functional
   [QAT Strip] Creating TF.Keras Functional model with input shape: (78,)
   [QAT Strip] TF_USE_LEGACY_KERAS=1
   [QAT Strip] 4 Dense layers after BatchNorm folding
   [QAT Strip] Created model type: Functional
   [QAT Strip] Model class: tf_keras.src.engine.functional.Functional
   [QAT Strip] Total layers: 5
   [QAT Strip] Is tensorflow.keras model: False
   [QAT Strip] WARNING: Model is not tensorflow.keras! QAT may fail.
✅ Saved (QAT): data/processed/revision/2026-10-05_x1_calib_methods/quant_lit/cic_near_iid/fq_kl_client3_d0.tflite (206.76 KB)
   Quantization: 10/16 tensors (62.5%)
   Input: <class 'numpy.float32'>, Output: <class 'numpy.float32'>
  [cic_near_iid] fq_kl                  client3      d0 f1=0.8268 far=0.0852 missed=255/85173
/home/danielpark605/tinyml-venv/lib/python3.12/site-packages/tensorflow/lite/python/convert.py:846: UserWarning: Statistics for quantized inputs were expected, but not specified; continuing anyway.
  warnings.warn(
W0000 00:00:1791230102.158551 1031738 tf_tfl_flatbuffer_helpers.cc:364] Ignored output_format.
W0000 00:00:1791230102.158847 1031738 tf_tfl_flatbuffer_helpers.cc:367] Ignored drop_control_dependency.
I0000 00:00:1791230102.159261 1031738 reader.cc:83] Reading SavedModel from: /tmp/tmp5t83rxs0
I0000 00:00:1791230102.161218 1031738 reader.cc:52] Reading meta graph with tags { serve }
I0000 00:00:1791230102.161525 1031738 reader.cc:147] Reading SavedModel debug info (if present) from: /tmp/tmp5t83rxs0
I0000 00:00:1791230102.169387 1031738 loader.cc:236] Restoring SavedModel bundle.
I0000 00:00:1791230102.197279 1031738 loader.cc:220] Running initialization op on SavedModel bundle at path: /tmp/tmp5t83rxs0
I0000 00:00:1791230102.205802 1031738 loader.cc:471] SavedModel load for tags { serve }; Status: success: OK. Took 46551 microseconds.
/home/danielpark605/tinyml-venv/lib/python3.12/site-packages/tensorflow/lite/python/interpreter.py:457: UserWarning:     Warning: tf.lite.Interpreter is deprecated and is scheduled for deletion in
    TF 2.20. Please use the LiteRT interpreter from the ai_edge_litert package.
    See the [migration guide](https://ai.google.dev/edge/litert/migration)
    for details.
    
  warnings.warn(_INTERPRETER_DELETION_WARNING)
   [QAT Strip] Input model type: Functional
   [QAT Strip] Input model class: tf_keras.src.engine.functional.Functional
   [QAT Strip] Creating TF.Keras Functional model with input shape: (78,)
   [QAT Strip] TF_USE_LEGACY_KERAS=1
   [QAT Strip] 4 Dense layers after BatchNorm folding
   [QAT Strip] Created model type: Functional
   [QAT Strip] Model class: tf_keras.src.engine.functional.Functional
   [QAT Strip] Total layers: 5
   [QAT Strip] Is tensorflow.keras model: False
   [QAT Strip] WARNING: Model is not tensorflow.keras! QAT may fail.
✅ Saved (QAT): data/processed/revision/2026-10-05_x1_calib_methods/quant_lit/cic_near_iid/fq_clip5_max_client3_d0.tflite (206.76 KB)
   Quantization: 10/16 tensors (62.5%)
   Input: <class 'numpy.float32'>, Output: <class 'numpy.float32'>
  [cic_near_iid] fq_clip5_max           client3      d0 f1=0.8252 far=0.0862 missed=239/85173
/home/danielpark605/tinyml-venv/lib/python3.12/site-packages/tensorflow/lite/python/convert.py:846: UserWarning: Statistics for quantized inputs were expected, but not specified; continuing anyway.
  warnings.warn(
W0000 00:00:1791230104.735098 1031738 tf_tfl_flatbuffer_helpers.cc:364] Ignored output_format.
W0000 00:00:1791230104.735438 1031738 tf_tfl_flatbuffer_helpers.cc:367] Ignored drop_control_dependency.
I0000 00:00:1791230104.735884 1031738 reader.cc:83] Reading SavedModel from: /tmp/tmpmjql1qyv
I0000 00:00:1791230104.736506 1031738 reader.cc:52] Reading meta graph with tags { serve }
I0000 00:00:1791230104.736853 1031738 reader.cc:147] Reading SavedModel debug info (if present) from: /tmp/tmpmjql1qyv
I0000 00:00:1791230104.739029 1031738 loader.cc:236] Restoring SavedModel bundle.
I0000 00:00:1791230104.749488 1031738 loader.cc:220] Running initialization op on SavedModel bundle at path: /tmp/tmpmjql1qyv
I0000 00:00:1791230104.753479 1031738 loader.cc:471] SavedModel load for tags { serve }; Status: success: OK. Took 17604 microseconds.
fully_quantize: 0, inference_type: 6, input_inference_type: FLOAT32, output_inference_type: FLOAT32
W0000 00:00:1791230104.853142 1031738 flatbuffer_export.cc:3851] Skipping runtime version metadata in the model. This will be generated by the exporter.
/home/danielpark605/tinyml-venv/lib/python3.12/site-packages/tensorflow/lite/python/interpreter.py:457: UserWarning:     Warning: tf.lite.Interpreter is deprecated and is scheduled for deletion in
    TF 2.20. Please use the LiteRT interpreter from the ai_edge_litert package.
    See the [migration guide](https://ai.google.dev/edge/litert/migration)
    for details.
    
  warnings.warn(_INTERPRETER_DELETION_WARNING)
  [cic_near_iid] tflite_max             pooled_rand  d1 f1=0.8338 far=0.0812 missed=191/85173
/home/danielpark605/tinyml-venv/lib/python3.12/site-packages/tensorflow/lite/python/convert.py:846: UserWarning: Statistics for quantized inputs were expected, but not specified; continuing anyway.
  warnings.warn(
W0000 00:00:1791230107.282013 1031738 tf_tfl_flatbuffer_helpers.cc:364] Ignored output_format.
W0000 00:00:1791230107.282422 1031738 tf_tfl_flatbuffer_helpers.cc:367] Ignored drop_control_dependency.
I0000 00:00:1791230107.282910 1031738 reader.cc:83] Reading SavedModel from: /tmp/tmp85f4pv26
I0000 00:00:1791230107.283611 1031738 reader.cc:52] Reading meta graph with tags { serve }
I0000 00:00:1791230107.283939 1031738 reader.cc:147] Reading SavedModel debug info (if present) from: /tmp/tmp85f4pv26
I0000 00:00:1791230107.285861 1031738 loader.cc:236] Restoring SavedModel bundle.
I0000 00:00:1791230107.296389 1031738 loader.cc:220] Running initialization op on SavedModel bundle at path: /tmp/tmp85f4pv26
I0000 00:00:1791230107.299976 1031738 loader.cc:471] SavedModel load for tags { serve }; Status: success: OK. Took 17074 microseconds.
fully_quantize: 0, inference_type: 6, input_inference_type: FLOAT32, output_inference_type: FLOAT32
W0000 00:00:1791230107.401049 1031738 flatbuffer_export.cc:3851] Skipping runtime version metadata in the model. This will be generated by the exporter.
/home/danielpark605/tinyml-venv/lib/python3.12/site-packages/tensorflow/lite/python/interpreter.py:457: UserWarning:     Warning: tf.lite.Interpreter is deprecated and is scheduled for deletion in
    TF 2.20. Please use the LiteRT interpreter from the ai_edge_litert package.
    See the [migration guide](https://ai.google.dev/edge/litert/migration)
    for details.
    
  warnings.warn(_INTERPRETER_DELETION_WARNING)
  [cic_near_iid] tflite_clip5           pooled_rand  d1 f1=0.8462 far=0.0744 missed=70/85173
/home/danielpark605/tinyml-venv/lib/python3.12/site-packages/tensorflow/lite/python/convert.py:846: UserWarning: Statistics for quantized inputs were expected, but not specified; continuing anyway.
  warnings.warn(
W0000 00:00:1791230109.989168 1031738 tf_tfl_flatbuffer_helpers.cc:364] Ignored output_format.
W0000 00:00:1791230109.989570 1031738 tf_tfl_flatbuffer_helpers.cc:367] Ignored drop_control_dependency.
I0000 00:00:1791230109.990037 1031738 reader.cc:83] Reading SavedModel from: /tmp/tmp1jrq7dcd
I0000 00:00:1791230109.990801 1031738 reader.cc:52] Reading meta graph with tags { serve }
I0000 00:00:1791230109.991184 1031738 reader.cc:147] Reading SavedModel debug info (if present) from: /tmp/tmp1jrq7dcd
I0000 00:00:1791230109.993648 1031738 loader.cc:236] Restoring SavedModel bundle.
I0000 00:00:1791230110.006190 1031738 loader.cc:220] Running initialization op on SavedModel bundle at path: /tmp/tmp1jrq7dcd
I0000 00:00:1791230110.010491 1031738 loader.cc:471] SavedModel load for tags { serve }; Status: success: OK. Took 20470 microseconds.
fully_quantize: 0, inference_type: 6, input_inference_type: FLOAT32, output_inference_type: FLOAT32
W0000 00:00:1791230110.105516 1031738 flatbuffer_export.cc:3851] Skipping runtime version metadata in the model. This will be generated by the exporter.
/home/danielpark605/tinyml-venv/lib/python3.12/site-packages/tensorflow/lite/python/interpreter.py:457: UserWarning:     Warning: tf.lite.Interpreter is deprecated and is scheduled for deletion in
    TF 2.20. Please use the LiteRT interpreter from the ai_edge_litert package.
    See the [migration guide](https://ai.google.dev/edge/litert/migration)
    for details.
    
  warnings.warn(_INTERPRETER_DELETION_WARNING)
  [cic_near_iid] tflite_max_per_tensor  pooled_rand  d1 f1=0.8230 far=0.0878 missed=141/85173
/home/danielpark605/tinyml-venv/lib/python3.12/site-packages/tensorflow/lite/python/convert.py:846: UserWarning: Statistics for quantized inputs were expected, but not specified; continuing anyway.
  warnings.warn(
W0000 00:00:1791230113.170480 1031738 tf_tfl_flatbuffer_helpers.cc:364] Ignored output_format.
W0000 00:00:1791230113.170865 1031738 tf_tfl_flatbuffer_helpers.cc:367] Ignored drop_control_dependency.
I0000 00:00:1791230113.171296 1031738 reader.cc:83] Reading SavedModel from: /tmp/tmpzsz0clc7
I0000 00:00:1791230113.173088 1031738 reader.cc:52] Reading meta graph with tags { serve }
I0000 00:00:1791230113.173441 1031738 reader.cc:147] Reading SavedModel debug info (if present) from: /tmp/tmpzsz0clc7
I0000 00:00:1791230113.181354 1031738 loader.cc:236] Restoring SavedModel bundle.
I0000 00:00:1791230113.210680 1031738 loader.cc:220] Running initialization op on SavedModel bundle at path: /tmp/tmpzsz0clc7
I0000 00:00:1791230113.219096 1031738 loader.cc:471] SavedModel load for tags { serve }; Status: success: OK. Took 47816 microseconds.
/home/danielpark605/tinyml-venv/lib/python3.12/site-packages/tensorflow/lite/python/interpreter.py:457: UserWarning:     Warning: tf.lite.Interpreter is deprecated and is scheduled for deletion in
    TF 2.20. Please use the LiteRT interpreter from the ai_edge_litert package.
    See the [migration guide](https://ai.google.dev/edge/litert/migration)
    for details.
    
  warnings.warn(_INTERPRETER_DELETION_WARNING)
   [QAT Strip] Input model type: Functional
   [QAT Strip] Input model class: tf_keras.src.engine.functional.Functional
   [QAT Strip] Creating TF.Keras Functional model with input shape: (78,)
   [QAT Strip] TF_USE_LEGACY_KERAS=1
   [QAT Strip] 4 Dense layers after BatchNorm folding
   [QAT Strip] Created model type: Functional
   [QAT Strip] Model class: tf_keras.src.engine.functional.Functional
   [QAT Strip] Total layers: 5
   [QAT Strip] Is tensorflow.keras model: False
   [QAT Strip] WARNING: Model is not tensorflow.keras! QAT may fail.
✅ Saved (QAT): data/processed/revision/2026-10-05_x1_calib_methods/quant_lit/cic_near_iid/fq_max_pooled_rand_d1.tflite (206.76 KB)
   Quantization: 10/16 tensors (62.5%)
   Input: <class 'numpy.float32'>, Output: <class 'numpy.float32'>
  [cic_near_iid] fq_max                 pooled_rand  d1 f1=0.8230 far=0.0878 missed=141/85173
/home/danielpark605/tinyml-venv/lib/python3.12/site-packages/tensorflow/lite/python/convert.py:846: UserWarning: Statistics for quantized inputs were expected, but not specified; continuing anyway.
  warnings.warn(
W0000 00:00:1791230116.359710 1031738 tf_tfl_flatbuffer_helpers.cc:364] Ignored output_format.
W0000 00:00:1791230116.360171 1031738 tf_tfl_flatbuffer_helpers.cc:367] Ignored drop_control_dependency.
I0000 00:00:1791230116.360678 1031738 reader.cc:83] Reading SavedModel from: /tmp/tmpv1ftuiwa
I0000 00:00:1791230116.362477 1031738 reader.cc:52] Reading meta graph with tags { serve }
I0000 00:00:1791230116.363145 1031738 reader.cc:147] Reading SavedModel debug info (if present) from: /tmp/tmpv1ftuiwa
I0000 00:00:1791230116.370825 1031738 loader.cc:236] Restoring SavedModel bundle.
I0000 00:00:1791230116.397750 1031738 loader.cc:220] Running initialization op on SavedModel bundle at path: /tmp/tmpv1ftuiwa
I0000 00:00:1791230116.405901 1031738 loader.cc:471] SavedModel load for tags { serve }; Status: success: OK. Took 45233 microseconds.
/home/danielpark605/tinyml-venv/lib/python3.12/site-packages/tensorflow/lite/python/interpreter.py:457: UserWarning:     Warning: tf.lite.Interpreter is deprecated and is scheduled for deletion in
    TF 2.20. Please use the LiteRT interpreter from the ai_edge_litert package.
    See the [migration guide](https://ai.google.dev/edge/litert/migration)
    for details.
    
  warnings.warn(_INTERPRETER_DELETION_WARNING)
   [QAT Strip] Input model type: Functional
   [QAT Strip] Input model class: tf_keras.src.engine.functional.Functional
   [QAT Strip] Creating TF.Keras Functional model with input shape: (78,)
   [QAT Strip] TF_USE_LEGACY_KERAS=1
   [QAT Strip] 4 Dense layers after BatchNorm folding
   [QAT Strip] Created model type: Functional
   [QAT Strip] Model class: tf_keras.src.engine.functional.Functional
   [QAT Strip] Total layers: 5
   [QAT Strip] Is tensorflow.keras model: False
   [QAT Strip] WARNING: Model is not tensorflow.keras! QAT may fail.
✅ Saved (QAT): data/processed/revision/2026-10-05_x1_calib_methods/quant_lit/cic_near_iid/fq_pct999_pooled_rand_d1.tflite (206.76 KB)
   Quantization: 10/16 tensors (62.5%)
   Input: <class 'numpy.float32'>, Output: <class 'numpy.float32'>
  [cic_near_iid] fq_pct999              pooled_rand  d1 f1=0.8211 far=0.0893 missed=58/85173
/home/danielpark605/tinyml-venv/lib/python3.12/site-packages/tensorflow/lite/python/convert.py:846: UserWarning: Statistics for quantized inputs were expected, but not specified; continuing anyway.
  warnings.warn(
W0000 00:00:1791230118.040221 1031738 tf_tfl_flatbuffer_helpers.cc:364] Ignored output_format.
W0000 00:00:1791230118.040584 1031738 tf_tfl_flatbuffer_helpers.cc:367] Ignored drop_control_dependency.
I0000 00:00:1791230118.041025 1031738 reader.cc:83] Reading SavedModel from: /tmp/tmppi32hd98
I0000 00:00:1791230118.042788 1031738 reader.cc:52] Reading meta graph with tags { serve }
I0000 00:00:1791230118.043190 1031738 reader.cc:147] Reading SavedModel debug info (if present) from: /tmp/tmppi32hd98
I0000 00:00:1791230118.050529 1031738 loader.cc:236] Restoring SavedModel bundle.
I0000 00:00:1791230118.077801 1031738 loader.cc:220] Running initialization op on SavedModel bundle at path: /tmp/tmppi32hd98
I0000 00:00:1791230118.085981 1031738 loader.cc:471] SavedModel load for tags { serve }; Status: success: OK. Took 44975 microseconds.
/home/danielpark605/tinyml-venv/lib/python3.12/site-packages/tensorflow/lite/python/interpreter.py:457: UserWarning:     Warning: tf.lite.Interpreter is deprecated and is scheduled for deletion in
    TF 2.20. Please use the LiteRT interpreter from the ai_edge_litert package.
    See the [migration guide](https://ai.google.dev/edge/litert/migration)
    for details.
    
  warnings.warn(_INTERPRETER_DELETION_WARNING)
   [QAT Strip] Input model type: Functional
   [QAT Strip] Input model class: tf_keras.src.engine.functional.Functional
   [QAT Strip] Creating TF.Keras Functional model with input shape: (78,)
   [QAT Strip] TF_USE_LEGACY_KERAS=1
   [QAT Strip] 4 Dense layers after BatchNorm folding
   [QAT Strip] Created model type: Functional
   [QAT Strip] Model class: tf_keras.src.engine.functional.Functional
   [QAT Strip] Total layers: 5
   [QAT Strip] Is tensorflow.keras model: False
   [QAT Strip] WARNING: Model is not tensorflow.keras! QAT may fail.
✅ Saved (QAT): data/processed/revision/2026-10-05_x1_calib_methods/quant_lit/cic_near_iid/fq_pct9999_pooled_rand_d1.tflite (206.76 KB)
   Quantization: 10/16 tensors (62.5%)
   Input: <class 'numpy.float32'>, Output: <class 'numpy.float32'>
  [cic_near_iid] fq_pct9999             pooled_rand  d1 f1=0.8344 far=0.0813 missed=55/85173
/home/danielpark605/tinyml-venv/lib/python3.12/site-packages/tensorflow/lite/python/convert.py:846: UserWarning: Statistics for quantized inputs were expected, but not specified; continuing anyway.
  warnings.warn(
W0000 00:00:1791230121.346370 1031738 tf_tfl_flatbuffer_helpers.cc:364] Ignored output_format.
W0000 00:00:1791230121.346935 1031738 tf_tfl_flatbuffer_helpers.cc:367] Ignored drop_control_dependency.
I0000 00:00:1791230121.347404 1031738 reader.cc:83] Reading SavedModel from: /tmp/tmpx7f6b6t9
I0000 00:00:1791230121.349222 1031738 reader.cc:52] Reading meta graph with tags { serve }
I0000 00:00:1791230121.349611 1031738 reader.cc:147] Reading SavedModel debug info (if present) from: /tmp/tmpx7f6b6t9
I0000 00:00:1791230121.358216 1031738 loader.cc:236] Restoring SavedModel bundle.
I0000 00:00:1791230121.384344 1031738 loader.cc:220] Running initialization op on SavedModel bundle at path: /tmp/tmpx7f6b6t9
I0000 00:00:1791230121.393386 1031738 loader.cc:471] SavedModel load for tags { serve }; Status: success: OK. Took 45991 microseconds.
/home/danielpark605/tinyml-venv/lib/python3.12/site-packages/tensorflow/lite/python/interpreter.py:457: UserWarning:     Warning: tf.lite.Interpreter is deprecated and is scheduled for deletion in
    TF 2.20. Please use the LiteRT interpreter from the ai_edge_litert package.
    See the [migration guide](https://ai.google.dev/edge/litert/migration)
    for details.
    
  warnings.warn(_INTERPRETER_DELETION_WARNING)
   [QAT Strip] Input model type: Functional
   [QAT Strip] Input model class: tf_keras.src.engine.functional.Functional
   [QAT Strip] Creating TF.Keras Functional model with input shape: (78,)
   [QAT Strip] TF_USE_LEGACY_KERAS=1
   [QAT Strip] 4 Dense layers after BatchNorm folding
   [QAT Strip] Created model type: Functional
   [QAT Strip] Model class: tf_keras.src.engine.functional.Functional
   [QAT Strip] Total layers: 5
   [QAT Strip] Is tensorflow.keras model: False
   [QAT Strip] WARNING: Model is not tensorflow.keras! QAT may fail.
✅ Saved (QAT): data/processed/revision/2026-10-05_x1_calib_methods/quant_lit/cic_near_iid/fq_mse_pooled_rand_d1.tflite (206.76 KB)
   Quantization: 10/16 tensors (62.5%)
   Input: <class 'numpy.float32'>, Output: <class 'numpy.float32'>
  [cic_near_iid] fq_mse                 pooled_rand  d1 f1=0.8213 far=0.0879 missed=416/85173
/home/danielpark605/tinyml-venv/lib/python3.12/site-packages/tensorflow/lite/python/convert.py:846: UserWarning: Statistics for quantized inputs were expected, but not specified; continuing anyway.
  warnings.warn(
W0000 00:00:1791230126.224930 1031738 tf_tfl_flatbuffer_helpers.cc:364] Ignored output_format.
W0000 00:00:1791230126.225307 1031738 tf_tfl_flatbuffer_helpers.cc:367] Ignored drop_control_dependency.
I0000 00:00:1791230126.225829 1031738 reader.cc:83] Reading SavedModel from: /tmp/tmp0lfhh9_1
I0000 00:00:1791230126.227513 1031738 reader.cc:52] Reading meta graph with tags { serve }
I0000 00:00:1791230126.227902 1031738 reader.cc:147] Reading SavedModel debug info (if present) from: /tmp/tmp0lfhh9_1
I0000 00:00:1791230126.236007 1031738 loader.cc:236] Restoring SavedModel bundle.
I0000 00:00:1791230126.263037 1031738 loader.cc:220] Running initialization op on SavedModel bundle at path: /tmp/tmp0lfhh9_1
I0000 00:00:1791230126.271583 1031738 loader.cc:471] SavedModel load for tags { serve }; Status: success: OK. Took 45763 microseconds.
/home/danielpark605/tinyml-venv/lib/python3.12/site-packages/tensorflow/lite/python/interpreter.py:457: UserWarning:     Warning: tf.lite.Interpreter is deprecated and is scheduled for deletion in
    TF 2.20. Please use the LiteRT interpreter from the ai_edge_litert package.
    See the [migration guide](https://ai.google.dev/edge/litert/migration)
    for details.
    
  warnings.warn(_INTERPRETER_DELETION_WARNING)
   [QAT Strip] Input model type: Functional
   [QAT Strip] Input model class: tf_keras.src.engine.functional.Functional
   [QAT Strip] Creating TF.Keras Functional model with input shape: (78,)
   [QAT Strip] TF_USE_LEGACY_KERAS=1
   [QAT Strip] 4 Dense layers after BatchNorm folding
   [QAT Strip] Created model type: Functional
   [QAT Strip] Model class: tf_keras.src.engine.functional.Functional
   [QAT Strip] Total layers: 5
   [QAT Strip] Is tensorflow.keras model: False
   [QAT Strip] WARNING: Model is not tensorflow.keras! QAT may fail.
✅ Saved (QAT): data/processed/revision/2026-10-05_x1_calib_methods/quant_lit/cic_near_iid/fq_kl_pooled_rand_d1.tflite (206.76 KB)
   Quantization: 10/16 tensors (62.5%)
   Input: <class 'numpy.float32'>, Output: <class 'numpy.float32'>
  [cic_near_iid] fq_kl                  pooled_rand  d1 f1=0.8377 far=0.0788 missed=241/85173
/home/danielpark605/tinyml-venv/lib/python3.12/site-packages/tensorflow/lite/python/convert.py:846: UserWarning: Statistics for quantized inputs were expected, but not specified; continuing anyway.
  warnings.warn(
W0000 00:00:1791230129.674217 1031738 tf_tfl_flatbuffer_helpers.cc:364] Ignored output_format.
W0000 00:00:1791230129.674592 1031738 tf_tfl_flatbuffer_helpers.cc:367] Ignored drop_control_dependency.
I0000 00:00:1791230129.675054 1031738 reader.cc:83] Reading SavedModel from: /tmp/tmpq_kdrk3g
I0000 00:00:1791230129.676767 1031738 reader.cc:52] Reading meta graph with tags { serve }
I0000 00:00:1791230129.677134 1031738 reader.cc:147] Reading SavedModel debug info (if present) from: /tmp/tmpq_kdrk3g
I0000 00:00:1791230129.685535 1031738 loader.cc:236] Restoring SavedModel bundle.
I0000 00:00:1791230129.715456 1031738 loader.cc:220] Running initialization op on SavedModel bundle at path: /tmp/tmpq_kdrk3g
I0000 00:00:1791230129.723589 1031738 loader.cc:471] SavedModel load for tags { serve }; Status: success: OK. Took 48561 microseconds.
/home/danielpark605/tinyml-venv/lib/python3.12/site-packages/tensorflow/lite/python/interpreter.py:457: UserWarning:     Warning: tf.lite.Interpreter is deprecated and is scheduled for deletion in
    TF 2.20. Please use the LiteRT interpreter from the ai_edge_litert package.
    See the [migration guide](https://ai.google.dev/edge/litert/migration)
    for details.
    
  warnings.warn(_INTERPRETER_DELETION_WARNING)
   [QAT Strip] Input model type: Functional
   [QAT Strip] Input model class: tf_keras.src.engine.functional.Functional
   [QAT Strip] Creating TF.Keras Functional model with input shape: (78,)
   [QAT Strip] TF_USE_LEGACY_KERAS=1
   [QAT Strip] 4 Dense layers after BatchNorm folding
   [QAT Strip] Created model type: Functional
   [QAT Strip] Model class: tf_keras.src.engine.functional.Functional
   [QAT Strip] Total layers: 5
   [QAT Strip] Is tensorflow.keras model: False
   [QAT Strip] WARNING: Model is not tensorflow.keras! QAT may fail.
✅ Saved (QAT): data/processed/revision/2026-10-05_x1_calib_methods/quant_lit/cic_near_iid/fq_clip5_max_pooled_rand_d1.tflite (206.76 KB)
   Quantization: 10/16 tensors (62.5%)
   Input: <class 'numpy.float32'>, Output: <class 'numpy.float32'>
  [cic_near_iid] fq_clip5_max           pooled_rand  d1 f1=0.8279 far=0.0846 missed=244/85173
/home/danielpark605/tinyml-venv/lib/python3.12/site-packages/tensorflow/lite/python/convert.py:846: UserWarning: Statistics for quantized inputs were expected, but not specified; continuing anyway.
  warnings.warn(
W0000 00:00:1791230132.177041 1031738 tf_tfl_flatbuffer_helpers.cc:364] Ignored output_format.
W0000 00:00:1791230132.177484 1031738 tf_tfl_flatbuffer_helpers.cc:367] Ignored drop_control_dependency.
I0000 00:00:1791230132.178043 1031738 reader.cc:83] Reading SavedModel from: /tmp/tmpk2j83_gd
I0000 00:00:1791230132.178819 1031738 reader.cc:52] Reading meta graph with tags { serve }
I0000 00:00:1791230132.179206 1031738 reader.cc:147] Reading SavedModel debug info (if present) from: /tmp/tmpk2j83_gd
I0000 00:00:1791230132.181259 1031738 loader.cc:236] Restoring SavedModel bundle.
I0000 00:00:1791230132.192625 1031738 loader.cc:220] Running initialization op on SavedModel bundle at path: /tmp/tmpk2j83_gd
I0000 00:00:1791230132.196766 1031738 loader.cc:471] SavedModel load for tags { serve }; Status: success: OK. Took 18735 microseconds.
fully_quantize: 0, inference_type: 6, input_inference_type: FLOAT32, output_inference_type: FLOAT32
W0000 00:00:1791230132.299761 1031738 flatbuffer_export.cc:3851] Skipping runtime version metadata in the model. This will be generated by the exporter.
/home/danielpark605/tinyml-venv/lib/python3.12/site-packages/tensorflow/lite/python/interpreter.py:457: UserWarning:     Warning: tf.lite.Interpreter is deprecated and is scheduled for deletion in
    TF 2.20. Please use the LiteRT interpreter from the ai_edge_litert package.
    See the [migration guide](https://ai.google.dev/edge/litert/migration)
    for details.
    
  warnings.warn(_INTERPRETER_DELETION_WARNING)
  [cic_near_iid] tflite_max             client0      d1 f1=0.8346 far=0.0811 missed=86/85173
/home/danielpark605/tinyml-venv/lib/python3.12/site-packages/tensorflow/lite/python/convert.py:846: UserWarning: Statistics for quantized inputs were expected, but not specified; continuing anyway.
  warnings.warn(
W0000 00:00:1791230134.650537 1031738 tf_tfl_flatbuffer_helpers.cc:364] Ignored output_format.
W0000 00:00:1791230134.650953 1031738 tf_tfl_flatbuffer_helpers.cc:367] Ignored drop_control_dependency.
I0000 00:00:1791230134.651468 1031738 reader.cc:83] Reading SavedModel from: /tmp/tmphrz98jfe
I0000 00:00:1791230134.652194 1031738 reader.cc:52] Reading meta graph with tags { serve }
I0000 00:00:1791230134.652564 1031738 reader.cc:147] Reading SavedModel debug info (if present) from: /tmp/tmphrz98jfe
I0000 00:00:1791230134.654831 1031738 loader.cc:236] Restoring SavedModel bundle.
I0000 00:00:1791230134.664981 1031738 loader.cc:220] Running initialization op on SavedModel bundle at path: /tmp/tmphrz98jfe
I0000 00:00:1791230134.668580 1031738 loader.cc:471] SavedModel load for tags { serve }; Status: success: OK. Took 17123 microseconds.
fully_quantize: 0, inference_type: 6, input_inference_type: FLOAT32, output_inference_type: FLOAT32
W0000 00:00:1791230134.766616 1031738 flatbuffer_export.cc:3851] Skipping runtime version metadata in the model. This will be generated by the exporter.
/home/danielpark605/tinyml-venv/lib/python3.12/site-packages/tensorflow/lite/python/interpreter.py:457: UserWarning:     Warning: tf.lite.Interpreter is deprecated and is scheduled for deletion in
    TF 2.20. Please use the LiteRT interpreter from the ai_edge_litert package.
    See the [migration guide](https://ai.google.dev/edge/litert/migration)
    for details.
    
  warnings.warn(_INTERPRETER_DELETION_WARNING)
  [cic_near_iid] tflite_clip5           client0      d1 f1=0.8378 far=0.0793 missed=71/85173
/home/danielpark605/tinyml-venv/lib/python3.12/site-packages/tensorflow/lite/python/convert.py:846: UserWarning: Statistics for quantized inputs were expected, but not specified; continuing anyway.
  warnings.warn(
W0000 00:00:1791230137.105686 1031738 tf_tfl_flatbuffer_helpers.cc:364] Ignored output_format.
W0000 00:00:1791230137.106104 1031738 tf_tfl_flatbuffer_helpers.cc:367] Ignored drop_control_dependency.
I0000 00:00:1791230137.106590 1031738 reader.cc:83] Reading SavedModel from: /tmp/tmpl00vfp_3
I0000 00:00:1791230137.107565 1031738 reader.cc:52] Reading meta graph with tags { serve }
I0000 00:00:1791230137.108013 1031738 reader.cc:147] Reading SavedModel debug info (if present) from: /tmp/tmpl00vfp_3
I0000 00:00:1791230137.110718 1031738 loader.cc:236] Restoring SavedModel bundle.
I0000 00:00:1791230137.121624 1031738 loader.cc:220] Running initialization op on SavedModel bundle at path: /tmp/tmpl00vfp_3
I0000 00:00:1791230137.125167 1031738 loader.cc:471] SavedModel load for tags { serve }; Status: success: OK. Took 18591 microseconds.
fully_quantize: 0, inference_type: 6, input_inference_type: FLOAT32, output_inference_type: FLOAT32
W0000 00:00:1791230137.227564 1031738 flatbuffer_export.cc:3851] Skipping runtime version metadata in the model. This will be generated by the exporter.
/home/danielpark605/tinyml-venv/lib/python3.12/site-packages/tensorflow/lite/python/interpreter.py:457: UserWarning:     Warning: tf.lite.Interpreter is deprecated and is scheduled for deletion in
    TF 2.20. Please use the LiteRT interpreter from the ai_edge_litert package.
    See the [migration guide](https://ai.google.dev/edge/litert/migration)
    for details.
    
  warnings.warn(_INTERPRETER_DELETION_WARNING)
  [cic_near_iid] tflite_max_per_tensor  client0      d1 f1=0.8176 far=0.0914 missed=65/85173
/home/danielpark605/tinyml-venv/lib/python3.12/site-packages/tensorflow/lite/python/convert.py:846: UserWarning: Statistics for quantized inputs were expected, but not specified; continuing anyway.
  warnings.warn(
W0000 00:00:1791230140.167387 1031738 tf_tfl_flatbuffer_helpers.cc:364] Ignored output_format.
W0000 00:00:1791230140.167754 1031738 tf_tfl_flatbuffer_helpers.cc:367] Ignored drop_control_dependency.
I0000 00:00:1791230140.168258 1031738 reader.cc:83] Reading SavedModel from: /tmp/tmpcpe4kacz
I0000 00:00:1791230140.170111 1031738 reader.cc:52] Reading meta graph with tags { serve }
I0000 00:00:1791230140.170471 1031738 reader.cc:147] Reading SavedModel debug info (if present) from: /tmp/tmpcpe4kacz
I0000 00:00:1791230140.178203 1031738 loader.cc:236] Restoring SavedModel bundle.
I0000 00:00:1791230140.205284 1031738 loader.cc:220] Running initialization op on SavedModel bundle at path: /tmp/tmpcpe4kacz
I0000 00:00:1791230140.213192 1031738 loader.cc:471] SavedModel load for tags { serve }; Status: success: OK. Took 44944 microseconds.
/home/danielpark605/tinyml-venv/lib/python3.12/site-packages/tensorflow/lite/python/interpreter.py:457: UserWarning:     Warning: tf.lite.Interpreter is deprecated and is scheduled for deletion in
    TF 2.20. Please use the LiteRT interpreter from the ai_edge_litert package.
    See the [migration guide](https://ai.google.dev/edge/litert/migration)
    for details.
    
  warnings.warn(_INTERPRETER_DELETION_WARNING)
   [QAT Strip] Input model type: Functional
   [QAT Strip] Input model class: tf_keras.src.engine.functional.Functional
   [QAT Strip] Creating TF.Keras Functional model with input shape: (78,)
   [QAT Strip] TF_USE_LEGACY_KERAS=1
   [QAT Strip] 4 Dense layers after BatchNorm folding
   [QAT Strip] Created model type: Functional
   [QAT Strip] Model class: tf_keras.src.engine.functional.Functional
   [QAT Strip] Total layers: 5
   [QAT Strip] Is tensorflow.keras model: False
   [QAT Strip] WARNING: Model is not tensorflow.keras! QAT may fail.
✅ Saved (QAT): data/processed/revision/2026-10-05_x1_calib_methods/quant_lit/cic_near_iid/fq_max_client0_d1.tflite (206.76 KB)
   Quantization: 10/16 tensors (62.5%)
   Input: <class 'numpy.float32'>, Output: <class 'numpy.float32'>
  [cic_near_iid] fq_max                 client0      d1 f1=0.8176 far=0.0914 missed=65/85173
/home/danielpark605/tinyml-venv/lib/python3.12/site-packages/tensorflow/lite/python/convert.py:846: UserWarning: Statistics for quantized inputs were expected, but not specified; continuing anyway.
  warnings.warn(
W0000 00:00:1791230143.571720 1031738 tf_tfl_flatbuffer_helpers.cc:364] Ignored output_format.
W0000 00:00:1791230143.572135 1031738 tf_tfl_flatbuffer_helpers.cc:367] Ignored drop_control_dependency.
I0000 00:00:1791230143.572605 1031738 reader.cc:83] Reading SavedModel from: /tmp/tmpzx7wpz8t
I0000 00:00:1791230143.574302 1031738 reader.cc:52] Reading meta graph with tags { serve }
I0000 00:00:1791230143.574699 1031738 reader.cc:147] Reading SavedModel debug info (if present) from: /tmp/tmpzx7wpz8t
I0000 00:00:1791230143.582791 1031738 loader.cc:236] Restoring SavedModel bundle.
I0000 00:00:1791230143.609278 1031738 loader.cc:220] Running initialization op on SavedModel bundle at path: /tmp/tmpzx7wpz8t
I0000 00:00:1791230143.617434 1031738 loader.cc:471] SavedModel load for tags { serve }; Status: success: OK. Took 44858 microseconds.
/home/danielpark605/tinyml-venv/lib/python3.12/site-packages/tensorflow/lite/python/interpreter.py:457: UserWarning:     Warning: tf.lite.Interpreter is deprecated and is scheduled for deletion in
    TF 2.20. Please use the LiteRT interpreter from the ai_edge_litert package.
    See the [migration guide](https://ai.google.dev/edge/litert/migration)
    for details.
    
  warnings.warn(_INTERPRETER_DELETION_WARNING)
   [QAT Strip] Input model type: Functional
   [QAT Strip] Input model class: tf_keras.src.engine.functional.Functional
   [QAT Strip] Creating TF.Keras Functional model with input shape: (78,)
   [QAT Strip] TF_USE_LEGACY_KERAS=1
   [QAT Strip] 4 Dense layers after BatchNorm folding
   [QAT Strip] Created model type: Functional
   [QAT Strip] Model class: tf_keras.src.engine.functional.Functional
   [QAT Strip] Total layers: 5
   [QAT Strip] Is tensorflow.keras model: False
   [QAT Strip] WARNING: Model is not tensorflow.keras! QAT may fail.
✅ Saved (QAT): data/processed/revision/2026-10-05_x1_calib_methods/quant_lit/cic_near_iid/fq_pct999_client0_d1.tflite (206.76 KB)
   Quantization: 10/16 tensors (62.5%)
   Input: <class 'numpy.float32'>, Output: <class 'numpy.float32'>
  [cic_near_iid] fq_pct999              client0      d1 f1=0.8310 far=0.0834 missed=52/85173
/home/danielpark605/tinyml-venv/lib/python3.12/site-packages/tensorflow/lite/python/convert.py:846: UserWarning: Statistics for quantized inputs were expected, but not specified; continuing anyway.
  warnings.warn(
W0000 00:00:1791230146.804407 1031738 tf_tfl_flatbuffer_helpers.cc:364] Ignored output_format.
W0000 00:00:1791230146.804761 1031738 tf_tfl_flatbuffer_helpers.cc:367] Ignored drop_control_dependency.
I0000 00:00:1791230146.805200 1031738 reader.cc:83] Reading SavedModel from: /tmp/tmpzs038ojm
I0000 00:00:1791230146.806898 1031738 reader.cc:52] Reading meta graph with tags { serve }
I0000 00:00:1791230146.807255 1031738 reader.cc:147] Reading SavedModel debug info (if present) from: /tmp/tmpzs038ojm
I0000 00:00:1791230146.815114 1031738 loader.cc:236] Restoring SavedModel bundle.
I0000 00:00:1791230146.841163 1031738 loader.cc:220] Running initialization op on SavedModel bundle at path: /tmp/tmpzs038ojm
I0000 00:00:1791230146.848941 1031738 loader.cc:471] SavedModel load for tags { serve }; Status: success: OK. Took 43753 microseconds.
/home/danielpark605/tinyml-venv/lib/python3.12/site-packages/tensorflow/lite/python/interpreter.py:457: UserWarning:     Warning: tf.lite.Interpreter is deprecated and is scheduled for deletion in
    TF 2.20. Please use the LiteRT interpreter from the ai_edge_litert package.
    See the [migration guide](https://ai.google.dev/edge/litert/migration)
    for details.
    
  warnings.warn(_INTERPRETER_DELETION_WARNING)
   [QAT Strip] Input model type: Functional
   [QAT Strip] Input model class: tf_keras.src.engine.functional.Functional
   [QAT Strip] Creating TF.Keras Functional model with input shape: (78,)
   [QAT Strip] TF_USE_LEGACY_KERAS=1
   [QAT Strip] 4 Dense layers after BatchNorm folding
   [QAT Strip] Created model type: Functional
   [QAT Strip] Model class: tf_keras.src.engine.functional.Functional
   [QAT Strip] Total layers: 5
   [QAT Strip] Is tensorflow.keras model: False
   [QAT Strip] WARNING: Model is not tensorflow.keras! QAT may fail.
✅ Saved (QAT): data/processed/revision/2026-10-05_x1_calib_methods/quant_lit/cic_near_iid/fq_pct9999_client0_d1.tflite (206.76 KB)
   Quantization: 10/16 tensors (62.5%)
   Input: <class 'numpy.float32'>, Output: <class 'numpy.float32'>
  [cic_near_iid] fq_pct9999             client0      d1 f1=0.8228 far=0.0882 missed=59/85173
/home/danielpark605/tinyml-venv/lib/python3.12/site-packages/tensorflow/lite/python/convert.py:846: UserWarning: Statistics for quantized inputs were expected, but not specified; continuing anyway.
  warnings.warn(
W0000 00:00:1791230148.535226 1031738 tf_tfl_flatbuffer_helpers.cc:364] Ignored output_format.
W0000 00:00:1791230148.535600 1031738 tf_tfl_flatbuffer_helpers.cc:367] Ignored drop_control_dependency.
I0000 00:00:1791230148.536069 1031738 reader.cc:83] Reading SavedModel from: /tmp/tmpihzz6etu
I0000 00:00:1791230148.537913 1031738 reader.cc:52] Reading meta graph with tags { serve }
I0000 00:00:1791230148.538281 1031738 reader.cc:147] Reading SavedModel debug info (if present) from: /tmp/tmpihzz6etu
I0000 00:00:1791230148.545787 1031738 loader.cc:236] Restoring SavedModel bundle.
I0000 00:00:1791230148.573029 1031738 loader.cc:220] Running initialization op on SavedModel bundle at path: /tmp/tmpihzz6etu
I0000 00:00:1791230148.581099 1031738 loader.cc:471] SavedModel load for tags { serve }; Status: success: OK. Took 45038 microseconds.
/home/danielpark605/tinyml-venv/lib/python3.12/site-packages/tensorflow/lite/python/interpreter.py:457: UserWarning:     Warning: tf.lite.Interpreter is deprecated and is scheduled for deletion in
    TF 2.20. Please use the LiteRT interpreter from the ai_edge_litert package.
    See the [migration guide](https://ai.google.dev/edge/litert/migration)
    for details.
    
  warnings.warn(_INTERPRETER_DELETION_WARNING)
   [QAT Strip] Input model type: Functional
   [QAT Strip] Input model class: tf_keras.src.engine.functional.Functional
   [QAT Strip] Creating TF.Keras Functional model with input shape: (78,)
   [QAT Strip] TF_USE_LEGACY_KERAS=1
   [QAT Strip] 4 Dense layers after BatchNorm folding
   [QAT Strip] Created model type: Functional
   [QAT Strip] Model class: tf_keras.src.engine.functional.Functional
   [QAT Strip] Total layers: 5
   [QAT Strip] Is tensorflow.keras model: False
   [QAT Strip] WARNING: Model is not tensorflow.keras! QAT may fail.
✅ Saved (QAT): data/processed/revision/2026-10-05_x1_calib_methods/quant_lit/cic_near_iid/fq_mse_client0_d1.tflite (206.76 KB)
   Quantization: 10/16 tensors (62.5%)
   Input: <class 'numpy.float32'>, Output: <class 'numpy.float32'>
  [cic_near_iid] fq_mse                 client0      d1 f1=0.8035 far=0.1001 missed=80/85173
/home/danielpark605/tinyml-venv/lib/python3.12/site-packages/tensorflow/lite/python/convert.py:846: UserWarning: Statistics for quantized inputs were expected, but not specified; continuing anyway.
  warnings.warn(
W0000 00:00:1791230153.718145 1031738 tf_tfl_flatbuffer_helpers.cc:364] Ignored output_format.
W0000 00:00:1791230153.718581 1031738 tf_tfl_flatbuffer_helpers.cc:367] Ignored drop_control_dependency.
I0000 00:00:1791230153.719074 1031738 reader.cc:83] Reading SavedModel from: /tmp/tmpfz6o39g7
I0000 00:00:1791230153.721115 1031738 reader.cc:52] Reading meta graph with tags { serve }
I0000 00:00:1791230153.721498 1031738 reader.cc:147] Reading SavedModel debug info (if present) from: /tmp/tmpfz6o39g7
I0000 00:00:1791230153.729534 1031738 loader.cc:236] Restoring SavedModel bundle.
I0000 00:00:1791230153.757056 1031738 loader.cc:220] Running initialization op on SavedModel bundle at path: /tmp/tmpfz6o39g7
I0000 00:00:1791230153.765392 1031738 loader.cc:471] SavedModel load for tags { serve }; Status: success: OK. Took 46335 microseconds.
/home/danielpark605/tinyml-venv/lib/python3.12/site-packages/tensorflow/lite/python/interpreter.py:457: UserWarning:     Warning: tf.lite.Interpreter is deprecated and is scheduled for deletion in
    TF 2.20. Please use the LiteRT interpreter from the ai_edge_litert package.
    See the [migration guide](https://ai.google.dev/edge/litert/migration)
    for details.
    
  warnings.warn(_INTERPRETER_DELETION_WARNING)
   [QAT Strip] Input model type: Functional
   [QAT Strip] Input model class: tf_keras.src.engine.functional.Functional
   [QAT Strip] Creating TF.Keras Functional model with input shape: (78,)
   [QAT Strip] TF_USE_LEGACY_KERAS=1
   [QAT Strip] 4 Dense layers after BatchNorm folding
   [QAT Strip] Created model type: Functional
   [QAT Strip] Model class: tf_keras.src.engine.functional.Functional
   [QAT Strip] Total layers: 5
   [QAT Strip] Is tensorflow.keras model: False
   [QAT Strip] WARNING: Model is not tensorflow.keras! QAT may fail.
✅ Saved (QAT): data/processed/revision/2026-10-05_x1_calib_methods/quant_lit/cic_near_iid/fq_kl_client0_d1.tflite (206.76 KB)
   Quantization: 10/16 tensors (62.5%)
   Input: <class 'numpy.float32'>, Output: <class 'numpy.float32'>
  [cic_near_iid] fq_kl                  client0      d1 f1=0.8344 far=0.0798 missed=519/85173
/home/danielpark605/tinyml-venv/lib/python3.12/site-packages/tensorflow/lite/python/convert.py:846: UserWarning: Statistics for quantized inputs were expected, but not specified; continuing anyway.
  warnings.warn(
W0000 00:00:1791230156.909878 1031738 tf_tfl_flatbuffer_helpers.cc:364] Ignored output_format.
W0000 00:00:1791230156.910287 1031738 tf_tfl_flatbuffer_helpers.cc:367] Ignored drop_control_dependency.
I0000 00:00:1791230156.910729 1031738 reader.cc:83] Reading SavedModel from: /tmp/tmppandtoek
I0000 00:00:1791230156.912530 1031738 reader.cc:52] Reading meta graph with tags { serve }
I0000 00:00:1791230156.912911 1031738 reader.cc:147] Reading SavedModel debug info (if present) from: /tmp/tmppandtoek
I0000 00:00:1791230156.921229 1031738 loader.cc:236] Restoring SavedModel bundle.
I0000 00:00:1791230156.948777 1031738 loader.cc:220] Running initialization op on SavedModel bundle at path: /tmp/tmppandtoek
I0000 00:00:1791230156.957365 1031738 loader.cc:471] SavedModel load for tags { serve }; Status: success: OK. Took 46657 microseconds.
/home/danielpark605/tinyml-venv/lib/python3.12/site-packages/tensorflow/lite/python/interpreter.py:457: UserWarning:     Warning: tf.lite.Interpreter is deprecated and is scheduled for deletion in
    TF 2.20. Please use the LiteRT interpreter from the ai_edge_litert package.
    See the [migration guide](https://ai.google.dev/edge/litert/migration)
    for details.
    
  warnings.warn(_INTERPRETER_DELETION_WARNING)
   [QAT Strip] Input model type: Functional
   [QAT Strip] Input model class: tf_keras.src.engine.functional.Functional
   [QAT Strip] Creating TF.Keras Functional model with input shape: (78,)
   [QAT Strip] TF_USE_LEGACY_KERAS=1
   [QAT Strip] 4 Dense layers after BatchNorm folding
   [QAT Strip] Created model type: Functional
   [QAT Strip] Model class: tf_keras.src.engine.functional.Functional
   [QAT Strip] Total layers: 5
   [QAT Strip] Is tensorflow.keras model: False
   [QAT Strip] WARNING: Model is not tensorflow.keras! QAT may fail.
✅ Saved (QAT): data/processed/revision/2026-10-05_x1_calib_methods/quant_lit/cic_near_iid/fq_clip5_max_client0_d1.tflite (206.76 KB)
   Quantization: 10/16 tensors (62.5%)
   Input: <class 'numpy.float32'>, Output: <class 'numpy.float32'>
  [cic_near_iid] fq_clip5_max           client0      d1 f1=0.8275 far=0.0849 missed=228/85173
/home/danielpark605/tinyml-venv/lib/python3.12/site-packages/tensorflow/lite/python/convert.py:846: UserWarning: Statistics for quantized inputs were expected, but not specified; continuing anyway.
  warnings.warn(
W0000 00:00:1791230159.482977 1031738 tf_tfl_flatbuffer_helpers.cc:364] Ignored output_format.
W0000 00:00:1791230159.483388 1031738 tf_tfl_flatbuffer_helpers.cc:367] Ignored drop_control_dependency.
I0000 00:00:1791230159.483854 1031738 reader.cc:83] Reading SavedModel from: /tmp/tmpbi5soebc
I0000 00:00:1791230159.484592 1031738 reader.cc:52] Reading meta graph with tags { serve }
I0000 00:00:1791230159.484947 1031738 reader.cc:147] Reading SavedModel debug info (if present) from: /tmp/tmpbi5soebc
I0000 00:00:1791230159.486829 1031738 loader.cc:236] Restoring SavedModel bundle.
I0000 00:00:1791230159.498348 1031738 loader.cc:220] Running initialization op on SavedModel bundle at path: /tmp/tmpbi5soebc
I0000 00:00:1791230159.502342 1031738 loader.cc:471] SavedModel load for tags { serve }; Status: success: OK. Took 18497 microseconds.
fully_quantize: 0, inference_type: 6, input_inference_type: FLOAT32, output_inference_type: FLOAT32
W0000 00:00:1791230159.594436 1031738 flatbuffer_export.cc:3851] Skipping runtime version metadata in the model. This will be generated by the exporter.
/home/danielpark605/tinyml-venv/lib/python3.12/site-packages/tensorflow/lite/python/interpreter.py:457: UserWarning:     Warning: tf.lite.Interpreter is deprecated and is scheduled for deletion in
    TF 2.20. Please use the LiteRT interpreter from the ai_edge_litert package.
    See the [migration guide](https://ai.google.dev/edge/litert/migration)
    for details.
    
  warnings.warn(_INTERPRETER_DELETION_WARNING)
  [cic_near_iid] tflite_max             client1      d1 f1=0.8402 far=0.0774 missed=210/85173
/home/danielpark605/tinyml-venv/lib/python3.12/site-packages/tensorflow/lite/python/convert.py:846: UserWarning: Statistics for quantized inputs were expected, but not specified; continuing anyway.
  warnings.warn(
W0000 00:00:1791230161.985320 1031738 tf_tfl_flatbuffer_helpers.cc:364] Ignored output_format.
W0000 00:00:1791230161.985688 1031738 tf_tfl_flatbuffer_helpers.cc:367] Ignored drop_control_dependency.
I0000 00:00:1791230161.986108 1031738 reader.cc:83] Reading SavedModel from: /tmp/tmpvx08xyjk
I0000 00:00:1791230161.986762 1031738 reader.cc:52] Reading meta graph with tags { serve }
I0000 00:00:1791230161.987109 1031738 reader.cc:147] Reading SavedModel debug info (if present) from: /tmp/tmpvx08xyjk
I0000 00:00:1791230161.989040 1031738 loader.cc:236] Restoring SavedModel bundle.
I0000 00:00:1791230162.000319 1031738 loader.cc:220] Running initialization op on SavedModel bundle at path: /tmp/tmpvx08xyjk
I0000 00:00:1791230162.004100 1031738 loader.cc:471] SavedModel load for tags { serve }; Status: success: OK. Took 17997 microseconds.
fully_quantize: 0, inference_type: 6, input_inference_type: FLOAT32, output_inference_type: FLOAT32
W0000 00:00:1791230162.103476 1031738 flatbuffer_export.cc:3851] Skipping runtime version metadata in the model. This will be generated by the exporter.
/home/danielpark605/tinyml-venv/lib/python3.12/site-packages/tensorflow/lite/python/interpreter.py:457: UserWarning:     Warning: tf.lite.Interpreter is deprecated and is scheduled for deletion in
    TF 2.20. Please use the LiteRT interpreter from the ai_edge_litert package.
    See the [migration guide](https://ai.google.dev/edge/litert/migration)
    for details.
    
  warnings.warn(_INTERPRETER_DELETION_WARNING)
  [cic_near_iid] tflite_clip5           client1      d1 f1=0.8475 far=0.0737 missed=80/85173
/home/danielpark605/tinyml-venv/lib/python3.12/site-packages/tensorflow/lite/python/convert.py:846: UserWarning: Statistics for quantized inputs were expected, but not specified; continuing anyway.
  warnings.warn(
W0000 00:00:1791230164.629905 1031738 tf_tfl_flatbuffer_helpers.cc:364] Ignored output_format.
W0000 00:00:1791230164.630321 1031738 tf_tfl_flatbuffer_helpers.cc:367] Ignored drop_control_dependency.
I0000 00:00:1791230164.630782 1031738 reader.cc:83] Reading SavedModel from: /tmp/tmp8q134y0x
I0000 00:00:1791230164.631504 1031738 reader.cc:52] Reading meta graph with tags { serve }
I0000 00:00:1791230164.631836 1031738 reader.cc:147] Reading SavedModel debug info (if present) from: /tmp/tmp8q134y0x
I0000 00:00:1791230164.634250 1031738 loader.cc:236] Restoring SavedModel bundle.
I0000 00:00:1791230164.645242 1031738 loader.cc:220] Running initialization op on SavedModel bundle at path: /tmp/tmp8q134y0x
I0000 00:00:1791230164.649641 1031738 loader.cc:471] SavedModel load for tags { serve }; Status: success: OK. Took 18873 microseconds.
fully_quantize: 0, inference_type: 6, input_inference_type: FLOAT32, output_inference_type: FLOAT32
W0000 00:00:1791230164.744308 1031738 flatbuffer_export.cc:3851] Skipping runtime version metadata in the model. This will be generated by the exporter.
/home/danielpark605/tinyml-venv/lib/python3.12/site-packages/tensorflow/lite/python/interpreter.py:457: UserWarning:     Warning: tf.lite.Interpreter is deprecated and is scheduled for deletion in
    TF 2.20. Please use the LiteRT interpreter from the ai_edge_litert package.
    See the [migration guide](https://ai.google.dev/edge/litert/migration)
    for details.
    
  warnings.warn(_INTERPRETER_DELETION_WARNING)
  [cic_near_iid] tflite_max_per_tensor  client1      d1 f1=0.8276 far=0.0851 missed=148/85173
/home/danielpark605/tinyml-venv/lib/python3.12/site-packages/tensorflow/lite/python/convert.py:846: UserWarning: Statistics for quantized inputs were expected, but not specified; continuing anyway.
  warnings.warn(
W0000 00:00:1791230167.861754 1031738 tf_tfl_flatbuffer_helpers.cc:364] Ignored output_format.
W0000 00:00:1791230167.862153 1031738 tf_tfl_flatbuffer_helpers.cc:367] Ignored drop_control_dependency.
I0000 00:00:1791230167.862599 1031738 reader.cc:83] Reading SavedModel from: /tmp/tmpwjjk_kcr
I0000 00:00:1791230167.864479 1031738 reader.cc:52] Reading meta graph with tags { serve }
I0000 00:00:1791230167.864841 1031738 reader.cc:147] Reading SavedModel debug info (if present) from: /tmp/tmpwjjk_kcr
I0000 00:00:1791230167.872577 1031738 loader.cc:236] Restoring SavedModel bundle.
I0000 00:00:1791230167.900751 1031738 loader.cc:220] Running initialization op on SavedModel bundle at path: /tmp/tmpwjjk_kcr
I0000 00:00:1791230167.909056 1031738 loader.cc:471] SavedModel load for tags { serve }; Status: success: OK. Took 46482 microseconds.
/home/danielpark605/tinyml-venv/lib/python3.12/site-packages/tensorflow/lite/python/interpreter.py:457: UserWarning:     Warning: tf.lite.Interpreter is deprecated and is scheduled for deletion in
    TF 2.20. Please use the LiteRT interpreter from the ai_edge_litert package.
    See the [migration guide](https://ai.google.dev/edge/litert/migration)
    for details.
    
  warnings.warn(_INTERPRETER_DELETION_WARNING)
   [QAT Strip] Input model type: Functional
   [QAT Strip] Input model class: tf_keras.src.engine.functional.Functional
   [QAT Strip] Creating TF.Keras Functional model with input shape: (78,)
   [QAT Strip] TF_USE_LEGACY_KERAS=1
   [QAT Strip] 4 Dense layers after BatchNorm folding
   [QAT Strip] Created model type: Functional
   [QAT Strip] Model class: tf_keras.src.engine.functional.Functional
   [QAT Strip] Total layers: 5
   [QAT Strip] Is tensorflow.keras model: False
   [QAT Strip] WARNING: Model is not tensorflow.keras! QAT may fail.
✅ Saved (QAT): data/processed/revision/2026-10-05_x1_calib_methods/quant_lit/cic_near_iid/fq_max_client1_d1.tflite (206.76 KB)
   Quantization: 10/16 tensors (62.5%)
   Input: <class 'numpy.float32'>, Output: <class 'numpy.float32'>
  [cic_near_iid] fq_max                 client1      d1 f1=0.8276 far=0.0851 missed=148/85173
/home/danielpark605/tinyml-venv/lib/python3.12/site-packages/tensorflow/lite/python/convert.py:846: UserWarning: Statistics for quantized inputs were expected, but not specified; continuing anyway.
  warnings.warn(
W0000 00:00:1791230171.025077 1031738 tf_tfl_flatbuffer_helpers.cc:364] Ignored output_format.
W0000 00:00:1791230171.025467 1031738 tf_tfl_flatbuffer_helpers.cc:367] Ignored drop_control_dependency.
I0000 00:00:1791230171.025923 1031738 reader.cc:83] Reading SavedModel from: /tmp/tmpqg1ub5ny
I0000 00:00:1791230171.027933 1031738 reader.cc:52] Reading meta graph with tags { serve }
I0000 00:00:1791230171.028426 1031738 reader.cc:147] Reading SavedModel debug info (if present) from: /tmp/tmpqg1ub5ny
I0000 00:00:1791230171.036669 1031738 loader.cc:236] Restoring SavedModel bundle.
I0000 00:00:1791230171.063897 1031738 loader.cc:220] Running initialization op on SavedModel bundle at path: /tmp/tmpqg1ub5ny
I0000 00:00:1791230171.072552 1031738 loader.cc:471] SavedModel load for tags { serve }; Status: success: OK. Took 46640 microseconds.
/home/danielpark605/tinyml-venv/lib/python3.12/site-packages/tensorflow/lite/python/interpreter.py:457: UserWarning:     Warning: tf.lite.Interpreter is deprecated and is scheduled for deletion in
    TF 2.20. Please use the LiteRT interpreter from the ai_edge_litert package.
    See the [migration guide](https://ai.google.dev/edge/litert/migration)
    for details.
    
  warnings.warn(_INTERPRETER_DELETION_WARNING)
   [QAT Strip] Input model type: Functional
   [QAT Strip] Input model class: tf_keras.src.engine.functional.Functional
   [QAT Strip] Creating TF.Keras Functional model with input shape: (78,)
   [QAT Strip] TF_USE_LEGACY_KERAS=1
   [QAT Strip] 4 Dense layers after BatchNorm folding
   [QAT Strip] Created model type: Functional
   [QAT Strip] Model class: tf_keras.src.engine.functional.Functional
   [QAT Strip] Total layers: 5
   [QAT Strip] Is tensorflow.keras model: False
   [QAT Strip] WARNING: Model is not tensorflow.keras! QAT may fail.
✅ Saved (QAT): data/processed/revision/2026-10-05_x1_calib_methods/quant_lit/cic_near_iid/fq_pct999_client1_d1.tflite (206.76 KB)
   Quantization: 10/16 tensors (62.5%)
   Input: <class 'numpy.float32'>, Output: <class 'numpy.float32'>
  [cic_near_iid] fq_pct999              client1      d1 f1=0.8386 far=0.0788 missed=58/85173
/home/danielpark605/tinyml-venv/lib/python3.12/site-packages/tensorflow/lite/python/convert.py:846: UserWarning: Statistics for quantized inputs were expected, but not specified; continuing anyway.
  warnings.warn(
W0000 00:00:1791230174.434053 1031738 tf_tfl_flatbuffer_helpers.cc:364] Ignored output_format.
W0000 00:00:1791230174.434448 1031738 tf_tfl_flatbuffer_helpers.cc:367] Ignored drop_control_dependency.
I0000 00:00:1791230174.434954 1031738 reader.cc:83] Reading SavedModel from: /tmp/tmplbc1ican
I0000 00:00:1791230174.436627 1031738 reader.cc:52] Reading meta graph with tags { serve }
I0000 00:00:1791230174.437014 1031738 reader.cc:147] Reading SavedModel debug info (if present) from: /tmp/tmplbc1ican
I0000 00:00:1791230174.443835 1031738 loader.cc:236] Restoring SavedModel bundle.
I0000 00:00:1791230174.470657 1031738 loader.cc:220] Running initialization op on SavedModel bundle at path: /tmp/tmplbc1ican
I0000 00:00:1791230174.479486 1031738 loader.cc:471] SavedModel load for tags { serve }; Status: success: OK. Took 44552 microseconds.
/home/danielpark605/tinyml-venv/lib/python3.12/site-packages/tensorflow/lite/python/interpreter.py:457: UserWarning:     Warning: tf.lite.Interpreter is deprecated and is scheduled for deletion in
    TF 2.20. Please use the LiteRT interpreter from the ai_edge_litert package.
    See the [migration guide](https://ai.google.dev/edge/litert/migration)
    for details.
    
  warnings.warn(_INTERPRETER_DELETION_WARNING)
   [QAT Strip] Input model type: Functional
   [QAT Strip] Input model class: tf_keras.src.engine.functional.Functional
   [QAT Strip] Creating TF.Keras Functional model with input shape: (78,)
   [QAT Strip] TF_USE_LEGACY_KERAS=1
   [QAT Strip] 4 Dense layers after BatchNorm folding
   [QAT Strip] Created model type: Functional
   [QAT Strip] Model class: tf_keras.src.engine.functional.Functional
   [QAT Strip] Total layers: 5
   [QAT Strip] Is tensorflow.keras model: False
   [QAT Strip] WARNING: Model is not tensorflow.keras! QAT may fail.
✅ Saved (QAT): data/processed/revision/2026-10-05_x1_calib_methods/quant_lit/cic_near_iid/fq_pct9999_client1_d1.tflite (206.76 KB)
   Quantization: 10/16 tensors (62.5%)
   Input: <class 'numpy.float32'>, Output: <class 'numpy.float32'>
  [cic_near_iid] fq_pct9999             client1      d1 f1=0.8412 far=0.0773 missed=57/85173
/home/danielpark605/tinyml-venv/lib/python3.12/site-packages/tensorflow/lite/python/convert.py:846: UserWarning: Statistics for quantized inputs were expected, but not specified; continuing anyway.
  warnings.warn(
W0000 00:00:1791230177.842674 1031738 tf_tfl_flatbuffer_helpers.cc:364] Ignored output_format.
W0000 00:00:1791230177.843040 1031738 tf_tfl_flatbuffer_helpers.cc:367] Ignored drop_control_dependency.
I0000 00:00:1791230177.843458 1031738 reader.cc:83] Reading SavedModel from: /tmp/tmp3o7c5uz6
I0000 00:00:1791230177.845267 1031738 reader.cc:52] Reading meta graph with tags { serve }
I0000 00:00:1791230177.845636 1031738 reader.cc:147] Reading SavedModel debug info (if present) from: /tmp/tmp3o7c5uz6
I0000 00:00:1791230177.853167 1031738 loader.cc:236] Restoring SavedModel bundle.
I0000 00:00:1791230177.880994 1031738 loader.cc:220] Running initialization op on SavedModel bundle at path: /tmp/tmp3o7c5uz6
I0000 00:00:1791230177.888902 1031738 loader.cc:471] SavedModel load for tags { serve }; Status: success: OK. Took 45465 microseconds.
/home/danielpark605/tinyml-venv/lib/python3.12/site-packages/tensorflow/lite/python/interpreter.py:457: UserWarning:     Warning: tf.lite.Interpreter is deprecated and is scheduled for deletion in
    TF 2.20. Please use the LiteRT interpreter from the ai_edge_litert package.
    See the [migration guide](https://ai.google.dev/edge/litert/migration)
    for details.
    
  warnings.warn(_INTERPRETER_DELETION_WARNING)
   [QAT Strip] Input model type: Functional
   [QAT Strip] Input model class: tf_keras.src.engine.functional.Functional
   [QAT Strip] Creating TF.Keras Functional model with input shape: (78,)
   [QAT Strip] TF_USE_LEGACY_KERAS=1
   [QAT Strip] 4 Dense layers after BatchNorm folding
   [QAT Strip] Created model type: Functional
   [QAT Strip] Model class: tf_keras.src.engine.functional.Functional
   [QAT Strip] Total layers: 5
   [QAT Strip] Is tensorflow.keras model: False
   [QAT Strip] WARNING: Model is not tensorflow.keras! QAT may fail.
✅ Saved (QAT): data/processed/revision/2026-10-05_x1_calib_methods/quant_lit/cic_near_iid/fq_mse_client1_d1.tflite (206.76 KB)
   Quantization: 10/16 tensors (62.5%)
   Input: <class 'numpy.float32'>, Output: <class 'numpy.float32'>
  [cic_near_iid] fq_mse                 client1      d1 f1=0.8233 far=0.0867 missed=423/85173
/home/danielpark605/tinyml-venv/lib/python3.12/site-packages/tensorflow/lite/python/convert.py:846: UserWarning: Statistics for quantized inputs were expected, but not specified; continuing anyway.
  warnings.warn(
W0000 00:00:1791230181.210323 1031738 tf_tfl_flatbuffer_helpers.cc:364] Ignored output_format.
W0000 00:00:1791230181.210626 1031738 tf_tfl_flatbuffer_helpers.cc:367] Ignored drop_control_dependency.
I0000 00:00:1791230181.210993 1031738 reader.cc:83] Reading SavedModel from: /tmp/tmpujjzip_2
I0000 00:00:1791230181.213227 1031738 reader.cc:52] Reading meta graph with tags { serve }
I0000 00:00:1791230181.213523 1031738 reader.cc:147] Reading SavedModel debug info (if present) from: /tmp/tmpujjzip_2
I0000 00:00:1791230181.220356 1031738 loader.cc:236] Restoring SavedModel bundle.
I0000 00:00:1791230181.247661 1031738 loader.cc:220] Running initialization op on SavedModel bundle at path: /tmp/tmpujjzip_2
I0000 00:00:1791230181.256210 1031738 loader.cc:471] SavedModel load for tags { serve }; Status: success: OK. Took 45226 microseconds.
/home/danielpark605/tinyml-venv/lib/python3.12/site-packages/tensorflow/lite/python/interpreter.py:457: UserWarning:     Warning: tf.lite.Interpreter is deprecated and is scheduled for deletion in
    TF 2.20. Please use the LiteRT interpreter from the ai_edge_litert package.
    See the [migration guide](https://ai.google.dev/edge/litert/migration)
    for details.
    
  warnings.warn(_INTERPRETER_DELETION_WARNING)
   [QAT Strip] Input model type: Functional
   [QAT Strip] Input model class: tf_keras.src.engine.functional.Functional
   [QAT Strip] Creating TF.Keras Functional model with input shape: (78,)
   [QAT Strip] TF_USE_LEGACY_KERAS=1
   [QAT Strip] 4 Dense layers after BatchNorm folding
   [QAT Strip] Created model type: Functional
   [QAT Strip] Model class: tf_keras.src.engine.functional.Functional
   [QAT Strip] Total layers: 5
   [QAT Strip] Is tensorflow.keras model: False
   [QAT Strip] WARNING: Model is not tensorflow.keras! QAT may fail.
✅ Saved (QAT): data/processed/revision/2026-10-05_x1_calib_methods/quant_lit/cic_near_iid/fq_kl_client1_d1.tflite (206.76 KB)
   Quantization: 10/16 tensors (62.5%)
   Input: <class 'numpy.float32'>, Output: <class 'numpy.float32'>
  [cic_near_iid] fq_kl                  client1      d1 f1=0.8327 far=0.0816 missed=257/85173
/home/danielpark605/tinyml-venv/lib/python3.12/site-packages/tensorflow/lite/python/convert.py:846: UserWarning: Statistics for quantized inputs were expected, but not specified; continuing anyway.
  warnings.warn(
W0000 00:00:1791230184.735250 1031738 tf_tfl_flatbuffer_helpers.cc:364] Ignored output_format.
W0000 00:00:1791230184.735644 1031738 tf_tfl_flatbuffer_helpers.cc:367] Ignored drop_control_dependency.
I0000 00:00:1791230184.736062 1031738 reader.cc:83] Reading SavedModel from: /tmp/tmpu85j63jm
I0000 00:00:1791230184.737745 1031738 reader.cc:52] Reading meta graph with tags { serve }
I0000 00:00:1791230184.738170 1031738 reader.cc:147] Reading SavedModel debug info (if present) from: /tmp/tmpu85j63jm
I0000 00:00:1791230184.745534 1031738 loader.cc:236] Restoring SavedModel bundle.
I0000 00:00:1791230184.773468 1031738 loader.cc:220] Running initialization op on SavedModel bundle at path: /tmp/tmpu85j63jm
I0000 00:00:1791230184.781929 1031738 loader.cc:471] SavedModel load for tags { serve }; Status: success: OK. Took 45885 microseconds.
/home/danielpark605/tinyml-venv/lib/python3.12/site-packages/tensorflow/lite/python/interpreter.py:457: UserWarning:     Warning: tf.lite.Interpreter is deprecated and is scheduled for deletion in
    TF 2.20. Please use the LiteRT interpreter from the ai_edge_litert package.
    See the [migration guide](https://ai.google.dev/edge/litert/migration)
    for details.
    
  warnings.warn(_INTERPRETER_DELETION_WARNING)
   [QAT Strip] Input model type: Functional
   [QAT Strip] Input model class: tf_keras.src.engine.functional.Functional
   [QAT Strip] Creating TF.Keras Functional model with input shape: (78,)
   [QAT Strip] TF_USE_LEGACY_KERAS=1
   [QAT Strip] 4 Dense layers after BatchNorm folding
   [QAT Strip] Created model type: Functional
   [QAT Strip] Model class: tf_keras.src.engine.functional.Functional
   [QAT Strip] Total layers: 5
   [QAT Strip] Is tensorflow.keras model: False
   [QAT Strip] WARNING: Model is not tensorflow.keras! QAT may fail.
✅ Saved (QAT): data/processed/revision/2026-10-05_x1_calib_methods/quant_lit/cic_near_iid/fq_clip5_max_client1_d1.tflite (206.76 KB)
   Quantization: 10/16 tensors (62.5%)
   Input: <class 'numpy.float32'>, Output: <class 'numpy.float32'>
  [cic_near_iid] fq_clip5_max           client1      d1 f1=0.8354 far=0.0801 missed=236/85173
/home/danielpark605/tinyml-venv/lib/python3.12/site-packages/tensorflow/lite/python/convert.py:846: UserWarning: Statistics for quantized inputs were expected, but not specified; continuing anyway.
  warnings.warn(
W0000 00:00:1791230187.364505 1031738 tf_tfl_flatbuffer_helpers.cc:364] Ignored output_format.
W0000 00:00:1791230187.367936 1031738 tf_tfl_flatbuffer_helpers.cc:367] Ignored drop_control_dependency.
I0000 00:00:1791230187.368430 1031738 reader.cc:83] Reading SavedModel from: /tmp/tmpf5rf1g48
I0000 00:00:1791230187.369199 1031738 reader.cc:52] Reading meta graph with tags { serve }
I0000 00:00:1791230187.369536 1031738 reader.cc:147] Reading SavedModel debug info (if present) from: /tmp/tmpf5rf1g48
I0000 00:00:1791230187.371607 1031738 loader.cc:236] Restoring SavedModel bundle.
I0000 00:00:1791230187.383251 1031738 loader.cc:220] Running initialization op on SavedModel bundle at path: /tmp/tmpf5rf1g48
I0000 00:00:1791230187.386910 1031738 loader.cc:471] SavedModel load for tags { serve }; Status: success: OK. Took 18494 microseconds.
fully_quantize: 0, inference_type: 6, input_inference_type: FLOAT32, output_inference_type: FLOAT32
W0000 00:00:1791230187.488106 1031738 flatbuffer_export.cc:3851] Skipping runtime version metadata in the model. This will be generated by the exporter.
/home/danielpark605/tinyml-venv/lib/python3.12/site-packages/tensorflow/lite/python/interpreter.py:457: UserWarning:     Warning: tf.lite.Interpreter is deprecated and is scheduled for deletion in
    TF 2.20. Please use the LiteRT interpreter from the ai_edge_litert package.
    See the [migration guide](https://ai.google.dev/edge/litert/migration)
    for details.
    
  warnings.warn(_INTERPRETER_DELETION_WARNING)
  [cic_near_iid] tflite_max             client2      d1 f1=0.8146 far=0.0930 missed=152/85173
/home/danielpark605/tinyml-venv/lib/python3.12/site-packages/tensorflow/lite/python/convert.py:846: UserWarning: Statistics for quantized inputs were expected, but not specified; continuing anyway.
  warnings.warn(
W0000 00:00:1791230189.989204 1031738 tf_tfl_flatbuffer_helpers.cc:364] Ignored output_format.
W0000 00:00:1791230189.989712 1031738 tf_tfl_flatbuffer_helpers.cc:367] Ignored drop_control_dependency.
I0000 00:00:1791230189.990280 1031738 reader.cc:83] Reading SavedModel from: /tmp/tmph_at_f6a
I0000 00:00:1791230189.991002 1031738 reader.cc:52] Reading meta graph with tags { serve }
I0000 00:00:1791230189.991353 1031738 reader.cc:147] Reading SavedModel debug info (if present) from: /tmp/tmph_at_f6a
I0000 00:00:1791230189.993327 1031738 loader.cc:236] Restoring SavedModel bundle.
I0000 00:00:1791230190.004834 1031738 loader.cc:220] Running initialization op on SavedModel bundle at path: /tmp/tmph_at_f6a
I0000 00:00:1791230190.009023 1031738 loader.cc:471] SavedModel load for tags { serve }; Status: success: OK. Took 18756 microseconds.
fully_quantize: 0, inference_type: 6, input_inference_type: FLOAT32, output_inference_type: FLOAT32
W0000 00:00:1791230190.112051 1031738 flatbuffer_export.cc:3851] Skipping runtime version metadata in the model. This will be generated by the exporter.
/home/danielpark605/tinyml-venv/lib/python3.12/site-packages/tensorflow/lite/python/interpreter.py:457: UserWarning:     Warning: tf.lite.Interpreter is deprecated and is scheduled for deletion in
    TF 2.20. Please use the LiteRT interpreter from the ai_edge_litert package.
    See the [migration guide](https://ai.google.dev/edge/litert/migration)
    for details.
    
  warnings.warn(_INTERPRETER_DELETION_WARNING)
  [cic_near_iid] tflite_clip5           client2      d1 f1=0.8302 far=0.0837 missed=78/85173
/home/danielpark605/tinyml-venv/lib/python3.12/site-packages/tensorflow/lite/python/convert.py:846: UserWarning: Statistics for quantized inputs were expected, but not specified; continuing anyway.
  warnings.warn(
W0000 00:00:1791230192.658474 1031738 tf_tfl_flatbuffer_helpers.cc:364] Ignored output_format.
W0000 00:00:1791230192.658855 1031738 tf_tfl_flatbuffer_helpers.cc:367] Ignored drop_control_dependency.
I0000 00:00:1791230192.659390 1031738 reader.cc:83] Reading SavedModel from: /tmp/tmpvvymr4o0
I0000 00:00:1791230192.660251 1031738 reader.cc:52] Reading meta graph with tags { serve }
I0000 00:00:1791230192.660623 1031738 reader.cc:147] Reading SavedModel debug info (if present) from: /tmp/tmpvvymr4o0
I0000 00:00:1791230192.663497 1031738 loader.cc:236] Restoring SavedModel bundle.
I0000 00:00:1791230192.675167 1031738 loader.cc:220] Running initialization op on SavedModel bundle at path: /tmp/tmpvvymr4o0
I0000 00:00:1791230192.679160 1031738 loader.cc:471] SavedModel load for tags { serve }; Status: success: OK. Took 19783 microseconds.
fully_quantize: 0, inference_type: 6, input_inference_type: FLOAT32, output_inference_type: FLOAT32
W0000 00:00:1791230192.781840 1031738 flatbuffer_export.cc:3851] Skipping runtime version metadata in the model. This will be generated by the exporter.
/home/danielpark605/tinyml-venv/lib/python3.12/site-packages/tensorflow/lite/python/interpreter.py:457: UserWarning:     Warning: tf.lite.Interpreter is deprecated and is scheduled for deletion in
    TF 2.20. Please use the LiteRT interpreter from the ai_edge_litert package.
    See the [migration guide](https://ai.google.dev/edge/litert/migration)
    for details.
    
  warnings.warn(_INTERPRETER_DELETION_WARNING)
  [cic_near_iid] tflite_max_per_tensor  client2      d1 f1=0.8083 far=0.0967 missed=207/85173
/home/danielpark605/tinyml-venv/lib/python3.12/site-packages/tensorflow/lite/python/convert.py:846: UserWarning: Statistics for quantized inputs were expected, but not specified; continuing anyway.
  warnings.warn(
W0000 00:00:1791230195.909884 1031738 tf_tfl_flatbuffer_helpers.cc:364] Ignored output_format.
W0000 00:00:1791230195.910322 1031738 tf_tfl_flatbuffer_helpers.cc:367] Ignored drop_control_dependency.
I0000 00:00:1791230195.910773 1031738 reader.cc:83] Reading SavedModel from: /tmp/tmpdlmsrshf
I0000 00:00:1791230195.912531 1031738 reader.cc:52] Reading meta graph with tags { serve }
I0000 00:00:1791230195.912872 1031738 reader.cc:147] Reading SavedModel debug info (if present) from: /tmp/tmpdlmsrshf
I0000 00:00:1791230195.920565 1031738 loader.cc:236] Restoring SavedModel bundle.
I0000 00:00:1791230195.948312 1031738 loader.cc:220] Running initialization op on SavedModel bundle at path: /tmp/tmpdlmsrshf
I0000 00:00:1791230195.957537 1031738 loader.cc:471] SavedModel load for tags { serve }; Status: success: OK. Took 46773 microseconds.
/home/danielpark605/tinyml-venv/lib/python3.12/site-packages/tensorflow/lite/python/interpreter.py:457: UserWarning:     Warning: tf.lite.Interpreter is deprecated and is scheduled for deletion in
    TF 2.20. Please use the LiteRT interpreter from the ai_edge_litert package.
    See the [migration guide](https://ai.google.dev/edge/litert/migration)
    for details.
    
  warnings.warn(_INTERPRETER_DELETION_WARNING)
   [QAT Strip] Input model type: Functional
   [QAT Strip] Input model class: tf_keras.src.engine.functional.Functional
   [QAT Strip] Creating TF.Keras Functional model with input shape: (78,)
   [QAT Strip] TF_USE_LEGACY_KERAS=1
   [QAT Strip] 4 Dense layers after BatchNorm folding
   [QAT Strip] Created model type: Functional
   [QAT Strip] Model class: tf_keras.src.engine.functional.Functional
   [QAT Strip] Total layers: 5
   [QAT Strip] Is tensorflow.keras model: False
   [QAT Strip] WARNING: Model is not tensorflow.keras! QAT may fail.
✅ Saved (QAT): data/processed/revision/2026-10-05_x1_calib_methods/quant_lit/cic_near_iid/fq_max_client2_d1.tflite (206.76 KB)
   Quantization: 10/16 tensors (62.5%)
   Input: <class 'numpy.float32'>, Output: <class 'numpy.float32'>
  [cic_near_iid] fq_max                 client2      d1 f1=0.8080 far=0.0964 missed=332/85173
/home/danielpark605/tinyml-venv/lib/python3.12/site-packages/tensorflow/lite/python/convert.py:846: UserWarning: Statistics for quantized inputs were expected, but not specified; continuing anyway.
  warnings.warn(
W0000 00:00:1791230199.353965 1031738 tf_tfl_flatbuffer_helpers.cc:364] Ignored output_format.
W0000 00:00:1791230199.354347 1031738 tf_tfl_flatbuffer_helpers.cc:367] Ignored drop_control_dependency.
I0000 00:00:1791230199.354824 1031738 reader.cc:83] Reading SavedModel from: /tmp/tmptxoj9onv
I0000 00:00:1791230199.356616 1031738 reader.cc:52] Reading meta graph with tags { serve }
I0000 00:00:1791230199.356996 1031738 reader.cc:147] Reading SavedModel debug info (if present) from: /tmp/tmptxoj9onv
I0000 00:00:1791230199.364420 1031738 loader.cc:236] Restoring SavedModel bundle.
I0000 00:00:1791230199.391388 1031738 loader.cc:220] Running initialization op on SavedModel bundle at path: /tmp/tmptxoj9onv
I0000 00:00:1791230199.399619 1031738 loader.cc:471] SavedModel load for tags { serve }; Status: success: OK. Took 44810 microseconds.
/home/danielpark605/tinyml-venv/lib/python3.12/site-packages/tensorflow/lite/python/interpreter.py:457: UserWarning:     Warning: tf.lite.Interpreter is deprecated and is scheduled for deletion in
    TF 2.20. Please use the LiteRT interpreter from the ai_edge_litert package.
    See the [migration guide](https://ai.google.dev/edge/litert/migration)
    for details.
    
  warnings.warn(_INTERPRETER_DELETION_WARNING)
   [QAT Strip] Input model type: Functional
   [QAT Strip] Input model class: tf_keras.src.engine.functional.Functional
   [QAT Strip] Creating TF.Keras Functional model with input shape: (78,)
   [QAT Strip] TF_USE_LEGACY_KERAS=1
   [QAT Strip] 4 Dense layers after BatchNorm folding
   [QAT Strip] Created model type: Functional
   [QAT Strip] Model class: tf_keras.src.engine.functional.Functional
   [QAT Strip] Total layers: 5
   [QAT Strip] Is tensorflow.keras model: False
   [QAT Strip] WARNING: Model is not tensorflow.keras! QAT may fail.
✅ Saved (QAT): data/processed/revision/2026-10-05_x1_calib_methods/quant_lit/cic_near_iid/fq_pct999_client2_d1.tflite (206.76 KB)
   Quantization: 10/16 tensors (62.5%)
   Input: <class 'numpy.float32'>, Output: <class 'numpy.float32'>
  [cic_near_iid] fq_pct999              client2      d1 f1=0.8287 far=0.0847 missed=62/85173
/home/danielpark605/tinyml-venv/lib/python3.12/site-packages/tensorflow/lite/python/convert.py:846: UserWarning: Statistics for quantized inputs were expected, but not specified; continuing anyway.
  warnings.warn(
W0000 00:00:1791230202.585058 1031738 tf_tfl_flatbuffer_helpers.cc:364] Ignored output_format.
W0000 00:00:1791230202.585437 1031738 tf_tfl_flatbuffer_helpers.cc:367] Ignored drop_control_dependency.
I0000 00:00:1791230202.585899 1031738 reader.cc:83] Reading SavedModel from: /tmp/tmpzew1jdxs
I0000 00:00:1791230202.587733 1031738 reader.cc:52] Reading meta graph with tags { serve }
I0000 00:00:1791230202.588110 1031738 reader.cc:147] Reading SavedModel debug info (if present) from: /tmp/tmpzew1jdxs
I0000 00:00:1791230202.595786 1031738 loader.cc:236] Restoring SavedModel bundle.
I0000 00:00:1791230202.622522 1031738 loader.cc:220] Running initialization op on SavedModel bundle at path: /tmp/tmpzew1jdxs
I0000 00:00:1791230202.630717 1031738 loader.cc:471] SavedModel load for tags { serve }; Status: success: OK. Took 44833 microseconds.
/home/danielpark605/tinyml-venv/lib/python3.12/site-packages/tensorflow/lite/python/interpreter.py:457: UserWarning:     Warning: tf.lite.Interpreter is deprecated and is scheduled for deletion in
    TF 2.20. Please use the LiteRT interpreter from the ai_edge_litert package.
    See the [migration guide](https://ai.google.dev/edge/litert/migration)
    for details.
    
  warnings.warn(_INTERPRETER_DELETION_WARNING)
   [QAT Strip] Input model type: Functional
   [QAT Strip] Input model class: tf_keras.src.engine.functional.Functional
   [QAT Strip] Creating TF.Keras Functional model with input shape: (78,)
   [QAT Strip] TF_USE_LEGACY_KERAS=1
   [QAT Strip] 4 Dense layers after BatchNorm folding
   [QAT Strip] Created model type: Functional
   [QAT Strip] Model class: tf_keras.src.engine.functional.Functional
   [QAT Strip] Total layers: 5
   [QAT Strip] Is tensorflow.keras model: False
   [QAT Strip] WARNING: Model is not tensorflow.keras! QAT may fail.
✅ Saved (QAT): data/processed/revision/2026-10-05_x1_calib_methods/quant_lit/cic_near_iid/fq_pct9999_client2_d1.tflite (206.76 KB)
   Quantization: 10/16 tensors (62.5%)
   Input: <class 'numpy.float32'>, Output: <class 'numpy.float32'>
  [cic_near_iid] fq_pct9999             client2      d1 f1=0.8346 far=0.0812 missed=51/85173
/home/danielpark605/tinyml-venv/lib/python3.12/site-packages/tensorflow/lite/python/convert.py:846: UserWarning: Statistics for quantized inputs were expected, but not specified; continuing anyway.
  warnings.warn(
W0000 00:00:1791230205.962809 1031738 tf_tfl_flatbuffer_helpers.cc:364] Ignored output_format.
W0000 00:00:1791230205.963207 1031738 tf_tfl_flatbuffer_helpers.cc:367] Ignored drop_control_dependency.
I0000 00:00:1791230205.963660 1031738 reader.cc:83] Reading SavedModel from: /tmp/tmpashdq60n
I0000 00:00:1791230205.965337 1031738 reader.cc:52] Reading meta graph with tags { serve }
I0000 00:00:1791230205.965822 1031738 reader.cc:147] Reading SavedModel debug info (if present) from: /tmp/tmpashdq60n
I0000 00:00:1791230205.972709 1031738 loader.cc:236] Restoring SavedModel bundle.
I0000 00:00:1791230206.000979 1031738 loader.cc:220] Running initialization op on SavedModel bundle at path: /tmp/tmpashdq60n
I0000 00:00:1791230206.011765 1031738 loader.cc:471] SavedModel load for tags { serve }; Status: success: OK. Took 48114 microseconds.
/home/danielpark605/tinyml-venv/lib/python3.12/site-packages/tensorflow/lite/python/interpreter.py:457: UserWarning:     Warning: tf.lite.Interpreter is deprecated and is scheduled for deletion in
    TF 2.20. Please use the LiteRT interpreter from the ai_edge_litert package.
    See the [migration guide](https://ai.google.dev/edge/litert/migration)
    for details.
    
  warnings.warn(_INTERPRETER_DELETION_WARNING)
   [QAT Strip] Input model type: Functional
   [QAT Strip] Input model class: tf_keras.src.engine.functional.Functional
   [QAT Strip] Creating TF.Keras Functional model with input shape: (78,)
   [QAT Strip] TF_USE_LEGACY_KERAS=1
   [QAT Strip] 4 Dense layers after BatchNorm folding
   [QAT Strip] Created model type: Functional
   [QAT Strip] Model class: tf_keras.src.engine.functional.Functional
   [QAT Strip] Total layers: 5
   [QAT Strip] Is tensorflow.keras model: False
   [QAT Strip] WARNING: Model is not tensorflow.keras! QAT may fail.
✅ Saved (QAT): data/processed/revision/2026-10-05_x1_calib_methods/quant_lit/cic_near_iid/fq_mse_client2_d1.tflite (206.76 KB)
   Quantization: 10/16 tensors (62.5%)
   Input: <class 'numpy.float32'>, Output: <class 'numpy.float32'>
  [cic_near_iid] fq_mse                 client2      d1 f1=0.8050 far=0.0983 missed=330/85173
/home/danielpark605/tinyml-venv/lib/python3.12/site-packages/tensorflow/lite/python/convert.py:846: UserWarning: Statistics for quantized inputs were expected, but not specified; continuing anyway.
  warnings.warn(
W0000 00:00:1791230209.202810 1031738 tf_tfl_flatbuffer_helpers.cc:364] Ignored output_format.
W0000 00:00:1791230209.203200 1031738 tf_tfl_flatbuffer_helpers.cc:367] Ignored drop_control_dependency.
I0000 00:00:1791230209.203659 1031738 reader.cc:83] Reading SavedModel from: /tmp/tmpt3zay85t
I0000 00:00:1791230209.205446 1031738 reader.cc:52] Reading meta graph with tags { serve }
I0000 00:00:1791230209.205842 1031738 reader.cc:147] Reading SavedModel debug info (if present) from: /tmp/tmpt3zay85t
I0000 00:00:1791230209.213510 1031738 loader.cc:236] Restoring SavedModel bundle.
I0000 00:00:1791230209.242533 1031738 loader.cc:220] Running initialization op on SavedModel bundle at path: /tmp/tmpt3zay85t
I0000 00:00:1791230209.250420 1031738 loader.cc:471] SavedModel load for tags { serve }; Status: success: OK. Took 46774 microseconds.
/home/danielpark605/tinyml-venv/lib/python3.12/site-packages/tensorflow/lite/python/interpreter.py:457: UserWarning:     Warning: tf.lite.Interpreter is deprecated and is scheduled for deletion in
    TF 2.20. Please use the LiteRT interpreter from the ai_edge_litert package.
    See the [migration guide](https://ai.google.dev/edge/litert/migration)
    for details.
    
  warnings.warn(_INTERPRETER_DELETION_WARNING)
   [QAT Strip] Input model type: Functional
   [QAT Strip] Input model class: tf_keras.src.engine.functional.Functional
   [QAT Strip] Creating TF.Keras Functional model with input shape: (78,)
   [QAT Strip] TF_USE_LEGACY_KERAS=1
   [QAT Strip] 4 Dense layers after BatchNorm folding
   [QAT Strip] Created model type: Functional
   [QAT Strip] Model class: tf_keras.src.engine.functional.Functional
   [QAT Strip] Total layers: 5
   [QAT Strip] Is tensorflow.keras model: False
   [QAT Strip] WARNING: Model is not tensorflow.keras! QAT may fail.
✅ Saved (QAT): data/processed/revision/2026-10-05_x1_calib_methods/quant_lit/cic_near_iid/fq_kl_client2_d1.tflite (206.76 KB)
   Quantization: 10/16 tensors (62.5%)
   Input: <class 'numpy.float32'>, Output: <class 'numpy.float32'>
  [cic_near_iid] fq_kl                  client2      d1 f1=0.8371 far=0.0781 missed=560/85173
/home/danielpark605/tinyml-venv/lib/python3.12/site-packages/tensorflow/lite/python/convert.py:846: UserWarning: Statistics for quantized inputs were expected, but not specified; continuing anyway.
  warnings.warn(
W0000 00:00:1791230212.411746 1031738 tf_tfl_flatbuffer_helpers.cc:364] Ignored output_format.
W0000 00:00:1791230212.412107 1031738 tf_tfl_flatbuffer_helpers.cc:367] Ignored drop_control_dependency.
I0000 00:00:1791230212.412538 1031738 reader.cc:83] Reading SavedModel from: /tmp/tmpeh6ewk4m
I0000 00:00:1791230212.414396 1031738 reader.cc:52] Reading meta graph with tags { serve }
I0000 00:00:1791230212.414760 1031738 reader.cc:147] Reading SavedModel debug info (if present) from: /tmp/tmpeh6ewk4m
I0000 00:00:1791230212.422587 1031738 loader.cc:236] Restoring SavedModel bundle.
I0000 00:00:1791230212.449402 1031738 loader.cc:220] Running initialization op on SavedModel bundle at path: /tmp/tmpeh6ewk4m
I0000 00:00:1791230212.457995 1031738 loader.cc:471] SavedModel load for tags { serve }; Status: success: OK. Took 45468 microseconds.
/home/danielpark605/tinyml-venv/lib/python3.12/site-packages/tensorflow/lite/python/interpreter.py:457: UserWarning:     Warning: tf.lite.Interpreter is deprecated and is scheduled for deletion in
    TF 2.20. Please use the LiteRT interpreter from the ai_edge_litert package.
    See the [migration guide](https://ai.google.dev/edge/litert/migration)
    for details.
    
  warnings.warn(_INTERPRETER_DELETION_WARNING)
   [QAT Strip] Input model type: Functional
   [QAT Strip] Input model class: tf_keras.src.engine.functional.Functional
   [QAT Strip] Creating TF.Keras Functional model with input shape: (78,)
   [QAT Strip] TF_USE_LEGACY_KERAS=1
   [QAT Strip] 4 Dense layers after BatchNorm folding
   [QAT Strip] Created model type: Functional
   [QAT Strip] Model class: tf_keras.src.engine.functional.Functional
   [QAT Strip] Total layers: 5
   [QAT Strip] Is tensorflow.keras model: False
   [QAT Strip] WARNING: Model is not tensorflow.keras! QAT may fail.
✅ Saved (QAT): data/processed/revision/2026-10-05_x1_calib_methods/quant_lit/cic_near_iid/fq_clip5_max_client2_d1.tflite (206.76 KB)
   Quantization: 10/16 tensors (62.5%)
   Input: <class 'numpy.float32'>, Output: <class 'numpy.float32'>
  [cic_near_iid] fq_clip5_max           client2      d1 f1=0.8209 far=0.0887 missed=245/85173
/home/danielpark605/tinyml-venv/lib/python3.12/site-packages/tensorflow/lite/python/convert.py:846: UserWarning: Statistics for quantized inputs were expected, but not specified; continuing anyway.
  warnings.warn(
W0000 00:00:1791230214.929800 1031738 tf_tfl_flatbuffer_helpers.cc:364] Ignored output_format.
W0000 00:00:1791230214.930199 1031738 tf_tfl_flatbuffer_helpers.cc:367] Ignored drop_control_dependency.
I0000 00:00:1791230214.930658 1031738 reader.cc:83] Reading SavedModel from: /tmp/tmpyu9hkpv4
I0000 00:00:1791230214.931302 1031738 reader.cc:52] Reading meta graph with tags { serve }
I0000 00:00:1791230214.931660 1031738 reader.cc:147] Reading SavedModel debug info (if present) from: /tmp/tmpyu9hkpv4
I0000 00:00:1791230214.933511 1031738 loader.cc:236] Restoring SavedModel bundle.
I0000 00:00:1791230214.944183 1031738 loader.cc:220] Running initialization op on SavedModel bundle at path: /tmp/tmpyu9hkpv4
I0000 00:00:1791230214.948358 1031738 loader.cc:471] SavedModel load for tags { serve }; Status: success: OK. Took 17706 microseconds.
fully_quantize: 0, inference_type: 6, input_inference_type: FLOAT32, output_inference_type: FLOAT32
W0000 00:00:1791230215.041867 1031738 flatbuffer_export.cc:3851] Skipping runtime version metadata in the model. This will be generated by the exporter.
/home/danielpark605/tinyml-venv/lib/python3.12/site-packages/tensorflow/lite/python/interpreter.py:457: UserWarning:     Warning: tf.lite.Interpreter is deprecated and is scheduled for deletion in
    TF 2.20. Please use the LiteRT interpreter from the ai_edge_litert package.
    See the [migration guide](https://ai.google.dev/edge/litert/migration)
    for details.
    
  warnings.warn(_INTERPRETER_DELETION_WARNING)
  [cic_near_iid] tflite_max             client3      d1 f1=0.7310 far=0.1504 missed=184/85173
/home/danielpark605/tinyml-venv/lib/python3.12/site-packages/tensorflow/lite/python/convert.py:846: UserWarning: Statistics for quantized inputs were expected, but not specified; continuing anyway.
  warnings.warn(
W0000 00:00:1791230217.319606 1031738 tf_tfl_flatbuffer_helpers.cc:364] Ignored output_format.
W0000 00:00:1791230217.320031 1031738 tf_tfl_flatbuffer_helpers.cc:367] Ignored drop_control_dependency.
I0000 00:00:1791230217.320485 1031738 reader.cc:83] Reading SavedModel from: /tmp/tmpnigsd65p
I0000 00:00:1791230217.321122 1031738 reader.cc:52] Reading meta graph with tags { serve }
I0000 00:00:1791230217.321467 1031738 reader.cc:147] Reading SavedModel debug info (if present) from: /tmp/tmpnigsd65p
I0000 00:00:1791230217.323454 1031738 loader.cc:236] Restoring SavedModel bundle.
I0000 00:00:1791230217.334235 1031738 loader.cc:220] Running initialization op on SavedModel bundle at path: /tmp/tmpnigsd65p
I0000 00:00:1791230217.339627 1031738 loader.cc:471] SavedModel load for tags { serve }; Status: success: OK. Took 19151 microseconds.
fully_quantize: 0, inference_type: 6, input_inference_type: FLOAT32, output_inference_type: FLOAT32
W0000 00:00:1791230217.439941 1031738 flatbuffer_export.cc:3851] Skipping runtime version metadata in the model. This will be generated by the exporter.
/home/danielpark605/tinyml-venv/lib/python3.12/site-packages/tensorflow/lite/python/interpreter.py:457: UserWarning:     Warning: tf.lite.Interpreter is deprecated and is scheduled for deletion in
    TF 2.20. Please use the LiteRT interpreter from the ai_edge_litert package.
    See the [migration guide](https://ai.google.dev/edge/litert/migration)
    for details.
    
  warnings.warn(_INTERPRETER_DELETION_WARNING)
  [cic_near_iid] tflite_clip5           client3      d1 f1=0.8461 far=0.0745 missed=69/85173
/home/danielpark605/tinyml-venv/lib/python3.12/site-packages/tensorflow/lite/python/convert.py:846: UserWarning: Statistics for quantized inputs were expected, but not specified; continuing anyway.
  warnings.warn(
W0000 00:00:1791230219.985600 1031738 tf_tfl_flatbuffer_helpers.cc:364] Ignored output_format.
W0000 00:00:1791230219.985944 1031738 tf_tfl_flatbuffer_helpers.cc:367] Ignored drop_control_dependency.
I0000 00:00:1791230219.986447 1031738 reader.cc:83] Reading SavedModel from: /tmp/tmp43emeqbe
I0000 00:00:1791230219.987259 1031738 reader.cc:52] Reading meta graph with tags { serve }
I0000 00:00:1791230219.987724 1031738 reader.cc:147] Reading SavedModel debug info (if present) from: /tmp/tmp43emeqbe
I0000 00:00:1791230219.990142 1031738 loader.cc:236] Restoring SavedModel bundle.
I0000 00:00:1791230220.002598 1031738 loader.cc:220] Running initialization op on SavedModel bundle at path: /tmp/tmp43emeqbe
I0000 00:00:1791230220.007278 1031738 loader.cc:471] SavedModel load for tags { serve }; Status: success: OK. Took 20845 microseconds.
fully_quantize: 0, inference_type: 6, input_inference_type: FLOAT32, output_inference_type: FLOAT32
W0000 00:00:1791230220.107595 1031738 flatbuffer_export.cc:3851] Skipping runtime version metadata in the model. This will be generated by the exporter.
/home/danielpark605/tinyml-venv/lib/python3.12/site-packages/tensorflow/lite/python/interpreter.py:457: UserWarning:     Warning: tf.lite.Interpreter is deprecated and is scheduled for deletion in
    TF 2.20. Please use the LiteRT interpreter from the ai_edge_litert package.
    See the [migration guide](https://ai.google.dev/edge/litert/migration)
    for details.
    
  warnings.warn(_INTERPRETER_DELETION_WARNING)
  [cic_near_iid] tflite_max_per_tensor  client3      d1 f1=0.7111 far=0.1660 missed=184/85173
/home/danielpark605/tinyml-venv/lib/python3.12/site-packages/tensorflow/lite/python/convert.py:846: UserWarning: Statistics for quantized inputs were expected, but not specified; continuing anyway.
  warnings.warn(
W0000 00:00:1791230223.193117 1031738 tf_tfl_flatbuffer_helpers.cc:364] Ignored output_format.
W0000 00:00:1791230223.193480 1031738 tf_tfl_flatbuffer_helpers.cc:367] Ignored drop_control_dependency.
I0000 00:00:1791230223.193921 1031738 reader.cc:83] Reading SavedModel from: /tmp/tmp4z292qmq
I0000 00:00:1791230223.195687 1031738 reader.cc:52] Reading meta graph with tags { serve }
I0000 00:00:1791230223.196042 1031738 reader.cc:147] Reading SavedModel debug info (if present) from: /tmp/tmp4z292qmq
I0000 00:00:1791230223.204213 1031738 loader.cc:236] Restoring SavedModel bundle.
I0000 00:00:1791230223.230374 1031738 loader.cc:220] Running initialization op on SavedModel bundle at path: /tmp/tmp4z292qmq
I0000 00:00:1791230223.238786 1031738 loader.cc:471] SavedModel load for tags { serve }; Status: success: OK. Took 44897 microseconds.
/home/danielpark605/tinyml-venv/lib/python3.12/site-packages/tensorflow/lite/python/interpreter.py:457: UserWarning:     Warning: tf.lite.Interpreter is deprecated and is scheduled for deletion in
    TF 2.20. Please use the LiteRT interpreter from the ai_edge_litert package.
    See the [migration guide](https://ai.google.dev/edge/litert/migration)
    for details.
    
  warnings.warn(_INTERPRETER_DELETION_WARNING)
   [QAT Strip] Input model type: Functional
   [QAT Strip] Input model class: tf_keras.src.engine.functional.Functional
   [QAT Strip] Creating TF.Keras Functional model with input shape: (78,)
   [QAT Strip] TF_USE_LEGACY_KERAS=1
   [QAT Strip] 4 Dense layers after BatchNorm folding
   [QAT Strip] Created model type: Functional
   [QAT Strip] Model class: tf_keras.src.engine.functional.Functional
   [QAT Strip] Total layers: 5
   [QAT Strip] Is tensorflow.keras model: False
   [QAT Strip] WARNING: Model is not tensorflow.keras! QAT may fail.
✅ Saved (QAT): data/processed/revision/2026-10-05_x1_calib_methods/quant_lit/cic_near_iid/fq_max_client3_d1.tflite (206.76 KB)
   Quantization: 10/16 tensors (62.5%)
   Input: <class 'numpy.float32'>, Output: <class 'numpy.float32'>
  [cic_near_iid] fq_max                 client3      d1 f1=0.7146 far=0.1599 missed=969/85173
/home/danielpark605/tinyml-venv/lib/python3.12/site-packages/tensorflow/lite/python/convert.py:846: UserWarning: Statistics for quantized inputs were expected, but not specified; continuing anyway.
  warnings.warn(
W0000 00:00:1791230226.438869 1031738 tf_tfl_flatbuffer_helpers.cc:364] Ignored output_format.
W0000 00:00:1791230226.439280 1031738 tf_tfl_flatbuffer_helpers.cc:367] Ignored drop_control_dependency.
I0000 00:00:1791230226.439713 1031738 reader.cc:83] Reading SavedModel from: /tmp/tmp841hh_1r
I0000 00:00:1791230226.441404 1031738 reader.cc:52] Reading meta graph with tags { serve }
I0000 00:00:1791230226.441752 1031738 reader.cc:147] Reading SavedModel debug info (if present) from: /tmp/tmp841hh_1r
I0000 00:00:1791230226.450771 1031738 loader.cc:236] Restoring SavedModel bundle.
I0000 00:00:1791230226.479837 1031738 loader.cc:220] Running initialization op on SavedModel bundle at path: /tmp/tmp841hh_1r
I0000 00:00:1791230226.488492 1031738 loader.cc:471] SavedModel load for tags { serve }; Status: success: OK. Took 48788 microseconds.
/home/danielpark605/tinyml-venv/lib/python3.12/site-packages/tensorflow/lite/python/interpreter.py:457: UserWarning:     Warning: tf.lite.Interpreter is deprecated and is scheduled for deletion in
    TF 2.20. Please use the LiteRT interpreter from the ai_edge_litert package.
    See the [migration guide](https://ai.google.dev/edge/litert/migration)
    for details.
    
  warnings.warn(_INTERPRETER_DELETION_WARNING)
   [QAT Strip] Input model type: Functional
   [QAT Strip] Input model class: tf_keras.src.engine.functional.Functional
   [QAT Strip] Creating TF.Keras Functional model with input shape: (78,)
   [QAT Strip] TF_USE_LEGACY_KERAS=1
   [QAT Strip] 4 Dense layers after BatchNorm folding
   [QAT Strip] Created model type: Functional
   [QAT Strip] Model class: tf_keras.src.engine.functional.Functional
   [QAT Strip] Total layers: 5
   [QAT Strip] Is tensorflow.keras model: False
   [QAT Strip] WARNING: Model is not tensorflow.keras! QAT may fail.
✅ Saved (QAT): data/processed/revision/2026-10-05_x1_calib_methods/quant_lit/cic_near_iid/fq_pct999_client3_d1.tflite (206.76 KB)
   Quantization: 10/16 tensors (62.5%)
   Input: <class 'numpy.float32'>, Output: <class 'numpy.float32'>
  [cic_near_iid] fq_pct999              client3      d1 f1=0.8322 far=0.0826 missed=59/85173
/home/danielpark605/tinyml-venv/lib/python3.12/site-packages/tensorflow/lite/python/convert.py:846: UserWarning: Statistics for quantized inputs were expected, but not specified; continuing anyway.
  warnings.warn(
W0000 00:00:1791230229.838189 1031738 tf_tfl_flatbuffer_helpers.cc:364] Ignored output_format.
W0000 00:00:1791230229.838560 1031738 tf_tfl_flatbuffer_helpers.cc:367] Ignored drop_control_dependency.
I0000 00:00:1791230229.839008 1031738 reader.cc:83] Reading SavedModel from: /tmp/tmpi0s8273y
I0000 00:00:1791230229.840559 1031738 reader.cc:52] Reading meta graph with tags { serve }
I0000 00:00:1791230229.840913 1031738 reader.cc:147] Reading SavedModel debug info (if present) from: /tmp/tmpi0s8273y
I0000 00:00:1791230229.848253 1031738 loader.cc:236] Restoring SavedModel bundle.
I0000 00:00:1791230229.877225 1031738 loader.cc:220] Running initialization op on SavedModel bundle at path: /tmp/tmpi0s8273y
I0000 00:00:1791230229.885945 1031738 loader.cc:471] SavedModel load for tags { serve }; Status: success: OK. Took 46953 microseconds.
/home/danielpark605/tinyml-venv/lib/python3.12/site-packages/tensorflow/lite/python/interpreter.py:457: UserWarning:     Warning: tf.lite.Interpreter is deprecated and is scheduled for deletion in
    TF 2.20. Please use the LiteRT interpreter from the ai_edge_litert package.
    See the [migration guide](https://ai.google.dev/edge/litert/migration)
    for details.
    
  warnings.warn(_INTERPRETER_DELETION_WARNING)
   [QAT Strip] Input model type: Functional
   [QAT Strip] Input model class: tf_keras.src.engine.functional.Functional
   [QAT Strip] Creating TF.Keras Functional model with input shape: (78,)
   [QAT Strip] TF_USE_LEGACY_KERAS=1
   [QAT Strip] 4 Dense layers after BatchNorm folding
   [QAT Strip] Created model type: Functional
   [QAT Strip] Model class: tf_keras.src.engine.functional.Functional
   [QAT Strip] Total layers: 5
   [QAT Strip] Is tensorflow.keras model: False
   [QAT Strip] WARNING: Model is not tensorflow.keras! QAT may fail.
✅ Saved (QAT): data/processed/revision/2026-10-05_x1_calib_methods/quant_lit/cic_near_iid/fq_pct9999_client3_d1.tflite (206.76 KB)
   Quantization: 10/16 tensors (62.5%)
   Input: <class 'numpy.float32'>, Output: <class 'numpy.float32'>
  [cic_near_iid] fq_pct9999             client3      d1 f1=0.8050 far=0.0993 missed=58/85173
/home/danielpark605/tinyml-venv/lib/python3.12/site-packages/tensorflow/lite/python/convert.py:846: UserWarning: Statistics for quantized inputs were expected, but not specified; continuing anyway.
  warnings.warn(
W0000 00:00:1791230233.204239 1031738 tf_tfl_flatbuffer_helpers.cc:364] Ignored output_format.
W0000 00:00:1791230233.204622 1031738 tf_tfl_flatbuffer_helpers.cc:367] Ignored drop_control_dependency.
I0000 00:00:1791230233.205139 1031738 reader.cc:83] Reading SavedModel from: /tmp/tmpzbicfkbm
I0000 00:00:1791230233.207082 1031738 reader.cc:52] Reading meta graph with tags { serve }
I0000 00:00:1791230233.207470 1031738 reader.cc:147] Reading SavedModel debug info (if present) from: /tmp/tmpzbicfkbm
I0000 00:00:1791230233.214995 1031738 loader.cc:236] Restoring SavedModel bundle.
I0000 00:00:1791230233.241643 1031738 loader.cc:220] Running initialization op on SavedModel bundle at path: /tmp/tmpzbicfkbm
I0000 00:00:1791230233.250197 1031738 loader.cc:471] SavedModel load for tags { serve }; Status: success: OK. Took 45076 microseconds.
/home/danielpark605/tinyml-venv/lib/python3.12/site-packages/tensorflow/lite/python/interpreter.py:457: UserWarning:     Warning: tf.lite.Interpreter is deprecated and is scheduled for deletion in
    TF 2.20. Please use the LiteRT interpreter from the ai_edge_litert package.
    See the [migration guide](https://ai.google.dev/edge/litert/migration)
    for details.
    
  warnings.warn(_INTERPRETER_DELETION_WARNING)
   [QAT Strip] Input model type: Functional
   [QAT Strip] Input model class: tf_keras.src.engine.functional.Functional
   [QAT Strip] Creating TF.Keras Functional model with input shape: (78,)
   [QAT Strip] TF_USE_LEGACY_KERAS=1
   [QAT Strip] 4 Dense layers after BatchNorm folding
   [QAT Strip] Created model type: Functional
   [QAT Strip] Model class: tf_keras.src.engine.functional.Functional
   [QAT Strip] Total layers: 5
   [QAT Strip] Is tensorflow.keras model: False
   [QAT Strip] WARNING: Model is not tensorflow.keras! QAT may fail.
✅ Saved (QAT): data/processed/revision/2026-10-05_x1_calib_methods/quant_lit/cic_near_iid/fq_mse_client3_d1.tflite (206.76 KB)
   Quantization: 10/16 tensors (62.5%)
   Input: <class 'numpy.float32'>, Output: <class 'numpy.float32'>
  [cic_near_iid] fq_mse                 client3      d1 f1=0.7977 far=0.0970 missed=1986/85173
/home/danielpark605/tinyml-venv/lib/python3.12/site-packages/tensorflow/lite/python/convert.py:846: UserWarning: Statistics for quantized inputs were expected, but not specified; continuing anyway.
  warnings.warn(
W0000 00:00:1791230237.802415 1031738 tf_tfl_flatbuffer_helpers.cc:364] Ignored output_format.
W0000 00:00:1791230237.802868 1031738 tf_tfl_flatbuffer_helpers.cc:367] Ignored drop_control_dependency.
I0000 00:00:1791230237.803312 1031738 reader.cc:83] Reading SavedModel from: /tmp/tmp_jjg4pjk
I0000 00:00:1791230237.804988 1031738 reader.cc:52] Reading meta graph with tags { serve }
I0000 00:00:1791230237.805369 1031738 reader.cc:147] Reading SavedModel debug info (if present) from: /tmp/tmp_jjg4pjk
I0000 00:00:1791230237.812992 1031738 loader.cc:236] Restoring SavedModel bundle.
I0000 00:00:1791230237.839511 1031738 loader.cc:220] Running initialization op on SavedModel bundle at path: /tmp/tmp_jjg4pjk
I0000 00:00:1791230237.847446 1031738 loader.cc:471] SavedModel load for tags { serve }; Status: success: OK. Took 44142 microseconds.
/home/danielpark605/tinyml-venv/lib/python3.12/site-packages/tensorflow/lite/python/interpreter.py:457: UserWarning:     Warning: tf.lite.Interpreter is deprecated and is scheduled for deletion in
    TF 2.20. Please use the LiteRT interpreter from the ai_edge_litert package.
    See the [migration guide](https://ai.google.dev/edge/litert/migration)
    for details.
    
  warnings.warn(_INTERPRETER_DELETION_WARNING)
   [QAT Strip] Input model type: Functional
   [QAT Strip] Input model class: tf_keras.src.engine.functional.Functional
   [QAT Strip] Creating TF.Keras Functional model with input shape: (78,)
   [QAT Strip] TF_USE_LEGACY_KERAS=1
   [QAT Strip] 4 Dense layers after BatchNorm folding
   [QAT Strip] Created model type: Functional
   [QAT Strip] Model class: tf_keras.src.engine.functional.Functional
   [QAT Strip] Total layers: 5
   [QAT Strip] Is tensorflow.keras model: False
   [QAT Strip] WARNING: Model is not tensorflow.keras! QAT may fail.
✅ Saved (QAT): data/processed/revision/2026-10-05_x1_calib_methods/quant_lit/cic_near_iid/fq_kl_client3_d1.tflite (206.76 KB)
   Quantization: 10/16 tensors (62.5%)
   Input: <class 'numpy.float32'>, Output: <class 'numpy.float32'>
  [cic_near_iid] fq_kl                  client3      d1 f1=0.8337 far=0.0817 missed=66/85173
/home/danielpark605/tinyml-venv/lib/python3.12/site-packages/tensorflow/lite/python/convert.py:846: UserWarning: Statistics for quantized inputs were expected, but not specified; continuing anyway.
  warnings.warn(
W0000 00:00:1791230239.473339 1031738 tf_tfl_flatbuffer_helpers.cc:364] Ignored output_format.
W0000 00:00:1791230239.473725 1031738 tf_tfl_flatbuffer_helpers.cc:367] Ignored drop_control_dependency.
I0000 00:00:1791230239.474262 1031738 reader.cc:83] Reading SavedModel from: /tmp/tmpiin7sg2h
I0000 00:00:1791230239.475871 1031738 reader.cc:52] Reading meta graph with tags { serve }
I0000 00:00:1791230239.476251 1031738 reader.cc:147] Reading SavedModel debug info (if present) from: /tmp/tmpiin7sg2h
I0000 00:00:1791230239.484024 1031738 loader.cc:236] Restoring SavedModel bundle.
I0000 00:00:1791230239.513387 1031738 loader.cc:220] Running initialization op on SavedModel bundle at path: /tmp/tmpiin7sg2h
I0000 00:00:1791230239.521771 1031738 loader.cc:471] SavedModel load for tags { serve }; Status: success: OK. Took 47560 microseconds.
/home/danielpark605/tinyml-venv/lib/python3.12/site-packages/tensorflow/lite/python/interpreter.py:457: UserWarning:     Warning: tf.lite.Interpreter is deprecated and is scheduled for deletion in
    TF 2.20. Please use the LiteRT interpreter from the ai_edge_litert package.
    See the [migration guide](https://ai.google.dev/edge/litert/migration)
    for details.
    
  warnings.warn(_INTERPRETER_DELETION_WARNING)
   [QAT Strip] Input model type: Functional
   [QAT Strip] Input model class: tf_keras.src.engine.functional.Functional
   [QAT Strip] Creating TF.Keras Functional model with input shape: (78,)
   [QAT Strip] TF_USE_LEGACY_KERAS=1
   [QAT Strip] 4 Dense layers after BatchNorm folding
   [QAT Strip] Created model type: Functional
   [QAT Strip] Model class: tf_keras.src.engine.functional.Functional
   [QAT Strip] Total layers: 5
   [QAT Strip] Is tensorflow.keras model: False
   [QAT Strip] WARNING: Model is not tensorflow.keras! QAT may fail.
✅ Saved (QAT): data/processed/revision/2026-10-05_x1_calib_methods/quant_lit/cic_near_iid/fq_clip5_max_client3_d1.tflite (206.76 KB)
   Quantization: 10/16 tensors (62.5%)
   Input: <class 'numpy.float32'>, Output: <class 'numpy.float32'>
  [cic_near_iid] fq_clip5_max           client3      d1 f1=0.8304 far=0.0831 missed=233/85173
/home/danielpark605/tinyml-venv/lib/python3.12/site-packages/tensorflow/lite/python/convert.py:846: UserWarning: Statistics for quantized inputs were expected, but not specified; continuing anyway.
  warnings.warn(
W0000 00:00:1791230242.050656 1031738 tf_tfl_flatbuffer_helpers.cc:364] Ignored output_format.
W0000 00:00:1791230242.051045 1031738 tf_tfl_flatbuffer_helpers.cc:367] Ignored drop_control_dependency.
I0000 00:00:1791230242.051477 1031738 reader.cc:83] Reading SavedModel from: /tmp/tmpz72nowe1
I0000 00:00:1791230242.052130 1031738 reader.cc:52] Reading meta graph with tags { serve }
I0000 00:00:1791230242.052473 1031738 reader.cc:147] Reading SavedModel debug info (if present) from: /tmp/tmpz72nowe1
I0000 00:00:1791230242.055014 1031738 loader.cc:236] Restoring SavedModel bundle.
I0000 00:00:1791230242.066237 1031738 loader.cc:220] Running initialization op on SavedModel bundle at path: /tmp/tmpz72nowe1
I0000 00:00:1791230242.070378 1031738 loader.cc:471] SavedModel load for tags { serve }; Status: success: OK. Took 18910 microseconds.
fully_quantize: 0, inference_type: 6, input_inference_type: FLOAT32, output_inference_type: FLOAT32
W0000 00:00:1791230242.171030 1031738 flatbuffer_export.cc:3851] Skipping runtime version metadata in the model. This will be generated by the exporter.
/home/danielpark605/tinyml-venv/lib/python3.12/site-packages/tensorflow/lite/python/interpreter.py:457: UserWarning:     Warning: tf.lite.Interpreter is deprecated and is scheduled for deletion in
    TF 2.20. Please use the LiteRT interpreter from the ai_edge_litert package.
    See the [migration guide](https://ai.google.dev/edge/litert/migration)
    for details.
    
  warnings.warn(_INTERPRETER_DELETION_WARNING)
  [cic_near_iid] tflite_max             pooled_rand  d2 f1=0.8363 far=0.0799 missed=132/85173
/home/danielpark605/tinyml-venv/lib/python3.12/site-packages/tensorflow/lite/python/convert.py:846: UserWarning: Statistics for quantized inputs were expected, but not specified; continuing anyway.
  warnings.warn(
W0000 00:00:1791230244.622554 1031738 tf_tfl_flatbuffer_helpers.cc:364] Ignored output_format.
W0000 00:00:1791230244.622921 1031738 tf_tfl_flatbuffer_helpers.cc:367] Ignored drop_control_dependency.
I0000 00:00:1791230244.623333 1031738 reader.cc:83] Reading SavedModel from: /tmp/tmpukx7i3u4
I0000 00:00:1791230244.623990 1031738 reader.cc:52] Reading meta graph with tags { serve }
I0000 00:00:1791230244.624298 1031738 reader.cc:147] Reading SavedModel debug info (if present) from: /tmp/tmpukx7i3u4
I0000 00:00:1791230244.626786 1031738 loader.cc:236] Restoring SavedModel bundle.
I0000 00:00:1791230244.637379 1031738 loader.cc:220] Running initialization op on SavedModel bundle at path: /tmp/tmpukx7i3u4
I0000 00:00:1791230244.641064 1031738 loader.cc:471] SavedModel load for tags { serve }; Status: success: OK. Took 17744 microseconds.
fully_quantize: 0, inference_type: 6, input_inference_type: FLOAT32, output_inference_type: FLOAT32
W0000 00:00:1791230244.741293 1031738 flatbuffer_export.cc:3851] Skipping runtime version metadata in the model. This will be generated by the exporter.
/home/danielpark605/tinyml-venv/lib/python3.12/site-packages/tensorflow/lite/python/interpreter.py:457: UserWarning:     Warning: tf.lite.Interpreter is deprecated and is scheduled for deletion in
    TF 2.20. Please use the LiteRT interpreter from the ai_edge_litert package.
    See the [migration guide](https://ai.google.dev/edge/litert/migration)
    for details.
    
  warnings.warn(_INTERPRETER_DELETION_WARNING)
  [cic_near_iid] tflite_clip5           pooled_rand  d2 f1=0.8397 far=0.0782 missed=74/85173
/home/danielpark605/tinyml-venv/lib/python3.12/site-packages/tensorflow/lite/python/convert.py:846: UserWarning: Statistics for quantized inputs were expected, but not specified; continuing anyway.
  warnings.warn(
W0000 00:00:1791230247.172314 1031738 tf_tfl_flatbuffer_helpers.cc:364] Ignored output_format.
W0000 00:00:1791230247.172723 1031738 tf_tfl_flatbuffer_helpers.cc:367] Ignored drop_control_dependency.
I0000 00:00:1791230247.173199 1031738 reader.cc:83] Reading SavedModel from: /tmp/tmp4aknujz3
I0000 00:00:1791230247.174214 1031738 reader.cc:52] Reading meta graph with tags { serve }
I0000 00:00:1791230247.174592 1031738 reader.cc:147] Reading SavedModel debug info (if present) from: /tmp/tmp4aknujz3
I0000 00:00:1791230247.177186 1031738 loader.cc:236] Restoring SavedModel bundle.
I0000 00:00:1791230247.188426 1031738 loader.cc:220] Running initialization op on SavedModel bundle at path: /tmp/tmp4aknujz3
I0000 00:00:1791230247.192090 1031738 loader.cc:471] SavedModel load for tags { serve }; Status: success: OK. Took 18907 microseconds.
fully_quantize: 0, inference_type: 6, input_inference_type: FLOAT32, output_inference_type: FLOAT32
W0000 00:00:1791230247.295785 1031738 flatbuffer_export.cc:3851] Skipping runtime version metadata in the model. This will be generated by the exporter.
/home/danielpark605/tinyml-venv/lib/python3.12/site-packages/tensorflow/lite/python/interpreter.py:457: UserWarning:     Warning: tf.lite.Interpreter is deprecated and is scheduled for deletion in
    TF 2.20. Please use the LiteRT interpreter from the ai_edge_litert package.
    See the [migration guide](https://ai.google.dev/edge/litert/migration)
    for details.
    
  warnings.warn(_INTERPRETER_DELETION_WARNING)
  [cic_near_iid] tflite_max_per_tensor  pooled_rand  d2 f1=0.8136 far=0.0934 missed=190/85173
/home/danielpark605/tinyml-venv/lib/python3.12/site-packages/tensorflow/lite/python/convert.py:846: UserWarning: Statistics for quantized inputs were expected, but not specified; continuing anyway.
  warnings.warn(
W0000 00:00:1791230250.363691 1031738 tf_tfl_flatbuffer_helpers.cc:364] Ignored output_format.
W0000 00:00:1791230250.364070 1031738 tf_tfl_flatbuffer_helpers.cc:367] Ignored drop_control_dependency.
I0000 00:00:1791230250.364514 1031738 reader.cc:83] Reading SavedModel from: /tmp/tmpv3hez_fy
I0000 00:00:1791230250.366186 1031738 reader.cc:52] Reading meta graph with tags { serve }
I0000 00:00:1791230250.366542 1031738 reader.cc:147] Reading SavedModel debug info (if present) from: /tmp/tmpv3hez_fy
I0000 00:00:1791230250.374758 1031738 loader.cc:236] Restoring SavedModel bundle.
I0000 00:00:1791230250.404339 1031738 loader.cc:220] Running initialization op on SavedModel bundle at path: /tmp/tmpv3hez_fy
I0000 00:00:1791230250.412951 1031738 loader.cc:471] SavedModel load for tags { serve }; Status: success: OK. Took 48447 microseconds.
/home/danielpark605/tinyml-venv/lib/python3.12/site-packages/tensorflow/lite/python/interpreter.py:457: UserWarning:     Warning: tf.lite.Interpreter is deprecated and is scheduled for deletion in
    TF 2.20. Please use the LiteRT interpreter from the ai_edge_litert package.
    See the [migration guide](https://ai.google.dev/edge/litert/migration)
    for details.
    
  warnings.warn(_INTERPRETER_DELETION_WARNING)
   [QAT Strip] Input model type: Functional
   [QAT Strip] Input model class: tf_keras.src.engine.functional.Functional
   [QAT Strip] Creating TF.Keras Functional model with input shape: (78,)
   [QAT Strip] TF_USE_LEGACY_KERAS=1
   [QAT Strip] 4 Dense layers after BatchNorm folding
   [QAT Strip] Created model type: Functional
   [QAT Strip] Model class: tf_keras.src.engine.functional.Functional
   [QAT Strip] Total layers: 5
   [QAT Strip] Is tensorflow.keras model: False
   [QAT Strip] WARNING: Model is not tensorflow.keras! QAT may fail.
✅ Saved (QAT): data/processed/revision/2026-10-05_x1_calib_methods/quant_lit/cic_near_iid/fq_max_pooled_rand_d2.tflite (206.76 KB)
   Quantization: 10/16 tensors (62.5%)
   Input: <class 'numpy.float32'>, Output: <class 'numpy.float32'>
  [cic_near_iid] fq_max                 pooled_rand  d2 f1=0.8189 far=0.0902 missed=195/85173
/home/danielpark605/tinyml-venv/lib/python3.12/site-packages/tensorflow/lite/python/convert.py:846: UserWarning: Statistics for quantized inputs were expected, but not specified; continuing anyway.
  warnings.warn(
W0000 00:00:1791230253.773302 1031738 tf_tfl_flatbuffer_helpers.cc:364] Ignored output_format.
W0000 00:00:1791230253.774175 1031738 tf_tfl_flatbuffer_helpers.cc:367] Ignored drop_control_dependency.
I0000 00:00:1791230253.774631 1031738 reader.cc:83] Reading SavedModel from: /tmp/tmp5wr1w71t
I0000 00:00:1791230253.776595 1031738 reader.cc:52] Reading meta graph with tags { serve }
I0000 00:00:1791230253.777031 1031738 reader.cc:147] Reading SavedModel debug info (if present) from: /tmp/tmp5wr1w71t
I0000 00:00:1791230253.784090 1031738 loader.cc:236] Restoring SavedModel bundle.
I0000 00:00:1791230253.811166 1031738 loader.cc:220] Running initialization op on SavedModel bundle at path: /tmp/tmp5wr1w71t
I0000 00:00:1791230253.819901 1031738 loader.cc:471] SavedModel load for tags { serve }; Status: success: OK. Took 45285 microseconds.
/home/danielpark605/tinyml-venv/lib/python3.12/site-packages/tensorflow/lite/python/interpreter.py:457: UserWarning:     Warning: tf.lite.Interpreter is deprecated and is scheduled for deletion in
    TF 2.20. Please use the LiteRT interpreter from the ai_edge_litert package.
    See the [migration guide](https://ai.google.dev/edge/litert/migration)
    for details.
    
  warnings.warn(_INTERPRETER_DELETION_WARNING)
   [QAT Strip] Input model type: Functional
   [QAT Strip] Input model class: tf_keras.src.engine.functional.Functional
   [QAT Strip] Creating TF.Keras Functional model with input shape: (78,)
   [QAT Strip] TF_USE_LEGACY_KERAS=1
   [QAT Strip] 4 Dense layers after BatchNorm folding
   [QAT Strip] Created model type: Functional
   [QAT Strip] Model class: tf_keras.src.engine.functional.Functional
   [QAT Strip] Total layers: 5
   [QAT Strip] Is tensorflow.keras model: False
   [QAT Strip] WARNING: Model is not tensorflow.keras! QAT may fail.
✅ Saved (QAT): data/processed/revision/2026-10-05_x1_calib_methods/quant_lit/cic_near_iid/fq_pct999_pooled_rand_d2.tflite (206.76 KB)
   Quantization: 10/16 tensors (62.5%)
   Input: <class 'numpy.float32'>, Output: <class 'numpy.float32'>
  [cic_near_iid] fq_pct999              pooled_rand  d2 f1=0.8384 far=0.0789 missed=59/85173
/home/danielpark605/tinyml-venv/lib/python3.12/site-packages/tensorflow/lite/python/convert.py:846: UserWarning: Statistics for quantized inputs were expected, but not specified; continuing anyway.
  warnings.warn(
W0000 00:00:1791230257.005811 1031738 tf_tfl_flatbuffer_helpers.cc:364] Ignored output_format.
W0000 00:00:1791230257.006264 1031738 tf_tfl_flatbuffer_helpers.cc:367] Ignored drop_control_dependency.
I0000 00:00:1791230257.006858 1031738 reader.cc:83] Reading SavedModel from: /tmp/tmp5_ex7ov0
I0000 00:00:1791230257.009304 1031738 reader.cc:52] Reading meta graph with tags { serve }
I0000 00:00:1791230257.009744 1031738 reader.cc:147] Reading SavedModel debug info (if present) from: /tmp/tmp5_ex7ov0
I0000 00:00:1791230257.017488 1031738 loader.cc:236] Restoring SavedModel bundle.
I0000 00:00:1791230257.046825 1031738 loader.cc:220] Running initialization op on SavedModel bundle at path: /tmp/tmp5_ex7ov0
I0000 00:00:1791230257.054641 1031738 loader.cc:471] SavedModel load for tags { serve }; Status: success: OK. Took 47813 microseconds.
/home/danielpark605/tinyml-venv/lib/python3.12/site-packages/tensorflow/lite/python/interpreter.py:457: UserWarning:     Warning: tf.lite.Interpreter is deprecated and is scheduled for deletion in
    TF 2.20. Please use the LiteRT interpreter from the ai_edge_litert package.
    See the [migration guide](https://ai.google.dev/edge/litert/migration)
    for details.
    
  warnings.warn(_INTERPRETER_DELETION_WARNING)
   [QAT Strip] Input model type: Functional
   [QAT Strip] Input model class: tf_keras.src.engine.functional.Functional
   [QAT Strip] Creating TF.Keras Functional model with input shape: (78,)
   [QAT Strip] TF_USE_LEGACY_KERAS=1
   [QAT Strip] 4 Dense layers after BatchNorm folding
   [QAT Strip] Created model type: Functional
   [QAT Strip] Model class: tf_keras.src.engine.functional.Functional
   [QAT Strip] Total layers: 5
   [QAT Strip] Is tensorflow.keras model: False
   [QAT Strip] WARNING: Model is not tensorflow.keras! QAT may fail.
✅ Saved (QAT): data/processed/revision/2026-10-05_x1_calib_methods/quant_lit/cic_near_iid/fq_pct9999_pooled_rand_d2.tflite (206.76 KB)
   Quantization: 10/16 tensors (62.5%)
   Input: <class 'numpy.float32'>, Output: <class 'numpy.float32'>
  [cic_near_iid] fq_pct9999             pooled_rand  d2 f1=0.8296 far=0.0841 missed=64/85173
/home/danielpark605/tinyml-venv/lib/python3.12/site-packages/tensorflow/lite/python/convert.py:846: UserWarning: Statistics for quantized inputs were expected, but not specified; continuing anyway.
  warnings.warn(
W0000 00:00:1791230260.343945 1031738 tf_tfl_flatbuffer_helpers.cc:364] Ignored output_format.
W0000 00:00:1791230260.344323 1031738 tf_tfl_flatbuffer_helpers.cc:367] Ignored drop_control_dependency.
I0000 00:00:1791230260.344768 1031738 reader.cc:83] Reading SavedModel from: /tmp/tmpl34xqfm0
I0000 00:00:1791230260.346512 1031738 reader.cc:52] Reading meta graph with tags { serve }
I0000 00:00:1791230260.346885 1031738 reader.cc:147] Reading SavedModel debug info (if present) from: /tmp/tmpl34xqfm0
I0000 00:00:1791230260.353990 1031738 loader.cc:236] Restoring SavedModel bundle.
I0000 00:00:1791230260.381196 1031738 loader.cc:220] Running initialization op on SavedModel bundle at path: /tmp/tmpl34xqfm0
I0000 00:00:1791230260.390293 1031738 loader.cc:471] SavedModel load for tags { serve }; Status: success: OK. Took 45533 microseconds.
/home/danielpark605/tinyml-venv/lib/python3.12/site-packages/tensorflow/lite/python/interpreter.py:457: UserWarning:     Warning: tf.lite.Interpreter is deprecated and is scheduled for deletion in
    TF 2.20. Please use the LiteRT interpreter from the ai_edge_litert package.
    See the [migration guide](https://ai.google.dev/edge/litert/migration)
    for details.
    
  warnings.warn(_INTERPRETER_DELETION_WARNING)
   [QAT Strip] Input model type: Functional
   [QAT Strip] Input model class: tf_keras.src.engine.functional.Functional
   [QAT Strip] Creating TF.Keras Functional model with input shape: (78,)
   [QAT Strip] TF_USE_LEGACY_KERAS=1
   [QAT Strip] 4 Dense layers after BatchNorm folding
   [QAT Strip] Created model type: Functional
   [QAT Strip] Model class: tf_keras.src.engine.functional.Functional
   [QAT Strip] Total layers: 5
   [QAT Strip] Is tensorflow.keras model: False
   [QAT Strip] WARNING: Model is not tensorflow.keras! QAT may fail.
✅ Saved (QAT): data/processed/revision/2026-10-05_x1_calib_methods/quant_lit/cic_near_iid/fq_mse_pooled_rand_d2.tflite (206.76 KB)
   Quantization: 10/16 tensors (62.5%)
   Input: <class 'numpy.float32'>, Output: <class 'numpy.float32'>
  [cic_near_iid] fq_mse                 pooled_rand  d2 f1=0.8125 far=0.0939 missed=252/85173
/home/danielpark605/tinyml-venv/lib/python3.12/site-packages/tensorflow/lite/python/convert.py:846: UserWarning: Statistics for quantized inputs were expected, but not specified; continuing anyway.
  warnings.warn(
W0000 00:00:1791230265.530194 1031738 tf_tfl_flatbuffer_helpers.cc:364] Ignored output_format.
W0000 00:00:1791230265.530573 1031738 tf_tfl_flatbuffer_helpers.cc:367] Ignored drop_control_dependency.
I0000 00:00:1791230265.531026 1031738 reader.cc:83] Reading SavedModel from: /tmp/tmp0t8hpmcg
I0000 00:00:1791230265.532629 1031738 reader.cc:52] Reading meta graph with tags { serve }
I0000 00:00:1791230265.533012 1031738 reader.cc:147] Reading SavedModel debug info (if present) from: /tmp/tmp0t8hpmcg
I0000 00:00:1791230265.540592 1031738 loader.cc:236] Restoring SavedModel bundle.
I0000 00:00:1791230265.570207 1031738 loader.cc:220] Running initialization op on SavedModel bundle at path: /tmp/tmp0t8hpmcg
I0000 00:00:1791230265.578796 1031738 loader.cc:471] SavedModel load for tags { serve }; Status: success: OK. Took 47790 microseconds.
/home/danielpark605/tinyml-venv/lib/python3.12/site-packages/tensorflow/lite/python/interpreter.py:457: UserWarning:     Warning: tf.lite.Interpreter is deprecated and is scheduled for deletion in
    TF 2.20. Please use the LiteRT interpreter from the ai_edge_litert package.
    See the [migration guide](https://ai.google.dev/edge/litert/migration)
    for details.
    
  warnings.warn(_INTERPRETER_DELETION_WARNING)
   [QAT Strip] Input model type: Functional
   [QAT Strip] Input model class: tf_keras.src.engine.functional.Functional
   [QAT Strip] Creating TF.Keras Functional model with input shape: (78,)
   [QAT Strip] TF_USE_LEGACY_KERAS=1
   [QAT Strip] 4 Dense layers after BatchNorm folding
   [QAT Strip] Created model type: Functional
   [QAT Strip] Model class: tf_keras.src.engine.functional.Functional
   [QAT Strip] Total layers: 5
   [QAT Strip] Is tensorflow.keras model: False
   [QAT Strip] WARNING: Model is not tensorflow.keras! QAT may fail.
✅ Saved (QAT): data/processed/revision/2026-10-05_x1_calib_methods/quant_lit/cic_near_iid/fq_kl_pooled_rand_d2.tflite (206.76 KB)
   Quantization: 10/16 tensors (62.5%)
   Input: <class 'numpy.float32'>, Output: <class 'numpy.float32'>
  [cic_near_iid] fq_kl                  pooled_rand  d2 f1=0.8355 far=0.0792 missed=499/85173
/home/danielpark605/tinyml-venv/lib/python3.12/site-packages/tensorflow/lite/python/convert.py:846: UserWarning: Statistics for quantized inputs were expected, but not specified; continuing anyway.
  warnings.warn(
W0000 00:00:1791230268.740681 1031738 tf_tfl_flatbuffer_helpers.cc:364] Ignored output_format.
W0000 00:00:1791230268.741089 1031738 tf_tfl_flatbuffer_helpers.cc:367] Ignored drop_control_dependency.
I0000 00:00:1791230268.741570 1031738 reader.cc:83] Reading SavedModel from: /tmp/tmpefk6g4hp
I0000 00:00:1791230268.743586 1031738 reader.cc:52] Reading meta graph with tags { serve }
I0000 00:00:1791230268.743928 1031738 reader.cc:147] Reading SavedModel debug info (if present) from: /tmp/tmpefk6g4hp
I0000 00:00:1791230268.752410 1031738 loader.cc:236] Restoring SavedModel bundle.
I0000 00:00:1791230268.784048 1031738 loader.cc:220] Running initialization op on SavedModel bundle at path: /tmp/tmpefk6g4hp
I0000 00:00:1791230268.793516 1031738 loader.cc:471] SavedModel load for tags { serve }; Status: success: OK. Took 51961 microseconds.
/home/danielpark605/tinyml-venv/lib/python3.12/site-packages/tensorflow/lite/python/interpreter.py:457: UserWarning:     Warning: tf.lite.Interpreter is deprecated and is scheduled for deletion in
    TF 2.20. Please use the LiteRT interpreter from the ai_edge_litert package.
    See the [migration guide](https://ai.google.dev/edge/litert/migration)
    for details.
    
  warnings.warn(_INTERPRETER_DELETION_WARNING)
   [QAT Strip] Input model type: Functional
   [QAT Strip] Input model class: tf_keras.src.engine.functional.Functional
   [QAT Strip] Creating TF.Keras Functional model with input shape: (78,)
   [QAT Strip] TF_USE_LEGACY_KERAS=1
   [QAT Strip] 4 Dense layers after BatchNorm folding
   [QAT Strip] Created model type: Functional
   [QAT Strip] Model class: tf_keras.src.engine.functional.Functional
   [QAT Strip] Total layers: 5
   [QAT Strip] Is tensorflow.keras model: False
   [QAT Strip] WARNING: Model is not tensorflow.keras! QAT may fail.
✅ Saved (QAT): data/processed/revision/2026-10-05_x1_calib_methods/quant_lit/cic_near_iid/fq_clip5_max_pooled_rand_d2.tflite (206.76 KB)
   Quantization: 10/16 tensors (62.5%)
   Input: <class 'numpy.float32'>, Output: <class 'numpy.float32'>
  [cic_near_iid] fq_clip5_max           pooled_rand  d2 f1=0.8314 far=0.0825 missed=248/85173
/home/danielpark605/tinyml-venv/lib/python3.12/site-packages/tensorflow/lite/python/convert.py:846: UserWarning: Statistics for quantized inputs were expected, but not specified; continuing anyway.
  warnings.warn(
W0000 00:00:1791230269.565858 1031738 tf_tfl_flatbuffer_helpers.cc:364] Ignored output_format.
W0000 00:00:1791230269.566262 1031738 tf_tfl_flatbuffer_helpers.cc:367] Ignored drop_control_dependency.
I0000 00:00:1791230269.566707 1031738 reader.cc:83] Reading SavedModel from: /tmp/tmpsmqwsmsd
I0000 00:00:1791230269.567342 1031738 reader.cc:52] Reading meta graph with tags { serve }
I0000 00:00:1791230269.567699 1031738 reader.cc:147] Reading SavedModel debug info (if present) from: /tmp/tmpsmqwsmsd
I0000 00:00:1791230269.569612 1031738 loader.cc:236] Restoring SavedModel bundle.
I0000 00:00:1791230269.580666 1031738 loader.cc:220] Running initialization op on SavedModel bundle at path: /tmp/tmpsmqwsmsd
I0000 00:00:1791230269.584234 1031738 loader.cc:471] SavedModel load for tags { serve }; Status: success: OK. Took 17532 microseconds.
fully_quantize: 0, inference_type: 6, input_inference_type: FLOAT32, output_inference_type: FLOAT32
W0000 00:00:1791230269.684510 1031738 flatbuffer_export.cc:3851] Skipping runtime version metadata in the model. This will be generated by the exporter.
/home/danielpark605/tinyml-venv/lib/python3.12/site-packages/tensorflow/lite/python/interpreter.py:457: UserWarning:     Warning: tf.lite.Interpreter is deprecated and is scheduled for deletion in
    TF 2.20. Please use the LiteRT interpreter from the ai_edge_litert package.
    See the [migration guide](https://ai.google.dev/edge/litert/migration)
    for details.
    
  warnings.warn(_INTERPRETER_DELETION_WARNING)
  [cic_near_iid] tflite_max             client0      d2 f1=0.8015 far=0.1004 missed=368/85173
/home/danielpark605/tinyml-venv/lib/python3.12/site-packages/tensorflow/lite/python/convert.py:846: UserWarning: Statistics for quantized inputs were expected, but not specified; continuing anyway.
  warnings.warn(
W0000 00:00:1791230272.030180 1031738 tf_tfl_flatbuffer_helpers.cc:364] Ignored output_format.
W0000 00:00:1791230272.030532 1031738 tf_tfl_flatbuffer_helpers.cc:367] Ignored drop_control_dependency.
I0000 00:00:1791230272.030952 1031738 reader.cc:83] Reading SavedModel from: /tmp/tmpmg3n35fd
I0000 00:00:1791230272.031606 1031738 reader.cc:52] Reading meta graph with tags { serve }
I0000 00:00:1791230272.031940 1031738 reader.cc:147] Reading SavedModel debug info (if present) from: /tmp/tmpmg3n35fd
I0000 00:00:1791230272.034065 1031738 loader.cc:236] Restoring SavedModel bundle.
I0000 00:00:1791230272.045385 1031738 loader.cc:220] Running initialization op on SavedModel bundle at path: /tmp/tmpmg3n35fd
I0000 00:00:1791230272.049600 1031738 loader.cc:471] SavedModel load for tags { serve }; Status: success: OK. Took 18655 microseconds.
fully_quantize: 0, inference_type: 6, input_inference_type: FLOAT32, output_inference_type: FLOAT32
W0000 00:00:1791230272.168599 1031738 flatbuffer_export.cc:3851] Skipping runtime version metadata in the model. This will be generated by the exporter.
/home/danielpark605/tinyml-venv/lib/python3.12/site-packages/tensorflow/lite/python/interpreter.py:457: UserWarning:     Warning: tf.lite.Interpreter is deprecated and is scheduled for deletion in
    TF 2.20. Please use the LiteRT interpreter from the ai_edge_litert package.
    See the [migration guide](https://ai.google.dev/edge/litert/migration)
    for details.
    
  warnings.warn(_INTERPRETER_DELETION_WARNING)
  [cic_near_iid] tflite_clip5           client0      d2 f1=0.8485 far=0.0732 missed=62/85173
/home/danielpark605/tinyml-venv/lib/python3.12/site-packages/tensorflow/lite/python/convert.py:846: UserWarning: Statistics for quantized inputs were expected, but not specified; continuing anyway.
  warnings.warn(
W0000 00:00:1791230276.058764 1031738 tf_tfl_flatbuffer_helpers.cc:364] Ignored output_format.
W0000 00:00:1791230276.059147 1031738 tf_tfl_flatbuffer_helpers.cc:367] Ignored drop_control_dependency.
I0000 00:00:1791230276.059671 1031738 reader.cc:83] Reading SavedModel from: /tmp/tmpxsgdmb5t
I0000 00:00:1791230276.060403 1031738 reader.cc:52] Reading meta graph with tags { serve }
I0000 00:00:1791230276.060840 1031738 reader.cc:147] Reading SavedModel debug info (if present) from: /tmp/tmpxsgdmb5t
I0000 00:00:1791230276.063737 1031738 loader.cc:236] Restoring SavedModel bundle.
I0000 00:00:1791230276.077760 1031738 loader.cc:220] Running initialization op on SavedModel bundle at path: /tmp/tmpxsgdmb5t
I0000 00:00:1791230276.081585 1031738 loader.cc:471] SavedModel load for tags { serve }; Status: success: OK. Took 21926 microseconds.
fully_quantize: 0, inference_type: 6, input_inference_type: FLOAT32, output_inference_type: FLOAT32
W0000 00:00:1791230276.200828 1031738 flatbuffer_export.cc:3851] Skipping runtime version metadata in the model. This will be generated by the exporter.
/home/danielpark605/tinyml-venv/lib/python3.12/site-packages/tensorflow/lite/python/interpreter.py:457: UserWarning:     Warning: tf.lite.Interpreter is deprecated and is scheduled for deletion in
    TF 2.20. Please use the LiteRT interpreter from the ai_edge_litert package.
    See the [migration guide](https://ai.google.dev/edge/litert/migration)
    for details.
    
  warnings.warn(_INTERPRETER_DELETION_WARNING)
  [cic_near_iid] tflite_max_per_tensor  client0      d2 f1=0.7952 far=0.1047 missed=295/85173
/home/danielpark605/tinyml-venv/lib/python3.12/site-packages/tensorflow/lite/python/convert.py:846: UserWarning: Statistics for quantized inputs were expected, but not specified; continuing anyway.
  warnings.warn(
W0000 00:00:1791230279.504734 1031738 tf_tfl_flatbuffer_helpers.cc:364] Ignored output_format.
W0000 00:00:1791230279.505236 1031738 tf_tfl_flatbuffer_helpers.cc:367] Ignored drop_control_dependency.
I0000 00:00:1791230279.505674 1031738 reader.cc:83] Reading SavedModel from: /tmp/tmp586ui8gh
I0000 00:00:1791230279.507308 1031738 reader.cc:52] Reading meta graph with tags { serve }
I0000 00:00:1791230279.507697 1031738 reader.cc:147] Reading SavedModel debug info (if present) from: /tmp/tmp586ui8gh
I0000 00:00:1791230279.515565 1031738 loader.cc:236] Restoring SavedModel bundle.
I0000 00:00:1791230279.545984 1031738 loader.cc:220] Running initialization op on SavedModel bundle at path: /tmp/tmp586ui8gh
I0000 00:00:1791230279.554599 1031738 loader.cc:471] SavedModel load for tags { serve }; Status: success: OK. Took 48942 microseconds.
/home/danielpark605/tinyml-venv/lib/python3.12/site-packages/tensorflow/lite/python/interpreter.py:457: UserWarning:     Warning: tf.lite.Interpreter is deprecated and is scheduled for deletion in
    TF 2.20. Please use the LiteRT interpreter from the ai_edge_litert package.
    See the [migration guide](https://ai.google.dev/edge/litert/migration)
    for details.
    
  warnings.warn(_INTERPRETER_DELETION_WARNING)
   [QAT Strip] Input model type: Functional
   [QAT Strip] Input model class: tf_keras.src.engine.functional.Functional
   [QAT Strip] Creating TF.Keras Functional model with input shape: (78,)
   [QAT Strip] TF_USE_LEGACY_KERAS=1
   [QAT Strip] 4 Dense layers after BatchNorm folding
   [QAT Strip] Created model type: Functional
   [QAT Strip] Model class: tf_keras.src.engine.functional.Functional
   [QAT Strip] Total layers: 5
   [QAT Strip] Is tensorflow.keras model: False
   [QAT Strip] WARNING: Model is not tensorflow.keras! QAT may fail.
✅ Saved (QAT): data/processed/revision/2026-10-05_x1_calib_methods/quant_lit/cic_near_iid/fq_max_client0_d2.tflite (206.76 KB)
   Quantization: 10/16 tensors (62.5%)
   Input: <class 'numpy.float32'>, Output: <class 'numpy.float32'>
  [cic_near_iid] fq_max                 client0      d2 f1=0.7952 far=0.1047 missed=295/85173
/home/danielpark605/tinyml-venv/lib/python3.12/site-packages/tensorflow/lite/python/convert.py:846: UserWarning: Statistics for quantized inputs were expected, but not specified; continuing anyway.
  warnings.warn(
W0000 00:00:1791230282.848169 1031738 tf_tfl_flatbuffer_helpers.cc:364] Ignored output_format.
W0000 00:00:1791230282.848587 1031738 tf_tfl_flatbuffer_helpers.cc:367] Ignored drop_control_dependency.
I0000 00:00:1791230282.849064 1031738 reader.cc:83] Reading SavedModel from: /tmp/tmp0l2zar2f
I0000 00:00:1791230282.851093 1031738 reader.cc:52] Reading meta graph with tags { serve }
I0000 00:00:1791230282.851523 1031738 reader.cc:147] Reading SavedModel debug info (if present) from: /tmp/tmp0l2zar2f
I0000 00:00:1791230282.859422 1031738 loader.cc:236] Restoring SavedModel bundle.
I0000 00:00:1791230282.886625 1031738 loader.cc:220] Running initialization op on SavedModel bundle at path: /tmp/tmp0l2zar2f
I0000 00:00:1791230282.894676 1031738 loader.cc:471] SavedModel load for tags { serve }; Status: success: OK. Took 45631 microseconds.
/home/danielpark605/tinyml-venv/lib/python3.12/site-packages/tensorflow/lite/python/interpreter.py:457: UserWarning:     Warning: tf.lite.Interpreter is deprecated and is scheduled for deletion in
    TF 2.20. Please use the LiteRT interpreter from the ai_edge_litert package.
    See the [migration guide](https://ai.google.dev/edge/litert/migration)
    for details.
    
  warnings.warn(_INTERPRETER_DELETION_WARNING)
   [QAT Strip] Input model type: Functional
   [QAT Strip] Input model class: tf_keras.src.engine.functional.Functional
   [QAT Strip] Creating TF.Keras Functional model with input shape: (78,)
   [QAT Strip] TF_USE_LEGACY_KERAS=1
   [QAT Strip] 4 Dense layers after BatchNorm folding
   [QAT Strip] Created model type: Functional
   [QAT Strip] Model class: tf_keras.src.engine.functional.Functional
   [QAT Strip] Total layers: 5
   [QAT Strip] Is tensorflow.keras model: False
   [QAT Strip] WARNING: Model is not tensorflow.keras! QAT may fail.
✅ Saved (QAT): data/processed/revision/2026-10-05_x1_calib_methods/quant_lit/cic_near_iid/fq_pct999_client0_d2.tflite (206.76 KB)
   Quantization: 10/16 tensors (62.5%)
   Input: <class 'numpy.float32'>, Output: <class 'numpy.float32'>
  [cic_near_iid] fq_pct999              client0      d2 f1=0.8270 far=0.0857 missed=54/85173
/home/danielpark605/tinyml-venv/lib/python3.12/site-packages/tensorflow/lite/python/convert.py:846: UserWarning: Statistics for quantized inputs were expected, but not specified; continuing anyway.
  warnings.warn(
W0000 00:00:1791230286.369096 1031738 tf_tfl_flatbuffer_helpers.cc:364] Ignored output_format.
W0000 00:00:1791230286.369530 1031738 tf_tfl_flatbuffer_helpers.cc:367] Ignored drop_control_dependency.
I0000 00:00:1791230286.370062 1031738 reader.cc:83] Reading SavedModel from: /tmp/tmpe4wp489n
I0000 00:00:1791230286.371552 1031738 reader.cc:52] Reading meta graph with tags { serve }
I0000 00:00:1791230286.371953 1031738 reader.cc:147] Reading SavedModel debug info (if present) from: /tmp/tmpe4wp489n
I0000 00:00:1791230286.379806 1031738 loader.cc:236] Restoring SavedModel bundle.
I0000 00:00:1791230286.410737 1031738 loader.cc:220] Running initialization op on SavedModel bundle at path: /tmp/tmpe4wp489n
I0000 00:00:1791230286.420614 1031738 loader.cc:471] SavedModel load for tags { serve }; Status: success: OK. Took 50569 microseconds.
/home/danielpark605/tinyml-venv/lib/python3.12/site-packages/tensorflow/lite/python/interpreter.py:457: UserWarning:     Warning: tf.lite.Interpreter is deprecated and is scheduled for deletion in
    TF 2.20. Please use the LiteRT interpreter from the ai_edge_litert package.
    See the [migration guide](https://ai.google.dev/edge/litert/migration)
    for details.
    
  warnings.warn(_INTERPRETER_DELETION_WARNING)
   [QAT Strip] Input model type: Functional
   [QAT Strip] Input model class: tf_keras.src.engine.functional.Functional
   [QAT Strip] Creating TF.Keras Functional model with input shape: (78,)
   [QAT Strip] TF_USE_LEGACY_KERAS=1
   [QAT Strip] 4 Dense layers after BatchNorm folding
   [QAT Strip] Created model type: Functional
   [QAT Strip] Model class: tf_keras.src.engine.functional.Functional
   [QAT Strip] Total layers: 5
   [QAT Strip] Is tensorflow.keras model: False
   [QAT Strip] WARNING: Model is not tensorflow.keras! QAT may fail.
✅ Saved (QAT): data/processed/revision/2026-10-05_x1_calib_methods/quant_lit/cic_near_iid/fq_pct9999_client0_d2.tflite (206.76 KB)
   Quantization: 10/16 tensors (62.5%)
   Input: <class 'numpy.float32'>, Output: <class 'numpy.float32'>
  [cic_near_iid] fq_pct9999             client0      d2 f1=0.8333 far=0.0820 missed=58/85173
/home/danielpark605/tinyml-venv/lib/python3.12/site-packages/tensorflow/lite/python/convert.py:846: UserWarning: Statistics for quantized inputs were expected, but not specified; continuing anyway.
  warnings.warn(
W0000 00:00:1791230289.783303 1031738 tf_tfl_flatbuffer_helpers.cc:364] Ignored output_format.
W0000 00:00:1791230289.783834 1031738 tf_tfl_flatbuffer_helpers.cc:367] Ignored drop_control_dependency.
I0000 00:00:1791230289.784282 1031738 reader.cc:83] Reading SavedModel from: /tmp/tmp6l8yef79
I0000 00:00:1791230289.786082 1031738 reader.cc:52] Reading meta graph with tags { serve }
I0000 00:00:1791230289.786456 1031738 reader.cc:147] Reading SavedModel debug info (if present) from: /tmp/tmp6l8yef79
I0000 00:00:1791230289.795310 1031738 loader.cc:236] Restoring SavedModel bundle.
I0000 00:00:1791230289.825116 1031738 loader.cc:220] Running initialization op on SavedModel bundle at path: /tmp/tmp6l8yef79
I0000 00:00:1791230289.833545 1031738 loader.cc:471] SavedModel load for tags { serve }; Status: success: OK. Took 49280 microseconds.
/home/danielpark605/tinyml-venv/lib/python3.12/site-packages/tensorflow/lite/python/interpreter.py:457: UserWarning:     Warning: tf.lite.Interpreter is deprecated and is scheduled for deletion in
    TF 2.20. Please use the LiteRT interpreter from the ai_edge_litert package.
    See the [migration guide](https://ai.google.dev/edge/litert/migration)
    for details.
    
  warnings.warn(_INTERPRETER_DELETION_WARNING)
   [QAT Strip] Input model type: Functional
   [QAT Strip] Input model class: tf_keras.src.engine.functional.Functional
   [QAT Strip] Creating TF.Keras Functional model with input shape: (78,)
   [QAT Strip] TF_USE_LEGACY_KERAS=1
   [QAT Strip] 4 Dense layers after BatchNorm folding
   [QAT Strip] Created model type: Functional
   [QAT Strip] Model class: tf_keras.src.engine.functional.Functional
   [QAT Strip] Total layers: 5
   [QAT Strip] Is tensorflow.keras model: False
   [QAT Strip] WARNING: Model is not tensorflow.keras! QAT may fail.
✅ Saved (QAT): data/processed/revision/2026-10-05_x1_calib_methods/quant_lit/cic_near_iid/fq_mse_client0_d2.tflite (206.76 KB)
   Quantization: 10/16 tensors (62.5%)
   Input: <class 'numpy.float32'>, Output: <class 'numpy.float32'>
  [cic_near_iid] fq_mse                 client0      d2 f1=0.7524 far=0.1311 missed=1031/85173
/home/danielpark605/tinyml-venv/lib/python3.12/site-packages/tensorflow/lite/python/convert.py:846: UserWarning: Statistics for quantized inputs were expected, but not specified; continuing anyway.
  warnings.warn(
W0000 00:00:1791230294.630211 1031738 tf_tfl_flatbuffer_helpers.cc:364] Ignored output_format.
W0000 00:00:1791230294.630601 1031738 tf_tfl_flatbuffer_helpers.cc:367] Ignored drop_control_dependency.
I0000 00:00:1791230294.631055 1031738 reader.cc:83] Reading SavedModel from: /tmp/tmpyccagzdw
I0000 00:00:1791230294.632754 1031738 reader.cc:52] Reading meta graph with tags { serve }
I0000 00:00:1791230294.633120 1031738 reader.cc:147] Reading SavedModel debug info (if present) from: /tmp/tmpyccagzdw
I0000 00:00:1791230294.640473 1031738 loader.cc:236] Restoring SavedModel bundle.
I0000 00:00:1791230294.669857 1031738 loader.cc:220] Running initialization op on SavedModel bundle at path: /tmp/tmpyccagzdw
I0000 00:00:1791230294.677531 1031738 loader.cc:471] SavedModel load for tags { serve }; Status: success: OK. Took 46484 microseconds.
/home/danielpark605/tinyml-venv/lib/python3.12/site-packages/tensorflow/lite/python/interpreter.py:457: UserWarning:     Warning: tf.lite.Interpreter is deprecated and is scheduled for deletion in
    TF 2.20. Please use the LiteRT interpreter from the ai_edge_litert package.
    See the [migration guide](https://ai.google.dev/edge/litert/migration)
    for details.
    
  warnings.warn(_INTERPRETER_DELETION_WARNING)
   [QAT Strip] Input model type: Functional
   [QAT Strip] Input model class: tf_keras.src.engine.functional.Functional
   [QAT Strip] Creating TF.Keras Functional model with input shape: (78,)
   [QAT Strip] TF_USE_LEGACY_KERAS=1
   [QAT Strip] 4 Dense layers after BatchNorm folding
   [QAT Strip] Created model type: Functional
   [QAT Strip] Model class: tf_keras.src.engine.functional.Functional
   [QAT Strip] Total layers: 5
   [QAT Strip] Is tensorflow.keras model: False
   [QAT Strip] WARNING: Model is not tensorflow.keras! QAT may fail.
✅ Saved (QAT): data/processed/revision/2026-10-05_x1_calib_methods/quant_lit/cic_near_iid/fq_kl_client0_d2.tflite (206.76 KB)
   Quantization: 10/16 tensors (62.5%)
   Input: <class 'numpy.float32'>, Output: <class 'numpy.float32'>
  [cic_near_iid] fq_kl                  client0      d2 f1=0.8356 far=0.0806 missed=60/85173
/home/danielpark605/tinyml-venv/lib/python3.12/site-packages/tensorflow/lite/python/convert.py:846: UserWarning: Statistics for quantized inputs were expected, but not specified; continuing anyway.
  warnings.warn(
W0000 00:00:1791230298.134351 1031738 tf_tfl_flatbuffer_helpers.cc:364] Ignored output_format.
W0000 00:00:1791230298.134743 1031738 tf_tfl_flatbuffer_helpers.cc:367] Ignored drop_control_dependency.
I0000 00:00:1791230298.135161 1031738 reader.cc:83] Reading SavedModel from: /tmp/tmpa52tr9x5
I0000 00:00:1791230298.136651 1031738 reader.cc:52] Reading meta graph with tags { serve }
I0000 00:00:1791230298.136978 1031738 reader.cc:147] Reading SavedModel debug info (if present) from: /tmp/tmpa52tr9x5
I0000 00:00:1791230298.144140 1031738 loader.cc:236] Restoring SavedModel bundle.
I0000 00:00:1791230298.174416 1031738 loader.cc:220] Running initialization op on SavedModel bundle at path: /tmp/tmpa52tr9x5
I0000 00:00:1791230298.184559 1031738 loader.cc:471] SavedModel load for tags { serve }; Status: success: OK. Took 49412 microseconds.
/home/danielpark605/tinyml-venv/lib/python3.12/site-packages/tensorflow/lite/python/interpreter.py:457: UserWarning:     Warning: tf.lite.Interpreter is deprecated and is scheduled for deletion in
    TF 2.20. Please use the LiteRT interpreter from the ai_edge_litert package.
    See the [migration guide](https://ai.google.dev/edge/litert/migration)
    for details.
    
  warnings.warn(_INTERPRETER_DELETION_WARNING)
   [QAT Strip] Input model type: Functional
   [QAT Strip] Input model class: tf_keras.src.engine.functional.Functional
   [QAT Strip] Creating TF.Keras Functional model with input shape: (78,)
   [QAT Strip] TF_USE_LEGACY_KERAS=1
   [QAT Strip] 4 Dense layers after BatchNorm folding
   [QAT Strip] Created model type: Functional
   [QAT Strip] Model class: tf_keras.src.engine.functional.Functional
   [QAT Strip] Total layers: 5
   [QAT Strip] Is tensorflow.keras model: False
   [QAT Strip] WARNING: Model is not tensorflow.keras! QAT may fail.
✅ Saved (QAT): data/processed/revision/2026-10-05_x1_calib_methods/quant_lit/cic_near_iid/fq_clip5_max_client0_d2.tflite (206.76 KB)
   Quantization: 10/16 tensors (62.5%)
   Input: <class 'numpy.float32'>, Output: <class 'numpy.float32'>
  [cic_near_iid] fq_clip5_max           client0      d2 f1=0.8353 far=0.0801 missed=244/85173
/home/danielpark605/tinyml-venv/lib/python3.12/site-packages/tensorflow/lite/python/convert.py:846: UserWarning: Statistics for quantized inputs were expected, but not specified; continuing anyway.
  warnings.warn(
W0000 00:00:1791230300.758739 1031738 tf_tfl_flatbuffer_helpers.cc:364] Ignored output_format.
W0000 00:00:1791230300.759128 1031738 tf_tfl_flatbuffer_helpers.cc:367] Ignored drop_control_dependency.
I0000 00:00:1791230300.759650 1031738 reader.cc:83] Reading SavedModel from: /tmp/tmp1zarjdai
I0000 00:00:1791230300.760476 1031738 reader.cc:52] Reading meta graph with tags { serve }
I0000 00:00:1791230300.760824 1031738 reader.cc:147] Reading SavedModel debug info (if present) from: /tmp/tmp1zarjdai
I0000 00:00:1791230300.762934 1031738 loader.cc:236] Restoring SavedModel bundle.
I0000 00:00:1791230300.774107 1031738 loader.cc:220] Running initialization op on SavedModel bundle at path: /tmp/tmp1zarjdai
I0000 00:00:1791230300.778078 1031738 loader.cc:471] SavedModel load for tags { serve }; Status: success: OK. Took 18437 microseconds.
fully_quantize: 0, inference_type: 6, input_inference_type: FLOAT32, output_inference_type: FLOAT32
W0000 00:00:1791230300.879362 1031738 flatbuffer_export.cc:3851] Skipping runtime version metadata in the model. This will be generated by the exporter.
/home/danielpark605/tinyml-venv/lib/python3.12/site-packages/tensorflow/lite/python/interpreter.py:457: UserWarning:     Warning: tf.lite.Interpreter is deprecated and is scheduled for deletion in
    TF 2.20. Please use the LiteRT interpreter from the ai_edge_litert package.
    See the [migration guide](https://ai.google.dev/edge/litert/migration)
    for details.
    
  warnings.warn(_INTERPRETER_DELETION_WARNING)
  [cic_near_iid] tflite_max             client1      d2 f1=0.8290 far=0.0841 missed=164/85173
/home/danielpark605/tinyml-venv/lib/python3.12/site-packages/tensorflow/lite/python/convert.py:846: UserWarning: Statistics for quantized inputs were expected, but not specified; continuing anyway.
  warnings.warn(
W0000 00:00:1791230301.623966 1031738 tf_tfl_flatbuffer_helpers.cc:364] Ignored output_format.
W0000 00:00:1791230301.624374 1031738 tf_tfl_flatbuffer_helpers.cc:367] Ignored drop_control_dependency.
I0000 00:00:1791230301.624920 1031738 reader.cc:83] Reading SavedModel from: /tmp/tmppd_v3lem
I0000 00:00:1791230301.625595 1031738 reader.cc:52] Reading meta graph with tags { serve }
I0000 00:00:1791230301.625967 1031738 reader.cc:147] Reading SavedModel debug info (if present) from: /tmp/tmppd_v3lem
I0000 00:00:1791230301.627980 1031738 loader.cc:236] Restoring SavedModel bundle.
I0000 00:00:1791230301.638499 1031738 loader.cc:220] Running initialization op on SavedModel bundle at path: /tmp/tmppd_v3lem
I0000 00:00:1791230301.642142 1031738 loader.cc:471] SavedModel load for tags { serve }; Status: success: OK. Took 17233 microseconds.
fully_quantize: 0, inference_type: 6, input_inference_type: FLOAT32, output_inference_type: FLOAT32
W0000 00:00:1791230301.747691 1031738 flatbuffer_export.cc:3851] Skipping runtime version metadata in the model. This will be generated by the exporter.
/home/danielpark605/tinyml-venv/lib/python3.12/site-packages/tensorflow/lite/python/interpreter.py:457: UserWarning:     Warning: tf.lite.Interpreter is deprecated and is scheduled for deletion in
    TF 2.20. Please use the LiteRT interpreter from the ai_edge_litert package.
    See the [migration guide](https://ai.google.dev/edge/litert/migration)
    for details.
    
  warnings.warn(_INTERPRETER_DELETION_WARNING)
  [cic_near_iid] tflite_clip5           client1      d2 f1=0.8432 far=0.0762 missed=53/85173
/home/danielpark605/tinyml-venv/lib/python3.12/site-packages/tensorflow/lite/python/convert.py:846: UserWarning: Statistics for quantized inputs were expected, but not specified; continuing anyway.
  warnings.warn(
W0000 00:00:1791230304.189996 1031738 tf_tfl_flatbuffer_helpers.cc:364] Ignored output_format.
W0000 00:00:1791230304.190443 1031738 tf_tfl_flatbuffer_helpers.cc:367] Ignored drop_control_dependency.
I0000 00:00:1791230304.190949 1031738 reader.cc:83] Reading SavedModel from: /tmp/tmphednl5wx
I0000 00:00:1791230304.191561 1031738 reader.cc:52] Reading meta graph with tags { serve }
I0000 00:00:1791230304.191914 1031738 reader.cc:147] Reading SavedModel debug info (if present) from: /tmp/tmphednl5wx
I0000 00:00:1791230304.193964 1031738 loader.cc:236] Restoring SavedModel bundle.
I0000 00:00:1791230304.205648 1031738 loader.cc:220] Running initialization op on SavedModel bundle at path: /tmp/tmphednl5wx
I0000 00:00:1791230304.209709 1031738 loader.cc:471] SavedModel load for tags { serve }; Status: success: OK. Took 18771 microseconds.
fully_quantize: 0, inference_type: 6, input_inference_type: FLOAT32, output_inference_type: FLOAT32
W0000 00:00:1791230304.305185 1031738 flatbuffer_export.cc:3851] Skipping runtime version metadata in the model. This will be generated by the exporter.
/home/danielpark605/tinyml-venv/lib/python3.12/site-packages/tensorflow/lite/python/interpreter.py:457: UserWarning:     Warning: tf.lite.Interpreter is deprecated and is scheduled for deletion in
    TF 2.20. Please use the LiteRT interpreter from the ai_edge_litert package.
    See the [migration guide](https://ai.google.dev/edge/litert/migration)
    for details.
    
  warnings.warn(_INTERPRETER_DELETION_WARNING)
  [cic_near_iid] tflite_max_per_tensor  client1      d2 f1=0.8178 far=0.0910 missed=143/85173
/home/danielpark605/tinyml-venv/lib/python3.12/site-packages/tensorflow/lite/python/convert.py:846: UserWarning: Statistics for quantized inputs were expected, but not specified; continuing anyway.
  warnings.warn(
W0000 00:00:1791230307.316657 1031738 tf_tfl_flatbuffer_helpers.cc:364] Ignored output_format.
W0000 00:00:1791230307.317044 1031738 tf_tfl_flatbuffer_helpers.cc:367] Ignored drop_control_dependency.
I0000 00:00:1791230307.317521 1031738 reader.cc:83] Reading SavedModel from: /tmp/tmp7evvodw7
I0000 00:00:1791230307.319481 1031738 reader.cc:52] Reading meta graph with tags { serve }
I0000 00:00:1791230307.319845 1031738 reader.cc:147] Reading SavedModel debug info (if present) from: /tmp/tmp7evvodw7
I0000 00:00:1791230307.327817 1031738 loader.cc:236] Restoring SavedModel bundle.
I0000 00:00:1791230307.355921 1031738 loader.cc:220] Running initialization op on SavedModel bundle at path: /tmp/tmp7evvodw7
I0000 00:00:1791230307.363753 1031738 loader.cc:471] SavedModel load for tags { serve }; Status: success: OK. Took 46245 microseconds.
/home/danielpark605/tinyml-venv/lib/python3.12/site-packages/tensorflow/lite/python/interpreter.py:457: UserWarning:     Warning: tf.lite.Interpreter is deprecated and is scheduled for deletion in
    TF 2.20. Please use the LiteRT interpreter from the ai_edge_litert package.
    See the [migration guide](https://ai.google.dev/edge/litert/migration)
    for details.
    
  warnings.warn(_INTERPRETER_DELETION_WARNING)
   [QAT Strip] Input model type: Functional
   [QAT Strip] Input model class: tf_keras.src.engine.functional.Functional
   [QAT Strip] Creating TF.Keras Functional model with input shape: (78,)
   [QAT Strip] TF_USE_LEGACY_KERAS=1
   [QAT Strip] 4 Dense layers after BatchNorm folding
   [QAT Strip] Created model type: Functional
   [QAT Strip] Model class: tf_keras.src.engine.functional.Functional
   [QAT Strip] Total layers: 5
   [QAT Strip] Is tensorflow.keras model: False
   [QAT Strip] WARNING: Model is not tensorflow.keras! QAT may fail.
✅ Saved (QAT): data/processed/revision/2026-10-05_x1_calib_methods/quant_lit/cic_near_iid/fq_max_client1_d2.tflite (206.76 KB)
   Quantization: 10/16 tensors (62.5%)
   Input: <class 'numpy.float32'>, Output: <class 'numpy.float32'>
  [cic_near_iid] fq_max                 client1      d2 f1=0.8178 far=0.0910 missed=143/85173
/home/danielpark605/tinyml-venv/lib/python3.12/site-packages/tensorflow/lite/python/convert.py:846: UserWarning: Statistics for quantized inputs were expected, but not specified; continuing anyway.
  warnings.warn(
W0000 00:00:1791230310.735410 1031738 tf_tfl_flatbuffer_helpers.cc:364] Ignored output_format.
W0000 00:00:1791230310.735798 1031738 tf_tfl_flatbuffer_helpers.cc:367] Ignored drop_control_dependency.
I0000 00:00:1791230310.736249 1031738 reader.cc:83] Reading SavedModel from: /tmp/tmp00dyd9nd
I0000 00:00:1791230310.737687 1031738 reader.cc:52] Reading meta graph with tags { serve }
I0000 00:00:1791230310.738023 1031738 reader.cc:147] Reading SavedModel debug info (if present) from: /tmp/tmp00dyd9nd
I0000 00:00:1791230310.744581 1031738 loader.cc:236] Restoring SavedModel bundle.
I0000 00:00:1791230310.780282 1031738 loader.cc:220] Running initialization op on SavedModel bundle at path: /tmp/tmp00dyd9nd
I0000 00:00:1791230310.789330 1031738 loader.cc:471] SavedModel load for tags { serve }; Status: success: OK. Took 53094 microseconds.
/home/danielpark605/tinyml-venv/lib/python3.12/site-packages/tensorflow/lite/python/interpreter.py:457: UserWarning:     Warning: tf.lite.Interpreter is deprecated and is scheduled for deletion in
    TF 2.20. Please use the LiteRT interpreter from the ai_edge_litert package.
    See the [migration guide](https://ai.google.dev/edge/litert/migration)
    for details.
    
  warnings.warn(_INTERPRETER_DELETION_WARNING)
   [QAT Strip] Input model type: Functional
   [QAT Strip] Input model class: tf_keras.src.engine.functional.Functional
   [QAT Strip] Creating TF.Keras Functional model with input shape: (78,)
   [QAT Strip] TF_USE_LEGACY_KERAS=1
   [QAT Strip] 4 Dense layers after BatchNorm folding
   [QAT Strip] Created model type: Functional
   [QAT Strip] Model class: tf_keras.src.engine.functional.Functional
   [QAT Strip] Total layers: 5
   [QAT Strip] Is tensorflow.keras model: False
   [QAT Strip] WARNING: Model is not tensorflow.keras! QAT may fail.
✅ Saved (QAT): data/processed/revision/2026-10-05_x1_calib_methods/quant_lit/cic_near_iid/fq_pct999_client1_d2.tflite (206.76 KB)
   Quantization: 10/16 tensors (62.5%)
   Input: <class 'numpy.float32'>, Output: <class 'numpy.float32'>
  [cic_near_iid] fq_pct999              client1      d2 f1=0.8312 far=0.0832 missed=62/85173
/home/danielpark605/tinyml-venv/lib/python3.12/site-packages/tensorflow/lite/python/convert.py:846: UserWarning: Statistics for quantized inputs were expected, but not specified; continuing anyway.
  warnings.warn(
W0000 00:00:1791230313.987631 1031738 tf_tfl_flatbuffer_helpers.cc:364] Ignored output_format.
W0000 00:00:1791230313.988006 1031738 tf_tfl_flatbuffer_helpers.cc:367] Ignored drop_control_dependency.
I0000 00:00:1791230313.988480 1031738 reader.cc:83] Reading SavedModel from: /tmp/tmpj4j7n_xa
I0000 00:00:1791230313.990415 1031738 reader.cc:52] Reading meta graph with tags { serve }
I0000 00:00:1791230313.990813 1031738 reader.cc:147] Reading SavedModel debug info (if present) from: /tmp/tmpj4j7n_xa
I0000 00:00:1791230313.998986 1031738 loader.cc:236] Restoring SavedModel bundle.
I0000 00:00:1791230314.025681 1031738 loader.cc:220] Running initialization op on SavedModel bundle at path: /tmp/tmpj4j7n_xa
I0000 00:00:1791230314.034052 1031738 loader.cc:471] SavedModel load for tags { serve }; Status: success: OK. Took 45598 microseconds.
/home/danielpark605/tinyml-venv/lib/python3.12/site-packages/tensorflow/lite/python/interpreter.py:457: UserWarning:     Warning: tf.lite.Interpreter is deprecated and is scheduled for deletion in
    TF 2.20. Please use the LiteRT interpreter from the ai_edge_litert package.
    See the [migration guide](https://ai.google.dev/edge/litert/migration)
    for details.
    
  warnings.warn(_INTERPRETER_DELETION_WARNING)
   [QAT Strip] Input model type: Functional
   [QAT Strip] Input model class: tf_keras.src.engine.functional.Functional
   [QAT Strip] Creating TF.Keras Functional model with input shape: (78,)
   [QAT Strip] TF_USE_LEGACY_KERAS=1
   [QAT Strip] 4 Dense layers after BatchNorm folding
   [QAT Strip] Created model type: Functional
   [QAT Strip] Model class: tf_keras.src.engine.functional.Functional
   [QAT Strip] Total layers: 5
   [QAT Strip] Is tensorflow.keras model: False
   [QAT Strip] WARNING: Model is not tensorflow.keras! QAT may fail.
✅ Saved (QAT): data/processed/revision/2026-10-05_x1_calib_methods/quant_lit/cic_near_iid/fq_pct9999_client1_d2.tflite (206.76 KB)
   Quantization: 10/16 tensors (62.5%)
   Input: <class 'numpy.float32'>, Output: <class 'numpy.float32'>
  [cic_near_iid] fq_pct9999             client1      d2 f1=0.8192 far=0.0904 missed=52/85173
/home/danielpark605/tinyml-venv/lib/python3.12/site-packages/tensorflow/lite/python/convert.py:846: UserWarning: Statistics for quantized inputs were expected, but not specified; continuing anyway.
  warnings.warn(
W0000 00:00:1791230317.343452 1031738 tf_tfl_flatbuffer_helpers.cc:364] Ignored output_format.
W0000 00:00:1791230317.343849 1031738 tf_tfl_flatbuffer_helpers.cc:367] Ignored drop_control_dependency.
I0000 00:00:1791230317.344302 1031738 reader.cc:83] Reading SavedModel from: /tmp/tmpc6rb5rw6
I0000 00:00:1791230317.346153 1031738 reader.cc:52] Reading meta graph with tags { serve }
I0000 00:00:1791230317.346512 1031738 reader.cc:147] Reading SavedModel debug info (if present) from: /tmp/tmpc6rb5rw6
I0000 00:00:1791230317.354023 1031738 loader.cc:236] Restoring SavedModel bundle.
I0000 00:00:1791230317.382437 1031738 loader.cc:220] Running initialization op on SavedModel bundle at path: /tmp/tmpc6rb5rw6
I0000 00:00:1791230317.391338 1031738 loader.cc:471] SavedModel load for tags { serve }; Status: success: OK. Took 47045 microseconds.
/home/danielpark605/tinyml-venv/lib/python3.12/site-packages/tensorflow/lite/python/interpreter.py:457: UserWarning:     Warning: tf.lite.Interpreter is deprecated and is scheduled for deletion in
    TF 2.20. Please use the LiteRT interpreter from the ai_edge_litert package.
    See the [migration guide](https://ai.google.dev/edge/litert/migration)
    for details.
    
  warnings.warn(_INTERPRETER_DELETION_WARNING)
   [QAT Strip] Input model type: Functional
   [QAT Strip] Input model class: tf_keras.src.engine.functional.Functional
   [QAT Strip] Creating TF.Keras Functional model with input shape: (78,)
   [QAT Strip] TF_USE_LEGACY_KERAS=1
   [QAT Strip] 4 Dense layers after BatchNorm folding
   [QAT Strip] Created model type: Functional
   [QAT Strip] Model class: tf_keras.src.engine.functional.Functional
   [QAT Strip] Total layers: 5
   [QAT Strip] Is tensorflow.keras model: False
   [QAT Strip] WARNING: Model is not tensorflow.keras! QAT may fail.
✅ Saved (QAT): data/processed/revision/2026-10-05_x1_calib_methods/quant_lit/cic_near_iid/fq_mse_client1_d2.tflite (206.76 KB)
   Quantization: 10/16 tensors (62.5%)
   Input: <class 'numpy.float32'>, Output: <class 'numpy.float32'>
  [cic_near_iid] fq_mse                 client1      d2 f1=0.8147 far=0.0920 missed=421/85173
/home/danielpark605/tinyml-venv/lib/python3.12/site-packages/tensorflow/lite/python/convert.py:846: UserWarning: Statistics for quantized inputs were expected, but not specified; continuing anyway.
  warnings.warn(
W0000 00:00:1791230322.562675 1031738 tf_tfl_flatbuffer_helpers.cc:364] Ignored output_format.
W0000 00:00:1791230322.563064 1031738 tf_tfl_flatbuffer_helpers.cc:367] Ignored drop_control_dependency.
I0000 00:00:1791230322.563534 1031738 reader.cc:83] Reading SavedModel from: /tmp/tmp4gppbnjk
I0000 00:00:1791230322.565107 1031738 reader.cc:52] Reading meta graph with tags { serve }
I0000 00:00:1791230322.565508 1031738 reader.cc:147] Reading SavedModel debug info (if present) from: /tmp/tmp4gppbnjk
I0000 00:00:1791230322.572316 1031738 loader.cc:236] Restoring SavedModel bundle.
I0000 00:00:1791230322.599761 1031738 loader.cc:220] Running initialization op on SavedModel bundle at path: /tmp/tmp4gppbnjk
I0000 00:00:1791230322.608352 1031738 loader.cc:471] SavedModel load for tags { serve }; Status: success: OK. Took 44832 microseconds.
/home/danielpark605/tinyml-venv/lib/python3.12/site-packages/tensorflow/lite/python/interpreter.py:457: UserWarning:     Warning: tf.lite.Interpreter is deprecated and is scheduled for deletion in
    TF 2.20. Please use the LiteRT interpreter from the ai_edge_litert package.
    See the [migration guide](https://ai.google.dev/edge/litert/migration)
    for details.
    
  warnings.warn(_INTERPRETER_DELETION_WARNING)
   [QAT Strip] Input model type: Functional
   [QAT Strip] Input model class: tf_keras.src.engine.functional.Functional
   [QAT Strip] Creating TF.Keras Functional model with input shape: (78,)
   [QAT Strip] TF_USE_LEGACY_KERAS=1
   [QAT Strip] 4 Dense layers after BatchNorm folding
   [QAT Strip] Created model type: Functional
   [QAT Strip] Model class: tf_keras.src.engine.functional.Functional
   [QAT Strip] Total layers: 5
   [QAT Strip] Is tensorflow.keras model: False
   [QAT Strip] WARNING: Model is not tensorflow.keras! QAT may fail.
✅ Saved (QAT): data/processed/revision/2026-10-05_x1_calib_methods/quant_lit/cic_near_iid/fq_kl_client1_d2.tflite (206.76 KB)
   Quantization: 10/16 tensors (62.5%)
   Input: <class 'numpy.float32'>, Output: <class 'numpy.float32'>
  [cic_near_iid] fq_kl                  client1      d2 f1=0.8309 far=0.0828 missed=236/85173
/home/danielpark605/tinyml-venv/lib/python3.12/site-packages/tensorflow/lite/python/convert.py:846: UserWarning: Statistics for quantized inputs were expected, but not specified; continuing anyway.
  warnings.warn(
W0000 00:00:1791230325.783508 1031738 tf_tfl_flatbuffer_helpers.cc:364] Ignored output_format.
W0000 00:00:1791230325.783895 1031738 tf_tfl_flatbuffer_helpers.cc:367] Ignored drop_control_dependency.
I0000 00:00:1791230325.784330 1031738 reader.cc:83] Reading SavedModel from: /tmp/tmp87m4rktc
I0000 00:00:1791230325.786201 1031738 reader.cc:52] Reading meta graph with tags { serve }
I0000 00:00:1791230325.786592 1031738 reader.cc:147] Reading SavedModel debug info (if present) from: /tmp/tmp87m4rktc
I0000 00:00:1791230325.794769 1031738 loader.cc:236] Restoring SavedModel bundle.
I0000 00:00:1791230325.821546 1031738 loader.cc:220] Running initialization op on SavedModel bundle at path: /tmp/tmp87m4rktc
I0000 00:00:1791230325.830472 1031738 loader.cc:471] SavedModel load for tags { serve }; Status: success: OK. Took 46156 microseconds.
/home/danielpark605/tinyml-venv/lib/python3.12/site-packages/tensorflow/lite/python/interpreter.py:457: UserWarning:     Warning: tf.lite.Interpreter is deprecated and is scheduled for deletion in
    TF 2.20. Please use the LiteRT interpreter from the ai_edge_litert package.
    See the [migration guide](https://ai.google.dev/edge/litert/migration)
    for details.
    
  warnings.warn(_INTERPRETER_DELETION_WARNING)
   [QAT Strip] Input model type: Functional
   [QAT Strip] Input model class: tf_keras.src.engine.functional.Functional
   [QAT Strip] Creating TF.Keras Functional model with input shape: (78,)
   [QAT Strip] TF_USE_LEGACY_KERAS=1
   [QAT Strip] 4 Dense layers after BatchNorm folding
   [QAT Strip] Created model type: Functional
   [QAT Strip] Model class: tf_keras.src.engine.functional.Functional
   [QAT Strip] Total layers: 5
   [QAT Strip] Is tensorflow.keras model: False
   [QAT Strip] WARNING: Model is not tensorflow.keras! QAT may fail.
✅ Saved (QAT): data/processed/revision/2026-10-05_x1_calib_methods/quant_lit/cic_near_iid/fq_clip5_max_client1_d2.tflite (206.76 KB)
   Quantization: 10/16 tensors (62.5%)
   Input: <class 'numpy.float32'>, Output: <class 'numpy.float32'>
  [cic_near_iid] fq_clip5_max           client1      d2 f1=0.8274 far=0.0849 missed=233/85173
/home/danielpark605/tinyml-venv/lib/python3.12/site-packages/tensorflow/lite/python/convert.py:846: UserWarning: Statistics for quantized inputs were expected, but not specified; continuing anyway.
  warnings.warn(
W0000 00:00:1791230328.277125 1031738 tf_tfl_flatbuffer_helpers.cc:364] Ignored output_format.
W0000 00:00:1791230328.277487 1031738 tf_tfl_flatbuffer_helpers.cc:367] Ignored drop_control_dependency.
I0000 00:00:1791230328.277906 1031738 reader.cc:83] Reading SavedModel from: /tmp/tmppjlbab2w
I0000 00:00:1791230328.278544 1031738 reader.cc:52] Reading meta graph with tags { serve }
I0000 00:00:1791230328.278910 1031738 reader.cc:147] Reading SavedModel debug info (if present) from: /tmp/tmppjlbab2w
I0000 00:00:1791230328.280964 1031738 loader.cc:236] Restoring SavedModel bundle.
I0000 00:00:1791230328.292127 1031738 loader.cc:220] Running initialization op on SavedModel bundle at path: /tmp/tmppjlbab2w
I0000 00:00:1791230328.295734 1031738 loader.cc:471] SavedModel load for tags { serve }; Status: success: OK. Took 17837 microseconds.
fully_quantize: 0, inference_type: 6, input_inference_type: FLOAT32, output_inference_type: FLOAT32
W0000 00:00:1791230328.394817 1031738 flatbuffer_export.cc:3851] Skipping runtime version metadata in the model. This will be generated by the exporter.
/home/danielpark605/tinyml-venv/lib/python3.12/site-packages/tensorflow/lite/python/interpreter.py:457: UserWarning:     Warning: tf.lite.Interpreter is deprecated and is scheduled for deletion in
    TF 2.20. Please use the LiteRT interpreter from the ai_edge_litert package.
    See the [migration guide](https://ai.google.dev/edge/litert/migration)
    for details.
    
  warnings.warn(_INTERPRETER_DELETION_WARNING)
  [cic_near_iid] tflite_max             client2      d2 f1=0.2916 far=0.9813 missed=1184/85173
/home/danielpark605/tinyml-venv/lib/python3.12/site-packages/tensorflow/lite/python/convert.py:846: UserWarning: Statistics for quantized inputs were expected, but not specified; continuing anyway.
  warnings.warn(
W0000 00:00:1791230330.776399 1031738 tf_tfl_flatbuffer_helpers.cc:364] Ignored output_format.
W0000 00:00:1791230330.776783 1031738 tf_tfl_flatbuffer_helpers.cc:367] Ignored drop_control_dependency.
I0000 00:00:1791230330.777207 1031738 reader.cc:83] Reading SavedModel from: /tmp/tmplmcgf46l
I0000 00:00:1791230330.777893 1031738 reader.cc:52] Reading meta graph with tags { serve }
I0000 00:00:1791230330.778318 1031738 reader.cc:147] Reading SavedModel debug info (if present) from: /tmp/tmplmcgf46l
I0000 00:00:1791230330.780773 1031738 loader.cc:236] Restoring SavedModel bundle.
I0000 00:00:1791230330.791835 1031738 loader.cc:220] Running initialization op on SavedModel bundle at path: /tmp/tmplmcgf46l
I0000 00:00:1791230330.796559 1031738 loader.cc:471] SavedModel load for tags { serve }; Status: success: OK. Took 19359 microseconds.
fully_quantize: 0, inference_type: 6, input_inference_type: FLOAT32, output_inference_type: FLOAT32
W0000 00:00:1791230330.895328 1031738 flatbuffer_export.cc:3851] Skipping runtime version metadata in the model. This will be generated by the exporter.
/home/danielpark605/tinyml-venv/lib/python3.12/site-packages/tensorflow/lite/python/interpreter.py:457: UserWarning:     Warning: tf.lite.Interpreter is deprecated and is scheduled for deletion in
    TF 2.20. Please use the LiteRT interpreter from the ai_edge_litert package.
    See the [migration guide](https://ai.google.dev/edge/litert/migration)
    for details.
    
  warnings.warn(_INTERPRETER_DELETION_WARNING)
  [cic_near_iid] tflite_clip5           client2      d2 f1=0.8483 far=0.0731 missed=87/85173
/home/danielpark605/tinyml-venv/lib/python3.12/site-packages/tensorflow/lite/python/convert.py:846: UserWarning: Statistics for quantized inputs were expected, but not specified; continuing anyway.
  warnings.warn(
W0000 00:00:1791230331.744132 1031738 tf_tfl_flatbuffer_helpers.cc:364] Ignored output_format.
W0000 00:00:1791230331.744514 1031738 tf_tfl_flatbuffer_helpers.cc:367] Ignored drop_control_dependency.
I0000 00:00:1791230331.744993 1031738 reader.cc:83] Reading SavedModel from: /tmp/tmp3vftrk3t
I0000 00:00:1791230331.745734 1031738 reader.cc:52] Reading meta graph with tags { serve }
I0000 00:00:1791230331.746083 1031738 reader.cc:147] Reading SavedModel debug info (if present) from: /tmp/tmp3vftrk3t
I0000 00:00:1791230331.748665 1031738 loader.cc:236] Restoring SavedModel bundle.
I0000 00:00:1791230331.760104 1031738 loader.cc:220] Running initialization op on SavedModel bundle at path: /tmp/tmp3vftrk3t
I0000 00:00:1791230331.764139 1031738 loader.cc:471] SavedModel load for tags { serve }; Status: success: OK. Took 19156 microseconds.
fully_quantize: 0, inference_type: 6, input_inference_type: FLOAT32, output_inference_type: FLOAT32
W0000 00:00:1791230331.861937 1031738 flatbuffer_export.cc:3851] Skipping runtime version metadata in the model. This will be generated by the exporter.
/home/danielpark605/tinyml-venv/lib/python3.12/site-packages/tensorflow/lite/python/interpreter.py:457: UserWarning:     Warning: tf.lite.Interpreter is deprecated and is scheduled for deletion in
    TF 2.20. Please use the LiteRT interpreter from the ai_edge_litert package.
    See the [migration guide](https://ai.google.dev/edge/litert/migration)
    for details.
    
  warnings.warn(_INTERPRETER_DELETION_WARNING)
  [cic_near_iid] tflite_max_per_tensor  client2      d2 f1=0.2920 far=0.9850 missed=769/85173
/home/danielpark605/tinyml-venv/lib/python3.12/site-packages/tensorflow/lite/python/convert.py:846: UserWarning: Statistics for quantized inputs were expected, but not specified; continuing anyway.
  warnings.warn(
W0000 00:00:1791230334.989440 1031738 tf_tfl_flatbuffer_helpers.cc:364] Ignored output_format.
W0000 00:00:1791230334.989824 1031738 tf_tfl_flatbuffer_helpers.cc:367] Ignored drop_control_dependency.
I0000 00:00:1791230334.990296 1031738 reader.cc:83] Reading SavedModel from: /tmp/tmptl7hqe23
I0000 00:00:1791230334.991892 1031738 reader.cc:52] Reading meta graph with tags { serve }
I0000 00:00:1791230334.992262 1031738 reader.cc:147] Reading SavedModel debug info (if present) from: /tmp/tmptl7hqe23
I0000 00:00:1791230334.999573 1031738 loader.cc:236] Restoring SavedModel bundle.
I0000 00:00:1791230335.025988 1031738 loader.cc:220] Running initialization op on SavedModel bundle at path: /tmp/tmptl7hqe23
I0000 00:00:1791230335.034059 1031738 loader.cc:471] SavedModel load for tags { serve }; Status: success: OK. Took 43777 microseconds.
/home/danielpark605/tinyml-venv/lib/python3.12/site-packages/tensorflow/lite/python/interpreter.py:457: UserWarning:     Warning: tf.lite.Interpreter is deprecated and is scheduled for deletion in
    TF 2.20. Please use the LiteRT interpreter from the ai_edge_litert package.
    See the [migration guide](https://ai.google.dev/edge/litert/migration)
    for details.
    
  warnings.warn(_INTERPRETER_DELETION_WARNING)
   [QAT Strip] Input model type: Functional
   [QAT Strip] Input model class: tf_keras.src.engine.functional.Functional
   [QAT Strip] Creating TF.Keras Functional model with input shape: (78,)
   [QAT Strip] TF_USE_LEGACY_KERAS=1
   [QAT Strip] 4 Dense layers after BatchNorm folding
   [QAT Strip] Created model type: Functional
   [QAT Strip] Model class: tf_keras.src.engine.functional.Functional
   [QAT Strip] Total layers: 5
   [QAT Strip] Is tensorflow.keras model: False
   [QAT Strip] WARNING: Model is not tensorflow.keras! QAT may fail.
✅ Saved (QAT): data/processed/revision/2026-10-05_x1_calib_methods/quant_lit/cic_near_iid/fq_max_client2_d2.tflite (206.76 KB)
   Quantization: 10/16 tensors (62.5%)
   Input: <class 'numpy.float32'>, Output: <class 'numpy.float32'>
  [cic_near_iid] fq_max                 client2      d2 f1=0.2920 far=0.9850 missed=769/85173
/home/danielpark605/tinyml-venv/lib/python3.12/site-packages/tensorflow/lite/python/convert.py:846: UserWarning: Statistics for quantized inputs were expected, but not specified; continuing anyway.
  warnings.warn(
W0000 00:00:1791230338.209825 1031738 tf_tfl_flatbuffer_helpers.cc:364] Ignored output_format.
W0000 00:00:1791230338.210213 1031738 tf_tfl_flatbuffer_helpers.cc:367] Ignored drop_control_dependency.
I0000 00:00:1791230338.210672 1031738 reader.cc:83] Reading SavedModel from: /tmp/tmpr_znoy75
I0000 00:00:1791230338.212500 1031738 reader.cc:52] Reading meta graph with tags { serve }
I0000 00:00:1791230338.212861 1031738 reader.cc:147] Reading SavedModel debug info (if present) from: /tmp/tmpr_znoy75
I0000 00:00:1791230338.220215 1031738 loader.cc:236] Restoring SavedModel bundle.
I0000 00:00:1791230338.247019 1031738 loader.cc:220] Running initialization op on SavedModel bundle at path: /tmp/tmpr_znoy75
I0000 00:00:1791230338.254874 1031738 loader.cc:471] SavedModel load for tags { serve }; Status: success: OK. Took 44208 microseconds.
/home/danielpark605/tinyml-venv/lib/python3.12/site-packages/tensorflow/lite/python/interpreter.py:457: UserWarning:     Warning: tf.lite.Interpreter is deprecated and is scheduled for deletion in
    TF 2.20. Please use the LiteRT interpreter from the ai_edge_litert package.
    See the [migration guide](https://ai.google.dev/edge/litert/migration)
    for details.
    
  warnings.warn(_INTERPRETER_DELETION_WARNING)
   [QAT Strip] Input model type: Functional
   [QAT Strip] Input model class: tf_keras.src.engine.functional.Functional
   [QAT Strip] Creating TF.Keras Functional model with input shape: (78,)
   [QAT Strip] TF_USE_LEGACY_KERAS=1
   [QAT Strip] 4 Dense layers after BatchNorm folding
   [QAT Strip] Created model type: Functional
   [QAT Strip] Model class: tf_keras.src.engine.functional.Functional
   [QAT Strip] Total layers: 5
   [QAT Strip] Is tensorflow.keras model: False
   [QAT Strip] WARNING: Model is not tensorflow.keras! QAT may fail.
✅ Saved (QAT): data/processed/revision/2026-10-05_x1_calib_methods/quant_lit/cic_near_iid/fq_pct999_client2_d2.tflite (206.76 KB)
   Quantization: 10/16 tensors (62.5%)
   Input: <class 'numpy.float32'>, Output: <class 'numpy.float32'>
  [cic_near_iid] fq_pct999              client2      d2 f1=0.8261 far=0.0863 missed=53/85173
/home/danielpark605/tinyml-venv/lib/python3.12/site-packages/tensorflow/lite/python/convert.py:846: UserWarning: Statistics for quantized inputs were expected, but not specified; continuing anyway.
  warnings.warn(
W0000 00:00:1791230341.700507 1031738 tf_tfl_flatbuffer_helpers.cc:364] Ignored output_format.
W0000 00:00:1791230341.700994 1031738 tf_tfl_flatbuffer_helpers.cc:367] Ignored drop_control_dependency.
I0000 00:00:1791230341.701447 1031738 reader.cc:83] Reading SavedModel from: /tmp/tmp0kkmzyy4
I0000 00:00:1791230341.703059 1031738 reader.cc:52] Reading meta graph with tags { serve }
I0000 00:00:1791230341.703425 1031738 reader.cc:147] Reading SavedModel debug info (if present) from: /tmp/tmp0kkmzyy4
I0000 00:00:1791230341.710041 1031738 loader.cc:236] Restoring SavedModel bundle.
I0000 00:00:1791230341.738578 1031738 loader.cc:220] Running initialization op on SavedModel bundle at path: /tmp/tmp0kkmzyy4
I0000 00:00:1791230341.747816 1031738 loader.cc:471] SavedModel load for tags { serve }; Status: success: OK. Took 46383 microseconds.
/home/danielpark605/tinyml-venv/lib/python3.12/site-packages/tensorflow/lite/python/interpreter.py:457: UserWarning:     Warning: tf.lite.Interpreter is deprecated and is scheduled for deletion in
    TF 2.20. Please use the LiteRT interpreter from the ai_edge_litert package.
    See the [migration guide](https://ai.google.dev/edge/litert/migration)
    for details.
    
  warnings.warn(_INTERPRETER_DELETION_WARNING)
   [QAT Strip] Input model type: Functional
   [QAT Strip] Input model class: tf_keras.src.engine.functional.Functional
   [QAT Strip] Creating TF.Keras Functional model with input shape: (78,)
   [QAT Strip] TF_USE_LEGACY_KERAS=1
   [QAT Strip] 4 Dense layers after BatchNorm folding
   [QAT Strip] Created model type: Functional
   [QAT Strip] Model class: tf_keras.src.engine.functional.Functional
   [QAT Strip] Total layers: 5
   [QAT Strip] Is tensorflow.keras model: False
   [QAT Strip] WARNING: Model is not tensorflow.keras! QAT may fail.
✅ Saved (QAT): data/processed/revision/2026-10-05_x1_calib_methods/quant_lit/cic_near_iid/fq_pct9999_client2_d2.tflite (206.76 KB)
   Quantization: 10/16 tensors (62.5%)
   Input: <class 'numpy.float32'>, Output: <class 'numpy.float32'>
  [cic_near_iid] fq_pct9999             client2      d2 f1=0.3151 far=0.7980 missed=7340/85173
/home/danielpark605/tinyml-venv/lib/python3.12/site-packages/tensorflow/lite/python/convert.py:846: UserWarning: Statistics for quantized inputs were expected, but not specified; continuing anyway.
  warnings.warn(
W0000 00:00:1791230345.054422 1031738 tf_tfl_flatbuffer_helpers.cc:364] Ignored output_format.
W0000 00:00:1791230345.054819 1031738 tf_tfl_flatbuffer_helpers.cc:367] Ignored drop_control_dependency.
I0000 00:00:1791230345.055263 1031738 reader.cc:83] Reading SavedModel from: /tmp/tmpfvid235i
I0000 00:00:1791230345.057317 1031738 reader.cc:52] Reading meta graph with tags { serve }
I0000 00:00:1791230345.057686 1031738 reader.cc:147] Reading SavedModel debug info (if present) from: /tmp/tmpfvid235i
I0000 00:00:1791230345.066380 1031738 loader.cc:236] Restoring SavedModel bundle.
I0000 00:00:1791230345.096037 1031738 loader.cc:220] Running initialization op on SavedModel bundle at path: /tmp/tmpfvid235i
I0000 00:00:1791230345.103989 1031738 loader.cc:471] SavedModel load for tags { serve }; Status: success: OK. Took 48750 microseconds.
/home/danielpark605/tinyml-venv/lib/python3.12/site-packages/tensorflow/lite/python/interpreter.py:457: UserWarning:     Warning: tf.lite.Interpreter is deprecated and is scheduled for deletion in
    TF 2.20. Please use the LiteRT interpreter from the ai_edge_litert package.
    See the [migration guide](https://ai.google.dev/edge/litert/migration)
    for details.
    
  warnings.warn(_INTERPRETER_DELETION_WARNING)
   [QAT Strip] Input model type: Functional
   [QAT Strip] Input model class: tf_keras.src.engine.functional.Functional
   [QAT Strip] Creating TF.Keras Functional model with input shape: (78,)
   [QAT Strip] TF_USE_LEGACY_KERAS=1
   [QAT Strip] 4 Dense layers after BatchNorm folding
   [QAT Strip] Created model type: Functional
   [QAT Strip] Model class: tf_keras.src.engine.functional.Functional
   [QAT Strip] Total layers: 5
   [QAT Strip] Is tensorflow.keras model: False
   [QAT Strip] WARNING: Model is not tensorflow.keras! QAT may fail.
✅ Saved (QAT): data/processed/revision/2026-10-05_x1_calib_methods/quant_lit/cic_near_iid/fq_mse_client2_d2.tflite (206.76 KB)
   Quantization: 10/16 tensors (62.5%)
   Input: <class 'numpy.float32'>, Output: <class 'numpy.float32'>
  [cic_near_iid] fq_mse                 client2      d2 f1=0.2928 far=0.9738 missed=1287/85173
/home/danielpark605/tinyml-venv/lib/python3.12/site-packages/tensorflow/lite/python/convert.py:846: UserWarning: Statistics for quantized inputs were expected, but not specified; continuing anyway.
  warnings.warn(
W0000 00:00:1791230349.124517 1031738 tf_tfl_flatbuffer_helpers.cc:364] Ignored output_format.
W0000 00:00:1791230349.124887 1031738 tf_tfl_flatbuffer_helpers.cc:367] Ignored drop_control_dependency.
I0000 00:00:1791230349.125344 1031738 reader.cc:83] Reading SavedModel from: /tmp/tmppfz4_d46
I0000 00:00:1791230349.127036 1031738 reader.cc:52] Reading meta graph with tags { serve }
I0000 00:00:1791230349.127401 1031738 reader.cc:147] Reading SavedModel debug info (if present) from: /tmp/tmppfz4_d46
I0000 00:00:1791230349.134078 1031738 loader.cc:236] Restoring SavedModel bundle.
I0000 00:00:1791230349.161545 1031738 loader.cc:220] Running initialization op on SavedModel bundle at path: /tmp/tmppfz4_d46
I0000 00:00:1791230349.169351 1031738 loader.cc:471] SavedModel load for tags { serve }; Status: success: OK. Took 44018 microseconds.
/home/danielpark605/tinyml-venv/lib/python3.12/site-packages/tensorflow/lite/python/interpreter.py:457: UserWarning:     Warning: tf.lite.Interpreter is deprecated and is scheduled for deletion in
    TF 2.20. Please use the LiteRT interpreter from the ai_edge_litert package.
    See the [migration guide](https://ai.google.dev/edge/litert/migration)
    for details.
    
  warnings.warn(_INTERPRETER_DELETION_WARNING)
   [QAT Strip] Input model type: Functional
   [QAT Strip] Input model class: tf_keras.src.engine.functional.Functional
   [QAT Strip] Creating TF.Keras Functional model with input shape: (78,)
   [QAT Strip] TF_USE_LEGACY_KERAS=1
   [QAT Strip] 4 Dense layers after BatchNorm folding
   [QAT Strip] Created model type: Functional
   [QAT Strip] Model class: tf_keras.src.engine.functional.Functional
   [QAT Strip] Total layers: 5
   [QAT Strip] Is tensorflow.keras model: False
   [QAT Strip] WARNING: Model is not tensorflow.keras! QAT may fail.
✅ Saved (QAT): data/processed/revision/2026-10-05_x1_calib_methods/quant_lit/cic_near_iid/fq_kl_client2_d2.tflite (206.76 KB)
   Quantization: 10/16 tensors (62.5%)
   Input: <class 'numpy.float32'>, Output: <class 'numpy.float32'>
  [cic_near_iid] fq_kl                  client2      d2 f1=0.4416 far=0.4848 missed=4057/85173
/home/danielpark605/tinyml-venv/lib/python3.12/site-packages/tensorflow/lite/python/convert.py:846: UserWarning: Statistics for quantized inputs were expected, but not specified; continuing anyway.
  warnings.warn(
W0000 00:00:1791230352.537031 1031738 tf_tfl_flatbuffer_helpers.cc:364] Ignored output_format.
W0000 00:00:1791230352.537460 1031738 tf_tfl_flatbuffer_helpers.cc:367] Ignored drop_control_dependency.
I0000 00:00:1791230352.537930 1031738 reader.cc:83] Reading SavedModel from: /tmp/tmp_54uiky7
I0000 00:00:1791230352.539455 1031738 reader.cc:52] Reading meta graph with tags { serve }
I0000 00:00:1791230352.539821 1031738 reader.cc:147] Reading SavedModel debug info (if present) from: /tmp/tmp_54uiky7
I0000 00:00:1791230352.548386 1031738 loader.cc:236] Restoring SavedModel bundle.
I0000 00:00:1791230352.576618 1031738 loader.cc:220] Running initialization op on SavedModel bundle at path: /tmp/tmp_54uiky7
I0000 00:00:1791230352.585975 1031738 loader.cc:471] SavedModel load for tags { serve }; Status: success: OK. Took 48061 microseconds.
/home/danielpark605/tinyml-venv/lib/python3.12/site-packages/tensorflow/lite/python/interpreter.py:457: UserWarning:     Warning: tf.lite.Interpreter is deprecated and is scheduled for deletion in
    TF 2.20. Please use the LiteRT interpreter from the ai_edge_litert package.
    See the [migration guide](https://ai.google.dev/edge/litert/migration)
    for details.
    
  warnings.warn(_INTERPRETER_DELETION_WARNING)
   [QAT Strip] Input model type: Functional
   [QAT Strip] Input model class: tf_keras.src.engine.functional.Functional
   [QAT Strip] Creating TF.Keras Functional model with input shape: (78,)
   [QAT Strip] TF_USE_LEGACY_KERAS=1
   [QAT Strip] 4 Dense layers after BatchNorm folding
   [QAT Strip] Created model type: Functional
   [QAT Strip] Model class: tf_keras.src.engine.functional.Functional
   [QAT Strip] Total layers: 5
   [QAT Strip] Is tensorflow.keras model: False
   [QAT Strip] WARNING: Model is not tensorflow.keras! QAT may fail.
✅ Saved (QAT): data/processed/revision/2026-10-05_x1_calib_methods/quant_lit/cic_near_iid/fq_clip5_max_client2_d2.tflite (206.76 KB)
   Quantization: 10/16 tensors (62.5%)
   Input: <class 'numpy.float32'>, Output: <class 'numpy.float32'>
  [cic_near_iid] fq_clip5_max           client2      d2 f1=0.8311 far=0.0825 missed=277/85173
/home/danielpark605/tinyml-venv/lib/python3.12/site-packages/tensorflow/lite/python/convert.py:846: UserWarning: Statistics for quantized inputs were expected, but not specified; continuing anyway.
  warnings.warn(
W0000 00:00:1791230355.141767 1031738 tf_tfl_flatbuffer_helpers.cc:364] Ignored output_format.
W0000 00:00:1791230355.142197 1031738 tf_tfl_flatbuffer_helpers.cc:367] Ignored drop_control_dependency.
I0000 00:00:1791230355.142642 1031738 reader.cc:83] Reading SavedModel from: /tmp/tmpq0bnxj3y
I0000 00:00:1791230355.143311 1031738 reader.cc:52] Reading meta graph with tags { serve }
I0000 00:00:1791230355.143665 1031738 reader.cc:147] Reading SavedModel debug info (if present) from: /tmp/tmpq0bnxj3y
I0000 00:00:1791230355.145745 1031738 loader.cc:236] Restoring SavedModel bundle.
I0000 00:00:1791230355.157904 1031738 loader.cc:220] Running initialization op on SavedModel bundle at path: /tmp/tmpq0bnxj3y
I0000 00:00:1791230355.161573 1031738 loader.cc:471] SavedModel load for tags { serve }; Status: success: OK. Took 18943 microseconds.
fully_quantize: 0, inference_type: 6, input_inference_type: FLOAT32, output_inference_type: FLOAT32
W0000 00:00:1791230355.258956 1031738 flatbuffer_export.cc:3851] Skipping runtime version metadata in the model. This will be generated by the exporter.
/home/danielpark605/tinyml-venv/lib/python3.12/site-packages/tensorflow/lite/python/interpreter.py:457: UserWarning:     Warning: tf.lite.Interpreter is deprecated and is scheduled for deletion in
    TF 2.20. Please use the LiteRT interpreter from the ai_edge_litert package.
    See the [migration guide](https://ai.google.dev/edge/litert/migration)
    for details.
    
  warnings.warn(_INTERPRETER_DELETION_WARNING)
  [cic_near_iid] tflite_max             client3      d2 f1=0.8206 far=0.0894 missed=108/85173
/home/danielpark605/tinyml-venv/lib/python3.12/site-packages/tensorflow/lite/python/convert.py:846: UserWarning: Statistics for quantized inputs were expected, but not specified; continuing anyway.
  warnings.warn(
W0000 00:00:1791230357.629950 1031738 tf_tfl_flatbuffer_helpers.cc:364] Ignored output_format.
W0000 00:00:1791230357.630342 1031738 tf_tfl_flatbuffer_helpers.cc:367] Ignored drop_control_dependency.
I0000 00:00:1791230357.630797 1031738 reader.cc:83] Reading SavedModel from: /tmp/tmpxltjj5q_
I0000 00:00:1791230357.631446 1031738 reader.cc:52] Reading meta graph with tags { serve }
I0000 00:00:1791230357.631799 1031738 reader.cc:147] Reading SavedModel debug info (if present) from: /tmp/tmpxltjj5q_
I0000 00:00:1791230357.634517 1031738 loader.cc:236] Restoring SavedModel bundle.
I0000 00:00:1791230357.646004 1031738 loader.cc:220] Running initialization op on SavedModel bundle at path: /tmp/tmpxltjj5q_
I0000 00:00:1791230357.650230 1031738 loader.cc:471] SavedModel load for tags { serve }; Status: success: OK. Took 19444 microseconds.
fully_quantize: 0, inference_type: 6, input_inference_type: FLOAT32, output_inference_type: FLOAT32
W0000 00:00:1791230357.752790 1031738 flatbuffer_export.cc:3851] Skipping runtime version metadata in the model. This will be generated by the exporter.
/home/danielpark605/tinyml-venv/lib/python3.12/site-packages/tensorflow/lite/python/interpreter.py:457: UserWarning:     Warning: tf.lite.Interpreter is deprecated and is scheduled for deletion in
    TF 2.20. Please use the LiteRT interpreter from the ai_edge_litert package.
    See the [migration guide](https://ai.google.dev/edge/litert/migration)
    for details.
    
  warnings.warn(_INTERPRETER_DELETION_WARNING)
  [cic_near_iid] tflite_clip5           client3      d2 f1=0.8469 far=0.0741 missed=61/85173
/home/danielpark605/tinyml-venv/lib/python3.12/site-packages/tensorflow/lite/python/convert.py:846: UserWarning: Statistics for quantized inputs were expected, but not specified; continuing anyway.
  warnings.warn(
W0000 00:00:1791230360.088876 1031738 tf_tfl_flatbuffer_helpers.cc:364] Ignored output_format.
W0000 00:00:1791230360.089296 1031738 tf_tfl_flatbuffer_helpers.cc:367] Ignored drop_control_dependency.
I0000 00:00:1791230360.089756 1031738 reader.cc:83] Reading SavedModel from: /tmp/tmpoxcpbc6n
I0000 00:00:1791230360.090402 1031738 reader.cc:52] Reading meta graph with tags { serve }
I0000 00:00:1791230360.090767 1031738 reader.cc:147] Reading SavedModel debug info (if present) from: /tmp/tmpoxcpbc6n
I0000 00:00:1791230360.093201 1031738 loader.cc:236] Restoring SavedModel bundle.
I0000 00:00:1791230360.103750 1031738 loader.cc:220] Running initialization op on SavedModel bundle at path: /tmp/tmpoxcpbc6n
I0000 00:00:1791230360.107515 1031738 loader.cc:471] SavedModel load for tags { serve }; Status: success: OK. Took 17772 microseconds.
fully_quantize: 0, inference_type: 6, input_inference_type: FLOAT32, output_inference_type: FLOAT32
W0000 00:00:1791230360.203665 1031738 flatbuffer_export.cc:3851] Skipping runtime version metadata in the model. This will be generated by the exporter.
/home/danielpark605/tinyml-venv/lib/python3.12/site-packages/tensorflow/lite/python/interpreter.py:457: UserWarning:     Warning: tf.lite.Interpreter is deprecated and is scheduled for deletion in
    TF 2.20. Please use the LiteRT interpreter from the ai_edge_litert package.
    See the [migration guide](https://ai.google.dev/edge/litert/migration)
    for details.
    
  warnings.warn(_INTERPRETER_DELETION_WARNING)
  [cic_near_iid] tflite_max_per_tensor  client3      d2 f1=0.8137 far=0.0937 missed=89/85173
/home/danielpark605/tinyml-venv/lib/python3.12/site-packages/tensorflow/lite/python/convert.py:846: UserWarning: Statistics for quantized inputs were expected, but not specified; continuing anyway.
  warnings.warn(
W0000 00:00:1791230361.489918 1031738 tf_tfl_flatbuffer_helpers.cc:364] Ignored output_format.
W0000 00:00:1791230361.490328 1031738 tf_tfl_flatbuffer_helpers.cc:367] Ignored drop_control_dependency.
I0000 00:00:1791230361.490843 1031738 reader.cc:83] Reading SavedModel from: /tmp/tmplueqttly
I0000 00:00:1791230361.492602 1031738 reader.cc:52] Reading meta graph with tags { serve }
I0000 00:00:1791230361.492951 1031738 reader.cc:147] Reading SavedModel debug info (if present) from: /tmp/tmplueqttly
I0000 00:00:1791230361.501739 1031738 loader.cc:236] Restoring SavedModel bundle.
I0000 00:00:1791230361.530162 1031738 loader.cc:220] Running initialization op on SavedModel bundle at path: /tmp/tmplueqttly
I0000 00:00:1791230361.538733 1031738 loader.cc:471] SavedModel load for tags { serve }; Status: success: OK. Took 47904 microseconds.
/home/danielpark605/tinyml-venv/lib/python3.12/site-packages/tensorflow/lite/python/interpreter.py:457: UserWarning:     Warning: tf.lite.Interpreter is deprecated and is scheduled for deletion in
    TF 2.20. Please use the LiteRT interpreter from the ai_edge_litert package.
    See the [migration guide](https://ai.google.dev/edge/litert/migration)
    for details.
    
  warnings.warn(_INTERPRETER_DELETION_WARNING)
   [QAT Strip] Input model type: Functional
   [QAT Strip] Input model class: tf_keras.src.engine.functional.Functional
   [QAT Strip] Creating TF.Keras Functional model with input shape: (78,)
   [QAT Strip] TF_USE_LEGACY_KERAS=1
   [QAT Strip] 4 Dense layers after BatchNorm folding
   [QAT Strip] Created model type: Functional
   [QAT Strip] Model class: tf_keras.src.engine.functional.Functional
   [QAT Strip] Total layers: 5
   [QAT Strip] Is tensorflow.keras model: False
   [QAT Strip] WARNING: Model is not tensorflow.keras! QAT may fail.
✅ Saved (QAT): data/processed/revision/2026-10-05_x1_calib_methods/quant_lit/cic_near_iid/fq_max_client3_d2.tflite (206.76 KB)
   Quantization: 10/16 tensors (62.5%)
   Input: <class 'numpy.float32'>, Output: <class 'numpy.float32'>
  [cic_near_iid] fq_max                 client3      d2 f1=0.8153 far=0.0927 missed=94/85173
/home/danielpark605/tinyml-venv/lib/python3.12/site-packages/tensorflow/lite/python/convert.py:846: UserWarning: Statistics for quantized inputs were expected, but not specified; continuing anyway.
  warnings.warn(
W0000 00:00:1791230364.933378 1031738 tf_tfl_flatbuffer_helpers.cc:364] Ignored output_format.
W0000 00:00:1791230364.933771 1031738 tf_tfl_flatbuffer_helpers.cc:367] Ignored drop_control_dependency.
I0000 00:00:1791230364.934256 1031738 reader.cc:83] Reading SavedModel from: /tmp/tmpufk4wzrs
I0000 00:00:1791230364.935741 1031738 reader.cc:52] Reading meta graph with tags { serve }
I0000 00:00:1791230364.936129 1031738 reader.cc:147] Reading SavedModel debug info (if present) from: /tmp/tmpufk4wzrs
I0000 00:00:1791230364.942789 1031738 loader.cc:236] Restoring SavedModel bundle.
I0000 00:00:1791230364.973559 1031738 loader.cc:220] Running initialization op on SavedModel bundle at path: /tmp/tmpufk4wzrs
I0000 00:00:1791230364.981672 1031738 loader.cc:471] SavedModel load for tags { serve }; Status: success: OK. Took 47429 microseconds.
/home/danielpark605/tinyml-venv/lib/python3.12/site-packages/tensorflow/lite/python/interpreter.py:457: UserWarning:     Warning: tf.lite.Interpreter is deprecated and is scheduled for deletion in
    TF 2.20. Please use the LiteRT interpreter from the ai_edge_litert package.
    See the [migration guide](https://ai.google.dev/edge/litert/migration)
    for details.
    
  warnings.warn(_INTERPRETER_DELETION_WARNING)
   [QAT Strip] Input model type: Functional
   [QAT Strip] Input model class: tf_keras.src.engine.functional.Functional
   [QAT Strip] Creating TF.Keras Functional model with input shape: (78,)
   [QAT Strip] TF_USE_LEGACY_KERAS=1
   [QAT Strip] 4 Dense layers after BatchNorm folding
   [QAT Strip] Created model type: Functional
   [QAT Strip] Model class: tf_keras.src.engine.functional.Functional
   [QAT Strip] Total layers: 5
   [QAT Strip] Is tensorflow.keras model: False
   [QAT Strip] WARNING: Model is not tensorflow.keras! QAT may fail.
✅ Saved (QAT): data/processed/revision/2026-10-05_x1_calib_methods/quant_lit/cic_near_iid/fq_pct999_client3_d2.tflite (206.76 KB)
   Quantization: 10/16 tensors (62.5%)
   Input: <class 'numpy.float32'>, Output: <class 'numpy.float32'>
  [cic_near_iid] fq_pct999              client3      d2 f1=0.8291 far=0.0845 missed=51/85173
/home/danielpark605/tinyml-venv/lib/python3.12/site-packages/tensorflow/lite/python/convert.py:846: UserWarning: Statistics for quantized inputs were expected, but not specified; continuing anyway.
  warnings.warn(
W0000 00:00:1791230368.184158 1031738 tf_tfl_flatbuffer_helpers.cc:364] Ignored output_format.
W0000 00:00:1791230368.184518 1031738 tf_tfl_flatbuffer_helpers.cc:367] Ignored drop_control_dependency.
I0000 00:00:1791230368.184979 1031738 reader.cc:83] Reading SavedModel from: /tmp/tmplty_01ac
I0000 00:00:1791230368.186779 1031738 reader.cc:52] Reading meta graph with tags { serve }
I0000 00:00:1791230368.187136 1031738 reader.cc:147] Reading SavedModel debug info (if present) from: /tmp/tmplty_01ac
I0000 00:00:1791230368.195412 1031738 loader.cc:236] Restoring SavedModel bundle.
I0000 00:00:1791230368.223951 1031738 loader.cc:220] Running initialization op on SavedModel bundle at path: /tmp/tmplty_01ac
I0000 00:00:1791230368.232546 1031738 loader.cc:471] SavedModel load for tags { serve }; Status: success: OK. Took 47591 microseconds.
/home/danielpark605/tinyml-venv/lib/python3.12/site-packages/tensorflow/lite/python/interpreter.py:457: UserWarning:     Warning: tf.lite.Interpreter is deprecated and is scheduled for deletion in
    TF 2.20. Please use the LiteRT interpreter from the ai_edge_litert package.
    See the [migration guide](https://ai.google.dev/edge/litert/migration)
    for details.
    
  warnings.warn(_INTERPRETER_DELETION_WARNING)
   [QAT Strip] Input model type: Functional
   [QAT Strip] Input model class: tf_keras.src.engine.functional.Functional
   [QAT Strip] Creating TF.Keras Functional model with input shape: (78,)
   [QAT Strip] TF_USE_LEGACY_KERAS=1
   [QAT Strip] 4 Dense layers after BatchNorm folding
   [QAT Strip] Created model type: Functional
   [QAT Strip] Model class: tf_keras.src.engine.functional.Functional
   [QAT Strip] Total layers: 5
   [QAT Strip] Is tensorflow.keras model: False
   [QAT Strip] WARNING: Model is not tensorflow.keras! QAT may fail.
✅ Saved (QAT): data/processed/revision/2026-10-05_x1_calib_methods/quant_lit/cic_near_iid/fq_pct9999_client3_d2.tflite (206.76 KB)
   Quantization: 10/16 tensors (62.5%)
   Input: <class 'numpy.float32'>, Output: <class 'numpy.float32'>
  [cic_near_iid] fq_pct9999             client3      d2 f1=0.8241 far=0.0875 missed=57/85173
/home/danielpark605/tinyml-venv/lib/python3.12/site-packages/tensorflow/lite/python/convert.py:846: UserWarning: Statistics for quantized inputs were expected, but not specified; continuing anyway.
  warnings.warn(
W0000 00:00:1791230371.552750 1031738 tf_tfl_flatbuffer_helpers.cc:364] Ignored output_format.
W0000 00:00:1791230371.553114 1031738 tf_tfl_flatbuffer_helpers.cc:367] Ignored drop_control_dependency.
I0000 00:00:1791230371.553537 1031738 reader.cc:83] Reading SavedModel from: /tmp/tmp6rnagxyx
I0000 00:00:1791230371.555303 1031738 reader.cc:52] Reading meta graph with tags { serve }
I0000 00:00:1791230371.555662 1031738 reader.cc:147] Reading SavedModel debug info (if present) from: /tmp/tmp6rnagxyx
I0000 00:00:1791230371.562751 1031738 loader.cc:236] Restoring SavedModel bundle.
I0000 00:00:1791230371.588798 1031738 loader.cc:220] Running initialization op on SavedModel bundle at path: /tmp/tmp6rnagxyx
I0000 00:00:1791230371.598026 1031738 loader.cc:471] SavedModel load for tags { serve }; Status: success: OK. Took 44498 microseconds.
/home/danielpark605/tinyml-venv/lib/python3.12/site-packages/tensorflow/lite/python/interpreter.py:457: UserWarning:     Warning: tf.lite.Interpreter is deprecated and is scheduled for deletion in
    TF 2.20. Please use the LiteRT interpreter from the ai_edge_litert package.
    See the [migration guide](https://ai.google.dev/edge/litert/migration)
    for details.
    
  warnings.warn(_INTERPRETER_DELETION_WARNING)
   [QAT Strip] Input model type: Functional
   [QAT Strip] Input model class: tf_keras.src.engine.functional.Functional
   [QAT Strip] Creating TF.Keras Functional model with input shape: (78,)
   [QAT Strip] TF_USE_LEGACY_KERAS=1
   [QAT Strip] 4 Dense layers after BatchNorm folding
   [QAT Strip] Created model type: Functional
   [QAT Strip] Model class: tf_keras.src.engine.functional.Functional
   [QAT Strip] Total layers: 5
   [QAT Strip] Is tensorflow.keras model: False
   [QAT Strip] WARNING: Model is not tensorflow.keras! QAT may fail.
✅ Saved (QAT): data/processed/revision/2026-10-05_x1_calib_methods/quant_lit/cic_near_iid/fq_mse_client3_d2.tflite (206.76 KB)
   Quantization: 10/16 tensors (62.5%)
   Input: <class 'numpy.float32'>, Output: <class 'numpy.float32'>
  [cic_near_iid] fq_mse                 client3      d2 f1=0.8269 far=0.0856 missed=120/85173
/home/danielpark605/tinyml-venv/lib/python3.12/site-packages/tensorflow/lite/python/convert.py:846: UserWarning: Statistics for quantized inputs were expected, but not specified; continuing anyway.
  warnings.warn(
W0000 00:00:1791230376.663614 1031738 tf_tfl_flatbuffer_helpers.cc:364] Ignored output_format.
W0000 00:00:1791230376.664032 1031738 tf_tfl_flatbuffer_helpers.cc:367] Ignored drop_control_dependency.
I0000 00:00:1791230376.664495 1031738 reader.cc:83] Reading SavedModel from: /tmp/tmpx98vyspc
I0000 00:00:1791230376.666110 1031738 reader.cc:52] Reading meta graph with tags { serve }
I0000 00:00:1791230376.666627 1031738 reader.cc:147] Reading SavedModel debug info (if present) from: /tmp/tmpx98vyspc
I0000 00:00:1791230376.673564 1031738 loader.cc:236] Restoring SavedModel bundle.
I0000 00:00:1791230376.702561 1031738 loader.cc:220] Running initialization op on SavedModel bundle at path: /tmp/tmpx98vyspc
I0000 00:00:1791230376.710735 1031738 loader.cc:471] SavedModel load for tags { serve }; Status: success: OK. Took 46255 microseconds.
/home/danielpark605/tinyml-venv/lib/python3.12/site-packages/tensorflow/lite/python/interpreter.py:457: UserWarning:     Warning: tf.lite.Interpreter is deprecated and is scheduled for deletion in
    TF 2.20. Please use the LiteRT interpreter from the ai_edge_litert package.
    See the [migration guide](https://ai.google.dev/edge/litert/migration)
    for details.
    
  warnings.warn(_INTERPRETER_DELETION_WARNING)
   [QAT Strip] Input model type: Functional
   [QAT Strip] Input model class: tf_keras.src.engine.functional.Functional
   [QAT Strip] Creating TF.Keras Functional model with input shape: (78,)
   [QAT Strip] TF_USE_LEGACY_KERAS=1
   [QAT Strip] 4 Dense layers after BatchNorm folding
   [QAT Strip] Created model type: Functional
   [QAT Strip] Model class: tf_keras.src.engine.functional.Functional
   [QAT Strip] Total layers: 5
   [QAT Strip] Is tensorflow.keras model: False
   [QAT Strip] WARNING: Model is not tensorflow.keras! QAT may fail.
✅ Saved (QAT): data/processed/revision/2026-10-05_x1_calib_methods/quant_lit/cic_near_iid/fq_kl_client3_d2.tflite (206.76 KB)
   Quantization: 10/16 tensors (62.5%)
   Input: <class 'numpy.float32'>, Output: <class 'numpy.float32'>
  [cic_near_iid] fq_kl                  client3      d2 f1=0.8410 far=0.0764 missed=394/85173
/home/danielpark605/tinyml-venv/lib/python3.12/site-packages/tensorflow/lite/python/convert.py:846: UserWarning: Statistics for quantized inputs were expected, but not specified; continuing anyway.
  warnings.warn(
W0000 00:00:1791230379.890026 1031738 tf_tfl_flatbuffer_helpers.cc:364] Ignored output_format.
W0000 00:00:1791230379.890439 1031738 tf_tfl_flatbuffer_helpers.cc:367] Ignored drop_control_dependency.
I0000 00:00:1791230379.890915 1031738 reader.cc:83] Reading SavedModel from: /tmp/tmpxx0ts9e7
I0000 00:00:1791230379.892768 1031738 reader.cc:52] Reading meta graph with tags { serve }
I0000 00:00:1791230379.893161 1031738 reader.cc:147] Reading SavedModel debug info (if present) from: /tmp/tmpxx0ts9e7
I0000 00:00:1791230379.900697 1031738 loader.cc:236] Restoring SavedModel bundle.
I0000 00:00:1791230379.928041 1031738 loader.cc:220] Running initialization op on SavedModel bundle at path: /tmp/tmpxx0ts9e7
I0000 00:00:1791230379.936023 1031738 loader.cc:471] SavedModel load for tags { serve }; Status: success: OK. Took 45130 microseconds.
/home/danielpark605/tinyml-venv/lib/python3.12/site-packages/tensorflow/lite/python/interpreter.py:457: UserWarning:     Warning: tf.lite.Interpreter is deprecated and is scheduled for deletion in
    TF 2.20. Please use the LiteRT interpreter from the ai_edge_litert package.
    See the [migration guide](https://ai.google.dev/edge/litert/migration)
    for details.
    
  warnings.warn(_INTERPRETER_DELETION_WARNING)
   [QAT Strip] Input model type: Functional
   [QAT Strip] Input model class: tf_keras.src.engine.functional.Functional
   [QAT Strip] Creating TF.Keras Functional model with input shape: (78,)
   [QAT Strip] TF_USE_LEGACY_KERAS=1
   [QAT Strip] 4 Dense layers after BatchNorm folding
   [QAT Strip] Created model type: Functional
   [QAT Strip] Model class: tf_keras.src.engine.functional.Functional
   [QAT Strip] Total layers: 5
   [QAT Strip] Is tensorflow.keras model: False
   [QAT Strip] WARNING: Model is not tensorflow.keras! QAT may fail.
✅ Saved (QAT): data/processed/revision/2026-10-05_x1_calib_methods/quant_lit/cic_near_iid/fq_clip5_max_client3_d2.tflite (206.76 KB)
   Quantization: 10/16 tensors (62.5%)
   Input: <class 'numpy.float32'>, Output: <class 'numpy.float32'>
  [cic_near_iid] fq_clip5_max           client3      d2 f1=0.8313 far=0.0825 missed=234/85173
/home/danielpark605/tinyml-venv/lib/python3.12/site-packages/tensorflow/lite/python/convert.py:846: UserWarning: Statistics for quantized inputs were expected, but not specified; continuing anyway.
  warnings.warn(
W0000 00:00:1791230384.924468 1031738 tf_tfl_flatbuffer_helpers.cc:364] Ignored output_format.
W0000 00:00:1791230384.924875 1031738 tf_tfl_flatbuffer_helpers.cc:367] Ignored drop_control_dependency.
I0000 00:00:1791230384.925324 1031738 reader.cc:83] Reading SavedModel from: /tmp/tmp_1n3fsvm
I0000 00:00:1791230384.926175 1031738 reader.cc:52] Reading meta graph with tags { serve }
I0000 00:00:1791230384.926559 1031738 reader.cc:147] Reading SavedModel debug info (if present) from: /tmp/tmp_1n3fsvm
I0000 00:00:1791230384.929119 1031738 loader.cc:236] Restoring SavedModel bundle.
I0000 00:00:1791230384.940215 1031738 loader.cc:220] Running initialization op on SavedModel bundle at path: /tmp/tmp_1n3fsvm
I0000 00:00:1791230384.944152 1031738 loader.cc:471] SavedModel load for tags { serve }; Status: success: OK. Took 18835 microseconds.
fully_quantize: 0, inference_type: 6, input_inference_type: FLOAT32, output_inference_type: FLOAT32
W0000 00:00:1791230385.040275 1031738 flatbuffer_export.cc:3851] Skipping runtime version metadata in the model. This will be generated by the exporter.
/home/danielpark605/tinyml-venv/lib/python3.12/site-packages/tensorflow/lite/python/interpreter.py:457: UserWarning:     Warning: tf.lite.Interpreter is deprecated and is scheduled for deletion in
    TF 2.20. Please use the LiteRT interpreter from the ai_edge_litert package.
    See the [migration guide](https://ai.google.dev/edge/litert/migration)
    for details.
    
  warnings.warn(_INTERPRETER_DELETION_WARNING)
[load_ton_iot] files: ['train_test_network.csv']
[load_ton_iot] rows: 211,043, columns: 44
[load_ton_iot] dropped identifiers: ['src_ip', 'dst_ip', 'src_port']
[load_ton_iot] label-encoded: ['proto', 'service', 'conn_state', 'dns_AA', 'dns_RD', 'dns_RA', 'dns_rejected', 'ssl_version', 'ssl_cipher', 'ssl_resumed', 'ssl_established', 'ssl_subject', 'ssl_issuer', 'http_method', 'http_user_agent', 'http_orig_mime_types', 'http_resp_mime_types', 'weird_name', 'weird_notice']
[load_ton_iot] dropped high-cardinality text: ['dns_query', 'http_uri']
[load_ton_iot] features (37): ['dst_port', 'proto', 'service', 'duration', 'src_bytes', 'dst_bytes', 'conn_state', 'missed_bytes', 'src_pkts', 'src_ip_bytes', 'dst_pkts', 'dst_ip_bytes', 'dns_qclass', 'dns_qtype', 'dns_rcode', 'dns_AA', 'dns_RD', 'dns_RA', 'dns_rejected', 'ssl_version', 'ssl_cipher', 'ssl_resumed', 'ssl_established', 'ssl_subject', 'ssl_issuer', 'http_trans_depth', 'http_method', 'http_version', 'http_request_body_len', 'http_response_body_len', 'http_status_code', 'http_user_agent', 'http_orig_mime_types', 'http_resp_mime_types', 'weird_name', 'weird_addl', 'weird_notice']
[load_ton_iot] text features added (6): ['dns_query_len', 'dns_query_digits', 'dns_query_special', 'http_uri_len', 'http_uri_digits', 'http_uri_special']
[load_ton_iot] Removed 105,867 duplicates (105,176 unique); normal=24,106, attack=81,070
[load_ton_iot] StandardScaler applied (fit on train).
[load_ton_iot] SMOTE applied: train -> 129,710 (0=64,855, 1=64,855)
[load_ton_iot] Features: 43, Train: 129,710, Test: 21,036
   [QAT Strip] Input model type: Sequential
   [QAT Strip] Input model class: tf_keras.src.engine.sequential.Sequential
   [QAT Strip] Creating TF.Keras Functional model with input shape: (43,)
   [QAT Strip] TF_USE_LEGACY_KERAS=1
   [QAT Strip] 4 Dense layers after BatchNorm folding
   [QAT Strip] Created model type: Functional
   [QAT Strip] Model class: tf_keras.src.engine.functional.Functional
   [QAT Strip] Total layers: 5
   [QAT Strip] Is tensorflow.keras model: False
   [QAT Strip] WARNING: Model is not tensorflow.keras! QAT may fail.
  [ton_near_iid_v2] tflite_max             pooled_rand  d0 f1=0.9897 far=0.0388 missed=146/16215
/home/danielpark605/tinyml-venv/lib/python3.12/site-packages/tensorflow/lite/python/convert.py:846: UserWarning: Statistics for quantized inputs were expected, but not specified; continuing anyway.
  warnings.warn(
W0000 00:00:1791230385.395009 1031738 tf_tfl_flatbuffer_helpers.cc:364] Ignored output_format.
W0000 00:00:1791230385.395369 1031738 tf_tfl_flatbuffer_helpers.cc:367] Ignored drop_control_dependency.
I0000 00:00:1791230385.395805 1031738 reader.cc:83] Reading SavedModel from: /tmp/tmpial08llt
I0000 00:00:1791230385.396465 1031738 reader.cc:52] Reading meta graph with tags { serve }
I0000 00:00:1791230385.396815 1031738 reader.cc:147] Reading SavedModel debug info (if present) from: /tmp/tmpial08llt
I0000 00:00:1791230385.398911 1031738 loader.cc:236] Restoring SavedModel bundle.
I0000 00:00:1791230385.410597 1031738 loader.cc:220] Running initialization op on SavedModel bundle at path: /tmp/tmpial08llt
I0000 00:00:1791230385.414713 1031738 loader.cc:471] SavedModel load for tags { serve }; Status: success: OK. Took 18915 microseconds.
fully_quantize: 0, inference_type: 6, input_inference_type: FLOAT32, output_inference_type: FLOAT32
W0000 00:00:1791230385.510143 1031738 flatbuffer_export.cc:3851] Skipping runtime version metadata in the model. This will be generated by the exporter.
/home/danielpark605/tinyml-venv/lib/python3.12/site-packages/tensorflow/lite/python/interpreter.py:457: UserWarning:     Warning: tf.lite.Interpreter is deprecated and is scheduled for deletion in
    TF 2.20. Please use the LiteRT interpreter from the ai_edge_litert package.
    See the [migration guide](https://ai.google.dev/edge/litert/migration)
    for details.
    
  warnings.warn(_INTERPRETER_DELETION_WARNING)
  [ton_near_iid_v2] tflite_clip5           pooled_rand  d0 f1=0.9919 far=0.0496 missed=27/16215
/home/danielpark605/tinyml-venv/lib/python3.12/site-packages/tensorflow/lite/python/convert.py:846: UserWarning: Statistics for quantized inputs were expected, but not specified; continuing anyway.
  warnings.warn(
W0000 00:00:1791230386.070687 1031738 tf_tfl_flatbuffer_helpers.cc:364] Ignored output_format.
W0000 00:00:1791230386.071051 1031738 tf_tfl_flatbuffer_helpers.cc:367] Ignored drop_control_dependency.
I0000 00:00:1791230386.071517 1031738 reader.cc:83] Reading SavedModel from: /tmp/tmpbc8kd0q5
I0000 00:00:1791230386.072546 1031738 reader.cc:52] Reading meta graph with tags { serve }
I0000 00:00:1791230386.072963 1031738 reader.cc:147] Reading SavedModel debug info (if present) from: /tmp/tmpbc8kd0q5
I0000 00:00:1791230386.075980 1031738 loader.cc:236] Restoring SavedModel bundle.
I0000 00:00:1791230386.087722 1031738 loader.cc:220] Running initialization op on SavedModel bundle at path: /tmp/tmpbc8kd0q5
I0000 00:00:1791230386.092047 1031738 loader.cc:471] SavedModel load for tags { serve }; Status: success: OK. Took 20543 microseconds.
fully_quantize: 0, inference_type: 6, input_inference_type: FLOAT32, output_inference_type: FLOAT32
W0000 00:00:1791230386.187753 1031738 flatbuffer_export.cc:3851] Skipping runtime version metadata in the model. This will be generated by the exporter.
/home/danielpark605/tinyml-venv/lib/python3.12/site-packages/tensorflow/lite/python/interpreter.py:457: UserWarning:     Warning: tf.lite.Interpreter is deprecated and is scheduled for deletion in
    TF 2.20. Please use the LiteRT interpreter from the ai_edge_litert package.
    See the [migration guide](https://ai.google.dev/edge/litert/migration)
    for details.
    
  warnings.warn(_INTERPRETER_DELETION_WARNING)
  [ton_near_iid_v2] tflite_max_per_tensor  pooled_rand  d0 f1=0.9933 far=0.0371 missed=38/16215
/home/danielpark605/tinyml-venv/lib/python3.12/site-packages/tensorflow/lite/python/convert.py:846: UserWarning: Statistics for quantized inputs were expected, but not specified; continuing anyway.
  warnings.warn(
W0000 00:00:1791230387.234753 1031738 tf_tfl_flatbuffer_helpers.cc:364] Ignored output_format.
W0000 00:00:1791230387.235120 1031738 tf_tfl_flatbuffer_helpers.cc:367] Ignored drop_control_dependency.
I0000 00:00:1791230387.235549 1031738 reader.cc:83] Reading SavedModel from: /tmp/tmpmm4bw472
I0000 00:00:1791230387.237078 1031738 reader.cc:52] Reading meta graph with tags { serve }
I0000 00:00:1791230387.237413 1031738 reader.cc:147] Reading SavedModel debug info (if present) from: /tmp/tmpmm4bw472
I0000 00:00:1791230387.244092 1031738 loader.cc:236] Restoring SavedModel bundle.
I0000 00:00:1791230387.271325 1031738 loader.cc:220] Running initialization op on SavedModel bundle at path: /tmp/tmpmm4bw472
I0000 00:00:1791230387.279439 1031738 loader.cc:471] SavedModel load for tags { serve }; Status: success: OK. Took 43904 microseconds.
/home/danielpark605/tinyml-venv/lib/python3.12/site-packages/tensorflow/lite/python/interpreter.py:457: UserWarning:     Warning: tf.lite.Interpreter is deprecated and is scheduled for deletion in
    TF 2.20. Please use the LiteRT interpreter from the ai_edge_litert package.
    See the [migration guide](https://ai.google.dev/edge/litert/migration)
    for details.
    
  warnings.warn(_INTERPRETER_DELETION_WARNING)
   [QAT Strip] Input model type: Functional
   [QAT Strip] Input model class: tf_keras.src.engine.functional.Functional
   [QAT Strip] Creating TF.Keras Functional model with input shape: (43,)
   [QAT Strip] TF_USE_LEGACY_KERAS=1
   [QAT Strip] 4 Dense layers after BatchNorm folding
   [QAT Strip] Created model type: Functional
   [QAT Strip] Model class: tf_keras.src.engine.functional.Functional
   [QAT Strip] Total layers: 5
   [QAT Strip] Is tensorflow.keras model: False
   [QAT Strip] WARNING: Model is not tensorflow.keras! QAT may fail.
✅ Saved (QAT): data/processed/revision/2026-10-05_x1_calib_methods/quant_lit/ton_near_iid_v2/fq_max_pooled_rand_d0.tflite (189.26 KB)
   Quantization: 10/16 tensors (62.5%)
   Input: <class 'numpy.float32'>, Output: <class 'numpy.float32'>
  [ton_near_iid_v2] fq_max                 pooled_rand  d0 f1=0.9931 far=0.0367 missed=47/16215
/home/danielpark605/tinyml-venv/lib/python3.12/site-packages/tensorflow/lite/python/convert.py:846: UserWarning: Statistics for quantized inputs were expected, but not specified; continuing anyway.
  warnings.warn(
W0000 00:00:1791230388.417755 1031738 tf_tfl_flatbuffer_helpers.cc:364] Ignored output_format.
W0000 00:00:1791230388.418164 1031738 tf_tfl_flatbuffer_helpers.cc:367] Ignored drop_control_dependency.
I0000 00:00:1791230388.418616 1031738 reader.cc:83] Reading SavedModel from: /tmp/tmp4ro8o40b
I0000 00:00:1791230388.420418 1031738 reader.cc:52] Reading meta graph with tags { serve }
I0000 00:00:1791230388.420835 1031738 reader.cc:147] Reading SavedModel debug info (if present) from: /tmp/tmp4ro8o40b
I0000 00:00:1791230388.428524 1031738 loader.cc:236] Restoring SavedModel bundle.
I0000 00:00:1791230388.456014 1031738 loader.cc:220] Running initialization op on SavedModel bundle at path: /tmp/tmp4ro8o40b
I0000 00:00:1791230388.463815 1031738 loader.cc:471] SavedModel load for tags { serve }; Status: success: OK. Took 45214 microseconds.
/home/danielpark605/tinyml-venv/lib/python3.12/site-packages/tensorflow/lite/python/interpreter.py:457: UserWarning:     Warning: tf.lite.Interpreter is deprecated and is scheduled for deletion in
    TF 2.20. Please use the LiteRT interpreter from the ai_edge_litert package.
    See the [migration guide](https://ai.google.dev/edge/litert/migration)
    for details.
    
  warnings.warn(_INTERPRETER_DELETION_WARNING)
   [QAT Strip] Input model type: Functional
   [QAT Strip] Input model class: tf_keras.src.engine.functional.Functional
   [QAT Strip] Creating TF.Keras Functional model with input shape: (43,)
   [QAT Strip] TF_USE_LEGACY_KERAS=1
   [QAT Strip] 4 Dense layers after BatchNorm folding
   [QAT Strip] Created model type: Functional
   [QAT Strip] Model class: tf_keras.src.engine.functional.Functional
   [QAT Strip] Total layers: 5
   [QAT Strip] Is tensorflow.keras model: False
   [QAT Strip] WARNING: Model is not tensorflow.keras! QAT may fail.
✅ Saved (QAT): data/processed/revision/2026-10-05_x1_calib_methods/quant_lit/ton_near_iid_v2/fq_pct999_pooled_rand_d0.tflite (189.26 KB)
   Quantization: 10/16 tensors (62.5%)
   Input: <class 'numpy.float32'>, Output: <class 'numpy.float32'>
  [ton_near_iid_v2] fq_pct999              pooled_rand  d0 f1=0.9938 far=0.0359 missed=29/16215
/home/danielpark605/tinyml-venv/lib/python3.12/site-packages/tensorflow/lite/python/convert.py:846: UserWarning: Statistics for quantized inputs were expected, but not specified; continuing anyway.
  warnings.warn(
W0000 00:00:1791230389.820379 1031738 tf_tfl_flatbuffer_helpers.cc:364] Ignored output_format.
W0000 00:00:1791230389.820760 1031738 tf_tfl_flatbuffer_helpers.cc:367] Ignored drop_control_dependency.
I0000 00:00:1791230389.821219 1031738 reader.cc:83] Reading SavedModel from: /tmp/tmpgfeipoqu
I0000 00:00:1791230389.822523 1031738 reader.cc:52] Reading meta graph with tags { serve }
I0000 00:00:1791230389.822887 1031738 reader.cc:147] Reading SavedModel debug info (if present) from: /tmp/tmpgfeipoqu
I0000 00:00:1791230389.829068 1031738 loader.cc:236] Restoring SavedModel bundle.
I0000 00:00:1791230389.858946 1031738 loader.cc:220] Running initialization op on SavedModel bundle at path: /tmp/tmpgfeipoqu
I0000 00:00:1791230389.868960 1031738 loader.cc:471] SavedModel load for tags { serve }; Status: success: OK. Took 47752 microseconds.
/home/danielpark605/tinyml-venv/lib/python3.12/site-packages/tensorflow/lite/python/interpreter.py:457: UserWarning:     Warning: tf.lite.Interpreter is deprecated and is scheduled for deletion in
    TF 2.20. Please use the LiteRT interpreter from the ai_edge_litert package.
    See the [migration guide](https://ai.google.dev/edge/litert/migration)
    for details.
    
  warnings.warn(_INTERPRETER_DELETION_WARNING)
   [QAT Strip] Input model type: Functional
   [QAT Strip] Input model class: tf_keras.src.engine.functional.Functional
   [QAT Strip] Creating TF.Keras Functional model with input shape: (43,)
   [QAT Strip] TF_USE_LEGACY_KERAS=1
   [QAT Strip] 4 Dense layers after BatchNorm folding
   [QAT Strip] Created model type: Functional
   [QAT Strip] Model class: tf_keras.src.engine.functional.Functional
   [QAT Strip] Total layers: 5
   [QAT Strip] Is tensorflow.keras model: False
   [QAT Strip] WARNING: Model is not tensorflow.keras! QAT may fail.
✅ Saved (QAT): data/processed/revision/2026-10-05_x1_calib_methods/quant_lit/ton_near_iid_v2/fq_pct9999_pooled_rand_d0.tflite (189.26 KB)
   Quantization: 10/16 tensors (62.5%)
   Input: <class 'numpy.float32'>, Output: <class 'numpy.float32'>
  [ton_near_iid_v2] fq_pct9999             pooled_rand  d0 f1=0.9940 far=0.0355 missed=26/16215
/home/danielpark605/tinyml-venv/lib/python3.12/site-packages/tensorflow/lite/python/convert.py:846: UserWarning: Statistics for quantized inputs were expected, but not specified; continuing anyway.
  warnings.warn(
W0000 00:00:1791230391.101313 1031738 tf_tfl_flatbuffer_helpers.cc:364] Ignored output_format.
W0000 00:00:1791230391.101680 1031738 tf_tfl_flatbuffer_helpers.cc:367] Ignored drop_control_dependency.
I0000 00:00:1791230391.102153 1031738 reader.cc:83] Reading SavedModel from: /tmp/tmp9d7ted7r
I0000 00:00:1791230391.104138 1031738 reader.cc:52] Reading meta graph with tags { serve }
I0000 00:00:1791230391.104512 1031738 reader.cc:147] Reading SavedModel debug info (if present) from: /tmp/tmp9d7ted7r
I0000 00:00:1791230391.111912 1031738 loader.cc:236] Restoring SavedModel bundle.
I0000 00:00:1791230391.138598 1031738 loader.cc:220] Running initialization op on SavedModel bundle at path: /tmp/tmp9d7ted7r
I0000 00:00:1791230391.147309 1031738 loader.cc:471] SavedModel load for tags { serve }; Status: success: OK. Took 45177 microseconds.
/home/danielpark605/tinyml-venv/lib/python3.12/site-packages/tensorflow/lite/python/interpreter.py:457: UserWarning:     Warning: tf.lite.Interpreter is deprecated and is scheduled for deletion in
    TF 2.20. Please use the LiteRT interpreter from the ai_edge_litert package.
    See the [migration guide](https://ai.google.dev/edge/litert/migration)
    for details.
    
  warnings.warn(_INTERPRETER_DELETION_WARNING)
   [QAT Strip] Input model type: Functional
   [QAT Strip] Input model class: tf_keras.src.engine.functional.Functional
   [QAT Strip] Creating TF.Keras Functional model with input shape: (43,)
   [QAT Strip] TF_USE_LEGACY_KERAS=1
   [QAT Strip] 4 Dense layers after BatchNorm folding
   [QAT Strip] Created model type: Functional
   [QAT Strip] Model class: tf_keras.src.engine.functional.Functional
   [QAT Strip] Total layers: 5
   [QAT Strip] Is tensorflow.keras model: False
   [QAT Strip] WARNING: Model is not tensorflow.keras! QAT may fail.
✅ Saved (QAT): data/processed/revision/2026-10-05_x1_calib_methods/quant_lit/ton_near_iid_v2/fq_mse_pooled_rand_d0.tflite (189.26 KB)
   Quantization: 10/16 tensors (62.5%)
   Input: <class 'numpy.float32'>, Output: <class 'numpy.float32'>
  [ton_near_iid_v2] fq_mse                 pooled_rand  d0 f1=0.9890 far=0.0434 missed=147/16215
/home/danielpark605/tinyml-venv/lib/python3.12/site-packages/tensorflow/lite/python/convert.py:846: UserWarning: Statistics for quantized inputs were expected, but not specified; continuing anyway.
  warnings.warn(
W0000 00:00:1791230392.030004 1031738 tf_tfl_flatbuffer_helpers.cc:364] Ignored output_format.
W0000 00:00:1791230392.030403 1031738 tf_tfl_flatbuffer_helpers.cc:367] Ignored drop_control_dependency.
I0000 00:00:1791230392.030902 1031738 reader.cc:83] Reading SavedModel from: /tmp/tmpq96fpabe
I0000 00:00:1791230392.033759 1031738 reader.cc:52] Reading meta graph with tags { serve }
I0000 00:00:1791230392.034159 1031738 reader.cc:147] Reading SavedModel debug info (if present) from: /tmp/tmpq96fpabe
I0000 00:00:1791230392.047231 1031738 loader.cc:236] Restoring SavedModel bundle.
I0000 00:00:1791230392.078649 1031738 loader.cc:220] Running initialization op on SavedModel bundle at path: /tmp/tmpq96fpabe
I0000 00:00:1791230392.086901 1031738 loader.cc:471] SavedModel load for tags { serve }; Status: success: OK. Took 56009 microseconds.
/home/danielpark605/tinyml-venv/lib/python3.12/site-packages/tensorflow/lite/python/interpreter.py:457: UserWarning:     Warning: tf.lite.Interpreter is deprecated and is scheduled for deletion in
    TF 2.20. Please use the LiteRT interpreter from the ai_edge_litert package.
    See the [migration guide](https://ai.google.dev/edge/litert/migration)
    for details.
    
  warnings.warn(_INTERPRETER_DELETION_WARNING)
   [QAT Strip] Input model type: Functional
   [QAT Strip] Input model class: tf_keras.src.engine.functional.Functional
   [QAT Strip] Creating TF.Keras Functional model with input shape: (43,)
   [QAT Strip] TF_USE_LEGACY_KERAS=1
   [QAT Strip] 4 Dense layers after BatchNorm folding
   [QAT Strip] Created model type: Functional
   [QAT Strip] Model class: tf_keras.src.engine.functional.Functional
   [QAT Strip] Total layers: 5
   [QAT Strip] Is tensorflow.keras model: False
   [QAT Strip] WARNING: Model is not tensorflow.keras! QAT may fail.
✅ Saved (QAT): data/processed/revision/2026-10-05_x1_calib_methods/quant_lit/ton_near_iid_v2/fq_kl_pooled_rand_d0.tflite (189.26 KB)
   Quantization: 10/16 tensors (62.5%)
   Input: <class 'numpy.float32'>, Output: <class 'numpy.float32'>
  [ton_near_iid_v2] fq_kl                  pooled_rand  d0 f1=0.9917 far=0.0510 missed=26/16215
/home/danielpark605/tinyml-venv/lib/python3.12/site-packages/tensorflow/lite/python/convert.py:846: UserWarning: Statistics for quantized inputs were expected, but not specified; continuing anyway.
  warnings.warn(
W0000 00:00:1791230393.485590 1031738 tf_tfl_flatbuffer_helpers.cc:364] Ignored output_format.
W0000 00:00:1791230393.485959 1031738 tf_tfl_flatbuffer_helpers.cc:367] Ignored drop_control_dependency.
I0000 00:00:1791230393.486396 1031738 reader.cc:83] Reading SavedModel from: /tmp/tmp3hl9s80v
I0000 00:00:1791230393.487698 1031738 reader.cc:52] Reading meta graph with tags { serve }
I0000 00:00:1791230393.488053 1031738 reader.cc:147] Reading SavedModel debug info (if present) from: /tmp/tmp3hl9s80v
I0000 00:00:1791230393.494537 1031738 loader.cc:236] Restoring SavedModel bundle.
I0000 00:00:1791230393.525251 1031738 loader.cc:220] Running initialization op on SavedModel bundle at path: /tmp/tmp3hl9s80v
I0000 00:00:1791230393.534396 1031738 loader.cc:471] SavedModel load for tags { serve }; Status: success: OK. Took 48015 microseconds.
/home/danielpark605/tinyml-venv/lib/python3.12/site-packages/tensorflow/lite/python/interpreter.py:457: UserWarning:     Warning: tf.lite.Interpreter is deprecated and is scheduled for deletion in
    TF 2.20. Please use the LiteRT interpreter from the ai_edge_litert package.
    See the [migration guide](https://ai.google.dev/edge/litert/migration)
    for details.
    
  warnings.warn(_INTERPRETER_DELETION_WARNING)
   [QAT Strip] Input model type: Functional
   [QAT Strip] Input model class: tf_keras.src.engine.functional.Functional
   [QAT Strip] Creating TF.Keras Functional model with input shape: (43,)
   [QAT Strip] TF_USE_LEGACY_KERAS=1
   [QAT Strip] 4 Dense layers after BatchNorm folding
   [QAT Strip] Created model type: Functional
   [QAT Strip] Model class: tf_keras.src.engine.functional.Functional
   [QAT Strip] Total layers: 5
   [QAT Strip] Is tensorflow.keras model: False
   [QAT Strip] WARNING: Model is not tensorflow.keras! QAT may fail.
✅ Saved (QAT): data/processed/revision/2026-10-05_x1_calib_methods/quant_lit/ton_near_iid_v2/fq_clip5_max_pooled_rand_d0.tflite (189.26 KB)
   Quantization: 10/16 tensors (62.5%)
   Input: <class 'numpy.float32'>, Output: <class 'numpy.float32'>
  [ton_near_iid_v2] fq_clip5_max           pooled_rand  d0 f1=0.9919 far=0.0494 missed=27/16215
/home/danielpark605/tinyml-venv/lib/python3.12/site-packages/tensorflow/lite/python/convert.py:846: UserWarning: Statistics for quantized inputs were expected, but not specified; continuing anyway.
  warnings.warn(
W0000 00:00:1791230393.955353 1031738 tf_tfl_flatbuffer_helpers.cc:364] Ignored output_format.
W0000 00:00:1791230393.955734 1031738 tf_tfl_flatbuffer_helpers.cc:367] Ignored drop_control_dependency.
I0000 00:00:1791230393.956179 1031738 reader.cc:83] Reading SavedModel from: /tmp/tmpd745czfy
I0000 00:00:1791230393.956855 1031738 reader.cc:52] Reading meta graph with tags { serve }
I0000 00:00:1791230393.957273 1031738 reader.cc:147] Reading SavedModel debug info (if present) from: /tmp/tmpd745czfy
I0000 00:00:1791230393.959864 1031738 loader.cc:236] Restoring SavedModel bundle.
I0000 00:00:1791230393.971818 1031738 loader.cc:220] Running initialization op on SavedModel bundle at path: /tmp/tmpd745czfy
I0000 00:00:1791230393.975845 1031738 loader.cc:471] SavedModel load for tags { serve }; Status: success: OK. Took 19674 microseconds.
fully_quantize: 0, inference_type: 6, input_inference_type: FLOAT32, output_inference_type: FLOAT32
W0000 00:00:1791230394.074040 1031738 flatbuffer_export.cc:3851] Skipping runtime version metadata in the model. This will be generated by the exporter.
/home/danielpark605/tinyml-venv/lib/python3.12/site-packages/tensorflow/lite/python/interpreter.py:457: UserWarning:     Warning: tf.lite.Interpreter is deprecated and is scheduled for deletion in
    TF 2.20. Please use the LiteRT interpreter from the ai_edge_litert package.
    See the [migration guide](https://ai.google.dev/edge/litert/migration)
    for details.
    
  warnings.warn(_INTERPRETER_DELETION_WARNING)
  [ton_near_iid_v2] tflite_max             client0      d0 f1=0.3272 far=0.0201 missed=13024/16215
/home/danielpark605/tinyml-venv/lib/python3.12/site-packages/tensorflow/lite/python/convert.py:846: UserWarning: Statistics for quantized inputs were expected, but not specified; continuing anyway.
  warnings.warn(
W0000 00:00:1791230394.415231 1031738 tf_tfl_flatbuffer_helpers.cc:364] Ignored output_format.
W0000 00:00:1791230394.415728 1031738 tf_tfl_flatbuffer_helpers.cc:367] Ignored drop_control_dependency.
I0000 00:00:1791230394.416240 1031738 reader.cc:83] Reading SavedModel from: /tmp/tmpwgjnufd5
I0000 00:00:1791230394.416992 1031738 reader.cc:52] Reading meta graph with tags { serve }
I0000 00:00:1791230394.417399 1031738 reader.cc:147] Reading SavedModel debug info (if present) from: /tmp/tmpwgjnufd5
I0000 00:00:1791230394.419493 1031738 loader.cc:236] Restoring SavedModel bundle.
I0000 00:00:1791230394.430683 1031738 loader.cc:220] Running initialization op on SavedModel bundle at path: /tmp/tmpwgjnufd5
I0000 00:00:1791230394.434349 1031738 loader.cc:471] SavedModel load for tags { serve }; Status: success: OK. Took 18122 microseconds.
fully_quantize: 0, inference_type: 6, input_inference_type: FLOAT32, output_inference_type: FLOAT32
W0000 00:00:1791230394.530720 1031738 flatbuffer_export.cc:3851] Skipping runtime version metadata in the model. This will be generated by the exporter.
/home/danielpark605/tinyml-venv/lib/python3.12/site-packages/tensorflow/lite/python/interpreter.py:457: UserWarning:     Warning: tf.lite.Interpreter is deprecated and is scheduled for deletion in
    TF 2.20. Please use the LiteRT interpreter from the ai_edge_litert package.
    See the [migration guide](https://ai.google.dev/edge/litert/migration)
    for details.
    
  warnings.warn(_INTERPRETER_DELETION_WARNING)
  [ton_near_iid_v2] tflite_clip5           client0      d0 f1=0.9919 far=0.0494 missed=27/16215
/home/danielpark605/tinyml-venv/lib/python3.12/site-packages/tensorflow/lite/python/convert.py:846: UserWarning: Statistics for quantized inputs were expected, but not specified; continuing anyway.
  warnings.warn(
W0000 00:00:1791230394.870254 1031738 tf_tfl_flatbuffer_helpers.cc:364] Ignored output_format.
W0000 00:00:1791230394.870736 1031738 tf_tfl_flatbuffer_helpers.cc:367] Ignored drop_control_dependency.
I0000 00:00:1791230394.871173 1031738 reader.cc:83] Reading SavedModel from: /tmp/tmpd8s8pozi
I0000 00:00:1791230394.871986 1031738 reader.cc:52] Reading meta graph with tags { serve }
I0000 00:00:1791230394.872336 1031738 reader.cc:147] Reading SavedModel debug info (if present) from: /tmp/tmpd8s8pozi
I0000 00:00:1791230394.874695 1031738 loader.cc:236] Restoring SavedModel bundle.
I0000 00:00:1791230394.886989 1031738 loader.cc:220] Running initialization op on SavedModel bundle at path: /tmp/tmpd8s8pozi
I0000 00:00:1791230394.890873 1031738 loader.cc:471] SavedModel load for tags { serve }; Status: success: OK. Took 19712 microseconds.
fully_quantize: 0, inference_type: 6, input_inference_type: FLOAT32, output_inference_type: FLOAT32
W0000 00:00:1791230394.978827 1031738 flatbuffer_export.cc:3851] Skipping runtime version metadata in the model. This will be generated by the exporter.
/home/danielpark605/tinyml-venv/lib/python3.12/site-packages/tensorflow/lite/python/interpreter.py:457: UserWarning:     Warning: tf.lite.Interpreter is deprecated and is scheduled for deletion in
    TF 2.20. Please use the LiteRT interpreter from the ai_edge_litert package.
    See the [migration guide](https://ai.google.dev/edge/litert/migration)
    for details.
    
  warnings.warn(_INTERPRETER_DELETION_WARNING)
  [ton_near_iid_v2] tflite_max_per_tensor  client0      d0 f1=0.3025 far=0.0199 missed=13308/16215
/home/danielpark605/tinyml-venv/lib/python3.12/site-packages/tensorflow/lite/python/convert.py:846: UserWarning: Statistics for quantized inputs were expected, but not specified; continuing anyway.
  warnings.warn(
W0000 00:00:1791230395.988953 1031738 tf_tfl_flatbuffer_helpers.cc:364] Ignored output_format.
W0000 00:00:1791230395.989317 1031738 tf_tfl_flatbuffer_helpers.cc:367] Ignored drop_control_dependency.
I0000 00:00:1791230395.989760 1031738 reader.cc:83] Reading SavedModel from: /tmp/tmpuun8g5t8
I0000 00:00:1791230395.991490 1031738 reader.cc:52] Reading meta graph with tags { serve }
I0000 00:00:1791230395.991839 1031738 reader.cc:147] Reading SavedModel debug info (if present) from: /tmp/tmpuun8g5t8
I0000 00:00:1791230396.000568 1031738 loader.cc:236] Restoring SavedModel bundle.
I0000 00:00:1791230396.029951 1031738 loader.cc:220] Running initialization op on SavedModel bundle at path: /tmp/tmpuun8g5t8
I0000 00:00:1791230396.038390 1031738 loader.cc:471] SavedModel load for tags { serve }; Status: success: OK. Took 48647 microseconds.
/home/danielpark605/tinyml-venv/lib/python3.12/site-packages/tensorflow/lite/python/interpreter.py:457: UserWarning:     Warning: tf.lite.Interpreter is deprecated and is scheduled for deletion in
    TF 2.20. Please use the LiteRT interpreter from the ai_edge_litert package.
    See the [migration guide](https://ai.google.dev/edge/litert/migration)
    for details.
    
  warnings.warn(_INTERPRETER_DELETION_WARNING)
   [QAT Strip] Input model type: Functional
   [QAT Strip] Input model class: tf_keras.src.engine.functional.Functional
   [QAT Strip] Creating TF.Keras Functional model with input shape: (43,)
   [QAT Strip] TF_USE_LEGACY_KERAS=1
   [QAT Strip] 4 Dense layers after BatchNorm folding
   [QAT Strip] Created model type: Functional
   [QAT Strip] Model class: tf_keras.src.engine.functional.Functional
   [QAT Strip] Total layers: 5
   [QAT Strip] Is tensorflow.keras model: False
   [QAT Strip] WARNING: Model is not tensorflow.keras! QAT may fail.
✅ Saved (QAT): data/processed/revision/2026-10-05_x1_calib_methods/quant_lit/ton_near_iid_v2/fq_max_client0_d0.tflite (189.26 KB)
   Quantization: 10/16 tensors (62.5%)
   Input: <class 'numpy.float32'>, Output: <class 'numpy.float32'>
  [ton_near_iid_v2] fq_max                 client0      d0 f1=0.5548 far=0.0216 missed=9950/16215
/home/danielpark605/tinyml-venv/lib/python3.12/site-packages/tensorflow/lite/python/convert.py:846: UserWarning: Statistics for quantized inputs were expected, but not specified; continuing anyway.
  warnings.warn(
W0000 00:00:1791230397.350507 1031738 tf_tfl_flatbuffer_helpers.cc:364] Ignored output_format.
W0000 00:00:1791230397.350898 1031738 tf_tfl_flatbuffer_helpers.cc:367] Ignored drop_control_dependency.
I0000 00:00:1791230397.351404 1031738 reader.cc:83] Reading SavedModel from: /tmp/tmp7cjm0x8j
I0000 00:00:1791230397.352833 1031738 reader.cc:52] Reading meta graph with tags { serve }
I0000 00:00:1791230397.353163 1031738 reader.cc:147] Reading SavedModel debug info (if present) from: /tmp/tmp7cjm0x8j
I0000 00:00:1791230397.359513 1031738 loader.cc:236] Restoring SavedModel bundle.
I0000 00:00:1791230397.388483 1031738 loader.cc:220] Running initialization op on SavedModel bundle at path: /tmp/tmp7cjm0x8j
I0000 00:00:1791230397.397584 1031738 loader.cc:471] SavedModel load for tags { serve }; Status: success: OK. Took 46193 microseconds.
/home/danielpark605/tinyml-venv/lib/python3.12/site-packages/tensorflow/lite/python/interpreter.py:457: UserWarning:     Warning: tf.lite.Interpreter is deprecated and is scheduled for deletion in
    TF 2.20. Please use the LiteRT interpreter from the ai_edge_litert package.
    See the [migration guide](https://ai.google.dev/edge/litert/migration)
    for details.
    
  warnings.warn(_INTERPRETER_DELETION_WARNING)
   [QAT Strip] Input model type: Functional
   [QAT Strip] Input model class: tf_keras.src.engine.functional.Functional
   [QAT Strip] Creating TF.Keras Functional model with input shape: (43,)
   [QAT Strip] TF_USE_LEGACY_KERAS=1
   [QAT Strip] 4 Dense layers after BatchNorm folding
   [QAT Strip] Created model type: Functional
   [QAT Strip] Model class: tf_keras.src.engine.functional.Functional
   [QAT Strip] Total layers: 5
   [QAT Strip] Is tensorflow.keras model: False
   [QAT Strip] WARNING: Model is not tensorflow.keras! QAT may fail.
✅ Saved (QAT): data/processed/revision/2026-10-05_x1_calib_methods/quant_lit/ton_near_iid_v2/fq_pct999_client0_d0.tflite (189.26 KB)
   Quantization: 10/16 tensors (62.5%)
   Input: <class 'numpy.float32'>, Output: <class 'numpy.float32'>
  [ton_near_iid_v2] fq_pct999              client0      d0 f1=0.9940 far=0.0353 missed=24/16215
/home/danielpark605/tinyml-venv/lib/python3.12/site-packages/tensorflow/lite/python/convert.py:846: UserWarning: Statistics for quantized inputs were expected, but not specified; continuing anyway.
  warnings.warn(
W0000 00:00:1791230398.513412 1031738 tf_tfl_flatbuffer_helpers.cc:364] Ignored output_format.
W0000 00:00:1791230398.513779 1031738 tf_tfl_flatbuffer_helpers.cc:367] Ignored drop_control_dependency.
I0000 00:00:1791230398.514233 1031738 reader.cc:83] Reading SavedModel from: /tmp/tmpq4aw0obe
I0000 00:00:1791230398.516139 1031738 reader.cc:52] Reading meta graph with tags { serve }
I0000 00:00:1791230398.516545 1031738 reader.cc:147] Reading SavedModel debug info (if present) from: /tmp/tmpq4aw0obe
I0000 00:00:1791230398.525353 1031738 loader.cc:236] Restoring SavedModel bundle.
I0000 00:00:1791230398.559749 1031738 loader.cc:220] Running initialization op on SavedModel bundle at path: /tmp/tmpq4aw0obe
I0000 00:00:1791230398.569236 1031738 loader.cc:471] SavedModel load for tags { serve }; Status: success: OK. Took 55028 microseconds.
/home/danielpark605/tinyml-venv/lib/python3.12/site-packages/tensorflow/lite/python/interpreter.py:457: UserWarning:     Warning: tf.lite.Interpreter is deprecated and is scheduled for deletion in
    TF 2.20. Please use the LiteRT interpreter from the ai_edge_litert package.
    See the [migration guide](https://ai.google.dev/edge/litert/migration)
    for details.
    
  warnings.warn(_INTERPRETER_DELETION_WARNING)
   [QAT Strip] Input model type: Functional
   [QAT Strip] Input model class: tf_keras.src.engine.functional.Functional
   [QAT Strip] Creating TF.Keras Functional model with input shape: (43,)
   [QAT Strip] TF_USE_LEGACY_KERAS=1
   [QAT Strip] 4 Dense layers after BatchNorm folding
   [QAT Strip] Created model type: Functional
   [QAT Strip] Model class: tf_keras.src.engine.functional.Functional
   [QAT Strip] Total layers: 5
   [QAT Strip] Is tensorflow.keras model: False
   [QAT Strip] WARNING: Model is not tensorflow.keras! QAT may fail.
✅ Saved (QAT): data/processed/revision/2026-10-05_x1_calib_methods/quant_lit/ton_near_iid_v2/fq_pct9999_client0_d0.tflite (189.26 KB)
   Quantization: 10/16 tensors (62.5%)
   Input: <class 'numpy.float32'>, Output: <class 'numpy.float32'>
  [ton_near_iid_v2] fq_pct9999             client0      d0 f1=0.9939 far=0.0357 missed=26/16215
/home/danielpark605/tinyml-venv/lib/python3.12/site-packages/tensorflow/lite/python/convert.py:846: UserWarning: Statistics for quantized inputs were expected, but not specified; continuing anyway.
  warnings.warn(
W0000 00:00:1791230399.820014 1031738 tf_tfl_flatbuffer_helpers.cc:364] Ignored output_format.
W0000 00:00:1791230399.820386 1031738 tf_tfl_flatbuffer_helpers.cc:367] Ignored drop_control_dependency.
I0000 00:00:1791230399.820844 1031738 reader.cc:83] Reading SavedModel from: /tmp/tmpru4iex7f
I0000 00:00:1791230399.822541 1031738 reader.cc:52] Reading meta graph with tags { serve }
I0000 00:00:1791230399.822929 1031738 reader.cc:147] Reading SavedModel debug info (if present) from: /tmp/tmpru4iex7f
I0000 00:00:1791230399.830920 1031738 loader.cc:236] Restoring SavedModel bundle.
I0000 00:00:1791230399.859414 1031738 loader.cc:220] Running initialization op on SavedModel bundle at path: /tmp/tmpru4iex7f
I0000 00:00:1791230399.868356 1031738 loader.cc:471] SavedModel load for tags { serve }; Status: success: OK. Took 47521 microseconds.
/home/danielpark605/tinyml-venv/lib/python3.12/site-packages/tensorflow/lite/python/interpreter.py:457: UserWarning:     Warning: tf.lite.Interpreter is deprecated and is scheduled for deletion in
    TF 2.20. Please use the LiteRT interpreter from the ai_edge_litert package.
    See the [migration guide](https://ai.google.dev/edge/litert/migration)
    for details.
    
  warnings.warn(_INTERPRETER_DELETION_WARNING)
   [QAT Strip] Input model type: Functional
   [QAT Strip] Input model class: tf_keras.src.engine.functional.Functional
   [QAT Strip] Creating TF.Keras Functional model with input shape: (43,)
   [QAT Strip] TF_USE_LEGACY_KERAS=1
   [QAT Strip] 4 Dense layers after BatchNorm folding
   [QAT Strip] Created model type: Functional
   [QAT Strip] Model class: tf_keras.src.engine.functional.Functional
   [QAT Strip] Total layers: 5
   [QAT Strip] Is tensorflow.keras model: False
   [QAT Strip] WARNING: Model is not tensorflow.keras! QAT may fail.
✅ Saved (QAT): data/processed/revision/2026-10-05_x1_calib_methods/quant_lit/ton_near_iid_v2/fq_mse_client0_d0.tflite (189.26 KB)
   Quantization: 10/16 tensors (62.5%)
   Input: <class 'numpy.float32'>, Output: <class 'numpy.float32'>
  [ton_near_iid_v2] fq_mse                 client0      d0 f1=0.5261 far=0.0220 missed=10389/16215
/home/danielpark605/tinyml-venv/lib/python3.12/site-packages/tensorflow/lite/python/convert.py:846: UserWarning: Statistics for quantized inputs were expected, but not specified; continuing anyway.
  warnings.warn(
W0000 00:00:1791230402.516341 1031738 tf_tfl_flatbuffer_helpers.cc:364] Ignored output_format.
W0000 00:00:1791230402.516706 1031738 tf_tfl_flatbuffer_helpers.cc:367] Ignored drop_control_dependency.
I0000 00:00:1791230402.517175 1031738 reader.cc:83] Reading SavedModel from: /tmp/tmpoe53948e
I0000 00:00:1791230402.518459 1031738 reader.cc:52] Reading meta graph with tags { serve }
I0000 00:00:1791230402.518900 1031738 reader.cc:147] Reading SavedModel debug info (if present) from: /tmp/tmpoe53948e
I0000 00:00:1791230402.525232 1031738 loader.cc:236] Restoring SavedModel bundle.
I0000 00:00:1791230402.552144 1031738 loader.cc:220] Running initialization op on SavedModel bundle at path: /tmp/tmpoe53948e
I0000 00:00:1791230402.560465 1031738 loader.cc:471] SavedModel load for tags { serve }; Status: success: OK. Took 43307 microseconds.
/home/danielpark605/tinyml-venv/lib/python3.12/site-packages/tensorflow/lite/python/interpreter.py:457: UserWarning:     Warning: tf.lite.Interpreter is deprecated and is scheduled for deletion in
    TF 2.20. Please use the LiteRT interpreter from the ai_edge_litert package.
    See the [migration guide](https://ai.google.dev/edge/litert/migration)
    for details.
    
  warnings.warn(_INTERPRETER_DELETION_WARNING)
   [QAT Strip] Input model type: Functional
   [QAT Strip] Input model class: tf_keras.src.engine.functional.Functional
   [QAT Strip] Creating TF.Keras Functional model with input shape: (43,)
   [QAT Strip] TF_USE_LEGACY_KERAS=1
   [QAT Strip] 4 Dense layers after BatchNorm folding
   [QAT Strip] Created model type: Functional
   [QAT Strip] Model class: tf_keras.src.engine.functional.Functional
   [QAT Strip] Total layers: 5
   [QAT Strip] Is tensorflow.keras model: False
   [QAT Strip] WARNING: Model is not tensorflow.keras! QAT may fail.
✅ Saved (QAT): data/processed/revision/2026-10-05_x1_calib_methods/quant_lit/ton_near_iid_v2/fq_kl_client0_d0.tflite (189.26 KB)
   Quantization: 10/16 tensors (62.5%)
   Input: <class 'numpy.float32'>, Output: <class 'numpy.float32'>
  [ton_near_iid_v2] fq_kl                  client0      d0 f1=0.9939 far=0.0361 missed=24/16215
/home/danielpark605/tinyml-venv/lib/python3.12/site-packages/tensorflow/lite/python/convert.py:846: UserWarning: Statistics for quantized inputs were expected, but not specified; continuing anyway.
  warnings.warn(
W0000 00:00:1791230403.631232 1031738 tf_tfl_flatbuffer_helpers.cc:364] Ignored output_format.
W0000 00:00:1791230403.631613 1031738 tf_tfl_flatbuffer_helpers.cc:367] Ignored drop_control_dependency.
I0000 00:00:1791230403.632034 1031738 reader.cc:83] Reading SavedModel from: /tmp/tmpglg2m9rg
I0000 00:00:1791230403.633761 1031738 reader.cc:52] Reading meta graph with tags { serve }
I0000 00:00:1791230403.634131 1031738 reader.cc:147] Reading SavedModel debug info (if present) from: /tmp/tmpglg2m9rg
I0000 00:00:1791230403.641325 1031738 loader.cc:236] Restoring SavedModel bundle.
I0000 00:00:1791230403.668911 1031738 loader.cc:220] Running initialization op on SavedModel bundle at path: /tmp/tmpglg2m9rg
I0000 00:00:1791230403.676852 1031738 loader.cc:471] SavedModel load for tags { serve }; Status: success: OK. Took 44846 microseconds.
/home/danielpark605/tinyml-venv/lib/python3.12/site-packages/tensorflow/lite/python/interpreter.py:457: UserWarning:     Warning: tf.lite.Interpreter is deprecated and is scheduled for deletion in
    TF 2.20. Please use the LiteRT interpreter from the ai_edge_litert package.
    See the [migration guide](https://ai.google.dev/edge/litert/migration)
    for details.
    
  warnings.warn(_INTERPRETER_DELETION_WARNING)
   [QAT Strip] Input model type: Functional
   [QAT Strip] Input model class: tf_keras.src.engine.functional.Functional
   [QAT Strip] Creating TF.Keras Functional model with input shape: (43,)
   [QAT Strip] TF_USE_LEGACY_KERAS=1
   [QAT Strip] 4 Dense layers after BatchNorm folding
   [QAT Strip] Created model type: Functional
   [QAT Strip] Model class: tf_keras.src.engine.functional.Functional
   [QAT Strip] Total layers: 5
   [QAT Strip] Is tensorflow.keras model: False
   [QAT Strip] WARNING: Model is not tensorflow.keras! QAT may fail.
✅ Saved (QAT): data/processed/revision/2026-10-05_x1_calib_methods/quant_lit/ton_near_iid_v2/fq_clip5_max_client0_d0.tflite (189.26 KB)
   Quantization: 10/16 tensors (62.5%)
   Input: <class 'numpy.float32'>, Output: <class 'numpy.float32'>
  [ton_near_iid_v2] fq_clip5_max           client0      d0 f1=0.9918 far=0.0492 missed=30/16215
/home/danielpark605/tinyml-venv/lib/python3.12/site-packages/tensorflow/lite/python/convert.py:846: UserWarning: Statistics for quantized inputs were expected, but not specified; continuing anyway.
  warnings.warn(
W0000 00:00:1791230404.111592 1031738 tf_tfl_flatbuffer_helpers.cc:364] Ignored output_format.
W0000 00:00:1791230404.111949 1031738 tf_tfl_flatbuffer_helpers.cc:367] Ignored drop_control_dependency.
I0000 00:00:1791230404.112402 1031738 reader.cc:83] Reading SavedModel from: /tmp/tmpo4qu3wks
I0000 00:00:1791230404.113143 1031738 reader.cc:52] Reading meta graph with tags { serve }
I0000 00:00:1791230404.113549 1031738 reader.cc:147] Reading SavedModel debug info (if present) from: /tmp/tmpo4qu3wks
I0000 00:00:1791230404.115678 1031738 loader.cc:236] Restoring SavedModel bundle.
I0000 00:00:1791230404.126363 1031738 loader.cc:220] Running initialization op on SavedModel bundle at path: /tmp/tmpo4qu3wks
I0000 00:00:1791230404.129912 1031738 loader.cc:471] SavedModel load for tags { serve }; Status: success: OK. Took 17520 microseconds.
fully_quantize: 0, inference_type: 6, input_inference_type: FLOAT32, output_inference_type: FLOAT32
W0000 00:00:1791230404.225487 1031738 flatbuffer_export.cc:3851] Skipping runtime version metadata in the model. This will be generated by the exporter.
/home/danielpark605/tinyml-venv/lib/python3.12/site-packages/tensorflow/lite/python/interpreter.py:457: UserWarning:     Warning: tf.lite.Interpreter is deprecated and is scheduled for deletion in
    TF 2.20. Please use the LiteRT interpreter from the ai_edge_litert package.
    See the [migration guide](https://ai.google.dev/edge/litert/migration)
    for details.
    
  warnings.warn(_INTERPRETER_DELETION_WARNING)
  [ton_near_iid_v2] tflite_max             client1      d0 f1=0.6093 far=0.0191 missed=9071/16215
/home/danielpark605/tinyml-venv/lib/python3.12/site-packages/tensorflow/lite/python/convert.py:846: UserWarning: Statistics for quantized inputs were expected, but not specified; continuing anyway.
  warnings.warn(
W0000 00:00:1791230404.558638 1031738 tf_tfl_flatbuffer_helpers.cc:364] Ignored output_format.
W0000 00:00:1791230404.559001 1031738 tf_tfl_flatbuffer_helpers.cc:367] Ignored drop_control_dependency.
I0000 00:00:1791230404.559539 1031738 reader.cc:83] Reading SavedModel from: /tmp/tmptqb0_ayh
I0000 00:00:1791230404.560226 1031738 reader.cc:52] Reading meta graph with tags { serve }
I0000 00:00:1791230404.560654 1031738 reader.cc:147] Reading SavedModel debug info (if present) from: /tmp/tmptqb0_ayh
I0000 00:00:1791230404.563205 1031738 loader.cc:236] Restoring SavedModel bundle.
I0000 00:00:1791230404.574123 1031738 loader.cc:220] Running initialization op on SavedModel bundle at path: /tmp/tmptqb0_ayh
I0000 00:00:1791230404.578156 1031738 loader.cc:471] SavedModel load for tags { serve }; Status: success: OK. Took 18625 microseconds.
fully_quantize: 0, inference_type: 6, input_inference_type: FLOAT32, output_inference_type: FLOAT32
W0000 00:00:1791230404.675788 1031738 flatbuffer_export.cc:3851] Skipping runtime version metadata in the model. This will be generated by the exporter.
/home/danielpark605/tinyml-venv/lib/python3.12/site-packages/tensorflow/lite/python/interpreter.py:457: UserWarning:     Warning: tf.lite.Interpreter is deprecated and is scheduled for deletion in
    TF 2.20. Please use the LiteRT interpreter from the ai_edge_litert package.
    See the [migration guide](https://ai.google.dev/edge/litert/migration)
    for details.
    
  warnings.warn(_INTERPRETER_DELETION_WARNING)
  [ton_near_iid_v2] tflite_clip5           client1      d0 f1=0.9919 far=0.0492 missed=27/16215
/home/danielpark605/tinyml-venv/lib/python3.12/site-packages/tensorflow/lite/python/convert.py:846: UserWarning: Statistics for quantized inputs were expected, but not specified; continuing anyway.
  warnings.warn(
W0000 00:00:1791230405.020910 1031738 tf_tfl_flatbuffer_helpers.cc:364] Ignored output_format.
W0000 00:00:1791230405.021255 1031738 tf_tfl_flatbuffer_helpers.cc:367] Ignored drop_control_dependency.
I0000 00:00:1791230405.021716 1031738 reader.cc:83] Reading SavedModel from: /tmp/tmp75l_5nt8
I0000 00:00:1791230405.022477 1031738 reader.cc:52] Reading meta graph with tags { serve }
I0000 00:00:1791230405.022818 1031738 reader.cc:147] Reading SavedModel debug info (if present) from: /tmp/tmp75l_5nt8
I0000 00:00:1791230405.025411 1031738 loader.cc:236] Restoring SavedModel bundle.
I0000 00:00:1791230405.035834 1031738 loader.cc:220] Running initialization op on SavedModel bundle at path: /tmp/tmp75l_5nt8
I0000 00:00:1791230405.039472 1031738 loader.cc:471] SavedModel load for tags { serve }; Status: success: OK. Took 17764 microseconds.
fully_quantize: 0, inference_type: 6, input_inference_type: FLOAT32, output_inference_type: FLOAT32
W0000 00:00:1791230405.132183 1031738 flatbuffer_export.cc:3851] Skipping runtime version metadata in the model. This will be generated by the exporter.
/home/danielpark605/tinyml-venv/lib/python3.12/site-packages/tensorflow/lite/python/interpreter.py:457: UserWarning:     Warning: tf.lite.Interpreter is deprecated and is scheduled for deletion in
    TF 2.20. Please use the LiteRT interpreter from the ai_edge_litert package.
    See the [migration guide](https://ai.google.dev/edge/litert/migration)
    for details.
    
  warnings.warn(_INTERPRETER_DELETION_WARNING)
  [ton_near_iid_v2] tflite_max_per_tensor  client1      d0 f1=0.6094 far=0.0193 missed=9068/16215
/home/danielpark605/tinyml-venv/lib/python3.12/site-packages/tensorflow/lite/python/convert.py:846: UserWarning: Statistics for quantized inputs were expected, but not specified; continuing anyway.
  warnings.warn(
W0000 00:00:1791230406.353426 1031738 tf_tfl_flatbuffer_helpers.cc:364] Ignored output_format.
W0000 00:00:1791230406.353842 1031738 tf_tfl_flatbuffer_helpers.cc:367] Ignored drop_control_dependency.
I0000 00:00:1791230406.354283 1031738 reader.cc:83] Reading SavedModel from: /tmp/tmpn3v40rr3
I0000 00:00:1791230406.355777 1031738 reader.cc:52] Reading meta graph with tags { serve }
I0000 00:00:1791230406.356125 1031738 reader.cc:147] Reading SavedModel debug info (if present) from: /tmp/tmpn3v40rr3
I0000 00:00:1791230406.362550 1031738 loader.cc:236] Restoring SavedModel bundle.
I0000 00:00:1791230406.390954 1031738 loader.cc:220] Running initialization op on SavedModel bundle at path: /tmp/tmpn3v40rr3
I0000 00:00:1791230406.400040 1031738 loader.cc:471] SavedModel load for tags { serve }; Status: success: OK. Took 45771 microseconds.
/home/danielpark605/tinyml-venv/lib/python3.12/site-packages/tensorflow/lite/python/interpreter.py:457: UserWarning:     Warning: tf.lite.Interpreter is deprecated and is scheduled for deletion in
    TF 2.20. Please use the LiteRT interpreter from the ai_edge_litert package.
    See the [migration guide](https://ai.google.dev/edge/litert/migration)
    for details.
    
  warnings.warn(_INTERPRETER_DELETION_WARNING)
   [QAT Strip] Input model type: Functional
   [QAT Strip] Input model class: tf_keras.src.engine.functional.Functional
   [QAT Strip] Creating TF.Keras Functional model with input shape: (43,)
   [QAT Strip] TF_USE_LEGACY_KERAS=1
   [QAT Strip] 4 Dense layers after BatchNorm folding
   [QAT Strip] Created model type: Functional
   [QAT Strip] Model class: tf_keras.src.engine.functional.Functional
   [QAT Strip] Total layers: 5
   [QAT Strip] Is tensorflow.keras model: False
   [QAT Strip] WARNING: Model is not tensorflow.keras! QAT may fail.
✅ Saved (QAT): data/processed/revision/2026-10-05_x1_calib_methods/quant_lit/ton_near_iid_v2/fq_max_client1_d0.tflite (189.26 KB)
   Quantization: 10/16 tensors (62.5%)
   Input: <class 'numpy.float32'>, Output: <class 'numpy.float32'>
  [ton_near_iid_v2] fq_max                 client1      d0 f1=0.6094 far=0.0193 missed=9068/16215
/home/danielpark605/tinyml-venv/lib/python3.12/site-packages/tensorflow/lite/python/convert.py:846: UserWarning: Statistics for quantized inputs were expected, but not specified; continuing anyway.
  warnings.warn(
W0000 00:00:1791230407.494241 1031738 tf_tfl_flatbuffer_helpers.cc:364] Ignored output_format.
W0000 00:00:1791230407.494601 1031738 tf_tfl_flatbuffer_helpers.cc:367] Ignored drop_control_dependency.
I0000 00:00:1791230407.495019 1031738 reader.cc:83] Reading SavedModel from: /tmp/tmpd7abn5a3
I0000 00:00:1791230407.497096 1031738 reader.cc:52] Reading meta graph with tags { serve }
I0000 00:00:1791230407.497455 1031738 reader.cc:147] Reading SavedModel debug info (if present) from: /tmp/tmpd7abn5a3
I0000 00:00:1791230407.505216 1031738 loader.cc:236] Restoring SavedModel bundle.
I0000 00:00:1791230407.533841 1031738 loader.cc:220] Running initialization op on SavedModel bundle at path: /tmp/tmpd7abn5a3
I0000 00:00:1791230407.541792 1031738 loader.cc:471] SavedModel load for tags { serve }; Status: success: OK. Took 46791 microseconds.
/home/danielpark605/tinyml-venv/lib/python3.12/site-packages/tensorflow/lite/python/interpreter.py:457: UserWarning:     Warning: tf.lite.Interpreter is deprecated and is scheduled for deletion in
    TF 2.20. Please use the LiteRT interpreter from the ai_edge_litert package.
    See the [migration guide](https://ai.google.dev/edge/litert/migration)
    for details.
    
  warnings.warn(_INTERPRETER_DELETION_WARNING)
   [QAT Strip] Input model type: Functional
   [QAT Strip] Input model class: tf_keras.src.engine.functional.Functional
   [QAT Strip] Creating TF.Keras Functional model with input shape: (43,)
   [QAT Strip] TF_USE_LEGACY_KERAS=1
   [QAT Strip] 4 Dense layers after BatchNorm folding
   [QAT Strip] Created model type: Functional
   [QAT Strip] Model class: tf_keras.src.engine.functional.Functional
   [QAT Strip] Total layers: 5
   [QAT Strip] Is tensorflow.keras model: False
   [QAT Strip] WARNING: Model is not tensorflow.keras! QAT may fail.
✅ Saved (QAT): data/processed/revision/2026-10-05_x1_calib_methods/quant_lit/ton_near_iid_v2/fq_pct999_client1_d0.tflite (189.26 KB)
   Quantization: 10/16 tensors (62.5%)
   Input: <class 'numpy.float32'>, Output: <class 'numpy.float32'>
  [ton_near_iid_v2] fq_pct999              client1      d0 f1=0.9939 far=0.0361 missed=26/16215
/home/danielpark605/tinyml-venv/lib/python3.12/site-packages/tensorflow/lite/python/convert.py:846: UserWarning: Statistics for quantized inputs were expected, but not specified; continuing anyway.
  warnings.warn(
W0000 00:00:1791230408.897466 1031738 tf_tfl_flatbuffer_helpers.cc:364] Ignored output_format.
W0000 00:00:1791230408.897790 1031738 tf_tfl_flatbuffer_helpers.cc:367] Ignored drop_control_dependency.
I0000 00:00:1791230408.898187 1031738 reader.cc:83] Reading SavedModel from: /tmp/tmp3sx54xcj
I0000 00:00:1791230408.901051 1031738 reader.cc:52] Reading meta graph with tags { serve }
I0000 00:00:1791230408.901400 1031738 reader.cc:147] Reading SavedModel debug info (if present) from: /tmp/tmp3sx54xcj
I0000 00:00:1791230408.911287 1031738 loader.cc:236] Restoring SavedModel bundle.
I0000 00:00:1791230408.950103 1031738 loader.cc:220] Running initialization op on SavedModel bundle at path: /tmp/tmp3sx54xcj
I0000 00:00:1791230408.963516 1031738 loader.cc:471] SavedModel load for tags { serve }; Status: success: OK. Took 65341 microseconds.
/home/danielpark605/tinyml-venv/lib/python3.12/site-packages/tensorflow/lite/python/interpreter.py:457: UserWarning:     Warning: tf.lite.Interpreter is deprecated and is scheduled for deletion in
    TF 2.20. Please use the LiteRT interpreter from the ai_edge_litert package.
    See the [migration guide](https://ai.google.dev/edge/litert/migration)
    for details.
    
  warnings.warn(_INTERPRETER_DELETION_WARNING)
   [QAT Strip] Input model type: Functional
   [QAT Strip] Input model class: tf_keras.src.engine.functional.Functional
   [QAT Strip] Creating TF.Keras Functional model with input shape: (43,)
   [QAT Strip] TF_USE_LEGACY_KERAS=1
   [QAT Strip] 4 Dense layers after BatchNorm folding
   [QAT Strip] Created model type: Functional
   [QAT Strip] Model class: tf_keras.src.engine.functional.Functional
   [QAT Strip] Total layers: 5
   [QAT Strip] Is tensorflow.keras model: False
   [QAT Strip] WARNING: Model is not tensorflow.keras! QAT may fail.
✅ Saved (QAT): data/processed/revision/2026-10-05_x1_calib_methods/quant_lit/ton_near_iid_v2/fq_pct9999_client1_d0.tflite (189.26 KB)
   Quantization: 10/16 tensors (62.5%)
   Input: <class 'numpy.float32'>, Output: <class 'numpy.float32'>
  [ton_near_iid_v2] fq_pct9999             client1      d0 f1=0.9937 far=0.0346 missed=38/16215
/home/danielpark605/tinyml-venv/lib/python3.12/site-packages/tensorflow/lite/python/convert.py:846: UserWarning: Statistics for quantized inputs were expected, but not specified; continuing anyway.
  warnings.warn(
W0000 00:00:1791230410.270192 1031738 tf_tfl_flatbuffer_helpers.cc:364] Ignored output_format.
W0000 00:00:1791230410.270575 1031738 tf_tfl_flatbuffer_helpers.cc:367] Ignored drop_control_dependency.
I0000 00:00:1791230410.271023 1031738 reader.cc:83] Reading SavedModel from: /tmp/tmpb6kk8bwy
I0000 00:00:1791230410.272401 1031738 reader.cc:52] Reading meta graph with tags { serve }
I0000 00:00:1791230410.272781 1031738 reader.cc:147] Reading SavedModel debug info (if present) from: /tmp/tmpb6kk8bwy
I0000 00:00:1791230410.278579 1031738 loader.cc:236] Restoring SavedModel bundle.
I0000 00:00:1791230410.307794 1031738 loader.cc:220] Running initialization op on SavedModel bundle at path: /tmp/tmpb6kk8bwy
I0000 00:00:1791230410.317618 1031738 loader.cc:471] SavedModel load for tags { serve }; Status: success: OK. Took 46605 microseconds.
/home/danielpark605/tinyml-venv/lib/python3.12/site-packages/tensorflow/lite/python/interpreter.py:457: UserWarning:     Warning: tf.lite.Interpreter is deprecated and is scheduled for deletion in
    TF 2.20. Please use the LiteRT interpreter from the ai_edge_litert package.
    See the [migration guide](https://ai.google.dev/edge/litert/migration)
    for details.
    
  warnings.warn(_INTERPRETER_DELETION_WARNING)
   [QAT Strip] Input model type: Functional
   [QAT Strip] Input model class: tf_keras.src.engine.functional.Functional
   [QAT Strip] Creating TF.Keras Functional model with input shape: (43,)
   [QAT Strip] TF_USE_LEGACY_KERAS=1
   [QAT Strip] 4 Dense layers after BatchNorm folding
   [QAT Strip] Created model type: Functional
   [QAT Strip] Model class: tf_keras.src.engine.functional.Functional
   [QAT Strip] Total layers: 5
   [QAT Strip] Is tensorflow.keras model: False
   [QAT Strip] WARNING: Model is not tensorflow.keras! QAT may fail.
✅ Saved (QAT): data/processed/revision/2026-10-05_x1_calib_methods/quant_lit/ton_near_iid_v2/fq_mse_client1_d0.tflite (189.26 KB)
   Quantization: 10/16 tensors (62.5%)
   Input: <class 'numpy.float32'>, Output: <class 'numpy.float32'>
  [ton_near_iid_v2] fq_mse                 client1      d0 f1=0.9520 far=0.1442 missed=854/16215
/home/danielpark605/tinyml-venv/lib/python3.12/site-packages/tensorflow/lite/python/convert.py:846: UserWarning: Statistics for quantized inputs were expected, but not specified; continuing anyway.
  warnings.warn(
W0000 00:00:1791230412.928642 1031738 tf_tfl_flatbuffer_helpers.cc:364] Ignored output_format.
W0000 00:00:1791230412.929030 1031738 tf_tfl_flatbuffer_helpers.cc:367] Ignored drop_control_dependency.
I0000 00:00:1791230412.929691 1031738 reader.cc:83] Reading SavedModel from: /tmp/tmpfo5v0xr1
I0000 00:00:1791230412.931517 1031738 reader.cc:52] Reading meta graph with tags { serve }
I0000 00:00:1791230412.931880 1031738 reader.cc:147] Reading SavedModel debug info (if present) from: /tmp/tmpfo5v0xr1
I0000 00:00:1791230412.939822 1031738 loader.cc:236] Restoring SavedModel bundle.
I0000 00:00:1791230412.969262 1031738 loader.cc:220] Running initialization op on SavedModel bundle at path: /tmp/tmpfo5v0xr1
I0000 00:00:1791230412.978984 1031738 loader.cc:471] SavedModel load for tags { serve }; Status: success: OK. Took 49315 microseconds.
/home/danielpark605/tinyml-venv/lib/python3.12/site-packages/tensorflow/lite/python/interpreter.py:457: UserWarning:     Warning: tf.lite.Interpreter is deprecated and is scheduled for deletion in
    TF 2.20. Please use the LiteRT interpreter from the ai_edge_litert package.
    See the [migration guide](https://ai.google.dev/edge/litert/migration)
    for details.
    
  warnings.warn(_INTERPRETER_DELETION_WARNING)
   [QAT Strip] Input model type: Functional
   [QAT Strip] Input model class: tf_keras.src.engine.functional.Functional
   [QAT Strip] Creating TF.Keras Functional model with input shape: (43,)
   [QAT Strip] TF_USE_LEGACY_KERAS=1
   [QAT Strip] 4 Dense layers after BatchNorm folding
   [QAT Strip] Created model type: Functional
   [QAT Strip] Model class: tf_keras.src.engine.functional.Functional
   [QAT Strip] Total layers: 5
   [QAT Strip] Is tensorflow.keras model: False
   [QAT Strip] WARNING: Model is not tensorflow.keras! QAT may fail.
✅ Saved (QAT): data/processed/revision/2026-10-05_x1_calib_methods/quant_lit/ton_near_iid_v2/fq_kl_client1_d0.tflite (189.26 KB)
   Quantization: 10/16 tensors (62.5%)
   Input: <class 'numpy.float32'>, Output: <class 'numpy.float32'>
  [ton_near_iid_v2] fq_kl                  client1      d0 f1=0.9937 far=0.0365 missed=29/16215
/home/danielpark605/tinyml-venv/lib/python3.12/site-packages/tensorflow/lite/python/convert.py:846: UserWarning: Statistics for quantized inputs were expected, but not specified; continuing anyway.
  warnings.warn(
W0000 00:00:1791230414.303539 1031738 tf_tfl_flatbuffer_helpers.cc:364] Ignored output_format.
W0000 00:00:1791230414.303968 1031738 tf_tfl_flatbuffer_helpers.cc:367] Ignored drop_control_dependency.
I0000 00:00:1791230414.304443 1031738 reader.cc:83] Reading SavedModel from: /tmp/tmpbr3qfvpr
I0000 00:00:1791230414.306266 1031738 reader.cc:52] Reading meta graph with tags { serve }
I0000 00:00:1791230414.306686 1031738 reader.cc:147] Reading SavedModel debug info (if present) from: /tmp/tmpbr3qfvpr
I0000 00:00:1791230414.314508 1031738 loader.cc:236] Restoring SavedModel bundle.
I0000 00:00:1791230414.345740 1031738 loader.cc:220] Running initialization op on SavedModel bundle at path: /tmp/tmpbr3qfvpr
I0000 00:00:1791230414.356062 1031738 loader.cc:471] SavedModel load for tags { serve }; Status: success: OK. Took 51633 microseconds.
/home/danielpark605/tinyml-venv/lib/python3.12/site-packages/tensorflow/lite/python/interpreter.py:457: UserWarning:     Warning: tf.lite.Interpreter is deprecated and is scheduled for deletion in
    TF 2.20. Please use the LiteRT interpreter from the ai_edge_litert package.
    See the [migration guide](https://ai.google.dev/edge/litert/migration)
    for details.
    
  warnings.warn(_INTERPRETER_DELETION_WARNING)
   [QAT Strip] Input model type: Functional
   [QAT Strip] Input model class: tf_keras.src.engine.functional.Functional
   [QAT Strip] Creating TF.Keras Functional model with input shape: (43,)
   [QAT Strip] TF_USE_LEGACY_KERAS=1
   [QAT Strip] 4 Dense layers after BatchNorm folding
   [QAT Strip] Created model type: Functional
   [QAT Strip] Model class: tf_keras.src.engine.functional.Functional
   [QAT Strip] Total layers: 5
   [QAT Strip] Is tensorflow.keras model: False
   [QAT Strip] WARNING: Model is not tensorflow.keras! QAT may fail.
✅ Saved (QAT): data/processed/revision/2026-10-05_x1_calib_methods/quant_lit/ton_near_iid_v2/fq_clip5_max_client1_d0.tflite (189.26 KB)
   Quantization: 10/16 tensors (62.5%)
   Input: <class 'numpy.float32'>, Output: <class 'numpy.float32'>
  [ton_near_iid_v2] fq_clip5_max           client1      d0 f1=0.9919 far=0.0494 missed=27/16215
/home/danielpark605/tinyml-venv/lib/python3.12/site-packages/tensorflow/lite/python/convert.py:846: UserWarning: Statistics for quantized inputs were expected, but not specified; continuing anyway.
  warnings.warn(
W0000 00:00:1791230414.816768 1031738 tf_tfl_flatbuffer_helpers.cc:364] Ignored output_format.
W0000 00:00:1791230414.817156 1031738 tf_tfl_flatbuffer_helpers.cc:367] Ignored drop_control_dependency.
I0000 00:00:1791230414.817593 1031738 reader.cc:83] Reading SavedModel from: /tmp/tmpbllbnecc
I0000 00:00:1791230414.818282 1031738 reader.cc:52] Reading meta graph with tags { serve }
I0000 00:00:1791230414.818645 1031738 reader.cc:147] Reading SavedModel debug info (if present) from: /tmp/tmpbllbnecc
I0000 00:00:1791230414.820952 1031738 loader.cc:236] Restoring SavedModel bundle.
I0000 00:00:1791230414.832396 1031738 loader.cc:220] Running initialization op on SavedModel bundle at path: /tmp/tmpbllbnecc
I0000 00:00:1791230414.836886 1031738 loader.cc:471] SavedModel load for tags { serve }; Status: success: OK. Took 19303 microseconds.
fully_quantize: 0, inference_type: 6, input_inference_type: FLOAT32, output_inference_type: FLOAT32
W0000 00:00:1791230414.934689 1031738 flatbuffer_export.cc:3851] Skipping runtime version metadata in the model. This will be generated by the exporter.
/home/danielpark605/tinyml-venv/lib/python3.12/site-packages/tensorflow/lite/python/interpreter.py:457: UserWarning:     Warning: tf.lite.Interpreter is deprecated and is scheduled for deletion in
    TF 2.20. Please use the LiteRT interpreter from the ai_edge_litert package.
    See the [migration guide](https://ai.google.dev/edge/litert/migration)
    for details.
    
  warnings.warn(_INTERPRETER_DELETION_WARNING)
  [ton_near_iid_v2] tflite_max             client2      d0 f1=0.9776 far=0.0388 missed=532/16215
/home/danielpark605/tinyml-venv/lib/python3.12/site-packages/tensorflow/lite/python/convert.py:846: UserWarning: Statistics for quantized inputs were expected, but not specified; continuing anyway.
  warnings.warn(
W0000 00:00:1791230415.266589 1031738 tf_tfl_flatbuffer_helpers.cc:364] Ignored output_format.
W0000 00:00:1791230415.267005 1031738 tf_tfl_flatbuffer_helpers.cc:367] Ignored drop_control_dependency.
I0000 00:00:1791230415.267515 1031738 reader.cc:83] Reading SavedModel from: /tmp/tmpx6ddyzeb
I0000 00:00:1791230415.268179 1031738 reader.cc:52] Reading meta graph with tags { serve }
I0000 00:00:1791230415.268544 1031738 reader.cc:147] Reading SavedModel debug info (if present) from: /tmp/tmpx6ddyzeb
I0000 00:00:1791230415.270688 1031738 loader.cc:236] Restoring SavedModel bundle.
I0000 00:00:1791230415.281608 1031738 loader.cc:220] Running initialization op on SavedModel bundle at path: /tmp/tmpx6ddyzeb
I0000 00:00:1791230415.286013 1031738 loader.cc:471] SavedModel load for tags { serve }; Status: success: OK. Took 18510 microseconds.
fully_quantize: 0, inference_type: 6, input_inference_type: FLOAT32, output_inference_type: FLOAT32
W0000 00:00:1791230415.378841 1031738 flatbuffer_export.cc:3851] Skipping runtime version metadata in the model. This will be generated by the exporter.
/home/danielpark605/tinyml-venv/lib/python3.12/site-packages/tensorflow/lite/python/interpreter.py:457: UserWarning:     Warning: tf.lite.Interpreter is deprecated and is scheduled for deletion in
    TF 2.20. Please use the LiteRT interpreter from the ai_edge_litert package.
    See the [migration guide](https://ai.google.dev/edge/litert/migration)
    for details.
    
  warnings.warn(_INTERPRETER_DELETION_WARNING)
  [ton_near_iid_v2] tflite_clip5           client2      d0 f1=0.9919 far=0.0496 missed=27/16215
/home/danielpark605/tinyml-venv/lib/python3.12/site-packages/tensorflow/lite/python/convert.py:846: UserWarning: Statistics for quantized inputs were expected, but not specified; continuing anyway.
  warnings.warn(
W0000 00:00:1791230415.696298 1031738 tf_tfl_flatbuffer_helpers.cc:364] Ignored output_format.
W0000 00:00:1791230415.696685 1031738 tf_tfl_flatbuffer_helpers.cc:367] Ignored drop_control_dependency.
I0000 00:00:1791230415.697135 1031738 reader.cc:83] Reading SavedModel from: /tmp/tmp53ebvzuz
I0000 00:00:1791230415.697940 1031738 reader.cc:52] Reading meta graph with tags { serve }
I0000 00:00:1791230415.698359 1031738 reader.cc:147] Reading SavedModel debug info (if present) from: /tmp/tmp53ebvzuz
I0000 00:00:1791230415.700989 1031738 loader.cc:236] Restoring SavedModel bundle.
I0000 00:00:1791230415.712967 1031738 loader.cc:220] Running initialization op on SavedModel bundle at path: /tmp/tmp53ebvzuz
I0000 00:00:1791230415.717180 1031738 loader.cc:471] SavedModel load for tags { serve }; Status: success: OK. Took 20056 microseconds.
fully_quantize: 0, inference_type: 6, input_inference_type: FLOAT32, output_inference_type: FLOAT32
W0000 00:00:1791230415.810077 1031738 flatbuffer_export.cc:3851] Skipping runtime version metadata in the model. This will be generated by the exporter.
/home/danielpark605/tinyml-venv/lib/python3.12/site-packages/tensorflow/lite/python/interpreter.py:457: UserWarning:     Warning: tf.lite.Interpreter is deprecated and is scheduled for deletion in
    TF 2.20. Please use the LiteRT interpreter from the ai_edge_litert package.
    See the [migration guide](https://ai.google.dev/edge/litert/migration)
    for details.
    
  warnings.warn(_INTERPRETER_DELETION_WARNING)
  [ton_near_iid_v2] tflite_max_per_tensor  client2      d0 f1=0.9616 far=0.1456 missed=549/16215
/home/danielpark605/tinyml-venv/lib/python3.12/site-packages/tensorflow/lite/python/convert.py:846: UserWarning: Statistics for quantized inputs were expected, but not specified; continuing anyway.
  warnings.warn(
W0000 00:00:1791230416.809969 1031738 tf_tfl_flatbuffer_helpers.cc:364] Ignored output_format.
W0000 00:00:1791230416.810334 1031738 tf_tfl_flatbuffer_helpers.cc:367] Ignored drop_control_dependency.
I0000 00:00:1791230416.810820 1031738 reader.cc:83] Reading SavedModel from: /tmp/tmpb6knapwv
I0000 00:00:1791230416.812447 1031738 reader.cc:52] Reading meta graph with tags { serve }
I0000 00:00:1791230416.812809 1031738 reader.cc:147] Reading SavedModel debug info (if present) from: /tmp/tmpb6knapwv
I0000 00:00:1791230416.819565 1031738 loader.cc:236] Restoring SavedModel bundle.
I0000 00:00:1791230416.848201 1031738 loader.cc:220] Running initialization op on SavedModel bundle at path: /tmp/tmpb6knapwv
I0000 00:00:1791230416.856228 1031738 loader.cc:471] SavedModel load for tags { serve }; Status: success: OK. Took 45425 microseconds.
/home/danielpark605/tinyml-venv/lib/python3.12/site-packages/tensorflow/lite/python/interpreter.py:457: UserWarning:     Warning: tf.lite.Interpreter is deprecated and is scheduled for deletion in
    TF 2.20. Please use the LiteRT interpreter from the ai_edge_litert package.
    See the [migration guide](https://ai.google.dev/edge/litert/migration)
    for details.
    
  warnings.warn(_INTERPRETER_DELETION_WARNING)
   [QAT Strip] Input model type: Functional
   [QAT Strip] Input model class: tf_keras.src.engine.functional.Functional
   [QAT Strip] Creating TF.Keras Functional model with input shape: (43,)
   [QAT Strip] TF_USE_LEGACY_KERAS=1
   [QAT Strip] 4 Dense layers after BatchNorm folding
   [QAT Strip] Created model type: Functional
   [QAT Strip] Model class: tf_keras.src.engine.functional.Functional
   [QAT Strip] Total layers: 5
   [QAT Strip] Is tensorflow.keras model: False
   [QAT Strip] WARNING: Model is not tensorflow.keras! QAT may fail.
✅ Saved (QAT): data/processed/revision/2026-10-05_x1_calib_methods/quant_lit/ton_near_iid_v2/fq_max_client2_d0.tflite (189.26 KB)
   Quantization: 10/16 tensors (62.5%)
   Input: <class 'numpy.float32'>, Output: <class 'numpy.float32'>
  [ton_near_iid_v2] fq_max                 client2      d0 f1=0.9616 far=0.1456 missed=549/16215
/home/danielpark605/tinyml-venv/lib/python3.12/site-packages/tensorflow/lite/python/convert.py:846: UserWarning: Statistics for quantized inputs were expected, but not specified; continuing anyway.
  warnings.warn(
W0000 00:00:1791230418.208452 1031738 tf_tfl_flatbuffer_helpers.cc:364] Ignored output_format.
W0000 00:00:1791230418.208811 1031738 tf_tfl_flatbuffer_helpers.cc:367] Ignored drop_control_dependency.
I0000 00:00:1791230418.209289 1031738 reader.cc:83] Reading SavedModel from: /tmp/tmpxnrqd58y
I0000 00:00:1791230418.211224 1031738 reader.cc:52] Reading meta graph with tags { serve }
I0000 00:00:1791230418.211623 1031738 reader.cc:147] Reading SavedModel debug info (if present) from: /tmp/tmpxnrqd58y
I0000 00:00:1791230418.219280 1031738 loader.cc:236] Restoring SavedModel bundle.
I0000 00:00:1791230418.251282 1031738 loader.cc:220] Running initialization op on SavedModel bundle at path: /tmp/tmpxnrqd58y
I0000 00:00:1791230418.263069 1031738 loader.cc:471] SavedModel load for tags { serve }; Status: success: OK. Took 53794 microseconds.
/home/danielpark605/tinyml-venv/lib/python3.12/site-packages/tensorflow/lite/python/interpreter.py:457: UserWarning:     Warning: tf.lite.Interpreter is deprecated and is scheduled for deletion in
    TF 2.20. Please use the LiteRT interpreter from the ai_edge_litert package.
    See the [migration guide](https://ai.google.dev/edge/litert/migration)
    for details.
    
  warnings.warn(_INTERPRETER_DELETION_WARNING)
   [QAT Strip] Input model type: Functional
   [QAT Strip] Input model class: tf_keras.src.engine.functional.Functional
   [QAT Strip] Creating TF.Keras Functional model with input shape: (43,)
   [QAT Strip] TF_USE_LEGACY_KERAS=1
   [QAT Strip] 4 Dense layers after BatchNorm folding
   [QAT Strip] Created model type: Functional
   [QAT Strip] Model class: tf_keras.src.engine.functional.Functional
   [QAT Strip] Total layers: 5
   [QAT Strip] Is tensorflow.keras model: False
   [QAT Strip] WARNING: Model is not tensorflow.keras! QAT may fail.
✅ Saved (QAT): data/processed/revision/2026-10-05_x1_calib_methods/quant_lit/ton_near_iid_v2/fq_pct999_client2_d0.tflite (189.26 KB)
   Quantization: 10/16 tensors (62.5%)
   Input: <class 'numpy.float32'>, Output: <class 'numpy.float32'>
  [ton_near_iid_v2] fq_pct999              client2      d0 f1=0.9939 far=0.0353 missed=28/16215
/home/danielpark605/tinyml-venv/lib/python3.12/site-packages/tensorflow/lite/python/convert.py:846: UserWarning: Statistics for quantized inputs were expected, but not specified; continuing anyway.
  warnings.warn(
W0000 00:00:1791230419.365633 1031738 tf_tfl_flatbuffer_helpers.cc:364] Ignored output_format.
W0000 00:00:1791230419.365996 1031738 tf_tfl_flatbuffer_helpers.cc:367] Ignored drop_control_dependency.
I0000 00:00:1791230419.366464 1031738 reader.cc:83] Reading SavedModel from: /tmp/tmp7dx2wwn7
I0000 00:00:1791230419.367786 1031738 reader.cc:52] Reading meta graph with tags { serve }
I0000 00:00:1791230419.368166 1031738 reader.cc:147] Reading SavedModel debug info (if present) from: /tmp/tmp7dx2wwn7
I0000 00:00:1791230419.374635 1031738 loader.cc:236] Restoring SavedModel bundle.
I0000 00:00:1791230419.402102 1031738 loader.cc:220] Running initialization op on SavedModel bundle at path: /tmp/tmp7dx2wwn7
I0000 00:00:1791230419.411354 1031738 loader.cc:471] SavedModel load for tags { serve }; Status: success: OK. Took 44907 microseconds.
/home/danielpark605/tinyml-venv/lib/python3.12/site-packages/tensorflow/lite/python/interpreter.py:457: UserWarning:     Warning: tf.lite.Interpreter is deprecated and is scheduled for deletion in
    TF 2.20. Please use the LiteRT interpreter from the ai_edge_litert package.
    See the [migration guide](https://ai.google.dev/edge/litert/migration)
    for details.
    
  warnings.warn(_INTERPRETER_DELETION_WARNING)
   [QAT Strip] Input model type: Functional
   [QAT Strip] Input model class: tf_keras.src.engine.functional.Functional
   [QAT Strip] Creating TF.Keras Functional model with input shape: (43,)
   [QAT Strip] TF_USE_LEGACY_KERAS=1
   [QAT Strip] 4 Dense layers after BatchNorm folding
   [QAT Strip] Created model type: Functional
   [QAT Strip] Model class: tf_keras.src.engine.functional.Functional
   [QAT Strip] Total layers: 5
   [QAT Strip] Is tensorflow.keras model: False
   [QAT Strip] WARNING: Model is not tensorflow.keras! QAT may fail.
✅ Saved (QAT): data/processed/revision/2026-10-05_x1_calib_methods/quant_lit/ton_near_iid_v2/fq_pct9999_client2_d0.tflite (189.26 KB)
   Quantization: 10/16 tensors (62.5%)
   Input: <class 'numpy.float32'>, Output: <class 'numpy.float32'>
  [ton_near_iid_v2] fq_pct9999             client2      d0 f1=0.9940 far=0.0359 missed=24/16215
/home/danielpark605/tinyml-venv/lib/python3.12/site-packages/tensorflow/lite/python/convert.py:846: UserWarning: Statistics for quantized inputs were expected, but not specified; continuing anyway.
  warnings.warn(
W0000 00:00:1791230420.651980 1031738 tf_tfl_flatbuffer_helpers.cc:364] Ignored output_format.
W0000 00:00:1791230420.652393 1031738 tf_tfl_flatbuffer_helpers.cc:367] Ignored drop_control_dependency.
I0000 00:00:1791230420.653070 1031738 reader.cc:83] Reading SavedModel from: /tmp/tmptkubom3q
I0000 00:00:1791230420.655303 1031738 reader.cc:52] Reading meta graph with tags { serve }
I0000 00:00:1791230420.655781 1031738 reader.cc:147] Reading SavedModel debug info (if present) from: /tmp/tmptkubom3q
I0000 00:00:1791230420.663721 1031738 loader.cc:236] Restoring SavedModel bundle.
I0000 00:00:1791230420.691706 1031738 loader.cc:220] Running initialization op on SavedModel bundle at path: /tmp/tmptkubom3q
I0000 00:00:1791230420.700794 1031738 loader.cc:471] SavedModel load for tags { serve }; Status: success: OK. Took 47736 microseconds.
/home/danielpark605/tinyml-venv/lib/python3.12/site-packages/tensorflow/lite/python/interpreter.py:457: UserWarning:     Warning: tf.lite.Interpreter is deprecated and is scheduled for deletion in
    TF 2.20. Please use the LiteRT interpreter from the ai_edge_litert package.
    See the [migration guide](https://ai.google.dev/edge/litert/migration)
    for details.
    
  warnings.warn(_INTERPRETER_DELETION_WARNING)
   [QAT Strip] Input model type: Functional
   [QAT Strip] Input model class: tf_keras.src.engine.functional.Functional
   [QAT Strip] Creating TF.Keras Functional model with input shape: (43,)
   [QAT Strip] TF_USE_LEGACY_KERAS=1
   [QAT Strip] 4 Dense layers after BatchNorm folding
   [QAT Strip] Created model type: Functional
   [QAT Strip] Model class: tf_keras.src.engine.functional.Functional
   [QAT Strip] Total layers: 5
   [QAT Strip] Is tensorflow.keras model: False
   [QAT Strip] WARNING: Model is not tensorflow.keras! QAT may fail.
✅ Saved (QAT): data/processed/revision/2026-10-05_x1_calib_methods/quant_lit/ton_near_iid_v2/fq_mse_client2_d0.tflite (189.26 KB)
   Quantization: 10/16 tensors (62.5%)
   Input: <class 'numpy.float32'>, Output: <class 'numpy.float32'>
  [ton_near_iid_v2] fq_mse                 client2      d0 f1=0.9793 far=0.0342 missed=498/16215
/home/danielpark605/tinyml-venv/lib/python3.12/site-packages/tensorflow/lite/python/convert.py:846: UserWarning: Statistics for quantized inputs were expected, but not specified; continuing anyway.
  warnings.warn(
W0000 00:00:1791230421.863960 1031738 tf_tfl_flatbuffer_helpers.cc:364] Ignored output_format.
W0000 00:00:1791230421.864328 1031738 tf_tfl_flatbuffer_helpers.cc:367] Ignored drop_control_dependency.
I0000 00:00:1791230421.864760 1031738 reader.cc:83] Reading SavedModel from: /tmp/tmpal2ao_uy
I0000 00:00:1791230421.866076 1031738 reader.cc:52] Reading meta graph with tags { serve }
I0000 00:00:1791230421.866440 1031738 reader.cc:147] Reading SavedModel debug info (if present) from: /tmp/tmpal2ao_uy
I0000 00:00:1791230421.873087 1031738 loader.cc:236] Restoring SavedModel bundle.
I0000 00:00:1791230421.902727 1031738 loader.cc:220] Running initialization op on SavedModel bundle at path: /tmp/tmpal2ao_uy
I0000 00:00:1791230421.911347 1031738 loader.cc:471] SavedModel load for tags { serve }; Status: success: OK. Took 46600 microseconds.
/home/danielpark605/tinyml-venv/lib/python3.12/site-packages/tensorflow/lite/python/interpreter.py:457: UserWarning:     Warning: tf.lite.Interpreter is deprecated and is scheduled for deletion in
    TF 2.20. Please use the LiteRT interpreter from the ai_edge_litert package.
    See the [migration guide](https://ai.google.dev/edge/litert/migration)
    for details.
    
  warnings.warn(_INTERPRETER_DELETION_WARNING)
   [QAT Strip] Input model type: Functional
   [QAT Strip] Input model class: tf_keras.src.engine.functional.Functional
   [QAT Strip] Creating TF.Keras Functional model with input shape: (43,)
   [QAT Strip] TF_USE_LEGACY_KERAS=1
   [QAT Strip] 4 Dense layers after BatchNorm folding
   [QAT Strip] Created model type: Functional
   [QAT Strip] Model class: tf_keras.src.engine.functional.Functional
   [QAT Strip] Total layers: 5
   [QAT Strip] Is tensorflow.keras model: False
   [QAT Strip] WARNING: Model is not tensorflow.keras! QAT may fail.
✅ Saved (QAT): data/processed/revision/2026-10-05_x1_calib_methods/quant_lit/ton_near_iid_v2/fq_kl_client2_d0.tflite (189.26 KB)
   Quantization: 10/16 tensors (62.5%)
   Input: <class 'numpy.float32'>, Output: <class 'numpy.float32'>
  [ton_near_iid_v2] fq_kl                  client2      d0 f1=0.9926 far=0.0442 missed=27/16215
/home/danielpark605/tinyml-venv/lib/python3.12/site-packages/tensorflow/lite/python/convert.py:846: UserWarning: Statistics for quantized inputs were expected, but not specified; continuing anyway.
  warnings.warn(
W0000 00:00:1791230423.049500 1031738 tf_tfl_flatbuffer_helpers.cc:364] Ignored output_format.
W0000 00:00:1791230423.049929 1031738 tf_tfl_flatbuffer_helpers.cc:367] Ignored drop_control_dependency.
I0000 00:00:1791230423.050391 1031738 reader.cc:83] Reading SavedModel from: /tmp/tmpbd89xst_
I0000 00:00:1791230423.052391 1031738 reader.cc:52] Reading meta graph with tags { serve }
I0000 00:00:1791230423.052743 1031738 reader.cc:147] Reading SavedModel debug info (if present) from: /tmp/tmpbd89xst_
I0000 00:00:1791230423.060521 1031738 loader.cc:236] Restoring SavedModel bundle.
I0000 00:00:1791230423.088259 1031738 loader.cc:220] Running initialization op on SavedModel bundle at path: /tmp/tmpbd89xst_
I0000 00:00:1791230423.096489 1031738 loader.cc:471] SavedModel load for tags { serve }; Status: success: OK. Took 46120 microseconds.
/home/danielpark605/tinyml-venv/lib/python3.12/site-packages/tensorflow/lite/python/interpreter.py:457: UserWarning:     Warning: tf.lite.Interpreter is deprecated and is scheduled for deletion in
    TF 2.20. Please use the LiteRT interpreter from the ai_edge_litert package.
    See the [migration guide](https://ai.google.dev/edge/litert/migration)
    for details.
    
  warnings.warn(_INTERPRETER_DELETION_WARNING)
   [QAT Strip] Input model type: Functional
   [QAT Strip] Input model class: tf_keras.src.engine.functional.Functional
   [QAT Strip] Creating TF.Keras Functional model with input shape: (43,)
   [QAT Strip] TF_USE_LEGACY_KERAS=1
   [QAT Strip] 4 Dense layers after BatchNorm folding
   [QAT Strip] Created model type: Functional
   [QAT Strip] Model class: tf_keras.src.engine.functional.Functional
   [QAT Strip] Total layers: 5
   [QAT Strip] Is tensorflow.keras model: False
   [QAT Strip] WARNING: Model is not tensorflow.keras! QAT may fail.
✅ Saved (QAT): data/processed/revision/2026-10-05_x1_calib_methods/quant_lit/ton_near_iid_v2/fq_clip5_max_client2_d0.tflite (189.26 KB)
   Quantization: 10/16 tensors (62.5%)
   Input: <class 'numpy.float32'>, Output: <class 'numpy.float32'>
  [ton_near_iid_v2] fq_clip5_max           client2      d0 f1=0.9919 far=0.0494 missed=27/16215
/home/danielpark605/tinyml-venv/lib/python3.12/site-packages/tensorflow/lite/python/convert.py:846: UserWarning: Statistics for quantized inputs were expected, but not specified; continuing anyway.
  warnings.warn(
W0000 00:00:1791230423.527890 1031738 tf_tfl_flatbuffer_helpers.cc:364] Ignored output_format.
W0000 00:00:1791230423.528268 1031738 tf_tfl_flatbuffer_helpers.cc:367] Ignored drop_control_dependency.
I0000 00:00:1791230423.528753 1031738 reader.cc:83] Reading SavedModel from: /tmp/tmp4zxc1six
I0000 00:00:1791230423.529420 1031738 reader.cc:52] Reading meta graph with tags { serve }
I0000 00:00:1791230423.529753 1031738 reader.cc:147] Reading SavedModel debug info (if present) from: /tmp/tmp4zxc1six
I0000 00:00:1791230423.531764 1031738 loader.cc:236] Restoring SavedModel bundle.
I0000 00:00:1791230423.543276 1031738 loader.cc:220] Running initialization op on SavedModel bundle at path: /tmp/tmp4zxc1six
I0000 00:00:1791230423.547355 1031738 loader.cc:471] SavedModel load for tags { serve }; Status: success: OK. Took 18609 microseconds.
fully_quantize: 0, inference_type: 6, input_inference_type: FLOAT32, output_inference_type: FLOAT32
W0000 00:00:1791230423.642048 1031738 flatbuffer_export.cc:3851] Skipping runtime version metadata in the model. This will be generated by the exporter.
/home/danielpark605/tinyml-venv/lib/python3.12/site-packages/tensorflow/lite/python/interpreter.py:457: UserWarning:     Warning: tf.lite.Interpreter is deprecated and is scheduled for deletion in
    TF 2.20. Please use the LiteRT interpreter from the ai_edge_litert package.
    See the [migration guide](https://ai.google.dev/edge/litert/migration)
    for details.
    
  warnings.warn(_INTERPRETER_DELETION_WARNING)
  [ton_near_iid_v2] tflite_max             client3      d0 f1=0.6873 far=0.0309 missed=7648/16215
/home/danielpark605/tinyml-venv/lib/python3.12/site-packages/tensorflow/lite/python/convert.py:846: UserWarning: Statistics for quantized inputs were expected, but not specified; continuing anyway.
  warnings.warn(
W0000 00:00:1791230423.980320 1031738 tf_tfl_flatbuffer_helpers.cc:364] Ignored output_format.
W0000 00:00:1791230423.980705 1031738 tf_tfl_flatbuffer_helpers.cc:367] Ignored drop_control_dependency.
I0000 00:00:1791230423.981142 1031738 reader.cc:83] Reading SavedModel from: /tmp/tmpptzhcgdj
I0000 00:00:1791230423.982013 1031738 reader.cc:52] Reading meta graph with tags { serve }
I0000 00:00:1791230423.982448 1031738 reader.cc:147] Reading SavedModel debug info (if present) from: /tmp/tmpptzhcgdj
I0000 00:00:1791230423.984976 1031738 loader.cc:236] Restoring SavedModel bundle.
I0000 00:00:1791230423.997895 1031738 loader.cc:220] Running initialization op on SavedModel bundle at path: /tmp/tmpptzhcgdj
I0000 00:00:1791230424.001506 1031738 loader.cc:471] SavedModel load for tags { serve }; Status: success: OK. Took 20373 microseconds.
fully_quantize: 0, inference_type: 6, input_inference_type: FLOAT32, output_inference_type: FLOAT32
W0000 00:00:1791230424.097733 1031738 flatbuffer_export.cc:3851] Skipping runtime version metadata in the model. This will be generated by the exporter.
/home/danielpark605/tinyml-venv/lib/python3.12/site-packages/tensorflow/lite/python/interpreter.py:457: UserWarning:     Warning: tf.lite.Interpreter is deprecated and is scheduled for deletion in
    TF 2.20. Please use the LiteRT interpreter from the ai_edge_litert package.
    See the [migration guide](https://ai.google.dev/edge/litert/migration)
    for details.
    
  warnings.warn(_INTERPRETER_DELETION_WARNING)
  [ton_near_iid_v2] tflite_clip5           client3      d0 f1=0.9919 far=0.0494 missed=27/16215
/home/danielpark605/tinyml-venv/lib/python3.12/site-packages/tensorflow/lite/python/convert.py:846: UserWarning: Statistics for quantized inputs were expected, but not specified; continuing anyway.
  warnings.warn(
W0000 00:00:1791230424.423544 1031738 tf_tfl_flatbuffer_helpers.cc:364] Ignored output_format.
W0000 00:00:1791230424.423941 1031738 tf_tfl_flatbuffer_helpers.cc:367] Ignored drop_control_dependency.
I0000 00:00:1791230424.424398 1031738 reader.cc:83] Reading SavedModel from: /tmp/tmp94bckgvs
I0000 00:00:1791230424.425036 1031738 reader.cc:52] Reading meta graph with tags { serve }
I0000 00:00:1791230424.425366 1031738 reader.cc:147] Reading SavedModel debug info (if present) from: /tmp/tmp94bckgvs
I0000 00:00:1791230424.427293 1031738 loader.cc:236] Restoring SavedModel bundle.
I0000 00:00:1791230424.437723 1031738 loader.cc:220] Running initialization op on SavedModel bundle at path: /tmp/tmp94bckgvs
I0000 00:00:1791230424.441284 1031738 loader.cc:471] SavedModel load for tags { serve }; Status: success: OK. Took 16898 microseconds.
fully_quantize: 0, inference_type: 6, input_inference_type: FLOAT32, output_inference_type: FLOAT32
W0000 00:00:1791230424.538932 1031738 flatbuffer_export.cc:3851] Skipping runtime version metadata in the model. This will be generated by the exporter.
/home/danielpark605/tinyml-venv/lib/python3.12/site-packages/tensorflow/lite/python/interpreter.py:457: UserWarning:     Warning: tf.lite.Interpreter is deprecated and is scheduled for deletion in
    TF 2.20. Please use the LiteRT interpreter from the ai_edge_litert package.
    See the [migration guide](https://ai.google.dev/edge/litert/migration)
    for details.
    
  warnings.warn(_INTERPRETER_DELETION_WARNING)
  [ton_near_iid_v2] tflite_max_per_tensor  client3      d0 f1=0.9591 far=0.0326 missed=1129/16215
/home/danielpark605/tinyml-venv/lib/python3.12/site-packages/tensorflow/lite/python/convert.py:846: UserWarning: Statistics for quantized inputs were expected, but not specified; continuing anyway.
  warnings.warn(
W0000 00:00:1791230425.708854 1031738 tf_tfl_flatbuffer_helpers.cc:364] Ignored output_format.
W0000 00:00:1791230425.709217 1031738 tf_tfl_flatbuffer_helpers.cc:367] Ignored drop_control_dependency.
I0000 00:00:1791230425.709682 1031738 reader.cc:83] Reading SavedModel from: /tmp/tmpgvjhrsrj
I0000 00:00:1791230425.711037 1031738 reader.cc:52] Reading meta graph with tags { serve }
I0000 00:00:1791230425.711407 1031738 reader.cc:147] Reading SavedModel debug info (if present) from: /tmp/tmpgvjhrsrj
I0000 00:00:1791230425.717351 1031738 loader.cc:236] Restoring SavedModel bundle.
I0000 00:00:1791230425.746459 1031738 loader.cc:220] Running initialization op on SavedModel bundle at path: /tmp/tmpgvjhrsrj
I0000 00:00:1791230425.754931 1031738 loader.cc:471] SavedModel load for tags { serve }; Status: success: OK. Took 45264 microseconds.
/home/danielpark605/tinyml-venv/lib/python3.12/site-packages/tensorflow/lite/python/interpreter.py:457: UserWarning:     Warning: tf.lite.Interpreter is deprecated and is scheduled for deletion in
    TF 2.20. Please use the LiteRT interpreter from the ai_edge_litert package.
    See the [migration guide](https://ai.google.dev/edge/litert/migration)
    for details.
    
  warnings.warn(_INTERPRETER_DELETION_WARNING)
   [QAT Strip] Input model type: Functional
   [QAT Strip] Input model class: tf_keras.src.engine.functional.Functional
   [QAT Strip] Creating TF.Keras Functional model with input shape: (43,)
   [QAT Strip] TF_USE_LEGACY_KERAS=1
   [QAT Strip] 4 Dense layers after BatchNorm folding
   [QAT Strip] Created model type: Functional
   [QAT Strip] Model class: tf_keras.src.engine.functional.Functional
   [QAT Strip] Total layers: 5
   [QAT Strip] Is tensorflow.keras model: False
   [QAT Strip] WARNING: Model is not tensorflow.keras! QAT may fail.
✅ Saved (QAT): data/processed/revision/2026-10-05_x1_calib_methods/quant_lit/ton_near_iid_v2/fq_max_client3_d0.tflite (189.26 KB)
   Quantization: 10/16 tensors (62.5%)
   Input: <class 'numpy.float32'>, Output: <class 'numpy.float32'>
  [ton_near_iid_v2] fq_max                 client3      d0 f1=0.9591 far=0.0326 missed=1129/16215
/home/danielpark605/tinyml-venv/lib/python3.12/site-packages/tensorflow/lite/python/convert.py:846: UserWarning: Statistics for quantized inputs were expected, but not specified; continuing anyway.
  warnings.warn(
W0000 00:00:1791230426.870304 1031738 tf_tfl_flatbuffer_helpers.cc:364] Ignored output_format.
W0000 00:00:1791230426.870649 1031738 tf_tfl_flatbuffer_helpers.cc:367] Ignored drop_control_dependency.
I0000 00:00:1791230426.871096 1031738 reader.cc:83] Reading SavedModel from: /tmp/tmpswcd2eqo
I0000 00:00:1791230426.873251 1031738 reader.cc:52] Reading meta graph with tags { serve }
I0000 00:00:1791230426.873634 1031738 reader.cc:147] Reading SavedModel debug info (if present) from: /tmp/tmpswcd2eqo
I0000 00:00:1791230426.880637 1031738 loader.cc:236] Restoring SavedModel bundle.
I0000 00:00:1791230426.910244 1031738 loader.cc:220] Running initialization op on SavedModel bundle at path: /tmp/tmpswcd2eqo
I0000 00:00:1791230426.918848 1031738 loader.cc:471] SavedModel load for tags { serve }; Status: success: OK. Took 47766 microseconds.
/home/danielpark605/tinyml-venv/lib/python3.12/site-packages/tensorflow/lite/python/interpreter.py:457: UserWarning:     Warning: tf.lite.Interpreter is deprecated and is scheduled for deletion in
    TF 2.20. Please use the LiteRT interpreter from the ai_edge_litert package.
    See the [migration guide](https://ai.google.dev/edge/litert/migration)
    for details.
    
  warnings.warn(_INTERPRETER_DELETION_WARNING)
   [QAT Strip] Input model type: Functional
   [QAT Strip] Input model class: tf_keras.src.engine.functional.Functional
   [QAT Strip] Creating TF.Keras Functional model with input shape: (43,)
   [QAT Strip] TF_USE_LEGACY_KERAS=1
   [QAT Strip] 4 Dense layers after BatchNorm folding
   [QAT Strip] Created model type: Functional
   [QAT Strip] Model class: tf_keras.src.engine.functional.Functional
   [QAT Strip] Total layers: 5
   [QAT Strip] Is tensorflow.keras model: False
   [QAT Strip] WARNING: Model is not tensorflow.keras! QAT may fail.
✅ Saved (QAT): data/processed/revision/2026-10-05_x1_calib_methods/quant_lit/ton_near_iid_v2/fq_pct999_client3_d0.tflite (189.26 KB)
   Quantization: 10/16 tensors (62.5%)
   Input: <class 'numpy.float32'>, Output: <class 'numpy.float32'>
  [ton_near_iid_v2] fq_pct999              client3      d0 f1=0.9940 far=0.0353 missed=26/16215
/home/danielpark605/tinyml-venv/lib/python3.12/site-packages/tensorflow/lite/python/convert.py:846: UserWarning: Statistics for quantized inputs were expected, but not specified; continuing anyway.
  warnings.warn(
W0000 00:00:1791230428.027082 1031738 tf_tfl_flatbuffer_helpers.cc:364] Ignored output_format.
W0000 00:00:1791230428.027458 1031738 tf_tfl_flatbuffer_helpers.cc:367] Ignored drop_control_dependency.
I0000 00:00:1791230428.027918 1031738 reader.cc:83] Reading SavedModel from: /tmp/tmpgdyo1o4t
I0000 00:00:1791230428.029502 1031738 reader.cc:52] Reading meta graph with tags { serve }
I0000 00:00:1791230428.029818 1031738 reader.cc:147] Reading SavedModel debug info (if present) from: /tmp/tmpgdyo1o4t
I0000 00:00:1791230428.036821 1031738 loader.cc:236] Restoring SavedModel bundle.
I0000 00:00:1791230428.063524 1031738 loader.cc:220] Running initialization op on SavedModel bundle at path: /tmp/tmpgdyo1o4t
I0000 00:00:1791230428.071872 1031738 loader.cc:471] SavedModel load for tags { serve }; Status: success: OK. Took 43963 microseconds.
/home/danielpark605/tinyml-venv/lib/python3.12/site-packages/tensorflow/lite/python/interpreter.py:457: UserWarning:     Warning: tf.lite.Interpreter is deprecated and is scheduled for deletion in
    TF 2.20. Please use the LiteRT interpreter from the ai_edge_litert package.
    See the [migration guide](https://ai.google.dev/edge/litert/migration)
    for details.
    
  warnings.warn(_INTERPRETER_DELETION_WARNING)
   [QAT Strip] Input model type: Functional
   [QAT Strip] Input model class: tf_keras.src.engine.functional.Functional
   [QAT Strip] Creating TF.Keras Functional model with input shape: (43,)
   [QAT Strip] TF_USE_LEGACY_KERAS=1
   [QAT Strip] 4 Dense layers after BatchNorm folding
   [QAT Strip] Created model type: Functional
   [QAT Strip] Model class: tf_keras.src.engine.functional.Functional
   [QAT Strip] Total layers: 5
   [QAT Strip] Is tensorflow.keras model: False
   [QAT Strip] WARNING: Model is not tensorflow.keras! QAT may fail.
✅ Saved (QAT): data/processed/revision/2026-10-05_x1_calib_methods/quant_lit/ton_near_iid_v2/fq_pct9999_client3_d0.tflite (189.26 KB)
   Quantization: 10/16 tensors (62.5%)
   Input: <class 'numpy.float32'>, Output: <class 'numpy.float32'>
  [ton_near_iid_v2] fq_pct9999             client3      d0 f1=0.9881 far=0.0371 missed=207/16215
/home/danielpark605/tinyml-venv/lib/python3.12/site-packages/tensorflow/lite/python/convert.py:846: UserWarning: Statistics for quantized inputs were expected, but not specified; continuing anyway.
  warnings.warn(
W0000 00:00:1791230429.507035 1031738 tf_tfl_flatbuffer_helpers.cc:364] Ignored output_format.
W0000 00:00:1791230429.507391 1031738 tf_tfl_flatbuffer_helpers.cc:367] Ignored drop_control_dependency.
I0000 00:00:1791230429.507894 1031738 reader.cc:83] Reading SavedModel from: /tmp/tmphs6adwt3
I0000 00:00:1791230429.509447 1031738 reader.cc:52] Reading meta graph with tags { serve }
I0000 00:00:1791230429.509808 1031738 reader.cc:147] Reading SavedModel debug info (if present) from: /tmp/tmphs6adwt3
I0000 00:00:1791230429.515903 1031738 loader.cc:236] Restoring SavedModel bundle.
I0000 00:00:1791230429.543709 1031738 loader.cc:220] Running initialization op on SavedModel bundle at path: /tmp/tmphs6adwt3
I0000 00:00:1791230429.552789 1031738 loader.cc:471] SavedModel load for tags { serve }; Status: success: OK. Took 44909 microseconds.
/home/danielpark605/tinyml-venv/lib/python3.12/site-packages/tensorflow/lite/python/interpreter.py:457: UserWarning:     Warning: tf.lite.Interpreter is deprecated and is scheduled for deletion in
    TF 2.20. Please use the LiteRT interpreter from the ai_edge_litert package.
    See the [migration guide](https://ai.google.dev/edge/litert/migration)
    for details.
    
  warnings.warn(_INTERPRETER_DELETION_WARNING)
   [QAT Strip] Input model type: Functional
   [QAT Strip] Input model class: tf_keras.src.engine.functional.Functional
   [QAT Strip] Creating TF.Keras Functional model with input shape: (43,)
   [QAT Strip] TF_USE_LEGACY_KERAS=1
   [QAT Strip] 4 Dense layers after BatchNorm folding
   [QAT Strip] Created model type: Functional
   [QAT Strip] Model class: tf_keras.src.engine.functional.Functional
   [QAT Strip] Total layers: 5
   [QAT Strip] Is tensorflow.keras model: False
   [QAT Strip] WARNING: Model is not tensorflow.keras! QAT may fail.
✅ Saved (QAT): data/processed/revision/2026-10-05_x1_calib_methods/quant_lit/ton_near_iid_v2/fq_mse_client3_d0.tflite (189.26 KB)
   Quantization: 10/16 tensors (62.5%)
   Input: <class 'numpy.float32'>, Output: <class 'numpy.float32'>
  [ton_near_iid_v2] fq_mse                 client3      d0 f1=0.9523 far=0.0288 missed=1349/16215
/home/danielpark605/tinyml-venv/lib/python3.12/site-packages/tensorflow/lite/python/convert.py:846: UserWarning: Statistics for quantized inputs were expected, but not specified; continuing anyway.
  warnings.warn(
W0000 00:00:1791230432.223118 1031738 tf_tfl_flatbuffer_helpers.cc:364] Ignored output_format.
W0000 00:00:1791230432.223490 1031738 tf_tfl_flatbuffer_helpers.cc:367] Ignored drop_control_dependency.
I0000 00:00:1791230432.223936 1031738 reader.cc:83] Reading SavedModel from: /tmp/tmp8ssyu1it
I0000 00:00:1791230432.225788 1031738 reader.cc:52] Reading meta graph with tags { serve }
I0000 00:00:1791230432.226186 1031738 reader.cc:147] Reading SavedModel debug info (if present) from: /tmp/tmp8ssyu1it
I0000 00:00:1791230432.234531 1031738 loader.cc:236] Restoring SavedModel bundle.
I0000 00:00:1791230432.264282 1031738 loader.cc:220] Running initialization op on SavedModel bundle at path: /tmp/tmp8ssyu1it
I0000 00:00:1791230432.273280 1031738 loader.cc:471] SavedModel load for tags { serve }; Status: success: OK. Took 49368 microseconds.
/home/danielpark605/tinyml-venv/lib/python3.12/site-packages/tensorflow/lite/python/interpreter.py:457: UserWarning:     Warning: tf.lite.Interpreter is deprecated and is scheduled for deletion in
    TF 2.20. Please use the LiteRT interpreter from the ai_edge_litert package.
    See the [migration guide](https://ai.google.dev/edge/litert/migration)
    for details.
    
  warnings.warn(_INTERPRETER_DELETION_WARNING)
   [QAT Strip] Input model type: Functional
   [QAT Strip] Input model class: tf_keras.src.engine.functional.Functional
   [QAT Strip] Creating TF.Keras Functional model with input shape: (43,)
   [QAT Strip] TF_USE_LEGACY_KERAS=1
   [QAT Strip] 4 Dense layers after BatchNorm folding
   [QAT Strip] Created model type: Functional
   [QAT Strip] Model class: tf_keras.src.engine.functional.Functional
   [QAT Strip] Total layers: 5
   [QAT Strip] Is tensorflow.keras model: False
   [QAT Strip] WARNING: Model is not tensorflow.keras! QAT may fail.
✅ Saved (QAT): data/processed/revision/2026-10-05_x1_calib_methods/quant_lit/ton_near_iid_v2/fq_kl_client3_d0.tflite (189.26 KB)
   Quantization: 10/16 tensors (62.5%)
   Input: <class 'numpy.float32'>, Output: <class 'numpy.float32'>
  [ton_near_iid_v2] fq_kl                  client3      d0 f1=0.9937 far=0.0361 missed=32/16215
/home/danielpark605/tinyml-venv/lib/python3.12/site-packages/tensorflow/lite/python/convert.py:846: UserWarning: Statistics for quantized inputs were expected, but not specified; continuing anyway.
  warnings.warn(
W0000 00:00:1791230433.348567 1031738 tf_tfl_flatbuffer_helpers.cc:364] Ignored output_format.
W0000 00:00:1791230433.348979 1031738 tf_tfl_flatbuffer_helpers.cc:367] Ignored drop_control_dependency.
I0000 00:00:1791230433.349469 1031738 reader.cc:83] Reading SavedModel from: /tmp/tmp7ecsis1c
I0000 00:00:1791230433.351512 1031738 reader.cc:52] Reading meta graph with tags { serve }
I0000 00:00:1791230433.351867 1031738 reader.cc:147] Reading SavedModel debug info (if present) from: /tmp/tmp7ecsis1c
I0000 00:00:1791230433.360085 1031738 loader.cc:236] Restoring SavedModel bundle.
I0000 00:00:1791230433.388345 1031738 loader.cc:220] Running initialization op on SavedModel bundle at path: /tmp/tmp7ecsis1c
I0000 00:00:1791230433.396639 1031738 loader.cc:471] SavedModel load for tags { serve }; Status: success: OK. Took 47180 microseconds.
/home/danielpark605/tinyml-venv/lib/python3.12/site-packages/tensorflow/lite/python/interpreter.py:457: UserWarning:     Warning: tf.lite.Interpreter is deprecated and is scheduled for deletion in
    TF 2.20. Please use the LiteRT interpreter from the ai_edge_litert package.
    See the [migration guide](https://ai.google.dev/edge/litert/migration)
    for details.
    
  warnings.warn(_INTERPRETER_DELETION_WARNING)
   [QAT Strip] Input model type: Functional
   [QAT Strip] Input model class: tf_keras.src.engine.functional.Functional
   [QAT Strip] Creating TF.Keras Functional model with input shape: (43,)
   [QAT Strip] TF_USE_LEGACY_KERAS=1
   [QAT Strip] 4 Dense layers after BatchNorm folding
   [QAT Strip] Created model type: Functional
   [QAT Strip] Model class: tf_keras.src.engine.functional.Functional
   [QAT Strip] Total layers: 5
   [QAT Strip] Is tensorflow.keras model: False
   [QAT Strip] WARNING: Model is not tensorflow.keras! QAT may fail.
✅ Saved (QAT): data/processed/revision/2026-10-05_x1_calib_methods/quant_lit/ton_near_iid_v2/fq_clip5_max_client3_d0.tflite (189.26 KB)
   Quantization: 10/16 tensors (62.5%)
   Input: <class 'numpy.float32'>, Output: <class 'numpy.float32'>
  [ton_near_iid_v2] fq_clip5_max           client3      d0 f1=0.9919 far=0.0494 missed=27/16215
/home/danielpark605/tinyml-venv/lib/python3.12/site-packages/tensorflow/lite/python/convert.py:846: UserWarning: Statistics for quantized inputs were expected, but not specified; continuing anyway.
  warnings.warn(
W0000 00:00:1791230433.809116 1031738 tf_tfl_flatbuffer_helpers.cc:364] Ignored output_format.
W0000 00:00:1791230433.809483 1031738 tf_tfl_flatbuffer_helpers.cc:367] Ignored drop_control_dependency.
I0000 00:00:1791230433.809958 1031738 reader.cc:83] Reading SavedModel from: /tmp/tmp65o4p3md
I0000 00:00:1791230433.810733 1031738 reader.cc:52] Reading meta graph with tags { serve }
I0000 00:00:1791230433.811070 1031738 reader.cc:147] Reading SavedModel debug info (if present) from: /tmp/tmp65o4p3md
I0000 00:00:1791230433.813583 1031738 loader.cc:236] Restoring SavedModel bundle.
I0000 00:00:1791230433.825155 1031738 loader.cc:220] Running initialization op on SavedModel bundle at path: /tmp/tmp65o4p3md
I0000 00:00:1791230433.828745 1031738 loader.cc:471] SavedModel load for tags { serve }; Status: success: OK. Took 18795 microseconds.
fully_quantize: 0, inference_type: 6, input_inference_type: FLOAT32, output_inference_type: FLOAT32
W0000 00:00:1791230433.916955 1031738 flatbuffer_export.cc:3851] Skipping runtime version metadata in the model. This will be generated by the exporter.
/home/danielpark605/tinyml-venv/lib/python3.12/site-packages/tensorflow/lite/python/interpreter.py:457: UserWarning:     Warning: tf.lite.Interpreter is deprecated and is scheduled for deletion in
    TF 2.20. Please use the LiteRT interpreter from the ai_edge_litert package.
    See the [migration guide](https://ai.google.dev/edge/litert/migration)
    for details.
    
  warnings.warn(_INTERPRETER_DELETION_WARNING)
  [ton_near_iid_v2] tflite_max             pooled_rand  d1 f1=0.9899 far=0.0382 missed=143/16215
/home/danielpark605/tinyml-venv/lib/python3.12/site-packages/tensorflow/lite/python/convert.py:846: UserWarning: Statistics for quantized inputs were expected, but not specified; continuing anyway.
  warnings.warn(
W0000 00:00:1791230434.471806 1031738 tf_tfl_flatbuffer_helpers.cc:364] Ignored output_format.
W0000 00:00:1791230434.472197 1031738 tf_tfl_flatbuffer_helpers.cc:367] Ignored drop_control_dependency.
I0000 00:00:1791230434.472651 1031738 reader.cc:83] Reading SavedModel from: /tmp/tmp6j28g43c
I0000 00:00:1791230434.473515 1031738 reader.cc:52] Reading meta graph with tags { serve }
I0000 00:00:1791230434.473911 1031738 reader.cc:147] Reading SavedModel debug info (if present) from: /tmp/tmp6j28g43c
I0000 00:00:1791230434.476719 1031738 loader.cc:236] Restoring SavedModel bundle.
I0000 00:00:1791230434.488761 1031738 loader.cc:220] Running initialization op on SavedModel bundle at path: /tmp/tmp6j28g43c
I0000 00:00:1791230434.493175 1031738 loader.cc:471] SavedModel load for tags { serve }; Status: success: OK. Took 20535 microseconds.
fully_quantize: 0, inference_type: 6, input_inference_type: FLOAT32, output_inference_type: FLOAT32
W0000 00:00:1791230434.591068 1031738 flatbuffer_export.cc:3851] Skipping runtime version metadata in the model. This will be generated by the exporter.
/home/danielpark605/tinyml-venv/lib/python3.12/site-packages/tensorflow/lite/python/interpreter.py:457: UserWarning:     Warning: tf.lite.Interpreter is deprecated and is scheduled for deletion in
    TF 2.20. Please use the LiteRT interpreter from the ai_edge_litert package.
    See the [migration guide](https://ai.google.dev/edge/litert/migration)
    for details.
    
  warnings.warn(_INTERPRETER_DELETION_WARNING)
  [ton_near_iid_v2] tflite_clip5           pooled_rand  d1 f1=0.9919 far=0.0496 missed=27/16215
/home/danielpark605/tinyml-venv/lib/python3.12/site-packages/tensorflow/lite/python/convert.py:846: UserWarning: Statistics for quantized inputs were expected, but not specified; continuing anyway.
  warnings.warn(
W0000 00:00:1791230434.916576 1031738 tf_tfl_flatbuffer_helpers.cc:364] Ignored output_format.
W0000 00:00:1791230434.916974 1031738 tf_tfl_flatbuffer_helpers.cc:367] Ignored drop_control_dependency.
I0000 00:00:1791230434.917441 1031738 reader.cc:83] Reading SavedModel from: /tmp/tmptsqvf04x
I0000 00:00:1791230434.918265 1031738 reader.cc:52] Reading meta graph with tags { serve }
I0000 00:00:1791230434.918628 1031738 reader.cc:147] Reading SavedModel debug info (if present) from: /tmp/tmptsqvf04x
I0000 00:00:1791230434.920806 1031738 loader.cc:236] Restoring SavedModel bundle.
I0000 00:00:1791230434.932338 1031738 loader.cc:220] Running initialization op on SavedModel bundle at path: /tmp/tmptsqvf04x
I0000 00:00:1791230434.936590 1031738 loader.cc:471] SavedModel load for tags { serve }; Status: success: OK. Took 19160 microseconds.
fully_quantize: 0, inference_type: 6, input_inference_type: FLOAT32, output_inference_type: FLOAT32
W0000 00:00:1791230435.030894 1031738 flatbuffer_export.cc:3851] Skipping runtime version metadata in the model. This will be generated by the exporter.
/home/danielpark605/tinyml-venv/lib/python3.12/site-packages/tensorflow/lite/python/interpreter.py:457: UserWarning:     Warning: tf.lite.Interpreter is deprecated and is scheduled for deletion in
    TF 2.20. Please use the LiteRT interpreter from the ai_edge_litert package.
    See the [migration guide](https://ai.google.dev/edge/litert/migration)
    for details.
    
  warnings.warn(_INTERPRETER_DELETION_WARNING)
  [ton_near_iid_v2] tflite_max_per_tensor  pooled_rand  d1 f1=0.9899 far=0.0380 missed=146/16215
/home/danielpark605/tinyml-venv/lib/python3.12/site-packages/tensorflow/lite/python/convert.py:846: UserWarning: Statistics for quantized inputs were expected, but not specified; continuing anyway.
  warnings.warn(
W0000 00:00:1791230436.032026 1031738 tf_tfl_flatbuffer_helpers.cc:364] Ignored output_format.
W0000 00:00:1791230436.032412 1031738 tf_tfl_flatbuffer_helpers.cc:367] Ignored drop_control_dependency.
I0000 00:00:1791230436.032872 1031738 reader.cc:83] Reading SavedModel from: /tmp/tmp8ly2aql9
I0000 00:00:1791230436.034416 1031738 reader.cc:52] Reading meta graph with tags { serve }
I0000 00:00:1791230436.034808 1031738 reader.cc:147] Reading SavedModel debug info (if present) from: /tmp/tmp8ly2aql9
I0000 00:00:1791230436.041528 1031738 loader.cc:236] Restoring SavedModel bundle.
I0000 00:00:1791230436.069185 1031738 loader.cc:220] Running initialization op on SavedModel bundle at path: /tmp/tmp8ly2aql9
I0000 00:00:1791230436.077263 1031738 loader.cc:471] SavedModel load for tags { serve }; Status: success: OK. Took 44407 microseconds.
/home/danielpark605/tinyml-venv/lib/python3.12/site-packages/tensorflow/lite/python/interpreter.py:457: UserWarning:     Warning: tf.lite.Interpreter is deprecated and is scheduled for deletion in
    TF 2.20. Please use the LiteRT interpreter from the ai_edge_litert package.
    See the [migration guide](https://ai.google.dev/edge/litert/migration)
    for details.
    
  warnings.warn(_INTERPRETER_DELETION_WARNING)
   [QAT Strip] Input model type: Functional
   [QAT Strip] Input model class: tf_keras.src.engine.functional.Functional
   [QAT Strip] Creating TF.Keras Functional model with input shape: (43,)
   [QAT Strip] TF_USE_LEGACY_KERAS=1
   [QAT Strip] 4 Dense layers after BatchNorm folding
   [QAT Strip] Created model type: Functional
   [QAT Strip] Model class: tf_keras.src.engine.functional.Functional
   [QAT Strip] Total layers: 5
   [QAT Strip] Is tensorflow.keras model: False
   [QAT Strip] WARNING: Model is not tensorflow.keras! QAT may fail.
✅ Saved (QAT): data/processed/revision/2026-10-05_x1_calib_methods/quant_lit/ton_near_iid_v2/fq_max_pooled_rand_d1.tflite (189.26 KB)
   Quantization: 10/16 tensors (62.5%)
   Input: <class 'numpy.float32'>, Output: <class 'numpy.float32'>
  [ton_near_iid_v2] fq_max                 pooled_rand  d1 f1=0.9898 far=0.0365 missed=154/16215
/home/danielpark605/tinyml-venv/lib/python3.12/site-packages/tensorflow/lite/python/convert.py:846: UserWarning: Statistics for quantized inputs were expected, but not specified; continuing anyway.
  warnings.warn(
W0000 00:00:1791230437.157354 1031738 tf_tfl_flatbuffer_helpers.cc:364] Ignored output_format.
W0000 00:00:1791230437.157804 1031738 tf_tfl_flatbuffer_helpers.cc:367] Ignored drop_control_dependency.
I0000 00:00:1791230437.158279 1031738 reader.cc:83] Reading SavedModel from: /tmp/tmp3l3xb9_o
I0000 00:00:1791230437.160358 1031738 reader.cc:52] Reading meta graph with tags { serve }
I0000 00:00:1791230437.160753 1031738 reader.cc:147] Reading SavedModel debug info (if present) from: /tmp/tmp3l3xb9_o
I0000 00:00:1791230437.168887 1031738 loader.cc:236] Restoring SavedModel bundle.
I0000 00:00:1791230437.198005 1031738 loader.cc:220] Running initialization op on SavedModel bundle at path: /tmp/tmp3l3xb9_o
I0000 00:00:1791230437.206231 1031738 loader.cc:471] SavedModel load for tags { serve }; Status: success: OK. Took 47965 microseconds.
/home/danielpark605/tinyml-venv/lib/python3.12/site-packages/tensorflow/lite/python/interpreter.py:457: UserWarning:     Warning: tf.lite.Interpreter is deprecated and is scheduled for deletion in
    TF 2.20. Please use the LiteRT interpreter from the ai_edge_litert package.
    See the [migration guide](https://ai.google.dev/edge/litert/migration)
    for details.
    
  warnings.warn(_INTERPRETER_DELETION_WARNING)
   [QAT Strip] Input model type: Functional
   [QAT Strip] Input model class: tf_keras.src.engine.functional.Functional
   [QAT Strip] Creating TF.Keras Functional model with input shape: (43,)
   [QAT Strip] TF_USE_LEGACY_KERAS=1
   [QAT Strip] 4 Dense layers after BatchNorm folding
   [QAT Strip] Created model type: Functional
   [QAT Strip] Model class: tf_keras.src.engine.functional.Functional
   [QAT Strip] Total layers: 5
   [QAT Strip] Is tensorflow.keras model: False
   [QAT Strip] WARNING: Model is not tensorflow.keras! QAT may fail.
✅ Saved (QAT): data/processed/revision/2026-10-05_x1_calib_methods/quant_lit/ton_near_iid_v2/fq_pct999_pooled_rand_d1.tflite (189.26 KB)
   Quantization: 10/16 tensors (62.5%)
   Input: <class 'numpy.float32'>, Output: <class 'numpy.float32'>
  [ton_near_iid_v2] fq_pct999              pooled_rand  d1 f1=0.9940 far=0.0357 missed=24/16215
/home/danielpark605/tinyml-venv/lib/python3.12/site-packages/tensorflow/lite/python/convert.py:846: UserWarning: Statistics for quantized inputs were expected, but not specified; continuing anyway.
  warnings.warn(
W0000 00:00:1791230438.508904 1031738 tf_tfl_flatbuffer_helpers.cc:364] Ignored output_format.
W0000 00:00:1791230438.509336 1031738 tf_tfl_flatbuffer_helpers.cc:367] Ignored drop_control_dependency.
I0000 00:00:1791230438.509839 1031738 reader.cc:83] Reading SavedModel from: /tmp/tmpymkzspfx
I0000 00:00:1791230438.511385 1031738 reader.cc:52] Reading meta graph with tags { serve }
I0000 00:00:1791230438.511753 1031738 reader.cc:147] Reading SavedModel debug info (if present) from: /tmp/tmpymkzspfx
I0000 00:00:1791230438.518503 1031738 loader.cc:236] Restoring SavedModel bundle.
I0000 00:00:1791230438.547866 1031738 loader.cc:220] Running initialization op on SavedModel bundle at path: /tmp/tmpymkzspfx
I0000 00:00:1791230438.557626 1031738 loader.cc:471] SavedModel load for tags { serve }; Status: success: OK. Took 47798 microseconds.
/home/danielpark605/tinyml-venv/lib/python3.12/site-packages/tensorflow/lite/python/interpreter.py:457: UserWarning:     Warning: tf.lite.Interpreter is deprecated and is scheduled for deletion in
    TF 2.20. Please use the LiteRT interpreter from the ai_edge_litert package.
    See the [migration guide](https://ai.google.dev/edge/litert/migration)
    for details.
    
  warnings.warn(_INTERPRETER_DELETION_WARNING)
   [QAT Strip] Input model type: Functional
   [QAT Strip] Input model class: tf_keras.src.engine.functional.Functional
   [QAT Strip] Creating TF.Keras Functional model with input shape: (43,)
   [QAT Strip] TF_USE_LEGACY_KERAS=1
   [QAT Strip] 4 Dense layers after BatchNorm folding
   [QAT Strip] Created model type: Functional
   [QAT Strip] Model class: tf_keras.src.engine.functional.Functional
   [QAT Strip] Total layers: 5
   [QAT Strip] Is tensorflow.keras model: False
   [QAT Strip] WARNING: Model is not tensorflow.keras! QAT may fail.
✅ Saved (QAT): data/processed/revision/2026-10-05_x1_calib_methods/quant_lit/ton_near_iid_v2/fq_pct9999_pooled_rand_d1.tflite (189.26 KB)
   Quantization: 10/16 tensors (62.5%)
   Input: <class 'numpy.float32'>, Output: <class 'numpy.float32'>
  [ton_near_iid_v2] fq_pct9999             pooled_rand  d1 f1=0.9940 far=0.0363 missed=20/16215
/home/danielpark605/tinyml-venv/lib/python3.12/site-packages/tensorflow/lite/python/convert.py:846: UserWarning: Statistics for quantized inputs were expected, but not specified; continuing anyway.
  warnings.warn(
W0000 00:00:1791230439.805059 1031738 tf_tfl_flatbuffer_helpers.cc:364] Ignored output_format.
W0000 00:00:1791230439.805414 1031738 tf_tfl_flatbuffer_helpers.cc:367] Ignored drop_control_dependency.
I0000 00:00:1791230439.805947 1031738 reader.cc:83] Reading SavedModel from: /tmp/tmpi289c9qi
I0000 00:00:1791230439.808373 1031738 reader.cc:52] Reading meta graph with tags { serve }
I0000 00:00:1791230439.808743 1031738 reader.cc:147] Reading SavedModel debug info (if present) from: /tmp/tmpi289c9qi
I0000 00:00:1791230439.816689 1031738 loader.cc:236] Restoring SavedModel bundle.
I0000 00:00:1791230439.845795 1031738 loader.cc:220] Running initialization op on SavedModel bundle at path: /tmp/tmpi289c9qi
I0000 00:00:1791230439.854515 1031738 loader.cc:471] SavedModel load for tags { serve }; Status: success: OK. Took 48586 microseconds.
/home/danielpark605/tinyml-venv/lib/python3.12/site-packages/tensorflow/lite/python/interpreter.py:457: UserWarning:     Warning: tf.lite.Interpreter is deprecated and is scheduled for deletion in
    TF 2.20. Please use the LiteRT interpreter from the ai_edge_litert package.
    See the [migration guide](https://ai.google.dev/edge/litert/migration)
    for details.
    
  warnings.warn(_INTERPRETER_DELETION_WARNING)
   [QAT Strip] Input model type: Functional
   [QAT Strip] Input model class: tf_keras.src.engine.functional.Functional
   [QAT Strip] Creating TF.Keras Functional model with input shape: (43,)
   [QAT Strip] TF_USE_LEGACY_KERAS=1
   [QAT Strip] 4 Dense layers after BatchNorm folding
   [QAT Strip] Created model type: Functional
   [QAT Strip] Model class: tf_keras.src.engine.functional.Functional
   [QAT Strip] Total layers: 5
   [QAT Strip] Is tensorflow.keras model: False
   [QAT Strip] WARNING: Model is not tensorflow.keras! QAT may fail.
✅ Saved (QAT): data/processed/revision/2026-10-05_x1_calib_methods/quant_lit/ton_near_iid_v2/fq_mse_pooled_rand_d1.tflite (189.26 KB)
   Quantization: 10/16 tensors (62.5%)
   Input: <class 'numpy.float32'>, Output: <class 'numpy.float32'>
  [ton_near_iid_v2] fq_mse                 pooled_rand  d1 f1=0.9937 far=0.0338 missed=42/16215
/home/danielpark605/tinyml-venv/lib/python3.12/site-packages/tensorflow/lite/python/convert.py:846: UserWarning: Statistics for quantized inputs were expected, but not specified; continuing anyway.
  warnings.warn(
W0000 00:00:1791230442.779468 1031738 tf_tfl_flatbuffer_helpers.cc:364] Ignored output_format.
W0000 00:00:1791230442.779903 1031738 tf_tfl_flatbuffer_helpers.cc:367] Ignored drop_control_dependency.
I0000 00:00:1791230442.780504 1031738 reader.cc:83] Reading SavedModel from: /tmp/tmp2gatx174
I0000 00:00:1791230442.783126 1031738 reader.cc:52] Reading meta graph with tags { serve }
I0000 00:00:1791230442.783493 1031738 reader.cc:147] Reading SavedModel debug info (if present) from: /tmp/tmp2gatx174
I0000 00:00:1791230442.793082 1031738 loader.cc:236] Restoring SavedModel bundle.
I0000 00:00:1791230442.830554 1031738 loader.cc:220] Running initialization op on SavedModel bundle at path: /tmp/tmp2gatx174
I0000 00:00:1791230442.844339 1031738 loader.cc:471] SavedModel load for tags { serve }; Status: success: OK. Took 63847 microseconds.
/home/danielpark605/tinyml-venv/lib/python3.12/site-packages/tensorflow/lite/python/interpreter.py:457: UserWarning:     Warning: tf.lite.Interpreter is deprecated and is scheduled for deletion in
    TF 2.20. Please use the LiteRT interpreter from the ai_edge_litert package.
    See the [migration guide](https://ai.google.dev/edge/litert/migration)
    for details.
    
  warnings.warn(_INTERPRETER_DELETION_WARNING)
   [QAT Strip] Input model type: Functional
   [QAT Strip] Input model class: tf_keras.src.engine.functional.Functional
   [QAT Strip] Creating TF.Keras Functional model with input shape: (43,)
   [QAT Strip] TF_USE_LEGACY_KERAS=1
   [QAT Strip] 4 Dense layers after BatchNorm folding
   [QAT Strip] Created model type: Functional
   [QAT Strip] Model class: tf_keras.src.engine.functional.Functional
   [QAT Strip] Total layers: 5
   [QAT Strip] Is tensorflow.keras model: False
   [QAT Strip] WARNING: Model is not tensorflow.keras! QAT may fail.
✅ Saved (QAT): data/processed/revision/2026-10-05_x1_calib_methods/quant_lit/ton_near_iid_v2/fq_kl_pooled_rand_d1.tflite (189.26 KB)
   Quantization: 10/16 tensors (62.5%)
   Input: <class 'numpy.float32'>, Output: <class 'numpy.float32'>
  [ton_near_iid_v2] fq_kl                  pooled_rand  d1 f1=0.9917 far=0.0508 missed=26/16215
/home/danielpark605/tinyml-venv/lib/python3.12/site-packages/tensorflow/lite/python/convert.py:846: UserWarning: Statistics for quantized inputs were expected, but not specified; continuing anyway.
  warnings.warn(
W0000 00:00:1791230443.985040 1031738 tf_tfl_flatbuffer_helpers.cc:364] Ignored output_format.
W0000 00:00:1791230443.985416 1031738 tf_tfl_flatbuffer_helpers.cc:367] Ignored drop_control_dependency.
I0000 00:00:1791230443.985847 1031738 reader.cc:83] Reading SavedModel from: /tmp/tmpkjqu6amz
I0000 00:00:1791230443.987189 1031738 reader.cc:52] Reading meta graph with tags { serve }
I0000 00:00:1791230443.987554 1031738 reader.cc:147] Reading SavedModel debug info (if present) from: /tmp/tmpkjqu6amz
I0000 00:00:1791230443.993986 1031738 loader.cc:236] Restoring SavedModel bundle.
I0000 00:00:1791230444.023316 1031738 loader.cc:220] Running initialization op on SavedModel bundle at path: /tmp/tmpkjqu6amz
I0000 00:00:1791230444.031592 1031738 loader.cc:471] SavedModel load for tags { serve }; Status: success: OK. Took 45760 microseconds.
/home/danielpark605/tinyml-venv/lib/python3.12/site-packages/tensorflow/lite/python/interpreter.py:457: UserWarning:     Warning: tf.lite.Interpreter is deprecated and is scheduled for deletion in
    TF 2.20. Please use the LiteRT interpreter from the ai_edge_litert package.
    See the [migration guide](https://ai.google.dev/edge/litert/migration)
    for details.
    
  warnings.warn(_INTERPRETER_DELETION_WARNING)
   [QAT Strip] Input model type: Functional
   [QAT Strip] Input model class: tf_keras.src.engine.functional.Functional
   [QAT Strip] Creating TF.Keras Functional model with input shape: (43,)
   [QAT Strip] TF_USE_LEGACY_KERAS=1
   [QAT Strip] 4 Dense layers after BatchNorm folding
   [QAT Strip] Created model type: Functional
   [QAT Strip] Model class: tf_keras.src.engine.functional.Functional
   [QAT Strip] Total layers: 5
   [QAT Strip] Is tensorflow.keras model: False
   [QAT Strip] WARNING: Model is not tensorflow.keras! QAT may fail.
✅ Saved (QAT): data/processed/revision/2026-10-05_x1_calib_methods/quant_lit/ton_near_iid_v2/fq_clip5_max_pooled_rand_d1.tflite (189.26 KB)
   Quantization: 10/16 tensors (62.5%)
   Input: <class 'numpy.float32'>, Output: <class 'numpy.float32'>
  [ton_near_iid_v2] fq_clip5_max           pooled_rand  d1 f1=0.9919 far=0.0494 missed=27/16215
/home/danielpark605/tinyml-venv/lib/python3.12/site-packages/tensorflow/lite/python/convert.py:846: UserWarning: Statistics for quantized inputs were expected, but not specified; continuing anyway.
  warnings.warn(
W0000 00:00:1791230444.469795 1031738 tf_tfl_flatbuffer_helpers.cc:364] Ignored output_format.
W0000 00:00:1791230444.470171 1031738 tf_tfl_flatbuffer_helpers.cc:367] Ignored drop_control_dependency.
I0000 00:00:1791230444.470642 1031738 reader.cc:83] Reading SavedModel from: /tmp/tmpy6xgbmdp
I0000 00:00:1791230444.471288 1031738 reader.cc:52] Reading meta graph with tags { serve }
I0000 00:00:1791230444.471648 1031738 reader.cc:147] Reading SavedModel debug info (if present) from: /tmp/tmpy6xgbmdp
I0000 00:00:1791230444.474166 1031738 loader.cc:236] Restoring SavedModel bundle.
I0000 00:00:1791230444.485573 1031738 loader.cc:220] Running initialization op on SavedModel bundle at path: /tmp/tmpy6xgbmdp
I0000 00:00:1791230444.489706 1031738 loader.cc:471] SavedModel load for tags { serve }; Status: success: OK. Took 19075 microseconds.
fully_quantize: 0, inference_type: 6, input_inference_type: FLOAT32, output_inference_type: FLOAT32
W0000 00:00:1791230444.588302 1031738 flatbuffer_export.cc:3851] Skipping runtime version metadata in the model. This will be generated by the exporter.
/home/danielpark605/tinyml-venv/lib/python3.12/site-packages/tensorflow/lite/python/interpreter.py:457: UserWarning:     Warning: tf.lite.Interpreter is deprecated and is scheduled for deletion in
    TF 2.20. Please use the LiteRT interpreter from the ai_edge_litert package.
    See the [migration guide](https://ai.google.dev/edge/litert/migration)
    for details.
    
  warnings.warn(_INTERPRETER_DELETION_WARNING)
  [ton_near_iid_v2] tflite_max             client0      d1 f1=0.9909 far=0.0361 missed=120/16215
/home/danielpark605/tinyml-venv/lib/python3.12/site-packages/tensorflow/lite/python/convert.py:846: UserWarning: Statistics for quantized inputs were expected, but not specified; continuing anyway.
  warnings.warn(
W0000 00:00:1791230444.917210 1031738 tf_tfl_flatbuffer_helpers.cc:364] Ignored output_format.
W0000 00:00:1791230444.917606 1031738 tf_tfl_flatbuffer_helpers.cc:367] Ignored drop_control_dependency.
I0000 00:00:1791230444.918015 1031738 reader.cc:83] Reading SavedModel from: /tmp/tmpp6qwygsh
I0000 00:00:1791230444.918685 1031738 reader.cc:52] Reading meta graph with tags { serve }
I0000 00:00:1791230444.919044 1031738 reader.cc:147] Reading SavedModel debug info (if present) from: /tmp/tmpp6qwygsh
I0000 00:00:1791230444.921096 1031738 loader.cc:236] Restoring SavedModel bundle.
I0000 00:00:1791230444.932558 1031738 loader.cc:220] Running initialization op on SavedModel bundle at path: /tmp/tmpp6qwygsh
I0000 00:00:1791230444.936667 1031738 loader.cc:471] SavedModel load for tags { serve }; Status: success: OK. Took 18664 microseconds.
fully_quantize: 0, inference_type: 6, input_inference_type: FLOAT32, output_inference_type: FLOAT32
W0000 00:00:1791230445.035439 1031738 flatbuffer_export.cc:3851] Skipping runtime version metadata in the model. This will be generated by the exporter.
/home/danielpark605/tinyml-venv/lib/python3.12/site-packages/tensorflow/lite/python/interpreter.py:457: UserWarning:     Warning: tf.lite.Interpreter is deprecated and is scheduled for deletion in
    TF 2.20. Please use the LiteRT interpreter from the ai_edge_litert package.
    See the [migration guide](https://ai.google.dev/edge/litert/migration)
    for details.
    
  warnings.warn(_INTERPRETER_DELETION_WARNING)
  [ton_near_iid_v2] tflite_clip5           client0      d1 f1=0.9919 far=0.0494 missed=27/16215
/home/danielpark605/tinyml-venv/lib/python3.12/site-packages/tensorflow/lite/python/convert.py:846: UserWarning: Statistics for quantized inputs were expected, but not specified; continuing anyway.
  warnings.warn(
W0000 00:00:1791230445.380197 1031738 tf_tfl_flatbuffer_helpers.cc:364] Ignored output_format.
W0000 00:00:1791230445.380573 1031738 tf_tfl_flatbuffer_helpers.cc:367] Ignored drop_control_dependency.
I0000 00:00:1791230445.381108 1031738 reader.cc:83] Reading SavedModel from: /tmp/tmpd3qknra4
I0000 00:00:1791230445.381995 1031738 reader.cc:52] Reading meta graph with tags { serve }
I0000 00:00:1791230445.382389 1031738 reader.cc:147] Reading SavedModel debug info (if present) from: /tmp/tmpd3qknra4
I0000 00:00:1791230445.384805 1031738 loader.cc:236] Restoring SavedModel bundle.
I0000 00:00:1791230445.396441 1031738 loader.cc:220] Running initialization op on SavedModel bundle at path: /tmp/tmpd3qknra4
I0000 00:00:1791230445.400690 1031738 loader.cc:471] SavedModel load for tags { serve }; Status: success: OK. Took 19592 microseconds.
fully_quantize: 0, inference_type: 6, input_inference_type: FLOAT32, output_inference_type: FLOAT32
W0000 00:00:1791230445.496591 1031738 flatbuffer_export.cc:3851] Skipping runtime version metadata in the model. This will be generated by the exporter.
/home/danielpark605/tinyml-venv/lib/python3.12/site-packages/tensorflow/lite/python/interpreter.py:457: UserWarning:     Warning: tf.lite.Interpreter is deprecated and is scheduled for deletion in
    TF 2.20. Please use the LiteRT interpreter from the ai_edge_litert package.
    See the [migration guide](https://ai.google.dev/edge/litert/migration)
    for details.
    
  warnings.warn(_INTERPRETER_DELETION_WARNING)
  [ton_near_iid_v2] tflite_max_per_tensor  client0      d1 f1=0.9908 far=0.0363 missed=124/16215
/home/danielpark605/tinyml-venv/lib/python3.12/site-packages/tensorflow/lite/python/convert.py:846: UserWarning: Statistics for quantized inputs were expected, but not specified; continuing anyway.
  warnings.warn(
W0000 00:00:1791230446.691825 1031738 tf_tfl_flatbuffer_helpers.cc:364] Ignored output_format.
W0000 00:00:1791230446.692178 1031738 tf_tfl_flatbuffer_helpers.cc:367] Ignored drop_control_dependency.
I0000 00:00:1791230446.692596 1031738 reader.cc:83] Reading SavedModel from: /tmp/tmp3qcwll9h
I0000 00:00:1791230446.695131 1031738 reader.cc:52] Reading meta graph with tags { serve }
I0000 00:00:1791230446.695489 1031738 reader.cc:147] Reading SavedModel debug info (if present) from: /tmp/tmp3qcwll9h
I0000 00:00:1791230446.705749 1031738 loader.cc:236] Restoring SavedModel bundle.
I0000 00:00:1791230446.758381 1031738 loader.cc:220] Running initialization op on SavedModel bundle at path: /tmp/tmp3qcwll9h
I0000 00:00:1791230446.773036 1031738 loader.cc:471] SavedModel load for tags { serve }; Status: success: OK. Took 80449 microseconds.
/home/danielpark605/tinyml-venv/lib/python3.12/site-packages/tensorflow/lite/python/interpreter.py:457: UserWarning:     Warning: tf.lite.Interpreter is deprecated and is scheduled for deletion in
    TF 2.20. Please use the LiteRT interpreter from the ai_edge_litert package.
    See the [migration guide](https://ai.google.dev/edge/litert/migration)
    for details.
    
  warnings.warn(_INTERPRETER_DELETION_WARNING)
   [QAT Strip] Input model type: Functional
   [QAT Strip] Input model class: tf_keras.src.engine.functional.Functional
   [QAT Strip] Creating TF.Keras Functional model with input shape: (43,)
   [QAT Strip] TF_USE_LEGACY_KERAS=1
   [QAT Strip] 4 Dense layers after BatchNorm folding
   [QAT Strip] Created model type: Functional
   [QAT Strip] Model class: tf_keras.src.engine.functional.Functional
   [QAT Strip] Total layers: 5
   [QAT Strip] Is tensorflow.keras model: False
   [QAT Strip] WARNING: Model is not tensorflow.keras! QAT may fail.
✅ Saved (QAT): data/processed/revision/2026-10-05_x1_calib_methods/quant_lit/ton_near_iid_v2/fq_max_client0_d1.tflite (189.26 KB)
   Quantization: 10/16 tensors (62.5%)
   Input: <class 'numpy.float32'>, Output: <class 'numpy.float32'>
  [ton_near_iid_v2] fq_max                 client0      d1 f1=0.9908 far=0.0363 missed=124/16215
/home/danielpark605/tinyml-venv/lib/python3.12/site-packages/tensorflow/lite/python/convert.py:846: UserWarning: Statistics for quantized inputs were expected, but not specified; continuing anyway.
  warnings.warn(
W0000 00:00:1791230447.950611 1031738 tf_tfl_flatbuffer_helpers.cc:364] Ignored output_format.
W0000 00:00:1791230447.950976 1031738 tf_tfl_flatbuffer_helpers.cc:367] Ignored drop_control_dependency.
I0000 00:00:1791230447.951416 1031738 reader.cc:83] Reading SavedModel from: /tmp/tmpq89ofwg9
I0000 00:00:1791230447.952788 1031738 reader.cc:52] Reading meta graph with tags { serve }
I0000 00:00:1791230447.953151 1031738 reader.cc:147] Reading SavedModel debug info (if present) from: /tmp/tmpq89ofwg9
I0000 00:00:1791230447.959564 1031738 loader.cc:236] Restoring SavedModel bundle.
I0000 00:00:1791230447.986795 1031738 loader.cc:220] Running initialization op on SavedModel bundle at path: /tmp/tmpq89ofwg9
I0000 00:00:1791230447.996433 1031738 loader.cc:471] SavedModel load for tags { serve }; Status: success: OK. Took 45029 microseconds.
/home/danielpark605/tinyml-venv/lib/python3.12/site-packages/tensorflow/lite/python/interpreter.py:457: UserWarning:     Warning: tf.lite.Interpreter is deprecated and is scheduled for deletion in
    TF 2.20. Please use the LiteRT interpreter from the ai_edge_litert package.
    See the [migration guide](https://ai.google.dev/edge/litert/migration)
    for details.
    
  warnings.warn(_INTERPRETER_DELETION_WARNING)
   [QAT Strip] Input model type: Functional
   [QAT Strip] Input model class: tf_keras.src.engine.functional.Functional
   [QAT Strip] Creating TF.Keras Functional model with input shape: (43,)
   [QAT Strip] TF_USE_LEGACY_KERAS=1
   [QAT Strip] 4 Dense layers after BatchNorm folding
   [QAT Strip] Created model type: Functional
   [QAT Strip] Model class: tf_keras.src.engine.functional.Functional
   [QAT Strip] Total layers: 5
   [QAT Strip] Is tensorflow.keras model: False
   [QAT Strip] WARNING: Model is not tensorflow.keras! QAT may fail.
✅ Saved (QAT): data/processed/revision/2026-10-05_x1_calib_methods/quant_lit/ton_near_iid_v2/fq_pct999_client0_d1.tflite (189.26 KB)
   Quantization: 10/16 tensors (62.5%)
   Input: <class 'numpy.float32'>, Output: <class 'numpy.float32'>
  [ton_near_iid_v2] fq_pct999              client0      d1 f1=0.9938 far=0.0361 missed=29/16215
/home/danielpark605/tinyml-venv/lib/python3.12/site-packages/tensorflow/lite/python/convert.py:846: UserWarning: Statistics for quantized inputs were expected, but not specified; continuing anyway.
  warnings.warn(
W0000 00:00:1791230449.078800 1031738 tf_tfl_flatbuffer_helpers.cc:364] Ignored output_format.
W0000 00:00:1791230449.079121 1031738 tf_tfl_flatbuffer_helpers.cc:367] Ignored drop_control_dependency.
I0000 00:00:1791230449.079552 1031738 reader.cc:83] Reading SavedModel from: /tmp/tmp8qa507as
I0000 00:00:1791230449.081257 1031738 reader.cc:52] Reading meta graph with tags { serve }
I0000 00:00:1791230449.081573 1031738 reader.cc:147] Reading SavedModel debug info (if present) from: /tmp/tmp8qa507as
I0000 00:00:1791230449.089354 1031738 loader.cc:236] Restoring SavedModel bundle.
I0000 00:00:1791230449.116820 1031738 loader.cc:220] Running initialization op on SavedModel bundle at path: /tmp/tmp8qa507as
I0000 00:00:1791230449.126088 1031738 loader.cc:471] SavedModel load for tags { serve }; Status: success: OK. Took 46558 microseconds.
/home/danielpark605/tinyml-venv/lib/python3.12/site-packages/tensorflow/lite/python/interpreter.py:457: UserWarning:     Warning: tf.lite.Interpreter is deprecated and is scheduled for deletion in
    TF 2.20. Please use the LiteRT interpreter from the ai_edge_litert package.
    See the [migration guide](https://ai.google.dev/edge/litert/migration)
    for details.
    
  warnings.warn(_INTERPRETER_DELETION_WARNING)
   [QAT Strip] Input model type: Functional
   [QAT Strip] Input model class: tf_keras.src.engine.functional.Functional
   [QAT Strip] Creating TF.Keras Functional model with input shape: (43,)
   [QAT Strip] TF_USE_LEGACY_KERAS=1
   [QAT Strip] 4 Dense layers after BatchNorm folding
   [QAT Strip] Created model type: Functional
   [QAT Strip] Model class: tf_keras.src.engine.functional.Functional
   [QAT Strip] Total layers: 5
   [QAT Strip] Is tensorflow.keras model: False
   [QAT Strip] WARNING: Model is not tensorflow.keras! QAT may fail.
✅ Saved (QAT): data/processed/revision/2026-10-05_x1_calib_methods/quant_lit/ton_near_iid_v2/fq_pct9999_client0_d1.tflite (189.26 KB)
   Quantization: 10/16 tensors (62.5%)
   Input: <class 'numpy.float32'>, Output: <class 'numpy.float32'>
  [ton_near_iid_v2] fq_pct9999             client0      d1 f1=0.9938 far=0.0338 missed=40/16215
/home/danielpark605/tinyml-venv/lib/python3.12/site-packages/tensorflow/lite/python/convert.py:846: UserWarning: Statistics for quantized inputs were expected, but not specified; continuing anyway.
  warnings.warn(
W0000 00:00:1791230450.585154 1031738 tf_tfl_flatbuffer_helpers.cc:364] Ignored output_format.
W0000 00:00:1791230450.585497 1031738 tf_tfl_flatbuffer_helpers.cc:367] Ignored drop_control_dependency.
I0000 00:00:1791230450.585976 1031738 reader.cc:83] Reading SavedModel from: /tmp/tmpulc49p8o
I0000 00:00:1791230450.587758 1031738 reader.cc:52] Reading meta graph with tags { serve }
I0000 00:00:1791230450.588127 1031738 reader.cc:147] Reading SavedModel debug info (if present) from: /tmp/tmpulc49p8o
I0000 00:00:1791230450.597198 1031738 loader.cc:236] Restoring SavedModel bundle.
I0000 00:00:1791230450.629127 1031738 loader.cc:220] Running initialization op on SavedModel bundle at path: /tmp/tmpulc49p8o
I0000 00:00:1791230450.640584 1031738 loader.cc:471] SavedModel load for tags { serve }; Status: success: OK. Took 54620 microseconds.
/home/danielpark605/tinyml-venv/lib/python3.12/site-packages/tensorflow/lite/python/interpreter.py:457: UserWarning:     Warning: tf.lite.Interpreter is deprecated and is scheduled for deletion in
    TF 2.20. Please use the LiteRT interpreter from the ai_edge_litert package.
    See the [migration guide](https://ai.google.dev/edge/litert/migration)
    for details.
    
  warnings.warn(_INTERPRETER_DELETION_WARNING)
   [QAT Strip] Input model type: Functional
   [QAT Strip] Input model class: tf_keras.src.engine.functional.Functional
   [QAT Strip] Creating TF.Keras Functional model with input shape: (43,)
   [QAT Strip] TF_USE_LEGACY_KERAS=1
   [QAT Strip] 4 Dense layers after BatchNorm folding
   [QAT Strip] Created model type: Functional
   [QAT Strip] Model class: tf_keras.src.engine.functional.Functional
   [QAT Strip] Total layers: 5
   [QAT Strip] Is tensorflow.keras model: False
   [QAT Strip] WARNING: Model is not tensorflow.keras! QAT may fail.
✅ Saved (QAT): data/processed/revision/2026-10-05_x1_calib_methods/quant_lit/ton_near_iid_v2/fq_mse_client0_d1.tflite (189.26 KB)
   Quantization: 10/16 tensors (62.5%)
   Input: <class 'numpy.float32'>, Output: <class 'numpy.float32'>
  [ton_near_iid_v2] fq_mse                 client0      d1 f1=0.9935 far=0.0396 missed=20/16215
/home/danielpark605/tinyml-venv/lib/python3.12/site-packages/tensorflow/lite/python/convert.py:846: UserWarning: Statistics for quantized inputs were expected, but not specified; continuing anyway.
  warnings.warn(
W0000 00:00:1791230453.292174 1031738 tf_tfl_flatbuffer_helpers.cc:364] Ignored output_format.
W0000 00:00:1791230453.292562 1031738 tf_tfl_flatbuffer_helpers.cc:367] Ignored drop_control_dependency.
I0000 00:00:1791230453.293039 1031738 reader.cc:83] Reading SavedModel from: /tmp/tmpmkwcevkt
I0000 00:00:1791230453.294369 1031738 reader.cc:52] Reading meta graph with tags { serve }
I0000 00:00:1791230453.294789 1031738 reader.cc:147] Reading SavedModel debug info (if present) from: /tmp/tmpmkwcevkt
I0000 00:00:1791230453.301459 1031738 loader.cc:236] Restoring SavedModel bundle.
I0000 00:00:1791230453.329634 1031738 loader.cc:220] Running initialization op on SavedModel bundle at path: /tmp/tmpmkwcevkt
I0000 00:00:1791230453.337928 1031738 loader.cc:471] SavedModel load for tags { serve }; Status: success: OK. Took 44903 microseconds.
/home/danielpark605/tinyml-venv/lib/python3.12/site-packages/tensorflow/lite/python/interpreter.py:457: UserWarning:     Warning: tf.lite.Interpreter is deprecated and is scheduled for deletion in
    TF 2.20. Please use the LiteRT interpreter from the ai_edge_litert package.
    See the [migration guide](https://ai.google.dev/edge/litert/migration)
    for details.
    
  warnings.warn(_INTERPRETER_DELETION_WARNING)
   [QAT Strip] Input model type: Functional
   [QAT Strip] Input model class: tf_keras.src.engine.functional.Functional
   [QAT Strip] Creating TF.Keras Functional model with input shape: (43,)
   [QAT Strip] TF_USE_LEGACY_KERAS=1
   [QAT Strip] 4 Dense layers after BatchNorm folding
   [QAT Strip] Created model type: Functional
   [QAT Strip] Model class: tf_keras.src.engine.functional.Functional
   [QAT Strip] Total layers: 5
   [QAT Strip] Is tensorflow.keras model: False
   [QAT Strip] WARNING: Model is not tensorflow.keras! QAT may fail.
✅ Saved (QAT): data/processed/revision/2026-10-05_x1_calib_methods/quant_lit/ton_near_iid_v2/fq_kl_client0_d1.tflite (189.26 KB)
   Quantization: 10/16 tensors (62.5%)
   Input: <class 'numpy.float32'>, Output: <class 'numpy.float32'>
  [ton_near_iid_v2] fq_kl                  client0      d1 f1=0.9936 far=0.0369 missed=29/16215
/home/danielpark605/tinyml-venv/lib/python3.12/site-packages/tensorflow/lite/python/convert.py:846: UserWarning: Statistics for quantized inputs were expected, but not specified; continuing anyway.
  warnings.warn(
W0000 00:00:1791230452.676055 1031738 tf_tfl_flatbuffer_helpers.cc:364] Ignored output_format.
W0000 00:00:1791230452.676409 1031738 tf_tfl_flatbuffer_helpers.cc:367] Ignored drop_control_dependency.
I0000 00:00:1791230452.676851 1031738 reader.cc:83] Reading SavedModel from: /tmp/tmpxj1ewams
I0000 00:00:1791230452.678584 1031738 reader.cc:52] Reading meta graph with tags { serve }
I0000 00:00:1791230452.678938 1031738 reader.cc:147] Reading SavedModel debug info (if present) from: /tmp/tmpxj1ewams
I0000 00:00:1791230452.687114 1031738 loader.cc:236] Restoring SavedModel bundle.
I0000 00:00:1791230452.715462 1031738 loader.cc:220] Running initialization op on SavedModel bundle at path: /tmp/tmpxj1ewams
I0000 00:00:1791230452.723456 1031738 loader.cc:471] SavedModel load for tags { serve }; Status: success: OK. Took 46623 microseconds.
/home/danielpark605/tinyml-venv/lib/python3.12/site-packages/tensorflow/lite/python/interpreter.py:457: UserWarning:     Warning: tf.lite.Interpreter is deprecated and is scheduled for deletion in
    TF 2.20. Please use the LiteRT interpreter from the ai_edge_litert package.
    See the [migration guide](https://ai.google.dev/edge/litert/migration)
    for details.
    
  warnings.warn(_INTERPRETER_DELETION_WARNING)
   [QAT Strip] Input model type: Functional
   [QAT Strip] Input model class: tf_keras.src.engine.functional.Functional
   [QAT Strip] Creating TF.Keras Functional model with input shape: (43,)
   [QAT Strip] TF_USE_LEGACY_KERAS=1
   [QAT Strip] 4 Dense layers after BatchNorm folding
   [QAT Strip] Created model type: Functional
   [QAT Strip] Model class: tf_keras.src.engine.functional.Functional
   [QAT Strip] Total layers: 5
   [QAT Strip] Is tensorflow.keras model: False
   [QAT Strip] WARNING: Model is not tensorflow.keras! QAT may fail.
✅ Saved (QAT): data/processed/revision/2026-10-05_x1_calib_methods/quant_lit/ton_near_iid_v2/fq_clip5_max_client0_d1.tflite (189.26 KB)
   Quantization: 10/16 tensors (62.5%)
   Input: <class 'numpy.float32'>, Output: <class 'numpy.float32'>
  [ton_near_iid_v2] fq_clip5_max           client0      d1 f1=0.9919 far=0.0494 missed=27/16215
/home/danielpark605/tinyml-venv/lib/python3.12/site-packages/tensorflow/lite/python/convert.py:846: UserWarning: Statistics for quantized inputs were expected, but not specified; continuing anyway.
  warnings.warn(
W0000 00:00:1791230453.135237 1031738 tf_tfl_flatbuffer_helpers.cc:364] Ignored output_format.
W0000 00:00:1791230453.135615 1031738 tf_tfl_flatbuffer_helpers.cc:367] Ignored drop_control_dependency.
I0000 00:00:1791230453.136069 1031738 reader.cc:83] Reading SavedModel from: /tmp/tmpc_3ru3_a
I0000 00:00:1791230453.136848 1031738 reader.cc:52] Reading meta graph with tags { serve }
I0000 00:00:1791230453.137187 1031738 reader.cc:147] Reading SavedModel debug info (if present) from: /tmp/tmpc_3ru3_a
I0000 00:00:1791230453.139631 1031738 loader.cc:236] Restoring SavedModel bundle.
I0000 00:00:1791230453.150164 1031738 loader.cc:220] Running initialization op on SavedModel bundle at path: /tmp/tmpc_3ru3_a
I0000 00:00:1791230453.153668 1031738 loader.cc:471] SavedModel load for tags { serve }; Status: success: OK. Took 17611 microseconds.
fully_quantize: 0, inference_type: 6, input_inference_type: FLOAT32, output_inference_type: FLOAT32
W0000 00:00:1791230453.246740 1031738 flatbuffer_export.cc:3851] Skipping runtime version metadata in the model. This will be generated by the exporter.
/home/danielpark605/tinyml-venv/lib/python3.12/site-packages/tensorflow/lite/python/interpreter.py:457: UserWarning:     Warning: tf.lite.Interpreter is deprecated and is scheduled for deletion in
    TF 2.20. Please use the LiteRT interpreter from the ai_edge_litert package.
    See the [migration guide](https://ai.google.dev/edge/litert/migration)
    for details.
    
  warnings.warn(_INTERPRETER_DELETION_WARNING)
  [ton_near_iid_v2] tflite_max             client1      d1 f1=0.7495 far=0.0207 missed=6437/16215
/home/danielpark605/tinyml-venv/lib/python3.12/site-packages/tensorflow/lite/python/convert.py:846: UserWarning: Statistics for quantized inputs were expected, but not specified; continuing anyway.
  warnings.warn(
W0000 00:00:1791230453.767277 1031738 tf_tfl_flatbuffer_helpers.cc:364] Ignored output_format.
W0000 00:00:1791230453.767660 1031738 tf_tfl_flatbuffer_helpers.cc:367] Ignored drop_control_dependency.
I0000 00:00:1791230453.768157 1031738 reader.cc:83] Reading SavedModel from: /tmp/tmppbrug92a
I0000 00:00:1791230453.769263 1031738 reader.cc:52] Reading meta graph with tags { serve }
I0000 00:00:1791230453.769614 1031738 reader.cc:147] Reading SavedModel debug info (if present) from: /tmp/tmppbrug92a
I0000 00:00:1791230453.774120 1031738 loader.cc:236] Restoring SavedModel bundle.
I0000 00:00:1791230453.791970 1031738 loader.cc:220] Running initialization op on SavedModel bundle at path: /tmp/tmppbrug92a
I0000 00:00:1791230453.798735 1031738 loader.cc:471] SavedModel load for tags { serve }; Status: success: OK. Took 30596 microseconds.
fully_quantize: 0, inference_type: 6, input_inference_type: FLOAT32, output_inference_type: FLOAT32
W0000 00:00:1791230453.899464 1031738 flatbuffer_export.cc:3851] Skipping runtime version metadata in the model. This will be generated by the exporter.
/home/danielpark605/tinyml-venv/lib/python3.12/site-packages/tensorflow/lite/python/interpreter.py:457: UserWarning:     Warning: tf.lite.Interpreter is deprecated and is scheduled for deletion in
    TF 2.20. Please use the LiteRT interpreter from the ai_edge_litert package.
    See the [migration guide](https://ai.google.dev/edge/litert/migration)
    for details.
    
  warnings.warn(_INTERPRETER_DELETION_WARNING)
  [ton_near_iid_v2] tflite_clip5           client1      d1 f1=0.9919 far=0.0494 missed=27/16215
/home/danielpark605/tinyml-venv/lib/python3.12/site-packages/tensorflow/lite/python/convert.py:846: UserWarning: Statistics for quantized inputs were expected, but not specified; continuing anyway.
  warnings.warn(
W0000 00:00:1791230454.239284 1031738 tf_tfl_flatbuffer_helpers.cc:364] Ignored output_format.
W0000 00:00:1791230454.239664 1031738 tf_tfl_flatbuffer_helpers.cc:367] Ignored drop_control_dependency.
I0000 00:00:1791230454.240177 1031738 reader.cc:83] Reading SavedModel from: /tmp/tmpv5jd1wb8
I0000 00:00:1791230454.241095 1031738 reader.cc:52] Reading meta graph with tags { serve }
I0000 00:00:1791230454.241457 1031738 reader.cc:147] Reading SavedModel debug info (if present) from: /tmp/tmpv5jd1wb8
I0000 00:00:1791230454.244302 1031738 loader.cc:236] Restoring SavedModel bundle.
I0000 00:00:1791230454.256309 1031738 loader.cc:220] Running initialization op on SavedModel bundle at path: /tmp/tmpv5jd1wb8
I0000 00:00:1791230454.260988 1031738 loader.cc:471] SavedModel load for tags { serve }; Status: success: OK. Took 20823 microseconds.
fully_quantize: 0, inference_type: 6, input_inference_type: FLOAT32, output_inference_type: FLOAT32
W0000 00:00:1791230454.349034 1031738 flatbuffer_export.cc:3851] Skipping runtime version metadata in the model. This will be generated by the exporter.
/home/danielpark605/tinyml-venv/lib/python3.12/site-packages/tensorflow/lite/python/interpreter.py:457: UserWarning:     Warning: tf.lite.Interpreter is deprecated and is scheduled for deletion in
    TF 2.20. Please use the LiteRT interpreter from the ai_edge_litert package.
    See the [migration guide](https://ai.google.dev/edge/litert/migration)
    for details.
    
  warnings.warn(_INTERPRETER_DELETION_WARNING)
  [ton_near_iid_v2] tflite_max_per_tensor  client1      d1 f1=0.7481 far=0.0203 missed=6467/16215
/home/danielpark605/tinyml-venv/lib/python3.12/site-packages/tensorflow/lite/python/convert.py:846: UserWarning: Statistics for quantized inputs were expected, but not specified; continuing anyway.
  warnings.warn(
W0000 00:00:1791230455.326906 1031738 tf_tfl_flatbuffer_helpers.cc:364] Ignored output_format.
W0000 00:00:1791230455.327275 1031738 tf_tfl_flatbuffer_helpers.cc:367] Ignored drop_control_dependency.
I0000 00:00:1791230455.327744 1031738 reader.cc:83] Reading SavedModel from: /tmp/tmp9d0azwk3
I0000 00:00:1791230455.329036 1031738 reader.cc:52] Reading meta graph with tags { serve }
I0000 00:00:1791230455.329390 1031738 reader.cc:147] Reading SavedModel debug info (if present) from: /tmp/tmp9d0azwk3
I0000 00:00:1791230455.335899 1031738 loader.cc:236] Restoring SavedModel bundle.
I0000 00:00:1791230455.362880 1031738 loader.cc:220] Running initialization op on SavedModel bundle at path: /tmp/tmp9d0azwk3
I0000 00:00:1791230455.371084 1031738 loader.cc:471] SavedModel load for tags { serve }; Status: success: OK. Took 43352 microseconds.
/home/danielpark605/tinyml-venv/lib/python3.12/site-packages/tensorflow/lite/python/interpreter.py:457: UserWarning:     Warning: tf.lite.Interpreter is deprecated and is scheduled for deletion in
    TF 2.20. Please use the LiteRT interpreter from the ai_edge_litert package.
    See the [migration guide](https://ai.google.dev/edge/litert/migration)
    for details.
    
  warnings.warn(_INTERPRETER_DELETION_WARNING)
   [QAT Strip] Input model type: Functional
   [QAT Strip] Input model class: tf_keras.src.engine.functional.Functional
   [QAT Strip] Creating TF.Keras Functional model with input shape: (43,)
   [QAT Strip] TF_USE_LEGACY_KERAS=1
   [QAT Strip] 4 Dense layers after BatchNorm folding
   [QAT Strip] Created model type: Functional
   [QAT Strip] Model class: tf_keras.src.engine.functional.Functional
   [QAT Strip] Total layers: 5
   [QAT Strip] Is tensorflow.keras model: False
   [QAT Strip] WARNING: Model is not tensorflow.keras! QAT may fail.
✅ Saved (QAT): data/processed/revision/2026-10-05_x1_calib_methods/quant_lit/ton_near_iid_v2/fq_max_client1_d1.tflite (189.26 KB)
   Quantization: 10/16 tensors (62.5%)
   Input: <class 'numpy.float32'>, Output: <class 'numpy.float32'>
  [ton_near_iid_v2] fq_max                 client1      d1 f1=0.7481 far=0.0203 missed=6467/16215
/home/danielpark605/tinyml-venv/lib/python3.12/site-packages/tensorflow/lite/python/convert.py:846: UserWarning: Statistics for quantized inputs were expected, but not specified; continuing anyway.
  warnings.warn(
W0000 00:00:1791230456.471592 1031738 tf_tfl_flatbuffer_helpers.cc:364] Ignored output_format.
W0000 00:00:1791230456.471963 1031738 tf_tfl_flatbuffer_helpers.cc:367] Ignored drop_control_dependency.
I0000 00:00:1791230456.472394 1031738 reader.cc:83] Reading SavedModel from: /tmp/tmp88im8h0x
I0000 00:00:1791230456.474257 1031738 reader.cc:52] Reading meta graph with tags { serve }
I0000 00:00:1791230456.474585 1031738 reader.cc:147] Reading SavedModel debug info (if present) from: /tmp/tmp88im8h0x
I0000 00:00:1791230456.483758 1031738 loader.cc:236] Restoring SavedModel bundle.
I0000 00:00:1791230456.511395 1031738 loader.cc:220] Running initialization op on SavedModel bundle at path: /tmp/tmp88im8h0x
I0000 00:00:1791230456.520582 1031738 loader.cc:471] SavedModel load for tags { serve }; Status: success: OK. Took 48204 microseconds.
/home/danielpark605/tinyml-venv/lib/python3.12/site-packages/tensorflow/lite/python/interpreter.py:457: UserWarning:     Warning: tf.lite.Interpreter is deprecated and is scheduled for deletion in
    TF 2.20. Please use the LiteRT interpreter from the ai_edge_litert package.
    See the [migration guide](https://ai.google.dev/edge/litert/migration)
    for details.
    
  warnings.warn(_INTERPRETER_DELETION_WARNING)
   [QAT Strip] Input model type: Functional
   [QAT Strip] Input model class: tf_keras.src.engine.functional.Functional
   [QAT Strip] Creating TF.Keras Functional model with input shape: (43,)
   [QAT Strip] TF_USE_LEGACY_KERAS=1
   [QAT Strip] 4 Dense layers after BatchNorm folding
   [QAT Strip] Created model type: Functional
   [QAT Strip] Model class: tf_keras.src.engine.functional.Functional
   [QAT Strip] Total layers: 5
   [QAT Strip] Is tensorflow.keras model: False
   [QAT Strip] WARNING: Model is not tensorflow.keras! QAT may fail.
✅ Saved (QAT): data/processed/revision/2026-10-05_x1_calib_methods/quant_lit/ton_near_iid_v2/fq_pct999_client1_d1.tflite (189.26 KB)
   Quantization: 10/16 tensors (62.5%)
   Input: <class 'numpy.float32'>, Output: <class 'numpy.float32'>
  [ton_near_iid_v2] fq_pct999              client1      d1 f1=0.9938 far=0.0359 missed=29/16215
/home/danielpark605/tinyml-venv/lib/python3.12/site-packages/tensorflow/lite/python/convert.py:846: UserWarning: Statistics for quantized inputs were expected, but not specified; continuing anyway.
  warnings.warn(
W0000 00:00:1791230457.812909 1031738 tf_tfl_flatbuffer_helpers.cc:364] Ignored output_format.
W0000 00:00:1791230457.813337 1031738 tf_tfl_flatbuffer_helpers.cc:367] Ignored drop_control_dependency.
I0000 00:00:1791230457.813809 1031738 reader.cc:83] Reading SavedModel from: /tmp/tmpqnggro5b
I0000 00:00:1791230457.815177 1031738 reader.cc:52] Reading meta graph with tags { serve }
I0000 00:00:1791230457.815562 1031738 reader.cc:147] Reading SavedModel debug info (if present) from: /tmp/tmpqnggro5b
I0000 00:00:1791230457.822113 1031738 loader.cc:236] Restoring SavedModel bundle.
I0000 00:00:1791230457.851506 1031738 loader.cc:220] Running initialization op on SavedModel bundle at path: /tmp/tmpqnggro5b
I0000 00:00:1791230457.860098 1031738 loader.cc:471] SavedModel load for tags { serve }; Status: success: OK. Took 46299 microseconds.
/home/danielpark605/tinyml-venv/lib/python3.12/site-packages/tensorflow/lite/python/interpreter.py:457: UserWarning:     Warning: tf.lite.Interpreter is deprecated and is scheduled for deletion in
    TF 2.20. Please use the LiteRT interpreter from the ai_edge_litert package.
    See the [migration guide](https://ai.google.dev/edge/litert/migration)
    for details.
    
  warnings.warn(_INTERPRETER_DELETION_WARNING)
   [QAT Strip] Input model type: Functional
   [QAT Strip] Input model class: tf_keras.src.engine.functional.Functional
   [QAT Strip] Creating TF.Keras Functional model with input shape: (43,)
   [QAT Strip] TF_USE_LEGACY_KERAS=1
   [QAT Strip] 4 Dense layers after BatchNorm folding
   [QAT Strip] Created model type: Functional
   [QAT Strip] Model class: tf_keras.src.engine.functional.Functional
   [QAT Strip] Total layers: 5
   [QAT Strip] Is tensorflow.keras model: False
   [QAT Strip] WARNING: Model is not tensorflow.keras! QAT may fail.
✅ Saved (QAT): data/processed/revision/2026-10-05_x1_calib_methods/quant_lit/ton_near_iid_v2/fq_pct9999_client1_d1.tflite (189.26 KB)
   Quantization: 10/16 tensors (62.5%)
   Input: <class 'numpy.float32'>, Output: <class 'numpy.float32'>
  [ton_near_iid_v2] fq_pct9999             client1      d1 f1=0.9901 far=0.0351 missed=153/16215
/home/danielpark605/tinyml-venv/lib/python3.12/site-packages/tensorflow/lite/python/convert.py:846: UserWarning: Statistics for quantized inputs were expected, but not specified; continuing anyway.
  warnings.warn(
W0000 00:00:1791230459.048542 1031738 tf_tfl_flatbuffer_helpers.cc:364] Ignored output_format.
W0000 00:00:1791230459.048937 1031738 tf_tfl_flatbuffer_helpers.cc:367] Ignored drop_control_dependency.
I0000 00:00:1791230459.049405 1031738 reader.cc:83] Reading SavedModel from: /tmp/tmpnmafs0e2
I0000 00:00:1791230459.051566 1031738 reader.cc:52] Reading meta graph with tags { serve }
I0000 00:00:1791230459.051918 1031738 reader.cc:147] Reading SavedModel debug info (if present) from: /tmp/tmpnmafs0e2
I0000 00:00:1791230459.059171 1031738 loader.cc:236] Restoring SavedModel bundle.
I0000 00:00:1791230459.086472 1031738 loader.cc:220] Running initialization op on SavedModel bundle at path: /tmp/tmpnmafs0e2
I0000 00:00:1791230459.094530 1031738 loader.cc:471] SavedModel load for tags { serve }; Status: success: OK. Took 45144 microseconds.
/home/danielpark605/tinyml-venv/lib/python3.12/site-packages/tensorflow/lite/python/interpreter.py:457: UserWarning:     Warning: tf.lite.Interpreter is deprecated and is scheduled for deletion in
    TF 2.20. Please use the LiteRT interpreter from the ai_edge_litert package.
    See the [migration guide](https://ai.google.dev/edge/litert/migration)
    for details.
    
  warnings.warn(_INTERPRETER_DELETION_WARNING)
   [QAT Strip] Input model type: Functional
   [QAT Strip] Input model class: tf_keras.src.engine.functional.Functional
   [QAT Strip] Creating TF.Keras Functional model with input shape: (43,)
   [QAT Strip] TF_USE_LEGACY_KERAS=1
   [QAT Strip] 4 Dense layers after BatchNorm folding
   [QAT Strip] Created model type: Functional
   [QAT Strip] Model class: tf_keras.src.engine.functional.Functional
   [QAT Strip] Total layers: 5
   [QAT Strip] Is tensorflow.keras model: False
   [QAT Strip] WARNING: Model is not tensorflow.keras! QAT may fail.
✅ Saved (QAT): data/processed/revision/2026-10-05_x1_calib_methods/quant_lit/ton_near_iid_v2/fq_mse_client1_d1.tflite (189.26 KB)
   Quantization: 10/16 tensors (62.5%)
   Input: <class 'numpy.float32'>, Output: <class 'numpy.float32'>
  [ton_near_iid_v2] fq_mse                 client1      d1 f1=0.9624 far=0.1357 missed=568/16215
/home/danielpark605/tinyml-venv/lib/python3.12/site-packages/tensorflow/lite/python/convert.py:846: UserWarning: Statistics for quantized inputs were expected, but not specified; continuing anyway.
  warnings.warn(
W0000 00:00:1791230461.529721 1031738 tf_tfl_flatbuffer_helpers.cc:364] Ignored output_format.
W0000 00:00:1791230461.530124 1031738 tf_tfl_flatbuffer_helpers.cc:367] Ignored drop_control_dependency.
I0000 00:00:1791230461.530548 1031738 reader.cc:83] Reading SavedModel from: /tmp/tmpytjs81cv
I0000 00:00:1791230461.532109 1031738 reader.cc:52] Reading meta graph with tags { serve }
I0000 00:00:1791230461.532461 1031738 reader.cc:147] Reading SavedModel debug info (if present) from: /tmp/tmpytjs81cv
I0000 00:00:1791230461.540231 1031738 loader.cc:236] Restoring SavedModel bundle.
I0000 00:00:1791230461.567761 1031738 loader.cc:220] Running initialization op on SavedModel bundle at path: /tmp/tmpytjs81cv
I0000 00:00:1791230461.575897 1031738 loader.cc:471] SavedModel load for tags { serve }; Status: success: OK. Took 45357 microseconds.
/home/danielpark605/tinyml-venv/lib/python3.12/site-packages/tensorflow/lite/python/interpreter.py:457: UserWarning:     Warning: tf.lite.Interpreter is deprecated and is scheduled for deletion in
    TF 2.20. Please use the LiteRT interpreter from the ai_edge_litert package.
    See the [migration guide](https://ai.google.dev/edge/litert/migration)
    for details.
    
  warnings.warn(_INTERPRETER_DELETION_WARNING)
   [QAT Strip] Input model type: Functional
   [QAT Strip] Input model class: tf_keras.src.engine.functional.Functional
   [QAT Strip] Creating TF.Keras Functional model with input shape: (43,)
   [QAT Strip] TF_USE_LEGACY_KERAS=1
   [QAT Strip] 4 Dense layers after BatchNorm folding
   [QAT Strip] Created model type: Functional
   [QAT Strip] Model class: tf_keras.src.engine.functional.Functional
   [QAT Strip] Total layers: 5
   [QAT Strip] Is tensorflow.keras model: False
   [QAT Strip] WARNING: Model is not tensorflow.keras! QAT may fail.
✅ Saved (QAT): data/processed/revision/2026-10-05_x1_calib_methods/quant_lit/ton_near_iid_v2/fq_kl_client1_d1.tflite (189.26 KB)
   Quantization: 10/16 tensors (62.5%)
   Input: <class 'numpy.float32'>, Output: <class 'numpy.float32'>
  [ton_near_iid_v2] fq_kl                  client1      d1 f1=0.9937 far=0.0367 missed=29/16215
/home/danielpark605/tinyml-venv/lib/python3.12/site-packages/tensorflow/lite/python/convert.py:846: UserWarning: Statistics for quantized inputs were expected, but not specified; continuing anyway.
  warnings.warn(
W0000 00:00:1791230462.903085 1031738 tf_tfl_flatbuffer_helpers.cc:364] Ignored output_format.
W0000 00:00:1791230462.903463 1031738 tf_tfl_flatbuffer_helpers.cc:367] Ignored drop_control_dependency.
I0000 00:00:1791230462.903905 1031738 reader.cc:83] Reading SavedModel from: /tmp/tmprx_my3hg
I0000 00:00:1791230462.905407 1031738 reader.cc:52] Reading meta graph with tags { serve }
I0000 00:00:1791230462.905752 1031738 reader.cc:147] Reading SavedModel debug info (if present) from: /tmp/tmprx_my3hg
I0000 00:00:1791230462.912668 1031738 loader.cc:236] Restoring SavedModel bundle.
I0000 00:00:1791230462.943942 1031738 loader.cc:220] Running initialization op on SavedModel bundle at path: /tmp/tmprx_my3hg
I0000 00:00:1791230462.952971 1031738 loader.cc:471] SavedModel load for tags { serve }; Status: success: OK. Took 49080 microseconds.
/home/danielpark605/tinyml-venv/lib/python3.12/site-packages/tensorflow/lite/python/interpreter.py:457: UserWarning:     Warning: tf.lite.Interpreter is deprecated and is scheduled for deletion in
    TF 2.20. Please use the LiteRT interpreter from the ai_edge_litert package.
    See the [migration guide](https://ai.google.dev/edge/litert/migration)
    for details.
    
  warnings.warn(_INTERPRETER_DELETION_WARNING)
   [QAT Strip] Input model type: Functional
   [QAT Strip] Input model class: tf_keras.src.engine.functional.Functional
   [QAT Strip] Creating TF.Keras Functional model with input shape: (43,)
   [QAT Strip] TF_USE_LEGACY_KERAS=1
   [QAT Strip] 4 Dense layers after BatchNorm folding
   [QAT Strip] Created model type: Functional
   [QAT Strip] Model class: tf_keras.src.engine.functional.Functional
   [QAT Strip] Total layers: 5
   [QAT Strip] Is tensorflow.keras model: False
   [QAT Strip] WARNING: Model is not tensorflow.keras! QAT may fail.
✅ Saved (QAT): data/processed/revision/2026-10-05_x1_calib_methods/quant_lit/ton_near_iid_v2/fq_clip5_max_client1_d1.tflite (189.26 KB)
   Quantization: 10/16 tensors (62.5%)
   Input: <class 'numpy.float32'>, Output: <class 'numpy.float32'>
  [ton_near_iid_v2] fq_clip5_max           client1      d1 f1=0.9919 far=0.0494 missed=27/16215
/home/danielpark605/tinyml-venv/lib/python3.12/site-packages/tensorflow/lite/python/convert.py:846: UserWarning: Statistics for quantized inputs were expected, but not specified; continuing anyway.
  warnings.warn(
W0000 00:00:1791230463.381128 1031738 tf_tfl_flatbuffer_helpers.cc:364] Ignored output_format.
W0000 00:00:1791230463.381511 1031738 tf_tfl_flatbuffer_helpers.cc:367] Ignored drop_control_dependency.
I0000 00:00:1791230463.381976 1031738 reader.cc:83] Reading SavedModel from: /tmp/tmpur4qw0pk
I0000 00:00:1791230463.382711 1031738 reader.cc:52] Reading meta graph with tags { serve }
I0000 00:00:1791230463.383044 1031738 reader.cc:147] Reading SavedModel debug info (if present) from: /tmp/tmpur4qw0pk
I0000 00:00:1791230463.385184 1031738 loader.cc:236] Restoring SavedModel bundle.
I0000 00:00:1791230463.397363 1031738 loader.cc:220] Running initialization op on SavedModel bundle at path: /tmp/tmpur4qw0pk
I0000 00:00:1791230463.401716 1031738 loader.cc:471] SavedModel load for tags { serve }; Status: success: OK. Took 19753 microseconds.
fully_quantize: 0, inference_type: 6, input_inference_type: FLOAT32, output_inference_type: FLOAT32
W0000 00:00:1791230463.503141 1031738 flatbuffer_export.cc:3851] Skipping runtime version metadata in the model. This will be generated by the exporter.
/home/danielpark605/tinyml-venv/lib/python3.12/site-packages/tensorflow/lite/python/interpreter.py:457: UserWarning:     Warning: tf.lite.Interpreter is deprecated and is scheduled for deletion in
    TF 2.20. Please use the LiteRT interpreter from the ai_edge_litert package.
    See the [migration guide](https://ai.google.dev/edge/litert/migration)
    for details.
    
  warnings.warn(_INTERPRETER_DELETION_WARNING)
  [ton_near_iid_v2] tflite_max             client2      d1 f1=0.5385 far=0.0226 missed=10200/16215
/home/danielpark605/tinyml-venv/lib/python3.12/site-packages/tensorflow/lite/python/convert.py:846: UserWarning: Statistics for quantized inputs were expected, but not specified; continuing anyway.
  warnings.warn(
W0000 00:00:1791230463.841818 1031738 tf_tfl_flatbuffer_helpers.cc:364] Ignored output_format.
W0000 00:00:1791230463.842189 1031738 tf_tfl_flatbuffer_helpers.cc:367] Ignored drop_control_dependency.
I0000 00:00:1791230463.842648 1031738 reader.cc:83] Reading SavedModel from: /tmp/tmpofm_0xpk
I0000 00:00:1791230463.843316 1031738 reader.cc:52] Reading meta graph with tags { serve }
I0000 00:00:1791230463.843629 1031738 reader.cc:147] Reading SavedModel debug info (if present) from: /tmp/tmpofm_0xpk
I0000 00:00:1791230463.845827 1031738 loader.cc:236] Restoring SavedModel bundle.
I0000 00:00:1791230463.856721 1031738 loader.cc:220] Running initialization op on SavedModel bundle at path: /tmp/tmpofm_0xpk
I0000 00:00:1791230463.861060 1031738 loader.cc:471] SavedModel load for tags { serve }; Status: success: OK. Took 18436 microseconds.
fully_quantize: 0, inference_type: 6, input_inference_type: FLOAT32, output_inference_type: FLOAT32
W0000 00:00:1791230463.954886 1031738 flatbuffer_export.cc:3851] Skipping runtime version metadata in the model. This will be generated by the exporter.
/home/danielpark605/tinyml-venv/lib/python3.12/site-packages/tensorflow/lite/python/interpreter.py:457: UserWarning:     Warning: tf.lite.Interpreter is deprecated and is scheduled for deletion in
    TF 2.20. Please use the LiteRT interpreter from the ai_edge_litert package.
    See the [migration guide](https://ai.google.dev/edge/litert/migration)
    for details.
    
  warnings.warn(_INTERPRETER_DELETION_WARNING)
  [ton_near_iid_v2] tflite_clip5           client2      d1 f1=0.9919 far=0.0494 missed=27/16215
/home/danielpark605/tinyml-venv/lib/python3.12/site-packages/tensorflow/lite/python/convert.py:846: UserWarning: Statistics for quantized inputs were expected, but not specified; continuing anyway.
  warnings.warn(
W0000 00:00:1791230464.290845 1031738 tf_tfl_flatbuffer_helpers.cc:364] Ignored output_format.
W0000 00:00:1791230464.291205 1031738 tf_tfl_flatbuffer_helpers.cc:367] Ignored drop_control_dependency.
I0000 00:00:1791230464.291637 1031738 reader.cc:83] Reading SavedModel from: /tmp/tmp8hmw767w
I0000 00:00:1791230464.292336 1031738 reader.cc:52] Reading meta graph with tags { serve }
I0000 00:00:1791230464.292666 1031738 reader.cc:147] Reading SavedModel debug info (if present) from: /tmp/tmp8hmw767w
I0000 00:00:1791230464.294747 1031738 loader.cc:236] Restoring SavedModel bundle.
I0000 00:00:1791230464.306762 1031738 loader.cc:220] Running initialization op on SavedModel bundle at path: /tmp/tmp8hmw767w
I0000 00:00:1791230464.311051 1031738 loader.cc:471] SavedModel load for tags { serve }; Status: success: OK. Took 19426 microseconds.
fully_quantize: 0, inference_type: 6, input_inference_type: FLOAT32, output_inference_type: FLOAT32
W0000 00:00:1791230464.402247 1031738 flatbuffer_export.cc:3851] Skipping runtime version metadata in the model. This will be generated by the exporter.
/home/danielpark605/tinyml-venv/lib/python3.12/site-packages/tensorflow/lite/python/interpreter.py:457: UserWarning:     Warning: tf.lite.Interpreter is deprecated and is scheduled for deletion in
    TF 2.20. Please use the LiteRT interpreter from the ai_edge_litert package.
    See the [migration guide](https://ai.google.dev/edge/litert/migration)
    for details.
    
  warnings.warn(_INTERPRETER_DELETION_WARNING)
  [ton_near_iid_v2] tflite_max_per_tensor  client2      d1 f1=0.8696 far=0.0207 missed=3665/16215
/home/danielpark605/tinyml-venv/lib/python3.12/site-packages/tensorflow/lite/python/convert.py:846: UserWarning: Statistics for quantized inputs were expected, but not specified; continuing anyway.
  warnings.warn(
W0000 00:00:1791230465.359564 1031738 tf_tfl_flatbuffer_helpers.cc:364] Ignored output_format.
W0000 00:00:1791230465.359940 1031738 tf_tfl_flatbuffer_helpers.cc:367] Ignored drop_control_dependency.
I0000 00:00:1791230465.360450 1031738 reader.cc:83] Reading SavedModel from: /tmp/tmpu12gimpp
I0000 00:00:1791230465.362212 1031738 reader.cc:52] Reading meta graph with tags { serve }
I0000 00:00:1791230465.362632 1031738 reader.cc:147] Reading SavedModel debug info (if present) from: /tmp/tmpu12gimpp
I0000 00:00:1791230465.370504 1031738 loader.cc:236] Restoring SavedModel bundle.
I0000 00:00:1791230465.396845 1031738 loader.cc:220] Running initialization op on SavedModel bundle at path: /tmp/tmpu12gimpp
I0000 00:00:1791230465.404817 1031738 loader.cc:471] SavedModel load for tags { serve }; Status: success: OK. Took 44383 microseconds.
/home/danielpark605/tinyml-venv/lib/python3.12/site-packages/tensorflow/lite/python/interpreter.py:457: UserWarning:     Warning: tf.lite.Interpreter is deprecated and is scheduled for deletion in
    TF 2.20. Please use the LiteRT interpreter from the ai_edge_litert package.
    See the [migration guide](https://ai.google.dev/edge/litert/migration)
    for details.
    
  warnings.warn(_INTERPRETER_DELETION_WARNING)
   [QAT Strip] Input model type: Functional
   [QAT Strip] Input model class: tf_keras.src.engine.functional.Functional
   [QAT Strip] Creating TF.Keras Functional model with input shape: (43,)
   [QAT Strip] TF_USE_LEGACY_KERAS=1
   [QAT Strip] 4 Dense layers after BatchNorm folding
   [QAT Strip] Created model type: Functional
   [QAT Strip] Model class: tf_keras.src.engine.functional.Functional
   [QAT Strip] Total layers: 5
   [QAT Strip] Is tensorflow.keras model: False
   [QAT Strip] WARNING: Model is not tensorflow.keras! QAT may fail.
✅ Saved (QAT): data/processed/revision/2026-10-05_x1_calib_methods/quant_lit/ton_near_iid_v2/fq_max_client2_d1.tflite (189.26 KB)
   Quantization: 10/16 tensors (62.5%)
   Input: <class 'numpy.float32'>, Output: <class 'numpy.float32'>
  [ton_near_iid_v2] fq_max                 client2      d1 f1=0.5527 far=0.0212 missed=9984/16215
/home/danielpark605/tinyml-venv/lib/python3.12/site-packages/tensorflow/lite/python/convert.py:846: UserWarning: Statistics for quantized inputs were expected, but not specified; continuing anyway.
  warnings.warn(
W0000 00:00:1791230466.704132 1031738 tf_tfl_flatbuffer_helpers.cc:364] Ignored output_format.
W0000 00:00:1791230466.704523 1031738 tf_tfl_flatbuffer_helpers.cc:367] Ignored drop_control_dependency.
I0000 00:00:1791230466.704969 1031738 reader.cc:83] Reading SavedModel from: /tmp/tmp5nlmcd49
I0000 00:00:1791230466.706294 1031738 reader.cc:52] Reading meta graph with tags { serve }
I0000 00:00:1791230466.706640 1031738 reader.cc:147] Reading SavedModel debug info (if present) from: /tmp/tmp5nlmcd49
I0000 00:00:1791230466.714021 1031738 loader.cc:236] Restoring SavedModel bundle.
I0000 00:00:1791230466.743786 1031738 loader.cc:220] Running initialization op on SavedModel bundle at path: /tmp/tmp5nlmcd49
I0000 00:00:1791230466.753193 1031738 loader.cc:471] SavedModel load for tags { serve }; Status: success: OK. Took 48236 microseconds.
/home/danielpark605/tinyml-venv/lib/python3.12/site-packages/tensorflow/lite/python/interpreter.py:457: UserWarning:     Warning: tf.lite.Interpreter is deprecated and is scheduled for deletion in
    TF 2.20. Please use the LiteRT interpreter from the ai_edge_litert package.
    See the [migration guide](https://ai.google.dev/edge/litert/migration)
    for details.
    
  warnings.warn(_INTERPRETER_DELETION_WARNING)
   [QAT Strip] Input model type: Functional
   [QAT Strip] Input model class: tf_keras.src.engine.functional.Functional
   [QAT Strip] Creating TF.Keras Functional model with input shape: (43,)
   [QAT Strip] TF_USE_LEGACY_KERAS=1
   [QAT Strip] 4 Dense layers after BatchNorm folding
   [QAT Strip] Created model type: Functional
   [QAT Strip] Model class: tf_keras.src.engine.functional.Functional
   [QAT Strip] Total layers: 5
   [QAT Strip] Is tensorflow.keras model: False
   [QAT Strip] WARNING: Model is not tensorflow.keras! QAT may fail.
✅ Saved (QAT): data/processed/revision/2026-10-05_x1_calib_methods/quant_lit/ton_near_iid_v2/fq_pct999_client2_d1.tflite (189.26 KB)
   Quantization: 10/16 tensors (62.5%)
   Input: <class 'numpy.float32'>, Output: <class 'numpy.float32'>
  [ton_near_iid_v2] fq_pct999              client2      d1 f1=0.9939 far=0.0361 missed=26/16215
/home/danielpark605/tinyml-venv/lib/python3.12/site-packages/tensorflow/lite/python/convert.py:846: UserWarning: Statistics for quantized inputs were expected, but not specified; continuing anyway.
  warnings.warn(
W0000 00:00:1791230467.872499 1031738 tf_tfl_flatbuffer_helpers.cc:364] Ignored output_format.
W0000 00:00:1791230467.872853 1031738 tf_tfl_flatbuffer_helpers.cc:367] Ignored drop_control_dependency.
I0000 00:00:1791230467.873389 1031738 reader.cc:83] Reading SavedModel from: /tmp/tmpjytzbb_c
I0000 00:00:1791230467.875378 1031738 reader.cc:52] Reading meta graph with tags { serve }
I0000 00:00:1791230467.875886 1031738 reader.cc:147] Reading SavedModel debug info (if present) from: /tmp/tmpjytzbb_c
I0000 00:00:1791230467.883263 1031738 loader.cc:236] Restoring SavedModel bundle.
I0000 00:00:1791230467.912373 1031738 loader.cc:220] Running initialization op on SavedModel bundle at path: /tmp/tmpjytzbb_c
I0000 00:00:1791230467.921819 1031738 loader.cc:471] SavedModel load for tags { serve }; Status: success: OK. Took 48453 microseconds.
/home/danielpark605/tinyml-venv/lib/python3.12/site-packages/tensorflow/lite/python/interpreter.py:457: UserWarning:     Warning: tf.lite.Interpreter is deprecated and is scheduled for deletion in
    TF 2.20. Please use the LiteRT interpreter from the ai_edge_litert package.
    See the [migration guide](https://ai.google.dev/edge/litert/migration)
    for details.
    
  warnings.warn(_INTERPRETER_DELETION_WARNING)
   [QAT Strip] Input model type: Functional
   [QAT Strip] Input model class: tf_keras.src.engine.functional.Functional
   [QAT Strip] Creating TF.Keras Functional model with input shape: (43,)
   [QAT Strip] TF_USE_LEGACY_KERAS=1
   [QAT Strip] 4 Dense layers after BatchNorm folding
   [QAT Strip] Created model type: Functional
   [QAT Strip] Model class: tf_keras.src.engine.functional.Functional
   [QAT Strip] Total layers: 5
   [QAT Strip] Is tensorflow.keras model: False
   [QAT Strip] WARNING: Model is not tensorflow.keras! QAT may fail.
✅ Saved (QAT): data/processed/revision/2026-10-05_x1_calib_methods/quant_lit/ton_near_iid_v2/fq_pct9999_client2_d1.tflite (189.26 KB)
   Quantization: 10/16 tensors (62.5%)
   Input: <class 'numpy.float32'>, Output: <class 'numpy.float32'>
  [ton_near_iid_v2] fq_pct9999             client2      d1 f1=0.9929 far=0.0348 missed=62/16215
/home/danielpark605/tinyml-venv/lib/python3.12/site-packages/tensorflow/lite/python/convert.py:846: UserWarning: Statistics for quantized inputs were expected, but not specified; continuing anyway.
  warnings.warn(
W0000 00:00:1791230469.172273 1031738 tf_tfl_flatbuffer_helpers.cc:364] Ignored output_format.
W0000 00:00:1791230469.172775 1031738 tf_tfl_flatbuffer_helpers.cc:367] Ignored drop_control_dependency.
I0000 00:00:1791230469.173227 1031738 reader.cc:83] Reading SavedModel from: /tmp/tmps5o3vyv7
I0000 00:00:1791230469.174935 1031738 reader.cc:52] Reading meta graph with tags { serve }
I0000 00:00:1791230469.175272 1031738 reader.cc:147] Reading SavedModel debug info (if present) from: /tmp/tmps5o3vyv7
I0000 00:00:1791230469.182396 1031738 loader.cc:236] Restoring SavedModel bundle.
I0000 00:00:1791230469.211595 1031738 loader.cc:220] Running initialization op on SavedModel bundle at path: /tmp/tmps5o3vyv7
I0000 00:00:1791230469.219925 1031738 loader.cc:471] SavedModel load for tags { serve }; Status: success: OK. Took 46708 microseconds.
/home/danielpark605/tinyml-venv/lib/python3.12/site-packages/tensorflow/lite/python/interpreter.py:457: UserWarning:     Warning: tf.lite.Interpreter is deprecated and is scheduled for deletion in
    TF 2.20. Please use the LiteRT interpreter from the ai_edge_litert package.
    See the [migration guide](https://ai.google.dev/edge/litert/migration)
    for details.
    
  warnings.warn(_INTERPRETER_DELETION_WARNING)
   [QAT Strip] Input model type: Functional
   [QAT Strip] Input model class: tf_keras.src.engine.functional.Functional
   [QAT Strip] Creating TF.Keras Functional model with input shape: (43,)
   [QAT Strip] TF_USE_LEGACY_KERAS=1
   [QAT Strip] 4 Dense layers after BatchNorm folding
   [QAT Strip] Created model type: Functional
   [QAT Strip] Model class: tf_keras.src.engine.functional.Functional
   [QAT Strip] Total layers: 5
   [QAT Strip] Is tensorflow.keras model: False
   [QAT Strip] WARNING: Model is not tensorflow.keras! QAT may fail.
✅ Saved (QAT): data/processed/revision/2026-10-05_x1_calib_methods/quant_lit/ton_near_iid_v2/fq_mse_client2_d1.tflite (189.26 KB)
   Quantization: 10/16 tensors (62.5%)
   Input: <class 'numpy.float32'>, Output: <class 'numpy.float32'>
  [ton_near_iid_v2] fq_mse                 client2      d1 f1=0.9621 far=0.0319 missed=1040/16215
/home/danielpark605/tinyml-venv/lib/python3.12/site-packages/tensorflow/lite/python/convert.py:846: UserWarning: Statistics for quantized inputs were expected, but not specified; continuing anyway.
  warnings.warn(
W0000 00:00:1791230471.942349 1031738 tf_tfl_flatbuffer_helpers.cc:364] Ignored output_format.
W0000 00:00:1791230471.942721 1031738 tf_tfl_flatbuffer_helpers.cc:367] Ignored drop_control_dependency.
I0000 00:00:1791230471.943178 1031738 reader.cc:83] Reading SavedModel from: /tmp/tmpa5ma1qc9
I0000 00:00:1791230471.944500 1031738 reader.cc:52] Reading meta graph with tags { serve }
I0000 00:00:1791230471.944860 1031738 reader.cc:147] Reading SavedModel debug info (if present) from: /tmp/tmpa5ma1qc9
I0000 00:00:1791230471.951282 1031738 loader.cc:236] Restoring SavedModel bundle.
I0000 00:00:1791230471.979204 1031738 loader.cc:220] Running initialization op on SavedModel bundle at path: /tmp/tmpa5ma1qc9
I0000 00:00:1791230471.988244 1031738 loader.cc:471] SavedModel load for tags { serve }; Status: success: OK. Took 45081 microseconds.
/home/danielpark605/tinyml-venv/lib/python3.12/site-packages/tensorflow/lite/python/interpreter.py:457: UserWarning:     Warning: tf.lite.Interpreter is deprecated and is scheduled for deletion in
    TF 2.20. Please use the LiteRT interpreter from the ai_edge_litert package.
    See the [migration guide](https://ai.google.dev/edge/litert/migration)
    for details.
    
  warnings.warn(_INTERPRETER_DELETION_WARNING)
   [QAT Strip] Input model type: Functional
   [QAT Strip] Input model class: tf_keras.src.engine.functional.Functional
   [QAT Strip] Creating TF.Keras Functional model with input shape: (43,)
   [QAT Strip] TF_USE_LEGACY_KERAS=1
   [QAT Strip] 4 Dense layers after BatchNorm folding
   [QAT Strip] Created model type: Functional
   [QAT Strip] Model class: tf_keras.src.engine.functional.Functional
   [QAT Strip] Total layers: 5
   [QAT Strip] Is tensorflow.keras model: False
   [QAT Strip] WARNING: Model is not tensorflow.keras! QAT may fail.
✅ Saved (QAT): data/processed/revision/2026-10-05_x1_calib_methods/quant_lit/ton_near_iid_v2/fq_kl_client2_d1.tflite (189.26 KB)
   Quantization: 10/16 tensors (62.5%)
   Input: <class 'numpy.float32'>, Output: <class 'numpy.float32'>
  [ton_near_iid_v2] fq_kl                  client2      d1 f1=0.9939 far=0.0361 missed=26/16215
/home/danielpark605/tinyml-venv/lib/python3.12/site-packages/tensorflow/lite/python/convert.py:846: UserWarning: Statistics for quantized inputs were expected, but not specified; continuing anyway.
  warnings.warn(
W0000 00:00:1791230473.068449 1031738 tf_tfl_flatbuffer_helpers.cc:364] Ignored output_format.
W0000 00:00:1791230473.068842 1031738 tf_tfl_flatbuffer_helpers.cc:367] Ignored drop_control_dependency.
I0000 00:00:1791230473.069312 1031738 reader.cc:83] Reading SavedModel from: /tmp/tmptxbozrxg
I0000 00:00:1791230473.071213 1031738 reader.cc:52] Reading meta graph with tags { serve }
I0000 00:00:1791230473.071564 1031738 reader.cc:147] Reading SavedModel debug info (if present) from: /tmp/tmptxbozrxg
I0000 00:00:1791230473.079191 1031738 loader.cc:236] Restoring SavedModel bundle.
I0000 00:00:1791230473.106449 1031738 loader.cc:220] Running initialization op on SavedModel bundle at path: /tmp/tmptxbozrxg
I0000 00:00:1791230473.115801 1031738 loader.cc:471] SavedModel load for tags { serve }; Status: success: OK. Took 46507 microseconds.
/home/danielpark605/tinyml-venv/lib/python3.12/site-packages/tensorflow/lite/python/interpreter.py:457: UserWarning:     Warning: tf.lite.Interpreter is deprecated and is scheduled for deletion in
    TF 2.20. Please use the LiteRT interpreter from the ai_edge_litert package.
    See the [migration guide](https://ai.google.dev/edge/litert/migration)
    for details.
    
  warnings.warn(_INTERPRETER_DELETION_WARNING)
   [QAT Strip] Input model type: Functional
   [QAT Strip] Input model class: tf_keras.src.engine.functional.Functional
   [QAT Strip] Creating TF.Keras Functional model with input shape: (43,)
   [QAT Strip] TF_USE_LEGACY_KERAS=1
   [QAT Strip] 4 Dense layers after BatchNorm folding
   [QAT Strip] Created model type: Functional
   [QAT Strip] Model class: tf_keras.src.engine.functional.Functional
   [QAT Strip] Total layers: 5
   [QAT Strip] Is tensorflow.keras model: False
   [QAT Strip] WARNING: Model is not tensorflow.keras! QAT may fail.
✅ Saved (QAT): data/processed/revision/2026-10-05_x1_calib_methods/quant_lit/ton_near_iid_v2/fq_clip5_max_client2_d1.tflite (189.26 KB)
   Quantization: 10/16 tensors (62.5%)
   Input: <class 'numpy.float32'>, Output: <class 'numpy.float32'>
  [ton_near_iid_v2] fq_clip5_max           client2      d1 f1=0.9919 far=0.0494 missed=27/16215
/home/danielpark605/tinyml-venv/lib/python3.12/site-packages/tensorflow/lite/python/convert.py:846: UserWarning: Statistics for quantized inputs were expected, but not specified; continuing anyway.
  warnings.warn(
W0000 00:00:1791230473.541050 1031738 tf_tfl_flatbuffer_helpers.cc:364] Ignored output_format.
W0000 00:00:1791230473.541429 1031738 tf_tfl_flatbuffer_helpers.cc:367] Ignored drop_control_dependency.
I0000 00:00:1791230473.541874 1031738 reader.cc:83] Reading SavedModel from: /tmp/tmpfsywy_2p
I0000 00:00:1791230473.542641 1031738 reader.cc:52] Reading meta graph with tags { serve }
I0000 00:00:1791230473.542994 1031738 reader.cc:147] Reading SavedModel debug info (if present) from: /tmp/tmpfsywy_2p
I0000 00:00:1791230473.545858 1031738 loader.cc:236] Restoring SavedModel bundle.
I0000 00:00:1791230473.556425 1031738 loader.cc:220] Running initialization op on SavedModel bundle at path: /tmp/tmpfsywy_2p
I0000 00:00:1791230473.559939 1031738 loader.cc:471] SavedModel load for tags { serve }; Status: success: OK. Took 18076 microseconds.
fully_quantize: 0, inference_type: 6, input_inference_type: FLOAT32, output_inference_type: FLOAT32
W0000 00:00:1791230473.650663 1031738 flatbuffer_export.cc:3851] Skipping runtime version metadata in the model. This will be generated by the exporter.
/home/danielpark605/tinyml-venv/lib/python3.12/site-packages/tensorflow/lite/python/interpreter.py:457: UserWarning:     Warning: tf.lite.Interpreter is deprecated and is scheduled for deletion in
    TF 2.20. Please use the LiteRT interpreter from the ai_edge_litert package.
    See the [migration guide](https://ai.google.dev/edge/litert/migration)
    for details.
    
  warnings.warn(_INTERPRETER_DELETION_WARNING)
  [ton_near_iid_v2] tflite_max             client3      d1 f1=0.9773 far=0.0378 missed=547/16215
/home/danielpark605/tinyml-venv/lib/python3.12/site-packages/tensorflow/lite/python/convert.py:846: UserWarning: Statistics for quantized inputs were expected, but not specified; continuing anyway.
  warnings.warn(
W0000 00:00:1791230473.971002 1031738 tf_tfl_flatbuffer_helpers.cc:364] Ignored output_format.
W0000 00:00:1791230473.971349 1031738 tf_tfl_flatbuffer_helpers.cc:367] Ignored drop_control_dependency.
I0000 00:00:1791230473.971780 1031738 reader.cc:83] Reading SavedModel from: /tmp/tmpz886umjb
I0000 00:00:1791230473.972552 1031738 reader.cc:52] Reading meta graph with tags { serve }
I0000 00:00:1791230473.972953 1031738 reader.cc:147] Reading SavedModel debug info (if present) from: /tmp/tmpz886umjb
I0000 00:00:1791230473.975359 1031738 loader.cc:236] Restoring SavedModel bundle.
I0000 00:00:1791230473.986532 1031738 loader.cc:220] Running initialization op on SavedModel bundle at path: /tmp/tmpz886umjb
I0000 00:00:1791230473.990780 1031738 loader.cc:471] SavedModel load for tags { serve }; Status: success: OK. Took 19009 microseconds.
fully_quantize: 0, inference_type: 6, input_inference_type: FLOAT32, output_inference_type: FLOAT32
W0000 00:00:1791230474.082583 1031738 flatbuffer_export.cc:3851] Skipping runtime version metadata in the model. This will be generated by the exporter.
/home/danielpark605/tinyml-venv/lib/python3.12/site-packages/tensorflow/lite/python/interpreter.py:457: UserWarning:     Warning: tf.lite.Interpreter is deprecated and is scheduled for deletion in
    TF 2.20. Please use the LiteRT interpreter from the ai_edge_litert package.
    See the [migration guide](https://ai.google.dev/edge/litert/migration)
    for details.
    
  warnings.warn(_INTERPRETER_DELETION_WARNING)
  [ton_near_iid_v2] tflite_clip5           client3      d1 f1=0.9919 far=0.0494 missed=27/16215
/home/danielpark605/tinyml-venv/lib/python3.12/site-packages/tensorflow/lite/python/convert.py:846: UserWarning: Statistics for quantized inputs were expected, but not specified; continuing anyway.
  warnings.warn(
W0000 00:00:1791230474.601026 1031738 tf_tfl_flatbuffer_helpers.cc:364] Ignored output_format.
W0000 00:00:1791230474.601389 1031738 tf_tfl_flatbuffer_helpers.cc:367] Ignored drop_control_dependency.
I0000 00:00:1791230474.601870 1031738 reader.cc:83] Reading SavedModel from: /tmp/tmpscum10k0
I0000 00:00:1791230474.602836 1031738 reader.cc:52] Reading meta graph with tags { serve }
I0000 00:00:1791230474.603185 1031738 reader.cc:147] Reading SavedModel debug info (if present) from: /tmp/tmpscum10k0
I0000 00:00:1791230474.607103 1031738 loader.cc:236] Restoring SavedModel bundle.
I0000 00:00:1791230474.621391 1031738 loader.cc:220] Running initialization op on SavedModel bundle at path: /tmp/tmpscum10k0
I0000 00:00:1791230474.627201 1031738 loader.cc:471] SavedModel load for tags { serve }; Status: success: OK. Took 25341 microseconds.
fully_quantize: 0, inference_type: 6, input_inference_type: FLOAT32, output_inference_type: FLOAT32
W0000 00:00:1791230474.723064 1031738 flatbuffer_export.cc:3851] Skipping runtime version metadata in the model. This will be generated by the exporter.
/home/danielpark605/tinyml-venv/lib/python3.12/site-packages/tensorflow/lite/python/interpreter.py:457: UserWarning:     Warning: tf.lite.Interpreter is deprecated and is scheduled for deletion in
    TF 2.20. Please use the LiteRT interpreter from the ai_edge_litert package.
    See the [migration guide](https://ai.google.dev/edge/litert/migration)
    for details.
    
  warnings.warn(_INTERPRETER_DELETION_WARNING)
  [ton_near_iid_v2] tflite_max_per_tensor  client3      d1 f1=0.9616 far=0.1493 missed=531/16215
/home/danielpark605/tinyml-venv/lib/python3.12/site-packages/tensorflow/lite/python/convert.py:846: UserWarning: Statistics for quantized inputs were expected, but not specified; continuing anyway.
  warnings.warn(
W0000 00:00:1791230475.760906 1031738 tf_tfl_flatbuffer_helpers.cc:364] Ignored output_format.
W0000 00:00:1791230475.761279 1031738 tf_tfl_flatbuffer_helpers.cc:367] Ignored drop_control_dependency.
I0000 00:00:1791230475.761753 1031738 reader.cc:83] Reading SavedModel from: /tmp/tmpqkmeqc0h
I0000 00:00:1791230475.763102 1031738 reader.cc:52] Reading meta graph with tags { serve }
I0000 00:00:1791230475.763466 1031738 reader.cc:147] Reading SavedModel debug info (if present) from: /tmp/tmpqkmeqc0h
I0000 00:00:1791230475.770327 1031738 loader.cc:236] Restoring SavedModel bundle.
I0000 00:00:1791230475.798829 1031738 loader.cc:220] Running initialization op on SavedModel bundle at path: /tmp/tmpqkmeqc0h
I0000 00:00:1791230475.807892 1031738 loader.cc:471] SavedModel load for tags { serve }; Status: success: OK. Took 46151 microseconds.
/home/danielpark605/tinyml-venv/lib/python3.12/site-packages/tensorflow/lite/python/interpreter.py:457: UserWarning:     Warning: tf.lite.Interpreter is deprecated and is scheduled for deletion in
    TF 2.20. Please use the LiteRT interpreter from the ai_edge_litert package.
    See the [migration guide](https://ai.google.dev/edge/litert/migration)
    for details.
    
  warnings.warn(_INTERPRETER_DELETION_WARNING)
   [QAT Strip] Input model type: Functional
   [QAT Strip] Input model class: tf_keras.src.engine.functional.Functional
   [QAT Strip] Creating TF.Keras Functional model with input shape: (43,)
   [QAT Strip] TF_USE_LEGACY_KERAS=1
   [QAT Strip] 4 Dense layers after BatchNorm folding
   [QAT Strip] Created model type: Functional
   [QAT Strip] Model class: tf_keras.src.engine.functional.Functional
   [QAT Strip] Total layers: 5
   [QAT Strip] Is tensorflow.keras model: False
   [QAT Strip] WARNING: Model is not tensorflow.keras! QAT may fail.
✅ Saved (QAT): data/processed/revision/2026-10-05_x1_calib_methods/quant_lit/ton_near_iid_v2/fq_max_client3_d1.tflite (189.26 KB)
   Quantization: 10/16 tensors (62.5%)
   Input: <class 'numpy.float32'>, Output: <class 'numpy.float32'>
  [ton_near_iid_v2] fq_max                 client3      d1 f1=0.9622 far=0.1510 missed=505/16215
/home/danielpark605/tinyml-venv/lib/python3.12/site-packages/tensorflow/lite/python/convert.py:846: UserWarning: Statistics for quantized inputs were expected, but not specified; continuing anyway.
  warnings.warn(
W0000 00:00:1791230476.915305 1031738 tf_tfl_flatbuffer_helpers.cc:364] Ignored output_format.
W0000 00:00:1791230476.915613 1031738 tf_tfl_flatbuffer_helpers.cc:367] Ignored drop_control_dependency.
I0000 00:00:1791230476.916011 1031738 reader.cc:83] Reading SavedModel from: /tmp/tmpk5xjzn1z
I0000 00:00:1791230476.917859 1031738 reader.cc:52] Reading meta graph with tags { serve }
I0000 00:00:1791230476.918189 1031738 reader.cc:147] Reading SavedModel debug info (if present) from: /tmp/tmpk5xjzn1z
I0000 00:00:1791230476.926695 1031738 loader.cc:236] Restoring SavedModel bundle.
I0000 00:00:1791230476.956472 1031738 loader.cc:220] Running initialization op on SavedModel bundle at path: /tmp/tmpk5xjzn1z
I0000 00:00:1791230476.964992 1031738 loader.cc:471] SavedModel load for tags { serve }; Status: success: OK. Took 49001 microseconds.
/home/danielpark605/tinyml-venv/lib/python3.12/site-packages/tensorflow/lite/python/interpreter.py:457: UserWarning:     Warning: tf.lite.Interpreter is deprecated and is scheduled for deletion in
    TF 2.20. Please use the LiteRT interpreter from the ai_edge_litert package.
    See the [migration guide](https://ai.google.dev/edge/litert/migration)
    for details.
    
  warnings.warn(_INTERPRETER_DELETION_WARNING)
   [QAT Strip] Input model type: Functional
   [QAT Strip] Input model class: tf_keras.src.engine.functional.Functional
   [QAT Strip] Creating TF.Keras Functional model with input shape: (43,)
   [QAT Strip] TF_USE_LEGACY_KERAS=1
   [QAT Strip] 4 Dense layers after BatchNorm folding
   [QAT Strip] Created model type: Functional
   [QAT Strip] Model class: tf_keras.src.engine.functional.Functional
   [QAT Strip] Total layers: 5
   [QAT Strip] Is tensorflow.keras model: False
   [QAT Strip] WARNING: Model is not tensorflow.keras! QAT may fail.
✅ Saved (QAT): data/processed/revision/2026-10-05_x1_calib_methods/quant_lit/ton_near_iid_v2/fq_pct999_client3_d1.tflite (189.26 KB)
   Quantization: 10/16 tensors (62.5%)
   Input: <class 'numpy.float32'>, Output: <class 'numpy.float32'>
  [ton_near_iid_v2] fq_pct999              client3      d1 f1=0.9940 far=0.0353 missed=24/16215
/home/danielpark605/tinyml-venv/lib/python3.12/site-packages/tensorflow/lite/python/convert.py:846: UserWarning: Statistics for quantized inputs were expected, but not specified; continuing anyway.
  warnings.warn(
W0000 00:00:1791230478.278227 1031738 tf_tfl_flatbuffer_helpers.cc:364] Ignored output_format.
W0000 00:00:1791230478.278602 1031738 tf_tfl_flatbuffer_helpers.cc:367] Ignored drop_control_dependency.
I0000 00:00:1791230478.279076 1031738 reader.cc:83] Reading SavedModel from: /tmp/tmp40jix62i
I0000 00:00:1791230478.280444 1031738 reader.cc:52] Reading meta graph with tags { serve }
I0000 00:00:1791230478.280786 1031738 reader.cc:147] Reading SavedModel debug info (if present) from: /tmp/tmp40jix62i
I0000 00:00:1791230478.287750 1031738 loader.cc:236] Restoring SavedModel bundle.
I0000 00:00:1791230478.316962 1031738 loader.cc:220] Running initialization op on SavedModel bundle at path: /tmp/tmp40jix62i
I0000 00:00:1791230478.325927 1031738 loader.cc:471] SavedModel load for tags { serve }; Status: success: OK. Took 46861 microseconds.
/home/danielpark605/tinyml-venv/lib/python3.12/site-packages/tensorflow/lite/python/interpreter.py:457: UserWarning:     Warning: tf.lite.Interpreter is deprecated and is scheduled for deletion in
    TF 2.20. Please use the LiteRT interpreter from the ai_edge_litert package.
    See the [migration guide](https://ai.google.dev/edge/litert/migration)
    for details.
    
  warnings.warn(_INTERPRETER_DELETION_WARNING)
   [QAT Strip] Input model type: Functional
   [QAT Strip] Input model class: tf_keras.src.engine.functional.Functional
   [QAT Strip] Creating TF.Keras Functional model with input shape: (43,)
   [QAT Strip] TF_USE_LEGACY_KERAS=1
   [QAT Strip] 4 Dense layers after BatchNorm folding
   [QAT Strip] Created model type: Functional
   [QAT Strip] Model class: tf_keras.src.engine.functional.Functional
   [QAT Strip] Total layers: 5
   [QAT Strip] Is tensorflow.keras model: False
   [QAT Strip] WARNING: Model is not tensorflow.keras! QAT may fail.
✅ Saved (QAT): data/processed/revision/2026-10-05_x1_calib_methods/quant_lit/ton_near_iid_v2/fq_pct9999_client3_d1.tflite (189.26 KB)
   Quantization: 10/16 tensors (62.5%)
   Input: <class 'numpy.float32'>, Output: <class 'numpy.float32'>
  [ton_near_iid_v2] fq_pct9999             client3      d1 f1=0.9940 far=0.0359 missed=24/16215
/home/danielpark605/tinyml-venv/lib/python3.12/site-packages/tensorflow/lite/python/convert.py:846: UserWarning: Statistics for quantized inputs were expected, but not specified; continuing anyway.
  warnings.warn(
W0000 00:00:1791230479.566394 1031738 tf_tfl_flatbuffer_helpers.cc:364] Ignored output_format.
W0000 00:00:1791230479.566786 1031738 tf_tfl_flatbuffer_helpers.cc:367] Ignored drop_control_dependency.
I0000 00:00:1791230479.567248 1031738 reader.cc:83] Reading SavedModel from: /tmp/tmp3z2r5w0w
I0000 00:00:1791230479.568878 1031738 reader.cc:52] Reading meta graph with tags { serve }
I0000 00:00:1791230479.569242 1031738 reader.cc:147] Reading SavedModel debug info (if present) from: /tmp/tmp3z2r5w0w
I0000 00:00:1791230479.576857 1031738 loader.cc:236] Restoring SavedModel bundle.
I0000 00:00:1791230479.605437 1031738 loader.cc:220] Running initialization op on SavedModel bundle at path: /tmp/tmp3z2r5w0w
I0000 00:00:1791230479.614835 1031738 loader.cc:471] SavedModel load for tags { serve }; Status: success: OK. Took 47599 microseconds.
/home/danielpark605/tinyml-venv/lib/python3.12/site-packages/tensorflow/lite/python/interpreter.py:457: UserWarning:     Warning: tf.lite.Interpreter is deprecated and is scheduled for deletion in
    TF 2.20. Please use the LiteRT interpreter from the ai_edge_litert package.
    See the [migration guide](https://ai.google.dev/edge/litert/migration)
    for details.
    
  warnings.warn(_INTERPRETER_DELETION_WARNING)
   [QAT Strip] Input model type: Functional
   [QAT Strip] Input model class: tf_keras.src.engine.functional.Functional
   [QAT Strip] Creating TF.Keras Functional model with input shape: (43,)
   [QAT Strip] TF_USE_LEGACY_KERAS=1
   [QAT Strip] 4 Dense layers after BatchNorm folding
   [QAT Strip] Created model type: Functional
   [QAT Strip] Model class: tf_keras.src.engine.functional.Functional
   [QAT Strip] Total layers: 5
   [QAT Strip] Is tensorflow.keras model: False
   [QAT Strip] WARNING: Model is not tensorflow.keras! QAT may fail.
✅ Saved (QAT): data/processed/revision/2026-10-05_x1_calib_methods/quant_lit/ton_near_iid_v2/fq_mse_client3_d1.tflite (189.26 KB)
   Quantization: 10/16 tensors (62.5%)
   Input: <class 'numpy.float32'>, Output: <class 'numpy.float32'>
  [ton_near_iid_v2] fq_mse                 client3      d1 f1=0.9906 far=0.0355 missed=134/16215
/home/danielpark605/tinyml-venv/lib/python3.12/site-packages/tensorflow/lite/python/convert.py:846: UserWarning: Statistics for quantized inputs were expected, but not specified; continuing anyway.
  warnings.warn(
W0000 00:00:1791230482.388097 1031738 tf_tfl_flatbuffer_helpers.cc:364] Ignored output_format.
W0000 00:00:1791230482.388504 1031738 tf_tfl_flatbuffer_helpers.cc:367] Ignored drop_control_dependency.
I0000 00:00:1791230482.389000 1031738 reader.cc:83] Reading SavedModel from: /tmp/tmp56_wwm7c
I0000 00:00:1791230482.390999 1031738 reader.cc:52] Reading meta graph with tags { serve }
I0000 00:00:1791230482.391314 1031738 reader.cc:147] Reading SavedModel debug info (if present) from: /tmp/tmp56_wwm7c
I0000 00:00:1791230482.399031 1031738 loader.cc:236] Restoring SavedModel bundle.
I0000 00:00:1791230482.433983 1031738 loader.cc:220] Running initialization op on SavedModel bundle at path: /tmp/tmp56_wwm7c
I0000 00:00:1791230482.443211 1031738 loader.cc:471] SavedModel load for tags { serve }; Status: success: OK. Took 54219 microseconds.
/home/danielpark605/tinyml-venv/lib/python3.12/site-packages/tensorflow/lite/python/interpreter.py:457: UserWarning:     Warning: tf.lite.Interpreter is deprecated and is scheduled for deletion in
    TF 2.20. Please use the LiteRT interpreter from the ai_edge_litert package.
    See the [migration guide](https://ai.google.dev/edge/litert/migration)
    for details.
    
  warnings.warn(_INTERPRETER_DELETION_WARNING)
   [QAT Strip] Input model type: Functional
   [QAT Strip] Input model class: tf_keras.src.engine.functional.Functional
   [QAT Strip] Creating TF.Keras Functional model with input shape: (43,)
   [QAT Strip] TF_USE_LEGACY_KERAS=1
   [QAT Strip] 4 Dense layers after BatchNorm folding
   [QAT Strip] Created model type: Functional
   [QAT Strip] Model class: tf_keras.src.engine.functional.Functional
   [QAT Strip] Total layers: 5
   [QAT Strip] Is tensorflow.keras model: False
   [QAT Strip] WARNING: Model is not tensorflow.keras! QAT may fail.
✅ Saved (QAT): data/processed/revision/2026-10-05_x1_calib_methods/quant_lit/ton_near_iid_v2/fq_kl_client3_d1.tflite (189.26 KB)
   Quantization: 10/16 tensors (62.5%)
   Input: <class 'numpy.float32'>, Output: <class 'numpy.float32'>
  [ton_near_iid_v2] fq_kl                  client3      d1 f1=0.9926 far=0.0442 missed=27/16215
/home/danielpark605/tinyml-venv/lib/python3.12/site-packages/tensorflow/lite/python/convert.py:846: UserWarning: Statistics for quantized inputs were expected, but not specified; continuing anyway.
  warnings.warn(
W0000 00:00:1791230483.805975 1031738 tf_tfl_flatbuffer_helpers.cc:364] Ignored output_format.
W0000 00:00:1791230483.806389 1031738 tf_tfl_flatbuffer_helpers.cc:367] Ignored drop_control_dependency.
I0000 00:00:1791230483.806909 1031738 reader.cc:83] Reading SavedModel from: /tmp/tmpzc6e9cvm
I0000 00:00:1791230483.808340 1031738 reader.cc:52] Reading meta graph with tags { serve }
I0000 00:00:1791230483.808694 1031738 reader.cc:147] Reading SavedModel debug info (if present) from: /tmp/tmpzc6e9cvm
I0000 00:00:1791230483.815573 1031738 loader.cc:236] Restoring SavedModel bundle.
I0000 00:00:1791230483.844222 1031738 loader.cc:220] Running initialization op on SavedModel bundle at path: /tmp/tmpzc6e9cvm
I0000 00:00:1791230483.853403 1031738 loader.cc:471] SavedModel load for tags { serve }; Status: success: OK. Took 46508 microseconds.
/home/danielpark605/tinyml-venv/lib/python3.12/site-packages/tensorflow/lite/python/interpreter.py:457: UserWarning:     Warning: tf.lite.Interpreter is deprecated and is scheduled for deletion in
    TF 2.20. Please use the LiteRT interpreter from the ai_edge_litert package.
    See the [migration guide](https://ai.google.dev/edge/litert/migration)
    for details.
    
  warnings.warn(_INTERPRETER_DELETION_WARNING)
   [QAT Strip] Input model type: Functional
   [QAT Strip] Input model class: tf_keras.src.engine.functional.Functional
   [QAT Strip] Creating TF.Keras Functional model with input shape: (43,)
   [QAT Strip] TF_USE_LEGACY_KERAS=1
   [QAT Strip] 4 Dense layers after BatchNorm folding
   [QAT Strip] Created model type: Functional
   [QAT Strip] Model class: tf_keras.src.engine.functional.Functional
   [QAT Strip] Total layers: 5
   [QAT Strip] Is tensorflow.keras model: False
   [QAT Strip] WARNING: Model is not tensorflow.keras! QAT may fail.
✅ Saved (QAT): data/processed/revision/2026-10-05_x1_calib_methods/quant_lit/ton_near_iid_v2/fq_clip5_max_client3_d1.tflite (189.26 KB)
   Quantization: 10/16 tensors (62.5%)
   Input: <class 'numpy.float32'>, Output: <class 'numpy.float32'>
  [ton_near_iid_v2] fq_clip5_max           client3      d1 f1=0.9919 far=0.0494 missed=27/16215
/home/danielpark605/tinyml-venv/lib/python3.12/site-packages/tensorflow/lite/python/convert.py:846: UserWarning: Statistics for quantized inputs were expected, but not specified; continuing anyway.
  warnings.warn(
W0000 00:00:1791230482.592634 1031738 tf_tfl_flatbuffer_helpers.cc:364] Ignored output_format.
W0000 00:00:1791230482.593010 1031738 tf_tfl_flatbuffer_helpers.cc:367] Ignored drop_control_dependency.
I0000 00:00:1791230482.593478 1031738 reader.cc:83] Reading SavedModel from: /tmp/tmpqtc8vo0s
I0000 00:00:1791230482.594144 1031738 reader.cc:52] Reading meta graph with tags { serve }
I0000 00:00:1791230482.594493 1031738 reader.cc:147] Reading SavedModel debug info (if present) from: /tmp/tmpqtc8vo0s
I0000 00:00:1791230482.597081 1031738 loader.cc:236] Restoring SavedModel bundle.
I0000 00:00:1791230482.608161 1031738 loader.cc:220] Running initialization op on SavedModel bundle at path: /tmp/tmpqtc8vo0s
I0000 00:00:1791230482.611835 1031738 loader.cc:471] SavedModel load for tags { serve }; Status: success: OK. Took 18368 microseconds.
fully_quantize: 0, inference_type: 6, input_inference_type: FLOAT32, output_inference_type: FLOAT32
W0000 00:00:1791230482.706423 1031738 flatbuffer_export.cc:3851] Skipping runtime version metadata in the model. This will be generated by the exporter.
/home/danielpark605/tinyml-venv/lib/python3.12/site-packages/tensorflow/lite/python/interpreter.py:457: UserWarning:     Warning: tf.lite.Interpreter is deprecated and is scheduled for deletion in
    TF 2.20. Please use the LiteRT interpreter from the ai_edge_litert package.
    See the [migration guide](https://ai.google.dev/edge/litert/migration)
    for details.
    
  warnings.warn(_INTERPRETER_DELETION_WARNING)
  [ton_near_iid_v2] tflite_max             pooled_rand  d2 f1=0.5377 far=0.0205 missed=10216/16215
/home/danielpark605/tinyml-venv/lib/python3.12/site-packages/tensorflow/lite/python/convert.py:846: UserWarning: Statistics for quantized inputs were expected, but not specified; continuing anyway.
  warnings.warn(
W0000 00:00:1791230483.030910 1031738 tf_tfl_flatbuffer_helpers.cc:364] Ignored output_format.
W0000 00:00:1791230483.031288 1031738 tf_tfl_flatbuffer_helpers.cc:367] Ignored drop_control_dependency.
I0000 00:00:1791230483.031732 1031738 reader.cc:83] Reading SavedModel from: /tmp/tmpr3ji4y72
I0000 00:00:1791230483.032540 1031738 reader.cc:52] Reading meta graph with tags { serve }
I0000 00:00:1791230483.032980 1031738 reader.cc:147] Reading SavedModel debug info (if present) from: /tmp/tmpr3ji4y72
I0000 00:00:1791230483.035117 1031738 loader.cc:236] Restoring SavedModel bundle.
I0000 00:00:1791230483.046516 1031738 loader.cc:220] Running initialization op on SavedModel bundle at path: /tmp/tmpr3ji4y72
I0000 00:00:1791230483.050851 1031738 loader.cc:471] SavedModel load for tags { serve }; Status: success: OK. Took 19128 microseconds.
fully_quantize: 0, inference_type: 6, input_inference_type: FLOAT32, output_inference_type: FLOAT32
W0000 00:00:1791230483.150007 1031738 flatbuffer_export.cc:3851] Skipping runtime version metadata in the model. This will be generated by the exporter.
/home/danielpark605/tinyml-venv/lib/python3.12/site-packages/tensorflow/lite/python/interpreter.py:457: UserWarning:     Warning: tf.lite.Interpreter is deprecated and is scheduled for deletion in
    TF 2.20. Please use the LiteRT interpreter from the ai_edge_litert package.
    See the [migration guide](https://ai.google.dev/edge/litert/migration)
    for details.
    
  warnings.warn(_INTERPRETER_DELETION_WARNING)
  [ton_near_iid_v2] tflite_clip5           pooled_rand  d2 f1=0.9919 far=0.0494 missed=27/16215
/home/danielpark605/tinyml-venv/lib/python3.12/site-packages/tensorflow/lite/python/convert.py:846: UserWarning: Statistics for quantized inputs were expected, but not specified; continuing anyway.
  warnings.warn(
W0000 00:00:1791230483.475521 1031738 tf_tfl_flatbuffer_helpers.cc:364] Ignored output_format.
W0000 00:00:1791230483.475881 1031738 tf_tfl_flatbuffer_helpers.cc:367] Ignored drop_control_dependency.
I0000 00:00:1791230483.476318 1031738 reader.cc:83] Reading SavedModel from: /tmp/tmpkybg03hm
I0000 00:00:1791230483.477015 1031738 reader.cc:52] Reading meta graph with tags { serve }
I0000 00:00:1791230483.477408 1031738 reader.cc:147] Reading SavedModel debug info (if present) from: /tmp/tmpkybg03hm
I0000 00:00:1791230483.479586 1031738 loader.cc:236] Restoring SavedModel bundle.
I0000 00:00:1791230483.490463 1031738 loader.cc:220] Running initialization op on SavedModel bundle at path: /tmp/tmpkybg03hm
I0000 00:00:1791230483.495293 1031738 loader.cc:471] SavedModel load for tags { serve }; Status: success: OK. Took 18985 microseconds.
fully_quantize: 0, inference_type: 6, input_inference_type: FLOAT32, output_inference_type: FLOAT32
W0000 00:00:1791230483.591530 1031738 flatbuffer_export.cc:3851] Skipping runtime version metadata in the model. This will be generated by the exporter.
/home/danielpark605/tinyml-venv/lib/python3.12/site-packages/tensorflow/lite/python/interpreter.py:457: UserWarning:     Warning: tf.lite.Interpreter is deprecated and is scheduled for deletion in
    TF 2.20. Please use the LiteRT interpreter from the ai_edge_litert package.
    See the [migration guide](https://ai.google.dev/edge/litert/migration)
    for details.
    
  warnings.warn(_INTERPRETER_DELETION_WARNING)
  [ton_near_iid_v2] tflite_max_per_tensor  pooled_rand  d2 f1=0.5277 far=0.0193 missed=10370/16215
/home/danielpark605/tinyml-venv/lib/python3.12/site-packages/tensorflow/lite/python/convert.py:846: UserWarning: Statistics for quantized inputs were expected, but not specified; continuing anyway.
  warnings.warn(
W0000 00:00:1791230484.571725 1031738 tf_tfl_flatbuffer_helpers.cc:364] Ignored output_format.
W0000 00:00:1791230484.572073 1031738 tf_tfl_flatbuffer_helpers.cc:367] Ignored drop_control_dependency.
I0000 00:00:1791230484.572503 1031738 reader.cc:83] Reading SavedModel from: /tmp/tmpwn8qx031
I0000 00:00:1791230484.574258 1031738 reader.cc:52] Reading meta graph with tags { serve }
I0000 00:00:1791230484.574602 1031738 reader.cc:147] Reading SavedModel debug info (if present) from: /tmp/tmpwn8qx031
I0000 00:00:1791230484.582890 1031738 loader.cc:236] Restoring SavedModel bundle.
I0000 00:00:1791230484.612520 1031738 loader.cc:220] Running initialization op on SavedModel bundle at path: /tmp/tmpwn8qx031
I0000 00:00:1791230484.621094 1031738 loader.cc:471] SavedModel load for tags { serve }; Status: success: OK. Took 48600 microseconds.
/home/danielpark605/tinyml-venv/lib/python3.12/site-packages/tensorflow/lite/python/interpreter.py:457: UserWarning:     Warning: tf.lite.Interpreter is deprecated and is scheduled for deletion in
    TF 2.20. Please use the LiteRT interpreter from the ai_edge_litert package.
    See the [migration guide](https://ai.google.dev/edge/litert/migration)
    for details.
    
  warnings.warn(_INTERPRETER_DELETION_WARNING)
   [QAT Strip] Input model type: Functional
   [QAT Strip] Input model class: tf_keras.src.engine.functional.Functional
   [QAT Strip] Creating TF.Keras Functional model with input shape: (43,)
   [QAT Strip] TF_USE_LEGACY_KERAS=1
   [QAT Strip] 4 Dense layers after BatchNorm folding
   [QAT Strip] Created model type: Functional
   [QAT Strip] Model class: tf_keras.src.engine.functional.Functional
   [QAT Strip] Total layers: 5
   [QAT Strip] Is tensorflow.keras model: False
   [QAT Strip] WARNING: Model is not tensorflow.keras! QAT may fail.
✅ Saved (QAT): data/processed/revision/2026-10-05_x1_calib_methods/quant_lit/ton_near_iid_v2/fq_max_pooled_rand_d2.tflite (189.26 KB)
   Quantization: 10/16 tensors (62.5%)
   Input: <class 'numpy.float32'>, Output: <class 'numpy.float32'>
  [ton_near_iid_v2] fq_max                 pooled_rand  d2 f1=0.5277 far=0.0193 missed=10370/16215
/home/danielpark605/tinyml-venv/lib/python3.12/site-packages/tensorflow/lite/python/convert.py:846: UserWarning: Statistics for quantized inputs were expected, but not specified; continuing anyway.
  warnings.warn(
W0000 00:00:1791230485.939429 1031738 tf_tfl_flatbuffer_helpers.cc:364] Ignored output_format.
W0000 00:00:1791230485.939781 1031738 tf_tfl_flatbuffer_helpers.cc:367] Ignored drop_control_dependency.
I0000 00:00:1791230485.940202 1031738 reader.cc:83] Reading SavedModel from: /tmp/tmpxy1cm8ie
I0000 00:00:1791230485.941592 1031738 reader.cc:52] Reading meta graph with tags { serve }
I0000 00:00:1791230485.941960 1031738 reader.cc:147] Reading SavedModel debug info (if present) from: /tmp/tmpxy1cm8ie
I0000 00:00:1791230485.948397 1031738 loader.cc:236] Restoring SavedModel bundle.
I0000 00:00:1791230485.979283 1031738 loader.cc:220] Running initialization op on SavedModel bundle at path: /tmp/tmpxy1cm8ie
I0000 00:00:1791230485.987675 1031738 loader.cc:471] SavedModel load for tags { serve }; Status: success: OK. Took 47482 microseconds.
/home/danielpark605/tinyml-venv/lib/python3.12/site-packages/tensorflow/lite/python/interpreter.py:457: UserWarning:     Warning: tf.lite.Interpreter is deprecated and is scheduled for deletion in
    TF 2.20. Please use the LiteRT interpreter from the ai_edge_litert package.
    See the [migration guide](https://ai.google.dev/edge/litert/migration)
    for details.
    
  warnings.warn(_INTERPRETER_DELETION_WARNING)
   [QAT Strip] Input model type: Functional
   [QAT Strip] Input model class: tf_keras.src.engine.functional.Functional
   [QAT Strip] Creating TF.Keras Functional model with input shape: (43,)
   [QAT Strip] TF_USE_LEGACY_KERAS=1
   [QAT Strip] 4 Dense layers after BatchNorm folding
   [QAT Strip] Created model type: Functional
   [QAT Strip] Model class: tf_keras.src.engine.functional.Functional
   [QAT Strip] Total layers: 5
   [QAT Strip] Is tensorflow.keras model: False
   [QAT Strip] WARNING: Model is not tensorflow.keras! QAT may fail.
✅ Saved (QAT): data/processed/revision/2026-10-05_x1_calib_methods/quant_lit/ton_near_iid_v2/fq_pct999_pooled_rand_d2.tflite (189.26 KB)
   Quantization: 10/16 tensors (62.5%)
   Input: <class 'numpy.float32'>, Output: <class 'numpy.float32'>
  [ton_near_iid_v2] fq_pct999              pooled_rand  d2 f1=0.9940 far=0.0353 missed=27/16215
/home/danielpark605/tinyml-venv/lib/python3.12/site-packages/tensorflow/lite/python/convert.py:846: UserWarning: Statistics for quantized inputs were expected, but not specified; continuing anyway.
  warnings.warn(
W0000 00:00:1791230487.055429 1031738 tf_tfl_flatbuffer_helpers.cc:364] Ignored output_format.
W0000 00:00:1791230487.055941 1031738 tf_tfl_flatbuffer_helpers.cc:367] Ignored drop_control_dependency.
I0000 00:00:1791230487.056473 1031738 reader.cc:83] Reading SavedModel from: /tmp/tmpjlp_fjcz
I0000 00:00:1791230487.058169 1031738 reader.cc:52] Reading meta graph with tags { serve }
I0000 00:00:1791230487.058502 1031738 reader.cc:147] Reading SavedModel debug info (if present) from: /tmp/tmpjlp_fjcz
I0000 00:00:1791230487.065729 1031738 loader.cc:236] Restoring SavedModel bundle.
I0000 00:00:1791230487.092250 1031738 loader.cc:220] Running initialization op on SavedModel bundle at path: /tmp/tmpjlp_fjcz
I0000 00:00:1791230487.100322 1031738 loader.cc:471] SavedModel load for tags { serve }; Status: success: OK. Took 43868 microseconds.
/home/danielpark605/tinyml-venv/lib/python3.12/site-packages/tensorflow/lite/python/interpreter.py:457: UserWarning:     Warning: tf.lite.Interpreter is deprecated and is scheduled for deletion in
    TF 2.20. Please use the LiteRT interpreter from the ai_edge_litert package.
    See the [migration guide](https://ai.google.dev/edge/litert/migration)
    for details.
    
  warnings.warn(_INTERPRETER_DELETION_WARNING)
   [QAT Strip] Input model type: Functional
   [QAT Strip] Input model class: tf_keras.src.engine.functional.Functional
   [QAT Strip] Creating TF.Keras Functional model with input shape: (43,)
   [QAT Strip] TF_USE_LEGACY_KERAS=1
   [QAT Strip] 4 Dense layers after BatchNorm folding
   [QAT Strip] Created model type: Functional
   [QAT Strip] Model class: tf_keras.src.engine.functional.Functional
   [QAT Strip] Total layers: 5
   [QAT Strip] Is tensorflow.keras model: False
   [QAT Strip] WARNING: Model is not tensorflow.keras! QAT may fail.
✅ Saved (QAT): data/processed/revision/2026-10-05_x1_calib_methods/quant_lit/ton_near_iid_v2/fq_pct9999_pooled_rand_d2.tflite (189.26 KB)
   Quantization: 10/16 tensors (62.5%)
   Input: <class 'numpy.float32'>, Output: <class 'numpy.float32'>
  [ton_near_iid_v2] fq_pct9999             pooled_rand  d2 f1=0.9940 far=0.0361 missed=20/16215
/home/danielpark605/tinyml-venv/lib/python3.12/site-packages/tensorflow/lite/python/convert.py:846: UserWarning: Statistics for quantized inputs were expected, but not specified; continuing anyway.
  warnings.warn(
W0000 00:00:1791230488.308639 1031738 tf_tfl_flatbuffer_helpers.cc:364] Ignored output_format.
W0000 00:00:1791230488.309072 1031738 tf_tfl_flatbuffer_helpers.cc:367] Ignored drop_control_dependency.
I0000 00:00:1791230488.309608 1031738 reader.cc:83] Reading SavedModel from: /tmp/tmpqmqdy9bh
I0000 00:00:1791230488.311768 1031738 reader.cc:52] Reading meta graph with tags { serve }
I0000 00:00:1791230488.312184 1031738 reader.cc:147] Reading SavedModel debug info (if present) from: /tmp/tmpqmqdy9bh
I0000 00:00:1791230488.319892 1031738 loader.cc:236] Restoring SavedModel bundle.
I0000 00:00:1791230488.346526 1031738 loader.cc:220] Running initialization op on SavedModel bundle at path: /tmp/tmpqmqdy9bh
I0000 00:00:1791230488.354335 1031738 loader.cc:471] SavedModel load for tags { serve }; Status: success: OK. Took 44736 microseconds.
/home/danielpark605/tinyml-venv/lib/python3.12/site-packages/tensorflow/lite/python/interpreter.py:457: UserWarning:     Warning: tf.lite.Interpreter is deprecated and is scheduled for deletion in
    TF 2.20. Please use the LiteRT interpreter from the ai_edge_litert package.
    See the [migration guide](https://ai.google.dev/edge/litert/migration)
    for details.
    
  warnings.warn(_INTERPRETER_DELETION_WARNING)
   [QAT Strip] Input model type: Functional
   [QAT Strip] Input model class: tf_keras.src.engine.functional.Functional
   [QAT Strip] Creating TF.Keras Functional model with input shape: (43,)
   [QAT Strip] TF_USE_LEGACY_KERAS=1
   [QAT Strip] 4 Dense layers after BatchNorm folding
   [QAT Strip] Created model type: Functional
   [QAT Strip] Model class: tf_keras.src.engine.functional.Functional
   [QAT Strip] Total layers: 5
   [QAT Strip] Is tensorflow.keras model: False
   [QAT Strip] WARNING: Model is not tensorflow.keras! QAT may fail.
✅ Saved (QAT): data/processed/revision/2026-10-05_x1_calib_methods/quant_lit/ton_near_iid_v2/fq_mse_pooled_rand_d2.tflite (189.26 KB)
   Quantization: 10/16 tensors (62.5%)
   Input: <class 'numpy.float32'>, Output: <class 'numpy.float32'>
  [ton_near_iid_v2] fq_mse                 pooled_rand  d2 f1=0.6803 far=0.0290 missed=7784/16215
/home/danielpark605/tinyml-venv/lib/python3.12/site-packages/tensorflow/lite/python/convert.py:846: UserWarning: Statistics for quantized inputs were expected, but not specified; continuing anyway.
  warnings.warn(
W0000 00:00:1791230491.277727 1031738 tf_tfl_flatbuffer_helpers.cc:364] Ignored output_format.
W0000 00:00:1791230491.278122 1031738 tf_tfl_flatbuffer_helpers.cc:367] Ignored drop_control_dependency.
I0000 00:00:1791230491.278600 1031738 reader.cc:83] Reading SavedModel from: /tmp/tmpk1w78y7a
I0000 00:00:1791230491.280017 1031738 reader.cc:52] Reading meta graph with tags { serve }
I0000 00:00:1791230491.280388 1031738 reader.cc:147] Reading SavedModel debug info (if present) from: /tmp/tmpk1w78y7a
I0000 00:00:1791230491.286414 1031738 loader.cc:236] Restoring SavedModel bundle.
I0000 00:00:1791230491.314055 1031738 loader.cc:220] Running initialization op on SavedModel bundle at path: /tmp/tmpk1w78y7a
I0000 00:00:1791230491.322470 1031738 loader.cc:471] SavedModel load for tags { serve }; Status: success: OK. Took 43882 microseconds.
/home/danielpark605/tinyml-venv/lib/python3.12/site-packages/tensorflow/lite/python/interpreter.py:457: UserWarning:     Warning: tf.lite.Interpreter is deprecated and is scheduled for deletion in
    TF 2.20. Please use the LiteRT interpreter from the ai_edge_litert package.
    See the [migration guide](https://ai.google.dev/edge/litert/migration)
    for details.
    
  warnings.warn(_INTERPRETER_DELETION_WARNING)
   [QAT Strip] Input model type: Functional
   [QAT Strip] Input model class: tf_keras.src.engine.functional.Functional
   [QAT Strip] Creating TF.Keras Functional model with input shape: (43,)
   [QAT Strip] TF_USE_LEGACY_KERAS=1
   [QAT Strip] 4 Dense layers after BatchNorm folding
   [QAT Strip] Created model type: Functional
   [QAT Strip] Model class: tf_keras.src.engine.functional.Functional
   [QAT Strip] Total layers: 5
   [QAT Strip] Is tensorflow.keras model: False
   [QAT Strip] WARNING: Model is not tensorflow.keras! QAT may fail.
✅ Saved (QAT): data/processed/revision/2026-10-05_x1_calib_methods/quant_lit/ton_near_iid_v2/fq_kl_pooled_rand_d2.tflite (189.26 KB)
   Quantization: 10/16 tensors (62.5%)
   Input: <class 'numpy.float32'>, Output: <class 'numpy.float32'>
  [ton_near_iid_v2] fq_kl                  pooled_rand  d2 f1=0.9938 far=0.0357 missed=29/16215
/home/danielpark605/tinyml-venv/lib/python3.12/site-packages/tensorflow/lite/python/convert.py:846: UserWarning: Statistics for quantized inputs were expected, but not specified; continuing anyway.
  warnings.warn(
W0000 00:00:1791230492.433625 1031738 tf_tfl_flatbuffer_helpers.cc:364] Ignored output_format.
W0000 00:00:1791230492.433982 1031738 tf_tfl_flatbuffer_helpers.cc:367] Ignored drop_control_dependency.
I0000 00:00:1791230492.434445 1031738 reader.cc:83] Reading SavedModel from: /tmp/tmpf1iut61n
I0000 00:00:1791230492.436444 1031738 reader.cc:52] Reading meta graph with tags { serve }
I0000 00:00:1791230492.436800 1031738 reader.cc:147] Reading SavedModel debug info (if present) from: /tmp/tmpf1iut61n
I0000 00:00:1791230492.444699 1031738 loader.cc:236] Restoring SavedModel bundle.
I0000 00:00:1791230492.472298 1031738 loader.cc:220] Running initialization op on SavedModel bundle at path: /tmp/tmpf1iut61n
I0000 00:00:1791230492.480709 1031738 loader.cc:471] SavedModel load for tags { serve }; Status: success: OK. Took 46281 microseconds.
/home/danielpark605/tinyml-venv/lib/python3.12/site-packages/tensorflow/lite/python/interpreter.py:457: UserWarning:     Warning: tf.lite.Interpreter is deprecated and is scheduled for deletion in
    TF 2.20. Please use the LiteRT interpreter from the ai_edge_litert package.
    See the [migration guide](https://ai.google.dev/edge/litert/migration)
    for details.
    
  warnings.warn(_INTERPRETER_DELETION_WARNING)
   [QAT Strip] Input model type: Functional
   [QAT Strip] Input model class: tf_keras.src.engine.functional.Functional
   [QAT Strip] Creating TF.Keras Functional model with input shape: (43,)
   [QAT Strip] TF_USE_LEGACY_KERAS=1
   [QAT Strip] 4 Dense layers after BatchNorm folding
   [QAT Strip] Created model type: Functional
   [QAT Strip] Model class: tf_keras.src.engine.functional.Functional
   [QAT Strip] Total layers: 5
   [QAT Strip] Is tensorflow.keras model: False
   [QAT Strip] WARNING: Model is not tensorflow.keras! QAT may fail.
✅ Saved (QAT): data/processed/revision/2026-10-05_x1_calib_methods/quant_lit/ton_near_iid_v2/fq_clip5_max_pooled_rand_d2.tflite (189.26 KB)
   Quantization: 10/16 tensors (62.5%)
   Input: <class 'numpy.float32'>, Output: <class 'numpy.float32'>
  [ton_near_iid_v2] fq_clip5_max           pooled_rand  d2 f1=0.9919 far=0.0494 missed=27/16215
/home/danielpark605/tinyml-venv/lib/python3.12/site-packages/tensorflow/lite/python/convert.py:846: UserWarning: Statistics for quantized inputs were expected, but not specified; continuing anyway.
  warnings.warn(
W0000 00:00:1791230492.906724 1031738 tf_tfl_flatbuffer_helpers.cc:364] Ignored output_format.
W0000 00:00:1791230492.907099 1031738 tf_tfl_flatbuffer_helpers.cc:367] Ignored drop_control_dependency.
I0000 00:00:1791230492.907550 1031738 reader.cc:83] Reading SavedModel from: /tmp/tmpklanlex_
I0000 00:00:1791230492.908192 1031738 reader.cc:52] Reading meta graph with tags { serve }
I0000 00:00:1791230492.908553 1031738 reader.cc:147] Reading SavedModel debug info (if present) from: /tmp/tmpklanlex_
I0000 00:00:1791230492.910564 1031738 loader.cc:236] Restoring SavedModel bundle.
I0000 00:00:1791230492.921204 1031738 loader.cc:220] Running initialization op on SavedModel bundle at path: /tmp/tmpklanlex_
I0000 00:00:1791230492.924807 1031738 loader.cc:471] SavedModel load for tags { serve }; Status: success: OK. Took 17266 microseconds.
fully_quantize: 0, inference_type: 6, input_inference_type: FLOAT32, output_inference_type: FLOAT32
W0000 00:00:1791230493.014357 1031738 flatbuffer_export.cc:3851] Skipping runtime version metadata in the model. This will be generated by the exporter.
/home/danielpark605/tinyml-venv/lib/python3.12/site-packages/tensorflow/lite/python/interpreter.py:457: UserWarning:     Warning: tf.lite.Interpreter is deprecated and is scheduled for deletion in
    TF 2.20. Please use the LiteRT interpreter from the ai_edge_litert package.
    See the [migration guide](https://ai.google.dev/edge/litert/migration)
    for details.
    
  warnings.warn(_INTERPRETER_DELETION_WARNING)
  [ton_near_iid_v2] tflite_max             client0      d2 f1=0.9897 far=0.0357 missed=161/16215
/home/danielpark605/tinyml-venv/lib/python3.12/site-packages/tensorflow/lite/python/convert.py:846: UserWarning: Statistics for quantized inputs were expected, but not specified; continuing anyway.
  warnings.warn(
W0000 00:00:1791230493.347032 1031738 tf_tfl_flatbuffer_helpers.cc:364] Ignored output_format.
W0000 00:00:1791230493.347367 1031738 tf_tfl_flatbuffer_helpers.cc:367] Ignored drop_control_dependency.
I0000 00:00:1791230493.347796 1031738 reader.cc:83] Reading SavedModel from: /tmp/tmpzjrvyxp9
I0000 00:00:1791230493.348451 1031738 reader.cc:52] Reading meta graph with tags { serve }
I0000 00:00:1791230493.348791 1031738 reader.cc:147] Reading SavedModel debug info (if present) from: /tmp/tmpzjrvyxp9
I0000 00:00:1791230493.350822 1031738 loader.cc:236] Restoring SavedModel bundle.
I0000 00:00:1791230493.361513 1031738 loader.cc:220] Running initialization op on SavedModel bundle at path: /tmp/tmpzjrvyxp9
I0000 00:00:1791230493.365140 1031738 loader.cc:471] SavedModel load for tags { serve }; Status: success: OK. Took 17355 microseconds.
fully_quantize: 0, inference_type: 6, input_inference_type: FLOAT32, output_inference_type: FLOAT32
W0000 00:00:1791230493.453765 1031738 flatbuffer_export.cc:3851] Skipping runtime version metadata in the model. This will be generated by the exporter.
/home/danielpark605/tinyml-venv/lib/python3.12/site-packages/tensorflow/lite/python/interpreter.py:457: UserWarning:     Warning: tf.lite.Interpreter is deprecated and is scheduled for deletion in
    TF 2.20. Please use the LiteRT interpreter from the ai_edge_litert package.
    See the [migration guide](https://ai.google.dev/edge/litert/migration)
    for details.
    
  warnings.warn(_INTERPRETER_DELETION_WARNING)
  [ton_near_iid_v2] tflite_clip5           client0      d2 f1=0.9919 far=0.0494 missed=27/16215
/home/danielpark605/tinyml-venv/lib/python3.12/site-packages/tensorflow/lite/python/convert.py:846: UserWarning: Statistics for quantized inputs were expected, but not specified; continuing anyway.
  warnings.warn(
W0000 00:00:1791230493.997435 1031738 tf_tfl_flatbuffer_helpers.cc:364] Ignored output_format.
W0000 00:00:1791230493.997800 1031738 tf_tfl_flatbuffer_helpers.cc:367] Ignored drop_control_dependency.
I0000 00:00:1791230493.998265 1031738 reader.cc:83] Reading SavedModel from: /tmp/tmpfa2pppmp
I0000 00:00:1791230493.999158 1031738 reader.cc:52] Reading meta graph with tags { serve }
I0000 00:00:1791230493.999519 1031738 reader.cc:147] Reading SavedModel debug info (if present) from: /tmp/tmpfa2pppmp
I0000 00:00:1791230494.002516 1031738 loader.cc:236] Restoring SavedModel bundle.
I0000 00:00:1791230494.014460 1031738 loader.cc:220] Running initialization op on SavedModel bundle at path: /tmp/tmpfa2pppmp
I0000 00:00:1791230494.019218 1031738 loader.cc:471] SavedModel load for tags { serve }; Status: success: OK. Took 20963 microseconds.
fully_quantize: 0, inference_type: 6, input_inference_type: FLOAT32, output_inference_type: FLOAT32
W0000 00:00:1791230494.107411 1031738 flatbuffer_export.cc:3851] Skipping runtime version metadata in the model. This will be generated by the exporter.
/home/danielpark605/tinyml-venv/lib/python3.12/site-packages/tensorflow/lite/python/interpreter.py:457: UserWarning:     Warning: tf.lite.Interpreter is deprecated and is scheduled for deletion in
    TF 2.20. Please use the LiteRT interpreter from the ai_edge_litert package.
    See the [migration guide](https://ai.google.dev/edge/litert/migration)
    for details.
    
  warnings.warn(_INTERPRETER_DELETION_WARNING)
  [ton_near_iid_v2] tflite_max_per_tensor  client0      d2 f1=0.9897 far=0.0355 missed=162/16215
/home/danielpark605/tinyml-venv/lib/python3.12/site-packages/tensorflow/lite/python/convert.py:846: UserWarning: Statistics for quantized inputs were expected, but not specified; continuing anyway.
  warnings.warn(
W0000 00:00:1791230495.114767 1031738 tf_tfl_flatbuffer_helpers.cc:364] Ignored output_format.
W0000 00:00:1791230495.115164 1031738 tf_tfl_flatbuffer_helpers.cc:367] Ignored drop_control_dependency.
I0000 00:00:1791230495.115578 1031738 reader.cc:83] Reading SavedModel from: /tmp/tmpllue3pmo
I0000 00:00:1791230495.117070 1031738 reader.cc:52] Reading meta graph with tags { serve }
I0000 00:00:1791230495.117420 1031738 reader.cc:147] Reading SavedModel debug info (if present) from: /tmp/tmpllue3pmo
I0000 00:00:1791230495.123651 1031738 loader.cc:236] Restoring SavedModel bundle.
I0000 00:00:1791230495.151282 1031738 loader.cc:220] Running initialization op on SavedModel bundle at path: /tmp/tmpllue3pmo
I0000 00:00:1791230495.159670 1031738 loader.cc:471] SavedModel load for tags { serve }; Status: success: OK. Took 44106 microseconds.
/home/danielpark605/tinyml-venv/lib/python3.12/site-packages/tensorflow/lite/python/interpreter.py:457: UserWarning:     Warning: tf.lite.Interpreter is deprecated and is scheduled for deletion in
    TF 2.20. Please use the LiteRT interpreter from the ai_edge_litert package.
    See the [migration guide](https://ai.google.dev/edge/litert/migration)
    for details.
    
  warnings.warn(_INTERPRETER_DELETION_WARNING)
   [QAT Strip] Input model type: Functional
   [QAT Strip] Input model class: tf_keras.src.engine.functional.Functional
   [QAT Strip] Creating TF.Keras Functional model with input shape: (43,)
   [QAT Strip] TF_USE_LEGACY_KERAS=1
   [QAT Strip] 4 Dense layers after BatchNorm folding
   [QAT Strip] Created model type: Functional
   [QAT Strip] Model class: tf_keras.src.engine.functional.Functional
   [QAT Strip] Total layers: 5
   [QAT Strip] Is tensorflow.keras model: False
   [QAT Strip] WARNING: Model is not tensorflow.keras! QAT may fail.
✅ Saved (QAT): data/processed/revision/2026-10-05_x1_calib_methods/quant_lit/ton_near_iid_v2/fq_max_client0_d2.tflite (189.26 KB)
   Quantization: 10/16 tensors (62.5%)
   Input: <class 'numpy.float32'>, Output: <class 'numpy.float32'>
  [ton_near_iid_v2] fq_max                 client0      d2 f1=0.9897 far=0.0361 missed=159/16215
/home/danielpark605/tinyml-venv/lib/python3.12/site-packages/tensorflow/lite/python/convert.py:846: UserWarning: Statistics for quantized inputs were expected, but not specified; continuing anyway.
  warnings.warn(
W0000 00:00:1791230496.278426 1031738 tf_tfl_flatbuffer_helpers.cc:364] Ignored output_format.
W0000 00:00:1791230496.278818 1031738 tf_tfl_flatbuffer_helpers.cc:367] Ignored drop_control_dependency.
I0000 00:00:1791230496.279249 1031738 reader.cc:83] Reading SavedModel from: /tmp/tmpzbi5__po
I0000 00:00:1791230496.281025 1031738 reader.cc:52] Reading meta graph with tags { serve }
I0000 00:00:1791230496.281425 1031738 reader.cc:147] Reading SavedModel debug info (if present) from: /tmp/tmpzbi5__po
I0000 00:00:1791230496.288556 1031738 loader.cc:236] Restoring SavedModel bundle.
I0000 00:00:1791230496.315290 1031738 loader.cc:220] Running initialization op on SavedModel bundle at path: /tmp/tmpzbi5__po
I0000 00:00:1791230496.323229 1031738 loader.cc:471] SavedModel load for tags { serve }; Status: success: OK. Took 43995 microseconds.
/home/danielpark605/tinyml-venv/lib/python3.12/site-packages/tensorflow/lite/python/interpreter.py:457: UserWarning:     Warning: tf.lite.Interpreter is deprecated and is scheduled for deletion in
    TF 2.20. Please use the LiteRT interpreter from the ai_edge_litert package.
    See the [migration guide](https://ai.google.dev/edge/litert/migration)
    for details.
    
  warnings.warn(_INTERPRETER_DELETION_WARNING)
   [QAT Strip] Input model type: Functional
   [QAT Strip] Input model class: tf_keras.src.engine.functional.Functional
   [QAT Strip] Creating TF.Keras Functional model with input shape: (43,)
   [QAT Strip] TF_USE_LEGACY_KERAS=1
   [QAT Strip] 4 Dense layers after BatchNorm folding
   [QAT Strip] Created model type: Functional
   [QAT Strip] Model class: tf_keras.src.engine.functional.Functional
   [QAT Strip] Total layers: 5
   [QAT Strip] Is tensorflow.keras model: False
   [QAT Strip] WARNING: Model is not tensorflow.keras! QAT may fail.
✅ Saved (QAT): data/processed/revision/2026-10-05_x1_calib_methods/quant_lit/ton_near_iid_v2/fq_pct999_client0_d2.tflite (189.26 KB)
   Quantization: 10/16 tensors (62.5%)
   Input: <class 'numpy.float32'>, Output: <class 'numpy.float32'>
  [ton_near_iid_v2] fq_pct999              client0      d2 f1=0.9940 far=0.0353 missed=25/16215
/home/danielpark605/tinyml-venv/lib/python3.12/site-packages/tensorflow/lite/python/convert.py:846: UserWarning: Statistics for quantized inputs were expected, but not specified; continuing anyway.
  warnings.warn(
W0000 00:00:1791230497.695152 1031738 tf_tfl_flatbuffer_helpers.cc:364] Ignored output_format.
W0000 00:00:1791230497.695502 1031738 tf_tfl_flatbuffer_helpers.cc:367] Ignored drop_control_dependency.
I0000 00:00:1791230497.695904 1031738 reader.cc:83] Reading SavedModel from: /tmp/tmp96qid94_
I0000 00:00:1791230497.697344 1031738 reader.cc:52] Reading meta graph with tags { serve }
I0000 00:00:1791230497.697752 1031738 reader.cc:147] Reading SavedModel debug info (if present) from: /tmp/tmp96qid94_
I0000 00:00:1791230497.704158 1031738 loader.cc:236] Restoring SavedModel bundle.
I0000 00:00:1791230497.732705 1031738 loader.cc:220] Running initialization op on SavedModel bundle at path: /tmp/tmp96qid94_
I0000 00:00:1791230497.741215 1031738 loader.cc:471] SavedModel load for tags { serve }; Status: success: OK. Took 45320 microseconds.
/home/danielpark605/tinyml-venv/lib/python3.12/site-packages/tensorflow/lite/python/interpreter.py:457: UserWarning:     Warning: tf.lite.Interpreter is deprecated and is scheduled for deletion in
    TF 2.20. Please use the LiteRT interpreter from the ai_edge_litert package.
    See the [migration guide](https://ai.google.dev/edge/litert/migration)
    for details.
    
  warnings.warn(_INTERPRETER_DELETION_WARNING)
   [QAT Strip] Input model type: Functional
   [QAT Strip] Input model class: tf_keras.src.engine.functional.Functional
   [QAT Strip] Creating TF.Keras Functional model with input shape: (43,)
   [QAT Strip] TF_USE_LEGACY_KERAS=1
   [QAT Strip] 4 Dense layers after BatchNorm folding
   [QAT Strip] Created model type: Functional
   [QAT Strip] Model class: tf_keras.src.engine.functional.Functional
   [QAT Strip] Total layers: 5
   [QAT Strip] Is tensorflow.keras model: False
   [QAT Strip] WARNING: Model is not tensorflow.keras! QAT may fail.
✅ Saved (QAT): data/processed/revision/2026-10-05_x1_calib_methods/quant_lit/ton_near_iid_v2/fq_pct9999_client0_d2.tflite (189.26 KB)
   Quantization: 10/16 tensors (62.5%)
   Input: <class 'numpy.float32'>, Output: <class 'numpy.float32'>
  [ton_near_iid_v2] fq_pct9999             client0      d2 f1=0.9938 far=0.0344 missed=36/16215
/home/danielpark605/tinyml-venv/lib/python3.12/site-packages/tensorflow/lite/python/convert.py:846: UserWarning: Statistics for quantized inputs were expected, but not specified; continuing anyway.
  warnings.warn(
W0000 00:00:1791230498.962221 1031738 tf_tfl_flatbuffer_helpers.cc:364] Ignored output_format.
W0000 00:00:1791230498.962589 1031738 tf_tfl_flatbuffer_helpers.cc:367] Ignored drop_control_dependency.
I0000 00:00:1791230498.963035 1031738 reader.cc:83] Reading SavedModel from: /tmp/tmpfzbztkoj
I0000 00:00:1791230498.964833 1031738 reader.cc:52] Reading meta graph with tags { serve }
I0000 00:00:1791230498.965262 1031738 reader.cc:147] Reading SavedModel debug info (if present) from: /tmp/tmpfzbztkoj
I0000 00:00:1791230498.971917 1031738 loader.cc:236] Restoring SavedModel bundle.
I0000 00:00:1791230499.002027 1031738 loader.cc:220] Running initialization op on SavedModel bundle at path: /tmp/tmpfzbztkoj
I0000 00:00:1791230499.010069 1031738 loader.cc:471] SavedModel load for tags { serve }; Status: success: OK. Took 47046 microseconds.
/home/danielpark605/tinyml-venv/lib/python3.12/site-packages/tensorflow/lite/python/interpreter.py:457: UserWarning:     Warning: tf.lite.Interpreter is deprecated and is scheduled for deletion in
    TF 2.20. Please use the LiteRT interpreter from the ai_edge_litert package.
    See the [migration guide](https://ai.google.dev/edge/litert/migration)
    for details.
    
  warnings.warn(_INTERPRETER_DELETION_WARNING)
   [QAT Strip] Input model type: Functional
   [QAT Strip] Input model class: tf_keras.src.engine.functional.Functional
   [QAT Strip] Creating TF.Keras Functional model with input shape: (43,)
   [QAT Strip] TF_USE_LEGACY_KERAS=1
   [QAT Strip] 4 Dense layers after BatchNorm folding
   [QAT Strip] Created model type: Functional
   [QAT Strip] Model class: tf_keras.src.engine.functional.Functional
   [QAT Strip] Total layers: 5
   [QAT Strip] Is tensorflow.keras model: False
   [QAT Strip] WARNING: Model is not tensorflow.keras! QAT may fail.
✅ Saved (QAT): data/processed/revision/2026-10-05_x1_calib_methods/quant_lit/ton_near_iid_v2/fq_mse_client0_d2.tflite (189.26 KB)
   Quantization: 10/16 tensors (62.5%)
   Input: <class 'numpy.float32'>, Output: <class 'numpy.float32'>
  [ton_near_iid_v2] fq_mse                 client0      d2 f1=0.9939 far=0.0359 missed=25/16215
/home/danielpark605/tinyml-venv/lib/python3.12/site-packages/tensorflow/lite/python/convert.py:846: UserWarning: Statistics for quantized inputs were expected, but not specified; continuing anyway.
  warnings.warn(
W0000 00:00:1791230501.915222 1031738 tf_tfl_flatbuffer_helpers.cc:364] Ignored output_format.
W0000 00:00:1791230501.915604 1031738 tf_tfl_flatbuffer_helpers.cc:367] Ignored drop_control_dependency.
I0000 00:00:1791230501.916042 1031738 reader.cc:83] Reading SavedModel from: /tmp/tmpfti72fwb
I0000 00:00:1791230501.917689 1031738 reader.cc:52] Reading meta graph with tags { serve }
I0000 00:00:1791230501.918054 1031738 reader.cc:147] Reading SavedModel debug info (if present) from: /tmp/tmpfti72fwb
I0000 00:00:1791230501.924948 1031738 loader.cc:236] Restoring SavedModel bundle.
I0000 00:00:1791230501.950974 1031738 loader.cc:220] Running initialization op on SavedModel bundle at path: /tmp/tmpfti72fwb
I0000 00:00:1791230501.958766 1031738 loader.cc:471] SavedModel load for tags { serve }; Status: success: OK. Took 42733 microseconds.
/home/danielpark605/tinyml-venv/lib/python3.12/site-packages/tensorflow/lite/python/interpreter.py:457: UserWarning:     Warning: tf.lite.Interpreter is deprecated and is scheduled for deletion in
    TF 2.20. Please use the LiteRT interpreter from the ai_edge_litert package.
    See the [migration guide](https://ai.google.dev/edge/litert/migration)
    for details.
    
  warnings.warn(_INTERPRETER_DELETION_WARNING)
   [QAT Strip] Input model type: Functional
   [QAT Strip] Input model class: tf_keras.src.engine.functional.Functional
   [QAT Strip] Creating TF.Keras Functional model with input shape: (43,)
   [QAT Strip] TF_USE_LEGACY_KERAS=1
   [QAT Strip] 4 Dense layers after BatchNorm folding
   [QAT Strip] Created model type: Functional
   [QAT Strip] Model class: tf_keras.src.engine.functional.Functional
   [QAT Strip] Total layers: 5
   [QAT Strip] Is tensorflow.keras model: False
   [QAT Strip] WARNING: Model is not tensorflow.keras! QAT may fail.
✅ Saved (QAT): data/processed/revision/2026-10-05_x1_calib_methods/quant_lit/ton_near_iid_v2/fq_kl_client0_d2.tflite (189.26 KB)
   Quantization: 10/16 tensors (62.5%)
   Input: <class 'numpy.float32'>, Output: <class 'numpy.float32'>
  [ton_near_iid_v2] fq_kl                  client0      d2 f1=0.9670 far=0.0519 missed=801/16215
/home/danielpark605/tinyml-venv/lib/python3.12/site-packages/tensorflow/lite/python/convert.py:846: UserWarning: Statistics for quantized inputs were expected, but not specified; continuing anyway.
  warnings.warn(
W0000 00:00:1791230503.321284 1031738 tf_tfl_flatbuffer_helpers.cc:364] Ignored output_format.
W0000 00:00:1791230503.321748 1031738 tf_tfl_flatbuffer_helpers.cc:367] Ignored drop_control_dependency.
I0000 00:00:1791230503.322197 1031738 reader.cc:83] Reading SavedModel from: /tmp/tmpswbspku8
I0000 00:00:1791230503.323840 1031738 reader.cc:52] Reading meta graph with tags { serve }
I0000 00:00:1791230503.324259 1031738 reader.cc:147] Reading SavedModel debug info (if present) from: /tmp/tmpswbspku8
I0000 00:00:1791230503.331279 1031738 loader.cc:236] Restoring SavedModel bundle.
I0000 00:00:1791230503.359339 1031738 loader.cc:220] Running initialization op on SavedModel bundle at path: /tmp/tmpswbspku8
I0000 00:00:1791230503.367894 1031738 loader.cc:471] SavedModel load for tags { serve }; Status: success: OK. Took 45709 microseconds.
/home/danielpark605/tinyml-venv/lib/python3.12/site-packages/tensorflow/lite/python/interpreter.py:457: UserWarning:     Warning: tf.lite.Interpreter is deprecated and is scheduled for deletion in
    TF 2.20. Please use the LiteRT interpreter from the ai_edge_litert package.
    See the [migration guide](https://ai.google.dev/edge/litert/migration)
    for details.
    
  warnings.warn(_INTERPRETER_DELETION_WARNING)
   [QAT Strip] Input model type: Functional
   [QAT Strip] Input model class: tf_keras.src.engine.functional.Functional
   [QAT Strip] Creating TF.Keras Functional model with input shape: (43,)
   [QAT Strip] TF_USE_LEGACY_KERAS=1
   [QAT Strip] 4 Dense layers after BatchNorm folding
   [QAT Strip] Created model type: Functional
   [QAT Strip] Model class: tf_keras.src.engine.functional.Functional
   [QAT Strip] Total layers: 5
   [QAT Strip] Is tensorflow.keras model: False
   [QAT Strip] WARNING: Model is not tensorflow.keras! QAT may fail.
✅ Saved (QAT): data/processed/revision/2026-10-05_x1_calib_methods/quant_lit/ton_near_iid_v2/fq_clip5_max_client0_d2.tflite (189.26 KB)
   Quantization: 10/16 tensors (62.5%)
   Input: <class 'numpy.float32'>, Output: <class 'numpy.float32'>
  [ton_near_iid_v2] fq_clip5_max           client0      d2 f1=0.9919 far=0.0494 missed=27/16215
/home/danielpark605/tinyml-venv/lib/python3.12/site-packages/tensorflow/lite/python/convert.py:846: UserWarning: Statistics for quantized inputs were expected, but not specified; continuing anyway.
  warnings.warn(
W0000 00:00:1791230503.788681 1031738 tf_tfl_flatbuffer_helpers.cc:364] Ignored output_format.
W0000 00:00:1791230503.789077 1031738 tf_tfl_flatbuffer_helpers.cc:367] Ignored drop_control_dependency.
I0000 00:00:1791230503.789558 1031738 reader.cc:83] Reading SavedModel from: /tmp/tmprh3wal8m
I0000 00:00:1791230503.790356 1031738 reader.cc:52] Reading meta graph with tags { serve }
I0000 00:00:1791230503.790734 1031738 reader.cc:147] Reading SavedModel debug info (if present) from: /tmp/tmprh3wal8m
I0000 00:00:1791230503.793335 1031738 loader.cc:236] Restoring SavedModel bundle.
I0000 00:00:1791230503.804313 1031738 loader.cc:220] Running initialization op on SavedModel bundle at path: /tmp/tmprh3wal8m
I0000 00:00:1791230503.807957 1031738 loader.cc:471] SavedModel load for tags { serve }; Status: success: OK. Took 18408 microseconds.
fully_quantize: 0, inference_type: 6, input_inference_type: FLOAT32, output_inference_type: FLOAT32
W0000 00:00:1791230503.899020 1031738 flatbuffer_export.cc:3851] Skipping runtime version metadata in the model. This will be generated by the exporter.
/home/danielpark605/tinyml-venv/lib/python3.12/site-packages/tensorflow/lite/python/interpreter.py:457: UserWarning:     Warning: tf.lite.Interpreter is deprecated and is scheduled for deletion in
    TF 2.20. Please use the LiteRT interpreter from the ai_edge_litert package.
    See the [migration guide](https://ai.google.dev/edge/litert/migration)
    for details.
    
  warnings.warn(_INTERPRETER_DELETION_WARNING)
  [ton_near_iid_v2] tflite_max             client1      d2 f1=0.9768 far=0.0340 missed=580/16215
/home/danielpark605/tinyml-venv/lib/python3.12/site-packages/tensorflow/lite/python/convert.py:846: UserWarning: Statistics for quantized inputs were expected, but not specified; continuing anyway.
  warnings.warn(
W0000 00:00:1791230504.229448 1031738 tf_tfl_flatbuffer_helpers.cc:364] Ignored output_format.
W0000 00:00:1791230504.229827 1031738 tf_tfl_flatbuffer_helpers.cc:367] Ignored drop_control_dependency.
I0000 00:00:1791230504.230282 1031738 reader.cc:83] Reading SavedModel from: /tmp/tmpwlkpzpeq
I0000 00:00:1791230504.230955 1031738 reader.cc:52] Reading meta graph with tags { serve }
I0000 00:00:1791230504.231301 1031738 reader.cc:147] Reading SavedModel debug info (if present) from: /tmp/tmpwlkpzpeq
I0000 00:00:1791230504.233540 1031738 loader.cc:236] Restoring SavedModel bundle.
I0000 00:00:1791230504.244744 1031738 loader.cc:220] Running initialization op on SavedModel bundle at path: /tmp/tmpwlkpzpeq
I0000 00:00:1791230504.248418 1031738 loader.cc:471] SavedModel load for tags { serve }; Status: success: OK. Took 18144 microseconds.
fully_quantize: 0, inference_type: 6, input_inference_type: FLOAT32, output_inference_type: FLOAT32
W0000 00:00:1791230504.339483 1031738 flatbuffer_export.cc:3851] Skipping runtime version metadata in the model. This will be generated by the exporter.
/home/danielpark605/tinyml-venv/lib/python3.12/site-packages/tensorflow/lite/python/interpreter.py:457: UserWarning:     Warning: tf.lite.Interpreter is deprecated and is scheduled for deletion in
    TF 2.20. Please use the LiteRT interpreter from the ai_edge_litert package.
    See the [migration guide](https://ai.google.dev/edge/litert/migration)
    for details.
    
  warnings.warn(_INTERPRETER_DELETION_WARNING)
  [ton_near_iid_v2] tflite_clip5           client1      d2 f1=0.9919 far=0.0496 missed=27/16215
/home/danielpark605/tinyml-venv/lib/python3.12/site-packages/tensorflow/lite/python/convert.py:846: UserWarning: Statistics for quantized inputs were expected, but not specified; continuing anyway.
  warnings.warn(
W0000 00:00:1791230504.676794 1031738 tf_tfl_flatbuffer_helpers.cc:364] Ignored output_format.
W0000 00:00:1791230504.677222 1031738 tf_tfl_flatbuffer_helpers.cc:367] Ignored drop_control_dependency.
I0000 00:00:1791230504.677686 1031738 reader.cc:83] Reading SavedModel from: /tmp/tmp7btc766t
I0000 00:00:1791230504.678373 1031738 reader.cc:52] Reading meta graph with tags { serve }
I0000 00:00:1791230504.678733 1031738 reader.cc:147] Reading SavedModel debug info (if present) from: /tmp/tmp7btc766t
I0000 00:00:1791230504.681000 1031738 loader.cc:236] Restoring SavedModel bundle.
I0000 00:00:1791230504.691576 1031738 loader.cc:220] Running initialization op on SavedModel bundle at path: /tmp/tmp7btc766t
I0000 00:00:1791230504.695222 1031738 loader.cc:471] SavedModel load for tags { serve }; Status: success: OK. Took 17546 microseconds.
fully_quantize: 0, inference_type: 6, input_inference_type: FLOAT32, output_inference_type: FLOAT32
W0000 00:00:1791230504.782578 1031738 flatbuffer_export.cc:3851] Skipping runtime version metadata in the model. This will be generated by the exporter.
/home/danielpark605/tinyml-venv/lib/python3.12/site-packages/tensorflow/lite/python/interpreter.py:457: UserWarning:     Warning: tf.lite.Interpreter is deprecated and is scheduled for deletion in
    TF 2.20. Please use the LiteRT interpreter from the ai_edge_litert package.
    See the [migration guide](https://ai.google.dev/edge/litert/migration)
    for details.
    
  warnings.warn(_INTERPRETER_DELETION_WARNING)
  [ton_near_iid_v2] tflite_max_per_tensor  client1      d2 f1=0.9768 far=0.0342 missed=579/16215
/home/danielpark605/tinyml-venv/lib/python3.12/site-packages/tensorflow/lite/python/convert.py:846: UserWarning: Statistics for quantized inputs were expected, but not specified; continuing anyway.
  warnings.warn(
W0000 00:00:1791230505.812958 1031738 tf_tfl_flatbuffer_helpers.cc:364] Ignored output_format.
W0000 00:00:1791230505.813349 1031738 tf_tfl_flatbuffer_helpers.cc:367] Ignored drop_control_dependency.
I0000 00:00:1791230505.813780 1031738 reader.cc:83] Reading SavedModel from: /tmp/tmpgd9hbksd
I0000 00:00:1791230505.815463 1031738 reader.cc:52] Reading meta graph with tags { serve }
I0000 00:00:1791230505.815820 1031738 reader.cc:147] Reading SavedModel debug info (if present) from: /tmp/tmpgd9hbksd
I0000 00:00:1791230505.824731 1031738 loader.cc:236] Restoring SavedModel bundle.
I0000 00:00:1791230505.851610 1031738 loader.cc:220] Running initialization op on SavedModel bundle at path: /tmp/tmpgd9hbksd
I0000 00:00:1791230505.859774 1031738 loader.cc:471] SavedModel load for tags { serve }; Status: success: OK. Took 46015 microseconds.
/home/danielpark605/tinyml-venv/lib/python3.12/site-packages/tensorflow/lite/python/interpreter.py:457: UserWarning:     Warning: tf.lite.Interpreter is deprecated and is scheduled for deletion in
    TF 2.20. Please use the LiteRT interpreter from the ai_edge_litert package.
    See the [migration guide](https://ai.google.dev/edge/litert/migration)
    for details.
    
  warnings.warn(_INTERPRETER_DELETION_WARNING)
   [QAT Strip] Input model type: Functional
   [QAT Strip] Input model class: tf_keras.src.engine.functional.Functional
   [QAT Strip] Creating TF.Keras Functional model with input shape: (43,)
   [QAT Strip] TF_USE_LEGACY_KERAS=1
   [QAT Strip] 4 Dense layers after BatchNorm folding
   [QAT Strip] Created model type: Functional
   [QAT Strip] Model class: tf_keras.src.engine.functional.Functional
   [QAT Strip] Total layers: 5
   [QAT Strip] Is tensorflow.keras model: False
   [QAT Strip] WARNING: Model is not tensorflow.keras! QAT may fail.
✅ Saved (QAT): data/processed/revision/2026-10-05_x1_calib_methods/quant_lit/ton_near_iid_v2/fq_max_client1_d2.tflite (189.26 KB)
   Quantization: 10/16 tensors (62.5%)
   Input: <class 'numpy.float32'>, Output: <class 'numpy.float32'>
  [ton_near_iid_v2] fq_max                 client1      d2 f1=0.9609 far=0.0348 missed=1065/16215
/home/danielpark605/tinyml-venv/lib/python3.12/site-packages/tensorflow/lite/python/convert.py:846: UserWarning: Statistics for quantized inputs were expected, but not specified; continuing anyway.
  warnings.warn(
W0000 00:00:1791230507.194681 1031738 tf_tfl_flatbuffer_helpers.cc:364] Ignored output_format.
W0000 00:00:1791230507.195038 1031738 tf_tfl_flatbuffer_helpers.cc:367] Ignored drop_control_dependency.
I0000 00:00:1791230507.195483 1031738 reader.cc:83] Reading SavedModel from: /tmp/tmp7lqzfevs
I0000 00:00:1791230507.196843 1031738 reader.cc:52] Reading meta graph with tags { serve }
I0000 00:00:1791230507.197218 1031738 reader.cc:147] Reading SavedModel debug info (if present) from: /tmp/tmp7lqzfevs
I0000 00:00:1791230507.204503 1031738 loader.cc:236] Restoring SavedModel bundle.
I0000 00:00:1791230507.235771 1031738 loader.cc:220] Running initialization op on SavedModel bundle at path: /tmp/tmp7lqzfevs
I0000 00:00:1791230507.245798 1031738 loader.cc:471] SavedModel load for tags { serve }; Status: success: OK. Took 50327 microseconds.
/home/danielpark605/tinyml-venv/lib/python3.12/site-packages/tensorflow/lite/python/interpreter.py:457: UserWarning:     Warning: tf.lite.Interpreter is deprecated and is scheduled for deletion in
    TF 2.20. Please use the LiteRT interpreter from the ai_edge_litert package.
    See the [migration guide](https://ai.google.dev/edge/litert/migration)
    for details.
    
  warnings.warn(_INTERPRETER_DELETION_WARNING)
   [QAT Strip] Input model type: Functional
   [QAT Strip] Input model class: tf_keras.src.engine.functional.Functional
   [QAT Strip] Creating TF.Keras Functional model with input shape: (43,)
   [QAT Strip] TF_USE_LEGACY_KERAS=1
   [QAT Strip] 4 Dense layers after BatchNorm folding
   [QAT Strip] Created model type: Functional
   [QAT Strip] Model class: tf_keras.src.engine.functional.Functional
   [QAT Strip] Total layers: 5
   [QAT Strip] Is tensorflow.keras model: False
   [QAT Strip] WARNING: Model is not tensorflow.keras! QAT may fail.
✅ Saved (QAT): data/processed/revision/2026-10-05_x1_calib_methods/quant_lit/ton_near_iid_v2/fq_pct999_client1_d2.tflite (189.26 KB)
   Quantization: 10/16 tensors (62.5%)
   Input: <class 'numpy.float32'>, Output: <class 'numpy.float32'>
  [ton_near_iid_v2] fq_pct999              client1      d2 f1=0.9940 far=0.0353 missed=25/16215
/home/danielpark605/tinyml-venv/lib/python3.12/site-packages/tensorflow/lite/python/convert.py:846: UserWarning: Statistics for quantized inputs were expected, but not specified; continuing anyway.
  warnings.warn(
W0000 00:00:1791230508.353333 1031738 tf_tfl_flatbuffer_helpers.cc:364] Ignored output_format.
W0000 00:00:1791230508.353858 1031738 tf_tfl_flatbuffer_helpers.cc:367] Ignored drop_control_dependency.
I0000 00:00:1791230508.354304 1031738 reader.cc:83] Reading SavedModel from: /tmp/tmpdghlmo37
I0000 00:00:1791230508.356160 1031738 reader.cc:52] Reading meta graph with tags { serve }
I0000 00:00:1791230508.356504 1031738 reader.cc:147] Reading SavedModel debug info (if present) from: /tmp/tmpdghlmo37
I0000 00:00:1791230508.363480 1031738 loader.cc:236] Restoring SavedModel bundle.
I0000 00:00:1791230508.392492 1031738 loader.cc:220] Running initialization op on SavedModel bundle at path: /tmp/tmpdghlmo37
I0000 00:00:1791230508.400568 1031738 loader.cc:471] SavedModel load for tags { serve }; Status: success: OK. Took 46278 microseconds.
/home/danielpark605/tinyml-venv/lib/python3.12/site-packages/tensorflow/lite/python/interpreter.py:457: UserWarning:     Warning: tf.lite.Interpreter is deprecated and is scheduled for deletion in
    TF 2.20. Please use the LiteRT interpreter from the ai_edge_litert package.
    See the [migration guide](https://ai.google.dev/edge/litert/migration)
    for details.
    
  warnings.warn(_INTERPRETER_DELETION_WARNING)
   [QAT Strip] Input model type: Functional
   [QAT Strip] Input model class: tf_keras.src.engine.functional.Functional
   [QAT Strip] Creating TF.Keras Functional model with input shape: (43,)
   [QAT Strip] TF_USE_LEGACY_KERAS=1
   [QAT Strip] 4 Dense layers after BatchNorm folding
   [QAT Strip] Created model type: Functional
   [QAT Strip] Model class: tf_keras.src.engine.functional.Functional
   [QAT Strip] Total layers: 5
   [QAT Strip] Is tensorflow.keras model: False
   [QAT Strip] WARNING: Model is not tensorflow.keras! QAT may fail.
✅ Saved (QAT): data/processed/revision/2026-10-05_x1_calib_methods/quant_lit/ton_near_iid_v2/fq_pct9999_client1_d2.tflite (189.26 KB)
   Quantization: 10/16 tensors (62.5%)
   Input: <class 'numpy.float32'>, Output: <class 'numpy.float32'>
  [ton_near_iid_v2] fq_pct9999             client1      d2 f1=0.9926 far=0.0469 missed=16/16215
/home/danielpark605/tinyml-venv/lib/python3.12/site-packages/tensorflow/lite/python/convert.py:846: UserWarning: Statistics for quantized inputs were expected, but not specified; continuing anyway.
  warnings.warn(
W0000 00:00:1791230509.650622 1031738 tf_tfl_flatbuffer_helpers.cc:364] Ignored output_format.
W0000 00:00:1791230509.650970 1031738 tf_tfl_flatbuffer_helpers.cc:367] Ignored drop_control_dependency.
I0000 00:00:1791230509.651402 1031738 reader.cc:83] Reading SavedModel from: /tmp/tmp0bcu2xux
I0000 00:00:1791230509.653079 1031738 reader.cc:52] Reading meta graph with tags { serve }
I0000 00:00:1791230509.653432 1031738 reader.cc:147] Reading SavedModel debug info (if present) from: /tmp/tmp0bcu2xux
I0000 00:00:1791230509.661454 1031738 loader.cc:236] Restoring SavedModel bundle.
I0000 00:00:1791230509.691384 1031738 loader.cc:220] Running initialization op on SavedModel bundle at path: /tmp/tmp0bcu2xux
I0000 00:00:1791230509.700153 1031738 loader.cc:471] SavedModel load for tags { serve }; Status: success: OK. Took 48760 microseconds.
/home/danielpark605/tinyml-venv/lib/python3.12/site-packages/tensorflow/lite/python/interpreter.py:457: UserWarning:     Warning: tf.lite.Interpreter is deprecated and is scheduled for deletion in
    TF 2.20. Please use the LiteRT interpreter from the ai_edge_litert package.
    See the [migration guide](https://ai.google.dev/edge/litert/migration)
    for details.
    
  warnings.warn(_INTERPRETER_DELETION_WARNING)
   [QAT Strip] Input model type: Functional
   [QAT Strip] Input model class: tf_keras.src.engine.functional.Functional
   [QAT Strip] Creating TF.Keras Functional model with input shape: (43,)
   [QAT Strip] TF_USE_LEGACY_KERAS=1
   [QAT Strip] 4 Dense layers after BatchNorm folding
   [QAT Strip] Created model type: Functional
   [QAT Strip] Model class: tf_keras.src.engine.functional.Functional
   [QAT Strip] Total layers: 5
   [QAT Strip] Is tensorflow.keras model: False
   [QAT Strip] WARNING: Model is not tensorflow.keras! QAT may fail.
✅ Saved (QAT): data/processed/revision/2026-10-05_x1_calib_methods/quant_lit/ton_near_iid_v2/fq_mse_client1_d2.tflite (189.26 KB)
   Quantization: 10/16 tensors (62.5%)
   Input: <class 'numpy.float32'>, Output: <class 'numpy.float32'>
  [ton_near_iid_v2] fq_mse                 client1      d2 f1=0.9911 far=0.0359 missed=117/16215
/home/danielpark605/tinyml-venv/lib/python3.12/site-packages/tensorflow/lite/python/convert.py:846: UserWarning: Statistics for quantized inputs were expected, but not specified; continuing anyway.
  warnings.warn(
W0000 00:00:1791230512.481709 1031738 tf_tfl_flatbuffer_helpers.cc:364] Ignored output_format.
W0000 00:00:1791230512.482079 1031738 tf_tfl_flatbuffer_helpers.cc:367] Ignored drop_control_dependency.
I0000 00:00:1791230512.482569 1031738 reader.cc:83] Reading SavedModel from: /tmp/tmph7us2qjs
I0000 00:00:1791230512.484478 1031738 reader.cc:52] Reading meta graph with tags { serve }
I0000 00:00:1791230512.484847 1031738 reader.cc:147] Reading SavedModel debug info (if present) from: /tmp/tmph7us2qjs
I0000 00:00:1791230512.491343 1031738 loader.cc:236] Restoring SavedModel bundle.
I0000 00:00:1791230512.522329 1031738 loader.cc:220] Running initialization op on SavedModel bundle at path: /tmp/tmph7us2qjs
I0000 00:00:1791230512.530684 1031738 loader.cc:471] SavedModel load for tags { serve }; Status: success: OK. Took 48126 microseconds.
/home/danielpark605/tinyml-venv/lib/python3.12/site-packages/tensorflow/lite/python/interpreter.py:457: UserWarning:     Warning: tf.lite.Interpreter is deprecated and is scheduled for deletion in
    TF 2.20. Please use the LiteRT interpreter from the ai_edge_litert package.
    See the [migration guide](https://ai.google.dev/edge/litert/migration)
    for details.
    
  warnings.warn(_INTERPRETER_DELETION_WARNING)
   [QAT Strip] Input model type: Functional
   [QAT Strip] Input model class: tf_keras.src.engine.functional.Functional
   [QAT Strip] Creating TF.Keras Functional model with input shape: (43,)
   [QAT Strip] TF_USE_LEGACY_KERAS=1
   [QAT Strip] 4 Dense layers after BatchNorm folding
   [QAT Strip] Created model type: Functional
   [QAT Strip] Model class: tf_keras.src.engine.functional.Functional
   [QAT Strip] Total layers: 5
   [QAT Strip] Is tensorflow.keras model: False
   [QAT Strip] WARNING: Model is not tensorflow.keras! QAT may fail.
✅ Saved (QAT): data/processed/revision/2026-10-05_x1_calib_methods/quant_lit/ton_near_iid_v2/fq_kl_client1_d2.tflite (189.26 KB)
   Quantization: 10/16 tensors (62.5%)
   Input: <class 'numpy.float32'>, Output: <class 'numpy.float32'>
  [ton_near_iid_v2] fq_kl                  client1      d2 f1=0.9925 far=0.0452 missed=27/16215
/home/danielpark605/tinyml-venv/lib/python3.12/site-packages/tensorflow/lite/python/convert.py:846: UserWarning: Statistics for quantized inputs were expected, but not specified; continuing anyway.
  warnings.warn(
W0000 00:00:1791230513.646050 1031738 tf_tfl_flatbuffer_helpers.cc:364] Ignored output_format.
W0000 00:00:1791230513.646434 1031738 tf_tfl_flatbuffer_helpers.cc:367] Ignored drop_control_dependency.
I0000 00:00:1791230513.646863 1031738 reader.cc:83] Reading SavedModel from: /tmp/tmp1cg04dar
I0000 00:00:1791230513.648646 1031738 reader.cc:52] Reading meta graph with tags { serve }
I0000 00:00:1791230513.649054 1031738 reader.cc:147] Reading SavedModel debug info (if present) from: /tmp/tmp1cg04dar
I0000 00:00:1791230513.656675 1031738 loader.cc:236] Restoring SavedModel bundle.
I0000 00:00:1791230513.688174 1031738 loader.cc:220] Running initialization op on SavedModel bundle at path: /tmp/tmp1cg04dar
I0000 00:00:1791230513.696881 1031738 loader.cc:471] SavedModel load for tags { serve }; Status: success: OK. Took 50041 microseconds.
/home/danielpark605/tinyml-venv/lib/python3.12/site-packages/tensorflow/lite/python/interpreter.py:457: UserWarning:     Warning: tf.lite.Interpreter is deprecated and is scheduled for deletion in
    TF 2.20. Please use the LiteRT interpreter from the ai_edge_litert package.
    See the [migration guide](https://ai.google.dev/edge/litert/migration)
    for details.
    
  warnings.warn(_INTERPRETER_DELETION_WARNING)
   [QAT Strip] Input model type: Functional
   [QAT Strip] Input model class: tf_keras.src.engine.functional.Functional
   [QAT Strip] Creating TF.Keras Functional model with input shape: (43,)
   [QAT Strip] TF_USE_LEGACY_KERAS=1
   [QAT Strip] 4 Dense layers after BatchNorm folding
   [QAT Strip] Created model type: Functional
   [QAT Strip] Model class: tf_keras.src.engine.functional.Functional
   [QAT Strip] Total layers: 5
   [QAT Strip] Is tensorflow.keras model: False
   [QAT Strip] WARNING: Model is not tensorflow.keras! QAT may fail.
✅ Saved (QAT): data/processed/revision/2026-10-05_x1_calib_methods/quant_lit/ton_near_iid_v2/fq_clip5_max_client1_d2.tflite (189.26 KB)
   Quantization: 10/16 tensors (62.5%)
   Input: <class 'numpy.float32'>, Output: <class 'numpy.float32'>
  [ton_near_iid_v2] fq_clip5_max           client1      d2 f1=0.9919 far=0.0494 missed=27/16215
/home/danielpark605/tinyml-venv/lib/python3.12/site-packages/tensorflow/lite/python/convert.py:846: UserWarning: Statistics for quantized inputs were expected, but not specified; continuing anyway.
  warnings.warn(
W0000 00:00:1791230514.136436 1031738 tf_tfl_flatbuffer_helpers.cc:364] Ignored output_format.
W0000 00:00:1791230514.136842 1031738 tf_tfl_flatbuffer_helpers.cc:367] Ignored drop_control_dependency.
I0000 00:00:1791230514.137283 1031738 reader.cc:83] Reading SavedModel from: /tmp/tmpimlbxrvy
I0000 00:00:1791230514.138007 1031738 reader.cc:52] Reading meta graph with tags { serve }
I0000 00:00:1791230514.138435 1031738 reader.cc:147] Reading SavedModel debug info (if present) from: /tmp/tmpimlbxrvy
I0000 00:00:1791230514.140492 1031738 loader.cc:236] Restoring SavedModel bundle.
I0000 00:00:1791230514.151035 1031738 loader.cc:220] Running initialization op on SavedModel bundle at path: /tmp/tmpimlbxrvy
I0000 00:00:1791230514.154639 1031738 loader.cc:471] SavedModel load for tags { serve }; Status: success: OK. Took 17366 microseconds.
fully_quantize: 0, inference_type: 6, input_inference_type: FLOAT32, output_inference_type: FLOAT32
W0000 00:00:1791230514.248249 1031738 flatbuffer_export.cc:3851] Skipping runtime version metadata in the model. This will be generated by the exporter.
/home/danielpark605/tinyml-venv/lib/python3.12/site-packages/tensorflow/lite/python/interpreter.py:457: UserWarning:     Warning: tf.lite.Interpreter is deprecated and is scheduled for deletion in
    TF 2.20. Please use the LiteRT interpreter from the ai_edge_litert package.
    See the [migration guide](https://ai.google.dev/edge/litert/migration)
    for details.
    
  warnings.warn(_INTERPRETER_DELETION_WARNING)
  [ton_near_iid_v2] tflite_max             client2      d2 f1=0.9896 far=0.0361 missed=163/16215
/home/danielpark605/tinyml-venv/lib/python3.12/site-packages/tensorflow/lite/python/convert.py:846: UserWarning: Statistics for quantized inputs were expected, but not specified; continuing anyway.
  warnings.warn(
W0000 00:00:1791230512.847974 1031738 tf_tfl_flatbuffer_helpers.cc:364] Ignored output_format.
W0000 00:00:1791230512.848345 1031738 tf_tfl_flatbuffer_helpers.cc:367] Ignored drop_control_dependency.
I0000 00:00:1791230512.848776 1031738 reader.cc:83] Reading SavedModel from: /tmp/tmphul6s35a
I0000 00:00:1791230512.849485 1031738 reader.cc:52] Reading meta graph with tags { serve }
I0000 00:00:1791230512.849854 1031738 reader.cc:147] Reading SavedModel debug info (if present) from: /tmp/tmphul6s35a
I0000 00:00:1791230512.851931 1031738 loader.cc:236] Restoring SavedModel bundle.
I0000 00:00:1791230512.863140 1031738 loader.cc:220] Running initialization op on SavedModel bundle at path: /tmp/tmphul6s35a
I0000 00:00:1791230512.866786 1031738 loader.cc:471] SavedModel load for tags { serve }; Status: success: OK. Took 18019 microseconds.
fully_quantize: 0, inference_type: 6, input_inference_type: FLOAT32, output_inference_type: FLOAT32
W0000 00:00:1791230512.962418 1031738 flatbuffer_export.cc:3851] Skipping runtime version metadata in the model. This will be generated by the exporter.
/home/danielpark605/tinyml-venv/lib/python3.12/site-packages/tensorflow/lite/python/interpreter.py:457: UserWarning:     Warning: tf.lite.Interpreter is deprecated and is scheduled for deletion in
    TF 2.20. Please use the LiteRT interpreter from the ai_edge_litert package.
    See the [migration guide](https://ai.google.dev/edge/litert/migration)
    for details.
    
  warnings.warn(_INTERPRETER_DELETION_WARNING)
  [ton_near_iid_v2] tflite_clip5           client2      d2 f1=0.9919 far=0.0496 missed=27/16215
/home/danielpark605/tinyml-venv/lib/python3.12/site-packages/tensorflow/lite/python/convert.py:846: UserWarning: Statistics for quantized inputs were expected, but not specified; continuing anyway.
  warnings.warn(
W0000 00:00:1791230513.505002 1031738 tf_tfl_flatbuffer_helpers.cc:364] Ignored output_format.
W0000 00:00:1791230513.505388 1031738 tf_tfl_flatbuffer_helpers.cc:367] Ignored drop_control_dependency.
I0000 00:00:1791230513.505859 1031738 reader.cc:83] Reading SavedModel from: /tmp/tmp0l35egw4
I0000 00:00:1791230513.506674 1031738 reader.cc:52] Reading meta graph with tags { serve }
I0000 00:00:1791230513.507039 1031738 reader.cc:147] Reading SavedModel debug info (if present) from: /tmp/tmp0l35egw4
I0000 00:00:1791230513.510390 1031738 loader.cc:236] Restoring SavedModel bundle.
I0000 00:00:1791230513.522650 1031738 loader.cc:220] Running initialization op on SavedModel bundle at path: /tmp/tmp0l35egw4
I0000 00:00:1791230513.526877 1031738 loader.cc:471] SavedModel load for tags { serve }; Status: success: OK. Took 21030 microseconds.
fully_quantize: 0, inference_type: 6, input_inference_type: FLOAT32, output_inference_type: FLOAT32
W0000 00:00:1791230513.624310 1031738 flatbuffer_export.cc:3851] Skipping runtime version metadata in the model. This will be generated by the exporter.
/home/danielpark605/tinyml-venv/lib/python3.12/site-packages/tensorflow/lite/python/interpreter.py:457: UserWarning:     Warning: tf.lite.Interpreter is deprecated and is scheduled for deletion in
    TF 2.20. Please use the LiteRT interpreter from the ai_edge_litert package.
    See the [migration guide](https://ai.google.dev/edge/litert/migration)
    for details.
    
  warnings.warn(_INTERPRETER_DELETION_WARNING)
  [ton_near_iid_v2] tflite_max_per_tensor  client2      d2 f1=0.9897 far=0.0375 missed=154/16215
/home/danielpark605/tinyml-venv/lib/python3.12/site-packages/tensorflow/lite/python/convert.py:846: UserWarning: Statistics for quantized inputs were expected, but not specified; continuing anyway.
  warnings.warn(
W0000 00:00:1791230514.605744 1031738 tf_tfl_flatbuffer_helpers.cc:364] Ignored output_format.
W0000 00:00:1791230514.606090 1031738 tf_tfl_flatbuffer_helpers.cc:367] Ignored drop_control_dependency.
I0000 00:00:1791230514.606538 1031738 reader.cc:83] Reading SavedModel from: /tmp/tmph6er4swi
I0000 00:00:1791230514.608064 1031738 reader.cc:52] Reading meta graph with tags { serve }
I0000 00:00:1791230514.608488 1031738 reader.cc:147] Reading SavedModel debug info (if present) from: /tmp/tmph6er4swi
I0000 00:00:1791230514.614713 1031738 loader.cc:236] Restoring SavedModel bundle.
I0000 00:00:1791230514.646231 1031738 loader.cc:220] Running initialization op on SavedModel bundle at path: /tmp/tmph6er4swi
I0000 00:00:1791230514.655840 1031738 loader.cc:471] SavedModel load for tags { serve }; Status: success: OK. Took 49316 microseconds.
/home/danielpark605/tinyml-venv/lib/python3.12/site-packages/tensorflow/lite/python/interpreter.py:457: UserWarning:     Warning: tf.lite.Interpreter is deprecated and is scheduled for deletion in
    TF 2.20. Please use the LiteRT interpreter from the ai_edge_litert package.
    See the [migration guide](https://ai.google.dev/edge/litert/migration)
    for details.
    
  warnings.warn(_INTERPRETER_DELETION_WARNING)
   [QAT Strip] Input model type: Functional
   [QAT Strip] Input model class: tf_keras.src.engine.functional.Functional
   [QAT Strip] Creating TF.Keras Functional model with input shape: (43,)
   [QAT Strip] TF_USE_LEGACY_KERAS=1
   [QAT Strip] 4 Dense layers after BatchNorm folding
   [QAT Strip] Created model type: Functional
   [QAT Strip] Model class: tf_keras.src.engine.functional.Functional
   [QAT Strip] Total layers: 5
   [QAT Strip] Is tensorflow.keras model: False
   [QAT Strip] WARNING: Model is not tensorflow.keras! QAT may fail.
✅ Saved (QAT): data/processed/revision/2026-10-05_x1_calib_methods/quant_lit/ton_near_iid_v2/fq_max_client2_d2.tflite (189.26 KB)
   Quantization: 10/16 tensors (62.5%)
   Input: <class 'numpy.float32'>, Output: <class 'numpy.float32'>
  [ton_near_iid_v2] fq_max                 client2      d2 f1=0.9899 far=0.0361 missed=155/16215
/home/danielpark605/tinyml-venv/lib/python3.12/site-packages/tensorflow/lite/python/convert.py:846: UserWarning: Statistics for quantized inputs were expected, but not specified; continuing anyway.
  warnings.warn(
W0000 00:00:1791230515.777833 1031738 tf_tfl_flatbuffer_helpers.cc:364] Ignored output_format.
W0000 00:00:1791230515.778236 1031738 tf_tfl_flatbuffer_helpers.cc:367] Ignored drop_control_dependency.
I0000 00:00:1791230515.778695 1031738 reader.cc:83] Reading SavedModel from: /tmp/tmppis_s6nk
I0000 00:00:1791230515.780714 1031738 reader.cc:52] Reading meta graph with tags { serve }
I0000 00:00:1791230515.781090 1031738 reader.cc:147] Reading SavedModel debug info (if present) from: /tmp/tmppis_s6nk
I0000 00:00:1791230515.789042 1031738 loader.cc:236] Restoring SavedModel bundle.
I0000 00:00:1791230515.818273 1031738 loader.cc:220] Running initialization op on SavedModel bundle at path: /tmp/tmppis_s6nk
I0000 00:00:1791230515.826643 1031738 loader.cc:471] SavedModel load for tags { serve }; Status: success: OK. Took 47962 microseconds.
/home/danielpark605/tinyml-venv/lib/python3.12/site-packages/tensorflow/lite/python/interpreter.py:457: UserWarning:     Warning: tf.lite.Interpreter is deprecated and is scheduled for deletion in
    TF 2.20. Please use the LiteRT interpreter from the ai_edge_litert package.
    See the [migration guide](https://ai.google.dev/edge/litert/migration)
    for details.
    
  warnings.warn(_INTERPRETER_DELETION_WARNING)
   [QAT Strip] Input model type: Functional
   [QAT Strip] Input model class: tf_keras.src.engine.functional.Functional
   [QAT Strip] Creating TF.Keras Functional model with input shape: (43,)
   [QAT Strip] TF_USE_LEGACY_KERAS=1
   [QAT Strip] 4 Dense layers after BatchNorm folding
   [QAT Strip] Created model type: Functional
   [QAT Strip] Model class: tf_keras.src.engine.functional.Functional
   [QAT Strip] Total layers: 5
   [QAT Strip] Is tensorflow.keras model: False
   [QAT Strip] WARNING: Model is not tensorflow.keras! QAT may fail.
✅ Saved (QAT): data/processed/revision/2026-10-05_x1_calib_methods/quant_lit/ton_near_iid_v2/fq_pct999_client2_d2.tflite (189.26 KB)
   Quantization: 10/16 tensors (62.5%)
   Input: <class 'numpy.float32'>, Output: <class 'numpy.float32'>
  [ton_near_iid_v2] fq_pct999              client2      d2 f1=0.9940 far=0.0353 missed=25/16215
/home/danielpark605/tinyml-venv/lib/python3.12/site-packages/tensorflow/lite/python/convert.py:846: UserWarning: Statistics for quantized inputs were expected, but not specified; continuing anyway.
  warnings.warn(
W0000 00:00:1791230517.172215 1031738 tf_tfl_flatbuffer_helpers.cc:364] Ignored output_format.
W0000 00:00:1791230517.172606 1031738 tf_tfl_flatbuffer_helpers.cc:367] Ignored drop_control_dependency.
I0000 00:00:1791230517.173024 1031738 reader.cc:83] Reading SavedModel from: /tmp/tmpwtzhtdpj
I0000 00:00:1791230517.174528 1031738 reader.cc:52] Reading meta graph with tags { serve }
I0000 00:00:1791230517.175050 1031738 reader.cc:147] Reading SavedModel debug info (if present) from: /tmp/tmpwtzhtdpj
I0000 00:00:1791230517.182074 1031738 loader.cc:236] Restoring SavedModel bundle.
I0000 00:00:1791230517.213201 1031738 loader.cc:220] Running initialization op on SavedModel bundle at path: /tmp/tmpwtzhtdpj
I0000 00:00:1791230517.222910 1031738 loader.cc:471] SavedModel load for tags { serve }; Status: success: OK. Took 49896 microseconds.
/home/danielpark605/tinyml-venv/lib/python3.12/site-packages/tensorflow/lite/python/interpreter.py:457: UserWarning:     Warning: tf.lite.Interpreter is deprecated and is scheduled for deletion in
    TF 2.20. Please use the LiteRT interpreter from the ai_edge_litert package.
    See the [migration guide](https://ai.google.dev/edge/litert/migration)
    for details.
    
  warnings.warn(_INTERPRETER_DELETION_WARNING)
   [QAT Strip] Input model type: Functional
   [QAT Strip] Input model class: tf_keras.src.engine.functional.Functional
   [QAT Strip] Creating TF.Keras Functional model with input shape: (43,)
   [QAT Strip] TF_USE_LEGACY_KERAS=1
   [QAT Strip] 4 Dense layers after BatchNorm folding
   [QAT Strip] Created model type: Functional
   [QAT Strip] Model class: tf_keras.src.engine.functional.Functional
   [QAT Strip] Total layers: 5
   [QAT Strip] Is tensorflow.keras model: False
   [QAT Strip] WARNING: Model is not tensorflow.keras! QAT may fail.
✅ Saved (QAT): data/processed/revision/2026-10-05_x1_calib_methods/quant_lit/ton_near_iid_v2/fq_pct9999_client2_d2.tflite (189.26 KB)
   Quantization: 10/16 tensors (62.5%)
   Input: <class 'numpy.float32'>, Output: <class 'numpy.float32'>
  [ton_near_iid_v2] fq_pct9999             client2      d2 f1=0.9937 far=0.0342 missed=40/16215
/home/danielpark605/tinyml-venv/lib/python3.12/site-packages/tensorflow/lite/python/convert.py:846: UserWarning: Statistics for quantized inputs were expected, but not specified; continuing anyway.
  warnings.warn(
W0000 00:00:1791230518.427773 1031738 tf_tfl_flatbuffer_helpers.cc:364] Ignored output_format.
W0000 00:00:1791230518.428145 1031738 tf_tfl_flatbuffer_helpers.cc:367] Ignored drop_control_dependency.
I0000 00:00:1791230518.428574 1031738 reader.cc:83] Reading SavedModel from: /tmp/tmpq9_w8ut9
I0000 00:00:1791230518.430111 1031738 reader.cc:52] Reading meta graph with tags { serve }
I0000 00:00:1791230518.430448 1031738 reader.cc:147] Reading SavedModel debug info (if present) from: /tmp/tmpq9_w8ut9
I0000 00:00:1791230518.437844 1031738 loader.cc:236] Restoring SavedModel bundle.
I0000 00:00:1791230518.467636 1031738 loader.cc:220] Running initialization op on SavedModel bundle at path: /tmp/tmpq9_w8ut9
I0000 00:00:1791230518.475884 1031738 loader.cc:471] SavedModel load for tags { serve }; Status: success: OK. Took 47321 microseconds.
/home/danielpark605/tinyml-venv/lib/python3.12/site-packages/tensorflow/lite/python/interpreter.py:457: UserWarning:     Warning: tf.lite.Interpreter is deprecated and is scheduled for deletion in
    TF 2.20. Please use the LiteRT interpreter from the ai_edge_litert package.
    See the [migration guide](https://ai.google.dev/edge/litert/migration)
    for details.
    
  warnings.warn(_INTERPRETER_DELETION_WARNING)
   [QAT Strip] Input model type: Functional
   [QAT Strip] Input model class: tf_keras.src.engine.functional.Functional
   [QAT Strip] Creating TF.Keras Functional model with input shape: (43,)
   [QAT Strip] TF_USE_LEGACY_KERAS=1
   [QAT Strip] 4 Dense layers after BatchNorm folding
   [QAT Strip] Created model type: Functional
   [QAT Strip] Model class: tf_keras.src.engine.functional.Functional
   [QAT Strip] Total layers: 5
   [QAT Strip] Is tensorflow.keras model: False
   [QAT Strip] WARNING: Model is not tensorflow.keras! QAT may fail.
✅ Saved (QAT): data/processed/revision/2026-10-05_x1_calib_methods/quant_lit/ton_near_iid_v2/fq_mse_client2_d2.tflite (189.26 KB)
   Quantization: 10/16 tensors (62.5%)
   Input: <class 'numpy.float32'>, Output: <class 'numpy.float32'>
  [ton_near_iid_v2] fq_mse                 client2      d2 f1=0.9897 far=0.0373 missed=155/16215
/home/danielpark605/tinyml-venv/lib/python3.12/site-packages/tensorflow/lite/python/convert.py:846: UserWarning: Statistics for quantized inputs were expected, but not specified; continuing anyway.
  warnings.warn(
W0000 00:00:1791230521.177634 1031738 tf_tfl_flatbuffer_helpers.cc:364] Ignored output_format.
W0000 00:00:1791230521.178012 1031738 tf_tfl_flatbuffer_helpers.cc:367] Ignored drop_control_dependency.
I0000 00:00:1791230521.178540 1031738 reader.cc:83] Reading SavedModel from: /tmp/tmpx2fv7l4_
I0000 00:00:1791230521.180118 1031738 reader.cc:52] Reading meta graph with tags { serve }
I0000 00:00:1791230521.180511 1031738 reader.cc:147] Reading SavedModel debug info (if present) from: /tmp/tmpx2fv7l4_
I0000 00:00:1791230521.186430 1031738 loader.cc:236] Restoring SavedModel bundle.
I0000 00:00:1791230521.213765 1031738 loader.cc:220] Running initialization op on SavedModel bundle at path: /tmp/tmpx2fv7l4_
I0000 00:00:1791230521.221905 1031738 loader.cc:471] SavedModel load for tags { serve }; Status: success: OK. Took 43374 microseconds.
/home/danielpark605/tinyml-venv/lib/python3.12/site-packages/tensorflow/lite/python/interpreter.py:457: UserWarning:     Warning: tf.lite.Interpreter is deprecated and is scheduled for deletion in
    TF 2.20. Please use the LiteRT interpreter from the ai_edge_litert package.
    See the [migration guide](https://ai.google.dev/edge/litert/migration)
    for details.
    
  warnings.warn(_INTERPRETER_DELETION_WARNING)
   [QAT Strip] Input model type: Functional
   [QAT Strip] Input model class: tf_keras.src.engine.functional.Functional
   [QAT Strip] Creating TF.Keras Functional model with input shape: (43,)
   [QAT Strip] TF_USE_LEGACY_KERAS=1
   [QAT Strip] 4 Dense layers after BatchNorm folding
   [QAT Strip] Created model type: Functional
   [QAT Strip] Model class: tf_keras.src.engine.functional.Functional
   [QAT Strip] Total layers: 5
   [QAT Strip] Is tensorflow.keras model: False
   [QAT Strip] WARNING: Model is not tensorflow.keras! QAT may fail.
✅ Saved (QAT): data/processed/revision/2026-10-05_x1_calib_methods/quant_lit/ton_near_iid_v2/fq_kl_client2_d2.tflite (189.26 KB)
   Quantization: 10/16 tensors (62.5%)
   Input: <class 'numpy.float32'>, Output: <class 'numpy.float32'>
  [ton_near_iid_v2] fq_kl                  client2      d2 f1=0.9669 far=0.0523 missed=802/16215
/home/danielpark605/tinyml-venv/lib/python3.12/site-packages/tensorflow/lite/python/convert.py:846: UserWarning: Statistics for quantized inputs were expected, but not specified; continuing anyway.
  warnings.warn(
W0000 00:00:1791230522.559851 1031738 tf_tfl_flatbuffer_helpers.cc:364] Ignored output_format.
W0000 00:00:1791230522.560216 1031738 tf_tfl_flatbuffer_helpers.cc:367] Ignored drop_control_dependency.
I0000 00:00:1791230522.560783 1031738 reader.cc:83] Reading SavedModel from: /tmp/tmp6aqalqs8
I0000 00:00:1791230522.562162 1031738 reader.cc:52] Reading meta graph with tags { serve }
I0000 00:00:1791230522.562524 1031738 reader.cc:147] Reading SavedModel debug info (if present) from: /tmp/tmp6aqalqs8
I0000 00:00:1791230522.568748 1031738 loader.cc:236] Restoring SavedModel bundle.
I0000 00:00:1791230522.596724 1031738 loader.cc:220] Running initialization op on SavedModel bundle at path: /tmp/tmp6aqalqs8
I0000 00:00:1791230522.605150 1031738 loader.cc:471] SavedModel load for tags { serve }; Status: success: OK. Took 44377 microseconds.
/home/danielpark605/tinyml-venv/lib/python3.12/site-packages/tensorflow/lite/python/interpreter.py:457: UserWarning:     Warning: tf.lite.Interpreter is deprecated and is scheduled for deletion in
    TF 2.20. Please use the LiteRT interpreter from the ai_edge_litert package.
    See the [migration guide](https://ai.google.dev/edge/litert/migration)
    for details.
    
  warnings.warn(_INTERPRETER_DELETION_WARNING)
   [QAT Strip] Input model type: Functional
   [QAT Strip] Input model class: tf_keras.src.engine.functional.Functional
   [QAT Strip] Creating TF.Keras Functional model with input shape: (43,)
   [QAT Strip] TF_USE_LEGACY_KERAS=1
   [QAT Strip] 4 Dense layers after BatchNorm folding
   [QAT Strip] Created model type: Functional
   [QAT Strip] Model class: tf_keras.src.engine.functional.Functional
   [QAT Strip] Total layers: 5
   [QAT Strip] Is tensorflow.keras model: False
   [QAT Strip] WARNING: Model is not tensorflow.keras! QAT may fail.
✅ Saved (QAT): data/processed/revision/2026-10-05_x1_calib_methods/quant_lit/ton_near_iid_v2/fq_clip5_max_client2_d2.tflite (189.26 KB)
   Quantization: 10/16 tensors (62.5%)
   Input: <class 'numpy.float32'>, Output: <class 'numpy.float32'>
  [ton_near_iid_v2] fq_clip5_max           client2      d2 f1=0.9919 far=0.0494 missed=27/16215
/home/danielpark605/tinyml-venv/lib/python3.12/site-packages/tensorflow/lite/python/convert.py:846: UserWarning: Statistics for quantized inputs were expected, but not specified; continuing anyway.
  warnings.warn(
W0000 00:00:1791230523.026699 1031738 tf_tfl_flatbuffer_helpers.cc:364] Ignored output_format.
W0000 00:00:1791230523.027053 1031738 tf_tfl_flatbuffer_helpers.cc:367] Ignored drop_control_dependency.
I0000 00:00:1791230523.027496 1031738 reader.cc:83] Reading SavedModel from: /tmp/tmpmhbehbk2
I0000 00:00:1791230523.028196 1031738 reader.cc:52] Reading meta graph with tags { serve }
I0000 00:00:1791230523.028528 1031738 reader.cc:147] Reading SavedModel debug info (if present) from: /tmp/tmpmhbehbk2
I0000 00:00:1791230523.030661 1031738 loader.cc:236] Restoring SavedModel bundle.
I0000 00:00:1791230523.042520 1031738 loader.cc:220] Running initialization op on SavedModel bundle at path: /tmp/tmpmhbehbk2
I0000 00:00:1791230523.046368 1031738 loader.cc:471] SavedModel load for tags { serve }; Status: success: OK. Took 18882 microseconds.
fully_quantize: 0, inference_type: 6, input_inference_type: FLOAT32, output_inference_type: FLOAT32
W0000 00:00:1791230523.144680 1031738 flatbuffer_export.cc:3851] Skipping runtime version metadata in the model. This will be generated by the exporter.
/home/danielpark605/tinyml-venv/lib/python3.12/site-packages/tensorflow/lite/python/interpreter.py:457: UserWarning:     Warning: tf.lite.Interpreter is deprecated and is scheduled for deletion in
    TF 2.20. Please use the LiteRT interpreter from the ai_edge_litert package.
    See the [migration guide](https://ai.google.dev/edge/litert/migration)
    for details.
    
  warnings.warn(_INTERPRETER_DELETION_WARNING)
  [ton_near_iid_v2] tflite_max             client3      d2 f1=0.3551 far=0.0189 missed=12695/16215
/home/danielpark605/tinyml-venv/lib/python3.12/site-packages/tensorflow/lite/python/convert.py:846: UserWarning: Statistics for quantized inputs were expected, but not specified; continuing anyway.
  warnings.warn(
W0000 00:00:1791230523.484441 1031738 tf_tfl_flatbuffer_helpers.cc:364] Ignored output_format.
W0000 00:00:1791230523.484819 1031738 tf_tfl_flatbuffer_helpers.cc:367] Ignored drop_control_dependency.
I0000 00:00:1791230523.485343 1031738 reader.cc:83] Reading SavedModel from: /tmp/tmplrcn7qfg
I0000 00:00:1791230523.486019 1031738 reader.cc:52] Reading meta graph with tags { serve }
I0000 00:00:1791230523.486380 1031738 reader.cc:147] Reading SavedModel debug info (if present) from: /tmp/tmplrcn7qfg
I0000 00:00:1791230523.488540 1031738 loader.cc:236] Restoring SavedModel bundle.
I0000 00:00:1791230523.499494 1031738 loader.cc:220] Running initialization op on SavedModel bundle at path: /tmp/tmplrcn7qfg
I0000 00:00:1791230523.503265 1031738 loader.cc:471] SavedModel load for tags { serve }; Status: success: OK. Took 17933 microseconds.
fully_quantize: 0, inference_type: 6, input_inference_type: FLOAT32, output_inference_type: FLOAT32
W0000 00:00:1791230523.598629 1031738 flatbuffer_export.cc:3851] Skipping runtime version metadata in the model. This will be generated by the exporter.
/home/danielpark605/tinyml-venv/lib/python3.12/site-packages/tensorflow/lite/python/interpreter.py:457: UserWarning:     Warning: tf.lite.Interpreter is deprecated and is scheduled for deletion in
    TF 2.20. Please use the LiteRT interpreter from the ai_edge_litert package.
    See the [migration guide](https://ai.google.dev/edge/litert/migration)
    for details.
    
  warnings.warn(_INTERPRETER_DELETION_WARNING)
  [ton_near_iid_v2] tflite_clip5           client3      d2 f1=0.9919 far=0.0496 missed=27/16215
/home/danielpark605/tinyml-venv/lib/python3.12/site-packages/tensorflow/lite/python/convert.py:846: UserWarning: Statistics for quantized inputs were expected, but not specified; continuing anyway.
  warnings.warn(
W0000 00:00:1791230523.944765 1031738 tf_tfl_flatbuffer_helpers.cc:364] Ignored output_format.
W0000 00:00:1791230523.945116 1031738 tf_tfl_flatbuffer_helpers.cc:367] Ignored drop_control_dependency.
I0000 00:00:1791230523.945581 1031738 reader.cc:83] Reading SavedModel from: /tmp/tmpowbv6vtw
I0000 00:00:1791230523.946250 1031738 reader.cc:52] Reading meta graph with tags { serve }
I0000 00:00:1791230523.946604 1031738 reader.cc:147] Reading SavedModel debug info (if present) from: /tmp/tmpowbv6vtw
I0000 00:00:1791230523.949197 1031738 loader.cc:236] Restoring SavedModel bundle.
I0000 00:00:1791230523.961695 1031738 loader.cc:220] Running initialization op on SavedModel bundle at path: /tmp/tmpowbv6vtw
I0000 00:00:1791230523.965954 1031738 loader.cc:471] SavedModel load for tags { serve }; Status: success: OK. Took 20384 microseconds.
fully_quantize: 0, inference_type: 6, input_inference_type: FLOAT32, output_inference_type: FLOAT32
W0000 00:00:1791230524.057569 1031738 flatbuffer_export.cc:3851] Skipping runtime version metadata in the model. This will be generated by the exporter.
/home/danielpark605/tinyml-venv/lib/python3.12/site-packages/tensorflow/lite/python/interpreter.py:457: UserWarning:     Warning: tf.lite.Interpreter is deprecated and is scheduled for deletion in
    TF 2.20. Please use the LiteRT interpreter from the ai_edge_litert package.
    See the [migration guide](https://ai.google.dev/edge/litert/migration)
    for details.
    
  warnings.warn(_INTERPRETER_DELETION_WARNING)
  [ton_near_iid_v2] tflite_max_per_tensor  client3      d2 f1=0.3792 far=0.0197 missed=12399/16215
/home/danielpark605/tinyml-venv/lib/python3.12/site-packages/tensorflow/lite/python/convert.py:846: UserWarning: Statistics for quantized inputs were expected, but not specified; continuing anyway.
  warnings.warn(
W0000 00:00:1791230525.039830 1031738 tf_tfl_flatbuffer_helpers.cc:364] Ignored output_format.
W0000 00:00:1791230525.040154 1031738 tf_tfl_flatbuffer_helpers.cc:367] Ignored drop_control_dependency.
I0000 00:00:1791230525.040577 1031738 reader.cc:83] Reading SavedModel from: /tmp/tmpfqfl82hx
I0000 00:00:1791230525.042541 1031738 reader.cc:52] Reading meta graph with tags { serve }
I0000 00:00:1791230525.042889 1031738 reader.cc:147] Reading SavedModel debug info (if present) from: /tmp/tmpfqfl82hx
I0000 00:00:1791230525.051552 1031738 loader.cc:236] Restoring SavedModel bundle.
I0000 00:00:1791230525.083888 1031738 loader.cc:220] Running initialization op on SavedModel bundle at path: /tmp/tmpfqfl82hx
I0000 00:00:1791230525.095260 1031738 loader.cc:471] SavedModel load for tags { serve }; Status: success: OK. Took 54695 microseconds.
/home/danielpark605/tinyml-venv/lib/python3.12/site-packages/tensorflow/lite/python/interpreter.py:457: UserWarning:     Warning: tf.lite.Interpreter is deprecated and is scheduled for deletion in
    TF 2.20. Please use the LiteRT interpreter from the ai_edge_litert package.
    See the [migration guide](https://ai.google.dev/edge/litert/migration)
    for details.
    
  warnings.warn(_INTERPRETER_DELETION_WARNING)
   [QAT Strip] Input model type: Functional
   [QAT Strip] Input model class: tf_keras.src.engine.functional.Functional
   [QAT Strip] Creating TF.Keras Functional model with input shape: (43,)
   [QAT Strip] TF_USE_LEGACY_KERAS=1
   [QAT Strip] 4 Dense layers after BatchNorm folding
   [QAT Strip] Created model type: Functional
   [QAT Strip] Model class: tf_keras.src.engine.functional.Functional
   [QAT Strip] Total layers: 5
   [QAT Strip] Is tensorflow.keras model: False
   [QAT Strip] WARNING: Model is not tensorflow.keras! QAT may fail.
✅ Saved (QAT): data/processed/revision/2026-10-05_x1_calib_methods/quant_lit/ton_near_iid_v2/fq_max_client3_d2.tflite (189.26 KB)
   Quantization: 10/16 tensors (62.5%)
   Input: <class 'numpy.float32'>, Output: <class 'numpy.float32'>
  [ton_near_iid_v2] fq_max                 client3      d2 f1=0.3606 far=0.0253 missed=12621/16215
/home/danielpark605/tinyml-venv/lib/python3.12/site-packages/tensorflow/lite/python/convert.py:846: UserWarning: Statistics for quantized inputs were expected, but not specified; continuing anyway.
  warnings.warn(
W0000 00:00:1791230526.408499 1031738 tf_tfl_flatbuffer_helpers.cc:364] Ignored output_format.
W0000 00:00:1791230526.408906 1031738 tf_tfl_flatbuffer_helpers.cc:367] Ignored drop_control_dependency.
I0000 00:00:1791230526.409394 1031738 reader.cc:83] Reading SavedModel from: /tmp/tmpgnkv0j22
I0000 00:00:1791230526.410777 1031738 reader.cc:52] Reading meta graph with tags { serve }
I0000 00:00:1791230526.411137 1031738 reader.cc:147] Reading SavedModel debug info (if present) from: /tmp/tmpgnkv0j22
I0000 00:00:1791230526.418460 1031738 loader.cc:236] Restoring SavedModel bundle.
I0000 00:00:1791230526.454190 1031738 loader.cc:220] Running initialization op on SavedModel bundle at path: /tmp/tmpgnkv0j22
I0000 00:00:1791230526.463028 1031738 loader.cc:471] SavedModel load for tags { serve }; Status: success: OK. Took 53646 microseconds.
/home/danielpark605/tinyml-venv/lib/python3.12/site-packages/tensorflow/lite/python/interpreter.py:457: UserWarning:     Warning: tf.lite.Interpreter is deprecated and is scheduled for deletion in
    TF 2.20. Please use the LiteRT interpreter from the ai_edge_litert package.
    See the [migration guide](https://ai.google.dev/edge/litert/migration)
    for details.
    
  warnings.warn(_INTERPRETER_DELETION_WARNING)
   [QAT Strip] Input model type: Functional
   [QAT Strip] Input model class: tf_keras.src.engine.functional.Functional
   [QAT Strip] Creating TF.Keras Functional model with input shape: (43,)
   [QAT Strip] TF_USE_LEGACY_KERAS=1
   [QAT Strip] 4 Dense layers after BatchNorm folding
   [QAT Strip] Created model type: Functional
   [QAT Strip] Model class: tf_keras.src.engine.functional.Functional
   [QAT Strip] Total layers: 5
   [QAT Strip] Is tensorflow.keras model: False
   [QAT Strip] WARNING: Model is not tensorflow.keras! QAT may fail.
✅ Saved (QAT): data/processed/revision/2026-10-05_x1_calib_methods/quant_lit/ton_near_iid_v2/fq_pct999_client3_d2.tflite (189.26 KB)
   Quantization: 10/16 tensors (62.5%)
   Input: <class 'numpy.float32'>, Output: <class 'numpy.float32'>
  [ton_near_iid_v2] fq_pct999              client3      d2 f1=0.9939 far=0.0353 missed=29/16215
/home/danielpark605/tinyml-venv/lib/python3.12/site-packages/tensorflow/lite/python/convert.py:846: UserWarning: Statistics for quantized inputs were expected, but not specified; continuing anyway.
  warnings.warn(
W0000 00:00:1791230527.584330 1031738 tf_tfl_flatbuffer_helpers.cc:364] Ignored output_format.
W0000 00:00:1791230527.584716 1031738 tf_tfl_flatbuffer_helpers.cc:367] Ignored drop_control_dependency.
I0000 00:00:1791230527.585189 1031738 reader.cc:83] Reading SavedModel from: /tmp/tmptrig4plg
I0000 00:00:1791230527.586792 1031738 reader.cc:52] Reading meta graph with tags { serve }
I0000 00:00:1791230527.587137 1031738 reader.cc:147] Reading SavedModel debug info (if present) from: /tmp/tmptrig4plg
I0000 00:00:1791230527.594118 1031738 loader.cc:236] Restoring SavedModel bundle.
I0000 00:00:1791230527.621584 1031738 loader.cc:220] Running initialization op on SavedModel bundle at path: /tmp/tmptrig4plg
I0000 00:00:1791230527.630148 1031738 loader.cc:471] SavedModel load for tags { serve }; Status: success: OK. Took 44969 microseconds.
/home/danielpark605/tinyml-venv/lib/python3.12/site-packages/tensorflow/lite/python/interpreter.py:457: UserWarning:     Warning: tf.lite.Interpreter is deprecated and is scheduled for deletion in
    TF 2.20. Please use the LiteRT interpreter from the ai_edge_litert package.
    See the [migration guide](https://ai.google.dev/edge/litert/migration)
    for details.
    
  warnings.warn(_INTERPRETER_DELETION_WARNING)
   [QAT Strip] Input model type: Functional
   [QAT Strip] Input model class: tf_keras.src.engine.functional.Functional
   [QAT Strip] Creating TF.Keras Functional model with input shape: (43,)
   [QAT Strip] TF_USE_LEGACY_KERAS=1
   [QAT Strip] 4 Dense layers after BatchNorm folding
   [QAT Strip] Created model type: Functional
   [QAT Strip] Model class: tf_keras.src.engine.functional.Functional
   [QAT Strip] Total layers: 5
   [QAT Strip] Is tensorflow.keras model: False
   [QAT Strip] WARNING: Model is not tensorflow.keras! QAT may fail.
✅ Saved (QAT): data/processed/revision/2026-10-05_x1_calib_methods/quant_lit/ton_near_iid_v2/fq_pct9999_client3_d2.tflite (189.26 KB)
   Quantization: 10/16 tensors (62.5%)
   Input: <class 'numpy.float32'>, Output: <class 'numpy.float32'>
  [ton_near_iid_v2] fq_pct9999             client3      d2 f1=0.9938 far=0.0367 missed=25/16215
/home/danielpark605/tinyml-venv/lib/python3.12/site-packages/tensorflow/lite/python/convert.py:846: UserWarning: Statistics for quantized inputs were expected, but not specified; continuing anyway.
  warnings.warn(
W0000 00:00:1791230528.835621 1031738 tf_tfl_flatbuffer_helpers.cc:364] Ignored output_format.
W0000 00:00:1791230528.836021 1031738 tf_tfl_flatbuffer_helpers.cc:367] Ignored drop_control_dependency.
I0000 00:00:1791230528.836655 1031738 reader.cc:83] Reading SavedModel from: /tmp/tmp6ur8i_gg
I0000 00:00:1791230528.838799 1031738 reader.cc:52] Reading meta graph with tags { serve }
I0000 00:00:1791230528.839193 1031738 reader.cc:147] Reading SavedModel debug info (if present) from: /tmp/tmp6ur8i_gg
I0000 00:00:1791230528.847605 1031738 loader.cc:236] Restoring SavedModel bundle.
I0000 00:00:1791230528.874017 1031738 loader.cc:220] Running initialization op on SavedModel bundle at path: /tmp/tmp6ur8i_gg
I0000 00:00:1791230528.882725 1031738 loader.cc:471] SavedModel load for tags { serve }; Status: success: OK. Took 46079 microseconds.
/home/danielpark605/tinyml-venv/lib/python3.12/site-packages/tensorflow/lite/python/interpreter.py:457: UserWarning:     Warning: tf.lite.Interpreter is deprecated and is scheduled for deletion in
    TF 2.20. Please use the LiteRT interpreter from the ai_edge_litert package.
    See the [migration guide](https://ai.google.dev/edge/litert/migration)
    for details.
    
  warnings.warn(_INTERPRETER_DELETION_WARNING)
   [QAT Strip] Input model type: Functional
   [QAT Strip] Input model class: tf_keras.src.engine.functional.Functional
   [QAT Strip] Creating TF.Keras Functional model with input shape: (43,)
   [QAT Strip] TF_USE_LEGACY_KERAS=1
   [QAT Strip] 4 Dense layers after BatchNorm folding
   [QAT Strip] Created model type: Functional
   [QAT Strip] Model class: tf_keras.src.engine.functional.Functional
   [QAT Strip] Total layers: 5
   [QAT Strip] Is tensorflow.keras model: False
   [QAT Strip] WARNING: Model is not tensorflow.keras! QAT may fail.
✅ Saved (QAT): data/processed/revision/2026-10-05_x1_calib_methods/quant_lit/ton_near_iid_v2/fq_mse_client3_d2.tflite (189.26 KB)
   Quantization: 10/16 tensors (62.5%)
   Input: <class 'numpy.float32'>, Output: <class 'numpy.float32'>
  [ton_near_iid_v2] fq_mse                 client3      d2 f1=0.3462 far=0.0205 missed=12800/16215
/home/danielpark605/tinyml-venv/lib/python3.12/site-packages/tensorflow/lite/python/convert.py:846: UserWarning: Statistics for quantized inputs were expected, but not specified; continuing anyway.
  warnings.warn(
W0000 00:00:1791230531.638578 1031738 tf_tfl_flatbuffer_helpers.cc:364] Ignored output_format.
W0000 00:00:1791230531.638957 1031738 tf_tfl_flatbuffer_helpers.cc:367] Ignored drop_control_dependency.
I0000 00:00:1791230531.639430 1031738 reader.cc:83] Reading SavedModel from: /tmp/tmp7t136ni2
I0000 00:00:1791230531.640811 1031738 reader.cc:52] Reading meta graph with tags { serve }
I0000 00:00:1791230531.641133 1031738 reader.cc:147] Reading SavedModel debug info (if present) from: /tmp/tmp7t136ni2
I0000 00:00:1791230531.647739 1031738 loader.cc:236] Restoring SavedModel bundle.
I0000 00:00:1791230531.675806 1031738 loader.cc:220] Running initialization op on SavedModel bundle at path: /tmp/tmp7t136ni2
I0000 00:00:1791230531.684615 1031738 loader.cc:471] SavedModel load for tags { serve }; Status: success: OK. Took 45196 microseconds.
/home/danielpark605/tinyml-venv/lib/python3.12/site-packages/tensorflow/lite/python/interpreter.py:457: UserWarning:     Warning: tf.lite.Interpreter is deprecated and is scheduled for deletion in
    TF 2.20. Please use the LiteRT interpreter from the ai_edge_litert package.
    See the [migration guide](https://ai.google.dev/edge/litert/migration)
    for details.
    
  warnings.warn(_INTERPRETER_DELETION_WARNING)
   [QAT Strip] Input model type: Functional
   [QAT Strip] Input model class: tf_keras.src.engine.functional.Functional
   [QAT Strip] Creating TF.Keras Functional model with input shape: (43,)
   [QAT Strip] TF_USE_LEGACY_KERAS=1
   [QAT Strip] 4 Dense layers after BatchNorm folding
   [QAT Strip] Created model type: Functional
   [QAT Strip] Model class: tf_keras.src.engine.functional.Functional
   [QAT Strip] Total layers: 5
   [QAT Strip] Is tensorflow.keras model: False
   [QAT Strip] WARNING: Model is not tensorflow.keras! QAT may fail.
✅ Saved (QAT): data/processed/revision/2026-10-05_x1_calib_methods/quant_lit/ton_near_iid_v2/fq_kl_client3_d2.tflite (189.26 KB)
   Quantization: 10/16 tensors (62.5%)
   Input: <class 'numpy.float32'>, Output: <class 'numpy.float32'>
  [ton_near_iid_v2] fq_kl                  client3      d2 f1=0.9938 far=0.0363 missed=27/16215
/home/danielpark605/tinyml-venv/lib/python3.12/site-packages/tensorflow/lite/python/convert.py:846: UserWarning: Statistics for quantized inputs were expected, but not specified; continuing anyway.
  warnings.warn(
W0000 00:00:1791230532.794888 1031738 tf_tfl_flatbuffer_helpers.cc:364] Ignored output_format.
W0000 00:00:1791230532.795276 1031738 tf_tfl_flatbuffer_helpers.cc:367] Ignored drop_control_dependency.
I0000 00:00:1791230532.795794 1031738 reader.cc:83] Reading SavedModel from: /tmp/tmp4wudm2de
I0000 00:00:1791230532.798331 1031738 reader.cc:52] Reading meta graph with tags { serve }
I0000 00:00:1791230532.798697 1031738 reader.cc:147] Reading SavedModel debug info (if present) from: /tmp/tmp4wudm2de
I0000 00:00:1791230532.806584 1031738 loader.cc:236] Restoring SavedModel bundle.
I0000 00:00:1791230532.834592 1031738 loader.cc:220] Running initialization op on SavedModel bundle at path: /tmp/tmp4wudm2de
I0000 00:00:1791230532.843205 1031738 loader.cc:471] SavedModel load for tags { serve }; Status: success: OK. Took 47431 microseconds.
/home/danielpark605/tinyml-venv/lib/python3.12/site-packages/tensorflow/lite/python/interpreter.py:457: UserWarning:     Warning: tf.lite.Interpreter is deprecated and is scheduled for deletion in
    TF 2.20. Please use the LiteRT interpreter from the ai_edge_litert package.
    See the [migration guide](https://ai.google.dev/edge/litert/migration)
    for details.
    
  warnings.warn(_INTERPRETER_DELETION_WARNING)
   [QAT Strip] Input model type: Functional
   [QAT Strip] Input model class: tf_keras.src.engine.functional.Functional
   [QAT Strip] Creating TF.Keras Functional model with input shape: (43,)
   [QAT Strip] TF_USE_LEGACY_KERAS=1
   [QAT Strip] 4 Dense layers after BatchNorm folding
   [QAT Strip] Created model type: Functional
   [QAT Strip] Model class: tf_keras.src.engine.functional.Functional
   [QAT Strip] Total layers: 5
   [QAT Strip] Is tensorflow.keras model: False
   [QAT Strip] WARNING: Model is not tensorflow.keras! QAT may fail.
✅ Saved (QAT): data/processed/revision/2026-10-05_x1_calib_methods/quant_lit/ton_near_iid_v2/fq_clip5_max_client3_d2.tflite (189.26 KB)
   Quantization: 10/16 tensors (62.5%)
   Input: <class 'numpy.float32'>, Output: <class 'numpy.float32'>
  [ton_near_iid_v2] fq_clip5_max           client3      d2 f1=0.9919 far=0.0494 missed=27/16215
✅ saved to data/processed/revision/2026-10-05_x1_calib_methods/quant_lit
