{
  "version": "v20",
  "data_version": "cicids2017_max2000k_bal4.0",
  "generated_at": "2026-02-23T02:35:56.367772",
  "results": [
    {
      "stage": "Original",
      "model_path": "models/tflite/saved_model_original.tflite",
      "file_size_bytes": 821632,
      "file_size_mb": 0.7835693359375,
      "parameter_count": 205777,
      "accuracy": 0.6347585795066784,
      "precision": 0.3268585495809938,
      "recall": 0.9980264286940106,
      "f1_score": 0.49244044015224964,
      "precision_normal": 0.9992348788779998,
      "recall_normal": 0.5563466368344236,
      "avg_latency_ms": 1.8683433532714844,
      "min_latency_ms": 1.8534660339355469,
      "max_latency_ms": 1.9466876983642578,
      "samples_per_second": 53523.35255984891,
      "compression_ratio": 1.0
    },
    {
      "stage": "QAT+Prune only",
      "model_path": "models/tflite/saved_model_qat_pruned_float32.tflite",
      "file_size_bytes": 248228,
      "file_size_mb": 0.23672866821289062,
      "parameter_count": 61969,
      "accuracy": 0.7695354392122453,
      "precision": 0.4346232577741654,
      "recall": 0.9910931868886219,
      "f1_score": 0.6042606175384261,
      "precision_normal": 0.997343202899441,
      "recall_normal": 0.7217118472035976,
      "avg_latency_ms": 0.7510185241699219,
      "min_latency_ms": 0.7436275482177734,
      "max_latency_ms": 0.7953643798828125,
      "samples_per_second": 133152.50793650793,
      "compression_ratio": 3.3099892034742253
    },
    {
      "stage": "Compressed (PTQ)",
      "model_path": "models/tflite/saved_model_pruned_quantized.tflite",
      "file_size_bytes": 70920,
      "file_size_mb": 0.06763458251953125,
      "parameter_count": 61969,
      "accuracy": 0.7693434971239154,
      "precision": 0.4344192623906486,
      "recall": 0.9911275098678566,
      "f1_score": 0.6040698069691914,
      "precision_normal": 0.9973525330165249,
      "recall_normal": 0.7214710654407788,
      "avg_latency_ms": 0.47888755798339844,
      "min_latency_ms": 0.47135353088378906,
      "max_latency_ms": 0.5309581756591797,
      "samples_per_second": 208817.28567161207,
      "compression_ratio": 11.585335589396504
    },
    {
      "stage": "QAT+PTQ",
      "model_path": "models/tflite/saved_model_qat_ptq.tflite",
      "file_size_bytes": 70904,
      "file_size_mb": 0.06761932373046875,
      "parameter_count": 61969,
      "accuracy": 0.7693434971239154,
      "precision": 0.4344192623906486,
      "recall": 0.9911275098678566,
      "f1_score": 0.6040698069691914,
      "precision_normal": 0.9973525330165249,
      "recall_normal": 0.7214710654407788,
      "avg_latency_ms": 0.4781961441040039,
      "min_latency_ms": 0.47087669372558594,
      "max_latency_ms": 0.5173683166503906,
      "samples_per_second": 209119.21025078528,
      "compression_ratio": 11.587949904095678
    },
    {
      "stage": "noQAT+PTQ",
      "model_path": "models/tflite/saved_model_no_qat_ptq.tflite",
      "file_size_bytes": 70920,
      "file_size_mb": 0.06763458251953125,
      "parameter_count": 61969,
      "accuracy": 0.8224688017938968,
      "precision": 0.0,
      "recall": 0.0,
      "f1_score": 0.0,
      "precision_normal": 0.8224688017938968,
      "recall_normal": 1.0,
      "avg_latency_ms": 0.48160552978515625,
      "min_latency_ms": 0.47397613525390625,
      "max_latency_ms": 0.5235671997070312,
      "samples_per_second": 207638.81188118813,
      "compression_ratio": 11.585335589396504
    }
  ]
}