{
  "version": "v20",
  "data_version": "cicids2017_max2000k_bal4.0",
  "generated_at": "2026-02-15T11:05:08.255059",
  "results": [
    {
      "stage": "Original",
      "model_path": "models/tflite/saved_model_original.tflite",
      "file_size_bytes": 821632,
      "file_size_mb": 0.7835693359375,
      "parameter_count": 205777,
      "accuracy": 0.35415143316759284,
      "precision": 0.211848996899405,
      "recall": 0.9697099708254676,
      "f1_score": 0.34773056650450934,
      "precision_normal": 0.9713012796539894,
      "recall_normal": 0.2212821443653363,
      "avg_latency_ms": 1.9182443618774414,
      "min_latency_ms": 1.8880367279052734,
      "max_latency_ms": 1.9938945770263672,
      "samples_per_second": 52131.00165305691,
      "compression_ratio": 1.0
    },
    {
      "stage": "QAT+Prune only",
      "model_path": "models/tflite/saved_model_qat_pruned_float32.tflite",
      "file_size_bytes": 248228,
      "file_size_mb": 0.23672866821289062,
      "parameter_count": 61969,
      "accuracy": 0.6731043433752559,
      "precision": 0.35172246922541817,
      "recall": 0.9978548137978377,
      "f1_score": 0.5201153923563745,
      "precision_normal": 0.9992327004646766,
      "recall_normal": 0.6030064381339043,
      "avg_latency_ms": 0.8670568466186523,
      "min_latency_ms": 0.8387565612792969,
      "max_latency_ms": 0.9539127349853516,
      "samples_per_second": 115332.69172601534,
      "compression_ratio": 3.3099892034742253
    },
    {
      "stage": "Compressed (PTQ)",
      "model_path": "models/tflite/saved_model_pruned_quantized.tflite",
      "file_size_bytes": 70920,
      "file_size_mb": 0.06763458251953125,
      "parameter_count": 61969,
      "accuracy": 0.6728545139904456,
      "precision": 0.35154809337533327,
      "recall": 0.9978548137978377,
      "f1_score": 0.5199247095011781,
      "precision_normal": 0.9992323140511095,
      "recall_normal": 0.6027026826792713,
      "avg_latency_ms": 0.5521297454833984,
      "min_latency_ms": 0.5424022674560547,
      "max_latency_ms": 0.6201267242431641,
      "samples_per_second": 181116.84946886607,
      "compression_ratio": 11.585335589396504
    },
    {
      "stage": "QAT+PTQ",
      "model_path": "models/tflite/saved_model_qat_ptq.tflite",
      "file_size_bytes": 70904,
      "file_size_mb": 0.06761932373046875,
      "parameter_count": 61969,
      "accuracy": 0.6728545139904456,
      "precision": 0.35154809337533327,
      "recall": 0.9978548137978377,
      "f1_score": 0.5199247095011781,
      "precision_normal": 0.9992323140511095,
      "recall_normal": 0.6027026826792713,
      "avg_latency_ms": 0.5514860153198242,
      "min_latency_ms": 0.5383491516113281,
      "max_latency_ms": 0.6203651428222656,
      "samples_per_second": 181328.26077558254,
      "compression_ratio": 11.587949904095678
    },
    {
      "stage": "noQAT+PTQ",
      "model_path": "models/tflite/saved_model_no_qat_ptq.tflite",
      "file_size_bytes": 70920,
      "file_size_mb": 0.06763458251953125,
      "parameter_count": 61969,
      "accuracy": 0.8224688017938968,
      "precision": 0.0,
      "recall": 0.0,
      "f1_score": 0.0,
      "precision_normal": 0.8224688017938968,
      "recall_normal": 1.0,
      "avg_latency_ms": 0.5643129348754883,
      "min_latency_ms": 0.54931640625,
      "max_latency_ms": 0.6184577941894531,
      "samples_per_second": 177206.6415987156,
      "compression_ratio": 11.585335589396504
    }
  ]
}