{
  "version": "v24",
  "data_version": "cicids2017_max2000k_bal4.0",
  "generated_at": "2026-02-24T16:34:08.352616",
  "results": [
    {
      "stage": "Baseline",
      "model_path": "models/tflite/saved_model_original.tflite",
      "file_size_bytes": 817528,
      "file_size_mb": 0.7796554565429688,
      "parameter_count": 204880,
      "accuracy": 0.18311275226674467,
      "precision": 0.1782161213950122,
      "recall": 0.9972884846404668,
      "f1_score": 0.3023941968955056,
      "precision_normal": 0.9264432029795159,
      "recall_normal": 0.0073716262770694265,
      "avg_latency_ms": 1.8879175186157227,
      "min_latency_ms": 1.857757568359375,
      "max_latency_ms": 1.9633769989013672,
      "samples_per_second": 52968.4157353034,
      "compression_ratio": 1.0
    },
    {
      "stage": "Traditional+PTQ",
      "model_path": "models/tflite/saved_model_no_qat_ptq.tflite",
      "file_size_bytes": 76720,
      "file_size_mb": 0.0731658935546875,
      "parameter_count": 62048,
      "accuracy": 0.17753119820610314,
      "precision": 0.17753119820610314,
      "recall": 1.0,
      "f1_score": 0.3015312010018267,
      "precision_normal": 0.0,
      "recall_normal": 0.0,
      "avg_latency_ms": 0.4805326461791992,
      "min_latency_ms": 0.4718303680419922,
      "max_latency_ms": 0.5218982696533203,
      "samples_per_second": 208102.40635078144,
      "compression_ratio": 10.65599582898853
    },
    {
      "stage": "Traditional+QAT",
      "model_path": "models/tflite/saved_model_traditional_qat.tflite",
      "file_size_bytes": 66600,
      "file_size_mb": 0.06351470947265625,
      "parameter_count": 62048,
      "accuracy": 0.9558563663839329,
      "precision": 0.8244911875009264,
      "recall": 0.9545392140037755,
      "f1_score": 0.8847619123366552,
      "precision_normal": 0.9898413501915533,
      "recall_normal": 0.9561406758188432,
      "avg_latency_ms": 0.47631263732910156,
      "min_latency_ms": 0.4703998565673828,
      "max_latency_ms": 0.5137920379638672,
      "samples_per_second": 209946.1407548303,
      "compression_ratio": 12.275195195195195
    },
    {
      "stage": "QAT+PTQ",
      "model_path": "models/tflite/saved_model_qat_ptq.tflite",
      "file_size_bytes": 76688,
      "file_size_mb": 0.0731353759765625,
      "parameter_count": 62048,
      "accuracy": 0.9400500877449547,
      "precision": 0.769960407951986,
      "recall": 0.9444997425776558,
      "f1_score": 0.8483456519896108,
      "precision_normal": 0.9874038442812908,
      "recall_normal": 0.939089622676456,
      "avg_latency_ms": 0.47855377197265625,
      "min_latency_ms": 0.47087669372558594,
      "max_latency_ms": 0.5328655242919922,
      "samples_per_second": 208962.9334396174,
      "compression_ratio": 10.66044231170457
    },
    {
      "stage": "QAT+QAT",
      "model_path": "models/tflite/saved_model_pruned_qat.tflite",
      "file_size_bytes": 66600,
      "file_size_mb": 0.06351470947265625,
      "parameter_count": 62048,
      "accuracy": 0.964384079165448,
      "precision": 0.8790073230268511,
      "recall": 0.9269778616783937,
      "f1_score": 0.9023554961577013,
      "precision_normal": 0.9840501698066528,
      "recall_normal": 0.9724582706683361,
      "avg_latency_ms": 0.47898292541503906,
      "min_latency_ms": 0.47135353088378906,
      "max_latency_ms": 0.5238056182861328,
      "samples_per_second": 208775.70930811347,
      "compression_ratio": 12.275195195195195
    }
  ]
}