{
  "tag": "no_qat__distill_direct__prune_10x5__ptq_yes",
  "fl_qat": false,
  "distillation": "direct",
  "pruning": "prune_10x5",
  "ptq": true,
  "fl_acc": 0.9631612953557548,
  "fl_f1": 0.9010881591526753,
  "fl_prec": 0.8304376664389732,
  "fl_rec": 0.9848778368731875,
  "fl_size_kb": 850.7578125,
  "dist_acc": 0.969370425417426,
  "dist_f1": 0.91680431191863,
  "prune_acc": 0.9509130661780444,
  "prune_f1": 0.8325428725458751,
  "final_acc": 0.9489087013836518,
  "final_f1": 0.8242031289791929,
  "final_prec": 0.9959909505273314,
  "final_rec": 0.7029575100090404,
  "tflite_size_kb": 34.9296875,
  "final_size_kb": 374.3828125
}