{
  "version": "v20",
  "data_version": "cicids2017_max2000k_bal4.0",
  "generated_at": "2026-02-13T08:44:55.286204",
  "results": [
    {
      "stage": "Original",
      "model_path": "models/tflite/saved_model_original.tflite",
      "file_size_bytes": 821632,
      "file_size_mb": 0.7835693359375,
      "parameter_count": 205777,
      "accuracy": 0.3244156429755289,
      "precision": 0.15898082050041096,
      "recall": 0.65393856186717,
      "f1_score": 0.255778595953053,
      "precision_normal": 0.7722524028416214,
      "recall_normal": 0.2532875971461805,
      "avg_latency_ms": 2.2441625595092773,
      "min_latency_ms": 2.1779537200927734,
      "max_latency_ms": 2.2974014282226562,
      "samples_per_second": 44560.05184484792,
      "compression_ratio": 1.0
    },
    {
      "stage": "QAT+Prune only",
      "model_path": "models/tflite/saved_model_qat_pruned_float32.tflite",
      "file_size_bytes": 248228,
      "file_size_mb": 0.23672866821289062,
      "parameter_count": 61969,
      "accuracy": 0.746767451496539,
      "precision": 0.4118694446217909,
      "recall": 0.9963960871803672,
      "f1_score": 0.5828234715439401,
      "precision_normal": 0.998878546596389,
      "recall_normal": 0.6928847136919624,
      "avg_latency_ms": 0.9044647216796875,
      "min_latency_ms": 0.8821487426757812,
      "max_latency_ms": 0.9829998016357422,
      "samples_per_second": 110562.63180092788,
      "compression_ratio": 3.3099892034742253
    },
    {
      "stage": "Compressed (PTQ)",
      "model_path": "models/tflite/saved_model_pruned_quantized.tflite",
      "file_size_bytes": 70920,
      "file_size_mb": 0.06763458251953125,
      "parameter_count": 61969,
      "accuracy": 0.7479739446231841,
      "precision": 0.41303095188976546,
      "recall": 0.9964132486699846,
      "f1_score": 0.5839883727362793,
      "precision_normal": 0.9988862302892071,
      "recall_normal": 0.6943479259429385,
      "avg_latency_ms": 0.5430698394775391,
      "min_latency_ms": 0.5335807800292969,
      "max_latency_ms": 0.60272216796875,
      "samples_per_second": 184138.3791377645,
      "compression_ratio": 11.585335589396504
    },
    {
      "stage": "QAT+PTQ",
      "model_path": "models/tflite/saved_model_qat_ptq.tflite",
      "file_size_bytes": 70904,
      "file_size_mb": 0.06761932373046875,
      "parameter_count": 61969,
      "accuracy": 0.7479739446231841,
      "precision": 0.41303095188976546,
      "recall": 0.9964132486699846,
      "f1_score": 0.5839883727362793,
      "precision_normal": 0.9988862302892071,
      "recall_normal": 0.6943479259429385,
      "avg_latency_ms": 0.5406856536865234,
      "min_latency_ms": 0.5311965942382812,
      "max_latency_ms": 0.5896091461181641,
      "samples_per_second": 184950.34835523416,
      "compression_ratio": 11.587949904095678
    },
    {
      "stage": "noQAT+PTQ",
      "model_path": "models/tflite/saved_model_no_qat_ptq.tflite",
      "file_size_bytes": 70920,
      "file_size_mb": 0.06763458251953125,
      "parameter_count": 61969,
      "accuracy": 0.8224688017938968,
      "precision": 0.0,
      "recall": 0.0,
      "f1_score": 0.0,
      "precision_normal": 0.8224688017938968,
      "recall_normal": 1.0,
      "avg_latency_ms": 0.5422353744506836,
      "min_latency_ms": 0.5340576171875,
      "max_latency_ms": 0.5848407745361328,
      "samples_per_second": 184421.75614474784,
      "compression_ratio": 11.585335589396504
    }
  ]
}