{
  "version": "v20",
  "data_version": "cicids2017_max2000k_bal4.0",
  "generated_at": "2026-02-12T05:29:07.282783",
  "results": [
    {
      "stage": "Original",
      "model_path": "models/tflite/saved_model_original.tflite",
      "file_size_bytes": 821652,
      "file_size_mb": 0.7835884094238281,
      "parameter_count": 205777,
      "accuracy": 0.8553914399922005,
      "precision": 0.5716331238564951,
      "recall": 0.7399347863394543,
      "f1_score": 0.644985639061752,
      "precision_normal": 0.9400549054976701,
      "recall_normal": 0.8803129422049683,
      "avg_latency_ms": 2.1330833435058594,
      "min_latency_ms": 2.0751953125,
      "max_latency_ms": 2.413511276245117,
      "samples_per_second": 46880.4935842983,
      "compression_ratio": 1.0
    },
    {
      "stage": "QAT+Prune only",
      "model_path": "models/tflite/saved_model_qat_pruned_float32.tflite",
      "file_size_bytes": 248212,
      "file_size_mb": 0.23671340942382812,
      "parameter_count": 61969,
      "accuracy": 0.7706809983425953,
      "precision": 0.43605928377971714,
      "recall": 0.9946970997082547,
      "f1_score": 0.6063183220879753,
      "precision_normal": 0.9984178511448818,
      "recall_normal": 0.7223267667824889,
      "avg_latency_ms": 0.8421659469604492,
      "min_latency_ms": 0.8234977722167969,
      "max_latency_ms": 0.9207725524902344,
      "samples_per_second": 118741.44325227189,
      "compression_ratio": 3.3102831450534222
    },
    {
      "stage": "Compressed (PTQ)",
      "model_path": "models/tflite/saved_model_pruned_quantized.tflite",
      "file_size_bytes": 70920,
      "file_size_mb": 0.06763458251953125,
      "parameter_count": 61969,
      "accuracy": 0.7682801988885639,
      "precision": 0.4334923792572206,
      "recall": 0.9947485841771065,
      "f1_score": 0.603841986832236,
      "precision_normal": 0.9984268161019999,
      "recall_normal": 0.7193966379457241,
      "avg_latency_ms": 0.5384683609008789,
      "min_latency_ms": 0.5288124084472656,
      "max_latency_ms": 0.5886554718017578,
      "samples_per_second": 185711.93269869382,
      "compression_ratio": 11.585617597292725
    },
    {
      "stage": "QAT+PTQ",
      "model_path": "models/tflite/saved_model_qat_ptq.tflite",
      "file_size_bytes": 70904,
      "file_size_mb": 0.06761932373046875,
      "parameter_count": 61969,
      "accuracy": 0.7682801988885639,
      "precision": 0.4334923792572206,
      "recall": 0.9947485841771065,
      "f1_score": 0.603841986832236,
      "precision_normal": 0.9984268161019999,
      "recall_normal": 0.7193966379457241,
      "avg_latency_ms": 0.5393028259277344,
      "min_latency_ms": 0.5304813385009766,
      "max_latency_ms": 0.5965232849121094,
      "samples_per_second": 185424.58001768347,
      "compression_ratio": 11.58823197562902
    },
    {
      "stage": "noQAT+PTQ",
      "model_path": "models/tflite/saved_model_no_qat_ptq.tflite",
      "file_size_bytes": 70920,
      "file_size_mb": 0.06763458251953125,
      "parameter_count": 61969,
      "accuracy": 0.8224688017938968,
      "precision": 0.0,
      "recall": 0.0,
      "f1_score": 0.0,
      "precision_normal": 0.8224688017938968,
      "recall_normal": 1.0,
      "avg_latency_ms": 0.5451679229736328,
      "min_latency_ms": 0.5331039428710938,
      "max_latency_ms": 0.6101131439208984,
      "samples_per_second": 183429.72098311904,
      "compression_ratio": 11.585617597292725
    }
  ]
}