{
  "version": "v20",
  "data_version": "cicids2017_max2000k_bal4.0",
  "generated_at": "2026-02-21T07:07:50.391366",
  "results": [
    {
      "stage": "Original",
      "model_path": "models/tflite/saved_model_original.tflite",
      "file_size_bytes": 821632,
      "file_size_mb": 0.7835693359375,
      "parameter_count": 205777,
      "accuracy": 0.6425368041337624,
      "precision": 0.3286067514858841,
      "recall": 0.9715977346833705,
      "f1_score": 0.49111286530937986,
      "precision_normal": 0.9893866714549558,
      "recall_normal": 0.571508479222386,
      "avg_latency_ms": 1.9100427627563477,
      "min_latency_ms": 1.8780231475830078,
      "max_latency_ms": 1.9717216491699219,
      "samples_per_second": 52354.848776103754,
      "compression_ratio": 1.0
    },
    {
      "stage": "QAT+Prune only",
      "model_path": "models/tflite/saved_model_qat_pruned_float32.tflite",
      "file_size_bytes": 248228,
      "file_size_mb": 0.23672866821289062,
      "parameter_count": 61969,
      "accuracy": 0.6863940479672419,
      "precision": 0.36118035395699555,
      "recall": 0.9971168697442938,
      "f1_score": 0.5302801443845631,
      "precision_normal": 0.9989961579139205,
      "recall_normal": 0.6193240329833972,
      "avg_latency_ms": 0.7608890533447266,
      "min_latency_ms": 0.7510185241699219,
      "max_latency_ms": 0.8020401000976562,
      "samples_per_second": 131425.20523908,
      "compression_ratio": 3.3099892034742253
    },
    {
      "stage": "Compressed (PTQ)",
      "model_path": "models/tflite/saved_model_pruned_quantized.tflite",
      "file_size_bytes": 70920,
      "file_size_mb": 0.06763458251953125,
      "parameter_count": 61969,
      "accuracy": 0.6855592522179975,
      "precision": 0.360567942758916,
      "recall": 0.9971340312339111,
      "f1_score": 0.5296222192850925,
      "precision_normal": 0.9990004847948001,
      "recall_normal": 0.6183053409099328,
      "avg_latency_ms": 0.49071311950683594,
      "min_latency_ms": 0.47850608825683594,
      "max_latency_ms": 0.5395412445068359,
      "samples_per_second": 203785.05490234183,
      "compression_ratio": 11.585335589396504
    },
    {
      "stage": "QAT+PTQ",
      "model_path": "models/tflite/saved_model_qat_ptq.tflite",
      "file_size_bytes": 70904,
      "file_size_mb": 0.06761932373046875,
      "parameter_count": 61969,
      "accuracy": 0.6855592522179975,
      "precision": 0.360567942758916,
      "recall": 0.9971340312339111,
      "f1_score": 0.5296222192850925,
      "precision_normal": 0.9990004847948001,
      "recall_normal": 0.6183053409099328,
      "avg_latency_ms": 0.5060911178588867,
      "min_latency_ms": 0.49495697021484375,
      "max_latency_ms": 0.5478858947753906,
      "samples_per_second": 197592.87699627833,
      "compression_ratio": 11.587949904095678
    },
    {
      "stage": "noQAT+PTQ",
      "model_path": "models/tflite/saved_model_no_qat_ptq.tflite",
      "file_size_bytes": 70920,
      "file_size_mb": 0.06763458251953125,
      "parameter_count": 61969,
      "accuracy": 0.8224688017938968,
      "precision": 0.0,
      "recall": 0.0,
      "f1_score": 0.0,
      "precision_normal": 0.8224688017938968,
      "recall_normal": 1.0,
      "avg_latency_ms": 0.5190134048461914,
      "min_latency_ms": 0.4913806915283203,
      "max_latency_ms": 0.6082057952880859,
      "samples_per_second": 192673.25095319032,
      "compression_ratio": 11.585335589396504
    }
  ]
}