{
  "version": "v23",
  "data_version": "cicids2017_max2000k_bal4.0",
  "generated_at": "2026-02-24T12:22:54.557290",
  "results": [
    {
      "stage": "Baseline",
      "model_path": "models/tflite/saved_model_original.tflite",
      "file_size_bytes": 817528,
      "file_size_mb": 0.7796554565429688,
      "parameter_count": 204880,
      "accuracy": 0.17759822560202787,
      "precision": 0.17754113345521025,
      "recall": 0.9999828385103827,
      "f1_score": 0.301544751209667,
      "precision_normal": 0.9583333333333334,
      "recall_normal": 8.519970068974715e-05,
      "avg_latency_ms": 1.8666982650756836,
      "min_latency_ms": 1.8463134765625,
      "max_latency_ms": 1.9695758819580078,
      "samples_per_second": 53570.52174468357,
      "compression_ratio": 1.0
    },
    {
      "stage": "Traditional+PTQ",
      "model_path": "models/tflite/saved_model_no_qat_ptq.tflite",
      "file_size_bytes": 70856,
      "file_size_mb": 0.06757354736328125,
      "parameter_count": 61969,
      "accuracy": 0.2203982645997855,
      "precision": 0.18548227939163595,
      "recall": 1.0,
      "f1_score": 0.31292290507593495,
      "precision_normal": 1.0,
      "recall_normal": 0.05211999081324967,
      "avg_latency_ms": 0.47075748443603516,
      "min_latency_ms": 0.4634857177734375,
      "max_latency_ms": 0.5176067352294922,
      "samples_per_second": 212423.6009116232,
      "compression_ratio": 11.537879643220052
    },
    {
      "stage": "Traditional+QAT",
      "model_path": "models/tflite/saved_model_traditional_qat.tflite",
      "file_size_bytes": 66600,
      "file_size_mb": 0.06351470947265625,
      "parameter_count": 62048,
      "accuracy": 0.9648502242371063,
      "precision": 0.8768972692227043,
      "recall": 0.9329843830444483,
      "f1_score": 0.904071773636991,
      "precision_normal": 0.9853320662442202,
      "recall_normal": 0.9717285167102543,
      "avg_latency_ms": 0.47736167907714844,
      "min_latency_ms": 0.4703998565673828,
      "max_latency_ms": 0.5214214324951172,
      "samples_per_second": 209484.76675656778,
      "compression_ratio": 12.275195195195195
    },
    {
      "stage": "QAT+PTQ",
      "model_path": "models/tflite/saved_model_qat_ptq.tflite",
      "file_size_bytes": 68624,
      "file_size_mb": 0.0654449462890625,
      "parameter_count": 61520,
      "accuracy": 0.17753119820610314,
      "precision": 0.17753119820610314,
      "recall": 1.0,
      "f1_score": 0.3015312010018267,
      "precision_normal": 0.0,
      "recall_normal": 0.0,
      "avg_latency_ms": 0.47118663787841797,
      "min_latency_ms": 0.46372413635253906,
      "max_latency_ms": 0.5197525024414062,
      "samples_per_second": 212230.12700500936,
      "compression_ratio": 11.913149918395897
    },
    {
      "stage": "QAT+QAT",
      "model_path": "models/tflite/saved_model_pruned_qat.tflite",
      "file_size_bytes": 66600,
      "file_size_mb": 0.06351470947265625,
      "parameter_count": 62048,
      "accuracy": 0.9568831042215072,
      "precision": 0.8744525547445255,
      "recall": 0.8840569761455295,
      "f1_score": 0.8792285372930534,
      "precision_normal": 0.9749140408593686,
      "recall_normal": 0.9726027397260274,
      "avg_latency_ms": 0.4761934280395508,
      "min_latency_ms": 0.47016143798828125,
      "max_latency_ms": 0.5109310150146484,
      "samples_per_second": 209998.69824262755,
      "compression_ratio": 12.275195195195195
    }
  ]
}