{
  "version": "v20",
  "data_version": "cicids2017_max2000k_bal4.0",
  "generated_at": "2026-02-17T23:22:12.804095",
  "results": [
    {
      "stage": "Original",
      "model_path": "models/tflite/saved_model_original.tflite",
      "file_size_bytes": 821632,
      "file_size_mb": 0.7835693359375,
      "parameter_count": 205777,
      "accuracy": 0.3117261382470508,
      "precision": 0.20503923707639793,
      "recall": 0.9999313540415308,
      "f1_score": 0.34029903048709265,
      "precision_normal": 0.9999092023425795,
      "recall_normal": 0.16317594849492875,
      "avg_latency_ms": 2.039813995361328,
      "min_latency_ms": 1.9192695617675781,
      "max_latency_ms": 2.206563949584961,
      "samples_per_second": 49024.077796998456,
      "compression_ratio": 1.0
    },
    {
      "stage": "QAT+Prune only",
      "model_path": "models/tflite/saved_model_qat_pruned_float32.tflite",
      "file_size_bytes": 248228,
      "file_size_mb": 0.23672866821289062,
      "parameter_count": 61969,
      "accuracy": 0.9055766793409379,
      "precision": 0.6642105516626935,
      "recall": 0.9467650592071392,
      "f1_score": 0.7807087059889053,
      "precision_normal": 0.9873473483272558,
      "recall_normal": 0.8966861020766501,
      "avg_latency_ms": 0.8807182312011719,
      "min_latency_ms": 0.8606910705566406,
      "max_latency_ms": 0.9493827819824219,
      "samples_per_second": 113543.69247428262,
      "compression_ratio": 3.3099892034742253
    },
    {
      "stage": "Compressed (PTQ)",
      "model_path": "models/tflite/saved_model_pruned_quantized.tflite",
      "file_size_bytes": 70920,
      "file_size_mb": 0.06763458251953125,
      "parameter_count": 61969,
      "accuracy": 0.9054883250463098,
      "precision": 0.6645689644759569,
      "recall": 0.9442079972541617,
      "f1_score": 0.7800849290013399,
      "precision_normal": 0.9867541304214965,
      "recall_normal": 0.8971306222541618,
      "avg_latency_ms": 0.5342721939086914,
      "min_latency_ms": 0.4734992980957031,
      "max_latency_ms": 0.6012916564941406,
      "samples_per_second": 187170.51184791824,
      "compression_ratio": 11.585335589396504
    },
    {
      "stage": "QAT+PTQ",
      "model_path": "models/tflite/saved_model_qat_ptq.tflite",
      "file_size_bytes": 70904,
      "file_size_mb": 0.06761932373046875,
      "parameter_count": 61969,
      "accuracy": 0.9054883250463098,
      "precision": 0.6645689644759569,
      "recall": 0.9442079972541617,
      "f1_score": 0.7800849290013399,
      "precision_normal": 0.9867541304214965,
      "recall_normal": 0.8971306222541618,
      "avg_latency_ms": 0.4874229431152344,
      "min_latency_ms": 0.4744529724121094,
      "max_latency_ms": 0.5655288696289062,
      "samples_per_second": 205160.6339268245,
      "compression_ratio": 11.587949904095678
    },
    {
      "stage": "noQAT+PTQ",
      "model_path": "models/tflite/saved_model_no_qat_ptq.tflite",
      "file_size_bytes": 70920,
      "file_size_mb": 0.06763458251953125,
      "parameter_count": 61969,
      "accuracy": 0.8224688017938968,
      "precision": 0.0,
      "recall": 0.0,
      "f1_score": 0.0,
      "precision_normal": 0.8224688017938968,
      "recall_normal": 1.0,
      "avg_latency_ms": 0.4960060119628906,
      "min_latency_ms": 0.4825592041015625,
      "max_latency_ms": 0.5624294281005859,
      "samples_per_second": 201610.45952701403,
      "compression_ratio": 11.585335589396504
    }
  ]
}