{
  "version": "v20",
  "data_version": "cicids2017_max2000k_bal4.0",
  "generated_at": "2026-02-22T08:28:25.763249",
  "results": [
    {
      "stage": "Original",
      "model_path": "models/tflite/saved_model_original.tflite",
      "file_size_bytes": 821632,
      "file_size_mb": 0.7835693359375,
      "parameter_count": 205777,
      "accuracy": 0.9098633859803061,
      "precision": 0.6814564593059298,
      "recall": 0.9243693152565643,
      "f1_score": 0.7845402043536206,
      "precision_normal": 0.9823142028147988,
      "recall_normal": 0.9067322580884151,
      "avg_latency_ms": 1.896214485168457,
      "min_latency_ms": 1.8715858459472656,
      "max_latency_ms": 1.9810199737548828,
      "samples_per_second": 52736.650195516326,
      "compression_ratio": 1.0
    },
    {
      "stage": "QAT+Prune only",
      "model_path": "models/tflite/saved_model_qat_pruned_float32.tflite",
      "file_size_bytes": 248228,
      "file_size_mb": 0.23672866821289062,
      "parameter_count": 61969,
      "accuracy": 0.597671102661597,
      "precision": 0.2865515685208114,
      "recall": 0.8499570962759567,
      "f1_score": 0.4286048081416481,
      "precision_normal": 0.943733669699973,
      "recall_normal": 0.5432147699237648,
      "avg_latency_ms": 0.7509231567382812,
      "min_latency_ms": 0.7309913635253906,
      "max_latency_ms": 0.8151531219482422,
      "samples_per_second": 133169.41833883667,
      "compression_ratio": 3.3099892034742253
    },
    {
      "stage": "Compressed (PTQ)",
      "model_path": "models/tflite/saved_model_pruned_quantized.tflite",
      "file_size_bytes": 70920,
      "file_size_mb": 0.06763458251953125,
      "parameter_count": 61969,
      "accuracy": 0.5977411767573364,
      "precision": 0.2859853650327575,
      "recall": 0.8457696928093359,
      "f1_score": 0.42743834481801585,
      "precision_normal": 0.9423529638158528,
      "recall_normal": 0.5442038273187284,
      "avg_latency_ms": 0.4805326461791992,
      "min_latency_ms": 0.4703998565673828,
      "max_latency_ms": 0.5271434783935547,
      "samples_per_second": 208102.40635078144,
      "compression_ratio": 11.585335589396504
    },
    {
      "stage": "QAT+PTQ",
      "model_path": "models/tflite/saved_model_qat_ptq.tflite",
      "file_size_bytes": 70904,
      "file_size_mb": 0.06761932373046875,
      "parameter_count": 61969,
      "accuracy": 0.5977411767573364,
      "precision": 0.2859853650327575,
      "recall": 0.8457696928093359,
      "f1_score": 0.42743834481801585,
      "precision_normal": 0.9423529638158528,
      "recall_normal": 0.5442038273187284,
      "avg_latency_ms": 0.47969818115234375,
      "min_latency_ms": 0.4718303680419922,
      "max_latency_ms": 0.5221366882324219,
      "samples_per_second": 208464.4135188867,
      "compression_ratio": 11.587949904095678
    },
    {
      "stage": "noQAT+PTQ",
      "model_path": "models/tflite/saved_model_no_qat_ptq.tflite",
      "file_size_bytes": 70920,
      "file_size_mb": 0.06763458251953125,
      "parameter_count": 61969,
      "accuracy": 0.8224688017938968,
      "precision": 0.0,
      "recall": 0.0,
      "f1_score": 0.0,
      "precision_normal": 0.8224688017938968,
      "recall_normal": 1.0,
      "avg_latency_ms": 0.47791004180908203,
      "min_latency_ms": 0.4706382751464844,
      "max_latency_ms": 0.5307197570800781,
      "samples_per_second": 209244.4000997755,
      "compression_ratio": 11.585335589396504
    }
  ]
}