{
  "tag": "yes_qat__distill_direct__prune_10x2__ptq_no",
  "fl_qat": true,
  "distillation": "direct",
  "pruning": "prune_10x2",
  "ptq": false,
  "fl_acc": 0.92841897225295,
  "fl_f1": 0.8047300468202605,
  "fl_prec": 0.7517765928161417,
  "fl_rec": 0.8657086165803717,
  "fl_size_kb": 847.7265625,
  "dist_acc": 0.9286250097517749,
  "dist_f1": 0.8040721969326736,
  "prune_acc": 0.944455890972157,
  "prune_f1": 0.8475990274263571,
  "final_acc": 0.944455890972157,
  "final_f1": 0.8475990274263571,
  "final_prec": null,
  "final_rec": null,
  "tflite_size_kb": 1.5625,
  "final_size_kb": 19.765625
}