{
  "tag": "yes_qat__distill_none__prune_10x5__ptq_no",
  "fl_qat": true,
  "distillation": "none",
  "pruning": "prune_10x5",
  "ptq": false,
  "fl_acc": 0.846421759990464,
  "fl_f1": 0.3271041765272315,
  "fl_prec": 0.7130354347516721,
  "fl_rec": 0.2122328822246225,
  "fl_size_kb": 864.109375,
  "dist_acc": null,
  "dist_f1": null,
  "prune_acc": 0.9282973746163244,
  "prune_f1": 0.8298491103077019,
  "final_acc": 0.9282973746163244,
  "final_f1": 0.8298491103077019,
  "final_prec": null,
  "final_rec": null,
  "tflite_size_kb": 314.7421875,
  "final_size_kb": 1022.078125
}