{
  "version": "v20",
  "data_version": "cicids2017_max2000k_bal4.0",
  "generated_at": "2026-02-18T16:28:11.486377",
  "results": [
    {
      "stage": "Original",
      "model_path": "models/tflite/saved_model_original.tflite",
      "file_size_bytes": 821632,
      "file_size_mb": 0.7835693359375,
      "parameter_count": 205777,
      "accuracy": 0.6774519840109193,
      "precision": 0.35481863767797667,
      "recall": 0.9981808821005663,
      "f1_score": 0.52353777745774,
      "precision_normal": 0.9993548308561273,
      "recall_normal": 0.6082221415500418,
      "avg_latency_ms": 2.2171974182128906,
      "min_latency_ms": 2.129077911376953,
      "max_latency_ms": 2.5103092193603516,
      "samples_per_second": 45101.982880984135,
      "compression_ratio": 1.0
    },
    {
      "stage": "QAT+Prune only",
      "model_path": "models/tflite/saved_model_qat_pruned_float32.tflite",
      "file_size_bytes": 248228,
      "file_size_mb": 0.23672866821289062,
      "parameter_count": 61969,
      "accuracy": 0.5254064297552891,
      "precision": 0.27202839386670036,
      "recall": 0.9983353355071221,
      "f1_score": 0.42755559148754774,
      "precision_normal": 0.999151912568306,
      "recall_normal": 0.4233239737140402,
      "avg_latency_ms": 0.8982181549072266,
      "min_latency_ms": 0.8814334869384766,
      "max_latency_ms": 0.9801387786865234,
      "samples_per_second": 111331.52837500664,
      "compression_ratio": 3.3099892034742253
    },
    {
      "stage": "Compressed (PTQ)",
      "model_path": "models/tflite/saved_model_pruned_quantized.tflite",
      "file_size_bytes": 70920,
      "file_size_mb": 0.06763458251953125,
      "parameter_count": 61969,
      "accuracy": 0.5255770449449156,
      "precision": 0.27209964779015217,
      "recall": 0.9983353355071221,
      "f1_score": 0.4276435972550475,
      "precision_normal": 0.999152327603534,
      "recall_normal": 0.42353141646354564,
      "avg_latency_ms": 0.5436182022094727,
      "min_latency_ms": 0.5333423614501953,
      "max_latency_ms": 0.6048679351806641,
      "samples_per_second": 183952.6336564186,
      "compression_ratio": 11.585335589396504
    },
    {
      "stage": "QAT+PTQ",
      "model_path": "models/tflite/saved_model_qat_ptq.tflite",
      "file_size_bytes": 70904,
      "file_size_mb": 0.06761932373046875,
      "parameter_count": 61969,
      "accuracy": 0.5255770449449156,
      "precision": 0.27209964779015217,
      "recall": 0.9983353355071221,
      "f1_score": 0.4276435972550475,
      "precision_normal": 0.999152327603534,
      "recall_normal": 0.42353141646354564,
      "avg_latency_ms": 0.5486249923706055,
      "min_latency_ms": 0.5345344543457031,
      "max_latency_ms": 0.6089210510253906,
      "samples_per_second": 182273.86901916476,
      "compression_ratio": 11.587949904095678
    },
    {
      "stage": "noQAT+PTQ",
      "model_path": "models/tflite/saved_model_no_qat_ptq.tflite",
      "file_size_bytes": 70920,
      "file_size_mb": 0.06763458251953125,
      "parameter_count": 61969,
      "accuracy": 0.8224688017938968,
      "precision": 0.0,
      "recall": 0.0,
      "f1_score": 0.0,
      "precision_normal": 0.8224688017938968,
      "recall_normal": 1.0,
      "avg_latency_ms": 0.5464553833007812,
      "min_latency_ms": 0.5342960357666016,
      "max_latency_ms": 0.6194114685058594,
      "samples_per_second": 182997.5567190227,
      "compression_ratio": 11.585335589396504
    }
  ]
}