{
  "version": "v21",
  "data_version": "cicids2017_max2000k_bal4.0",
  "generated_at": "2026-02-23T20:09:19.256953",
  "results": [
    {
      "stage": "Original",
      "model_path": "models/tflite/saved_model_original.tflite",
      "file_size_bytes": 821560,
      "file_size_mb": 0.7835006713867188,
      "parameter_count": 205777,
      "accuracy": 0.9155332943355757,
      "precision": 0.7199072740885791,
      "recall": 0.8580573193753218,
      "f1_score": 0.7829348115438217,
      "precision_normal": 0.9680375001932203,
      "recall_normal": 0.9279395748905369,
      "avg_latency_ms": 1.875448226928711,
      "min_latency_ms": 1.8491744995117188,
      "max_latency_ms": 1.9741058349609375,
      "samples_per_second": 53320.586814472044,
      "compression_ratio": 1.0
    },
    {
      "stage": "QAT+Prune only",
      "model_path": "models/tflite/saved_model_qat_pruned_float32.tflite",
      "file_size_bytes": 248156,
      "file_size_mb": 0.23666000366210938,
      "parameter_count": 61969,
      "accuracy": 0.9317630642488057,
      "precision": 0.9029678057109478,
      "recall": 0.6897545906984727,
      "f1_score": 0.7820900750138644,
      "precision_normal": 0.9362806780091149,
      "recall_normal": 0.9840009779443906,
      "avg_latency_ms": 0.7684707641601562,
      "min_latency_ms": 0.751495361328125,
      "max_latency_ms": 0.8220672607421875,
      "samples_per_second": 130128.56788284935,
      "compression_ratio": 3.310659423910766
    },
    {
      "stage": "Compressed (PTQ)",
      "model_path": "models/tflite/saved_model_pruned_quantized.tflite",
      "file_size_bytes": 70856,
      "file_size_mb": 0.06757354736328125,
      "parameter_count": 61969,
      "accuracy": 0.931872745442137,
      "precision": 0.903154822050073,
      "recall": 0.6902694353869916,
      "f1_score": 0.7824911239725695,
      "precision_normal": 0.9363810369806372,
      "recall_normal": 0.9840232039532661,
      "avg_latency_ms": 0.48689842224121094,
      "min_latency_ms": 0.47779083251953125,
      "max_latency_ms": 0.5285739898681641,
      "samples_per_second": 205381.64724316914,
      "compression_ratio": 11.594783786835272
    },
    {
      "stage": "QAT+PTQ",
      "model_path": "models/tflite/saved_model_qat_ptq.tflite",
      "file_size_bytes": 70848,
      "file_size_mb": 0.06756591796875,
      "parameter_count": 61969,
      "accuracy": 0.931872745442137,
      "precision": 0.903154822050073,
      "recall": 0.6902694353869916,
      "f1_score": 0.7824911239725695,
      "precision_normal": 0.9363810369806372,
      "recall_normal": 0.9840232039532661,
      "avg_latency_ms": 0.49262046813964844,
      "min_latency_ms": 0.484466552734375,
      "max_latency_ms": 0.5421638488769531,
      "samples_per_second": 202996.03136192044,
      "compression_ratio": 11.596093044263776
    },
    {
      "stage": "Compressed (QAT)",
      "model_path": "models/tflite/saved_model_pruned_qat.tflite",
      "file_size_bytes": 66600,
      "file_size_mb": 0.06351470947265625,
      "parameter_count": 62048,
      "accuracy": 0.8905564492541679,
      "precision": 0.8294221698113208,
      "recall": 0.4828213488930839,
      "f1_score": 0.6103481939472828,
      "precision_normal": 0.8976024790692617,
      "recall_normal": 0.9785667187743097,
      "avg_latency_ms": 0.4870176315307617,
      "min_latency_ms": 0.4813671112060547,
      "max_latency_ms": 0.5252361297607422,
      "samples_per_second": 205331.37514074508,
      "compression_ratio": 12.335735735735735
    },
    {
      "stage": "noQAT+PTQ",
      "model_path": "models/tflite/saved_model_no_qat_ptq.tflite",
      "file_size_bytes": 70856,
      "file_size_mb": 0.06757354736328125,
      "parameter_count": 61969,
      "accuracy": 0.2203982645997855,
      "precision": 0.18548227939163595,
      "recall": 1.0,
      "f1_score": 0.31292290507593495,
      "precision_normal": 1.0,
      "recall_normal": 0.05211999081324967,
      "avg_latency_ms": 0.48775672912597656,
      "min_latency_ms": 0.47898292541503906,
      "max_latency_ms": 0.5314350128173828,
      "samples_per_second": 205020.2365822661,
      "compression_ratio": 11.594783786835272
    }
  ]
}