{
  "version": "v11",
  "data_version": "cicids2017_max1500k_bal1.0",
  "generated_at": "2026-02-02T19:16:35.227039",
  "results": [
    {
      "stage": "Original",
      "model_path": "models/tflite/saved_model_original.tflite",
      "file_size_bytes": 821648,
      "file_size_mb": 0.7835845947265625,
      "parameter_count": 205777,
      "accuracy": 0.9490400551200164,
      "precision": 0.8007178106774339,
      "recall": 0.9453790414848087,
      "f1_score": 0.867055954451386,
      "avg_latency_ms": 1.4935970306396484,
      "min_latency_ms": 1.4674663543701172,
      "max_latency_ms": 1.6176700592041016,
      "samples_per_second": 66952.46304632378,
      "compression_ratio": 1.0
    },
    {
      "stage": "Compressed",
      "model_path": "models/tflite/saved_model_pruned_quantized.tflite",
      "file_size_bytes": 76600,
      "file_size_mb": 0.07305145263671875,
      "parameter_count": 61970,
      "accuracy": 0.82421928828141,
      "precision": 0.0,
      "recall": 0.0,
      "f1_score": 0.0,
      "avg_latency_ms": 0.7455825805664062,
      "min_latency_ms": 0.7271766662597656,
      "max_latency_ms": 0.8065700531005859,
      "samples_per_second": 134123.30519314404,
      "compression_ratio": 10.726475195822454
    }
  ]
}