{
  "version": "v12",
  "data_version": "cicids2017_max1500k_bal4.0",
  "generated_at": "2026-02-06T15:25:49.255503",
  "results": [
    {
      "stage": "Original",
      "model_path": "models/tflite/saved_model_original.tflite",
      "file_size_bytes": 821632,
      "file_size_mb": 0.7835693359375,
      "parameter_count": 205777,
      "accuracy": 0.5972300861221206,
      "precision": 0.29786881002475657,
      "recall": 0.9504839358705551,
      "f1_score": 0.45358897131652887,
      "avg_latency_ms": 3.551650047302246,
      "min_latency_ms": 2.7806758880615234,
      "max_latency_ms": 4.698514938354492,
      "samples_per_second": 28155.927151651038,
      "compression_ratio": 1.0
    },
    {
      "stage": "Compressed (PTQ)",
      "model_path": "models/tflite/saved_model_pruned_quantized.tflite",
      "file_size_bytes": 70896,
      "file_size_mb": 0.0676116943359375,
      "parameter_count": 61969,
      "accuracy": 0.8494688142563399,
      "precision": 0.5406969791193283,
      "recall": 0.9575364805049029,
      "f1_score": 0.691130049298735,
      "avg_latency_ms": 0.8589267730712891,
      "min_latency_ms": 0.6833076477050781,
      "max_latency_ms": 1.9884109497070312,
      "samples_per_second": 116424.36018431133,
      "compression_ratio": 11.589257503949447
    }
  ]
}