{
  "version": "v20",
  "data_version": "cicids2017_max2000k_bal4.0",
  "generated_at": "2026-02-21T12:08:11.896067",
  "results": [
    {
      "stage": "Original",
      "model_path": "models/tflite/saved_model_original.tflite",
      "file_size_bytes": 821632,
      "file_size_mb": 0.7835693359375,
      "parameter_count": 205777,
      "accuracy": 0.3036737106366384,
      "precision": 0.2022778374182178,
      "recall": 0.9927235284022653,
      "f1_score": 0.3360765505761918,
      "precision_normal": 0.9899647345624956,
      "recall_normal": 0.15494121220652407,
      "avg_latency_ms": 1.9054174423217773,
      "min_latency_ms": 1.8596649169921875,
      "max_latency_ms": 2.0117759704589844,
      "samples_per_second": 52481.93796218671,
      "compression_ratio": 1.0
    },
    {
      "stage": "QAT+Prune only",
      "model_path": "models/tflite/saved_model_qat_pruned_float32.tflite",
      "file_size_bytes": 248228,
      "file_size_mb": 0.23672866821289062,
      "parameter_count": 61969,
      "accuracy": 0.7647125134054792,
      "precision": 0.41800676464736464,
      "recall": 0.8292775012871118,
      "f1_score": 0.5558373736850883,
      "precision_normal": 0.9532129637903708,
      "recall_normal": 0.7507760581432392,
      "avg_latency_ms": 0.7667064666748047,
      "min_latency_ms": 0.7555484771728516,
      "max_latency_ms": 0.8084774017333984,
      "samples_per_second": 130428.01169226943,
      "compression_ratio": 3.3099892034742253
    },
    {
      "stage": "Compressed (PTQ)",
      "model_path": "models/tflite/saved_model_pruned_quantized.tflite",
      "file_size_bytes": 70920,
      "file_size_mb": 0.06763458251953125,
      "parameter_count": 61969,
      "accuracy": 0.7649227356926976,
      "precision": 0.4181912681912682,
      "recall": 0.828488072764716,
      "f1_score": 0.5558229232629095,
      "precision_normal": 0.9530321828708925,
      "recall_normal": 0.7512020566466879,
      "avg_latency_ms": 0.4837512969970703,
      "min_latency_ms": 0.4754066467285156,
      "max_latency_ms": 0.5257129669189453,
      "samples_per_second": 206717.79201577132,
      "compression_ratio": 11.585335589396504
    },
    {
      "stage": "QAT+PTQ",
      "model_path": "models/tflite/saved_model_qat_ptq.tflite",
      "file_size_bytes": 70904,
      "file_size_mb": 0.06761932373046875,
      "parameter_count": 61969,
      "accuracy": 0.7649227356926976,
      "precision": 0.4181912681912682,
      "recall": 0.828488072764716,
      "f1_score": 0.5558229232629095,
      "precision_normal": 0.9530321828708925,
      "recall_normal": 0.7512020566466879,
      "avg_latency_ms": 0.4809379577636719,
      "min_latency_ms": 0.47206878662109375,
      "max_latency_ms": 0.5271434783935547,
      "samples_per_second": 207927.02756295857,
      "compression_ratio": 11.587949904095678
    },
    {
      "stage": "noQAT+PTQ",
      "model_path": "models/tflite/saved_model_no_qat_ptq.tflite",
      "file_size_bytes": 70920,
      "file_size_mb": 0.06763458251953125,
      "parameter_count": 61969,
      "accuracy": 0.8224688017938968,
      "precision": 0.0,
      "recall": 0.0,
      "f1_score": 0.0,
      "precision_normal": 0.8224688017938968,
      "recall_normal": 1.0,
      "avg_latency_ms": 0.47855377197265625,
      "min_latency_ms": 0.47016143798828125,
      "max_latency_ms": 0.5185604095458984,
      "samples_per_second": 208962.9334396174,
      "compression_ratio": 11.585335589396504
    }
  ]
}