{
  "version": "v20",
  "data_version": "cicids2017_max2000k_bal4.0",
  "generated_at": "2026-02-22T09:34:02.697959",
  "results": [
    {
      "stage": "Original",
      "model_path": "models/tflite/saved_model_original.tflite",
      "file_size_bytes": 821632,
      "file_size_mb": 0.7835693359375,
      "parameter_count": 205777,
      "accuracy": 0.4694994881544311,
      "precision": 0.2504233107423987,
      "recall": 0.9974772610262571,
      "f1_score": 0.4003388791503225,
      "precision_normal": 0.9984707412223667,
      "recall_normal": 0.3555346466435022,
      "avg_latency_ms": 1.8598318099975586,
      "min_latency_ms": 1.8382072448730469,
      "max_latency_ms": 1.9736289978027344,
      "samples_per_second": 53768.302844616504,
      "compression_ratio": 1.0
    },
    {
      "stage": "QAT+Prune only",
      "model_path": "models/tflite/saved_model_qat_pruned_float32.tflite",
      "file_size_bytes": 248228,
      "file_size_mb": 0.23672866821289062,
      "parameter_count": 61969,
      "accuracy": 0.6637814419420883,
      "precision": 0.34549186892987876,
      "recall": 0.9993650248841599,
      "f1_score": 0.5134709749097306,
      "precision_normal": 0.999768276414923,
      "recall_normal": 0.5913451921438467,
      "avg_latency_ms": 0.7646322250366211,
      "min_latency_ms": 0.7405281066894531,
      "max_latency_ms": 0.8330345153808594,
      "samples_per_second": 130781.82781952544,
      "compression_ratio": 3.3099892034742253
    },
    {
      "stage": "Compressed (PTQ)",
      "model_path": "models/tflite/saved_model_pruned_quantized.tflite",
      "file_size_bytes": 70920,
      "file_size_mb": 0.06763458251953125,
      "parameter_count": 61969,
      "accuracy": 0.6662462220922297,
      "precision": 0.3471526684790385,
      "recall": 0.9993135404153081,
      "f1_score": 0.5152960540870596,
      "precision_normal": 0.9997507601814466,
      "recall_normal": 0.5943531120116761,
      "avg_latency_ms": 0.47762393951416016,
      "min_latency_ms": 0.4703998565673828,
      "max_latency_ms": 0.5207061767578125,
      "samples_per_second": 209369.73992911694,
      "compression_ratio": 11.585335589396504
    },
    {
      "stage": "QAT+PTQ",
      "model_path": "models/tflite/saved_model_qat_ptq.tflite",
      "file_size_bytes": 70904,
      "file_size_mb": 0.06761932373046875,
      "parameter_count": 61969,
      "accuracy": 0.6662462220922297,
      "precision": 0.3471526684790385,
      "recall": 0.9993135404153081,
      "f1_score": 0.5152960540870596,
      "precision_normal": 0.9997507601814466,
      "recall_normal": 0.5943531120116761,
      "avg_latency_ms": 0.4848480224609375,
      "min_latency_ms": 0.47135353088378906,
      "max_latency_ms": 0.5338191986083984,
      "samples_per_second": 206250.19669551533,
      "compression_ratio": 11.587949904095678
    },
    {
      "stage": "noQAT+PTQ",
      "model_path": "models/tflite/saved_model_no_qat_ptq.tflite",
      "file_size_bytes": 70920,
      "file_size_mb": 0.06763458251953125,
      "parameter_count": 61969,
      "accuracy": 0.8224688017938968,
      "precision": 0.0,
      "recall": 0.0,
      "f1_score": 0.0,
      "precision_normal": 0.8224688017938968,
      "recall_normal": 1.0,
      "avg_latency_ms": 0.5064487457275391,
      "min_latency_ms": 0.4756450653076172,
      "max_latency_ms": 0.6177425384521484,
      "samples_per_second": 197453.34714245363,
      "compression_ratio": 11.585335589396504
    }
  ]
}