{
  "version": "v20",
  "data_version": "cicids2017_max2000k_bal4.0",
  "generated_at": "2026-02-21T05:45:19.948757",
  "results": [
    {
      "stage": "Original",
      "model_path": "models/tflite/saved_model_original.tflite",
      "file_size_bytes": 821632,
      "file_size_mb": 0.7835693359375,
      "parameter_count": 205777,
      "accuracy": 0.6851601345422638,
      "precision": 0.3598910664544369,
      "recall": 0.9933413420284881,
      "f1_score": 0.528356655804146,
      "precision_normal": 0.9976820875549608,
      "recall_normal": 0.6186387310430665,
      "avg_latency_ms": 1.9182682037353516,
      "min_latency_ms": 1.8668174743652344,
      "max_latency_ms": 2.0072460174560547,
      "samples_per_second": 52130.353724924804,
      "compression_ratio": 1.0
    },
    {
      "stage": "QAT+Prune only",
      "model_path": "models/tflite/saved_model_qat_pruned_float32.tflite",
      "file_size_bytes": 248228,
      "file_size_mb": 0.23672866821289062,
      "parameter_count": 61969,
      "accuracy": 0.8583924393097397,
      "precision": 0.557034643551617,
      "recall": 0.9881414106744465,
      "f1_score": 0.7124482637019989,
      "precision_normal": 0.996926935785855,
      "recall_normal": 0.8303859176007764,
      "avg_latency_ms": 0.7865190505981445,
      "min_latency_ms": 0.7612705230712891,
      "max_latency_ms": 0.8363723754882812,
      "samples_per_second": 127142.50204613658,
      "compression_ratio": 3.3099892034742253
    },
    {
      "stage": "Compressed (PTQ)",
      "model_path": "models/tflite/saved_model_pruned_quantized.tflite",
      "file_size_bytes": 70920,
      "file_size_mb": 0.06763458251953125,
      "parameter_count": 61969,
      "accuracy": 0.8571615725845764,
      "precision": 0.5548543736090102,
      "recall": 0.9883301870602368,
      "f1_score": 0.7107112666061963,
      "precision_normal": 0.9969701155366237,
      "recall_normal": 0.8288486186535484,
      "avg_latency_ms": 0.4889488220214844,
      "min_latency_ms": 0.4782676696777344,
      "max_latency_ms": 0.5578994750976562,
      "samples_per_second": 204520.38228983813,
      "compression_ratio": 11.585335589396504
    },
    {
      "stage": "QAT+PTQ",
      "model_path": "models/tflite/saved_model_qat_ptq.tflite",
      "file_size_bytes": 70904,
      "file_size_mb": 0.06761932373046875,
      "parameter_count": 61969,
      "accuracy": 0.8571615725845764,
      "precision": 0.5548543736090102,
      "recall": 0.9883301870602368,
      "f1_score": 0.7107112666061963,
      "precision_normal": 0.9969701155366237,
      "recall_normal": 0.8288486186535484,
      "avg_latency_ms": 0.4753589630126953,
      "min_latency_ms": 0.46634674072265625,
      "max_latency_ms": 0.5233287811279297,
      "samples_per_second": 210367.33875012537,
      "compression_ratio": 11.587949904095678
    },
    {
      "stage": "noQAT+PTQ",
      "model_path": "models/tflite/saved_model_no_qat_ptq.tflite",
      "file_size_bytes": 70920,
      "file_size_mb": 0.06763458251953125,
      "parameter_count": 61969,
      "accuracy": 0.8224688017938968,
      "precision": 0.0,
      "recall": 0.0,
      "f1_score": 0.0,
      "precision_normal": 0.8224688017938968,
      "recall_normal": 1.0,
      "avg_latency_ms": 0.4759550094604492,
      "min_latency_ms": 0.4684925079345703,
      "max_latency_ms": 0.5173683166503906,
      "samples_per_second": 210103.89220057108,
      "compression_ratio": 11.585335589396504
    }
  ]
}