{
  "version": "v20",
  "data_version": "cicids2017_max2000k_bal4.0",
  "generated_at": "2026-02-13T14:39:01.235749",
  "results": [
    {
      "stage": "Original",
      "model_path": "models/tflite/saved_model_original.tflite",
      "file_size_bytes": 821632,
      "file_size_mb": 0.7835693359375,
      "parameter_count": 205777,
      "accuracy": 0.36151530661986936,
      "precision": 0.21605948457709948,
      "recall": 0.9878668268405698,
      "f1_score": 0.3545698692915132,
      "precision_normal": 0.9885602407689071,
      "recall_normal": 0.2263163353756566,
      "avg_latency_ms": 2.21865177154541,
      "min_latency_ms": 2.164125442504883,
      "max_latency_ms": 2.499818801879883,
      "samples_per_second": 45072.41798037761,
      "compression_ratio": 1.0
    },
    {
      "stage": "QAT+Prune only",
      "model_path": "models/tflite/saved_model_qat_pruned_float32.tflite",
      "file_size_bytes": 248228,
      "file_size_mb": 0.23672866821289062,
      "parameter_count": 61969,
      "accuracy": 0.6248903188066686,
      "precision": 0.3209908576980832,
      "recall": 0.997820490818603,
      "f1_score": 0.48572717475752486,
      "precision_normal": 0.9991365713042533,
      "recall_normal": 0.5443927483941708,
      "avg_latency_ms": 0.8919954299926758,
      "min_latency_ms": 0.8792877197265625,
      "max_latency_ms": 0.9410381317138672,
      "samples_per_second": 112108.19768529656,
      "compression_ratio": 3.3099892034742253
    },
    {
      "stage": "Compressed (PTQ)",
      "model_path": "models/tflite/saved_model_pruned_quantized.tflite",
      "file_size_bytes": 70920,
      "file_size_mb": 0.06763458251953125,
      "parameter_count": 61969,
      "accuracy": 0.6265995174027493,
      "precision": 0.32199006517995094,
      "recall": 0.9978376523082203,
      "f1_score": 0.4868723492444954,
      "precision_normal": 0.999146613205822,
      "recall_normal": 0.5464671758892256,
      "avg_latency_ms": 0.5459785461425781,
      "min_latency_ms": 0.5383491516113281,
      "max_latency_ms": 0.5965232849121094,
      "samples_per_second": 183157.37991266375,
      "compression_ratio": 11.585335589396504
    },
    {
      "stage": "QAT+PTQ",
      "model_path": "models/tflite/saved_model_qat_ptq.tflite",
      "file_size_bytes": 70904,
      "file_size_mb": 0.06761932373046875,
      "parameter_count": 61969,
      "accuracy": 0.6265995174027493,
      "precision": 0.32199006517995094,
      "recall": 0.9978376523082203,
      "f1_score": 0.4868723492444954,
      "precision_normal": 0.999146613205822,
      "recall_normal": 0.5464671758892256,
      "avg_latency_ms": 0.5441188812255859,
      "min_latency_ms": 0.5369186401367188,
      "max_latency_ms": 0.5857944488525391,
      "samples_per_second": 183783.36692664973,
      "compression_ratio": 11.587949904095678
    },
    {
      "stage": "noQAT+PTQ",
      "model_path": "models/tflite/saved_model_no_qat_ptq.tflite",
      "file_size_bytes": 70920,
      "file_size_mb": 0.06763458251953125,
      "parameter_count": 61969,
      "accuracy": 0.8224688017938968,
      "precision": 0.0,
      "recall": 0.0,
      "f1_score": 0.0,
      "precision_normal": 0.8224688017938968,
      "recall_normal": 1.0,
      "avg_latency_ms": 0.5478382110595703,
      "min_latency_ms": 0.5350112915039062,
      "max_latency_ms": 0.6103515625,
      "samples_per_second": 182535.64278875449,
      "compression_ratio": 11.585335589396504
    }
  ]
}