{
  "version": "v16",
  "data_version": "cicids2017_bal4.0",
  "generated_at": "2026-02-09T01:18:59.319241",
  "results": [
    {
      "stage": "Keras",
      "model_path": "models/global_model.h5",
      "file_size_bytes": 884848,
      "file_size_mb": 0.8438568115234375,
      "parameter_count": 208385,
      "accuracy": 0.829622991384432,
      "precision": 0.0,
      "recall": 0.0,
      "f1_score": 0.0,
      "avg_latency_ms": 157.90841579437256,
      "min_latency_ms": 97.84674644470215,
      "max_latency_ms": 650.0005722045898,
      "samples_per_second": 633.2784702888757,
      "compression_ratio": 1.0
    },
    {
      "stage": "Original (TFLite)",
      "model_path": "models/tflite/saved_model_original.tflite",
      "file_size_bytes": 821652,
      "file_size_mb": 0.7835884094238281,
      "parameter_count": 205777,
      "accuracy": 0.7835726102150592,
      "precision": 0.38599514683306096,
      "recall": 0.4575628426848884,
      "f1_score": 0.418743083088891,
      "avg_latency_ms": 2.2569894790649414,
      "min_latency_ms": 2.1593570709228516,
      "max_latency_ms": 2.4242401123046875,
      "samples_per_second": 44306.80821845455,
      "compression_ratio": 1.0769133404409652
    },
    {
      "stage": "Compressed (PTQ)",
      "model_path": "models/tflite/saved_model_pruned_quantized.tflite",
      "file_size_bytes": 70896,
      "file_size_mb": 0.0676116943359375,
      "parameter_count": 61969,
      "accuracy": 0.9092134768527872,
      "precision": 0.7106522659889877,
      "recall": 0.7879727143578364,
      "f1_score": 0.7473178444767361,
      "avg_latency_ms": 0.5460977554321289,
      "min_latency_ms": 0.5352497100830078,
      "max_latency_ms": 0.5986690521240234,
      "samples_per_second": 183117.3979480463,
      "compression_ratio": 12.480929812683367
    }
  ]
}