{
  "version": "v20",
  "data_version": "cicids2017_max2000k_bal4.0",
  "generated_at": "2026-02-13T16:16:15.315879",
  "results": [
    {
      "stage": "Original",
      "model_path": "models/tflite/saved_model_original.tflite",
      "file_size_bytes": 821632,
      "file_size_mb": 0.7835693359375,
      "parameter_count": 205777,
      "accuracy": 0.46660817003022326,
      "precision": 0.1877452815056408,
      "recall": 0.6026085464218294,
      "f1_score": 0.28629433346922134,
      "precision_normal": 0.8359986968284772,
      "recall_normal": 0.4372522726094075,
      "avg_latency_ms": 2.2756099700927734,
      "min_latency_ms": 2.1326541900634766,
      "max_latency_ms": 2.626180648803711,
      "samples_per_second": 43944.261676759634,
      "compression_ratio": 1.0
    },
    {
      "stage": "QAT+Prune only",
      "model_path": "models/tflite/saved_model_qat_pruned_float32.tflite",
      "file_size_bytes": 248228,
      "file_size_mb": 0.23672866821289062,
      "parameter_count": 61969,
      "accuracy": 0.7843027932143902,
      "precision": 0.4513843073030263,
      "recall": 0.9980264286940106,
      "f1_score": 0.6216229216437653,
      "precision_normal": 0.9994232322067136,
      "recall_normal": 0.7381702067759692,
      "avg_latency_ms": 0.9022235870361328,
      "min_latency_ms": 0.8599758148193359,
      "max_latency_ms": 1.027822494506836,
      "samples_per_second": 110837.27075735955,
      "compression_ratio": 3.3099892034742253
    },
    {
      "stage": "Compressed (PTQ)",
      "model_path": "models/tflite/saved_model_pruned_quantized.tflite",
      "file_size_bytes": 70920,
      "file_size_mb": 0.06763458251953125,
      "parameter_count": 61969,
      "accuracy": 0.783312615774593,
      "precision": 0.4502485251080039,
      "recall": 0.9980264286940106,
      "f1_score": 0.6205450510051645,
      "precision_normal": 0.999422290542645,
      "recall_normal": 0.736966297961875,
      "avg_latency_ms": 0.5577325820922852,
      "min_latency_ms": 0.5428791046142578,
      "max_latency_ms": 0.6220340728759766,
      "samples_per_second": 179297.39665711965,
      "compression_ratio": 11.585335589396504
    },
    {
      "stage": "QAT+PTQ",
      "model_path": "models/tflite/saved_model_qat_ptq.tflite",
      "file_size_bytes": 70904,
      "file_size_mb": 0.06761932373046875,
      "parameter_count": 61969,
      "accuracy": 0.783312615774593,
      "precision": 0.4502485251080039,
      "recall": 0.9980264286940106,
      "f1_score": 0.6205450510051645,
      "precision_normal": 0.999422290542645,
      "recall_normal": 0.736966297961875,
      "avg_latency_ms": 0.5418539047241211,
      "min_latency_ms": 0.5321502685546875,
      "max_latency_ms": 0.5929470062255859,
      "samples_per_second": 184551.59061908742,
      "compression_ratio": 11.587949904095678
    },
    {
      "stage": "noQAT+PTQ",
      "model_path": "models/tflite/saved_model_no_qat_ptq.tflite",
      "file_size_bytes": 70920,
      "file_size_mb": 0.06763458251953125,
      "parameter_count": 61969,
      "accuracy": 0.8224688017938968,
      "precision": 0.0,
      "recall": 0.0,
      "f1_score": 0.0,
      "precision_normal": 0.8224688017938968,
      "recall_normal": 1.0,
      "avg_latency_ms": 0.5450010299682617,
      "min_latency_ms": 0.5357265472412109,
      "max_latency_ms": 0.5919933319091797,
      "samples_per_second": 183485.8917712936,
      "compression_ratio": 11.585335589396504
    }
  ]
}