{
  "version": "v20",
  "data_version": "cicids2017_max2000k_bal4.0",
  "generated_at": "2026-02-14T21:22:57.266190",
  "results": [
    {
      "stage": "Original",
      "model_path": "models/tflite/saved_model_original.tflite",
      "file_size_bytes": 821632,
      "file_size_mb": 0.7835693359375,
      "parameter_count": 205777,
      "accuracy": 0.2963555376815833,
      "precision": 0.2013861749112025,
      "recall": 0.9992963789256908,
      "f1_score": 0.3352167893359738,
      "precision_normal": 0.998950950541156,
      "recall_normal": 0.14462463975343948,
      "avg_latency_ms": 2.3516178131103516,
      "min_latency_ms": 2.1867752075195312,
      "max_latency_ms": 2.6612281799316406,
      "samples_per_second": 42523.916702151386,
      "compression_ratio": 1.0
    },
    {
      "stage": "QAT+Prune only",
      "model_path": "models/tflite/saved_model_qat_pruned_float32.tflite",
      "file_size_bytes": 248228,
      "file_size_mb": 0.23672866821289062,
      "parameter_count": 61969,
      "accuracy": 0.8948248756946475,
      "precision": 0.6445518399941568,
      "recall": 0.9086665522567359,
      "f1_score": 0.7541536993383992,
      "precision_normal": 0.9783726232033063,
      "recall_normal": 0.8918371278069597,
      "avg_latency_ms": 0.8570671081542969,
      "min_latency_ms": 0.8420944213867188,
      "max_latency_ms": 0.9436607360839844,
      "samples_per_second": 116676.97785690441,
      "compression_ratio": 3.3099892034742253
    },
    {
      "stage": "Compressed (PTQ)",
      "model_path": "models/tflite/saved_model_pruned_quantized.tflite",
      "file_size_bytes": 70920,
      "file_size_mb": 0.06763458251953125,
      "parameter_count": 61969,
      "accuracy": 0.8933715998830067,
      "precision": 0.6411005747823345,
      "recall": 0.9073107945769693,
      "f1_score": 0.7513216234652115,
      "precision_normal": 0.9780230958910798,
      "recall_normal": 0.8903628025515459,
      "avg_latency_ms": 0.5410432815551758,
      "min_latency_ms": 0.5314350128173828,
      "max_latency_ms": 0.6070137023925781,
      "samples_per_second": 184828.09676992905,
      "compression_ratio": 11.585335589396504
    },
    {
      "stage": "QAT+PTQ",
      "model_path": "models/tflite/saved_model_qat_ptq.tflite",
      "file_size_bytes": 70904,
      "file_size_mb": 0.06761932373046875,
      "parameter_count": 61969,
      "accuracy": 0.8933715998830067,
      "precision": 0.6411005747823345,
      "recall": 0.9073107945769693,
      "f1_score": 0.7513216234652115,
      "precision_normal": 0.9780230958910798,
      "recall_normal": 0.8903628025515459,
      "avg_latency_ms": 0.5809783935546875,
      "min_latency_ms": 0.5340576171875,
      "max_latency_ms": 0.7300376892089844,
      "samples_per_second": 172123.44057780693,
      "compression_ratio": 11.587949904095678
    },
    {
      "stage": "noQAT+PTQ",
      "model_path": "models/tflite/saved_model_no_qat_ptq.tflite",
      "file_size_bytes": 70920,
      "file_size_mb": 0.06763458251953125,
      "parameter_count": 61969,
      "accuracy": 0.8224688017938968,
      "precision": 0.0,
      "recall": 0.0,
      "f1_score": 0.0,
      "precision_normal": 0.8224688017938968,
      "recall_normal": 1.0,
      "avg_latency_ms": 0.5440711975097656,
      "min_latency_ms": 0.5290508270263672,
      "max_latency_ms": 0.6012916564941406,
      "samples_per_second": 183799.47414548643,
      "compression_ratio": 11.585335589396504
    }
  ]
}