{
  "version": "v20",
  "data_version": "cicids2017_max2000k_bal4.0",
  "generated_at": "2026-02-12T06:45:31.252962",
  "results": [
    {
      "stage": "Original",
      "model_path": "models/tflite/saved_model_original.tflite",
      "file_size_bytes": 821652,
      "file_size_mb": 0.7835884094238281,
      "parameter_count": 205777,
      "accuracy": 0.9179767475870138,
      "precision": 0.6854384553499597,
      "recall": 0.9942680624678222,
      "f1_score": 0.8114626664985923,
      "precision_normal": 0.9986294624538367,
      "recall_normal": 0.9015091460026523,
      "avg_latency_ms": 2.230525016784668,
      "min_latency_ms": 2.0766258239746094,
      "max_latency_ms": 2.7871131896972656,
      "samples_per_second": 44832.49425471648,
      "compression_ratio": 1.0
    },
    {
      "stage": "QAT+Prune only",
      "model_path": "models/tflite/saved_model_qat_pruned_float32.tflite",
      "file_size_bytes": 248212,
      "file_size_mb": 0.23671340942382812,
      "parameter_count": 61969,
      "accuracy": 0.916739787462221,
      "precision": 0.6897397532438863,
      "recall": 0.9651621760768835,
      "f1_score": 0.8045319295033189,
      "precision_normal": 0.9917709152525883,
      "recall_normal": 0.9062877379109033,
      "avg_latency_ms": 0.80718994140625,
      "min_latency_ms": 0.7731914520263672,
      "max_latency_ms": 0.9098052978515625,
      "samples_per_second": 123886.57844990549,
      "compression_ratio": 3.3102831450534222
    },
    {
      "stage": "Compressed (PTQ)",
      "model_path": "models/tflite/saved_model_pruned_quantized.tflite",
      "file_size_bytes": 70920,
      "file_size_mb": 0.06763458251953125,
      "parameter_count": 61969,
      "accuracy": 0.9168707955542557,
      "precision": 0.6902951617063614,
      "recall": 0.9644585550025743,
      "f1_score": 0.8046648482635682,
      "precision_normal": 0.9916089639440706,
      "recall_normal": 0.9065989020351616,
      "avg_latency_ms": 0.5754709243774414,
      "min_latency_ms": 0.5362033843994141,
      "max_latency_ms": 0.6749629974365234,
      "samples_per_second": 173770.72544226705,
      "compression_ratio": 11.585617597292725
    },
    {
      "stage": "QAT+PTQ",
      "model_path": "models/tflite/saved_model_qat_ptq.tflite",
      "file_size_bytes": 70904,
      "file_size_mb": 0.06761932373046875,
      "parameter_count": 61969,
      "accuracy": 0.9168707955542557,
      "precision": 0.6902951617063614,
      "recall": 0.9644585550025743,
      "f1_score": 0.8046648482635682,
      "precision_normal": 0.9916089639440706,
      "recall_normal": 0.9065989020351616,
      "avg_latency_ms": 0.5612373352050781,
      "min_latency_ms": 0.5390644073486328,
      "max_latency_ms": 0.6945133209228516,
      "samples_per_second": 178177.74001699235,
      "compression_ratio": 11.58823197562902
    },
    {
      "stage": "noQAT+PTQ",
      "model_path": "models/tflite/saved_model_no_qat_ptq.tflite",
      "file_size_bytes": 70920,
      "file_size_mb": 0.06763458251953125,
      "parameter_count": 61969,
      "accuracy": 0.8224688017938968,
      "precision": 0.0,
      "recall": 0.0,
      "f1_score": 0.0,
      "precision_normal": 0.8224688017938968,
      "recall_normal": 1.0,
      "avg_latency_ms": 0.5754709243774414,
      "min_latency_ms": 0.5383491516113281,
      "max_latency_ms": 0.6921291351318359,
      "samples_per_second": 173770.72544226705,
      "compression_ratio": 11.585617597292725
    }
  ]
}