{
  "version": "v20",
  "data_version": "cicids2017_max2000k_bal4.0",
  "generated_at": "2026-02-19T04:33:15.434759",
  "results": [
    {
      "stage": "Original",
      "model_path": "models/tflite/saved_model_original.tflite",
      "file_size_bytes": 821632,
      "file_size_mb": 0.7835693359375,
      "parameter_count": 205777,
      "accuracy": 0.3668013307984791,
      "precision": 0.20257096606117977,
      "recall": 0.8740518276986442,
      "f1_score": 0.32891282657341303,
      "precision_normal": 0.9044413484199425,
      "recall_normal": 0.25731050475266154,
      "avg_latency_ms": 2.225971221923828,
      "min_latency_ms": 2.159595489501953,
      "max_latency_ms": 2.409219741821289,
      "samples_per_second": 44924.210616511715,
      "compression_ratio": 1.0
    },
    {
      "stage": "QAT+Prune only",
      "model_path": "models/tflite/saved_model_qat_pruned_float32.tflite",
      "file_size_bytes": 248228,
      "file_size_mb": 0.23672866821289062,
      "parameter_count": 61969,
      "accuracy": 0.8854288534659257,
      "precision": 0.6162457107498454,
      "recall": 0.9400205937875408,
      "f1_score": 0.744453127654514,
      "precision_normal": 0.9853972816799602,
      "recall_normal": 0.8736451395422924,
      "avg_latency_ms": 0.8711099624633789,
      "min_latency_ms": 0.8521080017089844,
      "max_latency_ms": 0.9818077087402344,
      "samples_per_second": 114796.06973752634,
      "compression_ratio": 3.3099892034742253
    },
    {
      "stage": "Compressed (PTQ)",
      "model_path": "models/tflite/saved_model_pruned_quantized.tflite",
      "file_size_bytes": 70920,
      "file_size_mb": 0.06763458251953125,
      "parameter_count": 61969,
      "accuracy": 0.8855659549575899,
      "precision": 0.6182131604182839,
      "recall": 0.929346147245581,
      "f1_score": 0.7425033935255646,
      "precision_normal": 0.9828906029223532,
      "recall_normal": 0.8761159308622951,
      "avg_latency_ms": 0.543975830078125,
      "min_latency_ms": 0.5357265472412109,
      "max_latency_ms": 0.5888938903808594,
      "samples_per_second": 183831.69705469845,
      "compression_ratio": 11.585335589396504
    },
    {
      "stage": "QAT+PTQ",
      "model_path": "models/tflite/saved_model_qat_ptq.tflite",
      "file_size_bytes": 70904,
      "file_size_mb": 0.06761932373046875,
      "parameter_count": 61969,
      "accuracy": 0.8855659549575899,
      "precision": 0.6182131604182839,
      "recall": 0.929346147245581,
      "f1_score": 0.7425033935255646,
      "precision_normal": 0.9828906029223532,
      "recall_normal": 0.8761159308622951,
      "avg_latency_ms": 0.5460500717163086,
      "min_latency_ms": 0.5366802215576172,
      "max_latency_ms": 0.6053447723388672,
      "samples_per_second": 183133.3886390429,
      "compression_ratio": 11.587949904095678
    },
    {
      "stage": "noQAT+PTQ",
      "model_path": "models/tflite/saved_model_no_qat_ptq.tflite",
      "file_size_bytes": 70920,
      "file_size_mb": 0.06763458251953125,
      "parameter_count": 61969,
      "accuracy": 0.8224688017938968,
      "precision": 0.0,
      "recall": 0.0,
      "f1_score": 0.0,
      "precision_normal": 0.8224688017938968,
      "recall_normal": 1.0,
      "avg_latency_ms": 0.5409717559814453,
      "min_latency_ms": 0.5316734313964844,
      "max_latency_ms": 0.5972385406494141,
      "samples_per_second": 184852.53415601587,
      "compression_ratio": 11.585335589396504
    }
  ]
}