{
  "version": "v11",
  "data_version": "cicids2017_max1500k_bal1.0",
  "generated_at": "2026-02-04T00:55:35.400101",
  "results": [
    {
      "stage": "Original",
      "model_path": "models/tflite/saved_model_original.tflite",
      "file_size_bytes": 821648,
      "file_size_mb": 0.7835845947265625,
      "parameter_count": 205777,
      "accuracy": 0.9366268784566395,
      "precision": 0.8093432272876353,
      "recall": 0.8365396838849104,
      "f1_score": 0.8227167593923861,
      "precision_normal": 0.9648872888799888,
      "recall_normal": 0.957972409367982,
      "avg_latency_ms": 1.5970230102539062,
      "min_latency_ms": 1.550436019897461,
      "max_latency_ms": 1.7697811126708984,
      "samples_per_second": 62616.50543413352,
      "compression_ratio": 1.0
    },
    {
      "stage": "Compressed (PTQ)",
      "model_path": "models/tflite/saved_model_pruned_quantized.tflite",
      "file_size_bytes": 70896,
      "file_size_mb": 0.0676116943359375,
      "parameter_count": 61969,
      "accuracy": 0.9220051768123498,
      "precision": 0.9323256273463743,
      "recall": 0.599834738760117,
      "f1_score": 0.7300036099221289,
      "precision_normal": 0.9206891773292069,
      "recall_normal": 0.9907142566660793,
      "avg_latency_ms": 0.4001617431640625,
      "min_latency_ms": 0.3726482391357422,
      "max_latency_ms": 0.4582405090332031,
      "samples_per_second": 249898.95138226883,
      "compression_ratio": 11.589483186639585
    }
  ]
}