{
  "version": "v20",
  "data_version": "cicids2017_max2000k_bal4.0",
  "generated_at": "2026-02-13T11:05:51.307462",
  "results": [
    {
      "stage": "Original",
      "model_path": "models/tflite/saved_model_original.tflite",
      "file_size_bytes": 821632,
      "file_size_mb": 0.7835693359375,
      "parameter_count": 205777,
      "accuracy": 0.7595392171200156,
      "precision": 0.4235016999622231,
      "recall": 0.9811910073794405,
      "f1_score": 0.5916398048356469,
      "precision_normal": 0.99432773870335,
      "recall_normal": 0.7116953258703335,
      "avg_latency_ms": 2.227473258972168,
      "min_latency_ms": 2.14385986328125,
      "max_latency_ms": 2.6144981384277344,
      "samples_per_second": 44893.91717597697,
      "compression_ratio": 1.0
    },
    {
      "stage": "QAT+Prune only",
      "model_path": "models/tflite/saved_model_qat_pruned_float32.tflite",
      "file_size_bytes": 248228,
      "file_size_mb": 0.23672866821289062,
      "parameter_count": 61969,
      "accuracy": 0.866344325826265,
      "precision": 0.5708048576626186,
      "recall": 0.9961901493049596,
      "f1_score": 0.7257587597286906,
      "precision_normal": 0.9990199930251756,
      "recall_normal": 0.8383168984345482,
      "avg_latency_ms": 0.8470773696899414,
      "min_latency_ms": 0.7529258728027344,
      "max_latency_ms": 0.9000301361083984,
      "samples_per_second": 118052.97081257564,
      "compression_ratio": 3.3099892034742253
    },
    {
      "stage": "Compressed (PTQ)",
      "model_path": "models/tflite/saved_model_pruned_quantized.tflite",
      "file_size_bytes": 70920,
      "file_size_mb": 0.06763458251953125,
      "parameter_count": 61969,
      "accuracy": 0.8659086477527542,
      "precision": 0.5700033386358727,
      "recall": 0.9961901493049596,
      "f1_score": 0.7251105503784945,
      "precision_normal": 0.9990193739895576,
      "recall_normal": 0.8377871785563467,
      "avg_latency_ms": 0.5403757095336914,
      "min_latency_ms": 0.5323886871337891,
      "max_latency_ms": 0.5819797515869141,
      "samples_per_second": 185056.4306198985,
      "compression_ratio": 11.585335589396504
    },
    {
      "stage": "QAT+PTQ",
      "model_path": "models/tflite/saved_model_qat_ptq.tflite",
      "file_size_bytes": 70904,
      "file_size_mb": 0.06761932373046875,
      "parameter_count": 61969,
      "accuracy": 0.8659086477527542,
      "precision": 0.5700033386358727,
      "recall": 0.9961901493049596,
      "f1_score": 0.7251105503784945,
      "precision_normal": 0.9990193739895576,
      "recall_normal": 0.8377871785563467,
      "avg_latency_ms": 0.5407810211181641,
      "min_latency_ms": 0.5314350128173828,
      "max_latency_ms": 0.5822181701660156,
      "samples_per_second": 184917.7321223878,
      "compression_ratio": 11.587949904095678
    },
    {
      "stage": "noQAT+PTQ",
      "model_path": "models/tflite/saved_model_no_qat_ptq.tflite",
      "file_size_bytes": 70920,
      "file_size_mb": 0.06763458251953125,
      "parameter_count": 61969,
      "accuracy": 0.8224688017938968,
      "precision": 0.0,
      "recall": 0.0,
      "f1_score": 0.0,
      "precision_normal": 0.8224688017938968,
      "recall_normal": 1.0,
      "avg_latency_ms": 0.5440473556518555,
      "min_latency_ms": 0.5328655242919922,
      "max_latency_ms": 0.5896091461181641,
      "samples_per_second": 183807.52881370788,
      "compression_ratio": 11.585335589396504
    }
  ]
}