{
  "version": "v20",
  "data_version": "cicids2017_max2000k_bal4.0",
  "generated_at": "2026-02-22T16:42:31.591974",
  "results": [
    {
      "stage": "Original",
      "model_path": "models/tflite/saved_model_original.tflite",
      "file_size_bytes": 821632,
      "file_size_mb": 0.7835693359375,
      "parameter_count": 205777,
      "accuracy": 0.40056181144584185,
      "precision": 0.194488077798761,
      "recall": 0.7564441393512957,
      "f1_score": 0.30942135300765866,
      "precision_normal": 0.8602984604480844,
      "recall_normal": 0.32374404528178874,
      "avg_latency_ms": 1.8825769424438477,
      "min_latency_ms": 1.8317699432373047,
      "max_latency_ms": 2.064943313598633,
      "samples_per_second": 53118.67884145337,
      "compression_ratio": 1.0
    },
    {
      "stage": "QAT+Prune only",
      "model_path": "models/tflite/saved_model_qat_pruned_float32.tflite",
      "file_size_bytes": 248228,
      "file_size_mb": 0.23672866821289062,
      "parameter_count": 61969,
      "accuracy": 0.8258963390855025,
      "precision": 0.5054954717312934,
      "recall": 0.8879526342886562,
      "f1_score": 0.6442378927577556,
      "precision_normal": 0.9710936081853481,
      "recall_normal": 0.8125013891255547,
      "avg_latency_ms": 0.753474235534668,
      "min_latency_ms": 0.7450580596923828,
      "max_latency_ms": 0.8099079132080078,
      "samples_per_second": 132718.53937917284,
      "compression_ratio": 3.3099892034742253
    },
    {
      "stage": "Compressed (PTQ)",
      "model_path": "models/tflite/saved_model_pruned_quantized.tflite",
      "file_size_bytes": 70920,
      "file_size_mb": 0.06763458251953125,
      "parameter_count": 61969,
      "accuracy": 0.824884834747002,
      "precision": 0.5038874454630129,
      "recall": 0.8819975973914536,
      "f1_score": 0.6413627429569775,
      "precision_normal": 0.9696060186801869,
      "recall_normal": 0.8125569541477436,
      "avg_latency_ms": 0.4815340042114258,
      "min_latency_ms": 0.4734992980957031,
      "max_latency_ms": 0.5381107330322266,
      "samples_per_second": 207669.6539089964,
      "compression_ratio": 11.585335589396504
    },
    {
      "stage": "QAT+PTQ",
      "model_path": "models/tflite/saved_model_qat_ptq.tflite",
      "file_size_bytes": 70904,
      "file_size_mb": 0.06761932373046875,
      "parameter_count": 61969,
      "accuracy": 0.824884834747002,
      "precision": 0.5038874454630129,
      "recall": 0.8819975973914536,
      "f1_score": 0.6413627429569775,
      "precision_normal": 0.9696060186801869,
      "recall_normal": 0.8125569541477436,
      "avg_latency_ms": 0.4812955856323242,
      "min_latency_ms": 0.4706382751464844,
      "max_latency_ms": 0.5385875701904297,
      "samples_per_second": 207772.52687373062,
      "compression_ratio": 11.587949904095678
    },
    {
      "stage": "noQAT+PTQ",
      "model_path": "models/tflite/saved_model_no_qat_ptq.tflite",
      "file_size_bytes": 70920,
      "file_size_mb": 0.06763458251953125,
      "parameter_count": 61969,
      "accuracy": 0.8224688017938968,
      "precision": 0.0,
      "recall": 0.0,
      "f1_score": 0.0,
      "precision_normal": 0.8224688017938968,
      "recall_normal": 1.0,
      "avg_latency_ms": 0.4804372787475586,
      "min_latency_ms": 0.4723072052001953,
      "max_latency_ms": 0.5207061767578125,
      "samples_per_second": 208143.71495211156,
      "compression_ratio": 11.585335589396504
    }
  ]
}