{
  "version": "v20",
  "data_version": "cicids2017_max2000k_bal4.0",
  "generated_at": "2026-02-14T22:48:45.694449",
  "results": [
    {
      "stage": "Original",
      "model_path": "models/tflite/saved_model_original.tflite",
      "file_size_bytes": 821632,
      "file_size_mb": 0.7835693359375,
      "parameter_count": 205777,
      "accuracy": 0.39195183776932824,
      "precision": 0.22415395186856776,
      "recall": 0.985292603397975,
      "f1_score": 0.36522032302593493,
      "precision_normal": 0.9881124119181046,
      "recall_normal": 0.2638782903753973,
      "avg_latency_ms": 2.1956682205200195,
      "min_latency_ms": 2.164602279663086,
      "max_latency_ms": 2.3908615112304688,
      "samples_per_second": 45544.22160207616,
      "compression_ratio": 1.0
    },
    {
      "stage": "QAT+Prune only",
      "model_path": "models/tflite/saved_model_qat_pruned_float32.tflite",
      "file_size_bytes": 248228,
      "file_size_mb": 0.23672866821289062,
      "parameter_count": 61969,
      "accuracy": 0.9224645364141562,
      "precision": 0.8324992401985615,
      "recall": 0.7051312853955723,
      "f1_score": 0.7635400696864112,
      "precision_normal": 0.938386841133292,
      "recall_normal": 0.9693762641042548,
      "avg_latency_ms": 0.8314132690429688,
      "min_latency_ms": 0.7576942443847656,
      "max_latency_ms": 0.9140968322753906,
      "samples_per_second": 120277.12778160127,
      "compression_ratio": 3.3099892034742253
    },
    {
      "stage": "Compressed (PTQ)",
      "model_path": "models/tflite/saved_model_pruned_quantized.tflite",
      "file_size_bytes": 70920,
      "file_size_mb": 0.06763458251953125,
      "parameter_count": 61969,
      "accuracy": 0.9214804523739885,
      "precision": 0.8273104504068971,
      "recall": 0.7048395400720783,
      "f1_score": 0.7611801990473895,
      "precision_normal": 0.9382618996338574,
      "recall_normal": 0.9682427376515998,
      "avg_latency_ms": 0.5156278610229492,
      "min_latency_ms": 0.46753883361816406,
      "max_latency_ms": 0.5576610565185547,
      "samples_per_second": 193938.31784343644,
      "compression_ratio": 11.585335589396504
    },
    {
      "stage": "QAT+PTQ",
      "model_path": "models/tflite/saved_model_qat_ptq.tflite",
      "file_size_bytes": 70904,
      "file_size_mb": 0.06761932373046875,
      "parameter_count": 61969,
      "accuracy": 0.9214804523739885,
      "precision": 0.8273104504068971,
      "recall": 0.7048395400720783,
      "f1_score": 0.7611801990473895,
      "precision_normal": 0.9382618996338574,
      "recall_normal": 0.9682427376515998,
      "avg_latency_ms": 0.5344390869140625,
      "min_latency_ms": 0.4730224609375,
      "max_latency_ms": 0.5900859832763672,
      "samples_per_second": 187112.06281227694,
      "compression_ratio": 11.587949904095678
    },
    {
      "stage": "noQAT+PTQ",
      "model_path": "models/tflite/saved_model_no_qat_ptq.tflite",
      "file_size_bytes": 70920,
      "file_size_mb": 0.06763458251953125,
      "parameter_count": 61969,
      "accuracy": 0.8224688017938968,
      "precision": 0.0,
      "recall": 0.0,
      "f1_score": 0.0,
      "precision_normal": 0.8224688017938968,
      "recall_normal": 1.0,
      "avg_latency_ms": 0.5480289459228516,
      "min_latency_ms": 0.4951953887939453,
      "max_latency_ms": 0.5998611450195312,
      "samples_per_second": 182472.1134603672,
      "compression_ratio": 11.585335589396504
    }
  ]
}