{
  "version": "v11",
  "data_version": "cicids2017_max1500k_bal1.0",
  "generated_at": "2026-02-02T22:31:31.732102",
  "results": [
    {
      "stage": "Original",
      "model_path": "models/tflite/saved_model_original.tflite",
      "file_size_bytes": 821648,
      "file_size_mb": 0.7835845947265625,
      "parameter_count": 205777,
      "accuracy": 0.7698478613061209,
      "precision": 0.4241744315289767,
      "recall": 0.8651637781261918,
      "f1_score": 0.5692538249747325,
      "avg_latency_ms": 1.6002178192138672,
      "min_latency_ms": 1.5554428100585938,
      "max_latency_ms": 1.7590522766113281,
      "samples_per_second": 62491.49259513096,
      "compression_ratio": 1.0
    },
    {
      "stage": "Compressed (PTQ)",
      "model_path": "models/tflite/saved_model_pruned_quantized.tflite",
      "file_size_bytes": 70896,
      "file_size_mb": 0.0676116943359375,
      "parameter_count": 61969,
      "accuracy": 0.8257313644066219,
      "precision": 0.8066465256797583,
      "recall": 0.01131403873045468,
      "f1_score": 0.02231508566652737,
      "avg_latency_ms": 0.40645599365234375,
      "min_latency_ms": 0.3838539123535156,
      "max_latency_ms": 0.4730224609375,
      "samples_per_second": 246029.09432191457,
      "compression_ratio": 11.589483186639585
    }
  ]
}