{
  "version": "v20",
  "data_version": "cicids2017_max2000k_bal4.0",
  "generated_at": "2026-02-19T22:39:28.795868",
  "results": [
    {
      "stage": "Original",
      "model_path": "models/tflite/saved_model_original.tflite",
      "file_size_bytes": 821632,
      "file_size_mb": 0.7835693359375,
      "parameter_count": 205777,
      "accuracy": 0.7343125426537974,
      "precision": 0.398440187289843,
      "recall": 0.9740689891882616,
      "f1_score": 0.5655455528265321,
      "precision_normal": 0.991866330051515,
      "recall_normal": 0.6825607325692525,
      "avg_latency_ms": 1.9141912460327148,
      "min_latency_ms": 1.8906593322753906,
      "max_latency_ms": 1.9826889038085938,
      "samples_per_second": 52241.38403477524,
      "compression_ratio": 1.0
    },
    {
      "stage": "QAT+Prune only",
      "model_path": "models/tflite/saved_model_qat_pruned_float32.tflite",
      "file_size_bytes": 248228,
      "file_size_mb": 0.23672866821289062,
      "parameter_count": 61969,
      "accuracy": 0.8937036901628156,
      "precision": 0.6324957782235672,
      "recall": 0.957731251072593,
      "f1_score": 0.7618547060469751,
      "precision_normal": 0.9897371151418178,
      "recall_normal": 0.8798832393667069,
      "avg_latency_ms": 0.7591962814331055,
      "min_latency_ms": 0.7507801055908203,
      "max_latency_ms": 0.7982254028320312,
      "samples_per_second": 131718.24262789308,
      "compression_ratio": 3.3099892034742253
    },
    {
      "stage": "Compressed (PTQ)",
      "model_path": "models/tflite/saved_model_pruned_quantized.tflite",
      "file_size_bytes": 70920,
      "file_size_mb": 0.06763458251953125,
      "parameter_count": 61969,
      "accuracy": 0.8931827044944916,
      "precision": 0.6311180910200208,
      "recall": 0.9586236485326927,
      "f1_score": 0.7611358650478954,
      "precision_normal": 0.9899422650135994,
      "recall_normal": 0.8790571727034976,
      "avg_latency_ms": 0.4817962646484375,
      "min_latency_ms": 0.47278404235839844,
      "max_latency_ms": 0.5462169647216797,
      "samples_per_second": 207556.61124307205,
      "compression_ratio": 11.585335589396504
    },
    {
      "stage": "QAT+PTQ",
      "model_path": "models/tflite/saved_model_qat_ptq.tflite",
      "file_size_bytes": 70904,
      "file_size_mb": 0.06761932373046875,
      "parameter_count": 61969,
      "accuracy": 0.8931827044944916,
      "precision": 0.6311180910200208,
      "recall": 0.9586236485326927,
      "f1_score": 0.7611358650478954,
      "precision_normal": 0.9899422650135994,
      "recall_normal": 0.8790571727034976,
      "avg_latency_ms": 0.4836082458496094,
      "min_latency_ms": 0.4761219024658203,
      "max_latency_ms": 0.5300045013427734,
      "samples_per_second": 206778.93906527312,
      "compression_ratio": 11.587949904095678
    },
    {
      "stage": "noQAT+PTQ",
      "model_path": "models/tflite/saved_model_no_qat_ptq.tflite",
      "file_size_bytes": 70920,
      "file_size_mb": 0.06763458251953125,
      "parameter_count": 61969,
      "accuracy": 0.8224688017938968,
      "precision": 0.0,
      "recall": 0.0,
      "f1_score": 0.0,
      "precision_normal": 0.8224688017938968,
      "recall_normal": 1.0,
      "avg_latency_ms": 0.47855377197265625,
      "min_latency_ms": 0.4718303680419922,
      "max_latency_ms": 0.5218982696533203,
      "samples_per_second": 208962.9334396174,
      "compression_ratio": 11.585335589396504
    }
  ]
}