{
  "version": "v20",
  "data_version": "cicids2017_max2000k_bal4.0",
  "generated_at": "2026-02-20T01:24:59.183726",
  "results": [
    {
      "stage": "Original",
      "model_path": "models/tflite/saved_model_original.tflite",
      "file_size_bytes": 821632,
      "file_size_mb": 0.7835693359375,
      "parameter_count": 205777,
      "accuracy": 0.40654248318221703,
      "precision": 0.20531871262978393,
      "recall": 0.8161832847091127,
      "f1_score": 0.3281005846742899,
      "precision_normal": 0.889107455300293,
      "recall_normal": 0.31812086503626547,
      "avg_latency_ms": 1.9431591033935547,
      "min_latency_ms": 1.8837451934814453,
      "max_latency_ms": 2.0568370819091797,
      "samples_per_second": 51462.58987509509,
      "compression_ratio": 1.0
    },
    {
      "stage": "QAT+Prune only",
      "model_path": "models/tflite/saved_model_qat_pruned_float32.tflite",
      "file_size_bytes": 248228,
      "file_size_mb": 0.23672866821289062,
      "parameter_count": 61969,
      "accuracy": 0.8421565759968802,
      "precision": 0.5337984852922717,
      "recall": 0.8757336536811395,
      "f1_score": 0.6632914354048328,
      "precision_normal": 0.9688730505356191,
      "recall_normal": 0.8349089104069582,
      "avg_latency_ms": 0.76446533203125,
      "min_latency_ms": 0.7214546203613281,
      "max_latency_ms": 0.9377002716064453,
      "samples_per_second": 130810.37924151696,
      "compression_ratio": 3.3099892034742253
    },
    {
      "stage": "Compressed (PTQ)",
      "model_path": "models/tflite/saved_model_pruned_quantized.tflite",
      "file_size_bytes": 70920,
      "file_size_mb": 0.06763458251953125,
      "parameter_count": 61969,
      "accuracy": 0.8415655162328166,
      "precision": 0.5326805564245344,
      "recall": 0.8766603741204737,
      "f1_score": 0.6626926469825126,
      "precision_normal": 0.9690650207036664,
      "recall_normal": 0.833990235373434,
      "avg_latency_ms": 0.5268573760986328,
      "min_latency_ms": 0.4687309265136719,
      "max_latency_ms": 0.6525516510009766,
      "samples_per_second": 189804.68820707756,
      "compression_ratio": 11.585335589396504
    },
    {
      "stage": "QAT+PTQ",
      "model_path": "models/tflite/saved_model_qat_ptq.tflite",
      "file_size_bytes": 70904,
      "file_size_mb": 0.06761932373046875,
      "parameter_count": 61969,
      "accuracy": 0.8415655162328166,
      "precision": 0.5326805564245344,
      "recall": 0.8766603741204737,
      "f1_score": 0.6626926469825126,
      "precision_normal": 0.9690650207036664,
      "recall_normal": 0.833990235373434,
      "avg_latency_ms": 0.4864692687988281,
      "min_latency_ms": 0.4661083221435547,
      "max_latency_ms": 0.6000995635986328,
      "samples_per_second": 205562.83081748677,
      "compression_ratio": 11.587949904095678
    },
    {
      "stage": "noQAT+PTQ",
      "model_path": "models/tflite/saved_model_no_qat_ptq.tflite",
      "file_size_bytes": 70920,
      "file_size_mb": 0.06763458251953125,
      "parameter_count": 61969,
      "accuracy": 0.8224688017938968,
      "precision": 0.0,
      "recall": 0.0,
      "f1_score": 0.0,
      "precision_normal": 0.8224688017938968,
      "recall_normal": 1.0,
      "avg_latency_ms": 0.4945993423461914,
      "min_latency_ms": 0.46515464782714844,
      "max_latency_ms": 0.6463527679443359,
      "samples_per_second": 202183.85153048928,
      "compression_ratio": 11.585335589396504
    }
  ]
}