{
  "version": "v20",
  "data_version": "cicids2017_max2000k_bal4.0",
  "generated_at": "2026-02-15T06:48:08.809995",
  "results": [
    {
      "stage": "Original",
      "model_path": "models/tflite/saved_model_original.tflite",
      "file_size_bytes": 821632,
      "file_size_mb": 0.7835693359375,
      "parameter_count": 205777,
      "accuracy": 0.7625402164375549,
      "precision": 0.42764019482334936,
      "recall": 0.9974944225158744,
      "f1_score": 0.5986363729993615,
      "precision_normal": 0.9992407933189812,
      "recall_normal": 0.7118249775887744,
      "avg_latency_ms": 1.908278465270996,
      "min_latency_ms": 1.8701553344726562,
      "max_latency_ms": 1.9822120666503906,
      "samples_per_second": 52403.253413960694,
      "compression_ratio": 1.0
    },
    {
      "stage": "QAT+Prune only",
      "model_path": "models/tflite/saved_model_qat_pruned_float32.tflite",
      "file_size_bytes": 248228,
      "file_size_mb": 0.23672866821289062,
      "parameter_count": 61969,
      "accuracy": 0.5572627230184264,
      "precision": 0.28601700123403984,
      "recall": 0.9983696584863566,
      "f1_score": 0.44464911509666866,
      "precision_normal": 0.9992389467022359,
      "recall_normal": 0.46204908984493653,
      "avg_latency_ms": 0.760650634765625,
      "min_latency_ms": 0.7405281066894531,
      "max_latency_ms": 0.8037090301513672,
      "samples_per_second": 131466.39919759278,
      "compression_ratio": 3.3099892034742253
    },
    {
      "stage": "Compressed (PTQ)",
      "model_path": "models/tflite/saved_model_pruned_quantized.tflite",
      "file_size_bytes": 70920,
      "file_size_mb": 0.06763458251953125,
      "parameter_count": 61969,
      "accuracy": 0.5575521595008287,
      "precision": 0.28615275646322746,
      "recall": 0.9983868199759739,
      "f1_score": 0.44481485162898454,
      "precision_normal": 0.9992475184117835,
      "recall_normal": 0.4623972973173207,
      "avg_latency_ms": 0.4773855209350586,
      "min_latency_ms": 0.4668235778808594,
      "max_latency_ms": 0.5147457122802734,
      "samples_per_second": 209474.30454976775,
      "compression_ratio": 11.585335589396504
    },
    {
      "stage": "QAT+PTQ",
      "model_path": "models/tflite/saved_model_qat_ptq.tflite",
      "file_size_bytes": 70904,
      "file_size_mb": 0.06761932373046875,
      "parameter_count": 61969,
      "accuracy": 0.5575521595008287,
      "precision": 0.28615275646322746,
      "recall": 0.9983868199759739,
      "f1_score": 0.44481485162898454,
      "precision_normal": 0.9992475184117835,
      "recall_normal": 0.4623972973173207,
      "avg_latency_ms": 0.48253536224365234,
      "min_latency_ms": 0.46896934509277344,
      "max_latency_ms": 0.5419254302978516,
      "samples_per_second": 207238.69756410888,
      "compression_ratio": 11.587949904095678
    },
    {
      "stage": "noQAT+PTQ",
      "model_path": "models/tflite/saved_model_no_qat_ptq.tflite",
      "file_size_bytes": 70920,
      "file_size_mb": 0.06763458251953125,
      "parameter_count": 61969,
      "accuracy": 0.8224688017938968,
      "precision": 0.0,
      "recall": 0.0,
      "f1_score": 0.0,
      "precision_normal": 0.8224688017938968,
      "recall_normal": 1.0,
      "avg_latency_ms": 0.4771232604980469,
      "min_latency_ms": 0.4677772521972656,
      "max_latency_ms": 0.5137920379638672,
      "samples_per_second": 209589.4463322007,
      "compression_ratio": 11.585335589396504
    }
  ]
}