{
  "version": "v20",
  "data_version": "cicids2017_max2000k_bal4.0",
  "generated_at": "2026-02-17T06:37:13.999491",
  "results": [
    {
      "stage": "Original",
      "model_path": "models/tflite/saved_model_original.tflite",
      "file_size_bytes": 821632,
      "file_size_mb": 0.7835693359375,
      "parameter_count": 205777,
      "accuracy": 0.8881556498001365,
      "precision": 0.6142941962297759,
      "recall": 0.9943195469366741,
      "f1_score": 0.7594175164495242,
      "precision_normal": 0.9985849016271494,
      "recall_normal": 0.8652400038525082,
      "avg_latency_ms": 2.0778417587280273,
      "min_latency_ms": 1.8887519836425781,
      "max_latency_ms": 2.2766590118408203,
      "samples_per_second": 48126.86027699051,
      "compression_ratio": 1.0
    },
    {
      "stage": "QAT+Prune only",
      "model_path": "models/tflite/saved_model_qat_pruned_float32.tflite",
      "file_size_bytes": 248228,
      "file_size_mb": 0.23672866821289062,
      "parameter_count": 61969,
      "accuracy": 0.8422205566929901,
      "precision": 0.5409523328237716,
      "recall": 0.7348206624334992,
      "f1_score": 0.6231562402217969,
      "precision_normal": 0.9379614648032087,
      "recall_normal": 0.8654029945842625,
      "avg_latency_ms": 0.7919788360595703,
      "min_latency_ms": 0.7474422454833984,
      "max_latency_ms": 0.8733272552490234,
      "samples_per_second": 126266.00036124993,
      "compression_ratio": 3.3099892034742253
    },
    {
      "stage": "Compressed (PTQ)",
      "model_path": "models/tflite/saved_model_pruned_quantized.tflite",
      "file_size_bytes": 70920,
      "file_size_mb": 0.06763458251953125,
      "parameter_count": 61969,
      "accuracy": 0.8424033586818758,
      "precision": 0.5413658376218595,
      "recall": 0.7347691779646474,
      "f1_score": 0.6234119848278573,
      "precision_normal": 0.9379658581423073,
      "recall_normal": 0.8656363676774561,
      "avg_latency_ms": 0.4742145538330078,
      "min_latency_ms": 0.46706199645996094,
      "max_latency_ms": 0.5097389221191406,
      "samples_per_second": 210875.0125691302,
      "compression_ratio": 11.585335589396504
    },
    {
      "stage": "QAT+PTQ",
      "model_path": "models/tflite/saved_model_qat_ptq.tflite",
      "file_size_bytes": 70904,
      "file_size_mb": 0.06761932373046875,
      "parameter_count": 61969,
      "accuracy": 0.8424033586818758,
      "precision": 0.5413658376218595,
      "recall": 0.7347691779646474,
      "f1_score": 0.6234119848278573,
      "precision_normal": 0.9379658581423073,
      "recall_normal": 0.8656363676774561,
      "avg_latency_ms": 0.4827260971069336,
      "min_latency_ms": 0.46706199645996094,
      "max_latency_ms": 0.5583763122558594,
      "samples_per_second": 207156.81335506495,
      "compression_ratio": 11.587949904095678
    },
    {
      "stage": "noQAT+PTQ",
      "model_path": "models/tflite/saved_model_no_qat_ptq.tflite",
      "file_size_bytes": 70920,
      "file_size_mb": 0.06763458251953125,
      "parameter_count": 61969,
      "accuracy": 0.8224688017938968,
      "precision": 0.0,
      "recall": 0.0,
      "f1_score": 0.0,
      "precision_normal": 0.8224688017938968,
      "recall_normal": 1.0,
      "avg_latency_ms": 0.4736185073852539,
      "min_latency_ms": 0.4661083221435547,
      "max_latency_ms": 0.5092620849609375,
      "samples_per_second": 211140.3976843695,
      "compression_ratio": 11.585335589396504
    }
  ]
}