{
  "version": "v20",
  "data_version": "cicids2017_max2000k_bal4.0",
  "generated_at": "2026-02-17T09:57:08.116702",
  "results": [
    {
      "stage": "Original",
      "model_path": "models/tflite/saved_model_original.tflite",
      "file_size_bytes": 821632,
      "file_size_mb": 0.7835693359375,
      "parameter_count": 205777,
      "accuracy": 0.2876846300087745,
      "precision": 0.19948501439836738,
      "recall": 0.9998112236142097,
      "f1_score": 0.332607324223489,
      "precision_normal": 0.9996959394090168,
      "recall_normal": 0.1339709728324085,
      "avg_latency_ms": 2.0508289337158203,
      "min_latency_ms": 1.9557476043701172,
      "max_latency_ms": 2.2497177124023438,
      "samples_per_second": 48760.7710014183,
      "compression_ratio": 1.0
    },
    {
      "stage": "QAT+Prune only",
      "model_path": "models/tflite/saved_model_qat_pruned_float32.tflite",
      "file_size_bytes": 248228,
      "file_size_mb": 0.23672866821289062,
      "parameter_count": 61969,
      "accuracy": 0.5064163498098859,
      "precision": 0.2557175690441204,
      "recall": 0.9318002402608546,
      "f1_score": 0.40130377903753905,
      "precision_normal": 0.9657106371229378,
      "recall_normal": 0.41459656089555996,
      "avg_latency_ms": 0.8736133575439453,
      "min_latency_ms": 0.8623600006103516,
      "max_latency_ms": 0.9205341339111328,
      "samples_per_second": 114467.11424048906,
      "compression_ratio": 3.3099892034742253
    },
    {
      "stage": "Compressed (PTQ)",
      "model_path": "models/tflite/saved_model_pruned_quantized.tflite",
      "file_size_bytes": 70920,
      "file_size_mb": 0.06763458251953125,
      "parameter_count": 61969,
      "accuracy": 0.506352369113776,
      "precision": 0.2556853769608605,
      "recall": 0.9317487557920028,
      "f1_score": 0.40125936300177745,
      "precision_normal": 0.9656803099731621,
      "recall_normal": 0.4145298828689332,
      "avg_latency_ms": 0.5368471145629883,
      "min_latency_ms": 0.5288124084472656,
      "max_latency_ms": 0.5769729614257812,
      "samples_per_second": 186272.7716836168,
      "compression_ratio": 11.585335589396504
    },
    {
      "stage": "QAT+PTQ",
      "model_path": "models/tflite/saved_model_qat_ptq.tflite",
      "file_size_bytes": 70904,
      "file_size_mb": 0.06761932373046875,
      "parameter_count": 61969,
      "accuracy": 0.506352369113776,
      "precision": 0.2556853769608605,
      "recall": 0.9317487557920028,
      "f1_score": 0.40125936300177745,
      "precision_normal": 0.9656803099731621,
      "recall_normal": 0.4145298828689332,
      "avg_latency_ms": 0.5376815795898438,
      "min_latency_ms": 0.530242919921875,
      "max_latency_ms": 0.58746337890625,
      "samples_per_second": 185983.6821567932,
      "compression_ratio": 11.587949904095678
    },
    {
      "stage": "noQAT+PTQ",
      "model_path": "models/tflite/saved_model_no_qat_ptq.tflite",
      "file_size_bytes": 70920,
      "file_size_mb": 0.06763458251953125,
      "parameter_count": 61969,
      "accuracy": 0.8224688017938968,
      "precision": 0.0,
      "recall": 0.0,
      "f1_score": 0.0,
      "precision_normal": 0.8224688017938968,
      "recall_normal": 1.0,
      "avg_latency_ms": 0.5513429641723633,
      "min_latency_ms": 0.54168701171875,
      "max_latency_ms": 0.6015300750732422,
      "samples_per_second": 181375.3081081081,
      "compression_ratio": 11.585335589396504
    }
  ]
}