{
  "version": "v20",
  "data_version": "cicids2017_max2000k_bal4.0",
  "generated_at": "2026-02-22T10:40:02.727012",
  "results": [
    {
      "stage": "Original",
      "model_path": "models/tflite/saved_model_original.tflite",
      "file_size_bytes": 821632,
      "file_size_mb": 0.7835693359375,
      "parameter_count": 205777,
      "accuracy": 0.841318733547821,
      "precision": 0.5280943774918038,
      "recall": 0.9979234597563068,
      "f1_score": 0.6906836282003314,
      "precision_normal": 0.9994452416866486,
      "recall_normal": 0.8075153544677982,
      "avg_latency_ms": 1.8997907638549805,
      "min_latency_ms": 1.8818378448486328,
      "max_latency_ms": 1.9979476928710938,
      "samples_per_second": 52637.375600818246,
      "compression_ratio": 1.0
    },
    {
      "stage": "QAT+Prune only",
      "model_path": "models/tflite/saved_model_qat_pruned_float32.tflite",
      "file_size_bytes": 248228,
      "file_size_mb": 0.23672866821289062,
      "parameter_count": 61969,
      "accuracy": 0.3174021400019499,
      "precision": 0.2063840112788214,
      "recall": 0.9998627080830617,
      "f1_score": 0.3421450572424384,
      "precision_normal": 0.9998258029395753,
      "recall_normal": 0.17009194159004867,
      "avg_latency_ms": 0.7789134979248047,
      "min_latency_ms": 0.7712841033935547,
      "max_latency_ms": 0.8218288421630859,
      "samples_per_second": 128383.96082032446,
      "compression_ratio": 3.3099892034742253
    },
    {
      "stage": "Compressed (PTQ)",
      "model_path": "models/tflite/saved_model_pruned_quantized.tflite",
      "file_size_bytes": 70920,
      "file_size_mb": 0.06763458251953125,
      "parameter_count": 61969,
      "accuracy": 0.3169725553280686,
      "precision": 0.20628098003115705,
      "recall": 0.9998627080830617,
      "f1_score": 0.3420034633559332,
      "precision_normal": 0.9998252664686353,
      "recall_normal": 0.1695696303814724,
      "avg_latency_ms": 0.4741191864013672,
      "min_latency_ms": 0.46634674072265625,
      "max_latency_ms": 0.5154609680175781,
      "samples_per_second": 210917.42934727948,
      "compression_ratio": 11.585335589396504
    },
    {
      "stage": "QAT+PTQ",
      "model_path": "models/tflite/saved_model_qat_ptq.tflite",
      "file_size_bytes": 70904,
      "file_size_mb": 0.06761932373046875,
      "parameter_count": 61969,
      "accuracy": 0.3169725553280686,
      "precision": 0.20628098003115705,
      "recall": 0.9998627080830617,
      "f1_score": 0.3420034633559332,
      "precision_normal": 0.9998252664686353,
      "recall_normal": 0.1695696303814724,
      "avg_latency_ms": 0.48058032989501953,
      "min_latency_ms": 0.4734992980957031,
      "max_latency_ms": 0.5233287811279297,
      "samples_per_second": 208081.75819814458,
      "compression_ratio": 11.587949904095678
    },
    {
      "stage": "noQAT+PTQ",
      "model_path": "models/tflite/saved_model_no_qat_ptq.tflite",
      "file_size_bytes": 70920,
      "file_size_mb": 0.06763458251953125,
      "parameter_count": 61969,
      "accuracy": 0.8224688017938968,
      "precision": 0.0,
      "recall": 0.0,
      "f1_score": 0.0,
      "precision_normal": 0.8224688017938968,
      "recall_normal": 1.0,
      "avg_latency_ms": 0.4765510559082031,
      "min_latency_ms": 0.4673004150390625,
      "max_latency_ms": 0.5280971527099609,
      "samples_per_second": 209841.10466279768,
      "compression_ratio": 11.585335589396504
    }
  ]
}