{
  "version": "v20",
  "data_version": "cicids2017_max2000k_bal4.0",
  "generated_at": "2026-02-16T19:17:12.553433",
  "results": [
    {
      "stage": "Original",
      "model_path": "models/tflite/saved_model_original.tflite",
      "file_size_bytes": 821632,
      "file_size_mb": 0.7835693359375,
      "parameter_count": 205777,
      "accuracy": 0.5980976406356634,
      "precision": 0.24422061683801055,
      "recall": 0.6033636519649905,
      "f1_score": 0.34770311031993273,
      "precision_normal": 0.8745712673121174,
      "recall_normal": 0.5969609637197448,
      "avg_latency_ms": 1.9632577896118164,
      "min_latency_ms": 1.909494400024414,
      "max_latency_ms": 2.1941661834716797,
      "samples_per_second": 50935.7459469306,
      "compression_ratio": 1.0
    },
    {
      "stage": "QAT+Prune only",
      "model_path": "models/tflite/saved_model_qat_pruned_float32.tflite",
      "file_size_bytes": 248228,
      "file_size_mb": 0.23672866821289062,
      "parameter_count": 61969,
      "accuracy": 0.9408422296967924,
      "precision": 0.7900213487004165,
      "recall": 0.908151707568217,
      "f1_score": 0.8449777650036326,
      "precision_normal": 0.979513169831688,
      "recall_normal": 0.9478985308608133,
      "avg_latency_ms": 0.7491350173950195,
      "min_latency_ms": 0.7412433624267578,
      "max_latency_ms": 0.7884502410888672,
      "samples_per_second": 133487.28557334267,
      "compression_ratio": 3.3099892034742253
    },
    {
      "stage": "Compressed (PTQ)",
      "model_path": "models/tflite/saved_model_pruned_quantized.tflite",
      "file_size_bytes": 70920,
      "file_size_mb": 0.06763458251953125,
      "parameter_count": 61969,
      "accuracy": 0.9409549575899385,
      "precision": 0.7901978927260246,
      "recall": 0.9086665522567359,
      "f1_score": 0.8453015741243335,
      "precision_normal": 0.979626212588719,
      "recall_normal": 0.9479244612045015,
      "avg_latency_ms": 0.4866600036621094,
      "min_latency_ms": 0.48041343688964844,
      "max_latency_ms": 0.5257129669189453,
      "samples_per_second": 205482.2653341172,
      "compression_ratio": 11.585335589396504
    },
    {
      "stage": "QAT+PTQ",
      "model_path": "models/tflite/saved_model_qat_ptq.tflite",
      "file_size_bytes": 70904,
      "file_size_mb": 0.06761932373046875,
      "parameter_count": 61969,
      "accuracy": 0.9409549575899385,
      "precision": 0.7901978927260246,
      "recall": 0.9086665522567359,
      "f1_score": 0.8453015741243335,
      "precision_normal": 0.979626212588719,
      "recall_normal": 0.9479244612045015,
      "avg_latency_ms": 0.48623085021972656,
      "min_latency_ms": 0.4725456237792969,
      "max_latency_ms": 0.5357265472412109,
      "samples_per_second": 205663.62655683045,
      "compression_ratio": 11.587949904095678
    },
    {
      "stage": "noQAT+PTQ",
      "model_path": "models/tflite/saved_model_no_qat_ptq.tflite",
      "file_size_bytes": 70920,
      "file_size_mb": 0.06763458251953125,
      "parameter_count": 61969,
      "accuracy": 0.8224688017938968,
      "precision": 0.0,
      "recall": 0.0,
      "f1_score": 0.0,
      "precision_normal": 0.8224688017938968,
      "recall_normal": 1.0,
      "avg_latency_ms": 0.4845142364501953,
      "min_latency_ms": 0.47588348388671875,
      "max_latency_ms": 0.5209445953369141,
      "samples_per_second": 206392.2842239937,
      "compression_ratio": 11.585335589396504
    }
  ]
}