{
  "version": "v20",
  "data_version": "cicids2017_max2000k_bal4.0",
  "generated_at": "2026-02-18T11:47:55.031137",
  "results": [
    {
      "stage": "Original",
      "model_path": "models/tflite/saved_model_original.tflite",
      "file_size_bytes": 821632,
      "file_size_mb": 0.7835693359375,
      "parameter_count": 205777,
      "accuracy": 0.9265318806668617,
      "precision": 0.7152128437129823,
      "recall": 0.9740003432297923,
      "f1_score": 0.8247834679997674,
      "precision_normal": 0.9939124844296219,
      "recall_normal": 0.9162857375701046,
      "avg_latency_ms": 2.2856712341308594,
      "min_latency_ms": 2.1779537200927734,
      "max_latency_ms": 2.5250911712646484,
      "samples_per_second": 43750.82404973505,
      "compression_ratio": 1.0
    },
    {
      "stage": "QAT+Prune only",
      "model_path": "models/tflite/saved_model_qat_pruned_float32.tflite",
      "file_size_bytes": 248228,
      "file_size_mb": 0.23672866821289062,
      "parameter_count": 61969,
      "accuracy": 0.8262619430632738,
      "precision": 0.5065804078267212,
      "recall": 0.8224129054401922,
      "f1_score": 0.6269681884489334,
      "precision_normal": 0.9557067950775816,
      "recall_normal": 0.8270927639523771,
      "avg_latency_ms": 0.8582353591918945,
      "min_latency_ms": 0.843048095703125,
      "max_latency_ms": 0.9310245513916016,
      "samples_per_second": 116518.15429063534,
      "compression_ratio": 3.3099892034742253
    },
    {
      "stage": "Compressed (PTQ)",
      "model_path": "models/tflite/saved_model_pruned_quantized.tflite",
      "file_size_bytes": 70920,
      "file_size_mb": 0.06763458251953125,
      "parameter_count": 61969,
      "accuracy": 0.8250859169347763,
      "precision": 0.5045208146939635,
      "recall": 0.8225845203363652,
      "f1_score": 0.62543793834611,
      "precision_normal": 0.9556725652712686,
      "recall_normal": 0.8256258473665884,
      "avg_latency_ms": 0.5490541458129883,
      "min_latency_ms": 0.5373954772949219,
      "max_latency_ms": 0.6203651428222656,
      "samples_per_second": 182131.3995397108,
      "compression_ratio": 11.585335589396504
    },
    {
      "stage": "QAT+PTQ",
      "model_path": "models/tflite/saved_model_qat_ptq.tflite",
      "file_size_bytes": 70904,
      "file_size_mb": 0.06761932373046875,
      "parameter_count": 61969,
      "accuracy": 0.8250859169347763,
      "precision": 0.5045208146939635,
      "recall": 0.8225845203363652,
      "f1_score": 0.62543793834611,
      "precision_normal": 0.9556725652712686,
      "recall_normal": 0.8256258473665884,
      "avg_latency_ms": 0.5502700805664062,
      "min_latency_ms": 0.5409717559814453,
      "max_latency_ms": 0.6146430969238281,
      "samples_per_second": 181728.94280762566,
      "compression_ratio": 11.587949904095678
    },
    {
      "stage": "noQAT+PTQ",
      "model_path": "models/tflite/saved_model_no_qat_ptq.tflite",
      "file_size_bytes": 70920,
      "file_size_mb": 0.06763458251953125,
      "parameter_count": 61969,
      "accuracy": 0.8224688017938968,
      "precision": 0.0,
      "recall": 0.0,
      "f1_score": 0.0,
      "precision_normal": 0.8224688017938968,
      "recall_normal": 1.0,
      "avg_latency_ms": 0.5508899688720703,
      "min_latency_ms": 0.5426406860351562,
      "max_latency_ms": 0.6000995635986328,
      "samples_per_second": 181524.45252315418,
      "compression_ratio": 11.585335589396504
    }
  ]
}