{
  "version": "v20",
  "data_version": "cicids2017_max2000k_bal4.0",
  "generated_at": "2026-02-17T13:43:45.417744",
  "results": [
    {
      "stage": "Original",
      "model_path": "models/tflite/saved_model_original.tflite",
      "file_size_bytes": 821632,
      "file_size_mb": 0.7835693359375,
      "parameter_count": 205777,
      "accuracy": 0.7305254947840499,
      "precision": 0.36565343590291505,
      "recall": 0.7047880556032263,
      "f1_score": 0.481498851005956,
      "precision_normal": 0.9203279144087815,
      "recall_normal": 0.7360809619416642,
      "avg_latency_ms": 2.212977409362793,
      "min_latency_ms": 2.154111862182617,
      "max_latency_ms": 2.499818801879883,
      "samples_per_second": 45187.98952800612,
      "compression_ratio": 1.0
    },
    {
      "stage": "QAT+Prune only",
      "model_path": "models/tflite/saved_model_qat_pruned_float32.tflite",
      "file_size_bytes": 248228,
      "file_size_mb": 0.23672866821289062,
      "parameter_count": 61969,
      "accuracy": 0.7999902505605928,
      "precision": 0.4701532387255457,
      "recall": 0.9972541616612322,
      "f1_score": 0.6390349044361845,
      "precision_normal": 0.9992180856782618,
      "recall_normal": 0.7574105217926017,
      "avg_latency_ms": 0.8774042129516602,
      "min_latency_ms": 0.8513927459716797,
      "max_latency_ms": 0.9591579437255859,
      "samples_per_second": 113972.55509361159,
      "compression_ratio": 3.3099892034742253
    },
    {
      "stage": "Compressed (PTQ)",
      "model_path": "models/tflite/saved_model_pruned_quantized.tflite",
      "file_size_bytes": 70920,
      "file_size_mb": 0.06763458251953125,
      "parameter_count": 61969,
      "accuracy": 0.8000481378570732,
      "precision": 0.47022311421149315,
      "recall": 0.9971683542131456,
      "f1_score": 0.6390818251310225,
      "precision_normal": 0.999193765116904,
      "recall_normal": 0.757499425828104,
      "avg_latency_ms": 0.545191764831543,
      "min_latency_ms": 0.5347728729248047,
      "max_latency_ms": 0.6077289581298828,
      "samples_per_second": 183421.69939213712,
      "compression_ratio": 11.585335589396504
    },
    {
      "stage": "QAT+PTQ",
      "model_path": "models/tflite/saved_model_qat_ptq.tflite",
      "file_size_bytes": 70904,
      "file_size_mb": 0.06761932373046875,
      "parameter_count": 61969,
      "accuracy": 0.8000481378570732,
      "precision": 0.47022311421149315,
      "recall": 0.9971683542131456,
      "f1_score": 0.6390818251310225,
      "precision_normal": 0.999193765116904,
      "recall_normal": 0.757499425828104,
      "avg_latency_ms": 0.5510568618774414,
      "min_latency_ms": 0.5388259887695312,
      "max_latency_ms": 0.6167888641357422,
      "samples_per_second": 181469.47605243803,
      "compression_ratio": 11.587949904095678
    },
    {
      "stage": "noQAT+PTQ",
      "model_path": "models/tflite/saved_model_no_qat_ptq.tflite",
      "file_size_bytes": 70920,
      "file_size_mb": 0.06763458251953125,
      "parameter_count": 61969,
      "accuracy": 0.8224688017938968,
      "precision": 0.0,
      "recall": 0.0,
      "f1_score": 0.0,
      "precision_normal": 0.8224688017938968,
      "recall_normal": 1.0,
      "avg_latency_ms": 0.577855110168457,
      "min_latency_ms": 0.5404949188232422,
      "max_latency_ms": 0.8242130279541016,
      "samples_per_second": 173053.7607789743,
      "compression_ratio": 11.585335589396504
    }
  ]
}