{
  "version": "v20",
  "data_version": "cicids2017_max2000k_bal4.0",
  "generated_at": "2026-02-17T21:45:26.922461",
  "results": [
    {
      "stage": "Original",
      "model_path": "models/tflite/saved_model_original.tflite",
      "file_size_bytes": 821632,
      "file_size_mb": 0.7835693359375,
      "parameter_count": 205777,
      "accuracy": 0.7908745247148289,
      "precision": 0.4496592166838191,
      "recall": 0.7948172301355758,
      "f1_score": 0.5743730932361039,
      "precision_normal": 0.9469155426105335,
      "recall_normal": 0.7900234854827118,
      "avg_latency_ms": 2.286243438720703,
      "min_latency_ms": 2.171754837036133,
      "max_latency_ms": 2.360105514526367,
      "samples_per_second": 43739.87402494474,
      "compression_ratio": 1.0
    },
    {
      "stage": "QAT+Prune only",
      "model_path": "models/tflite/saved_model_qat_pruned_float32.tflite",
      "file_size_bytes": 248228,
      "file_size_mb": 0.23672866821289062,
      "parameter_count": 61969,
      "accuracy": 0.8612045432387637,
      "precision": 0.7662060301507537,
      "recall": 0.3140037755277158,
      "f1_score": 0.445453438831406,
      "precision_normal": 0.8686584917067529,
      "recall_normal": 0.979318698741267,
      "avg_latency_ms": 0.8587360382080078,
      "min_latency_ms": 0.84686279296875,
      "max_latency_ms": 0.9257793426513672,
      "samples_per_second": 116450.21933477707,
      "compression_ratio": 3.3099892034742253
    },
    {
      "stage": "Compressed (PTQ)",
      "model_path": "models/tflite/saved_model_pruned_quantized.tflite",
      "file_size_bytes": 70920,
      "file_size_mb": 0.06763458251953125,
      "parameter_count": 61969,
      "accuracy": 0.8602996733937799,
      "precision": 0.763753770338587,
      "recall": 0.3085292603397975,
      "f1_score": 0.43951154518451513,
      "precision_normal": 0.8677585046851667,
      "recall_normal": 0.9794001941071442,
      "avg_latency_ms": 0.4772186279296875,
      "min_latency_ms": 0.4661083221435547,
      "max_latency_ms": 0.5257129669189453,
      "samples_per_second": 209547.56195043965,
      "compression_ratio": 11.585335589396504
    },
    {
      "stage": "QAT+PTQ",
      "model_path": "models/tflite/saved_model_qat_ptq.tflite",
      "file_size_bytes": 70904,
      "file_size_mb": 0.06761932373046875,
      "parameter_count": 61969,
      "accuracy": 0.8602996733937799,
      "precision": 0.763753770338587,
      "recall": 0.3085292603397975,
      "f1_score": 0.43951154518451513,
      "precision_normal": 0.8677585046851667,
      "recall_normal": 0.9794001941071442,
      "avg_latency_ms": 0.5032062530517578,
      "min_latency_ms": 0.4639625549316406,
      "max_latency_ms": 0.5850791931152344,
      "samples_per_second": 198725.67042547144,
      "compression_ratio": 11.587949904095678
    },
    {
      "stage": "noQAT+PTQ",
      "model_path": "models/tflite/saved_model_no_qat_ptq.tflite",
      "file_size_bytes": 70920,
      "file_size_mb": 0.06763458251953125,
      "parameter_count": 61969,
      "accuracy": 0.8224688017938968,
      "precision": 0.0,
      "recall": 0.0,
      "f1_score": 0.0,
      "precision_normal": 0.8224688017938968,
      "recall_normal": 1.0,
      "avg_latency_ms": 0.5247116088867188,
      "min_latency_ms": 0.46706199645996094,
      "max_latency_ms": 0.58746337890625,
      "samples_per_second": 190580.8796801163,
      "compression_ratio": 11.585335589396504
    }
  ]
}