{
  "version": "v20",
  "data_version": "cicids2017_max2000k_bal4.0",
  "generated_at": "2026-02-20T15:13:33.490185",
  "results": [
    {
      "stage": "Original",
      "model_path": "models/tflite/saved_model_original.tflite",
      "file_size_bytes": 821632,
      "file_size_mb": 0.7835693359375,
      "parameter_count": 205777,
      "accuracy": 0.636010773130545,
      "precision": 0.2918763772886797,
      "recall": 0.7364681654367599,
      "f1_score": 0.418065446326803,
      "precision_normal": 0.9152519923177113,
      "recall_normal": 0.6143268853212028,
      "avg_latency_ms": 1.917266845703125,
      "min_latency_ms": 1.8923282623291016,
      "max_latency_ms": 1.9998550415039062,
      "samples_per_second": 52157.58058097891,
      "compression_ratio": 1.0
    },
    {
      "stage": "QAT+Prune only",
      "model_path": "models/tflite/saved_model_qat_pruned_float32.tflite",
      "file_size_bytes": 248228,
      "file_size_mb": 0.23672866821289062,
      "parameter_count": 61969,
      "accuracy": 0.8797132446134347,
      "precision": 0.5979624396500485,
      "recall": 0.9841084606143813,
      "f1_score": 0.7439109029701172,
      "precision_normal": 0.9960142042397504,
      "recall_normal": 0.8571793713002956,
      "avg_latency_ms": 0.7515430450439453,
      "min_latency_ms": 0.7431507110595703,
      "max_latency_ms": 0.8058547973632812,
      "samples_per_second": 133059.5774379798,
      "compression_ratio": 3.3099892034742253
    },
    {
      "stage": "Compressed (PTQ)",
      "model_path": "models/tflite/saved_model_pruned_quantized.tflite",
      "file_size_bytes": 70920,
      "file_size_mb": 0.06763458251953125,
      "parameter_count": 61969,
      "accuracy": 0.8801489226869454,
      "precision": 0.5988616187989556,
      "recall": 0.9840569761455294,
      "f1_score": 0.7445916114790287,
      "precision_normal": 0.9960038541944476,
      "recall_normal": 0.8577202041829348,
      "avg_latency_ms": 0.4785776138305664,
      "min_latency_ms": 0.4703998565673828,
      "max_latency_ms": 0.5159378051757812,
      "samples_per_second": 208952.5232899915,
      "compression_ratio": 11.585335589396504
    },
    {
      "stage": "QAT+PTQ",
      "model_path": "models/tflite/saved_model_qat_ptq.tflite",
      "file_size_bytes": 70904,
      "file_size_mb": 0.06761932373046875,
      "parameter_count": 61969,
      "accuracy": 0.8801489226869454,
      "precision": 0.5988616187989556,
      "recall": 0.9840569761455294,
      "f1_score": 0.7445916114790287,
      "precision_normal": 0.9960038541944476,
      "recall_normal": 0.8577202041829348,
      "avg_latency_ms": 0.4810333251953125,
      "min_latency_ms": 0.4742145538330078,
      "max_latency_ms": 0.5195140838623047,
      "samples_per_second": 207885.80491673274,
      "compression_ratio": 11.587949904095678
    },
    {
      "stage": "noQAT+PTQ",
      "model_path": "models/tflite/saved_model_no_qat_ptq.tflite",
      "file_size_bytes": 70920,
      "file_size_mb": 0.06763458251953125,
      "parameter_count": 61969,
      "accuracy": 0.8224688017938968,
      "precision": 0.0,
      "recall": 0.0,
      "f1_score": 0.0,
      "precision_normal": 0.8224688017938968,
      "recall_normal": 1.0,
      "avg_latency_ms": 0.47440528869628906,
      "min_latency_ms": 0.4677772521972656,
      "max_latency_ms": 0.5142688751220703,
      "samples_per_second": 210790.2301738868,
      "compression_ratio": 11.585335589396504
    }
  ]
}