{
  "version": "v20",
  "data_version": "cicids2017_max2000k_bal4.0",
  "generated_at": "2026-02-19T00:01:39.997529",
  "results": [
    {
      "stage": "Original",
      "model_path": "models/tflite/saved_model_original.tflite",
      "file_size_bytes": 821632,
      "file_size_mb": 0.7835693359375,
      "parameter_count": 205777,
      "accuracy": 0.8580420688310422,
      "precision": 0.594933003772603,
      "recall": 0.6278702591384933,
      "f1_score": 0.6109580348345941,
      "precision_normal": 0.9187036981494257,
      "recall_normal": 0.9077250198181912,
      "avg_latency_ms": 1.953887939453125,
      "min_latency_ms": 1.8663406372070312,
      "max_latency_ms": 2.1157264709472656,
      "samples_per_second": 51180.00780944944,
      "compression_ratio": 1.0
    },
    {
      "stage": "QAT+Prune only",
      "model_path": "models/tflite/saved_model_qat_pruned_float32.tflite",
      "file_size_bytes": 248228,
      "file_size_mb": 0.23672866821289062,
      "parameter_count": 61969,
      "accuracy": 0.7586952812713269,
      "precision": 0.39788272026539173,
      "recall": 0.699828385103827,
      "f1_score": 0.5073276934560836,
      "precision_normal": 0.9225149955257073,
      "recall_normal": 0.7714017943797832,
      "avg_latency_ms": 0.8594989776611328,
      "min_latency_ms": 0.8449554443359375,
      "max_latency_ms": 0.919342041015625,
      "samples_per_second": 116346.85159500694,
      "compression_ratio": 3.3099892034742253
    },
    {
      "stage": "Compressed (PTQ)",
      "model_path": "models/tflite/saved_model_pruned_quantized.tflite",
      "file_size_bytes": 70920,
      "file_size_mb": 0.06763458251953125,
      "parameter_count": 61969,
      "accuracy": 0.7614799649020181,
      "precision": 0.40149203787177923,
      "recall": 0.7000858074480865,
      "f1_score": 0.5103204983862494,
      "precision_normal": 0.922883442621504,
      "recall_normal": 0.7747319913763085,
      "avg_latency_ms": 0.5421161651611328,
      "min_latency_ms": 0.5331039428710938,
      "max_latency_ms": 0.5891323089599609,
      "samples_per_second": 184462.30978977922,
      "compression_ratio": 11.585335589396504
    },
    {
      "stage": "QAT+PTQ",
      "model_path": "models/tflite/saved_model_qat_ptq.tflite",
      "file_size_bytes": 70904,
      "file_size_mb": 0.06761932373046875,
      "parameter_count": 61969,
      "accuracy": 0.7614799649020181,
      "precision": 0.40149203787177923,
      "recall": 0.7000858074480865,
      "f1_score": 0.5103204983862494,
      "precision_normal": 0.922883442621504,
      "recall_normal": 0.7747319913763085,
      "avg_latency_ms": 0.5446195602416992,
      "min_latency_ms": 0.5347728729248047,
      "max_latency_ms": 0.5934238433837891,
      "samples_per_second": 183614.41141706432,
      "compression_ratio": 11.587949904095678
    },
    {
      "stage": "noQAT+PTQ",
      "model_path": "models/tflite/saved_model_no_qat_ptq.tflite",
      "file_size_bytes": 70920,
      "file_size_mb": 0.06763458251953125,
      "parameter_count": 61969,
      "accuracy": 0.8224688017938968,
      "precision": 0.0,
      "recall": 0.0,
      "f1_score": 0.0,
      "precision_normal": 0.8224688017938968,
      "recall_normal": 1.0,
      "avg_latency_ms": 0.5423307418823242,
      "min_latency_ms": 0.5326271057128906,
      "max_latency_ms": 0.6046295166015625,
      "samples_per_second": 184389.32606497558,
      "compression_ratio": 11.585335589396504
    }
  ]
}