{
  "version": "v12",
  "data_version": "cicids2017_bal4.0",
  "generated_at": "2026-02-07T11:55:37.579495",
  "results": [
    {
      "stage": "Original",
      "model_path": "models/tflite/saved_model_original.tflite",
      "file_size_bytes": 821632,
      "file_size_mb": 0.7835693359375,
      "parameter_count": 205777,
      "accuracy": 0.6566495102108584,
      "precision": 0.324902904954176,
      "recall": 0.9419182135183685,
      "f1_score": 0.4831494507612257,
      "avg_latency_ms": 3.519272804260254,
      "min_latency_ms": 2.7031898498535156,
      "max_latency_ms": 4.966974258422852,
      "samples_per_second": 28414.961147355512,
      "compression_ratio": 1.0
    },
    {
      "stage": "Compressed (PTQ)",
      "model_path": "models/tflite/saved_model_pruned_quantized.tflite",
      "file_size_bytes": 70896,
      "file_size_mb": 0.0676116943359375,
      "parameter_count": 61969,
      "accuracy": 0.905434789131622,
      "precision": 0.6778544277066029,
      "recall": 0.8479447712303194,
      "f1_score": 0.7534190842800363,
      "avg_latency_ms": 0.8814334869384766,
      "min_latency_ms": 0.6735324859619141,
      "max_latency_ms": 1.3248920440673828,
      "samples_per_second": 113451.55531512038,
      "compression_ratio": 11.589257503949447
    }
  ]
}