{
  "version": "v20",
  "data_version": "cicids2017_max2000k_bal4.0",
  "generated_at": "2026-02-18T20:59:42.467890",
  "results": [
    {
      "stage": "Original",
      "model_path": "models/tflite/saved_model_original.tflite",
      "file_size_bytes": 821632,
      "file_size_mb": 0.7835693359375,
      "parameter_count": 205777,
      "accuracy": 0.7871331773423028,
      "precision": 0.45121068838445877,
      "recall": 0.9203706881757336,
      "f1_score": 0.6055507881306174,
      "precision_normal": 0.9778378533286207,
      "recall_normal": 0.7583736488438771,
      "avg_latency_ms": 2.3287057876586914,
      "min_latency_ms": 2.153158187866211,
      "max_latency_ms": 2.611875534057617,
      "samples_per_second": 42942.30749541838,
      "compression_ratio": 1.0
    },
    {
      "stage": "QAT+Prune only",
      "model_path": "models/tflite/saved_model_qat_pruned_float32.tflite",
      "file_size_bytes": 248228,
      "file_size_mb": 0.23672866821289062,
      "parameter_count": 61969,
      "accuracy": 0.8510072389587598,
      "precision": 0.5451835415561237,
      "recall": 0.9698129397631714,
      "f1_score": 0.6979898100972672,
      "precision_normal": 0.9921672180933254,
      "recall_normal": 0.825362839594894,
      "avg_latency_ms": 0.8382558822631836,
      "min_latency_ms": 0.8254051208496094,
      "max_latency_ms": 0.8940696716308594,
      "samples_per_second": 119295.31556642681,
      "compression_ratio": 3.3099892034742253
    },
    {
      "stage": "Compressed (PTQ)",
      "model_path": "models/tflite/saved_model_pruned_quantized.tflite",
      "file_size_bytes": 70920,
      "file_size_mb": 0.06763458251953125,
      "parameter_count": 61969,
      "accuracy": 0.8510407526567222,
      "precision": 0.545242276297254,
      "recall": 0.9697957782735541,
      "f1_score": 0.6980334996788379,
      "precision_normal": 0.9921632187797775,
      "recall_normal": 0.8254072916126451,
      "avg_latency_ms": 0.5645036697387695,
      "min_latency_ms": 0.5517005920410156,
      "max_latency_ms": 0.6220340728759766,
      "samples_per_second": 177146.76690459094,
      "compression_ratio": 11.585335589396504
    },
    {
      "stage": "QAT+PTQ",
      "model_path": "models/tflite/saved_model_qat_ptq.tflite",
      "file_size_bytes": 70904,
      "file_size_mb": 0.06761932373046875,
      "parameter_count": 61969,
      "accuracy": 0.8510407526567222,
      "precision": 0.545242276297254,
      "recall": 0.9697957782735541,
      "f1_score": 0.6980334996788379,
      "precision_normal": 0.9921632187797775,
      "recall_normal": 0.8254072916126451,
      "avg_latency_ms": 0.556635856628418,
      "min_latency_ms": 0.5412101745605469,
      "max_latency_ms": 0.6215572357177734,
      "samples_per_second": 179650.66175525764,
      "compression_ratio": 11.587949904095678
    },
    {
      "stage": "noQAT+PTQ",
      "model_path": "models/tflite/saved_model_no_qat_ptq.tflite",
      "file_size_bytes": 70920,
      "file_size_mb": 0.06763458251953125,
      "parameter_count": 61969,
      "accuracy": 0.8224688017938968,
      "precision": 0.0,
      "recall": 0.0,
      "f1_score": 0.0,
      "precision_normal": 0.8224688017938968,
      "recall_normal": 1.0,
      "avg_latency_ms": 0.5465984344482422,
      "min_latency_ms": 0.5381107330322266,
      "max_latency_ms": 0.5846023559570312,
      "samples_per_second": 182949.66413678793,
      "compression_ratio": 11.585335589396504
    }
  ]
}