{
  "version": "v20",
  "data_version": "cicids2017_max2000k_bal4.0",
  "generated_at": "2026-02-15T10:05:14.228634",
  "results": [
    {
      "stage": "Original",
      "model_path": "models/tflite/saved_model_original.tflite",
      "file_size_bytes": 821632,
      "file_size_mb": 0.7835693359375,
      "parameter_count": 205777,
      "accuracy": 0.6751486789509603,
      "precision": 0.35318621795261057,
      "recall": 0.9981465591213318,
      "f1_score": 0.5217539515940937,
      "precision_normal": 0.9993396353319556,
      "recall_normal": 0.6054290731013432,
      "avg_latency_ms": 2.2209882736206055,
      "min_latency_ms": 2.1419525146484375,
      "max_latency_ms": 2.5391578674316406,
      "samples_per_second": 45025.0013418496,
      "compression_ratio": 1.0
    },
    {
      "stage": "QAT+Prune only",
      "model_path": "models/tflite/saved_model_qat_pruned_float32.tflite",
      "file_size_bytes": 248228,
      "file_size_mb": 0.23672866821289062,
      "parameter_count": 61969,
      "accuracy": 0.8339609534951741,
      "precision": 0.5173138712934913,
      "recall": 0.9670671014244037,
      "f1_score": 0.674055023923445,
      "precision_normal": 0.9912491905843297,
      "recall_normal": 0.8052297798884255,
      "avg_latency_ms": 0.8505821228027344,
      "min_latency_ms": 0.8420944213867188,
      "max_latency_ms": 0.9043216705322266,
      "samples_per_second": 117566.54333445453,
      "compression_ratio": 3.3099892034742253
    },
    {
      "stage": "Compressed (PTQ)",
      "model_path": "models/tflite/saved_model_pruned_quantized.tflite",
      "file_size_bytes": 70920,
      "file_size_mb": 0.06763458251953125,
      "parameter_count": 61969,
      "accuracy": 0.8330804572487082,
      "precision": 0.5159435681000467,
      "recall": 0.9671529088724902,
      "f1_score": 0.6729114800685377,
      "precision_normal": 0.9912600744309231,
      "recall_normal": 0.8041407054535217,
      "avg_latency_ms": 0.5444049835205078,
      "min_latency_ms": 0.5369186401367188,
      "max_latency_ms": 0.5879402160644531,
      "samples_per_second": 183686.7828676535,
      "compression_ratio": 11.585335589396504
    },
    {
      "stage": "QAT+PTQ",
      "model_path": "models/tflite/saved_model_qat_ptq.tflite",
      "file_size_bytes": 70904,
      "file_size_mb": 0.06761932373046875,
      "parameter_count": 61969,
      "accuracy": 0.8330804572487082,
      "precision": 0.5159435681000467,
      "recall": 0.9671529088724902,
      "f1_score": 0.6729114800685377,
      "precision_normal": 0.9912600744309231,
      "recall_normal": 0.8041407054535217,
      "avg_latency_ms": 0.5405187606811523,
      "min_latency_ms": 0.5314350128173828,
      "max_latency_ms": 0.5817413330078125,
      "samples_per_second": 185007.45445723613,
      "compression_ratio": 11.587949904095678
    },
    {
      "stage": "noQAT+PTQ",
      "model_path": "models/tflite/saved_model_no_qat_ptq.tflite",
      "file_size_bytes": 70920,
      "file_size_mb": 0.06763458251953125,
      "parameter_count": 61969,
      "accuracy": 0.8224688017938968,
      "precision": 0.0,
      "recall": 0.0,
      "f1_score": 0.0,
      "precision_normal": 0.8224688017938968,
      "recall_normal": 1.0,
      "avg_latency_ms": 0.5459308624267578,
      "min_latency_ms": 0.5354881286621094,
      "max_latency_ms": 0.6022453308105469,
      "samples_per_second": 183173.37758756225,
      "compression_ratio": 11.585335589396504
    }
  ]
}