{
  "version": "v20",
  "data_version": "cicids2017_max2000k_bal4.0",
  "generated_at": "2026-02-18T04:17:02.877222",
  "results": [
    {
      "stage": "Original",
      "model_path": "models/tflite/saved_model_original.tflite",
      "file_size_bytes": 821632,
      "file_size_mb": 0.7835693359375,
      "parameter_count": 205777,
      "accuracy": 0.26243053524422344,
      "precision": 0.14955273733899688,
      "recall": 0.6731079457696928,
      "f1_score": 0.24473063531878253,
      "precision_normal": 0.7112276765410388,
      "recall_normal": 0.1737851633982086,
      "avg_latency_ms": 2.3094892501831055,
      "min_latency_ms": 2.1390914916992188,
      "max_latency_ms": 2.6085376739501953,
      "samples_per_second": 43299.61700062973,
      "compression_ratio": 1.0
    },
    {
      "stage": "QAT+Prune only",
      "model_path": "models/tflite/saved_model_qat_pruned_float32.tflite",
      "file_size_bytes": 248228,
      "file_size_mb": 0.23672866821289062,
      "parameter_count": 61969,
      "accuracy": 0.7633689187871697,
      "precision": 0.4284839994101165,
      "recall": 0.9972713231508495,
      "f1_score": 0.5994223528804993,
      "precision_normal": 0.9991744719735831,
      "recall_normal": 0.7128807130103647,
      "avg_latency_ms": 0.8481979370117188,
      "min_latency_ms": 0.8370876312255859,
      "max_latency_ms": 0.8981227874755859,
      "samples_per_second": 117897.00921969868,
      "compression_ratio": 3.3099892034742253
    },
    {
      "stage": "Compressed (PTQ)",
      "model_path": "models/tflite/saved_model_pruned_quantized.tflite",
      "file_size_bytes": 70920,
      "file_size_mb": 0.06763458251953125,
      "parameter_count": 61969,
      "accuracy": 0.7615043385005362,
      "precision": 0.426558026866329,
      "recall": 0.9972541616612322,
      "f1_score": 0.5975321336760926,
      "precision_normal": 0.9991666406241861,
      "recall_normal": 0.7106173644398676,
      "avg_latency_ms": 0.5445718765258789,
      "min_latency_ms": 0.5362033843994141,
      "max_latency_ms": 0.5962848663330078,
      "samples_per_second": 183630.48903287947,
      "compression_ratio": 11.585335589396504
    },
    {
      "stage": "QAT+PTQ",
      "model_path": "models/tflite/saved_model_qat_ptq.tflite",
      "file_size_bytes": 70904,
      "file_size_mb": 0.06761932373046875,
      "parameter_count": 61969,
      "accuracy": 0.7615043385005362,
      "precision": 0.426558026866329,
      "recall": 0.9972541616612322,
      "f1_score": 0.5975321336760926,
      "precision_normal": 0.9991666406241861,
      "recall_normal": 0.7106173644398676,
      "avg_latency_ms": 0.5430221557617188,
      "min_latency_ms": 0.5340576171875,
      "max_latency_ms": 0.5929470062255859,
      "samples_per_second": 184154.54864769932,
      "compression_ratio": 11.587949904095678
    },
    {
      "stage": "noQAT+PTQ",
      "model_path": "models/tflite/saved_model_no_qat_ptq.tflite",
      "file_size_bytes": 70920,
      "file_size_mb": 0.06763458251953125,
      "parameter_count": 61969,
      "accuracy": 0.8224688017938968,
      "precision": 0.0,
      "recall": 0.0,
      "f1_score": 0.0,
      "precision_normal": 0.8224688017938968,
      "recall_normal": 1.0,
      "avg_latency_ms": 0.5373954772949219,
      "min_latency_ms": 0.530242919921875,
      "max_latency_ms": 0.5788803100585938,
      "samples_per_second": 186082.6974267968,
      "compression_ratio": 11.585335589396504
    }
  ]
}