{
  "version": "v20",
  "data_version": "cicids2017_max2000k_bal4.0",
  "generated_at": "2026-02-14T04:35:07.073252",
  "results": [
    {
      "stage": "Original",
      "model_path": "models/tflite/saved_model_original.tflite",
      "file_size_bytes": 821632,
      "file_size_mb": 0.7835693359375,
      "parameter_count": 205777,
      "accuracy": 0.33312920444574434,
      "precision": 0.20814510882798673,
      "recall": 0.9828899948515532,
      "f1_score": 0.3435394041909972,
      "precision_normal": 0.9812117214736644,
      "recall_normal": 0.19287730502233713,
      "avg_latency_ms": 2.2370338439941406,
      "min_latency_ms": 2.183675765991211,
      "max_latency_ms": 2.541065216064453,
      "samples_per_second": 44702.05056060025,
      "compression_ratio": 1.0
    },
    {
      "stage": "QAT+Prune only",
      "model_path": "models/tflite/saved_model_qat_pruned_float32.tflite",
      "file_size_bytes": 248228,
      "file_size_mb": 0.23672866821289062,
      "parameter_count": 61969,
      "accuracy": 0.816725772643073,
      "precision": 0.49198752008433294,
      "recall": 0.9931697271323151,
      "f1_score": 0.6580139739282201,
      "precision_normal": 0.9981101165744676,
      "recall_normal": 0.7786400646035991,
      "avg_latency_ms": 0.8764028549194336,
      "min_latency_ms": 0.8535385131835938,
      "max_latency_ms": 0.9734630584716797,
      "samples_per_second": 114102.77755107594,
      "compression_ratio": 3.3099892034742253
    },
    {
      "stage": "Compressed (PTQ)",
      "model_path": "models/tflite/saved_model_pruned_quantized.tflite",
      "file_size_bytes": 70920,
      "file_size_mb": 0.06763458251953125,
      "parameter_count": 61969,
      "accuracy": 0.8160798722823438,
      "precision": 0.49109803621914877,
      "recall": 0.9926720439334135,
      "f1_score": 0.6571089387854794,
      "precision_normal": 0.9979709277184579,
      "recall_normal": 0.7779621713328938,
      "avg_latency_ms": 0.5736112594604492,
      "min_latency_ms": 0.5629062652587891,
      "max_latency_ms": 0.6253719329833984,
      "samples_per_second": 174334.09534893386,
      "compression_ratio": 11.585335589396504
    },
    {
      "stage": "QAT+PTQ",
      "model_path": "models/tflite/saved_model_qat_ptq.tflite",
      "file_size_bytes": 70904,
      "file_size_mb": 0.06761932373046875,
      "parameter_count": 61969,
      "accuracy": 0.8160798722823438,
      "precision": 0.49109803621914877,
      "recall": 0.9926720439334135,
      "f1_score": 0.6571089387854794,
      "precision_normal": 0.9979709277184579,
      "recall_normal": 0.7779621713328938,
      "avg_latency_ms": 0.5554676055908203,
      "min_latency_ms": 0.5404949188232422,
      "max_latency_ms": 0.6432533264160156,
      "samples_per_second": 180028.50030045497,
      "compression_ratio": 11.587949904095678
    },
    {
      "stage": "noQAT+PTQ",
      "model_path": "models/tflite/saved_model_no_qat_ptq.tflite",
      "file_size_bytes": 70920,
      "file_size_mb": 0.06763458251953125,
      "parameter_count": 61969,
      "accuracy": 0.8224688017938968,
      "precision": 0.0,
      "recall": 0.0,
      "f1_score": 0.0,
      "precision_normal": 0.8224688017938968,
      "recall_normal": 1.0,
      "avg_latency_ms": 0.5557537078857422,
      "min_latency_ms": 0.545501708984375,
      "max_latency_ms": 0.6139278411865234,
      "samples_per_second": 179935.82153582154,
      "compression_ratio": 11.585335589396504
    }
  ]
}