{
  "version": "v20",
  "data_version": "cicids2017_max2000k_bal4.0",
  "generated_at": "2026-02-17T00:50:10.808669",
  "results": [
    {
      "stage": "Original",
      "model_path": "models/tflite/saved_model_original.tflite",
      "file_size_bytes": 821632,
      "file_size_mb": 0.7835693359375,
      "parameter_count": 205777,
      "accuracy": 0.7650811640830653,
      "precision": 0.40575968619916747,
      "recall": 0.6958984039814656,
      "f1_score": 0.5126227829538703,
      "precision_normal": 0.9223787496495655,
      "recall_normal": 0.7800143728190729,
      "avg_latency_ms": 1.947021484375,
      "min_latency_ms": 1.9106864929199219,
      "max_latency_ms": 1.985311508178711,
      "samples_per_second": 51360.50156739812,
      "compression_ratio": 1.0
    },
    {
      "stage": "QAT+Prune only",
      "model_path": "models/tflite/saved_model_qat_pruned_float32.tflite",
      "file_size_bytes": 248228,
      "file_size_mb": 0.23672866821289062,
      "parameter_count": 61969,
      "accuracy": 0.7294865701472165,
      "precision": 0.3960828912512003,
      "recall": 0.9981465591213318,
      "f1_score": 0.5671215378839957,
      "precision_normal": 0.9994045682844399,
      "recall_normal": 0.6714958844840232,
      "avg_latency_ms": 0.7682561874389648,
      "min_latency_ms": 0.759124755859375,
      "max_latency_ms": 0.8056163787841797,
      "samples_per_second": 130164.9132607144,
      "compression_ratio": 3.3099892034742253
    },
    {
      "stage": "Compressed (PTQ)",
      "model_path": "models/tflite/saved_model_pruned_quantized.tflite",
      "file_size_bytes": 70920,
      "file_size_mb": 0.06763458251953125,
      "parameter_count": 61969,
      "accuracy": 0.7284537389100126,
      "precision": 0.39517202956843134,
      "recall": 0.998163720610949,
      "f1_score": 0.5661899987345099,
      "precision_normal": 0.9994089703932832,
      "recall_normal": 0.67023641064774,
      "avg_latency_ms": 0.47228336334228516,
      "min_latency_ms": 0.4646778106689453,
      "max_latency_ms": 0.5228519439697266,
      "samples_per_second": 211737.29113029432,
      "compression_ratio": 11.585335589396504
    },
    {
      "stage": "QAT+PTQ",
      "model_path": "models/tflite/saved_model_qat_ptq.tflite",
      "file_size_bytes": 70904,
      "file_size_mb": 0.06761932373046875,
      "parameter_count": 61969,
      "accuracy": 0.7284537389100126,
      "precision": 0.39517202956843134,
      "recall": 0.998163720610949,
      "f1_score": 0.5661899987345099,
      "precision_normal": 0.9994089703932832,
      "recall_normal": 0.67023641064774,
      "avg_latency_ms": 0.47473907470703125,
      "min_latency_ms": 0.46706199645996094,
      "max_latency_ms": 0.5197525024414062,
      "samples_per_second": 210642.02490960225,
      "compression_ratio": 11.587949904095678
    },
    {
      "stage": "noQAT+PTQ",
      "model_path": "models/tflite/saved_model_no_qat_ptq.tflite",
      "file_size_bytes": 70920,
      "file_size_mb": 0.06763458251953125,
      "parameter_count": 61969,
      "accuracy": 0.8224688017938968,
      "precision": 0.0,
      "recall": 0.0,
      "f1_score": 0.0,
      "precision_normal": 0.8224688017938968,
      "recall_normal": 1.0,
      "avg_latency_ms": 0.47049522399902344,
      "min_latency_ms": 0.4646778106689453,
      "max_latency_ms": 0.5056858062744141,
      "samples_per_second": 212542.00871592175,
      "compression_ratio": 11.585335589396504
    }
  ]
}