{
  "version": "v20",
  "data_version": "cicids2017_max2000k_bal4.0",
  "generated_at": "2026-02-15T21:59:22.808924",
  "results": [
    {
      "stage": "Original",
      "model_path": "models/tflite/saved_model_original.tflite",
      "file_size_bytes": 821632,
      "file_size_mb": 0.7835693359375,
      "parameter_count": 205777,
      "accuracy": 0.7262418348444964,
      "precision": 0.3258990584966816,
      "recall": 0.5073107945769693,
      "f1_score": 0.39685586940178286,
      "precision_normal": 0.8791291607372915,
      "recall_normal": 0.7734984478837135,
      "avg_latency_ms": 1.9709348678588867,
      "min_latency_ms": 1.9321441650390625,
      "max_latency_ms": 2.0177364349365234,
      "samples_per_second": 50737.343801033065,
      "compression_ratio": 1.0
    },
    {
      "stage": "QAT+Prune only",
      "model_path": "models/tflite/saved_model_qat_pruned_float32.tflite",
      "file_size_bytes": 248228,
      "file_size_mb": 0.23672866821289062,
      "parameter_count": 61969,
      "accuracy": 0.9003790094569563,
      "precision": 0.6541782225973712,
      "recall": 0.9310279732280762,
      "f1_score": 0.76842776203966,
      "precision_normal": 0.9836155796717408,
      "recall_normal": 0.8937633819095105,
      "avg_latency_ms": 0.7552862167358398,
      "min_latency_ms": 0.7452964782714844,
      "max_latency_ms": 0.8175373077392578,
      "samples_per_second": 132400.13889327316,
      "compression_ratio": 3.3099892034742253
    },
    {
      "stage": "Compressed (PTQ)",
      "model_path": "models/tflite/saved_model_pruned_quantized.tflite",
      "file_size_bytes": 70920,
      "file_size_mb": 0.06763458251953125,
      "parameter_count": 61969,
      "accuracy": 0.9005526713463976,
      "precision": 0.6547252508421777,
      "recall": 0.9305817744980265,
      "f1_score": 0.7686528552494489,
      "precision_normal": 0.9835169089212439,
      "recall_normal": 0.8940708416989561,
      "avg_latency_ms": 0.4736900329589844,
      "min_latency_ms": 0.46539306640625,
      "max_latency_ms": 0.5176067352294922,
      "samples_per_second": 211108.516206966,
      "compression_ratio": 11.585335589396504
    },
    {
      "stage": "QAT+PTQ",
      "model_path": "models/tflite/saved_model_qat_ptq.tflite",
      "file_size_bytes": 70904,
      "file_size_mb": 0.06761932373046875,
      "parameter_count": 61969,
      "accuracy": 0.9005526713463976,
      "precision": 0.6547252508421777,
      "recall": 0.9305817744980265,
      "f1_score": 0.7686528552494489,
      "precision_normal": 0.9835169089212439,
      "recall_normal": 0.8940708416989561,
      "avg_latency_ms": 0.47664642333984375,
      "min_latency_ms": 0.46706199645996094,
      "max_latency_ms": 0.5204677581787109,
      "samples_per_second": 209799.11964785916,
      "compression_ratio": 11.587949904095678
    },
    {
      "stage": "noQAT+PTQ",
      "model_path": "models/tflite/saved_model_no_qat_ptq.tflite",
      "file_size_bytes": 70920,
      "file_size_mb": 0.06763458251953125,
      "parameter_count": 61969,
      "accuracy": 0.8224688017938968,
      "precision": 0.0,
      "recall": 0.0,
      "f1_score": 0.0,
      "precision_normal": 0.8224688017938968,
      "recall_normal": 1.0,
      "avg_latency_ms": 0.47490596771240234,
      "min_latency_ms": 0.46753883361816406,
      "max_latency_ms": 0.5168914794921875,
      "samples_per_second": 210568.0004016266,
      "compression_ratio": 11.585335589396504
    }
  ]
}