{
  "tag": "no_qat__distill_direct__prune_none__ptq_yes",
  "fl_qat": false,
  "distillation": "direct",
  "pruning": "prune_none",
  "ptq": true,
  "fl_acc": 0.9500998301397622,
  "fl_f1": 0.8754949160733868,
  "fl_prec": 0.7800818192358017,
  "fl_rec": 0.9975009000995404,
  "fl_size_kb": 864.109375,
  "dist_acc": 0.9750797151116012,
  "dist_f1": 0.9334818143854277,
  "prune_acc": null,
  "prune_f1": null,
  "final_acc": 0.9763089668325535,
  "final_f1": 0.9359348872816649,
  "final_prec": 0.8924256103886125,
  "final_rec": 0.983904102336023,
  "tflite_size_kb": 69.546875,
  "final_size_kb": 266.7578125
}