{
  "tag": "yes_qat__distill_progressive__prune_5x10__ptq_no",
  "fl_qat": true,
  "distillation": "progressive",
  "pruning": "prune_5x10",
  "ptq": false,
  "fl_acc": 0.846421759990464,
  "fl_f1": 0.3271041765272315,
  "fl_prec": 0.7130354347516721,
  "fl_rec": 0.2122328822246225,
  "fl_size_kb": 864.109375,
  "dist_acc": 0.8613702059182883,
  "dist_f1": 0.35046076514939967,
  "prune_acc": 0.9781640194296272,
  "prune_f1": 0.9409881613916405,
  "final_acc": 0.9781640194296272,
  "final_f1": 0.9409881613916405,
  "final_prec": null,
  "final_rec": null,
  "tflite_size_kb": 36.96484375,
  "final_size_kb": 174.3671875
}