{
  "version": "v20",
  "data_version": "cicids2017_max2000k_bal4.0",
  "generated_at": "2026-02-22T15:07:18.172970",
  "results": [
    {
      "stage": "Original",
      "model_path": "models/tflite/saved_model_original.tflite",
      "file_size_bytes": 821632,
      "file_size_mb": 0.7835693359375,
      "parameter_count": 205777,
      "accuracy": 0.9390233499073803,
      "precision": 0.7479647394347939,
      "recall": 0.9901836279389051,
      "f1_score": 0.852197031238461,
      "precision_normal": 0.997721877937264,
      "recall_normal": 0.9279803225734755,
      "avg_latency_ms": 1.9183874130249023,
      "min_latency_ms": 1.8846988677978516,
      "max_latency_ms": 2.0020008087158203,
      "samples_per_second": 52127.11432583921,
      "compression_ratio": 1.0
    },
    {
      "stage": "QAT+Prune only",
      "model_path": "models/tflite/saved_model_qat_pruned_float32.tflite",
      "file_size_bytes": 248228,
      "file_size_mb": 0.23672866821289062,
      "parameter_count": 61969,
      "accuracy": 0.2070872331090962,
      "precision": 0.1829381237775608,
      "recall": 1.0,
      "f1_score": 0.3092944932628791,
      "precision_normal": 1.0,
      "recall_normal": 0.035935752017010304,
      "avg_latency_ms": 0.7585287094116211,
      "min_latency_ms": 0.7498264312744141,
      "max_latency_ms": 0.8132457733154297,
      "samples_per_second": 131834.1662737702,
      "compression_ratio": 3.3099892034742253
    },
    {
      "stage": "Compressed (PTQ)",
      "model_path": "models/tflite/saved_model_pruned_quantized.tflite",
      "file_size_bytes": 70920,
      "file_size_mb": 0.06763458251953125,
      "parameter_count": 61969,
      "accuracy": 0.20657538754021643,
      "precision": 0.18284168677496385,
      "recall": 1.0,
      "f1_score": 0.30915665015744337,
      "precision_normal": 1.0,
      "recall_normal": 0.03531342376849389,
      "avg_latency_ms": 0.4750967025756836,
      "min_latency_ms": 0.4673004150390625,
      "max_latency_ms": 0.5195140838623047,
      "samples_per_second": 210483.46464595775,
      "compression_ratio": 11.585335589396504
    },
    {
      "stage": "QAT+PTQ",
      "model_path": "models/tflite/saved_model_qat_ptq.tflite",
      "file_size_bytes": 70904,
      "file_size_mb": 0.06761932373046875,
      "parameter_count": 61969,
      "accuracy": 0.20657538754021643,
      "precision": 0.18284168677496385,
      "recall": 1.0,
      "f1_score": 0.30915665015744337,
      "precision_normal": 1.0,
      "recall_normal": 0.03531342376849389,
      "avg_latency_ms": 0.47669410705566406,
      "min_latency_ms": 0.46825408935546875,
      "max_latency_ms": 0.5233287811279297,
      "samples_per_second": 209778.13344003202,
      "compression_ratio": 11.587949904095678
    },
    {
      "stage": "noQAT+PTQ",
      "model_path": "models/tflite/saved_model_no_qat_ptq.tflite",
      "file_size_bytes": 70920,
      "file_size_mb": 0.06763458251953125,
      "parameter_count": 61969,
      "accuracy": 0.8224688017938968,
      "precision": 0.0,
      "recall": 0.0,
      "f1_score": 0.0,
      "precision_normal": 0.8224688017938968,
      "recall_normal": 1.0,
      "avg_latency_ms": 0.48241615295410156,
      "min_latency_ms": 0.4756450653076172,
      "max_latency_ms": 0.5254745483398438,
      "samples_per_second": 207289.90807551646,
      "compression_ratio": 11.585335589396504
    }
  ]
}