{
  "tag": "no_qat__distill_none__prune_none__ptq_yes",
  "fl_qat": false,
  "distillation": "none",
  "pruning": "prune_none",
  "ptq": true,
  "fl_acc": 0.9631612953557548,
  "fl_f1": 0.9010881591526753,
  "fl_prec": 0.8304376664389732,
  "fl_rec": 0.9848778368731875,
  "fl_size_kb": 850.7578125,
  "dist_acc": null,
  "dist_f1": null,
  "prune_acc": null,
  "prune_f1": null,
  "final_acc": 0.9461241946034178,
  "final_f1": 0.8606435656371755,
  "final_prec": 0.7693951560678669,
  "final_rec": 0.9764479353785824,
  "tflite_size_kb": 226.8125,
  "final_size_kb": 864.109375
}