{
  "version": "v20",
  "data_version": "cicids2017_max2000k_bal4.0",
  "generated_at": "2026-02-12T16:03:31.829961",
  "results": [
    {
      "stage": "Original",
      "model_path": "models/tflite/saved_model_original.tflite",
      "file_size_bytes": 821652,
      "file_size_mb": 0.7835884094238281,
      "parameter_count": 205777,
      "accuracy": 0.4492145607877547,
      "precision": 0.2419962850800898,
      "recall": 0.9860133859619015,
      "f1_score": 0.3886151421585371,
      "precision_normal": 0.9910245256214002,
      "recall_normal": 0.333345681116042,
      "avg_latency_ms": 2.2422075271606445,
      "min_latency_ms": 2.0682811737060547,
      "max_latency_ms": 2.417325973510742,
      "samples_per_second": 44598.90477962677,
      "compression_ratio": 1.0
    },
    {
      "stage": "QAT+Prune only",
      "model_path": "models/tflite/saved_model_qat_pruned_float32.tflite",
      "file_size_bytes": 248212,
      "file_size_mb": 0.23671340942382812,
      "parameter_count": 61969,
      "accuracy": 0.9432613093497124,
      "precision": 0.7773409628272031,
      "recall": 0.9535266861163549,
      "f1_score": 0.8564668161884282,
      "precision_normal": 0.9894526518323485,
      "recall_normal": 0.9410455114575076,
      "avg_latency_ms": 0.8099555969238281,
      "min_latency_ms": 0.7946491241455078,
      "max_latency_ms": 0.8690357208251953,
      "samples_per_second": 123463.5582244201,
      "compression_ratio": 3.3102831450534222
    },
    {
      "stage": "Compressed (PTQ)",
      "model_path": "models/tflite/saved_model_pruned_quantized.tflite",
      "file_size_bytes": 70920,
      "file_size_mb": 0.06763458251953125,
      "parameter_count": 61969,
      "accuracy": 0.942883518572682,
      "precision": 0.7760101680237999,
      "recall": 0.9534923631371203,
      "f1_score": 0.855644621035367,
      "precision_normal": 0.9894399264301885,
      "recall_normal": 0.9405935826103706,
      "avg_latency_ms": 0.5328178405761719,
      "min_latency_ms": 0.4668235778808594,
      "max_latency_ms": 0.5843639373779297,
      "samples_per_second": 187681.4032575622,
      "compression_ratio": 11.585617597292725
    },
    {
      "stage": "QAT+PTQ",
      "model_path": "models/tflite/saved_model_qat_ptq.tflite",
      "file_size_bytes": 70904,
      "file_size_mb": 0.06761932373046875,
      "parameter_count": 61969,
      "accuracy": 0.942883518572682,
      "precision": 0.7760101680237999,
      "recall": 0.9534923631371203,
      "f1_score": 0.855644621035367,
      "precision_normal": 0.9894399264301885,
      "recall_normal": 0.9405935826103706,
      "avg_latency_ms": 0.5486249923706055,
      "min_latency_ms": 0.5323886871337891,
      "max_latency_ms": 0.6084442138671875,
      "samples_per_second": 182273.86901916476,
      "compression_ratio": 11.58823197562902
    },
    {
      "stage": "noQAT+PTQ",
      "model_path": "models/tflite/saved_model_no_qat_ptq.tflite",
      "file_size_bytes": 70920,
      "file_size_mb": 0.06763458251953125,
      "parameter_count": 61969,
      "accuracy": 0.8224688017938968,
      "precision": 0.0,
      "recall": 0.0,
      "f1_score": 0.0,
      "precision_normal": 0.8224688017938968,
      "recall_normal": 1.0,
      "avg_latency_ms": 0.5495548248291016,
      "min_latency_ms": 0.5385875701904297,
      "max_latency_ms": 0.5960464477539062,
      "samples_per_second": 181965.46637744035,
      "compression_ratio": 11.585617597292725
    }
  ]
}