{
  "version": "v7",
  "data_version": "cicids2017_max1500k",
  "generated_at": "2026-01-31T02:47:23.818004",
  "results": [
    {
      "stage": "Original",
      "model_path": "models/tflite/saved_model_original.tflite",
      "file_size_bytes": 215612,
      "file_size_mb": 0.20562362670898438,
      "parameter_count": 53844,
      "accuracy": 0.1293313649095154,
      "precision": 0.13662187753629723,
      "recall": 0.5745065931224683,
      "f1_score": 0.22074821258854269,
      "avg_latency_ms": 0.46226978302001953,
      "min_latency_ms": 0.43392181396484375,
      "max_latency_ms": 0.5030632019042969,
      "samples_per_second": 216323.89499200578,
      "compression_ratio": 1.0
    },
    {
      "stage": "Compressed",
      "model_path": "models/tflite/saved_model_pruned_quantized.tflite",
      "file_size_bytes": 21648,
      "file_size_mb": 0.0206451416015625,
      "parameter_count": 18772,
      "accuracy": 0.21466179740774863,
      "precision": 0.21465889161048746,
      "recall": 1.0,
      "f1_score": 0.35344719919824785,
      "avg_latency_ms": 0.680994987487793,
      "min_latency_ms": 0.6601810455322266,
      "max_latency_ms": 0.7278919219970703,
      "samples_per_second": 146843.95896789554,
      "compression_ratio": 9.95990391722099
    }
  ]
}