{
  "version": "v20",
  "data_version": "cicids2017_max2000k_bal4.0",
  "generated_at": "2026-02-14T16:05:01.550967",
  "results": [
    {
      "stage": "Original",
      "model_path": "models/tflite/saved_model_original.tflite",
      "file_size_bytes": 821632,
      "file_size_mb": 0.7835693359375,
      "parameter_count": 205777,
      "accuracy": 0.5199528370868675,
      "precision": 0.26944100013467637,
      "recall": 0.995692466106058,
      "f1_score": 0.42411394695194826,
      "precision_normal": 0.9977766557713942,
      "recall_normal": 0.41726368196063035,
      "avg_latency_ms": 2.3012876510620117,
      "min_latency_ms": 2.133607864379883,
      "max_latency_ms": 2.9561519622802734,
      "samples_per_second": 43453.93325943039,
      "compression_ratio": 1.0
    },
    {
      "stage": "QAT+Prune only",
      "model_path": "models/tflite/saved_model_qat_pruned_float32.tflite",
      "file_size_bytes": 248228,
      "file_size_mb": 0.23672866821289062,
      "parameter_count": 61969,
      "accuracy": 0.8324132299892756,
      "precision": 0.5155692507298086,
      "recall": 0.927458383387678,
      "f1_score": 0.6627302381477939,
      "precision_normal": 0.9810789518446568,
      "recall_normal": 0.8118975825511013,
      "avg_latency_ms": 0.7771015167236328,
      "min_latency_ms": 0.7641315460205078,
      "max_latency_ms": 0.8254051208496094,
      "samples_per_second": 128683.31594772045,
      "compression_ratio": 3.3099892034742253
    },
    {
      "stage": "Compressed (PTQ)",
      "model_path": "models/tflite/saved_model_pruned_quantized.tflite",
      "file_size_bytes": 70920,
      "file_size_mb": 0.06763458251953125,
      "parameter_count": 61969,
      "accuracy": 0.8324711172857561,
      "precision": 0.5156749840051184,
      "recall": 0.9267547623133688,
      "f1_score": 0.662637814357848,
      "precision_normal": 0.9809040594533407,
      "recall_normal": 0.8121198426398571,
      "avg_latency_ms": 0.5357265472412109,
      "min_latency_ms": 0.5280971527099609,
      "max_latency_ms": 0.5795955657958984,
      "samples_per_second": 186662.39430351582,
      "compression_ratio": 11.585335589396504
    },
    {
      "stage": "QAT+PTQ",
      "model_path": "models/tflite/saved_model_qat_ptq.tflite",
      "file_size_bytes": 70904,
      "file_size_mb": 0.06761932373046875,
      "parameter_count": 61969,
      "accuracy": 0.8324711172857561,
      "precision": 0.5156749840051184,
      "recall": 0.9267547623133688,
      "f1_score": 0.662637814357848,
      "precision_normal": 0.9809040594533407,
      "recall_normal": 0.8121198426398571,
      "avg_latency_ms": 0.5041599273681641,
      "min_latency_ms": 0.46634674072265625,
      "max_latency_ms": 0.5991458892822266,
      "samples_per_second": 198349.75881963494,
      "compression_ratio": 11.587949904095678
    },
    {
      "stage": "noQAT+PTQ",
      "model_path": "models/tflite/saved_model_no_qat_ptq.tflite",
      "file_size_bytes": 70920,
      "file_size_mb": 0.06763458251953125,
      "parameter_count": 61969,
      "accuracy": 0.8224688017938968,
      "precision": 0.0,
      "recall": 0.0,
      "f1_score": 0.0,
      "precision_normal": 0.8224688017938968,
      "recall_normal": 1.0,
      "avg_latency_ms": 0.5431890487670898,
      "min_latency_ms": 0.5333423614501953,
      "max_latency_ms": 0.5908012390136719,
      "samples_per_second": 184097.9677829961,
      "compression_ratio": 11.585335589396504
    }
  ]
}