{
  "version": "v21",
  "data_version": "cicids2017_max2000k_bal4.0",
  "generated_at": "2026-02-23T23:46:59.767340",
  "results": [
    {
      "stage": "Baseline",
      "model_path": "models/tflite/saved_model_original.tflite",
      "file_size_bytes": 821560,
      "file_size_mb": 0.7835006713867188,
      "parameter_count": 205777,
      "accuracy": 0.9155332943355757,
      "precision": 0.7199072740885791,
      "recall": 0.8580573193753218,
      "f1_score": 0.7829348115438217,
      "precision_normal": 0.9680375001932203,
      "recall_normal": 0.9279395748905369,
      "avg_latency_ms": 1.9061565399169922,
      "min_latency_ms": 1.863241195678711,
      "max_latency_ms": 1.9948482513427734,
      "samples_per_second": 52461.588492808005,
      "compression_ratio": 1.0
    },
    {
      "stage": "Traditional+PTQ",
      "model_path": "models/tflite/saved_model_no_qat_ptq.tflite",
      "file_size_bytes": 70856,
      "file_size_mb": 0.06757354736328125,
      "parameter_count": 61969,
      "accuracy": 0.2203982645997855,
      "precision": 0.18548227939163595,
      "recall": 1.0,
      "f1_score": 0.31292290507593495,
      "precision_normal": 1.0,
      "recall_normal": 0.05211999081324967,
      "avg_latency_ms": 0.4826068878173828,
      "min_latency_ms": 0.47397613525390625,
      "max_latency_ms": 0.5340576171875,
      "samples_per_second": 207207.9834008497,
      "compression_ratio": 11.594783786835272
    },
    {
      "stage": "QAT+PTQ",
      "model_path": "models/tflite/saved_model_qat_ptq.tflite",
      "file_size_bytes": 70848,
      "file_size_mb": 0.06756591796875,
      "parameter_count": 61969,
      "accuracy": 0.931872745442137,
      "precision": 0.903154822050073,
      "recall": 0.6902694353869916,
      "f1_score": 0.7824911239725695,
      "precision_normal": 0.9363810369806372,
      "recall_normal": 0.9840232039532661,
      "avg_latency_ms": 0.4842042922973633,
      "min_latency_ms": 0.47588348388671875,
      "max_latency_ms": 0.5340576171875,
      "samples_per_second": 206524.39805012557,
      "compression_ratio": 11.596093044263776
    },
    {
      "stage": "QAT+QAT",
      "model_path": "models/tflite/saved_model_pruned_qat.tflite",
      "file_size_bytes": 66600,
      "file_size_mb": 0.06351470947265625,
      "parameter_count": 62048,
      "accuracy": 0.8905564492541679,
      "precision": 0.8294221698113208,
      "recall": 0.4828213488930839,
      "f1_score": 0.6103481939472828,
      "precision_normal": 0.8976024790692617,
      "recall_normal": 0.9785667187743097,
      "avg_latency_ms": 0.4964113235473633,
      "min_latency_ms": 0.48804283142089844,
      "max_latency_ms": 0.5445480346679688,
      "samples_per_second": 201445.84794198163,
      "compression_ratio": 12.335735735735735
    }
  ]
}