{
  "version": "v20",
  "data_version": "cicids2017_max2000k_bal4.0",
  "generated_at": "2026-02-14T08:36:18.436030",
  "results": [
    {
      "stage": "Original",
      "model_path": "models/tflite/saved_model_original.tflite",
      "file_size_bytes": 821632,
      "file_size_mb": 0.7835693359375,
      "parameter_count": 205777,
      "accuracy": 0.8235381934288778,
      "precision": 0.5018573983722628,
      "recall": 0.8137806761626909,
      "f1_score": 0.6208422527281893,
      "precision_normal": 0.9535760277576935,
      "recall_normal": 0.8256443690406514,
      "avg_latency_ms": 2.2331953048706055,
      "min_latency_ms": 2.1817684173583984,
      "max_latency_ms": 2.4678707122802734,
      "samples_per_second": 44778.88690787577,
      "compression_ratio": 1.0
    },
    {
      "stage": "QAT+Prune only",
      "model_path": "models/tflite/saved_model_qat_pruned_float32.tflite",
      "file_size_bytes": 248228,
      "file_size_mb": 0.23672866821289062,
      "parameter_count": 61969,
      "accuracy": 0.8326600126742713,
      "precision": 0.5161974490833551,
      "recall": 0.9147245580916423,
      "f1_score": 0.6599639688720771,
      "precision_normal": 0.9779123160285731,
      "recall_normal": 0.8149462501018692,
      "avg_latency_ms": 0.8748292922973633,
      "min_latency_ms": 0.8616447448730469,
      "max_latency_ms": 0.9419918060302734,
      "samples_per_second": 114308.01515275393,
      "compression_ratio": 3.3099892034742253
    },
    {
      "stage": "Compressed (PTQ)",
      "model_path": "models/tflite/saved_model_pruned_quantized.tflite",
      "file_size_bytes": 70920,
      "file_size_mb": 0.06763458251953125,
      "parameter_count": 61969,
      "accuracy": 0.8321146534074291,
      "precision": 0.5153587922536578,
      "recall": 0.9115668440020593,
      "f1_score": 0.6584561603589979,
      "precision_normal": 0.977113645650127,
      "recall_normal": 0.8149647717759322,
      "avg_latency_ms": 0.5368709564208984,
      "min_latency_ms": 0.5266666412353516,
      "max_latency_ms": 0.5991458892822266,
      "samples_per_second": 186264.4995115019,
      "compression_ratio": 11.585335589396504
    },
    {
      "stage": "QAT+PTQ",
      "model_path": "models/tflite/saved_model_qat_ptq.tflite",
      "file_size_bytes": 70904,
      "file_size_mb": 0.06761932373046875,
      "parameter_count": 61969,
      "accuracy": 0.8321146534074291,
      "precision": 0.5153587922536578,
      "recall": 0.9115668440020593,
      "f1_score": 0.6584561603589979,
      "precision_normal": 0.977113645650127,
      "recall_normal": 0.8149647717759322,
      "avg_latency_ms": 0.5391359329223633,
      "min_latency_ms": 0.5292892456054688,
      "max_latency_ms": 0.6077289581298828,
      "samples_per_second": 185481.9793923849,
      "compression_ratio": 11.587949904095678
    },
    {
      "stage": "noQAT+PTQ",
      "model_path": "models/tflite/saved_model_no_qat_ptq.tflite",
      "file_size_bytes": 70920,
      "file_size_mb": 0.06763458251953125,
      "parameter_count": 61969,
      "accuracy": 0.8224688017938968,
      "precision": 0.0,
      "recall": 0.0,
      "f1_score": 0.0,
      "precision_normal": 0.8224688017938968,
      "recall_normal": 1.0,
      "avg_latency_ms": 0.5394458770751953,
      "min_latency_ms": 0.5300045013427734,
      "max_latency_ms": 0.5865097045898438,
      "samples_per_second": 185375.40882170954,
      "compression_ratio": 11.585335589396504
    }
  ]
}