{
  "tag": "yes_qat__distill_direct__prune_none__ptq_no",
  "fl_qat": true,
  "distillation": "direct",
  "pruning": "prune_none",
  "ptq": false,
  "fl_acc": 0.846421759990464,
  "fl_f1": 0.3271041765272315,
  "fl_prec": 0.7130354347516721,
  "fl_rec": 0.2122328822246225,
  "fl_size_kb": 864.109375,
  "dist_acc": 0.8472263611169055,
  "dist_f1": 0.3299733707993661,
  "prune_acc": null,
  "prune_f1": null,
  "final_acc": 0.8472263611169055,
  "final_f1": 0.3299733707993661,
  "final_prec": null,
  "final_rec": null,
  "tflite_size_kb": 242.453125,
  "final_size_kb": 283.1015625
}