{
  "version": "v20",
  "data_version": "cicids2017_max2000k_bal4.0",
  "generated_at": "2026-02-15T03:06:31.975450",
  "results": [
    {
      "stage": "Original",
      "model_path": "models/tflite/saved_model_original.tflite",
      "file_size_bytes": 821632,
      "file_size_mb": 0.7835693359375,
      "parameter_count": 205777,
      "accuracy": 0.454378716973774,
      "precision": 0.2090005202612868,
      "recall": 0.744568388536125,
      "f1_score": 0.32638476179012854,
      "precision_normal": 0.8766205776053583,
      "recall_normal": 0.3917408151018322,
      "avg_latency_ms": 2.0010948181152344,
      "min_latency_ms": 1.9068717956542969,
      "max_latency_ms": 2.1970272064208984,
      "samples_per_second": 49972.644521755705,
      "compression_ratio": 1.0
    },
    {
      "stage": "QAT+Prune only",
      "model_path": "models/tflite/saved_model_qat_pruned_float32.tflite",
      "file_size_bytes": 248228,
      "file_size_mb": 0.23672866821289062,
      "parameter_count": 61969,
      "accuracy": 0.8780863069123526,
      "precision": 0.5948735538994044,
      "recall": 0.9821692122876265,
      "f1_score": 0.7409646743528163,
      "precision_normal": 0.9955218798622515,
      "recall_normal": 0.855619846344192,
      "avg_latency_ms": 0.8558034896850586,
      "min_latency_ms": 0.7600784301757812,
      "max_latency_ms": 0.9214878082275391,
      "samples_per_second": 116849.25477085945,
      "compression_ratio": 3.3099892034742253
    },
    {
      "stage": "Compressed (PTQ)",
      "model_path": "models/tflite/saved_model_pruned_quantized.tflite",
      "file_size_bytes": 70920,
      "file_size_mb": 0.06763458251953125,
      "parameter_count": 61969,
      "accuracy": 0.8748750853075948,
      "precision": 0.5886695190473735,
      "recall": 0.9798867341685258,
      "f1_score": 0.7354909348533153,
      "precision_normal": 0.9949314316110869,
      "recall_normal": 0.8522081539817895,
      "avg_latency_ms": 0.5424022674560547,
      "min_latency_ms": 0.5338191986083984,
      "max_latency_ms": 0.5884170532226562,
      "samples_per_second": 184365.01098901097,
      "compression_ratio": 11.585335589396504
    },
    {
      "stage": "QAT+PTQ",
      "model_path": "models/tflite/saved_model_qat_ptq.tflite",
      "file_size_bytes": 70904,
      "file_size_mb": 0.06761932373046875,
      "parameter_count": 61969,
      "accuracy": 0.8748750853075948,
      "precision": 0.5886695190473735,
      "recall": 0.9798867341685258,
      "f1_score": 0.7354909348533153,
      "precision_normal": 0.9949314316110869,
      "recall_normal": 0.8522081539817895,
      "avg_latency_ms": 0.5501747131347656,
      "min_latency_ms": 0.5404949188232422,
      "max_latency_ms": 0.5974769592285156,
      "samples_per_second": 181760.4437510834,
      "compression_ratio": 11.587949904095678
    },
    {
      "stage": "noQAT+PTQ",
      "model_path": "models/tflite/saved_model_no_qat_ptq.tflite",
      "file_size_bytes": 70920,
      "file_size_mb": 0.06763458251953125,
      "parameter_count": 61969,
      "accuracy": 0.8224688017938968,
      "precision": 0.0,
      "recall": 0.0,
      "f1_score": 0.0,
      "precision_normal": 0.8224688017938968,
      "recall_normal": 1.0,
      "avg_latency_ms": 0.5467891693115234,
      "min_latency_ms": 0.5381107330322266,
      "max_latency_ms": 0.5943775177001953,
      "samples_per_second": 182885.8463416761,
      "compression_ratio": 11.585335589396504
    }
  ]
}