{
  "version": "v20",
  "data_version": "cicids2017_max2000k_bal4.0",
  "generated_at": "2026-02-14T07:27:56.312785",
  "results": [
    {
      "stage": "Original",
      "model_path": "models/tflite/saved_model_original.tflite",
      "file_size_bytes": 821632,
      "file_size_mb": 0.7835693359375,
      "parameter_count": 205777,
      "accuracy": 0.5101820707809301,
      "precision": 0.2656585794108771,
      "recall": 0.9970653852754419,
      "f1_score": 0.4195358308541059,
      "precision_normal": 0.9984387268776364,
      "recall_normal": 0.4050875334316217,
      "avg_latency_ms": 2.29339599609375,
      "min_latency_ms": 2.164125442504883,
      "max_latency_ms": 2.554655075073242,
      "samples_per_second": 43603.459747172325,
      "compression_ratio": 1.0
    },
    {
      "stage": "QAT+Prune only",
      "model_path": "models/tflite/saved_model_qat_pruned_float32.tflite",
      "file_size_bytes": 248228,
      "file_size_mb": 0.23672866821289062,
      "parameter_count": 61969,
      "accuracy": 0.17763173929999024,
      "precision": 0.17754904918172648,
      "recall": 1.0,
      "f1_score": 0.3015569488253666,
      "precision_normal": 1.0,
      "recall_normal": 0.00012224304881572416,
      "avg_latency_ms": 0.8637905120849609,
      "min_latency_ms": 0.8170604705810547,
      "max_latency_ms": 1.0609626770019531,
      "samples_per_second": 115768.81037813966,
      "compression_ratio": 3.3099892034742253
    },
    {
      "stage": "Compressed (PTQ)",
      "model_path": "models/tflite/saved_model_pruned_quantized.tflite",
      "file_size_bytes": 70920,
      "file_size_mb": 0.06763458251953125,
      "parameter_count": 61969,
      "accuracy": 0.17763173929999024,
      "precision": 0.17754904918172648,
      "recall": 1.0,
      "f1_score": 0.3015569488253666,
      "precision_normal": 1.0,
      "recall_normal": 0.00012224304881572416,
      "avg_latency_ms": 0.541996955871582,
      "min_latency_ms": 0.5316734313964844,
      "max_latency_ms": 0.6058216094970703,
      "samples_per_second": 184502.88127391896,
      "compression_ratio": 11.585335589396504
    },
    {
      "stage": "QAT+PTQ",
      "model_path": "models/tflite/saved_model_qat_ptq.tflite",
      "file_size_bytes": 70904,
      "file_size_mb": 0.06761932373046875,
      "parameter_count": 61969,
      "accuracy": 0.17763173929999024,
      "precision": 0.17754904918172648,
      "recall": 1.0,
      "f1_score": 0.3015569488253666,
      "precision_normal": 1.0,
      "recall_normal": 0.00012224304881572416,
      "avg_latency_ms": 0.5447626113891602,
      "min_latency_ms": 0.5347728729248047,
      "max_latency_ms": 0.6036758422851562,
      "samples_per_second": 183566.1954571316,
      "compression_ratio": 11.587949904095678
    },
    {
      "stage": "noQAT+PTQ",
      "model_path": "models/tflite/saved_model_no_qat_ptq.tflite",
      "file_size_bytes": 70920,
      "file_size_mb": 0.06763458251953125,
      "parameter_count": 61969,
      "accuracy": 0.8224688017938968,
      "precision": 0.0,
      "recall": 0.0,
      "f1_score": 0.0,
      "precision_normal": 0.8224688017938968,
      "recall_normal": 1.0,
      "avg_latency_ms": 0.5452632904052734,
      "min_latency_ms": 0.5333423614501953,
      "max_latency_ms": 0.6108283996582031,
      "samples_per_second": 183397.63882815916,
      "compression_ratio": 11.585335589396504
    }
  ]
}