{
  "version": "v20",
  "data_version": "cicids2017_max2000k_bal4.0",
  "generated_at": "2026-02-21T08:29:26.771043",
  "results": [
    {
      "stage": "Original",
      "model_path": "models/tflite/saved_model_original.tflite",
      "file_size_bytes": 821632,
      "file_size_mb": 0.7835693359375,
      "parameter_count": 205777,
      "accuracy": 0.3631391976211368,
      "precision": 0.21565202958849958,
      "recall": 0.9811223614209713,
      "f1_score": 0.35358548796590933,
      "precision_normal": 0.9825731531502986,
      "recall_normal": 0.22974654941212205,
      "avg_latency_ms": 1.9968748092651367,
      "min_latency_ms": 1.8780231475830078,
      "max_latency_ms": 2.3620128631591797,
      "samples_per_second": 50078.25204465405,
      "compression_ratio": 1.0
    },
    {
      "stage": "QAT+Prune only",
      "model_path": "models/tflite/saved_model_qat_pruned_float32.tflite",
      "file_size_bytes": 248228,
      "file_size_mb": 0.23672866821289062,
      "parameter_count": 61969,
      "accuracy": 0.8093984595885737,
      "precision": 0.4818549410391324,
      "recall": 0.9775527715805732,
      "f1_score": 0.6455202737925251,
      "precision_normal": 0.9937717251559449,
      "recall_normal": 0.7731020840587656,
      "avg_latency_ms": 0.7711410522460938,
      "min_latency_ms": 0.7472038269042969,
      "max_latency_ms": 0.8807182312011719,
      "samples_per_second": 129677.96190947318,
      "compression_ratio": 3.3099892034742253
    },
    {
      "stage": "Compressed (PTQ)",
      "model_path": "models/tflite/saved_model_pruned_quantized.tflite",
      "file_size_bytes": 70920,
      "file_size_mb": 0.06763458251953125,
      "parameter_count": 61969,
      "accuracy": 0.8034086477527542,
      "precision": 0.4743383595583048,
      "recall": 0.9922601681825982,
      "f1_score": 0.6418485379987123,
      "precision_normal": 0.9978141811660931,
      "recall_normal": 0.7626447468828023,
      "avg_latency_ms": 0.4948854446411133,
      "min_latency_ms": 0.4687309265136719,
      "max_latency_ms": 0.6651878356933594,
      "samples_per_second": 202066.965361083,
      "compression_ratio": 11.585335589396504
    },
    {
      "stage": "QAT+PTQ",
      "model_path": "models/tflite/saved_model_qat_ptq.tflite",
      "file_size_bytes": 70904,
      "file_size_mb": 0.06761932373046875,
      "parameter_count": 61969,
      "accuracy": 0.8034086477527542,
      "precision": 0.4743383595583048,
      "recall": 0.9922601681825982,
      "f1_score": 0.6418485379987123,
      "precision_normal": 0.9978141811660931,
      "recall_normal": 0.7626447468828023,
      "avg_latency_ms": 0.47783851623535156,
      "min_latency_ms": 0.46944618225097656,
      "max_latency_ms": 0.5273818969726562,
      "samples_per_second": 209275.72098592954,
      "compression_ratio": 11.587949904095678
    },
    {
      "stage": "noQAT+PTQ",
      "model_path": "models/tflite/saved_model_no_qat_ptq.tflite",
      "file_size_bytes": 70920,
      "file_size_mb": 0.06763458251953125,
      "parameter_count": 61969,
      "accuracy": 0.8224688017938968,
      "precision": 0.0,
      "recall": 0.0,
      "f1_score": 0.0,
      "precision_normal": 0.8224688017938968,
      "recall_normal": 1.0,
      "avg_latency_ms": 0.47478675842285156,
      "min_latency_ms": 0.4673004150390625,
      "max_latency_ms": 0.5254745483398438,
      "samples_per_second": 210620.8697398815,
      "compression_ratio": 11.585335589396504
    }
  ]
}