{
  "version": "v20",
  "data_version": "cicids2017_max2000k_bal4.0",
  "generated_at": "2026-02-15T00:15:04.034206",
  "results": [
    {
      "stage": "Original",
      "model_path": "models/tflite/saved_model_original.tflite",
      "file_size_bytes": 821632,
      "file_size_mb": 0.7835693359375,
      "parameter_count": 205777,
      "accuracy": 0.8449168860290533,
      "precision": 0.5453292646914066,
      "recall": 0.760597219838682,
      "f1_score": 0.635220937065543,
      "precision_normal": 0.9435112896433315,
      "recall_normal": 0.8631174200048897,
      "avg_latency_ms": 2.314162254333496,
      "min_latency_ms": 2.129793167114258,
      "max_latency_ms": 2.6230812072753906,
      "samples_per_second": 43212.181778844664,
      "compression_ratio": 1.0
    },
    {
      "stage": "QAT+Prune only",
      "model_path": "models/tflite/saved_model_qat_pruned_float32.tflite",
      "file_size_bytes": 248228,
      "file_size_mb": 0.23672866821289062,
      "parameter_count": 61969,
      "accuracy": 0.9327288680900848,
      "precision": 0.8519606317591224,
      "recall": 0.7516904067273039,
      "f1_score": 0.798690760562353,
      "precision_normal": 0.9477298672022889,
      "recall_normal": 0.9718063077413189,
      "avg_latency_ms": 0.8628368377685547,
      "min_latency_ms": 0.8451938629150391,
      "max_latency_ms": 0.9086132049560547,
      "samples_per_second": 115896.76706272451,
      "compression_ratio": 3.3099892034742253
    },
    {
      "stage": "Compressed (PTQ)",
      "model_path": "models/tflite/saved_model_pruned_quantized.tflite",
      "file_size_bytes": 70920,
      "file_size_mb": 0.06763458251953125,
      "parameter_count": 61969,
      "accuracy": 0.9319123525397289,
      "precision": 0.8470858777150808,
      "recall": 0.7522738973742921,
      "f1_score": 0.7968696031558472,
      "precision_normal": 0.9477893198686324,
      "recall_normal": 0.9706875986279144,
      "avg_latency_ms": 0.5390644073486328,
      "min_latency_ms": 0.5283355712890625,
      "max_latency_ms": 0.6029605865478516,
      "samples_per_second": 185506.59000442282,
      "compression_ratio": 11.585335589396504
    },
    {
      "stage": "QAT+PTQ",
      "model_path": "models/tflite/saved_model_qat_ptq.tflite",
      "file_size_bytes": 70904,
      "file_size_mb": 0.06761932373046875,
      "parameter_count": 61969,
      "accuracy": 0.9319123525397289,
      "precision": 0.8470858777150808,
      "recall": 0.7522738973742921,
      "f1_score": 0.7968696031558472,
      "precision_normal": 0.9477893198686324,
      "recall_normal": 0.9706875986279144,
      "avg_latency_ms": 0.5517482757568359,
      "min_latency_ms": 0.5409717559814453,
      "max_latency_ms": 0.6132125854492188,
      "samples_per_second": 181242.07069397633,
      "compression_ratio": 11.587949904095678
    },
    {
      "stage": "noQAT+PTQ",
      "model_path": "models/tflite/saved_model_no_qat_ptq.tflite",
      "file_size_bytes": 70920,
      "file_size_mb": 0.06763458251953125,
      "parameter_count": 61969,
      "accuracy": 0.8224688017938968,
      "precision": 0.0,
      "recall": 0.0,
      "f1_score": 0.0,
      "precision_normal": 0.8224688017938968,
      "recall_normal": 1.0,
      "avg_latency_ms": 0.5412578582763672,
      "min_latency_ms": 0.5292892456054688,
      "max_latency_ms": 0.6091594696044922,
      "samples_per_second": 184754.8233635803,
      "compression_ratio": 11.585335589396504
    }
  ]
}