{
  "version": "v20",
  "data_version": "cicids2017_max2000k_bal4.0",
  "generated_at": "2026-02-16T06:23:48.299246",
  "results": [
    {
      "stage": "Original",
      "model_path": "models/tflite/saved_model_original.tflite",
      "file_size_bytes": 821632,
      "file_size_mb": 0.7835693359375,
      "parameter_count": 205777,
      "accuracy": 0.764447450521595,
      "precision": 0.3370803818909763,
      "recall": 0.3380985069504033,
      "f1_score": 0.337588676788101,
      "precision_normal": 0.8570343022781695,
      "recall_normal": 0.8564755476859021,
      "avg_latency_ms": 1.932072639465332,
      "min_latency_ms": 1.8641948699951172,
      "max_latency_ms": 2.0186901092529297,
      "samples_per_second": 51757.88837197823,
      "compression_ratio": 1.0
    },
    {
      "stage": "QAT+Prune only",
      "model_path": "models/tflite/saved_model_qat_pruned_float32.tflite",
      "file_size_bytes": 248228,
      "file_size_mb": 0.23672866821289062,
      "parameter_count": 61969,
      "accuracy": 0.885986399532027,
      "precision": 0.6098975245645848,
      "recall": 0.9927921743607345,
      "f1_score": 0.7556066404566294,
      "precision_normal": 0.9982002982362923,
      "recall_normal": 0.8629322032642598,
      "avg_latency_ms": 0.7277488708496094,
      "min_latency_ms": 0.7193088531494141,
      "max_latency_ms": 0.7815361022949219,
      "samples_per_second": 137410.03800288297,
      "compression_ratio": 3.3099892034742253
    },
    {
      "stage": "Compressed (PTQ)",
      "model_path": "models/tflite/saved_model_pruned_quantized.tflite",
      "file_size_bytes": 70920,
      "file_size_mb": 0.06763458251953125,
      "parameter_count": 61969,
      "accuracy": 0.8859559325338793,
      "precision": 0.6098355471220747,
      "recall": 0.9927750128711172,
      "f1_score": 0.7555541043557762,
      "precision_normal": 0.998195951389246,
      "recall_normal": 0.8628988642509464,
      "avg_latency_ms": 0.5053281784057617,
      "min_latency_ms": 0.4734992980957031,
      "max_latency_ms": 0.6186962127685547,
      "samples_per_second": 197891.20075489502,
      "compression_ratio": 11.585335589396504
    },
    {
      "stage": "QAT+PTQ",
      "model_path": "models/tflite/saved_model_qat_ptq.tflite",
      "file_size_bytes": 70904,
      "file_size_mb": 0.06761932373046875,
      "parameter_count": 61969,
      "accuracy": 0.8859559325338793,
      "precision": 0.6098355471220747,
      "recall": 0.9927750128711172,
      "f1_score": 0.7555541043557762,
      "precision_normal": 0.998195951389246,
      "recall_normal": 0.8628988642509464,
      "avg_latency_ms": 0.4873037338256836,
      "min_latency_ms": 0.4706382751464844,
      "max_latency_ms": 0.5421638488769531,
      "samples_per_second": 205210.82244728217,
      "compression_ratio": 11.587949904095678
    },
    {
      "stage": "noQAT+PTQ",
      "model_path": "models/tflite/saved_model_no_qat_ptq.tflite",
      "file_size_bytes": 70920,
      "file_size_mb": 0.06763458251953125,
      "parameter_count": 61969,
      "accuracy": 0.8224688017938968,
      "precision": 0.0,
      "recall": 0.0,
      "f1_score": 0.0,
      "precision_normal": 0.8224688017938968,
      "recall_normal": 1.0,
      "avg_latency_ms": 0.49822330474853516,
      "min_latency_ms": 0.4773139953613281,
      "max_latency_ms": 0.5340576171875,
      "samples_per_second": 200713.21242283582,
      "compression_ratio": 11.585335589396504
    }
  ]
}