{
  "version": "v20",
  "data_version": "cicids2017_max2000k_bal4.0",
  "generated_at": "2026-02-14T15:03:01.605884",
  "results": [
    {
      "stage": "Original",
      "model_path": "models/tflite/saved_model_original.tflite",
      "file_size_bytes": 821632,
      "file_size_mb": 0.7835693359375,
      "parameter_count": 205777,
      "accuracy": 0.5876931607682558,
      "precision": 0.30069264472343354,
      "recall": 0.9975802299639609,
      "f1_score": 0.46209859809926584,
      "precision_normal": 0.9989548355533813,
      "recall_normal": 0.4992183853545419,
      "avg_latency_ms": 2.2564172744750977,
      "min_latency_ms": 2.1626949310302734,
      "max_latency_ms": 2.4826526641845703,
      "samples_per_second": 44318.043976712,
      "compression_ratio": 1.0
    },
    {
      "stage": "QAT+Prune only",
      "model_path": "models/tflite/saved_model_qat_pruned_float32.tflite",
      "file_size_bytes": 248228,
      "file_size_mb": 0.23672866821289062,
      "parameter_count": 61969,
      "accuracy": 0.8122471239153749,
      "precision": 0.48596739248638565,
      "recall": 0.9969795778273555,
      "f1_score": 0.6534280395696602,
      "precision_normal": 0.9991566074534817,
      "recall_normal": 0.7723723301006838,
      "avg_latency_ms": 0.8956432342529297,
      "min_latency_ms": 0.8766651153564453,
      "max_latency_ms": 0.9596347808837891,
      "samples_per_second": 111651.59985092904,
      "compression_ratio": 3.3099892034742253
    },
    {
      "stage": "Compressed (PTQ)",
      "model_path": "models/tflite/saved_model_pruned_quantized.tflite",
      "file_size_bytes": 70920,
      "file_size_mb": 0.06763458251953125,
      "parameter_count": 61969,
      "accuracy": 0.8127772496831432,
      "precision": 0.48667599333171374,
      "recall": 0.9969967393169727,
      "f1_score": 0.6540719766270174,
      "precision_normal": 0.9991620900824982,
      "recall_normal": 0.7730131800232632,
      "avg_latency_ms": 0.5468606948852539,
      "min_latency_ms": 0.5376338958740234,
      "max_latency_ms": 0.5931854248046875,
      "samples_per_second": 182861.92614552905,
      "compression_ratio": 11.585335589396504
    },
    {
      "stage": "QAT+PTQ",
      "model_path": "models/tflite/saved_model_qat_ptq.tflite",
      "file_size_bytes": 70904,
      "file_size_mb": 0.06761932373046875,
      "parameter_count": 61969,
      "accuracy": 0.8127772496831432,
      "precision": 0.48667599333171374,
      "recall": 0.9969967393169727,
      "f1_score": 0.6540719766270174,
      "precision_normal": 0.9991620900824982,
      "recall_normal": 0.7730131800232632,
      "avg_latency_ms": 0.5500078201293945,
      "min_latency_ms": 0.5390644073486328,
      "max_latency_ms": 0.6163120269775391,
      "samples_per_second": 181815.59668819627,
      "compression_ratio": 11.587949904095678
    },
    {
      "stage": "noQAT+PTQ",
      "model_path": "models/tflite/saved_model_no_qat_ptq.tflite",
      "file_size_bytes": 70920,
      "file_size_mb": 0.06763458251953125,
      "parameter_count": 61969,
      "accuracy": 0.8224688017938968,
      "precision": 0.0,
      "recall": 0.0,
      "f1_score": 0.0,
      "precision_normal": 0.8224688017938968,
      "recall_normal": 1.0,
      "avg_latency_ms": 0.5564212799072266,
      "min_latency_ms": 0.5471706390380859,
      "max_latency_ms": 0.6070137023925781,
      "samples_per_second": 179719.9417259405,
      "compression_ratio": 11.585335589396504
    }
  ]
}