{
  "version": "v20",
  "data_version": "cicids2017_max2000k_bal4.0",
  "generated_at": "2026-02-21T19:20:50.624276",
  "results": [
    {
      "stage": "Original",
      "model_path": "models/tflite/saved_model_original.tflite",
      "file_size_bytes": 821632,
      "file_size_mb": 0.7835693359375,
      "parameter_count": 205777,
      "accuracy": 0.7649714828897338,
      "precision": 0.3814602648174669,
      "recall": 0.5211086322292775,
      "f1_score": 0.4404810258790762,
      "precision_normal": 0.887761340508885,
      "recall_normal": 0.817609666832127,
      "avg_latency_ms": 1.9082069396972656,
      "min_latency_ms": 1.89208984375,
      "max_latency_ms": 1.9741058349609375,
      "samples_per_second": 52405.21765205658,
      "compression_ratio": 1.0
    },
    {
      "stage": "QAT+Prune only",
      "model_path": "models/tflite/saved_model_qat_pruned_float32.tflite",
      "file_size_bytes": 248228,
      "file_size_mb": 0.23672866821289062,
      "parameter_count": 61969,
      "accuracy": 0.837741907965292,
      "precision": 0.5272602695030832,
      "recall": 0.8319890166466449,
      "f1_score": 0.6454662255270709,
      "precision_normal": 0.9585655819229125,
      "recall_normal": 0.8389836787008157,
      "avg_latency_ms": 0.7857084274291992,
      "min_latency_ms": 0.7541179656982422,
      "max_latency_ms": 1.0001659393310547,
      "samples_per_second": 127273.67622515552,
      "compression_ratio": 3.3099892034742253
    },
    {
      "stage": "Compressed (PTQ)",
      "model_path": "models/tflite/saved_model_pruned_quantized.tflite",
      "file_size_bytes": 70920,
      "file_size_mb": 0.06763458251953125,
      "parameter_count": 61969,
      "accuracy": 0.8369863264112314,
      "precision": 0.5258402837279422,
      "recall": 0.8320405011154969,
      "f1_score": 0.6444165320892398,
      "precision_normal": 0.9585337022239359,
      "recall_normal": 0.8380538906628536,
      "avg_latency_ms": 0.4836082458496094,
      "min_latency_ms": 0.46753883361816406,
      "max_latency_ms": 0.5292892456054688,
      "samples_per_second": 206778.93906527312,
      "compression_ratio": 11.585335589396504
    },
    {
      "stage": "QAT+PTQ",
      "model_path": "models/tflite/saved_model_qat_ptq.tflite",
      "file_size_bytes": 70904,
      "file_size_mb": 0.06761932373046875,
      "parameter_count": 61969,
      "accuracy": 0.8369863264112314,
      "precision": 0.5258402837279422,
      "recall": 0.8320405011154969,
      "f1_score": 0.6444165320892398,
      "precision_normal": 0.9585337022239359,
      "recall_normal": 0.8380538906628536,
      "avg_latency_ms": 0.4820585250854492,
      "min_latency_ms": 0.4684925079345703,
      "max_latency_ms": 0.5509853363037109,
      "samples_per_second": 207443.69157722936,
      "compression_ratio": 11.587949904095678
    },
    {
      "stage": "noQAT+PTQ",
      "model_path": "models/tflite/saved_model_no_qat_ptq.tflite",
      "file_size_bytes": 70920,
      "file_size_mb": 0.06763458251953125,
      "parameter_count": 61969,
      "accuracy": 0.8224688017938968,
      "precision": 0.0,
      "recall": 0.0,
      "f1_score": 0.0,
      "precision_normal": 0.8224688017938968,
      "recall_normal": 1.0,
      "avg_latency_ms": 0.48668384552001953,
      "min_latency_ms": 0.4794597625732422,
      "max_latency_ms": 0.5247592926025391,
      "samples_per_second": 205472.19908881595,
      "compression_ratio": 11.585335589396504
    }
  ]
}