{
  "version": "v20",
  "data_version": "cicids2017_max2000k_bal4.0",
  "generated_at": "2026-02-21T13:55:21.061834",
  "results": [
    {
      "stage": "Original",
      "model_path": "models/tflite/saved_model_original.tflite",
      "file_size_bytes": 821632,
      "file_size_mb": 0.7835693359375,
      "parameter_count": 205777,
      "accuracy": 0.5604587111241104,
      "precision": 0.28334542596287565,
      "recall": 0.965076368628797,
      "f1_score": 0.4380730550210721,
      "precision_normal": 0.9843167175313665,
      "recall_normal": 0.47312134659979105,
      "avg_latency_ms": 2.204155921936035,
      "min_latency_ms": 2.1524429321289062,
      "max_latency_ms": 2.293109893798828,
      "samples_per_second": 45368.8411989313,
      "compression_ratio": 1.0
    },
    {
      "stage": "QAT+Prune only",
      "model_path": "models/tflite/saved_model_qat_pruned_float32.tflite",
      "file_size_bytes": 248228,
      "file_size_mb": 0.23672866821289062,
      "parameter_count": 61969,
      "accuracy": 0.384725065808716,
      "precision": 0.223927629910306,
      "recall": 1.0,
      "f1_score": 0.36591645525106126,
      "precision_normal": 1.0,
      "recall_normal": 0.2519169932655193,
      "avg_latency_ms": 0.8662939071655273,
      "min_latency_ms": 0.8311271667480469,
      "max_latency_ms": 0.9489059448242188,
      "samples_per_second": 115434.26448328058,
      "compression_ratio": 3.3099892034742253
    },
    {
      "stage": "Compressed (PTQ)",
      "model_path": "models/tflite/saved_model_pruned_quantized.tflite",
      "file_size_bytes": 70920,
      "file_size_mb": 0.06763458251953125,
      "parameter_count": 61969,
      "accuracy": 0.3906021497513893,
      "precision": 0.22560000619461146,
      "recall": 1.0,
      "f1_score": 0.368146222347177,
      "precision_normal": 1.0,
      "recall_normal": 0.25906265511902027,
      "avg_latency_ms": 0.5611658096313477,
      "min_latency_ms": 0.5362033843994141,
      "max_latency_ms": 0.5946159362792969,
      "samples_per_second": 178200.4503547606,
      "compression_ratio": 11.585335589396504
    },
    {
      "stage": "QAT+PTQ",
      "model_path": "models/tflite/saved_model_qat_ptq.tflite",
      "file_size_bytes": 70904,
      "file_size_mb": 0.06761932373046875,
      "parameter_count": 61969,
      "accuracy": 0.3906021497513893,
      "precision": 0.22560000619461146,
      "recall": 1.0,
      "f1_score": 0.368146222347177,
      "precision_normal": 1.0,
      "recall_normal": 0.25906265511902027,
      "avg_latency_ms": 0.5400180816650391,
      "min_latency_ms": 0.5321502685546875,
      "max_latency_ms": 0.5738735198974609,
      "samples_per_second": 185178.98454746138,
      "compression_ratio": 11.587949904095678
    },
    {
      "stage": "noQAT+PTQ",
      "model_path": "models/tflite/saved_model_no_qat_ptq.tflite",
      "file_size_bytes": 70920,
      "file_size_mb": 0.06763458251953125,
      "parameter_count": 61969,
      "accuracy": 0.8224688017938968,
      "precision": 0.0,
      "recall": 0.0,
      "f1_score": 0.0,
      "precision_normal": 0.8224688017938968,
      "recall_normal": 1.0,
      "avg_latency_ms": 0.5444526672363281,
      "min_latency_ms": 0.5373954772949219,
      "max_latency_ms": 0.5850791931152344,
      "samples_per_second": 183670.69539323877,
      "compression_ratio": 11.585335589396504
    }
  ]
}