{
  "version": "v23",
  "data_version": "cicids2017_max2000k_bal4.0",
  "generated_at": "2026-02-24T09:11:49.222281",
  "results": [
    {
      "stage": "Baseline",
      "model_path": "models/tflite/saved_model_original.tflite",
      "file_size_bytes": 817528,
      "file_size_mb": 0.7796554565429688,
      "parameter_count": 204880,
      "accuracy": 0.18009956614994638,
      "precision": 0.17797850145553515,
      "recall": 0.9999141925519135,
      "f1_score": 0.30217222753804707,
      "precision_normal": 0.9941383352872216,
      "recall_normal": 0.0031412759210828513,
      "avg_latency_ms": 1.8913745880126953,
      "min_latency_ms": 1.8682479858398438,
      "max_latency_ms": 1.9736289978027344,
      "samples_per_second": 52871.59964704399,
      "compression_ratio": 1.0
    },
    {
      "stage": "Traditional+PTQ",
      "model_path": "models/tflite/saved_model_no_qat_ptq.tflite",
      "file_size_bytes": 70856,
      "file_size_mb": 0.06757354736328125,
      "parameter_count": 61969,
      "accuracy": 0.2203982645997855,
      "precision": 0.18548227939163595,
      "recall": 1.0,
      "f1_score": 0.31292290507593495,
      "precision_normal": 1.0,
      "recall_normal": 0.05211999081324967,
      "avg_latency_ms": 0.48766136169433594,
      "min_latency_ms": 0.4787445068359375,
      "max_latency_ms": 0.5350112915039062,
      "samples_per_second": 205060.33049770215,
      "compression_ratio": 11.537879643220052
    },
    {
      "stage": "Traditional+QAT",
      "model_path": "models/tflite/saved_model_traditional_qat.tflite",
      "file_size_bytes": 66600,
      "file_size_mb": 0.06351470947265625,
      "parameter_count": 62048,
      "accuracy": 0.9627023008677001,
      "precision": 0.8607775513403355,
      "recall": 0.9423202333962588,
      "f1_score": 0.8997050630837293,
      "precision_normal": 0.9872898341363062,
      "recall_normal": 0.9671018025293198,
      "avg_latency_ms": 0.4827737808227539,
      "min_latency_ms": 0.4761219024658203,
      "max_latency_ms": 0.5257129669189453,
      "samples_per_second": 207136.35241246482,
      "compression_ratio": 12.275195195195195
    },
    {
      "stage": "QAT+PTQ",
      "model_path": "models/tflite/saved_model_qat_ptq.tflite",
      "file_size_bytes": 68624,
      "file_size_mb": 0.0654449462890625,
      "parameter_count": 61520,
      "accuracy": 0.17764087939943454,
      "precision": 0.17755067217570417,
      "recall": 1.0,
      "f1_score": 0.30155928975464347,
      "precision_normal": 1.0,
      "recall_normal": 0.00013335605325351727,
      "avg_latency_ms": 0.4759788513183594,
      "min_latency_ms": 0.4684925079345703,
      "max_latency_ms": 0.5116462707519531,
      "samples_per_second": 210093.3680625125,
      "compression_ratio": 11.913149918395897
    },
    {
      "stage": "QAT+QAT",
      "model_path": "models/tflite/saved_model_pruned_qat.tflite",
      "file_size_bytes": 66600,
      "file_size_mb": 0.06351470947265625,
      "parameter_count": 62048,
      "accuracy": 0.960526957199961,
      "precision": 0.8722561777076762,
      "recall": 0.911086322292775,
      "f1_score": 0.8912485100810852,
      "precision_normal": 0.9806216337522442,
      "recall_normal": 0.9711987968320529,
      "avg_latency_ms": 0.4833698272705078,
      "min_latency_ms": 0.476837158203125,
      "max_latency_ms": 0.5249977111816406,
      "samples_per_second": 206880.9312419848,
      "compression_ratio": 12.275195195195195
    }
  ]
}