{
  "version": "v20",
  "data_version": "cicids2017_max2000k_bal4.0",
  "generated_at": "2026-02-14T06:20:45.541359",
  "results": [
    {
      "stage": "Original",
      "model_path": "models/tflite/saved_model_original.tflite",
      "file_size_bytes": 821632,
      "file_size_mb": 0.7835693359375,
      "parameter_count": 205777,
      "accuracy": 0.7451039533976797,
      "precision": 0.3656213287046347,
      "recall": 0.5928436588295865,
      "f1_score": 0.45229880918869025,
      "precision_normal": 0.8984987657278783,
      "recall_normal": 0.7779695800025189,
      "avg_latency_ms": 2.3390769958496094,
      "min_latency_ms": 2.1886825561523438,
      "max_latency_ms": 2.6895999908447266,
      "samples_per_second": 42751.9060627064,
      "compression_ratio": 1.0
    },
    {
      "stage": "QAT+Prune only",
      "model_path": "models/tflite/saved_model_qat_pruned_float32.tflite",
      "file_size_bytes": 248228,
      "file_size_mb": 0.23672866821289062,
      "parameter_count": 61969,
      "accuracy": 0.3972439553475675,
      "precision": 0.22729031274790634,
      "recall": 0.9981465591213318,
      "f1_score": 0.3702663903769699,
      "precision_normal": 0.9985068642767279,
      "recall_normal": 0.2675381731702438,
      "avg_latency_ms": 0.8296728134155273,
      "min_latency_ms": 0.8146762847900391,
      "max_latency_ms": 0.8893013000488281,
      "samples_per_second": 120529.44050116383,
      "compression_ratio": 3.3099892034742253
    },
    {
      "stage": "Compressed (PTQ)",
      "model_path": "models/tflite/saved_model_pruned_quantized.tflite",
      "file_size_bytes": 70920,
      "file_size_mb": 0.06763458251953125,
      "parameter_count": 61969,
      "accuracy": 0.3975790923271912,
      "precision": 0.22738166449680777,
      "recall": 0.9980950746524798,
      "f1_score": 0.3703840507949447,
      "precision_normal": 0.9984678454594393,
      "recall_normal": 0.26795676300406734,
      "avg_latency_ms": 0.534510612487793,
      "min_latency_ms": 0.4718303680419922,
      "max_latency_ms": 0.5922317504882812,
      "samples_per_second": 187087.02439894734,
      "compression_ratio": 11.585335589396504
    },
    {
      "stage": "QAT+PTQ",
      "model_path": "models/tflite/saved_model_qat_ptq.tflite",
      "file_size_bytes": 70904,
      "file_size_mb": 0.06761932373046875,
      "parameter_count": 61969,
      "accuracy": 0.3975790923271912,
      "precision": 0.22738166449680777,
      "recall": 0.9980950746524798,
      "f1_score": 0.3703840507949447,
      "precision_normal": 0.9984678454594393,
      "recall_normal": 0.26795676300406734,
      "avg_latency_ms": 0.5057096481323242,
      "min_latency_ms": 0.46944618225097656,
      "max_latency_ms": 0.5633831024169922,
      "samples_per_second": 197741.9263589647,
      "compression_ratio": 11.587949904095678
    },
    {
      "stage": "noQAT+PTQ",
      "model_path": "models/tflite/saved_model_no_qat_ptq.tflite",
      "file_size_bytes": 70920,
      "file_size_mb": 0.06763458251953125,
      "parameter_count": 61969,
      "accuracy": 0.8224688017938968,
      "precision": 0.0,
      "recall": 0.0,
      "f1_score": 0.0,
      "precision_normal": 0.8224688017938968,
      "recall_normal": 1.0,
      "avg_latency_ms": 0.5631685256958008,
      "min_latency_ms": 0.5383491516113281,
      "max_latency_ms": 0.682830810546875,
      "samples_per_second": 177566.74145887134,
      "compression_ratio": 11.585335589396504
    }
  ]
}