{
  "version": "v20",
  "data_version": "cicids2017_max2000k_bal4.0",
  "generated_at": "2026-02-15T08:27:01.257703",
  "results": [
    {
      "stage": "Original",
      "model_path": "models/tflite/saved_model_original.tflite",
      "file_size_bytes": 821632,
      "file_size_mb": 0.7835693359375,
      "parameter_count": 205777,
      "accuracy": 0.8959247343277762,
      "precision": 0.6311580642353556,
      "recall": 0.9955551741891197,
      "f1_score": 0.7725426482534524,
      "precision_normal": 0.9989039913334913,
      "recall_normal": 0.8744193455181253,
      "avg_latency_ms": 1.874089241027832,
      "min_latency_ms": 1.8551349639892578,
      "max_latency_ms": 1.9588470458984375,
      "samples_per_second": 53359.25195598244,
      "compression_ratio": 1.0
    },
    {
      "stage": "QAT+Prune only",
      "model_path": "models/tflite/saved_model_qat_pruned_float32.tflite",
      "file_size_bytes": 248228,
      "file_size_mb": 0.23672866821289062,
      "parameter_count": 61969,
      "accuracy": 0.6403797406649118,
      "precision": 0.3296954430437459,
      "recall": 0.9928093358503518,
      "f1_score": 0.49500723031770616,
      "precision_normal": 0.9972570635523318,
      "recall_normal": 0.5643072523466961,
      "avg_latency_ms": 0.7420063018798828,
      "min_latency_ms": 0.7331371307373047,
      "max_latency_ms": 0.7834434509277344,
      "samples_per_second": 134769.74487500804,
      "compression_ratio": 3.3099892034742253
    },
    {
      "stage": "Compressed (PTQ)",
      "model_path": "models/tflite/saved_model_pruned_quantized.tflite",
      "file_size_bytes": 70920,
      "file_size_mb": 0.06763458251953125,
      "parameter_count": 61969,
      "accuracy": 0.6436458028663352,
      "precision": 0.3316332384798972,
      "recall": 0.9920199073279561,
      "f1_score": 0.4970890985234807,
      "precision_normal": 0.9969789501039501,
      "recall_normal": 0.5684486986671803,
      "avg_latency_ms": 0.47838687896728516,
      "min_latency_ms": 0.46944618225097656,
      "max_latency_ms": 0.5347728729248047,
      "samples_per_second": 209035.83354099176,
      "compression_ratio": 11.585335589396504
    },
    {
      "stage": "QAT+PTQ",
      "model_path": "models/tflite/saved_model_qat_ptq.tflite",
      "file_size_bytes": 70904,
      "file_size_mb": 0.06761932373046875,
      "parameter_count": 61969,
      "accuracy": 0.6436458028663352,
      "precision": 0.3316332384798972,
      "recall": 0.9920199073279561,
      "f1_score": 0.4970890985234807,
      "precision_normal": 0.9969789501039501,
      "recall_normal": 0.5684486986671803,
      "avg_latency_ms": 0.4744529724121094,
      "min_latency_ms": 0.46706199645996094,
      "max_latency_ms": 0.5159378051757812,
      "samples_per_second": 210769.04522613066,
      "compression_ratio": 11.587949904095678
    },
    {
      "stage": "noQAT+PTQ",
      "model_path": "models/tflite/saved_model_no_qat_ptq.tflite",
      "file_size_bytes": 70920,
      "file_size_mb": 0.06763458251953125,
      "parameter_count": 61969,
      "accuracy": 0.8224688017938968,
      "precision": 0.0,
      "recall": 0.0,
      "f1_score": 0.0,
      "precision_normal": 0.8224688017938968,
      "recall_normal": 1.0,
      "avg_latency_ms": 0.4791736602783203,
      "min_latency_ms": 0.47016143798828125,
      "max_latency_ms": 0.5240440368652344,
      "samples_per_second": 208692.60622947555,
      "compression_ratio": 11.585335589396504
    }
  ]
}