{
  "tag": "yes_qat__distill_none__prune_5x10__ptq_no",
  "fl_qat": true,
  "distillation": "none",
  "pruning": "prune_5x10",
  "ptq": false,
  "fl_acc": 0.846421759990464,
  "fl_f1": 0.3271041765272315,
  "fl_prec": 0.7130354347516721,
  "fl_rec": 0.2122328822246225,
  "fl_size_kb": 864.109375,
  "dist_acc": null,
  "dist_f1": null,
  "prune_acc": 0.9227135917990286,
  "prune_f1": 0.8190823320137424,
  "final_acc": 0.9227135917990286,
  "final_f1": 0.8190823320137424,
  "final_prec": null,
  "final_rec": null,
  "tflite_size_kb": 317.7265625,
  "final_size_kb": 1029.34375
}