{
  "tag": "yes_qat__distill_progressive__prune_5x10__ptq_yes",
  "fl_qat": true,
  "distillation": "progressive",
  "pruning": "prune_5x10",
  "ptq": true,
  "fl_acc": 0.92841897225295,
  "fl_f1": 0.8047300468202605,
  "fl_prec": 0.7517765928161417,
  "fl_rec": 0.8657086165803717,
  "fl_size_kb": 847.7265625,
  "dist_acc": 0.9325557251419758,
  "dist_f1": 0.8128677041937704,
  "prune_acc": 0.9566241055872169,
  "prune_f1": 0.8731128431992136,
  "final_acc": 0.9298352300118622,
  "final_f1": 0.8219799628490514,
  "final_prec": 0.7239252286319628,
  "final_rec": 0.9507590433588109,
  "tflite_size_kb": 1.84375,
  "final_size_kb": 19.765625
}