{
  "version": "v20",
  "data_version": "cicids2017_max2000k_bal4.0",
  "generated_at": "2026-02-12T22:44:44.323984",
  "results": [
    {
      "stage": "Original",
      "model_path": "models/tflite/saved_model_original.tflite",
      "file_size_bytes": 821652,
      "file_size_mb": 0.7835884094238281,
      "parameter_count": 205777,
      "accuracy": 0.4773660670761431,
      "precision": 0.21464955637177105,
      "recall": 0.73113094216578,
      "f1_score": 0.3318675583356378,
      "precision_normal": 0.8792496165614619,
      "recall_normal": 0.42259051542114584,
      "avg_latency_ms": 2.227663993835449,
      "min_latency_ms": 2.1054744720458984,
      "max_latency_ms": 2.6671886444091797,
      "samples_per_second": 44890.07331299834,
      "compression_ratio": 1.0
    },
    {
      "stage": "QAT+Prune only",
      "model_path": "models/tflite/saved_model_qat_pruned_float32.tflite",
      "file_size_bytes": 248212,
      "file_size_mb": 0.23671340942382812,
      "parameter_count": 61969,
      "accuracy": 0.7202154626108999,
      "precision": 0.38816394535154947,
      "recall": 0.9995538012699502,
      "f1_score": 0.5591781874039938,
      "precision_normal": 0.9998540752298315,
      "recall_normal": 0.6599198381946554,
      "avg_latency_ms": 0.8379697799682617,
      "min_latency_ms": 0.8132457733154297,
      "max_latency_ms": 0.9059906005859375,
      "samples_per_second": 119336.04575070419,
      "compression_ratio": 3.3102831450534222
    },
    {
      "stage": "Compressed (PTQ)",
      "model_path": "models/tflite/saved_model_pruned_quantized.tflite",
      "file_size_bytes": 70920,
      "file_size_mb": 0.06763458251953125,
      "parameter_count": 61969,
      "accuracy": 0.7203281905040461,
      "precision": 0.38825968416070605,
      "recall": 0.9995538012699502,
      "f1_score": 0.5592775214491821,
      "precision_normal": 0.9998541055265949,
      "recall_normal": 0.6600568985827215,
      "avg_latency_ms": 0.5514860153198242,
      "min_latency_ms": 0.5395412445068359,
      "max_latency_ms": 0.6256103515625,
      "samples_per_second": 181328.26077558254,
      "compression_ratio": 11.585617597292725
    },
    {
      "stage": "QAT+PTQ",
      "model_path": "models/tflite/saved_model_qat_ptq.tflite",
      "file_size_bytes": 70904,
      "file_size_mb": 0.06761932373046875,
      "parameter_count": 61969,
      "accuracy": 0.7203281905040461,
      "precision": 0.38825968416070605,
      "recall": 0.9995538012699502,
      "f1_score": 0.5592775214491821,
      "precision_normal": 0.9998541055265949,
      "recall_normal": 0.6600568985827215,
      "avg_latency_ms": 0.5450010299682617,
      "min_latency_ms": 0.5359649658203125,
      "max_latency_ms": 0.6015300750732422,
      "samples_per_second": 183485.8917712936,
      "compression_ratio": 11.58823197562902
    },
    {
      "stage": "noQAT+PTQ",
      "model_path": "models/tflite/saved_model_no_qat_ptq.tflite",
      "file_size_bytes": 70920,
      "file_size_mb": 0.06763458251953125,
      "parameter_count": 61969,
      "accuracy": 0.8224688017938968,
      "precision": 0.0,
      "recall": 0.0,
      "f1_score": 0.0,
      "precision_normal": 0.8224688017938968,
      "recall_normal": 1.0,
      "avg_latency_ms": 0.5459070205688477,
      "min_latency_ms": 0.5352497100830078,
      "max_latency_ms": 0.6060600280761719,
      "samples_per_second": 183181.3774730314,
      "compression_ratio": 11.585617597292725
    }
  ]
}