{
  "version": "v20",
  "data_version": "cicids2017_max2000k_bal4.0",
  "generated_at": "2026-02-16T21:06:35.013938",
  "results": [
    {
      "stage": "Original",
      "model_path": "models/tflite/saved_model_original.tflite",
      "file_size_bytes": 821632,
      "file_size_mb": 0.7835693359375,
      "parameter_count": 205777,
      "accuracy": 0.32315126255240323,
      "precision": 0.19841374995399508,
      "recall": 0.9251930667581946,
      "f1_score": 0.3267531365537305,
      "precision_normal": 0.9228686697101603,
      "recall_normal": 0.19319958215103314,
      "avg_latency_ms": 2.0154476165771484,
      "min_latency_ms": 1.8830299377441406,
      "max_latency_ms": 2.3431777954101562,
      "samples_per_second": 49616.76958383609,
      "compression_ratio": 1.0
    },
    {
      "stage": "QAT+Prune only",
      "model_path": "models/tflite/saved_model_qat_pruned_float32.tflite",
      "file_size_bytes": 248228,
      "file_size_mb": 0.23672866821289062,
      "parameter_count": 61969,
      "accuracy": 0.8660823096421956,
      "precision": 0.5704846031886712,
      "recall": 0.9941822550197357,
      "f1_score": 0.7249666806409831,
      "precision_normal": 0.9985044799428261,
      "recall_normal": 0.8384317328137386,
      "avg_latency_ms": 0.7673501968383789,
      "min_latency_ms": 0.75531005859375,
      "max_latency_ms": 0.8013248443603516,
      "samples_per_second": 130318.5956190772,
      "compression_ratio": 3.3099892034742253
    },
    {
      "stage": "Compressed (PTQ)",
      "model_path": "models/tflite/saved_model_pruned_quantized.tflite",
      "file_size_bytes": 70920,
      "file_size_mb": 0.06763458251953125,
      "parameter_count": 61969,
      "accuracy": 0.8665362679145949,
      "precision": 0.5713229057772342,
      "recall": 0.9941822550197357,
      "f1_score": 0.7256432096600446,
      "precision_normal": 0.9985054623367692,
      "recall_normal": 0.8389836787008157,
      "avg_latency_ms": 0.5201816558837891,
      "min_latency_ms": 0.4782676696777344,
      "max_latency_ms": 0.6639957427978516,
      "samples_per_second": 192240.53533779448,
      "compression_ratio": 11.585335589396504
    },
    {
      "stage": "QAT+PTQ",
      "model_path": "models/tflite/saved_model_qat_ptq.tflite",
      "file_size_bytes": 70904,
      "file_size_mb": 0.06761932373046875,
      "parameter_count": 61969,
      "accuracy": 0.8665362679145949,
      "precision": 0.5713229057772342,
      "recall": 0.9941822550197357,
      "f1_score": 0.7256432096600446,
      "precision_normal": 0.9985054623367692,
      "recall_normal": 0.8389836787008157,
      "avg_latency_ms": 0.4960298538208008,
      "min_latency_ms": 0.47326087951660156,
      "max_latency_ms": 0.6082057952880859,
      "samples_per_second": 201600.76904590245,
      "compression_ratio": 11.587949904095678
    },
    {
      "stage": "noQAT+PTQ",
      "model_path": "models/tflite/saved_model_no_qat_ptq.tflite",
      "file_size_bytes": 70920,
      "file_size_mb": 0.06763458251953125,
      "parameter_count": 61969,
      "accuracy": 0.8224688017938968,
      "precision": 0.0,
      "recall": 0.0,
      "f1_score": 0.0,
      "precision_normal": 0.8224688017938968,
      "recall_normal": 1.0,
      "avg_latency_ms": 0.5260467529296875,
      "min_latency_ms": 0.4754066467285156,
      "max_latency_ms": 0.7343292236328125,
      "samples_per_second": 190097.17186366933,
      "compression_ratio": 11.585335589396504
    }
  ]
}