{
  "version": "v18",
  "data_version": "cicids2017_max2000k_bal4.0",
  "generated_at": "2026-02-09T23:53:56.451487",
  "results": [
    {
      "stage": "Keras",
      "model_path": "models/global_model.h5",
      "file_size_bytes": 884848,
      "file_size_mb": 0.8438568115234375,
      "parameter_count": 208385,
      "accuracy": 0.8224688017938968,
      "precision": 0.0,
      "recall": 0.0,
      "f1_score": 0.0,
      "avg_latency_ms": 266.776442527771,
      "min_latency_ms": 102.54335403442383,
      "max_latency_ms": 1562.2971057891846,
      "samples_per_second": 374.8456912179949,
      "compression_ratio": 1.0
    },
    {
      "stage": "Original (TFLite)",
      "model_path": "models/tflite/saved_model_original.tflite",
      "file_size_bytes": 821632,
      "file_size_mb": 0.7835693359375,
      "parameter_count": 205777,
      "accuracy": 0.66331529687043,
      "precision": 0.29856708774852314,
      "recall": 0.664389909044105,
      "f1_score": 0.4119913161927465,
      "avg_latency_ms": 2.3317575454711914,
      "min_latency_ms": 2.295255661010742,
      "max_latency_ms": 2.421855926513672,
      "samples_per_second": 42886.10545904439,
      "compression_ratio": 1.0769395544477334
    },
    {
      "stage": "Compressed (PTQ)",
      "model_path": "models/tflite/saved_model_pruned_quantized.tflite",
      "file_size_bytes": 70896,
      "file_size_mb": 0.0676116943359375,
      "parameter_count": 61969,
      "accuracy": 0.739726528224627,
      "precision": 0.40472481827622014,
      "recall": 0.9899262055946456,
      "f1_score": 0.5745490403099694,
      "avg_latency_ms": 0.545501708984375,
      "min_latency_ms": 0.5350112915039062,
      "max_latency_ms": 0.5834102630615234,
      "samples_per_second": 183317.4825174825,
      "compression_ratio": 12.480929812683367
    }
  ]
}