{
  "version": "v20",
  "data_version": "cicids2017_max2000k_bal4.0",
  "generated_at": "2026-02-13T13:27:14.161377",
  "results": [
    {
      "stage": "Original",
      "model_path": "models/tflite/saved_model_original.tflite",
      "file_size_bytes": 821632,
      "file_size_mb": 0.7835693359375,
      "parameter_count": 205777,
      "accuracy": 0.22431936726138246,
      "precision": 0.18608272972929757,
      "recall": 0.9986099193409989,
      "f1_score": 0.3137084709212211,
      "precision_normal": 0.9947805915329596,
      "recall_normal": 0.05718752083688332,
      "avg_latency_ms": 2.160763740539551,
      "min_latency_ms": 2.107858657836914,
      "max_latency_ms": 2.3946762084960938,
      "samples_per_second": 46279.93247194607,
      "compression_ratio": 1.0
    },
    {
      "stage": "QAT+Prune only",
      "model_path": "models/tflite/saved_model_qat_pruned_float32.tflite",
      "file_size_bytes": 248228,
      "file_size_mb": 0.23672866821289062,
      "parameter_count": 61969,
      "accuracy": 0.8117840255435312,
      "precision": 0.48522360515383123,
      "recall": 0.9881757336536812,
      "f1_score": 0.6508570750371597,
      "precision_normal": 0.9967120803607645,
      "recall_normal": 0.7737095949680316,
      "avg_latency_ms": 0.8395671844482422,
      "min_latency_ms": 0.8261203765869141,
      "max_latency_ms": 0.8938312530517578,
      "samples_per_second": 119108.99074231839,
      "compression_ratio": 3.3099892034742253
    },
    {
      "stage": "Compressed (PTQ)",
      "model_path": "models/tflite/saved_model_pruned_quantized.tflite",
      "file_size_bytes": 70920,
      "file_size_mb": 0.06763458251953125,
      "parameter_count": 61969,
      "accuracy": 0.8114976357609437,
      "precision": 0.48483444656890406,
      "recall": 0.9878325038613351,
      "f1_score": 0.6504325029803438,
      "precision_normal": 0.9966157679438284,
      "recall_normal": 0.7734354741918994,
      "avg_latency_ms": 0.5415916442871094,
      "min_latency_ms": 0.5326271057128906,
      "max_latency_ms": 0.58746337890625,
      "samples_per_second": 184640.9579151259,
      "compression_ratio": 11.585335589396504
    },
    {
      "stage": "QAT+PTQ",
      "model_path": "models/tflite/saved_model_qat_ptq.tflite",
      "file_size_bytes": 70904,
      "file_size_mb": 0.06761932373046875,
      "parameter_count": 61969,
      "accuracy": 0.8114976357609437,
      "precision": 0.48483444656890406,
      "recall": 0.9878325038613351,
      "f1_score": 0.6504325029803438,
      "precision_normal": 0.9966157679438284,
      "recall_normal": 0.7734354741918994,
      "avg_latency_ms": 0.5399942398071289,
      "min_latency_ms": 0.5316734313964844,
      "max_latency_ms": 0.5903244018554688,
      "samples_per_second": 185187.1605810411,
      "compression_ratio": 11.587949904095678
    },
    {
      "stage": "noQAT+PTQ",
      "model_path": "models/tflite/saved_model_no_qat_ptq.tflite",
      "file_size_bytes": 70920,
      "file_size_mb": 0.06763458251953125,
      "parameter_count": 61969,
      "accuracy": 0.8224688017938968,
      "precision": 0.0,
      "recall": 0.0,
      "f1_score": 0.0,
      "precision_normal": 0.8224688017938968,
      "recall_normal": 1.0,
      "avg_latency_ms": 0.551152229309082,
      "min_latency_ms": 0.5397796630859375,
      "max_latency_ms": 0.6079673767089844,
      "samples_per_second": 181438.07587489727,
      "compression_ratio": 11.585335589396504
    }
  ]
}