{
  "version": "v20",
  "data_version": "cicids2017_max2000k_bal4.0",
  "generated_at": "2026-02-19T09:19:53.820931",
  "results": [
    {
      "stage": "Original",
      "model_path": "models/tflite/saved_model_original.tflite",
      "file_size_bytes": 821632,
      "file_size_mb": 0.7835693359375,
      "parameter_count": 205777,
      "accuracy": 0.8620393389880082,
      "precision": 0.5679743761513985,
      "recall": 0.9312167496138665,
      "f1_score": 0.7055901590315072,
      "precision_normal": 0.9827752183180912,
      "recall_normal": 0.8471072849448424,
      "avg_latency_ms": 1.9165754318237305,
      "min_latency_ms": 1.874685287475586,
      "max_latency_ms": 1.9981861114501953,
      "samples_per_second": 52176.3966810554,
      "compression_ratio": 1.0
    },
    {
      "stage": "QAT+Prune only",
      "model_path": "models/tflite/saved_model_qat_pruned_float32.tflite",
      "file_size_bytes": 248228,
      "file_size_mb": 0.23672866821289062,
      "parameter_count": 61969,
      "accuracy": 0.7803146631568685,
      "precision": 0.44682878839118273,
      "recall": 0.997700360391282,
      "f1_score": 0.6172270647315504,
      "precision_normal": 0.9993236285812352,
      "recall_normal": 0.7333916148677182,
      "avg_latency_ms": 0.7576227188110352,
      "min_latency_ms": 0.7262229919433594,
      "max_latency_ms": 0.8044242858886719,
      "samples_per_second": 131991.817981559,
      "compression_ratio": 3.3099892034742253
    },
    {
      "stage": "Compressed (PTQ)",
      "model_path": "models/tflite/saved_model_pruned_quantized.tflite",
      "file_size_bytes": 70920,
      "file_size_mb": 0.06763458251953125,
      "parameter_count": 61969,
      "accuracy": 0.776884079165448,
      "precision": 0.4429949555755368,
      "recall": 0.997700360391282,
      "f1_score": 0.6135596082404593,
      "precision_normal": 0.9993197624244885,
      "recall_normal": 0.7292205338687332,
      "avg_latency_ms": 0.48978328704833984,
      "min_latency_ms": 0.47516822814941406,
      "max_latency_ms": 0.5609989166259766,
      "samples_per_second": 204171.93204497884,
      "compression_ratio": 11.585335589396504
    },
    {
      "stage": "QAT+PTQ",
      "model_path": "models/tflite/saved_model_qat_ptq.tflite",
      "file_size_bytes": 70904,
      "file_size_mb": 0.06761932373046875,
      "parameter_count": 61969,
      "accuracy": 0.776884079165448,
      "precision": 0.4429949555755368,
      "recall": 0.997700360391282,
      "f1_score": 0.6135596082404593,
      "precision_normal": 0.9993197624244885,
      "recall_normal": 0.7292205338687332,
      "avg_latency_ms": 0.4808664321899414,
      "min_latency_ms": 0.4725456237792969,
      "max_latency_ms": 0.5285739898681641,
      "samples_per_second": 207957.95527790172,
      "compression_ratio": 11.587949904095678
    },
    {
      "stage": "noQAT+PTQ",
      "model_path": "models/tflite/saved_model_no_qat_ptq.tflite",
      "file_size_bytes": 70920,
      "file_size_mb": 0.06763458251953125,
      "parameter_count": 61969,
      "accuracy": 0.8224688017938968,
      "precision": 0.0,
      "recall": 0.0,
      "f1_score": 0.0,
      "precision_normal": 0.8224688017938968,
      "recall_normal": 1.0,
      "avg_latency_ms": 0.4759788513183594,
      "min_latency_ms": 0.4696846008300781,
      "max_latency_ms": 0.5121231079101562,
      "samples_per_second": 210093.3680625125,
      "compression_ratio": 11.585335589396504
    }
  ]
}