{
  "version": "v20",
  "data_version": "cicids2017_max2000k_bal4.0",
  "generated_at": "2026-02-15T04:19:51.905719",
  "results": [
    {
      "stage": "Original",
      "model_path": "models/tflite/saved_model_original.tflite",
      "file_size_bytes": 821632,
      "file_size_mb": 0.7835693359375,
      "parameter_count": 205777,
      "accuracy": 0.3527194842546554,
      "precision": 0.2125778753770268,
      "recall": 0.9784966535095246,
      "f1_score": 0.3492757751457179,
      "precision_normal": 0.9791191027713434,
      "recall_normal": 0.2176444875793654,
      "avg_latency_ms": 1.9603490829467773,
      "min_latency_ms": 1.9207000732421875,
      "max_latency_ms": 2.0749568939208984,
      "samples_per_second": 51011.322865864786,
      "compression_ratio": 1.0
    },
    {
      "stage": "QAT+Prune only",
      "model_path": "models/tflite/saved_model_qat_pruned_float32.tflite",
      "file_size_bytes": 248228,
      "file_size_mb": 0.23672866821289062,
      "parameter_count": 61969,
      "accuracy": 0.9321530418250951,
      "precision": 0.7644215938303341,
      "recall": 0.893049596704994,
      "f1_score": 0.8237445090822747,
      "precision_normal": 0.9760444975763889,
      "recall_normal": 0.9405935826103706,
      "avg_latency_ms": 0.7671833038330078,
      "min_latency_ms": 0.75531005859375,
      "max_latency_ms": 0.8053779602050781,
      "samples_per_second": 130346.94511778232,
      "compression_ratio": 3.3099892034742253
    },
    {
      "stage": "Compressed (PTQ)",
      "model_path": "models/tflite/saved_model_pruned_quantized.tflite",
      "file_size_bytes": 70920,
      "file_size_mb": 0.06763458251953125,
      "parameter_count": 61969,
      "accuracy": 0.931872745442137,
      "precision": 0.7632972093091464,
      "recall": 0.8932555345804016,
      "f1_score": 0.8231786875004943,
      "precision_normal": 0.9760799590821165,
      "recall_normal": 0.9402083317898605,
      "avg_latency_ms": 0.47485828399658203,
      "min_latency_ms": 0.46825408935546875,
      "max_latency_ms": 0.5142688751220703,
      "samples_per_second": 210589.14495154892,
      "compression_ratio": 11.585335589396504
    },
    {
      "stage": "QAT+PTQ",
      "model_path": "models/tflite/saved_model_qat_ptq.tflite",
      "file_size_bytes": 70904,
      "file_size_mb": 0.06761932373046875,
      "parameter_count": 61969,
      "accuracy": 0.931872745442137,
      "precision": 0.7632972093091464,
      "recall": 0.8932555345804016,
      "f1_score": 0.8231786875004943,
      "precision_normal": 0.9760799590821165,
      "recall_normal": 0.9402083317898605,
      "avg_latency_ms": 0.47266483306884766,
      "min_latency_ms": 0.46515464782714844,
      "max_latency_ms": 0.5109310150146484,
      "samples_per_second": 211566.40605296343,
      "compression_ratio": 11.587949904095678
    },
    {
      "stage": "noQAT+PTQ",
      "model_path": "models/tflite/saved_model_no_qat_ptq.tflite",
      "file_size_bytes": 70920,
      "file_size_mb": 0.06763458251953125,
      "parameter_count": 61969,
      "accuracy": 0.8224688017938968,
      "precision": 0.0,
      "recall": 0.0,
      "f1_score": 0.0,
      "precision_normal": 0.8224688017938968,
      "recall_normal": 1.0,
      "avg_latency_ms": 0.4761695861816406,
      "min_latency_ms": 0.4696846008300781,
      "max_latency_ms": 0.5161762237548828,
      "samples_per_second": 210009.21289805727,
      "compression_ratio": 11.585335589396504
    }
  ]
}