{
  "version": "v20",
  "data_version": "cicids2017_max2000k_bal4.0",
  "generated_at": "2026-02-15T07:38:03.367353",
  "results": [
    {
      "stage": "Original",
      "model_path": "models/tflite/saved_model_original.tflite",
      "file_size_bytes": 821632,
      "file_size_mb": 0.7835693359375,
      "parameter_count": 205777,
      "accuracy": 0.8970306863605343,
      "precision": 0.6573968074296078,
      "recall": 0.8770894113609061,
      "f1_score": 0.7515163991677266,
      "precision_normal": 0.9714070129071666,
      "recall_normal": 0.9013350422664602,
      "avg_latency_ms": 1.9083023071289062,
      "min_latency_ms": 1.8832683563232422,
      "max_latency_ms": 2.0296573638916016,
      "samples_per_second": 52402.59870064968,
      "compression_ratio": 1.0
    },
    {
      "stage": "QAT+Prune only",
      "model_path": "models/tflite/saved_model_qat_pruned_float32.tflite",
      "file_size_bytes": 248228,
      "file_size_mb": 0.23672866821289062,
      "parameter_count": 61969,
      "accuracy": 0.7001498976308862,
      "precision": 0.37145729544202966,
      "recall": 0.995520851209885,
      "f1_score": 0.5410378854296853,
      "precision_normal": 0.9984830696625556,
      "recall_normal": 0.6363936077998473,
      "avg_latency_ms": 0.7742881774902344,
      "min_latency_ms": 0.759124755859375,
      "max_latency_ms": 0.8535385131835938,
      "samples_per_second": 129150.8806503264,
      "compression_ratio": 3.3099892034742253
    },
    {
      "stage": "Compressed (PTQ)",
      "model_path": "models/tflite/saved_model_pruned_quantized.tflite",
      "file_size_bytes": 70920,
      "file_size_mb": 0.06763458251953125,
      "parameter_count": 61969,
      "accuracy": 0.6991810470897923,
      "precision": 0.37068756151496174,
      "recall": 0.9953663978033294,
      "f1_score": 0.5401981968556739,
      "precision_normal": 0.9984280208199909,
      "recall_normal": 0.6352489683427547,
      "avg_latency_ms": 0.4811525344848633,
      "min_latency_ms": 0.47206878662109375,
      "max_latency_ms": 0.5216598510742188,
      "samples_per_second": 207834.2995887221,
      "compression_ratio": 11.585335589396504
    },
    {
      "stage": "QAT+PTQ",
      "model_path": "models/tflite/saved_model_qat_ptq.tflite",
      "file_size_bytes": 70904,
      "file_size_mb": 0.06761932373046875,
      "parameter_count": 61969,
      "accuracy": 0.6991810470897923,
      "precision": 0.37068756151496174,
      "recall": 0.9953663978033294,
      "f1_score": 0.5401981968556739,
      "precision_normal": 0.9984280208199909,
      "recall_normal": 0.6352489683427547,
      "avg_latency_ms": 0.49262046813964844,
      "min_latency_ms": 0.47707557678222656,
      "max_latency_ms": 0.5826950073242188,
      "samples_per_second": 202996.03136192044,
      "compression_ratio": 11.587949904095678
    },
    {
      "stage": "noQAT+PTQ",
      "model_path": "models/tflite/saved_model_no_qat_ptq.tflite",
      "file_size_bytes": 70920,
      "file_size_mb": 0.06763458251953125,
      "parameter_count": 61969,
      "accuracy": 0.8224688017938968,
      "precision": 0.0,
      "recall": 0.0,
      "f1_score": 0.0,
      "precision_normal": 0.8224688017938968,
      "recall_normal": 1.0,
      "avg_latency_ms": 0.4885435104370117,
      "min_latency_ms": 0.4734992980957031,
      "max_latency_ms": 0.5669593811035156,
      "samples_per_second": 204690.05905031477,
      "compression_ratio": 11.585335589396504
    }
  ]
}