{
  "version": "v20",
  "data_version": "cicids2017_max2000k_bal4.0",
  "generated_at": "2026-02-17T18:24:46.823354",
  "results": [
    {
      "stage": "Original",
      "model_path": "models/tflite/saved_model_original.tflite",
      "file_size_bytes": 821632,
      "file_size_mb": 0.7835693359375,
      "parameter_count": 205777,
      "accuracy": 0.4139703373306035,
      "precision": 0.23244880610774762,
      "recall": 0.9995538012699502,
      "f1_score": 0.3771827857413458,
      "precision_normal": 0.9996651943804165,
      "recall_normal": 0.2875712158367722,
      "avg_latency_ms": 2.1911144256591797,
      "min_latency_ms": 2.122163772583008,
      "max_latency_ms": 2.4793148040771484,
      "samples_per_second": 45638.876194206874,
      "compression_ratio": 1.0
    },
    {
      "stage": "QAT+Prune only",
      "model_path": "models/tflite/saved_model_qat_pruned_float32.tflite",
      "file_size_bytes": 248228,
      "file_size_mb": 0.23672866821289062,
      "parameter_count": 61969,
      "accuracy": 0.9352454421370772,
      "precision": 0.8398207990599295,
      "recall": 0.7849665350952463,
      "f1_score": 0.8114677027338691,
      "precision_normal": 0.9542299824663939,
      "recall_normal": 0.9676833830948977,
      "avg_latency_ms": 0.8637428283691406,
      "min_latency_ms": 0.8373260498046875,
      "max_latency_ms": 0.9684562683105469,
      "samples_per_second": 115775.20150160097,
      "compression_ratio": 3.3099892034742253
    },
    {
      "stage": "Compressed (PTQ)",
      "model_path": "models/tflite/saved_model_pruned_quantized.tflite",
      "file_size_bytes": 70920,
      "file_size_mb": 0.06763458251953125,
      "parameter_count": 61969,
      "accuracy": 0.9345264209807936,
      "precision": 0.8364434687156971,
      "recall": 0.7846233053029003,
      "f1_score": 0.8097051270698663,
      "precision_normal": 0.9541240806538872,
      "recall_normal": 0.9668832467753765,
      "avg_latency_ms": 0.5463838577270508,
      "min_latency_ms": 0.5311965942382812,
      "max_latency_ms": 0.6155967712402344,
      "samples_per_second": 183021.51241436487,
      "compression_ratio": 11.585335589396504
    },
    {
      "stage": "QAT+PTQ",
      "model_path": "models/tflite/saved_model_qat_ptq.tflite",
      "file_size_bytes": 70904,
      "file_size_mb": 0.06761932373046875,
      "parameter_count": 61969,
      "accuracy": 0.9345264209807936,
      "precision": 0.8364434687156971,
      "recall": 0.7846233053029003,
      "f1_score": 0.8097051270698663,
      "precision_normal": 0.9541240806538872,
      "recall_normal": 0.9668832467753765,
      "avg_latency_ms": 0.544285774230957,
      "min_latency_ms": 0.5319118499755859,
      "max_latency_ms": 0.5807876586914062,
      "samples_per_second": 183727.01388584694,
      "compression_ratio": 11.587949904095678
    },
    {
      "stage": "noQAT+PTQ",
      "model_path": "models/tflite/saved_model_no_qat_ptq.tflite",
      "file_size_bytes": 70920,
      "file_size_mb": 0.06763458251953125,
      "parameter_count": 61969,
      "accuracy": 0.8224688017938968,
      "precision": 0.0,
      "recall": 0.0,
      "f1_score": 0.0,
      "precision_normal": 0.8224688017938968,
      "recall_normal": 1.0,
      "avg_latency_ms": 0.5450725555419922,
      "min_latency_ms": 0.5357265472412109,
      "max_latency_ms": 0.5979537963867188,
      "samples_per_second": 183461.81436444755,
      "compression_ratio": 11.585335589396504
    }
  ]
}