{
  "version": "v20",
  "data_version": "cicids2017_max2000k_bal4.0",
  "generated_at": "2026-02-15T17:14:15.255785",
  "results": [
    {
      "stage": "Original",
      "model_path": "models/tflite/saved_model_original.tflite",
      "file_size_bytes": 821632,
      "file_size_mb": 0.7835693359375,
      "parameter_count": 205777,
      "accuracy": 0.9067191917714731,
      "precision": 0.9259418995101815,
      "recall": 0.5158228934271495,
      "f1_score": 0.6625519392489888,
      "precision_normal": 0.9046094339048495,
      "recall_normal": 0.9910947791105151,
      "avg_latency_ms": 2.2260189056396484,
      "min_latency_ms": 2.1767616271972656,
      "max_latency_ms": 2.4955272674560547,
      "samples_per_second": 44923.24829166935,
      "compression_ratio": 1.0
    },
    {
      "stage": "QAT+Prune only",
      "model_path": "models/tflite/saved_model_qat_pruned_float32.tflite",
      "file_size_bytes": 248228,
      "file_size_mb": 0.23672866821289062,
      "parameter_count": 61969,
      "accuracy": 0.701158355269572,
      "precision": 0.37242802309412587,
      "recall": 0.9974257765574052,
      "f1_score": 0.5423488407900078,
      "precision_normal": 0.9991287528968966,
      "recall_normal": 0.6372085614586189,
      "avg_latency_ms": 0.8602380752563477,
      "min_latency_ms": 0.8418560028076172,
      "max_latency_ms": 0.9369850158691406,
      "samples_per_second": 116246.88894431973,
      "compression_ratio": 3.3099892034742253
    },
    {
      "stage": "Compressed (PTQ)",
      "model_path": "models/tflite/saved_model_pruned_quantized.tflite",
      "file_size_bytes": 70920,
      "file_size_mb": 0.06763458251953125,
      "parameter_count": 61969,
      "accuracy": 0.7011187481719802,
      "precision": 0.37239373085745775,
      "recall": 0.9973914535781706,
      "f1_score": 0.5423074051955807,
      "precision_normal": 0.9991170901148945,
      "recall_normal": 0.6371678137756803,
      "avg_latency_ms": 0.5535125732421875,
      "min_latency_ms": 0.5435943603515625,
      "max_latency_ms": 0.6182193756103516,
      "samples_per_second": 180664.3694004135,
      "compression_ratio": 11.585335589396504
    },
    {
      "stage": "QAT+PTQ",
      "model_path": "models/tflite/saved_model_qat_ptq.tflite",
      "file_size_bytes": 70904,
      "file_size_mb": 0.06761932373046875,
      "parameter_count": 61969,
      "accuracy": 0.7011187481719802,
      "precision": 0.37239373085745775,
      "recall": 0.9973914535781706,
      "f1_score": 0.5423074051955807,
      "precision_normal": 0.9991170901148945,
      "recall_normal": 0.6371678137756803,
      "avg_latency_ms": 0.5547761917114258,
      "min_latency_ms": 0.5469322204589844,
      "max_latency_ms": 0.5991458892822266,
      "samples_per_second": 180252.86862349047,
      "compression_ratio": 11.587949904095678
    },
    {
      "stage": "noQAT+PTQ",
      "model_path": "models/tflite/saved_model_no_qat_ptq.tflite",
      "file_size_bytes": 70920,
      "file_size_mb": 0.06763458251953125,
      "parameter_count": 61969,
      "accuracy": 0.8224688017938968,
      "precision": 0.0,
      "recall": 0.0,
      "f1_score": 0.0,
      "precision_normal": 0.8224688017938968,
      "recall_normal": 1.0,
      "avg_latency_ms": 0.5430698394775391,
      "min_latency_ms": 0.5316734313964844,
      "max_latency_ms": 0.6113052368164062,
      "samples_per_second": 184138.3791377645,
      "compression_ratio": 11.585335589396504
    }
  ]
}