{
  "tag": "no_qat__distill_direct__prune_10x5__ptq_no",
  "fl_qat": false,
  "distillation": "direct",
  "pruning": "prune_10x5",
  "ptq": false,
  "fl_acc": 0.9509416813183539,
  "fl_f1": 0.8767430978006551,
  "fl_prec": 0.785471131755907,
  "fl_rec": 0.9920155876061588,
  "fl_size_kb": 864.109375,
  "dist_acc": 0.9747593646631105,
  "dist_f1": 0.9327243844320889,
  "prune_acc": 0.8241164287630003,
  "prune_f1": 0.0,
  "final_acc": 0.8241164287630003,
  "final_f1": 0.0,
  "final_prec": null,
  "final_rec": null,
  "tflite_size_kb": 102.48828125,
  "final_size_kb": 342.46875
}