{
  "tag": "no_qat__distill_progressive__prune_5x10__ptq_yes",
  "fl_qat": false,
  "distillation": "progressive",
  "pruning": "prune_5x10",
  "ptq": true,
  "fl_acc": 0.9631612953557548,
  "fl_f1": 0.9010881591526753,
  "fl_prec": 0.8304376664389732,
  "fl_rec": 0.9848778368731875,
  "fl_size_kb": 850.7578125,
  "dist_acc": 0.970378608906821,
  "dist_f1": 0.9190341841086543,
  "prune_acc": 0.9822207641790806,
  "prune_f1": 0.949720543977553,
  "final_acc": 0.9622691329822027,
  "final_f1": 0.8759552276105171,
  "final_prec": 0.99570905285191,
  "final_rec": 0.7819144564592065,
  "tflite_size_kb": 15.0625,
  "final_size_kb": 174.3203125
}