{
  "tag": "yes_qat__distill_progressive__prune_none__ptq_yes",
  "fl_qat": true,
  "distillation": "progressive",
  "pruning": "prune_none",
  "ptq": true,
  "fl_acc": 0.92841897225295,
  "fl_f1": 0.8047300468202605,
  "fl_prec": 0.7517765928161417,
  "fl_rec": 0.8657086165803717,
  "fl_size_kb": 847.7265625,
  "dist_acc": 0.9325557251419758,
  "dist_f1": 0.8128677041937704,
  "prune_acc": null,
  "prune_f1": null,
  "final_acc": 0.936772492593652,
  "final_f1": 0.8177982222529657,
  "final_prec": 0.803295396636657,
  "final_rec": 0.832834348913388,
  "tflite_size_kb": 1.84375,
  "final_size_kb": 13.6015625
}