{
  "version": "v20",
  "data_version": "cicids2017_max2000k_bal4.0",
  "generated_at": "2026-02-19T13:45:29.992011",
  "results": [
    {
      "stage": "Original",
      "model_path": "models/tflite/saved_model_original.tflite",
      "file_size_bytes": 821632,
      "file_size_mb": 0.7835693359375,
      "parameter_count": 205777,
      "accuracy": 0.8373306034902993,
      "precision": 0.5309635648089374,
      "recall": 0.7177621417539043,
      "f1_score": 0.610391126678342,
      "precision_normal": 0.934072013276997,
      "recall_normal": 0.8631396460137654,
      "avg_latency_ms": 1.9159317016601562,
      "min_latency_ms": 1.8885135650634766,
      "max_latency_ms": 1.9693374633789062,
      "samples_per_second": 52193.92732702837,
      "compression_ratio": 1.0
    },
    {
      "stage": "QAT+Prune only",
      "model_path": "models/tflite/saved_model_qat_pruned_float32.tflite",
      "file_size_bytes": 248228,
      "file_size_mb": 0.23672866821289062,
      "parameter_count": 61969,
      "accuracy": 0.9295816271814371,
      "precision": 0.7222847460199037,
      "recall": 0.9802471254504891,
      "f1_score": 0.8317231035813354,
      "precision_normal": 0.9953801631994477,
      "recall_normal": 0.9186453988457293,
      "avg_latency_ms": 0.7351398468017578,
      "min_latency_ms": 0.7188320159912109,
      "max_latency_ms": 0.8039474487304688,
      "samples_per_second": 136028.53992346112,
      "compression_ratio": 3.3099892034742253
    },
    {
      "stage": "Compressed (PTQ)",
      "model_path": "models/tflite/saved_model_pruned_quantized.tflite",
      "file_size_bytes": 70920,
      "file_size_mb": 0.06763458251953125,
      "parameter_count": 61969,
      "accuracy": 0.9278876620844302,
      "precision": 0.7182009661104595,
      "recall": 0.9772438647674618,
      "f1_score": 0.8279331477133116,
      "precision_normal": 0.9946733510888297,
      "recall_normal": 0.9172340472821295,
      "avg_latency_ms": 0.47004222869873047,
      "min_latency_ms": 0.4627704620361328,
      "max_latency_ms": 0.5104541778564453,
      "samples_per_second": 212746.84250570633,
      "compression_ratio": 11.585335589396504
    },
    {
      "stage": "QAT+PTQ",
      "model_path": "models/tflite/saved_model_qat_ptq.tflite",
      "file_size_bytes": 70904,
      "file_size_mb": 0.06761932373046875,
      "parameter_count": 61969,
      "accuracy": 0.9278876620844302,
      "precision": 0.7182009661104595,
      "recall": 0.9772438647674618,
      "f1_score": 0.8279331477133116,
      "precision_normal": 0.9946733510888297,
      "recall_normal": 0.9172340472821295,
      "avg_latency_ms": 0.46935081481933594,
      "min_latency_ms": 0.4611015319824219,
      "max_latency_ms": 0.5104541778564453,
      "samples_per_second": 213060.24586000203,
      "compression_ratio": 11.587949904095678
    },
    {
      "stage": "noQAT+PTQ",
      "model_path": "models/tflite/saved_model_no_qat_ptq.tflite",
      "file_size_bytes": 70920,
      "file_size_mb": 0.06763458251953125,
      "parameter_count": 61969,
      "accuracy": 0.8224688017938968,
      "precision": 0.0,
      "recall": 0.0,
      "f1_score": 0.0,
      "precision_normal": 0.8224688017938968,
      "recall_normal": 1.0,
      "avg_latency_ms": 0.47156810760498047,
      "min_latency_ms": 0.46372413635253906,
      "max_latency_ms": 0.5028247833251953,
      "samples_per_second": 212058.44582638153,
      "compression_ratio": 11.585335589396504
    }
  ]
}