{
  "version": "v20",
  "data_version": "cicids2017_max2000k_bal4.0",
  "generated_at": "2026-02-17T08:47:34.595860",
  "results": [
    {
      "stage": "Original",
      "model_path": "models/tflite/saved_model_original.tflite",
      "file_size_bytes": 821632,
      "file_size_mb": 0.7835693359375,
      "parameter_count": 205777,
      "accuracy": 0.6168500779955153,
      "precision": 0.31635546315898316,
      "recall": 0.9975973914535782,
      "f1_score": 0.4803755077080725,
      "precision_normal": 0.9990309742169926,
      "recall_normal": 0.5346651651762893,
      "avg_latency_ms": 2.0357131958007812,
      "min_latency_ms": 1.9099712371826172,
      "max_latency_ms": 2.205371856689453,
      "samples_per_second": 49122.83331771761,
      "compression_ratio": 1.0
    },
    {
      "stage": "QAT+Prune only",
      "model_path": "models/tflite/saved_model_qat_pruned_float32.tflite",
      "file_size_bytes": 248228,
      "file_size_mb": 0.23672866821289062,
      "parameter_count": 61969,
      "accuracy": 0.7934916398557083,
      "precision": 0.46214768412757795,
      "recall": 0.9964132486699846,
      "f1_score": 0.6314306998798279,
      "precision_normal": 0.998968364833581,
      "recall_normal": 0.7496906880431481,
      "avg_latency_ms": 0.7587909698486328,
      "min_latency_ms": 0.7488727569580078,
      "max_latency_ms": 0.7991790771484375,
      "samples_per_second": 131788.60051530198,
      "compression_ratio": 3.3099892034742253
    },
    {
      "stage": "Compressed (PTQ)",
      "model_path": "models/tflite/saved_model_pruned_quantized.tflite",
      "file_size_bytes": 70920,
      "file_size_mb": 0.06763458251953125,
      "parameter_count": 61969,
      "accuracy": 0.7933575850638588,
      "precision": 0.46199011862424516,
      "recall": 0.9965333790973057,
      "f1_score": 0.6313077228325569,
      "precision_normal": 0.9990026316699007,
      "recall_normal": 0.7495017669677057,
      "avg_latency_ms": 0.5472660064697266,
      "min_latency_ms": 0.5311965942382812,
      "max_latency_ms": 0.5803108215332031,
      "samples_per_second": 182726.49647120325,
      "compression_ratio": 11.585335589396504
    },
    {
      "stage": "QAT+PTQ",
      "model_path": "models/tflite/saved_model_qat_ptq.tflite",
      "file_size_bytes": 70904,
      "file_size_mb": 0.06761932373046875,
      "parameter_count": 61969,
      "accuracy": 0.7933575850638588,
      "precision": 0.46199011862424516,
      "recall": 0.9965333790973057,
      "f1_score": 0.6313077228325569,
      "precision_normal": 0.9990026316699007,
      "recall_normal": 0.7495017669677057,
      "avg_latency_ms": 0.5331516265869141,
      "min_latency_ms": 0.52642822265625,
      "max_latency_ms": 0.5695819854736328,
      "samples_per_second": 187563.90304981664,
      "compression_ratio": 11.587949904095678
    },
    {
      "stage": "noQAT+PTQ",
      "model_path": "models/tflite/saved_model_no_qat_ptq.tflite",
      "file_size_bytes": 70920,
      "file_size_mb": 0.06763458251953125,
      "parameter_count": 61969,
      "accuracy": 0.8224688017938968,
      "precision": 0.0,
      "recall": 0.0,
      "f1_score": 0.0,
      "precision_normal": 0.8224688017938968,
      "recall_normal": 1.0,
      "avg_latency_ms": 0.5155086517333984,
      "min_latency_ms": 0.46634674072265625,
      "max_latency_ms": 0.5900859832763672,
      "samples_per_second": 193983.16529460734,
      "compression_ratio": 11.585335589396504
    }
  ]
}