{
  "version": "v20",
  "data_version": "cicids2017_max2000k_bal4.0",
  "generated_at": "2026-02-15T15:57:30.365261",
  "results": [
    {
      "stage": "Original",
      "model_path": "models/tflite/saved_model_original.tflite",
      "file_size_bytes": 821632,
      "file_size_mb": 0.7835693359375,
      "parameter_count": 205777,
      "accuracy": 0.8051269864482792,
      "precision": 0.476679777122255,
      "recall": 0.9983524969967393,
      "f1_score": 0.6452664854971992,
      "precision_normal": 0.9995343964614131,
      "recall_normal": 0.7634189528586351,
      "avg_latency_ms": 2.272319793701172,
      "min_latency_ms": 2.1872520446777344,
      "max_latency_ms": 2.6013851165771484,
      "samples_per_second": 44007.8902085869,
      "compression_ratio": 1.0
    },
    {
      "stage": "QAT+Prune only",
      "model_path": "models/tflite/saved_model_qat_pruned_float32.tflite",
      "file_size_bytes": 248228,
      "file_size_mb": 0.23672866821289062,
      "parameter_count": 61969,
      "accuracy": 0.9069537876572097,
      "precision": 0.7678088542069073,
      "recall": 0.6821863737772439,
      "f1_score": 0.7224696025154033,
      "precision_normal": 0.933011879096552,
      "recall_normal": 0.955470191217763,
      "avg_latency_ms": 0.8678197860717773,
      "min_latency_ms": 0.8516311645507812,
      "max_latency_ms": 0.9484291076660156,
      "samples_per_second": 115231.29756311986,
      "compression_ratio": 3.3099892034742253
    },
    {
      "stage": "Compressed (PTQ)",
      "model_path": "models/tflite/saved_model_pruned_quantized.tflite",
      "file_size_bytes": 70920,
      "file_size_mb": 0.06763458251953125,
      "parameter_count": 61969,
      "accuracy": 0.9107042751291801,
      "precision": 0.7888186369347987,
      "recall": 0.6787197528745496,
      "f1_score": 0.7296392299390261,
      "precision_normal": 0.9326793413572012,
      "recall_normal": 0.9607785030042155,
      "avg_latency_ms": 0.5534648895263672,
      "min_latency_ms": 0.5421638488769531,
      "max_latency_ms": 0.6308555603027344,
      "samples_per_second": 180679.93452227104,
      "compression_ratio": 11.585335589396504
    },
    {
      "stage": "QAT+PTQ",
      "model_path": "models/tflite/saved_model_qat_ptq.tflite",
      "file_size_bytes": 70904,
      "file_size_mb": 0.06761932373046875,
      "parameter_count": 61969,
      "accuracy": 0.9107042751291801,
      "precision": 0.7888186369347987,
      "recall": 0.6787197528745496,
      "f1_score": 0.7296392299390261,
      "precision_normal": 0.9326793413572012,
      "recall_normal": 0.9607785030042155,
      "avg_latency_ms": 0.5453348159790039,
      "min_latency_ms": 0.5371570587158203,
      "max_latency_ms": 0.5953311920166016,
      "samples_per_second": 183373.58457570063,
      "compression_ratio": 11.587949904095678
    },
    {
      "stage": "noQAT+PTQ",
      "model_path": "models/tflite/saved_model_no_qat_ptq.tflite",
      "file_size_bytes": 70920,
      "file_size_mb": 0.06763458251953125,
      "parameter_count": 61969,
      "accuracy": 0.8224688017938968,
      "precision": 0.0,
      "recall": 0.0,
      "f1_score": 0.0,
      "precision_normal": 0.8224688017938968,
      "recall_normal": 1.0,
      "avg_latency_ms": 0.5613327026367188,
      "min_latency_ms": 0.5335807800292969,
      "max_latency_ms": 0.7123947143554688,
      "samples_per_second": 178147.46856948693,
      "compression_ratio": 11.585335589396504
    }
  ]
}