{
  "version": "v20",
  "data_version": "cicids2017_max2000k_bal4.0",
  "generated_at": "2026-02-15T09:15:49.500155",
  "results": [
    {
      "stage": "Original",
      "model_path": "models/tflite/saved_model_original.tflite",
      "file_size_bytes": 821632,
      "file_size_mb": 0.7835693359375,
      "parameter_count": 205777,
      "accuracy": 0.9333473481524812,
      "precision": 0.7287285525736912,
      "recall": 0.9949201990732796,
      "f1_score": 0.8412697261019408,
      "precision_normal": 0.9988096626439162,
      "recall_normal": 0.920056750409329,
      "avg_latency_ms": 1.8748760223388672,
      "min_latency_ms": 1.8515586853027344,
      "max_latency_ms": 1.9845962524414062,
      "samples_per_second": 53336.860042218774,
      "compression_ratio": 1.0
    },
    {
      "stage": "QAT+Prune only",
      "model_path": "models/tflite/saved_model_qat_pruned_float32.tflite",
      "file_size_bytes": 248228,
      "file_size_mb": 0.23672866821289062,
      "parameter_count": 61969,
      "accuracy": 0.6247349371161158,
      "precision": 0.3210900931199312,
      "recall": 0.9994679938218637,
      "f1_score": 0.48603582739756895,
      "precision_normal": 0.9997888930504955,
      "recall_normal": 0.543848211176719,
      "avg_latency_ms": 0.7460594177246094,
      "min_latency_ms": 0.720977783203125,
      "max_latency_ms": 0.7917881011962891,
      "samples_per_second": 134037.58149047682,
      "compression_ratio": 3.3099892034742253
    },
    {
      "stage": "Compressed (PTQ)",
      "model_path": "models/tflite/saved_model_pruned_quantized.tflite",
      "file_size_bytes": 70920,
      "file_size_mb": 0.06763458251953125,
      "parameter_count": 61969,
      "accuracy": 0.6248141513112996,
      "precision": 0.32113415420924063,
      "recall": 0.9994508323322464,
      "f1_score": 0.48608427475054355,
      "precision_normal": 0.9997821246927617,
      "recall_normal": 0.5439482282166591,
      "avg_latency_ms": 0.4778861999511719,
      "min_latency_ms": 0.47016143798828125,
      "max_latency_ms": 0.5192756652832031,
      "samples_per_second": 209254.8393534225,
      "compression_ratio": 11.585335589396504
    },
    {
      "stage": "QAT+PTQ",
      "model_path": "models/tflite/saved_model_qat_ptq.tflite",
      "file_size_bytes": 70904,
      "file_size_mb": 0.06761932373046875,
      "parameter_count": 61969,
      "accuracy": 0.6248141513112996,
      "precision": 0.32113415420924063,
      "recall": 0.9994508323322464,
      "f1_score": 0.48608427475054355,
      "precision_normal": 0.9997821246927617,
      "recall_normal": 0.5439482282166591,
      "avg_latency_ms": 0.4854917526245117,
      "min_latency_ms": 0.4706382751464844,
      "max_latency_ms": 0.5214214324951172,
      "samples_per_second": 205976.72248686344,
      "compression_ratio": 11.587949904095678
    },
    {
      "stage": "noQAT+PTQ",
      "model_path": "models/tflite/saved_model_no_qat_ptq.tflite",
      "file_size_bytes": 70920,
      "file_size_mb": 0.06763458251953125,
      "parameter_count": 61969,
      "accuracy": 0.8224688017938968,
      "precision": 0.0,
      "recall": 0.0,
      "f1_score": 0.0,
      "precision_normal": 0.8224688017938968,
      "recall_normal": 1.0,
      "avg_latency_ms": 0.4756450653076172,
      "min_latency_ms": 0.4677772521972656,
      "max_latency_ms": 0.5152225494384766,
      "samples_per_second": 210240.80200501255,
      "compression_ratio": 11.585335589396504
    }
  ]
}