{
  "version": "v20",
  "data_version": "cicids2017_max2000k_bal4.0",
  "generated_at": "2026-02-12T04:12:27.862921",
  "results": [
    {
      "stage": "Original",
      "model_path": "models/tflite/saved_model_original.tflite",
      "file_size_bytes": 821652,
      "file_size_mb": 0.7835884094238281,
      "parameter_count": 205777,
      "accuracy": 0.6646406112898509,
      "precision": 0.3068796087115366,
      "recall": 0.7063497511584006,
      "f1_score": 0.42786824747519375,
      "precision_normal": 0.9118457726052662,
      "recall_normal": 0.6556376271512925,
      "avg_latency_ms": 2.0985841751098633,
      "min_latency_ms": 1.8918514251708984,
      "max_latency_ms": 2.316713333129883,
      "samples_per_second": 47651.17415162291,
      "compression_ratio": 1.0
    },
    {
      "stage": "QAT+Prune only",
      "model_path": "models/tflite/saved_model_qat_pruned_float32.tflite",
      "file_size_bytes": 248212,
      "file_size_mb": 0.23671340942382812,
      "parameter_count": 61969,
      "accuracy": 0.6696524324851321,
      "precision": 0.34921961425616854,
      "recall": 0.9968251244207997,
      "f1_score": 0.5172352380697958,
      "precision_normal": 0.9988572911004595,
      "recall_normal": 0.599031686879987,
      "avg_latency_ms": 0.8304119110107422,
      "min_latency_ms": 0.7297992706298828,
      "max_latency_ms": 0.9076595306396484,
      "samples_per_second": 120422.16480045937,
      "compression_ratio": 3.3102831450534222
    },
    {
      "stage": "Compressed (PTQ)",
      "model_path": "models/tflite/saved_model_pruned_quantized.tflite",
      "file_size_bytes": 70920,
      "file_size_mb": 0.06763458251953125,
      "parameter_count": 61969,
      "accuracy": 0.6704110607390075,
      "precision": 0.34973957549300017,
      "recall": 0.9967908014415652,
      "f1_score": 0.5178007087298581,
      "precision_normal": 0.9988467397270412,
      "recall_normal": 0.5999614749179489,
      "avg_latency_ms": 0.4793405532836914,
      "min_latency_ms": 0.47135353088378906,
      "max_latency_ms": 0.5235671997070312,
      "samples_per_second": 208619.94528724198,
      "compression_ratio": 11.585617597292725
    },
    {
      "stage": "QAT+PTQ",
      "model_path": "models/tflite/saved_model_qat_ptq.tflite",
      "file_size_bytes": 70904,
      "file_size_mb": 0.06761932373046875,
      "parameter_count": 61969,
      "accuracy": 0.6704110607390075,
      "precision": 0.34973957549300017,
      "recall": 0.9967908014415652,
      "f1_score": 0.5178007087298581,
      "precision_normal": 0.9988467397270412,
      "recall_normal": 0.5999614749179489,
      "avg_latency_ms": 0.5316257476806641,
      "min_latency_ms": 0.4718303680419922,
      "max_latency_ms": 0.6024837493896484,
      "samples_per_second": 188102.25132298862,
      "compression_ratio": 11.58823197562902
    },
    {
      "stage": "noQAT+PTQ",
      "model_path": "models/tflite/saved_model_no_qat_ptq.tflite",
      "file_size_bytes": 70920,
      "file_size_mb": 0.06763458251953125,
      "parameter_count": 61969,
      "accuracy": 0.8224688017938968,
      "precision": 0.0,
      "recall": 0.0,
      "f1_score": 0.0,
      "precision_normal": 0.8224688017938968,
      "recall_normal": 1.0,
      "avg_latency_ms": 0.5075931549072266,
      "min_latency_ms": 0.4711151123046875,
      "max_latency_ms": 0.5602836608886719,
      "samples_per_second": 197008.1728511038,
      "compression_ratio": 11.585617597292725
    }
  ]
}