{
  "version": "v20",
  "data_version": "cicids2017_max2000k_bal4.0",
  "generated_at": "2026-02-17T12:26:15.853861",
  "results": [
    {
      "stage": "Original",
      "model_path": "models/tflite/saved_model_original.tflite",
      "file_size_bytes": 821632,
      "file_size_mb": 0.7835693359375,
      "parameter_count": 205777,
      "accuracy": 0.33909464268304573,
      "precision": 0.21080338166188484,
      "recall": 0.9923459756306847,
      "f1_score": 0.34773718852703017,
      "precision_normal": 0.9917286400474769,
      "recall_normal": 0.1980893041036621,
      "avg_latency_ms": 2.172517776489258,
      "min_latency_ms": 2.0956993103027344,
      "max_latency_ms": 2.440929412841797,
      "samples_per_second": 46029.54281073726,
      "compression_ratio": 1.0
    },
    {
      "stage": "QAT+Prune only",
      "model_path": "models/tflite/saved_model_qat_pruned_float32.tflite",
      "file_size_bytes": 248228,
      "file_size_mb": 0.23672866821289062,
      "parameter_count": 61969,
      "accuracy": 0.7128515891586233,
      "precision": 0.38187107238306617,
      "recall": 0.9980092672043933,
      "f1_score": 0.5523824902520458,
      "precision_normal": 0.9993406730818418,
      "recall_normal": 0.6512998510857405,
      "avg_latency_ms": 0.8598089218139648,
      "min_latency_ms": 0.8492469787597656,
      "max_latency_ms": 0.9248256683349609,
      "samples_per_second": 116304.91085045616,
      "compression_ratio": 3.3099892034742253
    },
    {
      "stage": "Compressed (PTQ)",
      "model_path": "models/tflite/saved_model_pruned_quantized.tflite",
      "file_size_bytes": 70920,
      "file_size_mb": 0.06763458251953125,
      "parameter_count": 61969,
      "accuracy": 0.7118187579214195,
      "precision": 0.3810260106139029,
      "recall": 0.998043590183628,
      "f1_score": 0.5515030820293978,
      "precision_normal": 0.9993507750834311,
      "recall_normal": 0.6500366729146447,
      "avg_latency_ms": 0.5417346954345703,
      "min_latency_ms": 0.5331039428710938,
      "max_latency_ms": 0.5915164947509766,
      "samples_per_second": 184592.20139072265,
      "compression_ratio": 11.585335589396504
    },
    {
      "stage": "QAT+PTQ",
      "model_path": "models/tflite/saved_model_qat_ptq.tflite",
      "file_size_bytes": 70904,
      "file_size_mb": 0.06761932373046875,
      "parameter_count": 61969,
      "accuracy": 0.7118187579214195,
      "precision": 0.3810260106139029,
      "recall": 0.998043590183628,
      "f1_score": 0.5515030820293978,
      "precision_normal": 0.9993507750834311,
      "recall_normal": 0.6500366729146447,
      "avg_latency_ms": 0.5511999130249023,
      "min_latency_ms": 0.5419254302978516,
      "max_latency_ms": 0.6048679351806641,
      "samples_per_second": 181422.3798607206,
      "compression_ratio": 11.587949904095678
    },
    {
      "stage": "noQAT+PTQ",
      "model_path": "models/tflite/saved_model_no_qat_ptq.tflite",
      "file_size_bytes": 70920,
      "file_size_mb": 0.06763458251953125,
      "parameter_count": 61969,
      "accuracy": 0.8224688017938968,
      "precision": 0.0,
      "recall": 0.0,
      "f1_score": 0.0,
      "precision_normal": 0.8224688017938968,
      "recall_normal": 1.0,
      "avg_latency_ms": 0.5501031875610352,
      "min_latency_ms": 0.5400180816650391,
      "max_latency_ms": 0.6062984466552734,
      "samples_per_second": 181784.07662635983,
      "compression_ratio": 11.585335589396504
    }
  ]
}