{
  "version": "v20",
  "data_version": "cicids2017_max2000k_bal4.0",
  "generated_at": "2026-02-22T07:22:29.286809",
  "results": [
    {
      "stage": "Original",
      "model_path": "models/tflite/saved_model_original.tflite",
      "file_size_bytes": 821632,
      "file_size_mb": 0.7835693359375,
      "parameter_count": 205777,
      "accuracy": 0.9107987228234377,
      "precision": 0.6666245201039105,
      "recall": 0.9952805903552429,
      "f1_score": 0.7984552688823416,
      "precision_normal": 0.9988599902166433,
      "recall_normal": 0.8925631774302288,
      "avg_latency_ms": 1.8924713134765625,
      "min_latency_ms": 1.8641948699951172,
      "max_latency_ms": 1.9643306732177734,
      "samples_per_second": 52840.959483975006,
      "compression_ratio": 1.0
    },
    {
      "stage": "QAT+Prune only",
      "model_path": "models/tflite/saved_model_qat_pruned_float32.tflite",
      "file_size_bytes": 248228,
      "file_size_mb": 0.23672866821289062,
      "parameter_count": 61969,
      "accuracy": 0.6708315053134445,
      "precision": 0.3494024024932676,
      "recall": 0.9908529260339798,
      "f1_score": 0.5166275194058564,
      "precision_normal": 0.9967296400149712,
      "recall_normal": 0.6017543729672463,
      "avg_latency_ms": 0.746917724609375,
      "min_latency_ms": 0.7352828979492188,
      "max_latency_ms": 0.7975101470947266,
      "samples_per_second": 133883.5546475996,
      "compression_ratio": 3.3099892034742253
    },
    {
      "stage": "Compressed (PTQ)",
      "model_path": "models/tflite/saved_model_pruned_quantized.tflite",
      "file_size_bytes": 70920,
      "file_size_mb": 0.06763458251953125,
      "parameter_count": 61969,
      "accuracy": 0.6688359169347763,
      "precision": 0.348200416631546,
      "recall": 0.9925175905268577,
      "f1_score": 0.515537251965556,
      "precision_normal": 0.9973107999753285,
      "recall_normal": 0.5989687131881728,
      "avg_latency_ms": 0.4832744598388672,
      "min_latency_ms": 0.4725456237792969,
      "max_latency_ms": 0.5207061767578125,
      "samples_per_second": 206921.75629008387,
      "compression_ratio": 11.585335589396504
    },
    {
      "stage": "QAT+PTQ",
      "model_path": "models/tflite/saved_model_qat_ptq.tflite",
      "file_size_bytes": 70904,
      "file_size_mb": 0.06761932373046875,
      "parameter_count": 61969,
      "accuracy": 0.6688359169347763,
      "precision": 0.348200416631546,
      "recall": 0.9925175905268577,
      "f1_score": 0.515537251965556,
      "precision_normal": 0.9973107999753285,
      "recall_normal": 0.5989687131881728,
      "avg_latency_ms": 0.4786491394042969,
      "min_latency_ms": 0.4699230194091797,
      "max_latency_ms": 0.5173683166503906,
      "samples_per_second": 208921.2990635585,
      "compression_ratio": 11.587949904095678
    },
    {
      "stage": "noQAT+PTQ",
      "model_path": "models/tflite/saved_model_no_qat_ptq.tflite",
      "file_size_bytes": 70920,
      "file_size_mb": 0.06763458251953125,
      "parameter_count": 61969,
      "accuracy": 0.8224688017938968,
      "precision": 0.0,
      "recall": 0.0,
      "f1_score": 0.0,
      "precision_normal": 0.8224688017938968,
      "recall_normal": 1.0,
      "avg_latency_ms": 0.48439502716064453,
      "min_latency_ms": 0.476837158203125,
      "max_latency_ms": 0.5285739898681641,
      "samples_per_second": 206443.07722596842,
      "compression_ratio": 11.585335589396504
    }
  ]
}