{
  "version": "v20",
  "data_version": "cicids2017_max2000k_bal4.0",
  "generated_at": "2026-02-15T19:45:30.853628",
  "results": [
    {
      "stage": "Original",
      "model_path": "models/tflite/saved_model_original.tflite",
      "file_size_bytes": 821632,
      "file_size_mb": 0.7835693359375,
      "parameter_count": 205777,
      "accuracy": 0.47676891391245,
      "precision": 0.24882566752112914,
      "recall": 0.9645272009610434,
      "f1_score": 0.39559658341046583,
      "precision_normal": 0.9798047894011783,
      "recall_normal": 0.3714855123465479,
      "avg_latency_ms": 1.9240379333496094,
      "min_latency_ms": 1.880645751953125,
      "max_latency_ms": 2.1305084228515625,
      "samples_per_second": 51974.0272614622,
      "compression_ratio": 1.0
    },
    {
      "stage": "QAT+Prune only",
      "model_path": "models/tflite/saved_model_qat_pruned_float32.tflite",
      "file_size_bytes": 248228,
      "file_size_mb": 0.23672866821289062,
      "parameter_count": 61969,
      "accuracy": 0.6506653992395437,
      "precision": 0.33626216636855677,
      "recall": 0.9937017333104513,
      "f1_score": 0.5024862669547786,
      "precision_normal": 0.9976478580767555,
      "recall_normal": 0.5766204612637709,
      "avg_latency_ms": 0.7678508758544922,
      "min_latency_ms": 0.7512569427490234,
      "max_latency_ms": 0.8418560028076172,
      "samples_per_second": 130233.62106439794,
      "compression_ratio": 3.3099892034742253
    },
    {
      "stage": "Compressed (PTQ)",
      "model_path": "models/tflite/saved_model_pruned_quantized.tflite",
      "file_size_bytes": 70920,
      "file_size_mb": 0.06763458251953125,
      "parameter_count": 61969,
      "accuracy": 0.6504399434532514,
      "precision": 0.3361253323117287,
      "recall": 0.9937703792689205,
      "f1_score": 0.5023422454326214,
      "precision_normal": 0.9976722711707899,
      "recall_normal": 0.5763315231483882,
      "avg_latency_ms": 0.5394935607910156,
      "min_latency_ms": 0.47397613525390625,
      "max_latency_ms": 0.5996227264404297,
      "samples_per_second": 185359.0242177833,
      "compression_ratio": 11.585335589396504
    },
    {
      "stage": "QAT+PTQ",
      "model_path": "models/tflite/saved_model_qat_ptq.tflite",
      "file_size_bytes": 70904,
      "file_size_mb": 0.06761932373046875,
      "parameter_count": 61969,
      "accuracy": 0.6504399434532514,
      "precision": 0.3361253323117287,
      "recall": 0.9937703792689205,
      "f1_score": 0.5023422454326214,
      "precision_normal": 0.9976722711707899,
      "recall_normal": 0.5763315231483882,
      "avg_latency_ms": 0.48720836639404297,
      "min_latency_ms": 0.47659873962402344,
      "max_latency_ms": 0.5469322204589844,
      "samples_per_second": 205250.9909469048,
      "compression_ratio": 11.587949904095678
    },
    {
      "stage": "noQAT+PTQ",
      "model_path": "models/tflite/saved_model_no_qat_ptq.tflite",
      "file_size_bytes": 70920,
      "file_size_mb": 0.06763458251953125,
      "parameter_count": 61969,
      "accuracy": 0.8224688017938968,
      "precision": 0.0,
      "recall": 0.0,
      "f1_score": 0.0,
      "precision_normal": 0.8224688017938968,
      "recall_normal": 1.0,
      "avg_latency_ms": 0.5304336547851562,
      "min_latency_ms": 0.4763603210449219,
      "max_latency_ms": 0.6058216094970703,
      "samples_per_second": 188524.99101042788,
      "compression_ratio": 11.585335589396504
    }
  ]
}