{
  "version": "v20",
  "data_version": "cicids2017_max2000k_bal4.0",
  "generated_at": "2026-02-12T08:02:52.074597",
  "results": [
    {
      "stage": "Original",
      "model_path": "models/tflite/saved_model_original.tflite",
      "file_size_bytes": 821652,
      "file_size_mb": 0.7835884094238281,
      "parameter_count": 205777,
      "accuracy": 0.792260773130545,
      "precision": 0.4591971950386423,
      "recall": 0.9574738287283336,
      "f1_score": 0.6207076859747788,
      "precision_normal": 0.9880130608296045,
      "recall_normal": 0.7565992724686428,
      "avg_latency_ms": 2.1732091903686523,
      "min_latency_ms": 2.1195411682128906,
      "max_latency_ms": 2.4945735931396484,
      "samples_per_second": 46014.89835547608,
      "compression_ratio": 1.0
    },
    {
      "stage": "QAT+Prune only",
      "model_path": "models/tflite/saved_model_qat_pruned_float32.tflite",
      "file_size_bytes": 248212,
      "file_size_mb": 0.23671340942382812,
      "parameter_count": 61969,
      "accuracy": 0.834229063078873,
      "precision": 0.5178281111439551,
      "recall": 0.962038784966535,
      "f1_score": 0.6732642350143521,
      "precision_normal": 0.9899439918533605,
      "recall_normal": 0.8066411314520252,
      "avg_latency_ms": 0.8091926574707031,
      "min_latency_ms": 0.7965564727783203,
      "max_latency_ms": 0.8578300476074219,
      "samples_per_second": 123579.9646434885,
      "compression_ratio": 3.3102831450534222
    },
    {
      "stage": "Compressed (PTQ)",
      "model_path": "models/tflite/saved_model_pruned_quantized.tflite",
      "file_size_bytes": 70920,
      "file_size_mb": 0.06763458251953125,
      "parameter_count": 61969,
      "accuracy": 0.8343082772740568,
      "precision": 0.5179150992107399,
      "recall": 0.9639780332932899,
      "f1_score": 0.6738121228842532,
      "precision_normal": 0.9904490189654545,
      "recall_normal": 0.8063188543233292,
      "avg_latency_ms": 0.5425214767456055,
      "min_latency_ms": 0.5333423614501953,
      "max_latency_ms": 0.5946159362792969,
      "samples_per_second": 184324.50010986597,
      "compression_ratio": 11.585617597292725
    },
    {
      "stage": "QAT+PTQ",
      "model_path": "models/tflite/saved_model_qat_ptq.tflite",
      "file_size_bytes": 70904,
      "file_size_mb": 0.06761932373046875,
      "parameter_count": 61969,
      "accuracy": 0.8343082772740568,
      "precision": 0.5179150992107399,
      "recall": 0.9639780332932899,
      "f1_score": 0.6738121228842532,
      "precision_normal": 0.9904490189654545,
      "recall_normal": 0.8063188543233292,
      "avg_latency_ms": 0.5378007888793945,
      "min_latency_ms": 0.5285739898681641,
      "max_latency_ms": 0.5900859832763672,
      "samples_per_second": 185942.4568869974,
      "compression_ratio": 11.58823197562902
    },
    {
      "stage": "noQAT+PTQ",
      "model_path": "models/tflite/saved_model_no_qat_ptq.tflite",
      "file_size_bytes": 70920,
      "file_size_mb": 0.06763458251953125,
      "parameter_count": 61969,
      "accuracy": 0.8224688017938968,
      "precision": 0.0,
      "recall": 0.0,
      "f1_score": 0.0,
      "precision_normal": 0.8224688017938968,
      "recall_normal": 1.0,
      "avg_latency_ms": 0.5434036254882812,
      "min_latency_ms": 0.5338191986083984,
      "max_latency_ms": 0.5910396575927734,
      "samples_per_second": 184025.27202527202,
      "compression_ratio": 11.585617597292725
    }
  ]
}