{
  "version": "v20",
  "data_version": "cicids2017_max2000k_bal4.0",
  "generated_at": "2026-02-13T00:24:42.331938",
  "results": [
    {
      "stage": "Original",
      "model_path": "models/tflite/saved_model_original.tflite",
      "file_size_bytes": 821652,
      "file_size_mb": 0.7835884094238281,
      "parameter_count": 205777,
      "accuracy": 0.415822730817978,
      "precision": 0.16112242358998838,
      "recall": 0.5445340655568903,
      "f1_score": 0.24866673719930565,
      "precision_normal": 0.7978567021851889,
      "recall_normal": 0.38804018462404705,
      "avg_latency_ms": 2.0261764526367188,
      "min_latency_ms": 1.9266605377197266,
      "max_latency_ms": 2.2110939025878906,
      "samples_per_second": 49354.043113997934,
      "compression_ratio": 1.0
    },
    {
      "stage": "QAT+Prune only",
      "model_path": "models/tflite/saved_model_qat_pruned_float32.tflite",
      "file_size_bytes": 248212,
      "file_size_mb": 0.23671340942382812,
      "parameter_count": 61969,
      "accuracy": 0.6828720629813786,
      "precision": 0.358692367000771,
      "recall": 0.997992105714776,
      "f1_score": 0.5277161460105719,
      "precision_normal": 0.9992956008163806,
      "recall_normal": 0.6148529008645918,
      "avg_latency_ms": 0.7215261459350586,
      "min_latency_ms": 0.7092952728271484,
      "max_latency_ms": 0.7643699645996094,
      "samples_per_second": 138595.11614843208,
      "compression_ratio": 3.3102831450534222
    },
    {
      "stage": "Compressed (PTQ)",
      "model_path": "models/tflite/saved_model_pruned_quantized.tflite",
      "file_size_bytes": 70920,
      "file_size_mb": 0.06763458251953125,
      "parameter_count": 61969,
      "accuracy": 0.6825460661011992,
      "precision": 0.3584540467237872,
      "recall": 0.9979749442251588,
      "f1_score": 0.5274557823129252,
      "precision_normal": 0.9992891309324433,
      "recall_normal": 0.6144602413744564,
      "avg_latency_ms": 0.4777669906616211,
      "min_latency_ms": 0.4715919494628906,
      "max_latency_ms": 0.5176067352294922,
      "samples_per_second": 209307.0512500624,
      "compression_ratio": 11.585617597292725
    },
    {
      "stage": "QAT+PTQ",
      "model_path": "models/tflite/saved_model_qat_ptq.tflite",
      "file_size_bytes": 70904,
      "file_size_mb": 0.06761932373046875,
      "parameter_count": 61969,
      "accuracy": 0.6825460661011992,
      "precision": 0.3584540467237872,
      "recall": 0.9979749442251588,
      "f1_score": 0.5274557823129252,
      "precision_normal": 0.9992891309324433,
      "recall_normal": 0.6144602413744564,
      "avg_latency_ms": 0.4851818084716797,
      "min_latency_ms": 0.4763603210449219,
      "max_latency_ms": 0.5390644073486328,
      "samples_per_second": 206108.30466830466,
      "compression_ratio": 11.58823197562902
    },
    {
      "stage": "noQAT+PTQ",
      "model_path": "models/tflite/saved_model_no_qat_ptq.tflite",
      "file_size_bytes": 70920,
      "file_size_mb": 0.06763458251953125,
      "parameter_count": 61969,
      "accuracy": 0.8224688017938968,
      "precision": 0.0,
      "recall": 0.0,
      "f1_score": 0.0,
      "precision_normal": 0.8224688017938968,
      "recall_normal": 1.0,
      "avg_latency_ms": 0.4782438278198242,
      "min_latency_ms": 0.46634674072265625,
      "max_latency_ms": 0.530242919921875,
      "samples_per_second": 209098.3598384765,
      "compression_ratio": 11.585617597292725
    }
  ]
}