{
  "version": "v23",
  "data_version": "cicids2017_max2000k_bal4.0",
  "generated_at": "2026-02-24T14:32:04.243118",
  "results": [
    {
      "stage": "Baseline",
      "model_path": "models/tflite/saved_model_original.tflite",
      "file_size_bytes": 817528,
      "file_size_mb": 0.7796554565429688,
      "parameter_count": 204880,
      "accuracy": 0.17892354002144878,
      "precision": 0.17777282837189293,
      "recall": 0.999948515531148,
      "f1_score": 0.3018773103714468,
      "precision_normal": 0.9935205183585313,
      "recall_normal": 0.0017039940137949427,
      "avg_latency_ms": 1.8848180770874023,
      "min_latency_ms": 1.8570423126220703,
      "max_latency_ms": 1.9855499267578125,
      "samples_per_second": 53055.51831003731,
      "compression_ratio": 1.0
    },
    {
      "stage": "Traditional+PTQ",
      "model_path": "models/tflite/saved_model_no_qat_ptq.tflite",
      "file_size_bytes": 70856,
      "file_size_mb": 0.06757354736328125,
      "parameter_count": 61969,
      "accuracy": 0.2203982645997855,
      "precision": 0.18548227939163595,
      "recall": 1.0,
      "f1_score": 0.31292290507593495,
      "precision_normal": 1.0,
      "recall_normal": 0.05211999081324967,
      "avg_latency_ms": 0.47533512115478516,
      "min_latency_ms": 0.4677772521972656,
      "max_latency_ms": 0.5106925964355469,
      "samples_per_second": 210377.89035461706,
      "compression_ratio": 11.537879643220052
    },
    {
      "stage": "Traditional+QAT",
      "model_path": "models/tflite/saved_model_traditional_qat.tflite",
      "file_size_bytes": 66600,
      "file_size_mb": 0.06351470947265625,
      "parameter_count": 62048,
      "accuracy": 0.962105147704007,
      "precision": 0.8566137566137566,
      "recall": 0.9446713574738287,
      "f1_score": 0.8984901656737125,
      "precision_normal": 0.9877862132715067,
      "recall_normal": 0.9658682590367248,
      "avg_latency_ms": 0.475311279296875,
      "min_latency_ms": 0.46944618225097656,
      "max_latency_ms": 0.5078315734863281,
      "samples_per_second": 210388.4430176565,
      "compression_ratio": 12.275195195195195
    },
    {
      "stage": "QAT+PTQ",
      "model_path": "models/tflite/saved_model_qat_ptq.tflite",
      "file_size_bytes": 68624,
      "file_size_mb": 0.0654449462890625,
      "parameter_count": 61520,
      "accuracy": 0.17801257677683532,
      "precision": 0.17760687199746386,
      "recall": 0.9999141925519135,
      "f1_score": 0.301636441761621,
      "precision_normal": 0.9702380952380952,
      "recall_normal": 0.0006038065744534254,
      "avg_latency_ms": 0.4750251770019531,
      "min_latency_ms": 0.4677772521972656,
      "max_latency_ms": 0.5195140838623047,
      "samples_per_second": 210515.15759887572,
      "compression_ratio": 11.913149918395897
    },
    {
      "stage": "QAT+QAT",
      "model_path": "models/tflite/saved_model_pruned_qat.tflite",
      "file_size_bytes": 66600,
      "file_size_mb": 0.06351470947265625,
      "parameter_count": 62048,
      "accuracy": 0.961660329531052,
      "precision": 0.8817729050372698,
      "recall": 0.9054401922086837,
      "f1_score": 0.8934498408182618,
      "precision_normal": 0.9794701740005216,
      "recall_normal": 0.9737955355356839,
      "avg_latency_ms": 0.4799842834472656,
      "min_latency_ms": 0.4723072052001953,
      "max_latency_ms": 0.5345344543457031,
      "samples_per_second": 208340.1549771508,
      "compression_ratio": 12.275195195195195
    }
  ]
}