{
  "version": "v15",
  "data_version": "cicids2017_max1500k_bal4.0",
  "generated_at": "2026-02-08T19:42:36.565131",
  "results": [
    {
      "stage": "Original",
      "model_path": "models/tflite/saved_model_original.tflite",
      "file_size_bytes": 821948,
      "file_size_mb": 0.7838706970214844,
      "parameter_count": 205777,
      "accuracy": 0.8241164287630003,
      "precision": 0.0,
      "recall": 0.0,
      "f1_score": 0.0,
      "avg_latency_ms": 2.408766746520996,
      "min_latency_ms": 2.1927356719970703,
      "max_latency_ms": 2.847909927368164,
      "samples_per_second": 41515.020142332556,
      "compression_ratio": 1.0
    },
    {
      "stage": "Compressed (PTQ)",
      "model_path": "models/tflite/saved_model_pruned_quantized.tflite",
      "file_size_bytes": 70872,
      "file_size_mb": 0.06758880615234375,
      "parameter_count": 61969,
      "accuracy": 0.9017567124593975,
      "precision": 0.6448819007104031,
      "recall": 0.98242158544592,
      "f1_score": 0.7786450464967939,
      "avg_latency_ms": 0.5454301834106445,
      "min_latency_ms": 0.5333423614501953,
      "max_latency_ms": 0.5779266357421875,
      "samples_per_second": 183341.5220527167,
      "compression_ratio": 11.597640817247996
    }
  ]
}