{
  "version": "v20",
  "data_version": "cicids2017_max2000k_bal4.0",
  "generated_at": "2026-02-22T04:05:32.089606",
  "results": [
    {
      "stage": "Original",
      "model_path": "models/tflite/saved_model_original.tflite",
      "file_size_bytes": 821632,
      "file_size_mb": 0.7835693359375,
      "parameter_count": 205777,
      "accuracy": 0.877150970069221,
      "precision": 0.5915789044003592,
      "recall": 0.9948515531148103,
      "f1_score": 0.7419590175474523,
      "precision_normal": 0.9986969665381007,
      "recall_normal": 0.8517451121302148,
      "avg_latency_ms": 1.9274473190307617,
      "min_latency_ms": 1.8804073333740234,
      "max_latency_ms": 1.9981861114501953,
      "samples_per_second": 51882.0924507997,
      "compression_ratio": 1.0
    },
    {
      "stage": "QAT+Prune only",
      "model_path": "models/tflite/saved_model_qat_pruned_float32.tflite",
      "file_size_bytes": 248228,
      "file_size_mb": 0.23672866821289062,
      "parameter_count": 61969,
      "accuracy": 0.8095294676806084,
      "precision": 0.48150986111715793,
      "recall": 0.9490132143470054,
      "f1_score": 0.6388701152413135,
      "precision_normal": 0.9860764180167683,
      "recall_normal": 0.7794216792490573,
      "avg_latency_ms": 0.7673025131225586,
      "min_latency_ms": 0.7550716400146484,
      "max_latency_ms": 0.8082389831542969,
      "samples_per_second": 130326.69421744399,
      "compression_ratio": 3.3099892034742253
    },
    {
      "stage": "Compressed (PTQ)",
      "model_path": "models/tflite/saved_model_pruned_quantized.tflite",
      "file_size_bytes": 70920,
      "file_size_mb": 0.06763458251953125,
      "parameter_count": 61969,
      "accuracy": 0.8096574290728283,
      "precision": 0.4816914409119012,
      "recall": 0.9493049596704994,
      "f1_score": 0.6390960504196826,
      "precision_normal": 0.9861566074784313,
      "recall_normal": 0.7795142876193721,
      "avg_latency_ms": 0.4860401153564453,
      "min_latency_ms": 0.47779083251953125,
      "max_latency_ms": 0.5304813385009766,
      "samples_per_second": 205744.33434710096,
      "compression_ratio": 11.585335589396504
    },
    {
      "stage": "QAT+PTQ",
      "model_path": "models/tflite/saved_model_qat_ptq.tflite",
      "file_size_bytes": 70904,
      "file_size_mb": 0.06761932373046875,
      "parameter_count": 61969,
      "accuracy": 0.8096574290728283,
      "precision": 0.4816914409119012,
      "recall": 0.9493049596704994,
      "f1_score": 0.6390960504196826,
      "precision_normal": 0.9861566074784313,
      "recall_normal": 0.7795142876193721,
      "avg_latency_ms": 0.4971742630004883,
      "min_latency_ms": 0.4851818084716797,
      "max_latency_ms": 0.5395412445068359,
      "samples_per_second": 201136.71893732317,
      "compression_ratio": 11.587949904095678
    },
    {
      "stage": "noQAT+PTQ",
      "model_path": "models/tflite/saved_model_no_qat_ptq.tflite",
      "file_size_bytes": 70920,
      "file_size_mb": 0.06763458251953125,
      "parameter_count": 61969,
      "accuracy": 0.8224688017938968,
      "precision": 0.0,
      "recall": 0.0,
      "f1_score": 0.0,
      "precision_normal": 0.8224688017938968,
      "recall_normal": 1.0,
      "avg_latency_ms": 0.48215389251708984,
      "min_latency_ms": 0.4737377166748047,
      "max_latency_ms": 0.5171298980712891,
      "samples_per_second": 207402.66033723977,
      "compression_ratio": 11.585335589396504
    }
  ]
}