{
  "version": "v20",
  "data_version": "cicids2017_max2000k_bal4.0",
  "generated_at": "2026-02-15T18:30:09.318060",
  "results": [
    {
      "stage": "Original",
      "model_path": "models/tflite/saved_model_original.tflite",
      "file_size_bytes": 821632,
      "file_size_mb": 0.7835693359375,
      "parameter_count": 205777,
      "accuracy": 0.5675758018913912,
      "precision": 0.29081152984477515,
      "recall": 0.997992105714776,
      "f1_score": 0.450382980041667,
      "precision_normal": 0.9990877619760479,
      "recall_normal": 0.47466975855145693,
      "avg_latency_ms": 2.1891117095947266,
      "min_latency_ms": 2.139568328857422,
      "max_latency_ms": 2.283334732055664,
      "samples_per_second": 45680.62907055261,
      "compression_ratio": 1.0
    },
    {
      "stage": "QAT+Prune only",
      "model_path": "models/tflite/saved_model_qat_pruned_float32.tflite",
      "file_size_bytes": 248228,
      "file_size_mb": 0.23672866821289062,
      "parameter_count": 61969,
      "accuracy": 0.8912785171102662,
      "precision": 0.6258820381909996,
      "recall": 0.9635489960528574,
      "f1_score": 0.7588476587577799,
      "precision_normal": 0.9910949743624144,
      "recall_normal": 0.8756788193544085,
      "avg_latency_ms": 0.8280515670776367,
      "min_latency_ms": 0.8108615875244141,
      "max_latency_ms": 0.9038448333740234,
      "samples_per_second": 120765.42570038296,
      "compression_ratio": 3.3099892034742253
    },
    {
      "stage": "Compressed (PTQ)",
      "model_path": "models/tflite/saved_model_pruned_quantized.tflite",
      "file_size_bytes": 70920,
      "file_size_mb": 0.06763458251953125,
      "parameter_count": 61969,
      "accuracy": 0.8904315345617627,
      "precision": 0.6239264008177687,
      "recall": 0.9636862879697958,
      "f1_score": 0.7574508838545636,
      "precision_normal": 0.9911175663139159,
      "recall_normal": 0.8746193795980056,
      "avg_latency_ms": 0.5470752716064453,
      "min_latency_ms": 0.530242919921875,
      "max_latency_ms": 0.6268024444580078,
      "samples_per_second": 182790.2030855051,
      "compression_ratio": 11.585335589396504
    },
    {
      "stage": "QAT+PTQ",
      "model_path": "models/tflite/saved_model_qat_ptq.tflite",
      "file_size_bytes": 70904,
      "file_size_mb": 0.06761932373046875,
      "parameter_count": 61969,
      "accuracy": 0.8904315345617627,
      "precision": 0.6239264008177687,
      "recall": 0.9636862879697958,
      "f1_score": 0.7574508838545636,
      "precision_normal": 0.9911175663139159,
      "recall_normal": 0.8746193795980056,
      "avg_latency_ms": 0.5394697189331055,
      "min_latency_ms": 0.530242919921875,
      "max_latency_ms": 0.5879402160644531,
      "samples_per_second": 185367.2161576877,
      "compression_ratio": 11.587949904095678
    },
    {
      "stage": "noQAT+PTQ",
      "model_path": "models/tflite/saved_model_no_qat_ptq.tflite",
      "file_size_bytes": 70920,
      "file_size_mb": 0.06763458251953125,
      "parameter_count": 61969,
      "accuracy": 0.8224688017938968,
      "precision": 0.0,
      "recall": 0.0,
      "f1_score": 0.0,
      "precision_normal": 0.8224688017938968,
      "recall_normal": 1.0,
      "avg_latency_ms": 0.5492925643920898,
      "min_latency_ms": 0.5376338958740234,
      "max_latency_ms": 0.6253719329833984,
      "samples_per_second": 182052.34602196276,
      "compression_ratio": 11.585335589396504
    }
  ]
}