{
  "version": "v20",
  "data_version": "cicids2017_max2000k_bal4.0",
  "generated_at": "2026-02-18T05:57:54.791543",
  "results": [
    {
      "stage": "Original",
      "model_path": "models/tflite/saved_model_original.tflite",
      "file_size_bytes": 821632,
      "file_size_mb": 0.7835693359375,
      "parameter_count": 205777,
      "accuracy": 0.2942990153066199,
      "precision": 0.20098729146831146,
      "recall": 0.9998798695726789,
      "f1_score": 0.33469671467224277,
      "precision_normal": 0.9998174230568597,
      "recall_normal": 0.1419982663713077,
      "avg_latency_ms": 2.311539649963379,
      "min_latency_ms": 2.13623046875,
      "max_latency_ms": 2.4445056915283203,
      "samples_per_second": 43261.20903943148,
      "compression_ratio": 1.0
    },
    {
      "stage": "QAT+Prune only",
      "model_path": "models/tflite/saved_model_qat_pruned_float32.tflite",
      "file_size_bytes": 248228,
      "file_size_mb": 0.23672866821289062,
      "parameter_count": 61969,
      "accuracy": 0.8140690504046018,
      "precision": 0.4882721773678972,
      "recall": 0.9849322121160117,
      "f1_score": 0.6528829254142232,
      "precision_normal": 0.9958326015862694,
      "recall_normal": 0.7771879653570608,
      "avg_latency_ms": 0.8997440338134766,
      "min_latency_ms": 0.8440017700195312,
      "max_latency_ms": 1.1448860168457031,
      "samples_per_second": 111142.7208649107,
      "compression_ratio": 3.3099892034742253
    },
    {
      "stage": "Compressed (PTQ)",
      "model_path": "models/tflite/saved_model_pruned_quantized.tflite",
      "file_size_bytes": 70920,
      "file_size_mb": 0.06763458251953125,
      "parameter_count": 61969,
      "accuracy": 0.813237301355172,
      "precision": 0.48714162041044967,
      "recall": 0.9850008580744809,
      "f1_score": 0.651886513867751,
      "precision_normal": 0.9958460470908072,
      "recall_normal": 0.7761618646139713,
      "avg_latency_ms": 0.5500316619873047,
      "min_latency_ms": 0.5395412445068359,
      "max_latency_ms": 0.6072521209716797,
      "samples_per_second": 181807.71564802775,
      "compression_ratio": 11.585335589396504
    },
    {
      "stage": "QAT+PTQ",
      "model_path": "models/tflite/saved_model_qat_ptq.tflite",
      "file_size_bytes": 70904,
      "file_size_mb": 0.06761932373046875,
      "parameter_count": 61969,
      "accuracy": 0.813237301355172,
      "precision": 0.48714162041044967,
      "recall": 0.9850008580744809,
      "f1_score": 0.651886513867751,
      "precision_normal": 0.9958460470908072,
      "recall_normal": 0.7761618646139713,
      "avg_latency_ms": 0.5384445190429688,
      "min_latency_ms": 0.5297660827636719,
      "max_latency_ms": 0.5817413330078125,
      "samples_per_second": 185720.15586255756,
      "compression_ratio": 11.587949904095678
    },
    {
      "stage": "noQAT+PTQ",
      "model_path": "models/tflite/saved_model_no_qat_ptq.tflite",
      "file_size_bytes": 70920,
      "file_size_mb": 0.06763458251953125,
      "parameter_count": 61969,
      "accuracy": 0.8224688017938968,
      "precision": 0.0,
      "recall": 0.0,
      "f1_score": 0.0,
      "precision_normal": 0.8224688017938968,
      "recall_normal": 1.0,
      "avg_latency_ms": 0.5433559417724609,
      "min_latency_ms": 0.5323886871337891,
      "max_latency_ms": 0.5958080291748047,
      "samples_per_second": 184041.42167617378,
      "compression_ratio": 11.585335589396504
    }
  ]
}