{
  "version": "v20",
  "data_version": "cicids2017_max2000k_bal4.0",
  "generated_at": "2026-02-17T04:30:27.313782",
  "results": [
    {
      "stage": "Original",
      "model_path": "models/tflite/saved_model_original.tflite",
      "file_size_bytes": 821632,
      "file_size_mb": 0.7835693359375,
      "parameter_count": 205777,
      "accuracy": 0.6752583601442917,
      "precision": 0.3061106563297539,
      "recall": 0.6545735369830101,
      "f1_score": 0.4171442320311475,
      "precision_normal": 0.901150170413806,
      "recall_normal": 0.6797232121028027,
      "avg_latency_ms": 2.0963191986083984,
      "min_latency_ms": 1.9764900207519531,
      "max_latency_ms": 2.368450164794922,
      "samples_per_second": 47702.659054204676,
      "compression_ratio": 1.0
    },
    {
      "stage": "QAT+Prune only",
      "model_path": "models/tflite/saved_model_qat_pruned_float32.tflite",
      "file_size_bytes": 248228,
      "file_size_mb": 0.23672866821289062,
      "parameter_count": 61969,
      "accuracy": 0.8798381593058399,
      "precision": 0.5967964139576009,
      "recall": 0.9961901493049596,
      "f1_score": 0.7464252648904434,
      "precision_normal": 0.9990387862728288,
      "recall_normal": 0.8547233973195433,
      "avg_latency_ms": 0.7693767547607422,
      "min_latency_ms": 0.7224082946777344,
      "max_latency_ms": 0.8594989776611328,
      "samples_per_second": 129975.33312674309,
      "compression_ratio": 3.3099892034742253
    },
    {
      "stage": "Compressed (PTQ)",
      "model_path": "models/tflite/saved_model_pruned_quantized.tflite",
      "file_size_bytes": 70920,
      "file_size_mb": 0.06763458251953125,
      "parameter_count": 61969,
      "accuracy": 0.8777816369308765,
      "precision": 0.5926833501802106,
      "recall": 0.9961901493049596,
      "f1_score": 0.7431999026957129,
      "precision_normal": 0.9990359687862326,
      "recall_normal": 0.8522229713210399,
      "avg_latency_ms": 0.4855155944824219,
      "min_latency_ms": 0.4756450653076172,
      "max_latency_ms": 0.5450248718261719,
      "samples_per_second": 205966.60773914753,
      "compression_ratio": 11.585335589396504
    },
    {
      "stage": "QAT+PTQ",
      "model_path": "models/tflite/saved_model_qat_ptq.tflite",
      "file_size_bytes": 70904,
      "file_size_mb": 0.06761932373046875,
      "parameter_count": 61969,
      "accuracy": 0.8777816369308765,
      "precision": 0.5926833501802106,
      "recall": 0.9961901493049596,
      "f1_score": 0.7431999026957129,
      "precision_normal": 0.9990359687862326,
      "recall_normal": 0.8522229713210399,
      "avg_latency_ms": 0.48787593841552734,
      "min_latency_ms": 0.4787445068359375,
      "max_latency_ms": 0.5478858947753906,
      "samples_per_second": 204970.1412305136,
      "compression_ratio": 11.587949904095678
    },
    {
      "stage": "noQAT+PTQ",
      "model_path": "models/tflite/saved_model_no_qat_ptq.tflite",
      "file_size_bytes": 70920,
      "file_size_mb": 0.06763458251953125,
      "parameter_count": 61969,
      "accuracy": 0.8224688017938968,
      "precision": 0.0,
      "recall": 0.0,
      "f1_score": 0.0,
      "precision_normal": 0.8224688017938968,
      "recall_normal": 1.0,
      "avg_latency_ms": 0.4831552505493164,
      "min_latency_ms": 0.4756450653076172,
      "max_latency_ms": 0.5252361297607422,
      "samples_per_second": 206972.81026400195,
      "compression_ratio": 11.585335589396504
    }
  ]
}