{
  "version": "v20",
  "data_version": "cicids2017_max2000k_bal4.0",
  "generated_at": "2026-02-17T16:43:18.240808",
  "results": [
    {
      "stage": "Original",
      "model_path": "models/tflite/saved_model_original.tflite",
      "file_size_bytes": 821632,
      "file_size_mb": 0.7835693359375,
      "parameter_count": 205777,
      "accuracy": 0.3232365701472165,
      "precision": 0.20751194156664787,
      "recall": 0.9975459069847262,
      "f1_score": 0.3435564329282708,
      "precision_normal": 0.9970276449802535,
      "recall_normal": 0.17768582795587395,
      "avg_latency_ms": 2.3188352584838867,
      "min_latency_ms": 2.1736621856689453,
      "max_latency_ms": 2.9518604278564453,
      "samples_per_second": 43125.098962563876,
      "compression_ratio": 1.0
    },
    {
      "stage": "QAT+Prune only",
      "model_path": "models/tflite/saved_model_qat_pruned_float32.tflite",
      "file_size_bytes": 248228,
      "file_size_mb": 0.23672866821289062,
      "parameter_count": 61969,
      "accuracy": 0.875,
      "precision": 0.6530336919089715,
      "recall": 0.6313368800411876,
      "f1_score": 0.6420020243621514,
      "precision_normal": 0.9209901062929862,
      "recall_normal": 0.9275950717529653,
      "avg_latency_ms": 0.8990287780761719,
      "min_latency_ms": 0.8780956268310547,
      "max_latency_ms": 0.9555816650390625,
      "samples_per_second": 111231.14458470352,
      "compression_ratio": 3.3099892034742253
    },
    {
      "stage": "Compressed (PTQ)",
      "model_path": "models/tflite/saved_model_pruned_quantized.tflite",
      "file_size_bytes": 70920,
      "file_size_mb": 0.06763458251953125,
      "parameter_count": 61969,
      "accuracy": 0.875332090279809,
      "precision": 0.6539000549928154,
      "recall": 0.6325896687832504,
      "f1_score": 0.6430683612320199,
      "precision_normal": 0.921247880288244,
      "recall_normal": 0.9277284278062189,
      "avg_latency_ms": 0.5420684814453125,
      "min_latency_ms": 0.5333423614501953,
      "max_latency_ms": 0.5900859832763672,
      "samples_per_second": 184478.53624208304,
      "compression_ratio": 11.585335589396504
    },
    {
      "stage": "QAT+PTQ",
      "model_path": "models/tflite/saved_model_qat_ptq.tflite",
      "file_size_bytes": 70904,
      "file_size_mb": 0.06761932373046875,
      "parameter_count": 61969,
      "accuracy": 0.875332090279809,
      "precision": 0.6539000549928154,
      "recall": 0.6325896687832504,
      "f1_score": 0.6430683612320199,
      "precision_normal": 0.921247880288244,
      "recall_normal": 0.9277284278062189,
      "avg_latency_ms": 0.542759895324707,
      "min_latency_ms": 0.5331039428710938,
      "max_latency_ms": 0.6055831909179688,
      "samples_per_second": 184243.53173731605,
      "compression_ratio": 11.587949904095678
    },
    {
      "stage": "noQAT+PTQ",
      "model_path": "models/tflite/saved_model_no_qat_ptq.tflite",
      "file_size_bytes": 70920,
      "file_size_mb": 0.06763458251953125,
      "parameter_count": 61969,
      "accuracy": 0.8224688017938968,
      "precision": 0.0,
      "recall": 0.0,
      "f1_score": 0.0,
      "precision_normal": 0.8224688017938968,
      "recall_normal": 1.0,
      "avg_latency_ms": 0.5454063415527344,
      "min_latency_ms": 0.5354881286621094,
      "max_latency_ms": 0.6101131439208984,
      "samples_per_second": 183349.53663227835,
      "compression_ratio": 11.585335589396504
    }
  ]
}