{
  "version": "v20",
  "data_version": "cicids2017_max2000k_bal4.0",
  "generated_at": "2026-02-18T02:40:00.714045",
  "results": [
    {
      "stage": "Original",
      "model_path": "models/tflite/saved_model_original.tflite",
      "file_size_bytes": 821632,
      "file_size_mb": 0.7835693359375,
      "parameter_count": 205777,
      "accuracy": 0.578309325338793,
      "precision": 0.27305577109327656,
      "recall": 0.8273725759395916,
      "f1_score": 0.4106016667305424,
      "precision_normal": 0.9336753196231118,
      "recall_normal": 0.524548626803085,
      "avg_latency_ms": 2.1683216094970703,
      "min_latency_ms": 2.019166946411133,
      "max_latency_ms": 2.5506019592285156,
      "samples_per_second": 46118.61984034482,
      "compression_ratio": 1.0
    },
    {
      "stage": "QAT+Prune only",
      "model_path": "models/tflite/saved_model_qat_pruned_float32.tflite",
      "file_size_bytes": 248228,
      "file_size_mb": 0.23672866821289062,
      "parameter_count": 61969,
      "accuracy": 0.8541270595690748,
      "precision": 0.5491435003452484,
      "recall": 0.9963274412218981,
      "f1_score": 0.7080388557908666,
      "precision_normal": 0.9990382152150757,
      "recall_normal": 0.8234328811575305,
      "avg_latency_ms": 0.848698616027832,
      "min_latency_ms": 0.8335113525390625,
      "max_latency_ms": 0.9207725524902344,
      "samples_per_second": 117827.45737000309,
      "compression_ratio": 3.3099892034742253
    },
    {
      "stage": "Compressed (PTQ)",
      "model_path": "models/tflite/saved_model_pruned_quantized.tflite",
      "file_size_bytes": 70920,
      "file_size_mb": 0.06763458251953125,
      "parameter_count": 61969,
      "accuracy": 0.8547181193331383,
      "precision": 0.5501768157987049,
      "recall": 0.9958984039814656,
      "f1_score": 0.7087885579583137,
      "precision_normal": 0.9989270338096585,
      "recall_normal": 0.8242441304814895,
      "avg_latency_ms": 0.5384922027587891,
      "min_latency_ms": 0.5304813385009766,
      "max_latency_ms": 0.5793571472167969,
      "samples_per_second": 185703.71026299478,
      "compression_ratio": 11.585335589396504
    },
    {
      "stage": "QAT+PTQ",
      "model_path": "models/tflite/saved_model_qat_ptq.tflite",
      "file_size_bytes": 70904,
      "file_size_mb": 0.06761932373046875,
      "parameter_count": 61969,
      "accuracy": 0.8547181193331383,
      "precision": 0.5501768157987049,
      "recall": 0.9958984039814656,
      "f1_score": 0.7087885579583137,
      "precision_normal": 0.9989270338096585,
      "recall_normal": 0.8242441304814895,
      "avg_latency_ms": 0.5445480346679688,
      "min_latency_ms": 0.5266666412353516,
      "max_latency_ms": 0.5877017974853516,
      "samples_per_second": 183638.5288966725,
      "compression_ratio": 11.587949904095678
    },
    {
      "stage": "noQAT+PTQ",
      "model_path": "models/tflite/saved_model_no_qat_ptq.tflite",
      "file_size_bytes": 70920,
      "file_size_mb": 0.06763458251953125,
      "parameter_count": 61969,
      "accuracy": 0.8224688017938968,
      "precision": 0.0,
      "recall": 0.0,
      "f1_score": 0.0,
      "precision_normal": 0.8224688017938968,
      "recall_normal": 1.0,
      "avg_latency_ms": 0.5377292633056641,
      "min_latency_ms": 0.5295276641845703,
      "max_latency_ms": 0.5896091461181641,
      "samples_per_second": 185967.189855458,
      "compression_ratio": 11.585335589396504
    }
  ]
}