{
  "version": "v20",
  "data_version": "cicids2017_max2000k_bal4.0",
  "generated_at": "2026-02-19T07:43:25.877026",
  "results": [
    {
      "stage": "Original",
      "model_path": "models/tflite/saved_model_original.tflite",
      "file_size_bytes": 821632,
      "file_size_mb": 0.7835693359375,
      "parameter_count": 205777,
      "accuracy": 0.8874183484449644,
      "precision": 0.6123655913978494,
      "recall": 0.996893770379269,
      "f1_score": 0.7586886958793182,
      "precision_normal": 0.9992243876519086,
      "recall_normal": 0.8637879046059699,
      "avg_latency_ms": 1.961064338684082,
      "min_latency_ms": 1.8868446350097656,
      "max_latency_ms": 2.198934555053711,
      "samples_per_second": 50992.71759084775,
      "compression_ratio": 1.0
    },
    {
      "stage": "QAT+Prune only",
      "model_path": "models/tflite/saved_model_qat_pruned_float32.tflite",
      "file_size_bytes": 248228,
      "file_size_mb": 0.23672866821289062,
      "parameter_count": 61969,
      "accuracy": 0.778730379253193,
      "precision": 0.4419048852342258,
      "recall": 0.9370173331045135,
      "f1_score": 0.6005741753104616,
      "precision_normal": 0.9820685207262494,
      "recall_normal": 0.7445638886625129,
      "avg_latency_ms": 0.7328271865844727,
      "min_latency_ms": 0.7166862487792969,
      "max_latency_ms": 0.8130073547363281,
      "samples_per_second": 136457.8195659954,
      "compression_ratio": 3.3099892034742253
    },
    {
      "stage": "Compressed (PTQ)",
      "model_path": "models/tflite/saved_model_pruned_quantized.tflite",
      "file_size_bytes": 70920,
      "file_size_mb": 0.06763458251953125,
      "parameter_count": 61969,
      "accuracy": 0.7785628107633811,
      "precision": 0.44172617651578255,
      "recall": 0.9373434014072421,
      "f1_score": 0.6004760360380169,
      "precision_normal": 0.9821532445313454,
      "recall_normal": 0.7442897678863807,
      "avg_latency_ms": 0.5533933639526367,
      "min_latency_ms": 0.5376338958740234,
      "max_latency_ms": 0.5948543548583984,
      "samples_per_second": 180703.2872345009,
      "compression_ratio": 11.585335589396504
    },
    {
      "stage": "QAT+PTQ",
      "model_path": "models/tflite/saved_model_qat_ptq.tflite",
      "file_size_bytes": 70904,
      "file_size_mb": 0.06761932373046875,
      "parameter_count": 61969,
      "accuracy": 0.7785628107633811,
      "precision": 0.44172617651578255,
      "recall": 0.9373434014072421,
      "f1_score": 0.6004760360380169,
      "precision_normal": 0.9821532445313454,
      "recall_normal": 0.7442897678863807,
      "avg_latency_ms": 0.4822731018066406,
      "min_latency_ms": 0.47469139099121094,
      "max_latency_ms": 0.5240440368652344,
      "samples_per_second": 207351.39410717817,
      "compression_ratio": 11.587949904095678
    },
    {
      "stage": "noQAT+PTQ",
      "model_path": "models/tflite/saved_model_no_qat_ptq.tflite",
      "file_size_bytes": 70920,
      "file_size_mb": 0.06763458251953125,
      "parameter_count": 61969,
      "accuracy": 0.8224688017938968,
      "precision": 0.0,
      "recall": 0.0,
      "f1_score": 0.0,
      "precision_normal": 0.8224688017938968,
      "recall_normal": 1.0,
      "avg_latency_ms": 0.4837512969970703,
      "min_latency_ms": 0.4734992980957031,
      "max_latency_ms": 0.5421638488769531,
      "samples_per_second": 206717.79201577132,
      "compression_ratio": 11.585335589396504
    }
  ]
}