{
  "version": "v20",
  "data_version": "cicids2017_max2000k_bal4.0",
  "generated_at": "2026-02-19T18:15:40.857703",
  "results": [
    {
      "stage": "Original",
      "model_path": "models/tflite/saved_model_original.tflite",
      "file_size_bytes": 821632,
      "file_size_mb": 0.7835693359375,
      "parameter_count": 205777,
      "accuracy": 0.6455621770498197,
      "precision": 0.2734826674156777,
      "recall": 0.6015445340655569,
      "f1_score": 0.37601574777809366,
      "precision_normal": 0.8839419159731075,
      "recall_normal": 0.6550634552553398,
      "avg_latency_ms": 1.9574403762817383,
      "min_latency_ms": 1.8703937530517578,
      "max_latency_ms": 2.368450164794922,
      "samples_per_second": 51087.124395561565,
      "compression_ratio": 1.0
    },
    {
      "stage": "QAT+Prune only",
      "model_path": "models/tflite/saved_model_qat_pruned_float32.tflite",
      "file_size_bytes": 248228,
      "file_size_mb": 0.23672866821289062,
      "parameter_count": 61969,
      "accuracy": 0.7454147167787852,
      "precision": 0.4106848986107089,
      "recall": 0.997871975287455,
      "f1_score": 0.581887687450276,
      "precision_normal": 0.9993356229338677,
      "recall_normal": 0.6909214162412856,
      "avg_latency_ms": 0.7649660110473633,
      "min_latency_ms": 0.7565021514892578,
      "max_latency_ms": 0.8029937744140625,
      "samples_per_second": 130724.76235000778,
      "compression_ratio": 3.3099892034742253
    },
    {
      "stage": "Compressed (PTQ)",
      "model_path": "models/tflite/saved_model_pruned_quantized.tflite",
      "file_size_bytes": 70920,
      "file_size_mb": 0.06763458251953125,
      "parameter_count": 61969,
      "accuracy": 0.7452105878911962,
      "precision": 0.4105045457112203,
      "recall": 0.9980607516732453,
      "f1_score": 0.581738704224225,
      "precision_normal": 0.9993942707663279,
      "recall_normal": 0.6906324781259029,
      "avg_latency_ms": 0.47969818115234375,
      "min_latency_ms": 0.4723072052001953,
      "max_latency_ms": 0.5185604095458984,
      "samples_per_second": 208464.4135188867,
      "compression_ratio": 11.585335589396504
    },
    {
      "stage": "QAT+PTQ",
      "model_path": "models/tflite/saved_model_qat_ptq.tflite",
      "file_size_bytes": 70904,
      "file_size_mb": 0.06761932373046875,
      "parameter_count": 61969,
      "accuracy": 0.7452105878911962,
      "precision": 0.4105045457112203,
      "recall": 0.9980607516732453,
      "f1_score": 0.581738704224225,
      "precision_normal": 0.9993942707663279,
      "recall_normal": 0.6906324781259029,
      "avg_latency_ms": 0.4893779754638672,
      "min_latency_ms": 0.4773139953613281,
      "max_latency_ms": 0.5292892456054688,
      "samples_per_second": 204341.0308876547,
      "compression_ratio": 11.587949904095678
    },
    {
      "stage": "noQAT+PTQ",
      "model_path": "models/tflite/saved_model_no_qat_ptq.tflite",
      "file_size_bytes": 70920,
      "file_size_mb": 0.06763458251953125,
      "parameter_count": 61969,
      "accuracy": 0.8224688017938968,
      "precision": 0.0,
      "recall": 0.0,
      "f1_score": 0.0,
      "precision_normal": 0.8224688017938968,
      "recall_normal": 1.0,
      "avg_latency_ms": 0.4951953887939453,
      "min_latency_ms": 0.4889965057373047,
      "max_latency_ms": 0.5335807800292969,
      "samples_per_second": 201940.4910929225,
      "compression_ratio": 11.585335589396504
    }
  ]
}