{
  "tag": "no_qat__distill_none__prune_10x5__ptq_yes",
  "fl_qat": false,
  "distillation": "none",
  "pruning": "prune_10x5",
  "ptq": true,
  "fl_acc": 0.9631612953557548,
  "fl_f1": 0.9010881591526753,
  "fl_prec": 0.8304376664389732,
  "fl_rec": 0.9848778368731875,
  "fl_size_kb": 850.7578125,
  "dist_acc": null,
  "dist_f1": null,
  "prune_acc": 0.978294049517012,
  "prune_f1": 0.9343402254615426,
  "final_acc": 0.6428870054349892,
  "final_f1": 0.48743891724902244,
  "final_prec": 0.32261092636579575,
  "final_rec": 0.9966421283740152,
  "tflite_size_kb": 95.0546875,
  "final_size_kb": 1022.078125
}