{
  "version": "v20",
  "data_version": "cicids2017_max2000k_bal4.0",
  "generated_at": "2026-02-14T10:49:32.075485",
  "results": [
    {
      "stage": "Original",
      "model_path": "models/tflite/saved_model_original.tflite",
      "file_size_bytes": 821632,
      "file_size_mb": 0.7835693359375,
      "parameter_count": 205777,
      "accuracy": 0.4044615872087355,
      "precision": 0.22940990848848217,
      "recall": 0.9981122361420971,
      "f1_score": 0.37307161871772665,
      "precision_normal": 0.9985275219533091,
      "recall_normal": 0.276321151010913,
      "avg_latency_ms": 2.122974395751953,
      "min_latency_ms": 2.003192901611328,
      "max_latency_ms": 2.415180206298828,
      "samples_per_second": 47103.72400161718,
      "compression_ratio": 1.0
    },
    {
      "stage": "QAT+Prune only",
      "model_path": "models/tflite/saved_model_qat_pruned_float32.tflite",
      "file_size_bytes": 248228,
      "file_size_mb": 0.23672866821289062,
      "parameter_count": 61969,
      "accuracy": 0.5506178707224335,
      "precision": 0.2831113271754983,
      "recall": 0.9994165093530119,
      "f1_score": 0.44123195817706556,
      "precision_normal": 0.9997225033462832,
      "recall_normal": 0.4537439711950925,
      "avg_latency_ms": 0.8885860443115234,
      "min_latency_ms": 0.8697509765625,
      "max_latency_ms": 0.9450912475585938,
      "samples_per_second": 112538.34182988999,
      "compression_ratio": 3.3099892034742253
    },
    {
      "stage": "Compressed (PTQ)",
      "model_path": "models/tflite/saved_model_pruned_quantized.tflite",
      "file_size_bytes": 70920,
      "file_size_mb": 0.06763458251953125,
      "parameter_count": 61969,
      "accuracy": 0.5487014965389491,
      "precision": 0.28224825400210346,
      "recall": 0.9994165093530119,
      "f1_score": 0.44018306947494135,
      "precision_normal": 0.9997210714139219,
      "recall_normal": 0.4514139445979685,
      "avg_latency_ms": 0.5818605422973633,
      "min_latency_ms": 0.5440711975097656,
      "max_latency_ms": 0.7443428039550781,
      "samples_per_second": 171862.48719524688,
      "compression_ratio": 11.585335589396504
    },
    {
      "stage": "QAT+PTQ",
      "model_path": "models/tflite/saved_model_qat_ptq.tflite",
      "file_size_bytes": 70904,
      "file_size_mb": 0.06761932373046875,
      "parameter_count": 61969,
      "accuracy": 0.5487014965389491,
      "precision": 0.28224825400210346,
      "recall": 0.9994165093530119,
      "f1_score": 0.44018306947494135,
      "precision_normal": 0.9997210714139219,
      "recall_normal": 0.4514139445979685,
      "avg_latency_ms": 0.5529165267944336,
      "min_latency_ms": 0.5409717559814453,
      "max_latency_ms": 0.6232261657714844,
      "samples_per_second": 180859.12638523564,
      "compression_ratio": 11.587949904095678
    },
    {
      "stage": "noQAT+PTQ",
      "model_path": "models/tflite/saved_model_no_qat_ptq.tflite",
      "file_size_bytes": 70920,
      "file_size_mb": 0.06763458251953125,
      "parameter_count": 61969,
      "accuracy": 0.8224688017938968,
      "precision": 0.0,
      "recall": 0.0,
      "f1_score": 0.0,
      "precision_normal": 0.8224688017938968,
      "recall_normal": 1.0,
      "avg_latency_ms": 0.5550861358642578,
      "min_latency_ms": 0.5424022674560547,
      "max_latency_ms": 0.6275177001953125,
      "samples_per_second": 180152.22059960486,
      "compression_ratio": 11.585335589396504
    }
  ]
}