{
  "version": "v20",
  "data_version": "cicids2017_max2000k_bal4.0",
  "generated_at": "2026-02-16T13:39:53.035232",
  "results": [
    {
      "stage": "Original",
      "model_path": "models/tflite/saved_model_original.tflite",
      "file_size_bytes": 821632,
      "file_size_mb": 0.7835693359375,
      "parameter_count": 205777,
      "accuracy": 0.7741755630301258,
      "precision": 0.41957154889842807,
      "recall": 0.7095417882272181,
      "f1_score": 0.5273227005758525,
      "precision_normal": 0.9263114814766439,
      "recall_normal": 0.7881268660586619,
      "avg_latency_ms": 1.9789457321166992,
      "min_latency_ms": 1.9016265869140625,
      "max_latency_ms": 2.176523208618164,
      "samples_per_second": 50531.956676264715,
      "compression_ratio": 1.0
    },
    {
      "stage": "QAT+Prune only",
      "model_path": "models/tflite/saved_model_qat_pruned_float32.tflite",
      "file_size_bytes": 248228,
      "file_size_mb": 0.23672866821289062,
      "parameter_count": 61969,
      "accuracy": 0.7771247684508141,
      "precision": 0.4432860049843382,
      "recall": 0.9981808821005663,
      "f1_score": 0.6139296288282202,
      "precision_normal": 0.9994619644388949,
      "recall_normal": 0.7294094549441756,
      "avg_latency_ms": 0.7364273071289062,
      "min_latency_ms": 0.7221698760986328,
      "max_latency_ms": 0.7843971252441406,
      "samples_per_second": 135790.7277907278,
      "compression_ratio": 3.3099892034742253
    },
    {
      "stage": "Compressed (PTQ)",
      "model_path": "models/tflite/saved_model_pruned_quantized.tflite",
      "file_size_bytes": 70920,
      "file_size_mb": 0.06763458251953125,
      "parameter_count": 61969,
      "accuracy": 0.7769054060641513,
      "precision": 0.44304289207285025,
      "recall": 0.9981808821005663,
      "f1_score": 0.6136964331875517,
      "precision_normal": 0.9994617677375458,
      "recall_normal": 0.7291427428376687,
      "avg_latency_ms": 0.47767162322998047,
      "min_latency_ms": 0.4696846008300781,
      "max_latency_ms": 0.5245208740234375,
      "samples_per_second": 209348.83953082107,
      "compression_ratio": 11.585335589396504
    },
    {
      "stage": "QAT+PTQ",
      "model_path": "models/tflite/saved_model_qat_ptq.tflite",
      "file_size_bytes": 70904,
      "file_size_mb": 0.06761932373046875,
      "parameter_count": 61969,
      "accuracy": 0.7769054060641513,
      "precision": 0.44304289207285025,
      "recall": 0.9981808821005663,
      "f1_score": 0.6136964331875517,
      "precision_normal": 0.9994617677375458,
      "recall_normal": 0.7291427428376687,
      "avg_latency_ms": 0.4772663116455078,
      "min_latency_ms": 0.4706382751464844,
      "max_latency_ms": 0.5152225494384766,
      "samples_per_second": 209526.6260365671,
      "compression_ratio": 11.587949904095678
    },
    {
      "stage": "noQAT+PTQ",
      "model_path": "models/tflite/saved_model_no_qat_ptq.tflite",
      "file_size_bytes": 70920,
      "file_size_mb": 0.06763458251953125,
      "parameter_count": 61969,
      "accuracy": 0.8224688017938968,
      "precision": 0.0,
      "recall": 0.0,
      "f1_score": 0.0,
      "precision_normal": 0.8224688017938968,
      "recall_normal": 1.0,
      "avg_latency_ms": 0.4929065704345703,
      "min_latency_ms": 0.4801750183105469,
      "max_latency_ms": 0.5860328674316406,
      "samples_per_second": 202878.20450807776,
      "compression_ratio": 11.585335589396504
    }
  ]
}