{
  "version": "v20",
  "data_version": "cicids2017_max2000k_bal4.0",
  "generated_at": "2026-02-18T17:59:13.716025",
  "results": [
    {
      "stage": "Original",
      "model_path": "models/tflite/saved_model_original.tflite",
      "file_size_bytes": 821632,
      "file_size_mb": 0.7835693359375,
      "parameter_count": 205777,
      "accuracy": 0.882778224627084,
      "precision": 0.6053541966043962,
      "recall": 0.9759739145357818,
      "f1_score": 0.7472325329303945,
      "precision_normal": 0.9940242189867636,
      "recall_normal": 0.8626617868229403,
      "avg_latency_ms": 2.279186248779297,
      "min_latency_ms": 2.164602279663086,
      "max_latency_ms": 2.808809280395508,
      "samples_per_second": 43875.30859031759,
      "compression_ratio": 1.0
    },
    {
      "stage": "QAT+Prune only",
      "model_path": "models/tflite/saved_model_qat_pruned_float32.tflite",
      "file_size_bytes": 248228,
      "file_size_mb": 0.23672866821289062,
      "parameter_count": 61969,
      "accuracy": 0.8611436092424686,
      "precision": 0.5622376936654246,
      "recall": 0.9839883301870602,
      "f1_score": 0.715594383775351,
      "precision_normal": 0.9958761337317232,
      "recall_normal": 0.8346273809612008,
      "avg_latency_ms": 0.8644819259643555,
      "min_latency_ms": 0.8540153503417969,
      "max_latency_ms": 0.9157657623291016,
      "samples_per_second": 115676.21831821065,
      "compression_ratio": 3.3099892034742253
    },
    {
      "stage": "Compressed (PTQ)",
      "model_path": "models/tflite/saved_model_pruned_quantized.tflite",
      "file_size_bytes": 70920,
      "file_size_mb": 0.06763458251953125,
      "parameter_count": 61969,
      "accuracy": 0.8614756995222774,
      "precision": 0.5628392771249914,
      "recall": 0.9839883301870602,
      "f1_score": 0.7160814532193505,
      "precision_normal": 0.9958781195742933,
      "recall_normal": 0.835031153455774,
      "avg_latency_ms": 0.5438566207885742,
      "min_latency_ms": 0.5359649658203125,
      "max_latency_ms": 0.5950927734375,
      "samples_per_second": 183871.9915830082,
      "compression_ratio": 11.585335589396504
    },
    {
      "stage": "QAT+PTQ",
      "model_path": "models/tflite/saved_model_qat_ptq.tflite",
      "file_size_bytes": 70904,
      "file_size_mb": 0.06761932373046875,
      "parameter_count": 61969,
      "accuracy": 0.8614756995222774,
      "precision": 0.5628392771249914,
      "recall": 0.9839883301870602,
      "f1_score": 0.7160814532193505,
      "precision_normal": 0.9958781195742933,
      "recall_normal": 0.835031153455774,
      "avg_latency_ms": 0.5462408065795898,
      "min_latency_ms": 0.5354881286621094,
      "max_latency_ms": 0.6144046783447266,
      "samples_per_second": 183069.44262581295,
      "compression_ratio": 11.587949904095678
    },
    {
      "stage": "noQAT+PTQ",
      "model_path": "models/tflite/saved_model_no_qat_ptq.tflite",
      "file_size_bytes": 70920,
      "file_size_mb": 0.06763458251953125,
      "parameter_count": 61969,
      "accuracy": 0.8224688017938968,
      "precision": 0.0,
      "recall": 0.0,
      "f1_score": 0.0,
      "precision_normal": 0.8224688017938968,
      "recall_normal": 1.0,
      "avg_latency_ms": 0.5473613739013672,
      "min_latency_ms": 0.5357265472412109,
      "max_latency_ms": 0.6115436553955078,
      "samples_per_second": 182694.6598135726,
      "compression_ratio": 11.585335589396504
    }
  ]
}