{
  "tag": "yes_qat__distill_none__prune_none__ptq_yes",
  "fl_qat": true,
  "distillation": "none",
  "pruning": "prune_none",
  "ptq": true,
  "fl_acc": 0.846421759990464,
  "fl_f1": 0.3271041765272315,
  "fl_prec": 0.7130354347516721,
  "fl_rec": 0.2122328822246225,
  "fl_size_kb": 864.109375,
  "dist_acc": null,
  "dist_f1": null,
  "prune_acc": null,
  "prune_f1": null,
  "final_acc": 0.7233252376553327,
  "final_f1": 0.500359888871698,
  "final_prec": 0.3666305205047319,
  "final_rec": 0.7876612237117987,
  "tflite_size_kb": 216.0234375,
  "final_size_kb": 864.109375
}