{
  "version": "v23",
  "data_version": "cicids2017_max2000k_bal4.0",
  "generated_at": "2026-02-24T08:06:47.125856",
  "results": [
    {
      "stage": "Baseline",
      "model_path": "models/tflite/saved_model_original.tflite",
      "file_size_bytes": 817528,
      "file_size_mb": 0.7796554565429688,
      "parameter_count": 204880,
      "accuracy": 0.17841474115238373,
      "precision": 0.1774619778824793,
      "recall": 0.9980264286940106,
      "f1_score": 0.3013415411400768,
      "precision_normal": 0.7788461538461539,
      "recall_normal": 0.0015002555991020692,
      "avg_latency_ms": 1.8857240676879883,
      "min_latency_ms": 1.8641948699951172,
      "max_latency_ms": 1.9953250885009766,
      "samples_per_second": 53030.027941790046,
      "compression_ratio": 1.0
    },
    {
      "stage": "Traditional+PTQ",
      "model_path": "models/tflite/saved_model_no_qat_ptq.tflite",
      "file_size_bytes": 70856,
      "file_size_mb": 0.06757354736328125,
      "parameter_count": 61969,
      "accuracy": 0.2203982645997855,
      "precision": 0.18548227939163595,
      "recall": 1.0,
      "f1_score": 0.31292290507593495,
      "precision_normal": 1.0,
      "recall_normal": 0.05211999081324967,
      "avg_latency_ms": 0.4863262176513672,
      "min_latency_ms": 0.4792213439941406,
      "max_latency_ms": 0.5311965942382812,
      "samples_per_second": 205623.296401608,
      "compression_ratio": 11.537879643220052
    },
    {
      "stage": "Traditional+QAT",
      "model_path": "models/tflite/saved_model_traditional_qat.tflite",
      "file_size_bytes": 66600,
      "file_size_mb": 0.06351470947265625,
      "parameter_count": 62048,
      "accuracy": 0.9646369552500731,
      "precision": 0.8766486399225119,
      "recall": 0.9319375321777931,
      "f1_score": 0.903447989019673,
      "precision_normal": 0.9851058476259863,
      "recall_normal": 0.9716951776969409,
      "avg_latency_ms": 0.48370361328125,
      "min_latency_ms": 0.47779083251953125,
      "max_latency_ms": 0.5228519439697266,
      "samples_per_second": 206738.17034700315,
      "compression_ratio": 12.275195195195195
    },
    {
      "stage": "QAT+PTQ",
      "model_path": "models/tflite/saved_model_qat_ptq.tflite",
      "file_size_bytes": 68624,
      "file_size_mb": 0.0654449462890625,
      "parameter_count": 61520,
      "accuracy": 0.17760127230184264,
      "precision": 0.17753970938186517,
      "recall": 0.9999656770207654,
      "f1_score": 0.30154191690364246,
      "precision_normal": 0.9259259259259259,
      "recall_normal": 9.260837031494255e-05,
      "avg_latency_ms": 0.47817230224609375,
      "min_latency_ms": 0.4706382751464844,
      "max_latency_ms": 0.5176067352294922,
      "samples_per_second": 209129.6370163542,
      "compression_ratio": 11.913149918395897
    },
    {
      "stage": "QAT+QAT",
      "model_path": "models/tflite/saved_model_pruned_qat.tflite",
      "file_size_bytes": 66600,
      "file_size_mb": 0.06351470947265625,
      "parameter_count": 62048,
      "accuracy": 0.9318605586428781,
      "precision": 0.7396062729396062,
      "recall": 0.9510039471426119,
      "f1_score": 0.8320882916025376,
      "precision_normal": 0.988728735604957,
      "recall_normal": 0.9277284278062189,
      "avg_latency_ms": 0.48186779022216797,
      "min_latency_ms": 0.4744529724121094,
      "max_latency_ms": 0.522613525390625,
      "samples_per_second": 207525.802780664,
      "compression_ratio": 12.275195195195195
    }
  ]
}