{
  "version": "v20",
  "data_version": "cicids2017_max2000k_bal4.0",
  "generated_at": "2026-02-20T17:54:33.664562",
  "results": [
    {
      "stage": "Original",
      "model_path": "models/tflite/saved_model_original.tflite",
      "file_size_bytes": 821632,
      "file_size_mb": 0.7835693359375,
      "parameter_count": 205777,
      "accuracy": 0.8672522423710637,
      "precision": 0.5914219253399012,
      "recall": 0.8159430238544706,
      "f1_score": 0.6857732166939514,
      "precision_normal": 0.9567248913582936,
      "recall_normal": 0.8783274187454159,
      "avg_latency_ms": 1.9000768661499023,
      "min_latency_ms": 1.882314682006836,
      "max_latency_ms": 2.0110607147216797,
      "samples_per_second": 52629.44977727587,
      "compression_ratio": 1.0
    },
    {
      "stage": "QAT+Prune only",
      "model_path": "models/tflite/saved_model_qat_pruned_float32.tflite",
      "file_size_bytes": 248228,
      "file_size_mb": 0.23672866821289062,
      "parameter_count": 61969,
      "accuracy": 0.8343631178707225,
      "precision": 0.5173665480427047,
      "recall": 0.9979749442251588,
      "f1_score": 0.6814554403234312,
      "precision_normal": 0.9994532582103937,
      "recall_normal": 0.7990472450861998,
      "avg_latency_ms": 0.7424831390380859,
      "min_latency_ms": 0.7236003875732422,
      "max_latency_ms": 0.8046627044677734,
      "samples_per_second": 134683.19311540684,
      "compression_ratio": 3.3099892034742253
    },
    {
      "stage": "Compressed (PTQ)",
      "model_path": "models/tflite/saved_model_pruned_quantized.tflite",
      "file_size_bytes": 70920,
      "file_size_mb": 0.06763458251953125,
      "parameter_count": 61969,
      "accuracy": 0.8345581066588671,
      "precision": 0.5176613018088592,
      "recall": 0.9979749442251588,
      "f1_score": 0.6817110769843968,
      "precision_normal": 0.9994534202920032,
      "recall_normal": 0.7992843225142061,
      "avg_latency_ms": 0.4834175109863281,
      "min_latency_ms": 0.4687309265136719,
      "max_latency_ms": 0.5190372467041016,
      "samples_per_second": 206860.52475833497,
      "compression_ratio": 11.585335589396504
    },
    {
      "stage": "QAT+PTQ",
      "model_path": "models/tflite/saved_model_qat_ptq.tflite",
      "file_size_bytes": 70904,
      "file_size_mb": 0.06761932373046875,
      "parameter_count": 61969,
      "accuracy": 0.8345581066588671,
      "precision": 0.5176613018088592,
      "recall": 0.9979749442251588,
      "f1_score": 0.6817110769843968,
      "precision_normal": 0.9994534202920032,
      "recall_normal": 0.7992843225142061,
      "avg_latency_ms": 0.47414302825927734,
      "min_latency_ms": 0.46563148498535156,
      "max_latency_ms": 0.5176067352294922,
      "samples_per_second": 210906.82355307488,
      "compression_ratio": 11.587949904095678
    },
    {
      "stage": "noQAT+PTQ",
      "model_path": "models/tflite/saved_model_no_qat_ptq.tflite",
      "file_size_bytes": 70920,
      "file_size_mb": 0.06763458251953125,
      "parameter_count": 61969,
      "accuracy": 0.8224688017938968,
      "precision": 0.0,
      "recall": 0.0,
      "f1_score": 0.0,
      "precision_normal": 0.8224688017938968,
      "recall_normal": 1.0,
      "avg_latency_ms": 0.48007965087890625,
      "min_latency_ms": 0.47087669372558594,
      "max_latency_ms": 0.5276203155517578,
      "samples_per_second": 208298.76837504967,
      "compression_ratio": 11.585335589396504
    }
  ]
}