{
  "version": "v20",
  "data_version": "cicids2017_max2000k_bal4.0",
  "generated_at": "2026-02-15T05:59:00.551321",
  "results": [
    {
      "stage": "Original",
      "model_path": "models/tflite/saved_model_original.tflite",
      "file_size_bytes": 821632,
      "file_size_mb": 0.7835693359375,
      "parameter_count": 205777,
      "accuracy": 0.8769681680803354,
      "precision": 0.5911555474021076,
      "recall": 0.9954178822721812,
      "f1_score": 0.7417832570273935,
      "precision_normal": 0.9988396651977784,
      "recall_normal": 0.8514006089926431,
      "avg_latency_ms": 1.9172191619873047,
      "min_latency_ms": 1.8961429595947266,
      "max_latency_ms": 1.9834041595458984,
      "samples_per_second": 52158.87780734698,
      "compression_ratio": 1.0
    },
    {
      "stage": "QAT+Prune only",
      "model_path": "models/tflite/saved_model_qat_pruned_float32.tflite",
      "file_size_bytes": 248228,
      "file_size_mb": 0.23672866821289062,
      "parameter_count": 61969,
      "accuracy": 0.7819537876572097,
      "precision": 0.43783308712156627,
      "recall": 0.8036382357988674,
      "f1_score": 0.5668425894543165,
      "precision_normal": 0.9482894201654087,
      "recall_normal": 0.7772731650577506,
      "avg_latency_ms": 0.7742404937744141,
      "min_latency_ms": 0.7574558258056641,
      "max_latency_ms": 0.8392333984375,
      "samples_per_second": 129158.83476011579,
      "compression_ratio": 3.3099892034742253
    },
    {
      "stage": "Compressed (PTQ)",
      "model_path": "models/tflite/saved_model_pruned_quantized.tflite",
      "file_size_bytes": 70920,
      "file_size_mb": 0.06763458251953125,
      "parameter_count": 61969,
      "accuracy": 0.7823132982353515,
      "precision": 0.4383997008786689,
      "recall": 0.8048738630513128,
      "f1_score": 0.567624810892587,
      "precision_normal": 0.948608775831209,
      "recall_normal": 0.7774435644591301,
      "avg_latency_ms": 0.48160552978515625,
      "min_latency_ms": 0.4754066467285156,
      "max_latency_ms": 0.5185604095458984,
      "samples_per_second": 207638.81188118813,
      "compression_ratio": 11.585335589396504
    },
    {
      "stage": "QAT+PTQ",
      "model_path": "models/tflite/saved_model_qat_ptq.tflite",
      "file_size_bytes": 70904,
      "file_size_mb": 0.06761932373046875,
      "parameter_count": 61969,
      "accuracy": 0.7823132982353515,
      "precision": 0.4383997008786689,
      "recall": 0.8048738630513128,
      "f1_score": 0.567624810892587,
      "precision_normal": 0.948608775831209,
      "recall_normal": 0.7774435644591301,
      "avg_latency_ms": 0.4875659942626953,
      "min_latency_ms": 0.47898292541503906,
      "max_latency_ms": 0.5376338958740234,
      "samples_per_second": 205100.44009779952,
      "compression_ratio": 11.587949904095678
    },
    {
      "stage": "noQAT+PTQ",
      "model_path": "models/tflite/saved_model_no_qat_ptq.tflite",
      "file_size_bytes": 70920,
      "file_size_mb": 0.06763458251953125,
      "parameter_count": 61969,
      "accuracy": 0.8224688017938968,
      "precision": 0.0,
      "recall": 0.0,
      "f1_score": 0.0,
      "precision_normal": 0.8224688017938968,
      "recall_normal": 1.0,
      "avg_latency_ms": 0.48727989196777344,
      "min_latency_ms": 0.4799365997314453,
      "max_latency_ms": 0.5247592926025391,
      "samples_per_second": 205220.86309815053,
      "compression_ratio": 11.585335589396504
    }
  ]
}