{
  "version": "v20",
  "data_version": "cicids2017_max2000k_bal4.0",
  "generated_at": "2026-02-13T12:16:06.238624",
  "results": [
    {
      "stage": "Original",
      "model_path": "models/tflite/saved_model_original.tflite",
      "file_size_bytes": 821632,
      "file_size_mb": 0.7835693359375,
      "parameter_count": 205777,
      "accuracy": 0.4098816661791947,
      "precision": 0.22691983496739276,
      "recall": 0.9655912133173159,
      "f1_score": 0.36747969603652264,
      "precision_normal": 0.9750227349170955,
      "recall_normal": 0.2899308771123969,
      "avg_latency_ms": 2.177572250366211,
      "min_latency_ms": 2.1278858184814453,
      "max_latency_ms": 2.2635459899902344,
      "samples_per_second": 45922.70129415114,
      "compression_ratio": 1.0
    },
    {
      "stage": "QAT+Prune only",
      "model_path": "models/tflite/saved_model_qat_pruned_float32.tflite",
      "file_size_bytes": 248228,
      "file_size_mb": 0.23672866821289062,
      "parameter_count": 61969,
      "accuracy": 0.8335831627181437,
      "precision": 0.5162419191109686,
      "recall": 0.9949373605628968,
      "f1_score": 0.679771592054968,
      "precision_normal": 0.9986337658969443,
      "recall_normal": 0.7987546026360046,
      "avg_latency_ms": 0.8214950561523438,
      "min_latency_ms": 0.8087158203125,
      "max_latency_ms": 0.8924007415771484,
      "samples_per_second": 121729.27791966566,
      "compression_ratio": 3.3099892034742253
    },
    {
      "stage": "Compressed (PTQ)",
      "model_path": "models/tflite/saved_model_pruned_quantized.tflite",
      "file_size_bytes": 70920,
      "file_size_mb": 0.06763458251953125,
      "parameter_count": 61969,
      "accuracy": 0.8326843862727893,
      "precision": 0.5148896487410631,
      "recall": 0.9949201990732796,
      "f1_score": 0.6785942118046411,
      "precision_normal": 0.9986272718419137,
      "recall_normal": 0.7976655282011009,
      "avg_latency_ms": 0.5498647689819336,
      "min_latency_ms": 0.5409717559814453,
      "max_latency_ms": 0.5946159362792969,
      "samples_per_second": 181862.89728135974,
      "compression_ratio": 11.585335589396504
    },
    {
      "stage": "QAT+PTQ",
      "model_path": "models/tflite/saved_model_qat_ptq.tflite",
      "file_size_bytes": 70904,
      "file_size_mb": 0.06761932373046875,
      "parameter_count": 61969,
      "accuracy": 0.8326843862727893,
      "precision": 0.5148896487410631,
      "recall": 0.9949201990732796,
      "f1_score": 0.6785942118046411,
      "precision_normal": 0.9986272718419137,
      "recall_normal": 0.7976655282011009,
      "avg_latency_ms": 0.5441904067993164,
      "min_latency_ms": 0.5331039428710938,
      "max_latency_ms": 0.6041526794433594,
      "samples_per_second": 183759.21139101862,
      "compression_ratio": 11.587949904095678
    },
    {
      "stage": "noQAT+PTQ",
      "model_path": "models/tflite/saved_model_no_qat_ptq.tflite",
      "file_size_bytes": 70920,
      "file_size_mb": 0.06763458251953125,
      "parameter_count": 61969,
      "accuracy": 0.8224688017938968,
      "precision": 0.0,
      "recall": 0.0,
      "f1_score": 0.0,
      "precision_normal": 0.8224688017938968,
      "recall_normal": 1.0,
      "avg_latency_ms": 0.5659818649291992,
      "min_latency_ms": 0.5412101745605469,
      "max_latency_ms": 0.6997585296630859,
      "samples_per_second": 176684.10632292854,
      "compression_ratio": 11.585335589396504
    }
  ]
}