{
  "version": "v20",
  "data_version": "cicids2017_max2000k_bal4.0",
  "generated_at": "2026-02-14T09:42:57.074486",
  "results": [
    {
      "stage": "Original",
      "model_path": "models/tflite/saved_model_original.tflite",
      "file_size_bytes": 821632,
      "file_size_mb": 0.7835693359375,
      "parameter_count": 205777,
      "accuracy": 0.8996173345032661,
      "precision": 0.6395859058034927,
      "recall": 0.9955894971683542,
      "f1_score": 0.778833890477533,
      "precision_normal": 0.9989179858538229,
      "recall_normal": 0.8789015906413685,
      "avg_latency_ms": 2.1713733673095703,
      "min_latency_ms": 2.0990371704101562,
      "max_latency_ms": 2.4666786193847656,
      "samples_per_second": 46053.802402441965,
      "compression_ratio": 1.0
    },
    {
      "stage": "QAT+Prune only",
      "model_path": "models/tflite/saved_model_qat_pruned_float32.tflite",
      "file_size_bytes": 248228,
      "file_size_mb": 0.23672866821289062,
      "parameter_count": 61969,
      "accuracy": 0.812119162523155,
      "precision": 0.48509080694855294,
      "recall": 0.9483954007207825,
      "f1_score": 0.6418727822849941,
      "precision_normal": 0.9859683342588229,
      "recall_normal": 0.7827037198930188,
      "avg_latency_ms": 0.8021354675292969,
      "min_latency_ms": 0.762939453125,
      "max_latency_ms": 0.8995532989501953,
      "samples_per_second": 124667.22149566044,
      "compression_ratio": 3.3099892034742253
    },
    {
      "stage": "Compressed (PTQ)",
      "model_path": "models/tflite/saved_model_pruned_quantized.tflite",
      "file_size_bytes": 70920,
      "file_size_mb": 0.06763458251953125,
      "parameter_count": 61969,
      "accuracy": 0.8131001998635079,
      "precision": 0.4864669794298087,
      "recall": 0.948481208168869,
      "f1_score": 0.6430960955544824,
      "precision_normal": 0.9860120309580501,
      "recall_normal": 0.7838779940286122,
      "avg_latency_ms": 0.5337953567504883,
      "min_latency_ms": 0.5249977111816406,
      "max_latency_ms": 0.5843639373779297,
      "samples_per_second": 187337.7104828264,
      "compression_ratio": 11.585335589396504
    },
    {
      "stage": "QAT+PTQ",
      "model_path": "models/tflite/saved_model_qat_ptq.tflite",
      "file_size_bytes": 70904,
      "file_size_mb": 0.06761932373046875,
      "parameter_count": 61969,
      "accuracy": 0.8131001998635079,
      "precision": 0.4864669794298087,
      "recall": 0.948481208168869,
      "f1_score": 0.6430960955544824,
      "precision_normal": 0.9860120309580501,
      "recall_normal": 0.7838779940286122,
      "avg_latency_ms": 0.4709482192993164,
      "min_latency_ms": 0.46181678771972656,
      "max_latency_ms": 0.5216598510742188,
      "samples_per_second": 212337.56897686428,
      "compression_ratio": 11.587949904095678
    },
    {
      "stage": "noQAT+PTQ",
      "model_path": "models/tflite/saved_model_no_qat_ptq.tflite",
      "file_size_bytes": 70920,
      "file_size_mb": 0.06763458251953125,
      "parameter_count": 61969,
      "accuracy": 0.8224688017938968,
      "precision": 0.0,
      "recall": 0.0,
      "f1_score": 0.0,
      "precision_normal": 0.8224688017938968,
      "recall_normal": 1.0,
      "avg_latency_ms": 0.5337238311767578,
      "min_latency_ms": 0.48089027404785156,
      "max_latency_ms": 0.6363391876220703,
      "samples_per_second": 187362.8160457429,
      "compression_ratio": 11.585335589396504
    }
  ]
}