{
  "version": "v20",
  "data_version": "cicids2017_max2000k_bal4.0",
  "generated_at": "2026-02-13T19:37:26.588951",
  "results": [
    {
      "stage": "Original",
      "model_path": "models/tflite/saved_model_original.tflite",
      "file_size_bytes": 821632,
      "file_size_mb": 0.7835693359375,
      "parameter_count": 205777,
      "accuracy": 0.6794384322901433,
      "precision": 0.32748052329854477,
      "recall": 0.7646644928779818,
      "f1_score": 0.45857047290691094,
      "precision_normal": 0.9286390791199184,
      "recall_normal": 0.6610422516428724,
      "avg_latency_ms": 2.2667407989501953,
      "min_latency_ms": 2.198934555053711,
      "max_latency_ms": 2.5482177734375,
      "samples_per_second": 44116.20421987084,
      "compression_ratio": 1.0
    },
    {
      "stage": "QAT+Prune only",
      "model_path": "models/tflite/saved_model_qat_pruned_float32.tflite",
      "file_size_bytes": 248228,
      "file_size_mb": 0.23672866821289062,
      "parameter_count": 61969,
      "accuracy": 0.648944013844204,
      "precision": 0.3356836632834994,
      "recall": 0.9984039814655912,
      "f1_score": 0.5024376130823607,
      "precision_normal": 0.9993996707872059,
      "recall_normal": 0.5735125243560014,
      "avg_latency_ms": 0.9004831314086914,
      "min_latency_ms": 0.8842945098876953,
      "max_latency_ms": 0.9558200836181641,
      "samples_per_second": 111051.4972596574,
      "compression_ratio": 3.3099892034742253
    },
    {
      "stage": "Compressed (PTQ)",
      "model_path": "models/tflite/saved_model_pruned_quantized.tflite",
      "file_size_bytes": 70920,
      "file_size_mb": 0.06763458251953125,
      "parameter_count": 61969,
      "accuracy": 0.6460862094179585,
      "precision": 0.33387662341388946,
      "recall": 0.9984039814655912,
      "f1_score": 0.500410722656838,
      "precision_normal": 0.9993960136903564,
      "recall_normal": 0.5700378583017848,
      "avg_latency_ms": 0.5509614944458008,
      "min_latency_ms": 0.537872314453125,
      "max_latency_ms": 0.6220340728759766,
      "samples_per_second": 181500.88710026396,
      "compression_ratio": 11.585335589396504
    },
    {
      "stage": "QAT+PTQ",
      "model_path": "models/tflite/saved_model_qat_ptq.tflite",
      "file_size_bytes": 70904,
      "file_size_mb": 0.06761932373046875,
      "parameter_count": 61969,
      "accuracy": 0.6460862094179585,
      "precision": 0.33387662341388946,
      "recall": 0.9984039814655912,
      "f1_score": 0.500410722656838,
      "precision_normal": 0.9993960136903564,
      "recall_normal": 0.5700378583017848,
      "avg_latency_ms": 0.625300407409668,
      "min_latency_ms": 0.5464553833007812,
      "max_latency_ms": 0.8897781372070312,
      "samples_per_second": 159923.13264955961,
      "compression_ratio": 11.587949904095678
    },
    {
      "stage": "noQAT+PTQ",
      "model_path": "models/tflite/saved_model_no_qat_ptq.tflite",
      "file_size_bytes": 70920,
      "file_size_mb": 0.06763458251953125,
      "parameter_count": 61969,
      "accuracy": 0.8224688017938968,
      "precision": 0.0,
      "recall": 0.0,
      "f1_score": 0.0,
      "precision_normal": 0.8224688017938968,
      "recall_normal": 1.0,
      "avg_latency_ms": 0.5443096160888672,
      "min_latency_ms": 0.5345344543457031,
      "max_latency_ms": 0.6051063537597656,
      "samples_per_second": 183718.96627244854,
      "compression_ratio": 11.585335589396504
    }
  ]
}