{
  "version": "v20",
  "data_version": "cicids2017_max2000k_bal4.0",
  "generated_at": "2026-02-17T05:34:12.199589",
  "results": [
    {
      "stage": "Original",
      "model_path": "models/tflite/saved_model_original.tflite",
      "file_size_bytes": 821632,
      "file_size_mb": 0.7835693359375,
      "parameter_count": 205777,
      "accuracy": 0.7508439358486887,
      "precision": 0.41551487447082247,
      "recall": 0.9921228762656599,
      "f1_score": 0.585721450245946,
      "precision_normal": 0.9975726229950342,
      "recall_normal": 0.6987634930395549,
      "avg_latency_ms": 1.9641399383544922,
      "min_latency_ms": 1.871347427368164,
      "max_latency_ms": 2.1877288818359375,
      "samples_per_second": 50912.86931611274,
      "compression_ratio": 1.0
    },
    {
      "stage": "QAT+Prune only",
      "model_path": "models/tflite/saved_model_qat_pruned_float32.tflite",
      "file_size_bytes": 248228,
      "file_size_mb": 0.23672866821289062,
      "parameter_count": 61969,
      "accuracy": 0.7088908793994345,
      "precision": 0.3724309267484755,
      "recall": 0.9338767805045478,
      "f1_score": 0.532500256870679,
      "precision_normal": 0.9788425740345174,
      "recall_normal": 0.6603273150240412,
      "avg_latency_ms": 0.7480621337890625,
      "min_latency_ms": 0.7402896881103516,
      "max_latency_ms": 0.8008480072021484,
      "samples_per_second": 133678.7353391127,
      "compression_ratio": 3.3099892034742253
    },
    {
      "stage": "Compressed (PTQ)",
      "model_path": "models/tflite/saved_model_pruned_quantized.tflite",
      "file_size_bytes": 70920,
      "file_size_mb": 0.06763458251953125,
      "parameter_count": 61969,
      "accuracy": 0.709140708784245,
      "precision": 0.37262610005821317,
      "recall": 0.9337394885876094,
      "f1_score": 0.5326773869838706,
      "precision_normal": 0.9788100478022491,
      "recall_normal": 0.6606607051571749,
      "avg_latency_ms": 0.4956245422363281,
      "min_latency_ms": 0.4887580871582031,
      "max_latency_ms": 0.5314350128173828,
      "samples_per_second": 201765.6340196267,
      "compression_ratio": 11.585335589396504
    },
    {
      "stage": "QAT+PTQ",
      "model_path": "models/tflite/saved_model_qat_ptq.tflite",
      "file_size_bytes": 70904,
      "file_size_mb": 0.06761932373046875,
      "parameter_count": 61969,
      "accuracy": 0.709140708784245,
      "precision": 0.37262610005821317,
      "recall": 0.9337394885876094,
      "f1_score": 0.5326773869838706,
      "precision_normal": 0.9788100478022491,
      "recall_normal": 0.6606607051571749,
      "avg_latency_ms": 0.4795074462890625,
      "min_latency_ms": 0.469207763671875,
      "max_latency_ms": 0.5173683166503906,
      "samples_per_second": 208547.33492442325,
      "compression_ratio": 11.587949904095678
    },
    {
      "stage": "noQAT+PTQ",
      "model_path": "models/tflite/saved_model_no_qat_ptq.tflite",
      "file_size_bytes": 70920,
      "file_size_mb": 0.06763458251953125,
      "parameter_count": 61969,
      "accuracy": 0.8224688017938968,
      "precision": 0.0,
      "recall": 0.0,
      "f1_score": 0.0,
      "precision_normal": 0.8224688017938968,
      "recall_normal": 1.0,
      "avg_latency_ms": 0.47893524169921875,
      "min_latency_ms": 0.46944618225097656,
      "max_latency_ms": 0.5154609680175781,
      "samples_per_second": 208796.49542015133,
      "compression_ratio": 11.585335589396504
    }
  ]
}