{
  "version": "v20",
  "data_version": "cicids2017_max2000k_bal4.0",
  "generated_at": "2026-02-13T17:55:30.399417",
  "results": [
    {
      "stage": "Original",
      "model_path": "models/tflite/saved_model_original.tflite",
      "file_size_bytes": 821632,
      "file_size_mb": 0.7835693359375,
      "parameter_count": 205777,
      "accuracy": 0.8293695768743298,
      "precision": 0.5292673472024809,
      "recall": 0.35146730736227905,
      "f1_score": 0.42242046099107927,
      "precision_normal": 0.8694776689036331,
      "recall_normal": 0.9325255413885328,
      "avg_latency_ms": 2.120494842529297,
      "min_latency_ms": 1.8999576568603516,
      "max_latency_ms": 2.3653507232666016,
      "samples_per_second": 47158.80368787947,
      "compression_ratio": 1.0
    },
    {
      "stage": "QAT+Prune only",
      "model_path": "models/tflite/saved_model_qat_pruned_float32.tflite",
      "file_size_bytes": 248228,
      "file_size_mb": 0.23672866821289062,
      "parameter_count": 61969,
      "accuracy": 0.8906752705469435,
      "precision": 0.648421443441134,
      "recall": 0.839231165265145,
      "f1_score": 0.7315894589601083,
      "precision_normal": 0.9629440640488595,
      "recall_normal": 0.901779562443972,
      "avg_latency_ms": 0.8713245391845703,
      "min_latency_ms": 0.8571147918701172,
      "max_latency_ms": 0.9229183197021484,
      "samples_per_second": 114767.79948557982,
      "compression_ratio": 3.3099892034742253
    },
    {
      "stage": "Compressed (PTQ)",
      "model_path": "models/tflite/saved_model_pruned_quantized.tflite",
      "file_size_bytes": 70920,
      "file_size_mb": 0.06763458251953125,
      "parameter_count": 61969,
      "accuracy": 0.8912663303110071,
      "precision": 0.6500578142236281,
      "recall": 0.8393856186717007,
      "f1_score": 0.7326886923174869,
      "precision_normal": 0.9630054193364772,
      "recall_normal": 0.9024648643843025,
      "avg_latency_ms": 0.5561351776123047,
      "min_latency_ms": 0.5419254302978516,
      "max_latency_ms": 0.6048679351806641,
      "samples_per_second": 179812.39818228586,
      "compression_ratio": 11.585335589396504
    },
    {
      "stage": "QAT+PTQ",
      "model_path": "models/tflite/saved_model_qat_ptq.tflite",
      "file_size_bytes": 70904,
      "file_size_mb": 0.06761932373046875,
      "parameter_count": 61969,
      "accuracy": 0.8912663303110071,
      "precision": 0.6500578142236281,
      "recall": 0.8393856186717007,
      "f1_score": 0.7326886923174869,
      "precision_normal": 0.9630054193364772,
      "recall_normal": 0.9024648643843025,
      "avg_latency_ms": 0.5460739135742188,
      "min_latency_ms": 0.5342960357666016,
      "max_latency_ms": 0.6108283996582031,
      "samples_per_second": 183125.39294446385,
      "compression_ratio": 11.587949904095678
    },
    {
      "stage": "noQAT+PTQ",
      "model_path": "models/tflite/saved_model_no_qat_ptq.tflite",
      "file_size_bytes": 70920,
      "file_size_mb": 0.06763458251953125,
      "parameter_count": 61969,
      "accuracy": 0.8224688017938968,
      "precision": 0.0,
      "recall": 0.0,
      "f1_score": 0.0,
      "precision_normal": 0.8224688017938968,
      "recall_normal": 1.0,
      "avg_latency_ms": 0.5458831787109375,
      "min_latency_ms": 0.5354881286621094,
      "max_latency_ms": 0.5977153778076172,
      "samples_per_second": 183189.3780573026,
      "compression_ratio": 11.585335589396504
    }
  ]
}