{
  "version": "v11",
  "data_version": "cicids2017_max1500k_bal1.0",
  "generated_at": "2026-02-02T18:18:04.799783",
  "results": [
    {
      "stage": "Original",
      "model_path": "models/tflite/saved_model_original.tflite",
      "file_size_bytes": 821648,
      "file_size_mb": 0.7835845947265625,
      "parameter_count": 205777,
      "accuracy": 0.9490400551200164,
      "precision": 0.8007178106774339,
      "recall": 0.9453790414848087,
      "f1_score": 0.867055954451386,
      "avg_latency_ms": 1.6800165176391602,
      "min_latency_ms": 1.5642642974853516,
      "max_latency_ms": 1.7900466918945312,
      "samples_per_second": 59523.224295749664,
      "compression_ratio": 1.0
    },
    {
      "stage": "Compressed",
      "model_path": "models/tflite/saved_model_pruned_quantized.tflite",
      "file_size_bytes": 76640,
      "file_size_mb": 0.073089599609375,
      "parameter_count": 61969,
      "accuracy": 0.82421928828141,
      "precision": 0.0,
      "recall": 0.0,
      "f1_score": 0.0,
      "avg_latency_ms": 0.7279157638549805,
      "min_latency_ms": 0.6804466247558594,
      "max_latency_ms": 0.8020401000976562,
      "samples_per_second": 137378.533294029,
      "compression_ratio": 10.720876826722337
    }
  ]
}