{
  "version": "v20",
  "data_version": "cicids2017_max2000k_bal4.0",
  "generated_at": "2026-02-23T00:05:40.113833",
  "results": [
    {
      "stage": "Original",
      "model_path": "models/tflite/saved_model_original.tflite",
      "file_size_bytes": 821632,
      "file_size_mb": 0.7835693359375,
      "parameter_count": 205777,
      "accuracy": 0.37400677586038805,
      "precision": 0.22076911986766526,
      "recall": 0.9986099193409989,
      "f1_score": 0.3615975441518251,
      "precision_normal": 0.9987470997679815,
      "recall_normal": 0.239185194514621,
      "avg_latency_ms": 1.8957853317260742,
      "min_latency_ms": 1.8770694732666016,
      "max_latency_ms": 1.9669532775878906,
      "samples_per_second": 52748.58831666981,
      "compression_ratio": 1.0
    },
    {
      "stage": "QAT+Prune only",
      "model_path": "models/tflite/saved_model_qat_pruned_float32.tflite",
      "file_size_bytes": 248228,
      "file_size_mb": 0.23672866821289062,
      "parameter_count": 61969,
      "accuracy": 0.8475065808715999,
      "precision": 0.5381480243612596,
      "recall": 0.9947657456667238,
      "f1_score": 0.698449229434517,
      "precision_normal": 0.9986168553185314,
      "recall_normal": 0.8157204560777022,
      "avg_latency_ms": 0.7833003997802734,
      "min_latency_ms": 0.7748603820800781,
      "max_latency_ms": 0.8292198181152344,
      "samples_per_second": 127664.94186400437,
      "compression_ratio": 3.3099892034742253
    },
    {
      "stage": "Compressed (PTQ)",
      "model_path": "models/tflite/saved_model_pruned_quantized.tflite",
      "file_size_bytes": 70920,
      "file_size_mb": 0.06763458251953125,
      "parameter_count": 61969,
      "accuracy": 0.8459070634688506,
      "precision": 0.5355351286433554,
      "recall": 0.994834391625193,
      "f1_score": 0.6962615980542294,
      "precision_normal": 0.9986316875701772,
      "recall_normal": 0.8137608629618379,
      "avg_latency_ms": 0.4746675491333008,
      "min_latency_ms": 0.46706199645996094,
      "max_latency_ms": 0.5209445953369141,
      "samples_per_second": 210673.765633633,
      "compression_ratio": 11.585335589396504
    },
    {
      "stage": "QAT+PTQ",
      "model_path": "models/tflite/saved_model_qat_ptq.tflite",
      "file_size_bytes": 70904,
      "file_size_mb": 0.06761932373046875,
      "parameter_count": 61969,
      "accuracy": 0.8459070634688506,
      "precision": 0.5355351286433554,
      "recall": 0.994834391625193,
      "f1_score": 0.6962615980542294,
      "precision_normal": 0.9986316875701772,
      "recall_normal": 0.8137608629618379,
      "avg_latency_ms": 0.47538280487060547,
      "min_latency_ms": 0.4680156707763672,
      "max_latency_ms": 0.5195140838623047,
      "samples_per_second": 210356.78820402228,
      "compression_ratio": 11.587949904095678
    },
    {
      "stage": "noQAT+PTQ",
      "model_path": "models/tflite/saved_model_no_qat_ptq.tflite",
      "file_size_bytes": 70920,
      "file_size_mb": 0.06763458251953125,
      "parameter_count": 61969,
      "accuracy": 0.8224688017938968,
      "precision": 0.0,
      "recall": 0.0,
      "f1_score": 0.0,
      "precision_normal": 0.8224688017938968,
      "recall_normal": 1.0,
      "avg_latency_ms": 0.47402381896972656,
      "min_latency_ms": 0.4673004150390625,
      "max_latency_ms": 0.5159378051757812,
      "samples_per_second": 210959.86319283774,
      "compression_ratio": 11.585335589396504
    }
  ]
}