{
  "version": "v20",
  "data_version": "cicids2017_max2000k_bal4.0",
  "generated_at": "2026-02-17T15:01:13.223632",
  "results": [
    {
      "stage": "Original",
      "model_path": "models/tflite/saved_model_original.tflite",
      "file_size_bytes": 821632,
      "file_size_mb": 0.7835693359375,
      "parameter_count": 205777,
      "accuracy": 0.6534866432680121,
      "precision": 0.32731608901951503,
      "recall": 0.9020937017333105,
      "f1_score": 0.48034395789165873,
      "precision_normal": 0.9659667124023146,
      "recall_normal": 0.5998244145298829,
      "avg_latency_ms": 2.239871025085449,
      "min_latency_ms": 2.1381378173828125,
      "max_latency_ms": 2.43377685546875,
      "samples_per_second": 44645.42774117322,
      "compression_ratio": 1.0
    },
    {
      "stage": "QAT+Prune only",
      "model_path": "models/tflite/saved_model_qat_pruned_float32.tflite",
      "file_size_bytes": 248228,
      "file_size_mb": 0.23672866821289062,
      "parameter_count": 61969,
      "accuracy": 0.8025433850053622,
      "precision": 0.47333659491193736,
      "recall": 0.9962244722841943,
      "f1_score": 0.6417555690674921,
      "precision_normal": 0.9989298778115029,
      "recall_normal": 0.7607370144543144,
      "avg_latency_ms": 0.8424997329711914,
      "min_latency_ms": 0.8230209350585938,
      "max_latency_ms": 0.8859634399414062,
      "samples_per_second": 118694.39963777344,
      "compression_ratio": 3.3099892034742253
    },
    {
      "stage": "Compressed (PTQ)",
      "model_path": "models/tflite/saved_model_pruned_quantized.tflite",
      "file_size_bytes": 70920,
      "file_size_mb": 0.06763458251953125,
      "parameter_count": 61969,
      "accuracy": 0.8008920737057619,
      "precision": 0.47125391696838825,
      "recall": 0.9962244722841943,
      "f1_score": 0.639838635010912,
      "precision_normal": 0.9989270490923811,
      "recall_normal": 0.7587292649858864,
      "avg_latency_ms": 0.5480289459228516,
      "min_latency_ms": 0.5376338958740234,
      "max_latency_ms": 0.6115436553955078,
      "samples_per_second": 182472.1134603672,
      "compression_ratio": 11.585335589396504
    },
    {
      "stage": "QAT+PTQ",
      "model_path": "models/tflite/saved_model_qat_ptq.tflite",
      "file_size_bytes": 70904,
      "file_size_mb": 0.06761932373046875,
      "parameter_count": 61969,
      "accuracy": 0.8008920737057619,
      "precision": 0.47125391696838825,
      "recall": 0.9962244722841943,
      "f1_score": 0.639838635010912,
      "precision_normal": 0.9989270490923811,
      "recall_normal": 0.7587292649858864,
      "avg_latency_ms": 0.5457639694213867,
      "min_latency_ms": 0.5364418029785156,
      "max_latency_ms": 0.6053447723388672,
      "samples_per_second": 183229.3914638941,
      "compression_ratio": 11.587949904095678
    },
    {
      "stage": "noQAT+PTQ",
      "model_path": "models/tflite/saved_model_no_qat_ptq.tflite",
      "file_size_bytes": 70920,
      "file_size_mb": 0.06763458251953125,
      "parameter_count": 61969,
      "accuracy": 0.8224688017938968,
      "precision": 0.0,
      "recall": 0.0,
      "f1_score": 0.0,
      "precision_normal": 0.8224688017938968,
      "recall_normal": 1.0,
      "avg_latency_ms": 0.5467891693115234,
      "min_latency_ms": 0.5347728729248047,
      "max_latency_ms": 0.61798095703125,
      "samples_per_second": 182885.8463416761,
      "compression_ratio": 11.585335589396504
    }
  ]
}