{
  "version": "v20",
  "data_version": "cicids2017_max2000k_bal4.0",
  "generated_at": "2026-02-15T01:41:25.274784",
  "results": [
    {
      "stage": "Original",
      "model_path": "models/tflite/saved_model_original.tflite",
      "file_size_bytes": 821632,
      "file_size_mb": 0.7835693359375,
      "parameter_count": 205777,
      "accuracy": 0.5636546992297943,
      "precision": 0.24443281166326708,
      "recall": 0.6971683542131457,
      "f1_score": 0.36195966444956273,
      "precision_normal": 0.8910922253698458,
      "recall_normal": 0.5348355645776688,
      "avg_latency_ms": 2.2869348526000977,
      "min_latency_ms": 2.172231674194336,
      "max_latency_ms": 2.445697784423828,
      "samples_per_second": 43726.65005577507,
      "compression_ratio": 1.0
    },
    {
      "stage": "QAT+Prune only",
      "model_path": "models/tflite/saved_model_qat_pruned_float32.tflite",
      "file_size_bytes": 248228,
      "file_size_mb": 0.23672866821289062,
      "parameter_count": 61969,
      "accuracy": 0.5415783123720386,
      "precision": 0.2784658045107001,
      "recall": 0.9944053543847606,
      "f1_score": 0.4350917767023461,
      "precision_normal": 0.9972865216703707,
      "recall_normal": 0.44383487557139367,
      "avg_latency_ms": 0.8835077285766602,
      "min_latency_ms": 0.8368492126464844,
      "max_latency_ms": 0.9555816650390625,
      "samples_per_second": 113185.20117656582,
      "compression_ratio": 3.3099892034742253
    },
    {
      "stage": "Compressed (PTQ)",
      "model_path": "models/tflite/saved_model_pruned_quantized.tflite",
      "file_size_bytes": 70920,
      "file_size_mb": 0.06763458251953125,
      "parameter_count": 61969,
      "accuracy": 0.5415661255727796,
      "precision": 0.2784732266853757,
      "recall": 0.9945083233224644,
      "f1_score": 0.43511069231029137,
      "precision_normal": 0.9973361082206036,
      "recall_normal": 0.4437978322232677,
      "avg_latency_ms": 0.5410909652709961,
      "min_latency_ms": 0.5323886871337891,
      "max_latency_ms": 0.5831718444824219,
      "samples_per_second": 184811.8087684512,
      "compression_ratio": 11.585335589396504
    },
    {
      "stage": "QAT+PTQ",
      "model_path": "models/tflite/saved_model_qat_ptq.tflite",
      "file_size_bytes": 70904,
      "file_size_mb": 0.06761932373046875,
      "parameter_count": 61969,
      "accuracy": 0.5415661255727796,
      "precision": 0.2784732266853757,
      "recall": 0.9945083233224644,
      "f1_score": 0.43511069231029137,
      "precision_normal": 0.9973361082206036,
      "recall_normal": 0.4437978322232677,
      "avg_latency_ms": 0.5477428436279297,
      "min_latency_ms": 0.5345344543457031,
      "max_latency_ms": 0.6103515625,
      "samples_per_second": 182567.42404457214,
      "compression_ratio": 11.587949904095678
    },
    {
      "stage": "noQAT+PTQ",
      "model_path": "models/tflite/saved_model_no_qat_ptq.tflite",
      "file_size_bytes": 70920,
      "file_size_mb": 0.06763458251953125,
      "parameter_count": 61969,
      "accuracy": 0.8224688017938968,
      "precision": 0.0,
      "recall": 0.0,
      "f1_score": 0.0,
      "precision_normal": 0.8224688017938968,
      "recall_normal": 1.0,
      "avg_latency_ms": 0.5515336990356445,
      "min_latency_ms": 0.5440711975097656,
      "max_latency_ms": 0.5967617034912109,
      "samples_per_second": 181312.58375480914,
      "compression_ratio": 11.585335589396504
    }
  ]
}