{
  "version": "v20",
  "data_version": "cicids2017_max2000k_bal4.0",
  "generated_at": "2026-02-13T21:24:08.945626",
  "results": [
    {
      "stage": "Original",
      "model_path": "models/tflite/saved_model_original.tflite",
      "file_size_bytes": 821632,
      "file_size_mb": 0.7835693359375,
      "parameter_count": 205777,
      "accuracy": 0.7824656332260895,
      "precision": 0.4323962516733601,
      "recall": 0.7206109490303758,
      "f1_score": 0.5404814004376368,
      "precision_normal": 0.929558572825532,
      "recall_normal": 0.7958170651296147,
      "avg_latency_ms": 2.272963523864746,
      "min_latency_ms": 2.1734237670898438,
      "max_latency_ms": 2.691507339477539,
      "samples_per_second": 43995.426653380186,
      "compression_ratio": 1.0
    },
    {
      "stage": "QAT+Prune only",
      "model_path": "models/tflite/saved_model_qat_pruned_float32.tflite",
      "file_size_bytes": 248228,
      "file_size_mb": 0.23672866821289062,
      "parameter_count": 61969,
      "accuracy": 0.83432960417276,
      "precision": 0.5173341169974977,
      "recall": 0.9969624163377381,
      "f1_score": 0.6811911141337805,
      "precision_normal": 0.9991802937049336,
      "recall_normal": 0.7992250531572046,
      "avg_latency_ms": 0.8711099624633789,
      "min_latency_ms": 0.8525848388671875,
      "max_latency_ms": 0.9210109710693359,
      "samples_per_second": 114796.06973752634,
      "compression_ratio": 3.3099892034742253
    },
    {
      "stage": "Compressed (PTQ)",
      "model_path": "models/tflite/saved_model_pruned_quantized.tflite",
      "file_size_bytes": 70920,
      "file_size_mb": 0.06763458251953125,
      "parameter_count": 61969,
      "accuracy": 0.8335862094179585,
      "precision": 0.5162098529607747,
      "recall": 0.9971168697442938,
      "f1_score": 0.6802517195960779,
      "precision_normal": 0.9992210285205569,
      "recall_normal": 0.7982878564496173,
      "avg_latency_ms": 0.5496025085449219,
      "min_latency_ms": 0.5409717559814453,
      "max_latency_ms": 0.6041526794433594,
      "samples_per_second": 181949.6789866389,
      "compression_ratio": 11.585335589396504
    },
    {
      "stage": "QAT+PTQ",
      "model_path": "models/tflite/saved_model_qat_ptq.tflite",
      "file_size_bytes": 70904,
      "file_size_mb": 0.06761932373046875,
      "parameter_count": 61969,
      "accuracy": 0.8335862094179585,
      "precision": 0.5162098529607747,
      "recall": 0.9971168697442938,
      "f1_score": 0.6802517195960779,
      "precision_normal": 0.9992210285205569,
      "recall_normal": 0.7982878564496173,
      "avg_latency_ms": 0.5479335784912109,
      "min_latency_ms": 0.5381107330322266,
      "max_latency_ms": 0.6031990051269531,
      "samples_per_second": 182503.87259594465,
      "compression_ratio": 11.587949904095678
    },
    {
      "stage": "noQAT+PTQ",
      "model_path": "models/tflite/saved_model_no_qat_ptq.tflite",
      "file_size_bytes": 70920,
      "file_size_mb": 0.06763458251953125,
      "parameter_count": 61969,
      "accuracy": 0.8224688017938968,
      "precision": 0.0,
      "recall": 0.0,
      "f1_score": 0.0,
      "precision_normal": 0.8224688017938968,
      "recall_normal": 1.0,
      "avg_latency_ms": 0.5460262298583984,
      "min_latency_ms": 0.5347728729248047,
      "max_latency_ms": 0.6206035614013672,
      "samples_per_second": 183141.38503187493,
      "compression_ratio": 11.585335589396504
    }
  ]
}