{
  "version": "v20",
  "data_version": "cicids2017_max2000k_bal4.0",
  "generated_at": "2026-02-16T01:52:10.881908",
  "results": [
    {
      "stage": "Original",
      "model_path": "models/tflite/saved_model_original.tflite",
      "file_size_bytes": 821632,
      "file_size_mb": 0.7835693359375,
      "parameter_count": 205777,
      "accuracy": 0.8847281125085308,
      "precision": 0.699533266936161,
      "recall": 0.6147417195812597,
      "f1_score": 0.6544022945458864,
      "precision_normal": 0.9189616521729713,
      "recall_normal": 0.9430051045733717,
      "avg_latency_ms": 1.9037723541259766,
      "min_latency_ms": 1.863718032836914,
      "max_latency_ms": 1.9865036010742188,
      "samples_per_second": 52527.28866624922,
      "compression_ratio": 1.0
    },
    {
      "stage": "QAT+Prune only",
      "model_path": "models/tflite/saved_model_qat_pruned_float32.tflite",
      "file_size_bytes": 248228,
      "file_size_mb": 0.23672866821289062,
      "parameter_count": 61969,
      "accuracy": 0.7789984888368919,
      "precision": 0.44539275271352247,
      "recall": 0.9985755963617642,
      "f1_score": 0.6160222749216566,
      "precision_normal": 0.999579921247887,
      "recall_normal": 0.7316024211532335,
      "avg_latency_ms": 0.7691383361816406,
      "min_latency_ms": 0.7579326629638672,
      "max_latency_ms": 0.8141994476318359,
      "samples_per_second": 130015.62306261624,
      "compression_ratio": 3.3099892034742253
    },
    {
      "stage": "Compressed (PTQ)",
      "model_path": "models/tflite/saved_model_pruned_quantized.tflite",
      "file_size_bytes": 70920,
      "file_size_mb": 0.06763458251953125,
      "parameter_count": 61969,
      "accuracy": 0.7784714097689382,
      "precision": 0.44480457432902454,
      "recall": 0.9985927578513815,
      "f1_score": 0.6154627235082264,
      "precision_normal": 0.999584614527347,
      "recall_normal": 0.7309578668958415,
      "avg_latency_ms": 0.48432350158691406,
      "min_latency_ms": 0.4696846008300781,
      "max_latency_ms": 0.5655288696289062,
      "samples_per_second": 206473.56502904402,
      "compression_ratio": 11.585335589396504
    },
    {
      "stage": "QAT+PTQ",
      "model_path": "models/tflite/saved_model_qat_ptq.tflite",
      "file_size_bytes": 70904,
      "file_size_mb": 0.06761932373046875,
      "parameter_count": 61969,
      "accuracy": 0.7784714097689382,
      "precision": 0.44480457432902454,
      "recall": 0.9985927578513815,
      "f1_score": 0.6154627235082264,
      "precision_normal": 0.999584614527347,
      "recall_normal": 0.7309578668958415,
      "avg_latency_ms": 0.4781007766723633,
      "min_latency_ms": 0.46896934509277344,
      "max_latency_ms": 0.5247592926025391,
      "samples_per_second": 209160.92355258565,
      "compression_ratio": 11.587949904095678
    },
    {
      "stage": "noQAT+PTQ",
      "model_path": "models/tflite/saved_model_no_qat_ptq.tflite",
      "file_size_bytes": 70920,
      "file_size_mb": 0.06763458251953125,
      "parameter_count": 61969,
      "accuracy": 0.8224688017938968,
      "precision": 0.0,
      "recall": 0.0,
      "f1_score": 0.0,
      "precision_normal": 0.8224688017938968,
      "recall_normal": 1.0,
      "avg_latency_ms": 0.4764080047607422,
      "min_latency_ms": 0.46825408935546875,
      "max_latency_ms": 0.5340576171875,
      "samples_per_second": 209904.1137023321,
      "compression_ratio": 11.585335589396504
    }
  ]
}