{
  "version": "v20",
  "data_version": "cicids2017_max2000k_bal4.0",
  "generated_at": "2026-02-16T23:01:10.135800",
  "results": [
    {
      "stage": "Original",
      "model_path": "models/tflite/saved_model_original.tflite",
      "file_size_bytes": 821632,
      "file_size_mb": 0.7835693359375,
      "parameter_count": 205777,
      "accuracy": 0.21180961782197524,
      "precision": 0.183663033494001,
      "recall": 0.9985412733825296,
      "f1_score": 0.3102596027973221,
      "precision_normal": 0.9925575693897207,
      "recall_normal": 0.04199233943560755,
      "avg_latency_ms": 1.937699317932129,
      "min_latency_ms": 1.89971923828125,
      "max_latency_ms": 2.177000045776367,
      "samples_per_second": 51607.59415796144,
      "compression_ratio": 1.0
    },
    {
      "stage": "QAT+Prune only",
      "model_path": "models/tflite/saved_model_qat_pruned_float32.tflite",
      "file_size_bytes": 248228,
      "file_size_mb": 0.23672866821289062,
      "parameter_count": 61969,
      "accuracy": 0.8249213951447791,
      "precision": 0.5035077781166936,
      "recall": 0.991505062639437,
      "f1_score": 0.6678611681068115,
      "precision_normal": 0.9976812707573111,
      "recall_normal": 0.788964045726309,
      "avg_latency_ms": 0.7367372512817383,
      "min_latency_ms": 0.7271766662597656,
      "max_latency_ms": 0.7808208465576172,
      "samples_per_second": 135733.6008543413,
      "compression_ratio": 3.3099892034742253
    },
    {
      "stage": "Compressed (PTQ)",
      "model_path": "models/tflite/saved_model_pruned_quantized.tflite",
      "file_size_bytes": 70920,
      "file_size_mb": 0.06763458251953125,
      "parameter_count": 61969,
      "accuracy": 0.8251407575314419,
      "precision": 0.5038233832364045,
      "recall": 0.9916423545563755,
      "f1_score": 0.6681699131007927,
      "precision_normal": 0.9977193434331608,
      "recall_normal": 0.7892011231543152,
      "avg_latency_ms": 0.4908561706542969,
      "min_latency_ms": 0.4725456237792969,
      "max_latency_ms": 0.621795654296875,
      "samples_per_second": 203725.66543617644,
      "compression_ratio": 11.585335589396504
    },
    {
      "stage": "QAT+PTQ",
      "model_path": "models/tflite/saved_model_qat_ptq.tflite",
      "file_size_bytes": 70904,
      "file_size_mb": 0.06761932373046875,
      "parameter_count": 61969,
      "accuracy": 0.8251407575314419,
      "precision": 0.5038233832364045,
      "recall": 0.9916423545563755,
      "f1_score": 0.6681699131007927,
      "precision_normal": 0.9977193434331608,
      "recall_normal": 0.7892011231543152,
      "avg_latency_ms": 0.48084259033203125,
      "min_latency_ms": 0.47326087951660156,
      "max_latency_ms": 0.5252361297607422,
      "samples_per_second": 207968.26656088853,
      "compression_ratio": 11.587949904095678
    },
    {
      "stage": "noQAT+PTQ",
      "model_path": "models/tflite/saved_model_no_qat_ptq.tflite",
      "file_size_bytes": 70920,
      "file_size_mb": 0.06763458251953125,
      "parameter_count": 61969,
      "accuracy": 0.8224688017938968,
      "precision": 0.0,
      "recall": 0.0,
      "f1_score": 0.0,
      "precision_normal": 0.8224688017938968,
      "recall_normal": 1.0,
      "avg_latency_ms": 0.4755973815917969,
      "min_latency_ms": 0.4684925079345703,
      "max_latency_ms": 0.5171298980712891,
      "samples_per_second": 210261.88089031482,
      "compression_ratio": 11.585335589396504
    }
  ]
}