{
  "tag": "yes_qat__distill_progressive__prune_10x2__ptq_yes",
  "fl_qat": true,
  "distillation": "progressive",
  "pruning": "prune_10x2",
  "ptq": true,
  "fl_acc": 0.92841897225295,
  "fl_f1": 0.8047300468202605,
  "fl_prec": 0.7517765928161417,
  "fl_rec": 0.8657086165803717,
  "fl_size_kb": 847.7265625,
  "dist_acc": 0.9325557251419758,
  "dist_f1": 0.8128677041937704,
  "prune_acc": 0.9541576566935183,
  "prune_f1": 0.8669434203268789,
  "final_acc": 0.9427435793314384,
  "final_f1": 0.8211185480998181,
  "final_prec": 0.8778160827387156,
  "final_rec": 0.7713007643267232,
  "tflite_size_kb": 1.84375,
  "final_size_kb": 19.765625
}