{
  "version": "v20",
  "data_version": "cicids2017_max2000k_bal4.0",
  "generated_at": "2026-02-16T00:20:07.741477",
  "results": [
    {
      "stage": "Original",
      "model_path": "models/tflite/saved_model_original.tflite",
      "file_size_bytes": 821632,
      "file_size_mb": 0.7835693359375,
      "parameter_count": 205777,
      "accuracy": 0.7956578434240031,
      "precision": 0.4598701251322462,
      "recall": 0.8653166294834391,
      "f1_score": 0.6005693390664268,
      "precision_normal": 0.9640955256656601,
      "recall_normal": 0.7806218837283389,
      "avg_latency_ms": 1.934814453125,
      "min_latency_ms": 1.8873214721679688,
      "max_latency_ms": 2.0017623901367188,
      "samples_per_second": 51684.54258675079,
      "compression_ratio": 1.0
    },
    {
      "stage": "QAT+Prune only",
      "model_path": "models/tflite/saved_model_qat_pruned_float32.tflite",
      "file_size_bytes": 248228,
      "file_size_mb": 0.23672866821289062,
      "parameter_count": 61969,
      "accuracy": 0.7782276737837575,
      "precision": 0.44419678884627506,
      "recall": 0.9918311309421658,
      "f1_score": 0.6135928102389332,
      "precision_normal": 0.9975973550715493,
      "recall_normal": 0.7321210280269972,
      "avg_latency_ms": 0.8154153823852539,
      "min_latency_ms": 0.7491111755371094,
      "max_latency_ms": 0.8952617645263672,
      "samples_per_second": 122636.88196251572,
      "compression_ratio": 3.3099892034742253
    },
    {
      "stage": "Compressed (PTQ)",
      "model_path": "models/tflite/saved_model_pruned_quantized.tflite",
      "file_size_bytes": 70920,
      "file_size_mb": 0.06763458251953125,
      "parameter_count": 61969,
      "accuracy": 0.777048600955445,
      "precision": 0.4428768488006744,
      "recall": 0.9917796464733138,
      "f1_score": 0.6123225259588896,
      "precision_normal": 0.997577553683231,
      "recall_normal": 0.7306985634589597,
      "avg_latency_ms": 0.48525333404541016,
      "min_latency_ms": 0.4763603210449219,
      "max_latency_ms": 0.5440711975097656,
      "samples_per_second": 206077.92463027564,
      "compression_ratio": 11.585335589396504
    },
    {
      "stage": "QAT+PTQ",
      "model_path": "models/tflite/saved_model_qat_ptq.tflite",
      "file_size_bytes": 70904,
      "file_size_mb": 0.06761932373046875,
      "parameter_count": 61969,
      "accuracy": 0.777048600955445,
      "precision": 0.4428768488006744,
      "recall": 0.9917796464733138,
      "f1_score": 0.6123225259588896,
      "precision_normal": 0.997577553683231,
      "recall_normal": 0.7306985634589597,
      "avg_latency_ms": 0.4729747772216797,
      "min_latency_ms": 0.4658699035644531,
      "max_latency_ms": 0.5257129669189453,
      "samples_per_second": 211427.7648956548,
      "compression_ratio": 11.587949904095678
    },
    {
      "stage": "noQAT+PTQ",
      "model_path": "models/tflite/saved_model_no_qat_ptq.tflite",
      "file_size_bytes": 70920,
      "file_size_mb": 0.06763458251953125,
      "parameter_count": 61969,
      "accuracy": 0.8224688017938968,
      "precision": 0.0,
      "recall": 0.0,
      "f1_score": 0.0,
      "precision_normal": 0.8224688017938968,
      "recall_normal": 1.0,
      "avg_latency_ms": 0.47299861907958984,
      "min_latency_ms": 0.46372413635253906,
      "max_latency_ms": 0.5125999450683594,
      "samples_per_second": 211417.10771712282,
      "compression_ratio": 11.585335589396504
    }
  ]
}