{
  "version": "v20",
  "data_version": "cicids2017_max2000k_bal4.0",
  "generated_at": "2026-02-13T06:23:59.011210",
  "results": [
    {
      "stage": "Original",
      "model_path": "models/tflite/saved_model_original.tflite",
      "file_size_bytes": 821632,
      "file_size_mb": 0.7835693359375,
      "parameter_count": 205777,
      "accuracy": 0.36706639368236327,
      "precision": 0.2183816658125584,
      "recall": 0.9945941307705509,
      "f1_score": 0.3581293603663171,
      "precision_normal": 0.9949872692552514,
      "recall_normal": 0.2316135341576713,
      "avg_latency_ms": 1.942133903503418,
      "min_latency_ms": 1.8908977508544922,
      "max_latency_ms": 2.213716506958008,
      "samples_per_second": 51489.755582563004,
      "compression_ratio": 1.0
    },
    {
      "stage": "QAT+Prune only",
      "model_path": "models/tflite/saved_model_qat_pruned_float32.tflite",
      "file_size_bytes": 248228,
      "file_size_mb": 0.23672866821289062,
      "parameter_count": 61969,
      "accuracy": 0.46063968509310715,
      "precision": 0.24728798627927465,
      "recall": 0.997185515702763,
      "f1_score": 0.3962993149026575,
      "precision_normal": 0.998241305723263,
      "recall_normal": 0.3448254147002823,
      "avg_latency_ms": 0.8101701736450195,
      "min_latency_ms": 0.7364749908447266,
      "max_latency_ms": 0.9353160858154297,
      "samples_per_second": 123430.85842088226,
      "compression_ratio": 3.3099892034742253
    },
    {
      "stage": "Compressed (PTQ)",
      "model_path": "models/tflite/saved_model_pruned_quantized.tflite",
      "file_size_bytes": 70920,
      "file_size_mb": 0.06763458251953125,
      "parameter_count": 61969,
      "accuracy": 0.4640184751876767,
      "precision": 0.248462794933851,
      "recall": 0.9972026771923803,
      "f1_score": 0.39780787030698034,
      "precision_normal": 0.9982725365098879,
      "recall_normal": 0.34892981767264053,
      "avg_latency_ms": 0.5264759063720703,
      "min_latency_ms": 0.46563148498535156,
      "max_latency_ms": 0.591278076171875,
      "samples_per_second": 189942.21537904177,
      "compression_ratio": 11.585335589396504
    },
    {
      "stage": "QAT+PTQ",
      "model_path": "models/tflite/saved_model_qat_ptq.tflite",
      "file_size_bytes": 70904,
      "file_size_mb": 0.06761932373046875,
      "parameter_count": 61969,
      "accuracy": 0.4640184751876767,
      "precision": 0.248462794933851,
      "recall": 0.9972026771923803,
      "f1_score": 0.39780787030698034,
      "precision_normal": 0.9982725365098879,
      "recall_normal": 0.34892981767264053,
      "avg_latency_ms": 0.47714710235595703,
      "min_latency_ms": 0.46825408935546875,
      "max_latency_ms": 0.5211830139160156,
      "samples_per_second": 209578.97366711637,
      "compression_ratio": 11.587949904095678
    },
    {
      "stage": "noQAT+PTQ",
      "model_path": "models/tflite/saved_model_no_qat_ptq.tflite",
      "file_size_bytes": 70920,
      "file_size_mb": 0.06763458251953125,
      "parameter_count": 61969,
      "accuracy": 0.8224688017938968,
      "precision": 0.0,
      "recall": 0.0,
      "f1_score": 0.0,
      "precision_normal": 0.8224688017938968,
      "recall_normal": 1.0,
      "avg_latency_ms": 0.5037307739257812,
      "min_latency_ms": 0.469207763671875,
      "max_latency_ms": 0.5633831024169922,
      "samples_per_second": 198518.7429004165,
      "compression_ratio": 11.585335589396504
    }
  ]
}