{
  "version": "v20",
  "data_version": "cicids2017_max2000k_bal4.0",
  "generated_at": "2026-02-14T12:59:36.647001",
  "results": [
    {
      "stage": "Original",
      "model_path": "models/tflite/saved_model_original.tflite",
      "file_size_bytes": 821632,
      "file_size_mb": 0.7835693359375,
      "parameter_count": 205777,
      "accuracy": 0.3960983962172175,
      "precision": 0.19558511957330363,
      "recall": 0.7715290887249013,
      "f1_score": 0.31206161129216425,
      "precision_normal": 0.8646571443094596,
      "recall_normal": 0.31506108448105974,
      "avg_latency_ms": 1.9777536392211914,
      "min_latency_ms": 1.9159317016601562,
      "max_latency_ms": 2.0630359649658203,
      "samples_per_second": 50562.414861427555,
      "compression_ratio": 1.0
    },
    {
      "stage": "QAT+Prune only",
      "model_path": "models/tflite/saved_model_qat_pruned_float32.tflite",
      "file_size_bytes": 248228,
      "file_size_mb": 0.23672866821289062,
      "parameter_count": 61969,
      "accuracy": 0.47374963439602225,
      "precision": 0.25080989288513456,
      "recall": 0.9885189634460271,
      "f1_score": 0.40010419199110897,
      "precision_normal": 0.9932125319589302,
      "recall_normal": 0.362635856479252,
      "avg_latency_ms": 0.7644176483154297,
      "min_latency_ms": 0.7536411285400391,
      "max_latency_ms": 0.8161067962646484,
      "samples_per_second": 130818.53908053148,
      "compression_ratio": 3.3099892034742253
    },
    {
      "stage": "Compressed (PTQ)",
      "model_path": "models/tflite/saved_model_pruned_quantized.tflite",
      "file_size_bytes": 70920,
      "file_size_mb": 0.06763458251953125,
      "parameter_count": 61969,
      "accuracy": 0.46485327093692114,
      "precision": 0.24765667996697854,
      "recall": 0.9884846404667925,
      "f1_score": 0.39607902463846845,
      "precision_normal": 0.9929846938775511,
      "recall_normal": 0.3518266074960919,
      "avg_latency_ms": 0.48470497131347656,
      "min_latency_ms": 0.4749298095703125,
      "max_latency_ms": 0.5457401275634766,
      "samples_per_second": 206311.06738809642,
      "compression_ratio": 11.585335589396504
    },
    {
      "stage": "QAT+PTQ",
      "model_path": "models/tflite/saved_model_qat_ptq.tflite",
      "file_size_bytes": 70904,
      "file_size_mb": 0.06761932373046875,
      "parameter_count": 61969,
      "accuracy": 0.46485327093692114,
      "precision": 0.24765667996697854,
      "recall": 0.9884846404667925,
      "f1_score": 0.39607902463846845,
      "precision_normal": 0.9929846938775511,
      "recall_normal": 0.3518266074960919,
      "avg_latency_ms": 0.48394203186035156,
      "min_latency_ms": 0.476837158203125,
      "max_latency_ms": 0.5292892456054688,
      "samples_per_second": 206636.3188491477,
      "compression_ratio": 11.587949904095678
    },
    {
      "stage": "noQAT+PTQ",
      "model_path": "models/tflite/saved_model_no_qat_ptq.tflite",
      "file_size_bytes": 70920,
      "file_size_mb": 0.06763458251953125,
      "parameter_count": 61969,
      "accuracy": 0.8224688017938968,
      "precision": 0.0,
      "recall": 0.0,
      "f1_score": 0.0,
      "precision_normal": 0.8224688017938968,
      "recall_normal": 1.0,
      "avg_latency_ms": 0.5185365676879883,
      "min_latency_ms": 0.47469139099121094,
      "max_latency_ms": 0.5733966827392578,
      "samples_per_second": 192850.42990482322,
      "compression_ratio": 11.585335589396504
    }
  ]
}