{
  "version": "v20",
  "data_version": "cicids2017_max2000k_bal4.0",
  "generated_at": "2026-02-20T23:09:36.139884",
  "results": [
    {
      "stage": "Original",
      "model_path": "models/tflite/saved_model_original.tflite",
      "file_size_bytes": 821632,
      "file_size_mb": 0.7835693359375,
      "parameter_count": 205777,
      "accuracy": 0.9320525007312079,
      "precision": 0.7270649731067397,
      "recall": 0.9882443796121503,
      "f1_score": 0.8377706005586593,
      "precision_normal": 0.9972492390230582,
      "recall_normal": 0.9199233943560755,
      "avg_latency_ms": 1.9316673278808594,
      "min_latency_ms": 1.8689632415771484,
      "max_latency_ms": 2.007007598876953,
      "samples_per_second": 51768.748457171074,
      "compression_ratio": 1.0
    },
    {
      "stage": "QAT+Prune only",
      "model_path": "models/tflite/saved_model_qat_pruned_float32.tflite",
      "file_size_bytes": 248228,
      "file_size_mb": 0.23672866821289062,
      "parameter_count": 61969,
      "accuracy": 0.7084369211270352,
      "precision": 0.37830034076424834,
      "recall": 0.9983181740175047,
      "f1_score": 0.5486837513322832,
      "precision_normal": 0.9994382408914773,
      "recall_normal": 0.6458655919156597,
      "avg_latency_ms": 0.7515430450439453,
      "min_latency_ms": 0.7414817810058594,
      "max_latency_ms": 0.7910728454589844,
      "samples_per_second": 133059.5774379798,
      "compression_ratio": 3.3099892034742253
    },
    {
      "stage": "Compressed (PTQ)",
      "model_path": "models/tflite/saved_model_pruned_quantized.tflite",
      "file_size_bytes": 70920,
      "file_size_mb": 0.06763458251953125,
      "parameter_count": 61969,
      "accuracy": 0.7085009018231452,
      "precision": 0.3783504282954686,
      "recall": 0.9983010125278874,
      "f1_score": 0.5487338398917078,
      "precision_normal": 0.9994325834646798,
      "recall_normal": 0.6459470872815368,
      "avg_latency_ms": 0.47163963317871094,
      "min_latency_ms": 0.46515464782714844,
      "max_latency_ms": 0.5102157592773438,
      "samples_per_second": 212026.28652310182,
      "compression_ratio": 11.585335589396504
    },
    {
      "stage": "QAT+PTQ",
      "model_path": "models/tflite/saved_model_qat_ptq.tflite",
      "file_size_bytes": 70904,
      "file_size_mb": 0.06761932373046875,
      "parameter_count": 61969,
      "accuracy": 0.7085009018231452,
      "precision": 0.3783504282954686,
      "recall": 0.9983010125278874,
      "f1_score": 0.5487338398917078,
      "precision_normal": 0.9994325834646798,
      "recall_normal": 0.6459470872815368,
      "avg_latency_ms": 0.4755258560180664,
      "min_latency_ms": 0.46539306640625,
      "max_latency_ms": 0.5078315734863281,
      "samples_per_second": 210293.50714464777,
      "compression_ratio": 11.587949904095678
    },
    {
      "stage": "noQAT+PTQ",
      "model_path": "models/tflite/saved_model_no_qat_ptq.tflite",
      "file_size_bytes": 70920,
      "file_size_mb": 0.06763458251953125,
      "parameter_count": 61969,
      "accuracy": 0.8224688017938968,
      "precision": 0.0,
      "recall": 0.0,
      "f1_score": 0.0,
      "precision_normal": 0.8224688017938968,
      "recall_normal": 1.0,
      "avg_latency_ms": 0.4861116409301758,
      "min_latency_ms": 0.4673004150390625,
      "max_latency_ms": 0.5524158477783203,
      "samples_per_second": 205714.06150375202,
      "compression_ratio": 11.585335589396504
    }
  ]
}