{
  "version": "v20",
  "data_version": "cicids2017_max2000k_bal4.0",
  "generated_at": "2026-02-23T03:50:23.742348",
  "results": [
    {
      "stage": "Original",
      "model_path": "models/tflite/saved_model_original.tflite",
      "file_size_bytes": 821632,
      "file_size_mb": 0.7835693359375,
      "parameter_count": 205777,
      "accuracy": 0.8041946963049624,
      "precision": 0.47387312041538165,
      "recall": 0.93348206624335,
      "f1_score": 0.6286288831360947,
      "precision_normal": 0.981840159671661,
      "recall_normal": 0.7762878119975996,
      "avg_latency_ms": 1.922917366027832,
      "min_latency_ms": 1.8987655639648438,
      "max_latency_ms": 2.012014389038086,
      "samples_per_second": 52004.31478060332,
      "compression_ratio": 1.0
    },
    {
      "stage": "QAT+Prune only",
      "model_path": "models/tflite/saved_model_qat_pruned_float32.tflite",
      "file_size_bytes": 248228,
      "file_size_mb": 0.23672866821289062,
      "parameter_count": 61969,
      "accuracy": 0.7033611192356439,
      "precision": 0.37386590953087695,
      "recall": 0.9943023854470568,
      "f1_score": 0.5434064903395236,
      "precision_normal": 0.9980837383263879,
      "recall_normal": 0.6405609844640198,
      "avg_latency_ms": 0.7523536682128906,
      "min_latency_ms": 0.736236572265625,
      "max_latency_ms": 0.8044242858886719,
      "samples_per_second": 132916.21244771202,
      "compression_ratio": 3.3099892034742253
    },
    {
      "stage": "Compressed (PTQ)",
      "model_path": "models/tflite/saved_model_pruned_quantized.tflite",
      "file_size_bytes": 70920,
      "file_size_mb": 0.06763458251953125,
      "parameter_count": 61969,
      "accuracy": 0.7023739884956615,
      "precision": 0.37331430701788215,
      "recall": 0.9967049939934787,
      "f1_score": 0.5431810104562205,
      "precision_normal": 0.9988879235447436,
      "recall_normal": 0.6388421731109745,
      "avg_latency_ms": 0.4899740219116211,
      "min_latency_ms": 0.4820823669433594,
      "max_latency_ms": 0.5347728729248047,
      "samples_per_second": 204092.45292199892,
      "compression_ratio": 11.585335589396504
    },
    {
      "stage": "QAT+PTQ",
      "model_path": "models/tflite/saved_model_qat_ptq.tflite",
      "file_size_bytes": 70904,
      "file_size_mb": 0.06761932373046875,
      "parameter_count": 61969,
      "accuracy": 0.7023739884956615,
      "precision": 0.37331430701788215,
      "recall": 0.9967049939934787,
      "f1_score": 0.5431810104562205,
      "precision_normal": 0.9988879235447436,
      "recall_normal": 0.6388421731109745,
      "avg_latency_ms": 0.4847526550292969,
      "min_latency_ms": 0.4782676696777344,
      "max_latency_ms": 0.5249977111816406,
      "samples_per_second": 206290.77316545346,
      "compression_ratio": 11.587949904095678
    },
    {
      "stage": "noQAT+PTQ",
      "model_path": "models/tflite/saved_model_no_qat_ptq.tflite",
      "file_size_bytes": 70920,
      "file_size_mb": 0.06763458251953125,
      "parameter_count": 61969,
      "accuracy": 0.8224688017938968,
      "precision": 0.0,
      "recall": 0.0,
      "f1_score": 0.0,
      "precision_normal": 0.8224688017938968,
      "recall_normal": 1.0,
      "avg_latency_ms": 0.4947185516357422,
      "min_latency_ms": 0.48661231994628906,
      "max_latency_ms": 0.5407333374023438,
      "samples_per_second": 202135.13253012046,
      "compression_ratio": 11.585335589396504
    }
  ]
}