{
  "version": "v20",
  "data_version": "cicids2017_max2000k_bal4.0",
  "generated_at": "2026-02-14T02:45:38.073316",
  "results": [
    {
      "stage": "Original",
      "model_path": "models/tflite/saved_model_original.tflite",
      "file_size_bytes": 821632,
      "file_size_mb": 0.7835693359375,
      "parameter_count": 205777,
      "accuracy": 0.7485193038900263,
      "precision": 0.3819110635399436,
      "recall": 0.6735713059893599,
      "f1_score": 0.4874441132637854,
      "precision_normal": 0.9156324571752996,
      "recall_normal": 0.7646969483689814,
      "avg_latency_ms": 2.28579044342041,
      "min_latency_ms": 2.1820068359375,
      "max_latency_ms": 2.6464462280273438,
      "samples_per_second": 43748.5423424739,
      "compression_ratio": 1.0
    },
    {
      "stage": "QAT+Prune only",
      "model_path": "models/tflite/saved_model_qat_pruned_float32.tflite",
      "file_size_bytes": 248228,
      "file_size_mb": 0.23672866821289062,
      "parameter_count": 61969,
      "accuracy": 0.9531326167495369,
      "precision": 0.8272767509653394,
      "recall": 0.9302213832160632,
      "f1_score": 0.8757341002173017,
      "precision_normal": 0.98452244549929,
      "recall_normal": 0.9580780429258318,
      "avg_latency_ms": 0.891423225402832,
      "min_latency_ms": 0.8759498596191406,
      "max_latency_ms": 0.9672641754150391,
      "samples_per_second": 112180.15994008933,
      "compression_ratio": 3.3099892034742253
    },
    {
      "stage": "Compressed (PTQ)",
      "model_path": "models/tflite/saved_model_pruned_quantized.tflite",
      "file_size_bytes": 70920,
      "file_size_mb": 0.06763458251953125,
      "parameter_count": 61969,
      "accuracy": 0.95150263234864,
      "precision": 0.8270626756865289,
      "recall": 0.9189806075167325,
      "f1_score": 0.8706021980880536,
      "precision_normal": 0.9820819954607216,
      "recall_normal": 0.9585225631033435,
      "avg_latency_ms": 0.5451679229736328,
      "min_latency_ms": 0.5357265472412109,
      "max_latency_ms": 0.5977153778076172,
      "samples_per_second": 183429.72098311904,
      "compression_ratio": 11.585335589396504
    },
    {
      "stage": "QAT+PTQ",
      "model_path": "models/tflite/saved_model_qat_ptq.tflite",
      "file_size_bytes": 70904,
      "file_size_mb": 0.06761932373046875,
      "parameter_count": 61969,
      "accuracy": 0.95150263234864,
      "precision": 0.8270626756865289,
      "recall": 0.9189806075167325,
      "f1_score": 0.8706021980880536,
      "precision_normal": 0.9820819954607216,
      "recall_normal": 0.9585225631033435,
      "avg_latency_ms": 0.5440950393676758,
      "min_latency_ms": 0.5326271057128906,
      "max_latency_ms": 0.6146430969238281,
      "samples_per_second": 183791.42018316462,
      "compression_ratio": 11.587949904095678
    },
    {
      "stage": "noQAT+PTQ",
      "model_path": "models/tflite/saved_model_no_qat_ptq.tflite",
      "file_size_bytes": 70920,
      "file_size_mb": 0.06763458251953125,
      "parameter_count": 61969,
      "accuracy": 0.8224688017938968,
      "precision": 0.0,
      "recall": 0.0,
      "f1_score": 0.0,
      "precision_normal": 0.8224688017938968,
      "recall_normal": 1.0,
      "avg_latency_ms": 0.5405426025390625,
      "min_latency_ms": 0.5300045013427734,
      "max_latency_ms": 0.6110668182373047,
      "samples_per_second": 184999.29428369796,
      "compression_ratio": 11.585335589396504
    }
  ]
}