{
  "tag": "no_qat__distill_progressive__prune_5x10__ptq_no",
  "fl_qat": false,
  "distillation": "progressive",
  "pruning": "prune_5x10",
  "ptq": false,
  "fl_acc": 0.9631612953557548,
  "fl_f1": 0.9010881591526753,
  "fl_prec": 0.8304376664389732,
  "fl_rec": 0.9848778368731875,
  "fl_size_kb": 850.7578125,
  "dist_acc": 0.970378608906821,
  "dist_f1": 0.9190341841086543,
  "prune_acc": 0.9851412957158203,
  "prune_f1": 0.9547095263645675,
  "final_acc": 0.9851412957158203,
  "final_f1": 0.9547095263645675,
  "final_prec": null,
  "final_rec": null,
  "tflite_size_kb": 36.9609375,
  "final_size_kb": 174.3203125
}