{
  "version": "v20",
  "data_version": "cicids2017_max2000k_bal4.0",
  "generated_at": "2026-02-15T05:09:31.597575",
  "results": [
    {
      "stage": "Original",
      "model_path": "models/tflite/saved_model_original.tflite",
      "file_size_bytes": 821632,
      "file_size_mb": 0.7835693359375,
      "parameter_count": 205777,
      "accuracy": 0.881364555913035,
      "precision": 0.6003780207911436,
      "recall": 0.9921228762656599,
      "f1_score": 0.7480671061910832,
      "precision_normal": 0.9980209801968672,
      "recall_normal": 0.8574571964112404,
      "avg_latency_ms": 2.1229982376098633,
      "min_latency_ms": 1.9049644470214844,
      "max_latency_ms": 2.3872852325439453,
      "samples_per_second": 47103.19501375709,
      "compression_ratio": 1.0
    },
    {
      "stage": "QAT+Prune only",
      "model_path": "models/tflite/saved_model_qat_pruned_float32.tflite",
      "file_size_bytes": 248228,
      "file_size_mb": 0.23672866821289062,
      "parameter_count": 61969,
      "accuracy": 0.8402798089109876,
      "precision": 0.5310845013505753,
      "recall": 0.8570447914879011,
      "f1_score": 0.6557936758062822,
      "precision_normal": 0.9644305905461378,
      "recall_normal": 0.8366610607733169,
      "avg_latency_ms": 0.7509231567382812,
      "min_latency_ms": 0.743865966796875,
      "max_latency_ms": 0.7944107055664062,
      "samples_per_second": 133169.41833883667,
      "compression_ratio": 3.3099892034742253
    },
    {
      "stage": "Compressed (PTQ)",
      "model_path": "models/tflite/saved_model_pruned_quantized.tflite",
      "file_size_bytes": 70920,
      "file_size_mb": 0.06763458251953125,
      "parameter_count": 61969,
      "accuracy": 0.8397283562445159,
      "precision": 0.5300049787608182,
      "recall": 0.85864081002231,
      "f1_score": 0.6554355444059448,
      "precision_normal": 0.9647724988559723,
      "recall_normal": 0.8356460730346652,
      "avg_latency_ms": 0.47309398651123047,
      "min_latency_ms": 0.4658699035644531,
      "max_latency_ms": 0.5145072937011719,
      "samples_per_second": 211374.48974449426,
      "compression_ratio": 11.585335589396504
    },
    {
      "stage": "QAT+PTQ",
      "model_path": "models/tflite/saved_model_qat_ptq.tflite",
      "file_size_bytes": 70904,
      "file_size_mb": 0.06761932373046875,
      "parameter_count": 61969,
      "accuracy": 0.8397283562445159,
      "precision": 0.5300049787608182,
      "recall": 0.85864081002231,
      "f1_score": 0.6554355444059448,
      "precision_normal": 0.9647724988559723,
      "recall_normal": 0.8356460730346652,
      "avg_latency_ms": 0.47631263732910156,
      "min_latency_ms": 0.4706382751464844,
      "max_latency_ms": 0.5159378051757812,
      "samples_per_second": 209946.1407548303,
      "compression_ratio": 11.587949904095678
    },
    {
      "stage": "noQAT+PTQ",
      "model_path": "models/tflite/saved_model_no_qat_ptq.tflite",
      "file_size_bytes": 70920,
      "file_size_mb": 0.06763458251953125,
      "parameter_count": 61969,
      "accuracy": 0.8224688017938968,
      "precision": 0.0,
      "recall": 0.0,
      "f1_score": 0.0,
      "precision_normal": 0.8224688017938968,
      "recall_normal": 1.0,
      "avg_latency_ms": 0.4796743392944336,
      "min_latency_ms": 0.4725456237792969,
      "max_latency_ms": 0.5156993865966797,
      "samples_per_second": 208474.77508822508,
      "compression_ratio": 11.585335589396504
    }
  ]
}