{
  "version": "v20",
  "data_version": "cicids2017_max2000k_bal4.0",
  "generated_at": "2026-02-13T05:12:33.866717",
  "results": [
    {
      "stage": "Original",
      "model_path": "models/tflite/saved_model_original.tflite",
      "file_size_bytes": 821632,
      "file_size_mb": 0.7835693359375,
      "parameter_count": 205777,
      "accuracy": 0.8986728575606903,
      "precision": 0.6371031398000351,
      "recall": 0.9973228076197014,
      "f1_score": 0.7775176270687556,
      "precision_normal": 0.9993417943698103,
      "recall_normal": 0.8773791090333909,
      "avg_latency_ms": 2.195286750793457,
      "min_latency_ms": 2.1517276763916016,
      "max_latency_ms": 2.291440963745117,
      "samples_per_second": 45552.1357125015,
      "compression_ratio": 1.0
    },
    {
      "stage": "QAT+Prune only",
      "model_path": "models/tflite/saved_model_qat_pruned_float32.tflite",
      "file_size_bytes": 248228,
      "file_size_mb": 0.23672866821289062,
      "parameter_count": 61969,
      "accuracy": 0.8275689772838062,
      "precision": 0.5076876446599802,
      "recall": 0.9486013385961901,
      "f1_score": 0.6613978198700537,
      "precision_normal": 0.9863458978426974,
      "recall_normal": 0.8014439497099506,
      "avg_latency_ms": 0.8926630020141602,
      "min_latency_ms": 0.8807182312011719,
      "max_latency_ms": 0.9474754333496094,
      "samples_per_second": 112024.35832376273,
      "compression_ratio": 3.3099892034742253
    },
    {
      "stage": "Compressed (PTQ)",
      "model_path": "models/tflite/saved_model_pruned_quantized.tflite",
      "file_size_bytes": 70920,
      "file_size_mb": 0.06763458251953125,
      "parameter_count": 61969,
      "accuracy": 0.826871283026226,
      "precision": 0.5066170881148855,
      "recall": 0.9493049596704994,
      "f1_score": 0.6606591542903552,
      "precision_normal": 0.9865136940334281,
      "recall_normal": 0.8004437793105492,
      "avg_latency_ms": 0.5477190017700195,
      "min_latency_ms": 0.5369186401367188,
      "max_latency_ms": 0.6046295166015625,
      "samples_per_second": 182575.3710877987,
      "compression_ratio": 11.585335589396504
    },
    {
      "stage": "QAT+PTQ",
      "model_path": "models/tflite/saved_model_qat_ptq.tflite",
      "file_size_bytes": 70904,
      "file_size_mb": 0.06761932373046875,
      "parameter_count": 61969,
      "accuracy": 0.826871283026226,
      "precision": 0.5066170881148855,
      "recall": 0.9493049596704994,
      "f1_score": 0.6606591542903552,
      "precision_normal": 0.9865136940334281,
      "recall_normal": 0.8004437793105492,
      "avg_latency_ms": 0.5390644073486328,
      "min_latency_ms": 0.5311965942382812,
      "max_latency_ms": 0.583648681640625,
      "samples_per_second": 185506.59000442282,
      "compression_ratio": 11.587949904095678
    },
    {
      "stage": "noQAT+PTQ",
      "model_path": "models/tflite/saved_model_no_qat_ptq.tflite",
      "file_size_bytes": 70920,
      "file_size_mb": 0.06763458251953125,
      "parameter_count": 61969,
      "accuracy": 0.8224688017938968,
      "precision": 0.0,
      "recall": 0.0,
      "f1_score": 0.0,
      "precision_normal": 0.8224688017938968,
      "recall_normal": 1.0,
      "avg_latency_ms": 0.5357265472412109,
      "min_latency_ms": 0.5276203155517578,
      "max_latency_ms": 0.5807876586914062,
      "samples_per_second": 186662.39430351582,
      "compression_ratio": 11.585335589396504
    }
  ]
}