{
  "tag": "no_qat__distill_none__prune_10x5__ptq_no",
  "fl_qat": false,
  "distillation": "none",
  "pruning": "prune_10x5",
  "ptq": false,
  "fl_acc": 0.9500998301397622,
  "fl_f1": 0.8754949160733868,
  "fl_prec": 0.7800818192358017,
  "fl_rec": 0.9975009000995404,
  "fl_size_kb": 864.109375,
  "dist_acc": null,
  "dist_f1": null,
  "prune_acc": 0.9500998301397622,
  "prune_f1": 0.8754949160733868,
  "final_acc": 0.9500998301397622,
  "final_f1": 0.8754949160733868,
  "final_prec": null,
  "final_rec": null,
  "tflite_size_kb": 802.44921875,
  "final_size_kb": 864.109375
}