{
  "version": "v24",
  "data_version": "cicids2017_max2000k_bal4.0",
  "generated_at": "2026-02-24T18:39:27.567055",
  "results": [
    {
      "stage": "Baseline",
      "model_path": "models/tflite/saved_model_original.tflite",
      "file_size_bytes": 817528,
      "file_size_mb": 0.7796554565429688,
      "parameter_count": 204880,
      "accuracy": 0.17753729160573267,
      "precision": 0.17753227998123222,
      "recall": 1.0,
      "f1_score": 0.3015327613508171,
      "precision_normal": 1.0,
      "recall_normal": 7.408669625195404e-06,
      "avg_latency_ms": 2.0185470581054688,
      "min_latency_ms": 1.8720626831054688,
      "max_latency_ms": 3.104686737060547,
      "samples_per_second": 49540.58395540017,
      "compression_ratio": 1.0
    },
    {
      "stage": "Traditional+PTQ",
      "model_path": "models/tflite/saved_model_no_qat_ptq.tflite",
      "file_size_bytes": 76720,
      "file_size_mb": 0.0731658935546875,
      "parameter_count": 62048,
      "accuracy": 0.17753119820610314,
      "precision": 0.17753119820610314,
      "recall": 1.0,
      "f1_score": 0.3015312010018267,
      "precision_normal": 0.0,
      "recall_normal": 0.0,
      "avg_latency_ms": 0.4757404327392578,
      "min_latency_ms": 0.4684925079345703,
      "max_latency_ms": 0.5214214324951172,
      "samples_per_second": 210198.65691089508,
      "compression_ratio": 10.65599582898853
    },
    {
      "stage": "Traditional+QAT",
      "model_path": "models/tflite/saved_model_traditional_qat.tflite",
      "file_size_bytes": 66600,
      "file_size_mb": 0.06351470947265625,
      "parameter_count": 62048,
      "accuracy": 0.9629765038510286,
      "precision": 0.8686019374020909,
      "recall": 0.9325210228247812,
      "f1_score": 0.8994272850663754,
      "precision_normal": 0.9851994609773174,
      "recall_normal": 0.9695503678404469,
      "avg_latency_ms": 0.48470497131347656,
      "min_latency_ms": 0.4754066467285156,
      "max_latency_ms": 0.5340576171875,
      "samples_per_second": 206311.06738809642,
      "compression_ratio": 12.275195195195195
    },
    {
      "stage": "QAT+PTQ",
      "model_path": "models/tflite/saved_model_qat_ptq.tflite",
      "file_size_bytes": 76688,
      "file_size_mb": 0.0731353759765625,
      "parameter_count": 62048,
      "accuracy": 0.9474992687920445,
      "precision": 0.794517008755562,
      "recall": 0.9499570962759567,
      "f1_score": 0.8653118649366891,
      "precision_normal": 0.9887218917518197,
      "recall_normal": 0.9469687428228513,
      "avg_latency_ms": 0.4803180694580078,
      "min_latency_ms": 0.4715919494628906,
      "max_latency_ms": 0.5395412445068359,
      "samples_per_second": 208195.37377146826,
      "compression_ratio": 10.66044231170457
    },
    {
      "stage": "QAT+QAT",
      "model_path": "models/tflite/saved_model_pruned_qat.tflite",
      "file_size_bytes": 66600,
      "file_size_mb": 0.06351470947265625,
      "parameter_count": 62048,
      "accuracy": 0.9606183581944038,
      "precision": 0.84967148894167,
      "recall": 0.9454436245066071,
      "f1_score": 0.8950027618026448,
      "precision_normal": 0.987930262048856,
      "recall_normal": 0.9638938485816102,
      "avg_latency_ms": 0.4810333251953125,
      "min_latency_ms": 0.47278404235839844,
      "max_latency_ms": 0.5242824554443359,
      "samples_per_second": 207885.80491673274,
      "compression_ratio": 12.275195195195195
    }
  ]
}