{
  "version": "v20",
  "data_version": "cicids2017_max2000k_bal4.0",
  "generated_at": "2026-02-16T11:47:59.519818",
  "results": [
    {
      "stage": "Original",
      "model_path": "models/tflite/saved_model_original.tflite",
      "file_size_bytes": 821632,
      "file_size_mb": 0.7835693359375,
      "parameter_count": 205777,
      "accuracy": 0.18736289850833576,
      "precision": 0.1792367182763534,
      "recall": 0.9995023168010984,
      "f1_score": 0.3039646772387914,
      "precision_normal": 0.99117199391172,
      "recall_normal": 0.012061314149818116,
      "avg_latency_ms": 1.9191503524780273,
      "min_latency_ms": 1.8949508666992188,
      "max_latency_ms": 1.99127197265625,
      "samples_per_second": 52106.39170134791,
      "compression_ratio": 1.0
    },
    {
      "stage": "QAT+Prune only",
      "model_path": "models/tflite/saved_model_qat_pruned_float32.tflite",
      "file_size_bytes": 248228,
      "file_size_mb": 0.23672866821289062,
      "parameter_count": 61969,
      "accuracy": 0.7391567953592668,
      "precision": 0.40476306569241377,
      "recall": 0.9972370001716149,
      "f1_score": 0.5758126768169725,
      "precision_normal": 0.999128132090696,
      "recall_normal": 0.683449772924276,
      "avg_latency_ms": 0.7760286331176758,
      "min_latency_ms": 0.7627010345458984,
      "max_latency_ms": 0.8232593536376953,
      "samples_per_second": 128861.22461519553,
      "compression_ratio": 3.3099892034742253
    },
    {
      "stage": "Compressed (PTQ)",
      "model_path": "models/tflite/saved_model_pruned_quantized.tflite",
      "file_size_bytes": 70920,
      "file_size_mb": 0.06763458251953125,
      "parameter_count": 61969,
      "accuracy": 0.744488520035098,
      "precision": 0.4097502838484919,
      "recall": 0.9971340312339111,
      "f1_score": 0.5808238075483203,
      "precision_normal": 0.9991041877879875,
      "recall_normal": 0.6899545848551976,
      "avg_latency_ms": 0.5422115325927734,
      "min_latency_ms": 0.5156993865966797,
      "max_latency_ms": 0.5786418914794922,
      "samples_per_second": 184429.8654471902,
      "compression_ratio": 11.585335589396504
    },
    {
      "stage": "QAT+PTQ",
      "model_path": "models/tflite/saved_model_qat_ptq.tflite",
      "file_size_bytes": 70904,
      "file_size_mb": 0.06761932373046875,
      "parameter_count": 61969,
      "accuracy": 0.744488520035098,
      "precision": 0.4097502838484919,
      "recall": 0.9971340312339111,
      "f1_score": 0.5808238075483203,
      "precision_normal": 0.9991041877879875,
      "recall_normal": 0.6899545848551976,
      "avg_latency_ms": 0.4793882369995117,
      "min_latency_ms": 0.47326087951660156,
      "max_latency_ms": 0.5156993865966797,
      "samples_per_second": 208599.19431043914,
      "compression_ratio": 11.587949904095678
    },
    {
      "stage": "noQAT+PTQ",
      "model_path": "models/tflite/saved_model_no_qat_ptq.tflite",
      "file_size_bytes": 70920,
      "file_size_mb": 0.06763458251953125,
      "parameter_count": 61969,
      "accuracy": 0.8224688017938968,
      "precision": 0.0,
      "recall": 0.0,
      "f1_score": 0.0,
      "precision_normal": 0.8224688017938968,
      "recall_normal": 1.0,
      "avg_latency_ms": 0.5289077758789062,
      "min_latency_ms": 0.46944618225097656,
      "max_latency_ms": 0.5741119384765625,
      "samples_per_second": 189068.87847097008,
      "compression_ratio": 11.585335589396504
    }
  ]
}