{
  "version": "v13",
  "data_version": "cicids2017_max1500k_bal4.0",
  "generated_at": "2026-02-06T11:45:30.909440",
  "results": [
    {
      "stage": "Original",
      "model_path": "models/tflite/saved_model_original.tflite",
      "file_size_bytes": 248488,
      "file_size_mb": 0.23697662353515625,
      "parameter_count": 62036,
      "accuracy": 0.04822019250826951,
      "precision": 0.003721599573040561,
      "recall": 0.0165406527310079,
      "f1_score": 0.006076095116951216,
      "precision_normal": 0.20757679180887373,
      "recall_normal": 0.05498126460524591,
      "avg_latency_ms": 0.7657289505004883,
      "min_latency_ms": 0.7581710815429688,
      "max_latency_ms": 0.7979869842529297,
      "samples_per_second": 130594.51380888626,
      "compression_ratio": 1.0
    },
    {
      "stage": "Compressed (PTQ)",
      "model_path": "models/tflite/saved_model_pruned_quantized.tflite",
      "file_size_bytes": 26648,
      "file_size_mb": 0.02541351318359375,
      "parameter_count": 20820,
      "accuracy": 0.1531647644306702,
      "precision": 0.05169470011100547,
      "recall": 0.21994197005315883,
      "f1_score": 0.08371354410176214,
      "precision_normal": 0.454865684896026,
      "recall_normal": 0.1389131211043261,
      "avg_latency_ms": 0.4002809524536133,
      "min_latency_ms": 0.39267539978027344,
      "max_latency_ms": 0.4341602325439453,
      "samples_per_second": 249824.5279647388,
      "compression_ratio": 9.324827379165416
    },
    {
      "stage": "Original (no distill)",
      "model_path": "models/tflite/saved_model_original_no_distill.tflite",
      "file_size_bytes": 821688,
      "file_size_mb": 0.7836227416992188,
      "parameter_count": 205777,
      "accuracy": 0.7745962094346932,
      "precision": 0.43009192065795837,
      "recall": 0.8660863671982548,
      "f1_score": 0.5747615935459841,
      "precision_normal": 0.9635297103371901,
      "recall_normal": 0.7550703085803135,
      "avg_latency_ms": 1.8312692642211914,
      "min_latency_ms": 1.8243789672851562,
      "max_latency_ms": 1.8486976623535156,
      "samples_per_second": 54606.934083245455,
      "compression_ratio": 0.3024116209558859
    },
    {
      "stage": "Compressed PTQ (no distill)",
      "model_path": "models/tflite/saved_model_pruned_quantized_no_distill.tflite",
      "file_size_bytes": 70920,
      "file_size_mb": 0.06763458251953125,
      "parameter_count": 61969,
      "accuracy": 0.5328135709389993,
      "precision": 0.2677343091014934,
      "recall": 0.9545714467246966,
      "f1_score": 0.4181793721557039,
      "precision_normal": 0.9785735690740186,
      "recall_normal": 0.4428016760155307,
      "avg_latency_ms": 0.49533843994140625,
      "min_latency_ms": 0.4878044128417969,
      "max_latency_ms": 0.5307197570800781,
      "samples_per_second": 201882.17173661917,
      "compression_ratio": 3.5037789058093627
    }
  ]
}