{
  "version": "v20",
  "data_version": "cicids2017_max2000k_bal4.0",
  "generated_at": "2026-02-23T01:20:33.718671",
  "results": [
    {
      "stage": "Original",
      "model_path": "models/tflite/saved_model_original.tflite",
      "file_size_bytes": 821632,
      "file_size_mb": 0.7835693359375,
      "parameter_count": 205777,
      "accuracy": 0.6059215657599688,
      "precision": 0.3104215344237109,
      "recall": 0.9986442423202334,
      "f1_score": 0.47362123974475845,
      "precision_normal": 0.9994387849338618,
      "recall_normal": 0.5211517517799329,
      "avg_latency_ms": 1.9022464752197266,
      "min_latency_ms": 1.886129379272461,
      "max_latency_ms": 1.9915103912353516,
      "samples_per_second": 52569.42320707894,
      "compression_ratio": 1.0
    },
    {
      "stage": "QAT+Prune only",
      "model_path": "models/tflite/saved_model_qat_pruned_float32.tflite",
      "file_size_bytes": 248228,
      "file_size_mb": 0.23672866821289062,
      "parameter_count": 61969,
      "accuracy": 0.6984742127327679,
      "precision": 0.3703901861122788,
      "recall": 0.9979749442251588,
      "f1_score": 0.5402653387342525,
      "precision_normal": 0.9993108362243169,
      "recall_normal": 0.6338265037747172,
      "avg_latency_ms": 0.7605791091918945,
      "min_latency_ms": 0.7488727569580078,
      "max_latency_ms": 0.8013248443603516,
      "samples_per_second": 131478.7624212407,
      "compression_ratio": 3.3099892034742253
    },
    {
      "stage": "Compressed (PTQ)",
      "model_path": "models/tflite/saved_model_pruned_quantized.tflite",
      "file_size_bytes": 70920,
      "file_size_mb": 0.06763458251953125,
      "parameter_count": 61969,
      "accuracy": 0.7002748123232914,
      "precision": 0.37179134726653157,
      "recall": 0.997992105714776,
      "f1_score": 0.5417569160110488,
      "precision_normal": 0.999319019154769,
      "recall_normal": 0.6360120613141498,
      "avg_latency_ms": 0.4815101623535156,
      "min_latency_ms": 0.4742145538330078,
      "max_latency_ms": 0.5331039428710938,
      "samples_per_second": 207679.9366211131,
      "compression_ratio": 11.585335589396504
    },
    {
      "stage": "QAT+PTQ",
      "model_path": "models/tflite/saved_model_qat_ptq.tflite",
      "file_size_bytes": 70904,
      "file_size_mb": 0.06761932373046875,
      "parameter_count": 61969,
      "accuracy": 0.7002748123232914,
      "precision": 0.37179134726653157,
      "recall": 0.997992105714776,
      "f1_score": 0.5417569160110488,
      "precision_normal": 0.999319019154769,
      "recall_normal": 0.6360120613141498,
      "avg_latency_ms": 0.4793405532836914,
      "min_latency_ms": 0.4718303680419922,
      "max_latency_ms": 0.5223751068115234,
      "samples_per_second": 208619.94528724198,
      "compression_ratio": 11.587949904095678
    },
    {
      "stage": "noQAT+PTQ",
      "model_path": "models/tflite/saved_model_no_qat_ptq.tflite",
      "file_size_bytes": 70920,
      "file_size_mb": 0.06763458251953125,
      "parameter_count": 61969,
      "accuracy": 0.8224688017938968,
      "precision": 0.0,
      "recall": 0.0,
      "f1_score": 0.0,
      "precision_normal": 0.8224688017938968,
      "recall_normal": 1.0,
      "avg_latency_ms": 0.48835277557373047,
      "min_latency_ms": 0.4794597625732422,
      "max_latency_ms": 0.5288124084472656,
      "samples_per_second": 204770.0043938876,
      "compression_ratio": 11.585335589396504
    }
  ]
}