{
  "version": "v20",
  "data_version": "cicids2017_max2000k_bal4.0",
  "generated_at": "2026-02-20T12:26:06.999372",
  "results": [
    {
      "stage": "Original",
      "model_path": "models/tflite/saved_model_original.tflite",
      "file_size_bytes": 821632,
      "file_size_mb": 0.7835693359375,
      "parameter_count": 205777,
      "accuracy": 0.6409068197328653,
      "precision": 0.30160135832473284,
      "recall": 0.7773468337051657,
      "f1_score": 0.43458780072437697,
      "precision_normal": 0.9271283258162537,
      "recall_normal": 0.6114560258414397,
      "avg_latency_ms": 1.9093036651611328,
      "min_latency_ms": 1.8851757049560547,
      "max_latency_ms": 1.9841194152832031,
      "samples_per_second": 52375.11550660573,
      "compression_ratio": 1.0
    },
    {
      "stage": "QAT+Prune only",
      "model_path": "models/tflite/saved_model_qat_pruned_float32.tflite",
      "file_size_bytes": 248228,
      "file_size_mb": 0.23672866821289062,
      "parameter_count": 61969,
      "accuracy": 0.8758134688505411,
      "precision": 0.5888538167202899,
      "recall": 0.9956753046164407,
      "f1_score": 0.7400396691263226,
      "precision_normal": 0.998902902519406,
      "recall_normal": 0.8499411010764797,
      "avg_latency_ms": 0.7457971572875977,
      "min_latency_ms": 0.7350444793701172,
      "max_latency_ms": 0.7863044738769531,
      "samples_per_second": 134084.71596176593,
      "compression_ratio": 3.3099892034742253
    },
    {
      "stage": "Compressed (PTQ)",
      "model_path": "models/tflite/saved_model_pruned_quantized.tflite",
      "file_size_bytes": 70920,
      "file_size_mb": 0.06763458251953125,
      "parameter_count": 61969,
      "accuracy": 0.8745308082285269,
      "precision": 0.5863483850103084,
      "recall": 0.9956753046164407,
      "f1_score": 0.7380579831825872,
      "precision_normal": 0.9989008880127008,
      "recall_normal": 0.848381576120376,
      "avg_latency_ms": 0.47500133514404297,
      "min_latency_ms": 0.4687309265136719,
      "max_latency_ms": 0.5166530609130859,
      "samples_per_second": 210525.72403754454,
      "compression_ratio": 11.585335589396504
    },
    {
      "stage": "QAT+PTQ",
      "model_path": "models/tflite/saved_model_qat_ptq.tflite",
      "file_size_bytes": 70904,
      "file_size_mb": 0.06761932373046875,
      "parameter_count": 61969,
      "accuracy": 0.8745308082285269,
      "precision": 0.5863483850103084,
      "recall": 0.9956753046164407,
      "f1_score": 0.7380579831825872,
      "precision_normal": 0.9989008880127008,
      "recall_normal": 0.848381576120376,
      "avg_latency_ms": 0.4762411117553711,
      "min_latency_ms": 0.4658699035644531,
      "max_latency_ms": 0.5178451538085938,
      "samples_per_second": 209977.67209011264,
      "compression_ratio": 11.587949904095678
    },
    {
      "stage": "noQAT+PTQ",
      "model_path": "models/tflite/saved_model_no_qat_ptq.tflite",
      "file_size_bytes": 70920,
      "file_size_mb": 0.06763458251953125,
      "parameter_count": 61969,
      "accuracy": 0.8224688017938968,
      "precision": 0.0,
      "recall": 0.0,
      "f1_score": 0.0,
      "precision_normal": 0.8224688017938968,
      "recall_normal": 1.0,
      "avg_latency_ms": 0.4873514175415039,
      "min_latency_ms": 0.46539306640625,
      "max_latency_ms": 0.6000995635986328,
      "samples_per_second": 205190.74409275476,
      "compression_ratio": 11.585335589396504
    }
  ]
}