{
  "version": "v20",
  "data_version": "cicids2017_max2000k_bal4.0",
  "generated_at": "2026-02-14T14:01:07.681825",
  "results": [
    {
      "stage": "Original",
      "model_path": "models/tflite/saved_model_original.tflite",
      "file_size_bytes": 821632,
      "file_size_mb": 0.7835693359375,
      "parameter_count": 205777,
      "accuracy": 0.3890239592473433,
      "precision": 0.22231374309527063,
      "recall": 0.9773296722155483,
      "f1_score": 0.3622306677055671,
      "precision_normal": 0.9816677999972245,
      "recall_normal": 0.26203723597353623,
      "avg_latency_ms": 2.0215749740600586,
      "min_latency_ms": 1.9145011901855469,
      "max_latency_ms": 2.1598339080810547,
      "samples_per_second": 49466.38204526424,
      "compression_ratio": 1.0
    },
    {
      "stage": "QAT+Prune only",
      "model_path": "models/tflite/saved_model_qat_pruned_float32.tflite",
      "file_size_bytes": 248228,
      "file_size_mb": 0.23672866821289062,
      "parameter_count": 61969,
      "accuracy": 0.7781027590913523,
      "precision": 0.4443654868879516,
      "recall": 0.9980264286940106,
      "f1_score": 0.6149348108828288,
      "precision_normal": 0.999417284851433,
      "recall_normal": 0.7306318854323329,
      "avg_latency_ms": 0.8495569229125977,
      "min_latency_ms": 0.8311271667480469,
      "max_latency_ms": 0.9253025054931641,
      "samples_per_second": 117708.4163556254,
      "compression_ratio": 3.3099892034742253
    },
    {
      "stage": "Compressed (PTQ)",
      "model_path": "models/tflite/saved_model_pruned_quantized.tflite",
      "file_size_bytes": 70920,
      "file_size_mb": 0.06763458251953125,
      "parameter_count": 61969,
      "accuracy": 0.7784287559715316,
      "precision": 0.4447290941765763,
      "recall": 0.9980264286940106,
      "f1_score": 0.615282884121988,
      "precision_normal": 0.9994176006158241,
      "recall_normal": 0.7310282492572808,
      "avg_latency_ms": 0.49135684967041016,
      "min_latency_ms": 0.48089027404785156,
      "max_latency_ms": 0.5538463592529297,
      "samples_per_second": 203518.0746275899,
      "compression_ratio": 11.585335589396504
    },
    {
      "stage": "QAT+PTQ",
      "model_path": "models/tflite/saved_model_qat_ptq.tflite",
      "file_size_bytes": 70904,
      "file_size_mb": 0.06761932373046875,
      "parameter_count": 61969,
      "accuracy": 0.7784287559715316,
      "precision": 0.4447290941765763,
      "recall": 0.9980264286940106,
      "f1_score": 0.615282884121988,
      "precision_normal": 0.9994176006158241,
      "recall_normal": 0.7310282492572808,
      "avg_latency_ms": 0.49071311950683594,
      "min_latency_ms": 0.4801750183105469,
      "max_latency_ms": 0.560760498046875,
      "samples_per_second": 203785.05490234183,
      "compression_ratio": 11.587949904095678
    },
    {
      "stage": "noQAT+PTQ",
      "model_path": "models/tflite/saved_model_no_qat_ptq.tflite",
      "file_size_bytes": 70920,
      "file_size_mb": 0.06763458251953125,
      "parameter_count": 61969,
      "accuracy": 0.8224688017938968,
      "precision": 0.0,
      "recall": 0.0,
      "f1_score": 0.0,
      "precision_normal": 0.8224688017938968,
      "recall_normal": 1.0,
      "avg_latency_ms": 0.5014896392822266,
      "min_latency_ms": 0.48089027404785156,
      "max_latency_ms": 0.5645751953125,
      "samples_per_second": 199405.91423409717,
      "compression_ratio": 11.585335589396504
    }
  ]
}