WARNING: All log messages before absl::InitializeLog() is called are written to STDERR
I0000 00:00:1791180990.322716  597486 port.cc:153] oneDNN custom operations are on. You may see slightly different numerical results due to floating-point round-off errors from different computation orders. To turn them off, set the environment variable `TF_ENABLE_ONEDNN_OPTS=0`.
I0000 00:00:1791180990.323713  597486 cudart_stub.cc:31] Could not find cuda drivers on your machine, GPU will not be used.
I0000 00:00:1791180990.734459  597486 cpu_feature_guard.cc:227] This TensorFlow binary is optimized to use available CPU instructions in performance-critical operations.
To enable the following instructions: AVX2 AVX512F AVX512_VNNI AVX512_BF16 FMA, in other operations, rebuild TensorFlow with the appropriate compiler flags.
WARNING: All log messages before absl::InitializeLog() is called are written to STDERR
I0000 00:00:1791180992.693897  597486 port.cc:153] oneDNN custom operations are on. You may see slightly different numerical results due to floating-point round-off errors from different computation orders. To turn them off, set the environment variable `TF_ENABLE_ONEDNN_OPTS=0`.
I0000 00:00:1791180992.694976  597486 cudart_stub.cc:31] Could not find cuda drivers on your machine, GPU will not be used.
E0000 00:00:1791180997.266804  597486 cuda_executor.cc:1737] INTERNAL: CUDA Runtime error: Failed call to cudaGetRuntimeVersion: Error loading CUDA libraries. GPU will not be used.: Error loading CUDA libraries. GPU will not be used.
W0000 00:00:1791180997.267373  597530 cuda_executor.cc:1755] Failed to determine cuDNN version (Note that this is expected if the application doesn't link the cuDNN plugin): INTERNAL: cuDNN error: CUDNN_STATUS_INTERNAL_ERROR
W0000 00:00:1791180997.289293  597486 gpu_device.cc:2365] Cannot dlopen some GPU libraries. Please make sure the missing libraries mentioned above are installed properly if you would like to use GPU. Follow the guide at https://www.tensorflow.org/install/gpu for how to download and setup the required libraries for your platform.
Skipping registering GPU devices...
W0000 00:00:1791180997.735151  597486 tf_tfl_flatbuffer_helpers.cc:364] Ignored output_format.
W0000 00:00:1791180997.735727  597486 tf_tfl_flatbuffer_helpers.cc:367] Ignored drop_control_dependency.
I0000 00:00:1791180997.736268  597486 reader.cc:83] Reading SavedModel from: /tmp/tmpcgrm5in9
I0000 00:00:1791180997.736822  597486 reader.cc:52] Reading meta graph with tags { serve }
I0000 00:00:1791180997.737141  597486 reader.cc:147] Reading SavedModel debug info (if present) from: /tmp/tmpcgrm5in9
I0000 00:00:1791180997.740867  597486 mlir_graph_optimization_pass.cc:437] MLIR V1 optimization pass is not enabled
I0000 00:00:1791180997.741852  597486 loader.cc:236] Restoring SavedModel bundle.
I0000 00:00:1791180997.753873  597486 loader.cc:220] Running initialization op on SavedModel bundle at path: /tmp/tmpcgrm5in9
I0000 00:00:1791180997.757343  597486 loader.cc:471] SavedModel load for tags { serve }; Status: success: OK. Took 21082 microseconds.
I0000 00:00:1791180997.777346  597486 dump_mlir_util.cc:269] disabling MLIR crash reproducer, set env var `MLIR_CRASH_REPRODUCER_DIRECTORY` to enable.
/home/danielpark605/tinyml-venv/lib/python3.12/site-packages/tensorflow/lite/python/interpreter.py:457: UserWarning:     Warning: tf.lite.Interpreter is deprecated and is scheduled for deletion in
    TF 2.20. Please use the LiteRT interpreter from the ai_edge_litert package.
    See the [migration guide](https://ai.google.dev/edge/litert/migration)
    for details.
    
  warnings.warn(_INTERPRETER_DELETION_WARNING)
INFO: Created TensorFlow Lite XNNPACK delegate for CPU.
WARNING:tensorflow:`evaluate()` received a value for `sample_weight`, but `weighted_metrics` were not provided.  Did you mean to pass metrics to `weighted_metrics` in `compile()`?  If this is intentional you can pass `weighted_metrics=[]` to `compile()` in order to silence this warning.
WARNING:tensorflow:`evaluate()` received a value for `sample_weight`, but `weighted_metrics` were not provided.  Did you mean to pass metrics to `weighted_metrics` in `compile()`?  If this is intentional you can pass `weighted_metrics=[]` to `compile()` in order to silence this warning.
WARNING:tensorflow:`evaluate()` received a value for `sample_weight`, but `weighted_metrics` were not provided.  Did you mean to pass metrics to `weighted_metrics` in `compile()`?  If this is intentional you can pass `weighted_metrics=[]` to `compile()` in order to silence this warning.
WARNING:tensorflow:`evaluate()` received a value for `sample_weight`, but `weighted_metrics` were not provided.  Did you mean to pass metrics to `weighted_metrics` in `compile()`?  If this is intentional you can pass `weighted_metrics=[]` to `compile()` in order to silence this warning.
WARNING:tensorflow:`evaluate()` received a value for `sample_weight`, but `weighted_metrics` were not provided.  Did you mean to pass metrics to `weighted_metrics` in `compile()`?  If this is intentional you can pass `weighted_metrics=[]` to `compile()` in order to silence this warning.
WARNING:tensorflow:`evaluate()` received a value for `sample_weight`, but `weighted_metrics` were not provided.  Did you mean to pass metrics to `weighted_metrics` in `compile()`?  If this is intentional you can pass `weighted_metrics=[]` to `compile()` in order to silence this warning.
WARNING:tensorflow:`evaluate()` received a value for `sample_weight`, but `weighted_metrics` were not provided.  Did you mean to pass metrics to `weighted_metrics` in `compile()`?  If this is intentional you can pass `weighted_metrics=[]` to `compile()` in order to silence this warning.
WARNING:tensorflow:`evaluate()` received a value for `sample_weight`, but `weighted_metrics` were not provided.  Did you mean to pass metrics to `weighted_metrics` in `compile()`?  If this is intentional you can pass `weighted_metrics=[]` to `compile()` in order to silence this warning.
WARNING:tensorflow:`evaluate()` received a value for `sample_weight`, but `weighted_metrics` were not provided.  Did you mean to pass metrics to `weighted_metrics` in `compile()`?  If this is intentional you can pass `weighted_metrics=[]` to `compile()` in order to silence this warning.
WARNING:tensorflow:`evaluate()` received a value for `sample_weight`, but `weighted_metrics` were not provided.  Did you mean to pass metrics to `weighted_metrics` in `compile()`?  If this is intentional you can pass `weighted_metrics=[]` to `compile()` in order to silence this warning.
/home/danielpark605/tinyml-venv/lib/python3.12/site-packages/tensorflow/lite/python/convert.py:846: UserWarning: Statistics for quantized inputs were expected, but not specified; continuing anyway.
  warnings.warn(
W0000 00:00:1791181001.196452  597486 tf_tfl_flatbuffer_helpers.cc:364] Ignored output_format.
W0000 00:00:1791181001.196818  597486 tf_tfl_flatbuffer_helpers.cc:367] Ignored drop_control_dependency.
I0000 00:00:1791181001.197261  597486 reader.cc:83] Reading SavedModel from: /tmp/tmp2h87701a
I0000 00:00:1791181001.198518  597486 reader.cc:52] Reading meta graph with tags { serve }
I0000 00:00:1791181001.198867  597486 reader.cc:147] Reading SavedModel debug info (if present) from: /tmp/tmp2h87701a
I0000 00:00:1791181001.206072  597486 loader.cc:236] Restoring SavedModel bundle.
I0000 00:00:1791181001.246181  597486 loader.cc:220] Running initialization op on SavedModel bundle at path: /tmp/tmp2h87701a
I0000 00:00:1791181001.256024  597486 loader.cc:471] SavedModel load for tags { serve }; Status: success: OK. Took 58774 microseconds.
/home/danielpark605/tinyml-venv/lib/python3.12/site-packages/tensorflow/lite/python/interpreter.py:457: UserWarning:     Warning: tf.lite.Interpreter is deprecated and is scheduled for deletion in
    TF 2.20. Please use the LiteRT interpreter from the ai_edge_litert package.
    See the [migration guide](https://ai.google.dev/edge/litert/migration)
    for details.
    
  warnings.warn(_INTERPRETER_DELETION_WARNING)
WARNING:tensorflow:`evaluate()` received a value for `sample_weight`, but `weighted_metrics` were not provided.  Did you mean to pass metrics to `weighted_metrics` in `compile()`?  If this is intentional you can pass `weighted_metrics=[]` to `compile()` in order to silence this warning.
WARNING:tensorflow:`evaluate()` received a value for `sample_weight`, but `weighted_metrics` were not provided.  Did you mean to pass metrics to `weighted_metrics` in `compile()`?  If this is intentional you can pass `weighted_metrics=[]` to `compile()` in order to silence this warning.
WARNING:tensorflow:`evaluate()` received a value for `sample_weight`, but `weighted_metrics` were not provided.  Did you mean to pass metrics to `weighted_metrics` in `compile()`?  If this is intentional you can pass `weighted_metrics=[]` to `compile()` in order to silence this warning.
WARNING:tensorflow:`evaluate()` received a value for `sample_weight`, but `weighted_metrics` were not provided.  Did you mean to pass metrics to `weighted_metrics` in `compile()`?  If this is intentional you can pass `weighted_metrics=[]` to `compile()` in order to silence this warning.
WARNING:tensorflow:`evaluate()` received a value for `sample_weight`, but `weighted_metrics` were not provided.  Did you mean to pass metrics to `weighted_metrics` in `compile()`?  If this is intentional you can pass `weighted_metrics=[]` to `compile()` in order to silence this warning.
WARNING:tensorflow:`evaluate()` received a value for `sample_weight`, but `weighted_metrics` were not provided.  Did you mean to pass metrics to `weighted_metrics` in `compile()`?  If this is intentional you can pass `weighted_metrics=[]` to `compile()` in order to silence this warning.
WARNING:tensorflow:`evaluate()` received a value for `sample_weight`, but `weighted_metrics` were not provided.  Did you mean to pass metrics to `weighted_metrics` in `compile()`?  If this is intentional you can pass `weighted_metrics=[]` to `compile()` in order to silence this warning.
WARNING:tensorflow:`evaluate()` received a value for `sample_weight`, but `weighted_metrics` were not provided.  Did you mean to pass metrics to `weighted_metrics` in `compile()`?  If this is intentional you can pass `weighted_metrics=[]` to `compile()` in order to silence this warning.
WARNING:tensorflow:`evaluate()` received a value for `sample_weight`, but `weighted_metrics` were not provided.  Did you mean to pass metrics to `weighted_metrics` in `compile()`?  If this is intentional you can pass `weighted_metrics=[]` to `compile()` in order to silence this warning.
WARNING:tensorflow:`evaluate()` received a value for `sample_weight`, but `weighted_metrics` were not provided.  Did you mean to pass metrics to `weighted_metrics` in `compile()`?  If this is intentional you can pass `weighted_metrics=[]` to `compile()` in order to silence this warning.
/home/danielpark605/tinyml-venv/lib/python3.12/site-packages/tensorflow/lite/python/convert.py:846: UserWarning: Statistics for quantized inputs were expected, but not specified; continuing anyway.
  warnings.warn(
W0000 00:00:1791181003.908846  597486 tf_tfl_flatbuffer_helpers.cc:364] Ignored output_format.
W0000 00:00:1791181003.909204  597486 tf_tfl_flatbuffer_helpers.cc:367] Ignored drop_control_dependency.
I0000 00:00:1791181003.909763  597486 reader.cc:83] Reading SavedModel from: /tmp/tmpoj2g1t5r
I0000 00:00:1791181003.912025  597486 reader.cc:52] Reading meta graph with tags { serve }
I0000 00:00:1791181003.912385  597486 reader.cc:147] Reading SavedModel debug info (if present) from: /tmp/tmpoj2g1t5r
I0000 00:00:1791181003.924355  597486 loader.cc:236] Restoring SavedModel bundle.
I0000 00:00:1791181003.963843  597486 loader.cc:220] Running initialization op on SavedModel bundle at path: /tmp/tmpoj2g1t5r
I0000 00:00:1791181003.974832  597486 loader.cc:471] SavedModel load for tags { serve }; Status: success: OK. Took 65078 microseconds.
/home/danielpark605/tinyml-venv/lib/python3.12/site-packages/tensorflow/lite/python/interpreter.py:457: UserWarning:     Warning: tf.lite.Interpreter is deprecated and is scheduled for deletion in
    TF 2.20. Please use the LiteRT interpreter from the ai_edge_litert package.
    See the [migration guide](https://ai.google.dev/edge/litert/migration)
    for details.
    
  warnings.warn(_INTERPRETER_DELETION_WARNING)
WARNING:tensorflow:`evaluate()` received a value for `sample_weight`, but `weighted_metrics` were not provided.  Did you mean to pass metrics to `weighted_metrics` in `compile()`?  If this is intentional you can pass `weighted_metrics=[]` to `compile()` in order to silence this warning.
WARNING:tensorflow:`evaluate()` received a value for `sample_weight`, but `weighted_metrics` were not provided.  Did you mean to pass metrics to `weighted_metrics` in `compile()`?  If this is intentional you can pass `weighted_metrics=[]` to `compile()` in order to silence this warning.
WARNING:tensorflow:`evaluate()` received a value for `sample_weight`, but `weighted_metrics` were not provided.  Did you mean to pass metrics to `weighted_metrics` in `compile()`?  If this is intentional you can pass `weighted_metrics=[]` to `compile()` in order to silence this warning.
WARNING:tensorflow:`evaluate()` received a value for `sample_weight`, but `weighted_metrics` were not provided.  Did you mean to pass metrics to `weighted_metrics` in `compile()`?  If this is intentional you can pass `weighted_metrics=[]` to `compile()` in order to silence this warning.
WARNING:tensorflow:`evaluate()` received a value for `sample_weight`, but `weighted_metrics` were not provided.  Did you mean to pass metrics to `weighted_metrics` in `compile()`?  If this is intentional you can pass `weighted_metrics=[]` to `compile()` in order to silence this warning.
WARNING:tensorflow:`evaluate()` received a value for `sample_weight`, but `weighted_metrics` were not provided.  Did you mean to pass metrics to `weighted_metrics` in `compile()`?  If this is intentional you can pass `weighted_metrics=[]` to `compile()` in order to silence this warning.
WARNING:tensorflow:`evaluate()` received a value for `sample_weight`, but `weighted_metrics` were not provided.  Did you mean to pass metrics to `weighted_metrics` in `compile()`?  If this is intentional you can pass `weighted_metrics=[]` to `compile()` in order to silence this warning.
WARNING:tensorflow:`evaluate()` received a value for `sample_weight`, but `weighted_metrics` were not provided.  Did you mean to pass metrics to `weighted_metrics` in `compile()`?  If this is intentional you can pass `weighted_metrics=[]` to `compile()` in order to silence this warning.
WARNING:tensorflow:`evaluate()` received a value for `sample_weight`, but `weighted_metrics` were not provided.  Did you mean to pass metrics to `weighted_metrics` in `compile()`?  If this is intentional you can pass `weighted_metrics=[]` to `compile()` in order to silence this warning.
WARNING:tensorflow:`evaluate()` received a value for `sample_weight`, but `weighted_metrics` were not provided.  Did you mean to pass metrics to `weighted_metrics` in `compile()`?  If this is intentional you can pass `weighted_metrics=[]` to `compile()` in order to silence this warning.
/home/danielpark605/tinyml-venv/lib/python3.12/site-packages/tensorflow/lite/python/convert.py:846: UserWarning: Statistics for quantized inputs were expected, but not specified; continuing anyway.
  warnings.warn(
W0000 00:00:1791181007.032340  597486 tf_tfl_flatbuffer_helpers.cc:364] Ignored output_format.
W0000 00:00:1791181007.032680  597486 tf_tfl_flatbuffer_helpers.cc:367] Ignored drop_control_dependency.
I0000 00:00:1791181007.033059  597486 reader.cc:83] Reading SavedModel from: /tmp/tmpf7_izc4l
I0000 00:00:1791181007.035366  597486 reader.cc:52] Reading meta graph with tags { serve }
I0000 00:00:1791181007.035673  597486 reader.cc:147] Reading SavedModel debug info (if present) from: /tmp/tmpf7_izc4l
I0000 00:00:1791181007.045264  597486 loader.cc:236] Restoring SavedModel bundle.
I0000 00:00:1791181007.087720  597486 loader.cc:220] Running initialization op on SavedModel bundle at path: /tmp/tmpf7_izc4l
I0000 00:00:1791181007.098810  597486 loader.cc:471] SavedModel load for tags { serve }; Status: success: OK. Took 65761 microseconds.
/home/danielpark605/tinyml-venv/lib/python3.12/site-packages/tensorflow/lite/python/interpreter.py:457: UserWarning:     Warning: tf.lite.Interpreter is deprecated and is scheduled for deletion in
    TF 2.20. Please use the LiteRT interpreter from the ai_edge_litert package.
    See the [migration guide](https://ai.google.dev/edge/litert/migration)
    for details.
    
  warnings.warn(_INTERPRETER_DELETION_WARNING)
WARNING:tensorflow:`evaluate()` received a value for `sample_weight`, but `weighted_metrics` were not provided.  Did you mean to pass metrics to `weighted_metrics` in `compile()`?  If this is intentional you can pass `weighted_metrics=[]` to `compile()` in order to silence this warning.
WARNING:tensorflow:`evaluate()` received a value for `sample_weight`, but `weighted_metrics` were not provided.  Did you mean to pass metrics to `weighted_metrics` in `compile()`?  If this is intentional you can pass `weighted_metrics=[]` to `compile()` in order to silence this warning.
WARNING:tensorflow:`evaluate()` received a value for `sample_weight`, but `weighted_metrics` were not provided.  Did you mean to pass metrics to `weighted_metrics` in `compile()`?  If this is intentional you can pass `weighted_metrics=[]` to `compile()` in order to silence this warning.
WARNING:tensorflow:`evaluate()` received a value for `sample_weight`, but `weighted_metrics` were not provided.  Did you mean to pass metrics to `weighted_metrics` in `compile()`?  If this is intentional you can pass `weighted_metrics=[]` to `compile()` in order to silence this warning.
WARNING:tensorflow:`evaluate()` received a value for `sample_weight`, but `weighted_metrics` were not provided.  Did you mean to pass metrics to `weighted_metrics` in `compile()`?  If this is intentional you can pass `weighted_metrics=[]` to `compile()` in order to silence this warning.
WARNING:tensorflow:`evaluate()` received a value for `sample_weight`, but `weighted_metrics` were not provided.  Did you mean to pass metrics to `weighted_metrics` in `compile()`?  If this is intentional you can pass `weighted_metrics=[]` to `compile()` in order to silence this warning.
WARNING:tensorflow:`evaluate()` received a value for `sample_weight`, but `weighted_metrics` were not provided.  Did you mean to pass metrics to `weighted_metrics` in `compile()`?  If this is intentional you can pass `weighted_metrics=[]` to `compile()` in order to silence this warning.
WARNING:tensorflow:`evaluate()` received a value for `sample_weight`, but `weighted_metrics` were not provided.  Did you mean to pass metrics to `weighted_metrics` in `compile()`?  If this is intentional you can pass `weighted_metrics=[]` to `compile()` in order to silence this warning.
WARNING:tensorflow:`evaluate()` received a value for `sample_weight`, but `weighted_metrics` were not provided.  Did you mean to pass metrics to `weighted_metrics` in `compile()`?  If this is intentional you can pass `weighted_metrics=[]` to `compile()` in order to silence this warning.
WARNING:tensorflow:`evaluate()` received a value for `sample_weight`, but `weighted_metrics` were not provided.  Did you mean to pass metrics to `weighted_metrics` in `compile()`?  If this is intentional you can pass `weighted_metrics=[]` to `compile()` in order to silence this warning.
WARNING:tensorflow:`evaluate()` received a value for `sample_weight`, but `weighted_metrics` were not provided.  Did you mean to pass metrics to `weighted_metrics` in `compile()`?  If this is intentional you can pass `weighted_metrics=[]` to `compile()` in order to silence this warning.
WARNING:tensorflow:`evaluate()` received a value for `sample_weight`, but `weighted_metrics` were not provided.  Did you mean to pass metrics to `weighted_metrics` in `compile()`?  If this is intentional you can pass `weighted_metrics=[]` to `compile()` in order to silence this warning.
WARNING:tensorflow:`evaluate()` received a value for `sample_weight`, but `weighted_metrics` were not provided.  Did you mean to pass metrics to `weighted_metrics` in `compile()`?  If this is intentional you can pass `weighted_metrics=[]` to `compile()` in order to silence this warning.
WARNING:tensorflow:`evaluate()` received a value for `sample_weight`, but `weighted_metrics` were not provided.  Did you mean to pass metrics to `weighted_metrics` in `compile()`?  If this is intentional you can pass `weighted_metrics=[]` to `compile()` in order to silence this warning.
WARNING:tensorflow:`evaluate()` received a value for `sample_weight`, but `weighted_metrics` were not provided.  Did you mean to pass metrics to `weighted_metrics` in `compile()`?  If this is intentional you can pass `weighted_metrics=[]` to `compile()` in order to silence this warning.
WARNING:tensorflow:`evaluate()` received a value for `sample_weight`, but `weighted_metrics` were not provided.  Did you mean to pass metrics to `weighted_metrics` in `compile()`?  If this is intentional you can pass `weighted_metrics=[]` to `compile()` in order to silence this warning.
WARNING:tensorflow:`evaluate()` received a value for `sample_weight`, but `weighted_metrics` were not provided.  Did you mean to pass metrics to `weighted_metrics` in `compile()`?  If this is intentional you can pass `weighted_metrics=[]` to `compile()` in order to silence this warning.
WARNING:tensorflow:`evaluate()` received a value for `sample_weight`, but `weighted_metrics` were not provided.  Did you mean to pass metrics to `weighted_metrics` in `compile()`?  If this is intentional you can pass `weighted_metrics=[]` to `compile()` in order to silence this warning.
WARNING:tensorflow:`evaluate()` received a value for `sample_weight`, but `weighted_metrics` were not provided.  Did you mean to pass metrics to `weighted_metrics` in `compile()`?  If this is intentional you can pass `weighted_metrics=[]` to `compile()` in order to silence this warning.
WARNING:tensorflow:`evaluate()` received a value for `sample_weight`, but `weighted_metrics` were not provided.  Did you mean to pass metrics to `weighted_metrics` in `compile()`?  If this is intentional you can pass `weighted_metrics=[]` to `compile()` in order to silence this warning.
WARNING:tensorflow:`evaluate()` received a value for `sample_weight`, but `weighted_metrics` were not provided.  Did you mean to pass metrics to `weighted_metrics` in `compile()`?  If this is intentional you can pass `weighted_metrics=[]` to `compile()` in order to silence this warning.
WARNING:tensorflow:`evaluate()` received a value for `sample_weight`, but `weighted_metrics` were not provided.  Did you mean to pass metrics to `weighted_metrics` in `compile()`?  If this is intentional you can pass `weighted_metrics=[]` to `compile()` in order to silence this warning.
WARNING:tensorflow:`evaluate()` received a value for `sample_weight`, but `weighted_metrics` were not provided.  Did you mean to pass metrics to `weighted_metrics` in `compile()`?  If this is intentional you can pass `weighted_metrics=[]` to `compile()` in order to silence this warning.
WARNING:tensorflow:`evaluate()` received a value for `sample_weight`, but `weighted_metrics` were not provided.  Did you mean to pass metrics to `weighted_metrics` in `compile()`?  If this is intentional you can pass `weighted_metrics=[]` to `compile()` in order to silence this warning.
WARNING:tensorflow:`evaluate()` received a value for `sample_weight`, but `weighted_metrics` were not provided.  Did you mean to pass metrics to `weighted_metrics` in `compile()`?  If this is intentional you can pass `weighted_metrics=[]` to `compile()` in order to silence this warning.
WARNING:tensorflow:`evaluate()` received a value for `sample_weight`, but `weighted_metrics` were not provided.  Did you mean to pass metrics to `weighted_metrics` in `compile()`?  If this is intentional you can pass `weighted_metrics=[]` to `compile()` in order to silence this warning.
WARNING:tensorflow:`evaluate()` received a value for `sample_weight`, but `weighted_metrics` were not provided.  Did you mean to pass metrics to `weighted_metrics` in `compile()`?  If this is intentional you can pass `weighted_metrics=[]` to `compile()` in order to silence this warning.
WARNING:tensorflow:`evaluate()` received a value for `sample_weight`, but `weighted_metrics` were not provided.  Did you mean to pass metrics to `weighted_metrics` in `compile()`?  If this is intentional you can pass `weighted_metrics=[]` to `compile()` in order to silence this warning.
WARNING:tensorflow:`evaluate()` received a value for `sample_weight`, but `weighted_metrics` were not provided.  Did you mean to pass metrics to `weighted_metrics` in `compile()`?  If this is intentional you can pass `weighted_metrics=[]` to `compile()` in order to silence this warning.
WARNING:tensorflow:`evaluate()` received a value for `sample_weight`, but `weighted_metrics` were not provided.  Did you mean to pass metrics to `weighted_metrics` in `compile()`?  If this is intentional you can pass `weighted_metrics=[]` to `compile()` in order to silence this warning.
WARNING:tensorflow:`evaluate()` received a value for `sample_weight`, but `weighted_metrics` were not provided.  Did you mean to pass metrics to `weighted_metrics` in `compile()`?  If this is intentional you can pass `weighted_metrics=[]` to `compile()` in order to silence this warning.
WARNING:tensorflow:`evaluate()` received a value for `sample_weight`, but `weighted_metrics` were not provided.  Did you mean to pass metrics to `weighted_metrics` in `compile()`?  If this is intentional you can pass `weighted_metrics=[]` to `compile()` in order to silence this warning.
WARNING:tensorflow:`evaluate()` received a value for `sample_weight`, but `weighted_metrics` were not provided.  Did you mean to pass metrics to `weighted_metrics` in `compile()`?  If this is intentional you can pass `weighted_metrics=[]` to `compile()` in order to silence this warning.
WARNING:tensorflow:`evaluate()` received a value for `sample_weight`, but `weighted_metrics` were not provided.  Did you mean to pass metrics to `weighted_metrics` in `compile()`?  If this is intentional you can pass `weighted_metrics=[]` to `compile()` in order to silence this warning.
WARNING:tensorflow:`evaluate()` received a value for `sample_weight`, but `weighted_metrics` were not provided.  Did you mean to pass metrics to `weighted_metrics` in `compile()`?  If this is intentional you can pass `weighted_metrics=[]` to `compile()` in order to silence this warning.
WARNING:tensorflow:`evaluate()` received a value for `sample_weight`, but `weighted_metrics` were not provided.  Did you mean to pass metrics to `weighted_metrics` in `compile()`?  If this is intentional you can pass `weighted_metrics=[]` to `compile()` in order to silence this warning.
WARNING:tensorflow:`evaluate()` received a value for `sample_weight`, but `weighted_metrics` were not provided.  Did you mean to pass metrics to `weighted_metrics` in `compile()`?  If this is intentional you can pass `weighted_metrics=[]` to `compile()` in order to silence this warning.
WARNING:tensorflow:`evaluate()` received a value for `sample_weight`, but `weighted_metrics` were not provided.  Did you mean to pass metrics to `weighted_metrics` in `compile()`?  If this is intentional you can pass `weighted_metrics=[]` to `compile()` in order to silence this warning.
WARNING:tensorflow:`evaluate()` received a value for `sample_weight`, but `weighted_metrics` were not provided.  Did you mean to pass metrics to `weighted_metrics` in `compile()`?  If this is intentional you can pass `weighted_metrics=[]` to `compile()` in order to silence this warning.
WARNING:tensorflow:`evaluate()` received a value for `sample_weight`, but `weighted_metrics` were not provided.  Did you mean to pass metrics to `weighted_metrics` in `compile()`?  If this is intentional you can pass `weighted_metrics=[]` to `compile()` in order to silence this warning.
/home/danielpark605/tinyml-venv/lib/python3.12/site-packages/tensorflow/lite/python/convert.py:846: UserWarning: Statistics for quantized inputs were expected, but not specified; continuing anyway.
  warnings.warn(
W0000 00:00:1791181021.341630  597486 tf_tfl_flatbuffer_helpers.cc:364] Ignored output_format.
W0000 00:00:1791181021.341960  597486 tf_tfl_flatbuffer_helpers.cc:367] Ignored drop_control_dependency.
I0000 00:00:1791181021.342406  597486 reader.cc:83] Reading SavedModel from: /tmp/tmpe9cnay49
I0000 00:00:1791181021.344451  597486 reader.cc:52] Reading meta graph with tags { serve }
I0000 00:00:1791181021.344796  597486 reader.cc:147] Reading SavedModel debug info (if present) from: /tmp/tmpe9cnay49
I0000 00:00:1791181021.353007  597486 loader.cc:236] Restoring SavedModel bundle.
I0000 00:00:1791181021.381045  597486 loader.cc:220] Running initialization op on SavedModel bundle at path: /tmp/tmpe9cnay49
I0000 00:00:1791181021.389944  597486 loader.cc:471] SavedModel load for tags { serve }; Status: success: OK. Took 47551 microseconds.
/home/danielpark605/tinyml-venv/lib/python3.12/site-packages/tensorflow/lite/python/interpreter.py:457: UserWarning:     Warning: tf.lite.Interpreter is deprecated and is scheduled for deletion in
    TF 2.20. Please use the LiteRT interpreter from the ai_edge_litert package.
    See the [migration guide](https://ai.google.dev/edge/litert/migration)
    for details.
    
  warnings.warn(_INTERPRETER_DELETION_WARNING)
WARNING:tensorflow:`evaluate()` received a value for `sample_weight`, but `weighted_metrics` were not provided.  Did you mean to pass metrics to `weighted_metrics` in `compile()`?  If this is intentional you can pass `weighted_metrics=[]` to `compile()` in order to silence this warning.
WARNING:tensorflow:`evaluate()` received a value for `sample_weight`, but `weighted_metrics` were not provided.  Did you mean to pass metrics to `weighted_metrics` in `compile()`?  If this is intentional you can pass `weighted_metrics=[]` to `compile()` in order to silence this warning.
WARNING:tensorflow:`evaluate()` received a value for `sample_weight`, but `weighted_metrics` were not provided.  Did you mean to pass metrics to `weighted_metrics` in `compile()`?  If this is intentional you can pass `weighted_metrics=[]` to `compile()` in order to silence this warning.
WARNING:tensorflow:`evaluate()` received a value for `sample_weight`, but `weighted_metrics` were not provided.  Did you mean to pass metrics to `weighted_metrics` in `compile()`?  If this is intentional you can pass `weighted_metrics=[]` to `compile()` in order to silence this warning.
WARNING:tensorflow:`evaluate()` received a value for `sample_weight`, but `weighted_metrics` were not provided.  Did you mean to pass metrics to `weighted_metrics` in `compile()`?  If this is intentional you can pass `weighted_metrics=[]` to `compile()` in order to silence this warning.
WARNING:tensorflow:`evaluate()` received a value for `sample_weight`, but `weighted_metrics` were not provided.  Did you mean to pass metrics to `weighted_metrics` in `compile()`?  If this is intentional you can pass `weighted_metrics=[]` to `compile()` in order to silence this warning.
WARNING:tensorflow:`evaluate()` received a value for `sample_weight`, but `weighted_metrics` were not provided.  Did you mean to pass metrics to `weighted_metrics` in `compile()`?  If this is intentional you can pass `weighted_metrics=[]` to `compile()` in order to silence this warning.
WARNING:tensorflow:`evaluate()` received a value for `sample_weight`, but `weighted_metrics` were not provided.  Did you mean to pass metrics to `weighted_metrics` in `compile()`?  If this is intentional you can pass `weighted_metrics=[]` to `compile()` in order to silence this warning.
WARNING:tensorflow:`evaluate()` received a value for `sample_weight`, but `weighted_metrics` were not provided.  Did you mean to pass metrics to `weighted_metrics` in `compile()`?  If this is intentional you can pass `weighted_metrics=[]` to `compile()` in order to silence this warning.
WARNING:tensorflow:`evaluate()` received a value for `sample_weight`, but `weighted_metrics` were not provided.  Did you mean to pass metrics to `weighted_metrics` in `compile()`?  If this is intentional you can pass `weighted_metrics=[]` to `compile()` in order to silence this warning.
/home/danielpark605/tinyml-venv/lib/python3.12/site-packages/tensorflow/lite/python/convert.py:846: UserWarning: Statistics for quantized inputs were expected, but not specified; continuing anyway.
  warnings.warn(
W0000 00:00:1791181024.241114  597486 tf_tfl_flatbuffer_helpers.cc:364] Ignored output_format.
W0000 00:00:1791181024.241450  597486 tf_tfl_flatbuffer_helpers.cc:367] Ignored drop_control_dependency.
I0000 00:00:1791181024.241882  597486 reader.cc:83] Reading SavedModel from: /tmp/tmp36v1bnd8
I0000 00:00:1791181024.243862  597486 reader.cc:52] Reading meta graph with tags { serve }
I0000 00:00:1791181024.244413  597486 reader.cc:147] Reading SavedModel debug info (if present) from: /tmp/tmp36v1bnd8
I0000 00:00:1791181024.257642  597486 loader.cc:236] Restoring SavedModel bundle.
I0000 00:00:1791181024.296889  597486 loader.cc:220] Running initialization op on SavedModel bundle at path: /tmp/tmp36v1bnd8
I0000 00:00:1791181024.307313  597486 loader.cc:471] SavedModel load for tags { serve }; Status: success: OK. Took 65437 microseconds.
/home/danielpark605/tinyml-venv/lib/python3.12/site-packages/tensorflow/lite/python/interpreter.py:457: UserWarning:     Warning: tf.lite.Interpreter is deprecated and is scheduled for deletion in
    TF 2.20. Please use the LiteRT interpreter from the ai_edge_litert package.
    See the [migration guide](https://ai.google.dev/edge/litert/migration)
    for details.
    
  warnings.warn(_INTERPRETER_DELETION_WARNING)
WARNING:tensorflow:`evaluate()` received a value for `sample_weight`, but `weighted_metrics` were not provided.  Did you mean to pass metrics to `weighted_metrics` in `compile()`?  If this is intentional you can pass `weighted_metrics=[]` to `compile()` in order to silence this warning.
WARNING:tensorflow:`evaluate()` received a value for `sample_weight`, but `weighted_metrics` were not provided.  Did you mean to pass metrics to `weighted_metrics` in `compile()`?  If this is intentional you can pass `weighted_metrics=[]` to `compile()` in order to silence this warning.
WARNING:tensorflow:`evaluate()` received a value for `sample_weight`, but `weighted_metrics` were not provided.  Did you mean to pass metrics to `weighted_metrics` in `compile()`?  If this is intentional you can pass `weighted_metrics=[]` to `compile()` in order to silence this warning.
WARNING:tensorflow:`evaluate()` received a value for `sample_weight`, but `weighted_metrics` were not provided.  Did you mean to pass metrics to `weighted_metrics` in `compile()`?  If this is intentional you can pass `weighted_metrics=[]` to `compile()` in order to silence this warning.
WARNING:tensorflow:`evaluate()` received a value for `sample_weight`, but `weighted_metrics` were not provided.  Did you mean to pass metrics to `weighted_metrics` in `compile()`?  If this is intentional you can pass `weighted_metrics=[]` to `compile()` in order to silence this warning.
WARNING:tensorflow:`evaluate()` received a value for `sample_weight`, but `weighted_metrics` were not provided.  Did you mean to pass metrics to `weighted_metrics` in `compile()`?  If this is intentional you can pass `weighted_metrics=[]` to `compile()` in order to silence this warning.
WARNING:tensorflow:`evaluate()` received a value for `sample_weight`, but `weighted_metrics` were not provided.  Did you mean to pass metrics to `weighted_metrics` in `compile()`?  If this is intentional you can pass `weighted_metrics=[]` to `compile()` in order to silence this warning.
WARNING:tensorflow:`evaluate()` received a value for `sample_weight`, but `weighted_metrics` were not provided.  Did you mean to pass metrics to `weighted_metrics` in `compile()`?  If this is intentional you can pass `weighted_metrics=[]` to `compile()` in order to silence this warning.
WARNING:tensorflow:`evaluate()` received a value for `sample_weight`, but `weighted_metrics` were not provided.  Did you mean to pass metrics to `weighted_metrics` in `compile()`?  If this is intentional you can pass `weighted_metrics=[]` to `compile()` in order to silence this warning.
WARNING:tensorflow:`evaluate()` received a value for `sample_weight`, but `weighted_metrics` were not provided.  Did you mean to pass metrics to `weighted_metrics` in `compile()`?  If this is intentional you can pass `weighted_metrics=[]` to `compile()` in order to silence this warning.
/home/danielpark605/tinyml-venv/lib/python3.12/site-packages/tensorflow/lite/python/convert.py:846: UserWarning: Statistics for quantized inputs were expected, but not specified; continuing anyway.
  warnings.warn(
W0000 00:00:1791181026.091321  597486 tf_tfl_flatbuffer_helpers.cc:364] Ignored output_format.
W0000 00:00:1791181026.091689  597486 tf_tfl_flatbuffer_helpers.cc:367] Ignored drop_control_dependency.
I0000 00:00:1791181026.092193  597486 reader.cc:83] Reading SavedModel from: /tmp/tmpg04nbl5x
I0000 00:00:1791181026.094484  597486 reader.cc:52] Reading meta graph with tags { serve }
I0000 00:00:1791181026.094866  597486 reader.cc:147] Reading SavedModel debug info (if present) from: /tmp/tmpg04nbl5x
I0000 00:00:1791181026.106508  597486 loader.cc:236] Restoring SavedModel bundle.
I0000 00:00:1791181026.161635  597486 loader.cc:220] Running initialization op on SavedModel bundle at path: /tmp/tmpg04nbl5x
I0000 00:00:1791181026.175929  597486 loader.cc:471] SavedModel load for tags { serve }; Status: success: OK. Took 83749 microseconds.
/home/danielpark605/tinyml-venv/lib/python3.12/site-packages/tensorflow/lite/python/interpreter.py:457: UserWarning:     Warning: tf.lite.Interpreter is deprecated and is scheduled for deletion in
    TF 2.20. Please use the LiteRT interpreter from the ai_edge_litert package.
    See the [migration guide](https://ai.google.dev/edge/litert/migration)
    for details.
    
  warnings.warn(_INTERPRETER_DELETION_WARNING)
WARNING:tensorflow:`evaluate()` received a value for `sample_weight`, but `weighted_metrics` were not provided.  Did you mean to pass metrics to `weighted_metrics` in `compile()`?  If this is intentional you can pass `weighted_metrics=[]` to `compile()` in order to silence this warning.
WARNING:tensorflow:`evaluate()` received a value for `sample_weight`, but `weighted_metrics` were not provided.  Did you mean to pass metrics to `weighted_metrics` in `compile()`?  If this is intentional you can pass `weighted_metrics=[]` to `compile()` in order to silence this warning.
WARNING:tensorflow:`evaluate()` received a value for `sample_weight`, but `weighted_metrics` were not provided.  Did you mean to pass metrics to `weighted_metrics` in `compile()`?  If this is intentional you can pass `weighted_metrics=[]` to `compile()` in order to silence this warning.
WARNING:tensorflow:`evaluate()` received a value for `sample_weight`, but `weighted_metrics` were not provided.  Did you mean to pass metrics to `weighted_metrics` in `compile()`?  If this is intentional you can pass `weighted_metrics=[]` to `compile()` in order to silence this warning.
WARNING:tensorflow:`evaluate()` received a value for `sample_weight`, but `weighted_metrics` were not provided.  Did you mean to pass metrics to `weighted_metrics` in `compile()`?  If this is intentional you can pass `weighted_metrics=[]` to `compile()` in order to silence this warning.
WARNING:tensorflow:`evaluate()` received a value for `sample_weight`, but `weighted_metrics` were not provided.  Did you mean to pass metrics to `weighted_metrics` in `compile()`?  If this is intentional you can pass `weighted_metrics=[]` to `compile()` in order to silence this warning.
WARNING:tensorflow:`evaluate()` received a value for `sample_weight`, but `weighted_metrics` were not provided.  Did you mean to pass metrics to `weighted_metrics` in `compile()`?  If this is intentional you can pass `weighted_metrics=[]` to `compile()` in order to silence this warning.
WARNING:tensorflow:`evaluate()` received a value for `sample_weight`, but `weighted_metrics` were not provided.  Did you mean to pass metrics to `weighted_metrics` in `compile()`?  If this is intentional you can pass `weighted_metrics=[]` to `compile()` in order to silence this warning.
WARNING:tensorflow:`evaluate()` received a value for `sample_weight`, but `weighted_metrics` were not provided.  Did you mean to pass metrics to `weighted_metrics` in `compile()`?  If this is intentional you can pass `weighted_metrics=[]` to `compile()` in order to silence this warning.
WARNING:tensorflow:`evaluate()` received a value for `sample_weight`, but `weighted_metrics` were not provided.  Did you mean to pass metrics to `weighted_metrics` in `compile()`?  If this is intentional you can pass `weighted_metrics=[]` to `compile()` in order to silence this warning.
/home/danielpark605/tinyml-venv/lib/python3.12/site-packages/tensorflow/lite/python/convert.py:846: UserWarning: Statistics for quantized inputs were expected, but not specified; continuing anyway.
  warnings.warn(
W0000 00:00:1791181028.865847  597486 tf_tfl_flatbuffer_helpers.cc:364] Ignored output_format.
W0000 00:00:1791181028.866244  597486 tf_tfl_flatbuffer_helpers.cc:367] Ignored drop_control_dependency.
I0000 00:00:1791181028.866656  597486 reader.cc:83] Reading SavedModel from: /tmp/tmpbto6ao82
I0000 00:00:1791181028.868722  597486 reader.cc:52] Reading meta graph with tags { serve }
I0000 00:00:1791181028.869071  597486 reader.cc:147] Reading SavedModel debug info (if present) from: /tmp/tmpbto6ao82
I0000 00:00:1791181028.878961  597486 loader.cc:236] Restoring SavedModel bundle.
I0000 00:00:1791181028.919402  597486 loader.cc:220] Running initialization op on SavedModel bundle at path: /tmp/tmpbto6ao82
I0000 00:00:1791181028.929693  597486 loader.cc:471] SavedModel load for tags { serve }; Status: success: OK. Took 63047 microseconds.
/home/danielpark605/tinyml-venv/lib/python3.12/site-packages/tensorflow/lite/python/interpreter.py:457: UserWarning:     Warning: tf.lite.Interpreter is deprecated and is scheduled for deletion in
    TF 2.20. Please use the LiteRT interpreter from the ai_edge_litert package.
    See the [migration guide](https://ai.google.dev/edge/litert/migration)
    for details.
    
  warnings.warn(_INTERPRETER_DELETION_WARNING)
[load_ton_iot] files: ['train_test_network.csv']
[load_ton_iot] rows: 211,043, columns: 44
[load_ton_iot] dropped identifiers: ['src_ip', 'dst_ip', 'src_port']
[load_ton_iot] label-encoded: ['proto', 'service', 'conn_state', 'dns_AA', 'dns_RD', 'dns_RA', 'dns_rejected', 'ssl_version', 'ssl_cipher', 'ssl_resumed', 'ssl_established', 'ssl_subject', 'ssl_issuer', 'http_method', 'http_user_agent', 'http_orig_mime_types', 'http_resp_mime_types', 'weird_name', 'weird_notice']
[load_ton_iot] dropped high-cardinality text: ['dns_query', 'http_uri']
[load_ton_iot] features (37): ['dst_port', 'proto', 'service', 'duration', 'src_bytes', 'dst_bytes', 'conn_state', 'missed_bytes', 'src_pkts', 'src_ip_bytes', 'dst_pkts', 'dst_ip_bytes', 'dns_qclass', 'dns_qtype', 'dns_rcode', 'dns_AA', 'dns_RD', 'dns_RA', 'dns_rejected', 'ssl_version', 'ssl_cipher', 'ssl_resumed', 'ssl_established', 'ssl_subject', 'ssl_issuer', 'http_trans_depth', 'http_method', 'http_version', 'http_request_body_len', 'http_response_body_len', 'http_status_code', 'http_user_agent', 'http_orig_mime_types', 'http_resp_mime_types', 'weird_name', 'weird_addl', 'weird_notice']
[load_ton_iot] Removed 105,867 duplicates (105,176 unique); normal=24,106, attack=81,070
[load_ton_iot] StandardScaler applied (fit on train).
[load_ton_iot] SMOTE applied: train -> 129,710 (0=64,855, 1=64,855)
[load_ton_iot] Features: 37, Train: 129,710, Test: 21,036
   [QAT Strip] Input model type: Sequential
   [QAT Strip] Input model class: tf_keras.src.engine.sequential.Sequential
   [QAT Strip] Creating TF.Keras Functional model with input shape: (37,)
   [QAT Strip] TF_USE_LEGACY_KERAS=1
   [QAT Strip] 4 Dense layers after BatchNorm folding
   [QAT Strip] Created model type: Functional
   [QAT Strip] Model class: tf_keras.src.engine.functional.Functional
   [QAT Strip] Total layers: 5
   [QAT Strip] Is tensorflow.keras model: False
   [QAT Strip] WARNING: Model is not tensorflow.keras! QAT may fail.
  [ton_near_iid d0] fp32_federated fixed 0.3: t=0.3000 fn=61 far=0.0276 | val recall>=0.999: t=0.0212 fn=2 far=0.9676
   [QAT Strip] Input model type: Functional
   [QAT Strip] Input model class: tf_keras.src.engine.functional.Functional
   [QAT Strip] Creating TF.Keras Functional model with input shape: (37,)
   [QAT Strip] TF_USE_LEGACY_KERAS=1
   [QAT Strip] 4 Dense layers after BatchNorm folding
   [QAT Strip] Created model type: Functional
   [QAT Strip] Model class: tf_keras.src.engine.functional.Functional
   [QAT Strip] Total layers: 5
   [QAT Strip] Is tensorflow.keras model: False
   [QAT Strip] WARNING: Model is not tensorflow.keras! QAT may fail.
✅ Saved (QAT): data/processed/revision/2026-10-05_r_recall_priority_ton/recall_priority/ton_near_iid/hard_d0.tflite (55.18 KB)
   Quantization: 10/16 tensors (62.5%)
   Input: <class 'numpy.float32'>, Output: <class 'numpy.float32'>
  [ton_near_iid d0] hard         fixed 0.3: t=0.3000 fn=233 far=0.0332 | val recall>=0.999: t=0.0117 fn=7 far=0.5432
   [QAT Strip] Input model type: Functional
   [QAT Strip] Input model class: tf_keras.src.engine.functional.Functional
   [QAT Strip] Creating TF.Keras Functional model with input shape: (37,)
   [QAT Strip] TF_USE_LEGACY_KERAS=1
   [QAT Strip] 4 Dense layers after BatchNorm folding
   [QAT Strip] Created model type: Functional
   [QAT Strip] Model class: tf_keras.src.engine.functional.Functional
   [QAT Strip] Total layers: 5
   [QAT Strip] Is tensorflow.keras model: False
   [QAT Strip] WARNING: Model is not tensorflow.keras! QAT may fail.
✅ Saved (QAT): data/processed/revision/2026-10-05_r_recall_priority_ton/recall_priority/ton_near_iid/clipqat_d0.tflite (55.19 KB)
   Quantization: 10/16 tensors (62.5%)
   Input: <class 'numpy.float32'>, Output: <class 'numpy.float32'>
  [ton_near_iid d0] clipqat      fixed 0.3: t=0.3000 fn=81 far=0.0228 | val recall>=0.999: t=0.0195 fn=22 far=0.0734
   [QAT Strip] Input model type: Functional
   [QAT Strip] Input model class: tf_keras.src.engine.functional.Functional
   [QAT Strip] Creating TF.Keras Functional model with input shape: (37,)
   [QAT Strip] TF_USE_LEGACY_KERAS=1
   [QAT Strip] 4 Dense layers after BatchNorm folding
   [QAT Strip] Created model type: Functional
   [QAT Strip] Model class: tf_keras.src.engine.functional.Functional
   [QAT Strip] Total layers: 5
   [QAT Strip] Is tensorflow.keras model: False
   [QAT Strip] WARNING: Model is not tensorflow.keras! QAT may fail.
✅ Saved (QAT): data/processed/revision/2026-10-05_r_recall_priority_ton/recall_priority/ton_near_iid/kdclip_d0.tflite (55.19 KB)
   Quantization: 10/16 tensors (62.5%)
   Input: <class 'numpy.float32'>, Output: <class 'numpy.float32'>
  [ton_near_iid d0] kdclip       fixed 0.3: t=0.3000 fn=74 far=0.0257 | val recall>=0.999: t=0.2148 fn=19 far=0.0606
   [QAT Strip] Input model type: Functional
   [QAT Strip] Input model class: tf_keras.src.engine.functional.Functional
   [QAT Strip] Creating TF.Keras Functional model with input shape: (37,)
   [QAT Strip] TF_USE_LEGACY_KERAS=1
   [QAT Strip] 4 Dense layers after BatchNorm folding
   [QAT Strip] Created model type: Functional
   [QAT Strip] Model class: tf_keras.src.engine.functional.Functional
   [QAT Strip] Total layers: 5
   [QAT Strip] Is tensorflow.keras model: False
   [QAT Strip] WARNING: Model is not tensorflow.keras! QAT may fail.
✅ Saved (QAT): data/processed/revision/2026-10-05_r_recall_priority_ton/recall_priority/ton_near_iid/kdclip_fed_d0.tflite (55.19 KB)
   Quantization: 10/16 tensors (62.5%)
   Input: <class 'numpy.float32'>, Output: <class 'numpy.float32'>
  [ton_near_iid d0] kdclip_fed   fixed 0.3: t=0.3000 fn=78 far=0.0234 | val recall>=0.999: t=0.1875 fn=19 far=0.0734
   [QAT Strip] Input model type: Functional
   [QAT Strip] Input model class: tf_keras.src.engine.functional.Functional
   [QAT Strip] Creating TF.Keras Functional model with input shape: (37,)
   [QAT Strip] TF_USE_LEGACY_KERAS=1
   [QAT Strip] 4 Dense layers after BatchNorm folding
   [QAT Strip] Created model type: Functional
   [QAT Strip] Model class: tf_keras.src.engine.functional.Functional
   [QAT Strip] Total layers: 5
   [QAT Strip] Is tensorflow.keras model: False
   [QAT Strip] WARNING: Model is not tensorflow.keras! QAT may fail.
✅ Saved (QAT): data/processed/revision/2026-10-05_r_recall_priority_ton/recall_priority/ton_near_iid/kdclip_p30_d0.tflite (97.74 KB)
   Quantization: 10/16 tensors (62.5%)
   Input: <class 'numpy.float32'>, Output: <class 'numpy.float32'>
  [ton_near_iid d0] kdclip_p30   fixed 0.3: t=0.3000 fn=76 far=0.0228 | val recall>=0.999: t=0.2070 fn=19 far=0.0593
   [QAT Strip] Input model type: Functional
   [QAT Strip] Input model class: tf_keras.src.engine.functional.Functional
   [QAT Strip] Creating TF.Keras Functional model with input shape: (37,)
   [QAT Strip] TF_USE_LEGACY_KERAS=1
   [QAT Strip] 4 Dense layers after BatchNorm folding
   [QAT Strip] Created model type: Functional
   [QAT Strip] Model class: tf_keras.src.engine.functional.Functional
   [QAT Strip] Total layers: 5
   [QAT Strip] Is tensorflow.keras model: False
   [QAT Strip] WARNING: Model is not tensorflow.keras! QAT may fail.
✅ Saved (QAT): data/processed/revision/2026-10-05_r_recall_priority_ton/recall_priority/ton_near_iid/hard_d1.tflite (55.19 KB)
   Quantization: 10/16 tensors (62.5%)
   Input: <class 'numpy.float32'>, Output: <class 'numpy.float32'>
  [ton_near_iid d1] hard         fixed 0.3: t=0.3000 fn=83 far=0.0261 | val recall>=0.999: t=0.0938 fn=29 far=0.0506
   [QAT Strip] Input model type: Functional
   [QAT Strip] Input model class: tf_keras.src.engine.functional.Functional
   [QAT Strip] Creating TF.Keras Functional model with input shape: (37,)
   [QAT Strip] TF_USE_LEGACY_KERAS=1
   [QAT Strip] 4 Dense layers after BatchNorm folding
   [QAT Strip] Created model type: Functional
   [QAT Strip] Model class: tf_keras.src.engine.functional.Functional
   [QAT Strip] Total layers: 5
   [QAT Strip] Is tensorflow.keras model: False
   [QAT Strip] WARNING: Model is not tensorflow.keras! QAT may fail.
✅ Saved (QAT): data/processed/revision/2026-10-05_r_recall_priority_ton/recall_priority/ton_near_iid/clipqat_d1.tflite (55.19 KB)
   Quantization: 10/16 tensors (62.5%)WARNING:tensorflow:`evaluate()` received a value for `sample_weight`, but `weighted_metrics` were not provided.  Did you mean to pass metrics to `weighted_metrics` in `compile()`?  If this is intentional you can pass `weighted_metrics=[]` to `compile()` in order to silence this warning.
WARNING:tensorflow:`evaluate()` received a value for `sample_weight`, but `weighted_metrics` were not provided.  Did you mean to pass metrics to `weighted_metrics` in `compile()`?  If this is intentional you can pass `weighted_metrics=[]` to `compile()` in order to silence this warning.
WARNING:tensorflow:`evaluate()` received a value for `sample_weight`, but `weighted_metrics` were not provided.  Did you mean to pass metrics to `weighted_metrics` in `compile()`?  If this is intentional you can pass `weighted_metrics=[]` to `compile()` in order to silence this warning.
WARNING:tensorflow:`evaluate()` received a value for `sample_weight`, but `weighted_metrics` were not provided.  Did you mean to pass metrics to `weighted_metrics` in `compile()`?  If this is intentional you can pass `weighted_metrics=[]` to `compile()` in order to silence this warning.
WARNING:tensorflow:`evaluate()` received a value for `sample_weight`, but `weighted_metrics` were not provided.  Did you mean to pass metrics to `weighted_metrics` in `compile()`?  If this is intentional you can pass `weighted_metrics=[]` to `compile()` in order to silence this warning.
WARNING:tensorflow:`evaluate()` received a value for `sample_weight`, but `weighted_metrics` were not provided.  Did you mean to pass metrics to `weighted_metrics` in `compile()`?  If this is intentional you can pass `weighted_metrics=[]` to `compile()` in order to silence this warning.
WARNING:tensorflow:`evaluate()` received a value for `sample_weight`, but `weighted_metrics` were not provided.  Did you mean to pass metrics to `weighted_metrics` in `compile()`?  If this is intentional you can pass `weighted_metrics=[]` to `compile()` in order to silence this warning.
WARNING:tensorflow:`evaluate()` received a value for `sample_weight`, but `weighted_metrics` were not provided.  Did you mean to pass metrics to `weighted_metrics` in `compile()`?  If this is intentional you can pass `weighted_metrics=[]` to `compile()` in order to silence this warning.
WARNING:tensorflow:`evaluate()` received a value for `sample_weight`, but `weighted_metrics` were not provided.  Did you mean to pass metrics to `weighted_metrics` in `compile()`?  If this is intentional you can pass `weighted_metrics=[]` to `compile()` in order to silence this warning.
WARNING:tensorflow:`evaluate()` received a value for `sample_weight`, but `weighted_metrics` were not provided.  Did you mean to pass metrics to `weighted_metrics` in `compile()`?  If this is intentional you can pass `weighted_metrics=[]` to `compile()` in order to silence this warning.
/home/danielpark605/tinyml-venv/lib/python3.12/site-packages/tensorflow/lite/python/convert.py:846: UserWarning: Statistics for quantized inputs were expected, but not specified; continuing anyway.
  warnings.warn(
W0000 00:00:1791181031.601949  597486 tf_tfl_flatbuffer_helpers.cc:364] Ignored output_format.
W0000 00:00:1791181031.602292  597486 tf_tfl_flatbuffer_helpers.cc:367] Ignored drop_control_dependency.
I0000 00:00:1791181031.602775  597486 reader.cc:83] Reading SavedModel from: /tmp/tmppn2uut5h
I0000 00:00:1791181031.604625  597486 reader.cc:52] Reading meta graph with tags { serve }
I0000 00:00:1791181031.604922  597486 reader.cc:147] Reading SavedModel debug info (if present) from: /tmp/tmppn2uut5h
I0000 00:00:1791181031.618914  597486 loader.cc:236] Restoring SavedModel bundle.
I0000 00:00:1791181031.658039  597486 loader.cc:220] Running initialization op on SavedModel bundle at path: /tmp/tmppn2uut5h
I0000 00:00:1791181031.668194  597486 loader.cc:471] SavedModel load for tags { serve }; Status: success: OK. Took 65428 microseconds.
/home/danielpark605/tinyml-venv/lib/python3.12/site-packages/tensorflow/lite/python/interpreter.py:457: UserWarning:     Warning: tf.lite.Interpreter is deprecated and is scheduled for deletion in
    TF 2.20. Please use the LiteRT interpreter from the ai_edge_litert package.
    See the [migration guide](https://ai.google.dev/edge/litert/migration)
    for details.
    
  warnings.warn(_INTERPRETER_DELETION_WARNING)
WARNING:tensorflow:`evaluate()` received a value for `sample_weight`, but `weighted_metrics` were not provided.  Did you mean to pass metrics to `weighted_metrics` in `compile()`?  If this is intentional you can pass `weighted_metrics=[]` to `compile()` in order to silence this warning.
WARNING:tensorflow:`evaluate()` received a value for `sample_weight`, but `weighted_metrics` were not provided.  Did you mean to pass metrics to `weighted_metrics` in `compile()`?  If this is intentional you can pass `weighted_metrics=[]` to `compile()` in order to silence this warning.
WARNING:tensorflow:`evaluate()` received a value for `sample_weight`, but `weighted_metrics` were not provided.  Did you mean to pass metrics to `weighted_metrics` in `compile()`?  If this is intentional you can pass `weighted_metrics=[]` to `compile()` in order to silence this warning.
WARNING:tensorflow:`evaluate()` received a value for `sample_weight`, but `weighted_metrics` were not provided.  Did you mean to pass metrics to `weighted_metrics` in `compile()`?  If this is intentional you can pass `weighted_metrics=[]` to `compile()` in order to silence this warning.
WARNING:tensorflow:`evaluate()` received a value for `sample_weight`, but `weighted_metrics` were not provided.  Did you mean to pass metrics to `weighted_metrics` in `compile()`?  If this is intentional you can pass `weighted_metrics=[]` to `compile()` in order to silence this warning.
WARNING:tensorflow:`evaluate()` received a value for `sample_weight`, but `weighted_metrics` were not provided.  Did you mean to pass metrics to `weighted_metrics` in `compile()`?  If this is intentional you can pass `weighted_metrics=[]` to `compile()` in order to silence this warning.
WARNING:tensorflow:`evaluate()` received a value for `sample_weight`, but `weighted_metrics` were not provided.  Did you mean to pass metrics to `weighted_metrics` in `compile()`?  If this is intentional you can pass `weighted_metrics=[]` to `compile()` in order to silence this warning.
WARNING:tensorflow:`evaluate()` received a value for `sample_weight`, but `weighted_metrics` were not provided.  Did you mean to pass metrics to `weighted_metrics` in `compile()`?  If this is intentional you can pass `weighted_metrics=[]` to `compile()` in order to silence this warning.
WARNING:tensorflow:`evaluate()` received a value for `sample_weight`, but `weighted_metrics` were not provided.  Did you mean to pass metrics to `weighted_metrics` in `compile()`?  If this is intentional you can pass `weighted_metrics=[]` to `compile()` in order to silence this warning.
WARNING:tensorflow:`evaluate()` received a value for `sample_weight`, but `weighted_metrics` were not provided.  Did you mean to pass metrics to `weighted_metrics` in `compile()`?  If this is intentional you can pass `weighted_metrics=[]` to `compile()` in order to silence this warning.
WARNING:tensorflow:`evaluate()` received a value for `sample_weight`, but `weighted_metrics` were not provided.  Did you mean to pass metrics to `weighted_metrics` in `compile()`?  If this is intentional you can pass `weighted_metrics=[]` to `compile()` in order to silence this warning.
WARNING:tensorflow:`evaluate()` received a value for `sample_weight`, but `weighted_metrics` were not provided.  Did you mean to pass metrics to `weighted_metrics` in `compile()`?  If this is intentional you can pass `weighted_metrics=[]` to `compile()` in order to silence this warning.
WARNING:tensorflow:`evaluate()` received a value for `sample_weight`, but `weighted_metrics` were not provided.  Did you mean to pass metrics to `weighted_metrics` in `compile()`?  If this is intentional you can pass `weighted_metrics=[]` to `compile()` in order to silence this warning.
WARNING:tensorflow:`evaluate()` received a value for `sample_weight`, but `weighted_metrics` were not provided.  Did you mean to pass metrics to `weighted_metrics` in `compile()`?  If this is intentional you can pass `weighted_metrics=[]` to `compile()` in order to silence this warning.
WARNING:tensorflow:`evaluate()` received a value for `sample_weight`, but `weighted_metrics` were not provided.  Did you mean to pass metrics to `weighted_metrics` in `compile()`?  If this is intentional you can pass `weighted_metrics=[]` to `compile()` in order to silence this warning.
WARNING:tensorflow:`evaluate()` received a value for `sample_weight`, but `weighted_metrics` were not provided.  Did you mean to pass metrics to `weighted_metrics` in `compile()`?  If this is intentional you can pass `weighted_metrics=[]` to `compile()` in order to silence this warning.
WARNING:tensorflow:`evaluate()` received a value for `sample_weight`, but `weighted_metrics` were not provided.  Did you mean to pass metrics to `weighted_metrics` in `compile()`?  If this is intentional you can pass `weighted_metrics=[]` to `compile()` in order to silence this warning.
WARNING:tensorflow:`evaluate()` received a value for `sample_weight`, but `weighted_metrics` were not provided.  Did you mean to pass metrics to `weighted_metrics` in `compile()`?  If this is intentional you can pass `weighted_metrics=[]` to `compile()` in order to silence this warning.
WARNING:tensorflow:`evaluate()` received a value for `sample_weight`, but `weighted_metrics` were not provided.  Did you mean to pass metrics to `weighted_metrics` in `compile()`?  If this is intentional you can pass `weighted_metrics=[]` to `compile()` in order to silence this warning.
WARNING:tensorflow:`evaluate()` received a value for `sample_weight`, but `weighted_metrics` were not provided.  Did you mean to pass metrics to `weighted_metrics` in `compile()`?  If this is intentional you can pass `weighted_metrics=[]` to `compile()` in order to silence this warning.
WARNING:tensorflow:`evaluate()` received a value for `sample_weight`, but `weighted_metrics` were not provided.  Did you mean to pass metrics to `weighted_metrics` in `compile()`?  If this is intentional you can pass `weighted_metrics=[]` to `compile()` in order to silence this warning.
WARNING:tensorflow:`evaluate()` received a value for `sample_weight`, but `weighted_metrics` were not provided.  Did you mean to pass metrics to `weighted_metrics` in `compile()`?  If this is intentional you can pass `weighted_metrics=[]` to `compile()` in order to silence this warning.
WARNING:tensorflow:`evaluate()` received a value for `sample_weight`, but `weighted_metrics` were not provided.  Did you mean to pass metrics to `weighted_metrics` in `compile()`?  If this is intentional you can pass `weighted_metrics=[]` to `compile()` in order to silence this warning.
WARNING:tensorflow:`evaluate()` received a value for `sample_weight`, but `weighted_metrics` were not provided.  Did you mean to pass metrics to `weighted_metrics` in `compile()`?  If this is intentional you can pass `weighted_metrics=[]` to `compile()` in order to silence this warning.
WARNING:tensorflow:`evaluate()` received a value for `sample_weight`, but `weighted_metrics` were not provided.  Did you mean to pass metrics to `weighted_metrics` in `compile()`?  If this is intentional you can pass `weighted_metrics=[]` to `compile()` in order to silence this warning.
WARNING:tensorflow:`evaluate()` received a value for `sample_weight`, but `weighted_metrics` were not provided.  Did you mean to pass metrics to `weighted_metrics` in `compile()`?  If this is intentional you can pass `weighted_metrics=[]` to `compile()` in order to silence this warning.
WARNING:tensorflow:`evaluate()` received a value for `sample_weight`, but `weighted_metrics` were not provided.  Did you mean to pass metrics to `weighted_metrics` in `compile()`?  If this is intentional you can pass `weighted_metrics=[]` to `compile()` in order to silence this warning.
WARNING:tensorflow:`evaluate()` received a value for `sample_weight`, but `weighted_metrics` were not provided.  Did you mean to pass metrics to `weighted_metrics` in `compile()`?  If this is intentional you can pass `weighted_metrics=[]` to `compile()` in order to silence this warning.
WARNING:tensorflow:`evaluate()` received a value for `sample_weight`, but `weighted_metrics` were not provided.  Did you mean to pass metrics to `weighted_metrics` in `compile()`?  If this is intentional you can pass `weighted_metrics=[]` to `compile()` in order to silence this warning.
WARNING:tensorflow:`evaluate()` received a value for `sample_weight`, but `weighted_metrics` were not provided.  Did you mean to pass metrics to `weighted_metrics` in `compile()`?  If this is intentional you can pass `weighted_metrics=[]` to `compile()` in order to silence this warning.
WARNING:tensorflow:`evaluate()` received a value for `sample_weight`, but `weighted_metrics` were not provided.  Did you mean to pass metrics to `weighted_metrics` in `compile()`?  If this is intentional you can pass `weighted_metrics=[]` to `compile()` in order to silence this warning.
WARNING:tensorflow:`evaluate()` received a value for `sample_weight`, but `weighted_metrics` were not provided.  Did you mean to pass metrics to `weighted_metrics` in `compile()`?  If this is intentional you can pass `weighted_metrics=[]` to `compile()` in order to silence this warning.
WARNING:tensorflow:`evaluate()` received a value for `sample_weight`, but `weighted_metrics` were not provided.  Did you mean to pass metrics to `weighted_metrics` in `compile()`?  If this is intentional you can pass `weighted_metrics=[]` to `compile()` in order to silence this warning.
WARNING:tensorflow:`evaluate()` received a value for `sample_weight`, but `weighted_metrics` were not provided.  Did you mean to pass metrics to `weighted_metrics` in `compile()`?  If this is intentional you can pass `weighted_metrics=[]` to `compile()` in order to silence this warning.
WARNING:tensorflow:`evaluate()` received a value for `sample_weight`, but `weighted_metrics` were not provided.  Did you mean to pass metrics to `weighted_metrics` in `compile()`?  If this is intentional you can pass `weighted_metrics=[]` to `compile()` in order to silence this warning.
WARNING:tensorflow:`evaluate()` received a value for `sample_weight`, but `weighted_metrics` were not provided.  Did you mean to pass metrics to `weighted_metrics` in `compile()`?  If this is intentional you can pass `weighted_metrics=[]` to `compile()` in order to silence this warning.
WARNING:tensorflow:`evaluate()` received a value for `sample_weight`, but `weighted_metrics` were not provided.  Did you mean to pass metrics to `weighted_metrics` in `compile()`?  If this is intentional you can pass `weighted_metrics=[]` to `compile()` in order to silence this warning.
WARNING:tensorflow:`evaluate()` received a value for `sample_weight`, but `weighted_metrics` were not provided.  Did you mean to pass metrics to `weighted_metrics` in `compile()`?  If this is intentional you can pass `weighted_metrics=[]` to `compile()` in order to silence this warning.
WARNING:tensorflow:`evaluate()` received a value for `sample_weight`, but `weighted_metrics` were not provided.  Did you mean to pass metrics to `weighted_metrics` in `compile()`?  If this is intentional you can pass `weighted_metrics=[]` to `compile()` in order to silence this warning.
WARNING:tensorflow:`evaluate()` received a value for `sample_weight`, but `weighted_metrics` were not provided.  Did you mean to pass metrics to `weighted_metrics` in `compile()`?  If this is intentional you can pass `weighted_metrics=[]` to `compile()` in order to silence this warning.
/home/danielpark605/tinyml-venv/lib/python3.12/site-packages/tensorflow/lite/python/convert.py:846: UserWarning: Statistics for quantized inputs were expected, but not specified; continuing anyway.
  warnings.warn(
W0000 00:00:1791181046.084814  597486 tf_tfl_flatbuffer_helpers.cc:364] Ignored output_format.
W0000 00:00:1791181046.085181  597486 tf_tfl_flatbuffer_helpers.cc:367] Ignored drop_control_dependency.
I0000 00:00:1791181046.085614  597486 reader.cc:83] Reading SavedModel from: /tmp/tmpm_zb7f_5
I0000 00:00:1791181046.087304  597486 reader.cc:52] Reading meta graph with tags { serve }
I0000 00:00:1791181046.087853  597486 reader.cc:147] Reading SavedModel debug info (if present) from: /tmp/tmpm_zb7f_5
I0000 00:00:1791181046.096155  597486 loader.cc:236] Restoring SavedModel bundle.
I0000 00:00:1791181046.123960  597486 loader.cc:220] Running initialization op on SavedModel bundle at path: /tmp/tmpm_zb7f_5
I0000 00:00:1791181046.132608  597486 loader.cc:471] SavedModel load for tags { serve }; Status: success: OK. Took 47003 microseconds.
/home/danielpark605/tinyml-venv/lib/python3.12/site-packages/tensorflow/lite/python/interpreter.py:457: UserWarning:     Warning: tf.lite.Interpreter is deprecated and is scheduled for deletion in
    TF 2.20. Please use the LiteRT interpreter from the ai_edge_litert package.
    See the [migration guide](https://ai.google.dev/edge/litert/migration)
    for details.
    
  warnings.warn(_INTERPRETER_DELETION_WARNING)
WARNING:tensorflow:`evaluate()` received a value for `sample_weight`, but `weighted_metrics` were not provided.  Did you mean to pass metrics to `weighted_metrics` in `compile()`?  If this is intentional you can pass `weighted_metrics=[]` to `compile()` in order to silence this warning.
WARNING:tensorflow:`evaluate()` received a value for `sample_weight`, but `weighted_metrics` were not provided.  Did you mean to pass metrics to `weighted_metrics` in `compile()`?  If this is intentional you can pass `weighted_metrics=[]` to `compile()` in order to silence this warning.
WARNING:tensorflow:`evaluate()` received a value for `sample_weight`, but `weighted_metrics` were not provided.  Did you mean to pass metrics to `weighted_metrics` in `compile()`?  If this is intentional you can pass `weighted_metrics=[]` to `compile()` in order to silence this warning.
WARNING:tensorflow:`evaluate()` received a value for `sample_weight`, but `weighted_metrics` were not provided.  Did you mean to pass metrics to `weighted_metrics` in `compile()`?  If this is intentional you can pass `weighted_metrics=[]` to `compile()` in order to silence this warning.
WARNING:tensorflow:`evaluate()` received a value for `sample_weight`, but `weighted_metrics` were not provided.  Did you mean to pass metrics to `weighted_metrics` in `compile()`?  If this is intentional you can pass `weighted_metrics=[]` to `compile()` in order to silence this warning.
WARNING:tensorflow:`evaluate()` received a value for `sample_weight`, but `weighted_metrics` were not provided.  Did you mean to pass metrics to `weighted_metrics` in `compile()`?  If this is intentional you can pass `weighted_metrics=[]` to `compile()` in order to silence this warning.
WARNING:tensorflow:`evaluate()` received a value for `sample_weight`, but `weighted_metrics` were not provided.  Did you mean to pass metrics to `weighted_metrics` in `compile()`?  If this is intentional you can pass `weighted_metrics=[]` to `compile()` in order to silence this warning.
WARNING:tensorflow:`evaluate()` received a value for `sample_weight`, but `weighted_metrics` were not provided.  Did you mean to pass metrics to `weighted_metrics` in `compile()`?  If this is intentional you can pass `weighted_metrics=[]` to `compile()` in order to silence this warning.
WARNING:tensorflow:`evaluate()` received a value for `sample_weight`, but `weighted_metrics` were not provided.  Did you mean to pass metrics to `weighted_metrics` in `compile()`?  If this is intentional you can pass `weighted_metrics=[]` to `compile()` in order to silence this warning.
WARNING:tensorflow:`evaluate()` received a value for `sample_weight`, but `weighted_metrics` were not provided.  Did you mean to pass metrics to `weighted_metrics` in `compile()`?  If this is intentional you can pass `weighted_metrics=[]` to `compile()` in order to silence this warning.
/home/danielpark605/tinyml-venv/lib/python3.12/site-packages/tensorflow/lite/python/convert.py:846: UserWarning: Statistics for quantized inputs were expected, but not specified; continuing anyway.
  warnings.warn(
W0000 00:00:1791181049.029832  597486 tf_tfl_flatbuffer_helpers.cc:364] Ignored output_format.
W0000 00:00:1791181049.030187  597486 tf_tfl_flatbuffer_helpers.cc:367] Ignored drop_control_dependency.
I0000 00:00:1791181049.030592  597486 reader.cc:83] Reading SavedModel from: /tmp/tmpvjvnxohp
I0000 00:00:1791181049.032605  597486 reader.cc:52] Reading meta graph with tags { serve }
I0000 00:00:1791181049.032940  597486 reader.cc:147] Reading SavedModel debug info (if present) from: /tmp/tmpvjvnxohp
I0000 00:00:1791181049.046900  597486 loader.cc:236] Restoring SavedModel bundle.
I0000 00:00:1791181049.088190  597486 loader.cc:220] Running initialization op on SavedModel bundle at path: /tmp/tmpvjvnxohp
I0000 00:00:1791181049.099157  597486 loader.cc:471] SavedModel load for tags { serve }; Status: success: OK. Took 68573 microseconds.
/home/danielpark605/tinyml-venv/lib/python3.12/site-packages/tensorflow/lite/python/interpreter.py:457: UserWarning:     Warning: tf.lite.Interpreter is deprecated and is scheduled for deletion in
    TF 2.20. Please use the LiteRT interpreter from the ai_edge_litert package.
    See the [migration guide](https://ai.google.dev/edge/litert/migration)
    for details.
    
  warnings.warn(_INTERPRETER_DELETION_WARNING)
WARNING:tensorflow:`evaluate()` received a value for `sample_weight`, but `weighted_metrics` were not provided.  Did you mean to pass metrics to `weighted_metrics` in `compile()`?  If this is intentional you can pass `weighted_metrics=[]` to `compile()` in order to silence this warning.
WARNING:tensorflow:`evaluate()` received a value for `sample_weight`, but `weighted_metrics` were not provided.  Did you mean to pass metrics to `weighted_metrics` in `compile()`?  If this is intentional you can pass `weighted_metrics=[]` to `compile()` in order to silence this warning.
WARNING:tensorflow:`evaluate()` received a value for `sample_weight`, but `weighted_metrics` were not provided.  Did you mean to pass metrics to `weighted_metrics` in `compile()`?  If this is intentional you can pass `weighted_metrics=[]` to `compile()` in order to silence this warning.
WARNING:tensorflow:`evaluate()` received a value for `sample_weight`, but `weighted_metrics` were not provided.  Did you mean to pass metrics to `weighted_metrics` in `compile()`?  If this is intentional you can pass `weighted_metrics=[]` to `compile()` in order to silence this warning.
WARNING:tensorflow:`evaluate()` received a value for `sample_weight`, but `weighted_metrics` were not provided.  Did you mean to pass metrics to `weighted_metrics` in `compile()`?  If this is intentional you can pass `weighted_metrics=[]` to `compile()` in order to silence this warning.
WARNING:tensorflow:`evaluate()` received a value for `sample_weight`, but `weighted_metrics` were not provided.  Did you mean to pass metrics to `weighted_metrics` in `compile()`?  If this is intentional you can pass `weighted_metrics=[]` to `compile()` in order to silence this warning.
WARNING:tensorflow:`evaluate()` received a value for `sample_weight`, but `weighted_metrics` were not provided.  Did you mean to pass metrics to `weighted_metrics` in `compile()`?  If this is intentional you can pass `weighted_metrics=[]` to `compile()` in order to silence this warning.
WARNING:tensorflow:`evaluate()` received a value for `sample_weight`, but `weighted_metrics` were not provided.  Did you mean to pass metrics to `weighted_metrics` in `compile()`?  If this is intentional you can pass `weighted_metrics=[]` to `compile()` in order to silence this warning.
WARNING:tensorflow:`evaluate()` received a value for `sample_weight`, but `weighted_metrics` were not provided.  Did you mean to pass metrics to `weighted_metrics` in `compile()`?  If this is intentional you can pass `weighted_metrics=[]` to `compile()` in order to silence this warning.
WARNING:tensorflow:`evaluate()` received a value for `sample_weight`, but `weighted_metrics` were not provided.  Did you mean to pass metrics to `weighted_metrics` in `compile()`?  If this is intentional you can pass `weighted_metrics=[]` to `compile()` in order to silence this warning.
/home/danielpark605/tinyml-venv/lib/python3.12/site-packages/tensorflow/lite/python/convert.py:846: UserWarning: Statistics for quantized inputs were expected, but not specified; continuing anyway.
  warnings.warn(
W0000 00:00:1791181051.780196  597486 tf_tfl_flatbuffer_helpers.cc:364] Ignored output_format.
W0000 00:00:1791181051.780563  597486 tf_tfl_flatbuffer_helpers.cc:367] Ignored drop_control_dependency.
I0000 00:00:1791181051.780989  597486 reader.cc:83] Reading SavedModel from: /tmp/tmpn0dq_ss_
I0000 00:00:1791181051.783348  597486 reader.cc:52] Reading meta graph with tags { serve }
I0000 00:00:1791181051.783672  597486 reader.cc:147] Reading SavedModel debug info (if present) from: /tmp/tmpn0dq_ss_
I0000 00:00:1791181051.796723  597486 loader.cc:236] Restoring SavedModel bundle.
I0000 00:00:1791181051.835812  597486 loader.cc:220] Running initialization op on SavedModel bundle at path: /tmp/tmpn0dq_ss_
I0000 00:00:1791181051.846070  597486 loader.cc:471] SavedModel load for tags { serve }; Status: success: OK. Took 65088 microseconds.
/home/danielpark605/tinyml-venv/lib/python3.12/site-packages/tensorflow/lite/python/interpreter.py:457: UserWarning:     Warning: tf.lite.Interpreter is deprecated and is scheduled for deletion in
    TF 2.20. Please use the LiteRT interpreter from the ai_edge_litert package.
    See the [migration guide](https://ai.google.dev/edge/litert/migration)
    for details.
    
  warnings.warn(_INTERPRETER_DELETION_WARNING)
WARNING:tensorflow:`evaluate()` received a value for `sample_weight`, but `weighted_metrics` were not provided.  Did you mean to pass metrics to `weighted_metrics` in `compile()`?  If this is intentional you can pass `weighted_metrics=[]` to `compile()` in order to silence this warning.
WARNING:tensorflow:`evaluate()` received a value for `sample_weight`, but `weighted_metrics` were not provided.  Did you mean to pass metrics to `weighted_metrics` in `compile()`?  If this is intentional you can pass `weighted_metrics=[]` to `compile()` in order to silence this warning.
WARNING:tensorflow:`evaluate()` received a value for `sample_weight`, but `weighted_metrics` were not provided.  Did you mean to pass metrics to `weighted_metrics` in `compile()`?  If this is intentional you can pass `weighted_metrics=[]` to `compile()` in order to silence this warning.
WARNING:tensorflow:`evaluate()` received a value for `sample_weight`, but `weighted_metrics` were not provided.  Did you mean to pass metrics to `weighted_metrics` in `compile()`?  If this is intentional you can pass `weighted_metrics=[]` to `compile()` in order to silence this warning.
WARNING:tensorflow:`evaluate()` received a value for `sample_weight`, but `weighted_metrics` were not provided.  Did you mean to pass metrics to `weighted_metrics` in `compile()`?  If this is intentional you can pass `weighted_metrics=[]` to `compile()` in order to silence this warning.
WARNING:tensorflow:`evaluate()` received a value for `sample_weight`, but `weighted_metrics` were not provided.  Did you mean to pass metrics to `weighted_metrics` in `compile()`?  If this is intentional you can pass `weighted_metrics=[]` to `compile()` in order to silence this warning.
WARNING:tensorflow:`evaluate()` received a value for `sample_weight`, but `weighted_metrics` were not provided.  Did you mean to pass metrics to `weighted_metrics` in `compile()`?  If this is intentional you can pass `weighted_metrics=[]` to `compile()` in order to silence this warning.
WARNING:tensorflow:`evaluate()` received a value for `sample_weight`, but `weighted_metrics` were not provided.  Did you mean to pass metrics to `weighted_metrics` in `compile()`?  If this is intentional you can pass `weighted_metrics=[]` to `compile()` in order to silence this warning.
WARNING:tensorflow:`evaluate()` received a value for `sample_weight`, but `weighted_metrics` were not provided.  Did you mean to pass metrics to `weighted_metrics` in `compile()`?  If this is intentional you can pass `weighted_metrics=[]` to `compile()` in order to silence this warning.
WARNING:tensorflow:`evaluate()` received a value for `sample_weight`, but `weighted_metrics` were not provided.  Did you mean to pass metrics to `weighted_metrics` in `compile()`?  If this is intentional you can pass `weighted_metrics=[]` to `compile()` in order to silence this warning.
/home/danielpark605/tinyml-venv/lib/python3.12/site-packages/tensorflow/lite/python/convert.py:846: UserWarning: Statistics for quantized inputs were expected, but not specified; continuing anyway.
  warnings.warn(
W0000 00:00:1791181054.841125  597486 tf_tfl_flatbuffer_helpers.cc:364] Ignored output_format.
W0000 00:00:1791181054.841473  597486 tf_tfl_flatbuffer_helpers.cc:367] Ignored drop_control_dependency.
I0000 00:00:1791181054.841909  597486 reader.cc:83] Reading SavedModel from: /tmp/tmp61z5wrqj
I0000 00:00:1791181054.843783  597486 reader.cc:52] Reading meta graph with tags { serve }
I0000 00:00:1791181054.844183  597486 reader.cc:147] Reading SavedModel debug info (if present) from: /tmp/tmp61z5wrqj
I0000 00:00:1791181054.853884  597486 loader.cc:236] Restoring SavedModel bundle.
I0000 00:00:1791181054.893852  597486 loader.cc:220] Running initialization op on SavedModel bundle at path: /tmp/tmp61z5wrqj
I0000 00:00:1791181054.904402  597486 loader.cc:471] SavedModel load for tags { serve }; Status: success: OK. Took 62512 microseconds.
/home/danielpark605/tinyml-venv/lib/python3.12/site-packages/tensorflow/lite/python/interpreter.py:457: UserWarning:     Warning: tf.lite.Interpreter is deprecated and is scheduled for deletion in
    TF 2.20. Please use the LiteRT interpreter from the ai_edge_litert package.
    See the [migration guide](https://ai.google.dev/edge/litert/migration)
    for details.
    
  warnings.warn(_INTERPRETER_DELETION_WARNING)
WARNING:tensorflow:`evaluate()` received a value for `sample_weight`, but `weighted_metrics` were not provided.  Did you mean to pass metrics to `weighted_metrics` in `compile()`?  If this is intentional you can pass `weighted_metrics=[]` to `compile()` in order to silence this warning.
WARNING:tensorflow:`evaluate()` received a value for `sample_weight`, but `weighted_metrics` were not provided.  Did you mean to pass metrics to `weighted_metrics` in `compile()`?  If this is intentional you can pass `weighted_metrics=[]` to `compile()` in order to silence this warning.
WARNING:tensorflow:`evaluate()` received a value for `sample_weight`, but `weighted_metrics` were not provided.  Did you mean to pass metrics to `weighted_metrics` in `compile()`?  If this is intentional you can pass `weighted_metrics=[]` to `compile()` in order to silence this warning.
WARNING:tensorflow:`evaluate()` received a value for `sample_weight`, but `weighted_metrics` were not provided.  Did you mean to pass metrics to `weighted_metrics` in `compile()`?  If this is intentional you can pass `weighted_metrics=[]` to `compile()` in order to silence this warning.
WARNING:tensorflow:`evaluate()` received a value for `sample_weight`, but `weighted_metrics` were not provided.  Did you mean to pass metrics to `weighted_metrics` in `compile()`?  If this is intentional you can pass `weighted_metrics=[]` to `compile()` in order to silence this warning.
WARNING:tensorflow:`evaluate()` received a value for `sample_weight`, but `weighted_metrics` were not provided.  Did you mean to pass metrics to `weighted_metrics` in `compile()`?  If this is intentional you can pass `weighted_metrics=[]` to `compile()` in order to silence this warning.
WARNING:tensorflow:`evaluate()` received a value for `sample_weight`, but `weighted_metrics` were not provided.  Did you mean to pass metrics to `weighted_metrics` in `compile()`?  If this is intentional you can pass `weighted_metrics=[]` to `compile()` in order to silence this warning.
WARNING:tensorflow:`evaluate()` received a value for `sample_weight`, but `weighted_metrics` were not provided.  Did you mean to pass metrics to `weighted_metrics` in `compile()`?  If this is intentional you can pass `weighted_metrics=[]` to `compile()` in order to silence this warning.
WARNING:tensorflow:`evaluate()` received a value for `sample_weight`, but `weighted_metrics` were not provided.  Did you mean to pass metrics to `weighted_metrics` in `compile()`?  If this is intentional you can pass `weighted_metrics=[]` to `compile()` in order to silence this warning.
WARNING:tensorflow:`evaluate()` received a value for `sample_weight`, but `weighted_metrics` were not provided.  Did you mean to pass metrics to `weighted_metrics` in `compile()`?  If this is intentional you can pass `weighted_metrics=[]` to `compile()` in order to silence this warning.
/home/danielpark605/tinyml-venv/lib/python3.12/site-packages/tensorflow/lite/python/convert.py:846: UserWarning: Statistics for quantized inputs were expected, but not specified; continuing anyway.
  warnings.warn(
W0000 00:00:1791181056.424072  597486 tf_tfl_flatbuffer_helpers.cc:364] Ignored output_format.
W0000 00:00:1791181056.424420  597486 tf_tfl_flatbuffer_helpers.cc:367] Ignored drop_control_dependency.
I0000 00:00:1791181056.424851  597486 reader.cc:83] Reading SavedModel from: /tmp/tmpq075qkol
I0000 00:00:1791181056.427075  597486 reader.cc:52] Reading meta graph with tags { serve }
I0000 00:00:1791181056.427421  597486 reader.cc:147] Reading SavedModel debug info (if present) from: /tmp/tmpq075qkol
I0000 00:00:1791181056.440005  597486 loader.cc:236] Restoring SavedModel bundle.
I0000 00:00:1791181056.479006  597486 loader.cc:220] Running initialization op on SavedModel bundle at path: /tmp/tmpq075qkol
I0000 00:00:1791181056.489092  597486 loader.cc:471] SavedModel load for tags { serve }; Status: success: OK. Took 64249 microseconds.
/home/danielpark605/tinyml-venv/lib/python3.12/site-packages/tensorflow/lite/python/interpreter.py:457: UserWarning:     Warning: tf.lite.Interpreter is deprecated and is scheduled for deletion in
    TF 2.20. Please use the LiteRT interpreter from the ai_edge_litert package.
    See the [migration guide](https://ai.google.dev/edge/litert/migration)
    for details.
    
  warnings.warn(_INTERPRETER_DELETION_WARNING)
WARNING:tensorflow:`evaluate()` received a value for `sample_weight`, but `weighted_metrics` were not provided.  Did you mean to pass metrics to `weighted_metrics` in `compile()`?  If this is intentional you can pass `weighted_metrics=[]` to `compile()` in order to silence this warning.
WARNING:tensorflow:`evaluate()` received a value for `sample_weight`, but `weighted_metrics` were not provided.  Did you mean to pass metrics to `weighted_metrics` in `compile()`?  If this is intentional you can pass `weighted_metrics=[]` to `compile()` in order to silence this warning.
WARNING:tensorflow:`evaluate()` received a value for `sample_weight`, but `weighted_metrics` were not provided.  Did you mean to pass metrics to `weighted_metrics` in `compile()`?  If this is intentional you can pass `weighted_metrics=[]` to `compile()` in order to silence this warning.
WARNING:tensorflow:`evaluate()` received a value for `sample_weight`, but `weighted_metrics` were not provided.  Did you mean to pass metrics to `weighted_metrics` in `compile()`?  If this is intentional you can pass `weighted_metrics=[]` to `compile()` in order to silence this warning.
WARNING:tensorflow:`evaluate()` received a value for `sample_weight`, but `weighted_metrics` were not provided.  Did you mean to pass metrics to `weighted_metrics` in `compile()`?  If this is intentional you can pass `weighted_metrics=[]` to `compile()` in order to silence this warning.
WARNING:tensorflow:`evaluate()` received a value for `sample_weight`, but `weighted_metrics` were not provided.  Did you mean to pass metrics to `weighted_metrics` in `compile()`?  If this is intentional you can pass `weighted_metrics=[]` to `compile()` in order to silence this warning.
WARNING:tensorflow:`evaluate()` received a value for `sample_weight`, but `weighted_metrics` were not provided.  Did you mean to pass metrics to `weighted_metrics` in `compile()`?  If this is intentional you can pass `weighted_metrics=[]` to `compile()` in order to silence this warning.
WARNING:tensorflow:`evaluate()` received a value for `sample_weight`, but `weighted_metrics` were not provided.  Did you mean to pass metrics to `weighted_metrics` in `compile()`?  If this is intentional you can pass `weighted_metrics=[]` to `compile()` in order to silence this warning.
WARNING:tensorflow:`evaluate()` received a value for `sample_weight`, but `weighted_metrics` were not provided.  Did you mean to pass metrics to `weighted_metrics` in `compile()`?  If this is intentional you can pass `weighted_metrics=[]` to `compile()` in order to silence this warning.
WARNING:tensorflow:`evaluate()` received a value for `sample_weight`, but `weighted_metrics` were not provided.  Did you mean to pass metrics to `weighted_metrics` in `compile()`?  If this is intentional you can pass `weighted_metrics=[]` to `compile()` in order to silence this warning.
WARNING:tensorflow:`evaluate()` received a value for `sample_weight`, but `weighted_metrics` were not provided.  Did you mean to pass metrics to `weighted_metrics` in `compile()`?  If this is intentional you can pass `weighted_metrics=[]` to `compile()` in order to silence this warning.
WARNING:tensorflow:`evaluate()` received a value for `sample_weight`, but `weighted_metrics` were not provided.  Did you mean to pass metrics to `weighted_metrics` in `compile()`?  If this is intentional you can pass `weighted_metrics=[]` to `compile()` in order to silence this warning.
WARNING:tensorflow:`evaluate()` received a value for `sample_weight`, but `weighted_metrics` were not provided.  Did you mean to pass metrics to `weighted_metrics` in `compile()`?  If this is intentional you can pass `weighted_metrics=[]` to `compile()` in order to silence this warning.
WARNING:tensorflow:`evaluate()` received a value for `sample_weight`, but `weighted_metrics` were not provided.  Did you mean to pass metrics to `weighted_metrics` in `compile()`?  If this is intentional you can pass `weighted_metrics=[]` to `compile()` in order to silence this warning.
WARNING:tensorflow:`evaluate()` received a value for `sample_weight`, but `weighted_metrics` were not provided.  Did you mean to pass metrics to `weighted_metrics` in `compile()`?  If this is intentional you can pass `weighted_metrics=[]` to `compile()` in order to silence this warning.
WARNING:tensorflow:`evaluate()` received a value for `sample_weight`, but `weighted_metrics` were not provided.  Did you mean to pass metrics to `weighted_metrics` in `compile()`?  If this is intentional you can pass `weighted_metrics=[]` to `compile()` in order to silence this warning.
WARNING:tensorflow:`evaluate()` received a value for `sample_weight`, but `weighted_metrics` were not provided.  Did you mean to pass metrics to `weighted_metrics` in `compile()`?  If this is intentional you can pass `weighted_metrics=[]` to `compile()` in order to silence this warning.
WARNING:tensorflow:`evaluate()` received a value for `sample_weight`, but `weighted_metrics` were not provided.  Did you mean to pass metrics to `weighted_metrics` in `compile()`?  If this is intentional you can pass `weighted_metrics=[]` to `compile()` in order to silence this warning.
WARNING:tensorflow:`evaluate()` received a value for `sample_weight`, but `weighted_metrics` were not provided.  Did you mean to pass metrics to `weighted_metrics` in `compile()`?  If this is intentional you can pass `weighted_metrics=[]` to `compile()` in order to silence this warning.
WARNING:tensorflow:`evaluate()` received a value for `sample_weight`, but `weighted_metrics` were not provided.  Did you mean to pass metrics to `weighted_metrics` in `compile()`?  If this is intentional you can pass `weighted_metrics=[]` to `compile()` in order to silence this warning.
WARNING:tensorflow:`evaluate()` received a value for `sample_weight`, but `weighted_metrics` were not provided.  Did you mean to pass metrics to `weighted_metrics` in `compile()`?  If this is intentional you can pass `weighted_metrics=[]` to `compile()` in order to silence this warning.
WARNING:tensorflow:`evaluate()` received a value for `sample_weight`, but `weighted_metrics` were not provided.  Did you mean to pass metrics to `weighted_metrics` in `compile()`?  If this is intentional you can pass `weighted_metrics=[]` to `compile()` in order to silence this warning.
WARNING:tensorflow:`evaluate()` received a value for `sample_weight`, but `weighted_metrics` were not provided.  Did you mean to pass metrics to `weighted_metrics` in `compile()`?  If this is intentional you can pass `weighted_metrics=[]` to `compile()` in order to silence this warning.
WARNING:tensorflow:`evaluate()` received a value for `sample_weight`, but `weighted_metrics` were not provided.  Did you mean to pass metrics to `weighted_metrics` in `compile()`?  If this is intentional you can pass `weighted_metrics=[]` to `compile()` in order to silence this warning.
WARNING:tensorflow:`evaluate()` received a value for `sample_weight`, but `weighted_metrics` were not provided.  Did you mean to pass metrics to `weighted_metrics` in `compile()`?  If this is intentional you can pass `weighted_metrics=[]` to `compile()` in order to silence this warning.
WARNING:tensorflow:`evaluate()` received a value for `sample_weight`, but `weighted_metrics` were not provided.  Did you mean to pass metrics to `weighted_metrics` in `compile()`?  If this is intentional you can pass `weighted_metrics=[]` to `compile()` in order to silence this warning.
WARNING:tensorflow:`evaluate()` received a value for `sample_weight`, but `weighted_metrics` were not provided.  Did you mean to pass metrics to `weighted_metrics` in `compile()`?  If this is intentional you can pass `weighted_metrics=[]` to `compile()` in order to silence this warning.
WARNING:tensorflow:`evaluate()` received a value for `sample_weight`, but `weighted_metrics` were not provided.  Did you mean to pass metrics to `weighted_metrics` in `compile()`?  If this is intentional you can pass `weighted_metrics=[]` to `compile()` in order to silence this warning.
WARNING:tensorflow:`evaluate()` received a value for `sample_weight`, but `weighted_metrics` were not provided.  Did you mean to pass metrics to `weighted_metrics` in `compile()`?  If this is intentional you can pass `weighted_metrics=[]` to `compile()` in order to silence this warning.
WARNING:tensorflow:`evaluate()` received a value for `sample_weight`, but `weighted_metrics` were not provided.  Did you mean to pass metrics to `weighted_metrics` in `compile()`?  If this is intentional you can pass `weighted_metrics=[]` to `compile()` in order to silence this warning.
WARNING:tensorflow:`evaluate()` received a value for `sample_weight`, but `weighted_metrics` were not provided.  Did you mean to pass metrics to `weighted_metrics` in `compile()`?  If this is intentional you can pass `weighted_metrics=[]` to `compile()` in order to silence this warning.
WARNING:tensorflow:`evaluate()` received a value for `sample_weight`, but `weighted_metrics` were not provided.  Did you mean to pass metrics to `weighted_metrics` in `compile()`?  If this is intentional you can pass `weighted_metrics=[]` to `compile()` in order to silence this warning.
WARNING:tensorflow:`evaluate()` received a value for `sample_weight`, but `weighted_metrics` were not provided.  Did you mean to pass metrics to `weighted_metrics` in `compile()`?  If this is intentional you can pass `weighted_metrics=[]` to `compile()` in order to silence this warning.
WARNING:tensorflow:`evaluate()` received a value for `sample_weight`, but `weighted_metrics` were not provided.  Did you mean to pass metrics to `weighted_metrics` in `compile()`?  If this is intentional you can pass `weighted_metrics=[]` to `compile()` in order to silence this warning.
WARNING:tensorflow:`evaluate()` received a value for `sample_weight`, but `weighted_metrics` were not provided.  Did you mean to pass metrics to `weighted_metrics` in `compile()`?  If this is intentional you can pass `weighted_metrics=[]` to `compile()` in order to silence this warning.
WARNING:tensorflow:`evaluate()` received a value for `sample_weight`, but `weighted_metrics` were not provided.  Did you mean to pass metrics to `weighted_metrics` in `compile()`?  If this is intentional you can pass `weighted_metrics=[]` to `compile()` in order to silence this warning.
WARNING:tensorflow:`evaluate()` received a value for `sample_weight`, but `weighted_metrics` were not provided.  Did you mean to pass metrics to `weighted_metrics` in `compile()`?  If this is intentional you can pass `weighted_metrics=[]` to `compile()` in order to silence this warning.
WARNING:tensorflow:`evaluate()` received a value for `sample_weight`, but `weighted_metrics` were not provided.  Did you mean to pass metrics to `weighted_metrics` in `compile()`?  If this is intentional you can pass `weighted_metrics=[]` to `compile()` in order to silence this warning.
WARNING:tensorflow:`evaluate()` received a value for `sample_weight`, but `weighted_metrics` were not provided.  Did you mean to pass metrics to `weighted_metrics` in `compile()`?  If this is intentional you can pass `weighted_metrics=[]` to `compile()` in order to silence this warning.
WARNING:tensorflow:`evaluate()` received a value for `sample_weight`, but `weighted_metrics` were not provided.  Did you mean to pass metrics to `weighted_metrics` in `compile()`?  If this is intentional you can pass `weighted_metrics=[]` to `compile()` in order to silence this warning.
/home/danielpark605/tinyml-venv/lib/python3.12/site-packages/tensorflow/lite/python/convert.py:846: UserWarning: Statistics for quantized inputs were expected, but not specified; continuing anyway.
  warnings.warn(
W0000 00:00:1791181070.819885  597486 tf_tfl_flatbuffer_helpers.cc:364] Ignored output_format.
W0000 00:00:1791181070.820239  597486 tf_tfl_flatbuffer_helpers.cc:367] Ignored drop_control_dependency.
I0000 00:00:1791181070.820691  597486 reader.cc:83] Reading SavedModel from: /tmp/tmpc005noib
I0000 00:00:1791181070.822797  597486 reader.cc:52] Reading meta graph with tags { serve }
I0000 00:00:1791181070.823139  597486 reader.cc:147] Reading SavedModel debug info (if present) from: /tmp/tmpc005noib
I0000 00:00:1791181070.833843  597486 loader.cc:236] Restoring SavedModel bundle.
I0000 00:00:1791181070.862277  597486 loader.cc:220] Running initialization op on SavedModel bundle at path: /tmp/tmpc005noib
I0000 00:00:1791181070.870738  597486 loader.cc:471] SavedModel load for tags { serve }; Status: success: OK. Took 50055 microseconds.
/home/danielpark605/tinyml-venv/lib/python3.12/site-packages/tensorflow/lite/python/interpreter.py:457: UserWarning:     Warning: tf.lite.Interpreter is deprecated and is scheduled for deletion in
    TF 2.20. Please use the LiteRT interpreter from the ai_edge_litert package.
    See the [migration guide](https://ai.google.dev/edge/litert/migration)
    for details.
    
  warnings.warn(_INTERPRETER_DELETION_WARNING)
WARNING:tensorflow:`evaluate()` received a value for `sample_weight`, but `weighted_metrics` were not provided.  Did you mean to pass metrics to `weighted_metrics` in `compile()`?  If this is intentional you can pass `weighted_metrics=[]` to `compile()` in order to silence this warning.
WARNING:tensorflow:`evaluate()` received a value for `sample_weight`, but `weighted_metrics` were not provided.  Did you mean to pass metrics to `weighted_metrics` in `compile()`?  If this is intentional you can pass `weighted_metrics=[]` to `compile()` in order to silence this warning.
WARNING:tensorflow:`evaluate()` received a value for `sample_weight`, but `weighted_metrics` were not provided.  Did you mean to pass metrics to `weighted_metrics` in `compile()`?  If this is intentional you can pass `weighted_metrics=[]` to `compile()` in order to silence this warning.
WARNING:tensorflow:`evaluate()` received a value for `sample_weight`, but `weighted_metrics` were not provided.  Did you mean to pass metrics to `weighted_metrics` in `compile()`?  If this is intentional you can pass `weighted_metrics=[]` to `compile()` in order to silence this warning.
WARNING:tensorflow:`evaluate()` received a value for `sample_weight`, but `weighted_metrics` were not provided.  Did you mean to pass metrics to `weighted_metrics` in `compile()`?  If this is intentional you can pass `weighted_metrics=[]` to `compile()` in order to silence this warning.
WARNING:tensorflow:`evaluate()` received a value for `sample_weight`, but `weighted_metrics` were not provided.  Did you mean to pass metrics to `weighted_metrics` in `compile()`?  If this is intentional you can pass `weighted_metrics=[]` to `compile()` in order to silence this warning.
WARNING:tensorflow:`evaluate()` received a value for `sample_weight`, but `weighted_metrics` were not provided.  Did you mean to pass metrics to `weighted_metrics` in `compile()`?  If this is intentional you can pass `weighted_metrics=[]` to `compile()` in order to silence this warning.
WARNING:tensorflow:`evaluate()` received a value for `sample_weight`, but `weighted_metrics` were not provided.  Did you mean to pass metrics to `weighted_metrics` in `compile()`?  If this is intentional you can pass `weighted_metrics=[]` to `compile()` in order to silence this warning.
WARNING:tensorflow:`evaluate()` received a value for `sample_weight`, but `weighted_metrics` were not provided.  Did you mean to pass metrics to `weighted_metrics` in `compile()`?  If this is intentional you can pass `weighted_metrics=[]` to `compile()` in order to silence this warning.
WARNING:tensorflow:`evaluate()` received a value for `sample_weight`, but `weighted_metrics` were not provided.  Did you mean to pass metrics to `weighted_metrics` in `compile()`?  If this is intentional you can pass `weighted_metrics=[]` to `compile()` in order to silence this warning.
/home/danielpark605/tinyml-venv/lib/python3.12/site-packages/tensorflow/lite/python/convert.py:846: UserWarning: Statistics for quantized inputs were expected, but not specified; continuing anyway.
  warnings.warn(
W0000 00:00:1791181074.239084  597486 tf_tfl_flatbuffer_helpers.cc:364] Ignored output_format.
W0000 00:00:1791181074.239447  597486 tf_tfl_flatbuffer_helpers.cc:367] Ignored drop_control_dependency.
I0000 00:00:1791181074.239980  597486 reader.cc:83] Reading SavedModel from: /tmp/tmpzn3avps_
I0000 00:00:1791181074.242690  597486 reader.cc:52] Reading meta graph with tags { serve }
I0000 00:00:1791181074.243039  597486 reader.cc:147] Reading SavedModel debug info (if present) from: /tmp/tmpzn3avps_
I0000 00:00:1791181074.253782  597486 loader.cc:236] Restoring SavedModel bundle.
I0000 00:00:1791181074.309441  597486 loader.cc:220] Running initialization op on SavedModel bundle at path: /tmp/tmpzn3avps_
I0000 00:00:1791181074.324079  597486 loader.cc:471] SavedModel load for tags { serve }; Status: success: OK. Took 84111 microseconds.
/home/danielpark605/tinyml-venv/lib/python3.12/site-packages/tensorflow/lite/python/interpreter.py:457: UserWarning:     Warning: tf.lite.Interpreter is deprecated and is scheduled for deletion in
    TF 2.20. Please use the LiteRT interpreter from the ai_edge_litert package.
    See the [migration guide](https://ai.google.dev/edge/litert/migration)
    for details.
    
  warnings.warn(_INTERPRETER_DELETION_WARNING)

   Input: <class 'numpy.float32'>, Output: <class 'numpy.float32'>
  [ton_near_iid d1] clipqat      fixed 0.3: t=0.3000 fn=70 far=0.0245 | val recall>=0.999: t=0.0820 fn=25 far=0.0533
   [QAT Strip] Input model type: Functional
   [QAT Strip] Input model class: tf_keras.src.engine.functional.Functional
   [QAT Strip] Creating TF.Keras Functional model with input shape: (37,)
   [QAT Strip] TF_USE_LEGACY_KERAS=1
   [QAT Strip] 4 Dense layers after BatchNorm folding
   [QAT Strip] Created model type: Functional
   [QAT Strip] Model class: tf_keras.src.engine.functional.Functional
   [QAT Strip] Total layers: 5
   [QAT Strip] Is tensorflow.keras model: False
   [QAT Strip] WARNING: Model is not tensorflow.keras! QAT may fail.
✅ Saved (QAT): data/processed/revision/2026-10-05_r_recall_priority_ton/recall_priority/ton_near_iid/kdclip_d1.tflite (55.19 KB)
   Quantization: 10/16 tensors (62.5%)
   Input: <class 'numpy.float32'>, Output: <class 'numpy.float32'>
  [ton_near_iid d1] kdclip       fixed 0.3: t=0.3000 fn=63 far=0.0288 | val recall>=0.999: t=0.2305 fn=20 far=0.0535
   [QAT Strip] Input model type: Functional
   [QAT Strip] Input model class: tf_keras.src.engine.functional.Functional
   [QAT Strip] Creating TF.Keras Functional model with input shape: (37,)
   [QAT Strip] TF_USE_LEGACY_KERAS=1
   [QAT Strip] 4 Dense layers after BatchNorm folding
   [QAT Strip] Created model type: Functional
   [QAT Strip] Model class: tf_keras.src.engine.functional.Functional
   [QAT Strip] Total layers: 5
   [QAT Strip] Is tensorflow.keras model: False
   [QAT Strip] WARNING: Model is not tensorflow.keras! QAT may fail.
✅ Saved (QAT): data/processed/revision/2026-10-05_r_recall_priority_ton/recall_priority/ton_near_iid/kdclip_fed_d1.tflite (55.19 KB)
   Quantization: 10/16 tensors (62.5%)
   Input: <class 'numpy.float32'>, Output: <class 'numpy.float32'>
  [ton_near_iid d1] kdclip_fed   fixed 0.3: t=0.3000 fn=82 far=0.0226 | val recall>=0.999: t=0.2070 fn=21 far=0.0558
   [QAT Strip] Input model type: Functional
   [QAT Strip] Input model class: tf_keras.src.engine.functional.Functional
   [QAT Strip] Creating TF.Keras Functional model with input shape: (37,)
   [QAT Strip] TF_USE_LEGACY_KERAS=1
   [QAT Strip] 4 Dense layers after BatchNorm folding
   [QAT Strip] Created model type: Functional
   [QAT Strip] Model class: tf_keras.src.engine.functional.Functional
   [QAT Strip] Total layers: 5
   [QAT Strip] Is tensorflow.keras model: False
   [QAT Strip] WARNING: Model is not tensorflow.keras! QAT may fail.
✅ Saved (QAT): data/processed/revision/2026-10-05_r_recall_priority_ton/recall_priority/ton_near_iid/kdclip_p30_d1.tflite (97.74 KB)
   Quantization: 10/16 tensors (62.5%)
   Input: <class 'numpy.float32'>, Output: <class 'numpy.float32'>
  [ton_near_iid d1] kdclip_p30   fixed 0.3: t=0.3000 fn=69 far=0.0268 | val recall>=0.999: t=0.2148 fn=20 far=0.0529
   [QAT Strip] Input model type: Functional
   [QAT Strip] Input model class: tf_keras.src.engine.functional.Functional
   [QAT Strip] Creating TF.Keras Functional model with input shape: (37,)
   [QAT Strip] TF_USE_LEGACY_KERAS=1
   [QAT Strip] 4 Dense layers after BatchNorm folding
   [QAT Strip] Created model type: Functional
   [QAT Strip] Model class: tf_keras.src.engine.functional.Functional
   [QAT Strip] Total layers: 5
   [QAT Strip] Is tensorflow.keras model: False
   [QAT Strip] WARNING: Model is not tensorflow.keras! QAT may fail.
✅ Saved (QAT): data/processed/revision/2026-10-05_r_recall_priority_ton/recall_priority/ton_near_iid/hard_d2.tflite (55.20 KB)
   Quantization: 10/16 tensors (62.5%)
   Input: <class 'numpy.float32'>, Output: <class 'numpy.float32'>
  [ton_near_iid d2] hard         fixed 0.3: t=0.3000 fn=230 far=0.0311 | val recall>=0.999: t=0.0156 fn=12 far=0.4993
   [QAT Strip] Input model type: Functional
   [QAT Strip] Input model class: tf_keras.src.engine.functional.Functional
   [QAT Strip] Creating TF.Keras Functional model with input shape: (37,)
   [QAT Strip] TF_USE_LEGACY_KERAS=1
   [QAT Strip] 4 Dense layers after BatchNorm folding
   [QAT Strip] Created model type: Functional
   [QAT Strip] Model class: tf_keras.src.engine.functional.Functional
   [QAT Strip] Total layers: 5
   [QAT Strip] Is tensorflow.keras model: False
   [QAT Strip] WARNING: Model is not tensorflow.keras! QAT may fail.
✅ Saved (QAT): data/processed/revision/2026-10-05_r_recall_priority_ton/recall_priority/ton_near_iid/clipqat_d2.tflite (55.20 KB)
   Quantization: 10/16 tensors (62.5%)
   Input: <class 'numpy.float32'>, Output: <class 'numpy.float32'>
  [ton_near_iid d2] clipqat      fixed 0.3: t=0.3000 fn=89 far=0.0226 | val recall>=0.999: t=0.0117 fn=17 far=0.0838
   [QAT Strip] Input model type: Functional
   [QAT Strip] Input model class: tf_keras.src.engine.functional.Functional
   [QAT Strip] Creating TF.Keras Functional model with input shape: (37,)
   [QAT Strip] TF_USE_LEGACY_KERAS=1
   [QAT Strip] 4 Dense layers after BatchNorm folding
   [QAT Strip] Created model type: Functional
   [QAT Strip] Model class: tf_keras.src.engine.functional.Functional
   [QAT Strip] Total layers: 5
   [QAT Strip] Is tensorflow.keras model: False
   [QAT Strip] WARNING: Model is not tensorflow.keras! QAT may fail.
✅ Saved (QAT): data/processed/revision/2026-10-05_r_recall_priority_ton/recall_priority/ton_near_iid/kdclip_d2.tflite (55.20 KB)
   Quantization: 10/16 tensors (62.5%)
   Input: <class 'numpy.float32'>, Output: <class 'numpy.float32'>
  [ton_near_iid d2] kdclip       fixed 0.3: t=0.3000 fn=70 far=0.0278 | val recall>=0.999: t=0.2148 fn=18 far=0.0641
   [QAT Strip] Input model type: Functional
   [QAT Strip] Input model class: tf_keras.src.engine.functional.Functional
   [QAT Strip] Creating TF.Keras Functional model with input shape: (37,)
   [QAT Strip] TF_USE_LEGACY_KERAS=1
   [QAT Strip] 4 Dense layers after BatchNorm folding
   [QAT Strip] Created model type: Functional
   [QAT Strip] Model class: tf_keras.src.engine.functional.Functional
   [QAT Strip] Total layers: 5
   [QAT Strip] Is tensorflow.keras model: False
   [QAT Strip] WARNING: Model is not tensorflow.keras! QAT may fail.
✅ Saved (QAT): data/processed/revision/2026-10-05_r_recall_priority_ton/recall_priority/ton_near_iid/kdclip_fed_d2.tflite (55.20 KB)
   Quantization: 10/16 tensors (62.5%)
   Input: <class 'numpy.float32'>, Output: <class 'numpy.float32'>
  [ton_near_iid d2] kdclip_fed   fixed 0.3: t=0.3000 fn=82 far=0.0226 | val recall>=0.999: t=0.2031 fn=19 far=0.0643
   [QAT Strip] Input model type: Functional
   [QAT Strip] Input model class: tf_keras.src.engine.functional.Functional
   [QAT Strip] Creating TF.Keras Functional model with input shape: (37,)
   [QAT Strip] TF_USE_LEGACY_KERAS=1
   [QAT Strip] 4 Dense layers after BatchNorm folding
   [QAT Strip] Created model type: Functional
   [QAT Strip] Model class: tf_keras.src.engine.functional.Functional
   [QAT Strip] Total layers: 5
   [QAT Strip] Is tensorflow.keras model: False
   [QAT Strip] WARNING: Model is not tensorflow.keras! QAT may fail.
✅ Saved (QAT): data/processed/revision/2026-10-05_r_recall_priority_ton/recall_priority/ton_near_iid/kdclip_p30_d2.tflite (97.75 KB)
   Quantization: 10/16 tensors (62.5%)
   Input: <class 'numpy.float32'>, Output: <class 'numpy.float32'>
  [ton_near_iid d2] kdclip_p30   fixed 0.3: t=0.3000 fn=74 far=0.0263 | val recall>=0.999: t=0.2070 fn=25 far=0.0614
✅ saved to data/processed/revision/2026-10-05_r_recall_priority_ton/recall_priority
