{
  "tag": "no_qat__distill_progressive__prune_5x10__ptq_no",
  "fl_qat": false,
  "distillation": "progressive",
  "pruning": "prune_5x10",
  "ptq": false,
  "fl_acc": 0.9383213636499091,
  "fl_f1": 0.8503353399497441,
  "fl_prec": 0.7417254048598956,
  "fl_rec": 0.9962089925238791,
  "fl_size_kb": 864.109375,
  "dist_acc": 0.9778771940280716,
  "dist_f1": 0.9401967596088975,
  "prune_acc": 0.9772327681258753,
  "prune_f1": 0.9369896907216496,
  "final_acc": 0.9772327681258753,
  "final_f1": 0.9369896907216496,
  "final_prec": null,
  "final_rec": null,
  "tflite_size_kb": 36.9609375,
  "final_size_kb": 174.3671875
}