{
  "version": "v20",
  "data_version": "cicids2017_max2000k_bal4.0",
  "generated_at": "2026-02-13T09:55:05.884769",
  "results": [
    {
      "stage": "Original",
      "model_path": "models/tflite/saved_model_original.tflite",
      "file_size_bytes": 821632,
      "file_size_mb": 0.7835693359375,
      "parameter_count": 205777,
      "accuracy": 0.23294457443696986,
      "precision": 0.18794188986943283,
      "recall": 0.9999656770207654,
      "f1_score": 0.31641424700381754,
      "precision_normal": 0.9998900615655233,
      "recall_normal": 0.0673818502411522,
      "avg_latency_ms": 2.1721363067626953,
      "min_latency_ms": 2.1517276763916016,
      "max_latency_ms": 2.2263526916503906,
      "samples_per_second": 46037.626500998835,
      "compression_ratio": 1.0
    },
    {
      "stage": "QAT+Prune only",
      "model_path": "models/tflite/saved_model_qat_pruned_float32.tflite",
      "file_size_bytes": 248228,
      "file_size_mb": 0.23672866821289062,
      "parameter_count": 61969,
      "accuracy": 0.8763405479184947,
      "precision": 0.5915065827606194,
      "recall": 0.9807619701390081,
      "f1_score": 0.7379492013480883,
      "precision_normal": 0.9951599253911781,
      "recall_normal": 0.8538010179512066,
      "avg_latency_ms": 0.7896661758422852,
      "min_latency_ms": 0.7486343383789062,
      "max_latency_ms": 0.9109973907470703,
      "samples_per_second": 126635.78998218653,
      "compression_ratio": 3.3099892034742253
    },
    {
      "stage": "Compressed (PTQ)",
      "model_path": "models/tflite/saved_model_pruned_quantized.tflite",
      "file_size_bytes": 70920,
      "file_size_mb": 0.06763458251953125,
      "parameter_count": 61969,
      "accuracy": 0.8759749439407234,
      "precision": 0.5908178884659937,
      "recall": 0.9803500943881929,
      "f1_score": 0.737296557776946,
      "precision_normal": 0.9950547647018174,
      "recall_normal": 0.8534454018091971,
      "avg_latency_ms": 0.5423784255981445,
      "min_latency_ms": 0.5333423614501953,
      "max_latency_ms": 0.5838871002197266,
      "samples_per_second": 184373.11530177153,
      "compression_ratio": 11.585335589396504
    },
    {
      "stage": "QAT+PTQ",
      "model_path": "models/tflite/saved_model_qat_ptq.tflite",
      "file_size_bytes": 70904,
      "file_size_mb": 0.06761932373046875,
      "parameter_count": 61969,
      "accuracy": 0.8759749439407234,
      "precision": 0.5908178884659937,
      "recall": 0.9803500943881929,
      "f1_score": 0.737296557776946,
      "precision_normal": 0.9950547647018174,
      "recall_normal": 0.8534454018091971,
      "avg_latency_ms": 0.5289316177368164,
      "min_latency_ms": 0.47087669372558594,
      "max_latency_ms": 0.5815029144287109,
      "samples_per_second": 189060.35609646156,
      "compression_ratio": 11.587949904095678
    },
    {
      "stage": "noQAT+PTQ",
      "model_path": "models/tflite/saved_model_no_qat_ptq.tflite",
      "file_size_bytes": 70920,
      "file_size_mb": 0.06763458251953125,
      "parameter_count": 61969,
      "accuracy": 0.8224688017938968,
      "precision": 0.0,
      "recall": 0.0,
      "f1_score": 0.0,
      "precision_normal": 0.8224688017938968,
      "recall_normal": 1.0,
      "avg_latency_ms": 0.5269765853881836,
      "min_latency_ms": 0.4680156707763672,
      "max_latency_ms": 0.5898475646972656,
      "samples_per_second": 189761.7517983984,
      "compression_ratio": 11.585335589396504
    }
  ]
}