{
  "tag": "yes_qat__distill_direct__prune_10x2__ptq_yes",
  "fl_qat": true,
  "distillation": "direct",
  "pruning": "prune_10x2",
  "ptq": true,
  "fl_acc": 0.92841897225295,
  "fl_f1": 0.8047300468202605,
  "fl_prec": 0.7517765928161417,
  "fl_rec": 0.8657086165803717,
  "fl_size_kb": 847.7265625,
  "dist_acc": 0.9286250097517749,
  "dist_f1": 0.8040721969326736,
  "prune_acc": 0.9444938978894158,
  "prune_f1": 0.8469160322189121,
  "final_acc": 0.9379587084849442,
  "final_f1": 0.7967042691120273,
  "final_prec": 0.901837122336321,
  "final_rec": 0.7135242389019995,
  "tflite_size_kb": 1.84375,
  "final_size_kb": 19.765625
}