{
  "version": "v23",
  "data_version": "cicids2017_max2000k_bal4.0",
  "generated_at": "2026-02-24T11:18:17.180865",
  "results": [
    {
      "stage": "Baseline",
      "model_path": "models/tflite/saved_model_original.tflite",
      "file_size_bytes": 817528,
      "file_size_mb": 0.7796554565429688,
      "parameter_count": 204880,
      "accuracy": 0.17753119820610314,
      "precision": 0.17753119820610314,
      "recall": 1.0,
      "f1_score": 0.3015312010018267,
      "precision_normal": 0.0,
      "recall_normal": 0.0,
      "avg_latency_ms": 1.9023418426513672,
      "min_latency_ms": 1.8701553344726562,
      "max_latency_ms": 1.9748210906982422,
      "samples_per_second": 52566.787818022305,
      "compression_ratio": 1.0
    },
    {
      "stage": "Traditional+PTQ",
      "model_path": "models/tflite/saved_model_no_qat_ptq.tflite",
      "file_size_bytes": 70856,
      "file_size_mb": 0.06757354736328125,
      "parameter_count": 61969,
      "accuracy": 0.2203982645997855,
      "precision": 0.18548227939163595,
      "recall": 1.0,
      "f1_score": 0.31292290507593495,
      "precision_normal": 1.0,
      "recall_normal": 0.05211999081324967,
      "avg_latency_ms": 0.4914283752441406,
      "min_latency_ms": 0.48422813415527344,
      "max_latency_ms": 0.5371570587158203,
      "samples_per_second": 203488.45332815836,
      "compression_ratio": 11.537879643220052
    },
    {
      "stage": "Traditional+QAT",
      "model_path": "models/tflite/saved_model_traditional_qat.tflite",
      "file_size_bytes": 66600,
      "file_size_mb": 0.06351470947265625,
      "parameter_count": 62048,
      "accuracy": 0.9531143365506484,
      "precision": 0.811639704065466,
      "recall": 0.9582975802299639,
      "f1_score": 0.878892570178407,
      "precision_normal": 0.990633130962706,
      "recall_normal": 0.9519955251635464,
      "avg_latency_ms": 0.4841804504394531,
      "min_latency_ms": 0.47779083251953125,
      "max_latency_ms": 0.5211830139160156,
      "samples_per_second": 206534.5676580658,
      "compression_ratio": 12.275195195195195
    },
    {
      "stage": "QAT+PTQ",
      "model_path": "models/tflite/saved_model_qat_ptq.tflite",
      "file_size_bytes": 68624,
      "file_size_mb": 0.0654449462890625,
      "parameter_count": 61520,
      "accuracy": 0.17753119820610314,
      "precision": 0.17753119820610314,
      "recall": 1.0,
      "f1_score": 0.3015312010018267,
      "precision_normal": 0.0,
      "recall_normal": 0.0,
      "avg_latency_ms": 0.5004405975341797,
      "min_latency_ms": 0.4940032958984375,
      "max_latency_ms": 0.5395412445068359,
      "samples_per_second": 199823.91615054788,
      "compression_ratio": 11.913149918395897
    },
    {
      "stage": "QAT+QAT",
      "model_path": "models/tflite/saved_model_pruned_qat.tflite",
      "file_size_bytes": 66600,
      "file_size_mb": 0.06351470947265625,
      "parameter_count": 62048,
      "accuracy": 0.9351174807448571,
      "precision": 0.7510251744833392,
      "recall": 0.9492019907327957,
      "f1_score": 0.8385639346250644,
      "precision_normal": 0.9883729151772738,
      "recall_normal": 0.9320773168762085,
      "avg_latency_ms": 0.48410892486572266,
      "min_latency_ms": 0.47588348388671875,
      "max_latency_ms": 0.5233287811279297,
      "samples_per_second": 206565.08249199702,
      "compression_ratio": 12.275195195195195
    }
  ]
}