{
  "version": "v8_centralized",
  "data_version": "cicids2017_max1500k",
  "generated_at": "2026-02-02T00:51:13.398174",
  "results": [
    {
      "stage": "Original",
      "model_path": "models/tflite/saved_model_original.tflite",
      "file_size_bytes": 215612,
      "file_size_mb": 0.20562362670898438,
      "parameter_count": 53844,
      "accuracy": 0.34681259643241685,
      "precision": 0.22397667356026307,
      "recall": 0.8288546065672671,
      "f1_score": 0.35265688082814156,
      "avg_latency_ms": 0.7031440734863281,
      "min_latency_ms": 0.5071163177490234,
      "max_latency_ms": 1.0395050048828125,
      "samples_per_second": 142218.36430218362,
      "compression_ratio": 1.0
    },
    {
      "stage": "Compressed",
      "model_path": "models/tflite/saved_model_pruned_quantized.tflite",
      "file_size_bytes": 21648,
      "file_size_mb": 0.0206451416015625,
      "parameter_count": 18772,
      "accuracy": 0.21618991589798237,
      "precision": 0.2149346004306846,
      "recall": 0.9995690769628545,
      "f1_score": 0.353793873429769,
      "avg_latency_ms": 0.9995937347412109,
      "min_latency_ms": 0.7374286651611328,
      "max_latency_ms": 1.3604164123535156,
      "samples_per_second": 100040.64303773314,
      "compression_ratio": 9.95990391722099
    }
  ]
}