{
  "version": "v20",
  "data_version": "cicids2017_max2000k_bal4.0",
  "generated_at": "2026-02-17T20:07:51.200591",
  "results": [
    {
      "stage": "Original",
      "model_path": "models/tflite/saved_model_original.tflite",
      "file_size_bytes": 821632,
      "file_size_mb": 0.7835693359375,
      "parameter_count": 205777,
      "accuracy": 0.7726034659257093,
      "precision": 0.42945684312153576,
      "recall": 0.8549854127338253,
      "f1_score": 0.5717335047080223,
      "precision_normal": 0.9601822662651908,
      "recall_normal": 0.7548211917585959,
      "avg_latency_ms": 2.193140983581543,
      "min_latency_ms": 2.1114349365234375,
      "max_latency_ms": 2.572774887084961,
      "samples_per_second": 45596.703882070295,
      "compression_ratio": 1.0
    },
    {
      "stage": "QAT+Prune only",
      "model_path": "models/tflite/saved_model_qat_pruned_float32.tflite",
      "file_size_bytes": 248228,
      "file_size_mb": 0.23672866821289062,
      "parameter_count": 61969,
      "accuracy": 0.9026914546163596,
      "precision": 0.7296802219082011,
      "recall": 0.7177964647331389,
      "f1_score": 0.7236895606059295,
      "precision_normal": 0.9392993063938014,
      "recall_normal": 0.9426013320787986,
      "avg_latency_ms": 0.8383989334106445,
      "min_latency_ms": 0.8263587951660156,
      "max_latency_ms": 0.8914470672607422,
      "samples_per_second": 119274.96089862079,
      "compression_ratio": 3.3099892034742253
    },
    {
      "stage": "Compressed (PTQ)",
      "model_path": "models/tflite/saved_model_pruned_quantized.tflite",
      "file_size_bytes": 70920,
      "file_size_mb": 0.06763458251953125,
      "parameter_count": 61969,
      "accuracy": 0.9032642341815346,
      "precision": 0.7314735610914233,
      "recall": 0.7190835764544362,
      "f1_score": 0.7252256540288872,
      "precision_normal": 0.9395846328167387,
      "recall_normal": 0.9430199219126222,
      "avg_latency_ms": 0.5438804626464844,
      "min_latency_ms": 0.5347728729248047,
      "max_latency_ms": 0.5981922149658203,
      "samples_per_second": 183863.9312642469,
      "compression_ratio": 11.585335589396504
    },
    {
      "stage": "QAT+PTQ",
      "model_path": "models/tflite/saved_model_qat_ptq.tflite",
      "file_size_bytes": 70904,
      "file_size_mb": 0.06761932373046875,
      "parameter_count": 61969,
      "accuracy": 0.9032642341815346,
      "precision": 0.7314735610914233,
      "recall": 0.7190835764544362,
      "f1_score": 0.7252256540288872,
      "precision_normal": 0.9395846328167387,
      "recall_normal": 0.9430199219126222,
      "avg_latency_ms": 0.6853818893432617,
      "min_latency_ms": 0.5311965942382812,
      "max_latency_ms": 0.8041858673095703,
      "samples_per_second": 145904.05955404043,
      "compression_ratio": 11.587949904095678
    },
    {
      "stage": "noQAT+PTQ",
      "model_path": "models/tflite/saved_model_no_qat_ptq.tflite",
      "file_size_bytes": 70920,
      "file_size_mb": 0.06763458251953125,
      "parameter_count": 61969,
      "accuracy": 0.8224688017938968,
      "precision": 0.0,
      "recall": 0.0,
      "f1_score": 0.0,
      "precision_normal": 0.8224688017938968,
      "recall_normal": 1.0,
      "avg_latency_ms": 0.5410194396972656,
      "min_latency_ms": 0.5319118499755859,
      "max_latency_ms": 0.5917549133300781,
      "samples_per_second": 184836.2418473471,
      "compression_ratio": 11.585335589396504
    }
  ]
}