{
  "version": "v20",
  "data_version": "cicids2017_max2000k_bal4.0",
  "generated_at": "2026-02-16T15:33:22.001071",
  "results": [
    {
      "stage": "Original",
      "model_path": "models/tflite/saved_model_original.tflite",
      "file_size_bytes": 821632,
      "file_size_mb": 0.7835693359375,
      "parameter_count": 205777,
      "accuracy": 0.6632299892756166,
      "precision": 0.29181868875965905,
      "recall": 0.628659687660889,
      "f1_score": 0.3986071817192601,
      "precision_normal": 0.8932479501119914,
      "recall_normal": 0.6706920438296895,
      "avg_latency_ms": 1.913309097290039,
      "min_latency_ms": 1.8820762634277344,
      "max_latency_ms": 2.0384788513183594,
      "samples_per_second": 52265.47040498443,
      "compression_ratio": 1.0
    },
    {
      "stage": "QAT+Prune only",
      "model_path": "models/tflite/saved_model_qat_pruned_float32.tflite",
      "file_size_bytes": 248228,
      "file_size_mb": 0.23672866821289062,
      "parameter_count": 61969,
      "accuracy": 0.867553865652725,
      "precision": 0.5734975663057514,
      "recall": 0.9908014415651278,
      "f1_score": 0.7264879828866239,
      "precision_normal": 0.9976445151480527,
      "recall_normal": 0.8409506804863051,
      "avg_latency_ms": 0.8356332778930664,
      "min_latency_ms": 0.7569789886474609,
      "max_latency_ms": 0.942230224609375,
      "samples_per_second": 119669.71953550742,
      "compression_ratio": 3.3099892034742253
    },
    {
      "stage": "Compressed (PTQ)",
      "model_path": "models/tflite/saved_model_pruned_quantized.tflite",
      "file_size_bytes": 70920,
      "file_size_mb": 0.06763458251953125,
      "parameter_count": 61969,
      "accuracy": 0.8671364677781027,
      "precision": 0.5727369246187277,
      "recall": 0.990578342200103,
      "f1_score": 0.7258175050769878,
      "precision_normal": 0.9975862084126572,
      "recall_normal": 0.840491342969543,
      "avg_latency_ms": 0.513911247253418,
      "min_latency_ms": 0.4775524139404297,
      "max_latency_ms": 0.5681514739990234,
      "samples_per_second": 194586.1285084667,
      "compression_ratio": 11.585335589396504
    },
    {
      "stage": "QAT+PTQ",
      "model_path": "models/tflite/saved_model_qat_ptq.tflite",
      "file_size_bytes": 70904,
      "file_size_mb": 0.06761932373046875,
      "parameter_count": 61969,
      "accuracy": 0.8671364677781027,
      "precision": 0.5727369246187277,
      "recall": 0.990578342200103,
      "f1_score": 0.7258175050769878,
      "precision_normal": 0.9975862084126572,
      "recall_normal": 0.840491342969543,
      "avg_latency_ms": 0.4920005798339844,
      "min_latency_ms": 0.47850608825683594,
      "max_latency_ms": 0.5452632904052734,
      "samples_per_second": 203251.79298313626,
      "compression_ratio": 11.587949904095678
    },
    {
      "stage": "noQAT+PTQ",
      "model_path": "models/tflite/saved_model_no_qat_ptq.tflite",
      "file_size_bytes": 70920,
      "file_size_mb": 0.06763458251953125,
      "parameter_count": 61969,
      "accuracy": 0.8224688017938968,
      "precision": 0.0,
      "recall": 0.0,
      "f1_score": 0.0,
      "precision_normal": 0.8224688017938968,
      "recall_normal": 1.0,
      "avg_latency_ms": 0.5048274993896484,
      "min_latency_ms": 0.47206878662109375,
      "max_latency_ms": 0.5819797515869141,
      "samples_per_second": 198087.4657598942,
      "compression_ratio": 11.585335589396504
    }
  ]
}