{
  "version": "v20",
  "data_version": "cicids2017_max2000k_bal4.0",
  "generated_at": "2026-02-21T10:26:35.017591",
  "results": [
    {
      "stage": "Original",
      "model_path": "models/tflite/saved_model_original.tflite",
      "file_size_bytes": 821632,
      "file_size_mb": 0.7835693359375,
      "parameter_count": 205777,
      "accuracy": 0.8749969533001852,
      "precision": 0.6165515190027446,
      "recall": 0.782598249528059,
      "f1_score": 0.6897219302292166,
      "precision_normal": 0.9501771801416654,
      "recall_normal": 0.8949413603799166,
      "avg_latency_ms": 1.907968521118164,
      "min_latency_ms": 1.8589496612548828,
      "max_latency_ms": 1.9755363464355469,
      "samples_per_second": 52411.7661759928,
      "compression_ratio": 1.0
    },
    {
      "stage": "QAT+Prune only",
      "model_path": "models/tflite/saved_model_qat_pruned_float32.tflite",
      "file_size_bytes": 248228,
      "file_size_mb": 0.23672866821289062,
      "parameter_count": 61969,
      "accuracy": 0.3341254752851711,
      "precision": 0.2104555800426316,
      "recall": 0.9996910931868886,
      "f1_score": 0.34771085775681965,
      "precision_normal": 0.9996500369405452,
      "recall_normal": 0.19046207872452345,
      "avg_latency_ms": 0.7465839385986328,
      "min_latency_ms": 0.7369518280029297,
      "max_latency_ms": 0.7925033569335938,
      "samples_per_second": 133943.41189244427,
      "compression_ratio": 3.3099892034742253
    },
    {
      "stage": "Compressed (PTQ)",
      "model_path": "models/tflite/saved_model_pruned_quantized.tflite",
      "file_size_bytes": 70920,
      "file_size_mb": 0.06763458251953125,
      "parameter_count": 61969,
      "accuracy": 0.3261278882714244,
      "precision": 0.20847842814451623,
      "recall": 0.9996910931868886,
      "f1_score": 0.34500792158372445,
      "precision_normal": 0.9996312155545084,
      "recall_normal": 0.18073819984145448,
      "avg_latency_ms": 0.4773855209350586,
      "min_latency_ms": 0.4661083221435547,
      "max_latency_ms": 0.5176067352294922,
      "samples_per_second": 209474.30454976775,
      "compression_ratio": 11.585335589396504
    },
    {
      "stage": "QAT+PTQ",
      "model_path": "models/tflite/saved_model_qat_ptq.tflite",
      "file_size_bytes": 70904,
      "file_size_mb": 0.06761932373046875,
      "parameter_count": 61969,
      "accuracy": 0.3261278882714244,
      "precision": 0.20847842814451623,
      "recall": 0.9996910931868886,
      "f1_score": 0.34500792158372445,
      "precision_normal": 0.9996312155545084,
      "recall_normal": 0.18073819984145448,
      "avg_latency_ms": 0.47719478607177734,
      "min_latency_ms": 0.4673004150390625,
      "max_latency_ms": 0.5295276641845703,
      "samples_per_second": 209558.0314763927,
      "compression_ratio": 11.587949904095678
    },
    {
      "stage": "noQAT+PTQ",
      "model_path": "models/tflite/saved_model_no_qat_ptq.tflite",
      "file_size_bytes": 70920,
      "file_size_mb": 0.06763458251953125,
      "parameter_count": 61969,
      "accuracy": 0.8224688017938968,
      "precision": 0.0,
      "recall": 0.0,
      "f1_score": 0.0,
      "precision_normal": 0.8224688017938968,
      "recall_normal": 1.0,
      "avg_latency_ms": 0.4846334457397461,
      "min_latency_ms": 0.46539306640625,
      "max_latency_ms": 0.5478858947753906,
      "samples_per_second": 206341.51620996703,
      "compression_ratio": 11.585335589396504
    }
  ]
}