{
  "version": "v20",
  "data_version": "cicids2017_max2000k_bal4.0",
  "generated_at": "2026-02-22T00:48:11.508844",
  "results": [
    {
      "stage": "Original",
      "model_path": "models/tflite/saved_model_original.tflite",
      "file_size_bytes": 821632,
      "file_size_mb": 0.7835693359375,
      "parameter_count": 205777,
      "accuracy": 0.3252138783269962,
      "precision": 0.20571721185850855,
      "recall": 0.9789943367084263,
      "f1_score": 0.3399915964633627,
      "precision_normal": 0.9759627658529879,
      "recall_normal": 0.184094327181668,
      "avg_latency_ms": 1.9098758697509766,
      "min_latency_ms": 1.8758773803710938,
      "max_latency_ms": 2.0444393157958984,
      "samples_per_second": 52359.42376351335,
      "compression_ratio": 1.0
    },
    {
      "stage": "QAT+Prune only",
      "model_path": "models/tflite/saved_model_qat_pruned_float32.tflite",
      "file_size_bytes": 248228,
      "file_size_mb": 0.23672866821289062,
      "parameter_count": 61969,
      "accuracy": 0.6844746270839427,
      "precision": 0.359866837451348,
      "recall": 0.9980607516732453,
      "f1_score": 0.5289957567185289,
      "precision_normal": 0.9993217978957729,
      "recall_normal": 0.6167865636367678,
      "avg_latency_ms": 0.7327556610107422,
      "min_latency_ms": 0.7104873657226562,
      "max_latency_ms": 0.7796287536621094,
      "samples_per_second": 136471.1394546756,
      "compression_ratio": 3.3099892034742253
    },
    {
      "stage": "Compressed (PTQ)",
      "model_path": "models/tflite/saved_model_pruned_quantized.tflite",
      "file_size_bytes": 70920,
      "file_size_mb": 0.06763458251953125,
      "parameter_count": 61969,
      "accuracy": 0.6818514185434338,
      "precision": 0.35795797274506663,
      "recall": 0.998043590183628,
      "f1_score": 0.526928095100029,
      "precision_normal": 0.9993122503891215,
      "recall_normal": 0.6136008356979338,
      "avg_latency_ms": 0.47745704650878906,
      "min_latency_ms": 0.4711151123046875,
      "max_latency_ms": 0.5137920379638672,
      "samples_per_second": 209442.9241985419,
      "compression_ratio": 11.585335589396504
    },
    {
      "stage": "QAT+PTQ",
      "model_path": "models/tflite/saved_model_qat_ptq.tflite",
      "file_size_bytes": 70904,
      "file_size_mb": 0.06761932373046875,
      "parameter_count": 61969,
      "accuracy": 0.6818514185434338,
      "precision": 0.35795797274506663,
      "recall": 0.998043590183628,
      "f1_score": 0.526928095100029,
      "precision_normal": 0.9993122503891215,
      "recall_normal": 0.6136008356979338,
      "avg_latency_ms": 0.4810333251953125,
      "min_latency_ms": 0.4715919494628906,
      "max_latency_ms": 0.5257129669189453,
      "samples_per_second": 207885.80491673274,
      "compression_ratio": 11.587949904095678
    },
    {
      "stage": "noQAT+PTQ",
      "model_path": "models/tflite/saved_model_no_qat_ptq.tflite",
      "file_size_bytes": 70920,
      "file_size_mb": 0.06763458251953125,
      "parameter_count": 61969,
      "accuracy": 0.8224688017938968,
      "precision": 0.0,
      "recall": 0.0,
      "f1_score": 0.0,
      "precision_normal": 0.8224688017938968,
      "recall_normal": 1.0,
      "avg_latency_ms": 0.4781007766723633,
      "min_latency_ms": 0.4696846008300781,
      "max_latency_ms": 0.5152225494384766,
      "samples_per_second": 209160.92355258565,
      "compression_ratio": 11.585335589396504
    }
  ]
}