{
  "version": "v23",
  "data_version": "cicids2017_max2000k_bal4.0",
  "generated_at": "2026-02-24T05:22:48.957657",
  "results": [
    {
      "stage": "Baseline",
      "model_path": "models/tflite/saved_model_original.tflite",
      "file_size_bytes": 817528,
      "file_size_mb": 0.7796554565429688,
      "parameter_count": 204880,
      "accuracy": 0.18356061713951446,
      "precision": 0.1779645139791089,
      "recall": 0.9944053543847606,
      "f1_score": 0.30189937555846746,
      "precision_normal": 0.8760927404028886,
      "recall_normal": 0.008538491743037703,
      "avg_latency_ms": 1.8741130828857422,
      "min_latency_ms": 1.856088638305664,
      "max_latency_ms": 1.9574165344238281,
      "samples_per_second": 53358.57313691067,
      "compression_ratio": 1.0
    },
    {
      "stage": "Traditional+PTQ",
      "model_path": "models/tflite/saved_model_no_qat_ptq.tflite",
      "file_size_bytes": 70856,
      "file_size_mb": 0.06757354736328125,
      "parameter_count": 61969,
      "accuracy": 0.2203982645997855,
      "precision": 0.18548227939163595,
      "recall": 1.0,
      "f1_score": 0.31292290507593495,
      "precision_normal": 1.0,
      "recall_normal": 0.05211999081324967,
      "avg_latency_ms": 0.504302978515625,
      "min_latency_ms": 0.4763603210449219,
      "max_latency_ms": 0.7305145263671875,
      "samples_per_second": 198293.49470499245,
      "compression_ratio": 11.537879643220052
    },
    {
      "stage": "Traditional+QAT",
      "model_path": "models/tflite/saved_model_traditional_qat.tflite",
      "file_size_bytes": 66600,
      "file_size_mb": 0.06351470947265625,
      "parameter_count": 62048,
      "accuracy": 0.9638752802963829,
      "precision": 0.8702790675410463,
      "recall": 0.9360391281963274,
      "f1_score": 0.9019620813110308,
      "precision_normal": 0.98596503119928,
      "recall_normal": 0.9698837579735807,
      "avg_latency_ms": 0.4856586456298828,
      "min_latency_ms": 0.47850608825683594,
      "max_latency_ms": 0.5314350128173828,
      "samples_per_second": 205905.94010800196,
      "compression_ratio": 12.275195195195195
    },
    {
      "stage": "QAT+PTQ",
      "model_path": "models/tflite/saved_model_qat_ptq.tflite",
      "file_size_bytes": 68624,
      "file_size_mb": 0.0654449462890625,
      "parameter_count": 61520,
      "accuracy": 0.17754033830554744,
      "precision": 0.17753282087374056,
      "recall": 1.0,
      "f1_score": 0.30153354153136813,
      "precision_normal": 1.0,
      "recall_normal": 1.1113004437793105e-05,
      "avg_latency_ms": 0.47423839569091797,
      "min_latency_ms": 0.4661083221435547,
      "max_latency_ms": 0.5156993865966797,
      "samples_per_second": 210864.41104016892,
      "compression_ratio": 11.913149918395897
    },
    {
      "stage": "QAT+QAT",
      "model_path": "models/tflite/saved_model_pruned_qat.tflite",
      "file_size_bytes": 66600,
      "file_size_mb": 0.06351470947265625,
      "parameter_count": 62048,
      "accuracy": 0.9578458613629717,
      "precision": 0.8642728316117396,
      "recall": 0.9046164407070534,
      "f1_score": 0.8839845715244005,
      "precision_normal": 0.9792017482805332,
      "recall_normal": 0.9693355164213162,
      "avg_latency_ms": 0.4808187484741211,
      "min_latency_ms": 0.4737377166748047,
      "max_latency_ms": 0.5204677581787109,
      "samples_per_second": 207978.57886646502,
      "compression_ratio": 12.275195195195195
    }
  ]
}