{
  "version": "v2_20260130_145009",
  "data_version": "cicids2017_max200k",
  "generated_at": "2026-01-30T14:50:11.286623",
  "results": [
    {
      "stage": "Original",
      "model_path": "models/tflite/saved_model_original.tflite",
      "file_size_bytes": 215612,
      "file_size_mb": 0.20562362670898438,
      "parameter_count": 53844,
      "accuracy": 0.2601,
      "precision": 0.0296093306152458,
      "recall": 0.6131487889273356,
      "f1_score": 0.05649069115021678,
      "avg_latency_ms": 0.4542112350463867,
      "min_latency_ms": 0.4436969757080078,
      "max_latency_ms": 0.5071163177490234,
      "samples_per_second": 220161.88126607527,
      "compression_ratio": 1.0
    },
    {
      "stage": "Compressed",
      "model_path": "models/tflite/saved_model_pruned_quantized.tflite",
      "file_size_bytes": 21648,
      "file_size_mb": 0.0206451416015625,
      "parameter_count": 18772,
      "accuracy": 0.03835,
      "precision": 0.036205557365137434,
      "recall": 1.0,
      "f1_score": 0.06988103298191314,
      "avg_latency_ms": 0.652766227722168,
      "min_latency_ms": 0.6384849548339844,
      "max_latency_ms": 0.7112026214599609,
      "samples_per_second": 153194.19993425618,
      "compression_ratio": 9.95990391722099
    }
  ]
}