{
  "version": "v11",
  "data_version": "cicids2017_max1500k_bal1.0",
  "generated_at": "2026-02-04T02:49:40.989355",
  "results": [
    {
      "stage": "Original",
      "model_path": "models/tflite/saved_model_original.tflite",
      "file_size_bytes": 821648,
      "file_size_mb": 0.7835845947265625,
      "parameter_count": 205777,
      "accuracy": 0.9010223273309622,
      "precision": 0.882739420935412,
      "recall": 0.5038560955972711,
      "f1_score": 0.6415333567131566,
      "precision_normal": 0.9030612878521309,
      "recall_normal": 0.9857257113421627,
      "avg_latency_ms": 1.5520095825195312,
      "min_latency_ms": 1.4910697937011719,
      "max_latency_ms": 1.7290115356445312,
      "samples_per_second": 64432.591864323455,
      "compression_ratio": 1.0
    },
    {
      "stage": "Compressed (PTQ)",
      "model_path": "models/tflite/saved_model_pruned_quantized.tflite",
      "file_size_bytes": 70896,
      "file_size_mb": 0.0676116943359375,
      "parameter_count": 61969,
      "accuracy": 0.82421928828141,
      "precision": 0.0,
      "recall": 0.0,
      "f1_score": 0.0,
      "precision_normal": 0.82421928828141,
      "recall_normal": 1.0,
      "avg_latency_ms": 0.41260719299316406,
      "min_latency_ms": 0.40221214294433594,
      "max_latency_ms": 0.46324729919433594,
      "samples_per_second": 242361.26199006126,
      "compression_ratio": 11.589483186639585
    }
  ]
}