{
  "version": "v20",
  "data_version": "cicids2017_max2000k_bal4.0",
  "generated_at": "2026-02-12T13:07:02.937526",
  "results": [
    {
      "stage": "Original",
      "model_path": "models/tflite/saved_model_original.tflite",
      "file_size_bytes": 821652,
      "file_size_mb": 0.7835884094238281,
      "parameter_count": 205777,
      "accuracy": 0.46175477722530955,
      "precision": 0.23041191338206163,
      "recall": 0.8682855671872318,
      "f1_score": 0.3641827571935002,
      "precision_normal": 0.9293531788768306,
      "recall_normal": 0.37400446001911436,
      "avg_latency_ms": 2.264881134033203,
      "min_latency_ms": 2.087831497192383,
      "max_latency_ms": 2.6466846466064453,
      "samples_per_second": 44152.42747063034,
      "compression_ratio": 1.0
    },
    {
      "stage": "QAT+Prune only",
      "model_path": "models/tflite/saved_model_qat_pruned_float32.tflite",
      "file_size_bytes": 248212,
      "file_size_mb": 0.23671340942382812,
      "parameter_count": 61969,
      "accuracy": 0.8144894949790387,
      "precision": 0.48897049533804443,
      "recall": 0.9962931182426634,
      "f1_score": 0.6559885195794279,
      "precision_normal": 0.9989689589827062,
      "recall_normal": 0.7752468939152596,
      "avg_latency_ms": 0.7945537567138672,
      "min_latency_ms": 0.7829666137695312,
      "max_latency_ms": 0.8454322814941406,
      "samples_per_second": 125856.80849786954,
      "compression_ratio": 3.3102831450534222
    },
    {
      "stage": "Compressed (PTQ)",
      "model_path": "models/tflite/saved_model_pruned_quantized.tflite",
      "file_size_bytes": 70920,
      "file_size_mb": 0.06763458251953125,
      "parameter_count": 61969,
      "accuracy": 0.8140599103051575,
      "precision": 0.488391069535811,
      "recall": 0.9963446027115154,
      "f1_score": 0.6554780291740053,
      "precision_normal": 0.9989825650823979,
      "recall_normal": 0.7747134697022455,
      "avg_latency_ms": 0.5463361740112305,
      "min_latency_ms": 0.5311965942382812,
      "max_latency_ms": 0.6070137023925781,
      "samples_per_second": 183037.48636264456,
      "compression_ratio": 11.585617597292725
    },
    {
      "stage": "QAT+PTQ",
      "model_path": "models/tflite/saved_model_qat_ptq.tflite",
      "file_size_bytes": 70904,
      "file_size_mb": 0.06761932373046875,
      "parameter_count": 61969,
      "accuracy": 0.8140599103051575,
      "precision": 0.488391069535811,
      "recall": 0.9963446027115154,
      "f1_score": 0.6554780291740053,
      "precision_normal": 0.9989825650823979,
      "recall_normal": 0.7747134697022455,
      "avg_latency_ms": 0.4777669906616211,
      "min_latency_ms": 0.46944618225097656,
      "max_latency_ms": 0.5271434783935547,
      "samples_per_second": 209307.0512500624,
      "compression_ratio": 11.58823197562902
    },
    {
      "stage": "noQAT+PTQ",
      "model_path": "models/tflite/saved_model_no_qat_ptq.tflite",
      "file_size_bytes": 70920,
      "file_size_mb": 0.06763458251953125,
      "parameter_count": 61969,
      "accuracy": 0.8224688017938968,
      "precision": 0.0,
      "recall": 0.0,
      "f1_score": 0.0,
      "precision_normal": 0.8224688017938968,
      "recall_normal": 1.0,
      "avg_latency_ms": 0.5174398422241211,
      "min_latency_ms": 0.4680156707763672,
      "max_latency_ms": 0.5824565887451172,
      "samples_per_second": 193259.1807584205,
      "compression_ratio": 11.585617597292725
    }
  ]
}