{
  "version": "v20",
  "data_version": "cicids2017_max2000k_bal4.0",
  "generated_at": "2026-02-19T15:14:10.670074",
  "results": [
    {
      "stage": "Original",
      "model_path": "models/tflite/saved_model_original.tflite",
      "file_size_bytes": 821632,
      "file_size_mb": 0.7835693359375,
      "parameter_count": 205777,
      "accuracy": 0.3761638393292386,
      "precision": 0.22054514376411696,
      "recall": 0.9920027458383388,
      "f1_score": 0.360862263785795,
      "precision_normal": 0.9929530607307041,
      "recall_normal": 0.2432340324647903,
      "avg_latency_ms": 2.068948745727539,
      "min_latency_ms": 1.9397735595703125,
      "max_latency_ms": 2.1944046020507812,
      "samples_per_second": 48333.72513770772,
      "compression_ratio": 1.0
    },
    {
      "stage": "QAT+Prune only",
      "model_path": "models/tflite/saved_model_qat_pruned_float32.tflite",
      "file_size_bytes": 248228,
      "file_size_mb": 0.23672866821289062,
      "parameter_count": 61969,
      "accuracy": 0.8253905869162523,
      "precision": 0.5041588967431372,
      "recall": 0.9975459069847262,
      "f1_score": 0.6698009391294327,
      "precision_normal": 0.9993284146358645,
      "recall_normal": 0.7882305874334146,
      "avg_latency_ms": 0.7583141326904297,
      "min_latency_ms": 0.7476806640625,
      "max_latency_ms": 0.8203983306884766,
      "samples_per_second": 131871.47079167454,
      "compression_ratio": 3.3099892034742253
    },
    {
      "stage": "Compressed (PTQ)",
      "model_path": "models/tflite/saved_model_pruned_quantized.tflite",
      "file_size_bytes": 70920,
      "file_size_mb": 0.06763458251953125,
      "parameter_count": 61969,
      "accuracy": 0.8244095495758994,
      "precision": 0.5027546422424604,
      "recall": 0.9975973914535782,
      "f1_score": 0.6685720529291,
      "precision_normal": 0.9993414894567758,
      "recall_normal": 0.7870266786193203,
      "avg_latency_ms": 0.4889965057373047,
      "min_latency_ms": 0.48160552978515625,
      "max_latency_ms": 0.5383491516113281,
      "samples_per_second": 204500.43881033643,
      "compression_ratio": 11.585335589396504
    },
    {
      "stage": "QAT+PTQ",
      "model_path": "models/tflite/saved_model_qat_ptq.tflite",
      "file_size_bytes": 70904,
      "file_size_mb": 0.06761932373046875,
      "parameter_count": 61969,
      "accuracy": 0.8244095495758994,
      "precision": 0.5027546422424604,
      "recall": 0.9975973914535782,
      "f1_score": 0.6685720529291,
      "precision_normal": 0.9993414894567758,
      "recall_normal": 0.7870266786193203,
      "avg_latency_ms": 0.4822731018066406,
      "min_latency_ms": 0.4749298095703125,
      "max_latency_ms": 0.5247592926025391,
      "samples_per_second": 207351.39410717817,
      "compression_ratio": 11.587949904095678
    },
    {
      "stage": "noQAT+PTQ",
      "model_path": "models/tflite/saved_model_no_qat_ptq.tflite",
      "file_size_bytes": 70920,
      "file_size_mb": 0.06763458251953125,
      "parameter_count": 61969,
      "accuracy": 0.8224688017938968,
      "precision": 0.0,
      "recall": 0.0,
      "f1_score": 0.0,
      "precision_normal": 0.8224688017938968,
      "recall_normal": 1.0,
      "avg_latency_ms": 0.4848480224609375,
      "min_latency_ms": 0.47659873962402344,
      "max_latency_ms": 0.5259513854980469,
      "samples_per_second": 206250.19669551533,
      "compression_ratio": 11.585335589396504
    }
  ]
}