WARNING: All log messages before absl::InitializeLog() is called are written to STDERR
I0000 00:00:1791183668.814934  631699 port.cc:153] oneDNN custom operations are on. You may see slightly different numerical results due to floating-point round-off errors from different computation orders. To turn them off, set the environment variable `TF_ENABLE_ONEDNN_OPTS=0`.
I0000 00:00:1791183668.816594  631699 cudart_stub.cc:31] Could not find cuda drivers on your machine, GPU will not be used.
WARNING: All log messages before absl::InitializeLog() is called are written to STDERR
I0000 00:00:1791183669.813140  631699 port.cc:153] oneDNN custom operations are on. You may see slightly different numerical results due to floating-point round-off errors from different computation orders. To turn them off, set the environment variable `TF_ENABLE_ONEDNN_OPTS=0`.
I0000 00:00:1791183669.817545  631699 cudart_stub.cc:31] Could not find cuda drivers on your machine, GPU will not be used.
E0000 00:00:1791183670.534746  631699 cuda_platform.cc:52] failed call to cuInit: INTERNAL: CUDA error: Failed call to cuInit: CUDA_ERROR_NO_DEVICE: no CUDA-capable device is detected
[93mWARNING [0m:   DEPRECATED FEATURE: flwr.simulation.start_simulation() is deprecated.
	Instead, use the `flwr run` CLI command to start a local simulation in your Flower app, as shown for example below:

		$ flwr new  # Create a new Flower app from a template

		$ flwr run  # Run the Flower app in Simulation Mode

	Using `start_simulation()` is deprecated.

            This is a deprecated feature. It will be removed
            entirely in future versions of Flower.
        
[92mINFO [0m:      Starting Flower simulation, config: num_rounds=60, no round_timeout
2026-10-05 03:01:18,389	INFO worker.py:2012 -- Started a local Ray instance.
[2026-10-05 03:01:18,397 I 631699 631699] logging.cc:303: Set ray log level from environment variable RAY_BACKEND_LOG_LEVEL to 1
/home/danielpark605/tinyml-venv/lib/python3.12/site-packages/ray/_private/worker.py:2051: FutureWarning: Tip: In future versions of Ray, Ray will no longer override accelerator visible devices env var if num_gpus=0 or num_gpus=None (default). To enable this behavior and turn off this error message, set RAY_ACCEL_ENV_VAR_OVERRIDE_ON_ZERO=0
  warnings.warn(
[33m(raylet)[0m [2026-10-05 03:01:20,459 I 632057 632057] logging.cc:303: Set ray log level from environment variable RAY_BACKEND_LOG_LEVEL to 1
[92mINFO [0m:      Flower VCE: Ray initialized with resources: {'CPU': 16.0, 'node:172.22.205.158': 1.0, 'memory': 16744370586.0, 'node:__internal_head__': 1.0, 'object_store_memory': 7176158822.0, 'accelerator_type:G': 1.0, 'GPU': 1.0}
[92mINFO [0m:      Optimize your simulation with Flower VCE: https://flower.ai/docs/framework/how-to-run-simulations.html
[92mINFO [0m:      Flower VCE: Resources for each Virtual Client: {'num_gpus': 0.0, 'num_cpus': 1}
[92mINFO [0m:      Flower VCE: Creating VirtualClientEngineActorPool with 16 actors
[92mINFO [0m:      [INIT]
[92mINFO [0m:      Using initial global parameters provided by strategy
[92mINFO [0m:      Starting evaluation of initial global parameters
[92mINFO [0m:      Evaluation returned no results (`None`)
[92mINFO [0m:      
[92mINFO [0m:      [ROUND 1]
[92mINFO [0m:      configure_fit: strategy sampled 4 clients (out of 4)
[36m(pid=632053)[0m WARNING: All log messages before absl::InitializeLog() is called are written to STDERR
[36m(pid=632053)[0m I0000 00:00:1791183682.047184  632053 port.cc:153] oneDNN custom operations are on. You may see slightly different numerical results due to floating-point round-off errors from different computation orders. To turn them off, set the environment variable `TF_ENABLE_ONEDNN_OPTS=0`.
[36m(pid=632053)[0m I0000 00:00:1791183682.047993  632053 cudart_stub.cc:31] Could not find cuda drivers on your machine, GPU will not be used.
[36m(ClientAppActor pid=632056)[0m /home/danielpark605/tinyml-venv/lib/python3.12/site-packages/tensorflow_model_optimization/__init__.py:65: DeprecationWarning: distutils Version classes are deprecated. Use packaging.version instead.
[36m(ClientAppActor pid=632056)[0m   if (distutils.version.LooseVersion(tf.version.VERSION) <
[36m(ClientAppActor pid=632056)[0m E0000 00:00:1791183685.727497  632056 cuda_platform.cc:52] failed call to cuInit: INTERNAL: CUDA error: Failed call to cuInit: CUDA_ERROR_NO_DEVICE: no CUDA-capable device is detected
[33m(raylet)[0m [2026-10-05 03:01:20,517 I 632055 632055] logging.cc:303: Set ray log level from environment variable RAY_BACKEND_LOG_LEVEL to 1[32m [repeated 6x across cluster] (Ray deduplicates logs by default. Set RAY_DEDUP_LOGS=0 to disable log deduplication, or see https://docs.ray.io/en/master/ray-observability/user-guides/configure-logging.html#log-deduplication for more options.)[0m
[92mINFO [0m:      aggregate_fit: received 4 results and 0 failures
[93mWARNING [0m:   No fit_metrics_aggregation_fn provided
[92mINFO [0m:      configure_evaluate: strategy sampled 4 clients (out of 4)
[92mINFO [0m:      aggregate_evaluate: received 4 results and 0 failures
[92mINFO [0m:      
[92mINFO [0m:      [ROUND 2]
[92mINFO [0m:      configure_fit: strategy sampled 4 clients (out of 4)
[92mINFO [0m:      aggregate_fit: received 4 results and 0 failures
[92mINFO [0m:      configure_evaluate: strategy sampled 4 clients (out of 4)
[92mINFO [0m:      aggregate_evaluate: received 4 results and 0 failures
[load_ton_iot] files: ['train_test_network.csv']
[load_ton_iot] rows: 211,043, columns: 44
[load_ton_iot] dropped identifiers: ['src_ip', 'dst_ip', 'src_port']
[load_ton_iot] label-encoded: ['proto', 'service', 'conn_state', 'dns_AA', 'dns_RD', 'dns_RA', 'dns_rejected', 'ssl_version', 'ssl_cipher', 'ssl_resumed', 'ssl_established', 'ssl_subject', 'ssl_issuer', 'http_method', 'http_user_agent', 'http_orig_mime_types', 'http_resp_mime_types', 'weird_name', 'weird_notice']
[load_ton_iot] dropped high-cardinality text: ['dns_query', 'http_uri']
[load_ton_iot] features (37): ['dst_port', 'proto', 'service', 'duration', 'src_bytes', 'dst_bytes', 'conn_state', 'missed_bytes', 'src_pkts', 'src_ip_bytes', 'dst_pkts', 'dst_ip_bytes', 'dns_qclass', 'dns_qtype', 'dns_rcode', 'dns_AA', 'dns_RD', 'dns_RA', 'dns_rejected', 'ssl_version', 'ssl_cipher', 'ssl_resumed', 'ssl_established', 'ssl_subject', 'ssl_issuer', 'http_trans_depth', 'http_method', 'http_version', 'http_request_body_len', 'http_response_body_len', 'http_status_code', 'http_user_agent', 'http_orig_mime_types', 'http_resp_mime_types', 'weird_name', 'weird_addl', 'weird_notice']
[load_ton_iot] Removed 105,867 duplicates (105,176 unique); normal=24,106, attack=81,070
[load_ton_iot] eval_split=val: evaluating on 8,414 held-out training samples (val_size=0.1); test split not used
[load_ton_iot] StandardScaler applied (fit on train).
[load_ton_iot] SMOTE applied: train -> 116,740 (0=58,370, 1=58,370)
[load_ton_iot] Features: 37, Train: 116,740, Test: 8,414

============================================================
CLIENT DATA DISTRIBUTION
============================================================
Client 0: Total=29,186 samples
  - Class 0: 14,593 (50.00%)
  - Class 1: 14,593 (50.00%)
Client 1: Total=29,186 samples
  - Class 0: 14,593 (50.00%)
  - Class 1: 14,593 (50.00%)
Client 2: Total=29,184 samples
  - Class 0: 14,592 (50.00%)
  - Class 1: 14,592 (50.00%)
Client 3: Total=29,184 samples
  - Class 0: 14,592 (50.00%)
  - Class 1: 14,592 (50.00%)
============================================================

[Strategy] FedAvgM (momentum=0.5)
[36m(ClientAppActor pid=632062)[0m [Client 1] Class weights (smoothed): {0: 1.0, 1: 1.0}
[DEBUG] evaluate_metrics_aggregation_fn called with 4 results
[DEBUG] results type: <class 'list'>
[DEBUG] First result type: <class 'tuple'>
[DEBUG] First result length: 2
[DEBUG] results[0][0] type: <class 'int'>
[DEBUG] results[0][1] type: <class 'flwr.app.message.configrecord.ConfigRecord'>
[DEBUG _get_metrics] res_item[1] type: ConfigRecord
[DEBUG _get_metrics] res_item[1] has metrics attr: False
[DEBUG _get_metrics] res_item[1].__dict__: {'_check_key_fn': <function _check_key at 0x72839bbd4900>, '_check_value_fn': <function _check_value at 0x7283913c49a0>, '_data': {'accuracy': 0.36519259214401245, 'loss': 0.08671081811189651, 'total_samples': 2103, 'actual_attack': 1621, 'actual_normal': 482, 'predicted_attack': 726, 'predicted_normal': 1377, 'true_positives': 506, 'true_negatives': 262, 'false_positives': 220, 'false_negatives': 1115, 'precision': 0.696969696969697, 'recall': 0.3121529919802591, 'f1_score': 0.4311887515977844}}
[DEBUG _get_metrics] res_item[1].keys(): ['accuracy', 'loss', 'total_samples', 'actual_attack', 'actual_normal', 'predicted_attack', 'predicted_normal', 'true_positives', 'true_negatives', 'false_positives', 'false_negatives', 'precision', 'recall', 'f1_score']
[DEBUG _get_metrics] Extracted from ConfigRecord._data
[DEBUG _get_metrics] res_item[1] type: ConfigRecord
[DEBUG _get_metrics] res_item[1] has metrics attr: False
[DEBUG _get_metrics] res_item[1].__dict__: {'_check_key_fn': <function _check_key at 0x72839bbd4900>, '_check_value_fn': <function _check_value at 0x7283913c49a0>, '_data': {'accuracy': 0.36519259214401245, 'loss': 0.08749987185001373, 'total_samples': 2103, 'actual_attack': 1621, 'actual_normal': 482, 'predicted_attack': 708, 'predicted_normal': 1395, 'true_positives': 497, 'true_negatives': 271, 'false_positives': 211, 'false_negatives': 1124, 'precision': 0.7019774011299436, 'recall': 0.3066008636644047, 'f1_score': 0.4267926148561615}}
[DEBUG _get_metrics] res_item[1].keys(): ['accuracy', 'loss', 'total_samples', 'actual_attack', 'actual_normal', 'predicted_attack', 'predicted_normal', 'true_positives', 'true_negatives', 'false_positives', 'false_negatives', 'precision', 'recall', 'f1_score']
[DEBUG _get_metrics] Extracted from ConfigRecord._data
[DEBUG _get_metrics] res_item[1] type: ConfigRecord
[DEBUG _get_metrics] res_item[1] has metrics attr: False
[DEBUG _get_metrics] res_item[1].__dict__: {'_check_key_fn': <function _check_key at 0x72839bbd4900>, '_check_value_fn': <function _check_value at 0x7283913c49a0>, '_data': {'accuracy': 0.36519259214401245, 'loss': 0.08671081811189651, 'total_samples': 2103, 'actual_attack': 1621, 'actual_normal': 482, 'predicted_attack': 726, 'predicted_normal': 1377, 'true_positives': 506, 'true_negatives': 262, 'false_positives': 220, 'false_negatives': 1115, 'precision': 0.696969696969697, 'recall': 0.3121529919802591, 'f1_score': 0.4311887515977844}}
[DEBUG _get_metrics] res_item[1].keys(): ['accuracy', 'loss', 'total_samples', 'actual_attack', 'actual_normal', 'predicted_attack', 'predicted_normal', 'true_positives', 'true_negatives', 'false_positives', 'false_negatives', 'precision', 'recall', 'f1_score']
[DEBUG _get_metrics] Extracted from ConfigRecord._data
[DEBUG _get_metrics] res_item[1] type: ConfigRecord
[DEBUG _get_metrics] res_item[1] has metrics attr: False
[DEBUG _get_metrics] res_item[1].__dict__: {'_check_key_fn': <function _check_key at 0x72839bbd4900>, '_check_value_fn': <function _check_value at 0x7283913c49a0>, '_data': {'accuracy': 0.3501187562942505, 'loss': 0.08871696889400482, 'total_samples': 2105, 'actual_attack': 1622, 'actual_normal': 483, 'predicted_attack': 760, 'predicted_normal': 1345, 'true_positives': 507, 'true_negatives': 230, 'false_positives': 253, 'false_negatives': 1115, 'precision': 0.6671052631578948, 'recall': 0.312577065351418, 'f1_score': 0.42569269521410574}}
[DEBUG _get_metrics] res_item[1].keys(): ['accuracy', 'loss', 'total_samples', 'actual_attack', 'actual_normal', 'predicted_attack', 'predicted_normal', 'true_positives', 'true_negatives', 'false_positives', 'false_negatives', 'precision', 'recall', 'f1_score']
[DEBUG _get_metrics] Extracted from ConfigRecord._data
[DEBUG] Extracted 4 metrics from results

[Evaluation Summary]
============================================================
Round: 1 / 60
Accuracy (mean):  0.3614  (36.14%)
Loss:             0.0874
[Per-Device Accuracy]
  - Device 0:  0.3652  (36.52%)
  - Device 1:  0.3652  (36.52%)
  - Device 2:  0.3652  (36.52%)
  - Device 3:  0.3501  (35.01%)

[Ground Truth]
  - Attack samples: 1621
  - Normal samples: 482
  - Total samples:  2103

[Predictions]
  - Predicted Attack:  726
  - Predicted Normal:  1377

[Confusion Matrix]
  - True Positives (TP):  506
  - True Negatives (TN):  262
  - False Positives (FP): 220
  - False Negatives (FN): 1115

[Metrics]
  - Precision:  0.6908  (69.08%)
  - Recall:     0.3109  (31.09%)
  - F1-Score:   0.4287  (42.87%)
============================================================

[36m(ClientAppActor pid=632055)[0m [Client 1] Class weights (smoothed): {0: 1.0, 1: 1.0}[32m [repeated 12x across cluster][0m
[DEBUG] evaluate_metrics_aggregation_fn called with 4 results
[DEBUG] results type: <class 'list'>
[DEBUG] First result type: <class 'tuple'>
[DEBUG] First result length: 2
[DEBUG] results[0][0] type: <class 'int'>
[DEBUG] results[0][1] type: <class 'flwr.app.message.configrecord.ConfigRecord'>
[DEBUG _get_metrics] res_item[1] type: ConfigRecord
[DEBUG _get_metrics] res_item[1] has metrics attr: False
[DEBUG _get_metrics] res_item[1].__dict__: {'_check_key_fn': <function _check_key at 0x72839bbd4900>, '_check_value_fn': <function _check_value at 0x7283913c49a0>, '_data': {'accuracy': 0.7741321921348572, 'loss': 0.07966192811727524, 'total_samples': 2103, 'actual_attack': 1621, 'actual_normal': 482, 'predicted_attack': 1150, 'predicted_normal': 953, 'true_positives': 1148, 'true_negatives': 480, 'false_positives': 2, 'false_negatives': 473, 'precision': 0.9982608695652174, 'recall': 0.7082048118445404, 'f1_score': 0.8285817394442441}}[92mINFO [0m:      
[92mINFO [0m:      [ROUND 3]
[92mINFO [0m:      configure_fit: strategy sampled 4 clients (out of 4)
[92mINFO [0m:      aggregate_fit: received 4 results and 0 failures
[92mINFO [0m:      configure_evaluate: strategy sampled 4 clients (out of 4)
[92mINFO [0m:      aggregate_evaluate: received 4 results and 0 failures

[DEBUG _get_metrics] res_item[1].keys(): ['accuracy', 'loss', 'total_samples', 'actual_attack', 'actual_normal', 'predicted_attack', 'predicted_normal', 'true_positives', 'true_negatives', 'false_positives', 'false_negatives', 'precision', 'recall', 'f1_score']
[DEBUG _get_metrics] Extracted from ConfigRecord._data
[DEBUG _get_metrics] res_item[1] type: ConfigRecord
[DEBUG _get_metrics] res_item[1] has metrics attr: False
[DEBUG _get_metrics] res_item[1].__dict__: {'_check_key_fn': <function _check_key at 0x72839bbd4900>, '_check_value_fn': <function _check_value at 0x7283913c49a0>, '_data': {'accuracy': 0.7741321921348572, 'loss': 0.07966192811727524, 'total_samples': 2103, 'actual_attack': 1621, 'actual_normal': 482, 'predicted_attack': 1150, 'predicted_normal': 953, 'true_positives': 1148, 'true_negatives': 480, 'false_positives': 2, 'false_negatives': 473, 'precision': 0.9982608695652174, 'recall': 0.7082048118445404, 'f1_score': 0.8285817394442441}}
[DEBUG _get_metrics] res_item[1].keys(): ['accuracy', 'loss', 'total_samples', 'actual_attack', 'actual_normal', 'predicted_attack', 'predicted_normal', 'true_positives', 'true_negatives', 'false_positives', 'false_negatives', 'precision', 'recall', 'f1_score']
[DEBUG _get_metrics] Extracted from ConfigRecord._data
[DEBUG _get_metrics] res_item[1] type: ConfigRecord
[DEBUG _get_metrics] res_item[1] has metrics attr: False
[DEBUG _get_metrics] res_item[1].__dict__: {'_check_key_fn': <function _check_key at 0x72839bbd4900>, '_check_value_fn': <function _check_value at 0x7283913c49a0>, '_data': {'accuracy': 0.7814726829528809, 'loss': 0.08026951551437378, 'total_samples': 2105, 'actual_attack': 1622, 'actual_normal': 483, 'predicted_attack': 1170, 'predicted_normal': 935, 'true_positives': 1166, 'true_negatives': 479, 'false_positives': 4, 'false_negatives': 456, 'precision': 0.9965811965811966, 'recall': 0.718865598027127, 'f1_score': 0.835243553008596}}
[DEBUG _get_metrics] res_item[1].keys(): ['accuracy', 'loss', 'total_samples', 'actual_attack', 'actual_normal', 'predicted_attack', 'predicted_normal', 'true_positives', 'true_negatives', 'false_positives', 'false_negatives', 'precision', 'recall', 'f1_score']
[DEBUG _get_metrics] Extracted from ConfigRecord._data
[DEBUG _get_metrics] res_item[1] type: ConfigRecord
[DEBUG _get_metrics] res_item[1] has metrics attr: False
[DEBUG _get_metrics] res_item[1].__dict__: {'_check_key_fn': <function _check_key at 0x72839bbd4900>, '_check_value_fn': <function _check_value at 0x7283913c49a0>, '_data': {'accuracy': 0.7788873314857483, 'loss': 0.07949626445770264, 'total_samples': 2103, 'actual_attack': 1621, 'actual_normal': 482, 'predicted_attack': 1158, 'predicted_normal': 945, 'true_positives': 1157, 'true_negatives': 481, 'false_positives': 1, 'false_negatives': 464, 'precision': 0.9991364421416234, 'recall': 0.7137569401603948, 'f1_score': 0.8326736236056135}}
[DEBUG _get_metrics] res_item[1].keys(): ['accuracy', 'loss', 'total_samples', 'actual_attack', 'actual_normal', 'predicted_attack', 'predicted_normal', 'true_positives', 'true_negatives', 'false_positives', 'false_negatives', 'precision', 'recall', 'f1_score']
[DEBUG _get_metrics] Extracted from ConfigRecord._data
[DEBUG] Extracted 4 metrics from results

[Evaluation Summary]
============================================================
Round: 2 / 60
Accuracy (mean):  0.7772  (77.72%)
Loss:             0.0798
[Per-Device Accuracy]
  - Device 0:  0.7741  (77.41%)
  - Device 1:  0.7741  (77.41%)
  - Device 2:  0.7815  (78.15%)
  - Device 3:  0.7789  (77.89%)

[Ground Truth]
  - Attack samples: 1621
  - Normal samples: 482
  - Total samples:  2103

[Predictions]
  - Predicted Attack:  1150
  - Predicted Normal:  953

[Confusion Matrix]
  - True Positives (TP):  1148
  - True Negatives (TN):  480
  - False Positives (FP): 2
  - False Negatives (FN): 473

[Metrics]
  - Precision:  0.9981  (99.81%)
  - Recall:     0.7123  (71.23%)
  - F1-Score:   0.8313  (83.13%)
============================================================

[DEBUG] evaluate_metrics_aggregation_fn called with 4 results
[DEBUG] results type: <class 'list'>
[DEBUG] First result type: <class 'tuple'>
[DEBUG] First result length: 2
[DEBUG] results[0][0] type: <class 'int'>
[DEBUG] results[0][1] type: <class 'flwr.app.message.configrecord.ConfigRecord'>
[DEBUG _get_metrics] res_item[1] type: ConfigRecord
[DEBUG _get_metrics] res_item[1] has metrics attr: False
[DEBUG _get_metrics] res_item[1].__dict__: {'_check_key_fn': <function _check_key at 0x72839bbd4900>, '_check_value_fn': <function _check_value at 0x7283913c49a0>, '_data': {'accuracy': 0.8307180404663086, 'loss': 0.07259908318519592, 'total_samples': 2103, 'actual_attack': 1621, 'actual_normal': 482, 'predicted_attack': 1269, 'predicted_normal': 834, 'true_positives': 1267, 'true_negatives': 480, 'false_positives': 2, 'false_negatives': 354, 'precision': 0.9984239558707644, 'recall': 0.7816162862430598, 'f1_score': 0.8768166089965398}}
[DEBUG _get_metrics] res_item[1].keys(): ['accuracy', 'loss', 'total_samples', 'actual_attack', 'actual_normal', 'predicted_attack', 'predicted_normal', 'true_positives', 'true_negatives', 'false_positives', 'false_negatives', 'precision', 'recall', 'f1_score']
[DEBUG _get_metrics] Extracted from ConfigRecord._data
[DEBUG _get_metrics] res_item[1] type: ConfigRecord
[DEBUG _get_metrics] res_item[1] has metrics attr: False
[DEBUG _get_metrics] res_item[1].__dict__: {'_check_key_fn': <function _check_key at 0x72839bbd4900>, '_check_value_fn': <function _check_value at 0x7283913c49a0>, '_data': {'accuracy': 0.844032347202301, 'loss': 0.07198042422533035, 'total_samples': 2103, 'actual_attack': 1621, 'actual_normal': 482, 'predicted_attack': 1295, 'predicted_normal': 808, 'true_positives': 1294, 'true_negatives': 481, 'false_positives': 1, 'false_negatives': 327, 'precision': 0.9992277992277993, 'recall': 0.7982726711906231, 'f1_score': 0.887517146776406}}
[DEBUG _get_metrics] res_item[1].keys(): ['accuracy', 'loss', 'total_samples', 'actual_attack', 'actual_normal', 'predicted_attack', 'predicted_normal', 'true_positives', 'true_negatives', 'false_positives', 'false_negatives', 'precision', 'recall', 'f1_score']
[DEBUG _get_metrics] Extracted from ConfigRecord._data
[DEBUG _get_metrics] res_item[1] type: ConfigRecord
[DEBUG _get_metrics] res_item[1] has metrics attr: False
[DEBUG _get_metrics] res_item[1].__dict__: {'_check_key_fn': <function _check_key at 0x72839bbd4900>, '_check_value_fn': <function _check_value at 0x7283913c49a0>, '_data': {'accuracy': 0.848456084728241, 'loss': 0.07274765521287918, 'total_samples': 2105, 'actual_attack': 1622, 'actual_normal': 483, 'predicted_attack': 1315, 'predicted_normal': 790, 'true_positives': 1309, 'true_negatives': 477, 'false_positives': 6, 'false_negatives': 313, 'precision': 0.9954372623574145, 'recall': 0.8070283600493219, 'f1_score': 0.8913857677902622}}
[DEBUG _get_metrics] res_item[1].keys(): ['accuracy', 'loss', 'total_samples', 'actual_attack', 'actual_normal', 'predicted_attack', 'predicted_normal', 'true_positives', 'true_negatives', 'false_positives', 'false_negatives', 'precision', 'recall', 'f1_score']
[DEBUG _get_metrics] Extracted from ConfigRecord._data
[DEBUG _get_metrics] res_item[1] type: ConfigRecord
[DEBUG _get_metrics] res_item[1] has metrics attr: False
[DEBUG _get_metrics] res_item[1].__dict__: {'_check_key_fn': <function _check_key at 0x72839bbd4900>, '_check_value_fn': <function _check_value at 0x7283913c49a0>, '_data': {'accuracy': 0.8307180404663086, 'loss': 0.07259908318519592, 'total_samples': 2103, 'actual_attack': 1621, 'actual_normal': 482, 'predicted_attack': 1269, 'predicted_normal': 834, 'true_positives': 1267, 'true_negatives': 480, 'false_positives': 2, 'false_negatives': 354, 'precision': 0.9984239558707644, 'recall': 0.7816162862430598, 'f1_score': 0.8768166089965398}}
[DEBUG _get_metrics] res_item[1].keys(): ['accuracy', 'loss', 'total_samples', 'actual_attack', 'actual_normal', 'predicted_attack', 'predicted_normal', 'true_positives', 'true_negatives', 'false_positives', 'false_negatives', 'precision', 'recall', 'f1_score']
[DEBUG _get_metrics] Extracted from ConfigRecord._data[92mINFO [0m:      
[92mINFO [0m:      [ROUND 4]
[92mINFO [0m:      configure_fit: strategy sampled 4 clients (out of 4)
[92mINFO [0m:      aggregate_fit: received 4 results and 0 failures
[92mINFO [0m:      configure_evaluate: strategy sampled 4 clients (out of 4)
[92mINFO [0m:      aggregate_evaluate: received 4 results and 0 failures
[92mINFO [0m:      
[92mINFO [0m:      [ROUND 5]
[92mINFO [0m:      configure_fit: strategy sampled 4 clients (out of 4)
[92mINFO [0m:      aggregate_fit: received 4 results and 0 failures
[92mINFO [0m:      configure_evaluate: strategy sampled 4 clients (out of 4)
[92mINFO [0m:      aggregate_evaluate: received 4 results and 0 failures

[DEBUG] Extracted 4 metrics from results

[Evaluation Summary]
============================================================
Round: 3 / 60
Accuracy (mean):  0.8385  (83.85%)
Loss:             0.0725
[Per-Device Accuracy]
  - Device 0:  0.8307  (83.07%)
  - Device 1:  0.8440  (84.40%)
  - Device 2:  0.8485  (84.85%)
  - Device 3:  0.8307  (83.07%)

[Ground Truth]
  - Attack samples: 1621
  - Normal samples: 482
  - Total samples:  2103

[Predictions]
  - Predicted Attack:  1269
  - Predicted Normal:  834

[Confusion Matrix]
  - True Positives (TP):  1267
  - True Negatives (TN):  480
  - False Positives (FP): 2
  - False Negatives (FN): 354

[Metrics]
  - Precision:  0.9979  (99.79%)
  - Recall:     0.7921  (79.21%)
  - F1-Score:   0.8831  (88.31%)
============================================================

[36m(ClientAppActor pid=632055)[0m [Client 1] Class weights (smoothed): {0: 1.0, 1: 1.0}[32m [repeated 16x across cluster][0m
[DEBUG] evaluate_metrics_aggregation_fn called with 4 results
[DEBUG] results type: <class 'list'>
[DEBUG] First result type: <class 'tuple'>
[DEBUG] First result length: 2
[DEBUG] results[0][0] type: <class 'int'>
[DEBUG] results[0][1] type: <class 'flwr.app.message.configrecord.ConfigRecord'>
[DEBUG _get_metrics] res_item[1] type: ConfigRecord
[DEBUG _get_metrics] res_item[1] has metrics attr: False
[DEBUG _get_metrics] res_item[1].__dict__: {'_check_key_fn': <function _check_key at 0x72839bbd4900>, '_check_value_fn': <function _check_value at 0x7283913c49a0>, '_data': {'accuracy': 0.9197149872779846, 'loss': 0.06300178915262222, 'total_samples': 2105, 'actual_attack': 1622, 'actual_normal': 483, 'predicted_attack': 1465, 'predicted_normal': 640, 'true_positives': 1459, 'true_negatives': 477, 'false_positives': 6, 'false_negatives': 163, 'precision': 0.9959044368600682, 'recall': 0.8995067817509248, 'f1_score': 0.9452542921930678}}
[DEBUG _get_metrics] res_item[1].keys(): ['accuracy', 'loss', 'total_samples', 'actual_attack', 'actual_normal', 'predicted_attack', 'predicted_normal', 'true_positives', 'true_negatives', 'false_positives', 'false_negatives', 'precision', 'recall', 'f1_score']
[DEBUG _get_metrics] Extracted from ConfigRecord._data
[DEBUG _get_metrics] res_item[1] type: ConfigRecord
[DEBUG _get_metrics] res_item[1] has metrics attr: False
[DEBUG _get_metrics] res_item[1].__dict__: {'_check_key_fn': <function _check_key at 0x72839bbd4900>, '_check_value_fn': <function _check_value at 0x7283913c49a0>, '_data': {'accuracy': 0.9177365899085999, 'loss': 0.062078915536403656, 'total_samples': 2103, 'actual_attack': 1621, 'actual_normal': 482, 'predicted_attack': 1456, 'predicted_normal': 647, 'true_positives': 1452, 'true_negatives': 478, 'false_positives': 4, 'false_negatives': 169, 'precision': 0.9972527472527473, 'recall': 0.8957433682911783, 'f1_score': 0.9437764055898602}}
[DEBUG _get_metrics] res_item[1].keys(): ['accuracy', 'loss', 'total_samples', 'actual_attack', 'actual_normal', 'predicted_attack', 'predicted_normal', 'true_positives', 'true_negatives', 'false_positives', 'false_negatives', 'precision', 'recall', 'f1_score']
[DEBUG _get_metrics] Extracted from ConfigRecord._data
[DEBUG _get_metrics] res_item[1] type: ConfigRecord
[DEBUG _get_metrics] res_item[1] has metrics attr: False
[DEBUG _get_metrics] res_item[1].__dict__: {'_check_key_fn': <function _check_key at 0x72839bbd4900>, '_check_value_fn': <function _check_value at 0x7283913c49a0>, '_data': {'accuracy': 0.9115549325942993, 'loss': 0.06294500827789307, 'total_samples': 2103, 'actual_attack': 1621, 'actual_normal': 482, 'predicted_attack': 1445, 'predicted_normal': 658, 'true_positives': 1440, 'true_negatives': 477, 'false_positives': 5, 'false_negatives': 181, 'precision': 0.9965397923875432, 'recall': 0.8883405305367057, 'f1_score': 0.9393346379647749}}
[DEBUG _get_metrics] res_item[1].keys(): ['accuracy', 'loss', 'total_samples', 'actual_attack', 'actual_normal', 'predicted_attack', 'predicted_normal', 'true_positives', 'true_negatives', 'false_positives', 'false_negatives', 'precision', 'recall', 'f1_score']
[DEBUG _get_metrics] Extracted from ConfigRecord._data
[DEBUG _get_metrics] res_item[1] type: ConfigRecord
[DEBUG _get_metrics] res_item[1] has metrics attr: False
[DEBUG _get_metrics] res_item[1].__dict__: {'_check_key_fn': <function _check_key at 0x72839bbd4900>, '_check_value_fn': <function _check_value at 0x7283913c49a0>, '_data': {'accuracy': 0.9115549325942993, 'loss': 0.06294500827789307, 'total_samples': 2103, 'actual_attack': 1621, 'actual_normal': 482, 'predicted_attack': 1445, 'predicted_normal': 658, 'true_positives': 1440, 'true_negatives': 477, 'false_positives': 5, 'false_negatives': 181, 'precision': 0.9965397923875432, 'recall': 0.8883405305367057, 'f1_score': 0.9393346379647749}}
[DEBUG _get_metrics] res_item[1].keys(): ['accuracy', 'loss', 'total_samples', 'actual_attack', 'actual_normal', 'predicted_attack', 'predicted_normal', 'true_positives', 'true_negatives', 'false_positives', 'false_negatives', 'precision', 'recall', 'f1_score']
[DEBUG _get_metrics] Extracted from ConfigRecord._data
[DEBUG] Extracted 4 metrics from results

[Evaluation Summary]
============================================================
Round: 4 / 60
Accuracy (mean):  0.9151  (91.51%)
Loss:             0.0627
[Per-Device Accuracy]
  - Device 0:  0.9197  (91.97%)
  - Device 1:  0.9177  (91.77%)
  - Device 2:  0.9116  (91.16%)
  - Device 3:  0.9116  (91.16%)

[Ground Truth]
  - Attack samples: 1622
  - Normal samples: 483
  - Total samples:  2105

[Predictions]
  - Predicted Attack:  1465
  - Predicted Normal:  640

[Confusion Matrix]
  - True Positives (TP):  1459
  - True Negatives (TN):  477
  - False Positives (FP): 6
  - False Negatives (FN): 163

[Metrics]
  - Precision:  0.9966  (99.66%)
  - Recall:     0.8930  (89.30%)
  - F1-Score:   0.9419  (94.19%)
============================================================

[Round 5] Client contributions:
  Client samples: 29,186 (weight: 0.2500)
  Client samples: 29,184 (weight: 0.2500)
  Client samples: 29,186 (weight: 0.2500)
  Client samples: 29,186 (weight: 0.2500)
[DEBUG] evaluate_metrics_aggregation_fn called with 4 results
[DEBUG] results type: <class 'list'>
[DEBUG] First result type: <class 'tuple'>
[DEBUG] First result length: 2
[DEBUG] results[0][0] type: <class 'int'>
[DEBUG] results[0][1] type: <class 'flwr.app.message.configrecord.ConfigRecord'>
[DEBUG _get_metrics] res_item[1] type: ConfigRecord
[DEBUG _get_metrics] res_item[1] has metrics attr: False
[DEBUG _get_metrics] res_item[1].__dict__: {'_check_key_fn': <function _check_key at 0x72839bbd4900>, '_check_value_fn': <function _check_value at 0x7283913c49a0>, '_data': {'accuracy': 0.9533998966217041, 'loss': 0.053153496235609055, 'total_samples': 2103, 'actual_attack': 1621, 'actual_normal': 482, 'predicted_attack': 1535, 'predicted_normal': 568, 'true_positives': 1529, 'true_negatives': 476, 'false_positives': 6, 'false_negatives': 92, 'precision': 0.9960912052117263, 'recall': 0.9432449105490438, 'f1_score': 0.9689480354879593}}
[DEBUG _get_metrics] res_item[1].keys(): ['accuracy', 'loss', 'total_samples', 'actual_attack', 'actual_normal', 'predicted_attack', 'predicted_normal', 'true_positives', 'true_negatives', 'false_positives', 'false_negatives', 'precision', 'recall', 'f1_score']
[DEBUG _get_metrics] Extracted from ConfigRecord._data
[DEBUG _get_metrics] res_item[1] type: ConfigRecord
[DEBUG _get_metrics] res_item[1] has metrics attr: False
[DEBUG _get_metrics] res_item[1].__dict__: {'_check_key_fn': <function _check_key at 0x72839bbd4900>, '_check_value_fn': <function _check_value at 0x7283913c49a0>, '_data': {'accuracy': 0.9533998966217041, 'loss': 0.053153496235609055, 'total_samples': 2103, 'actual_attack': 1621, 'actual_normal': 482, 'predicted_attack': 1535, 'predicted_normal': 568, 'true_positives': 1529, 'true_negatives': 476, 'false_positives': 6, 'false_negatives': 92, 'precision': 0.9960912052117263, 'recall': 0.9432449105490438, 'f1_score': 0.9689480354879593}}
[DEBUG _get_metrics] res_item[1].keys(): ['accuracy', 'loss', 'total_samples', 'actual_attack', 'actual_normal', 'predicted_attack', 'predicted_normal', 'true_positives', 'true_negatives', 'false_positives', 'false_negatives', 'precision', 'recall', 'f1_score'][92mINFO [0m:      
[92mINFO [0m:      [ROUND 6]
[92mINFO [0m:      configure_fit: strategy sampled 4 clients (out of 4)
[92mINFO [0m:      aggregate_fit: received 4 results and 0 failures
[92mINFO [0m:      configure_evaluate: strategy sampled 4 clients (out of 4)
[92mINFO [0m:      aggregate_evaluate: received 4 results and 0 failures
[92mINFO [0m:      
[92mINFO [0m:      [ROUND 7]
[92mINFO [0m:      configure_fit: strategy sampled 4 clients (out of 4)
[92mINFO [0m:      aggregate_fit: received 4 results and 0 failures
[92mINFO [0m:      configure_evaluate: strategy sampled 4 clients (out of 4)
[92mINFO [0m:      aggregate_evaluate: received 4 results and 0 failures

[DEBUG _get_metrics] Extracted from ConfigRecord._data
[DEBUG _get_metrics] res_item[1] type: ConfigRecord
[DEBUG _get_metrics] res_item[1] has metrics attr: False
[DEBUG _get_metrics] res_item[1].__dict__: {'_check_key_fn': <function _check_key at 0x72839bbd4900>, '_check_value_fn': <function _check_value at 0x7283913c49a0>, '_data': {'accuracy': 0.9614835977554321, 'loss': 0.05215655267238617, 'total_samples': 2103, 'actual_attack': 1621, 'actual_normal': 482, 'predicted_attack': 1550, 'predicted_normal': 553, 'true_positives': 1545, 'true_negatives': 477, 'false_positives': 5, 'false_negatives': 76, 'precision': 0.9967741935483871, 'recall': 0.9531153608883405, 'f1_score': 0.9744560075685903}}
[DEBUG _get_metrics] res_item[1].keys(): ['accuracy', 'loss', 'total_samples', 'actual_attack', 'actual_normal', 'predicted_attack', 'predicted_normal', 'true_positives', 'true_negatives', 'false_positives', 'false_negatives', 'precision', 'recall', 'f1_score']
[DEBUG _get_metrics] Extracted from ConfigRecord._data
[DEBUG _get_metrics] res_item[1] type: ConfigRecord
[DEBUG _get_metrics] res_item[1] has metrics attr: False
[DEBUG _get_metrics] res_item[1].__dict__: {'_check_key_fn': <function _check_key at 0x72839bbd4900>, '_check_value_fn': <function _check_value at 0x7283913c49a0>, '_data': {'accuracy': 0.9610451459884644, 'loss': 0.05319323390722275, 'total_samples': 2105, 'actual_attack': 1622, 'actual_normal': 483, 'predicted_attack': 1556, 'predicted_normal': 549, 'true_positives': 1548, 'true_negatives': 475, 'false_positives': 8, 'false_negatives': 74, 'precision': 0.9948586118251928, 'recall': 0.9543773119605425, 'f1_score': 0.974197608558842}}
[DEBUG _get_metrics] res_item[1].keys(): ['accuracy', 'loss', 'total_samples', 'actual_attack', 'actual_normal', 'predicted_attack', 'predicted_normal', 'true_positives', 'true_negatives', 'false_positives', 'false_negatives', 'precision', 'recall', 'f1_score']
[DEBUG _get_metrics] Extracted from ConfigRecord._data
[DEBUG] Extracted 4 metrics from results

[Evaluation Summary]
============================================================
Round: 5 / 60
Accuracy (mean):  0.9573  (95.73%)
Loss:             0.0529
[Per-Device Accuracy]
  - Device 0:  0.9534  (95.34%)
  - Device 1:  0.9534  (95.34%)
  - Device 2:  0.9615  (96.15%)
  - Device 3:  0.9610  (96.10%)

[Ground Truth]
  - Attack samples: 1621
  - Normal samples: 482
  - Total samples:  2103

[Predictions]
  - Predicted Attack:  1535
  - Predicted Normal:  568

[Confusion Matrix]
  - True Positives (TP):  1529
  - True Negatives (TN):  476
  - False Positives (FP): 6
  - False Negatives (FN): 92

[Metrics]
  - Precision:  0.9960  (99.60%)
  - Recall:     0.9485  (94.85%)
  - F1-Score:   0.9716  (97.16%)
============================================================

[36m(ClientAppActor pid=632055)[0m [Client 1] Class weights (smoothed): {0: 1.0, 1: 1.0}[32m [repeated 16x across cluster][0m
[DEBUG] evaluate_metrics_aggregation_fn called with 4 results
[DEBUG] results type: <class 'list'>
[DEBUG] First result type: <class 'tuple'>
[DEBUG] First result length: 2
[DEBUG] results[0][0] type: <class 'int'>
[DEBUG] results[0][1] type: <class 'flwr.app.message.configrecord.ConfigRecord'>
[DEBUG _get_metrics] res_item[1] type: ConfigRecord
[DEBUG _get_metrics] res_item[1] has metrics attr: False
[DEBUG _get_metrics] res_item[1].__dict__: {'_check_key_fn': <function _check_key at 0x72839bbd4900>, '_check_value_fn': <function _check_value at 0x7283913c49a0>, '_data': {'accuracy': 0.9510223269462585, 'loss': 0.0446697473526001, 'total_samples': 2103, 'actual_attack': 1621, 'actual_normal': 482, 'predicted_attack': 1546, 'predicted_normal': 557, 'true_positives': 1532, 'true_negatives': 468, 'false_positives': 14, 'false_negatives': 89, 'precision': 0.9909443725743855, 'recall': 0.9450956199876619, 'f1_score': 0.9674771076728766}}
[DEBUG _get_metrics] res_item[1].keys(): ['accuracy', 'loss', 'total_samples', 'actual_attack', 'actual_normal', 'predicted_attack', 'predicted_normal', 'true_positives', 'true_negatives', 'false_positives', 'false_negatives', 'precision', 'recall', 'f1_score']
[DEBUG _get_metrics] Extracted from ConfigRecord._data
[DEBUG _get_metrics] res_item[1] type: ConfigRecord
[DEBUG _get_metrics] res_item[1] has metrics attr: False
[DEBUG _get_metrics] res_item[1].__dict__: {'_check_key_fn': <function _check_key at 0x72839bbd4900>, '_check_value_fn': <function _check_value at 0x7283913c49a0>, '_data': {'accuracy': 0.9610080718994141, 'loss': 0.04357597231864929, 'total_samples': 2103, 'actual_attack': 1621, 'actual_normal': 482, 'predicted_attack': 1557, 'predicted_normal': 546, 'true_positives': 1548, 'true_negatives': 473, 'false_positives': 9, 'false_negatives': 73, 'precision': 0.9942196531791907, 'recall': 0.9549660703269587, 'f1_score': 0.974197608558842}}
[DEBUG _get_metrics] res_item[1].keys(): ['accuracy', 'loss', 'total_samples', 'actual_attack', 'actual_normal', 'predicted_attack', 'predicted_normal', 'true_positives', 'true_negatives', 'false_positives', 'false_negatives', 'precision', 'recall', 'f1_score']
[DEBUG _get_metrics] Extracted from ConfigRecord._data
[DEBUG _get_metrics] res_item[1] type: ConfigRecord
[DEBUG _get_metrics] res_item[1] has metrics attr: False
[DEBUG _get_metrics] res_item[1].__dict__: {'_check_key_fn': <function _check_key at 0x72839bbd4900>, '_check_value_fn': <function _check_value at 0x7283913c49a0>, '_data': {'accuracy': 0.962470293045044, 'loss': 0.044739119708538055, 'total_samples': 2105, 'actual_attack': 1622, 'actual_normal': 483, 'predicted_attack': 1563, 'predicted_normal': 542, 'true_positives': 1553, 'true_negatives': 473, 'false_positives': 10, 'false_negatives': 69, 'precision': 0.9936020473448497, 'recall': 0.9574599260172626, 'f1_score': 0.9751962323390895}}
[DEBUG _get_metrics] res_item[1].keys(): ['accuracy', 'loss', 'total_samples', 'actual_attack', 'actual_normal', 'predicted_attack', 'predicted_normal', 'true_positives', 'true_negatives', 'false_positives', 'false_negatives', 'precision', 'recall', 'f1_score']
[DEBUG _get_metrics] Extracted from ConfigRecord._data
[DEBUG _get_metrics] res_item[1] type: ConfigRecord
[DEBUG _get_metrics] res_item[1] has metrics attr: False
[DEBUG _get_metrics] res_item[1].__dict__: {'_check_key_fn': <function _check_key at 0x72839bbd4900>, '_check_value_fn': <function _check_value at 0x7283913c49a0>, '_data': {'accuracy': 0.9510223269462585, 'loss': 0.0446697473526001, 'total_samples': 2103, 'actual_attack': 1621, 'actual_normal': 482, 'predicted_attack': 1546, 'predicted_normal': 557, 'true_positives': 1532, 'true_negatives': 468, 'false_positives': 14, 'false_negatives': 89, 'precision': 0.9909443725743855, 'recall': 0.9450956199876619, 'f1_score': 0.9674771076728766}}
[DEBUG _get_metrics] res_item[1].keys(): ['accuracy', 'loss', 'total_samples', 'actual_attack', 'actual_normal', 'predicted_attack', 'predicted_normal', 'true_positives', 'true_negatives', 'false_positives', 'false_negatives', 'precision', 'recall', 'f1_score']
[DEBUG _get_metrics] Extracted from ConfigRecord._data
[DEBUG] Extracted 4 metrics from results

[Evaluation Summary]
============================================================
Round: 6 / 60
Accuracy (mean):  0.9564  (95.64%)
Loss:             0.0444
[Per-Device Accuracy]
  - Device 0:  0.9510  (95.10%)
  - Device 1:  0.9610  (96.10%)
  - Device 2:  0.9625  (96.25%)
  - Device 3:  0.9510  (95.10%)

[Ground Truth]
  - Attack samples: 1621
  - Normal samples: 482
  - Total samples:  2103

[Predictions]
  - Predicted Attack:  1546
  - Predicted Normal:  557

[Confusion Matrix]
  - True Positives (TP):  1532
  - True Negatives (TN):  468
  - False Positives (FP): 14
  - False Negatives (FN): 89

[Metrics]
  - Precision:  0.9924  (99.24%)
  - Recall:     0.9507  (95.07%)
  - F1-Score:   0.9711  (97.11%)
============================================================

[DEBUG] evaluate_metrics_aggregation_fn called with 4 results
[DEBUG] results type: <class 'list'>
[DEBUG] First result type: <class 'tuple'>
[DEBUG] First result length: 2
[DEBUG] results[0][0] type: <class 'int'>
[DEBUG] results[0][1] type: <class 'flwr.app.message.configrecord.ConfigRecord'>[92mINFO [0m:      
[92mINFO [0m:      [ROUND 8]
[92mINFO [0m:      configure_fit: strategy sampled 4 clients (out of 4)
[92mINFO [0m:      aggregate_fit: received 4 results and 0 failures
[92mINFO [0m:      configure_evaluate: strategy sampled 4 clients (out of 4)
[92mINFO [0m:      aggregate_evaluate: received 4 results and 0 failures

[DEBUG _get_metrics] res_item[1] type: ConfigRecord
[DEBUG _get_metrics] res_item[1] has metrics attr: False
[DEBUG _get_metrics] res_item[1].__dict__: {'_check_key_fn': <function _check_key at 0x72839bbd4900>, '_check_value_fn': <function _check_value at 0x7283913c49a0>, '_data': {'accuracy': 0.9533998966217041, 'loss': 0.03619236499071121, 'total_samples': 2103, 'actual_attack': 1621, 'actual_normal': 482, 'predicted_attack': 1573, 'predicted_normal': 530, 'true_positives': 1548, 'true_negatives': 457, 'false_positives': 25, 'false_negatives': 73, 'precision': 0.9841068022886205, 'recall': 0.9549660703269587, 'f1_score': 0.9693174702567313}}
[DEBUG _get_metrics] res_item[1].keys(): ['accuracy', 'loss', 'total_samples', 'actual_attack', 'actual_normal', 'predicted_attack', 'predicted_normal', 'true_positives', 'true_negatives', 'false_positives', 'false_negatives', 'precision', 'recall', 'f1_score']
[DEBUG _get_metrics] Extracted from ConfigRecord._data
[DEBUG _get_metrics] res_item[1] type: ConfigRecord
[DEBUG _get_metrics] res_item[1] has metrics attr: False
[DEBUG _get_metrics] res_item[1].__dict__: {'_check_key_fn': <function _check_key at 0x72839bbd4900>, '_check_value_fn': <function _check_value at 0x7283913c49a0>, '_data': {'accuracy': 0.9448407292366028, 'loss': 0.03736807405948639, 'total_samples': 2103, 'actual_attack': 1621, 'actual_normal': 482, 'predicted_attack': 1559, 'predicted_normal': 544, 'true_positives': 1532, 'true_negatives': 455, 'false_positives': 27, 'false_negatives': 89, 'precision': 0.9826812059012188, 'recall': 0.9450956199876619, 'f1_score': 0.9635220125786165}}
[DEBUG _get_metrics] res_item[1].keys(): ['accuracy', 'loss', 'total_samples', 'actual_attack', 'actual_normal', 'predicted_attack', 'predicted_normal', 'true_positives', 'true_negatives', 'false_positives', 'false_negatives', 'precision', 'recall', 'f1_score']
[DEBUG _get_metrics] Extracted from ConfigRecord._data
[DEBUG _get_metrics] res_item[1] type: ConfigRecord
[DEBUG _get_metrics] res_item[1] has metrics attr: False
[DEBUG _get_metrics] res_item[1].__dict__: {'_check_key_fn': <function _check_key at 0x72839bbd4900>, '_check_value_fn': <function _check_value at 0x7283913c49a0>, '_data': {'accuracy': 0.9448407292366028, 'loss': 0.03736807405948639, 'total_samples': 2103, 'actual_attack': 1621, 'actual_normal': 482, 'predicted_attack': 1559, 'predicted_normal': 544, 'true_positives': 1532, 'true_negatives': 455, 'false_positives': 27, 'false_negatives': 89, 'precision': 0.9826812059012188, 'recall': 0.9450956199876619, 'f1_score': 0.9635220125786165}}
[DEBUG _get_metrics] res_item[1].keys(): ['accuracy', 'loss', 'total_samples', 'actual_attack', 'actual_normal', 'predicted_attack', 'predicted_normal', 'true_positives', 'true_negatives', 'false_positives', 'false_negatives', 'precision', 'recall', 'f1_score']
[DEBUG _get_metrics] Extracted from ConfigRecord._data
[DEBUG _get_metrics] res_item[1] type: ConfigRecord
[DEBUG _get_metrics] res_item[1] has metrics attr: False
[DEBUG _get_metrics] res_item[1].__dict__: {'_check_key_fn': <function _check_key at 0x72839bbd4900>, '_check_value_fn': <function _check_value at 0x7283913c49a0>, '_data': {'accuracy': 0.9572446346282959, 'loss': 0.03740595653653145, 'total_samples': 2105, 'actual_attack': 1622, 'actual_normal': 483, 'predicted_attack': 1574, 'predicted_normal': 531, 'true_positives': 1553, 'true_negatives': 462, 'false_positives': 21, 'false_negatives': 69, 'precision': 0.9866581956797967, 'recall': 0.9574599260172626, 'f1_score': 0.971839799749687}}
[DEBUG _get_metrics] res_item[1].keys(): ['accuracy', 'loss', 'total_samples', 'actual_attack', 'actual_normal', 'predicted_attack', 'predicted_normal', 'true_positives', 'true_negatives', 'false_positives', 'false_negatives', 'precision', 'recall', 'f1_score']
[DEBUG _get_metrics] Extracted from ConfigRecord._data
[DEBUG] Extracted 4 metrics from results

[Evaluation Summary]
============================================================
Round: 7 / 60
Accuracy (mean):  0.9501  (95.01%)
Loss:             0.0371
[Per-Device Accuracy]
  - Device 0:  0.9534  (95.34%)
  - Device 1:  0.9448  (94.48%)
  - Device 2:  0.9448  (94.48%)
  - Device 3:  0.9572  (95.72%)

[Ground Truth]
  - Attack samples: 1621
  - Normal samples: 482
  - Total samples:  2103

[Predictions]
  - Predicted Attack:  1573
  - Predicted Normal:  530

[Confusion Matrix]
  - True Positives (TP):  1548
  - True Negatives (TN):  457
  - False Positives (FP): 25
  - False Negatives (FN): 73

[Metrics]
  - Precision:  0.9840  (98.40%)
  - Recall:     0.9507  (95.07%)
  - F1-Score:   0.9671  (96.71%)
============================================================

[36m(ClientAppActor pid=632055)[0m [Client 1] Class weights (smoothed): {0: 1.0, 1: 1.0}[32m [repeated 16x across cluster][0m
[DEBUG] evaluate_metrics_aggregation_fn called with 4 results
[DEBUG] results type: <class 'list'>
[DEBUG] First result type: <class 'tuple'>
[DEBUG] First result length: 2
[DEBUG] results[0][0] type: <class 'int'>
[DEBUG] results[0][1] type: <class 'flwr.app.message.configrecord.ConfigRecord'>
[DEBUG _get_metrics] res_item[1] type: ConfigRecord
[DEBUG _get_metrics] res_item[1] has metrics attr: False
[DEBUG _get_metrics] res_item[1].__dict__: {'_check_key_fn': <function _check_key at 0x72839bbd4900>, '_check_value_fn': <function _check_value at 0x7283913c49a0>, '_data': {'accuracy': 0.9543509483337402, 'loss': 0.030921870842576027, 'total_samples': 2103, 'actual_attack': 1621, 'actual_normal': 482, 'predicted_attack': 1539, 'predicted_normal': 564, 'true_positives': 1532, 'true_negatives': 475, 'false_positives': 7, 'false_negatives': 89, 'precision': 0.99545159194282, 'recall': 0.9450956199876619, 'f1_score': 0.9696202531645569}}
[DEBUG _get_metrics] res_item[1].keys(): ['accuracy', 'loss', 'total_samples', 'actual_attack', 'actual_normal', 'predicted_attack', 'predicted_normal', 'true_positives', 'true_negatives', 'false_positives', 'false_negatives', 'precision', 'recall', 'f1_score']
[DEBUG _get_metrics] Extracted from ConfigRecord._data
[DEBUG _get_metrics] res_item[1] type: ConfigRecord
[DEBUG _get_metrics] res_item[1] has metrics attr: False
[DEBUG _get_metrics] res_item[1].__dict__: {'_check_key_fn': <function _check_key at 0x72839bbd4900>, '_check_value_fn': <function _check_value at 0x7283913c49a0>, '_data': {'accuracy': 0.9543509483337402, 'loss': 0.030921870842576027, 'total_samples': 2103, 'actual_attack': 1621, 'actual_normal': 482, 'predicted_attack': 1539, 'predicted_normal': 564, 'true_positives': 1532, 'true_negatives': 475, 'false_positives': 7, 'false_negatives': 89, 'precision': 0.99545159194282, 'recall': 0.9450956199876619, 'f1_score': 0.9696202531645569}}
[DEBUG _get_metrics] res_item[1].keys(): ['accuracy', 'loss', 'total_samples', 'actual_attack', 'actual_normal', 'predicted_attack', 'predicted_normal', 'true_positives', 'true_negatives', 'false_positives', 'false_negatives', 'precision', 'recall', 'f1_score']
[DEBUG _get_metrics] Extracted from ConfigRecord._data
[DEBUG _get_metrics] res_item[1] type: ConfigRecord
[DEBUG _get_metrics] res_item[1] has metrics attr: False
[DEBUG _get_metrics] res_item[1].__dict__: {'_check_key_fn': <function _check_key at 0x72839bbd4900>, '_check_value_fn': <function _check_value at 0x7283913c49a0>, '_data': {'accuracy': 0.962470293045044, 'loss': 0.030833043158054352, 'total_samples': 2105, 'actual_attack': 1622, 'actual_normal': 483, 'predicted_attack': 1563, 'predicted_normal': 542, 'true_positives': 1553, 'true_negatives': 473, 'false_positives': 10, 'false_negatives': 69, 'precision': 0.9936020473448497, 'recall': 0.9574599260172626, 'f1_score': 0.9751962323390895}}
[DEBUG _get_metrics] res_item[1].keys(): ['accuracy', 'loss', 'total_samples', 'actual_attack', 'actual_normal', 'predicted_attack', 'predicted_normal', 'true_positives', 'true_negatives', 'false_positives', 'false_negatives', 'precision', 'recall', 'f1_score']
[DEBUG _get_metrics] Extracted from ConfigRecord._data
[DEBUG _get_metrics] res_item[1] type: ConfigRecord
[DEBUG _get_metrics] res_item[1] has metrics attr: False
[DEBUG _get_metrics] res_item[1].__dict__: {'_check_key_fn': <function _check_key at 0x72839bbd4900>, '_check_value_fn': <function _check_value at 0x7283913c49a0>, '_data': {'accuracy': 0.9629101157188416, 'loss': 0.02973747067153454, 'total_samples': 2103, 'actual_attack': 1621, 'actual_normal': 482, 'predicted_attack': 1553, 'predicted_normal': 550, 'true_positives': 1548, 'true_negatives': 477, 'false_positives': 5, 'false_negatives': 73, 'precision': 0.9967804249839022, 'recall': 0.9549660703269587, 'f1_score': 0.9754253308128545}}[92mINFO [0m:      
[92mINFO [0m:      [ROUND 9]
[92mINFO [0m:      configure_fit: strategy sampled 4 clients (out of 4)
[92mINFO [0m:      aggregate_fit: received 4 results and 0 failures
[92mINFO [0m:      configure_evaluate: strategy sampled 4 clients (out of 4)
[92mINFO [0m:      aggregate_evaluate: received 4 results and 0 failures
[92mINFO [0m:      
[92mINFO [0m:      [ROUND 10]
[92mINFO [0m:      configure_fit: strategy sampled 4 clients (out of 4)
[92mINFO [0m:      aggregate_fit: received 4 results and 0 failures
[92mINFO [0m:      configure_evaluate: strategy sampled 4 clients (out of 4)
[92mINFO [0m:      aggregate_evaluate: received 4 results and 0 failures

[DEBUG _get_metrics] res_item[1].keys(): ['accuracy', 'loss', 'total_samples', 'actual_attack', 'actual_normal', 'predicted_attack', 'predicted_normal', 'true_positives', 'true_negatives', 'false_positives', 'false_negatives', 'precision', 'recall', 'f1_score']
[DEBUG _get_metrics] Extracted from ConfigRecord._data
[DEBUG] Extracted 4 metrics from results

[Evaluation Summary]
============================================================
Round: 8 / 60
Accuracy (mean):  0.9585  (95.85%)
Loss:             0.0306
[Per-Device Accuracy]
  - Device 0:  0.9544  (95.44%)
  - Device 1:  0.9544  (95.44%)
  - Device 2:  0.9625  (96.25%)
  - Device 3:  0.9629  (96.29%)

[Ground Truth]
  - Attack samples: 1621
  - Normal samples: 482
  - Total samples:  2103

[Predictions]
  - Predicted Attack:  1539
  - Predicted Normal:  564

[Confusion Matrix]
  - True Positives (TP):  1532
  - True Negatives (TN):  475
  - False Positives (FP): 7
  - False Negatives (FN): 89

[Metrics]
  - Precision:  0.9953  (99.53%)
  - Recall:     0.9507  (95.07%)
  - F1-Score:   0.9725  (97.25%)
============================================================

[DEBUG] evaluate_metrics_aggregation_fn called with 4 results
[DEBUG] results type: <class 'list'>
[DEBUG] First result type: <class 'tuple'>
[DEBUG] First result length: 2
[DEBUG] results[0][0] type: <class 'int'>
[DEBUG] results[0][1] type: <class 'flwr.app.message.configrecord.ConfigRecord'>
[DEBUG _get_metrics] res_item[1] type: ConfigRecord
[DEBUG _get_metrics] res_item[1] has metrics attr: False
[DEBUG _get_metrics] res_item[1].__dict__: {'_check_key_fn': <function _check_key at 0x72839bbd4900>, '_check_value_fn': <function _check_value at 0x7283913c49a0>, '_data': {'accuracy': 0.9543509483337402, 'loss': 0.025924012064933777, 'total_samples': 2103, 'actual_attack': 1621, 'actual_normal': 482, 'predicted_attack': 1539, 'predicted_normal': 564, 'true_positives': 1532, 'true_negatives': 475, 'false_positives': 7, 'false_negatives': 89, 'precision': 0.99545159194282, 'recall': 0.9450956199876619, 'f1_score': 0.9696202531645569}}
[DEBUG _get_metrics] res_item[1].keys(): ['accuracy', 'loss', 'total_samples', 'actual_attack', 'actual_normal', 'predicted_attack', 'predicted_normal', 'true_positives', 'true_negatives', 'false_positives', 'false_negatives', 'precision', 'recall', 'f1_score']
[DEBUG _get_metrics] Extracted from ConfigRecord._data
[DEBUG _get_metrics] res_item[1] type: ConfigRecord
[DEBUG _get_metrics] res_item[1] has metrics attr: False
[DEBUG _get_metrics] res_item[1].__dict__: {'_check_key_fn': <function _check_key at 0x72839bbd4900>, '_check_value_fn': <function _check_value at 0x7283913c49a0>, '_data': {'accuracy': 0.962470293045044, 'loss': 0.02577478438615799, 'total_samples': 2105, 'actual_attack': 1622, 'actual_normal': 483, 'predicted_attack': 1563, 'predicted_normal': 542, 'true_positives': 1553, 'true_negatives': 473, 'false_positives': 10, 'false_negatives': 69, 'precision': 0.9936020473448497, 'recall': 0.9574599260172626, 'f1_score': 0.9751962323390895}}
[DEBUG _get_metrics] res_item[1].keys(): ['accuracy', 'loss', 'total_samples', 'actual_attack', 'actual_normal', 'predicted_attack', 'predicted_normal', 'true_positives', 'true_negatives', 'false_positives', 'false_negatives', 'precision', 'recall', 'f1_score']
[DEBUG _get_metrics] Extracted from ConfigRecord._data
[DEBUG _get_metrics] res_item[1] type: ConfigRecord
[DEBUG _get_metrics] res_item[1] has metrics attr: False
[DEBUG _get_metrics] res_item[1].__dict__: {'_check_key_fn': <function _check_key at 0x72839bbd4900>, '_check_value_fn': <function _check_value at 0x7283913c49a0>, '_data': {'accuracy': 0.9629101157188416, 'loss': 0.02483304776251316, 'total_samples': 2103, 'actual_attack': 1621, 'actual_normal': 482, 'predicted_attack': 1553, 'predicted_normal': 550, 'true_positives': 1548, 'true_negatives': 477, 'false_positives': 5, 'false_negatives': 73, 'precision': 0.9967804249839022, 'recall': 0.9549660703269587, 'f1_score': 0.9754253308128545}}
[DEBUG _get_metrics] res_item[1].keys(): ['accuracy', 'loss', 'total_samples', 'actual_attack', 'actual_normal', 'predicted_attack', 'predicted_normal', 'true_positives', 'true_negatives', 'false_positives', 'false_negatives', 'precision', 'recall', 'f1_score']
[DEBUG _get_metrics] Extracted from ConfigRecord._data
[DEBUG _get_metrics] res_item[1] type: ConfigRecord
[DEBUG _get_metrics] res_item[1] has metrics attr: False
[DEBUG _get_metrics] res_item[1].__dict__: {'_check_key_fn': <function _check_key at 0x72839bbd4900>, '_check_value_fn': <function _check_value at 0x7283913c49a0>, '_data': {'accuracy': 0.9543509483337402, 'loss': 0.025924012064933777, 'total_samples': 2103, 'actual_attack': 1621, 'actual_normal': 482, 'predicted_attack': 1539, 'predicted_normal': 564, 'true_positives': 1532, 'true_negatives': 475, 'false_positives': 7, 'false_negatives': 89, 'precision': 0.99545159194282, 'recall': 0.9450956199876619, 'f1_score': 0.9696202531645569}}
[DEBUG _get_metrics] res_item[1].keys(): ['accuracy', 'loss', 'total_samples', 'actual_attack', 'actual_normal', 'predicted_attack', 'predicted_normal', 'true_positives', 'true_negatives', 'false_positives', 'false_negatives', 'precision', 'recall', 'f1_score']
[DEBUG _get_metrics] Extracted from ConfigRecord._data
[DEBUG] Extracted 4 metrics from results

[Evaluation Summary]
============================================================
Round: 9 / 60
Accuracy (mean):  0.9585  (95.85%)
Loss:             0.0256
[Per-Device Accuracy]
  - Device 0:  0.9544  (95.44%)
  - Device 1:  0.9625  (96.25%)
  - Device 2:  0.9629  (96.29%)
  - Device 3:  0.9544  (95.44%)

[Ground Truth]
  - Attack samples: 1621
  - Normal samples: 482
  - Total samples:  2103

[Predictions]
  - Predicted Attack:  1539
  - Predicted Normal:  564

[Confusion Matrix]
  - True Positives (TP):  1532
  - True Negatives (TN):  475
  - False Positives (FP): 7
  - False Negatives (FN): 89

[Metrics]
  - Precision:  0.9953  (99.53%)
  - Recall:     0.9507  (95.07%)
  - F1-Score:   0.9725  (97.25%)
============================================================

[Round 10] Client contributions:
  Client samples: 29,186 (weight: 0.2500)
  Client samples: 29,186 (weight: 0.2500)
  Client samples: 29,186 (weight: 0.2500)
  Client samples: 29,184 (weight: 0.2500)
[36m(ClientAppActor pid=632055)[0m [Client 1] Class weights (smoothed): {0: 1.0, 1: 1.0}[32m [repeated 16x across cluster][0m
[DEBUG] evaluate_metrics_aggregation_fn called with 4 results
[DEBUG] results type: <class 'list'>
[DEBUG] First result type: <class 'tuple'>
[DEBUG] First result length: 2
[DEBUG] results[0][0] type: <class 'int'>
[DEBUG] results[0][1] type: <class 'flwr.app.message.configrecord.ConfigRecord'>
[DEBUG _get_metrics] res_item[1] type: ConfigRecord
[DEBUG _get_metrics] res_item[1] has metrics attr: False
[DEBUG _get_metrics] res_item[1].__dict__: {'_check_key_fn': <function _check_key at 0x72839bbd4900>, '_check_value_fn': <function _check_value at 0x7283913c49a0>, '_data': {'accuracy': 0.9548264145851135, 'loss': 0.021381601691246033, 'total_samples': 2103, 'actual_attack': 1621, 'actual_normal': 482, 'predicted_attack': 1538, 'predicted_normal': 565, 'true_positives': 1532, 'true_negatives': 476, 'false_positives': 6, 'false_negatives': 89, 'precision': 0.9960988296488946, 'recall': 0.9450956199876619, 'f1_score': 0.9699271921494144}}
[DEBUG _get_metrics] res_item[1].keys(): ['accuracy', 'loss', 'total_samples', 'actual_attack', 'actual_normal', 'predicted_attack', 'predicted_normal', 'true_positives', 'true_negatives', 'false_positives', 'false_negatives', 'precision', 'recall', 'f1_score']
[DEBUG _get_metrics] Extracted from ConfigRecord._data
[DEBUG _get_metrics] res_item[1] type: ConfigRecord
[DEBUG _get_metrics] res_item[1] has metrics attr: False
[DEBUG _get_metrics] res_item[1].__dict__: {'_check_key_fn': <function _check_key at 0x72839bbd4900>, '_check_value_fn': <function _check_value at 0x7283913c49a0>, '_data': {'accuracy': 0.962470293045044, 'loss': 0.02122732251882553, 'total_samples': 2105, 'actual_attack': 1622, 'actual_normal': 483, 'predicted_attack': 1563, 'predicted_normal': 542, 'true_positives': 1553, 'true_negatives': 473, 'false_positives': 10, 'false_negatives': 69, 'precision': 0.9936020473448497, 'recall': 0.9574599260172626, 'f1_score': 0.9751962323390895}}[92mINFO [0m:      
[92mINFO [0m:      [ROUND 11]
[92mINFO [0m:      configure_fit: strategy sampled 4 clients (out of 4)
[92mINFO [0m:      aggregate_fit: received 4 results and 0 failures
[92mINFO [0m:      configure_evaluate: strategy sampled 4 clients (out of 4)
[92mINFO [0m:      aggregate_evaluate: received 4 results and 0 failures
[92mINFO [0m:      
[92mINFO [0m:      [ROUND 12]
[92mINFO [0m:      configure_fit: strategy sampled 4 clients (out of 4)
[92mINFO [0m:      aggregate_fit: received 4 results and 0 failures
[92mINFO [0m:      configure_evaluate: strategy sampled 4 clients (out of 4)

[DEBUG _get_metrics] res_item[1].keys(): ['accuracy', 'loss', 'total_samples', 'actual_attack', 'actual_normal', 'predicted_attack', 'predicted_normal', 'true_positives', 'true_negatives', 'false_positives', 'false_negatives', 'precision', 'recall', 'f1_score']
[DEBUG _get_metrics] Extracted from ConfigRecord._data
[DEBUG _get_metrics] res_item[1] type: ConfigRecord
[DEBUG _get_metrics] res_item[1] has metrics attr: False
[DEBUG _get_metrics] res_item[1].__dict__: {'_check_key_fn': <function _check_key at 0x72839bbd4900>, '_check_value_fn': <function _check_value at 0x7283913c49a0>, '_data': {'accuracy': 0.9548264145851135, 'loss': 0.021381601691246033, 'total_samples': 2103, 'actual_attack': 1621, 'actual_normal': 482, 'predicted_attack': 1538, 'predicted_normal': 565, 'true_positives': 1532, 'true_negatives': 476, 'false_positives': 6, 'false_negatives': 89, 'precision': 0.9960988296488946, 'recall': 0.9450956199876619, 'f1_score': 0.9699271921494144}}
[DEBUG _get_metrics] res_item[1].keys(): ['accuracy', 'loss', 'total_samples', 'actual_attack', 'actual_normal', 'predicted_attack', 'predicted_normal', 'true_positives', 'true_negatives', 'false_positives', 'false_negatives', 'precision', 'recall', 'f1_score']
[DEBUG _get_metrics] Extracted from ConfigRecord._data
[DEBUG _get_metrics] res_item[1] type: ConfigRecord
[DEBUG _get_metrics] res_item[1] has metrics attr: False
[DEBUG _get_metrics] res_item[1].__dict__: {'_check_key_fn': <function _check_key at 0x72839bbd4900>, '_check_value_fn': <function _check_value at 0x7283913c49a0>, '_data': {'accuracy': 0.9633856415748596, 'loss': 0.020374910905957222, 'total_samples': 2103, 'actual_attack': 1621, 'actual_normal': 482, 'predicted_attack': 1554, 'predicted_normal': 549, 'true_positives': 1549, 'true_negatives': 477, 'false_positives': 5, 'false_negatives': 72, 'precision': 0.9967824967824968, 'recall': 0.9555829734731647, 'f1_score': 0.9757480314960629}}
[DEBUG _get_metrics] res_item[1].keys(): ['accuracy', 'loss', 'total_samples', 'actual_attack', 'actual_normal', 'predicted_attack', 'predicted_normal', 'true_positives', 'true_negatives', 'false_positives', 'false_negatives', 'precision', 'recall', 'f1_score']
[DEBUG _get_metrics] Extracted from ConfigRecord._data
[DEBUG] Extracted 4 metrics from results

[Evaluation Summary]
============================================================
Round: 10 / 60
Accuracy (mean):  0.9589  (95.89%)
Loss:             0.0211
[Per-Device Accuracy]
  - Device 0:  0.9548  (95.48%)
  - Device 1:  0.9625  (96.25%)
  - Device 2:  0.9548  (95.48%)
  - Device 3:  0.9634  (96.34%)

[Ground Truth]
  - Attack samples: 1621
  - Normal samples: 482
  - Total samples:  2103

[Predictions]
  - Predicted Attack:  1538
  - Predicted Normal:  565

[Confusion Matrix]
  - True Positives (TP):  1532
  - True Negatives (TN):  476
  - False Positives (FP): 6
  - False Negatives (FN): 89

[Metrics]
  - Precision:  0.9956  (99.56%)
  - Recall:     0.9508  (95.08%)
  - F1-Score:   0.9727  (97.27%)
============================================================

[DEBUG] evaluate_metrics_aggregation_fn called with 4 results
[DEBUG] results type: <class 'list'>
[DEBUG] First result type: <class 'tuple'>
[DEBUG] First result length: 2
[DEBUG] results[0][0] type: <class 'int'>
[DEBUG] results[0][1] type: <class 'flwr.app.message.configrecord.ConfigRecord'>
[DEBUG _get_metrics] res_item[1] type: ConfigRecord
[DEBUG _get_metrics] res_item[1] has metrics attr: False
[DEBUG _get_metrics] res_item[1].__dict__: {'_check_key_fn': <function _check_key at 0x72839bbd4900>, '_check_value_fn': <function _check_value at 0x7283913c49a0>, '_data': {'accuracy': 0.9543509483337402, 'loss': 0.017624134197831154, 'total_samples': 2103, 'actual_attack': 1621, 'actual_normal': 482, 'predicted_attack': 1537, 'predicted_normal': 566, 'true_positives': 1531, 'true_negatives': 476, 'false_positives': 6, 'false_negatives': 90, 'precision': 0.996096291476903, 'recall': 0.9444787168414559, 'f1_score': 0.9696010132995567}}
[DEBUG _get_metrics] res_item[1].keys(): ['accuracy', 'loss', 'total_samples', 'actual_attack', 'actual_normal', 'predicted_attack', 'predicted_normal', 'true_positives', 'true_negatives', 'false_positives', 'false_negatives', 'precision', 'recall', 'f1_score']
[DEBUG _get_metrics] Extracted from ConfigRecord._data
[DEBUG _get_metrics] res_item[1] type: ConfigRecord
[DEBUG _get_metrics] res_item[1] has metrics attr: False
[DEBUG _get_metrics] res_item[1].__dict__: {'_check_key_fn': <function _check_key at 0x72839bbd4900>, '_check_value_fn': <function _check_value at 0x7283913c49a0>, '_data': {'accuracy': 0.9629453420639038, 'loss': 0.017523664981126785, 'total_samples': 2105, 'actual_attack': 1622, 'actual_normal': 483, 'predicted_attack': 1564, 'predicted_normal': 541, 'true_positives': 1554, 'true_negatives': 473, 'false_positives': 10, 'false_negatives': 68, 'precision': 0.9936061381074168, 'recall': 0.9580764488286067, 'f1_score': 0.975517890772128}}
[DEBUG _get_metrics] res_item[1].keys(): ['accuracy', 'loss', 'total_samples', 'actual_attack', 'actual_normal', 'predicted_attack', 'predicted_normal', 'true_positives', 'true_negatives', 'false_positives', 'false_negatives', 'precision', 'recall', 'f1_score']
[DEBUG _get_metrics] Extracted from ConfigRecord._data
[DEBUG _get_metrics] res_item[1] type: ConfigRecord
[DEBUG _get_metrics] res_item[1] has metrics attr: False
[DEBUG _get_metrics] res_item[1].__dict__: {'_check_key_fn': <function _check_key at 0x72839bbd4900>, '_check_value_fn': <function _check_value at 0x7283913c49a0>, '_data': {'accuracy': 0.9638611674308777, 'loss': 0.0167356226593256, 'total_samples': 2103, 'actual_attack': 1621, 'actual_normal': 482, 'predicted_attack': 1553, 'predicted_normal': 550, 'true_positives': 1549, 'true_negatives': 478, 'false_positives': 4, 'false_negatives': 72, 'precision': 0.9974243399871217, 'recall': 0.9555829734731647, 'f1_score': 0.9760554505356017}}
[DEBUG _get_metrics] res_item[1].keys(): ['accuracy', 'loss', 'total_samples', 'actual_attack', 'actual_normal', 'predicted_attack', 'predicted_normal', 'true_positives', 'true_negatives', 'false_positives', 'false_negatives', 'precision', 'recall', 'f1_score']
[DEBUG _get_metrics] Extracted from ConfigRecord._data
[DEBUG _get_metrics] res_item[1] type: ConfigRecord
[DEBUG _get_metrics] res_item[1] has metrics attr: False
[DEBUG _get_metrics] res_item[1].__dict__: {'_check_key_fn': <function _check_key at 0x72839bbd4900>, '_check_value_fn': <function _check_value at 0x7283913c49a0>, '_data': {'accuracy': 0.9543509483337402, 'loss': 0.017624134197831154, 'total_samples': 2103, 'actual_attack': 1621, 'actual_normal': 482, 'predicted_attack': 1537, 'predicted_normal': 566, 'true_positives': 1531, 'true_negatives': 476, 'false_positives': 6, 'false_negatives': 90, 'precision': 0.996096291476903, 'recall': 0.9444787168414559, 'f1_score': 0.9696010132995567}}
[DEBUG _get_metrics] res_item[1].keys(): ['accuracy', 'loss', 'total_samples', 'actual_attack', 'actual_normal', 'predicted_attack', 'predicted_normal', 'true_positives', 'true_negatives', 'false_positives', 'false_negatives', 'precision', 'recall', 'f1_score']
[DEBUG _get_metrics] Extracted from ConfigRecord._data
[DEBUG] Extracted 4 metrics from results

[Evaluation Summary]
============================================================
Round: 11 / 60
Accuracy (mean):  0.9589  (95.89%)
Loss:             0.0174
[Per-Device Accuracy]
  - Device 0:  0.9544  (95.44%)
  - Device 1:  0.9629  (96.29%)
  - Device 2:  0.9639  (96.39%)
  - Device 3:  0.9544  (95.44%)

[Ground Truth]
  - Attack samples: 1621
  - Normal samples: 482
  - Total samples:  2103

[Predictions]
  - Predicted Attack:  1537
  - Predicted Normal:  566

[Confusion Matrix]
  - True Positives (TP):  1531
  - True Negatives (TN):  476
  - False Positives (FP): 6
  - False Negatives (FN): 90

[Metrics]
  - Precision:  0.9958  (99.58%)
  - Recall:     0.9507  (95.07%)
  - F1-Score:   0.9727  (97.27%)
============================================================

[36m(ClientAppActor pid=632055)[0m [Client 1] Class weights (smoothed): {0: 1.0, 1: 1.0}[32m [repeated 16x across cluster][0m
[92mINFO [0m:      aggregate_evaluate: received 4 results and 0 failures
[92mINFO [0m:      
[92mINFO [0m:      [ROUND 13]
[92mINFO [0m:      configure_fit: strategy sampled 4 clients (out of 4)
[92mINFO [0m:      aggregate_fit: received 4 results and 0 failures
[92mINFO [0m:      configure_evaluate: strategy sampled 4 clients (out of 4)
[92mINFO [0m:      aggregate_evaluate: received 4 results and 0 failures
[DEBUG] evaluate_metrics_aggregation_fn called with 4 results
[DEBUG] results type: <class 'list'>
[DEBUG] First result type: <class 'tuple'>
[DEBUG] First result length: 2
[DEBUG] results[0][0] type: <class 'int'>
[DEBUG] results[0][1] type: <class 'flwr.app.message.configrecord.ConfigRecord'>
[DEBUG _get_metrics] res_item[1] type: ConfigRecord
[DEBUG _get_metrics] res_item[1] has metrics attr: False
[DEBUG _get_metrics] res_item[1].__dict__: {'_check_key_fn': <function _check_key at 0x72839bbd4900>, '_check_value_fn': <function _check_value at 0x7283913c49a0>, '_data': {'accuracy': 0.9543509483337402, 'loss': 0.014679010957479477, 'total_samples': 2103, 'actual_attack': 1621, 'actual_normal': 482, 'predicted_attack': 1537, 'predicted_normal': 566, 'true_positives': 1531, 'true_negatives': 476, 'false_positives': 6, 'false_negatives': 90, 'precision': 0.996096291476903, 'recall': 0.9444787168414559, 'f1_score': 0.9696010132995567}}
[DEBUG _get_metrics] res_item[1].keys(): ['accuracy', 'loss', 'total_samples', 'actual_attack', 'actual_normal', 'predicted_attack', 'predicted_normal', 'true_positives', 'true_negatives', 'false_positives', 'false_negatives', 'precision', 'recall', 'f1_score']
[DEBUG _get_metrics] Extracted from ConfigRecord._data
[DEBUG _get_metrics] res_item[1] type: ConfigRecord
[DEBUG _get_metrics] res_item[1] has metrics attr: False
[DEBUG _get_metrics] res_item[1].__dict__: {'_check_key_fn': <function _check_key at 0x72839bbd4900>, '_check_value_fn': <function _check_value at 0x7283913c49a0>, '_data': {'accuracy': 0.9638611674308777, 'loss': 0.013921200297772884, 'total_samples': 2103, 'actual_attack': 1621, 'actual_normal': 482, 'predicted_attack': 1553, 'predicted_normal': 550, 'true_positives': 1549, 'true_negatives': 478, 'false_positives': 4, 'false_negatives': 72, 'precision': 0.9974243399871217, 'recall': 0.9555829734731647, 'f1_score': 0.9760554505356017}}
[DEBUG _get_metrics] res_item[1].keys(): ['accuracy', 'loss', 'total_samples', 'actual_attack', 'actual_normal', 'predicted_attack', 'predicted_normal', 'true_positives', 'true_negatives', 'false_positives', 'false_negatives', 'precision', 'recall', 'f1_score']
[DEBUG _get_metrics] Extracted from ConfigRecord._data
[DEBUG _get_metrics] res_item[1] type: ConfigRecord
[DEBUG _get_metrics] res_item[1] has metrics attr: False
[DEBUG _get_metrics] res_item[1].__dict__: {'_check_key_fn': <function _check_key at 0x72839bbd4900>, '_check_value_fn': <function _check_value at 0x7283913c49a0>, '_data': {'accuracy': 0.962470293045044, 'loss': 0.014679423533380032, 'total_samples': 2105, 'actual_attack': 1622, 'actual_normal': 483, 'predicted_attack': 1563, 'predicted_normal': 542, 'true_positives': 1553, 'true_negatives': 473, 'false_positives': 10, 'false_negatives': 69, 'precision': 0.9936020473448497, 'recall': 0.9574599260172626, 'f1_score': 0.9751962323390895}}
[DEBUG _get_metrics] res_item[1].keys(): ['accuracy', 'loss', 'total_samples', 'actual_attack', 'actual_normal', 'predicted_attack', 'predicted_normal', 'true_positives', 'true_negatives', 'false_positives', 'false_negatives', 'precision', 'recall', 'f1_score']
[DEBUG _get_metrics] Extracted from ConfigRecord._data
[DEBUG _get_metrics] res_item[1] type: ConfigRecord
[DEBUG _get_metrics] res_item[1] has metrics attr: False
[DEBUG _get_metrics] res_item[1].__dict__: {'_check_key_fn': <function _check_key at 0x72839bbd4900>, '_check_value_fn': <function _check_value at 0x7283913c49a0>, '_data': {'accuracy': 0.9543509483337402, 'loss': 0.014679010957479477, 'total_samples': 2103, 'actual_attack': 1621, 'actual_normal': 482, 'predicted_attack': 1537, 'predicted_normal': 566, 'true_positives': 1531, 'true_negatives': 476, 'false_positives': 6, 'false_negatives': 90, 'precision': 0.996096291476903, 'recall': 0.9444787168414559, 'f1_score': 0.9696010132995567}}
[DEBUG _get_metrics] res_item[1].keys(): ['accuracy', 'loss', 'total_samples', 'actual_attack', 'actual_normal', 'predicted_attack', 'predicted_normal', 'true_positives', 'true_negatives', 'false_positives', 'false_negatives', 'precision', 'recall', 'f1_score']
[DEBUG _get_metrics] Extracted from ConfigRecord._data
[DEBUG] Extracted 4 metrics from results

[Evaluation Summary]
============================================================
Round: 12 / 60
Accuracy (mean):  0.9588  (95.88%)
Loss:             0.0145
[Per-Device Accuracy]
  - Device 0:  0.9544  (95.44%)
  - Device 1:  0.9639  (96.39%)
  - Device 2:  0.9625  (96.25%)
  - Device 3:  0.9544  (95.44%)

[Ground Truth]
  - Attack samples: 1621
  - Normal samples: 482
  - Total samples:  2103

[Predictions]
  - Predicted Attack:  1537
  - Predicted Normal:  566

[Confusion Matrix]
  - True Positives (TP):  1531
  - True Negatives (TN):  476
  - False Positives (FP): 6
  - False Negatives (FN): 90

[Metrics]
  - Precision:  0.9958  (99.58%)
  - Recall:     0.9505  (95.05%)
  - F1-Score:   0.9726  (97.26%)
============================================================

[DEBUG] evaluate_metrics_aggregation_fn called with 4 results
[DEBUG] results type: <class 'list'>
[DEBUG] First result type: <class 'tuple'>
[DEBUG] First result length: 2
[DEBUG] results[0][0] type: <class 'int'>
[DEBUG] results[0][1] type: <class 'flwr.app.message.configrecord.ConfigRecord'>
[DEBUG _get_metrics] res_item[1] type: ConfigRecord
[DEBUG _get_metrics] res_item[1] has metrics attr: False
[DEBUG _get_metrics] res_item[1].__dict__: {'_check_key_fn': <function _check_key at 0x72839bbd4900>, '_check_value_fn': <function _check_value at 0x7283913c49a0>, '_data': {'accuracy': 0.991916298866272, 'loss': 0.011798471212387085, 'total_samples': 2103, 'actual_attack': 1621, 'actual_normal': 482, 'predicted_attack': 1616, 'predicted_normal': 487, 'true_positives': 1610, 'true_negatives': 476, 'false_positives': 6, 'false_negatives': 11, 'precision': 0.9962871287128713, 'recall': 0.9932140653917335, 'f1_score': 0.9947482236638864}}
[DEBUG _get_metrics] res_item[1].keys(): ['accuracy', 'loss', 'total_samples', 'actual_attack', 'actual_normal', 'predicted_attack', 'predicted_normal', 'true_positives', 'true_negatives', 'false_positives', 'false_negatives', 'precision', 'recall', 'f1_score']
[DEBUG _get_metrics] Extracted from ConfigRecord._data
[DEBUG _get_metrics] res_item[1] type: ConfigRecord
[DEBUG _get_metrics] res_item[1] has metrics attr: False
[DEBUG _get_metrics] res_item[1].__dict__: {'_check_key_fn': <function _check_key at 0x72839bbd4900>, '_check_value_fn': <function _check_value at 0x7283913c49a0>, '_data': {'accuracy': 0.9866983294487, 'loss': 0.012552430853247643, 'total_samples': 2105, 'actual_attack': 1622, 'actual_normal': 483, 'predicted_attack': 1628, 'predicted_normal': 477, 'true_positives': 1611, 'true_negatives': 466, 'false_positives': 17, 'false_negatives': 11, 'precision': 0.9895577395577395, 'recall': 0.9932182490752158, 'f1_score': 0.9913846153846154}}
[DEBUG _get_metrics] res_item[1].keys(): ['accuracy', 'loss', 'total_samples', 'actual_attack', 'actual_normal', 'predicted_attack', 'predicted_normal', 'true_positives', 'true_negatives', 'false_positives', 'false_negatives', 'precision', 'recall', 'f1_score']
[DEBUG _get_metrics] Extracted from ConfigRecord._data
[DEBUG _get_metrics] res_item[1] type: ConfigRecord
[DEBUG _get_metrics] res_item[1] has metrics attr: False
[DEBUG _get_metrics] res_item[1].__dict__: {'_check_key_fn': <function _check_key at 0x72839bbd4900>, '_check_value_fn': <function _check_value at 0x7283913c49a0>, '_data': {'accuracy': 0.9904897809028625, 'loss': 0.01247246004641056, 'total_samples': 2103, 'actual_attack': 1621, 'actual_normal': 482, 'predicted_attack': 1629, 'predicted_normal': 474, 'true_positives': 1615, 'true_negatives': 468, 'false_positives': 14, 'false_negatives': 6, 'precision': 0.9914057704112953, 'recall': 0.9962985811227637, 'f1_score': 0.9938461538461537}}
[DEBUG _get_metrics] res_item[1].keys(): ['accuracy', 'loss', 'total_samples', 'actual_attack', 'actual_normal', 'predicted_attack', 'predicted_normal', 'true_positives', 'true_negatives', 'false_positives', 'false_negatives', 'precision', 'recall', 'f1_score']
[DEBUG _get_metrics] Extracted from ConfigRecord._data
[DEBUG _get_metrics] res_item[1] type: ConfigRecord[92mINFO [0m:      
[92mINFO [0m:      [ROUND 14]
[92mINFO [0m:      configure_fit: strategy sampled 4 clients (out of 4)
[92mINFO [0m:      aggregate_fit: received 4 results and 0 failures
[92mINFO [0m:      configure_evaluate: strategy sampled 4 clients (out of 4)
[92mINFO [0m:      aggregate_evaluate: received 4 results and 0 failures
[92mINFO [0m:      
[92mINFO [0m:      [ROUND 15]
[92mINFO [0m:      configure_fit: strategy sampled 4 clients (out of 4)
[92mINFO [0m:      aggregate_fit: received 4 results and 0 failures
[92mINFO [0m:      configure_evaluate: strategy sampled 4 clients (out of 4)
[92mINFO [0m:      aggregate_evaluate: received 4 results and 0 failures

[DEBUG _get_metrics] res_item[1] has metrics attr: False
[DEBUG _get_metrics] res_item[1].__dict__: {'_check_key_fn': <function _check_key at 0x72839bbd4900>, '_check_value_fn': <function _check_value at 0x7283913c49a0>, '_data': {'accuracy': 0.9904897809028625, 'loss': 0.01247246004641056, 'total_samples': 2103, 'actual_attack': 1621, 'actual_normal': 482, 'predicted_attack': 1629, 'predicted_normal': 474, 'true_positives': 1615, 'true_negatives': 468, 'false_positives': 14, 'false_negatives': 6, 'precision': 0.9914057704112953, 'recall': 0.9962985811227637, 'f1_score': 0.9938461538461537}}
[DEBUG _get_metrics] res_item[1].keys(): ['accuracy', 'loss', 'total_samples', 'actual_attack', 'actual_normal', 'predicted_attack', 'predicted_normal', 'true_positives', 'true_negatives', 'false_positives', 'false_negatives', 'precision', 'recall', 'f1_score']
[DEBUG _get_metrics] Extracted from ConfigRecord._data
[DEBUG] Extracted 4 metrics from results

[Evaluation Summary]
============================================================
Round: 13 / 60
Accuracy (mean):  0.9899  (98.99%)
Loss:             0.0123
[Per-Device Accuracy]
  - Device 0:  0.9919  (99.19%)
  - Device 1:  0.9867  (98.67%)
  - Device 2:  0.9905  (99.05%)
  - Device 3:  0.9905  (99.05%)

[Ground Truth]
  - Attack samples: 1621
  - Normal samples: 482
  - Total samples:  2103

[Predictions]
  - Predicted Attack:  1616
  - Predicted Normal:  487

[Confusion Matrix]
  - True Positives (TP):  1610
  - True Negatives (TN):  476
  - False Positives (FP): 6
  - False Negatives (FN): 11

[Metrics]
  - Precision:  0.9922  (99.22%)
  - Recall:     0.9948  (99.48%)
  - F1-Score:   0.9935  (99.35%)
============================================================

[36m(ClientAppActor pid=632055)[0m [Client 1] Class weights (smoothed): {0: 1.0, 1: 1.0}[32m [repeated 16x across cluster][0m
[DEBUG] evaluate_metrics_aggregation_fn called with 4 results
[DEBUG] results type: <class 'list'>
[DEBUG] First result type: <class 'tuple'>
[DEBUG] First result length: 2
[DEBUG] results[0][0] type: <class 'int'>
[DEBUG] results[0][1] type: <class 'flwr.app.message.configrecord.ConfigRecord'>
[DEBUG _get_metrics] res_item[1] type: ConfigRecord
[DEBUG _get_metrics] res_item[1] has metrics attr: False
[DEBUG _get_metrics] res_item[1].__dict__: {'_check_key_fn': <function _check_key at 0x72839bbd4900>, '_check_value_fn': <function _check_value at 0x7283913c49a0>, '_data': {'accuracy': 0.9909653067588806, 'loss': 0.010843107476830482, 'total_samples': 2103, 'actual_attack': 1621, 'actual_normal': 482, 'predicted_attack': 1630, 'predicted_normal': 473, 'true_positives': 1616, 'true_negatives': 468, 'false_positives': 14, 'false_negatives': 5, 'precision': 0.9914110429447853, 'recall': 0.9969154842689698, 'f1_score': 0.9941556444171025}}
[DEBUG _get_metrics] res_item[1].keys(): ['accuracy', 'loss', 'total_samples', 'actual_attack', 'actual_normal', 'predicted_attack', 'predicted_normal', 'true_positives', 'true_negatives', 'false_positives', 'false_negatives', 'precision', 'recall', 'f1_score']
[DEBUG _get_metrics] Extracted from ConfigRecord._data
[DEBUG _get_metrics] res_item[1] type: ConfigRecord
[DEBUG _get_metrics] res_item[1] has metrics attr: False
[DEBUG _get_metrics] res_item[1].__dict__: {'_check_key_fn': <function _check_key at 0x72839bbd4900>, '_check_value_fn': <function _check_value at 0x7283913c49a0>, '_data': {'accuracy': 0.9909653067588806, 'loss': 0.010843107476830482, 'total_samples': 2103, 'actual_attack': 1621, 'actual_normal': 482, 'predicted_attack': 1630, 'predicted_normal': 473, 'true_positives': 1616, 'true_negatives': 468, 'false_positives': 14, 'false_negatives': 5, 'precision': 0.9914110429447853, 'recall': 0.9969154842689698, 'f1_score': 0.9941556444171025}}
[DEBUG _get_metrics] res_item[1].keys(): ['accuracy', 'loss', 'total_samples', 'actual_attack', 'actual_normal', 'predicted_attack', 'predicted_normal', 'true_positives', 'true_negatives', 'false_positives', 'false_negatives', 'precision', 'recall', 'f1_score']
[DEBUG _get_metrics] Extracted from ConfigRecord._data
[DEBUG _get_metrics] res_item[1] type: ConfigRecord
[DEBUG _get_metrics] res_item[1] has metrics attr: False
[DEBUG _get_metrics] res_item[1].__dict__: {'_check_key_fn': <function _check_key at 0x72839bbd4900>, '_check_value_fn': <function _check_value at 0x7283913c49a0>, '_data': {'accuracy': 0.99239182472229, 'loss': 0.010236556641757488, 'total_samples': 2103, 'actual_attack': 1621, 'actual_normal': 482, 'predicted_attack': 1617, 'predicted_normal': 486, 'true_positives': 1611, 'true_negatives': 476, 'false_positives': 6, 'false_negatives': 10, 'precision': 0.9962894248608535, 'recall': 0.9938309685379395, 'f1_score': 0.9950586781964176}}
[DEBUG _get_metrics] res_item[1].keys(): ['accuracy', 'loss', 'total_samples', 'actual_attack', 'actual_normal', 'predicted_attack', 'predicted_normal', 'true_positives', 'true_negatives', 'false_positives', 'false_negatives', 'precision', 'recall', 'f1_score']
[DEBUG _get_metrics] Extracted from ConfigRecord._data
[DEBUG _get_metrics] res_item[1] type: ConfigRecord
[DEBUG _get_metrics] res_item[1] has metrics attr: False
[DEBUG _get_metrics] res_item[1].__dict__: {'_check_key_fn': <function _check_key at 0x72839bbd4900>, '_check_value_fn': <function _check_value at 0x7283913c49a0>, '_data': {'accuracy': 0.9876484274864197, 'loss': 0.01099494006484747, 'total_samples': 2105, 'actual_attack': 1622, 'actual_normal': 483, 'predicted_attack': 1628, 'predicted_normal': 477, 'true_positives': 1612, 'true_negatives': 467, 'false_positives': 16, 'false_negatives': 10, 'precision': 0.9901719901719902, 'recall': 0.9938347718865598, 'f1_score': 0.9920000000000001}}
[DEBUG _get_metrics] res_item[1].keys(): ['accuracy', 'loss', 'total_samples', 'actual_attack', 'actual_normal', 'predicted_attack', 'predicted_normal', 'true_positives', 'true_negatives', 'false_positives', 'false_negatives', 'precision', 'recall', 'f1_score']
[DEBUG _get_metrics] Extracted from ConfigRecord._data
[DEBUG] Extracted 4 metrics from results

[Evaluation Summary]
============================================================
Round: 14 / 60
Accuracy (mean):  0.9905  (99.05%)
Loss:             0.0107
[Per-Device Accuracy]
  - Device 0:  0.9910  (99.10%)
  - Device 1:  0.9910  (99.10%)
  - Device 2:  0.9924  (99.24%)
  - Device 3:  0.9876  (98.76%)

[Ground Truth]
  - Attack samples: 1621
  - Normal samples: 482
  - Total samples:  2103

[Predictions]
  - Predicted Attack:  1630
  - Predicted Normal:  473

[Confusion Matrix]
  - True Positives (TP):  1616
  - True Negatives (TN):  468
  - False Positives (FP): 14
  - False Negatives (FN): 5

[Metrics]
  - Precision:  0.9923  (99.23%)
  - Recall:     0.9954  (99.54%)
  - F1-Score:   0.9938  (99.38%)
============================================================

[Round 15] Client contributions:
  Client samples: 29,186 (weight: 0.2500)
  Client samples: 29,184 (weight: 0.2500)
  Client samples: 29,186 (weight: 0.2500)
  Client samples: 29,186 (weight: 0.2500)
[DEBUG] evaluate_metrics_aggregation_fn called with 4 results
[DEBUG] results type: <class 'list'>
[DEBUG] First result type: <class 'tuple'>
[DEBUG] First result length: 2
[DEBUG] results[0][0] type: <class 'int'>
[DEBUG] results[0][1] type: <class 'flwr.app.message.configrecord.ConfigRecord'>
[DEBUG _get_metrics] res_item[1] type: ConfigRecord
[DEBUG _get_metrics] res_item[1] has metrics attr: False
[DEBUG _get_metrics] res_item[1].__dict__: {'_check_key_fn': <function _check_key at 0x72839bbd4900>, '_check_value_fn': <function _check_value at 0x7283913c49a0>, '_data': {'accuracy': 0.9909653067588806, 'loss': 0.009797879494726658, 'total_samples': 2103, 'actual_attack': 1621, 'actual_normal': 482, 'predicted_attack': 1630, 'predicted_normal': 473, 'true_positives': 1616, 'true_negatives': 468, 'false_positives': 14, 'false_negatives': 5, 'precision': 0.9914110429447853, 'recall': 0.9969154842689698, 'f1_score': 0.9941556444171025}}
[DEBUG _get_metrics] res_item[1].keys(): ['accuracy', 'loss', 'total_samples', 'actual_attack', 'actual_normal', 'predicted_attack', 'predicted_normal', 'true_positives', 'true_negatives', 'false_positives', 'false_negatives', 'precision', 'recall', 'f1_score'][92mINFO [0m:      
[92mINFO [0m:      [ROUND 16]
[92mINFO [0m:      configure_fit: strategy sampled 4 clients (out of 4)
[92mINFO [0m:      aggregate_fit: received 4 results and 0 failures
[92mINFO [0m:      configure_evaluate: strategy sampled 4 clients (out of 4)
[92mINFO [0m:      aggregate_evaluate: received 4 results and 0 failures

[DEBUG _get_metrics] Extracted from ConfigRecord._data
[DEBUG _get_metrics] res_item[1] type: ConfigRecord
[DEBUG _get_metrics] res_item[1] has metrics attr: False
[DEBUG _get_metrics] res_item[1].__dict__: {'_check_key_fn': <function _check_key at 0x72839bbd4900>, '_check_value_fn': <function _check_value at 0x7283913c49a0>, '_data': {'accuracy': 0.9885985851287842, 'loss': 0.01000259630382061, 'total_samples': 2105, 'actual_attack': 1622, 'actual_normal': 483, 'predicted_attack': 1626, 'predicted_normal': 479, 'true_positives': 1612, 'true_negatives': 469, 'false_positives': 14, 'false_negatives': 10, 'precision': 0.991389913899139, 'recall': 0.9938347718865598, 'f1_score': 0.9926108374384236}}
[DEBUG _get_metrics] res_item[1].keys(): ['accuracy', 'loss', 'total_samples', 'actual_attack', 'actual_normal', 'predicted_attack', 'predicted_normal', 'true_positives', 'true_negatives', 'false_positives', 'false_negatives', 'precision', 'recall', 'f1_score']
[DEBUG _get_metrics] Extracted from ConfigRecord._data
[DEBUG _get_metrics] res_item[1] type: ConfigRecord
[DEBUG _get_metrics] res_item[1] has metrics attr: False
[DEBUG _get_metrics] res_item[1].__dict__: {'_check_key_fn': <function _check_key at 0x72839bbd4900>, '_check_value_fn': <function _check_value at 0x7283913c49a0>, '_data': {'accuracy': 0.99239182472229, 'loss': 0.009247888810932636, 'total_samples': 2103, 'actual_attack': 1621, 'actual_normal': 482, 'predicted_attack': 1617, 'predicted_normal': 486, 'true_positives': 1611, 'true_negatives': 476, 'false_positives': 6, 'false_negatives': 10, 'precision': 0.9962894248608535, 'recall': 0.9938309685379395, 'f1_score': 0.9950586781964176}}
[DEBUG _get_metrics] res_item[1].keys(): ['accuracy', 'loss', 'total_samples', 'actual_attack', 'actual_normal', 'predicted_attack', 'predicted_normal', 'true_positives', 'true_negatives', 'false_positives', 'false_negatives', 'precision', 'recall', 'f1_score']
[DEBUG _get_metrics] Extracted from ConfigRecord._data
[DEBUG _get_metrics] res_item[1] type: ConfigRecord
[DEBUG _get_metrics] res_item[1] has metrics attr: False
[DEBUG _get_metrics] res_item[1].__dict__: {'_check_key_fn': <function _check_key at 0x72839bbd4900>, '_check_value_fn': <function _check_value at 0x7283913c49a0>, '_data': {'accuracy': 0.9909653067588806, 'loss': 0.009797879494726658, 'total_samples': 2103, 'actual_attack': 1621, 'actual_normal': 482, 'predicted_attack': 1630, 'predicted_normal': 473, 'true_positives': 1616, 'true_negatives': 468, 'false_positives': 14, 'false_negatives': 5, 'precision': 0.9914110429447853, 'recall': 0.9969154842689698, 'f1_score': 0.9941556444171025}}
[DEBUG _get_metrics] res_item[1].keys(): ['accuracy', 'loss', 'total_samples', 'actual_attack', 'actual_normal', 'predicted_attack', 'predicted_normal', 'true_positives', 'true_negatives', 'false_positives', 'false_negatives', 'precision', 'recall', 'f1_score']
[DEBUG _get_metrics] Extracted from ConfigRecord._data
[DEBUG] Extracted 4 metrics from results

[Evaluation Summary]
============================================================
Round: 15 / 60
Accuracy (mean):  0.9907  (99.07%)
Loss:             0.0097
[Per-Device Accuracy]
  - Device 0:  0.9910  (99.10%)
  - Device 1:  0.9886  (98.86%)
  - Device 2:  0.9924  (99.24%)
  - Device 3:  0.9910  (99.10%)

[Ground Truth]
  - Attack samples: 1621
  - Normal samples: 482
  - Total samples:  2103

[Predictions]
  - Predicted Attack:  1630
  - Predicted Normal:  473

[Confusion Matrix]
  - True Positives (TP):  1616
  - True Negatives (TN):  468
  - False Positives (FP): 14
  - False Negatives (FN): 5

[Metrics]
  - Precision:  0.9926  (99.26%)
  - Recall:     0.9954  (99.54%)
  - F1-Score:   0.9940  (99.40%)
============================================================

[36m(ClientAppActor pid=632055)[0m [Client 1] Class weights (smoothed): {0: 1.0, 1: 1.0}[32m [repeated 16x across cluster][0m
[DEBUG] evaluate_metrics_aggregation_fn called with 4 results
[DEBUG] results type: <class 'list'>
[DEBUG] First result type: <class 'tuple'>
[DEBUG] First result length: 2
[DEBUG] results[0][0] type: <class 'int'>
[DEBUG] results[0][1] type: <class 'flwr.app.message.configrecord.ConfigRecord'>
[DEBUG _get_metrics] res_item[1] type: ConfigRecord
[DEBUG _get_metrics] res_item[1] has metrics attr: False
[DEBUG _get_metrics] res_item[1].__dict__: {'_check_key_fn': <function _check_key at 0x72839bbd4900>, '_check_value_fn': <function _check_value at 0x7283913c49a0>, '_data': {'accuracy': 0.9909653067588806, 'loss': 0.0090559097006917, 'total_samples': 2103, 'actual_attack': 1621, 'actual_normal': 482, 'predicted_attack': 1630, 'predicted_normal': 473, 'true_positives': 1616, 'true_negatives': 468, 'false_positives': 14, 'false_negatives': 5, 'precision': 0.9914110429447853, 'recall': 0.9969154842689698, 'f1_score': 0.9941556444171025}}
[DEBUG _get_metrics] res_item[1].keys(): ['accuracy', 'loss', 'total_samples', 'actual_attack', 'actual_normal', 'predicted_attack', 'predicted_normal', 'true_positives', 'true_negatives', 'false_positives', 'false_negatives', 'precision', 'recall', 'f1_score']
[DEBUG _get_metrics] Extracted from ConfigRecord._data
[DEBUG _get_metrics] res_item[1] type: ConfigRecord
[DEBUG _get_metrics] res_item[1] has metrics attr: False
[DEBUG _get_metrics] res_item[1].__dict__: {'_check_key_fn': <function _check_key at 0x72839bbd4900>, '_check_value_fn': <function _check_value at 0x7283913c49a0>, '_data': {'accuracy': 0.9885985851287842, 'loss': 0.00931305531412363, 'total_samples': 2105, 'actual_attack': 1622, 'actual_normal': 483, 'predicted_attack': 1626, 'predicted_normal': 479, 'true_positives': 1612, 'true_negatives': 469, 'false_positives': 14, 'false_negatives': 10, 'precision': 0.991389913899139, 'recall': 0.9938347718865598, 'f1_score': 0.9926108374384236}}
[DEBUG _get_metrics] res_item[1].keys(): ['accuracy', 'loss', 'total_samples', 'actual_attack', 'actual_normal', 'predicted_attack', 'predicted_normal', 'true_positives', 'true_negatives', 'false_positives', 'false_negatives', 'precision', 'recall', 'f1_score']
[DEBUG _get_metrics] Extracted from ConfigRecord._data
[DEBUG _get_metrics] res_item[1] type: ConfigRecord
[DEBUG _get_metrics] res_item[1] has metrics attr: False
[DEBUG _get_metrics] res_item[1].__dict__: {'_check_key_fn': <function _check_key at 0x72839bbd4900>, '_check_value_fn': <function _check_value at 0x7283913c49a0>, '_data': {'accuracy': 0.9909653067588806, 'loss': 0.0090559097006917, 'total_samples': 2103, 'actual_attack': 1621, 'actual_normal': 482, 'predicted_attack': 1630, 'predicted_normal': 473, 'true_positives': 1616, 'true_negatives': 468, 'false_positives': 14, 'false_negatives': 5, 'precision': 0.9914110429447853, 'recall': 0.9969154842689698, 'f1_score': 0.9941556444171025}}
[DEBUG _get_metrics] res_item[1].keys(): ['accuracy', 'loss', 'total_samples', 'actual_attack', 'actual_normal', 'predicted_attack', 'predicted_normal', 'true_positives', 'true_negatives', 'false_positives', 'false_negatives', 'precision', 'recall', 'f1_score']
[DEBUG _get_metrics] Extracted from ConfigRecord._data
[DEBUG _get_metrics] res_item[1] type: ConfigRecord
[DEBUG _get_metrics] res_item[1] has metrics attr: False
[DEBUG _get_metrics] res_item[1].__dict__: {'_check_key_fn': <function _check_key at 0x72839bbd4900>, '_check_value_fn': <function _check_value at 0x7283913c49a0>, '_data': {'accuracy': 0.991916298866272, 'loss': 0.008594411425292492, 'total_samples': 2103, 'actual_attack': 1621, 'actual_normal': 482, 'predicted_attack': 1618, 'predicted_normal': 485, 'true_positives': 1611, 'true_negatives': 475, 'false_positives': 7, 'false_negatives': 10, 'precision': 0.9956736711990112, 'recall': 0.9938309685379395, 'f1_score': 0.9947514665020067}}
[DEBUG _get_metrics] res_item[1].keys(): ['accuracy', 'loss', 'total_samples', 'actual_attack', 'actual_normal', 'predicted_attack', 'predicted_normal', 'true_positives', 'true_negatives', 'false_positives', 'false_negatives', 'precision', 'recall', 'f1_score']
[DEBUG _get_metrics] Extracted from ConfigRecord._data
[DEBUG] Extracted 4 metrics from results

[Evaluation Summary]
============================================================[92mINFO [0m:      
[92mINFO [0m:      [ROUND 17]
[92mINFO [0m:      configure_fit: strategy sampled 4 clients (out of 4)
[92mINFO [0m:      aggregate_fit: received 4 results and 0 failures
[92mINFO [0m:      configure_evaluate: strategy sampled 4 clients (out of 4)
[92mINFO [0m:      aggregate_evaluate: received 4 results and 0 failures
[92mINFO [0m:      
[92mINFO [0m:      [ROUND 18]
[92mINFO [0m:      configure_fit: strategy sampled 4 clients (out of 4)
[92mINFO [0m:      aggregate_fit: received 4 results and 0 failures
[92mINFO [0m:      configure_evaluate: strategy sampled 4 clients (out of 4)
[92mINFO [0m:      aggregate_evaluate: received 4 results and 0 failures

Round: 16 / 60
Accuracy (mean):  0.9906  (99.06%)
Loss:             0.0090
[Per-Device Accuracy]
  - Device 0:  0.9910  (99.10%)
  - Device 1:  0.9886  (98.86%)
  - Device 2:  0.9910  (99.10%)
  - Device 3:  0.9919  (99.19%)

[Ground Truth]
  - Attack samples: 1621
  - Normal samples: 482
  - Total samples:  2103

[Predictions]
  - Predicted Attack:  1630
  - Predicted Normal:  473

[Confusion Matrix]
  - True Positives (TP):  1616
  - True Negatives (TN):  468
  - False Positives (FP): 14
  - False Negatives (FN): 5

[Metrics]
  - Precision:  0.9925  (99.25%)
  - Recall:     0.9954  (99.54%)
  - F1-Score:   0.9939  (99.39%)
============================================================

[DEBUG] evaluate_metrics_aggregation_fn called with 4 results
[DEBUG] results type: <class 'list'>
[DEBUG] First result type: <class 'tuple'>
[DEBUG] First result length: 2
[DEBUG] results[0][0] type: <class 'int'>
[DEBUG] results[0][1] type: <class 'flwr.app.message.configrecord.ConfigRecord'>
[DEBUG _get_metrics] res_item[1] type: ConfigRecord
[DEBUG _get_metrics] res_item[1] has metrics attr: False
[DEBUG _get_metrics] res_item[1].__dict__: {'_check_key_fn': <function _check_key at 0x72839bbd4900>, '_check_value_fn': <function _check_value at 0x7283913c49a0>, '_data': {'accuracy': 0.9914407730102539, 'loss': 0.008635077625513077, 'total_samples': 2103, 'actual_attack': 1621, 'actual_normal': 482, 'predicted_attack': 1629, 'predicted_normal': 474, 'true_positives': 1616, 'true_negatives': 469, 'false_positives': 13, 'false_negatives': 5, 'precision': 0.9920196439533456, 'recall': 0.9969154842689698, 'f1_score': 0.9944615384615384}}
[DEBUG _get_metrics] res_item[1].keys(): ['accuracy', 'loss', 'total_samples', 'actual_attack', 'actual_normal', 'predicted_attack', 'predicted_normal', 'true_positives', 'true_negatives', 'false_positives', 'false_negatives', 'precision', 'recall', 'f1_score']
[DEBUG _get_metrics] Extracted from ConfigRecord._data
[DEBUG _get_metrics] res_item[1] type: ConfigRecord
[DEBUG _get_metrics] res_item[1] has metrics attr: False
[DEBUG _get_metrics] res_item[1].__dict__: {'_check_key_fn': <function _check_key at 0x72839bbd4900>, '_check_value_fn': <function _check_value at 0x7283913c49a0>, '_data': {'accuracy': 0.989073634147644, 'loss': 0.008902915753424168, 'total_samples': 2105, 'actual_attack': 1622, 'actual_normal': 483, 'predicted_attack': 1625, 'predicted_normal': 480, 'true_positives': 1612, 'true_negatives': 470, 'false_positives': 13, 'false_negatives': 10, 'precision': 0.992, 'recall': 0.9938347718865598, 'f1_score': 0.9929165383430859}}
[DEBUG _get_metrics] res_item[1].keys(): ['accuracy', 'loss', 'total_samples', 'actual_attack', 'actual_normal', 'predicted_attack', 'predicted_normal', 'true_positives', 'true_negatives', 'false_positives', 'false_negatives', 'precision', 'recall', 'f1_score']
[DEBUG _get_metrics] Extracted from ConfigRecord._data
[DEBUG _get_metrics] res_item[1] type: ConfigRecord
[DEBUG _get_metrics] res_item[1] has metrics attr: False
[DEBUG _get_metrics] res_item[1].__dict__: {'_check_key_fn': <function _check_key at 0x72839bbd4900>, '_check_value_fn': <function _check_value at 0x7283913c49a0>, '_data': {'accuracy': 0.991916298866272, 'loss': 0.008222417905926704, 'total_samples': 2103, 'actual_attack': 1621, 'actual_normal': 482, 'predicted_attack': 1618, 'predicted_normal': 485, 'true_positives': 1611, 'true_negatives': 475, 'false_positives': 7, 'false_negatives': 10, 'precision': 0.9956736711990112, 'recall': 0.9938309685379395, 'f1_score': 0.9947514665020067}}
[DEBUG _get_metrics] res_item[1].keys(): ['accuracy', 'loss', 'total_samples', 'actual_attack', 'actual_normal', 'predicted_attack', 'predicted_normal', 'true_positives', 'true_negatives', 'false_positives', 'false_negatives', 'precision', 'recall', 'f1_score']
[DEBUG _get_metrics] Extracted from ConfigRecord._data
[DEBUG _get_metrics] res_item[1] type: ConfigRecord
[DEBUG _get_metrics] res_item[1] has metrics attr: False
[DEBUG _get_metrics] res_item[1].__dict__: {'_check_key_fn': <function _check_key at 0x72839bbd4900>, '_check_value_fn': <function _check_value at 0x7283913c49a0>, '_data': {'accuracy': 0.9914407730102539, 'loss': 0.008635077625513077, 'total_samples': 2103, 'actual_attack': 1621, 'actual_normal': 482, 'predicted_attack': 1629, 'predicted_normal': 474, 'true_positives': 1616, 'true_negatives': 469, 'false_positives': 13, 'false_negatives': 5, 'precision': 0.9920196439533456, 'recall': 0.9969154842689698, 'f1_score': 0.9944615384615384}}
[DEBUG _get_metrics] res_item[1].keys(): ['accuracy', 'loss', 'total_samples', 'actual_attack', 'actual_normal', 'predicted_attack', 'predicted_normal', 'true_positives', 'true_negatives', 'false_positives', 'false_negatives', 'precision', 'recall', 'f1_score']
[DEBUG _get_metrics] Extracted from ConfigRecord._data
[DEBUG] Extracted 4 metrics from results

[Evaluation Summary]
============================================================
Round: 17 / 60
Accuracy (mean):  0.9910  (99.10%)
Loss:             0.0086
[Per-Device Accuracy]
  - Device 0:  0.9914  (99.14%)
  - Device 1:  0.9891  (98.91%)
  - Device 2:  0.9919  (99.19%)
  - Device 3:  0.9914  (99.14%)

[Ground Truth]
  - Attack samples: 1621
  - Normal samples: 482
  - Total samples:  2103

[Predictions]
  - Predicted Attack:  1629
  - Predicted Normal:  474

[Confusion Matrix]
  - True Positives (TP):  1616
  - True Negatives (TN):  469
  - False Positives (FP): 13
  - False Negatives (FN): 5

[Metrics]
  - Precision:  0.9929  (99.29%)
  - Recall:     0.9954  (99.54%)
  - F1-Score:   0.9941  (99.41%)
============================================================

[36m(ClientAppActor pid=632055)[0m [Client 1] Class weights (smoothed): {0: 1.0, 1: 1.0}[32m [repeated 16x across cluster][0m
[DEBUG] evaluate_metrics_aggregation_fn called with 4 results
[DEBUG] results type: <class 'list'>
[DEBUG] First result type: <class 'tuple'>
[DEBUG] First result length: 2
[DEBUG] results[0][0] type: <class 'int'>
[DEBUG] results[0][1] type: <class 'flwr.app.message.configrecord.ConfigRecord'>
[DEBUG _get_metrics] res_item[1] type: ConfigRecord
[DEBUG _get_metrics] res_item[1] has metrics attr: False
[DEBUG _get_metrics] res_item[1].__dict__: {'_check_key_fn': <function _check_key at 0x72839bbd4900>, '_check_value_fn': <function _check_value at 0x7283913c49a0>, '_data': {'accuracy': 0.9914407730102539, 'loss': 0.008268422447144985, 'total_samples': 2103, 'actual_attack': 1621, 'actual_normal': 482, 'predicted_attack': 1629, 'predicted_normal': 474, 'true_positives': 1616, 'true_negatives': 469, 'false_positives': 13, 'false_negatives': 5, 'precision': 0.9920196439533456, 'recall': 0.9969154842689698, 'f1_score': 0.9944615384615384}}
[DEBUG _get_metrics] res_item[1].keys(): ['accuracy', 'loss', 'total_samples', 'actual_attack', 'actual_normal', 'predicted_attack', 'predicted_normal', 'true_positives', 'true_negatives', 'false_positives', 'false_negatives', 'precision', 'recall', 'f1_score']
[DEBUG _get_metrics] Extracted from ConfigRecord._data
[DEBUG _get_metrics] res_item[1] type: ConfigRecord
[DEBUG _get_metrics] res_item[1] has metrics attr: False
[DEBUG _get_metrics] res_item[1].__dict__: {'_check_key_fn': <function _check_key at 0x72839bbd4900>, '_check_value_fn': <function _check_value at 0x7283913c49a0>, '_data': {'accuracy': 0.99239182472229, 'loss': 0.007895134389400482, 'total_samples': 2103, 'actual_attack': 1621, 'actual_normal': 482, 'predicted_attack': 1619, 'predicted_normal': 484, 'true_positives': 1612, 'true_negatives': 475, 'false_positives': 7, 'false_negatives': 9, 'precision': 0.9956763434218654, 'recall': 0.9944478716841456, 'f1_score': 0.9950617283950618}}
[DEBUG _get_metrics] res_item[1].keys(): ['accuracy', 'loss', 'total_samples', 'actual_attack', 'actual_normal', 'predicted_attack', 'predicted_normal', 'true_positives', 'true_negatives', 'false_positives', 'false_negatives', 'precision', 'recall', 'f1_score']
[DEBUG _get_metrics] Extracted from ConfigRecord._data
[DEBUG _get_metrics] res_item[1] type: ConfigRecord
[DEBUG _get_metrics] res_item[1] has metrics attr: False
[DEBUG _get_metrics] res_item[1].__dict__: {'_check_key_fn': <function _check_key at 0x72839bbd4900>, '_check_value_fn': <function _check_value at 0x7283913c49a0>, '_data': {'accuracy': 0.989073634147644, 'loss': 0.008550544269382954, 'total_samples': 2105, 'actual_attack': 1622, 'actual_normal': 483, 'predicted_attack': 1625, 'predicted_normal': 480, 'true_positives': 1612, 'true_negatives': 470, 'false_positives': 13, 'false_negatives': 10, 'precision': 0.992, 'recall': 0.9938347718865598, 'f1_score': 0.9929165383430859}}[92mINFO [0m:      
[92mINFO [0m:      [ROUND 19]
[92mINFO [0m:      configure_fit: strategy sampled 4 clients (out of 4)
[92mINFO [0m:      aggregate_fit: received 4 results and 0 failures
[92mINFO [0m:      configure_evaluate: strategy sampled 4 clients (out of 4)
[92mINFO [0m:      aggregate_evaluate: received 4 results and 0 failures
[92mINFO [0m:      
[92mINFO [0m:      [ROUND 20]
[92mINFO [0m:      configure_fit: strategy sampled 4 clients (out of 4)
[92mINFO [0m:      aggregate_fit: received 4 results and 0 failures
[92mINFO [0m:      configure_evaluate: strategy sampled 4 clients (out of 4)
[92mINFO [0m:      aggregate_evaluate: received 4 results and 0 failures

[DEBUG _get_metrics] res_item[1].keys(): ['accuracy', 'loss', 'total_samples', 'actual_attack', 'actual_normal', 'predicted_attack', 'predicted_normal', 'true_positives', 'true_negatives', 'false_positives', 'false_negatives', 'precision', 'recall', 'f1_score']
[DEBUG _get_metrics] Extracted from ConfigRecord._data
[DEBUG _get_metrics] res_item[1] type: ConfigRecord
[DEBUG _get_metrics] res_item[1] has metrics attr: False
[DEBUG _get_metrics] res_item[1].__dict__: {'_check_key_fn': <function _check_key at 0x72839bbd4900>, '_check_value_fn': <function _check_value at 0x7283913c49a0>, '_data': {'accuracy': 0.9914407730102539, 'loss': 0.008268422447144985, 'total_samples': 2103, 'actual_attack': 1621, 'actual_normal': 482, 'predicted_attack': 1629, 'predicted_normal': 474, 'true_positives': 1616, 'true_negatives': 469, 'false_positives': 13, 'false_negatives': 5, 'precision': 0.9920196439533456, 'recall': 0.9969154842689698, 'f1_score': 0.9944615384615384}}
[DEBUG _get_metrics] res_item[1].keys(): ['accuracy', 'loss', 'total_samples', 'actual_attack', 'actual_normal', 'predicted_attack', 'predicted_normal', 'true_positives', 'true_negatives', 'false_positives', 'false_negatives', 'precision', 'recall', 'f1_score']
[DEBUG _get_metrics] Extracted from ConfigRecord._data
[DEBUG] Extracted 4 metrics from results

[Evaluation Summary]
============================================================
Round: 18 / 60
Accuracy (mean):  0.9911  (99.11%)
Loss:             0.0082
[Per-Device Accuracy]
  - Device 0:  0.9914  (99.14%)
  - Device 1:  0.9924  (99.24%)
  - Device 2:  0.9891  (98.91%)
  - Device 3:  0.9914  (99.14%)

[Ground Truth]
  - Attack samples: 1621
  - Normal samples: 482
  - Total samples:  2103

[Predictions]
  - Predicted Attack:  1629
  - Predicted Normal:  474

[Confusion Matrix]
  - True Positives (TP):  1616
  - True Negatives (TN):  469
  - False Positives (FP): 13
  - False Negatives (FN): 5

[Metrics]
  - Precision:  0.9929  (99.29%)
  - Recall:     0.9955  (99.55%)
  - F1-Score:   0.9942  (99.42%)
============================================================

[DEBUG] evaluate_metrics_aggregation_fn called with 4 results
[DEBUG] results type: <class 'list'>
[DEBUG] First result type: <class 'tuple'>
[DEBUG] First result length: 2
[DEBUG] results[0][0] type: <class 'int'>
[DEBUG] results[0][1] type: <class 'flwr.app.message.configrecord.ConfigRecord'>
[DEBUG _get_metrics] res_item[1] type: ConfigRecord
[DEBUG _get_metrics] res_item[1] has metrics attr: False
[DEBUG _get_metrics] res_item[1].__dict__: {'_check_key_fn': <function _check_key at 0x72839bbd4900>, '_check_value_fn': <function _check_value at 0x7283913c49a0>, '_data': {'accuracy': 0.99239182472229, 'loss': 0.007611773908138275, 'total_samples': 2103, 'actual_attack': 1621, 'actual_normal': 482, 'predicted_attack': 1619, 'predicted_normal': 484, 'true_positives': 1612, 'true_negatives': 475, 'false_positives': 7, 'false_negatives': 9, 'precision': 0.9956763434218654, 'recall': 0.9944478716841456, 'f1_score': 0.9950617283950618}}
[DEBUG _get_metrics] res_item[1].keys(): ['accuracy', 'loss', 'total_samples', 'actual_attack', 'actual_normal', 'predicted_attack', 'predicted_normal', 'true_positives', 'true_negatives', 'false_positives', 'false_negatives', 'precision', 'recall', 'f1_score']
[DEBUG _get_metrics] Extracted from ConfigRecord._data
[DEBUG _get_metrics] res_item[1] type: ConfigRecord
[DEBUG _get_metrics] res_item[1] has metrics attr: False
[DEBUG _get_metrics] res_item[1].__dict__: {'_check_key_fn': <function _check_key at 0x72839bbd4900>, '_check_value_fn': <function _check_value at 0x7283913c49a0>, '_data': {'accuracy': 0.9914407730102539, 'loss': 0.00800033938139677, 'total_samples': 2103, 'actual_attack': 1621, 'actual_normal': 482, 'predicted_attack': 1629, 'predicted_normal': 474, 'true_positives': 1616, 'true_negatives': 469, 'false_positives': 13, 'false_negatives': 5, 'precision': 0.9920196439533456, 'recall': 0.9969154842689698, 'f1_score': 0.9944615384615384}}
[DEBUG _get_metrics] res_item[1].keys(): ['accuracy', 'loss', 'total_samples', 'actual_attack', 'actual_normal', 'predicted_attack', 'predicted_normal', 'true_positives', 'true_negatives', 'false_positives', 'false_negatives', 'precision', 'recall', 'f1_score']
[DEBUG _get_metrics] Extracted from ConfigRecord._data
[DEBUG _get_metrics] res_item[1] type: ConfigRecord
[DEBUG _get_metrics] res_item[1] has metrics attr: False
[DEBUG _get_metrics] res_item[1].__dict__: {'_check_key_fn': <function _check_key at 0x72839bbd4900>, '_check_value_fn': <function _check_value at 0x7283913c49a0>, '_data': {'accuracy': 0.9885985851287842, 'loss': 0.008293903432786465, 'total_samples': 2105, 'actual_attack': 1622, 'actual_normal': 483, 'predicted_attack': 1624, 'predicted_normal': 481, 'true_positives': 1611, 'true_negatives': 470, 'false_positives': 13, 'false_negatives': 11, 'precision': 0.9919950738916257, 'recall': 0.9932182490752158, 'f1_score': 0.9926062846580407}}
[DEBUG _get_metrics] res_item[1].keys(): ['accuracy', 'loss', 'total_samples', 'actual_attack', 'actual_normal', 'predicted_attack', 'predicted_normal', 'true_positives', 'true_negatives', 'false_positives', 'false_negatives', 'precision', 'recall', 'f1_score']
[DEBUG _get_metrics] Extracted from ConfigRecord._data
[DEBUG _get_metrics] res_item[1] type: ConfigRecord
[DEBUG _get_metrics] res_item[1] has metrics attr: False
[DEBUG _get_metrics] res_item[1].__dict__: {'_check_key_fn': <function _check_key at 0x72839bbd4900>, '_check_value_fn': <function _check_value at 0x7283913c49a0>, '_data': {'accuracy': 0.9914407730102539, 'loss': 0.00800033938139677, 'total_samples': 2103, 'actual_attack': 1621, 'actual_normal': 482, 'predicted_attack': 1629, 'predicted_normal': 474, 'true_positives': 1616, 'true_negatives': 469, 'false_positives': 13, 'false_negatives': 5, 'precision': 0.9920196439533456, 'recall': 0.9969154842689698, 'f1_score': 0.9944615384615384}}
[DEBUG _get_metrics] res_item[1].keys(): ['accuracy', 'loss', 'total_samples', 'actual_attack', 'actual_normal', 'predicted_attack', 'predicted_normal', 'true_positives', 'true_negatives', 'false_positives', 'false_negatives', 'precision', 'recall', 'f1_score']
[DEBUG _get_metrics] Extracted from ConfigRecord._data
[DEBUG] Extracted 4 metrics from results

[Evaluation Summary]
============================================================
Round: 19 / 60
Accuracy (mean):  0.9910  (99.10%)
Loss:             0.0080
[Per-Device Accuracy]
  - Device 0:  0.9924  (99.24%)
  - Device 1:  0.9914  (99.14%)
  - Device 2:  0.9886  (98.86%)
  - Device 3:  0.9914  (99.14%)

[Ground Truth]
  - Attack samples: 1621
  - Normal samples: 482
  - Total samples:  2103

[Predictions]
  - Predicted Attack:  1619
  - Predicted Normal:  484

[Confusion Matrix]
  - True Positives (TP):  1612
  - True Negatives (TN):  475
  - False Positives (FP): 7
  - False Negatives (FN): 9

[Metrics]
  - Precision:  0.9929  (99.29%)
  - Recall:     0.9954  (99.54%)
  - F1-Score:   0.9941  (99.41%)
============================================================

[Round 20] Client contributions:
  Client samples: 29,186 (weight: 0.2500)
  Client samples: 29,184 (weight: 0.2500)
  Client samples: 29,186 (weight: 0.2500)
  Client samples: 29,186 (weight: 0.2500)
[36m(ClientAppActor pid=632055)[0m [Client 1] Class weights (smoothed): {0: 1.0, 1: 1.0}[32m [repeated 16x across cluster][0m
[DEBUG] evaluate_metrics_aggregation_fn called with 4 results
[DEBUG] results type: <class 'list'>
[DEBUG] First result type: <class 'tuple'>
[DEBUG] First result length: 2
[DEBUG] results[0][0] type: <class 'int'>
[DEBUG] results[0][1] type: <class 'flwr.app.message.configrecord.ConfigRecord'>
[DEBUG _get_metrics] res_item[1] type: ConfigRecord
[DEBUG _get_metrics] res_item[1] has metrics attr: False
[DEBUG _get_metrics] res_item[1].__dict__: {'_check_key_fn': <function _check_key at 0x72839bbd4900>, '_check_value_fn': <function _check_value at 0x7283913c49a0>, '_data': {'accuracy': 0.9914407730102539, 'loss': 0.007878942415118217, 'total_samples': 2103, 'actual_attack': 1621, 'actual_normal': 482, 'predicted_attack': 1629, 'predicted_normal': 474, 'true_positives': 1616, 'true_negatives': 469, 'false_positives': 13, 'false_negatives': 5, 'precision': 0.9920196439533456, 'recall': 0.9969154842689698, 'f1_score': 0.9944615384615384}}[92mINFO [0m:      
[92mINFO [0m:      [ROUND 21]
[92mINFO [0m:      configure_fit: strategy sampled 4 clients (out of 4)
[92mINFO [0m:      aggregate_fit: received 4 results and 0 failures
[92mINFO [0m:      configure_evaluate: strategy sampled 4 clients (out of 4)
[92mINFO [0m:      aggregate_evaluate: received 4 results and 0 failures

[DEBUG _get_metrics] res_item[1].keys(): ['accuracy', 'loss', 'total_samples', 'actual_attack', 'actual_normal', 'predicted_attack', 'predicted_normal', 'true_positives', 'true_negatives', 'false_positives', 'false_negatives', 'precision', 'recall', 'f1_score']
[DEBUG _get_metrics] Extracted from ConfigRecord._data
[DEBUG _get_metrics] res_item[1] type: ConfigRecord
[DEBUG _get_metrics] res_item[1] has metrics attr: False
[DEBUG _get_metrics] res_item[1].__dict__: {'_check_key_fn': <function _check_key at 0x72839bbd4900>, '_check_value_fn': <function _check_value at 0x7283913c49a0>, '_data': {'accuracy': 0.9885985851287842, 'loss': 0.008156554773449898, 'total_samples': 2105, 'actual_attack': 1622, 'actual_normal': 483, 'predicted_attack': 1624, 'predicted_normal': 481, 'true_positives': 1611, 'true_negatives': 470, 'false_positives': 13, 'false_negatives': 11, 'precision': 0.9919950738916257, 'recall': 0.9932182490752158, 'f1_score': 0.9926062846580407}}
[DEBUG _get_metrics] res_item[1].keys(): ['accuracy', 'loss', 'total_samples', 'actual_attack', 'actual_normal', 'predicted_attack', 'predicted_normal', 'true_positives', 'true_negatives', 'false_positives', 'false_negatives', 'precision', 'recall', 'f1_score']
[DEBUG _get_metrics] Extracted from ConfigRecord._data
[DEBUG _get_metrics] res_item[1] type: ConfigRecord
[DEBUG _get_metrics] res_item[1] has metrics attr: False
[DEBUG _get_metrics] res_item[1].__dict__: {'_check_key_fn': <function _check_key at 0x72839bbd4900>, '_check_value_fn': <function _check_value at 0x7283913c49a0>, '_data': {'accuracy': 0.9928673505783081, 'loss': 0.007428855635225773, 'total_samples': 2103, 'actual_attack': 1621, 'actual_normal': 482, 'predicted_attack': 1618, 'predicted_normal': 485, 'true_positives': 1612, 'true_negatives': 476, 'false_positives': 6, 'false_negatives': 9, 'precision': 0.9962917181705809, 'recall': 0.9944478716841456, 'f1_score': 0.9953689410311826}}
[DEBUG _get_metrics] res_item[1].keys(): ['accuracy', 'loss', 'total_samples', 'actual_attack', 'actual_normal', 'predicted_attack', 'predicted_normal', 'true_positives', 'true_negatives', 'false_positives', 'false_negatives', 'precision', 'recall', 'f1_score']
[DEBUG _get_metrics] Extracted from ConfigRecord._data
[DEBUG _get_metrics] res_item[1] type: ConfigRecord
[DEBUG _get_metrics] res_item[1] has metrics attr: False
[DEBUG _get_metrics] res_item[1].__dict__: {'_check_key_fn': <function _check_key at 0x72839bbd4900>, '_check_value_fn': <function _check_value at 0x7283913c49a0>, '_data': {'accuracy': 0.9914407730102539, 'loss': 0.007878942415118217, 'total_samples': 2103, 'actual_attack': 1621, 'actual_normal': 482, 'predicted_attack': 1629, 'predicted_normal': 474, 'true_positives': 1616, 'true_negatives': 469, 'false_positives': 13, 'false_negatives': 5, 'precision': 0.9920196439533456, 'recall': 0.9969154842689698, 'f1_score': 0.9944615384615384}}
[DEBUG _get_metrics] res_item[1].keys(): ['accuracy', 'loss', 'total_samples', 'actual_attack', 'actual_normal', 'predicted_attack', 'predicted_normal', 'true_positives', 'true_negatives', 'false_positives', 'false_negatives', 'precision', 'recall', 'f1_score']
[DEBUG _get_metrics] Extracted from ConfigRecord._data
[DEBUG] Extracted 4 metrics from results

[Evaluation Summary]
============================================================
Round: 20 / 60
Accuracy (mean):  0.9911  (99.11%)
Loss:             0.0078
[Per-Device Accuracy]
  - Device 0:  0.9914  (99.14%)
  - Device 1:  0.9886  (98.86%)
  - Device 2:  0.9929  (99.29%)
  - Device 3:  0.9914  (99.14%)

[Ground Truth]
  - Attack samples: 1621
  - Normal samples: 482
  - Total samples:  2103

[Predictions]
  - Predicted Attack:  1629
  - Predicted Normal:  474

[Confusion Matrix]
  - True Positives (TP):  1616
  - True Negatives (TN):  469
  - False Positives (FP): 13
  - False Negatives (FN): 5

[Metrics]
  - Precision:  0.9931  (99.31%)
  - Recall:     0.9954  (99.54%)
  - F1-Score:   0.9942  (99.42%)
============================================================

[DEBUG] evaluate_metrics_aggregation_fn called with 4 results
[DEBUG] results type: <class 'list'>
[DEBUG] First result type: <class 'tuple'>
[DEBUG] First result length: 2
[DEBUG] results[0][0] type: <class 'int'>
[DEBUG] results[0][1] type: <class 'flwr.app.message.configrecord.ConfigRecord'>
[DEBUG _get_metrics] res_item[1] type: ConfigRecord
[DEBUG _get_metrics] res_item[1] has metrics attr: False
[DEBUG _get_metrics] res_item[1].__dict__: {'_check_key_fn': <function _check_key at 0x72839bbd4900>, '_check_value_fn': <function _check_value at 0x7283913c49a0>, '_data': {'accuracy': 0.9914407730102539, 'loss': 0.007823148742318153, 'total_samples': 2103, 'actual_attack': 1621, 'actual_normal': 482, 'predicted_attack': 1629, 'predicted_normal': 474, 'true_positives': 1616, 'true_negatives': 469, 'false_positives': 13, 'false_negatives': 5, 'precision': 0.9920196439533456, 'recall': 0.9969154842689698, 'f1_score': 0.9944615384615384}}
[DEBUG _get_metrics] res_item[1].keys(): ['accuracy', 'loss', 'total_samples', 'actual_attack', 'actual_normal', 'predicted_attack', 'predicted_normal', 'true_positives', 'true_negatives', 'false_positives', 'false_negatives', 'precision', 'recall', 'f1_score']
[DEBUG _get_metrics] Extracted from ConfigRecord._data
[DEBUG _get_metrics] res_item[1] type: ConfigRecord
[DEBUG _get_metrics] res_item[1] has metrics attr: False
[DEBUG _get_metrics] res_item[1].__dict__: {'_check_key_fn': <function _check_key at 0x72839bbd4900>, '_check_value_fn': <function _check_value at 0x7283913c49a0>, '_data': {'accuracy': 0.9885985851287842, 'loss': 0.008069722913205624, 'total_samples': 2105, 'actual_attack': 1622, 'actual_normal': 483, 'predicted_attack': 1624, 'predicted_normal': 481, 'true_positives': 1611, 'true_negatives': 470, 'false_positives': 13, 'false_negatives': 11, 'precision': 0.9919950738916257, 'recall': 0.9932182490752158, 'f1_score': 0.9926062846580407}}
[DEBUG _get_metrics] res_item[1].keys(): ['accuracy', 'loss', 'total_samples', 'actual_attack', 'actual_normal', 'predicted_attack', 'predicted_normal', 'true_positives', 'true_negatives', 'false_positives', 'false_negatives', 'precision', 'recall', 'f1_score']
[DEBUG _get_metrics] Extracted from ConfigRecord._data
[DEBUG _get_metrics] res_item[1] type: ConfigRecord
[DEBUG _get_metrics] res_item[1] has metrics attr: False
[DEBUG _get_metrics] res_item[1].__dict__: {'_check_key_fn': <function _check_key at 0x72839bbd4900>, '_check_value_fn': <function _check_value at 0x7283913c49a0>, '_data': {'accuracy': 0.9928673505783081, 'loss': 0.007379555143415928, 'total_samples': 2103, 'actual_attack': 1621, 'actual_normal': 482, 'predicted_attack': 1618, 'predicted_normal': 485, 'true_positives': 1612, 'true_negatives': 476, 'false_positives': 6, 'false_negatives': 9, 'precision': 0.9962917181705809, 'recall': 0.9944478716841456, 'f1_score': 0.9953689410311826}}
[DEBUG _get_metrics] res_item[1].keys(): ['accuracy', 'loss', 'total_samples', 'actual_attack', 'actual_normal', 'predicted_attack', 'predicted_normal', 'true_positives', 'true_negatives', 'false_positives', 'false_negatives', 'precision', 'recall', 'f1_score']
[DEBUG _get_metrics] Extracted from ConfigRecord._data
[DEBUG _get_metrics] res_item[1] type: ConfigRecord
[DEBUG _get_metrics] res_item[1] has metrics attr: False
[DEBUG _get_metrics] res_item[1].__dict__: {'_check_key_fn': <function _check_key at 0x72839bbd4900>, '_check_value_fn': <function _check_value at 0x7283913c49a0>, '_data': {'accuracy': 0.9914407730102539, 'loss': 0.007823148742318153, 'total_samples': 2103, 'actual_attack': 1621, 'actual_normal': 482, 'predicted_attack': 1629, 'predicted_normal': 474, 'true_positives': 1616, 'true_negatives': 469, 'false_positives': 13, 'false_negatives': 5, 'precision': 0.9920196439533456, 'recall': 0.9969154842689698, 'f1_score': 0.9944615384615384}}
[DEBUG _get_metrics] res_item[1].keys(): ['accuracy', 'loss', 'total_samples', 'actual_attack', 'actual_normal', 'predicted_attack', 'predicted_normal', 'true_positives', 'true_negatives', 'false_positives', 'false_negatives', 'precision', 'recall', 'f1_score']
[DEBUG _get_metrics] Extracted from ConfigRecord._data[92mINFO [0m:      
[92mINFO [0m:      [ROUND 22]
[92mINFO [0m:      configure_fit: strategy sampled 4 clients (out of 4)
[92mINFO [0m:      aggregate_fit: received 4 results and 0 failures
[92mINFO [0m:      configure_evaluate: strategy sampled 4 clients (out of 4)
[92mINFO [0m:      aggregate_evaluate: received 4 results and 0 failures
[92mINFO [0m:      
[92mINFO [0m:      [ROUND 23]
[92mINFO [0m:      configure_fit: strategy sampled 4 clients (out of 4)
[92mINFO [0m:      aggregate_fit: received 4 results and 0 failures
[92mINFO [0m:      configure_evaluate: strategy sampled 4 clients (out of 4)
[92mINFO [0m:      aggregate_evaluate: received 4 results and 0 failures

[DEBUG] Extracted 4 metrics from results

[Evaluation Summary]
============================================================
Round: 21 / 60
Accuracy (mean):  0.9911  (99.11%)
Loss:             0.0078
[Per-Device Accuracy]
  - Device 0:  0.9914  (99.14%)
  - Device 1:  0.9886  (98.86%)
  - Device 2:  0.9929  (99.29%)
  - Device 3:  0.9914  (99.14%)

[Ground Truth]
  - Attack samples: 1621
  - Normal samples: 482
  - Total samples:  2103

[Predictions]
  - Predicted Attack:  1629
  - Predicted Normal:  474

[Confusion Matrix]
  - True Positives (TP):  1616
  - True Negatives (TN):  469
  - False Positives (FP): 13
  - False Negatives (FN): 5

[Metrics]
  - Precision:  0.9931  (99.31%)
  - Recall:     0.9954  (99.54%)
  - F1-Score:   0.9942  (99.42%)
============================================================

[36m(ClientAppActor pid=632055)[0m [Client 1] Class weights (smoothed): {0: 1.0, 1: 1.0}[32m [repeated 16x across cluster][0m
[DEBUG] evaluate_metrics_aggregation_fn called with 4 results
[DEBUG] results type: <class 'list'>
[DEBUG] First result type: <class 'tuple'>
[DEBUG] First result length: 2
[DEBUG] results[0][0] type: <class 'int'>
[DEBUG] results[0][1] type: <class 'flwr.app.message.configrecord.ConfigRecord'>
[DEBUG _get_metrics] res_item[1] type: ConfigRecord
[DEBUG _get_metrics] res_item[1] has metrics attr: False
[DEBUG _get_metrics] res_item[1].__dict__: {'_check_key_fn': <function _check_key at 0x72839bbd4900>, '_check_value_fn': <function _check_value at 0x7283913c49a0>, '_data': {'accuracy': 0.9885985851287842, 'loss': 0.008099108934402466, 'total_samples': 2105, 'actual_attack': 1622, 'actual_normal': 483, 'predicted_attack': 1624, 'predicted_normal': 481, 'true_positives': 1611, 'true_negatives': 470, 'false_positives': 13, 'false_negatives': 11, 'precision': 0.9919950738916257, 'recall': 0.9932182490752158, 'f1_score': 0.9926062846580407}}
[DEBUG _get_metrics] res_item[1].keys(): ['accuracy', 'loss', 'total_samples', 'actual_attack', 'actual_normal', 'predicted_attack', 'predicted_normal', 'true_positives', 'true_negatives', 'false_positives', 'false_negatives', 'precision', 'recall', 'f1_score']
[DEBUG _get_metrics] Extracted from ConfigRecord._data
[DEBUG _get_metrics] res_item[1] type: ConfigRecord
[DEBUG _get_metrics] res_item[1] has metrics attr: False
[DEBUG _get_metrics] res_item[1].__dict__: {'_check_key_fn': <function _check_key at 0x72839bbd4900>, '_check_value_fn': <function _check_value at 0x7283913c49a0>, '_data': {'accuracy': 0.9928673505783081, 'loss': 0.007483696099370718, 'total_samples': 2103, 'actual_attack': 1621, 'actual_normal': 482, 'predicted_attack': 1620, 'predicted_normal': 483, 'true_positives': 1613, 'true_negatives': 475, 'false_positives': 7, 'false_negatives': 8, 'precision': 0.995679012345679, 'recall': 0.9950647748303516, 'f1_score': 0.9953717988275222}}
[DEBUG _get_metrics] res_item[1].keys(): ['accuracy', 'loss', 'total_samples', 'actual_attack', 'actual_normal', 'predicted_attack', 'predicted_normal', 'true_positives', 'true_negatives', 'false_positives', 'false_negatives', 'precision', 'recall', 'f1_score']
[DEBUG _get_metrics] Extracted from ConfigRecord._data
[DEBUG _get_metrics] res_item[1] type: ConfigRecord
[DEBUG _get_metrics] res_item[1] has metrics attr: False
[DEBUG _get_metrics] res_item[1].__dict__: {'_check_key_fn': <function _check_key at 0x72839bbd4900>, '_check_value_fn': <function _check_value at 0x7283913c49a0>, '_data': {'accuracy': 0.9914407730102539, 'loss': 0.007915044203400612, 'total_samples': 2103, 'actual_attack': 1621, 'actual_normal': 482, 'predicted_attack': 1629, 'predicted_normal': 474, 'true_positives': 1616, 'true_negatives': 469, 'false_positives': 13, 'false_negatives': 5, 'precision': 0.9920196439533456, 'recall': 0.9969154842689698, 'f1_score': 0.9944615384615384}}
[DEBUG _get_metrics] res_item[1].keys(): ['accuracy', 'loss', 'total_samples', 'actual_attack', 'actual_normal', 'predicted_attack', 'predicted_normal', 'true_positives', 'true_negatives', 'false_positives', 'false_negatives', 'precision', 'recall', 'f1_score']
[DEBUG _get_metrics] Extracted from ConfigRecord._data
[DEBUG _get_metrics] res_item[1] type: ConfigRecord
[DEBUG _get_metrics] res_item[1] has metrics attr: False
[DEBUG _get_metrics] res_item[1].__dict__: {'_check_key_fn': <function _check_key at 0x72839bbd4900>, '_check_value_fn': <function _check_value at 0x7283913c49a0>, '_data': {'accuracy': 0.9914407730102539, 'loss': 0.007915044203400612, 'total_samples': 2103, 'actual_attack': 1621, 'actual_normal': 482, 'predicted_attack': 1629, 'predicted_normal': 474, 'true_positives': 1616, 'true_negatives': 469, 'false_positives': 13, 'false_negatives': 5, 'precision': 0.9920196439533456, 'recall': 0.9969154842689698, 'f1_score': 0.9944615384615384}}
[DEBUG _get_metrics] res_item[1].keys(): ['accuracy', 'loss', 'total_samples', 'actual_attack', 'actual_normal', 'predicted_attack', 'predicted_normal', 'true_positives', 'true_negatives', 'false_positives', 'false_negatives', 'precision', 'recall', 'f1_score']
[DEBUG _get_metrics] Extracted from ConfigRecord._data
[DEBUG] Extracted 4 metrics from results

[Evaluation Summary]
============================================================
Round: 22 / 60
Accuracy (mean):  0.9911  (99.11%)
Loss:             0.0079
[Per-Device Accuracy]
  - Device 0:  0.9886  (98.86%)
  - Device 1:  0.9929  (99.29%)
  - Device 2:  0.9914  (99.14%)
  - Device 3:  0.9914  (99.14%)

[Ground Truth]
  - Attack samples: 1622
  - Normal samples: 483
  - Total samples:  2105

[Predictions]
  - Predicted Attack:  1624
  - Predicted Normal:  481

[Confusion Matrix]
  - True Positives (TP):  1611
  - True Negatives (TN):  470
  - False Positives (FP): 13
  - False Negatives (FN): 11

[Metrics]
  - Precision:  0.9929  (99.29%)
  - Recall:     0.9955  (99.55%)
  - F1-Score:   0.9942  (99.42%)
============================================================

[DEBUG] evaluate_metrics_aggregation_fn called with 4 results
[DEBUG] results type: <class 'list'>
[DEBUG] First result type: <class 'tuple'>
[DEBUG] First result length: 2
[DEBUG] results[0][0] type: <class 'int'>
[DEBUG] results[0][1] type: <class 'flwr.app.message.configrecord.ConfigRecord'>
[DEBUG _get_metrics] res_item[1] type: ConfigRecord
[DEBUG _get_metrics] res_item[1] has metrics attr: False
[DEBUG _get_metrics] res_item[1].__dict__: {'_check_key_fn': <function _check_key at 0x72839bbd4900>, '_check_value_fn': <function _check_value at 0x7283913c49a0>, '_data': {'accuracy': 0.989073634147644, 'loss': 0.008000536821782589, 'total_samples': 2105, 'actual_attack': 1622, 'actual_normal': 483, 'predicted_attack': 1625, 'predicted_normal': 480, 'true_positives': 1612, 'true_negatives': 470, 'false_positives': 13, 'false_negatives': 10, 'precision': 0.992, 'recall': 0.9938347718865598, 'f1_score': 0.9929165383430859}}
[DEBUG _get_metrics] res_item[1].keys(): ['accuracy', 'loss', 'total_samples', 'actual_attack', 'actual_normal', 'predicted_attack', 'predicted_normal', 'true_positives', 'true_negatives', 'false_positives', 'false_negatives', 'precision', 'recall', 'f1_score']
[DEBUG _get_metrics] Extracted from ConfigRecord._data
[DEBUG _get_metrics] res_item[1] type: ConfigRecord
[DEBUG _get_metrics] res_item[1] has metrics attr: False
[DEBUG _get_metrics] res_item[1].__dict__: {'_check_key_fn': <function _check_key at 0x72839bbd4900>, '_check_value_fn': <function _check_value at 0x7283913c49a0>, '_data': {'accuracy': 0.9928673505783081, 'loss': 0.007420588284730911, 'total_samples': 2103, 'actual_attack': 1621, 'actual_normal': 482, 'predicted_attack': 1620, 'predicted_normal': 483, 'true_positives': 1613, 'true_negatives': 475, 'false_positives': 7, 'false_negatives': 8, 'precision': 0.995679012345679, 'recall': 0.9950647748303516, 'f1_score': 0.9953717988275222}}
[DEBUG _get_metrics] res_item[1].keys(): ['accuracy', 'loss', 'total_samples', 'actual_attack', 'actual_normal', 'predicted_attack', 'predicted_normal', 'true_positives', 'true_negatives', 'false_positives', 'false_negatives', 'precision', 'recall', 'f1_score']
[DEBUG _get_metrics] Extracted from ConfigRecord._data
[DEBUG _get_metrics] res_item[1] type: ConfigRecord[92mINFO [0m:      
[92mINFO [0m:      [ROUND 24]
[92mINFO [0m:      configure_fit: strategy sampled 4 clients (out of 4)
[92mINFO [0m:      aggregate_fit: received 4 results and 0 failures
[92mINFO [0m:      configure_evaluate: strategy sampled 4 clients (out of 4)
[92mINFO [0m:      aggregate_evaluate: received 4 results and 0 failures
[92mINFO [0m:      
[92mINFO [0m:      [ROUND 25]
[92mINFO [0m:      configure_fit: strategy sampled 4 clients (out of 4)
[92mINFO [0m:      aggregate_fit: received 4 results and 0 failures
[92mINFO [0m:      configure_evaluate: strategy sampled 4 clients (out of 4)
[92mINFO [0m:      aggregate_evaluate: received 4 results and 0 failures

[DEBUG _get_metrics] res_item[1] has metrics attr: False
[DEBUG _get_metrics] res_item[1].__dict__: {'_check_key_fn': <function _check_key at 0x72839bbd4900>, '_check_value_fn': <function _check_value at 0x7283913c49a0>, '_data': {'accuracy': 0.9914407730102539, 'loss': 0.00785594992339611, 'total_samples': 2103, 'actual_attack': 1621, 'actual_normal': 482, 'predicted_attack': 1629, 'predicted_normal': 474, 'true_positives': 1616, 'true_negatives': 469, 'false_positives': 13, 'false_negatives': 5, 'precision': 0.9920196439533456, 'recall': 0.9969154842689698, 'f1_score': 0.9944615384615384}}
[DEBUG _get_metrics] res_item[1].keys(): ['accuracy', 'loss', 'total_samples', 'actual_attack', 'actual_normal', 'predicted_attack', 'predicted_normal', 'true_positives', 'true_negatives', 'false_positives', 'false_negatives', 'precision', 'recall', 'f1_score']
[DEBUG _get_metrics] Extracted from ConfigRecord._data
[DEBUG _get_metrics] res_item[1] type: ConfigRecord
[DEBUG _get_metrics] res_item[1] has metrics attr: False
[DEBUG _get_metrics] res_item[1].__dict__: {'_check_key_fn': <function _check_key at 0x72839bbd4900>, '_check_value_fn': <function _check_value at 0x7283913c49a0>, '_data': {'accuracy': 0.9914407730102539, 'loss': 0.00785594992339611, 'total_samples': 2103, 'actual_attack': 1621, 'actual_normal': 482, 'predicted_attack': 1629, 'predicted_normal': 474, 'true_positives': 1616, 'true_negatives': 469, 'false_positives': 13, 'false_negatives': 5, 'precision': 0.9920196439533456, 'recall': 0.9969154842689698, 'f1_score': 0.9944615384615384}}
[DEBUG _get_metrics] res_item[1].keys(): ['accuracy', 'loss', 'total_samples', 'actual_attack', 'actual_normal', 'predicted_attack', 'predicted_normal', 'true_positives', 'true_negatives', 'false_positives', 'false_negatives', 'precision', 'recall', 'f1_score']
[DEBUG _get_metrics] Extracted from ConfigRecord._data
[DEBUG] Extracted 4 metrics from results

[Evaluation Summary]
============================================================
Round: 23 / 60
Accuracy (mean):  0.9912  (99.12%)
Loss:             0.0078
[Per-Device Accuracy]
  - Device 0:  0.9891  (98.91%)
  - Device 1:  0.9929  (99.29%)
  - Device 2:  0.9914  (99.14%)
  - Device 3:  0.9914  (99.14%)

[Ground Truth]
  - Attack samples: 1622
  - Normal samples: 483
  - Total samples:  2105

[Predictions]
  - Predicted Attack:  1625
  - Predicted Normal:  480

[Confusion Matrix]
  - True Positives (TP):  1612
  - True Negatives (TN):  470
  - False Positives (FP): 13
  - False Negatives (FN): 10

[Metrics]
  - Precision:  0.9929  (99.29%)
  - Recall:     0.9957  (99.57%)
  - F1-Score:   0.9943  (99.43%)
============================================================

[36m(ClientAppActor pid=632055)[0m [Client 1] Class weights (smoothed): {0: 1.0, 1: 1.0}[32m [repeated 16x across cluster][0m
[DEBUG] evaluate_metrics_aggregation_fn called with 4 results
[DEBUG] results type: <class 'list'>
[DEBUG] First result type: <class 'tuple'>
[DEBUG] First result length: 2
[DEBUG] results[0][0] type: <class 'int'>
[DEBUG] results[0][1] type: <class 'flwr.app.message.configrecord.ConfigRecord'>
[DEBUG _get_metrics] res_item[1] type: ConfigRecord
[DEBUG _get_metrics] res_item[1] has metrics attr: False
[DEBUG _get_metrics] res_item[1].__dict__: {'_check_key_fn': <function _check_key at 0x72839bbd4900>, '_check_value_fn': <function _check_value at 0x7283913c49a0>, '_data': {'accuracy': 0.9914407730102539, 'loss': 0.007833445444703102, 'total_samples': 2103, 'actual_attack': 1621, 'actual_normal': 482, 'predicted_attack': 1629, 'predicted_normal': 474, 'true_positives': 1616, 'true_negatives': 469, 'false_positives': 13, 'false_negatives': 5, 'precision': 0.9920196439533456, 'recall': 0.9969154842689698, 'f1_score': 0.9944615384615384}}
[DEBUG _get_metrics] res_item[1].keys(): ['accuracy', 'loss', 'total_samples', 'actual_attack', 'actual_normal', 'predicted_attack', 'predicted_normal', 'true_positives', 'true_negatives', 'false_positives', 'false_negatives', 'precision', 'recall', 'f1_score']
[DEBUG _get_metrics] Extracted from ConfigRecord._data
[DEBUG _get_metrics] res_item[1] type: ConfigRecord
[DEBUG _get_metrics] res_item[1] has metrics attr: False
[DEBUG _get_metrics] res_item[1].__dict__: {'_check_key_fn': <function _check_key at 0x72839bbd4900>, '_check_value_fn': <function _check_value at 0x7283913c49a0>, '_data': {'accuracy': 0.989073634147644, 'loss': 0.007972964085638523, 'total_samples': 2105, 'actual_attack': 1622, 'actual_normal': 483, 'predicted_attack': 1625, 'predicted_normal': 480, 'true_positives': 1612, 'true_negatives': 470, 'false_positives': 13, 'false_negatives': 10, 'precision': 0.992, 'recall': 0.9938347718865598, 'f1_score': 0.9929165383430859}}
[DEBUG _get_metrics] res_item[1].keys(): ['accuracy', 'loss', 'total_samples', 'actual_attack', 'actual_normal', 'predicted_attack', 'predicted_normal', 'true_positives', 'true_negatives', 'false_positives', 'false_negatives', 'precision', 'recall', 'f1_score']
[DEBUG _get_metrics] Extracted from ConfigRecord._data
[DEBUG _get_metrics] res_item[1] type: ConfigRecord
[DEBUG _get_metrics] res_item[1] has metrics attr: False
[DEBUG _get_metrics] res_item[1].__dict__: {'_check_key_fn': <function _check_key at 0x72839bbd4900>, '_check_value_fn': <function _check_value at 0x7283913c49a0>, '_data': {'accuracy': 0.9928673505783081, 'loss': 0.007469079457223415, 'total_samples': 2103, 'actual_attack': 1621, 'actual_normal': 482, 'predicted_attack': 1620, 'predicted_normal': 483, 'true_positives': 1613, 'true_negatives': 475, 'false_positives': 7, 'false_negatives': 8, 'precision': 0.995679012345679, 'recall': 0.9950647748303516, 'f1_score': 0.9953717988275222}}
[DEBUG _get_metrics] res_item[1].keys(): ['accuracy', 'loss', 'total_samples', 'actual_attack', 'actual_normal', 'predicted_attack', 'predicted_normal', 'true_positives', 'true_negatives', 'false_positives', 'false_negatives', 'precision', 'recall', 'f1_score']
[DEBUG _get_metrics] Extracted from ConfigRecord._data
[DEBUG _get_metrics] res_item[1] type: ConfigRecord
[DEBUG _get_metrics] res_item[1] has metrics attr: False
[DEBUG _get_metrics] res_item[1].__dict__: {'_check_key_fn': <function _check_key at 0x72839bbd4900>, '_check_value_fn': <function _check_value at 0x7283913c49a0>, '_data': {'accuracy': 0.9914407730102539, 'loss': 0.007833445444703102, 'total_samples': 2103, 'actual_attack': 1621, 'actual_normal': 482, 'predicted_attack': 1629, 'predicted_normal': 474, 'true_positives': 1616, 'true_negatives': 469, 'false_positives': 13, 'false_negatives': 5, 'precision': 0.9920196439533456, 'recall': 0.9969154842689698, 'f1_score': 0.9944615384615384}}
[DEBUG _get_metrics] res_item[1].keys(): ['accuracy', 'loss', 'total_samples', 'actual_attack', 'actual_normal', 'predicted_attack', 'predicted_normal', 'true_positives', 'true_negatives', 'false_positives', 'false_negatives', 'precision', 'recall', 'f1_score']
[DEBUG _get_metrics] Extracted from ConfigRecord._data
[DEBUG] Extracted 4 metrics from results

[Evaluation Summary]
============================================================
Round: 24 / 60
Accuracy (mean):  0.9912  (99.12%)
Loss:             0.0078
[Per-Device Accuracy]
  - Device 0:  0.9914  (99.14%)
  - Device 1:  0.9891  (98.91%)
  - Device 2:  0.9929  (99.29%)
  - Device 3:  0.9914  (99.14%)

[Ground Truth]
  - Attack samples: 1621
  - Normal samples: 482
  - Total samples:  2103

[Predictions]
  - Predicted Attack:  1629
  - Predicted Normal:  474

[Confusion Matrix]
  - True Positives (TP):  1616
  - True Negatives (TN):  469
  - False Positives (FP): 13
  - False Negatives (FN): 5

[Metrics]
  - Precision:  0.9929  (99.29%)
  - Recall:     0.9957  (99.57%)
  - F1-Score:   0.9943  (99.43%)
============================================================

[Round 25] Client contributions:
  Client samples: 29,186 (weight: 0.2500)
  Client samples: 29,184 (weight: 0.2500)
  Client samples: 29,186 (weight: 0.2500)
  Client samples: 29,186 (weight: 0.2500)
[DEBUG] evaluate_metrics_aggregation_fn called with 4 results
[DEBUG] results type: <class 'list'>
[DEBUG] First result type: <class 'tuple'>
[DEBUG] First result length: 2
[DEBUG] results[0][0] type: <class 'int'>[92mINFO [0m:      
[92mINFO [0m:      [ROUND 26]
[92mINFO [0m:      configure_fit: strategy sampled 4 clients (out of 4)
[92mINFO [0m:      aggregate_fit: received 4 results and 0 failures
[92mINFO [0m:      configure_evaluate: strategy sampled 4 clients (out of 4)
[92mINFO [0m:      aggregate_evaluate: received 4 results and 0 failures

[DEBUG] results[0][1] type: <class 'flwr.app.message.configrecord.ConfigRecord'>
[DEBUG _get_metrics] res_item[1] type: ConfigRecord
[DEBUG _get_metrics] res_item[1] has metrics attr: False
[DEBUG _get_metrics] res_item[1].__dict__: {'_check_key_fn': <function _check_key at 0x72839bbd4900>, '_check_value_fn': <function _check_value at 0x7283913c49a0>, '_data': {'accuracy': 0.9914407730102539, 'loss': 0.007771781645715237, 'total_samples': 2103, 'actual_attack': 1621, 'actual_normal': 482, 'predicted_attack': 1629, 'predicted_normal': 474, 'true_positives': 1616, 'true_negatives': 469, 'false_positives': 13, 'false_negatives': 5, 'precision': 0.9920196439533456, 'recall': 0.9969154842689698, 'f1_score': 0.9944615384615384}}
[DEBUG _get_metrics] res_item[1].keys(): ['accuracy', 'loss', 'total_samples', 'actual_attack', 'actual_normal', 'predicted_attack', 'predicted_normal', 'true_positives', 'true_negatives', 'false_positives', 'false_negatives', 'precision', 'recall', 'f1_score']
[DEBUG _get_metrics] Extracted from ConfigRecord._data
[DEBUG _get_metrics] res_item[1] type: ConfigRecord
[DEBUG _get_metrics] res_item[1] has metrics attr: False
[DEBUG _get_metrics] res_item[1].__dict__: {'_check_key_fn': <function _check_key at 0x72839bbd4900>, '_check_value_fn': <function _check_value at 0x7283913c49a0>, '_data': {'accuracy': 0.9928673505783081, 'loss': 0.007354901172220707, 'total_samples': 2103, 'actual_attack': 1621, 'actual_normal': 482, 'predicted_attack': 1620, 'predicted_normal': 483, 'true_positives': 1613, 'true_negatives': 475, 'false_positives': 7, 'false_negatives': 8, 'precision': 0.995679012345679, 'recall': 0.9950647748303516, 'f1_score': 0.9953717988275222}}
[DEBUG _get_metrics] res_item[1].keys(): ['accuracy', 'loss', 'total_samples', 'actual_attack', 'actual_normal', 'predicted_attack', 'predicted_normal', 'true_positives', 'true_negatives', 'false_positives', 'false_negatives', 'precision', 'recall', 'f1_score']
[DEBUG _get_metrics] Extracted from ConfigRecord._data
[DEBUG _get_metrics] res_item[1] type: ConfigRecord
[DEBUG _get_metrics] res_item[1] has metrics attr: False
[DEBUG _get_metrics] res_item[1].__dict__: {'_check_key_fn': <function _check_key at 0x72839bbd4900>, '_check_value_fn': <function _check_value at 0x7283913c49a0>, '_data': {'accuracy': 0.9914407730102539, 'loss': 0.007771781645715237, 'total_samples': 2103, 'actual_attack': 1621, 'actual_normal': 482, 'predicted_attack': 1629, 'predicted_normal': 474, 'true_positives': 1616, 'true_negatives': 469, 'false_positives': 13, 'false_negatives': 5, 'precision': 0.9920196439533456, 'recall': 0.9969154842689698, 'f1_score': 0.9944615384615384}}
[DEBUG _get_metrics] res_item[1].keys(): ['accuracy', 'loss', 'total_samples', 'actual_attack', 'actual_normal', 'predicted_attack', 'predicted_normal', 'true_positives', 'true_negatives', 'false_positives', 'false_negatives', 'precision', 'recall', 'f1_score']
[DEBUG _get_metrics] Extracted from ConfigRecord._data
[DEBUG _get_metrics] res_item[1] type: ConfigRecord
[DEBUG _get_metrics] res_item[1] has metrics attr: False
[DEBUG _get_metrics] res_item[1].__dict__: {'_check_key_fn': <function _check_key at 0x72839bbd4900>, '_check_value_fn': <function _check_value at 0x7283913c49a0>, '_data': {'accuracy': 0.989073634147644, 'loss': 0.007898584008216858, 'total_samples': 2105, 'actual_attack': 1622, 'actual_normal': 483, 'predicted_attack': 1625, 'predicted_normal': 480, 'true_positives': 1612, 'true_negatives': 470, 'false_positives': 13, 'false_negatives': 10, 'precision': 0.992, 'recall': 0.9938347718865598, 'f1_score': 0.9929165383430859}}
[DEBUG _get_metrics] res_item[1].keys(): ['accuracy', 'loss', 'total_samples', 'actual_attack', 'actual_normal', 'predicted_attack', 'predicted_normal', 'true_positives', 'true_negatives', 'false_positives', 'false_negatives', 'precision', 'recall', 'f1_score']
[DEBUG _get_metrics] Extracted from ConfigRecord._data
[DEBUG] Extracted 4 metrics from results

[Evaluation Summary]
============================================================
Round: 25 / 60
Accuracy (mean):  0.9912  (99.12%)
Loss:             0.0077
[Per-Device Accuracy]
  - Device 0:  0.9914  (99.14%)
  - Device 1:  0.9929  (99.29%)
  - Device 2:  0.9914  (99.14%)
  - Device 3:  0.9891  (98.91%)

[Ground Truth]
  - Attack samples: 1621
  - Normal samples: 482
  - Total samples:  2103

[Predictions]
  - Predicted Attack:  1629
  - Predicted Normal:  474

[Confusion Matrix]
  - True Positives (TP):  1616
  - True Negatives (TN):  469
  - False Positives (FP): 13
  - False Negatives (FN): 5

[Metrics]
  - Precision:  0.9929  (99.29%)
  - Recall:     0.9957  (99.57%)
  - F1-Score:   0.9943  (99.43%)
============================================================

[36m(ClientAppActor pid=632055)[0m [Client 1] Class weights (smoothed): {0: 1.0, 1: 1.0}[32m [repeated 16x across cluster][0m
[DEBUG] evaluate_metrics_aggregation_fn called with 4 results
[DEBUG] results type: <class 'list'>
[DEBUG] First result type: <class 'tuple'>
[DEBUG] First result length: 2
[DEBUG] results[0][0] type: <class 'int'>
[DEBUG] results[0][1] type: <class 'flwr.app.message.configrecord.ConfigRecord'>
[DEBUG _get_metrics] res_item[1] type: ConfigRecord
[DEBUG _get_metrics] res_item[1] has metrics attr: False
[DEBUG _get_metrics] res_item[1].__dict__: {'_check_key_fn': <function _check_key at 0x72839bbd4900>, '_check_value_fn': <function _check_value at 0x7283913c49a0>, '_data': {'accuracy': 0.989073634147644, 'loss': 0.007808024529367685, 'total_samples': 2105, 'actual_attack': 1622, 'actual_normal': 483, 'predicted_attack': 1625, 'predicted_normal': 480, 'true_positives': 1612, 'true_negatives': 470, 'false_positives': 13, 'false_negatives': 10, 'precision': 0.992, 'recall': 0.9938347718865598, 'f1_score': 0.9929165383430859}}
[DEBUG _get_metrics] res_item[1].keys(): ['accuracy', 'loss', 'total_samples', 'actual_attack', 'actual_normal', 'predicted_attack', 'predicted_normal', 'true_positives', 'true_negatives', 'false_positives', 'false_negatives', 'precision', 'recall', 'f1_score']
[DEBUG _get_metrics] Extracted from ConfigRecord._data
[DEBUG _get_metrics] res_item[1] type: ConfigRecord
[DEBUG _get_metrics] res_item[1] has metrics attr: False
[DEBUG _get_metrics] res_item[1].__dict__: {'_check_key_fn': <function _check_key at 0x72839bbd4900>, '_check_value_fn': <function _check_value at 0x7283913c49a0>, '_data': {'accuracy': 0.99239182472229, 'loss': 0.007294961716979742, 'total_samples': 2103, 'actual_attack': 1621, 'actual_normal': 482, 'predicted_attack': 1619, 'predicted_normal': 484, 'true_positives': 1612, 'true_negatives': 475, 'false_positives': 7, 'false_negatives': 9, 'precision': 0.9956763434218654, 'recall': 0.9944478716841456, 'f1_score': 0.9950617283950618}}
[DEBUG _get_metrics] res_item[1].keys(): ['accuracy', 'loss', 'total_samples', 'actual_attack', 'actual_normal', 'predicted_attack', 'predicted_normal', 'true_positives', 'true_negatives', 'false_positives', 'false_negatives', 'precision', 'recall', 'f1_score']
[DEBUG _get_metrics] Extracted from ConfigRecord._data
[DEBUG _get_metrics] res_item[1] type: ConfigRecord
[DEBUG _get_metrics] res_item[1] has metrics attr: False
[DEBUG _get_metrics] res_item[1].__dict__: {'_check_key_fn': <function _check_key at 0x72839bbd4900>, '_check_value_fn': <function _check_value at 0x7283913c49a0>, '_data': {'accuracy': 0.9914407730102539, 'loss': 0.007703373674303293, 'total_samples': 2103, 'actual_attack': 1621, 'actual_normal': 482, 'predicted_attack': 1629, 'predicted_normal': 474, 'true_positives': 1616, 'true_negatives': 469, 'false_positives': 13, 'false_negatives': 5, 'precision': 0.9920196439533456, 'recall': 0.9969154842689698, 'f1_score': 0.9944615384615384}}
[DEBUG _get_metrics] res_item[1].keys(): ['accuracy', 'loss', 'total_samples', 'actual_attack', 'actual_normal', 'predicted_attack', 'predicted_normal', 'true_positives', 'true_negatives', 'false_positives', 'false_negatives', 'precision', 'recall', 'f1_score']
[DEBUG _get_metrics] Extracted from ConfigRecord._data
[DEBUG _get_metrics] res_item[1] type: ConfigRecord
[DEBUG _get_metrics] res_item[1] has metrics attr: False
[DEBUG _get_metrics] res_item[1].__dict__: {'_check_key_fn': <function _check_key at 0x72839bbd4900>, '_check_value_fn': <function _check_value at 0x7283913c49a0>, '_data': {'accuracy': 0.9914407730102539, 'loss': 0.007703373674303293, 'total_samples': 2103, 'actual_attack': 1621, 'actual_normal': 482, 'predicted_attack': 1629, 'predicted_normal': 474, 'true_positives': 1616, 'true_negatives': 469, 'false_positives': 13, 'false_negatives': 5, 'precision': 0.9920196439533456, 'recall': 0.9969154842689698, 'f1_score': 0.9944615384615384}}[92mINFO [0m:      
[92mINFO [0m:      [ROUND 27]
[92mINFO [0m:      configure_fit: strategy sampled 4 clients (out of 4)
[92mINFO [0m:      aggregate_fit: received 4 results and 0 failures
[92mINFO [0m:      configure_evaluate: strategy sampled 4 clients (out of 4)
[92mINFO [0m:      aggregate_evaluate: received 4 results and 0 failures
[92mINFO [0m:      
[92mINFO [0m:      [ROUND 28]
[92mINFO [0m:      configure_fit: strategy sampled 4 clients (out of 4)
[92mINFO [0m:      aggregate_fit: received 4 results and 0 failures
[92mINFO [0m:      configure_evaluate: strategy sampled 4 clients (out of 4)
[92mINFO [0m:      aggregate_evaluate: received 4 results and 0 failures

[DEBUG _get_metrics] res_item[1].keys(): ['accuracy', 'loss', 'total_samples', 'actual_attack', 'actual_normal', 'predicted_attack', 'predicted_normal', 'true_positives', 'true_negatives', 'false_positives', 'false_negatives', 'precision', 'recall', 'f1_score']
[DEBUG _get_metrics] Extracted from ConfigRecord._data
[DEBUG] Extracted 4 metrics from results

[Evaluation Summary]
============================================================
Round: 26 / 60
Accuracy (mean):  0.9911  (99.11%)
Loss:             0.0076
[Per-Device Accuracy]
  - Device 0:  0.9891  (98.91%)
  - Device 1:  0.9924  (99.24%)
  - Device 2:  0.9914  (99.14%)
  - Device 3:  0.9914  (99.14%)

[Ground Truth]
  - Attack samples: 1622
  - Normal samples: 483
  - Total samples:  2105

[Predictions]
  - Predicted Attack:  1625
  - Predicted Normal:  480

[Confusion Matrix]
  - True Positives (TP):  1612
  - True Negatives (TN):  470
  - False Positives (FP): 13
  - False Negatives (FN): 10

[Metrics]
  - Precision:  0.9929  (99.29%)
  - Recall:     0.9955  (99.55%)
  - F1-Score:   0.9942  (99.42%)
============================================================

[DEBUG] evaluate_metrics_aggregation_fn called with 4 results
[DEBUG] results type: <class 'list'>
[DEBUG] First result type: <class 'tuple'>
[DEBUG] First result length: 2
[DEBUG] results[0][0] type: <class 'int'>
[DEBUG] results[0][1] type: <class 'flwr.app.message.configrecord.ConfigRecord'>
[DEBUG _get_metrics] res_item[1] type: ConfigRecord
[DEBUG _get_metrics] res_item[1] has metrics attr: False
[DEBUG _get_metrics] res_item[1].__dict__: {'_check_key_fn': <function _check_key at 0x72839bbd4900>, '_check_value_fn': <function _check_value at 0x7283913c49a0>, '_data': {'accuracy': 0.99239182472229, 'loss': 0.007192322518676519, 'total_samples': 2103, 'actual_attack': 1621, 'actual_normal': 482, 'predicted_attack': 1619, 'predicted_normal': 484, 'true_positives': 1612, 'true_negatives': 475, 'false_positives': 7, 'false_negatives': 9, 'precision': 0.9956763434218654, 'recall': 0.9944478716841456, 'f1_score': 0.9950617283950618}}
[DEBUG _get_metrics] res_item[1].keys(): ['accuracy', 'loss', 'total_samples', 'actual_attack', 'actual_normal', 'predicted_attack', 'predicted_normal', 'true_positives', 'true_negatives', 'false_positives', 'false_negatives', 'precision', 'recall', 'f1_score']
[DEBUG _get_metrics] Extracted from ConfigRecord._data
[DEBUG _get_metrics] res_item[1] type: ConfigRecord
[DEBUG _get_metrics] res_item[1] has metrics attr: False
[DEBUG _get_metrics] res_item[1].__dict__: {'_check_key_fn': <function _check_key at 0x72839bbd4900>, '_check_value_fn': <function _check_value at 0x7283913c49a0>, '_data': {'accuracy': 0.9914407730102539, 'loss': 0.007641541305929422, 'total_samples': 2103, 'actual_attack': 1621, 'actual_normal': 482, 'predicted_attack': 1629, 'predicted_normal': 474, 'true_positives': 1616, 'true_negatives': 469, 'false_positives': 13, 'false_negatives': 5, 'precision': 0.9920196439533456, 'recall': 0.9969154842689698, 'f1_score': 0.9944615384615384}}
[DEBUG _get_metrics] res_item[1].keys(): ['accuracy', 'loss', 'total_samples', 'actual_attack', 'actual_normal', 'predicted_attack', 'predicted_normal', 'true_positives', 'true_negatives', 'false_positives', 'false_negatives', 'precision', 'recall', 'f1_score']
[DEBUG _get_metrics] Extracted from ConfigRecord._data
[DEBUG _get_metrics] res_item[1] type: ConfigRecord
[DEBUG _get_metrics] res_item[1] has metrics attr: False
[DEBUG _get_metrics] res_item[1].__dict__: {'_check_key_fn': <function _check_key at 0x72839bbd4900>, '_check_value_fn': <function _check_value at 0x7283913c49a0>, '_data': {'accuracy': 0.9914407730102539, 'loss': 0.007641541305929422, 'total_samples': 2103, 'actual_attack': 1621, 'actual_normal': 482, 'predicted_attack': 1629, 'predicted_normal': 474, 'true_positives': 1616, 'true_negatives': 469, 'false_positives': 13, 'false_negatives': 5, 'precision': 0.9920196439533456, 'recall': 0.9969154842689698, 'f1_score': 0.9944615384615384}}
[DEBUG _get_metrics] res_item[1].keys(): ['accuracy', 'loss', 'total_samples', 'actual_attack', 'actual_normal', 'predicted_attack', 'predicted_normal', 'true_positives', 'true_negatives', 'false_positives', 'false_negatives', 'precision', 'recall', 'f1_score']
[DEBUG _get_metrics] Extracted from ConfigRecord._data
[DEBUG _get_metrics] res_item[1] type: ConfigRecord
[DEBUG _get_metrics] res_item[1] has metrics attr: False
[DEBUG _get_metrics] res_item[1].__dict__: {'_check_key_fn': <function _check_key at 0x72839bbd4900>, '_check_value_fn': <function _check_value at 0x7283913c49a0>, '_data': {'accuracy': 0.989073634147644, 'loss': 0.007745344191789627, 'total_samples': 2105, 'actual_attack': 1622, 'actual_normal': 483, 'predicted_attack': 1625, 'predicted_normal': 480, 'true_positives': 1612, 'true_negatives': 470, 'false_positives': 13, 'false_negatives': 10, 'precision': 0.992, 'recall': 0.9938347718865598, 'f1_score': 0.9929165383430859}}
[DEBUG _get_metrics] res_item[1].keys(): ['accuracy', 'loss', 'total_samples', 'actual_attack', 'actual_normal', 'predicted_attack', 'predicted_normal', 'true_positives', 'true_negatives', 'false_positives', 'false_negatives', 'precision', 'recall', 'f1_score']
[DEBUG _get_metrics] Extracted from ConfigRecord._data
[DEBUG] Extracted 4 metrics from results

[Evaluation Summary]
============================================================
Round: 27 / 60
Accuracy (mean):  0.9911  (99.11%)
Loss:             0.0076
[Per-Device Accuracy]
  - Device 0:  0.9924  (99.24%)
  - Device 1:  0.9914  (99.14%)
  - Device 2:  0.9914  (99.14%)
  - Device 3:  0.9891  (98.91%)

[Ground Truth]
  - Attack samples: 1621
  - Normal samples: 482
  - Total samples:  2103

[Predictions]
  - Predicted Attack:  1619
  - Predicted Normal:  484

[Confusion Matrix]
  - True Positives (TP):  1612
  - True Negatives (TN):  475
  - False Positives (FP): 7
  - False Negatives (FN): 9

[Metrics]
  - Precision:  0.9929  (99.29%)
  - Recall:     0.9955  (99.55%)
  - F1-Score:   0.9942  (99.42%)
============================================================

[36m(ClientAppActor pid=632055)[0m [Client 1] Class weights (smoothed): {0: 1.0, 1: 1.0}[32m [repeated 16x across cluster][0m
[DEBUG] evaluate_metrics_aggregation_fn called with 4 results
[DEBUG] results type: <class 'list'>
[DEBUG] First result type: <class 'tuple'>
[DEBUG] First result length: 2
[DEBUG] results[0][0] type: <class 'int'>
[DEBUG] results[0][1] type: <class 'flwr.app.message.configrecord.ConfigRecord'>
[DEBUG _get_metrics] res_item[1] type: ConfigRecord
[DEBUG _get_metrics] res_item[1] has metrics attr: False
[DEBUG _get_metrics] res_item[1].__dict__: {'_check_key_fn': <function _check_key at 0x72839bbd4900>, '_check_value_fn': <function _check_value at 0x7283913c49a0>, '_data': {'accuracy': 0.9914407730102539, 'loss': 0.007651167921721935, 'total_samples': 2103, 'actual_attack': 1621, 'actual_normal': 482, 'predicted_attack': 1629, 'predicted_normal': 474, 'true_positives': 1616, 'true_negatives': 469, 'false_positives': 13, 'false_negatives': 5, 'precision': 0.9920196439533456, 'recall': 0.9969154842689698, 'f1_score': 0.9944615384615384}}
[DEBUG _get_metrics] res_item[1].keys(): ['accuracy', 'loss', 'total_samples', 'actual_attack', 'actual_normal', 'predicted_attack', 'predicted_normal', 'true_positives', 'true_negatives', 'false_positives', 'false_negatives', 'precision', 'recall', 'f1_score']
[DEBUG _get_metrics] Extracted from ConfigRecord._data
[DEBUG _get_metrics] res_item[1] type: ConfigRecord
[DEBUG _get_metrics] res_item[1] has metrics attr: False
[DEBUG _get_metrics] res_item[1].__dict__: {'_check_key_fn': <function _check_key at 0x72839bbd4900>, '_check_value_fn': <function _check_value at 0x7283913c49a0>, '_data': {'accuracy': 0.9914407730102539, 'loss': 0.007651167921721935, 'total_samples': 2103, 'actual_attack': 1621, 'actual_normal': 482, 'predicted_attack': 1629, 'predicted_normal': 474, 'true_positives': 1616, 'true_negatives': 469, 'false_positives': 13, 'false_negatives': 5, 'precision': 0.9920196439533456, 'recall': 0.9969154842689698, 'f1_score': 0.9944615384615384}}
[DEBUG _get_metrics] res_item[1].keys(): ['accuracy', 'loss', 'total_samples', 'actual_attack', 'actual_normal', 'predicted_attack', 'predicted_normal', 'true_positives', 'true_negatives', 'false_positives', 'false_negatives', 'precision', 'recall', 'f1_score'][92mINFO [0m:      
[92mINFO [0m:      [ROUND 29]
[92mINFO [0m:      configure_fit: strategy sampled 4 clients (out of 4)
[92mINFO [0m:      aggregate_fit: received 4 results and 0 failures
[92mINFO [0m:      configure_evaluate: strategy sampled 4 clients (out of 4)
[92mINFO [0m:      aggregate_evaluate: received 4 results and 0 failures
[92mINFO [0m:      
[92mINFO [0m:      [ROUND 30]
[92mINFO [0m:      configure_fit: strategy sampled 4 clients (out of 4)
[92mINFO [0m:      aggregate_fit: received 4 results and 0 failures
[92mINFO [0m:      configure_evaluate: strategy sampled 4 clients (out of 4)
[92mINFO [0m:      aggregate_evaluate: received 4 results and 0 failures

[DEBUG _get_metrics] Extracted from ConfigRecord._data
[DEBUG _get_metrics] res_item[1] type: ConfigRecord
[DEBUG _get_metrics] res_item[1] has metrics attr: False
[DEBUG _get_metrics] res_item[1].__dict__: {'_check_key_fn': <function _check_key at 0x72839bbd4900>, '_check_value_fn': <function _check_value at 0x7283913c49a0>, '_data': {'accuracy': 0.9928673505783081, 'loss': 0.0071815866976976395, 'total_samples': 2103, 'actual_attack': 1621, 'actual_normal': 482, 'predicted_attack': 1618, 'predicted_normal': 485, 'true_positives': 1612, 'true_negatives': 476, 'false_positives': 6, 'false_negatives': 9, 'precision': 0.9962917181705809, 'recall': 0.9944478716841456, 'f1_score': 0.9953689410311826}}
[DEBUG _get_metrics] res_item[1].keys(): ['accuracy', 'loss', 'total_samples', 'actual_attack', 'actual_normal', 'predicted_attack', 'predicted_normal', 'true_positives', 'true_negatives', 'false_positives', 'false_negatives', 'precision', 'recall', 'f1_score']
[DEBUG _get_metrics] Extracted from ConfigRecord._data
[DEBUG _get_metrics] res_item[1] type: ConfigRecord
[DEBUG _get_metrics] res_item[1] has metrics attr: False
[DEBUG _get_metrics] res_item[1].__dict__: {'_check_key_fn': <function _check_key at 0x72839bbd4900>, '_check_value_fn': <function _check_value at 0x7283913c49a0>, '_data': {'accuracy': 0.989073634147644, 'loss': 0.007733344566076994, 'total_samples': 2105, 'actual_attack': 1622, 'actual_normal': 483, 'predicted_attack': 1625, 'predicted_normal': 480, 'true_positives': 1612, 'true_negatives': 470, 'false_positives': 13, 'false_negatives': 10, 'precision': 0.992, 'recall': 0.9938347718865598, 'f1_score': 0.9929165383430859}}
[DEBUG _get_metrics] res_item[1].keys(): ['accuracy', 'loss', 'total_samples', 'actual_attack', 'actual_normal', 'predicted_attack', 'predicted_normal', 'true_positives', 'true_negatives', 'false_positives', 'false_negatives', 'precision', 'recall', 'f1_score']
[DEBUG _get_metrics] Extracted from ConfigRecord._data
[DEBUG] Extracted 4 metrics from results

[Evaluation Summary]
============================================================
Round: 28 / 60
Accuracy (mean):  0.9912  (99.12%)
Loss:             0.0076
[Per-Device Accuracy]
  - Device 0:  0.9914  (99.14%)
  - Device 1:  0.9914  (99.14%)
  - Device 2:  0.9929  (99.29%)
  - Device 3:  0.9891  (98.91%)

[Ground Truth]
  - Attack samples: 1621
  - Normal samples: 482
  - Total samples:  2103

[Predictions]
  - Predicted Attack:  1629
  - Predicted Normal:  474

[Confusion Matrix]
  - True Positives (TP):  1616
  - True Negatives (TN):  469
  - False Positives (FP): 13
  - False Negatives (FN): 5

[Metrics]
  - Precision:  0.9931  (99.31%)
  - Recall:     0.9955  (99.55%)
  - F1-Score:   0.9943  (99.43%)
============================================================

[DEBUG] evaluate_metrics_aggregation_fn called with 4 results
[DEBUG] results type: <class 'list'>
[DEBUG] First result type: <class 'tuple'>
[DEBUG] First result length: 2
[DEBUG] results[0][0] type: <class 'int'>
[DEBUG] results[0][1] type: <class 'flwr.app.message.configrecord.ConfigRecord'>
[DEBUG _get_metrics] res_item[1] type: ConfigRecord
[DEBUG _get_metrics] res_item[1] has metrics attr: False
[DEBUG _get_metrics] res_item[1].__dict__: {'_check_key_fn': <function _check_key at 0x72839bbd4900>, '_check_value_fn': <function _check_value at 0x7283913c49a0>, '_data': {'accuracy': 0.989073634147644, 'loss': 0.007693663705140352, 'total_samples': 2105, 'actual_attack': 1622, 'actual_normal': 483, 'predicted_attack': 1625, 'predicted_normal': 480, 'true_positives': 1612, 'true_negatives': 470, 'false_positives': 13, 'false_negatives': 10, 'precision': 0.992, 'recall': 0.9938347718865598, 'f1_score': 0.9929165383430859}}
[DEBUG _get_metrics] res_item[1].keys(): ['accuracy', 'loss', 'total_samples', 'actual_attack', 'actual_normal', 'predicted_attack', 'predicted_normal', 'true_positives', 'true_negatives', 'false_positives', 'false_negatives', 'precision', 'recall', 'f1_score']
[DEBUG _get_metrics] Extracted from ConfigRecord._data
[DEBUG _get_metrics] res_item[1] type: ConfigRecord
[DEBUG _get_metrics] res_item[1] has metrics attr: False
[DEBUG _get_metrics] res_item[1].__dict__: {'_check_key_fn': <function _check_key at 0x72839bbd4900>, '_check_value_fn': <function _check_value at 0x7283913c49a0>, '_data': {'accuracy': 0.9933428168296814, 'loss': 0.00714306253939867, 'total_samples': 2103, 'actual_attack': 1621, 'actual_normal': 482, 'predicted_attack': 1619, 'predicted_normal': 484, 'true_positives': 1613, 'true_negatives': 476, 'false_positives': 6, 'false_negatives': 8, 'precision': 0.9962940086473132, 'recall': 0.9950647748303516, 'f1_score': 0.995679012345679}}
[DEBUG _get_metrics] res_item[1].keys(): ['accuracy', 'loss', 'total_samples', 'actual_attack', 'actual_normal', 'predicted_attack', 'predicted_normal', 'true_positives', 'true_negatives', 'false_positives', 'false_negatives', 'precision', 'recall', 'f1_score']
[DEBUG _get_metrics] Extracted from ConfigRecord._data
[DEBUG _get_metrics] res_item[1] type: ConfigRecord
[DEBUG _get_metrics] res_item[1] has metrics attr: False
[DEBUG _get_metrics] res_item[1].__dict__: {'_check_key_fn': <function _check_key at 0x72839bbd4900>, '_check_value_fn': <function _check_value at 0x7283913c49a0>, '_data': {'accuracy': 0.9914407730102539, 'loss': 0.007620065473020077, 'total_samples': 2103, 'actual_attack': 1621, 'actual_normal': 482, 'predicted_attack': 1629, 'predicted_normal': 474, 'true_positives': 1616, 'true_negatives': 469, 'false_positives': 13, 'false_negatives': 5, 'precision': 0.9920196439533456, 'recall': 0.9969154842689698, 'f1_score': 0.9944615384615384}}
[DEBUG _get_metrics] res_item[1].keys(): ['accuracy', 'loss', 'total_samples', 'actual_attack', 'actual_normal', 'predicted_attack', 'predicted_normal', 'true_positives', 'true_negatives', 'false_positives', 'false_negatives', 'precision', 'recall', 'f1_score']
[DEBUG _get_metrics] Extracted from ConfigRecord._data
[DEBUG _get_metrics] res_item[1] type: ConfigRecord
[DEBUG _get_metrics] res_item[1] has metrics attr: False
[DEBUG _get_metrics] res_item[1].__dict__: {'_check_key_fn': <function _check_key at 0x72839bbd4900>, '_check_value_fn': <function _check_value at 0x7283913c49a0>, '_data': {'accuracy': 0.9914407730102539, 'loss': 0.007620065473020077, 'total_samples': 2103, 'actual_attack': 1621, 'actual_normal': 482, 'predicted_attack': 1629, 'predicted_normal': 474, 'true_positives': 1616, 'true_negatives': 469, 'false_positives': 13, 'false_negatives': 5, 'precision': 0.9920196439533456, 'recall': 0.9969154842689698, 'f1_score': 0.9944615384615384}}
[DEBUG _get_metrics] res_item[1].keys(): ['accuracy', 'loss', 'total_samples', 'actual_attack', 'actual_normal', 'predicted_attack', 'predicted_normal', 'true_positives', 'true_negatives', 'false_positives', 'false_negatives', 'precision', 'recall', 'f1_score']
[DEBUG _get_metrics] Extracted from ConfigRecord._data
[DEBUG] Extracted 4 metrics from results

[Evaluation Summary]
============================================================
Round: 29 / 60
Accuracy (mean):  0.9913  (99.13%)
Loss:             0.0075
[Per-Device Accuracy]
  - Device 0:  0.9891  (98.91%)
  - Device 1:  0.9933  (99.33%)
  - Device 2:  0.9914  (99.14%)
  - Device 3:  0.9914  (99.14%)

[Ground Truth]
  - Attack samples: 1622
  - Normal samples: 483
  - Total samples:  2105

[Predictions]
  - Predicted Attack:  1625
  - Predicted Normal:  480

[Confusion Matrix]
  - True Positives (TP):  1612
  - True Negatives (TN):  470
  - False Positives (FP): 13
  - False Negatives (FN): 10

[Metrics]
  - Precision:  0.9931  (99.31%)
  - Recall:     0.9957  (99.57%)
  - F1-Score:   0.9944  (99.44%)
============================================================

[Round 30] Client contributions:
  Client samples: 29,186 (weight: 0.2500)
  Client samples: 29,184 (weight: 0.2500)
  Client samples: 29,186 (weight: 0.2500)
  Client samples: 29,186 (weight: 0.2500)
[36m(ClientAppActor pid=632055)[0m [Client 1] Class weights (smoothed): {0: 1.0, 1: 1.0}[32m [repeated 16x across cluster][0m
[DEBUG] evaluate_metrics_aggregation_fn called with 4 results
[DEBUG] results type: <class 'list'>[92mINFO [0m:      
[92mINFO [0m:      [ROUND 31]
[92mINFO [0m:      configure_fit: strategy sampled 4 clients (out of 4)
[92mINFO [0m:      aggregate_fit: received 4 results and 0 failures
[92mINFO [0m:      configure_evaluate: strategy sampled 4 clients (out of 4)
[92mINFO [0m:      aggregate_evaluate: received 4 results and 0 failures

[DEBUG] First result type: <class 'tuple'>
[DEBUG] First result length: 2
[DEBUG] results[0][0] type: <class 'int'>
[DEBUG] results[0][1] type: <class 'flwr.app.message.configrecord.ConfigRecord'>
[DEBUG _get_metrics] res_item[1] type: ConfigRecord
[DEBUG _get_metrics] res_item[1] has metrics attr: False
[DEBUG _get_metrics] res_item[1].__dict__: {'_check_key_fn': <function _check_key at 0x72839bbd4900>, '_check_value_fn': <function _check_value at 0x7283913c49a0>, '_data': {'accuracy': 0.9914407730102539, 'loss': 0.007658475544303656, 'total_samples': 2103, 'actual_attack': 1621, 'actual_normal': 482, 'predicted_attack': 1629, 'predicted_normal': 474, 'true_positives': 1616, 'true_negatives': 469, 'false_positives': 13, 'false_negatives': 5, 'precision': 0.9920196439533456, 'recall': 0.9969154842689698, 'f1_score': 0.9944615384615384}}
[DEBUG _get_metrics] res_item[1].keys(): ['accuracy', 'loss', 'total_samples', 'actual_attack', 'actual_normal', 'predicted_attack', 'predicted_normal', 'true_positives', 'true_negatives', 'false_positives', 'false_negatives', 'precision', 'recall', 'f1_score']
[DEBUG _get_metrics] Extracted from ConfigRecord._data
[DEBUG _get_metrics] res_item[1] type: ConfigRecord
[DEBUG _get_metrics] res_item[1] has metrics attr: False
[DEBUG _get_metrics] res_item[1].__dict__: {'_check_key_fn': <function _check_key at 0x72839bbd4900>, '_check_value_fn': <function _check_value at 0x7283913c49a0>, '_data': {'accuracy': 0.9914407730102539, 'loss': 0.007658475544303656, 'total_samples': 2103, 'actual_attack': 1621, 'actual_normal': 482, 'predicted_attack': 1629, 'predicted_normal': 474, 'true_positives': 1616, 'true_negatives': 469, 'false_positives': 13, 'false_negatives': 5, 'precision': 0.9920196439533456, 'recall': 0.9969154842689698, 'f1_score': 0.9944615384615384}}
[DEBUG _get_metrics] res_item[1].keys(): ['accuracy', 'loss', 'total_samples', 'actual_attack', 'actual_normal', 'predicted_attack', 'predicted_normal', 'true_positives', 'true_negatives', 'false_positives', 'false_negatives', 'precision', 'recall', 'f1_score']
[DEBUG _get_metrics] Extracted from ConfigRecord._data
[DEBUG _get_metrics] res_item[1] type: ConfigRecord
[DEBUG _get_metrics] res_item[1] has metrics attr: False
[DEBUG _get_metrics] res_item[1].__dict__: {'_check_key_fn': <function _check_key at 0x72839bbd4900>, '_check_value_fn': <function _check_value at 0x7283913c49a0>, '_data': {'accuracy': 0.9933428168296814, 'loss': 0.007172755431383848, 'total_samples': 2103, 'actual_attack': 1621, 'actual_normal': 482, 'predicted_attack': 1619, 'predicted_normal': 484, 'true_positives': 1613, 'true_negatives': 476, 'false_positives': 6, 'false_negatives': 8, 'precision': 0.9962940086473132, 'recall': 0.9950647748303516, 'f1_score': 0.995679012345679}}
[DEBUG _get_metrics] res_item[1].keys(): ['accuracy', 'loss', 'total_samples', 'actual_attack', 'actual_normal', 'predicted_attack', 'predicted_normal', 'true_positives', 'true_negatives', 'false_positives', 'false_negatives', 'precision', 'recall', 'f1_score']
[DEBUG _get_metrics] Extracted from ConfigRecord._data
[DEBUG _get_metrics] res_item[1] type: ConfigRecord
[DEBUG _get_metrics] res_item[1] has metrics attr: False
[DEBUG _get_metrics] res_item[1].__dict__: {'_check_key_fn': <function _check_key at 0x72839bbd4900>, '_check_value_fn': <function _check_value at 0x7283913c49a0>, '_data': {'accuracy': 0.989073634147644, 'loss': 0.0077066789381206036, 'total_samples': 2105, 'actual_attack': 1622, 'actual_normal': 483, 'predicted_attack': 1625, 'predicted_normal': 480, 'true_positives': 1612, 'true_negatives': 470, 'false_positives': 13, 'false_negatives': 10, 'precision': 0.992, 'recall': 0.9938347718865598, 'f1_score': 0.9929165383430859}}
[DEBUG _get_metrics] res_item[1].keys(): ['accuracy', 'loss', 'total_samples', 'actual_attack', 'actual_normal', 'predicted_attack', 'predicted_normal', 'true_positives', 'true_negatives', 'false_positives', 'false_negatives', 'precision', 'recall', 'f1_score']
[DEBUG _get_metrics] Extracted from ConfigRecord._data
[DEBUG] Extracted 4 metrics from results

[Evaluation Summary]
============================================================
Round: 30 / 60
Accuracy (mean):  0.9913  (99.13%)
Loss:             0.0075
[Per-Device Accuracy]
  - Device 0:  0.9914  (99.14%)
  - Device 1:  0.9914  (99.14%)
  - Device 2:  0.9933  (99.33%)
  - Device 3:  0.9891  (98.91%)

[Ground Truth]
  - Attack samples: 1621
  - Normal samples: 482
  - Total samples:  2103

[Predictions]
  - Predicted Attack:  1629
  - Predicted Normal:  474

[Confusion Matrix]
  - True Positives (TP):  1616
  - True Negatives (TN):  469
  - False Positives (FP): 13
  - False Negatives (FN): 5

[Metrics]
  - Precision:  0.9931  (99.31%)
  - Recall:     0.9957  (99.57%)
  - F1-Score:   0.9944  (99.44%)
============================================================

[DEBUG] evaluate_metrics_aggregation_fn called with 4 results
[DEBUG] results type: <class 'list'>
[DEBUG] First result type: <class 'tuple'>
[DEBUG] First result length: 2
[DEBUG] results[0][0] type: <class 'int'>
[DEBUG] results[0][1] type: <class 'flwr.app.message.configrecord.ConfigRecord'>
[DEBUG _get_metrics] res_item[1] type: ConfigRecord
[DEBUG _get_metrics] res_item[1] has metrics attr: False
[DEBUG _get_metrics] res_item[1].__dict__: {'_check_key_fn': <function _check_key at 0x72839bbd4900>, '_check_value_fn': <function _check_value at 0x7283913c49a0>, '_data': {'accuracy': 0.9933428168296814, 'loss': 0.007291334681212902, 'total_samples': 2103, 'actual_attack': 1621, 'actual_normal': 482, 'predicted_attack': 1619, 'predicted_normal': 484, 'true_positives': 1613, 'true_negatives': 476, 'false_positives': 6, 'false_negatives': 8, 'precision': 0.9962940086473132, 'recall': 0.9950647748303516, 'f1_score': 0.995679012345679}}
[DEBUG _get_metrics] res_item[1].keys(): ['accuracy', 'loss', 'total_samples', 'actual_attack', 'actual_normal', 'predicted_attack', 'predicted_normal', 'true_positives', 'true_negatives', 'false_positives', 'false_negatives', 'precision', 'recall', 'f1_score']
[DEBUG _get_metrics] Extracted from ConfigRecord._data
[DEBUG _get_metrics] res_item[1] type: ConfigRecord
[DEBUG _get_metrics] res_item[1] has metrics attr: False
[DEBUG _get_metrics] res_item[1].__dict__: {'_check_key_fn': <function _check_key at 0x72839bbd4900>, '_check_value_fn': <function _check_value at 0x7283913c49a0>, '_data': {'accuracy': 0.9914407730102539, 'loss': 0.007765956223011017, 'total_samples': 2103, 'actual_attack': 1621, 'actual_normal': 482, 'predicted_attack': 1629, 'predicted_normal': 474, 'true_positives': 1616, 'true_negatives': 469, 'false_positives': 13, 'false_negatives': 5, 'precision': 0.9920196439533456, 'recall': 0.9969154842689698, 'f1_score': 0.9944615384615384}}
[DEBUG _get_metrics] res_item[1].keys(): ['accuracy', 'loss', 'total_samples', 'actual_attack', 'actual_normal', 'predicted_attack', 'predicted_normal', 'true_positives', 'true_negatives', 'false_positives', 'false_negatives', 'precision', 'recall', 'f1_score']
[DEBUG _get_metrics] Extracted from ConfigRecord._data
[DEBUG _get_metrics] res_item[1] type: ConfigRecord
[DEBUG _get_metrics] res_item[1] has metrics attr: False
[DEBUG _get_metrics] res_item[1].__dict__: {'_check_key_fn': <function _check_key at 0x72839bbd4900>, '_check_value_fn': <function _check_value at 0x7283913c49a0>, '_data': {'accuracy': 0.9914407730102539, 'loss': 0.007765956223011017, 'total_samples': 2103, 'actual_attack': 1621, 'actual_normal': 482, 'predicted_attack': 1629, 'predicted_normal': 474, 'true_positives': 1616, 'true_negatives': 469, 'false_positives': 13, 'false_negatives': 5, 'precision': 0.9920196439533456, 'recall': 0.9969154842689698, 'f1_score': 0.9944615384615384}}
[DEBUG _get_metrics] res_item[1].keys(): ['accuracy', 'loss', 'total_samples', 'actual_attack', 'actual_normal', 'predicted_attack', 'predicted_normal', 'true_positives', 'true_negatives', 'false_positives', 'false_negatives', 'precision', 'recall', 'f1_score']
[DEBUG _get_metrics] Extracted from ConfigRecord._data
[DEBUG _get_metrics] res_item[1] type: ConfigRecord
[DEBUG _get_metrics] res_item[1] has metrics attr: False
[DEBUG _get_metrics] res_item[1].__dict__: {'_check_key_fn': <function _check_key at 0x72839bbd4900>, '_check_value_fn': <function _check_value at 0x7283913c49a0>, '_data': {'accuracy': 0.989073634147644, 'loss': 0.007778756786137819, 'total_samples': 2105, 'actual_attack': 1622, 'actual_normal': 483, 'predicted_attack': 1625, 'predicted_normal': 480, 'true_positives': 1612, 'true_negatives': 470, 'false_positives': 13, 'false_negatives': 10, 'precision': 0.992, 'recall': 0.9938347718865598, 'f1_score': 0.9929165383430859}}[92mINFO [0m:      
[92mINFO [0m:      [ROUND 32]
[92mINFO [0m:      configure_fit: strategy sampled 4 clients (out of 4)
[92mINFO [0m:      aggregate_fit: received 4 results and 0 failures
[92mINFO [0m:      configure_evaluate: strategy sampled 4 clients (out of 4)
[92mINFO [0m:      aggregate_evaluate: received 4 results and 0 failures
[92mINFO [0m:      
[92mINFO [0m:      [ROUND 33]
[92mINFO [0m:      configure_fit: strategy sampled 4 clients (out of 4)
[92mINFO [0m:      aggregate_fit: received 4 results and 0 failures
[92mINFO [0m:      configure_evaluate: strategy sampled 4 clients (out of 4)
[92mINFO [0m:      aggregate_evaluate: received 4 results and 0 failures

[DEBUG _get_metrics] res_item[1].keys(): ['accuracy', 'loss', 'total_samples', 'actual_attack', 'actual_normal', 'predicted_attack', 'predicted_normal', 'true_positives', 'true_negatives', 'false_positives', 'false_negatives', 'precision', 'recall', 'f1_score']
[DEBUG _get_metrics] Extracted from ConfigRecord._data
[DEBUG] Extracted 4 metrics from results

[Evaluation Summary]
============================================================
Round: 31 / 60
Accuracy (mean):  0.9913  (99.13%)
Loss:             0.0077
[Per-Device Accuracy]
  - Device 0:  0.9933  (99.33%)
  - Device 1:  0.9914  (99.14%)
  - Device 2:  0.9914  (99.14%)
  - Device 3:  0.9891  (98.91%)

[Ground Truth]
  - Attack samples: 1621
  - Normal samples: 482
  - Total samples:  2103

[Predictions]
  - Predicted Attack:  1619
  - Predicted Normal:  484

[Confusion Matrix]
  - True Positives (TP):  1613
  - True Negatives (TN):  476
  - False Positives (FP): 6
  - False Negatives (FN): 8

[Metrics]
  - Precision:  0.9931  (99.31%)
  - Recall:     0.9957  (99.57%)
  - F1-Score:   0.9944  (99.44%)
============================================================

[36m(ClientAppActor pid=632055)[0m [Client 1] Class weights (smoothed): {0: 1.0, 1: 1.0}[32m [repeated 16x across cluster][0m
[DEBUG] evaluate_metrics_aggregation_fn called with 4 results
[DEBUG] results type: <class 'list'>
[DEBUG] First result type: <class 'tuple'>
[DEBUG] First result length: 2
[DEBUG] results[0][0] type: <class 'int'>
[DEBUG] results[0][1] type: <class 'flwr.app.message.configrecord.ConfigRecord'>
[DEBUG _get_metrics] res_item[1] type: ConfigRecord
[DEBUG _get_metrics] res_item[1] has metrics attr: False
[DEBUG _get_metrics] res_item[1].__dict__: {'_check_key_fn': <function _check_key at 0x72839bbd4900>, '_check_value_fn': <function _check_value at 0x7283913c49a0>, '_data': {'accuracy': 0.9933428168296814, 'loss': 0.007329641375690699, 'total_samples': 2103, 'actual_attack': 1621, 'actual_normal': 482, 'predicted_attack': 1619, 'predicted_normal': 484, 'true_positives': 1613, 'true_negatives': 476, 'false_positives': 6, 'false_negatives': 8, 'precision': 0.9962940086473132, 'recall': 0.9950647748303516, 'f1_score': 0.995679012345679}}
[DEBUG _get_metrics] res_item[1].keys(): ['accuracy', 'loss', 'total_samples', 'actual_attack', 'actual_normal', 'predicted_attack', 'predicted_normal', 'true_positives', 'true_negatives', 'false_positives', 'false_negatives', 'precision', 'recall', 'f1_score']
[DEBUG _get_metrics] Extracted from ConfigRecord._data
[DEBUG _get_metrics] res_item[1] type: ConfigRecord
[DEBUG _get_metrics] res_item[1] has metrics attr: False
[DEBUG _get_metrics] res_item[1].__dict__: {'_check_key_fn': <function _check_key at 0x72839bbd4900>, '_check_value_fn': <function _check_value at 0x7283913c49a0>, '_data': {'accuracy': 0.9914407730102539, 'loss': 0.00778080802410841, 'total_samples': 2103, 'actual_attack': 1621, 'actual_normal': 482, 'predicted_attack': 1629, 'predicted_normal': 474, 'true_positives': 1616, 'true_negatives': 469, 'false_positives': 13, 'false_negatives': 5, 'precision': 0.9920196439533456, 'recall': 0.9969154842689698, 'f1_score': 0.9944615384615384}}
[DEBUG _get_metrics] res_item[1].keys(): ['accuracy', 'loss', 'total_samples', 'actual_attack', 'actual_normal', 'predicted_attack', 'predicted_normal', 'true_positives', 'true_negatives', 'false_positives', 'false_negatives', 'precision', 'recall', 'f1_score']
[DEBUG _get_metrics] Extracted from ConfigRecord._data
[DEBUG _get_metrics] res_item[1] type: ConfigRecord
[DEBUG _get_metrics] res_item[1] has metrics attr: False
[DEBUG _get_metrics] res_item[1].__dict__: {'_check_key_fn': <function _check_key at 0x72839bbd4900>, '_check_value_fn': <function _check_value at 0x7283913c49a0>, '_data': {'accuracy': 0.9914407730102539, 'loss': 0.00778080802410841, 'total_samples': 2103, 'actual_attack': 1621, 'actual_normal': 482, 'predicted_attack': 1629, 'predicted_normal': 474, 'true_positives': 1616, 'true_negatives': 469, 'false_positives': 13, 'false_negatives': 5, 'precision': 0.9920196439533456, 'recall': 0.9969154842689698, 'f1_score': 0.9944615384615384}}
[DEBUG _get_metrics] res_item[1].keys(): ['accuracy', 'loss', 'total_samples', 'actual_attack', 'actual_normal', 'predicted_attack', 'predicted_normal', 'true_positives', 'true_negatives', 'false_positives', 'false_negatives', 'precision', 'recall', 'f1_score']
[DEBUG _get_metrics] Extracted from ConfigRecord._data
[DEBUG _get_metrics] res_item[1] type: ConfigRecord
[DEBUG _get_metrics] res_item[1] has metrics attr: False
[DEBUG _get_metrics] res_item[1].__dict__: {'_check_key_fn': <function _check_key at 0x72839bbd4900>, '_check_value_fn': <function _check_value at 0x7283913c49a0>, '_data': {'accuracy': 0.9885985851287842, 'loss': 0.0077699595130980015, 'total_samples': 2105, 'actual_attack': 1622, 'actual_normal': 483, 'predicted_attack': 1624, 'predicted_normal': 481, 'true_positives': 1611, 'true_negatives': 470, 'false_positives': 13, 'false_negatives': 11, 'precision': 0.9919950738916257, 'recall': 0.9932182490752158, 'f1_score': 0.9926062846580407}}
[DEBUG _get_metrics] res_item[1].keys(): ['accuracy', 'loss', 'total_samples', 'actual_attack', 'actual_normal', 'predicted_attack', 'predicted_normal', 'true_positives', 'true_negatives', 'false_positives', 'false_negatives', 'precision', 'recall', 'f1_score']
[DEBUG _get_metrics] Extracted from ConfigRecord._data
[DEBUG] Extracted 4 metrics from results

[Evaluation Summary]
============================================================
Round: 32 / 60
Accuracy (mean):  0.9912  (99.12%)
Loss:             0.0077
[Per-Device Accuracy]
  - Device 0:  0.9933  (99.33%)
  - Device 1:  0.9914  (99.14%)
  - Device 2:  0.9914  (99.14%)
  - Device 3:  0.9886  (98.86%)

[Ground Truth]
  - Attack samples: 1621
  - Normal samples: 482
  - Total samples:  2103

[Predictions]
  - Predicted Attack:  1619
  - Predicted Normal:  484

[Confusion Matrix]
  - True Positives (TP):  1613
  - True Negatives (TN):  476
  - False Positives (FP): 6
  - False Negatives (FN): 8

[Metrics]
  - Precision:  0.9931  (99.31%)
  - Recall:     0.9955  (99.55%)
  - F1-Score:   0.9943  (99.43%)
============================================================

[DEBUG] evaluate_metrics_aggregation_fn called with 4 results
[DEBUG] results type: <class 'list'>
[DEBUG] First result type: <class 'tuple'>
[DEBUG] First result length: 2
[DEBUG] results[0][0] type: <class 'int'>
[DEBUG] results[0][1] type: <class 'flwr.app.message.configrecord.ConfigRecord'>
[DEBUG _get_metrics] res_item[1] type: ConfigRecord
[DEBUG _get_metrics] res_item[1] has metrics attr: False
[DEBUG _get_metrics] res_item[1].__dict__: {'_check_key_fn': <function _check_key at 0x72839bbd4900>, '_check_value_fn': <function _check_value at 0x7283913c49a0>, '_data': {'accuracy': 0.9914407730102539, 'loss': 0.00792283471673727, 'total_samples': 2103, 'actual_attack': 1621, 'actual_normal': 482, 'predicted_attack': 1629, 'predicted_normal': 474, 'true_positives': 1616, 'true_negatives': 469, 'false_positives': 13, 'false_negatives': 5, 'precision': 0.9920196439533456, 'recall': 0.9969154842689698, 'f1_score': 0.9944615384615384}}
[DEBUG _get_metrics] res_item[1].keys(): ['accuracy', 'loss', 'total_samples', 'actual_attack', 'actual_normal', 'predicted_attack', 'predicted_normal', 'true_positives', 'true_negatives', 'false_positives', 'false_negatives', 'precision', 'recall', 'f1_score']
[DEBUG _get_metrics] Extracted from ConfigRecord._data
[DEBUG _get_metrics] res_item[1] type: ConfigRecord
[DEBUG _get_metrics] res_item[1] has metrics attr: False
[DEBUG _get_metrics] res_item[1].__dict__: {'_check_key_fn': <function _check_key at 0x72839bbd4900>, '_check_value_fn': <function _check_value at 0x7283913c49a0>, '_data': {'accuracy': 0.9933428168296814, 'loss': 0.007481332868337631, 'total_samples': 2103, 'actual_attack': 1621, 'actual_normal': 482, 'predicted_attack': 1619, 'predicted_normal': 484, 'true_positives': 1613, 'true_negatives': 476, 'false_positives': 6, 'false_negatives': 8, 'precision': 0.9962940086473132, 'recall': 0.9950647748303516, 'f1_score': 0.995679012345679}}
[DEBUG _get_metrics] res_item[1].keys(): ['accuracy', 'loss', 'total_samples', 'actual_attack', 'actual_normal', 'predicted_attack', 'predicted_normal', 'true_positives', 'true_negatives', 'false_positives', 'false_negatives', 'precision', 'recall', 'f1_score'][92mINFO [0m:      
[92mINFO [0m:      [ROUND 34]
[92mINFO [0m:      configure_fit: strategy sampled 4 clients (out of 4)
[92mINFO [0m:      aggregate_fit: received 4 results and 0 failures
[92mINFO [0m:      configure_evaluate: strategy sampled 4 clients (out of 4)
[92mINFO [0m:      aggregate_evaluate: received 4 results and 0 failures
[92mINFO [0m:      
[92mINFO [0m:      [ROUND 35]
[92mINFO [0m:      configure_fit: strategy sampled 4 clients (out of 4)
[92mINFO [0m:      aggregate_fit: received 4 results and 0 failures
[92mINFO [0m:      configure_evaluate: strategy sampled 4 clients (out of 4)

[DEBUG _get_metrics] Extracted from ConfigRecord._data
[DEBUG _get_metrics] res_item[1] type: ConfigRecord
[DEBUG _get_metrics] res_item[1] has metrics attr: False
[DEBUG _get_metrics] res_item[1].__dict__: {'_check_key_fn': <function _check_key at 0x72839bbd4900>, '_check_value_fn': <function _check_value at 0x7283913c49a0>, '_data': {'accuracy': 0.989073634147644, 'loss': 0.007894331589341164, 'total_samples': 2105, 'actual_attack': 1622, 'actual_normal': 483, 'predicted_attack': 1623, 'predicted_normal': 482, 'true_positives': 1611, 'true_negatives': 471, 'false_positives': 12, 'false_negatives': 11, 'precision': 0.9926062846580407, 'recall': 0.9932182490752158, 'f1_score': 0.9929121725731895}}
[DEBUG _get_metrics] res_item[1].keys(): ['accuracy', 'loss', 'total_samples', 'actual_attack', 'actual_normal', 'predicted_attack', 'predicted_normal', 'true_positives', 'true_negatives', 'false_positives', 'false_negatives', 'precision', 'recall', 'f1_score']
[DEBUG _get_metrics] Extracted from ConfigRecord._data
[DEBUG _get_metrics] res_item[1] type: ConfigRecord
[DEBUG _get_metrics] res_item[1] has metrics attr: False
[DEBUG _get_metrics] res_item[1].__dict__: {'_check_key_fn': <function _check_key at 0x72839bbd4900>, '_check_value_fn': <function _check_value at 0x7283913c49a0>, '_data': {'accuracy': 0.9914407730102539, 'loss': 0.00792283471673727, 'total_samples': 2103, 'actual_attack': 1621, 'actual_normal': 482, 'predicted_attack': 1629, 'predicted_normal': 474, 'true_positives': 1616, 'true_negatives': 469, 'false_positives': 13, 'false_negatives': 5, 'precision': 0.9920196439533456, 'recall': 0.9969154842689698, 'f1_score': 0.9944615384615384}}
[DEBUG _get_metrics] res_item[1].keys(): ['accuracy', 'loss', 'total_samples', 'actual_attack', 'actual_normal', 'predicted_attack', 'predicted_normal', 'true_positives', 'true_negatives', 'false_positives', 'false_negatives', 'precision', 'recall', 'f1_score']
[DEBUG _get_metrics] Extracted from ConfigRecord._data
[DEBUG] Extracted 4 metrics from results

[Evaluation Summary]
============================================================
Round: 33 / 60
Accuracy (mean):  0.9913  (99.13%)
Loss:             0.0078
[Per-Device Accuracy]
  - Device 0:  0.9914  (99.14%)
  - Device 1:  0.9933  (99.33%)
  - Device 2:  0.9891  (98.91%)
  - Device 3:  0.9914  (99.14%)

[Ground Truth]
  - Attack samples: 1621
  - Normal samples: 482
  - Total samples:  2103

[Predictions]
  - Predicted Attack:  1629
  - Predicted Normal:  474

[Confusion Matrix]
  - True Positives (TP):  1616
  - True Negatives (TN):  469
  - False Positives (FP): 13
  - False Negatives (FN): 5

[Metrics]
  - Precision:  0.9932  (99.32%)
  - Recall:     0.9955  (99.55%)
  - F1-Score:   0.9944  (99.44%)
============================================================

[36m(ClientAppActor pid=632055)[0m [Client 1] Class weights (smoothed): {0: 1.0, 1: 1.0}[32m [repeated 12x across cluster][0m
[DEBUG] evaluate_metrics_aggregation_fn called with 4 results
[DEBUG] results type: <class 'list'>
[DEBUG] First result type: <class 'tuple'>
[DEBUG] First result length: 2
[DEBUG] results[0][0] type: <class 'int'>
[DEBUG] results[0][1] type: <class 'flwr.app.message.configrecord.ConfigRecord'>
[DEBUG _get_metrics] res_item[1] type: ConfigRecord
[DEBUG _get_metrics] res_item[1] has metrics attr: False
[DEBUG _get_metrics] res_item[1].__dict__: {'_check_key_fn': <function _check_key at 0x72839bbd4900>, '_check_value_fn': <function _check_value at 0x7283913c49a0>, '_data': {'accuracy': 0.989073634147644, 'loss': 0.007919332012534142, 'total_samples': 2105, 'actual_attack': 1622, 'actual_normal': 483, 'predicted_attack': 1623, 'predicted_normal': 482, 'true_positives': 1611, 'true_negatives': 471, 'false_positives': 12, 'false_negatives': 11, 'precision': 0.9926062846580407, 'recall': 0.9932182490752158, 'f1_score': 0.9929121725731895}}
[DEBUG _get_metrics] res_item[1].keys(): ['accuracy', 'loss', 'total_samples', 'actual_attack', 'actual_normal', 'predicted_attack', 'predicted_normal', 'true_positives', 'true_negatives', 'false_positives', 'false_negatives', 'precision', 'recall', 'f1_score']
[DEBUG _get_metrics] Extracted from ConfigRecord._data
[DEBUG _get_metrics] res_item[1] type: ConfigRecord
[DEBUG _get_metrics] res_item[1] has metrics attr: False
[DEBUG _get_metrics] res_item[1].__dict__: {'_check_key_fn': <function _check_key at 0x72839bbd4900>, '_check_value_fn': <function _check_value at 0x7283913c49a0>, '_data': {'accuracy': 0.9914407730102539, 'loss': 0.007955225184559822, 'total_samples': 2103, 'actual_attack': 1621, 'actual_normal': 482, 'predicted_attack': 1629, 'predicted_normal': 474, 'true_positives': 1616, 'true_negatives': 469, 'false_positives': 13, 'false_negatives': 5, 'precision': 0.9920196439533456, 'recall': 0.9969154842689698, 'f1_score': 0.9944615384615384}}
[DEBUG _get_metrics] res_item[1].keys(): ['accuracy', 'loss', 'total_samples', 'actual_attack', 'actual_normal', 'predicted_attack', 'predicted_normal', 'true_positives', 'true_negatives', 'false_positives', 'false_negatives', 'precision', 'recall', 'f1_score']
[DEBUG _get_metrics] Extracted from ConfigRecord._data
[DEBUG _get_metrics] res_item[1] type: ConfigRecord
[DEBUG _get_metrics] res_item[1] has metrics attr: False
[DEBUG _get_metrics] res_item[1].__dict__: {'_check_key_fn': <function _check_key at 0x72839bbd4900>, '_check_value_fn': <function _check_value at 0x7283913c49a0>, '_data': {'accuracy': 0.9914407730102539, 'loss': 0.007955225184559822, 'total_samples': 2103, 'actual_attack': 1621, 'actual_normal': 482, 'predicted_attack': 1629, 'predicted_normal': 474, 'true_positives': 1616, 'true_negatives': 469, 'false_positives': 13, 'false_negatives': 5, 'precision': 0.9920196439533456, 'recall': 0.9969154842689698, 'f1_score': 0.9944615384615384}}
[DEBUG _get_metrics] res_item[1].keys(): ['accuracy', 'loss', 'total_samples', 'actual_attack', 'actual_normal', 'predicted_attack', 'predicted_normal', 'true_positives', 'true_negatives', 'false_positives', 'false_negatives', 'precision', 'recall', 'f1_score']
[DEBUG _get_metrics] Extracted from ConfigRecord._data
[DEBUG _get_metrics] res_item[1] type: ConfigRecord
[DEBUG _get_metrics] res_item[1] has metrics attr: False
[DEBUG _get_metrics] res_item[1].__dict__: {'_check_key_fn': <function _check_key at 0x72839bbd4900>, '_check_value_fn': <function _check_value at 0x7283913c49a0>, '_data': {'accuracy': 0.9933428168296814, 'loss': 0.0075297849252820015, 'total_samples': 2103, 'actual_attack': 1621, 'actual_normal': 482, 'predicted_attack': 1619, 'predicted_normal': 484, 'true_positives': 1613, 'true_negatives': 476, 'false_positives': 6, 'false_negatives': 8, 'precision': 0.9962940086473132, 'recall': 0.9950647748303516, 'f1_score': 0.995679012345679}}
[DEBUG _get_metrics] res_item[1].keys(): ['accuracy', 'loss', 'total_samples', 'actual_attack', 'actual_normal', 'predicted_attack', 'predicted_normal', 'true_positives', 'true_negatives', 'false_positives', 'false_negatives', 'precision', 'recall', 'f1_score']
[DEBUG _get_metrics] Extracted from ConfigRecord._data
[DEBUG] Extracted 4 metrics from results

[Evaluation Summary]
============================================================
Round: 34 / 60
Accuracy (mean):  0.9913  (99.13%)
Loss:             0.0078
[Per-Device Accuracy]
  - Device 0:  0.9891  (98.91%)
  - Device 1:  0.9914  (99.14%)
  - Device 2:  0.9914  (99.14%)
  - Device 3:  0.9933  (99.33%)

[Ground Truth]
  - Attack samples: 1622
  - Normal samples: 483
  - Total samples:  2105

[Predictions]
  - Predicted Attack:  1623
  - Predicted Normal:  482

[Confusion Matrix]
  - True Positives (TP):  1611
  - True Negatives (TN):  471
  - False Positives (FP): 12
  - False Negatives (FN): 11

[Metrics]
  - Precision:  0.9932  (99.32%)
  - Recall:     0.9955  (99.55%)
  - F1-Score:   0.9944  (99.44%)
============================================================

[Round 35] Client contributions:
  Client samples: 29,186 (weight: 0.2500)
  Client samples: 29,186 (weight: 0.2500)
  Client samples: 29,184 (weight: 0.2500)
  Client samples: 29,186 (weight: 0.2500)
[36m(ClientAppActor pid=632055)[0m [Client 1] Class weights (smoothed): {0: 1.0, 1: 1.0}[32m [repeated 12x across cluster][0m[92mINFO [0m:      aggregate_evaluate: received 4 results and 0 failures
[92mINFO [0m:      
[92mINFO [0m:      [ROUND 36]
[92mINFO [0m:      configure_fit: strategy sampled 4 clients (out of 4)
[92mINFO [0m:      aggregate_fit: received 4 results and 0 failures
[92mINFO [0m:      configure_evaluate: strategy sampled 4 clients (out of 4)
[92mINFO [0m:      aggregate_evaluate: received 4 results and 0 failures

[DEBUG] evaluate_metrics_aggregation_fn called with 4 results
[DEBUG] results type: <class 'list'>
[DEBUG] First result type: <class 'tuple'>
[DEBUG] First result length: 2
[DEBUG] results[0][0] type: <class 'int'>
[DEBUG] results[0][1] type: <class 'flwr.app.message.configrecord.ConfigRecord'>
[DEBUG _get_metrics] res_item[1] type: ConfigRecord
[DEBUG _get_metrics] res_item[1] has metrics attr: False
[DEBUG _get_metrics] res_item[1].__dict__: {'_check_key_fn': <function _check_key at 0x72839bbd4900>, '_check_value_fn': <function _check_value at 0x7283913c49a0>, '_data': {'accuracy': 0.9933428168296814, 'loss': 0.007515101693570614, 'total_samples': 2103, 'actual_attack': 1621, 'actual_normal': 482, 'predicted_attack': 1619, 'predicted_normal': 484, 'true_positives': 1613, 'true_negatives': 476, 'false_positives': 6, 'false_negatives': 8, 'precision': 0.9962940086473132, 'recall': 0.9950647748303516, 'f1_score': 0.995679012345679}}
[DEBUG _get_metrics] res_item[1].keys(): ['accuracy', 'loss', 'total_samples', 'actual_attack', 'actual_normal', 'predicted_attack', 'predicted_normal', 'true_positives', 'true_negatives', 'false_positives', 'false_negatives', 'precision', 'recall', 'f1_score']
[DEBUG _get_metrics] Extracted from ConfigRecord._data
[DEBUG _get_metrics] res_item[1] type: ConfigRecord
[DEBUG _get_metrics] res_item[1] has metrics attr: False
[DEBUG _get_metrics] res_item[1].__dict__: {'_check_key_fn': <function _check_key at 0x72839bbd4900>, '_check_value_fn': <function _check_value at 0x7283913c49a0>, '_data': {'accuracy': 0.9914407730102539, 'loss': 0.007925115525722504, 'total_samples': 2103, 'actual_attack': 1621, 'actual_normal': 482, 'predicted_attack': 1629, 'predicted_normal': 474, 'true_positives': 1616, 'true_negatives': 469, 'false_positives': 13, 'false_negatives': 5, 'precision': 0.9920196439533456, 'recall': 0.9969154842689698, 'f1_score': 0.9944615384615384}}
[DEBUG _get_metrics] res_item[1].keys(): ['accuracy', 'loss', 'total_samples', 'actual_attack', 'actual_normal', 'predicted_attack', 'predicted_normal', 'true_positives', 'true_negatives', 'false_positives', 'false_negatives', 'precision', 'recall', 'f1_score']
[DEBUG _get_metrics] Extracted from ConfigRecord._data
[DEBUG _get_metrics] res_item[1] type: ConfigRecord
[DEBUG _get_metrics] res_item[1] has metrics attr: False
[DEBUG _get_metrics] res_item[1].__dict__: {'_check_key_fn': <function _check_key at 0x72839bbd4900>, '_check_value_fn': <function _check_value at 0x7283913c49a0>, '_data': {'accuracy': 0.9914407730102539, 'loss': 0.007925115525722504, 'total_samples': 2103, 'actual_attack': 1621, 'actual_normal': 482, 'predicted_attack': 1629, 'predicted_normal': 474, 'true_positives': 1616, 'true_negatives': 469, 'false_positives': 13, 'false_negatives': 5, 'precision': 0.9920196439533456, 'recall': 0.9969154842689698, 'f1_score': 0.9944615384615384}}
[DEBUG _get_metrics] res_item[1].keys(): ['accuracy', 'loss', 'total_samples', 'actual_attack', 'actual_normal', 'predicted_attack', 'predicted_normal', 'true_positives', 'true_negatives', 'false_positives', 'false_negatives', 'precision', 'recall', 'f1_score']
[DEBUG _get_metrics] Extracted from ConfigRecord._data
[DEBUG _get_metrics] res_item[1] type: ConfigRecord
[DEBUG _get_metrics] res_item[1] has metrics attr: False
[DEBUG _get_metrics] res_item[1].__dict__: {'_check_key_fn': <function _check_key at 0x72839bbd4900>, '_check_value_fn': <function _check_value at 0x7283913c49a0>, '_data': {'accuracy': 0.989073634147644, 'loss': 0.0078810453414917, 'total_samples': 2105, 'actual_attack': 1622, 'actual_normal': 483, 'predicted_attack': 1623, 'predicted_normal': 482, 'true_positives': 1611, 'true_negatives': 471, 'false_positives': 12, 'false_negatives': 11, 'precision': 0.9926062846580407, 'recall': 0.9932182490752158, 'f1_score': 0.9929121725731895}}
[DEBUG _get_metrics] res_item[1].keys(): ['accuracy', 'loss', 'total_samples', 'actual_attack', 'actual_normal', 'predicted_attack', 'predicted_normal', 'true_positives', 'true_negatives', 'false_positives', 'false_negatives', 'precision', 'recall', 'f1_score']
[DEBUG _get_metrics] Extracted from ConfigRecord._data
[DEBUG] Extracted 4 metrics from results

[Evaluation Summary]
============================================================
Round: 35 / 60
Accuracy (mean):  0.9913  (99.13%)
Loss:             0.0078
[Per-Device Accuracy]
  - Device 0:  0.9933  (99.33%)
  - Device 1:  0.9914  (99.14%)
  - Device 2:  0.9914  (99.14%)
  - Device 3:  0.9891  (98.91%)

[Ground Truth]
  - Attack samples: 1621
  - Normal samples: 482
  - Total samples:  2103

[Predictions]
  - Predicted Attack:  1619
  - Predicted Normal:  484

[Confusion Matrix]
  - True Positives (TP):  1613
  - True Negatives (TN):  476
  - False Positives (FP): 6
  - False Negatives (FN): 8

[Metrics]
  - Precision:  0.9932  (99.32%)
  - Recall:     0.9955  (99.55%)
  - F1-Score:   0.9944  (99.44%)
============================================================

[DEBUG] evaluate_metrics_aggregation_fn called with 4 results
[DEBUG] results type: <class 'list'>
[DEBUG] First result type: <class 'tuple'>
[DEBUG] First result length: 2
[DEBUG] results[0][0] type: <class 'int'>
[DEBUG] results[0][1] type: <class 'flwr.app.message.configrecord.ConfigRecord'>
[DEBUG _get_metrics] res_item[1] type: ConfigRecord
[DEBUG _get_metrics] res_item[1] has metrics attr: False
[DEBUG _get_metrics] res_item[1].__dict__: {'_check_key_fn': <function _check_key at 0x72839bbd4900>, '_check_value_fn': <function _check_value at 0x7283913c49a0>, '_data': {'accuracy': 0.989073634147644, 'loss': 0.007958653382956982, 'total_samples': 2105, 'actual_attack': 1622, 'actual_normal': 483, 'predicted_attack': 1623, 'predicted_normal': 482, 'true_positives': 1611, 'true_negatives': 471, 'false_positives': 12, 'false_negatives': 11, 'precision': 0.9926062846580407, 'recall': 0.9932182490752158, 'f1_score': 0.9929121725731895}}
[DEBUG _get_metrics] res_item[1].keys(): ['accuracy', 'loss', 'total_samples', 'actual_attack', 'actual_normal', 'predicted_attack', 'predicted_normal', 'true_positives', 'true_negatives', 'false_positives', 'false_negatives', 'precision', 'recall', 'f1_score']
[DEBUG _get_metrics] Extracted from ConfigRecord._data
[DEBUG _get_metrics] res_item[1] type: ConfigRecord
[DEBUG _get_metrics] res_item[1] has metrics attr: False
[DEBUG _get_metrics] res_item[1].__dict__: {'_check_key_fn': <function _check_key at 0x72839bbd4900>, '_check_value_fn': <function _check_value at 0x7283913c49a0>, '_data': {'accuracy': 0.9914407730102539, 'loss': 0.008034810423851013, 'total_samples': 2103, 'actual_attack': 1621, 'actual_normal': 482, 'predicted_attack': 1629, 'predicted_normal': 474, 'true_positives': 1616, 'true_negatives': 469, 'false_positives': 13, 'false_negatives': 5, 'precision': 0.9920196439533456, 'recall': 0.9969154842689698, 'f1_score': 0.9944615384615384}}
[DEBUG _get_metrics] res_item[1].keys(): ['accuracy', 'loss', 'total_samples', 'actual_attack', 'actual_normal', 'predicted_attack', 'predicted_normal', 'true_positives', 'true_negatives', 'false_positives', 'false_negatives', 'precision', 'recall', 'f1_score']
[DEBUG _get_metrics] Extracted from ConfigRecord._data
[DEBUG _get_metrics] res_item[1] type: ConfigRecord
[DEBUG _get_metrics] res_item[1] has metrics attr: False
[DEBUG _get_metrics] res_item[1].__dict__: {'_check_key_fn': <function _check_key at 0x72839bbd4900>, '_check_value_fn': <function _check_value at 0x7283913c49a0>, '_data': {'accuracy': 0.9928673505783081, 'loss': 0.007634298410266638, 'total_samples': 2103, 'actual_attack': 1621, 'actual_normal': 482, 'predicted_attack': 1620, 'predicted_normal': 483, 'true_positives': 1613, 'true_negatives': 475, 'false_positives': 7, 'false_negatives': 8, 'precision': 0.995679012345679, 'recall': 0.9950647748303516, 'f1_score': 0.9953717988275222}}
[DEBUG _get_metrics] res_item[1].keys(): ['accuracy', 'loss', 'total_samples', 'actual_attack', 'actual_normal', 'predicted_attack', 'predicted_normal', 'true_positives', 'true_negatives', 'false_positives', 'false_negatives', 'precision', 'recall', 'f1_score']
[DEBUG _get_metrics] Extracted from ConfigRecord._data
[DEBUG _get_metrics] res_item[1] type: ConfigRecord[92mINFO [0m:      
[92mINFO [0m:      [ROUND 37]
[92mINFO [0m:      configure_fit: strategy sampled 4 clients (out of 4)
[92mINFO [0m:      aggregate_fit: received 4 results and 0 failures
[92mINFO [0m:      configure_evaluate: strategy sampled 4 clients (out of 4)
[92mINFO [0m:      aggregate_evaluate: received 4 results and 0 failures
[92mINFO [0m:      
[92mINFO [0m:      [ROUND 38]
[92mINFO [0m:      configure_fit: strategy sampled 4 clients (out of 4)
[92mINFO [0m:      aggregate_fit: received 4 results and 0 failures
[92mINFO [0m:      configure_evaluate: strategy sampled 4 clients (out of 4)
[92mINFO [0m:      aggregate_evaluate: received 4 results and 0 failures

[DEBUG _get_metrics] res_item[1] has metrics attr: False
[DEBUG _get_metrics] res_item[1].__dict__: {'_check_key_fn': <function _check_key at 0x72839bbd4900>, '_check_value_fn': <function _check_value at 0x7283913c49a0>, '_data': {'accuracy': 0.9914407730102539, 'loss': 0.008034810423851013, 'total_samples': 2103, 'actual_attack': 1621, 'actual_normal': 482, 'predicted_attack': 1629, 'predicted_normal': 474, 'true_positives': 1616, 'true_negatives': 469, 'false_positives': 13, 'false_negatives': 5, 'precision': 0.9920196439533456, 'recall': 0.9969154842689698, 'f1_score': 0.9944615384615384}}
[DEBUG _get_metrics] res_item[1].keys(): ['accuracy', 'loss', 'total_samples', 'actual_attack', 'actual_normal', 'predicted_attack', 'predicted_normal', 'true_positives', 'true_negatives', 'false_positives', 'false_negatives', 'precision', 'recall', 'f1_score']
[DEBUG _get_metrics] Extracted from ConfigRecord._data
[DEBUG] Extracted 4 metrics from results

[Evaluation Summary]
============================================================
Round: 36 / 60
Accuracy (mean):  0.9912  (99.12%)
Loss:             0.0079
[Per-Device Accuracy]
  - Device 0:  0.9891  (98.91%)
  - Device 1:  0.9914  (99.14%)
  - Device 2:  0.9929  (99.29%)
  - Device 3:  0.9914  (99.14%)

[Ground Truth]
  - Attack samples: 1622
  - Normal samples: 483
  - Total samples:  2105

[Predictions]
  - Predicted Attack:  1623
  - Predicted Normal:  482

[Confusion Matrix]
  - True Positives (TP):  1611
  - True Negatives (TN):  471
  - False Positives (FP): 12
  - False Negatives (FN): 11

[Metrics]
  - Precision:  0.9931  (99.31%)
  - Recall:     0.9955  (99.55%)
  - F1-Score:   0.9943  (99.43%)
============================================================

[36m(ClientAppActor pid=632055)[0m [Client 1] Class weights (smoothed): {0: 1.0, 1: 1.0}[32m [repeated 16x across cluster][0m
[DEBUG] evaluate_metrics_aggregation_fn called with 4 results
[DEBUG] results type: <class 'list'>
[DEBUG] First result type: <class 'tuple'>
[DEBUG] First result length: 2
[DEBUG] results[0][0] type: <class 'int'>
[DEBUG] results[0][1] type: <class 'flwr.app.message.configrecord.ConfigRecord'>
[DEBUG _get_metrics] res_item[1] type: ConfigRecord
[DEBUG _get_metrics] res_item[1] has metrics attr: False
[DEBUG _get_metrics] res_item[1].__dict__: {'_check_key_fn': <function _check_key at 0x72839bbd4900>, '_check_value_fn': <function _check_value at 0x7283913c49a0>, '_data': {'accuracy': 0.9914407730102539, 'loss': 0.008052266202867031, 'total_samples': 2103, 'actual_attack': 1621, 'actual_normal': 482, 'predicted_attack': 1629, 'predicted_normal': 474, 'true_positives': 1616, 'true_negatives': 469, 'false_positives': 13, 'false_negatives': 5, 'precision': 0.9920196439533456, 'recall': 0.9969154842689698, 'f1_score': 0.9944615384615384}}
[DEBUG _get_metrics] res_item[1].keys(): ['accuracy', 'loss', 'total_samples', 'actual_attack', 'actual_normal', 'predicted_attack', 'predicted_normal', 'true_positives', 'true_negatives', 'false_positives', 'false_negatives', 'precision', 'recall', 'f1_score']
[DEBUG _get_metrics] Extracted from ConfigRecord._data
[DEBUG _get_metrics] res_item[1] type: ConfigRecord
[DEBUG _get_metrics] res_item[1] has metrics attr: False
[DEBUG _get_metrics] res_item[1].__dict__: {'_check_key_fn': <function _check_key at 0x72839bbd4900>, '_check_value_fn': <function _check_value at 0x7283913c49a0>, '_data': {'accuracy': 0.989073634147644, 'loss': 0.007966234348714352, 'total_samples': 2105, 'actual_attack': 1622, 'actual_normal': 483, 'predicted_attack': 1623, 'predicted_normal': 482, 'true_positives': 1611, 'true_negatives': 471, 'false_positives': 12, 'false_negatives': 11, 'precision': 0.9926062846580407, 'recall': 0.9932182490752158, 'f1_score': 0.9929121725731895}}
[DEBUG _get_metrics] res_item[1].keys(): ['accuracy', 'loss', 'total_samples', 'actual_attack', 'actual_normal', 'predicted_attack', 'predicted_normal', 'true_positives', 'true_negatives', 'false_positives', 'false_negatives', 'precision', 'recall', 'f1_score']
[DEBUG _get_metrics] Extracted from ConfigRecord._data
[DEBUG _get_metrics] res_item[1] type: ConfigRecord
[DEBUG _get_metrics] res_item[1] has metrics attr: False
[DEBUG _get_metrics] res_item[1].__dict__: {'_check_key_fn': <function _check_key at 0x72839bbd4900>, '_check_value_fn': <function _check_value at 0x7283913c49a0>, '_data': {'accuracy': 0.9928673505783081, 'loss': 0.007644066587090492, 'total_samples': 2103, 'actual_attack': 1621, 'actual_normal': 482, 'predicted_attack': 1620, 'predicted_normal': 483, 'true_positives': 1613, 'true_negatives': 475, 'false_positives': 7, 'false_negatives': 8, 'precision': 0.995679012345679, 'recall': 0.9950647748303516, 'f1_score': 0.9953717988275222}}
[DEBUG _get_metrics] res_item[1].keys(): ['accuracy', 'loss', 'total_samples', 'actual_attack', 'actual_normal', 'predicted_attack', 'predicted_normal', 'true_positives', 'true_negatives', 'false_positives', 'false_negatives', 'precision', 'recall', 'f1_score']
[DEBUG _get_metrics] Extracted from ConfigRecord._data
[DEBUG _get_metrics] res_item[1] type: ConfigRecord
[DEBUG _get_metrics] res_item[1] has metrics attr: False
[DEBUG _get_metrics] res_item[1].__dict__: {'_check_key_fn': <function _check_key at 0x72839bbd4900>, '_check_value_fn': <function _check_value at 0x7283913c49a0>, '_data': {'accuracy': 0.9914407730102539, 'loss': 0.008052266202867031, 'total_samples': 2103, 'actual_attack': 1621, 'actual_normal': 482, 'predicted_attack': 1629, 'predicted_normal': 474, 'true_positives': 1616, 'true_negatives': 469, 'false_positives': 13, 'false_negatives': 5, 'precision': 0.9920196439533456, 'recall': 0.9969154842689698, 'f1_score': 0.9944615384615384}}
[DEBUG _get_metrics] res_item[1].keys(): ['accuracy', 'loss', 'total_samples', 'actual_attack', 'actual_normal', 'predicted_attack', 'predicted_normal', 'true_positives', 'true_negatives', 'false_positives', 'false_negatives', 'precision', 'recall', 'f1_score']
[DEBUG _get_metrics] Extracted from ConfigRecord._data
[DEBUG] Extracted 4 metrics from results

[Evaluation Summary]
============================================================
Round: 37 / 60
Accuracy (mean):  0.9912  (99.12%)
Loss:             0.0079
[Per-Device Accuracy]
  - Device 0:  0.9914  (99.14%)
  - Device 1:  0.9891  (98.91%)
  - Device 2:  0.9929  (99.29%)
  - Device 3:  0.9914  (99.14%)

[Ground Truth]
  - Attack samples: 1621
  - Normal samples: 482
  - Total samples:  2103

[Predictions]
  - Predicted Attack:  1629
  - Predicted Normal:  474

[Confusion Matrix]
  - True Positives (TP):  1616
  - True Negatives (TN):  469
  - False Positives (FP): 13
  - False Negatives (FN): 5

[Metrics]
  - Precision:  0.9931  (99.31%)
  - Recall:     0.9955  (99.55%)
  - F1-Score:   0.9943  (99.43%)
============================================================

[DEBUG] evaluate_metrics_aggregation_fn called with 4 results
[DEBUG] results type: <class 'list'>
[DEBUG] First result type: <class 'tuple'>
[DEBUG] First result length: 2
[DEBUG] results[0][0] type: <class 'int'>
[DEBUG] results[0][1] type: <class 'flwr.app.message.configrecord.ConfigRecord'>
[DEBUG _get_metrics] res_item[1] type: ConfigRecord
[DEBUG _get_metrics] res_item[1] has metrics attr: False
[DEBUG _get_metrics] res_item[1].__dict__: {'_check_key_fn': <function _check_key at 0x72839bbd4900>, '_check_value_fn': <function _check_value at 0x7283913c49a0>, '_data': {'accuracy': 0.9914407730102539, 'loss': 0.008070511743426323, 'total_samples': 2103, 'actual_attack': 1621, 'actual_normal': 482, 'predicted_attack': 1629, 'predicted_normal': 474, 'true_positives': 1616, 'true_negatives': 469, 'false_positives': 13, 'false_negatives': 5, 'precision': 0.9920196439533456, 'recall': 0.9969154842689698, 'f1_score': 0.9944615384615384}}
[DEBUG _get_metrics] res_item[1].keys(): ['accuracy', 'loss', 'total_samples', 'actual_attack', 'actual_normal', 'predicted_attack', 'predicted_normal', 'true_positives', 'true_negatives', 'false_positives', 'false_negatives', 'precision', 'recall', 'f1_score']
[DEBUG _get_metrics] Extracted from ConfigRecord._data
[DEBUG _get_metrics] res_item[1] type: ConfigRecord
[DEBUG _get_metrics] res_item[1] has metrics attr: False[92mINFO [0m:      
[92mINFO [0m:      [ROUND 39]
[92mINFO [0m:      configure_fit: strategy sampled 4 clients (out of 4)
[92mINFO [0m:      aggregate_fit: received 4 results and 0 failures
[92mINFO [0m:      configure_evaluate: strategy sampled 4 clients (out of 4)
[92mINFO [0m:      aggregate_evaluate: received 4 results and 0 failures

[DEBUG _get_metrics] res_item[1].__dict__: {'_check_key_fn': <function _check_key at 0x72839bbd4900>, '_check_value_fn': <function _check_value at 0x7283913c49a0>, '_data': {'accuracy': 0.9914407730102539, 'loss': 0.008070511743426323, 'total_samples': 2103, 'actual_attack': 1621, 'actual_normal': 482, 'predicted_attack': 1629, 'predicted_normal': 474, 'true_positives': 1616, 'true_negatives': 469, 'false_positives': 13, 'false_negatives': 5, 'precision': 0.9920196439533456, 'recall': 0.9969154842689698, 'f1_score': 0.9944615384615384}}
[DEBUG _get_metrics] res_item[1].keys(): ['accuracy', 'loss', 'total_samples', 'actual_attack', 'actual_normal', 'predicted_attack', 'predicted_normal', 'true_positives', 'true_negatives', 'false_positives', 'false_negatives', 'precision', 'recall', 'f1_score']
[DEBUG _get_metrics] Extracted from ConfigRecord._data
[DEBUG _get_metrics] res_item[1] type: ConfigRecord
[DEBUG _get_metrics] res_item[1] has metrics attr: False
[DEBUG _get_metrics] res_item[1].__dict__: {'_check_key_fn': <function _check_key at 0x72839bbd4900>, '_check_value_fn': <function _check_value at 0x7283913c49a0>, '_data': {'accuracy': 0.989073634147644, 'loss': 0.007965018972754478, 'total_samples': 2105, 'actual_attack': 1622, 'actual_normal': 483, 'predicted_attack': 1623, 'predicted_normal': 482, 'true_positives': 1611, 'true_negatives': 471, 'false_positives': 12, 'false_negatives': 11, 'precision': 0.9926062846580407, 'recall': 0.9932182490752158, 'f1_score': 0.9929121725731895}}
[DEBUG _get_metrics] res_item[1].keys(): ['accuracy', 'loss', 'total_samples', 'actual_attack', 'actual_normal', 'predicted_attack', 'predicted_normal', 'true_positives', 'true_negatives', 'false_positives', 'false_negatives', 'precision', 'recall', 'f1_score']
[DEBUG _get_metrics] Extracted from ConfigRecord._data
[DEBUG _get_metrics] res_item[1] type: ConfigRecord
[DEBUG _get_metrics] res_item[1] has metrics attr: False
[DEBUG _get_metrics] res_item[1].__dict__: {'_check_key_fn': <function _check_key at 0x72839bbd4900>, '_check_value_fn': <function _check_value at 0x7283913c49a0>, '_data': {'accuracy': 0.9928673505783081, 'loss': 0.00764732901006937, 'total_samples': 2103, 'actual_attack': 1621, 'actual_normal': 482, 'predicted_attack': 1620, 'predicted_normal': 483, 'true_positives': 1613, 'true_negatives': 475, 'false_positives': 7, 'false_negatives': 8, 'precision': 0.995679012345679, 'recall': 0.9950647748303516, 'f1_score': 0.9953717988275222}}
[DEBUG _get_metrics] res_item[1].keys(): ['accuracy', 'loss', 'total_samples', 'actual_attack', 'actual_normal', 'predicted_attack', 'predicted_normal', 'true_positives', 'true_negatives', 'false_positives', 'false_negatives', 'precision', 'recall', 'f1_score']
[DEBUG _get_metrics] Extracted from ConfigRecord._data
[DEBUG] Extracted 4 metrics from results

[Evaluation Summary]
============================================================
Round: 38 / 60
Accuracy (mean):  0.9912  (99.12%)
Loss:             0.0079
[Per-Device Accuracy]
  - Device 0:  0.9914  (99.14%)
  - Device 1:  0.9914  (99.14%)
  - Device 2:  0.9891  (98.91%)
  - Device 3:  0.9929  (99.29%)

[Ground Truth]
  - Attack samples: 1621
  - Normal samples: 482
  - Total samples:  2103

[Predictions]
  - Predicted Attack:  1629
  - Predicted Normal:  474

[Confusion Matrix]
  - True Positives (TP):  1616
  - True Negatives (TN):  469
  - False Positives (FP): 13
  - False Negatives (FN): 5

[Metrics]
  - Precision:  0.9931  (99.31%)
  - Recall:     0.9955  (99.55%)
  - F1-Score:   0.9943  (99.43%)
============================================================

[36m(ClientAppActor pid=632055)[0m [Client 1] Class weights (smoothed): {0: 1.0, 1: 1.0}[32m [repeated 16x across cluster][0m
[DEBUG] evaluate_metrics_aggregation_fn called with 4 results
[DEBUG] results type: <class 'list'>
[DEBUG] First result type: <class 'tuple'>
[DEBUG] First result length: 2
[DEBUG] results[0][0] type: <class 'int'>
[DEBUG] results[0][1] type: <class 'flwr.app.message.configrecord.ConfigRecord'>
[DEBUG _get_metrics] res_item[1] type: ConfigRecord
[DEBUG _get_metrics] res_item[1] has metrics attr: False
[DEBUG _get_metrics] res_item[1].__dict__: {'_check_key_fn': <function _check_key at 0x72839bbd4900>, '_check_value_fn': <function _check_value at 0x7283913c49a0>, '_data': {'accuracy': 0.9914407730102539, 'loss': 0.00795594323426485, 'total_samples': 2103, 'actual_attack': 1621, 'actual_normal': 482, 'predicted_attack': 1629, 'predicted_normal': 474, 'true_positives': 1616, 'true_negatives': 469, 'false_positives': 13, 'false_negatives': 5, 'precision': 0.9920196439533456, 'recall': 0.9969154842689698, 'f1_score': 0.9944615384615384}}
[DEBUG _get_metrics] res_item[1].keys(): ['accuracy', 'loss', 'total_samples', 'actual_attack', 'actual_normal', 'predicted_attack', 'predicted_normal', 'true_positives', 'true_negatives', 'false_positives', 'false_negatives', 'precision', 'recall', 'f1_score']
[DEBUG _get_metrics] Extracted from ConfigRecord._data
[DEBUG _get_metrics] res_item[1] type: ConfigRecord
[DEBUG _get_metrics] res_item[1] has metrics attr: False
[DEBUG _get_metrics] res_item[1].__dict__: {'_check_key_fn': <function _check_key at 0x72839bbd4900>, '_check_value_fn': <function _check_value at 0x7283913c49a0>, '_data': {'accuracy': 0.9914407730102539, 'loss': 0.00795594323426485, 'total_samples': 2103, 'actual_attack': 1621, 'actual_normal': 482, 'predicted_attack': 1629, 'predicted_normal': 474, 'true_positives': 1616, 'true_negatives': 469, 'false_positives': 13, 'false_negatives': 5, 'precision': 0.9920196439533456, 'recall': 0.9969154842689698, 'f1_score': 0.9944615384615384}}
[DEBUG _get_metrics] res_item[1].keys(): ['accuracy', 'loss', 'total_samples', 'actual_attack', 'actual_normal', 'predicted_attack', 'predicted_normal', 'true_positives', 'true_negatives', 'false_positives', 'false_negatives', 'precision', 'recall', 'f1_score']
[DEBUG _get_metrics] Extracted from ConfigRecord._data
[DEBUG _get_metrics] res_item[1] type: ConfigRecord
[DEBUG _get_metrics] res_item[1] has metrics attr: False
[DEBUG _get_metrics] res_item[1].__dict__: {'_check_key_fn': <function _check_key at 0x72839bbd4900>, '_check_value_fn': <function _check_value at 0x7283913c49a0>, '_data': {'accuracy': 0.989073634147644, 'loss': 0.007833404466509819, 'total_samples': 2105, 'actual_attack': 1622, 'actual_normal': 483, 'predicted_attack': 1623, 'predicted_normal': 482, 'true_positives': 1611, 'true_negatives': 471, 'false_positives': 12, 'false_negatives': 11, 'precision': 0.9926062846580407, 'recall': 0.9932182490752158, 'f1_score': 0.9929121725731895}}
[DEBUG _get_metrics] res_item[1].keys(): ['accuracy', 'loss', 'total_samples', 'actual_attack', 'actual_normal', 'predicted_attack', 'predicted_normal', 'true_positives', 'true_negatives', 'false_positives', 'false_negatives', 'precision', 'recall', 'f1_score']
[DEBUG _get_metrics] Extracted from ConfigRecord._data
[DEBUG _get_metrics] res_item[1] type: ConfigRecord
[DEBUG _get_metrics] res_item[1] has metrics attr: False
[DEBUG _get_metrics] res_item[1].__dict__: {'_check_key_fn': <function _check_key at 0x72839bbd4900>, '_check_value_fn': <function _check_value at 0x7283913c49a0>, '_data': {'accuracy': 0.9928673505783081, 'loss': 0.007540078368037939, 'total_samples': 2103, 'actual_attack': 1621, 'actual_normal': 482, 'predicted_attack': 1620, 'predicted_normal': 483, 'true_positives': 1613, 'true_negatives': 475, 'false_positives': 7, 'false_negatives': 8, 'precision': 0.995679012345679, 'recall': 0.9950647748303516, 'f1_score': 0.9953717988275222}}
[DEBUG _get_metrics] res_item[1].keys(): ['accuracy', 'loss', 'total_samples', 'actual_attack', 'actual_normal', 'predicted_attack', 'predicted_normal', 'true_positives', 'true_negatives', 'false_positives', 'false_negatives', 'precision', 'recall', 'f1_score']
[DEBUG _get_metrics] Extracted from ConfigRecord._data
[DEBUG] Extracted 4 metrics from results

[Evaluation Summary]
============================================================
Round: 39 / 60
Accuracy (mean):  0.9912  (99.12%)
Loss:             0.0078
[Per-Device Accuracy]
  - Device 0:  0.9914  (99.14%)
  - Device 1:  0.9914  (99.14%)[92mINFO [0m:      
[92mINFO [0m:      [ROUND 40]
[92mINFO [0m:      configure_fit: strategy sampled 4 clients (out of 4)
[92mINFO [0m:      aggregate_fit: received 4 results and 0 failures
[92mINFO [0m:      configure_evaluate: strategy sampled 4 clients (out of 4)
[92mINFO [0m:      aggregate_evaluate: received 4 results and 0 failures
[92mINFO [0m:      
[92mINFO [0m:      [ROUND 41]
[92mINFO [0m:      configure_fit: strategy sampled 4 clients (out of 4)
[92mINFO [0m:      aggregate_fit: received 4 results and 0 failures
[92mINFO [0m:      configure_evaluate: strategy sampled 4 clients (out of 4)
[92mINFO [0m:      aggregate_evaluate: received 4 results and 0 failures

  - Device 2:  0.9891  (98.91%)
  - Device 3:  0.9929  (99.29%)

[Ground Truth]
  - Attack samples: 1621
  - Normal samples: 482
  - Total samples:  2103

[Predictions]
  - Predicted Attack:  1629
  - Predicted Normal:  474

[Confusion Matrix]
  - True Positives (TP):  1616
  - True Negatives (TN):  469
  - False Positives (FP): 13
  - False Negatives (FN): 5

[Metrics]
  - Precision:  0.9931  (99.31%)
  - Recall:     0.9955  (99.55%)
  - F1-Score:   0.9943  (99.43%)
============================================================

[Round 40] Client contributions:
  Client samples: 29,186 (weight: 0.2500)
  Client samples: 29,184 (weight: 0.2500)
  Client samples: 29,186 (weight: 0.2500)
  Client samples: 29,186 (weight: 0.2500)
[DEBUG] evaluate_metrics_aggregation_fn called with 4 results
[DEBUG] results type: <class 'list'>
[DEBUG] First result type: <class 'tuple'>
[DEBUG] First result length: 2
[DEBUG] results[0][0] type: <class 'int'>
[DEBUG] results[0][1] type: <class 'flwr.app.message.configrecord.ConfigRecord'>
[DEBUG _get_metrics] res_item[1] type: ConfigRecord
[DEBUG _get_metrics] res_item[1] has metrics attr: False
[DEBUG _get_metrics] res_item[1].__dict__: {'_check_key_fn': <function _check_key at 0x72839bbd4900>, '_check_value_fn': <function _check_value at 0x7283913c49a0>, '_data': {'accuracy': 0.989073634147644, 'loss': 0.007805623579770327, 'total_samples': 2105, 'actual_attack': 1622, 'actual_normal': 483, 'predicted_attack': 1623, 'predicted_normal': 482, 'true_positives': 1611, 'true_negatives': 471, 'false_positives': 12, 'false_negatives': 11, 'precision': 0.9926062846580407, 'recall': 0.9932182490752158, 'f1_score': 0.9929121725731895}}
[DEBUG _get_metrics] res_item[1].keys(): ['accuracy', 'loss', 'total_samples', 'actual_attack', 'actual_normal', 'predicted_attack', 'predicted_normal', 'true_positives', 'true_negatives', 'false_positives', 'false_negatives', 'precision', 'recall', 'f1_score']
[DEBUG _get_metrics] Extracted from ConfigRecord._data
[DEBUG _get_metrics] res_item[1] type: ConfigRecord
[DEBUG _get_metrics] res_item[1] has metrics attr: False
[DEBUG _get_metrics] res_item[1].__dict__: {'_check_key_fn': <function _check_key at 0x72839bbd4900>, '_check_value_fn': <function _check_value at 0x7283913c49a0>, '_data': {'accuracy': 0.9928673505783081, 'loss': 0.007538038305938244, 'total_samples': 2103, 'actual_attack': 1621, 'actual_normal': 482, 'predicted_attack': 1620, 'predicted_normal': 483, 'true_positives': 1613, 'true_negatives': 475, 'false_positives': 7, 'false_negatives': 8, 'precision': 0.995679012345679, 'recall': 0.9950647748303516, 'f1_score': 0.9953717988275222}}
[DEBUG _get_metrics] res_item[1].keys(): ['accuracy', 'loss', 'total_samples', 'actual_attack', 'actual_normal', 'predicted_attack', 'predicted_normal', 'true_positives', 'true_negatives', 'false_positives', 'false_negatives', 'precision', 'recall', 'f1_score']
[DEBUG _get_metrics] Extracted from ConfigRecord._data
[DEBUG _get_metrics] res_item[1] type: ConfigRecord
[DEBUG _get_metrics] res_item[1] has metrics attr: False
[DEBUG _get_metrics] res_item[1].__dict__: {'_check_key_fn': <function _check_key at 0x72839bbd4900>, '_check_value_fn': <function _check_value at 0x7283913c49a0>, '_data': {'accuracy': 0.9914407730102539, 'loss': 0.007956815883517265, 'total_samples': 2103, 'actual_attack': 1621, 'actual_normal': 482, 'predicted_attack': 1629, 'predicted_normal': 474, 'true_positives': 1616, 'true_negatives': 469, 'false_positives': 13, 'false_negatives': 5, 'precision': 0.9920196439533456, 'recall': 0.9969154842689698, 'f1_score': 0.9944615384615384}}
[DEBUG _get_metrics] res_item[1].keys(): ['accuracy', 'loss', 'total_samples', 'actual_attack', 'actual_normal', 'predicted_attack', 'predicted_normal', 'true_positives', 'true_negatives', 'false_positives', 'false_negatives', 'precision', 'recall', 'f1_score']
[DEBUG _get_metrics] Extracted from ConfigRecord._data
[DEBUG _get_metrics] res_item[1] type: ConfigRecord
[DEBUG _get_metrics] res_item[1] has metrics attr: False
[DEBUG _get_metrics] res_item[1].__dict__: {'_check_key_fn': <function _check_key at 0x72839bbd4900>, '_check_value_fn': <function _check_value at 0x7283913c49a0>, '_data': {'accuracy': 0.9914407730102539, 'loss': 0.007956815883517265, 'total_samples': 2103, 'actual_attack': 1621, 'actual_normal': 482, 'predicted_attack': 1629, 'predicted_normal': 474, 'true_positives': 1616, 'true_negatives': 469, 'false_positives': 13, 'false_negatives': 5, 'precision': 0.9920196439533456, 'recall': 0.9969154842689698, 'f1_score': 0.9944615384615384}}
[DEBUG _get_metrics] res_item[1].keys(): ['accuracy', 'loss', 'total_samples', 'actual_attack', 'actual_normal', 'predicted_attack', 'predicted_normal', 'true_positives', 'true_negatives', 'false_positives', 'false_negatives', 'precision', 'recall', 'f1_score']
[DEBUG _get_metrics] Extracted from ConfigRecord._data
[DEBUG] Extracted 4 metrics from results

[Evaluation Summary]
============================================================
Round: 40 / 60
Accuracy (mean):  0.9912  (99.12%)
Loss:             0.0078
[Per-Device Accuracy]
  - Device 0:  0.9891  (98.91%)
  - Device 1:  0.9929  (99.29%)
  - Device 2:  0.9914  (99.14%)
  - Device 3:  0.9914  (99.14%)

[Ground Truth]
  - Attack samples: 1622
  - Normal samples: 483
  - Total samples:  2105

[Predictions]
  - Predicted Attack:  1623
  - Predicted Normal:  482

[Confusion Matrix]
  - True Positives (TP):  1611
  - True Negatives (TN):  471
  - False Positives (FP): 12
  - False Negatives (FN): 11

[Metrics]
  - Precision:  0.9931  (99.31%)
  - Recall:     0.9955  (99.55%)
  - F1-Score:   0.9943  (99.43%)
============================================================

[36m(ClientAppActor pid=632055)[0m [Client 1] Class weights (smoothed): {0: 1.0, 1: 1.0}[32m [repeated 16x across cluster][0m
[DEBUG] evaluate_metrics_aggregation_fn called with 4 results
[DEBUG] results type: <class 'list'>
[DEBUG] First result type: <class 'tuple'>
[DEBUG] First result length: 2
[DEBUG] results[0][0] type: <class 'int'>
[DEBUG] results[0][1] type: <class 'flwr.app.message.configrecord.ConfigRecord'>
[DEBUG _get_metrics] res_item[1] type: ConfigRecord
[DEBUG _get_metrics] res_item[1] has metrics attr: False
[DEBUG _get_metrics] res_item[1].__dict__: {'_check_key_fn': <function _check_key at 0x72839bbd4900>, '_check_value_fn': <function _check_value at 0x7283913c49a0>, '_data': {'accuracy': 0.9928673505783081, 'loss': 0.007475819904357195, 'total_samples': 2103, 'actual_attack': 1621, 'actual_normal': 482, 'predicted_attack': 1620, 'predicted_normal': 483, 'true_positives': 1613, 'true_negatives': 475, 'false_positives': 7, 'false_negatives': 8, 'precision': 0.995679012345679, 'recall': 0.9950647748303516, 'f1_score': 0.9953717988275222}}
[DEBUG _get_metrics] res_item[1].keys(): ['accuracy', 'loss', 'total_samples', 'actual_attack', 'actual_normal', 'predicted_attack', 'predicted_normal', 'true_positives', 'true_negatives', 'false_positives', 'false_negatives', 'precision', 'recall', 'f1_score']
[DEBUG _get_metrics] Extracted from ConfigRecord._data
[DEBUG _get_metrics] res_item[1] type: ConfigRecord
[DEBUG _get_metrics] res_item[1] has metrics attr: False
[DEBUG _get_metrics] res_item[1].__dict__: {'_check_key_fn': <function _check_key at 0x72839bbd4900>, '_check_value_fn': <function _check_value at 0x7283913c49a0>, '_data': {'accuracy': 0.9914407730102539, 'loss': 0.00792364776134491, 'total_samples': 2103, 'actual_attack': 1621, 'actual_normal': 482, 'predicted_attack': 1629, 'predicted_normal': 474, 'true_positives': 1616, 'true_negatives': 469, 'false_positives': 13, 'false_negatives': 5, 'precision': 0.9920196439533456, 'recall': 0.9969154842689698, 'f1_score': 0.9944615384615384}}
[DEBUG _get_metrics] res_item[1].keys(): ['accuracy', 'loss', 'total_samples', 'actual_attack', 'actual_normal', 'predicted_attack', 'predicted_normal', 'true_positives', 'true_negatives', 'false_positives', 'false_negatives', 'precision', 'recall', 'f1_score']
[DEBUG _get_metrics] Extracted from ConfigRecord._data
[DEBUG _get_metrics] res_item[1] type: ConfigRecord
[DEBUG _get_metrics] res_item[1] has metrics attr: False[92mINFO [0m:      
[92mINFO [0m:      [ROUND 42]
[92mINFO [0m:      configure_fit: strategy sampled 4 clients (out of 4)
[92mINFO [0m:      aggregate_fit: received 4 results and 0 failures
[92mINFO [0m:      configure_evaluate: strategy sampled 4 clients (out of 4)
[92mINFO [0m:      aggregate_evaluate: received 4 results and 0 failures
[92mINFO [0m:      
[92mINFO [0m:      [ROUND 43]
[92mINFO [0m:      configure_fit: strategy sampled 4 clients (out of 4)
[92mINFO [0m:      aggregate_fit: received 4 results and 0 failures
[92mINFO [0m:      configure_evaluate: strategy sampled 4 clients (out of 4)
[92mINFO [0m:      aggregate_evaluate: received 4 results and 0 failures

[DEBUG _get_metrics] res_item[1].__dict__: {'_check_key_fn': <function _check_key at 0x72839bbd4900>, '_check_value_fn': <function _check_value at 0x7283913c49a0>, '_data': {'accuracy': 0.989073634147644, 'loss': 0.007750564254820347, 'total_samples': 2105, 'actual_attack': 1622, 'actual_normal': 483, 'predicted_attack': 1623, 'predicted_normal': 482, 'true_positives': 1611, 'true_negatives': 471, 'false_positives': 12, 'false_negatives': 11, 'precision': 0.9926062846580407, 'recall': 0.9932182490752158, 'f1_score': 0.9929121725731895}}
[DEBUG _get_metrics] res_item[1].keys(): ['accuracy', 'loss', 'total_samples', 'actual_attack', 'actual_normal', 'predicted_attack', 'predicted_normal', 'true_positives', 'true_negatives', 'false_positives', 'false_negatives', 'precision', 'recall', 'f1_score']
[DEBUG _get_metrics] Extracted from ConfigRecord._data
[DEBUG _get_metrics] res_item[1] type: ConfigRecord
[DEBUG _get_metrics] res_item[1] has metrics attr: False
[DEBUG _get_metrics] res_item[1].__dict__: {'_check_key_fn': <function _check_key at 0x72839bbd4900>, '_check_value_fn': <function _check_value at 0x7283913c49a0>, '_data': {'accuracy': 0.9914407730102539, 'loss': 0.00792364776134491, 'total_samples': 2103, 'actual_attack': 1621, 'actual_normal': 482, 'predicted_attack': 1629, 'predicted_normal': 474, 'true_positives': 1616, 'true_negatives': 469, 'false_positives': 13, 'false_negatives': 5, 'precision': 0.9920196439533456, 'recall': 0.9969154842689698, 'f1_score': 0.9944615384615384}}
[DEBUG _get_metrics] res_item[1].keys(): ['accuracy', 'loss', 'total_samples', 'actual_attack', 'actual_normal', 'predicted_attack', 'predicted_normal', 'true_positives', 'true_negatives', 'false_positives', 'false_negatives', 'precision', 'recall', 'f1_score']
[DEBUG _get_metrics] Extracted from ConfigRecord._data
[DEBUG] Extracted 4 metrics from results

[Evaluation Summary]
============================================================
Round: 41 / 60
Accuracy (mean):  0.9912  (99.12%)
Loss:             0.0078
[Per-Device Accuracy]
  - Device 0:  0.9929  (99.29%)
  - Device 1:  0.9914  (99.14%)
  - Device 2:  0.9891  (98.91%)
  - Device 3:  0.9914  (99.14%)

[Ground Truth]
  - Attack samples: 1621
  - Normal samples: 482
  - Total samples:  2103

[Predictions]
  - Predicted Attack:  1620
  - Predicted Normal:  483

[Confusion Matrix]
  - True Positives (TP):  1613
  - True Negatives (TN):  475
  - False Positives (FP): 7
  - False Negatives (FN): 8

[Metrics]
  - Precision:  0.9931  (99.31%)
  - Recall:     0.9955  (99.55%)
  - F1-Score:   0.9943  (99.43%)
============================================================

[DEBUG] evaluate_metrics_aggregation_fn called with 4 results
[DEBUG] results type: <class 'list'>
[DEBUG] First result type: <class 'tuple'>
[DEBUG] First result length: 2
[DEBUG] results[0][0] type: <class 'int'>
[DEBUG] results[0][1] type: <class 'flwr.app.message.configrecord.ConfigRecord'>
[DEBUG _get_metrics] res_item[1] type: ConfigRecord
[DEBUG _get_metrics] res_item[1] has metrics attr: False
[DEBUG _get_metrics] res_item[1].__dict__: {'_check_key_fn': <function _check_key at 0x72839bbd4900>, '_check_value_fn': <function _check_value at 0x7283913c49a0>, '_data': {'accuracy': 0.9914407730102539, 'loss': 0.007899442687630653, 'total_samples': 2103, 'actual_attack': 1621, 'actual_normal': 482, 'predicted_attack': 1629, 'predicted_normal': 474, 'true_positives': 1616, 'true_negatives': 469, 'false_positives': 13, 'false_negatives': 5, 'precision': 0.9920196439533456, 'recall': 0.9969154842689698, 'f1_score': 0.9944615384615384}}
[DEBUG _get_metrics] res_item[1].keys(): ['accuracy', 'loss', 'total_samples', 'actual_attack', 'actual_normal', 'predicted_attack', 'predicted_normal', 'true_positives', 'true_negatives', 'false_positives', 'false_negatives', 'precision', 'recall', 'f1_score']
[DEBUG _get_metrics] Extracted from ConfigRecord._data
[DEBUG _get_metrics] res_item[1] type: ConfigRecord
[DEBUG _get_metrics] res_item[1] has metrics attr: False
[DEBUG _get_metrics] res_item[1].__dict__: {'_check_key_fn': <function _check_key at 0x72839bbd4900>, '_check_value_fn': <function _check_value at 0x7283913c49a0>, '_data': {'accuracy': 0.9914407730102539, 'loss': 0.007899442687630653, 'total_samples': 2103, 'actual_attack': 1621, 'actual_normal': 482, 'predicted_attack': 1629, 'predicted_normal': 474, 'true_positives': 1616, 'true_negatives': 469, 'false_positives': 13, 'false_negatives': 5, 'precision': 0.9920196439533456, 'recall': 0.9969154842689698, 'f1_score': 0.9944615384615384}}
[DEBUG _get_metrics] res_item[1].keys(): ['accuracy', 'loss', 'total_samples', 'actual_attack', 'actual_normal', 'predicted_attack', 'predicted_normal', 'true_positives', 'true_negatives', 'false_positives', 'false_negatives', 'precision', 'recall', 'f1_score']
[DEBUG _get_metrics] Extracted from ConfigRecord._data
[DEBUG _get_metrics] res_item[1] type: ConfigRecord
[DEBUG _get_metrics] res_item[1] has metrics attr: False
[DEBUG _get_metrics] res_item[1].__dict__: {'_check_key_fn': <function _check_key at 0x72839bbd4900>, '_check_value_fn': <function _check_value at 0x7283913c49a0>, '_data': {'accuracy': 0.989073634147644, 'loss': 0.007704789750277996, 'total_samples': 2105, 'actual_attack': 1622, 'actual_normal': 483, 'predicted_attack': 1623, 'predicted_normal': 482, 'true_positives': 1611, 'true_negatives': 471, 'false_positives': 12, 'false_negatives': 11, 'precision': 0.9926062846580407, 'recall': 0.9932182490752158, 'f1_score': 0.9929121725731895}}
[DEBUG _get_metrics] res_item[1].keys(): ['accuracy', 'loss', 'total_samples', 'actual_attack', 'actual_normal', 'predicted_attack', 'predicted_normal', 'true_positives', 'true_negatives', 'false_positives', 'false_negatives', 'precision', 'recall', 'f1_score']
[DEBUG _get_metrics] Extracted from ConfigRecord._data
[DEBUG _get_metrics] res_item[1] type: ConfigRecord
[DEBUG _get_metrics] res_item[1] has metrics attr: False
[DEBUG _get_metrics] res_item[1].__dict__: {'_check_key_fn': <function _check_key at 0x72839bbd4900>, '_check_value_fn': <function _check_value at 0x7283913c49a0>, '_data': {'accuracy': 0.9928673505783081, 'loss': 0.007427032105624676, 'total_samples': 2103, 'actual_attack': 1621, 'actual_normal': 482, 'predicted_attack': 1620, 'predicted_normal': 483, 'true_positives': 1613, 'true_negatives': 475, 'false_positives': 7, 'false_negatives': 8, 'precision': 0.995679012345679, 'recall': 0.9950647748303516, 'f1_score': 0.9953717988275222}}
[DEBUG _get_metrics] res_item[1].keys(): ['accuracy', 'loss', 'total_samples', 'actual_attack', 'actual_normal', 'predicted_attack', 'predicted_normal', 'true_positives', 'true_negatives', 'false_positives', 'false_negatives', 'precision', 'recall', 'f1_score']
[DEBUG _get_metrics] Extracted from ConfigRecord._data
[DEBUG] Extracted 4 metrics from results

[Evaluation Summary]
============================================================
Round: 42 / 60
Accuracy (mean):  0.9912  (99.12%)
Loss:             0.0077
[Per-Device Accuracy]
  - Device 0:  0.9914  (99.14%)
  - Device 1:  0.9914  (99.14%)
  - Device 2:  0.9891  (98.91%)
  - Device 3:  0.9929  (99.29%)

[Ground Truth]
  - Attack samples: 1621
  - Normal samples: 482
  - Total samples:  2103

[Predictions]
  - Predicted Attack:  1629
  - Predicted Normal:  474

[Confusion Matrix]
  - True Positives (TP):  1616
  - True Negatives (TN):  469
  - False Positives (FP): 13
  - False Negatives (FN): 5

[Metrics]
  - Precision:  0.9931  (99.31%)
  - Recall:     0.9955  (99.55%)
  - F1-Score:   0.9943  (99.43%)
============================================================

[36m(ClientAppActor pid=632055)[0m [Client 1] Class weights (smoothed): {0: 1.0, 1: 1.0}[32m [repeated 16x across cluster][0m
[DEBUG] evaluate_metrics_aggregation_fn called with 4 results
[DEBUG] results type: <class 'list'>
[DEBUG] First result type: <class 'tuple'>
[DEBUG] First result length: 2
[DEBUG] results[0][0] type: <class 'int'>
[DEBUG] results[0][1] type: <class 'flwr.app.message.configrecord.ConfigRecord'>
[DEBUG _get_metrics] res_item[1] type: ConfigRecord
[DEBUG _get_metrics] res_item[1] has metrics attr: False
[DEBUG _get_metrics] res_item[1].__dict__: {'_check_key_fn': <function _check_key at 0x72839bbd4900>, '_check_value_fn': <function _check_value at 0x7283913c49a0>, '_data': {'accuracy': 0.9928673505783081, 'loss': 0.007400447502732277, 'total_samples': 2103, 'actual_attack': 1621, 'actual_normal': 482, 'predicted_attack': 1620, 'predicted_normal': 483, 'true_positives': 1613, 'true_negatives': 475, 'false_positives': 7, 'false_negatives': 8, 'precision': 0.995679012345679, 'recall': 0.9950647748303516, 'f1_score': 0.9953717988275222}}[92mINFO [0m:      
[92mINFO [0m:      [ROUND 44]
[92mINFO [0m:      configure_fit: strategy sampled 4 clients (out of 4)
[92mINFO [0m:      aggregate_fit: received 4 results and 0 failures
[92mINFO [0m:      configure_evaluate: strategy sampled 4 clients (out of 4)
[92mINFO [0m:      aggregate_evaluate: received 4 results and 0 failures

[DEBUG _get_metrics] res_item[1].keys(): ['accuracy', 'loss', 'total_samples', 'actual_attack', 'actual_normal', 'predicted_attack', 'predicted_normal', 'true_positives', 'true_negatives', 'false_positives', 'false_negatives', 'precision', 'recall', 'f1_score']
[DEBUG _get_metrics] Extracted from ConfigRecord._data
[DEBUG _get_metrics] res_item[1] type: ConfigRecord
[DEBUG _get_metrics] res_item[1] has metrics attr: False
[DEBUG _get_metrics] res_item[1].__dict__: {'_check_key_fn': <function _check_key at 0x72839bbd4900>, '_check_value_fn': <function _check_value at 0x7283913c49a0>, '_data': {'accuracy': 0.9914407730102539, 'loss': 0.007914796471595764, 'total_samples': 2103, 'actual_attack': 1621, 'actual_normal': 482, 'predicted_attack': 1629, 'predicted_normal': 474, 'true_positives': 1616, 'true_negatives': 469, 'false_positives': 13, 'false_negatives': 5, 'precision': 0.9920196439533456, 'recall': 0.9969154842689698, 'f1_score': 0.9944615384615384}}
[DEBUG _get_metrics] res_item[1].keys(): ['accuracy', 'loss', 'total_samples', 'actual_attack', 'actual_normal', 'predicted_attack', 'predicted_normal', 'true_positives', 'true_negatives', 'false_positives', 'false_negatives', 'precision', 'recall', 'f1_score']
[DEBUG _get_metrics] Extracted from ConfigRecord._data
[DEBUG _get_metrics] res_item[1] type: ConfigRecord
[DEBUG _get_metrics] res_item[1] has metrics attr: False
[DEBUG _get_metrics] res_item[1].__dict__: {'_check_key_fn': <function _check_key at 0x72839bbd4900>, '_check_value_fn': <function _check_value at 0x7283913c49a0>, '_data': {'accuracy': 0.9914407730102539, 'loss': 0.007914796471595764, 'total_samples': 2103, 'actual_attack': 1621, 'actual_normal': 482, 'predicted_attack': 1629, 'predicted_normal': 474, 'true_positives': 1616, 'true_negatives': 469, 'false_positives': 13, 'false_negatives': 5, 'precision': 0.9920196439533456, 'recall': 0.9969154842689698, 'f1_score': 0.9944615384615384}}
[DEBUG _get_metrics] res_item[1].keys(): ['accuracy', 'loss', 'total_samples', 'actual_attack', 'actual_normal', 'predicted_attack', 'predicted_normal', 'true_positives', 'true_negatives', 'false_positives', 'false_negatives', 'precision', 'recall', 'f1_score']
[DEBUG _get_metrics] Extracted from ConfigRecord._data
[DEBUG _get_metrics] res_item[1] type: ConfigRecord
[DEBUG _get_metrics] res_item[1] has metrics attr: False
[DEBUG _get_metrics] res_item[1].__dict__: {'_check_key_fn': <function _check_key at 0x72839bbd4900>, '_check_value_fn': <function _check_value at 0x7283913c49a0>, '_data': {'accuracy': 0.989073634147644, 'loss': 0.007696471642702818, 'total_samples': 2105, 'actual_attack': 1622, 'actual_normal': 483, 'predicted_attack': 1623, 'predicted_normal': 482, 'true_positives': 1611, 'true_negatives': 471, 'false_positives': 12, 'false_negatives': 11, 'precision': 0.9926062846580407, 'recall': 0.9932182490752158, 'f1_score': 0.9929121725731895}}
[DEBUG _get_metrics] res_item[1].keys(): ['accuracy', 'loss', 'total_samples', 'actual_attack', 'actual_normal', 'predicted_attack', 'predicted_normal', 'true_positives', 'true_negatives', 'false_positives', 'false_negatives', 'precision', 'recall', 'f1_score']
[DEBUG _get_metrics] Extracted from ConfigRecord._data
[DEBUG] Extracted 4 metrics from results

[Evaluation Summary]
============================================================
Round: 43 / 60
Accuracy (mean):  0.9912  (99.12%)
Loss:             0.0077
[Per-Device Accuracy]
  - Device 0:  0.9929  (99.29%)
  - Device 1:  0.9914  (99.14%)
  - Device 2:  0.9914  (99.14%)
  - Device 3:  0.9891  (98.91%)

[Ground Truth]
  - Attack samples: 1621
  - Normal samples: 482
  - Total samples:  2103

[Predictions]
  - Predicted Attack:  1620
  - Predicted Normal:  483

[Confusion Matrix]
  - True Positives (TP):  1613
  - True Negatives (TN):  475
  - False Positives (FP): 7
  - False Negatives (FN): 8

[Metrics]
  - Precision:  0.9931  (99.31%)
  - Recall:     0.9955  (99.55%)
  - F1-Score:   0.9943  (99.43%)
============================================================

[DEBUG] evaluate_metrics_aggregation_fn called with 4 results
[DEBUG] results type: <class 'list'>
[DEBUG] First result type: <class 'tuple'>
[DEBUG] First result length: 2
[DEBUG] results[0][0] type: <class 'int'>
[DEBUG] results[0][1] type: <class 'flwr.app.message.configrecord.ConfigRecord'>
[DEBUG _get_metrics] res_item[1] type: ConfigRecord
[DEBUG _get_metrics] res_item[1] has metrics attr: False
[DEBUG _get_metrics] res_item[1].__dict__: {'_check_key_fn': <function _check_key at 0x72839bbd4900>, '_check_value_fn': <function _check_value at 0x7283913c49a0>, '_data': {'accuracy': 0.9914407730102539, 'loss': 0.00795738771557808, 'total_samples': 2103, 'actual_attack': 1621, 'actual_normal': 482, 'predicted_attack': 1629, 'predicted_normal': 474, 'true_positives': 1616, 'true_negatives': 469, 'false_positives': 13, 'false_negatives': 5, 'precision': 0.9920196439533456, 'recall': 0.9969154842689698, 'f1_score': 0.9944615384615384}}
[DEBUG _get_metrics] res_item[1].keys(): ['accuracy', 'loss', 'total_samples', 'actual_attack', 'actual_normal', 'predicted_attack', 'predicted_normal', 'true_positives', 'true_negatives', 'false_positives', 'false_negatives', 'precision', 'recall', 'f1_score']
[DEBUG _get_metrics] Extracted from ConfigRecord._data
[DEBUG _get_metrics] res_item[1] type: ConfigRecord
[DEBUG _get_metrics] res_item[1] has metrics attr: False
[DEBUG _get_metrics] res_item[1].__dict__: {'_check_key_fn': <function _check_key at 0x72839bbd4900>, '_check_value_fn': <function _check_value at 0x7283913c49a0>, '_data': {'accuracy': 0.9914407730102539, 'loss': 0.00795738771557808, 'total_samples': 2103, 'actual_attack': 1621, 'actual_normal': 482, 'predicted_attack': 1629, 'predicted_normal': 474, 'true_positives': 1616, 'true_negatives': 469, 'false_positives': 13, 'false_negatives': 5, 'precision': 0.9920196439533456, 'recall': 0.9969154842689698, 'f1_score': 0.9944615384615384}}
[DEBUG _get_metrics] res_item[1].keys(): ['accuracy', 'loss', 'total_samples', 'actual_attack', 'actual_normal', 'predicted_attack', 'predicted_normal', 'true_positives', 'true_negatives', 'false_positives', 'false_negatives', 'precision', 'recall', 'f1_score']
[DEBUG _get_metrics] Extracted from ConfigRecord._data
[DEBUG _get_metrics] res_item[1] type: ConfigRecord
[DEBUG _get_metrics] res_item[1] has metrics attr: False
[DEBUG _get_metrics] res_item[1].__dict__: {'_check_key_fn': <function _check_key at 0x72839bbd4900>, '_check_value_fn': <function _check_value at 0x7283913c49a0>, '_data': {'accuracy': 0.989073634147644, 'loss': 0.007716675754636526, 'total_samples': 2105, 'actual_attack': 1622, 'actual_normal': 483, 'predicted_attack': 1623, 'predicted_normal': 482, 'true_positives': 1611, 'true_negatives': 471, 'false_positives': 12, 'false_negatives': 11, 'precision': 0.9926062846580407, 'recall': 0.9932182490752158, 'f1_score': 0.9929121725731895}}
[DEBUG _get_metrics] res_item[1].keys(): ['accuracy', 'loss', 'total_samples', 'actual_attack', 'actual_normal', 'predicted_attack', 'predicted_normal', 'true_positives', 'true_negatives', 'false_positives', 'false_negatives', 'precision', 'recall', 'f1_score']
[DEBUG _get_metrics] Extracted from ConfigRecord._data
[DEBUG _get_metrics] res_item[1] type: ConfigRecord
[DEBUG _get_metrics] res_item[1] has metrics attr: False
[DEBUG _get_metrics] res_item[1].__dict__: {'_check_key_fn': <function _check_key at 0x72839bbd4900>, '_check_value_fn': <function _check_value at 0x7283913c49a0>, '_data': {'accuracy': 0.9933428168296814, 'loss': 0.007423975504934788, 'total_samples': 2103, 'actual_attack': 1621, 'actual_normal': 482, 'predicted_attack': 1619, 'predicted_normal': 484, 'true_positives': 1613, 'true_negatives': 476, 'false_positives': 6, 'false_negatives': 8, 'precision': 0.9962940086473132, 'recall': 0.9950647748303516, 'f1_score': 0.995679012345679}}
[DEBUG _get_metrics] res_item[1].keys(): ['accuracy', 'loss', 'total_samples', 'actual_attack', 'actual_normal', 'predicted_attack', 'predicted_normal', 'true_positives', 'true_negatives', 'false_positives', 'false_negatives', 'precision', 'recall', 'f1_score']
[DEBUG _get_metrics] Extracted from ConfigRecord._data[92mINFO [0m:      
[92mINFO [0m:      [ROUND 45]
[92mINFO [0m:      configure_fit: strategy sampled 4 clients (out of 4)
[92mINFO [0m:      aggregate_fit: received 4 results and 0 failures
[92mINFO [0m:      configure_evaluate: strategy sampled 4 clients (out of 4)
[92mINFO [0m:      aggregate_evaluate: received 4 results and 0 failures
[92mINFO [0m:      
[92mINFO [0m:      [ROUND 46]
[92mINFO [0m:      configure_fit: strategy sampled 4 clients (out of 4)
[92mINFO [0m:      aggregate_fit: received 4 results and 0 failures
[92mINFO [0m:      configure_evaluate: strategy sampled 4 clients (out of 4)
[92mINFO [0m:      aggregate_evaluate: received 4 results and 0 failures

[DEBUG] Extracted 4 metrics from results

[Evaluation Summary]
============================================================
Round: 44 / 60
Accuracy (mean):  0.9913  (99.13%)
Loss:             0.0078
[Per-Device Accuracy]
  - Device 0:  0.9914  (99.14%)
  - Device 1:  0.9914  (99.14%)
  - Device 2:  0.9891  (98.91%)
  - Device 3:  0.9933  (99.33%)

[Ground Truth]
  - Attack samples: 1621
  - Normal samples: 482
  - Total samples:  2103

[Predictions]
  - Predicted Attack:  1629
  - Predicted Normal:  474

[Confusion Matrix]
  - True Positives (TP):  1616
  - True Negatives (TN):  469
  - False Positives (FP): 13
  - False Negatives (FN): 5

[Metrics]
  - Precision:  0.9932  (99.32%)
  - Recall:     0.9955  (99.55%)
  - F1-Score:   0.9944  (99.44%)
============================================================

[Round 45] Client contributions:
  Client samples: 29,184 (weight: 0.2500)
  Client samples: 29,186 (weight: 0.2500)
  Client samples: 29,186 (weight: 0.2500)
  Client samples: 29,186 (weight: 0.2500)
[36m(ClientAppActor pid=632056)[0m [Client 2] Class weights (smoothed): {0: 1.0, 1: 1.0}[32m [repeated 16x across cluster][0m
[DEBUG] evaluate_metrics_aggregation_fn called with 4 results
[DEBUG] results type: <class 'list'>
[DEBUG] First result type: <class 'tuple'>
[DEBUG] First result length: 2
[DEBUG] results[0][0] type: <class 'int'>
[DEBUG] results[0][1] type: <class 'flwr.app.message.configrecord.ConfigRecord'>
[DEBUG _get_metrics] res_item[1] type: ConfigRecord
[DEBUG _get_metrics] res_item[1] has metrics attr: False
[DEBUG _get_metrics] res_item[1].__dict__: {'_check_key_fn': <function _check_key at 0x72839bbd4900>, '_check_value_fn': <function _check_value at 0x7283913c49a0>, '_data': {'accuracy': 0.9914407730102539, 'loss': 0.008052469231188297, 'total_samples': 2103, 'actual_attack': 1621, 'actual_normal': 482, 'predicted_attack': 1629, 'predicted_normal': 474, 'true_positives': 1616, 'true_negatives': 469, 'false_positives': 13, 'false_negatives': 5, 'precision': 0.9920196439533456, 'recall': 0.9969154842689698, 'f1_score': 0.9944615384615384}}
[DEBUG _get_metrics] res_item[1].keys(): ['accuracy', 'loss', 'total_samples', 'actual_attack', 'actual_normal', 'predicted_attack', 'predicted_normal', 'true_positives', 'true_negatives', 'false_positives', 'false_negatives', 'precision', 'recall', 'f1_score']
[DEBUG _get_metrics] Extracted from ConfigRecord._data
[DEBUG _get_metrics] res_item[1] type: ConfigRecord
[DEBUG _get_metrics] res_item[1] has metrics attr: False
[DEBUG _get_metrics] res_item[1].__dict__: {'_check_key_fn': <function _check_key at 0x72839bbd4900>, '_check_value_fn': <function _check_value at 0x7283913c49a0>, '_data': {'accuracy': 0.9914407730102539, 'loss': 0.008052469231188297, 'total_samples': 2103, 'actual_attack': 1621, 'actual_normal': 482, 'predicted_attack': 1629, 'predicted_normal': 474, 'true_positives': 1616, 'true_negatives': 469, 'false_positives': 13, 'false_negatives': 5, 'precision': 0.9920196439533456, 'recall': 0.9969154842689698, 'f1_score': 0.9944615384615384}}
[DEBUG _get_metrics] res_item[1].keys(): ['accuracy', 'loss', 'total_samples', 'actual_attack', 'actual_normal', 'predicted_attack', 'predicted_normal', 'true_positives', 'true_negatives', 'false_positives', 'false_negatives', 'precision', 'recall', 'f1_score']
[DEBUG _get_metrics] Extracted from ConfigRecord._data
[DEBUG _get_metrics] res_item[1] type: ConfigRecord
[DEBUG _get_metrics] res_item[1] has metrics attr: False
[DEBUG _get_metrics] res_item[1].__dict__: {'_check_key_fn': <function _check_key at 0x72839bbd4900>, '_check_value_fn': <function _check_value at 0x7283913c49a0>, '_data': {'accuracy': 0.9933428168296814, 'loss': 0.007486193906515837, 'total_samples': 2103, 'actual_attack': 1621, 'actual_normal': 482, 'predicted_attack': 1619, 'predicted_normal': 484, 'true_positives': 1613, 'true_negatives': 476, 'false_positives': 6, 'false_negatives': 8, 'precision': 0.9962940086473132, 'recall': 0.9950647748303516, 'f1_score': 0.995679012345679}}
[DEBUG _get_metrics] res_item[1].keys(): ['accuracy', 'loss', 'total_samples', 'actual_attack', 'actual_normal', 'predicted_attack', 'predicted_normal', 'true_positives', 'true_negatives', 'false_positives', 'false_negatives', 'precision', 'recall', 'f1_score']
[DEBUG _get_metrics] Extracted from ConfigRecord._data
[DEBUG _get_metrics] res_item[1] type: ConfigRecord
[DEBUG _get_metrics] res_item[1] has metrics attr: False
[DEBUG _get_metrics] res_item[1].__dict__: {'_check_key_fn': <function _check_key at 0x72839bbd4900>, '_check_value_fn': <function _check_value at 0x7283913c49a0>, '_data': {'accuracy': 0.989073634147644, 'loss': 0.0077820150181651115, 'total_samples': 2105, 'actual_attack': 1622, 'actual_normal': 483, 'predicted_attack': 1623, 'predicted_normal': 482, 'true_positives': 1611, 'true_negatives': 471, 'false_positives': 12, 'false_negatives': 11, 'precision': 0.9926062846580407, 'recall': 0.9932182490752158, 'f1_score': 0.9929121725731895}}
[DEBUG _get_metrics] res_item[1].keys(): ['accuracy', 'loss', 'total_samples', 'actual_attack', 'actual_normal', 'predicted_attack', 'predicted_normal', 'true_positives', 'true_negatives', 'false_positives', 'false_negatives', 'precision', 'recall', 'f1_score']
[DEBUG _get_metrics] Extracted from ConfigRecord._data
[DEBUG] Extracted 4 metrics from results

[Evaluation Summary]
============================================================
Round: 45 / 60
Accuracy (mean):  0.9913  (99.13%)
Loss:             0.0078
[Per-Device Accuracy]
  - Device 0:  0.9914  (99.14%)
  - Device 1:  0.9914  (99.14%)
  - Device 2:  0.9933  (99.33%)
  - Device 3:  0.9891  (98.91%)

[Ground Truth]
  - Attack samples: 1621
  - Normal samples: 482
  - Total samples:  2103

[Predictions]
  - Predicted Attack:  1629
  - Predicted Normal:  474

[Confusion Matrix]
  - True Positives (TP):  1616
  - True Negatives (TN):  469
  - False Positives (FP): 13
  - False Negatives (FN): 5

[Metrics]
  - Precision:  0.9932  (99.32%)
  - Recall:     0.9955  (99.55%)
  - F1-Score:   0.9944  (99.44%)
============================================================

[DEBUG] evaluate_metrics_aggregation_fn called with 4 results
[DEBUG] results type: <class 'list'>
[DEBUG] First result type: <class 'tuple'>
[DEBUG] First result length: 2
[DEBUG] results[0][0] type: <class 'int'>
[DEBUG] results[0][1] type: <class 'flwr.app.message.configrecord.ConfigRecord'>
[DEBUG _get_metrics] res_item[1] type: ConfigRecord
[DEBUG _get_metrics] res_item[1] has metrics attr: False
[DEBUG _get_metrics] res_item[1].__dict__: {'_check_key_fn': <function _check_key at 0x72839bbd4900>, '_check_value_fn': <function _check_value at 0x7283913c49a0>, '_data': {'accuracy': 0.989073634147644, 'loss': 0.00777200423181057, 'total_samples': 2105, 'actual_attack': 1622, 'actual_normal': 483, 'predicted_attack': 1623, 'predicted_normal': 482, 'true_positives': 1611, 'true_negatives': 471, 'false_positives': 12, 'false_negatives': 11, 'precision': 0.9926062846580407, 'recall': 0.9932182490752158, 'f1_score': 0.9929121725731895}}
[DEBUG _get_metrics] res_item[1].keys(): ['accuracy', 'loss', 'total_samples', 'actual_attack', 'actual_normal', 'predicted_attack', 'predicted_normal', 'true_positives', 'true_negatives', 'false_positives', 'false_negatives', 'precision', 'recall', 'f1_score']
[DEBUG _get_metrics] Extracted from ConfigRecord._data
[DEBUG _get_metrics] res_item[1] type: ConfigRecord
[DEBUG _get_metrics] res_item[1] has metrics attr: False
[DEBUG _get_metrics] res_item[1].__dict__: {'_check_key_fn': <function _check_key at 0x72839bbd4900>, '_check_value_fn': <function _check_value at 0x7283913c49a0>, '_data': {'accuracy': 0.9914407730102539, 'loss': 0.008067325688898563, 'total_samples': 2103, 'actual_attack': 1621, 'actual_normal': 482, 'predicted_attack': 1629, 'predicted_normal': 474, 'true_positives': 1616, 'true_negatives': 469, 'false_positives': 13, 'false_negatives': 5, 'precision': 0.9920196439533456, 'recall': 0.9969154842689698, 'f1_score': 0.9944615384615384}}
[DEBUG _get_metrics] res_item[1].keys(): ['accuracy', 'loss', 'total_samples', 'actual_attack', 'actual_normal', 'predicted_attack', 'predicted_normal', 'true_positives', 'true_negatives', 'false_positives', 'false_negatives', 'precision', 'recall', 'f1_score'][92mINFO [0m:      
[92mINFO [0m:      [ROUND 47]
[92mINFO [0m:      configure_fit: strategy sampled 4 clients (out of 4)
[92mINFO [0m:      aggregate_fit: received 4 results and 0 failures
[92mINFO [0m:      configure_evaluate: strategy sampled 4 clients (out of 4)
[92mINFO [0m:      aggregate_evaluate: received 4 results and 0 failures
[92mINFO [0m:      
[92mINFO [0m:      [ROUND 48]
[92mINFO [0m:      configure_fit: strategy sampled 4 clients (out of 4)
[92mINFO [0m:      aggregate_fit: received 4 results and 0 failures
[92mINFO [0m:      configure_evaluate: strategy sampled 4 clients (out of 4)
[92mINFO [0m:      aggregate_evaluate: received 4 results and 0 failures

[DEBUG _get_metrics] Extracted from ConfigRecord._data
[DEBUG _get_metrics] res_item[1] type: ConfigRecord
[DEBUG _get_metrics] res_item[1] has metrics attr: False
[DEBUG _get_metrics] res_item[1].__dict__: {'_check_key_fn': <function _check_key at 0x72839bbd4900>, '_check_value_fn': <function _check_value at 0x7283913c49a0>, '_data': {'accuracy': 0.9914407730102539, 'loss': 0.008067325688898563, 'total_samples': 2103, 'actual_attack': 1621, 'actual_normal': 482, 'predicted_attack': 1629, 'predicted_normal': 474, 'true_positives': 1616, 'true_negatives': 469, 'false_positives': 13, 'false_negatives': 5, 'precision': 0.9920196439533456, 'recall': 0.9969154842689698, 'f1_score': 0.9944615384615384}}
[DEBUG _get_metrics] res_item[1].keys(): ['accuracy', 'loss', 'total_samples', 'actual_attack', 'actual_normal', 'predicted_attack', 'predicted_normal', 'true_positives', 'true_negatives', 'false_positives', 'false_negatives', 'precision', 'recall', 'f1_score']
[DEBUG _get_metrics] Extracted from ConfigRecord._data
[DEBUG _get_metrics] res_item[1] type: ConfigRecord
[DEBUG _get_metrics] res_item[1] has metrics attr: False
[DEBUG _get_metrics] res_item[1].__dict__: {'_check_key_fn': <function _check_key at 0x72839bbd4900>, '_check_value_fn': <function _check_value at 0x7283913c49a0>, '_data': {'accuracy': 0.9933428168296814, 'loss': 0.0074886754155159, 'total_samples': 2103, 'actual_attack': 1621, 'actual_normal': 482, 'predicted_attack': 1619, 'predicted_normal': 484, 'true_positives': 1613, 'true_negatives': 476, 'false_positives': 6, 'false_negatives': 8, 'precision': 0.9962940086473132, 'recall': 0.9950647748303516, 'f1_score': 0.995679012345679}}
[DEBUG _get_metrics] res_item[1].keys(): ['accuracy', 'loss', 'total_samples', 'actual_attack', 'actual_normal', 'predicted_attack', 'predicted_normal', 'true_positives', 'true_negatives', 'false_positives', 'false_negatives', 'precision', 'recall', 'f1_score']
[DEBUG _get_metrics] Extracted from ConfigRecord._data
[DEBUG] Extracted 4 metrics from results

[Evaluation Summary]
============================================================
Round: 46 / 60
Accuracy (mean):  0.9913  (99.13%)
Loss:             0.0078
[Per-Device Accuracy]
  - Device 0:  0.9891  (98.91%)
  - Device 1:  0.9914  (99.14%)
  - Device 2:  0.9914  (99.14%)
  - Device 3:  0.9933  (99.33%)

[Ground Truth]
  - Attack samples: 1622
  - Normal samples: 483
  - Total samples:  2105

[Predictions]
  - Predicted Attack:  1623
  - Predicted Normal:  482

[Confusion Matrix]
  - True Positives (TP):  1611
  - True Negatives (TN):  471
  - False Positives (FP): 12
  - False Negatives (FN): 11

[Metrics]
  - Precision:  0.9932  (99.32%)
  - Recall:     0.9955  (99.55%)
  - F1-Score:   0.9944  (99.44%)
============================================================

[36m(ClientAppActor pid=632049)[0m [Client 0] Class weights (smoothed): {0: 1.0, 1: 1.0}[32m [repeated 12x across cluster][0m
[DEBUG] evaluate_metrics_aggregation_fn called with 4 results
[DEBUG] results type: <class 'list'>
[DEBUG] First result type: <class 'tuple'>
[DEBUG] First result length: 2
[DEBUG] results[0][0] type: <class 'int'>
[DEBUG] results[0][1] type: <class 'flwr.app.message.configrecord.ConfigRecord'>
[DEBUG _get_metrics] res_item[1] type: ConfigRecord
[DEBUG _get_metrics] res_item[1] has metrics attr: False
[DEBUG _get_metrics] res_item[1].__dict__: {'_check_key_fn': <function _check_key at 0x72839bbd4900>, '_check_value_fn': <function _check_value at 0x7283913c49a0>, '_data': {'accuracy': 0.9933428168296814, 'loss': 0.007362852338701487, 'total_samples': 2103, 'actual_attack': 1621, 'actual_normal': 482, 'predicted_attack': 1619, 'predicted_normal': 484, 'true_positives': 1613, 'true_negatives': 476, 'false_positives': 6, 'false_negatives': 8, 'precision': 0.9962940086473132, 'recall': 0.9950647748303516, 'f1_score': 0.995679012345679}}
[DEBUG _get_metrics] res_item[1].keys(): ['accuracy', 'loss', 'total_samples', 'actual_attack', 'actual_normal', 'predicted_attack', 'predicted_normal', 'true_positives', 'true_negatives', 'false_positives', 'false_negatives', 'precision', 'recall', 'f1_score']
[DEBUG _get_metrics] Extracted from ConfigRecord._data
[DEBUG _get_metrics] res_item[1] type: ConfigRecord
[DEBUG _get_metrics] res_item[1] has metrics attr: False
[DEBUG _get_metrics] res_item[1].__dict__: {'_check_key_fn': <function _check_key at 0x72839bbd4900>, '_check_value_fn': <function _check_value at 0x7283913c49a0>, '_data': {'accuracy': 0.989073634147644, 'loss': 0.0076499758288264275, 'total_samples': 2105, 'actual_attack': 1622, 'actual_normal': 483, 'predicted_attack': 1623, 'predicted_normal': 482, 'true_positives': 1611, 'true_negatives': 471, 'false_positives': 12, 'false_negatives': 11, 'precision': 0.9926062846580407, 'recall': 0.9932182490752158, 'f1_score': 0.9929121725731895}}
[DEBUG _get_metrics] res_item[1].keys(): ['accuracy', 'loss', 'total_samples', 'actual_attack', 'actual_normal', 'predicted_attack', 'predicted_normal', 'true_positives', 'true_negatives', 'false_positives', 'false_negatives', 'precision', 'recall', 'f1_score']
[DEBUG _get_metrics] Extracted from ConfigRecord._data
[DEBUG _get_metrics] res_item[1] type: ConfigRecord
[DEBUG _get_metrics] res_item[1] has metrics attr: False
[DEBUG _get_metrics] res_item[1].__dict__: {'_check_key_fn': <function _check_key at 0x72839bbd4900>, '_check_value_fn': <function _check_value at 0x7283913c49a0>, '_data': {'accuracy': 0.9914407730102539, 'loss': 0.007971127517521381, 'total_samples': 2103, 'actual_attack': 1621, 'actual_normal': 482, 'predicted_attack': 1629, 'predicted_normal': 474, 'true_positives': 1616, 'true_negatives': 469, 'false_positives': 13, 'false_negatives': 5, 'precision': 0.9920196439533456, 'recall': 0.9969154842689698, 'f1_score': 0.9944615384615384}}
[DEBUG _get_metrics] res_item[1].keys(): ['accuracy', 'loss', 'total_samples', 'actual_attack', 'actual_normal', 'predicted_attack', 'predicted_normal', 'true_positives', 'true_negatives', 'false_positives', 'false_negatives', 'precision', 'recall', 'f1_score']
[DEBUG _get_metrics] Extracted from ConfigRecord._data
[DEBUG _get_metrics] res_item[1] type: ConfigRecord
[DEBUG _get_metrics] res_item[1] has metrics attr: False
[DEBUG _get_metrics] res_item[1].__dict__: {'_check_key_fn': <function _check_key at 0x72839bbd4900>, '_check_value_fn': <function _check_value at 0x7283913c49a0>, '_data': {'accuracy': 0.9914407730102539, 'loss': 0.007971127517521381, 'total_samples': 2103, 'actual_attack': 1621, 'actual_normal': 482, 'predicted_attack': 1629, 'predicted_normal': 474, 'true_positives': 1616, 'true_negatives': 469, 'false_positives': 13, 'false_negatives': 5, 'precision': 0.9920196439533456, 'recall': 0.9969154842689698, 'f1_score': 0.9944615384615384}}
[DEBUG _get_metrics] res_item[1].keys(): ['accuracy', 'loss', 'total_samples', 'actual_attack', 'actual_normal', 'predicted_attack', 'predicted_normal', 'true_positives', 'true_negatives', 'false_positives', 'false_negatives', 'precision', 'recall', 'f1_score']
[DEBUG _get_metrics] Extracted from ConfigRecord._data
[DEBUG] Extracted 4 metrics from results

[Evaluation Summary]
============================================================
Round: 47 / 60
Accuracy (mean):  0.9913  (99.13%)
Loss:             0.0077
[Per-Device Accuracy]
  - Device 0:  0.9933  (99.33%)
  - Device 1:  0.9891  (98.91%)
  - Device 2:  0.9914  (99.14%)
  - Device 3:  0.9914  (99.14%)

[Ground Truth]
  - Attack samples: 1621
  - Normal samples: 482
  - Total samples:  2103

[Predictions]
  - Predicted Attack:  1619
  - Predicted Normal:  484

[Confusion Matrix]
  - True Positives (TP):  1613
  - True Negatives (TN):  476
  - False Positives (FP): 6
  - False Negatives (FN): 8

[Metrics]
  - Precision:  0.9932  (99.32%)
  - Recall:     0.9955  (99.55%)
  - F1-Score:   0.9944  (99.44%)
============================================================

[36m(ClientAppActor pid=632055)[0m [Client 1] Class weights (smoothed): {0: 1.0, 1: 1.0}[32m [repeated 12x across cluster][0m
[DEBUG] evaluate_metrics_aggregation_fn called with 4 results
[DEBUG] results type: <class 'list'>
[DEBUG] First result type: <class 'tuple'>[92mINFO [0m:      
[92mINFO [0m:      [ROUND 49]
[92mINFO [0m:      configure_fit: strategy sampled 4 clients (out of 4)
[92mINFO [0m:      aggregate_fit: received 4 results and 0 failures
[92mINFO [0m:      configure_evaluate: strategy sampled 4 clients (out of 4)
[92mINFO [0m:      aggregate_evaluate: received 4 results and 0 failures

[DEBUG] First result length: 2
[DEBUG] results[0][0] type: <class 'int'>
[DEBUG] results[0][1] type: <class 'flwr.app.message.configrecord.ConfigRecord'>
[DEBUG _get_metrics] res_item[1] type: ConfigRecord
[DEBUG _get_metrics] res_item[1] has metrics attr: False
[DEBUG _get_metrics] res_item[1].__dict__: {'_check_key_fn': <function _check_key at 0x72839bbd4900>, '_check_value_fn': <function _check_value at 0x7283913c49a0>, '_data': {'accuracy': 0.989073634147644, 'loss': 0.007630831561982632, 'total_samples': 2105, 'actual_attack': 1622, 'actual_normal': 483, 'predicted_attack': 1623, 'predicted_normal': 482, 'true_positives': 1611, 'true_negatives': 471, 'false_positives': 12, 'false_negatives': 11, 'precision': 0.9926062846580407, 'recall': 0.9932182490752158, 'f1_score': 0.9929121725731895}}
[DEBUG _get_metrics] res_item[1].keys(): ['accuracy', 'loss', 'total_samples', 'actual_attack', 'actual_normal', 'predicted_attack', 'predicted_normal', 'true_positives', 'true_negatives', 'false_positives', 'false_negatives', 'precision', 'recall', 'f1_score']
[DEBUG _get_metrics] Extracted from ConfigRecord._data
[DEBUG _get_metrics] res_item[1] type: ConfigRecord
[DEBUG _get_metrics] res_item[1] has metrics attr: False
[DEBUG _get_metrics] res_item[1].__dict__: {'_check_key_fn': <function _check_key at 0x72839bbd4900>, '_check_value_fn': <function _check_value at 0x7283913c49a0>, '_data': {'accuracy': 0.9914407730102539, 'loss': 0.007975148968398571, 'total_samples': 2103, 'actual_attack': 1621, 'actual_normal': 482, 'predicted_attack': 1629, 'predicted_normal': 474, 'true_positives': 1616, 'true_negatives': 469, 'false_positives': 13, 'false_negatives': 5, 'precision': 0.9920196439533456, 'recall': 0.9969154842689698, 'f1_score': 0.9944615384615384}}
[DEBUG _get_metrics] res_item[1].keys(): ['accuracy', 'loss', 'total_samples', 'actual_attack', 'actual_normal', 'predicted_attack', 'predicted_normal', 'true_positives', 'true_negatives', 'false_positives', 'false_negatives', 'precision', 'recall', 'f1_score']
[DEBUG _get_metrics] Extracted from ConfigRecord._data
[DEBUG _get_metrics] res_item[1] type: ConfigRecord
[DEBUG _get_metrics] res_item[1] has metrics attr: False
[DEBUG _get_metrics] res_item[1].__dict__: {'_check_key_fn': <function _check_key at 0x72839bbd4900>, '_check_value_fn': <function _check_value at 0x7283913c49a0>, '_data': {'accuracy': 0.9933428168296814, 'loss': 0.007328347768634558, 'total_samples': 2103, 'actual_attack': 1621, 'actual_normal': 482, 'predicted_attack': 1619, 'predicted_normal': 484, 'true_positives': 1613, 'true_negatives': 476, 'false_positives': 6, 'false_negatives': 8, 'precision': 0.9962940086473132, 'recall': 0.9950647748303516, 'f1_score': 0.995679012345679}}
[DEBUG _get_metrics] res_item[1].keys(): ['accuracy', 'loss', 'total_samples', 'actual_attack', 'actual_normal', 'predicted_attack', 'predicted_normal', 'true_positives', 'true_negatives', 'false_positives', 'false_negatives', 'precision', 'recall', 'f1_score']
[DEBUG _get_metrics] Extracted from ConfigRecord._data
[DEBUG _get_metrics] res_item[1] type: ConfigRecord
[DEBUG _get_metrics] res_item[1] has metrics attr: False
[DEBUG _get_metrics] res_item[1].__dict__: {'_check_key_fn': <function _check_key at 0x72839bbd4900>, '_check_value_fn': <function _check_value at 0x7283913c49a0>, '_data': {'accuracy': 0.9914407730102539, 'loss': 0.007975148968398571, 'total_samples': 2103, 'actual_attack': 1621, 'actual_normal': 482, 'predicted_attack': 1629, 'predicted_normal': 474, 'true_positives': 1616, 'true_negatives': 469, 'false_positives': 13, 'false_negatives': 5, 'precision': 0.9920196439533456, 'recall': 0.9969154842689698, 'f1_score': 0.9944615384615384}}
[DEBUG _get_metrics] res_item[1].keys(): ['accuracy', 'loss', 'total_samples', 'actual_attack', 'actual_normal', 'predicted_attack', 'predicted_normal', 'true_positives', 'true_negatives', 'false_positives', 'false_negatives', 'precision', 'recall', 'f1_score']
[DEBUG _get_metrics] Extracted from ConfigRecord._data
[DEBUG] Extracted 4 metrics from results

[Evaluation Summary]
============================================================
Round: 48 / 60
Accuracy (mean):  0.9913  (99.13%)
Loss:             0.0077
[Per-Device Accuracy]
  - Device 0:  0.9891  (98.91%)
  - Device 1:  0.9914  (99.14%)
  - Device 2:  0.9933  (99.33%)
  - Device 3:  0.9914  (99.14%)

[Ground Truth]
  - Attack samples: 1622
  - Normal samples: 483
  - Total samples:  2105

[Predictions]
  - Predicted Attack:  1623
  - Predicted Normal:  482

[Confusion Matrix]
  - True Positives (TP):  1611
  - True Negatives (TN):  471
  - False Positives (FP): 12
  - False Negatives (FN): 11

[Metrics]
  - Precision:  0.9932  (99.32%)
  - Recall:     0.9955  (99.55%)
  - F1-Score:   0.9944  (99.44%)
============================================================

[DEBUG] evaluate_metrics_aggregation_fn called with 4 results
[DEBUG] results type: <class 'list'>
[DEBUG] First result type: <class 'tuple'>
[DEBUG] First result length: 2
[DEBUG] results[0][0] type: <class 'int'>
[DEBUG] results[0][1] type: <class 'flwr.app.message.configrecord.ConfigRecord'>
[DEBUG _get_metrics] res_item[1] type: ConfigRecord
[DEBUG _get_metrics] res_item[1] has metrics attr: False
[DEBUG _get_metrics] res_item[1].__dict__: {'_check_key_fn': <function _check_key at 0x72839bbd4900>, '_check_value_fn': <function _check_value at 0x7283913c49a0>, '_data': {'accuracy': 0.9933428168296814, 'loss': 0.007207261398434639, 'total_samples': 2103, 'actual_attack': 1621, 'actual_normal': 482, 'predicted_attack': 1619, 'predicted_normal': 484, 'true_positives': 1613, 'true_negatives': 476, 'false_positives': 6, 'false_negatives': 8, 'precision': 0.9962940086473132, 'recall': 0.9950647748303516, 'f1_score': 0.995679012345679}}
[DEBUG _get_metrics] res_item[1].keys(): ['accuracy', 'loss', 'total_samples', 'actual_attack', 'actual_normal', 'predicted_attack', 'predicted_normal', 'true_positives', 'true_negatives', 'false_positives', 'false_negatives', 'precision', 'recall', 'f1_score']
[DEBUG _get_metrics] Extracted from ConfigRecord._data
[DEBUG _get_metrics] res_item[1] type: ConfigRecord
[DEBUG _get_metrics] res_item[1] has metrics attr: False
[DEBUG _get_metrics] res_item[1].__dict__: {'_check_key_fn': <function _check_key at 0x72839bbd4900>, '_check_value_fn': <function _check_value at 0x7283913c49a0>, '_data': {'accuracy': 0.989073634147644, 'loss': 0.007526753004640341, 'total_samples': 2105, 'actual_attack': 1622, 'actual_normal': 483, 'predicted_attack': 1623, 'predicted_normal': 482, 'true_positives': 1611, 'true_negatives': 471, 'false_positives': 12, 'false_negatives': 11, 'precision': 0.9926062846580407, 'recall': 0.9932182490752158, 'f1_score': 0.9929121725731895}}
[DEBUG _get_metrics] res_item[1].keys(): ['accuracy', 'loss', 'total_samples', 'actual_attack', 'actual_normal', 'predicted_attack', 'predicted_normal', 'true_positives', 'true_negatives', 'false_positives', 'false_negatives', 'precision', 'recall', 'f1_score']
[DEBUG _get_metrics] Extracted from ConfigRecord._data
[DEBUG _get_metrics] res_item[1] type: ConfigRecord
[DEBUG _get_metrics] res_item[1] has metrics attr: False
[DEBUG _get_metrics] res_item[1].__dict__: {'_check_key_fn': <function _check_key at 0x72839bbd4900>, '_check_value_fn': <function _check_value at 0x7283913c49a0>, '_data': {'accuracy': 0.9914407730102539, 'loss': 0.007894760929048061, 'total_samples': 2103, 'actual_attack': 1621, 'actual_normal': 482, 'predicted_attack': 1629, 'predicted_normal': 474, 'true_positives': 1616, 'true_negatives': 469, 'false_positives': 13, 'false_negatives': 5, 'precision': 0.9920196439533456, 'recall': 0.9969154842689698, 'f1_score': 0.9944615384615384}}
[DEBUG _get_metrics] res_item[1].keys(): ['accuracy', 'loss', 'total_samples', 'actual_attack', 'actual_normal', 'predicted_attack', 'predicted_normal', 'true_positives', 'true_negatives', 'false_positives', 'false_negatives', 'precision', 'recall', 'f1_score']
[DEBUG _get_metrics] Extracted from ConfigRecord._data
[DEBUG _get_metrics] res_item[1] type: ConfigRecord
[DEBUG _get_metrics] res_item[1] has metrics attr: False
[DEBUG _get_metrics] res_item[1].__dict__: {'_check_key_fn': <function _check_key at 0x72839bbd4900>, '_check_value_fn': <function _check_value at 0x7283913c49a0>, '_data': {'accuracy': 0.9914407730102539, 'loss': 0.007894760929048061, 'total_samples': 2103, 'actual_attack': 1621, 'actual_normal': 482, 'predicted_attack': 1629, 'predicted_normal': 474, 'true_positives': 1616, 'true_negatives': 469, 'false_positives': 13, 'false_negatives': 5, 'precision': 0.9920196439533456, 'recall': 0.9969154842689698, 'f1_score': 0.9944615384615384}}[92mINFO [0m:      
[92mINFO [0m:      [ROUND 50]
[92mINFO [0m:      configure_fit: strategy sampled 4 clients (out of 4)
[92mINFO [0m:      aggregate_fit: received 4 results and 0 failures
[92mINFO [0m:      configure_evaluate: strategy sampled 4 clients (out of 4)
[92mINFO [0m:      aggregate_evaluate: received 4 results and 0 failures
[92mINFO [0m:      
[92mINFO [0m:      [ROUND 51]
[92mINFO [0m:      configure_fit: strategy sampled 4 clients (out of 4)
[92mINFO [0m:      aggregate_fit: received 4 results and 0 failures
[92mINFO [0m:      configure_evaluate: strategy sampled 4 clients (out of 4)
[92mINFO [0m:      aggregate_evaluate: received 4 results and 0 failures

[DEBUG _get_metrics] res_item[1].keys(): ['accuracy', 'loss', 'total_samples', 'actual_attack', 'actual_normal', 'predicted_attack', 'predicted_normal', 'true_positives', 'true_negatives', 'false_positives', 'false_negatives', 'precision', 'recall', 'f1_score']
[DEBUG _get_metrics] Extracted from ConfigRecord._data
[DEBUG] Extracted 4 metrics from results

[Evaluation Summary]
============================================================
Round: 49 / 60
Accuracy (mean):  0.9913  (99.13%)
Loss:             0.0076
[Per-Device Accuracy]
  - Device 0:  0.9933  (99.33%)
  - Device 1:  0.9891  (98.91%)
  - Device 2:  0.9914  (99.14%)
  - Device 3:  0.9914  (99.14%)

[Ground Truth]
  - Attack samples: 1621
  - Normal samples: 482
  - Total samples:  2103

[Predictions]
  - Predicted Attack:  1619
  - Predicted Normal:  484

[Confusion Matrix]
  - True Positives (TP):  1613
  - True Negatives (TN):  476
  - False Positives (FP): 6
  - False Negatives (FN): 8

[Metrics]
  - Precision:  0.9932  (99.32%)
  - Recall:     0.9955  (99.55%)
  - F1-Score:   0.9944  (99.44%)
============================================================

[Round 50] Client contributions:
  Client samples: 29,186 (weight: 0.2500)
  Client samples: 29,186 (weight: 0.2500)
  Client samples: 29,186 (weight: 0.2500)
  Client samples: 29,184 (weight: 0.2500)
[36m(ClientAppActor pid=632055)[0m [Client 1] Class weights (smoothed): {0: 1.0, 1: 1.0}[32m [repeated 16x across cluster][0m
[DEBUG] evaluate_metrics_aggregation_fn called with 4 results
[DEBUG] results type: <class 'list'>
[DEBUG] First result type: <class 'tuple'>
[DEBUG] First result length: 2
[DEBUG] results[0][0] type: <class 'int'>
[DEBUG] results[0][1] type: <class 'flwr.app.message.configrecord.ConfigRecord'>
[DEBUG _get_metrics] res_item[1] type: ConfigRecord
[DEBUG _get_metrics] res_item[1] has metrics attr: False
[DEBUG _get_metrics] res_item[1].__dict__: {'_check_key_fn': <function _check_key at 0x72839bbd4900>, '_check_value_fn': <function _check_value at 0x7283913c49a0>, '_data': {'accuracy': 0.9914407730102539, 'loss': 0.007853264920413494, 'total_samples': 2103, 'actual_attack': 1621, 'actual_normal': 482, 'predicted_attack': 1629, 'predicted_normal': 474, 'true_positives': 1616, 'true_negatives': 469, 'false_positives': 13, 'false_negatives': 5, 'precision': 0.9920196439533456, 'recall': 0.9969154842689698, 'f1_score': 0.9944615384615384}}
[DEBUG _get_metrics] res_item[1].keys(): ['accuracy', 'loss', 'total_samples', 'actual_attack', 'actual_normal', 'predicted_attack', 'predicted_normal', 'true_positives', 'true_negatives', 'false_positives', 'false_negatives', 'precision', 'recall', 'f1_score']
[DEBUG _get_metrics] Extracted from ConfigRecord._data
[DEBUG _get_metrics] res_item[1] type: ConfigRecord
[DEBUG _get_metrics] res_item[1] has metrics attr: False
[DEBUG _get_metrics] res_item[1].__dict__: {'_check_key_fn': <function _check_key at 0x72839bbd4900>, '_check_value_fn': <function _check_value at 0x7283913c49a0>, '_data': {'accuracy': 0.9933428168296814, 'loss': 0.007128824479877949, 'total_samples': 2103, 'actual_attack': 1621, 'actual_normal': 482, 'predicted_attack': 1619, 'predicted_normal': 484, 'true_positives': 1613, 'true_negatives': 476, 'false_positives': 6, 'false_negatives': 8, 'precision': 0.9962940086473132, 'recall': 0.9950647748303516, 'f1_score': 0.995679012345679}}
[DEBUG _get_metrics] res_item[1].keys(): ['accuracy', 'loss', 'total_samples', 'actual_attack', 'actual_normal', 'predicted_attack', 'predicted_normal', 'true_positives', 'true_negatives', 'false_positives', 'false_negatives', 'precision', 'recall', 'f1_score']
[DEBUG _get_metrics] Extracted from ConfigRecord._data
[DEBUG _get_metrics] res_item[1] type: ConfigRecord
[DEBUG _get_metrics] res_item[1] has metrics attr: False
[DEBUG _get_metrics] res_item[1].__dict__: {'_check_key_fn': <function _check_key at 0x72839bbd4900>, '_check_value_fn': <function _check_value at 0x7283913c49a0>, '_data': {'accuracy': 0.989073634147644, 'loss': 0.0074709211476147175, 'total_samples': 2105, 'actual_attack': 1622, 'actual_normal': 483, 'predicted_attack': 1623, 'predicted_normal': 482, 'true_positives': 1611, 'true_negatives': 471, 'false_positives': 12, 'false_negatives': 11, 'precision': 0.9926062846580407, 'recall': 0.9932182490752158, 'f1_score': 0.9929121725731895}}
[DEBUG _get_metrics] res_item[1].keys(): ['accuracy', 'loss', 'total_samples', 'actual_attack', 'actual_normal', 'predicted_attack', 'predicted_normal', 'true_positives', 'true_negatives', 'false_positives', 'false_negatives', 'precision', 'recall', 'f1_score']
[DEBUG _get_metrics] Extracted from ConfigRecord._data
[DEBUG _get_metrics] res_item[1] type: ConfigRecord
[DEBUG _get_metrics] res_item[1] has metrics attr: False
[DEBUG _get_metrics] res_item[1].__dict__: {'_check_key_fn': <function _check_key at 0x72839bbd4900>, '_check_value_fn': <function _check_value at 0x7283913c49a0>, '_data': {'accuracy': 0.9914407730102539, 'loss': 0.007853264920413494, 'total_samples': 2103, 'actual_attack': 1621, 'actual_normal': 482, 'predicted_attack': 1629, 'predicted_normal': 474, 'true_positives': 1616, 'true_negatives': 469, 'false_positives': 13, 'false_negatives': 5, 'precision': 0.9920196439533456, 'recall': 0.9969154842689698, 'f1_score': 0.9944615384615384}}
[DEBUG _get_metrics] res_item[1].keys(): ['accuracy', 'loss', 'total_samples', 'actual_attack', 'actual_normal', 'predicted_attack', 'predicted_normal', 'true_positives', 'true_negatives', 'false_positives', 'false_negatives', 'precision', 'recall', 'f1_score']
[DEBUG _get_metrics] Extracted from ConfigRecord._data
[DEBUG] Extracted 4 metrics from results

[Evaluation Summary]
============================================================
Round: 50 / 60
Accuracy (mean):  0.9913  (99.13%)
Loss:             0.0076
[Per-Device Accuracy]
  - Device 0:  0.9914  (99.14%)
  - Device 1:  0.9933  (99.33%)
  - Device 2:  0.9891  (98.91%)
  - Device 3:  0.9914  (99.14%)

[Ground Truth]
  - Attack samples: 1621
  - Normal samples: 482
  - Total samples:  2103

[Predictions]
  - Predicted Attack:  1629
  - Predicted Normal:  474

[Confusion Matrix]
  - True Positives (TP):  1616
  - True Negatives (TN):  469
  - False Positives (FP): 13
  - False Negatives (FN): 5

[Metrics]
  - Precision:  0.9932  (99.32%)
  - Recall:     0.9955  (99.55%)
  - F1-Score:   0.9944  (99.44%)
============================================================

[DEBUG] evaluate_metrics_aggregation_fn called with 4 results
[DEBUG] results type: <class 'list'>
[DEBUG] First result type: <class 'tuple'>
[DEBUG] First result length: 2
[DEBUG] results[0][0] type: <class 'int'>
[DEBUG] results[0][1] type: <class 'flwr.app.message.configrecord.ConfigRecord'>
[DEBUG _get_metrics] res_item[1] type: ConfigRecord
[DEBUG _get_metrics] res_item[1] has metrics attr: False
[DEBUG _get_metrics] res_item[1].__dict__: {'_check_key_fn': <function _check_key at 0x72839bbd4900>, '_check_value_fn': <function _check_value at 0x7283913c49a0>, '_data': {'accuracy': 0.9914407730102539, 'loss': 0.007976124063134193, 'total_samples': 2103, 'actual_attack': 1621, 'actual_normal': 482, 'predicted_attack': 1629, 'predicted_normal': 474, 'true_positives': 1616, 'true_negatives': 469, 'false_positives': 13, 'false_negatives': 5, 'precision': 0.9920196439533456, 'recall': 0.9969154842689698, 'f1_score': 0.9944615384615384}}
[DEBUG _get_metrics] res_item[1].keys(): ['accuracy', 'loss', 'total_samples', 'actual_attack', 'actual_normal', 'predicted_attack', 'predicted_normal', 'true_positives', 'true_negatives', 'false_positives', 'false_negatives', 'precision', 'recall', 'f1_score']
[DEBUG _get_metrics] Extracted from ConfigRecord._data
[DEBUG _get_metrics] res_item[1] type: ConfigRecord
[DEBUG _get_metrics] res_item[1] has metrics attr: False
[DEBUG _get_metrics] res_item[1].__dict__: {'_check_key_fn': <function _check_key at 0x72839bbd4900>, '_check_value_fn': <function _check_value at 0x7283913c49a0>, '_data': {'accuracy': 0.9933428168296814, 'loss': 0.00723647978156805, 'total_samples': 2103, 'actual_attack': 1621, 'actual_normal': 482, 'predicted_attack': 1619, 'predicted_normal': 484, 'true_positives': 1613, 'true_negatives': 476, 'false_positives': 6, 'false_negatives': 8, 'precision': 0.9962940086473132, 'recall': 0.9950647748303516, 'f1_score': 0.995679012345679}}[92mINFO [0m:      
[92mINFO [0m:      [ROUND 52]
[92mINFO [0m:      configure_fit: strategy sampled 4 clients (out of 4)
[92mINFO [0m:      aggregate_fit: received 4 results and 0 failures
[92mINFO [0m:      configure_evaluate: strategy sampled 4 clients (out of 4)
[92mINFO [0m:      aggregate_evaluate: received 4 results and 0 failures

[DEBUG _get_metrics] res_item[1].keys(): ['accuracy', 'loss', 'total_samples', 'actual_attack', 'actual_normal', 'predicted_attack', 'predicted_normal', 'true_positives', 'true_negatives', 'false_positives', 'false_negatives', 'precision', 'recall', 'f1_score']
[DEBUG _get_metrics] Extracted from ConfigRecord._data
[DEBUG _get_metrics] res_item[1] type: ConfigRecord
[DEBUG _get_metrics] res_item[1] has metrics attr: False
[DEBUG _get_metrics] res_item[1].__dict__: {'_check_key_fn': <function _check_key at 0x72839bbd4900>, '_check_value_fn': <function _check_value at 0x7283913c49a0>, '_data': {'accuracy': 0.989073634147644, 'loss': 0.007577996701002121, 'total_samples': 2105, 'actual_attack': 1622, 'actual_normal': 483, 'predicted_attack': 1623, 'predicted_normal': 482, 'true_positives': 1611, 'true_negatives': 471, 'false_positives': 12, 'false_negatives': 11, 'precision': 0.9926062846580407, 'recall': 0.9932182490752158, 'f1_score': 0.9929121725731895}}
[DEBUG _get_metrics] res_item[1].keys(): ['accuracy', 'loss', 'total_samples', 'actual_attack', 'actual_normal', 'predicted_attack', 'predicted_normal', 'true_positives', 'true_negatives', 'false_positives', 'false_negatives', 'precision', 'recall', 'f1_score']
[DEBUG _get_metrics] Extracted from ConfigRecord._data
[DEBUG _get_metrics] res_item[1] type: ConfigRecord
[DEBUG _get_metrics] res_item[1] has metrics attr: False
[DEBUG _get_metrics] res_item[1].__dict__: {'_check_key_fn': <function _check_key at 0x72839bbd4900>, '_check_value_fn': <function _check_value at 0x7283913c49a0>, '_data': {'accuracy': 0.9914407730102539, 'loss': 0.007976124063134193, 'total_samples': 2103, 'actual_attack': 1621, 'actual_normal': 482, 'predicted_attack': 1629, 'predicted_normal': 474, 'true_positives': 1616, 'true_negatives': 469, 'false_positives': 13, 'false_negatives': 5, 'precision': 0.9920196439533456, 'recall': 0.9969154842689698, 'f1_score': 0.9944615384615384}}
[DEBUG _get_metrics] res_item[1].keys(): ['accuracy', 'loss', 'total_samples', 'actual_attack', 'actual_normal', 'predicted_attack', 'predicted_normal', 'true_positives', 'true_negatives', 'false_positives', 'false_negatives', 'precision', 'recall', 'f1_score']
[DEBUG _get_metrics] Extracted from ConfigRecord._data
[DEBUG] Extracted 4 metrics from results

[Evaluation Summary]
============================================================
Round: 51 / 60
Accuracy (mean):  0.9913  (99.13%)
Loss:             0.0077
[Per-Device Accuracy]
  - Device 0:  0.9914  (99.14%)
  - Device 1:  0.9933  (99.33%)
  - Device 2:  0.9891  (98.91%)
  - Device 3:  0.9914  (99.14%)

[Ground Truth]
  - Attack samples: 1621
  - Normal samples: 482
  - Total samples:  2103

[Predictions]
  - Predicted Attack:  1629
  - Predicted Normal:  474

[Confusion Matrix]
  - True Positives (TP):  1616
  - True Negatives (TN):  469
  - False Positives (FP): 13
  - False Negatives (FN): 5

[Metrics]
  - Precision:  0.9932  (99.32%)
  - Recall:     0.9955  (99.55%)
  - F1-Score:   0.9944  (99.44%)
============================================================

[36m(ClientAppActor pid=632055)[0m [Client 1] Class weights (smoothed): {0: 1.0, 1: 1.0}[32m [repeated 16x across cluster][0m
[DEBUG] evaluate_metrics_aggregation_fn called with 4 results
[DEBUG] results type: <class 'list'>
[DEBUG] First result type: <class 'tuple'>
[DEBUG] First result length: 2
[DEBUG] results[0][0] type: <class 'int'>
[DEBUG] results[0][1] type: <class 'flwr.app.message.configrecord.ConfigRecord'>
[DEBUG _get_metrics] res_item[1] type: ConfigRecord
[DEBUG _get_metrics] res_item[1] has metrics attr: False
[DEBUG _get_metrics] res_item[1].__dict__: {'_check_key_fn': <function _check_key at 0x72839bbd4900>, '_check_value_fn': <function _check_value at 0x7283913c49a0>, '_data': {'accuracy': 0.9933428168296814, 'loss': 0.007245083339512348, 'total_samples': 2103, 'actual_attack': 1621, 'actual_normal': 482, 'predicted_attack': 1619, 'predicted_normal': 484, 'true_positives': 1613, 'true_negatives': 476, 'false_positives': 6, 'false_negatives': 8, 'precision': 0.9962940086473132, 'recall': 0.9950647748303516, 'f1_score': 0.995679012345679}}
[DEBUG _get_metrics] res_item[1].keys(): ['accuracy', 'loss', 'total_samples', 'actual_attack', 'actual_normal', 'predicted_attack', 'predicted_normal', 'true_positives', 'true_negatives', 'false_positives', 'false_negatives', 'precision', 'recall', 'f1_score']
[DEBUG _get_metrics] Extracted from ConfigRecord._data
[DEBUG _get_metrics] res_item[1] type: ConfigRecord
[DEBUG _get_metrics] res_item[1] has metrics attr: False
[DEBUG _get_metrics] res_item[1].__dict__: {'_check_key_fn': <function _check_key at 0x72839bbd4900>, '_check_value_fn': <function _check_value at 0x7283913c49a0>, '_data': {'accuracy': 0.9914407730102539, 'loss': 0.007971680723130703, 'total_samples': 2103, 'actual_attack': 1621, 'actual_normal': 482, 'predicted_attack': 1629, 'predicted_normal': 474, 'true_positives': 1616, 'true_negatives': 469, 'false_positives': 13, 'false_negatives': 5, 'precision': 0.9920196439533456, 'recall': 0.9969154842689698, 'f1_score': 0.9944615384615384}}
[DEBUG _get_metrics] res_item[1].keys(): ['accuracy', 'loss', 'total_samples', 'actual_attack', 'actual_normal', 'predicted_attack', 'predicted_normal', 'true_positives', 'true_negatives', 'false_positives', 'false_negatives', 'precision', 'recall', 'f1_score']
[DEBUG _get_metrics] Extracted from ConfigRecord._data
[DEBUG _get_metrics] res_item[1] type: ConfigRecord
[DEBUG _get_metrics] res_item[1] has metrics attr: False
[DEBUG _get_metrics] res_item[1].__dict__: {'_check_key_fn': <function _check_key at 0x72839bbd4900>, '_check_value_fn': <function _check_value at 0x7283913c49a0>, '_data': {'accuracy': 0.989073634147644, 'loss': 0.007565875072032213, 'total_samples': 2105, 'actual_attack': 1622, 'actual_normal': 483, 'predicted_attack': 1623, 'predicted_normal': 482, 'true_positives': 1611, 'true_negatives': 471, 'false_positives': 12, 'false_negatives': 11, 'precision': 0.9926062846580407, 'recall': 0.9932182490752158, 'f1_score': 0.9929121725731895}}
[DEBUG _get_metrics] res_item[1].keys(): ['accuracy', 'loss', 'total_samples', 'actual_attack', 'actual_normal', 'predicted_attack', 'predicted_normal', 'true_positives', 'true_negatives', 'false_positives', 'false_negatives', 'precision', 'recall', 'f1_score']
[DEBUG _get_metrics] Extracted from ConfigRecord._data
[DEBUG _get_metrics] res_item[1] type: ConfigRecord
[DEBUG _get_metrics] res_item[1] has metrics attr: False
[DEBUG _get_metrics] res_item[1].__dict__: {'_check_key_fn': <function _check_key at 0x72839bbd4900>, '_check_value_fn': <function _check_value at 0x7283913c49a0>, '_data': {'accuracy': 0.9914407730102539, 'loss': 0.007971680723130703, 'total_samples': 2103, 'actual_attack': 1621, 'actual_normal': 482, 'predicted_attack': 1629, 'predicted_normal': 474, 'true_positives': 1616, 'true_negatives': 469, 'false_positives': 13, 'false_negatives': 5, 'precision': 0.9920196439533456, 'recall': 0.9969154842689698, 'f1_score': 0.9944615384615384}}
[DEBUG _get_metrics] res_item[1].keys(): ['accuracy', 'loss', 'total_samples', 'actual_attack', 'actual_normal', 'predicted_attack', 'predicted_normal', 'true_positives', 'true_negatives', 'false_positives', 'false_negatives', 'precision', 'recall', 'f1_score']
[DEBUG _get_metrics] Extracted from ConfigRecord._data
[DEBUG] Extracted 4 metrics from results

[Evaluation Summary]
============================================================
Round: 52 / 60
Accuracy (mean):  0.9913  (99.13%)
Loss:             0.0077
[Per-Device Accuracy]
  - Device 0:  0.9933  (99.33%)
  - Device 1:  0.9914  (99.14%)
  - Device 2:  0.9891  (98.91%)
  - Device 3:  0.9914  (99.14%)

[Ground Truth]
  - Attack samples: 1621
  - Normal samples: 482
  - Total samples:  2103

[Predictions]
  - Predicted Attack:  1619
  - Predicted Normal:  484

[Confusion Matrix]
  - True Positives (TP):  1613
  - True Negatives (TN):  476
  - False Positives (FP): 6
  - False Negatives (FN): 8

[Metrics]
  - Precision:  0.9932  (99.32%)
  - Recall:     0.9955  (99.55%)
  - F1-Score:   0.9944  (99.44%)
============================================================
[92mINFO [0m:      
[92mINFO [0m:      [ROUND 53]
[92mINFO [0m:      configure_fit: strategy sampled 4 clients (out of 4)
[92mINFO [0m:      aggregate_fit: received 4 results and 0 failures
[92mINFO [0m:      configure_evaluate: strategy sampled 4 clients (out of 4)
[92mINFO [0m:      aggregate_evaluate: received 4 results and 0 failures
[92mINFO [0m:      
[92mINFO [0m:      [ROUND 54]
[92mINFO [0m:      configure_fit: strategy sampled 4 clients (out of 4)
[92mINFO [0m:      aggregate_fit: received 4 results and 0 failures
[92mINFO [0m:      configure_evaluate: strategy sampled 4 clients (out of 4)
[92mINFO [0m:      aggregate_evaluate: received 4 results and 0 failures

[DEBUG] evaluate_metrics_aggregation_fn called with 4 results
[DEBUG] results type: <class 'list'>
[DEBUG] First result type: <class 'tuple'>
[DEBUG] First result length: 2
[DEBUG] results[0][0] type: <class 'int'>
[DEBUG] results[0][1] type: <class 'flwr.app.message.configrecord.ConfigRecord'>
[DEBUG _get_metrics] res_item[1] type: ConfigRecord
[DEBUG _get_metrics] res_item[1] has metrics attr: False
[DEBUG _get_metrics] res_item[1].__dict__: {'_check_key_fn': <function _check_key at 0x72839bbd4900>, '_check_value_fn': <function _check_value at 0x7283913c49a0>, '_data': {'accuracy': 0.9909653067588806, 'loss': 0.008056020364165306, 'total_samples': 2103, 'actual_attack': 1621, 'actual_normal': 482, 'predicted_attack': 1628, 'predicted_normal': 475, 'true_positives': 1615, 'true_negatives': 469, 'false_positives': 13, 'false_negatives': 6, 'precision': 0.992014742014742, 'recall': 0.9962985811227637, 'f1_score': 0.9941520467836257}}
[DEBUG _get_metrics] res_item[1].keys(): ['accuracy', 'loss', 'total_samples', 'actual_attack', 'actual_normal', 'predicted_attack', 'predicted_normal', 'true_positives', 'true_negatives', 'false_positives', 'false_negatives', 'precision', 'recall', 'f1_score']
[DEBUG _get_metrics] Extracted from ConfigRecord._data
[DEBUG _get_metrics] res_item[1] type: ConfigRecord
[DEBUG _get_metrics] res_item[1] has metrics attr: False
[DEBUG _get_metrics] res_item[1].__dict__: {'_check_key_fn': <function _check_key at 0x72839bbd4900>, '_check_value_fn': <function _check_value at 0x7283913c49a0>, '_data': {'accuracy': 0.989073634147644, 'loss': 0.007620713207870722, 'total_samples': 2105, 'actual_attack': 1622, 'actual_normal': 483, 'predicted_attack': 1623, 'predicted_normal': 482, 'true_positives': 1611, 'true_negatives': 471, 'false_positives': 12, 'false_negatives': 11, 'precision': 0.9926062846580407, 'recall': 0.9932182490752158, 'f1_score': 0.9929121725731895}}
[DEBUG _get_metrics] res_item[1].keys(): ['accuracy', 'loss', 'total_samples', 'actual_attack', 'actual_normal', 'predicted_attack', 'predicted_normal', 'true_positives', 'true_negatives', 'false_positives', 'false_negatives', 'precision', 'recall', 'f1_score']
[DEBUG _get_metrics] Extracted from ConfigRecord._data
[DEBUG _get_metrics] res_item[1] type: ConfigRecord
[DEBUG _get_metrics] res_item[1] has metrics attr: False
[DEBUG _get_metrics] res_item[1].__dict__: {'_check_key_fn': <function _check_key at 0x72839bbd4900>, '_check_value_fn': <function _check_value at 0x7283913c49a0>, '_data': {'accuracy': 0.9909653067588806, 'loss': 0.008056020364165306, 'total_samples': 2103, 'actual_attack': 1621, 'actual_normal': 482, 'predicted_attack': 1628, 'predicted_normal': 475, 'true_positives': 1615, 'true_negatives': 469, 'false_positives': 13, 'false_negatives': 6, 'precision': 0.992014742014742, 'recall': 0.9962985811227637, 'f1_score': 0.9941520467836257}}
[DEBUG _get_metrics] res_item[1].keys(): ['accuracy', 'loss', 'total_samples', 'actual_attack', 'actual_normal', 'predicted_attack', 'predicted_normal', 'true_positives', 'true_negatives', 'false_positives', 'false_negatives', 'precision', 'recall', 'f1_score']
[DEBUG _get_metrics] Extracted from ConfigRecord._data
[DEBUG _get_metrics] res_item[1] type: ConfigRecord
[DEBUG _get_metrics] res_item[1] has metrics attr: False
[DEBUG _get_metrics] res_item[1].__dict__: {'_check_key_fn': <function _check_key at 0x72839bbd4900>, '_check_value_fn': <function _check_value at 0x7283913c49a0>, '_data': {'accuracy': 0.9933428168296814, 'loss': 0.007328116334974766, 'total_samples': 2103, 'actual_attack': 1621, 'actual_normal': 482, 'predicted_attack': 1619, 'predicted_normal': 484, 'true_positives': 1613, 'true_negatives': 476, 'false_positives': 6, 'false_negatives': 8, 'precision': 0.9962940086473132, 'recall': 0.9950647748303516, 'f1_score': 0.995679012345679}}
[DEBUG _get_metrics] res_item[1].keys(): ['accuracy', 'loss', 'total_samples', 'actual_attack', 'actual_normal', 'predicted_attack', 'predicted_normal', 'true_positives', 'true_negatives', 'false_positives', 'false_negatives', 'precision', 'recall', 'f1_score']
[DEBUG _get_metrics] Extracted from ConfigRecord._data
[DEBUG] Extracted 4 metrics from results

[Evaluation Summary]
============================================================
Round: 53 / 60
Accuracy (mean):  0.9911  (99.11%)
Loss:             0.0078
[Per-Device Accuracy]
  - Device 0:  0.9910  (99.10%)
  - Device 1:  0.9891  (98.91%)
  - Device 2:  0.9910  (99.10%)
  - Device 3:  0.9933  (99.33%)

[Ground Truth]
  - Attack samples: 1621
  - Normal samples: 482
  - Total samples:  2103

[Predictions]
  - Predicted Attack:  1628
  - Predicted Normal:  475

[Confusion Matrix]
  - True Positives (TP):  1615
  - True Negatives (TN):  469
  - False Positives (FP): 13
  - False Negatives (FN): 6

[Metrics]
  - Precision:  0.9932  (99.32%)
  - Recall:     0.9952  (99.52%)
  - F1-Score:   0.9942  (99.42%)
============================================================

[36m(ClientAppActor pid=632049)[0m [Client 0] Class weights (smoothed): {0: 1.0, 1: 1.0}[32m [repeated 16x across cluster][0m
[DEBUG] evaluate_metrics_aggregation_fn called with 4 results
[DEBUG] results type: <class 'list'>
[DEBUG] First result type: <class 'tuple'>
[DEBUG] First result length: 2
[DEBUG] results[0][0] type: <class 'int'>
[DEBUG] results[0][1] type: <class 'flwr.app.message.configrecord.ConfigRecord'>
[DEBUG _get_metrics] res_item[1] type: ConfigRecord
[DEBUG _get_metrics] res_item[1] has metrics attr: False
[DEBUG _get_metrics] res_item[1].__dict__: {'_check_key_fn': <function _check_key at 0x72839bbd4900>, '_check_value_fn': <function _check_value at 0x7283913c49a0>, '_data': {'accuracy': 0.9914407730102539, 'loss': 0.008014269173145294, 'total_samples': 2103, 'actual_attack': 1621, 'actual_normal': 482, 'predicted_attack': 1629, 'predicted_normal': 474, 'true_positives': 1616, 'true_negatives': 469, 'false_positives': 13, 'false_negatives': 5, 'precision': 0.9920196439533456, 'recall': 0.9969154842689698, 'f1_score': 0.9944615384615384}}
[DEBUG _get_metrics] res_item[1].keys(): ['accuracy', 'loss', 'total_samples', 'actual_attack', 'actual_normal', 'predicted_attack', 'predicted_normal', 'true_positives', 'true_negatives', 'false_positives', 'false_negatives', 'precision', 'recall', 'f1_score']
[DEBUG _get_metrics] Extracted from ConfigRecord._data
[DEBUG _get_metrics] res_item[1] type: ConfigRecord
[DEBUG _get_metrics] res_item[1] has metrics attr: False
[DEBUG _get_metrics] res_item[1].__dict__: {'_check_key_fn': <function _check_key at 0x72839bbd4900>, '_check_value_fn': <function _check_value at 0x7283913c49a0>, '_data': {'accuracy': 0.9914407730102539, 'loss': 0.008014269173145294, 'total_samples': 2103, 'actual_attack': 1621, 'actual_normal': 482, 'predicted_attack': 1629, 'predicted_normal': 474, 'true_positives': 1616, 'true_negatives': 469, 'false_positives': 13, 'false_negatives': 5, 'precision': 0.9920196439533456, 'recall': 0.9969154842689698, 'f1_score': 0.9944615384615384}}
[DEBUG _get_metrics] res_item[1].keys(): ['accuracy', 'loss', 'total_samples', 'actual_attack', 'actual_normal', 'predicted_attack', 'predicted_normal', 'true_positives', 'true_negatives', 'false_positives', 'false_negatives', 'precision', 'recall', 'f1_score']
[DEBUG _get_metrics] Extracted from ConfigRecord._data
[DEBUG _get_metrics] res_item[1] type: ConfigRecord
[DEBUG _get_metrics] res_item[1] has metrics attr: False
[DEBUG _get_metrics] res_item[1].__dict__: {'_check_key_fn': <function _check_key at 0x72839bbd4900>, '_check_value_fn': <function _check_value at 0x7283913c49a0>, '_data': {'accuracy': 0.9895486831665039, 'loss': 0.007567317225039005, 'total_samples': 2105, 'actual_attack': 1622, 'actual_normal': 483, 'predicted_attack': 1624, 'predicted_normal': 481, 'true_positives': 1612, 'true_negatives': 471, 'false_positives': 12, 'false_negatives': 10, 'precision': 0.9926108374384236, 'recall': 0.9938347718865598, 'f1_score': 0.9932224276032039}}
[DEBUG _get_metrics] res_item[1].keys(): ['accuracy', 'loss', 'total_samples', 'actual_attack', 'actual_normal', 'predicted_attack', 'predicted_normal', 'true_positives', 'true_negatives', 'false_positives', 'false_negatives', 'precision', 'recall', 'f1_score'][92mINFO [0m:      
[92mINFO [0m:      [ROUND 55]
[92mINFO [0m:      configure_fit: strategy sampled 4 clients (out of 4)
[92mINFO [0m:      aggregate_fit: received 4 results and 0 failures
[92mINFO [0m:      configure_evaluate: strategy sampled 4 clients (out of 4)
[92mINFO [0m:      aggregate_evaluate: received 4 results and 0 failures
[92mINFO [0m:      
[92mINFO [0m:      [ROUND 56]
[92mINFO [0m:      configure_fit: strategy sampled 4 clients (out of 4)
[92mINFO [0m:      aggregate_fit: received 4 results and 0 failures
[92mINFO [0m:      configure_evaluate: strategy sampled 4 clients (out of 4)
[92mINFO [0m:      aggregate_evaluate: received 4 results and 0 failures

[DEBUG _get_metrics] Extracted from ConfigRecord._data
[DEBUG _get_metrics] res_item[1] type: ConfigRecord
[DEBUG _get_metrics] res_item[1] has metrics attr: False
[DEBUG _get_metrics] res_item[1].__dict__: {'_check_key_fn': <function _check_key at 0x72839bbd4900>, '_check_value_fn': <function _check_value at 0x7283913c49a0>, '_data': {'accuracy': 0.9933428168296814, 'loss': 0.007285951171070337, 'total_samples': 2103, 'actual_attack': 1621, 'actual_normal': 482, 'predicted_attack': 1619, 'predicted_normal': 484, 'true_positives': 1613, 'true_negatives': 476, 'false_positives': 6, 'false_negatives': 8, 'precision': 0.9962940086473132, 'recall': 0.9950647748303516, 'f1_score': 0.995679012345679}}
[DEBUG _get_metrics] res_item[1].keys(): ['accuracy', 'loss', 'total_samples', 'actual_attack', 'actual_normal', 'predicted_attack', 'predicted_normal', 'true_positives', 'true_negatives', 'false_positives', 'false_negatives', 'precision', 'recall', 'f1_score']
[DEBUG _get_metrics] Extracted from ConfigRecord._data
[DEBUG] Extracted 4 metrics from results

[Evaluation Summary]
============================================================
Round: 54 / 60
Accuracy (mean):  0.9914  (99.14%)
Loss:             0.0077
[Per-Device Accuracy]
  - Device 0:  0.9914  (99.14%)
  - Device 1:  0.9914  (99.14%)
  - Device 2:  0.9895  (98.95%)
  - Device 3:  0.9933  (99.33%)

[Ground Truth]
  - Attack samples: 1621
  - Normal samples: 482
  - Total samples:  2103

[Predictions]
  - Predicted Attack:  1629
  - Predicted Normal:  474

[Confusion Matrix]
  - True Positives (TP):  1616
  - True Negatives (TN):  469
  - False Positives (FP): 13
  - False Negatives (FN): 5

[Metrics]
  - Precision:  0.9932  (99.32%)
  - Recall:     0.9957  (99.57%)
  - F1-Score:   0.9945  (99.45%)
============================================================

[Round 55] Client contributions:
  Client samples: 29,186 (weight: 0.2500)
  Client samples: 29,186 (weight: 0.2500)
  Client samples: 29,186 (weight: 0.2500)
  Client samples: 29,184 (weight: 0.2500)
[DEBUG] evaluate_metrics_aggregation_fn called with 4 results
[DEBUG] results type: <class 'list'>
[DEBUG] First result type: <class 'tuple'>
[DEBUG] First result length: 2
[DEBUG] results[0][0] type: <class 'int'>
[DEBUG] results[0][1] type: <class 'flwr.app.message.configrecord.ConfigRecord'>
[DEBUG _get_metrics] res_item[1] type: ConfigRecord
[DEBUG _get_metrics] res_item[1] has metrics attr: False
[DEBUG _get_metrics] res_item[1].__dict__: {'_check_key_fn': <function _check_key at 0x72839bbd4900>, '_check_value_fn': <function _check_value at 0x7283913c49a0>, '_data': {'accuracy': 0.9914407730102539, 'loss': 0.00797603651881218, 'total_samples': 2103, 'actual_attack': 1621, 'actual_normal': 482, 'predicted_attack': 1629, 'predicted_normal': 474, 'true_positives': 1616, 'true_negatives': 469, 'false_positives': 13, 'false_negatives': 5, 'precision': 0.9920196439533456, 'recall': 0.9969154842689698, 'f1_score': 0.9944615384615384}}
[DEBUG _get_metrics] res_item[1].keys(): ['accuracy', 'loss', 'total_samples', 'actual_attack', 'actual_normal', 'predicted_attack', 'predicted_normal', 'true_positives', 'true_negatives', 'false_positives', 'false_negatives', 'precision', 'recall', 'f1_score']
[DEBUG _get_metrics] Extracted from ConfigRecord._data
[DEBUG _get_metrics] res_item[1] type: ConfigRecord
[DEBUG _get_metrics] res_item[1] has metrics attr: False
[DEBUG _get_metrics] res_item[1].__dict__: {'_check_key_fn': <function _check_key at 0x72839bbd4900>, '_check_value_fn': <function _check_value at 0x7283913c49a0>, '_data': {'accuracy': 0.9928673505783081, 'loss': 0.0072934553027153015, 'total_samples': 2103, 'actual_attack': 1621, 'actual_normal': 482, 'predicted_attack': 1620, 'predicted_normal': 483, 'true_positives': 1613, 'true_negatives': 475, 'false_positives': 7, 'false_negatives': 8, 'precision': 0.995679012345679, 'recall': 0.9950647748303516, 'f1_score': 0.9953717988275222}}
[DEBUG _get_metrics] res_item[1].keys(): ['accuracy', 'loss', 'total_samples', 'actual_attack', 'actual_normal', 'predicted_attack', 'predicted_normal', 'true_positives', 'true_negatives', 'false_positives', 'false_negatives', 'precision', 'recall', 'f1_score']
[DEBUG _get_metrics] Extracted from ConfigRecord._data
[DEBUG _get_metrics] res_item[1] type: ConfigRecord
[DEBUG _get_metrics] res_item[1] has metrics attr: False
[DEBUG _get_metrics] res_item[1].__dict__: {'_check_key_fn': <function _check_key at 0x72839bbd4900>, '_check_value_fn': <function _check_value at 0x7283913c49a0>, '_data': {'accuracy': 0.9914407730102539, 'loss': 0.00797603651881218, 'total_samples': 2103, 'actual_attack': 1621, 'actual_normal': 482, 'predicted_attack': 1629, 'predicted_normal': 474, 'true_positives': 1616, 'true_negatives': 469, 'false_positives': 13, 'false_negatives': 5, 'precision': 0.9920196439533456, 'recall': 0.9969154842689698, 'f1_score': 0.9944615384615384}}
[DEBUG _get_metrics] res_item[1].keys(): ['accuracy', 'loss', 'total_samples', 'actual_attack', 'actual_normal', 'predicted_attack', 'predicted_normal', 'true_positives', 'true_negatives', 'false_positives', 'false_negatives', 'precision', 'recall', 'f1_score']
[DEBUG _get_metrics] Extracted from ConfigRecord._data
[DEBUG _get_metrics] res_item[1] type: ConfigRecord
[DEBUG _get_metrics] res_item[1] has metrics attr: False
[DEBUG _get_metrics] res_item[1].__dict__: {'_check_key_fn': <function _check_key at 0x72839bbd4900>, '_check_value_fn': <function _check_value at 0x7283913c49a0>, '_data': {'accuracy': 0.9895486831665039, 'loss': 0.00750946206972003, 'total_samples': 2105, 'actual_attack': 1622, 'actual_normal': 483, 'predicted_attack': 1624, 'predicted_normal': 481, 'true_positives': 1612, 'true_negatives': 471, 'false_positives': 12, 'false_negatives': 10, 'precision': 0.9926108374384236, 'recall': 0.9938347718865598, 'f1_score': 0.9932224276032039}}
[DEBUG _get_metrics] res_item[1].keys(): ['accuracy', 'loss', 'total_samples', 'actual_attack', 'actual_normal', 'predicted_attack', 'predicted_normal', 'true_positives', 'true_negatives', 'false_positives', 'false_negatives', 'precision', 'recall', 'f1_score']
[DEBUG _get_metrics] Extracted from ConfigRecord._data
[DEBUG] Extracted 4 metrics from results

[Evaluation Summary]
============================================================
Round: 55 / 60
Accuracy (mean):  0.9913  (99.13%)
Loss:             0.0077
[Per-Device Accuracy]
  - Device 0:  0.9914  (99.14%)
  - Device 1:  0.9929  (99.29%)
  - Device 2:  0.9914  (99.14%)
  - Device 3:  0.9895  (98.95%)

[Ground Truth]
  - Attack samples: 1621
  - Normal samples: 482
  - Total samples:  2103

[Predictions]
  - Predicted Attack:  1629
  - Predicted Normal:  474

[Confusion Matrix]
  - True Positives (TP):  1616
  - True Negatives (TN):  469
  - False Positives (FP): 13
  - False Negatives (FN): 5

[Metrics]
  - Precision:  0.9931  (99.31%)
  - Recall:     0.9957  (99.57%)
  - F1-Score:   0.9944  (99.44%)
============================================================

[36m(ClientAppActor pid=632055)[0m [Client 1] Class weights (smoothed): {0: 1.0, 1: 1.0}[32m [repeated 16x across cluster][0m
[DEBUG] evaluate_metrics_aggregation_fn called with 4 results
[DEBUG] results type: <class 'list'>
[DEBUG] First result type: <class 'tuple'>
[DEBUG] First result length: 2
[DEBUG] results[0][0] type: <class 'int'>
[DEBUG] results[0][1] type: <class 'flwr.app.message.configrecord.ConfigRecord'>
[DEBUG _get_metrics] res_item[1] type: ConfigRecord
[DEBUG _get_metrics] res_item[1] has metrics attr: False
[DEBUG _get_metrics] res_item[1].__dict__: {'_check_key_fn': <function _check_key at 0x72839bbd4900>, '_check_value_fn': <function _check_value at 0x7283913c49a0>, '_data': {'accuracy': 0.99239182472229, 'loss': 0.0072336457669734955, 'total_samples': 2103, 'actual_attack': 1621, 'actual_normal': 482, 'predicted_attack': 1621, 'predicted_normal': 482, 'true_positives': 1613, 'true_negatives': 474, 'false_positives': 8, 'false_negatives': 8, 'precision': 0.9950647748303516, 'recall': 0.9950647748303516, 'f1_score': 0.9950647748303516}}
[DEBUG _get_metrics] res_item[1].keys(): ['accuracy', 'loss', 'total_samples', 'actual_attack', 'actual_normal', 'predicted_attack', 'predicted_normal', 'true_positives', 'true_negatives', 'false_positives', 'false_negatives', 'precision', 'recall', 'f1_score'][92mINFO [0m:      
[92mINFO [0m:      [ROUND 57]
[92mINFO [0m:      configure_fit: strategy sampled 4 clients (out of 4)
[92mINFO [0m:      aggregate_fit: received 4 results and 0 failures
[92mINFO [0m:      configure_evaluate: strategy sampled 4 clients (out of 4)
[92mINFO [0m:      aggregate_evaluate: received 4 results and 0 failures

[DEBUG _get_metrics] Extracted from ConfigRecord._data
[DEBUG _get_metrics] res_item[1] type: ConfigRecord
[DEBUG _get_metrics] res_item[1] has metrics attr: False
[DEBUG _get_metrics] res_item[1].__dict__: {'_check_key_fn': <function _check_key at 0x72839bbd4900>, '_check_value_fn': <function _check_value at 0x7283913c49a0>, '_data': {'accuracy': 0.9895486831665039, 'loss': 0.007388701196759939, 'total_samples': 2105, 'actual_attack': 1622, 'actual_normal': 483, 'predicted_attack': 1624, 'predicted_normal': 481, 'true_positives': 1612, 'true_negatives': 471, 'false_positives': 12, 'false_negatives': 10, 'precision': 0.9926108374384236, 'recall': 0.9938347718865598, 'f1_score': 0.9932224276032039}}
[DEBUG _get_metrics] res_item[1].keys(): ['accuracy', 'loss', 'total_samples', 'actual_attack', 'actual_normal', 'predicted_attack', 'predicted_normal', 'true_positives', 'true_negatives', 'false_positives', 'false_negatives', 'precision', 'recall', 'f1_score']
[DEBUG _get_metrics] Extracted from ConfigRecord._data
[DEBUG _get_metrics] res_item[1] type: ConfigRecord
[DEBUG _get_metrics] res_item[1] has metrics attr: False
[DEBUG _get_metrics] res_item[1].__dict__: {'_check_key_fn': <function _check_key at 0x72839bbd4900>, '_check_value_fn': <function _check_value at 0x7283913c49a0>, '_data': {'accuracy': 0.9909653067588806, 'loss': 0.007875542156398296, 'total_samples': 2103, 'actual_attack': 1621, 'actual_normal': 482, 'predicted_attack': 1628, 'predicted_normal': 475, 'true_positives': 1615, 'true_negatives': 469, 'false_positives': 13, 'false_negatives': 6, 'precision': 0.992014742014742, 'recall': 0.9962985811227637, 'f1_score': 0.9941520467836257}}
[DEBUG _get_metrics] res_item[1].keys(): ['accuracy', 'loss', 'total_samples', 'actual_attack', 'actual_normal', 'predicted_attack', 'predicted_normal', 'true_positives', 'true_negatives', 'false_positives', 'false_negatives', 'precision', 'recall', 'f1_score']
[DEBUG _get_metrics] Extracted from ConfigRecord._data
[DEBUG _get_metrics] res_item[1] type: ConfigRecord
[DEBUG _get_metrics] res_item[1] has metrics attr: False
[DEBUG _get_metrics] res_item[1].__dict__: {'_check_key_fn': <function _check_key at 0x72839bbd4900>, '_check_value_fn': <function _check_value at 0x7283913c49a0>, '_data': {'accuracy': 0.9909653067588806, 'loss': 0.007875542156398296, 'total_samples': 2103, 'actual_attack': 1621, 'actual_normal': 482, 'predicted_attack': 1628, 'predicted_normal': 475, 'true_positives': 1615, 'true_negatives': 469, 'false_positives': 13, 'false_negatives': 6, 'precision': 0.992014742014742, 'recall': 0.9962985811227637, 'f1_score': 0.9941520467836257}}
[DEBUG _get_metrics] res_item[1].keys(): ['accuracy', 'loss', 'total_samples', 'actual_attack', 'actual_normal', 'predicted_attack', 'predicted_normal', 'true_positives', 'true_negatives', 'false_positives', 'false_negatives', 'precision', 'recall', 'f1_score']
[DEBUG _get_metrics] Extracted from ConfigRecord._data
[DEBUG] Extracted 4 metrics from results

[Evaluation Summary]
============================================================
Round: 56 / 60
Accuracy (mean):  0.9910  (99.10%)
Loss:             0.0076
[Per-Device Accuracy]
  - Device 0:  0.9924  (99.24%)
  - Device 1:  0.9895  (98.95%)
  - Device 2:  0.9910  (99.10%)
  - Device 3:  0.9910  (99.10%)

[Ground Truth]
  - Attack samples: 1621
  - Normal samples: 482
  - Total samples:  2103

[Predictions]
  - Predicted Attack:  1621
  - Predicted Normal:  482

[Confusion Matrix]
  - True Positives (TP):  1613
  - True Negatives (TN):  474
  - False Positives (FP): 8
  - False Negatives (FN): 8

[Metrics]
  - Precision:  0.9929  (99.29%)
  - Recall:     0.9954  (99.54%)
  - F1-Score:   0.9941  (99.41%)
============================================================

[DEBUG] evaluate_metrics_aggregation_fn called with 4 results
[DEBUG] results type: <class 'list'>
[DEBUG] First result type: <class 'tuple'>
[DEBUG] First result length: 2
[DEBUG] results[0][0] type: <class 'int'>
[DEBUG] results[0][1] type: <class 'flwr.app.message.configrecord.ConfigRecord'>
[DEBUG _get_metrics] res_item[1] type: ConfigRecord
[DEBUG _get_metrics] res_item[1] has metrics attr: False
[DEBUG _get_metrics] res_item[1].__dict__: {'_check_key_fn': <function _check_key at 0x72839bbd4900>, '_check_value_fn': <function _check_value at 0x7283913c49a0>, '_data': {'accuracy': 0.9909653067588806, 'loss': 0.007807774934917688, 'total_samples': 2103, 'actual_attack': 1621, 'actual_normal': 482, 'predicted_attack': 1628, 'predicted_normal': 475, 'true_positives': 1615, 'true_negatives': 469, 'false_positives': 13, 'false_negatives': 6, 'precision': 0.992014742014742, 'recall': 0.9962985811227637, 'f1_score': 0.9941520467836257}}
[DEBUG _get_metrics] res_item[1].keys(): ['accuracy', 'loss', 'total_samples', 'actual_attack', 'actual_normal', 'predicted_attack', 'predicted_normal', 'true_positives', 'true_negatives', 'false_positives', 'false_negatives', 'precision', 'recall', 'f1_score']
[DEBUG _get_metrics] Extracted from ConfigRecord._data
[DEBUG _get_metrics] res_item[1] type: ConfigRecord
[DEBUG _get_metrics] res_item[1] has metrics attr: False
[DEBUG _get_metrics] res_item[1].__dict__: {'_check_key_fn': <function _check_key at 0x72839bbd4900>, '_check_value_fn': <function _check_value at 0x7283913c49a0>, '_data': {'accuracy': 0.9909653067588806, 'loss': 0.007807774934917688, 'total_samples': 2103, 'actual_attack': 1621, 'actual_normal': 482, 'predicted_attack': 1628, 'predicted_normal': 475, 'true_positives': 1615, 'true_negatives': 469, 'false_positives': 13, 'false_negatives': 6, 'precision': 0.992014742014742, 'recall': 0.9962985811227637, 'f1_score': 0.9941520467836257}}
[DEBUG _get_metrics] res_item[1].keys(): ['accuracy', 'loss', 'total_samples', 'actual_attack', 'actual_normal', 'predicted_attack', 'predicted_normal', 'true_positives', 'true_negatives', 'false_positives', 'false_negatives', 'precision', 'recall', 'f1_score']
[DEBUG _get_metrics] Extracted from ConfigRecord._data
[DEBUG _get_metrics] res_item[1] type: ConfigRecord
[DEBUG _get_metrics] res_item[1] has metrics attr: False
[DEBUG _get_metrics] res_item[1].__dict__: {'_check_key_fn': <function _check_key at 0x72839bbd4900>, '_check_value_fn': <function _check_value at 0x7283913c49a0>, '_data': {'accuracy': 0.989073634147644, 'loss': 0.007324232254177332, 'total_samples': 2105, 'actual_attack': 1622, 'actual_normal': 483, 'predicted_attack': 1623, 'predicted_normal': 482, 'true_positives': 1611, 'true_negatives': 471, 'false_positives': 12, 'false_negatives': 11, 'precision': 0.9926062846580407, 'recall': 0.9932182490752158, 'f1_score': 0.9929121725731895}}
[DEBUG _get_metrics] res_item[1].keys(): ['accuracy', 'loss', 'total_samples', 'actual_attack', 'actual_normal', 'predicted_attack', 'predicted_normal', 'true_positives', 'true_negatives', 'false_positives', 'false_negatives', 'precision', 'recall', 'f1_score']
[DEBUG _get_metrics] Extracted from ConfigRecord._data
[DEBUG _get_metrics] res_item[1] type: ConfigRecord
[DEBUG _get_metrics] res_item[1] has metrics attr: False
[DEBUG _get_metrics] res_item[1].__dict__: {'_check_key_fn': <function _check_key at 0x72839bbd4900>, '_check_value_fn': <function _check_value at 0x7283913c49a0>, '_data': {'accuracy': 0.99239182472229, 'loss': 0.007171511184424162, 'total_samples': 2103, 'actual_attack': 1621, 'actual_normal': 482, 'predicted_attack': 1621, 'predicted_normal': 482, 'true_positives': 1613, 'true_negatives': 474, 'false_positives': 8, 'false_negatives': 8, 'precision': 0.9950647748303516, 'recall': 0.9950647748303516, 'f1_score': 0.9950647748303516}}
[DEBUG _get_metrics] res_item[1].keys(): ['accuracy', 'loss', 'total_samples', 'actual_attack', 'actual_normal', 'predicted_attack', 'predicted_normal', 'true_positives', 'true_negatives', 'false_positives', 'false_negatives', 'precision', 'recall', 'f1_score']
[DEBUG _get_metrics] Extracted from ConfigRecord._data
[DEBUG] Extracted 4 metrics from results

[Evaluation Summary]
============================================================
Round: 57 / 60
Accuracy (mean):  0.9908  (99.08%)
Loss:             0.0075
[Per-Device Accuracy]
  - Device 0:  0.9910  (99.10%)[92mINFO [0m:      
[92mINFO [0m:      [ROUND 58]
[92mINFO [0m:      configure_fit: strategy sampled 4 clients (out of 4)
[92mINFO [0m:      aggregate_fit: received 4 results and 0 failures
[92mINFO [0m:      configure_evaluate: strategy sampled 4 clients (out of 4)
[92mINFO [0m:      aggregate_evaluate: received 4 results and 0 failures
[92mINFO [0m:      
[92mINFO [0m:      [ROUND 59]
[92mINFO [0m:      configure_fit: strategy sampled 4 clients (out of 4)
[92mINFO [0m:      aggregate_fit: received 4 results and 0 failures
[92mINFO [0m:      configure_evaluate: strategy sampled 4 clients (out of 4)
[92mINFO [0m:      aggregate_evaluate: received 4 results and 0 failures

  - Device 1:  0.9910  (99.10%)
  - Device 2:  0.9891  (98.91%)
  - Device 3:  0.9924  (99.24%)

[Ground Truth]
  - Attack samples: 1621
  - Normal samples: 482
  - Total samples:  2103

[Predictions]
  - Predicted Attack:  1628
  - Predicted Normal:  475

[Confusion Matrix]
  - True Positives (TP):  1615
  - True Negatives (TN):  469
  - False Positives (FP): 13
  - False Negatives (FN): 6

[Metrics]
  - Precision:  0.9929  (99.29%)
  - Recall:     0.9952  (99.52%)
  - F1-Score:   0.9941  (99.41%)
============================================================

[36m(ClientAppActor pid=632055)[0m [Client 1] Class weights (smoothed): {0: 1.0, 1: 1.0}[32m [repeated 16x across cluster][0m
[DEBUG] evaluate_metrics_aggregation_fn called with 4 results
[DEBUG] results type: <class 'list'>
[DEBUG] First result type: <class 'tuple'>
[DEBUG] First result length: 2
[DEBUG] results[0][0] type: <class 'int'>
[DEBUG] results[0][1] type: <class 'flwr.app.message.configrecord.ConfigRecord'>
[DEBUG _get_metrics] res_item[1] type: ConfigRecord
[DEBUG _get_metrics] res_item[1] has metrics attr: False
[DEBUG _get_metrics] res_item[1].__dict__: {'_check_key_fn': <function _check_key at 0x72839bbd4900>, '_check_value_fn': <function _check_value at 0x7283913c49a0>, '_data': {'accuracy': 0.99239182472229, 'loss': 0.007099309470504522, 'total_samples': 2103, 'actual_attack': 1621, 'actual_normal': 482, 'predicted_attack': 1621, 'predicted_normal': 482, 'true_positives': 1613, 'true_negatives': 474, 'false_positives': 8, 'false_negatives': 8, 'precision': 0.9950647748303516, 'recall': 0.9950647748303516, 'f1_score': 0.9950647748303516}}
[DEBUG _get_metrics] res_item[1].keys(): ['accuracy', 'loss', 'total_samples', 'actual_attack', 'actual_normal', 'predicted_attack', 'predicted_normal', 'true_positives', 'true_negatives', 'false_positives', 'false_negatives', 'precision', 'recall', 'f1_score']
[DEBUG _get_metrics] Extracted from ConfigRecord._data
[DEBUG _get_metrics] res_item[1] type: ConfigRecord
[DEBUG _get_metrics] res_item[1] has metrics attr: False
[DEBUG _get_metrics] res_item[1].__dict__: {'_check_key_fn': <function _check_key at 0x72839bbd4900>, '_check_value_fn': <function _check_value at 0x7283913c49a0>, '_data': {'accuracy': 0.989073634147644, 'loss': 0.007283618673682213, 'total_samples': 2105, 'actual_attack': 1622, 'actual_normal': 483, 'predicted_attack': 1623, 'predicted_normal': 482, 'true_positives': 1611, 'true_negatives': 471, 'false_positives': 12, 'false_negatives': 11, 'precision': 0.9926062846580407, 'recall': 0.9932182490752158, 'f1_score': 0.9929121725731895}}
[DEBUG _get_metrics] res_item[1].keys(): ['accuracy', 'loss', 'total_samples', 'actual_attack', 'actual_normal', 'predicted_attack', 'predicted_normal', 'true_positives', 'true_negatives', 'false_positives', 'false_negatives', 'precision', 'recall', 'f1_score']
[DEBUG _get_metrics] Extracted from ConfigRecord._data
[DEBUG _get_metrics] res_item[1] type: ConfigRecord
[DEBUG _get_metrics] res_item[1] has metrics attr: False
[DEBUG _get_metrics] res_item[1].__dict__: {'_check_key_fn': <function _check_key at 0x72839bbd4900>, '_check_value_fn': <function _check_value at 0x7283913c49a0>, '_data': {'accuracy': 0.9909653067588806, 'loss': 0.007753491867333651, 'total_samples': 2103, 'actual_attack': 1621, 'actual_normal': 482, 'predicted_attack': 1628, 'predicted_normal': 475, 'true_positives': 1615, 'true_negatives': 469, 'false_positives': 13, 'false_negatives': 6, 'precision': 0.992014742014742, 'recall': 0.9962985811227637, 'f1_score': 0.9941520467836257}}
[DEBUG _get_metrics] res_item[1].keys(): ['accuracy', 'loss', 'total_samples', 'actual_attack', 'actual_normal', 'predicted_attack', 'predicted_normal', 'true_positives', 'true_negatives', 'false_positives', 'false_negatives', 'precision', 'recall', 'f1_score']
[DEBUG _get_metrics] Extracted from ConfigRecord._data
[DEBUG _get_metrics] res_item[1] type: ConfigRecord
[DEBUG _get_metrics] res_item[1] has metrics attr: False
[DEBUG _get_metrics] res_item[1].__dict__: {'_check_key_fn': <function _check_key at 0x72839bbd4900>, '_check_value_fn': <function _check_value at 0x7283913c49a0>, '_data': {'accuracy': 0.9909653067588806, 'loss': 0.007753491867333651, 'total_samples': 2103, 'actual_attack': 1621, 'actual_normal': 482, 'predicted_attack': 1628, 'predicted_normal': 475, 'true_positives': 1615, 'true_negatives': 469, 'false_positives': 13, 'false_negatives': 6, 'precision': 0.992014742014742, 'recall': 0.9962985811227637, 'f1_score': 0.9941520467836257}}
[DEBUG _get_metrics] res_item[1].keys(): ['accuracy', 'loss', 'total_samples', 'actual_attack', 'actual_normal', 'predicted_attack', 'predicted_normal', 'true_positives', 'true_negatives', 'false_positives', 'false_negatives', 'precision', 'recall', 'f1_score']
[DEBUG _get_metrics] Extracted from ConfigRecord._data
[DEBUG] Extracted 4 metrics from results

[Evaluation Summary]
============================================================
Round: 58 / 60
Accuracy (mean):  0.9908  (99.08%)
Loss:             0.0075
[Per-Device Accuracy]
  - Device 0:  0.9924  (99.24%)
  - Device 1:  0.9891  (98.91%)
  - Device 2:  0.9910  (99.10%)
  - Device 3:  0.9910  (99.10%)

[Ground Truth]
  - Attack samples: 1621
  - Normal samples: 482
  - Total samples:  2103

[Predictions]
  - Predicted Attack:  1621
  - Predicted Normal:  482

[Confusion Matrix]
  - True Positives (TP):  1613
  - True Negatives (TN):  474
  - False Positives (FP): 8
  - False Negatives (FN): 8

[Metrics]
  - Precision:  0.9929  (99.29%)
  - Recall:     0.9952  (99.52%)
  - F1-Score:   0.9941  (99.41%)
============================================================

[DEBUG] evaluate_metrics_aggregation_fn called with 4 results
[DEBUG] results type: <class 'list'>
[DEBUG] First result type: <class 'tuple'>
[DEBUG] First result length: 2
[DEBUG] results[0][0] type: <class 'int'>
[DEBUG] results[0][1] type: <class 'flwr.app.message.configrecord.ConfigRecord'>
[DEBUG _get_metrics] res_item[1] type: ConfigRecord
[DEBUG _get_metrics] res_item[1] has metrics attr: False
[DEBUG _get_metrics] res_item[1].__dict__: {'_check_key_fn': <function _check_key at 0x72839bbd4900>, '_check_value_fn': <function _check_value at 0x7283913c49a0>, '_data': {'accuracy': 0.9928673505783081, 'loss': 0.007231175433844328, 'total_samples': 2103, 'actual_attack': 1621, 'actual_normal': 482, 'predicted_attack': 1620, 'predicted_normal': 483, 'true_positives': 1613, 'true_negatives': 475, 'false_positives': 7, 'false_negatives': 8, 'precision': 0.995679012345679, 'recall': 0.9950647748303516, 'f1_score': 0.9953717988275222}}
[DEBUG _get_metrics] res_item[1].keys(): ['accuracy', 'loss', 'total_samples', 'actual_attack', 'actual_normal', 'predicted_attack', 'predicted_normal', 'true_positives', 'true_negatives', 'false_positives', 'false_negatives', 'precision', 'recall', 'f1_score']
[DEBUG _get_metrics] Extracted from ConfigRecord._data
[DEBUG _get_metrics] res_item[1] type: ConfigRecord
[DEBUG _get_metrics] res_item[1] has metrics attr: False
[DEBUG _get_metrics] res_item[1].__dict__: {'_check_key_fn': <function _check_key at 0x72839bbd4900>, '_check_value_fn': <function _check_value at 0x7283913c49a0>, '_data': {'accuracy': 0.9885985851287842, 'loss': 0.007426825817674398, 'total_samples': 2105, 'actual_attack': 1622, 'actual_normal': 483, 'predicted_attack': 1622, 'predicted_normal': 483, 'true_positives': 1610, 'true_negatives': 471, 'false_positives': 12, 'false_negatives': 12, 'precision': 0.9926017262638718, 'recall': 0.9926017262638718, 'f1_score': 0.9926017262638718}}
[DEBUG _get_metrics] res_item[1].keys(): ['accuracy', 'loss', 'total_samples', 'actual_attack', 'actual_normal', 'predicted_attack', 'predicted_normal', 'true_positives', 'true_negatives', 'false_positives', 'false_negatives', 'precision', 'recall', 'f1_score']
[DEBUG _get_metrics] Extracted from ConfigRecord._data
[DEBUG _get_metrics] res_item[1] type: ConfigRecord
[DEBUG _get_metrics] res_item[1] has metrics attr: False
[DEBUG _get_metrics] res_item[1].__dict__: {'_check_key_fn': <function _check_key at 0x72839bbd4900>, '_check_value_fn': <function _check_value at 0x7283913c49a0>, '_data': {'accuracy': 0.9909653067588806, 'loss': 0.00791943073272705, 'total_samples': 2103, 'actual_attack': 1621, 'actual_normal': 482, 'predicted_attack': 1628, 'predicted_normal': 475, 'true_positives': 1615, 'true_negatives': 469, 'false_positives': 13, 'false_negatives': 6, 'precision': 0.992014742014742, 'recall': 0.9962985811227637, 'f1_score': 0.9941520467836257}}[92mINFO [0m:      
[92mINFO [0m:      [ROUND 60]
[92mINFO [0m:      configure_fit: strategy sampled 4 clients (out of 4)
[92mINFO [0m:      aggregate_fit: received 4 results and 0 failures
[92mINFO [0m:      configure_evaluate: strategy sampled 4 clients (out of 4)
[92mINFO [0m:      aggregate_evaluate: received 4 results and 0 failures
[92mINFO [0m:      
[92mINFO [0m:      [SUMMARY]
[92mINFO [0m:      Run finished 60 round(s) in 247.77s
[92mINFO [0m:      	History (loss, distributed):
[92mINFO [0m:      		round 1: 0.08740992999775324
[92mINFO [0m:      		round 2: 0.07977252721340208
[92mINFO [0m:      		round 3: 0.0724816247023906
[92mINFO [0m:      		round 4: 0.06274274190113441
[92mINFO [0m:      		round 5: 0.05291426109005273
[92mINFO [0m:      		round 6: 0.04441372404773331
[92mINFO [0m:      		round 7: 0.03708369403126505
[92mINFO [0m:      		round 8: 0.03060361842569721
[92mINFO [0m:      		round 9: 0.025614002296474828
[92mINFO [0m:      		round 10: 0.021091391520173114
[92mINFO [0m:      		round 11: 0.017376923897541176
[92mINFO [0m:      		round 12: 0.014489706542802475
[92mINFO [0m:      		round 13: 0.012324009847984211
[92mINFO [0m:      		round 14: 0.010729491027058348
[92mINFO [0m:      		round 15: 0.009711630204867368
[92mINFO [0m:      		round 16: 0.00900489480208339
[92mINFO [0m:      		round 17: 0.00859894449845849
[92mINFO [0m:      		round 18: 0.00824570336589638
[92mINFO [0m:      		round 19: 0.007976664451269922
[92mINFO [0m:      		round 20: 0.007835900047180776
[92mINFO [0m:      		round 21: 0.007773964203600153
[92mINFO [0m:      		round 22: 0.00785328180691666
[92mINFO [0m:      		round 23: 0.007783307885719693
[92mINFO [0m:      		round 24: 0.007777280133020107
[92mINFO [0m:      		round 25: 0.007699309496595546
[92mINFO [0m:      		round 26: 0.007627476325082841
[92mINFO [0m:      		round 27: 0.007555232530690877
[92mINFO [0m:      		round 28: 0.007554359331544172
[92mINFO [0m:      		round 29: 0.0075192557641072365
[92mINFO [0m:      		round 30: 0.007549133821759601
[92mINFO [0m:      		round 31: 0.0076505314646298055
[92mINFO [0m:      		round 32: 0.007665329110714144
[92mINFO [0m:      		round 33: 0.007805354627558135
[92mINFO [0m:      		round 34: 0.007839910709592468
[92mINFO [0m:      		round 35: 0.00781161103002233
[92mINFO [0m:      		round 36: 0.007915653383721482
[92mINFO [0m:      		round 37: 0.007928717255283307
[92mINFO [0m:      		round 38: 0.007938349208304633
[92mINFO [0m:      		round 39: 0.007821345192929038
[92mINFO [0m:      		round 40: 0.007814321345243437
[92mINFO [0m:      		round 41: 0.0077684156761916685
[92mINFO [0m:      		round 42: 0.007732670179063276
[92mINFO [0m:      		round 43: 0.00773161966551785
[92mINFO [0m:      		round 44: 0.007763845457821387
[92mINFO [0m:      		round 45: 0.007843272282507528
[92mINFO [0m:      		round 46: 0.007848814494211855
[92mINFO [0m:      		round 47: 0.007738749694160184
[92mINFO [0m:      		round 48: 0.007727346369918743
[92mINFO [0m:      		round 49: 0.0076308593134361904
[92mINFO [0m:      		round 50: 0.007576543754714935
[92mINFO [0m:      		round 51: 0.0076916541295209764
[92mINFO [0m:      		round 52: 0.0076885507976123145
[92mINFO [0m:      		round 53: 0.00776518321924163
[92mINFO [0m:      		round 54: 0.007720415285680667
[92mINFO [0m:      		round 55: 0.00768870498650998
[92mINFO [0m:      		round 56: 0.007593309172443091
[92mINFO [0m:      		round 57: 0.007527774933699916
[92mINFO [0m:      		round 58: 0.00747243307803392
[92mINFO [0m:      		round 59: 0.007624168759856098
[92mINFO [0m:      		round 60: 0.007669282791436973
[92mINFO [0m:      	History (metrics, distributed, evaluate):
[92mINFO [0m:      	{'accuracy': [(1, 0.36142413318157196),
[92mINFO [0m:      	              (2, 0.7771560996770859),
[92mINFO [0m:      	              (3, 0.8384811282157898),
[92mINFO [0m:      	              (4, 0.9151403605937958),
[92mINFO [0m:      	              (5, 0.9573321342468262),
[92mINFO [0m:      	              (6, 0.9563807547092438),
[92mINFO [0m:      	              (7, 0.9500814974308014),
[92mINFO [0m:      	              (8, 0.9585205763578415),
[92mINFO [0m:      	              (9, 0.9585205763578415),
[92mINFO [0m:      	              (10, 0.9588771909475327),
[92mINFO [0m:      	              (11, 0.9588771015405655),
[92mINFO [0m:      	              (12, 0.9587583392858505),
[92mINFO [0m:      	              (13, 0.9898985475301743),
[92mINFO [0m:      	              (14, 0.9904927164316177),
[92mINFO [0m:      	              (15, 0.9907302558422089),
[92mINFO [0m:      	              (16, 0.9906113743782043),
[92mINFO [0m:      	              (17, 0.990967869758606),
[92mINFO [0m:      	              (18, 0.9910867512226105),
[92mINFO [0m:      	              (19, 0.9909679889678955),
[92mINFO [0m:      	              (20, 0.9910868704319),
[92mINFO [0m:      	              (21, 0.9910868704319),
[92mINFO [0m:      	              (22, 0.9910868704319),
[92mINFO [0m:      	              (23, 0.991205632686615),
[92mINFO [0m:      	              (24, 0.991205632686615),
[92mINFO [0m:      	              (25, 0.991205632686615),
[92mINFO [0m:      	              (26, 0.9910867512226105),
[92mINFO [0m:      	              (27, 0.9910867512226105),
[92mINFO [0m:      	              (28, 0.991205632686615),
[92mINFO [0m:      	              (29, 0.9913244992494583),
[92mINFO [0m:      	              (30, 0.9913244992494583),
[92mINFO [0m:      	              (31, 0.9913244992494583),
[92mINFO [0m:      	              (32, 0.9912057369947433),
[92mINFO [0m:      	              (33, 0.9913244992494583),
[92mINFO [0m:      	              (34, 0.9913244992494583),
[92mINFO [0m:      	              (35, 0.9913244992494583),
[92mINFO [0m:      	              (36, 0.991205632686615),
[92mINFO [0m:      	              (37, 0.991205632686615),
[92mINFO [0m:      	              (38, 0.991205632686615),
[92mINFO [0m:      	              (39, 0.991205632686615),
[92mINFO [0m:      	              (40, 0.991205632686615),
[92mINFO [0m:      	              (41, 0.991205632686615),
[92mINFO [0m:      	              (42, 0.991205632686615),
[92mINFO [0m:      	              (43, 0.991205632686615),
[92mINFO [0m:      	              (44, 0.9913244992494583),
[92mINFO [0m:      	              (45, 0.9913244992494583),
[92mINFO [0m:      	              (46, 0.9913244992494583),
[92mINFO [0m:      	              (47, 0.9913244992494583),
[92mINFO [0m:      	              (48, 0.9913244992494583),
[92mINFO [0m:      	              (49, 0.9913244992494583),
[92mINFO [0m:      	              (50, 0.9913244992494583),
[92mINFO [0m:      	              (51, 0.9913244992494583),
[92mINFO [0m:      	              (52, 0.9913244992494583),
[92mINFO [0m:      	              (53, 0.9910867661237717),
[92mINFO [0m:      	              (54, 0.9914432615041733),
[92mINFO [0m:      	              (55, 0.99132439494133),
[92mINFO [0m:      	              (56, 0.9909677803516388),
[92mINFO [0m:      	              (57, 0.9908490180969238),
[92mINFO [0m:      	              (58, 0.9908490180969238),
[92mINFO [0m:      	              (59, 0.9908491373062134),
[92mINFO [0m:      	              (60, 0.9908492416143417)],
[92mINFO [0m:      	 'actual_attack': [(1, 1621),
[92mINFO [0m:      	                   (2, 1621),
[92mINFO [0m:      	                   (3, 1621),
[92mINFO [0m:      	                   (4, 1622),
[92mINFO [0m:      	                   (5, 1621),
[92mINFO [0m:      	                   (6, 1621),
[92mINFO [0m:      	                   (7, 1621),
[92mINFO [0m:      	                   (8, 1621),
[92mINFO [0m:      	                   (9, 1621),
[92mINFO [0m:      	                   (10, 1621),
[92mINFO [0m:      	                   (11, 1621),
[92mINFO [0m:      	                   (12, 1621),
[92mINFO [0m:      	                   (13, 1621),
[92mINFO [0m:      	                   (14, 1621),
[92mINFO [0m:      	                   (15, 1621),
[92mINFO [0m:      	                   (16, 1621),
[92mINFO [0m:      	                   (17, 1621),
[92mINFO [0m:      	                   (18, 1621),
[92mINFO [0m:      	                   (19, 1621),
[92mINFO [0m:      	                   (20, 1621),
[92mINFO [0m:      	                   (21, 1621),
[92mINFO [0m:      	                   (22, 1622),
[92mINFO [0m:      	                   (23, 1622),
[92mINFO [0m:      	                   (24, 1621),
[92mINFO [0m:      	                   (25, 1621),
[92mINFO [0m:      	                   (26, 1622),
[92mINFO [0m:      	                   (27, 1621),
[92mINFO [0m:      	                   (28, 1621),
[92mINFO [0m:      	                   (29, 1622),
[92mINFO [0m:      	                   (30, 1621),
[92mINFO [0m:      	                   (31, 1621),
[92mINFO [0m:      	                   (32, 1621),
[92mINFO [0m:      	                   (33, 1621),
[92mINFO [0m:      	                   (34, 1622),
[92mINFO [0m:      	                   (35, 1621),
[92mINFO [0m:      	                   (36, 1622),
[92mINFO [0m:      	                   (37, 1621),
[92mINFO [0m:      	                   (38, 1621),
[92mINFO [0m:      	                   (39, 1621),
[92mINFO [0m:      	                   (40, 1622),
[92mINFO [0m:      	                   (41, 1621),
[92mINFO [0m:      	                   (42, 1621),
[92mINFO [0m:      	                   (43, 1621),
[92mINFO [0m:      	                   (44, 1621),
[92mINFO [0m:      	                   (45, 1621),
[92mINFO [0m:      	                   (46, 1622),
[92mINFO [0m:      	                   (47, 1621),
[92mINFO [0m:      	                   (48, 1622),
[92mINFO [0m:      	                   (49, 1621),
[92mINFO [0m:      	                   (50, 1621),
[92mINFO [0m:      	                   (51, 1621),
[92mINFO [0m:      	                   (52, 1621),
[92mINFO [0m:      	                   (53, 1621),
[92mINFO [0m:      	                   (54, 1621),
[92mINFO [0m:      	                   (55, 1621),
[92mINFO [0m:      	                   (56, 1621),
[92mINFO [0m:      	                   (57, 1621),
[92mINFO [0m:      	                   (58, 1621),
[92mINFO [0m:      	                   (59, 1621),
[92mINFO [0m:      	                   (60, 1621)],
[92mINFO [0m:      	 'actual_normal': [(1, 482),
[92mINFO [0m:      	                   (2, 482),
[92mINFO [0m:      	                   (3, 482),
[92mINFO [0m:      	                   (4, 483),
[92mINFO [0m:      	                   (5, 482),
[92mINFO [0m:      	                   (6, 482),
[92mINFO [0m:      	                   (7, 482),
[92mINFO [0m:      	                   (8, 482),
[92mINFO [0m:      	                   (9, 482),
[92mINFO [0m:      	                   (10, 482),
[92mINFO [0m:      	                   (11, 482),
[92mINFO [0m:      	                   (12, 482),
[92mINFO [0m:      	                   (13, 482),
[92mINFO [0m:      	                   (14, 482),
[92mINFO [0m:      	                   (15, 482),
[92mINFO [0m:      	                   (16, 482),
[92mINFO [0m:      	                   (17, 482),
[92mINFO [0m:      	                   (18, 482),
[92mINFO [0m:      	                   (19, 482),
[92mINFO [0m:      	                   (20, 482),
[92mINFO [0m:      	                   (21, 482),
[92mINFO [0m:      	                   (22, 483),
[92mINFO [0m:      	                   (23, 483),
[92mINFO [0m:      	                   (24, 482),
[92mINFO [0m:      	                   (25, 482),
[92mINFO [0m:      	                   (26, 483),
[92mINFO [0m:      	                   (27, 482),
[92mINFO [0m:      	                   (28, 482),
[92mINFO [0m:      	                   (29, 483),
[92mINFO [0m:      	                   (30, 482),
[92mINFO [0m:      	                   (31, 482),
[92mINFO [0m:      	                   (32, 482),
[92mINFO [0m:      	                   (33, 482),
[92mINFO [0m:      	                   (34, 483),
[92mINFO [0m:      	                   (35, 482),
[92mINFO [0m:      	                   (36, 483),
[92mINFO [0m:      	                   (37, 482),
[92mINFO [0m:      	                   (38, 482),
[92mINFO [0m:      	                   (39, 482),
[92mINFO [0m:      	                   (40, 483),
[92mINFO [0m:      	                   (41, 482),
[92mINFO [0m:      	                   (42, 482),
[92mINFO [0m:      	                   (43, 482),
[92mINFO [0m:      	                   (44, 482),
[92mINFO [0m:      	                   (45, 482),
[92mINFO [0m:      	                   (46, 483),
[92mINFO [0m:      	                   (47, 482),
[92mINFO [0m:      	                   (48, 483),
[92mINFO [0m:      	                   (49, 482),
[92mINFO [0m:      	                   (50, 482),
[92mINFO [0m:      	                   (51, 482),
[92mINFO [0m:      	                   (52, 482),
[92mINFO [0m:      	                   (53, 482),
[92mINFO [0m:      	                   (54, 482),
[92mINFO [0m:      	                   (55, 482),
[92mINFO [0m:      	                   (56, 482),
[92mINFO [0m:      	                   (57, 482),
[92mINFO [0m:      	                   (58, 482),
[92mINFO [0m:      	                   (59, 482),
[92mINFO [0m:      	                   (60, 482)],
[92mINFO [0m:      	 'f1_score': [(1, 0.42871570331645903),
[92mINFO [0m:      	              (2, 0.8312701638756744),
[92mINFO [0m:      	              (3, 0.8831340331399369),
[92mINFO [0m:      	              (4, 0.9419249934281194),
[92mINFO [0m:      	              (5, 0.9716374217758377),
[92mINFO [0m:      	              (6, 0.9710870140609211),
[92mINFO [0m:      	              (7, 0.9670503237909128),
[92mINFO [0m:      	              (8, 0.9724655173702644),
[92mINFO [0m:      	              (9, 0.9724655173702644),
[92mINFO [0m:      	              (10, 0.9726996620334953),
[92mINFO [0m:      	              (11, 0.9726938419767108),
[92mINFO [0m:      	              (12, 0.9726134273684512),
[92mINFO [0m:      	              (13, 0.9934562866852023),
[92mINFO [0m:      	              (14, 0.9938424917576556),
[92mINFO [0m:      	              (15, 0.9939952011172615),
[92mINFO [0m:      	              (16, 0.9939183981936588),
[92mINFO [0m:      	              (17, 0.9941477704420424),
[92mINFO [0m:      	              (18, 0.994225335915306),
[92mINFO [0m:      	              (19, 0.9941477724940447),
[92mINFO [0m:      	              (20, 0.994224575653075),
[92mINFO [0m:      	              (21, 0.994224575653075),
[92mINFO [0m:      	              (22, 0.9942252901021599),
[92mINFO [0m:      	              (23, 0.9943028535234212),
[92mINFO [0m:      	              (24, 0.9943028535234212),
[92mINFO [0m:      	              (25, 0.9943028535234212),
[92mINFO [0m:      	              (26, 0.994225335915306),
[92mINFO [0m:      	              (27, 0.994225335915306),
[92mINFO [0m:      	              (28, 0.9943021390743363),
[92mINFO [0m:      	              (29, 0.9943796569029604),
[92mINFO [0m:      	              (30, 0.9943796569029604),
[92mINFO [0m:      	              (31, 0.9943796569029604),
[92mINFO [0m:      	              (32, 0.9943020934816991),
[92mINFO [0m:      	              (33, 0.9943785654604863),
[92mINFO [0m:      	              (34, 0.9943785654604863),
[92mINFO [0m:      	              (35, 0.9943785654604863),
[92mINFO [0m:      	              (36, 0.9943017620809471),
[92mINFO [0m:      	              (37, 0.9943017620809471),
[92mINFO [0m:      	              (38, 0.9943017620809472),
[92mINFO [0m:      	              (39, 0.9943017620809472),
[92mINFO [0m:      	              (40, 0.9943017620809471),
[92mINFO [0m:      	              (41, 0.9943017620809471),
[92mINFO [0m:      	              (42, 0.9943017620809472),
[92mINFO [0m:      	              (43, 0.9943017620809471),
[92mINFO [0m:      	              (44, 0.9943785654604864),
[92mINFO [0m:      	              (45, 0.9943785654604863),
[92mINFO [0m:      	              (46, 0.9943785654604863),
[92mINFO [0m:      	              (47, 0.9943785654604863),
[92mINFO [0m:      	              (48, 0.9943785654604863),
[92mINFO [0m:      	              (49, 0.9943785654604863),
[92mINFO [0m:      	              (50, 0.9943785654604863),
[92mINFO [0m:      	              (51, 0.9943785654604863),
[92mINFO [0m:      	              (52, 0.9943785654604863),
[92mINFO [0m:      	              (53, 0.99422381962153),
[92mINFO [0m:      	              (54, 0.99445612921799),
[92mINFO [0m:      	              (55, 0.9943793258384507),
[92mINFO [0m:      	              (56, 0.9941478240002016),
[92mINFO [0m:      	              (57, 0.9940702602426982),
[92mINFO [0m:      	              (58, 0.9940702602426981),
[92mINFO [0m:      	              (59, 0.9940694046646613),
[92mINFO [0m:      	              (60, 0.9940685486028087)],
[92mINFO [0m:      	 'false_negatives': [(1, 1115),
[92mINFO [0m:      	                     (2, 473),
[92mINFO [0m:      	                     (3, 354),
[92mINFO [0m:      	                     (4, 163),
[92mINFO [0m:      	                     (5, 92),
[92mINFO [0m:      	                     (6, 89),
[92mINFO [0m:      	                     (7, 73),
[92mINFO [0m:      	                     (8, 89),
[92mINFO [0m:      	                     (9, 89),
[92mINFO [0m:      	                     (10, 89),
[92mINFO [0m:      	                     (11, 90),
[92mINFO [0m:      	                     (12, 90),
[92mINFO [0m:      	                     (13, 11),
[92mINFO [0m:      	                     (14, 5),
[92mINFO [0m:      	                     (15, 5),
[92mINFO [0m:      	                     (16, 5),
[92mINFO [0m:      	                     (17, 5),
[92mINFO [0m:      	                     (18, 5),
[92mINFO [0m:      	                     (19, 9),
[92mINFO [0m:      	                     (20, 5),
[92mINFO [0m:      	                     (21, 5),
[92mINFO [0m:      	                     (22, 11),
[92mINFO [0m:      	                     (23, 10),
[92mINFO [0m:      	                     (24, 5),
[92mINFO [0m:      	                     (25, 5),
[92mINFO [0m:      	                     (26, 10),
[92mINFO [0m:      	                     (27, 9),
[92mINFO [0m:      	                     (28, 5),
[92mINFO [0m:      	                     (29, 10),
[92mINFO [0m:      	                     (30, 5),
[92mINFO [0m:      	                     (31, 8),
[92mINFO [0m:      	                     (32, 8),
[92mINFO [0m:      	                     (33, 5),
[92mINFO [0m:      	                     (34, 11),
[92mINFO [0m:      	                     (35, 8),
[92mINFO [0m:      	                     (36, 11),
[92mINFO [0m:      	                     (37, 5),
[92mINFO [0m:      	                     (38, 5),
[92mINFO [0m:      	                     (39, 5),
[92mINFO [0m:      	                     (40, 11),
[92mINFO [0m:      	                     (41, 8),
[92mINFO [0m:      	                     (42, 5),
[92mINFO [0m:      	                     (43, 8),
[92mINFO [0m:      	                     (44, 5),
[92mINFO [0m:      	                     (45, 5),
[92mINFO [0m:      	                     (46, 11),
[92mINFO [0m:      	                     (47, 8),
[92mINFO [0m:      	                     (48, 11),
[92mINFO [0m:      	                     (49, 8),
[92mINFO [0m:      	                     (50, 5),
[92mINFO [0m:      	                     (51, 5),
[92mINFO [0m:      	                     (52, 8),
[92mINFO [0m:      	                     (53, 6),
[92mINFO [0m:      	                     (54, 5),
[92mINFO [0m:      	                     (55, 5),
[92mINFO [0m:      	                     (56, 8),
[92mINFO [0m:      	                     (57, 6),
[92mINFO [0m:      	                     (58, 8),
[92mINFO [0m:      	                     (59, 8),
[92mINFO [0m:      	                     (60, 6)],
[92mINFO [0m:      	 'false_positives': [(1, 220),
[92mINFO [0m:      	                     (2, 2),
[92mINFO [0m:      	                     (3, 2),
[92mINFO [0m:      	                     (4, 6),
[92mINFO [0m:      	                     (5, 6),
[92mINFO [0m:      	                     (6, 14),
[92mINFO [0m:      	                     (7, 25),
[92mINFO [0m:      	                     (8, 7),
[92mINFO [0m:      	                     (9, 7),
[92mINFO [0m:      	                     (10, 6),
[92mINFO [0m:      	                     (11, 6),
[92mINFO [0m:      	                     (12, 6),
[92mINFO [0m:      	                     (13, 6),
[92mINFO [0m:      	                     (14, 14),
[92mINFO [0m:      	                     (15, 14),
[92mINFO [0m:      	                     (16, 14),
[92mINFO [0m:      	                     (17, 13),
[92mINFO [0m:      	                     (18, 13),
[92mINFO [0m:      	                     (19, 7),
[92mINFO [0m:      	                     (20, 13),
[92mINFO [0m:      	                     (21, 13),
[92mINFO [0m:      	                     (22, 13),
[92mINFO [0m:      	                     (23, 13),
[92mINFO [0m:      	                     (24, 13),
[92mINFO [0m:      	                     (25, 13),
[92mINFO [0m:      	                     (26, 13),
[92mINFO [0m:      	                     (27, 7),
[92mINFO [0m:      	                     (28, 13),
[92mINFO [0m:      	                     (29, 13),
[92mINFO [0m:      	                     (30, 13),
[92mINFO [0m:      	                     (31, 6),
[92mINFO [0m:      	                     (32, 6),
[92mINFO [0m:      	                     (33, 13),
[92mINFO [0m:      	                     (34, 12),
[92mINFO [0m:      	                     (35, 6),
[92mINFO [0m:      	                     (36, 12),
[92mINFO [0m:      	                     (37, 13),
[92mINFO [0m:      	                     (38, 13),
[92mINFO [0m:      	                     (39, 13),
[92mINFO [0m:      	                     (40, 12),
[92mINFO [0m:      	                     (41, 7),
[92mINFO [0m:      	                     (42, 13),
[92mINFO [0m:      	                     (43, 7),
[92mINFO [0m:      	                     (44, 13),
[92mINFO [0m:      	                     (45, 13),
[92mINFO [0m:      	                     (46, 12),
[92mINFO [0m:      	                     (47, 6),
[92mINFO [0m:      	                     (48, 12),
[92mINFO [0m:      	                     (49, 6),
[92mINFO [0m:      	                     (50, 13),
[92mINFO [0m:      	                     (51, 13),
[92mINFO [0m:      	                     (52, 6),
[92mINFO [0m:      	                     (53, 13),
[92mINFO [0m:      	                     (54, 13),
[92mINFO [0m:      	                     (55, 13),
[92mINFO [0m:      	                     (56, 8),
[92mINFO [0m:      	                     (57, 13),
[92mINFO [0m:      	                     (58, 8),
[92mINFO [0m:      	                     (59, 7),
[92mINFO [0m:      	                     (60, 13)],
[92mINFO [0m:      	 'loss': [(1, 0.0874096192419529),
[92mINFO [0m:      	          (2, 0.07977240905165672),
[92mINFO [0m:      	          (3, 0.07248156145215034),
[92mINFO [0m:      	          (4, 0.062742680311203),
[92mINFO [0m:      	          (5, 0.05291419476270676),
[92mINFO [0m:      	          (6, 0.044413646683096886),
[92mINFO [0m:      	          (7, 0.03708361741155386),
[92mINFO [0m:      	          (8, 0.030603563878685236),
[92mINFO [0m:      	          (9, 0.025613964069634676),
[92mINFO [0m:      	          (10, 0.021091359201818705),
[92mINFO [0m:      	          (11, 0.017376889009028673),
[92mINFO [0m:      	          (12, 0.014489661436527967),
[92mINFO [0m:      	          (13, 0.012323955539613962),
[92mINFO [0m:      	          (14, 0.01072942791506648),
[92mINFO [0m:      	          (15, 0.00971156102605164),
[92mINFO [0m:      	          (16, 0.00900482153519988),
[92mINFO [0m:      	          (17, 0.008598872227594256),
[92mINFO [0m:      	          (18, 0.008245630888268352),
[92mINFO [0m:      	          (19, 0.00797658902592957),
[92mINFO [0m:      	          (20, 0.007835823809728026),
[92mINFO [0m:      	          (21, 0.007773893885314465),
[92mINFO [0m:      	          (22, 0.007853223360143602),
[92mINFO [0m:      	          (23, 0.00778325623832643),
[92mINFO [0m:      	          (24, 0.007777233608067036),
[92mINFO [0m:      	          (25, 0.0076992621179670095),
[92mINFO [0m:      	          (26, 0.0076274333987385035),
[92mINFO [0m:      	          (27, 0.007555187330581248),
[92mINFO [0m:      	          (28, 0.007554316776804626),
[92mINFO [0m:      	          (29, 0.007519214297644794),
[92mINFO [0m:      	          (30, 0.007549096364527941),
[92mINFO [0m:      	          (31, 0.007650500978343189),
[92mINFO [0m:      	          (32, 0.00766530423425138),
[92mINFO [0m:      	          (33, 0.007805333472788334),
[92mINFO [0m:      	          (34, 0.007839891826733947),
[92mINFO [0m:      	          (35, 0.00781159452162683),
[92mINFO [0m:      	          (36, 0.007915643160231411),
[92mINFO [0m:      	          (37, 0.007928708335384727),
[92mINFO [0m:      	          (38, 0.007938342867419124),
[92mINFO [0m:      	          (39, 0.007821342325769365),
[92mINFO [0m:      	          (40, 0.007814323413185775),
[92mINFO [0m:      	          (41, 0.00776841992046684),
[92mINFO [0m:      	          (42, 0.007732676807790995),
[92mINFO [0m:      	          (43, 0.007731628022156656),
[92mINFO [0m:      	          (44, 0.007763856672681868),
[92mINFO [0m:      	          (45, 0.007843286846764386),
[92mINFO [0m:      	          (46, 0.007848832756280899),
[92mINFO [0m:      	          (47, 0.007738770800642669),
[92mINFO [0m:      	          (48, 0.007727369316853583),
[92mINFO [0m:      	          (49, 0.007630884065292776),
[92mINFO [0m:      	          (50, 0.007576568867079914),
[92mINFO [0m:      	          (51, 0.0076916811522096395),
[92mINFO [0m:      	          (52, 0.007688579964451492),
[92mINFO [0m:      	          (53, 0.007765217567794025),
[92mINFO [0m:      	          (54, 0.007720451685599983),
[92mINFO [0m:      	          (55, 0.007688747602514923),
[92mINFO [0m:      	          (56, 0.007593357819132507),
[92mINFO [0m:      	          (57, 0.007527823327109218),
[92mINFO [0m:      	          (58, 0.007472477969713509),
[92mINFO [0m:      	          (59, 0.007624215679243207),
[92mINFO [0m:      	          (60, 0.007669329410418868)],
[92mINFO [0m:      	 'precision': [(1, 0.6907555145568081),
[92mINFO [0m:      	               (2, 0.9980598444633136),
[92mINFO [0m:      	               (3, 0.9978782433316855),
[92mINFO [0m:      	               (4, 0.9965591922219754),
[92mINFO [0m:      	               (5, 0.9959538039492581),
[92mINFO [0m:      	               (6, 0.9924276114182029),
[92mINFO [0m:      	               (7, 0.9840318524427136),
[92mINFO [0m:      	               (8, 0.9953214140535979),
[92mINFO [0m:      	               (9, 0.995321414053598),
[92mINFO [0m:      	               (10, 0.9956455508562838),
[92mINFO [0m:      	               (11, 0.9958057652620862),
[92mINFO [0m:      	               (12, 0.9958047425714444),
[92mINFO [0m:      	               (13, 0.9921641022733003),
[92mINFO [0m:      	               (14, 0.9923208752306036),
[92mINFO [0m:      	               (15, 0.9926253561623908),
[92mINFO [0m:      	               (16, 0.9924714177469302),
[92mINFO [0m:      	               (17, 0.9929282397764256),
[92mINFO [0m:      	               (18, 0.9929289078321392),
[92mINFO [0m:      	               (19, 0.9929276763050456),
[92mINFO [0m:      	               (20, 0.9930815199922245),
[92mINFO [0m:      	               (21, 0.9930815199922245),
[92mINFO [0m:      	               (22, 0.992928343535999),
[92mINFO [0m:      	               (23, 0.9929295750630927),
[92mINFO [0m:      	               (24, 0.9929295750630927),
[92mINFO [0m:      	               (25, 0.9929295750630925),
[92mINFO [0m:      	               (26, 0.9929289078321392),
[92mINFO [0m:      	               (27, 0.9929289078321392),
[92mINFO [0m:      	               (28, 0.993082751519318),
[92mINFO [0m:      	               (29, 0.9930833241385012),
[92mINFO [0m:      	               (30, 0.9930833241385011),
[92mINFO [0m:      	               (31, 0.9930833241385011),
[92mINFO [0m:      	               (32, 0.9930820926114075),
[92mINFO [0m:      	               (33, 0.9932348953030113),
[92mINFO [0m:      	               (34, 0.9932348953030113),
[92mINFO [0m:      	               (35, 0.9932348953030112),
[92mINFO [0m:      	               (36, 0.9930811462276028),
[92mINFO [0m:      	               (37, 0.9930811462276028),
[92mINFO [0m:      	               (38, 0.9930811462276028),
[92mINFO [0m:      	               (39, 0.9930811462276028),
[92mINFO [0m:      	               (40, 0.9930811462276028),
[92mINFO [0m:      	               (41, 0.9930811462276028),
[92mINFO [0m:      	               (42, 0.9930811462276028),
[92mINFO [0m:      	               (43, 0.9930811462276027),
[92mINFO [0m:      	               (44, 0.9932348953030113),
[92mINFO [0m:      	               (45, 0.9932348953030112),
[92mINFO [0m:      	               (46, 0.9932348953030113),
[92mINFO [0m:      	               (47, 0.9932348953030113),
[92mINFO [0m:      	               (48, 0.9932348953030113),
[92mINFO [0m:      	               (49, 0.9932348953030113),
[92mINFO [0m:      	               (50, 0.9932348953030113),
[92mINFO [0m:      	               (51, 0.9932348953030113),
[92mINFO [0m:      	               (52, 0.9932348953030113),
[92mINFO [0m:      	               (53, 0.9932324443337096),
[92mINFO [0m:      	               (54, 0.9932360334981071),
[92mINFO [0m:      	               (55, 0.9930822844226984),
[92mINFO [0m:      	               (56, 0.9929262740745648),
[92mINFO [0m:      	               (57, 0.9929251358794691),
[92mINFO [0m:      	               (58, 0.9929251358794691),
[92mINFO [0m:      	               (59, 0.9930775556597589),
[92mINFO [0m:      	               (60, 0.9932301637305813)],
[92mINFO [0m:      	 'predicted_attack': [(1, 726),
[92mINFO [0m:      	                      (2, 1150),
[92mINFO [0m:      	                      (3, 1269),
[92mINFO [0m:      	                      (4, 1465),
[92mINFO [0m:      	                      (5, 1535),
[92mINFO [0m:      	                      (6, 1546),
[92mINFO [0m:      	                      (7, 1573),
[92mINFO [0m:      	                      (8, 1539),
[92mINFO [0m:      	                      (9, 1539),
[92mINFO [0m:      	                      (10, 1538),
[92mINFO [0m:      	                      (11, 1537),
[92mINFO [0m:      	                      (12, 1537),
[92mINFO [0m:      	                      (13, 1616),
[92mINFO [0m:      	                      (14, 1630),
[92mINFO [0m:      	                      (15, 1630),
[92mINFO [0m:      	                      (16, 1630),
[92mINFO [0m:      	                      (17, 1629),
[92mINFO [0m:      	                      (18, 1629),
[92mINFO [0m:      	                      (19, 1619),
[92mINFO [0m:      	                      (20, 1629),
[92mINFO [0m:      	                      (21, 1629),
[92mINFO [0m:      	                      (22, 1624),
[92mINFO [0m:      	                      (23, 1625),
[92mINFO [0m:      	                      (24, 1629),
[92mINFO [0m:      	                      (25, 1629),
[92mINFO [0m:      	                      (26, 1625),
[92mINFO [0m:      	                      (27, 1619),
[92mINFO [0m:      	                      (28, 1629),
[92mINFO [0m:      	                      (29, 1625),
[92mINFO [0m:      	                      (30, 1629),
[92mINFO [0m:      	                      (31, 1619),
[92mINFO [0m:      	                      (32, 1619),
[92mINFO [0m:      	                      (33, 1629),
[92mINFO [0m:      	                      (34, 1623),
[92mINFO [0m:      	                      (35, 1619),
[92mINFO [0m:      	                      (36, 1623),
[92mINFO [0m:      	                      (37, 1629),
[92mINFO [0m:      	                      (38, 1629),
[92mINFO [0m:      	                      (39, 1629),
[92mINFO [0m:      	                      (40, 1623),
[92mINFO [0m:      	                      (41, 1620),
[92mINFO [0m:      	                      (42, 1629),
[92mINFO [0m:      	                      (43, 1620),
[92mINFO [0m:      	                      (44, 1629),
[92mINFO [0m:      	                      (45, 1629),
[92mINFO [0m:      	                      (46, 1623),
[92mINFO [0m:      	                      (47, 1619),
[92mINFO [0m:      	                      (48, 1623),
[92mINFO [0m:      	                      (49, 1619),
[92mINFO [0m:      	                      (50, 1629),
[92mINFO [0m:      	                      (51, 1629),
[92mINFO [0m:      	                      (52, 1619),
[92mINFO [0m:      	                      (53, 1628),
[92mINFO [0m:      	                      (54, 1629),
[92mINFO [0m:      	                      (55, 1629),
[92mINFO [0m:      	                      (56, 1621),
[92mINFO [0m:      	                      (57, 1628),
[92mINFO [0m:      	                      (58, 1621),
[92mINFO [0m:      	                      (59, 1620),
[92mINFO [0m:      	                      (60, 1628)],
[92mINFO [0m:      	 'predicted_normal': [(1, 1377),
[92mINFO [0m:      	                      (2, 953),
[92mINFO [0m:      	                      (3, 834),
[92mINFO [0m:      	                      (4, 640),
[92mINFO [0m:      	                      (5, 568),
[92mINFO [0m:      	                      (6, 557),
[92mINFO [0m:      	                      (7, 530),
[92mINFO [0m:      	                      (8, 564),
[92mINFO [0m:      	                      (9, 564),
[92mINFO [0m:      	                      (10, 565),
[92mINFO [0m:      	                      (11, 566),
[92mINFO [0m:      	                      (12, 566),
[92mINFO [0m:      	                      (13, 487),
[92mINFO [0m:      	                      (14, 473),
[92mINFO [0m:      	                      (15, 473),
[92mINFO [0m:      	                      (16, 473),
[92mINFO [0m:      	                      (17, 474),
[92mINFO [0m:      	                      (18, 474),
[92mINFO [0m:      	                      (19, 484),
[92mINFO [0m:      	                      (20, 474),
[92mINFO [0m:      	                      (21, 474),
[92mINFO [0m:      	                      (22, 481),
[92mINFO [0m:      	                      (23, 480),
[92mINFO [0m:      	                      (24, 474),
[92mINFO [0m:      	                      (25, 474),
[92mINFO [0m:      	                      (26, 480),
[92mINFO [0m:      	                      (27, 484),
[92mINFO [0m:      	                      (28, 474),
[92mINFO [0m:      	                      (29, 480),
[92mINFO [0m:      	                      (30, 474),
[92mINFO [0m:      	                      (31, 484),
[92mINFO [0m:      	                      (32, 484),
[92mINFO [0m:      	                      (33, 474),
[92mINFO [0m:      	                      (34, 482),
[92mINFO [0m:      	                      (35, 484),
[92mINFO [0m:      	                      (36, 482),
[92mINFO [0m:      	                      (37, 474),
[92mINFO [0m:      	                      (38, 474),
[92mINFO [0m:      	                      (39, 474),
[92mINFO [0m:      	                      (40, 482),
[92mINFO [0m:      	                      (41, 483),
[92mINFO [0m:      	                      (42, 474),
[92mINFO [0m:      	                      (43, 483),
[92mINFO [0m:      	                      (44, 474),
[92mINFO [0m:      	                      (45, 474),
[92mINFO [0m:      	                      (46, 482),
[92mINFO [0m:      	                      (47, 484),
[92mINFO [0m:      	                      (48, 482),
[92mINFO [0m:      	                      (49, 484),
[92mINFO [0m:      	                      (50, 474),
[92mINFO [0m:      	                      (51, 474),
[92mINFO [0m:      	                      (52, 484),
[92mINFO [0m:      	                      (53, 475),
[92mINFO [0m:      	                      (54, 474),
[92mINFO [0m:      	                      (55, 474),
[92mINFO [0m:      	                      (56, 482),
[92mINFO [0m:      	                      (57, 475),
[92mINFO [0m:      	                      (58, 482),
[92mINFO [0m:      	                      (59, 483),
[92mINFO [0m:      	                      (60, 475)],
[92mINFO [0m:      	 'recall': [(1, 0.3108709782440852),
[92mINFO [0m:      	            (2, 0.7122580404691508),
[92mINFO [0m:      	            (3, 0.7921334009315162),
[92mINFO [0m:      	            (4, 0.8929828027788785),
[92mINFO [0m:      	            (5, 0.9484956234867428),
[92mINFO [0m:      	            (6, 0.9506543090798862),
[92mINFO [0m:      	            (7, 0.9506543090798862),
[92mINFO [0m:      	            (8, 0.9506543090798862),
[92mINFO [0m:      	            (9, 0.9506543090798862),
[92mINFO [0m:      	            (10, 0.9508085348664377),
[92mINFO [0m:      	            (11, 0.9506542139961707),
[92mINFO [0m:      	            (12, 0.9505000832933348),
[92mINFO [0m:      	            (13, 0.9947573691781192),
[92mINFO [0m:      	            (14, 0.9953741772406097),
[92mINFO [0m:      	            (15, 0.9953741772406097),
[92mINFO [0m:      	            (16, 0.9953741772406097),
[92mINFO [0m:      	            (17, 0.9953741772406097),
[92mINFO [0m:      	            (18, 0.9955284030271613),
[92mINFO [0m:      	            (19, 0.9953742723243253),
[92mINFO [0m:      	            (20, 0.9953742723243252),
[92mINFO [0m:      	            (21, 0.9953742723243252),
[92mINFO [0m:      	            (22, 0.9955284981108767),
[92mINFO [0m:      	            (23, 0.9956826288137127),
[92mINFO [0m:      	            (24, 0.9956826288137127),
[92mINFO [0m:      	            (25, 0.9956826288137127),
[92mINFO [0m:      	            (26, 0.9955284030271613),
[92mINFO [0m:      	            (27, 0.9955284030271612),
[92mINFO [0m:      	            (28, 0.9955284030271612),
[92mINFO [0m:      	            (29, 0.9956826288137127),
[92mINFO [0m:      	            (30, 0.9956826288137127),
[92mINFO [0m:      	            (31, 0.9956826288137127),
[92mINFO [0m:      	            (32, 0.9955284981108767),
[92mINFO [0m:      	            (33, 0.9955284981108767),
[92mINFO [0m:      	            (34, 0.9955284981108767),
[92mINFO [0m:      	            (35, 0.9955284981108767),
[92mINFO [0m:      	            (36, 0.9955284981108767),
[92mINFO [0m:      	            (37, 0.9955284981108767),
[92mINFO [0m:      	            (38, 0.9955284981108767),
[92mINFO [0m:      	            (39, 0.9955284981108767),
[92mINFO [0m:      	            (40, 0.9955284981108767),
[92mINFO [0m:      	            (41, 0.9955284981108767),
[92mINFO [0m:      	            (42, 0.9955284981108767),
[92mINFO [0m:      	            (43, 0.9955284981108767),
[92mINFO [0m:      	            (44, 0.9955284981108767),
[92mINFO [0m:      	            (45, 0.9955284981108767),
[92mINFO [0m:      	            (46, 0.9955284981108767),
[92mINFO [0m:      	            (47, 0.9955284981108767),
[92mINFO [0m:      	            (48, 0.9955284981108767),
[92mINFO [0m:      	            (49, 0.9955284981108767),
[92mINFO [0m:      	            (50, 0.9955284981108767),
[92mINFO [0m:      	            (51, 0.9955284981108767),
[92mINFO [0m:      	            (52, 0.9955284981108767),
[92mINFO [0m:      	            (53, 0.9952200465377737),
[92mINFO [0m:      	            (54, 0.9956826288137127),
[92mINFO [0m:      	            (55, 0.9956826288137127),
[92mINFO [0m:      	            (56, 0.9953741772406096),
[92mINFO [0m:      	            (57, 0.9952200465377737),
[92mINFO [0m:      	            (58, 0.9952200465377736),
[92mINFO [0m:      	            (59, 0.9950659158349376),
[92mINFO [0m:      	            (60, 0.9949117851321017)],
[92mINFO [0m:      	 'total_samples': [(1, 2103),
[92mINFO [0m:      	                   (2, 2103),
[92mINFO [0m:      	                   (3, 2103),
[92mINFO [0m:      	                   (4, 2105),
[92mINFO [0m:      	                   (5, 2103),
[92mINFO [0m:      	                   (6, 2103),
[92mINFO [0m:      	                   (7, 2103),
[92mINFO [0m:      	                   (8, 2103),
[92mINFO [0m:      	                   (9, 2103),
[92mINFO [0m:      	                   (10, 2103),
[92mINFO [0m:      	                   (11, 2103),
[92mINFO [0m:      	                   (12, 2103),
[92mINFO [0m:      	                   (13, 2103),
[92mINFO [0m:      	                   (14, 2103),
[92mINFO [0m:      	                   (15, 2103),
[92mINFO [0m:      	                   (16, 2103),
[92mINFO [0m:      	                   (17, 2103),
[92mINFO [0m:      	                   (18, 2103),
[92mINFO [0m:      	                   (19, 2103),
[92mINFO [0m:      	                   (20, 2103),
[92mINFO [0m:      	                   (21, 2103),
[92mINFO [0m:      	                   (22, 2105),
[92mINFO [0m:      	                   (23, 2105),
[92mINFO [0m:      	                   (24, 2103),
[92mINFO [0m:      	                   (25, 2103),
[92mINFO [0m:      	                   (26, 2105),
[92mINFO [0m:      	                   (27, 2103),
[92mINFO [0m:      	                   (28, 2103),
[92mINFO [0m:      	                   (29, 2105),
[92mINFO [0m:      	                   (30, 2103),
[92mINFO [0m:      	                   (31, 2103),
[92mINFO [0m:      	                   (32, 2103),
[92mINFO [0m:      	                   (33, 2103),
[92mINFO [0m:      	                   (34, 2105),
[92mINFO [0m:      	                   (35, 2103),
[92mINFO [0m:      	                   (36, 2105),
[92mINFO [0m:      	                   (37, 2103),
[92mINFO [0m:      	                   (38, 2103),
[92mINFO [0m:      	                   (39, 2103),
[92mINFO [0m:      	                   (40, 2105),
[92mINFO [0m:      	                   (41, 2103),
[92mINFO [0m:      	                   (42, 2103),
[92mINFO [0m:      	                   (43, 2103),
[92mINFO [0m:      	                   (44, 2103),
[92mINFO [0m:      	                   (45, 2103),
[92mINFO [0m:      	                   (46, 2105),
[92mINFO [0m:      	                   (47, 2103),
[92mINFO [0m:      	                   (48, 2105),
[92mINFO [0m:      	                   (49, 2103),
[92mINFO [0m:      	                   (50, 2103),
[92mINFO [0m:      	                   (51, 2103),
[92mINFO [0m:      	                   (52, 2103),
[92mINFO [0m:      	                   (53, 2103),
[92mINFO [0m:      	                   (54, 2103),
[92mINFO [0m:      	                   (55, 2103),
[92mINFO [0m:      	                   (56, 2103),
[92mINFO [0m:      	                   (57, 2103),
[92mINFO [0m:      	                   (58, 2103),
[92mINFO [0m:      	                   (59, 2103),
[92mINFO [0m:      	                   (60, 2103)],
[92mINFO [0m:      	 'true_negatives': [(1, 262),
[92mINFO [0m:      	                    (2, 480),
[92mINFO [0m:      	                    (3, 480),
[92mINFO [0m:      	                    (4, 477),
[92mINFO [0m:      	                    (5, 476),
[92mINFO [0m:      	                    (6, 468),
[92mINFO [0m:      	                    (7, 457),
[92mINFO [0m:      	                    (8, 475),
[92mINFO [0m:      	                    (9, 475),
[92mINFO [0m:      	                    (10, 476),
[92mINFO [0m:      	                    (11, 476),
[92mINFO [0m:      	                    (12, 476),
[92mINFO [0m:      	                    (13, 476),
[92mINFO [0m:      	                    (14, 468),
[92mINFO [0m:      	                    (15, 468),
[92mINFO [0m:      	                    (16, 468),
[92mINFO [0m:      	                    (17, 469),
[92mINFO [0m:      	                    (18, 469),
[92mINFO [0m:      	                    (19, 475),
[92mINFO [0m:      	                    (20, 469),
[92mINFO [0m:      	                    (21, 469),
[92mINFO [0m:      	                    (22, 470),
[92mINFO [0m:      	                    (23, 470),
[92mINFO [0m:      	                    (24, 469),
[92mINFO [0m:      	                    (25, 469),
[92mINFO [0m:      	                    (26, 470),
[92mINFO [0m:      	                    (27, 475),
[92mINFO [0m:      	                    (28, 469),
[92mINFO [0m:      	                    (29, 470),
[92mINFO [0m:      	                    (30, 469),
[92mINFO [0m:      	                    (31, 476),
[92mINFO [0m:      	                    (32, 476),
[92mINFO [0m:      	                    (33, 469),
[92mINFO [0m:      	                    (34, 471),
[92mINFO [0m:      	                    (35, 476),
[92mINFO [0m:      	                    (36, 471),
[92mINFO [0m:      	                    (37, 469),
[92mINFO [0m:      	                    (38, 469),
[92mINFO [0m:      	                    (39, 469),
[92mINFO [0m:      	                    (40, 471),
[92mINFO [0m:      	                    (41, 475),
[92mINFO [0m:      	                    (42, 469),
[92mINFO [0m:      	                    (43, 475),
[92mINFO [0m:      	                    (44, 469),
[92mINFO [0m:      	                    (45, 469),
[92mINFO [0m:      	                    (46, 471),
[92mINFO [0m:      	                    (47, 476),
[92mINFO [0m:      	                    (48, 471),
[92mINFO [0m:      	                    (49, 476),
[92mINFO [0m:      	                    (50, 469),
[92mINFO [0m:      	                    (51, 469),
[92mINFO [0m:      	                    (52, 476),
[92mINFO [0m:      	                    (53, 469),
[92mINFO [0m:      	                    (54, 469),
[92mINFO [0m:      	                    (55, 469),
[92mINFO [0m:      	                    (56, 474),
[92mINFO [0m:      	                    (57, 469),
[92mINFO [0m:      	                    (58, 474),
[92mINFO [0m:      	                    (59, 475),
[92mINFO [0m:      	                    (60, 469)],
[92mINFO [0m:      	 'true_positives': [(1, 506),
[92mINFO [0m:      	                    (2, 1148),
[92mINFO [0m:      	                    (3, 1267),
[92mINFO [0m:      	                    (4, 1459),
[92mINFO [0m:      	                    (5, 1529),
[92mINFO [0m:      	                    (6, 1532),
[92mINFO [0m:      	                    (7, 1548),
[92mINFO [0m:      	                    (8, 1532),
[92mINFO [0m:      	                    (9, 1532),
[92mINFO [0m:      	                    (10, 1532),
[92mINFO [0m:      	                    (11, 1531),
[92mINFO [0m:      	                    (12, 1531),
[92mINFO [0m:      	                    (13, 1610),
[92mINFO [0m:      	                    (14, 1616),
[92mINFO [0m:      	                    (15, 1616),
[92mINFO [0m:      	                    (16, 1616),
[92mINFO [0m:      	                    (17, 1616),
[92mINFO [0m:      	                    (18, 1616),
[92mINFO [0m:      	                    (19, 1612),
[92mINFO [0m:      	                    (20, 1616),
[92mINFO [0m:      	                    (21, 1616),
[92mINFO [0m:      	                    (22, 1611),
[92mINFO [0m:      	                    (23, 1612),
[92mINFO [0m:      	                    (24, 1616),
[92mINFO [0m:      	                    (25, 1616),
[92mINFO [0m:      	                    (26, 1612),
[92mINFO [0m:      	                    (27, 1612),
[92mINFO [0m:      	                    (28, 1616),
[92mINFO [0m:      	                    (29, 1612),
[92mINFO [0m:      	                    (30, 1616),
[92mINFO [0m:      	                    (31, 1613),
[92mINFO [0m:      	                    (32, 1613),
[92mINFO [0m:      	                    (33, 1616),
[92mINFO [0m:      	                    (34, 1611),
[92mINFO [0m:      	                    (35, 1613),
[92mINFO [0m:      	                    (36, 1611),
[92mINFO [0m:      	                    (37, 1616),
[92mINFO [0m:      	                    (38, 1616),
[92mINFO [0m:      	                    (39, 1616),
[92mINFO [0m:      	                    (40, 1611),
[92mINFO [0m:      	                    (41, 1613),
[92mINFO [0m:      	                    (42, 1616),
[92mINFO [0m:      	                    (43, 1613),
[92mINFO [0m:      	                    (44, 1616),
[92mINFO [0m:      	                    (45, 1616),
[92mINFO [0m:      	                    (46, 1611),
[92mINFO [0m:      	                    (47, 1613),
[92mINFO [0m:      	                    (48, 1611),
[92mINFO [0m:      	                    (49, 1613),
[92mINFO [0m:      	                    (50, 1616),
[92mINFO [0m:      	                    (51, 1616),
[92mINFO [0m:      	                    (52, 1613),
[92mINFO [0m:      	                    (53, 1615),
[92mINFO [0m:      	                    (54, 1616),
[92mINFO [0m:      	                    (55, 1616),
[92mINFO [0m:      	                    (56, 1613),
[92mINFO [0m:      	                    (57, 1615),
[92mINFO [0m:      	                    (58, 1613),
[92mINFO [0m:      	                    (59, 1613),
[92mINFO [0m:      	                    (60, 1615)]}
[92mINFO [0m:      
Saved: outputs/fl_evaluation_report.md
Saved: outputs/fl_evaluation_plot.png
[36m(pid=632055)[0m WARNING: All log messages before absl::InitializeLog() is called are written to STDERR[32m [repeated 31x across cluster][0m
[36m(pid=632055)[0m I0000 00:00:1791183684.388408  632055 port.cc:153] oneDNN custom operations are on. You may see slightly different numerical results due to floating-point round-off errors from different computation orders. To turn them off, set the environment variable `TF_ENABLE_ONEDNN_OPTS=0`.[32m [repeated 31x across cluster][0m
[36m(pid=632055)[0m I0000 00:00:1791183684.388890  632055 cudart_stub.cc:31] Could not find cuda drivers on your machine, GPU will not be used.[32m [repeated 31x across cluster][0m
[36m(ClientAppActor pid=632055)[0m /home/danielpark605/tinyml-venv/lib/python3.12/site-packages/tensorflow_model_optimization/__init__.py:65: DeprecationWarning: distutils Version classes are deprecated. Use packaging.version instead.[32m [repeated 3x across cluster][0m
[36m(ClientAppActor pid=632055)[0m   if (distutils.version.LooseVersion(tf.version.VERSION) <[32m [repeated 3x across cluster][0m
[36m(ClientAppActor pid=632055)[0m E0000 00:00:1791183685.895551  632055 cuda_platform.cc:52] failed call to cuInit: INTERNAL: CUDA error: Failed call to cuInit: CUDA_ERROR_NO_DEVICE: no CUDA-capable device is detected[32m [repeated 3x across cluster][0m

[DEBUG _get_metrics] res_item[1].keys(): ['accuracy', 'loss', 'total_samples', 'actual_attack', 'actual_normal', 'predicted_attack', 'predicted_normal', 'true_positives', 'true_negatives', 'false_positives', 'false_negatives', 'precision', 'recall', 'f1_score']
[DEBUG _get_metrics] Extracted from ConfigRecord._data
[DEBUG _get_metrics] res_item[1] type: ConfigRecord
[DEBUG _get_metrics] res_item[1] has metrics attr: False
[DEBUG _get_metrics] res_item[1].__dict__: {'_check_key_fn': <function _check_key at 0x72839bbd4900>, '_check_value_fn': <function _check_value at 0x7283913c49a0>, '_data': {'accuracy': 0.9909653067588806, 'loss': 0.00791943073272705, 'total_samples': 2103, 'actual_attack': 1621, 'actual_normal': 482, 'predicted_attack': 1628, 'predicted_normal': 475, 'true_positives': 1615, 'true_negatives': 469, 'false_positives': 13, 'false_negatives': 6, 'precision': 0.992014742014742, 'recall': 0.9962985811227637, 'f1_score': 0.9941520467836257}}
[DEBUG _get_metrics] res_item[1].keys(): ['accuracy', 'loss', 'total_samples', 'actual_attack', 'actual_normal', 'predicted_attack', 'predicted_normal', 'true_positives', 'true_negatives', 'false_positives', 'false_negatives', 'precision', 'recall', 'f1_score']
[DEBUG _get_metrics] Extracted from ConfigRecord._data
[DEBUG] Extracted 4 metrics from results

[Evaluation Summary]
============================================================
Round: 59 / 60
Accuracy (mean):  0.9908  (99.08%)
Loss:             0.0076
[Per-Device Accuracy]
  - Device 0:  0.9929  (99.29%)
  - Device 1:  0.9886  (98.86%)
  - Device 2:  0.9910  (99.10%)
  - Device 3:  0.9910  (99.10%)

[Ground Truth]
  - Attack samples: 1621
  - Normal samples: 482
  - Total samples:  2103

[Predictions]
  - Predicted Attack:  1620
  - Predicted Normal:  483

[Confusion Matrix]
  - True Positives (TP):  1613
  - True Negatives (TN):  475
  - False Positives (FP): 7
  - False Negatives (FN): 8

[Metrics]
  - Precision:  0.9931  (99.31%)
  - Recall:     0.9951  (99.51%)
  - F1-Score:   0.9941  (99.41%)
============================================================

[36m(ClientAppActor pid=632055)[0m [Client 1] Class weights (smoothed): {0: 1.0, 1: 1.0}[32m [repeated 12x across cluster][0m
[Round 60] Client contributions:
  Client samples: 29,186 (weight: 0.2500)
  Client samples: 29,186 (weight: 0.2500)
  Client samples: 29,186 (weight: 0.2500)
  Client samples: 29,184 (weight: 0.2500)
[DEBUG] evaluate_metrics_aggregation_fn called with 4 results
[DEBUG] results type: <class 'list'>
[DEBUG] First result type: <class 'tuple'>
[DEBUG] First result length: 2
[DEBUG] results[0][0] type: <class 'int'>
[DEBUG] results[0][1] type: <class 'flwr.app.message.configrecord.ConfigRecord'>
[DEBUG _get_metrics] res_item[1] type: ConfigRecord
[DEBUG _get_metrics] res_item[1] has metrics attr: False
[DEBUG _get_metrics] res_item[1].__dict__: {'_check_key_fn': <function _check_key at 0x72839bbd4900>, '_check_value_fn': <function _check_value at 0x7283913c49a0>, '_data': {'accuracy': 0.9909653067588806, 'loss': 0.007973985746502876, 'total_samples': 2103, 'actual_attack': 1621, 'actual_normal': 482, 'predicted_attack': 1628, 'predicted_normal': 475, 'true_positives': 1615, 'true_negatives': 469, 'false_positives': 13, 'false_negatives': 6, 'precision': 0.992014742014742, 'recall': 0.9962985811227637, 'f1_score': 0.9941520467836257}}
[DEBUG _get_metrics] res_item[1].keys(): ['accuracy', 'loss', 'total_samples', 'actual_attack', 'actual_normal', 'predicted_attack', 'predicted_normal', 'true_positives', 'true_negatives', 'false_positives', 'false_negatives', 'precision', 'recall', 'f1_score']
[DEBUG _get_metrics] Extracted from ConfigRecord._data
[DEBUG _get_metrics] res_item[1] type: ConfigRecord
[DEBUG _get_metrics] res_item[1] has metrics attr: False
[DEBUG _get_metrics] res_item[1].__dict__: {'_check_key_fn': <function _check_key at 0x72839bbd4900>, '_check_value_fn': <function _check_value at 0x7283913c49a0>, '_data': {'accuracy': 0.9881235361099243, 'loss': 0.007473203353583813, 'total_samples': 2105, 'actual_attack': 1622, 'actual_normal': 483, 'predicted_attack': 1621, 'predicted_normal': 484, 'true_positives': 1609, 'true_negatives': 471, 'false_positives': 12, 'false_negatives': 13, 'precision': 0.9925971622455274, 'recall': 0.9919852034525277, 'f1_score': 0.9922910884983042}}
[DEBUG _get_metrics] res_item[1].keys(): ['accuracy', 'loss', 'total_samples', 'actual_attack', 'actual_normal', 'predicted_attack', 'predicted_normal', 'true_positives', 'true_negatives', 'false_positives', 'false_negatives', 'precision', 'recall', 'f1_score']
[DEBUG _get_metrics] Extracted from ConfigRecord._data
[DEBUG _get_metrics] res_item[1] type: ConfigRecord
[DEBUG _get_metrics] res_item[1] has metrics attr: False
[DEBUG _get_metrics] res_item[1].__dict__: {'_check_key_fn': <function _check_key at 0x72839bbd4900>, '_check_value_fn': <function _check_value at 0x7283913c49a0>, '_data': {'accuracy': 0.9909653067588806, 'loss': 0.007973985746502876, 'total_samples': 2103, 'actual_attack': 1621, 'actual_normal': 482, 'predicted_attack': 1628, 'predicted_normal': 475, 'true_positives': 1615, 'true_negatives': 469, 'false_positives': 13, 'false_negatives': 6, 'precision': 0.992014742014742, 'recall': 0.9962985811227637, 'f1_score': 0.9941520467836257}}
[DEBUG _get_metrics] res_item[1].keys(): ['accuracy', 'loss', 'total_samples', 'actual_attack', 'actual_normal', 'predicted_attack', 'predicted_normal', 'true_positives', 'true_negatives', 'false_positives', 'false_negatives', 'precision', 'recall', 'f1_score']
[DEBUG _get_metrics] Extracted from ConfigRecord._data
[DEBUG _get_metrics] res_item[1] type: ConfigRecord
[DEBUG _get_metrics] res_item[1] has metrics attr: False
[DEBUG _get_metrics] res_item[1].__dict__: {'_check_key_fn': <function _check_key at 0x72839bbd4900>, '_check_value_fn': <function _check_value at 0x7283913c49a0>, '_data': {'accuracy': 0.9933428168296814, 'loss': 0.007256142795085907, 'total_samples': 2103, 'actual_attack': 1621, 'actual_normal': 482, 'predicted_attack': 1619, 'predicted_normal': 484, 'true_positives': 1613, 'true_negatives': 476, 'false_positives': 6, 'false_negatives': 8, 'precision': 0.9962940086473132, 'recall': 0.9950647748303516, 'f1_score': 0.995679012345679}}
[DEBUG _get_metrics] res_item[1].keys(): ['accuracy', 'loss', 'total_samples', 'actual_attack', 'actual_normal', 'predicted_attack', 'predicted_normal', 'true_positives', 'true_negatives', 'false_positives', 'false_negatives', 'precision', 'recall', 'f1_score']
[DEBUG _get_metrics] Extracted from ConfigRecord._data
[DEBUG] Extracted 4 metrics from results

[Evaluation Summary]
============================================================
Round: 60 / 60
Accuracy (mean):  0.9908  (99.08%)
Loss:             0.0077
[Per-Device Accuracy]
  - Device 0:  0.9910  (99.10%)
  - Device 1:  0.9881  (98.81%)
  - Device 2:  0.9910  (99.10%)
  - Device 3:  0.9933  (99.33%)

[Ground Truth]
  - Attack samples: 1621
  - Normal samples: 482
  - Total samples:  2103

[Predictions]
  - Predicted Attack:  1628
  - Predicted Normal:  475

[Confusion Matrix]
  - True Positives (TP):  1615
  - True Negatives (TN):  469
  - False Positives (FP): 13
  - False Negatives (FN): 6

[Metrics]
  - Precision:  0.9932  (99.32%)
  - Recall:     0.9949  (99.49%)
  - F1-Score:   0.9941  (99.41%)
============================================================

[Report] Round-by-round metrics saved:
  - CSV:  /mnt/c/Users/danie/Documents/Projects/TinyML/outputs/fl_evaluation_history.csv  (round, accuracy, device 0~3 accuracy_pct, ...)
  - JSON: /mnt/c/Users/danie/Documents/Projects/TinyML/outputs/fl_evaluation_history.json  (same + per-device for scripts / graphs)
  → Use these to find which round or which device accuracy drops.

[SUCCESS] Saved global model to data/processed/revision/2026-10-05_s_ton_sweep/ton_sweep/models/alpha05.h5

📝 Pipeline summary saved to: outputs/fl_training_summary.txt
   → View this file to see QAT status, metrics, and next steps

[36m(ClientAppActor pid=632056)[0m [Client 2] Class weights (smoothed): {0: 1.0, 1: 1.0}[32m [repeated 7x across cluster][0m
