WARNING: All log messages before absl::InitializeLog() is called are written to STDERR
I0000 00:00:1791184622.955689  745402 port.cc:153] oneDNN custom operations are on. You may see slightly different numerical results due to floating-point round-off errors from different computation orders. To turn them off, set the environment variable `TF_ENABLE_ONEDNN_OPTS=0`.
I0000 00:00:1791184622.957229  745402 cudart_stub.cc:31] Could not find cuda drivers on your machine, GPU will not be used.
WARNING: All log messages before absl::InitializeLog() is called are written to STDERR
I0000 00:00:1791184623.775256  745402 port.cc:153] oneDNN custom operations are on. You may see slightly different numerical results due to floating-point round-off errors from different computation orders. To turn them off, set the environment variable `TF_ENABLE_ONEDNN_OPTS=0`.
I0000 00:00:1791184623.779768  745402 cudart_stub.cc:31] Could not find cuda drivers on your machine, GPU will not be used.
E0000 00:00:1791184624.430755  745402 cuda_platform.cc:52] failed call to cuInit: INTERNAL: CUDA error: Failed call to cuInit: CUDA_ERROR_NO_DEVICE: no CUDA-capable device is detected
[93mWARNING [0m:   DEPRECATED FEATURE: flwr.simulation.start_simulation() is deprecated.
	Instead, use the `flwr run` CLI command to start a local simulation in your Flower app, as shown for example below:

		$ flwr new  # Create a new Flower app from a template

		$ flwr run  # Run the Flower app in Simulation Mode

	Using `start_simulation()` is deprecated.

            This is a deprecated feature. It will be removed
            entirely in future versions of Flower.
        
[92mINFO [0m:      Starting Flower simulation, config: num_rounds=100, no round_timeout
2026-10-05 03:17:10,812	INFO worker.py:2012 -- Started a local Ray instance.
[2026-10-05 03:17:10,818 I 745402 745402] logging.cc:303: Set ray log level from environment variable RAY_BACKEND_LOG_LEVEL to 1
/home/danielpark605/tinyml-venv/lib/python3.12/site-packages/ray/_private/worker.py:2051: FutureWarning: Tip: In future versions of Ray, Ray will no longer override accelerator visible devices env var if num_gpus=0 or num_gpus=None (default). To enable this behavior and turn off this error message, set RAY_ACCEL_ENV_VAR_OVERRIDE_ON_ZERO=0
  warnings.warn(
[92mINFO [0m:      Flower VCE: Ray initialized with resources: {'node:__internal_head__': 1.0, 'CPU': 16.0, 'memory': 16764931277.0, 'object_store_memory': 7184970547.0, 'accelerator_type:G': 1.0, 'node:172.22.205.158': 1.0, 'GPU': 1.0}
[92mINFO [0m:      Optimize your simulation with Flower VCE: https://flower.ai/docs/framework/how-to-run-simulations.html
[92mINFO [0m:      Flower VCE: Resources for each Virtual Client: {'num_gpus': 0.0, 'num_cpus': 1}
[33m(raylet)[0m [2026-10-05 03:17:12,829 I 745753 745753] logging.cc:303: Set ray log level from environment variable RAY_BACKEND_LOG_LEVEL to 1
[92mINFO [0m:      Flower VCE: Creating VirtualClientEngineActorPool with 16 actors
[92mINFO [0m:      [INIT]
[92mINFO [0m:      Using initial global parameters provided by strategy
[92mINFO [0m:      Starting evaluation of initial global parameters
[92mINFO [0m:      Evaluation returned no results (`None`)
[92mINFO [0m:      
[92mINFO [0m:      [ROUND 1]
[92mINFO [0m:      configure_fit: strategy sampled 4 clients (out of 4)
[36m(pid=745755)[0m WARNING: All log messages before absl::InitializeLog() is called are written to STDERR
[36m(pid=745755)[0m I0000 00:00:1791184634.406636  745755 port.cc:153] oneDNN custom operations are on. You may see slightly different numerical results due to floating-point round-off errors from different computation orders. To turn them off, set the environment variable `TF_ENABLE_ONEDNN_OPTS=0`.
[36m(pid=745755)[0m I0000 00:00:1791184634.407432  745755 cudart_stub.cc:31] Could not find cuda drivers on your machine, GPU will not be used.
[36m(ClientAppActor pid=745762)[0m /home/danielpark605/tinyml-venv/lib/python3.12/site-packages/tensorflow_model_optimization/__init__.py:65: DeprecationWarning: distutils Version classes are deprecated. Use packaging.version instead.
[36m(ClientAppActor pid=745762)[0m   if (distutils.version.LooseVersion(tf.version.VERSION) <
[36m(ClientAppActor pid=745764)[0m E0000 00:00:1791184638.086962  745764 cuda_platform.cc:52] failed call to cuInit: INTERNAL: CUDA error: Failed call to cuInit: CUDA_ERROR_NO_DEVICE: no CUDA-capable device is detected
[33m(raylet)[0m [2026-10-05 03:17:12,864 I 745759 745759] logging.cc:303: Set ray log level from environment variable RAY_BACKEND_LOG_LEVEL to 1[32m [repeated 3x across cluster] (Ray deduplicates logs by default. Set RAY_DEDUP_LOGS=0 to disable log deduplication, or see https://docs.ray.io/en/master/ray-observability/user-guides/configure-logging.html#log-deduplication for more options.)[0m
[92mINFO [0m:      aggregate_fit: received 4 results and 0 failures
[93mWARNING [0m:   No fit_metrics_aggregation_fn provided
[92mINFO [0m:      configure_evaluate: strategy sampled 4 clients (out of 4)
[92mINFO [0m:      aggregate_evaluate: received 4 results and 0 failures
[92mINFO [0m:      
[92mINFO [0m:      [ROUND 2]
[92mINFO [0m:      configure_fit: strategy sampled 4 clients (out of 4)
[92mINFO [0m:      aggregate_fit: received 4 results and 0 failures
[92mINFO [0m:      configure_evaluate: strategy sampled 4 clients (out of 4)
[92mINFO [0m:      aggregate_evaluate: received 4 results and 0 failures
[load_ton_iot] files: ['train_test_network.csv']
[load_ton_iot] rows: 211,043, columns: 44
[load_ton_iot] dropped identifiers: ['src_ip', 'dst_ip', 'src_port']
[load_ton_iot] label-encoded: ['proto', 'service', 'conn_state', 'dns_AA', 'dns_RD', 'dns_RA', 'dns_rejected', 'ssl_version', 'ssl_cipher', 'ssl_resumed', 'ssl_established', 'ssl_subject', 'ssl_issuer', 'http_method', 'http_user_agent', 'http_orig_mime_types', 'http_resp_mime_types', 'weird_name', 'weird_notice']
[load_ton_iot] dropped high-cardinality text: ['dns_query', 'http_uri']
[load_ton_iot] features (37): ['dst_port', 'proto', 'service', 'duration', 'src_bytes', 'dst_bytes', 'conn_state', 'missed_bytes', 'src_pkts', 'src_ip_bytes', 'dst_pkts', 'dst_ip_bytes', 'dns_qclass', 'dns_qtype', 'dns_rcode', 'dns_AA', 'dns_RD', 'dns_RA', 'dns_rejected', 'ssl_version', 'ssl_cipher', 'ssl_resumed', 'ssl_established', 'ssl_subject', 'ssl_issuer', 'http_trans_depth', 'http_method', 'http_version', 'http_request_body_len', 'http_response_body_len', 'http_status_code', 'http_user_agent', 'http_orig_mime_types', 'http_resp_mime_types', 'weird_name', 'weird_addl', 'weird_notice']
[load_ton_iot] Removed 105,867 duplicates (105,176 unique); normal=24,106, attack=81,070
[load_ton_iot] eval_split=val: evaluating on 8,414 held-out training samples (val_size=0.1); test split not used
[load_ton_iot] StandardScaler applied (fit on train).
[load_ton_iot] SMOTE applied: train -> 116,740 (0=58,370, 1=58,370)
[load_ton_iot] Features: 37, Train: 116,740, Test: 8,414

============================================================
CLIENT DATA DISTRIBUTION
============================================================
Client 0: Total=29,186 samples
  - Class 0: 14,593 (50.00%)
  - Class 1: 14,593 (50.00%)
Client 1: Total=29,186 samples
  - Class 0: 14,593 (50.00%)
  - Class 1: 14,593 (50.00%)
Client 2: Total=29,184 samples
  - Class 0: 14,592 (50.00%)
  - Class 1: 14,592 (50.00%)
Client 3: Total=29,184 samples
  - Class 0: 14,592 (50.00%)
  - Class 1: 14,592 (50.00%)
============================================================

[Strategy] FedAvgM (momentum=0.5)
[36m(ClientAppActor pid=745753)[0m [Client 2] Class weights (smoothed): {0: 1.0, 1: 1.0}
[DEBUG] evaluate_metrics_aggregation_fn called with 4 results
[DEBUG] results type: <class 'list'>
[DEBUG] First result type: <class 'tuple'>
[DEBUG] First result length: 2
[DEBUG] results[0][0] type: <class 'int'>
[DEBUG] results[0][1] type: <class 'flwr.app.message.configrecord.ConfigRecord'>
[DEBUG _get_metrics] res_item[1] type: ConfigRecord
[DEBUG _get_metrics] res_item[1] has metrics attr: False
[DEBUG _get_metrics] res_item[1].__dict__: {'_check_key_fn': <function _check_key at 0x7059b63c8900>, '_check_value_fn': <function _check_value at 0x7059abbb89a0>, '_data': {'accuracy': 0.21350452303886414, 'loss': 0.07628385722637177, 'total_samples': 2103, 'actual_attack': 1621, 'actual_normal': 482, 'predicted_attack': 39, 'predicted_normal': 2064, 'true_positives': 3, 'true_negatives': 446, 'false_positives': 36, 'false_negatives': 1618, 'precision': 0.07692307692307693, 'recall': 0.001850709438618137, 'f1_score': 0.0036144578313253017}}
[DEBUG _get_metrics] res_item[1].keys(): ['accuracy', 'loss', 'total_samples', 'actual_attack', 'actual_normal', 'predicted_attack', 'predicted_normal', 'true_positives', 'true_negatives', 'false_positives', 'false_negatives', 'precision', 'recall', 'f1_score']
[DEBUG _get_metrics] Extracted from ConfigRecord._data
[DEBUG _get_metrics] res_item[1] type: ConfigRecord
[DEBUG _get_metrics] res_item[1] has metrics attr: False
[DEBUG _get_metrics] res_item[1].__dict__: {'_check_key_fn': <function _check_key at 0x7059b63c8900>, '_check_value_fn': <function _check_value at 0x7059abbb89a0>, '_data': {'accuracy': 0.21350452303886414, 'loss': 0.07628385722637177, 'total_samples': 2103, 'actual_attack': 1621, 'actual_normal': 482, 'predicted_attack': 39, 'predicted_normal': 2064, 'true_positives': 3, 'true_negatives': 446, 'false_positives': 36, 'false_negatives': 1618, 'precision': 0.07692307692307693, 'recall': 0.001850709438618137, 'f1_score': 0.0036144578313253017}}
[DEBUG _get_metrics] res_item[1].keys(): ['accuracy', 'loss', 'total_samples', 'actual_attack', 'actual_normal', 'predicted_attack', 'predicted_normal', 'true_positives', 'true_negatives', 'false_positives', 'false_negatives', 'precision', 'recall', 'f1_score']
[DEBUG _get_metrics] Extracted from ConfigRecord._data
[DEBUG _get_metrics] res_item[1] type: ConfigRecord
[DEBUG _get_metrics] res_item[1] has metrics attr: False
[DEBUG _get_metrics] res_item[1].__dict__: {'_check_key_fn': <function _check_key at 0x7059b63c8900>, '_check_value_fn': <function _check_value at 0x7059abbb89a0>, '_data': {'accuracy': 0.20874939858913422, 'loss': 0.079309843480587, 'total_samples': 2103, 'actual_attack': 1621, 'actual_normal': 482, 'predicted_attack': 57, 'predicted_normal': 2046, 'true_positives': 7, 'true_negatives': 432, 'false_positives': 50, 'false_negatives': 1614, 'precision': 0.12280701754385964, 'recall': 0.00431832202344232, 'f1_score': 0.00834326579261025}}
[DEBUG _get_metrics] res_item[1].keys(): ['accuracy', 'loss', 'total_samples', 'actual_attack', 'actual_normal', 'predicted_attack', 'predicted_normal', 'true_positives', 'true_negatives', 'false_positives', 'false_negatives', 'precision', 'recall', 'f1_score']
[DEBUG _get_metrics] Extracted from ConfigRecord._data
[DEBUG _get_metrics] res_item[1] type: ConfigRecord
[DEBUG _get_metrics] res_item[1] has metrics attr: False
[DEBUG _get_metrics] res_item[1].__dict__: {'_check_key_fn': <function _check_key at 0x7059b63c8900>, '_check_value_fn': <function _check_value at 0x7059abbb89a0>, '_data': {'accuracy': 0.20874939858913422, 'loss': 0.079309843480587, 'total_samples': 2103, 'actual_attack': 1621, 'actual_normal': 482, 'predicted_attack': 57, 'predicted_normal': 2046, 'true_positives': 7, 'true_negatives': 432, 'false_positives': 50, 'false_negatives': 1614, 'precision': 0.12280701754385964, 'recall': 0.00431832202344232, 'f1_score': 0.00834326579261025}}
[DEBUG _get_metrics] res_item[1].keys(): ['accuracy', 'loss', 'total_samples', 'actual_attack', 'actual_normal', 'predicted_attack', 'predicted_normal', 'true_positives', 'true_negatives', 'false_positives', 'false_negatives', 'precision', 'recall', 'f1_score']
[DEBUG _get_metrics] Extracted from ConfigRecord._data
[DEBUG] Extracted 4 metrics from results

[Evaluation Summary]
============================================================
Round: 1 / 100
Accuracy (mean):  0.2111  (21.11%)
Loss:             0.0778
[Per-Device Accuracy]
  - Device 0:  0.2135  (21.35%)
  - Device 1:  0.2135  (21.35%)
  - Device 2:  0.2087  (20.87%)
  - Device 3:  0.2087  (20.87%)

[Ground Truth]
  - Attack samples: 1621
  - Normal samples: 482
  - Total samples:  2103

[Predictions]
  - Predicted Attack:  39
  - Predicted Normal:  2064

[Confusion Matrix]
  - True Positives (TP):  3
  - True Negatives (TN):  446
  - False Positives (FP): 36
  - False Negatives (FN): 1618

[Metrics]
  - Precision:  0.0999  (9.99%)
  - Recall:     0.0031  (0.31%)
  - F1-Score:   0.0060  (0.60%)
============================================================

[36m(ClientAppActor pid=745753)[0m [Client 2] Class weights (smoothed): {0: 1.0, 1: 1.0}[32m [repeated 12x across cluster][0m
[DEBUG] evaluate_metrics_aggregation_fn called with 4 results
[DEBUG] results type: <class 'list'>
[DEBUG] First result type: <class 'tuple'>
[DEBUG] First result length: 2
[DEBUG] results[0][0] type: <class 'int'>
[DEBUG] results[0][1] type: <class 'flwr.app.message.configrecord.ConfigRecord'>
[DEBUG _get_metrics] res_item[1] type: ConfigRecord
[DEBUG _get_metrics] res_item[1] has metrics attr: False
[DEBUG _get_metrics] res_item[1].__dict__: {'_check_key_fn': <function _check_key at 0x7059b63c8900>, '_check_value_fn': <function _check_value at 0x7059abbb89a0>, '_data': {'accuracy': 0.23014740645885468, 'loss': 0.08486874401569366, 'total_samples': 2103, 'actual_attack': 1621, 'actual_normal': 482, 'predicted_attack': 4, 'predicted_normal': 2099, 'true_positives': 3, 'true_negatives': 481, 'false_positives': 1, 'false_negatives': 1618, 'precision': 0.75, 'recall': 0.001850709438618137, 'f1_score': 0.0036923076923076922}}[92mINFO [0m:      
[92mINFO [0m:      [ROUND 3]
[92mINFO [0m:      configure_fit: strategy sampled 4 clients (out of 4)
[92mINFO [0m:      aggregate_fit: received 4 results and 0 failures
[92mINFO [0m:      configure_evaluate: strategy sampled 4 clients (out of 4)
[92mINFO [0m:      aggregate_evaluate: received 4 results and 0 failures

[DEBUG _get_metrics] res_item[1].keys(): ['accuracy', 'loss', 'total_samples', 'actual_attack', 'actual_normal', 'predicted_attack', 'predicted_normal', 'true_positives', 'true_negatives', 'false_positives', 'false_negatives', 'precision', 'recall', 'f1_score']
[DEBUG _get_metrics] Extracted from ConfigRecord._data
[DEBUG _get_metrics] res_item[1] type: ConfigRecord
[DEBUG _get_metrics] res_item[1] has metrics attr: False
[DEBUG _get_metrics] res_item[1].__dict__: {'_check_key_fn': <function _check_key at 0x7059b63c8900>, '_check_value_fn': <function _check_value at 0x7059abbb89a0>, '_data': {'accuracy': 0.23014740645885468, 'loss': 0.08486874401569366, 'total_samples': 2103, 'actual_attack': 1621, 'actual_normal': 482, 'predicted_attack': 4, 'predicted_normal': 2099, 'true_positives': 3, 'true_negatives': 481, 'false_positives': 1, 'false_negatives': 1618, 'precision': 0.75, 'recall': 0.001850709438618137, 'f1_score': 0.0036923076923076922}}
[DEBUG _get_metrics] res_item[1].keys(): ['accuracy', 'loss', 'total_samples', 'actual_attack', 'actual_normal', 'predicted_attack', 'predicted_normal', 'true_positives', 'true_negatives', 'false_positives', 'false_negatives', 'precision', 'recall', 'f1_score']
[DEBUG _get_metrics] Extracted from ConfigRecord._data
[DEBUG _get_metrics] res_item[1] type: ConfigRecord
[DEBUG _get_metrics] res_item[1] has metrics attr: False
[DEBUG _get_metrics] res_item[1].__dict__: {'_check_key_fn': <function _check_key at 0x7059b63c8900>, '_check_value_fn': <function _check_value at 0x7059abbb89a0>, '_data': {'accuracy': 0.22824536263942719, 'loss': 0.08433698862791061, 'total_samples': 2103, 'actual_attack': 1621, 'actual_normal': 482, 'predicted_attack': 4, 'predicted_normal': 2099, 'true_positives': 1, 'true_negatives': 479, 'false_positives': 3, 'false_negatives': 1620, 'precision': 0.25, 'recall': 0.0006169031462060457, 'f1_score': 0.0012307692307692308}}
[DEBUG _get_metrics] res_item[1].keys(): ['accuracy', 'loss', 'total_samples', 'actual_attack', 'actual_normal', 'predicted_attack', 'predicted_normal', 'true_positives', 'true_negatives', 'false_positives', 'false_negatives', 'precision', 'recall', 'f1_score']
[DEBUG _get_metrics] Extracted from ConfigRecord._data
[DEBUG _get_metrics] res_item[1] type: ConfigRecord
[DEBUG _get_metrics] res_item[1] has metrics attr: False
[DEBUG _get_metrics] res_item[1].__dict__: {'_check_key_fn': <function _check_key at 0x7059b63c8900>, '_check_value_fn': <function _check_value at 0x7059abbb89a0>, '_data': {'accuracy': 0.22824536263942719, 'loss': 0.08433698862791061, 'total_samples': 2103, 'actual_attack': 1621, 'actual_normal': 482, 'predicted_attack': 4, 'predicted_normal': 2099, 'true_positives': 1, 'true_negatives': 479, 'false_positives': 3, 'false_negatives': 1620, 'precision': 0.25, 'recall': 0.0006169031462060457, 'f1_score': 0.0012307692307692308}}
[DEBUG _get_metrics] res_item[1].keys(): ['accuracy', 'loss', 'total_samples', 'actual_attack', 'actual_normal', 'predicted_attack', 'predicted_normal', 'true_positives', 'true_negatives', 'false_positives', 'false_negatives', 'precision', 'recall', 'f1_score']
[DEBUG _get_metrics] Extracted from ConfigRecord._data
[DEBUG] Extracted 4 metrics from results

[Evaluation Summary]
============================================================
Round: 2 / 100
Accuracy (mean):  0.2292  (22.92%)
Loss:             0.0846
[Per-Device Accuracy]
  - Device 0:  0.2301  (23.01%)
  - Device 1:  0.2301  (23.01%)
  - Device 2:  0.2282  (22.82%)
  - Device 3:  0.2282  (22.82%)

[Ground Truth]
  - Attack samples: 1621
  - Normal samples: 482
  - Total samples:  2103

[Predictions]
  - Predicted Attack:  4
  - Predicted Normal:  2099

[Confusion Matrix]
  - True Positives (TP):  3
  - True Negatives (TN):  481
  - False Positives (FP): 1
  - False Negatives (FN): 1618

[Metrics]
  - Precision:  0.5000  (50.00%)
  - Recall:     0.0012  (0.12%)
  - F1-Score:   0.0025  (0.25%)
============================================================

[DEBUG] evaluate_metrics_aggregation_fn called with 4 results
[DEBUG] results type: <class 'list'>
[DEBUG] First result type: <class 'tuple'>
[DEBUG] First result length: 2
[DEBUG] results[0][0] type: <class 'int'>
[DEBUG] results[0][1] type: <class 'flwr.app.message.configrecord.ConfigRecord'>
[DEBUG _get_metrics] res_item[1] type: ConfigRecord
[DEBUG _get_metrics] res_item[1] has metrics attr: False
[DEBUG _get_metrics] res_item[1].__dict__: {'_check_key_fn': <function _check_key at 0x7059b63c8900>, '_check_value_fn': <function _check_value at 0x7059abbb89a0>, '_data': {'accuracy': 0.23062291741371155, 'loss': 0.0899629294872284, 'total_samples': 2103, 'actual_attack': 1621, 'actual_normal': 482, 'predicted_attack': 3, 'predicted_normal': 2100, 'true_positives': 3, 'true_negatives': 482, 'false_positives': 0, 'false_negatives': 1618, 'precision': 1.0, 'recall': 0.001850709438618137, 'f1_score': 0.003694581280788177}}
[DEBUG _get_metrics] res_item[1].keys(): ['accuracy', 'loss', 'total_samples', 'actual_attack', 'actual_normal', 'predicted_attack', 'predicted_normal', 'true_positives', 'true_negatives', 'false_positives', 'false_negatives', 'precision', 'recall', 'f1_score']
[DEBUG _get_metrics] Extracted from ConfigRecord._data
[DEBUG _get_metrics] res_item[1] type: ConfigRecord
[DEBUG _get_metrics] res_item[1] has metrics attr: False
[DEBUG _get_metrics] res_item[1].__dict__: {'_check_key_fn': <function _check_key at 0x7059b63c8900>, '_check_value_fn': <function _check_value at 0x7059abbb89a0>, '_data': {'accuracy': 0.22919638454914093, 'loss': 0.09022057056427002, 'total_samples': 2103, 'actual_attack': 1621, 'actual_normal': 482, 'predicted_attack': 0, 'predicted_normal': 2103, 'true_positives': 0, 'true_negatives': 482, 'false_positives': 0, 'false_negatives': 1621, 'precision': 0.0, 'recall': 0.0, 'f1_score': 0.0}}
[DEBUG _get_metrics] res_item[1].keys(): ['accuracy', 'loss', 'total_samples', 'actual_attack', 'actual_normal', 'predicted_attack', 'predicted_normal', 'true_positives', 'true_negatives', 'false_positives', 'false_negatives', 'precision', 'recall', 'f1_score']
[DEBUG _get_metrics] Extracted from ConfigRecord._data
[DEBUG _get_metrics] res_item[1] type: ConfigRecord
[DEBUG _get_metrics] res_item[1] has metrics attr: False
[DEBUG _get_metrics] res_item[1].__dict__: {'_check_key_fn': <function _check_key at 0x7059b63c8900>, '_check_value_fn': <function _check_value at 0x7059abbb89a0>, '_data': {'accuracy': 0.23062291741371155, 'loss': 0.0899629294872284, 'total_samples': 2103, 'actual_attack': 1621, 'actual_normal': 482, 'predicted_attack': 3, 'predicted_normal': 2100, 'true_positives': 3, 'true_negatives': 482, 'false_positives': 0, 'false_negatives': 1618, 'precision': 1.0, 'recall': 0.001850709438618137, 'f1_score': 0.003694581280788177}}
[DEBUG _get_metrics] res_item[1].keys(): ['accuracy', 'loss', 'total_samples', 'actual_attack', 'actual_normal', 'predicted_attack', 'predicted_normal', 'true_positives', 'true_negatives', 'false_positives', 'false_negatives', 'precision', 'recall', 'f1_score']
[DEBUG _get_metrics] Extracted from ConfigRecord._data
[DEBUG _get_metrics] res_item[1] type: ConfigRecord
[DEBUG _get_metrics] res_item[1] has metrics attr: False
[DEBUG _get_metrics] res_item[1].__dict__: {'_check_key_fn': <function _check_key at 0x7059b63c8900>, '_check_value_fn': <function _check_value at 0x7059abbb89a0>, '_data': {'accuracy': 0.22919638454914093, 'loss': 0.09022057056427002, 'total_samples': 2103, 'actual_attack': 1621, 'actual_normal': 482, 'predicted_attack': 0, 'predicted_normal': 2103, 'true_positives': 0, 'true_negatives': 482, 'false_positives': 0, 'false_negatives': 1621, 'precision': 0.0, 'recall': 0.0, 'f1_score': 0.0}}
[DEBUG _get_metrics] res_item[1].keys(): ['accuracy', 'loss', 'total_samples', 'actual_attack', 'actual_normal', 'predicted_attack', 'predicted_normal', 'true_positives', 'true_negatives', 'false_positives', 'false_negatives', 'precision', 'recall', 'f1_score']
[DEBUG _get_metrics] Extracted from ConfigRecord._data
[DEBUG] Extracted 4 metrics from results

[Evaluation Summary]
============================================================
Round: 3 / 100
Accuracy (mean):  0.2299  (22.99%)[92mINFO [0m:      
[92mINFO [0m:      [ROUND 4]
[92mINFO [0m:      configure_fit: strategy sampled 4 clients (out of 4)
[92mINFO [0m:      aggregate_fit: received 4 results and 0 failures
[92mINFO [0m:      configure_evaluate: strategy sampled 4 clients (out of 4)
[92mINFO [0m:      aggregate_evaluate: received 4 results and 0 failures
[92mINFO [0m:      
[92mINFO [0m:      [ROUND 5]
[92mINFO [0m:      configure_fit: strategy sampled 4 clients (out of 4)
[92mINFO [0m:      aggregate_fit: received 4 results and 0 failures
[92mINFO [0m:      configure_evaluate: strategy sampled 4 clients (out of 4)
[92mINFO [0m:      aggregate_evaluate: received 4 results and 0 failures

Loss:             0.0901
[Per-Device Accuracy]
  - Device 0:  0.2306  (23.06%)
  - Device 1:  0.2292  (22.92%)
  - Device 2:  0.2306  (23.06%)
  - Device 3:  0.2292  (22.92%)

[Ground Truth]
  - Attack samples: 1621
  - Normal samples: 482
  - Total samples:  2103

[Predictions]
  - Predicted Attack:  3
  - Predicted Normal:  2100

[Confusion Matrix]
  - True Positives (TP):  3
  - True Negatives (TN):  482
  - False Positives (FP): 0
  - False Negatives (FN): 1618

[Metrics]
  - Precision:  0.5000  (50.00%)
  - Recall:     0.0009  (0.09%)
  - F1-Score:   0.0018  (0.18%)
============================================================

[36m(ClientAppActor pid=745753)[0m [Client 2] Class weights (smoothed): {0: 1.0, 1: 1.0}[32m [repeated 16x across cluster][0m
[DEBUG] evaluate_metrics_aggregation_fn called with 4 results
[DEBUG] results type: <class 'list'>
[DEBUG] First result type: <class 'tuple'>
[DEBUG] First result length: 2
[DEBUG] results[0][0] type: <class 'int'>
[DEBUG] results[0][1] type: <class 'flwr.app.message.configrecord.ConfigRecord'>
[DEBUG _get_metrics] res_item[1] type: ConfigRecord
[DEBUG _get_metrics] res_item[1] has metrics attr: False
[DEBUG _get_metrics] res_item[1].__dict__: {'_check_key_fn': <function _check_key at 0x7059b63c8900>, '_check_value_fn': <function _check_value at 0x7059abbb89a0>, '_data': {'accuracy': 0.22919638454914093, 'loss': 0.08880507200956345, 'total_samples': 2103, 'actual_attack': 1621, 'actual_normal': 482, 'predicted_attack': 0, 'predicted_normal': 2103, 'true_positives': 0, 'true_negatives': 482, 'false_positives': 0, 'false_negatives': 1621, 'precision': 0.0, 'recall': 0.0, 'f1_score': 0.0}}
[DEBUG _get_metrics] res_item[1].keys(): ['accuracy', 'loss', 'total_samples', 'actual_attack', 'actual_normal', 'predicted_attack', 'predicted_normal', 'true_positives', 'true_negatives', 'false_positives', 'false_negatives', 'precision', 'recall', 'f1_score']
[DEBUG _get_metrics] Extracted from ConfigRecord._data
[DEBUG _get_metrics] res_item[1] type: ConfigRecord
[DEBUG _get_metrics] res_item[1] has metrics attr: False
[DEBUG _get_metrics] res_item[1].__dict__: {'_check_key_fn': <function _check_key at 0x7059b63c8900>, '_check_value_fn': <function _check_value at 0x7059abbb89a0>, '_data': {'accuracy': 0.22919638454914093, 'loss': 0.08880507200956345, 'total_samples': 2103, 'actual_attack': 1621, 'actual_normal': 482, 'predicted_attack': 0, 'predicted_normal': 2103, 'true_positives': 0, 'true_negatives': 482, 'false_positives': 0, 'false_negatives': 1621, 'precision': 0.0, 'recall': 0.0, 'f1_score': 0.0}}
[DEBUG _get_metrics] res_item[1].keys(): ['accuracy', 'loss', 'total_samples', 'actual_attack', 'actual_normal', 'predicted_attack', 'predicted_normal', 'true_positives', 'true_negatives', 'false_positives', 'false_negatives', 'precision', 'recall', 'f1_score']
[DEBUG _get_metrics] Extracted from ConfigRecord._data
[DEBUG _get_metrics] res_item[1] type: ConfigRecord
[DEBUG _get_metrics] res_item[1] has metrics attr: False
[DEBUG _get_metrics] res_item[1].__dict__: {'_check_key_fn': <function _check_key at 0x7059b63c8900>, '_check_value_fn': <function _check_value at 0x7059abbb89a0>, '_data': {'accuracy': 0.23062291741371155, 'loss': 0.08843532204627991, 'total_samples': 2103, 'actual_attack': 1621, 'actual_normal': 482, 'predicted_attack': 3, 'predicted_normal': 2100, 'true_positives': 3, 'true_negatives': 482, 'false_positives': 0, 'false_negatives': 1618, 'precision': 1.0, 'recall': 0.001850709438618137, 'f1_score': 0.003694581280788177}}
[DEBUG _get_metrics] res_item[1].keys(): ['accuracy', 'loss', 'total_samples', 'actual_attack', 'actual_normal', 'predicted_attack', 'predicted_normal', 'true_positives', 'true_negatives', 'false_positives', 'false_negatives', 'precision', 'recall', 'f1_score']
[DEBUG _get_metrics] Extracted from ConfigRecord._data
[DEBUG _get_metrics] res_item[1] type: ConfigRecord
[DEBUG _get_metrics] res_item[1] has metrics attr: False
[DEBUG _get_metrics] res_item[1].__dict__: {'_check_key_fn': <function _check_key at 0x7059b63c8900>, '_check_value_fn': <function _check_value at 0x7059abbb89a0>, '_data': {'accuracy': 0.23062291741371155, 'loss': 0.08843532204627991, 'total_samples': 2103, 'actual_attack': 1621, 'actual_normal': 482, 'predicted_attack': 3, 'predicted_normal': 2100, 'true_positives': 3, 'true_negatives': 482, 'false_positives': 0, 'false_negatives': 1618, 'precision': 1.0, 'recall': 0.001850709438618137, 'f1_score': 0.003694581280788177}}
[DEBUG _get_metrics] res_item[1].keys(): ['accuracy', 'loss', 'total_samples', 'actual_attack', 'actual_normal', 'predicted_attack', 'predicted_normal', 'true_positives', 'true_negatives', 'false_positives', 'false_negatives', 'precision', 'recall', 'f1_score']
[DEBUG _get_metrics] Extracted from ConfigRecord._data
[DEBUG] Extracted 4 metrics from results

[Evaluation Summary]
============================================================
Round: 4 / 100
Accuracy (mean):  0.2299  (22.99%)
Loss:             0.0886
[Per-Device Accuracy]
  - Device 0:  0.2292  (22.92%)
  - Device 1:  0.2292  (22.92%)
  - Device 2:  0.2306  (23.06%)
  - Device 3:  0.2306  (23.06%)

[Ground Truth]
  - Attack samples: 1621
  - Normal samples: 482
  - Total samples:  2103

[Predictions]
  - Predicted Attack:  0
  - Predicted Normal:  2103

[Confusion Matrix]
  - True Positives (TP):  0
  - True Negatives (TN):  482
  - False Positives (FP): 0
  - False Negatives (FN): 1621

[Metrics]
  - Precision:  0.5000  (50.00%)
  - Recall:     0.0009  (0.09%)
  - F1-Score:   0.0018  (0.18%)
============================================================

[Round 5] Client contributions:
  Client samples: 29,186 (weight: 0.2500)
  Client samples: 29,186 (weight: 0.2500)
  Client samples: 29,184 (weight: 0.2500)
  Client samples: 29,184 (weight: 0.2500)
[DEBUG] evaluate_metrics_aggregation_fn called with 4 results
[DEBUG] results type: <class 'list'>
[DEBUG] First result type: <class 'tuple'>
[DEBUG] First result length: 2
[DEBUG] results[0][0] type: <class 'int'>
[DEBUG] results[0][1] type: <class 'flwr.app.message.configrecord.ConfigRecord'>
[DEBUG _get_metrics] res_item[1] type: ConfigRecord
[DEBUG _get_metrics] res_item[1] has metrics attr: False
[DEBUG _get_metrics] res_item[1].__dict__: {'_check_key_fn': <function _check_key at 0x7059b63c8900>, '_check_value_fn': <function _check_value at 0x7059abbb89a0>, '_data': {'accuracy': 0.22919638454914093, 'loss': 0.08051048219203949, 'total_samples': 2103, 'actual_attack': 1621, 'actual_normal': 482, 'predicted_attack': 0, 'predicted_normal': 2103, 'true_positives': 0, 'true_negatives': 482, 'false_positives': 0, 'false_negatives': 1621, 'precision': 0.0, 'recall': 0.0, 'f1_score': 0.0}}
[DEBUG _get_metrics] res_item[1].keys(): ['accuracy', 'loss', 'total_samples', 'actual_attack', 'actual_normal', 'predicted_attack', 'predicted_normal', 'true_positives', 'true_negatives', 'false_positives', 'false_negatives', 'precision', 'recall', 'f1_score']
[DEBUG _get_metrics] Extracted from ConfigRecord._data
[DEBUG _get_metrics] res_item[1] type: ConfigRecord
[DEBUG _get_metrics] res_item[1] has metrics attr: False
[DEBUG _get_metrics] res_item[1].__dict__: {'_check_key_fn': <function _check_key at 0x7059b63c8900>, '_check_value_fn': <function _check_value at 0x7059abbb89a0>, '_data': {'accuracy': 0.22919638454914093, 'loss': 0.08051048219203949, 'total_samples': 2103, 'actual_attack': 1621, 'actual_normal': 482, 'predicted_attack': 0, 'predicted_normal': 2103, 'true_positives': 0, 'true_negatives': 482, 'false_positives': 0, 'false_negatives': 1621, 'precision': 0.0, 'recall': 0.0, 'f1_score': 0.0}}
[DEBUG _get_metrics] res_item[1].keys(): ['accuracy', 'loss', 'total_samples', 'actual_attack', 'actual_normal', 'predicted_attack', 'predicted_normal', 'true_positives', 'true_negatives', 'false_positives', 'false_negatives', 'precision', 'recall', 'f1_score']
[DEBUG _get_metrics] Extracted from ConfigRecord._data
[DEBUG _get_metrics] res_item[1] type: ConfigRecord
[DEBUG _get_metrics] res_item[1] has metrics attr: False
[DEBUG _get_metrics] res_item[1].__dict__: {'_check_key_fn': <function _check_key at 0x7059b63c8900>, '_check_value_fn': <function _check_value at 0x7059abbb89a0>, '_data': {'accuracy': 0.23062291741371155, 'loss': 0.08003909140825272, 'total_samples': 2103, 'actual_attack': 1621, 'actual_normal': 482, 'predicted_attack': 3, 'predicted_normal': 2100, 'true_positives': 3, 'true_negatives': 482, 'false_positives': 0, 'false_negatives': 1618, 'precision': 1.0, 'recall': 0.001850709438618137, 'f1_score': 0.003694581280788177}}[92mINFO [0m:      
[92mINFO [0m:      [ROUND 6]
[92mINFO [0m:      configure_fit: strategy sampled 4 clients (out of 4)
[92mINFO [0m:      aggregate_fit: received 4 results and 0 failures
[92mINFO [0m:      configure_evaluate: strategy sampled 4 clients (out of 4)
[92mINFO [0m:      aggregate_evaluate: received 4 results and 0 failures
[92mINFO [0m:      
[92mINFO [0m:      [ROUND 7]
[92mINFO [0m:      configure_fit: strategy sampled 4 clients (out of 4)
[92mINFO [0m:      aggregate_fit: received 4 results and 0 failures
[92mINFO [0m:      configure_evaluate: strategy sampled 4 clients (out of 4)
[92mINFO [0m:      aggregate_evaluate: received 4 results and 0 failures

[DEBUG _get_metrics] res_item[1].keys(): ['accuracy', 'loss', 'total_samples', 'actual_attack', 'actual_normal', 'predicted_attack', 'predicted_normal', 'true_positives', 'true_negatives', 'false_positives', 'false_negatives', 'precision', 'recall', 'f1_score']
[DEBUG _get_metrics] Extracted from ConfigRecord._data
[DEBUG _get_metrics] res_item[1] type: ConfigRecord
[DEBUG _get_metrics] res_item[1] has metrics attr: False
[DEBUG _get_metrics] res_item[1].__dict__: {'_check_key_fn': <function _check_key at 0x7059b63c8900>, '_check_value_fn': <function _check_value at 0x7059abbb89a0>, '_data': {'accuracy': 0.23062291741371155, 'loss': 0.08003909140825272, 'total_samples': 2103, 'actual_attack': 1621, 'actual_normal': 482, 'predicted_attack': 3, 'predicted_normal': 2100, 'true_positives': 3, 'true_negatives': 482, 'false_positives': 0, 'false_negatives': 1618, 'precision': 1.0, 'recall': 0.001850709438618137, 'f1_score': 0.003694581280788177}}
[DEBUG _get_metrics] res_item[1].keys(): ['accuracy', 'loss', 'total_samples', 'actual_attack', 'actual_normal', 'predicted_attack', 'predicted_normal', 'true_positives', 'true_negatives', 'false_positives', 'false_negatives', 'precision', 'recall', 'f1_score']
[DEBUG _get_metrics] Extracted from ConfigRecord._data
[DEBUG] Extracted 4 metrics from results

[Evaluation Summary]
============================================================
Round: 5 / 100
Accuracy (mean):  0.2299  (22.99%)
Loss:             0.0803
[Per-Device Accuracy]
  - Device 0:  0.2292  (22.92%)
  - Device 1:  0.2292  (22.92%)
  - Device 2:  0.2306  (23.06%)
  - Device 3:  0.2306  (23.06%)

[Ground Truth]
  - Attack samples: 1621
  - Normal samples: 482
  - Total samples:  2103

[Predictions]
  - Predicted Attack:  0
  - Predicted Normal:  2103

[Confusion Matrix]
  - True Positives (TP):  0
  - True Negatives (TN):  482
  - False Positives (FP): 0
  - False Negatives (FN): 1621

[Metrics]
  - Precision:  0.5000  (50.00%)
  - Recall:     0.0009  (0.09%)
  - F1-Score:   0.0018  (0.18%)
============================================================

[36m(ClientAppActor pid=745753)[0m [Client 2] Class weights (smoothed): {0: 1.0, 1: 1.0}[32m [repeated 16x across cluster][0m
[DEBUG] evaluate_metrics_aggregation_fn called with 4 results
[DEBUG] results type: <class 'list'>
[DEBUG] First result type: <class 'tuple'>
[DEBUG] First result length: 2
[DEBUG] results[0][0] type: <class 'int'>
[DEBUG] results[0][1] type: <class 'flwr.app.message.configrecord.ConfigRecord'>
[DEBUG _get_metrics] res_item[1] type: ConfigRecord
[DEBUG _get_metrics] res_item[1] has metrics attr: False
[DEBUG _get_metrics] res_item[1].__dict__: {'_check_key_fn': <function _check_key at 0x7059b63c8900>, '_check_value_fn': <function _check_value at 0x7059abbb89a0>, '_data': {'accuracy': 0.23062291741371155, 'loss': 0.06933793425559998, 'total_samples': 2103, 'actual_attack': 1621, 'actual_normal': 482, 'predicted_attack': 3, 'predicted_normal': 2100, 'true_positives': 3, 'true_negatives': 482, 'false_positives': 0, 'false_negatives': 1618, 'precision': 1.0, 'recall': 0.001850709438618137, 'f1_score': 0.003694581280788177}}
[DEBUG _get_metrics] res_item[1].keys(): ['accuracy', 'loss', 'total_samples', 'actual_attack', 'actual_normal', 'predicted_attack', 'predicted_normal', 'true_positives', 'true_negatives', 'false_positives', 'false_negatives', 'precision', 'recall', 'f1_score']
[DEBUG _get_metrics] Extracted from ConfigRecord._data
[DEBUG _get_metrics] res_item[1] type: ConfigRecord
[DEBUG _get_metrics] res_item[1] has metrics attr: False
[DEBUG _get_metrics] res_item[1].__dict__: {'_check_key_fn': <function _check_key at 0x7059b63c8900>, '_check_value_fn': <function _check_value at 0x7059abbb89a0>, '_data': {'accuracy': 0.22919638454914093, 'loss': 0.06988567113876343, 'total_samples': 2103, 'actual_attack': 1621, 'actual_normal': 482, 'predicted_attack': 0, 'predicted_normal': 2103, 'true_positives': 0, 'true_negatives': 482, 'false_positives': 0, 'false_negatives': 1621, 'precision': 0.0, 'recall': 0.0, 'f1_score': 0.0}}
[DEBUG _get_metrics] res_item[1].keys(): ['accuracy', 'loss', 'total_samples', 'actual_attack', 'actual_normal', 'predicted_attack', 'predicted_normal', 'true_positives', 'true_negatives', 'false_positives', 'false_negatives', 'precision', 'recall', 'f1_score']
[DEBUG _get_metrics] Extracted from ConfigRecord._data
[DEBUG _get_metrics] res_item[1] type: ConfigRecord
[DEBUG _get_metrics] res_item[1] has metrics attr: False
[DEBUG _get_metrics] res_item[1].__dict__: {'_check_key_fn': <function _check_key at 0x7059b63c8900>, '_check_value_fn': <function _check_value at 0x7059abbb89a0>, '_data': {'accuracy': 0.23062291741371155, 'loss': 0.06933793425559998, 'total_samples': 2103, 'actual_attack': 1621, 'actual_normal': 482, 'predicted_attack': 3, 'predicted_normal': 2100, 'true_positives': 3, 'true_negatives': 482, 'false_positives': 0, 'false_negatives': 1618, 'precision': 1.0, 'recall': 0.001850709438618137, 'f1_score': 0.003694581280788177}}
[DEBUG _get_metrics] res_item[1].keys(): ['accuracy', 'loss', 'total_samples', 'actual_attack', 'actual_normal', 'predicted_attack', 'predicted_normal', 'true_positives', 'true_negatives', 'false_positives', 'false_negatives', 'precision', 'recall', 'f1_score']
[DEBUG _get_metrics] Extracted from ConfigRecord._data
[DEBUG _get_metrics] res_item[1] type: ConfigRecord
[DEBUG _get_metrics] res_item[1] has metrics attr: False
[DEBUG _get_metrics] res_item[1].__dict__: {'_check_key_fn': <function _check_key at 0x7059b63c8900>, '_check_value_fn': <function _check_value at 0x7059abbb89a0>, '_data': {'accuracy': 0.22919638454914093, 'loss': 0.06988567113876343, 'total_samples': 2103, 'actual_attack': 1621, 'actual_normal': 482, 'predicted_attack': 0, 'predicted_normal': 2103, 'true_positives': 0, 'true_negatives': 482, 'false_positives': 0, 'false_negatives': 1621, 'precision': 0.0, 'recall': 0.0, 'f1_score': 0.0}}
[DEBUG _get_metrics] res_item[1].keys(): ['accuracy', 'loss', 'total_samples', 'actual_attack', 'actual_normal', 'predicted_attack', 'predicted_normal', 'true_positives', 'true_negatives', 'false_positives', 'false_negatives', 'precision', 'recall', 'f1_score']
[DEBUG _get_metrics] Extracted from ConfigRecord._data
[DEBUG] Extracted 4 metrics from results

[Evaluation Summary]
============================================================
Round: 6 / 100
Accuracy (mean):  0.2299  (22.99%)
Loss:             0.0696
[Per-Device Accuracy]
  - Device 0:  0.2306  (23.06%)
  - Device 1:  0.2292  (22.92%)
  - Device 2:  0.2306  (23.06%)
  - Device 3:  0.2292  (22.92%)

[Ground Truth]
  - Attack samples: 1621
  - Normal samples: 482
  - Total samples:  2103

[Predictions]
  - Predicted Attack:  3
  - Predicted Normal:  2100

[Confusion Matrix]
  - True Positives (TP):  3
  - True Negatives (TN):  482
  - False Positives (FP): 0
  - False Negatives (FN): 1618

[Metrics]
  - Precision:  0.5000  (50.00%)
  - Recall:     0.0009  (0.09%)
  - F1-Score:   0.0018  (0.18%)
============================================================

[DEBUG] evaluate_metrics_aggregation_fn called with 4 results
[DEBUG] results type: <class 'list'>
[DEBUG] First result type: <class 'tuple'>
[DEBUG] First result length: 2
[DEBUG] results[0][0] type: <class 'int'>
[DEBUG] results[0][1] type: <class 'flwr.app.message.configrecord.ConfigRecord'>
[DEBUG _get_metrics] res_item[1] type: ConfigRecord
[DEBUG _get_metrics] res_item[1] has metrics attr: False
[DEBUG _get_metrics] res_item[1].__dict__: {'_check_key_fn': <function _check_key at 0x7059b63c8900>, '_check_value_fn': <function _check_value at 0x7059abbb89a0>, '_data': {'accuracy': 0.5553970336914062, 'loss': 0.058019958436489105, 'total_samples': 2103, 'actual_attack': 1621, 'actual_normal': 482, 'predicted_attack': 686, 'predicted_normal': 1417, 'true_positives': 686, 'true_negatives': 482, 'false_positives': 0, 'false_negatives': 935, 'precision': 1.0, 'recall': 0.42319555829734734, 'f1_score': 0.5947117468573906}}
[DEBUG _get_metrics] res_item[1].keys(): ['accuracy', 'loss', 'total_samples', 'actual_attack', 'actual_normal', 'predicted_attack', 'predicted_normal', 'true_positives', 'true_negatives', 'false_positives', 'false_negatives', 'precision', 'recall', 'f1_score'][92mINFO [0m:      
[92mINFO [0m:      [ROUND 8]
[92mINFO [0m:      configure_fit: strategy sampled 4 clients (out of 4)
[92mINFO [0m:      aggregate_fit: received 4 results and 0 failures
[92mINFO [0m:      configure_evaluate: strategy sampled 4 clients (out of 4)
[92mINFO [0m:      aggregate_evaluate: received 4 results and 0 failures

[DEBUG _get_metrics] Extracted from ConfigRecord._data
[DEBUG _get_metrics] res_item[1] type: ConfigRecord
[DEBUG _get_metrics] res_item[1] has metrics attr: False
[DEBUG _get_metrics] res_item[1].__dict__: {'_check_key_fn': <function _check_key at 0x7059b63c8900>, '_check_value_fn': <function _check_value at 0x7059abbb89a0>, '_data': {'accuracy': 0.5658583045005798, 'loss': 0.05742586776614189, 'total_samples': 2103, 'actual_attack': 1621, 'actual_normal': 482, 'predicted_attack': 708, 'predicted_normal': 1395, 'true_positives': 708, 'true_negatives': 482, 'false_positives': 0, 'false_negatives': 913, 'precision': 1.0, 'recall': 0.4367674275138803, 'f1_score': 0.6079862601975096}}
[DEBUG _get_metrics] res_item[1].keys(): ['accuracy', 'loss', 'total_samples', 'actual_attack', 'actual_normal', 'predicted_attack', 'predicted_normal', 'true_positives', 'true_negatives', 'false_positives', 'false_negatives', 'precision', 'recall', 'f1_score']
[DEBUG _get_metrics] Extracted from ConfigRecord._data
[DEBUG _get_metrics] res_item[1] type: ConfigRecord
[DEBUG _get_metrics] res_item[1] has metrics attr: False
[DEBUG _get_metrics] res_item[1].__dict__: {'_check_key_fn': <function _check_key at 0x7059b63c8900>, '_check_value_fn': <function _check_value at 0x7059abbb89a0>, '_data': {'accuracy': 0.5658583045005798, 'loss': 0.05742586776614189, 'total_samples': 2103, 'actual_attack': 1621, 'actual_normal': 482, 'predicted_attack': 708, 'predicted_normal': 1395, 'true_positives': 708, 'true_negatives': 482, 'false_positives': 0, 'false_negatives': 913, 'precision': 1.0, 'recall': 0.4367674275138803, 'f1_score': 0.6079862601975096}}
[DEBUG _get_metrics] res_item[1].keys(): ['accuracy', 'loss', 'total_samples', 'actual_attack', 'actual_normal', 'predicted_attack', 'predicted_normal', 'true_positives', 'true_negatives', 'false_positives', 'false_negatives', 'precision', 'recall', 'f1_score']
[DEBUG _get_metrics] Extracted from ConfigRecord._data
[DEBUG _get_metrics] res_item[1] type: ConfigRecord
[DEBUG _get_metrics] res_item[1] has metrics attr: False
[DEBUG _get_metrics] res_item[1].__dict__: {'_check_key_fn': <function _check_key at 0x7059b63c8900>, '_check_value_fn': <function _check_value at 0x7059abbb89a0>, '_data': {'accuracy': 0.5553970336914062, 'loss': 0.058019958436489105, 'total_samples': 2103, 'actual_attack': 1621, 'actual_normal': 482, 'predicted_attack': 686, 'predicted_normal': 1417, 'true_positives': 686, 'true_negatives': 482, 'false_positives': 0, 'false_negatives': 935, 'precision': 1.0, 'recall': 0.42319555829734734, 'f1_score': 0.5947117468573906}}
[DEBUG _get_metrics] res_item[1].keys(): ['accuracy', 'loss', 'total_samples', 'actual_attack', 'actual_normal', 'predicted_attack', 'predicted_normal', 'true_positives', 'true_negatives', 'false_positives', 'false_negatives', 'precision', 'recall', 'f1_score']
[DEBUG _get_metrics] Extracted from ConfigRecord._data
[DEBUG] Extracted 4 metrics from results

[Evaluation Summary]
============================================================
Round: 7 / 100
Accuracy (mean):  0.5606  (56.06%)
Loss:             0.0577
[Per-Device Accuracy]
  - Device 0:  0.5554  (55.54%)
  - Device 1:  0.5659  (56.59%)
  - Device 2:  0.5659  (56.59%)
  - Device 3:  0.5554  (55.54%)

[Ground Truth]
  - Attack samples: 1621
  - Normal samples: 482
  - Total samples:  2103

[Predictions]
  - Predicted Attack:  686
  - Predicted Normal:  1417

[Confusion Matrix]
  - True Positives (TP):  686
  - True Negatives (TN):  482
  - False Positives (FP): 0
  - False Negatives (FN): 935

[Metrics]
  - Precision:  1.0000  (100.00%)
  - Recall:     0.4300  (43.00%)
  - F1-Score:   0.6013  (60.13%)
============================================================

[36m(ClientAppActor pid=745753)[0m [Client 2] Class weights (smoothed): {0: 1.0, 1: 1.0}[32m [repeated 16x across cluster][0m
[DEBUG] evaluate_metrics_aggregation_fn called with 4 results
[DEBUG] results type: <class 'list'>
[DEBUG] First result type: <class 'tuple'>
[DEBUG] First result length: 2
[DEBUG] results[0][0] type: <class 'int'>
[DEBUG] results[0][1] type: <class 'flwr.app.message.configrecord.ConfigRecord'>
[DEBUG _get_metrics] res_item[1] type: ConfigRecord
[DEBUG _get_metrics] res_item[1] has metrics attr: False
[DEBUG _get_metrics] res_item[1].__dict__: {'_check_key_fn': <function _check_key at 0x7059b63c8900>, '_check_value_fn': <function _check_value at 0x7059abbb89a0>, '_data': {'accuracy': 0.7669995427131653, 'loss': 0.04637350142002106, 'total_samples': 2103, 'actual_attack': 1621, 'actual_normal': 482, 'predicted_attack': 1131, 'predicted_normal': 972, 'true_positives': 1131, 'true_negatives': 482, 'false_positives': 0, 'false_negatives': 490, 'precision': 1.0, 'recall': 0.6977174583590376, 'f1_score': 0.8219476744186046}}
[DEBUG _get_metrics] res_item[1].keys(): ['accuracy', 'loss', 'total_samples', 'actual_attack', 'actual_normal', 'predicted_attack', 'predicted_normal', 'true_positives', 'true_negatives', 'false_positives', 'false_negatives', 'precision', 'recall', 'f1_score']
[DEBUG _get_metrics] Extracted from ConfigRecord._data
[DEBUG _get_metrics] res_item[1] type: ConfigRecord
[DEBUG _get_metrics] res_item[1] has metrics attr: False
[DEBUG _get_metrics] res_item[1].__dict__: {'_check_key_fn': <function _check_key at 0x7059b63c8900>, '_check_value_fn': <function _check_value at 0x7059abbb89a0>, '_data': {'accuracy': 0.7593913674354553, 'loss': 0.047031957656145096, 'total_samples': 2103, 'actual_attack': 1621, 'actual_normal': 482, 'predicted_attack': 1117, 'predicted_normal': 986, 'true_positives': 1116, 'true_negatives': 481, 'false_positives': 1, 'false_negatives': 505, 'precision': 0.999104744852283, 'recall': 0.688463911165947, 'f1_score': 0.8151935719503287}}
[DEBUG _get_metrics] res_item[1].keys(): ['accuracy', 'loss', 'total_samples', 'actual_attack', 'actual_normal', 'predicted_attack', 'predicted_normal', 'true_positives', 'true_negatives', 'false_positives', 'false_negatives', 'precision', 'recall', 'f1_score']
[DEBUG _get_metrics] Extracted from ConfigRecord._data
[DEBUG _get_metrics] res_item[1] type: ConfigRecord
[DEBUG _get_metrics] res_item[1] has metrics attr: False
[DEBUG _get_metrics] res_item[1].__dict__: {'_check_key_fn': <function _check_key at 0x7059b63c8900>, '_check_value_fn': <function _check_value at 0x7059abbb89a0>, '_data': {'accuracy': 0.7669995427131653, 'loss': 0.04637350142002106, 'total_samples': 2103, 'actual_attack': 1621, 'actual_normal': 482, 'predicted_attack': 1131, 'predicted_normal': 972, 'true_positives': 1131, 'true_negatives': 482, 'false_positives': 0, 'false_negatives': 490, 'precision': 1.0, 'recall': 0.6977174583590376, 'f1_score': 0.8219476744186046}}
[DEBUG _get_metrics] res_item[1].keys(): ['accuracy', 'loss', 'total_samples', 'actual_attack', 'actual_normal', 'predicted_attack', 'predicted_normal', 'true_positives', 'true_negatives', 'false_positives', 'false_negatives', 'precision', 'recall', 'f1_score']
[DEBUG _get_metrics] Extracted from ConfigRecord._data
[DEBUG _get_metrics] res_item[1] type: ConfigRecord
[DEBUG _get_metrics] res_item[1] has metrics attr: False
[DEBUG _get_metrics] res_item[1].__dict__: {'_check_key_fn': <function _check_key at 0x7059b63c8900>, '_check_value_fn': <function _check_value at 0x7059abbb89a0>, '_data': {'accuracy': 0.7593913674354553, 'loss': 0.047031957656145096, 'total_samples': 2103, 'actual_attack': 1621, 'actual_normal': 482, 'predicted_attack': 1117, 'predicted_normal': 986, 'true_positives': 1116, 'true_negatives': 481, 'false_positives': 1, 'false_negatives': 505, 'precision': 0.999104744852283, 'recall': 0.688463911165947, 'f1_score': 0.8151935719503287}}
[DEBUG _get_metrics] res_item[1].keys(): ['accuracy', 'loss', 'total_samples', 'actual_attack', 'actual_normal', 'predicted_attack', 'predicted_normal', 'true_positives', 'true_negatives', 'false_positives', 'false_negatives', 'precision', 'recall', 'f1_score']
[DEBUG _get_metrics] Extracted from ConfigRecord._data
[DEBUG] Extracted 4 metrics from results

[Evaluation Summary]
============================================================
Round: 8 / 100
Accuracy (mean):  0.7632  (76.32%)
Loss:             0.0467[92mINFO [0m:      
[92mINFO [0m:      [ROUND 9]
[92mINFO [0m:      configure_fit: strategy sampled 4 clients (out of 4)
[92mINFO [0m:      aggregate_fit: received 4 results and 0 failures
[92mINFO [0m:      configure_evaluate: strategy sampled 4 clients (out of 4)
[92mINFO [0m:      aggregate_evaluate: received 4 results and 0 failures
[92mINFO [0m:      
[92mINFO [0m:      [ROUND 10]
[92mINFO [0m:      configure_fit: strategy sampled 4 clients (out of 4)
[92mINFO [0m:      aggregate_fit: received 4 results and 0 failures
[92mINFO [0m:      configure_evaluate: strategy sampled 4 clients (out of 4)
[92mINFO [0m:      aggregate_evaluate: received 4 results and 0 failures

[Per-Device Accuracy]
  - Device 0:  0.7670  (76.70%)
  - Device 1:  0.7594  (75.94%)
  - Device 2:  0.7670  (76.70%)
  - Device 3:  0.7594  (75.94%)

[Ground Truth]
  - Attack samples: 1621
  - Normal samples: 482
  - Total samples:  2103

[Predictions]
  - Predicted Attack:  1131
  - Predicted Normal:  972

[Confusion Matrix]
  - True Positives (TP):  1131
  - True Negatives (TN):  482
  - False Positives (FP): 0
  - False Negatives (FN): 490

[Metrics]
  - Precision:  0.9996  (99.96%)
  - Recall:     0.6931  (69.31%)
  - F1-Score:   0.8186  (81.86%)
============================================================

[DEBUG] evaluate_metrics_aggregation_fn called with 4 results
[DEBUG] results type: <class 'list'>
[DEBUG] First result type: <class 'tuple'>
[DEBUG] First result length: 2
[DEBUG] results[0][0] type: <class 'int'>
[DEBUG] results[0][1] type: <class 'flwr.app.message.configrecord.ConfigRecord'>
[DEBUG _get_metrics] res_item[1] type: ConfigRecord
[DEBUG _get_metrics] res_item[1] has metrics attr: False
[DEBUG _get_metrics] res_item[1].__dict__: {'_check_key_fn': <function _check_key at 0x7059b63c8900>, '_check_value_fn': <function _check_value at 0x7059abbb89a0>, '_data': {'accuracy': 0.8744650483131409, 'loss': 0.037564024329185486, 'total_samples': 2103, 'actual_attack': 1621, 'actual_normal': 482, 'predicted_attack': 1357, 'predicted_normal': 746, 'true_positives': 1357, 'true_negatives': 482, 'false_positives': 0, 'false_negatives': 264, 'precision': 1.0, 'recall': 0.837137569401604, 'f1_score': 0.9113498992612492}}
[DEBUG _get_metrics] res_item[1].keys(): ['accuracy', 'loss', 'total_samples', 'actual_attack', 'actual_normal', 'predicted_attack', 'predicted_normal', 'true_positives', 'true_negatives', 'false_positives', 'false_negatives', 'precision', 'recall', 'f1_score']
[DEBUG _get_metrics] Extracted from ConfigRecord._data
[DEBUG _get_metrics] res_item[1] type: ConfigRecord
[DEBUG _get_metrics] res_item[1] has metrics attr: False
[DEBUG _get_metrics] res_item[1].__dict__: {'_check_key_fn': <function _check_key at 0x7059b63c8900>, '_check_value_fn': <function _check_value at 0x7059abbb89a0>, '_data': {'accuracy': 0.8725630044937134, 'loss': 0.038298022001981735, 'total_samples': 2103, 'actual_attack': 1621, 'actual_normal': 482, 'predicted_attack': 1355, 'predicted_normal': 748, 'true_positives': 1354, 'true_negatives': 481, 'false_positives': 1, 'false_negatives': 267, 'precision': 0.9992619926199262, 'recall': 0.8352868599629858, 'f1_score': 0.9099462365591398}}
[DEBUG _get_metrics] res_item[1].keys(): ['accuracy', 'loss', 'total_samples', 'actual_attack', 'actual_normal', 'predicted_attack', 'predicted_normal', 'true_positives', 'true_negatives', 'false_positives', 'false_negatives', 'precision', 'recall', 'f1_score']
[DEBUG _get_metrics] Extracted from ConfigRecord._data
[DEBUG _get_metrics] res_item[1] type: ConfigRecord
[DEBUG _get_metrics] res_item[1] has metrics attr: False
[DEBUG _get_metrics] res_item[1].__dict__: {'_check_key_fn': <function _check_key at 0x7059b63c8900>, '_check_value_fn': <function _check_value at 0x7059abbb89a0>, '_data': {'accuracy': 0.8725630044937134, 'loss': 0.038298022001981735, 'total_samples': 2103, 'actual_attack': 1621, 'actual_normal': 482, 'predicted_attack': 1355, 'predicted_normal': 748, 'true_positives': 1354, 'true_negatives': 481, 'false_positives': 1, 'false_negatives': 267, 'precision': 0.9992619926199262, 'recall': 0.8352868599629858, 'f1_score': 0.9099462365591398}}
[DEBUG _get_metrics] res_item[1].keys(): ['accuracy', 'loss', 'total_samples', 'actual_attack', 'actual_normal', 'predicted_attack', 'predicted_normal', 'true_positives', 'true_negatives', 'false_positives', 'false_negatives', 'precision', 'recall', 'f1_score']
[DEBUG _get_metrics] Extracted from ConfigRecord._data
[DEBUG _get_metrics] res_item[1] type: ConfigRecord
[DEBUG _get_metrics] res_item[1] has metrics attr: False
[DEBUG _get_metrics] res_item[1].__dict__: {'_check_key_fn': <function _check_key at 0x7059b63c8900>, '_check_value_fn': <function _check_value at 0x7059abbb89a0>, '_data': {'accuracy': 0.8744650483131409, 'loss': 0.037564024329185486, 'total_samples': 2103, 'actual_attack': 1621, 'actual_normal': 482, 'predicted_attack': 1357, 'predicted_normal': 746, 'true_positives': 1357, 'true_negatives': 482, 'false_positives': 0, 'false_negatives': 264, 'precision': 1.0, 'recall': 0.837137569401604, 'f1_score': 0.9113498992612492}}
[DEBUG _get_metrics] res_item[1].keys(): ['accuracy', 'loss', 'total_samples', 'actual_attack', 'actual_normal', 'predicted_attack', 'predicted_normal', 'true_positives', 'true_negatives', 'false_positives', 'false_negatives', 'precision', 'recall', 'f1_score']
[DEBUG _get_metrics] Extracted from ConfigRecord._data
[DEBUG] Extracted 4 metrics from results

[Evaluation Summary]
============================================================
Round: 9 / 100
Accuracy (mean):  0.8735  (87.35%)
Loss:             0.0379
[Per-Device Accuracy]
  - Device 0:  0.8745  (87.45%)
  - Device 1:  0.8726  (87.26%)
  - Device 2:  0.8726  (87.26%)
  - Device 3:  0.8745  (87.45%)

[Ground Truth]
  - Attack samples: 1621
  - Normal samples: 482
  - Total samples:  2103

[Predictions]
  - Predicted Attack:  1357
  - Predicted Normal:  746

[Confusion Matrix]
  - True Positives (TP):  1357
  - True Negatives (TN):  482
  - False Positives (FP): 0
  - False Negatives (FN): 264

[Metrics]
  - Precision:  0.9996  (99.96%)
  - Recall:     0.8362  (83.62%)
  - F1-Score:   0.9106  (91.06%)
============================================================

[Round 10] Client contributions:
  Client samples: 29,184 (weight: 0.2500)
  Client samples: 29,186 (weight: 0.2500)
  Client samples: 29,184 (weight: 0.2500)
  Client samples: 29,186 (weight: 0.2500)
[36m(ClientAppActor pid=745753)[0m [Client 2] Class weights (smoothed): {0: 1.0, 1: 1.0}[32m [repeated 16x across cluster][0m
[DEBUG] evaluate_metrics_aggregation_fn called with 4 results
[DEBUG] results type: <class 'list'>
[DEBUG] First result type: <class 'tuple'>
[DEBUG] First result length: 2
[DEBUG] results[0][0] type: <class 'int'>
[DEBUG] results[0][1] type: <class 'flwr.app.message.configrecord.ConfigRecord'>
[DEBUG _get_metrics] res_item[1] type: ConfigRecord
[DEBUG _get_metrics] res_item[1] has metrics attr: False
[DEBUG _get_metrics] res_item[1].__dict__: {'_check_key_fn': <function _check_key at 0x7059b63c8900>, '_check_value_fn': <function _check_value at 0x7059abbb89a0>, '_data': {'accuracy': 0.8844507932662964, 'loss': 0.030746854841709137, 'total_samples': 2103, 'actual_attack': 1621, 'actual_normal': 482, 'predicted_attack': 1380, 'predicted_normal': 723, 'true_positives': 1379, 'true_negatives': 481, 'false_positives': 1, 'false_negatives': 242, 'precision': 0.9992753623188406, 'recall': 0.850709438618137, 'f1_score': 0.919026991002999}}
[DEBUG _get_metrics] res_item[1].keys(): ['accuracy', 'loss', 'total_samples', 'actual_attack', 'actual_normal', 'predicted_attack', 'predicted_normal', 'true_positives', 'true_negatives', 'false_positives', 'false_negatives', 'precision', 'recall', 'f1_score']
[DEBUG _get_metrics] Extracted from ConfigRecord._data
[DEBUG _get_metrics] res_item[1] type: ConfigRecord
[DEBUG _get_metrics] res_item[1] has metrics attr: False
[DEBUG _get_metrics] res_item[1].__dict__: {'_check_key_fn': <function _check_key at 0x7059b63c8900>, '_check_value_fn': <function _check_value at 0x7059abbb89a0>, '_data': {'accuracy': 0.8844507932662964, 'loss': 0.03148918226361275, 'total_samples': 2103, 'actual_attack': 1621, 'actual_normal': 482, 'predicted_attack': 1380, 'predicted_normal': 723, 'true_positives': 1379, 'true_negatives': 481, 'false_positives': 1, 'false_negatives': 242, 'precision': 0.9992753623188406, 'recall': 0.850709438618137, 'f1_score': 0.919026991002999}}
[DEBUG _get_metrics] res_item[1].keys(): ['accuracy', 'loss', 'total_samples', 'actual_attack', 'actual_normal', 'predicted_attack', 'predicted_normal', 'true_positives', 'true_negatives', 'false_positives', 'false_negatives', 'precision', 'recall', 'f1_score']
[DEBUG _get_metrics] Extracted from ConfigRecord._data
[DEBUG _get_metrics] res_item[1] type: ConfigRecord[92mINFO [0m:      
[92mINFO [0m:      [ROUND 11]
[92mINFO [0m:      configure_fit: strategy sampled 4 clients (out of 4)
[92mINFO [0m:      aggregate_fit: received 4 results and 0 failures
[92mINFO [0m:      configure_evaluate: strategy sampled 4 clients (out of 4)
[92mINFO [0m:      aggregate_evaluate: received 4 results and 0 failures
[92mINFO [0m:      
[92mINFO [0m:      [ROUND 12]
[92mINFO [0m:      configure_fit: strategy sampled 4 clients (out of 4)
[92mINFO [0m:      aggregate_fit: received 4 results and 0 failures
[92mINFO [0m:      configure_evaluate: strategy sampled 4 clients (out of 4)
[92mINFO [0m:      aggregate_evaluate: received 4 results and 0 failures

[DEBUG _get_metrics] res_item[1] has metrics attr: False
[DEBUG _get_metrics] res_item[1].__dict__: {'_check_key_fn': <function _check_key at 0x7059b63c8900>, '_check_value_fn': <function _check_value at 0x7059abbb89a0>, '_data': {'accuracy': 0.8844507932662964, 'loss': 0.03148918226361275, 'total_samples': 2103, 'actual_attack': 1621, 'actual_normal': 482, 'predicted_attack': 1380, 'predicted_normal': 723, 'true_positives': 1379, 'true_negatives': 481, 'false_positives': 1, 'false_negatives': 242, 'precision': 0.9992753623188406, 'recall': 0.850709438618137, 'f1_score': 0.919026991002999}}
[DEBUG _get_metrics] res_item[1].keys(): ['accuracy', 'loss', 'total_samples', 'actual_attack', 'actual_normal', 'predicted_attack', 'predicted_normal', 'true_positives', 'true_negatives', 'false_positives', 'false_negatives', 'precision', 'recall', 'f1_score']
[DEBUG _get_metrics] Extracted from ConfigRecord._data
[DEBUG _get_metrics] res_item[1] type: ConfigRecord
[DEBUG _get_metrics] res_item[1] has metrics attr: False
[DEBUG _get_metrics] res_item[1].__dict__: {'_check_key_fn': <function _check_key at 0x7059b63c8900>, '_check_value_fn': <function _check_value at 0x7059abbb89a0>, '_data': {'accuracy': 0.8844507932662964, 'loss': 0.030746854841709137, 'total_samples': 2103, 'actual_attack': 1621, 'actual_normal': 482, 'predicted_attack': 1380, 'predicted_normal': 723, 'true_positives': 1379, 'true_negatives': 481, 'false_positives': 1, 'false_negatives': 242, 'precision': 0.9992753623188406, 'recall': 0.850709438618137, 'f1_score': 0.919026991002999}}
[DEBUG _get_metrics] res_item[1].keys(): ['accuracy', 'loss', 'total_samples', 'actual_attack', 'actual_normal', 'predicted_attack', 'predicted_normal', 'true_positives', 'true_negatives', 'false_positives', 'false_negatives', 'precision', 'recall', 'f1_score']
[DEBUG _get_metrics] Extracted from ConfigRecord._data
[DEBUG] Extracted 4 metrics from results

[Evaluation Summary]
============================================================
Round: 10 / 100
Accuracy (mean):  0.8845  (88.45%)
Loss:             0.0311
[Per-Device Accuracy]
  - Device 0:  0.8845  (88.45%)
  - Device 1:  0.8845  (88.45%)
  - Device 2:  0.8845  (88.45%)
  - Device 3:  0.8845  (88.45%)

[Ground Truth]
  - Attack samples: 1621
  - Normal samples: 482
  - Total samples:  2103

[Predictions]
  - Predicted Attack:  1380
  - Predicted Normal:  723

[Confusion Matrix]
  - True Positives (TP):  1379
  - True Negatives (TN):  481
  - False Positives (FP): 1
  - False Negatives (FN): 242

[Metrics]
  - Precision:  0.9993  (99.93%)
  - Recall:     0.8507  (85.07%)
  - F1-Score:   0.9190  (91.90%)
============================================================

[DEBUG] evaluate_metrics_aggregation_fn called with 4 results
[DEBUG] results type: <class 'list'>
[DEBUG] First result type: <class 'tuple'>
[DEBUG] First result length: 2
[DEBUG] results[0][0] type: <class 'int'>
[DEBUG] results[0][1] type: <class 'flwr.app.message.configrecord.ConfigRecord'>
[DEBUG _get_metrics] res_item[1] type: ConfigRecord
[DEBUG _get_metrics] res_item[1] has metrics attr: False
[DEBUG _get_metrics] res_item[1].__dict__: {'_check_key_fn': <function _check_key at 0x7059b63c8900>, '_check_value_fn': <function _check_value at 0x7059abbb89a0>, '_data': {'accuracy': 0.9253447651863098, 'loss': 0.025381967425346375, 'total_samples': 2103, 'actual_attack': 1621, 'actual_normal': 482, 'predicted_attack': 1466, 'predicted_normal': 637, 'true_positives': 1465, 'true_negatives': 481, 'false_positives': 1, 'false_negatives': 156, 'precision': 0.9993178717598908, 'recall': 0.9037631091918569, 'f1_score': 0.9491415613864594}}
[DEBUG _get_metrics] res_item[1].keys(): ['accuracy', 'loss', 'total_samples', 'actual_attack', 'actual_normal', 'predicted_attack', 'predicted_normal', 'true_positives', 'true_negatives', 'false_positives', 'false_negatives', 'precision', 'recall', 'f1_score']
[DEBUG _get_metrics] Extracted from ConfigRecord._data
[DEBUG _get_metrics] res_item[1] type: ConfigRecord
[DEBUG _get_metrics] res_item[1] has metrics attr: False
[DEBUG _get_metrics] res_item[1].__dict__: {'_check_key_fn': <function _check_key at 0x7059b63c8900>, '_check_value_fn': <function _check_value at 0x7059abbb89a0>, '_data': {'accuracy': 0.9305753707885742, 'loss': 0.024661647155880928, 'total_samples': 2103, 'actual_attack': 1621, 'actual_normal': 482, 'predicted_attack': 1477, 'predicted_normal': 626, 'true_positives': 1476, 'true_negatives': 481, 'false_positives': 1, 'false_negatives': 145, 'precision': 0.999322951929587, 'recall': 0.9105490438001234, 'f1_score': 0.9528728211749515}}
[DEBUG _get_metrics] res_item[1].keys(): ['accuracy', 'loss', 'total_samples', 'actual_attack', 'actual_normal', 'predicted_attack', 'predicted_normal', 'true_positives', 'true_negatives', 'false_positives', 'false_negatives', 'precision', 'recall', 'f1_score']
[DEBUG _get_metrics] Extracted from ConfigRecord._data
[DEBUG _get_metrics] res_item[1] type: ConfigRecord
[DEBUG _get_metrics] res_item[1] has metrics attr: False
[DEBUG _get_metrics] res_item[1].__dict__: {'_check_key_fn': <function _check_key at 0x7059b63c8900>, '_check_value_fn': <function _check_value at 0x7059abbb89a0>, '_data': {'accuracy': 0.9253447651863098, 'loss': 0.025381967425346375, 'total_samples': 2103, 'actual_attack': 1621, 'actual_normal': 482, 'predicted_attack': 1466, 'predicted_normal': 637, 'true_positives': 1465, 'true_negatives': 481, 'false_positives': 1, 'false_negatives': 156, 'precision': 0.9993178717598908, 'recall': 0.9037631091918569, 'f1_score': 0.9491415613864594}}
[DEBUG _get_metrics] res_item[1].keys(): ['accuracy', 'loss', 'total_samples', 'actual_attack', 'actual_normal', 'predicted_attack', 'predicted_normal', 'true_positives', 'true_negatives', 'false_positives', 'false_negatives', 'precision', 'recall', 'f1_score']
[DEBUG _get_metrics] Extracted from ConfigRecord._data
[DEBUG _get_metrics] res_item[1] type: ConfigRecord
[DEBUG _get_metrics] res_item[1] has metrics attr: False
[DEBUG _get_metrics] res_item[1].__dict__: {'_check_key_fn': <function _check_key at 0x7059b63c8900>, '_check_value_fn': <function _check_value at 0x7059abbb89a0>, '_data': {'accuracy': 0.9305753707885742, 'loss': 0.024661647155880928, 'total_samples': 2103, 'actual_attack': 1621, 'actual_normal': 482, 'predicted_attack': 1477, 'predicted_normal': 626, 'true_positives': 1476, 'true_negatives': 481, 'false_positives': 1, 'false_negatives': 145, 'precision': 0.999322951929587, 'recall': 0.9105490438001234, 'f1_score': 0.9528728211749515}}
[DEBUG _get_metrics] res_item[1].keys(): ['accuracy', 'loss', 'total_samples', 'actual_attack', 'actual_normal', 'predicted_attack', 'predicted_normal', 'true_positives', 'true_negatives', 'false_positives', 'false_negatives', 'precision', 'recall', 'f1_score']
[DEBUG _get_metrics] Extracted from ConfigRecord._data
[DEBUG] Extracted 4 metrics from results

[Evaluation Summary]
============================================================
Round: 11 / 100
Accuracy (mean):  0.9280  (92.80%)
Loss:             0.0250
[Per-Device Accuracy]
  - Device 0:  0.9253  (92.53%)
  - Device 1:  0.9306  (93.06%)
  - Device 2:  0.9253  (92.53%)
  - Device 3:  0.9306  (93.06%)

[Ground Truth]
  - Attack samples: 1621
  - Normal samples: 482
  - Total samples:  2103

[Predictions]
  - Predicted Attack:  1466
  - Predicted Normal:  637

[Confusion Matrix]
  - True Positives (TP):  1465
  - True Negatives (TN):  481
  - False Positives (FP): 1
  - False Negatives (FN): 156

[Metrics]
  - Precision:  0.9993  (99.93%)
  - Recall:     0.9072  (90.72%)
  - F1-Score:   0.9510  (95.10%)
============================================================

[36m(ClientAppActor pid=745762)[0m [Client 1] Class weights (smoothed): {0: 1.0, 1: 1.0}[32m [repeated 16x across cluster][0m
[DEBUG] evaluate_metrics_aggregation_fn called with 4 results
[DEBUG] results type: <class 'list'>
[DEBUG] First result type: <class 'tuple'>
[DEBUG] First result length: 2
[DEBUG] results[0][0] type: <class 'int'>
[DEBUG] results[0][1] type: <class 'flwr.app.message.configrecord.ConfigRecord'>
[DEBUG _get_metrics] res_item[1] type: ConfigRecord
[DEBUG _get_metrics] res_item[1] has metrics attr: False[92mINFO [0m:      
[92mINFO [0m:      [ROUND 13]
[92mINFO [0m:      configure_fit: strategy sampled 4 clients (out of 4)
[92mINFO [0m:      aggregate_fit: received 4 results and 0 failures
[92mINFO [0m:      configure_evaluate: strategy sampled 4 clients (out of 4)
[92mINFO [0m:      aggregate_evaluate: received 4 results and 0 failures

[DEBUG _get_metrics] res_item[1].__dict__: {'_check_key_fn': <function _check_key at 0x7059b63c8900>, '_check_value_fn': <function _check_value at 0x7059abbb89a0>, '_data': {'accuracy': 0.9334284067153931, 'loss': 0.020355945453047752, 'total_samples': 2103, 'actual_attack': 1621, 'actual_normal': 482, 'predicted_attack': 1483, 'predicted_normal': 620, 'true_positives': 1482, 'true_negatives': 481, 'false_positives': 1, 'false_negatives': 139, 'precision': 0.9993256911665542, 'recall': 0.9142504626773597, 'f1_score': 0.9548969072164948}}
[DEBUG _get_metrics] res_item[1].keys(): ['accuracy', 'loss', 'total_samples', 'actual_attack', 'actual_normal', 'predicted_attack', 'predicted_normal', 'true_positives', 'true_negatives', 'false_positives', 'false_negatives', 'precision', 'recall', 'f1_score']
[DEBUG _get_metrics] Extracted from ConfigRecord._data
[DEBUG _get_metrics] res_item[1] type: ConfigRecord
[DEBUG _get_metrics] res_item[1] has metrics attr: False
[DEBUG _get_metrics] res_item[1].__dict__: {'_check_key_fn': <function _check_key at 0x7059b63c8900>, '_check_value_fn': <function _check_value at 0x7059abbb89a0>, '_data': {'accuracy': 0.9396100640296936, 'loss': 0.01966588944196701, 'total_samples': 2103, 'actual_attack': 1621, 'actual_normal': 482, 'predicted_attack': 1496, 'predicted_normal': 607, 'true_positives': 1495, 'true_negatives': 481, 'false_positives': 1, 'false_negatives': 126, 'precision': 0.9993315508021391, 'recall': 0.9222702035780382, 'f1_score': 0.95925569457812}}
[DEBUG _get_metrics] res_item[1].keys(): ['accuracy', 'loss', 'total_samples', 'actual_attack', 'actual_normal', 'predicted_attack', 'predicted_normal', 'true_positives', 'true_negatives', 'false_positives', 'false_negatives', 'precision', 'recall', 'f1_score']
[DEBUG _get_metrics] Extracted from ConfigRecord._data
[DEBUG _get_metrics] res_item[1] type: ConfigRecord
[DEBUG _get_metrics] res_item[1] has metrics attr: False
[DEBUG _get_metrics] res_item[1].__dict__: {'_check_key_fn': <function _check_key at 0x7059b63c8900>, '_check_value_fn': <function _check_value at 0x7059abbb89a0>, '_data': {'accuracy': 0.9396100640296936, 'loss': 0.01966588944196701, 'total_samples': 2103, 'actual_attack': 1621, 'actual_normal': 482, 'predicted_attack': 1496, 'predicted_normal': 607, 'true_positives': 1495, 'true_negatives': 481, 'false_positives': 1, 'false_negatives': 126, 'precision': 0.9993315508021391, 'recall': 0.9222702035780382, 'f1_score': 0.95925569457812}}
[DEBUG _get_metrics] res_item[1].keys(): ['accuracy', 'loss', 'total_samples', 'actual_attack', 'actual_normal', 'predicted_attack', 'predicted_normal', 'true_positives', 'true_negatives', 'false_positives', 'false_negatives', 'precision', 'recall', 'f1_score']
[DEBUG _get_metrics] Extracted from ConfigRecord._data
[DEBUG _get_metrics] res_item[1] type: ConfigRecord
[DEBUG _get_metrics] res_item[1] has metrics attr: False
[DEBUG _get_metrics] res_item[1].__dict__: {'_check_key_fn': <function _check_key at 0x7059b63c8900>, '_check_value_fn': <function _check_value at 0x7059abbb89a0>, '_data': {'accuracy': 0.9334284067153931, 'loss': 0.020355945453047752, 'total_samples': 2103, 'actual_attack': 1621, 'actual_normal': 482, 'predicted_attack': 1483, 'predicted_normal': 620, 'true_positives': 1482, 'true_negatives': 481, 'false_positives': 1, 'false_negatives': 139, 'precision': 0.9993256911665542, 'recall': 0.9142504626773597, 'f1_score': 0.9548969072164948}}
[DEBUG _get_metrics] res_item[1].keys(): ['accuracy', 'loss', 'total_samples', 'actual_attack', 'actual_normal', 'predicted_attack', 'predicted_normal', 'true_positives', 'true_negatives', 'false_positives', 'false_negatives', 'precision', 'recall', 'f1_score']
[DEBUG _get_metrics] Extracted from ConfigRecord._data
[DEBUG] Extracted 4 metrics from results

[Evaluation Summary]
============================================================
Round: 12 / 100
Accuracy (mean):  0.9365  (93.65%)
Loss:             0.0200
[Per-Device Accuracy]
  - Device 0:  0.9334  (93.34%)
  - Device 1:  0.9396  (93.96%)
  - Device 2:  0.9396  (93.96%)
  - Device 3:  0.9334  (93.34%)

[Ground Truth]
  - Attack samples: 1621
  - Normal samples: 482
  - Total samples:  2103

[Predictions]
  - Predicted Attack:  1483
  - Predicted Normal:  620

[Confusion Matrix]
  - True Positives (TP):  1482
  - True Negatives (TN):  481
  - False Positives (FP): 1
  - False Negatives (FN): 139

[Metrics]
  - Precision:  0.9993  (99.93%)
  - Recall:     0.9183  (91.83%)
  - F1-Score:   0.9571  (95.71%)
============================================================

[DEBUG] evaluate_metrics_aggregation_fn called with 4 results
[DEBUG] results type: <class 'list'>
[DEBUG] First result type: <class 'tuple'>
[DEBUG] First result length: 2
[DEBUG] results[0][0] type: <class 'int'>
[DEBUG] results[0][1] type: <class 'flwr.app.message.configrecord.ConfigRecord'>
[DEBUG _get_metrics] res_item[1] type: ConfigRecord
[DEBUG _get_metrics] res_item[1] has metrics attr: False
[DEBUG _get_metrics] res_item[1].__dict__: {'_check_key_fn': <function _check_key at 0x7059b63c8900>, '_check_value_fn': <function _check_value at 0x7059abbb89a0>, '_data': {'accuracy': 0.9429386854171753, 'loss': 0.016849029809236526, 'total_samples': 2103, 'actual_attack': 1621, 'actual_normal': 482, 'predicted_attack': 1503, 'predicted_normal': 600, 'true_positives': 1502, 'true_negatives': 481, 'false_positives': 1, 'false_negatives': 119, 'precision': 0.9993346640053227, 'recall': 0.9265885256014805, 'f1_score': 0.9615877080665813}}
[DEBUG _get_metrics] res_item[1].keys(): ['accuracy', 'loss', 'total_samples', 'actual_attack', 'actual_normal', 'predicted_attack', 'predicted_normal', 'true_positives', 'true_negatives', 'false_positives', 'false_negatives', 'precision', 'recall', 'f1_score']
[DEBUG _get_metrics] Extracted from ConfigRecord._data
[DEBUG _get_metrics] res_item[1] type: ConfigRecord
[DEBUG _get_metrics] res_item[1] has metrics attr: False
[DEBUG _get_metrics] res_item[1].__dict__: {'_check_key_fn': <function _check_key at 0x7059b63c8900>, '_check_value_fn': <function _check_value at 0x7059abbb89a0>, '_data': {'accuracy': 0.9429386854171753, 'loss': 0.016849029809236526, 'total_samples': 2103, 'actual_attack': 1621, 'actual_normal': 482, 'predicted_attack': 1503, 'predicted_normal': 600, 'true_positives': 1502, 'true_negatives': 481, 'false_positives': 1, 'false_negatives': 119, 'precision': 0.9993346640053227, 'recall': 0.9265885256014805, 'f1_score': 0.9615877080665813}}
[DEBUG _get_metrics] res_item[1].keys(): ['accuracy', 'loss', 'total_samples', 'actual_attack', 'actual_normal', 'predicted_attack', 'predicted_normal', 'true_positives', 'true_negatives', 'false_positives', 'false_negatives', 'precision', 'recall', 'f1_score']
[DEBUG _get_metrics] Extracted from ConfigRecord._data
[DEBUG _get_metrics] res_item[1] type: ConfigRecord
[DEBUG _get_metrics] res_item[1] has metrics attr: False
[DEBUG _get_metrics] res_item[1].__dict__: {'_check_key_fn': <function _check_key at 0x7059b63c8900>, '_check_value_fn': <function _check_value at 0x7059abbb89a0>, '_data': {'accuracy': 0.9486448168754578, 'loss': 0.016178416088223457, 'total_samples': 2103, 'actual_attack': 1621, 'actual_normal': 482, 'predicted_attack': 1515, 'predicted_normal': 588, 'true_positives': 1514, 'true_negatives': 481, 'false_positives': 1, 'false_negatives': 107, 'precision': 0.9993399339933994, 'recall': 0.9339913633559531, 'f1_score': 0.9655612244897959}}
[DEBUG _get_metrics] res_item[1].keys(): ['accuracy', 'loss', 'total_samples', 'actual_attack', 'actual_normal', 'predicted_attack', 'predicted_normal', 'true_positives', 'true_negatives', 'false_positives', 'false_negatives', 'precision', 'recall', 'f1_score']
[DEBUG _get_metrics] Extracted from ConfigRecord._data
[DEBUG _get_metrics] res_item[1] type: ConfigRecord
[DEBUG _get_metrics] res_item[1] has metrics attr: False
[DEBUG _get_metrics] res_item[1].__dict__: {'_check_key_fn': <function _check_key at 0x7059b63c8900>, '_check_value_fn': <function _check_value at 0x7059abbb89a0>, '_data': {'accuracy': 0.9486448168754578, 'loss': 0.016178416088223457, 'total_samples': 2103, 'actual_attack': 1621, 'actual_normal': 482, 'predicted_attack': 1515, 'predicted_normal': 588, 'true_positives': 1514, 'true_negatives': 481, 'false_positives': 1, 'false_negatives': 107, 'precision': 0.9993399339933994, 'recall': 0.9339913633559531, 'f1_score': 0.9655612244897959}}[92mINFO [0m:      
[92mINFO [0m:      [ROUND 14]
[92mINFO [0m:      configure_fit: strategy sampled 4 clients (out of 4)
[92mINFO [0m:      aggregate_fit: received 4 results and 0 failures
[92mINFO [0m:      configure_evaluate: strategy sampled 4 clients (out of 4)
[92mINFO [0m:      aggregate_evaluate: received 4 results and 0 failures
[92mINFO [0m:      
[92mINFO [0m:      [ROUND 15]
[92mINFO [0m:      configure_fit: strategy sampled 4 clients (out of 4)
[92mINFO [0m:      aggregate_fit: received 4 results and 0 failures
[92mINFO [0m:      configure_evaluate: strategy sampled 4 clients (out of 4)
[92mINFO [0m:      aggregate_evaluate: received 4 results and 0 failures

[DEBUG _get_metrics] res_item[1].keys(): ['accuracy', 'loss', 'total_samples', 'actual_attack', 'actual_normal', 'predicted_attack', 'predicted_normal', 'true_positives', 'true_negatives', 'false_positives', 'false_negatives', 'precision', 'recall', 'f1_score']
[DEBUG _get_metrics] Extracted from ConfigRecord._data
[DEBUG] Extracted 4 metrics from results

[Evaluation Summary]
============================================================
Round: 13 / 100
Accuracy (mean):  0.9458  (94.58%)
Loss:             0.0165
[Per-Device Accuracy]
  - Device 0:  0.9429  (94.29%)
  - Device 1:  0.9429  (94.29%)
  - Device 2:  0.9486  (94.86%)
  - Device 3:  0.9486  (94.86%)

[Ground Truth]
  - Attack samples: 1621
  - Normal samples: 482
  - Total samples:  2103

[Predictions]
  - Predicted Attack:  1503
  - Predicted Normal:  600

[Confusion Matrix]
  - True Positives (TP):  1502
  - True Negatives (TN):  481
  - False Positives (FP): 1
  - False Negatives (FN): 119

[Metrics]
  - Precision:  0.9993  (99.93%)
  - Recall:     0.9303  (93.03%)
  - F1-Score:   0.9636  (96.36%)
============================================================

[36m(ClientAppActor pid=745753)[0m [Client 2] Class weights (smoothed): {0: 1.0, 1: 1.0}[32m [repeated 16x across cluster][0m
[DEBUG] evaluate_metrics_aggregation_fn called with 4 results
[DEBUG] results type: <class 'list'>
[DEBUG] First result type: <class 'tuple'>
[DEBUG] First result length: 2
[DEBUG] results[0][0] type: <class 'int'>
[DEBUG] results[0][1] type: <class 'flwr.app.message.configrecord.ConfigRecord'>
[DEBUG _get_metrics] res_item[1] type: ConfigRecord
[DEBUG _get_metrics] res_item[1] has metrics attr: False
[DEBUG _get_metrics] res_item[1].__dict__: {'_check_key_fn': <function _check_key at 0x7059b63c8900>, '_check_value_fn': <function _check_value at 0x7059abbb89a0>, '_data': {'accuracy': 0.9481692910194397, 'loss': 0.014576705172657967, 'total_samples': 2103, 'actual_attack': 1621, 'actual_normal': 482, 'predicted_attack': 1514, 'predicted_normal': 589, 'true_positives': 1513, 'true_negatives': 481, 'false_positives': 1, 'false_negatives': 108, 'precision': 0.9993394980184941, 'recall': 0.933374460209747, 'f1_score': 0.9652312599681021}}
[DEBUG _get_metrics] res_item[1].keys(): ['accuracy', 'loss', 'total_samples', 'actual_attack', 'actual_normal', 'predicted_attack', 'predicted_normal', 'true_positives', 'true_negatives', 'false_positives', 'false_negatives', 'precision', 'recall', 'f1_score']
[DEBUG _get_metrics] Extracted from ConfigRecord._data
[DEBUG _get_metrics] res_item[1] type: ConfigRecord
[DEBUG _get_metrics] res_item[1] has metrics attr: False
[DEBUG _get_metrics] res_item[1].__dict__: {'_check_key_fn': <function _check_key at 0x7059b63c8900>, '_check_value_fn': <function _check_value at 0x7059abbb89a0>, '_data': {'accuracy': 0.9524489045143127, 'loss': 0.014006484299898148, 'total_samples': 2103, 'actual_attack': 1621, 'actual_normal': 482, 'predicted_attack': 1525, 'predicted_normal': 578, 'true_positives': 1523, 'true_negatives': 480, 'false_positives': 2, 'false_negatives': 98, 'precision': 0.9986885245901639, 'recall': 0.9395434916718075, 'f1_score': 0.9682136045772408}}
[DEBUG _get_metrics] res_item[1].keys(): ['accuracy', 'loss', 'total_samples', 'actual_attack', 'actual_normal', 'predicted_attack', 'predicted_normal', 'true_positives', 'true_negatives', 'false_positives', 'false_negatives', 'precision', 'recall', 'f1_score']
[DEBUG _get_metrics] Extracted from ConfigRecord._data
[DEBUG _get_metrics] res_item[1] type: ConfigRecord
[DEBUG _get_metrics] res_item[1] has metrics attr: False
[DEBUG _get_metrics] res_item[1].__dict__: {'_check_key_fn': <function _check_key at 0x7059b63c8900>, '_check_value_fn': <function _check_value at 0x7059abbb89a0>, '_data': {'accuracy': 0.9481692910194397, 'loss': 0.014576705172657967, 'total_samples': 2103, 'actual_attack': 1621, 'actual_normal': 482, 'predicted_attack': 1514, 'predicted_normal': 589, 'true_positives': 1513, 'true_negatives': 481, 'false_positives': 1, 'false_negatives': 108, 'precision': 0.9993394980184941, 'recall': 0.933374460209747, 'f1_score': 0.9652312599681021}}
[DEBUG _get_metrics] res_item[1].keys(): ['accuracy', 'loss', 'total_samples', 'actual_attack', 'actual_normal', 'predicted_attack', 'predicted_normal', 'true_positives', 'true_negatives', 'false_positives', 'false_negatives', 'precision', 'recall', 'f1_score']
[DEBUG _get_metrics] Extracted from ConfigRecord._data
[DEBUG _get_metrics] res_item[1] type: ConfigRecord
[DEBUG _get_metrics] res_item[1] has metrics attr: False
[DEBUG _get_metrics] res_item[1].__dict__: {'_check_key_fn': <function _check_key at 0x7059b63c8900>, '_check_value_fn': <function _check_value at 0x7059abbb89a0>, '_data': {'accuracy': 0.9524489045143127, 'loss': 0.014006484299898148, 'total_samples': 2103, 'actual_attack': 1621, 'actual_normal': 482, 'predicted_attack': 1525, 'predicted_normal': 578, 'true_positives': 1523, 'true_negatives': 480, 'false_positives': 2, 'false_negatives': 98, 'precision': 0.9986885245901639, 'recall': 0.9395434916718075, 'f1_score': 0.9682136045772408}}
[DEBUG _get_metrics] res_item[1].keys(): ['accuracy', 'loss', 'total_samples', 'actual_attack', 'actual_normal', 'predicted_attack', 'predicted_normal', 'true_positives', 'true_negatives', 'false_positives', 'false_negatives', 'precision', 'recall', 'f1_score']
[DEBUG _get_metrics] Extracted from ConfigRecord._data
[DEBUG] Extracted 4 metrics from results

[Evaluation Summary]
============================================================
Round: 14 / 100
Accuracy (mean):  0.9503  (95.03%)
Loss:             0.0143
[Per-Device Accuracy]
  - Device 0:  0.9482  (94.82%)
  - Device 1:  0.9524  (95.24%)
  - Device 2:  0.9482  (94.82%)
  - Device 3:  0.9524  (95.24%)

[Ground Truth]
  - Attack samples: 1621
  - Normal samples: 482
  - Total samples:  2103

[Predictions]
  - Predicted Attack:  1514
  - Predicted Normal:  589

[Confusion Matrix]
  - True Positives (TP):  1513
  - True Negatives (TN):  481
  - False Positives (FP): 1
  - False Negatives (FN): 108

[Metrics]
  - Precision:  0.9990  (99.90%)
  - Recall:     0.9365  (93.65%)
  - F1-Score:   0.9667  (96.67%)
============================================================

[Round 15] Client contributions:
  Client samples: 29,186 (weight: 0.2500)
  Client samples: 29,184 (weight: 0.2500)
  Client samples: 29,186 (weight: 0.2500)
  Client samples: 29,184 (weight: 0.2500)
[DEBUG] evaluate_metrics_aggregation_fn called with 4 results
[DEBUG] results type: <class 'list'>
[DEBUG] First result type: <class 'tuple'>
[DEBUG] First result length: 2
[DEBUG] results[0][0] type: <class 'int'>
[DEBUG] results[0][1] type: <class 'flwr.app.message.configrecord.ConfigRecord'>
[DEBUG _get_metrics] res_item[1] type: ConfigRecord
[DEBUG _get_metrics] res_item[1] has metrics attr: False
[DEBUG _get_metrics] res_item[1].__dict__: {'_check_key_fn': <function _check_key at 0x7059b63c8900>, '_check_value_fn': <function _check_value at 0x7059abbb89a0>, '_data': {'accuracy': 0.9548264145851135, 'loss': 0.012762386351823807, 'total_samples': 2103, 'actual_attack': 1621, 'actual_normal': 482, 'predicted_attack': 1532, 'predicted_normal': 571, 'true_positives': 1529, 'true_negatives': 479, 'false_positives': 3, 'false_negatives': 92, 'precision': 0.9980417754569191, 'recall': 0.9432449105490438, 'f1_score': 0.9698699651125912}}
[DEBUG _get_metrics] res_item[1].keys(): ['accuracy', 'loss', 'total_samples', 'actual_attack', 'actual_normal', 'predicted_attack', 'predicted_normal', 'true_positives', 'true_negatives', 'false_positives', 'false_negatives', 'precision', 'recall', 'f1_score']
[DEBUG _get_metrics] Extracted from ConfigRecord._data
[DEBUG _get_metrics] res_item[1] type: ConfigRecord
[DEBUG _get_metrics] res_item[1] has metrics attr: False
[DEBUG _get_metrics] res_item[1].__dict__: {'_check_key_fn': <function _check_key at 0x7059b63c8900>, '_check_value_fn': <function _check_value at 0x7059abbb89a0>, '_data': {'accuracy': 0.9548264145851135, 'loss': 0.012762386351823807, 'total_samples': 2103, 'actual_attack': 1621, 'actual_normal': 482, 'predicted_attack': 1532, 'predicted_normal': 571, 'true_positives': 1529, 'true_negatives': 479, 'false_positives': 3, 'false_negatives': 92, 'precision': 0.9980417754569191, 'recall': 0.9432449105490438, 'f1_score': 0.9698699651125912}}[92mINFO [0m:      
[92mINFO [0m:      [ROUND 16]
[92mINFO [0m:      configure_fit: strategy sampled 4 clients (out of 4)
[92mINFO [0m:      aggregate_fit: received 4 results and 0 failures
[92mINFO [0m:      configure_evaluate: strategy sampled 4 clients (out of 4)
[92mINFO [0m:      aggregate_evaluate: received 4 results and 0 failures

[DEBUG _get_metrics] res_item[1].keys(): ['accuracy', 'loss', 'total_samples', 'actual_attack', 'actual_normal', 'predicted_attack', 'predicted_normal', 'true_positives', 'true_negatives', 'false_positives', 'false_negatives', 'precision', 'recall', 'f1_score']
[DEBUG _get_metrics] Extracted from ConfigRecord._data
[DEBUG _get_metrics] res_item[1] type: ConfigRecord
[DEBUG _get_metrics] res_item[1] has metrics attr: False
[DEBUG _get_metrics] res_item[1].__dict__: {'_check_key_fn': <function _check_key at 0x7059b63c8900>, '_check_value_fn': <function _check_value at 0x7059abbb89a0>, '_data': {'accuracy': 0.9505468606948853, 'loss': 0.012902706861495972, 'total_samples': 2103, 'actual_attack': 1621, 'actual_normal': 482, 'predicted_attack': 1519, 'predicted_normal': 584, 'true_positives': 1518, 'true_negatives': 481, 'false_positives': 1, 'false_negatives': 103, 'precision': 0.9993416721527321, 'recall': 0.9364589759407773, 'f1_score': 0.9668789808917196}}
[DEBUG _get_metrics] res_item[1].keys(): ['accuracy', 'loss', 'total_samples', 'actual_attack', 'actual_normal', 'predicted_attack', 'predicted_normal', 'true_positives', 'true_negatives', 'false_positives', 'false_negatives', 'precision', 'recall', 'f1_score']
[DEBUG _get_metrics] Extracted from ConfigRecord._data
[DEBUG _get_metrics] res_item[1] type: ConfigRecord
[DEBUG _get_metrics] res_item[1] has metrics attr: False
[DEBUG _get_metrics] res_item[1].__dict__: {'_check_key_fn': <function _check_key at 0x7059b63c8900>, '_check_value_fn': <function _check_value at 0x7059abbb89a0>, '_data': {'accuracy': 0.9505468606948853, 'loss': 0.012902706861495972, 'total_samples': 2103, 'actual_attack': 1621, 'actual_normal': 482, 'predicted_attack': 1519, 'predicted_normal': 584, 'true_positives': 1518, 'true_negatives': 481, 'false_positives': 1, 'false_negatives': 103, 'precision': 0.9993416721527321, 'recall': 0.9364589759407773, 'f1_score': 0.9668789808917196}}
[DEBUG _get_metrics] res_item[1].keys(): ['accuracy', 'loss', 'total_samples', 'actual_attack', 'actual_normal', 'predicted_attack', 'predicted_normal', 'true_positives', 'true_negatives', 'false_positives', 'false_negatives', 'precision', 'recall', 'f1_score']
[DEBUG _get_metrics] Extracted from ConfigRecord._data
[DEBUG] Extracted 4 metrics from results

[Evaluation Summary]
============================================================
Round: 15 / 100
Accuracy (mean):  0.9527  (95.27%)
Loss:             0.0128
[Per-Device Accuracy]
  - Device 0:  0.9548  (95.48%)
  - Device 1:  0.9548  (95.48%)
  - Device 2:  0.9505  (95.05%)
  - Device 3:  0.9505  (95.05%)

[Ground Truth]
  - Attack samples: 1621
  - Normal samples: 482
  - Total samples:  2103

[Predictions]
  - Predicted Attack:  1532
  - Predicted Normal:  571

[Confusion Matrix]
  - True Positives (TP):  1529
  - True Negatives (TN):  479
  - False Positives (FP): 3
  - False Negatives (FN): 92

[Metrics]
  - Precision:  0.9987  (99.87%)
  - Recall:     0.9399  (93.99%)
  - F1-Score:   0.9684  (96.84%)
============================================================

[36m(ClientAppActor pid=745762)[0m [Client 1] Class weights (smoothed): {0: 1.0, 1: 1.0}[32m [repeated 16x across cluster][0m
[DEBUG] evaluate_metrics_aggregation_fn called with 4 results
[DEBUG] results type: <class 'list'>
[DEBUG] First result type: <class 'tuple'>
[DEBUG] First result length: 2
[DEBUG] results[0][0] type: <class 'int'>
[DEBUG] results[0][1] type: <class 'flwr.app.message.configrecord.ConfigRecord'>
[DEBUG _get_metrics] res_item[1] type: ConfigRecord
[DEBUG _get_metrics] res_item[1] has metrics attr: False
[DEBUG _get_metrics] res_item[1].__dict__: {'_check_key_fn': <function _check_key at 0x7059b63c8900>, '_check_value_fn': <function _check_value at 0x7059abbb89a0>, '_data': {'accuracy': 0.9514978528022766, 'loss': 0.011602561920881271, 'total_samples': 2103, 'actual_attack': 1621, 'actual_normal': 482, 'predicted_attack': 1523, 'predicted_normal': 580, 'true_positives': 1521, 'true_negatives': 480, 'false_positives': 2, 'false_negatives': 100, 'precision': 0.9986868023637557, 'recall': 0.9383096853793954, 'f1_score': 0.9675572519083969}}
[DEBUG _get_metrics] res_item[1].keys(): ['accuracy', 'loss', 'total_samples', 'actual_attack', 'actual_normal', 'predicted_attack', 'predicted_normal', 'true_positives', 'true_negatives', 'false_positives', 'false_negatives', 'precision', 'recall', 'f1_score']
[DEBUG _get_metrics] Extracted from ConfigRecord._data
[DEBUG _get_metrics] res_item[1] type: ConfigRecord
[DEBUG _get_metrics] res_item[1] has metrics attr: False
[DEBUG _get_metrics] res_item[1].__dict__: {'_check_key_fn': <function _check_key at 0x7059b63c8900>, '_check_value_fn': <function _check_value at 0x7059abbb89a0>, '_data': {'accuracy': 0.9514978528022766, 'loss': 0.011602561920881271, 'total_samples': 2103, 'actual_attack': 1621, 'actual_normal': 482, 'predicted_attack': 1523, 'predicted_normal': 580, 'true_positives': 1521, 'true_negatives': 480, 'false_positives': 2, 'false_negatives': 100, 'precision': 0.9986868023637557, 'recall': 0.9383096853793954, 'f1_score': 0.9675572519083969}}
[DEBUG _get_metrics] res_item[1].keys(): ['accuracy', 'loss', 'total_samples', 'actual_attack', 'actual_normal', 'predicted_attack', 'predicted_normal', 'true_positives', 'true_negatives', 'false_positives', 'false_negatives', 'precision', 'recall', 'f1_score']
[DEBUG _get_metrics] Extracted from ConfigRecord._data
[DEBUG _get_metrics] res_item[1] type: ConfigRecord
[DEBUG _get_metrics] res_item[1] has metrics attr: False
[DEBUG _get_metrics] res_item[1].__dict__: {'_check_key_fn': <function _check_key at 0x7059b63c8900>, '_check_value_fn': <function _check_value at 0x7059abbb89a0>, '_data': {'accuracy': 0.9562529921531677, 'loss': 0.011556684970855713, 'total_samples': 2103, 'actual_attack': 1621, 'actual_normal': 482, 'predicted_attack': 1539, 'predicted_normal': 564, 'true_positives': 1534, 'true_negatives': 477, 'false_positives': 5, 'false_negatives': 87, 'precision': 0.9967511371020142, 'recall': 0.946329426280074, 'f1_score': 0.970886075949367}}
[DEBUG _get_metrics] res_item[1].keys(): ['accuracy', 'loss', 'total_samples', 'actual_attack', 'actual_normal', 'predicted_attack', 'predicted_normal', 'true_positives', 'true_negatives', 'false_positives', 'false_negatives', 'precision', 'recall', 'f1_score']
[DEBUG _get_metrics] Extracted from ConfigRecord._data
[DEBUG _get_metrics] res_item[1] type: ConfigRecord
[DEBUG _get_metrics] res_item[1] has metrics attr: False
[DEBUG _get_metrics] res_item[1].__dict__: {'_check_key_fn': <function _check_key at 0x7059b63c8900>, '_check_value_fn': <function _check_value at 0x7059abbb89a0>, '_data': {'accuracy': 0.9562529921531677, 'loss': 0.011556684970855713, 'total_samples': 2103, 'actual_attack': 1621, 'actual_normal': 482, 'predicted_attack': 1539, 'predicted_normal': 564, 'true_positives': 1534, 'true_negatives': 477, 'false_positives': 5, 'false_negatives': 87, 'precision': 0.9967511371020142, 'recall': 0.946329426280074, 'f1_score': 0.970886075949367}}
[DEBUG _get_metrics] res_item[1].keys(): ['accuracy', 'loss', 'total_samples', 'actual_attack', 'actual_normal', 'predicted_attack', 'predicted_normal', 'true_positives', 'true_negatives', 'false_positives', 'false_negatives', 'precision', 'recall', 'f1_score']
[DEBUG _get_metrics] Extracted from ConfigRecord._data
[DEBUG] Extracted 4 metrics from results

[Evaluation Summary]
============================================================
Round: 16 / 100
Accuracy (mean):  0.9539  (95.39%)
Loss:             0.0116
[Per-Device Accuracy]
  - Device 0:  0.9515  (95.15%)
  - Device 1:  0.9515  (95.15%)
  - Device 2:  0.9563  (95.63%)
  - Device 3:  0.9563  (95.63%)

[Ground Truth]
  - Attack samples: 1621
  - Normal samples: 482
  - Total samples:  2103

[Predictions]
  - Predicted Attack:  1523
  - Predicted Normal:  580

[Confusion Matrix]
  - True Positives (TP):  1521
  - True Negatives (TN):  480
  - False Positives (FP): 2
  - False Negatives (FN): 100

[Metrics]
  - Precision:  0.9977  (99.77%)
  - Recall:     0.9423  (94.23%)
  - F1-Score:   0.9692  (96.92%)
============================================================
[92mINFO [0m:      
[92mINFO [0m:      [ROUND 17]
[92mINFO [0m:      configure_fit: strategy sampled 4 clients (out of 4)
[92mINFO [0m:      aggregate_fit: received 4 results and 0 failures
[92mINFO [0m:      configure_evaluate: strategy sampled 4 clients (out of 4)
[92mINFO [0m:      aggregate_evaluate: received 4 results and 0 failures
[92mINFO [0m:      
[92mINFO [0m:      [ROUND 18]
[92mINFO [0m:      configure_fit: strategy sampled 4 clients (out of 4)
[92mINFO [0m:      aggregate_fit: received 4 results and 0 failures
[92mINFO [0m:      configure_evaluate: strategy sampled 4 clients (out of 4)
[92mINFO [0m:      aggregate_evaluate: received 4 results and 0 failures

[DEBUG] evaluate_metrics_aggregation_fn called with 4 results
[DEBUG] results type: <class 'list'>
[DEBUG] First result type: <class 'tuple'>
[DEBUG] First result length: 2
[DEBUG] results[0][0] type: <class 'int'>
[DEBUG] results[0][1] type: <class 'flwr.app.message.configrecord.ConfigRecord'>
[DEBUG _get_metrics] res_item[1] type: ConfigRecord
[DEBUG _get_metrics] res_item[1] has metrics attr: False
[DEBUG _get_metrics] res_item[1].__dict__: {'_check_key_fn': <function _check_key at 0x7059b63c8900>, '_check_value_fn': <function _check_value at 0x7059abbb89a0>, '_data': {'accuracy': 0.956728458404541, 'loss': 0.010452731512486935, 'total_samples': 2103, 'actual_attack': 1621, 'actual_normal': 482, 'predicted_attack': 1540, 'predicted_normal': 563, 'true_positives': 1535, 'true_negatives': 477, 'false_positives': 5, 'false_negatives': 86, 'precision': 0.9967532467532467, 'recall': 0.9469463294262801, 'f1_score': 0.9712116418854793}}
[DEBUG _get_metrics] res_item[1].keys(): ['accuracy', 'loss', 'total_samples', 'actual_attack', 'actual_normal', 'predicted_attack', 'predicted_normal', 'true_positives', 'true_negatives', 'false_positives', 'false_negatives', 'precision', 'recall', 'f1_score']
[DEBUG _get_metrics] Extracted from ConfigRecord._data
[DEBUG _get_metrics] res_item[1] type: ConfigRecord
[DEBUG _get_metrics] res_item[1] has metrics attr: False
[DEBUG _get_metrics] res_item[1].__dict__: {'_check_key_fn': <function _check_key at 0x7059b63c8900>, '_check_value_fn': <function _check_value at 0x7059abbb89a0>, '_data': {'accuracy': 0.956728458404541, 'loss': 0.010452731512486935, 'total_samples': 2103, 'actual_attack': 1621, 'actual_normal': 482, 'predicted_attack': 1540, 'predicted_normal': 563, 'true_positives': 1535, 'true_negatives': 477, 'false_positives': 5, 'false_negatives': 86, 'precision': 0.9967532467532467, 'recall': 0.9469463294262801, 'f1_score': 0.9712116418854793}}
[DEBUG _get_metrics] res_item[1].keys(): ['accuracy', 'loss', 'total_samples', 'actual_attack', 'actual_normal', 'predicted_attack', 'predicted_normal', 'true_positives', 'true_negatives', 'false_positives', 'false_negatives', 'precision', 'recall', 'f1_score']
[DEBUG _get_metrics] Extracted from ConfigRecord._data
[DEBUG _get_metrics] res_item[1] type: ConfigRecord
[DEBUG _get_metrics] res_item[1] has metrics attr: False
[DEBUG _get_metrics] res_item[1].__dict__: {'_check_key_fn': <function _check_key at 0x7059b63c8900>, '_check_value_fn': <function _check_value at 0x7059abbb89a0>, '_data': {'accuracy': 0.9519733786582947, 'loss': 0.0104855140671134, 'total_samples': 2103, 'actual_attack': 1621, 'actual_normal': 482, 'predicted_attack': 1526, 'predicted_normal': 577, 'true_positives': 1523, 'true_negatives': 479, 'false_positives': 3, 'false_negatives': 98, 'precision': 0.9980340760157274, 'recall': 0.9395434916718075, 'f1_score': 0.9679059421671433}}
[DEBUG _get_metrics] res_item[1].keys(): ['accuracy', 'loss', 'total_samples', 'actual_attack', 'actual_normal', 'predicted_attack', 'predicted_normal', 'true_positives', 'true_negatives', 'false_positives', 'false_negatives', 'precision', 'recall', 'f1_score']
[DEBUG _get_metrics] Extracted from ConfigRecord._data
[DEBUG _get_metrics] res_item[1] type: ConfigRecord
[DEBUG _get_metrics] res_item[1] has metrics attr: False
[DEBUG _get_metrics] res_item[1].__dict__: {'_check_key_fn': <function _check_key at 0x7059b63c8900>, '_check_value_fn': <function _check_value at 0x7059abbb89a0>, '_data': {'accuracy': 0.9519733786582947, 'loss': 0.0104855140671134, 'total_samples': 2103, 'actual_attack': 1621, 'actual_normal': 482, 'predicted_attack': 1526, 'predicted_normal': 577, 'true_positives': 1523, 'true_negatives': 479, 'false_positives': 3, 'false_negatives': 98, 'precision': 0.9980340760157274, 'recall': 0.9395434916718075, 'f1_score': 0.9679059421671433}}
[DEBUG _get_metrics] res_item[1].keys(): ['accuracy', 'loss', 'total_samples', 'actual_attack', 'actual_normal', 'predicted_attack', 'predicted_normal', 'true_positives', 'true_negatives', 'false_positives', 'false_negatives', 'precision', 'recall', 'f1_score']
[DEBUG _get_metrics] Extracted from ConfigRecord._data
[DEBUG] Extracted 4 metrics from results

[Evaluation Summary]
============================================================
Round: 17 / 100
Accuracy (mean):  0.9544  (95.44%)
Loss:             0.0105
[Per-Device Accuracy]
  - Device 0:  0.9567  (95.67%)
  - Device 1:  0.9567  (95.67%)
  - Device 2:  0.9520  (95.20%)
  - Device 3:  0.9520  (95.20%)

[Ground Truth]
  - Attack samples: 1621
  - Normal samples: 482
  - Total samples:  2103

[Predictions]
  - Predicted Attack:  1540
  - Predicted Normal:  563

[Confusion Matrix]
  - True Positives (TP):  1535
  - True Negatives (TN):  477
  - False Positives (FP): 5
  - False Negatives (FN): 86

[Metrics]
  - Precision:  0.9974  (99.74%)
  - Recall:     0.9432  (94.32%)
  - F1-Score:   0.9696  (96.96%)
============================================================

[36m(ClientAppActor pid=745759)[0m [Client 1] Class weights (smoothed): {0: 1.0, 1: 1.0}[32m [repeated 16x across cluster][0m
[DEBUG] evaluate_metrics_aggregation_fn called with 4 results
[DEBUG] results type: <class 'list'>
[DEBUG] First result type: <class 'tuple'>
[DEBUG] First result length: 2
[DEBUG] results[0][0] type: <class 'int'>
[DEBUG] results[0][1] type: <class 'flwr.app.message.configrecord.ConfigRecord'>
[DEBUG _get_metrics] res_item[1] type: ConfigRecord
[DEBUG _get_metrics] res_item[1] has metrics attr: False
[DEBUG _get_metrics] res_item[1].__dict__: {'_check_key_fn': <function _check_key at 0x7059b63c8900>, '_check_value_fn': <function _check_value at 0x7059abbb89a0>, '_data': {'accuracy': 0.956728458404541, 'loss': 0.009548635222017765, 'total_samples': 2103, 'actual_attack': 1621, 'actual_normal': 482, 'predicted_attack': 1540, 'predicted_normal': 563, 'true_positives': 1535, 'true_negatives': 477, 'false_positives': 5, 'false_negatives': 86, 'precision': 0.9967532467532467, 'recall': 0.9469463294262801, 'f1_score': 0.9712116418854793}}
[DEBUG _get_metrics] res_item[1].keys(): ['accuracy', 'loss', 'total_samples', 'actual_attack', 'actual_normal', 'predicted_attack', 'predicted_normal', 'true_positives', 'true_negatives', 'false_positives', 'false_negatives', 'precision', 'recall', 'f1_score']
[DEBUG _get_metrics] Extracted from ConfigRecord._data
[DEBUG _get_metrics] res_item[1] type: ConfigRecord
[DEBUG _get_metrics] res_item[1] has metrics attr: False
[DEBUG _get_metrics] res_item[1].__dict__: {'_check_key_fn': <function _check_key at 0x7059b63c8900>, '_check_value_fn': <function _check_value at 0x7059abbb89a0>, '_data': {'accuracy': 0.956728458404541, 'loss': 0.009548635222017765, 'total_samples': 2103, 'actual_attack': 1621, 'actual_normal': 482, 'predicted_attack': 1540, 'predicted_normal': 563, 'true_positives': 1535, 'true_negatives': 477, 'false_positives': 5, 'false_negatives': 86, 'precision': 0.9967532467532467, 'recall': 0.9469463294262801, 'f1_score': 0.9712116418854793}}
[DEBUG _get_metrics] res_item[1].keys(): ['accuracy', 'loss', 'total_samples', 'actual_attack', 'actual_normal', 'predicted_attack', 'predicted_normal', 'true_positives', 'true_negatives', 'false_positives', 'false_negatives', 'precision', 'recall', 'f1_score']
[DEBUG _get_metrics] Extracted from ConfigRecord._data
[DEBUG _get_metrics] res_item[1] type: ConfigRecord
[DEBUG _get_metrics] res_item[1] has metrics attr: False
[DEBUG _get_metrics] res_item[1].__dict__: {'_check_key_fn': <function _check_key at 0x7059b63c8900>, '_check_value_fn': <function _check_value at 0x7059abbb89a0>, '_data': {'accuracy': 0.9524489045143127, 'loss': 0.009752168320119381, 'total_samples': 2103, 'actual_attack': 1621, 'actual_normal': 482, 'predicted_attack': 1527, 'predicted_normal': 576, 'true_positives': 1524, 'true_negatives': 479, 'false_positives': 3, 'false_negatives': 97, 'precision': 0.9980353634577603, 'recall': 0.9401603948180136, 'f1_score': 0.9682337992376112}}
[DEBUG _get_metrics] res_item[1].keys(): ['accuracy', 'loss', 'total_samples', 'actual_attack', 'actual_normal', 'predicted_attack', 'predicted_normal', 'true_positives', 'true_negatives', 'false_positives', 'false_negatives', 'precision', 'recall', 'f1_score'][92mINFO [0m:      
[92mINFO [0m:      [ROUND 19]
[92mINFO [0m:      configure_fit: strategy sampled 4 clients (out of 4)
[92mINFO [0m:      aggregate_fit: received 4 results and 0 failures
[92mINFO [0m:      configure_evaluate: strategy sampled 4 clients (out of 4)
[92mINFO [0m:      aggregate_evaluate: received 4 results and 0 failures
[92mINFO [0m:      
[92mINFO [0m:      [ROUND 20]
[92mINFO [0m:      configure_fit: strategy sampled 4 clients (out of 4)
[92mINFO [0m:      aggregate_fit: received 4 results and 0 failures
[92mINFO [0m:      configure_evaluate: strategy sampled 4 clients (out of 4)
[92mINFO [0m:      aggregate_evaluate: received 4 results and 0 failures

[DEBUG _get_metrics] Extracted from ConfigRecord._data
[DEBUG _get_metrics] res_item[1] type: ConfigRecord
[DEBUG _get_metrics] res_item[1] has metrics attr: False
[DEBUG _get_metrics] res_item[1].__dict__: {'_check_key_fn': <function _check_key at 0x7059b63c8900>, '_check_value_fn': <function _check_value at 0x7059abbb89a0>, '_data': {'accuracy': 0.9524489045143127, 'loss': 0.009752168320119381, 'total_samples': 2103, 'actual_attack': 1621, 'actual_normal': 482, 'predicted_attack': 1527, 'predicted_normal': 576, 'true_positives': 1524, 'true_negatives': 479, 'false_positives': 3, 'false_negatives': 97, 'precision': 0.9980353634577603, 'recall': 0.9401603948180136, 'f1_score': 0.9682337992376112}}
[DEBUG _get_metrics] res_item[1].keys(): ['accuracy', 'loss', 'total_samples', 'actual_attack', 'actual_normal', 'predicted_attack', 'predicted_normal', 'true_positives', 'true_negatives', 'false_positives', 'false_negatives', 'precision', 'recall', 'f1_score']
[DEBUG _get_metrics] Extracted from ConfigRecord._data
[DEBUG] Extracted 4 metrics from results

[Evaluation Summary]
============================================================
Round: 18 / 100
Accuracy (mean):  0.9546  (95.46%)
Loss:             0.0097
[Per-Device Accuracy]
  - Device 0:  0.9567  (95.67%)
  - Device 1:  0.9567  (95.67%)
  - Device 2:  0.9524  (95.24%)
  - Device 3:  0.9524  (95.24%)

[Ground Truth]
  - Attack samples: 1621
  - Normal samples: 482
  - Total samples:  2103

[Predictions]
  - Predicted Attack:  1540
  - Predicted Normal:  563

[Confusion Matrix]
  - True Positives (TP):  1535
  - True Negatives (TN):  477
  - False Positives (FP): 5
  - False Negatives (FN): 86

[Metrics]
  - Precision:  0.9974  (99.74%)
  - Recall:     0.9436  (94.36%)
  - F1-Score:   0.9697  (96.97%)
============================================================

[DEBUG] evaluate_metrics_aggregation_fn called with 4 results
[DEBUG] results type: <class 'list'>
[DEBUG] First result type: <class 'tuple'>
[DEBUG] First result length: 2
[DEBUG] results[0][0] type: <class 'int'>
[DEBUG] results[0][1] type: <class 'flwr.app.message.configrecord.ConfigRecord'>
[DEBUG _get_metrics] res_item[1] type: ConfigRecord
[DEBUG _get_metrics] res_item[1] has metrics attr: False
[DEBUG _get_metrics] res_item[1].__dict__: {'_check_key_fn': <function _check_key at 0x7059b63c8900>, '_check_value_fn': <function _check_value at 0x7059abbb89a0>, '_data': {'accuracy': 0.956728458404541, 'loss': 0.009344947524368763, 'total_samples': 2103, 'actual_attack': 1621, 'actual_normal': 482, 'predicted_attack': 1540, 'predicted_normal': 563, 'true_positives': 1535, 'true_negatives': 477, 'false_positives': 5, 'false_negatives': 86, 'precision': 0.9967532467532467, 'recall': 0.9469463294262801, 'f1_score': 0.9712116418854793}}
[DEBUG _get_metrics] res_item[1].keys(): ['accuracy', 'loss', 'total_samples', 'actual_attack', 'actual_normal', 'predicted_attack', 'predicted_normal', 'true_positives', 'true_negatives', 'false_positives', 'false_negatives', 'precision', 'recall', 'f1_score']
[DEBUG _get_metrics] Extracted from ConfigRecord._data
[DEBUG _get_metrics] res_item[1] type: ConfigRecord
[DEBUG _get_metrics] res_item[1] has metrics attr: False
[DEBUG _get_metrics] res_item[1].__dict__: {'_check_key_fn': <function _check_key at 0x7059b63c8900>, '_check_value_fn': <function _check_value at 0x7059abbb89a0>, '_data': {'accuracy': 0.956728458404541, 'loss': 0.009344947524368763, 'total_samples': 2103, 'actual_attack': 1621, 'actual_normal': 482, 'predicted_attack': 1540, 'predicted_normal': 563, 'true_positives': 1535, 'true_negatives': 477, 'false_positives': 5, 'false_negatives': 86, 'precision': 0.9967532467532467, 'recall': 0.9469463294262801, 'f1_score': 0.9712116418854793}}
[DEBUG _get_metrics] res_item[1].keys(): ['accuracy', 'loss', 'total_samples', 'actual_attack', 'actual_normal', 'predicted_attack', 'predicted_normal', 'true_positives', 'true_negatives', 'false_positives', 'false_negatives', 'precision', 'recall', 'f1_score']
[DEBUG _get_metrics] Extracted from ConfigRecord._data
[DEBUG _get_metrics] res_item[1] type: ConfigRecord
[DEBUG _get_metrics] res_item[1] has metrics attr: False
[DEBUG _get_metrics] res_item[1].__dict__: {'_check_key_fn': <function _check_key at 0x7059b63c8900>, '_check_value_fn': <function _check_value at 0x7059abbb89a0>, '_data': {'accuracy': 0.9519733786582947, 'loss': 0.0093711968511343, 'total_samples': 2103, 'actual_attack': 1621, 'actual_normal': 482, 'predicted_attack': 1528, 'predicted_normal': 575, 'true_positives': 1524, 'true_negatives': 478, 'false_positives': 4, 'false_negatives': 97, 'precision': 0.9973821989528796, 'recall': 0.9401603948180136, 'f1_score': 0.96792632581772}}
[DEBUG _get_metrics] res_item[1].keys(): ['accuracy', 'loss', 'total_samples', 'actual_attack', 'actual_normal', 'predicted_attack', 'predicted_normal', 'true_positives', 'true_negatives', 'false_positives', 'false_negatives', 'precision', 'recall', 'f1_score']
[DEBUG _get_metrics] Extracted from ConfigRecord._data
[DEBUG _get_metrics] res_item[1] type: ConfigRecord
[DEBUG _get_metrics] res_item[1] has metrics attr: False
[DEBUG _get_metrics] res_item[1].__dict__: {'_check_key_fn': <function _check_key at 0x7059b63c8900>, '_check_value_fn': <function _check_value at 0x7059abbb89a0>, '_data': {'accuracy': 0.9519733786582947, 'loss': 0.0093711968511343, 'total_samples': 2103, 'actual_attack': 1621, 'actual_normal': 482, 'predicted_attack': 1528, 'predicted_normal': 575, 'true_positives': 1524, 'true_negatives': 478, 'false_positives': 4, 'false_negatives': 97, 'precision': 0.9973821989528796, 'recall': 0.9401603948180136, 'f1_score': 0.96792632581772}}
[DEBUG _get_metrics] res_item[1].keys(): ['accuracy', 'loss', 'total_samples', 'actual_attack', 'actual_normal', 'predicted_attack', 'predicted_normal', 'true_positives', 'true_negatives', 'false_positives', 'false_negatives', 'precision', 'recall', 'f1_score']
[DEBUG _get_metrics] Extracted from ConfigRecord._data
[DEBUG] Extracted 4 metrics from results

[Evaluation Summary]
============================================================
Round: 19 / 100
Accuracy (mean):  0.9544  (95.44%)
Loss:             0.0094
[Per-Device Accuracy]
  - Device 0:  0.9567  (95.67%)
  - Device 1:  0.9567  (95.67%)
  - Device 2:  0.9520  (95.20%)
  - Device 3:  0.9520  (95.20%)

[Ground Truth]
  - Attack samples: 1621
  - Normal samples: 482
  - Total samples:  2103

[Predictions]
  - Predicted Attack:  1540
  - Predicted Normal:  563

[Confusion Matrix]
  - True Positives (TP):  1535
  - True Negatives (TN):  477
  - False Positives (FP): 5
  - False Negatives (FN): 86

[Metrics]
  - Precision:  0.9971  (99.71%)
  - Recall:     0.9436  (94.36%)
  - F1-Score:   0.9696  (96.96%)
============================================================

[Round 20] Client contributions:
  Client samples: 29,184 (weight: 0.2500)
  Client samples: 29,184 (weight: 0.2500)
  Client samples: 29,186 (weight: 0.2500)
  Client samples: 29,186 (weight: 0.2500)
[36m(ClientAppActor pid=745753)[0m [Client 2] Class weights (smoothed): {0: 1.0, 1: 1.0}[32m [repeated 16x across cluster][0m
[DEBUG] evaluate_metrics_aggregation_fn called with 4 results
[DEBUG] results type: <class 'list'>
[DEBUG] First result type: <class 'tuple'>
[DEBUG] First result length: 2
[DEBUG] results[0][0] type: <class 'int'>
[DEBUG] results[0][1] type: <class 'flwr.app.message.configrecord.ConfigRecord'>
[DEBUG _get_metrics] res_item[1] type: ConfigRecord
[DEBUG _get_metrics] res_item[1] has metrics attr: False
[DEBUG _get_metrics] res_item[1].__dict__: {'_check_key_fn': <function _check_key at 0x7059b63c8900>, '_check_value_fn': <function _check_value at 0x7059abbb89a0>, '_data': {'accuracy': 0.9572039842605591, 'loss': 0.009557879529893398, 'total_samples': 2103, 'actual_attack': 1621, 'actual_normal': 482, 'predicted_attack': 1541, 'predicted_normal': 562, 'true_positives': 1536, 'true_negatives': 477, 'false_positives': 5, 'false_negatives': 85, 'precision': 0.9967553536664504, 'recall': 0.9475632325724861, 'f1_score': 0.9715370018975332}}
[DEBUG _get_metrics] res_item[1].keys(): ['accuracy', 'loss', 'total_samples', 'actual_attack', 'actual_normal', 'predicted_attack', 'predicted_normal', 'true_positives', 'true_negatives', 'false_positives', 'false_negatives', 'precision', 'recall', 'f1_score'][92mINFO [0m:      
[92mINFO [0m:      [ROUND 21]
[92mINFO [0m:      configure_fit: strategy sampled 4 clients (out of 4)
[92mINFO [0m:      aggregate_fit: received 4 results and 0 failures
[92mINFO [0m:      configure_evaluate: strategy sampled 4 clients (out of 4)
[92mINFO [0m:      aggregate_evaluate: received 4 results and 0 failures

[DEBUG _get_metrics] Extracted from ConfigRecord._data
[DEBUG _get_metrics] res_item[1] type: ConfigRecord
[DEBUG _get_metrics] res_item[1] has metrics attr: False
[DEBUG _get_metrics] res_item[1].__dict__: {'_check_key_fn': <function _check_key at 0x7059b63c8900>, '_check_value_fn': <function _check_value at 0x7059abbb89a0>, '_data': {'accuracy': 0.952924370765686, 'loss': 0.00910280179232359, 'total_samples': 2103, 'actual_attack': 1621, 'actual_normal': 482, 'predicted_attack': 1528, 'predicted_normal': 575, 'true_positives': 1525, 'true_negatives': 479, 'false_positives': 3, 'false_negatives': 96, 'precision': 0.9980366492146597, 'recall': 0.9407772979642196, 'f1_score': 0.9685614480787551}}
[DEBUG _get_metrics] res_item[1].keys(): ['accuracy', 'loss', 'total_samples', 'actual_attack', 'actual_normal', 'predicted_attack', 'predicted_normal', 'true_positives', 'true_negatives', 'false_positives', 'false_negatives', 'precision', 'recall', 'f1_score']
[DEBUG _get_metrics] Extracted from ConfigRecord._data
[DEBUG _get_metrics] res_item[1] type: ConfigRecord
[DEBUG _get_metrics] res_item[1] has metrics attr: False
[DEBUG _get_metrics] res_item[1].__dict__: {'_check_key_fn': <function _check_key at 0x7059b63c8900>, '_check_value_fn': <function _check_value at 0x7059abbb89a0>, '_data': {'accuracy': 0.952924370765686, 'loss': 0.00910280179232359, 'total_samples': 2103, 'actual_attack': 1621, 'actual_normal': 482, 'predicted_attack': 1528, 'predicted_normal': 575, 'true_positives': 1525, 'true_negatives': 479, 'false_positives': 3, 'false_negatives': 96, 'precision': 0.9980366492146597, 'recall': 0.9407772979642196, 'f1_score': 0.9685614480787551}}
[DEBUG _get_metrics] res_item[1].keys(): ['accuracy', 'loss', 'total_samples', 'actual_attack', 'actual_normal', 'predicted_attack', 'predicted_normal', 'true_positives', 'true_negatives', 'false_positives', 'false_negatives', 'precision', 'recall', 'f1_score']
[DEBUG _get_metrics] Extracted from ConfigRecord._data
[DEBUG _get_metrics] res_item[1] type: ConfigRecord
[DEBUG _get_metrics] res_item[1] has metrics attr: False
[DEBUG _get_metrics] res_item[1].__dict__: {'_check_key_fn': <function _check_key at 0x7059b63c8900>, '_check_value_fn': <function _check_value at 0x7059abbb89a0>, '_data': {'accuracy': 0.9572039842605591, 'loss': 0.009557879529893398, 'total_samples': 2103, 'actual_attack': 1621, 'actual_normal': 482, 'predicted_attack': 1541, 'predicted_normal': 562, 'true_positives': 1536, 'true_negatives': 477, 'false_positives': 5, 'false_negatives': 85, 'precision': 0.9967553536664504, 'recall': 0.9475632325724861, 'f1_score': 0.9715370018975332}}
[DEBUG _get_metrics] res_item[1].keys(): ['accuracy', 'loss', 'total_samples', 'actual_attack', 'actual_normal', 'predicted_attack', 'predicted_normal', 'true_positives', 'true_negatives', 'false_positives', 'false_negatives', 'precision', 'recall', 'f1_score']
[DEBUG _get_metrics] Extracted from ConfigRecord._data
[DEBUG] Extracted 4 metrics from results

[Evaluation Summary]
============================================================
Round: 20 / 100
Accuracy (mean):  0.9551  (95.51%)
Loss:             0.0093
[Per-Device Accuracy]
  - Device 0:  0.9572  (95.72%)
  - Device 1:  0.9529  (95.29%)
  - Device 2:  0.9529  (95.29%)
  - Device 3:  0.9572  (95.72%)

[Ground Truth]
  - Attack samples: 1621
  - Normal samples: 482
  - Total samples:  2103

[Predictions]
  - Predicted Attack:  1541
  - Predicted Normal:  562

[Confusion Matrix]
  - True Positives (TP):  1536
  - True Negatives (TN):  477
  - False Positives (FP): 5
  - False Negatives (FN): 85

[Metrics]
  - Precision:  0.9974  (99.74%)
  - Recall:     0.9442  (94.42%)
  - F1-Score:   0.9700  (97.00%)
============================================================

[DEBUG] evaluate_metrics_aggregation_fn called with 4 results
[DEBUG] results type: <class 'list'>
[DEBUG] First result type: <class 'tuple'>
[DEBUG] First result length: 2
[DEBUG] results[0][0] type: <class 'int'>
[DEBUG] results[0][1] type: <class 'flwr.app.message.configrecord.ConfigRecord'>
[DEBUG _get_metrics] res_item[1] type: ConfigRecord
[DEBUG _get_metrics] res_item[1] has metrics attr: False
[DEBUG _get_metrics] res_item[1].__dict__: {'_check_key_fn': <function _check_key at 0x7059b63c8900>, '_check_value_fn': <function _check_value at 0x7059abbb89a0>, '_data': {'accuracy': 0.988112211227417, 'loss': 0.00904420018196106, 'total_samples': 2103, 'actual_attack': 1621, 'actual_normal': 482, 'predicted_attack': 1620, 'predicted_normal': 483, 'true_positives': 1608, 'true_negatives': 470, 'false_positives': 12, 'false_negatives': 13, 'precision': 0.9925925925925926, 'recall': 0.9919802590993214, 'f1_score': 0.9922863313792041}}
[DEBUG _get_metrics] res_item[1].keys(): ['accuracy', 'loss', 'total_samples', 'actual_attack', 'actual_normal', 'predicted_attack', 'predicted_normal', 'true_positives', 'true_negatives', 'false_positives', 'false_negatives', 'precision', 'recall', 'f1_score']
[DEBUG _get_metrics] Extracted from ConfigRecord._data
[DEBUG _get_metrics] res_item[1] type: ConfigRecord
[DEBUG _get_metrics] res_item[1] has metrics attr: False
[DEBUG _get_metrics] res_item[1].__dict__: {'_check_key_fn': <function _check_key at 0x7059b63c8900>, '_check_value_fn': <function _check_value at 0x7059abbb89a0>, '_data': {'accuracy': 0.9862101674079895, 'loss': 0.009695456363260746, 'total_samples': 2103, 'actual_attack': 1621, 'actual_normal': 482, 'predicted_attack': 1606, 'predicted_normal': 497, 'true_positives': 1599, 'true_negatives': 475, 'false_positives': 7, 'false_negatives': 22, 'precision': 0.9956413449564134, 'recall': 0.986428130783467, 'f1_score': 0.9910133250697243}}
[DEBUG _get_metrics] res_item[1].keys(): ['accuracy', 'loss', 'total_samples', 'actual_attack', 'actual_normal', 'predicted_attack', 'predicted_normal', 'true_positives', 'true_negatives', 'false_positives', 'false_negatives', 'precision', 'recall', 'f1_score']
[DEBUG _get_metrics] Extracted from ConfigRecord._data
[DEBUG _get_metrics] res_item[1] type: ConfigRecord
[DEBUG _get_metrics] res_item[1] has metrics attr: False
[DEBUG _get_metrics] res_item[1].__dict__: {'_check_key_fn': <function _check_key at 0x7059b63c8900>, '_check_value_fn': <function _check_value at 0x7059abbb89a0>, '_data': {'accuracy': 0.9862101674079895, 'loss': 0.009695456363260746, 'total_samples': 2103, 'actual_attack': 1621, 'actual_normal': 482, 'predicted_attack': 1606, 'predicted_normal': 497, 'true_positives': 1599, 'true_negatives': 475, 'false_positives': 7, 'false_negatives': 22, 'precision': 0.9956413449564134, 'recall': 0.986428130783467, 'f1_score': 0.9910133250697243}}
[DEBUG _get_metrics] res_item[1].keys(): ['accuracy', 'loss', 'total_samples', 'actual_attack', 'actual_normal', 'predicted_attack', 'predicted_normal', 'true_positives', 'true_negatives', 'false_positives', 'false_negatives', 'precision', 'recall', 'f1_score']
[DEBUG _get_metrics] Extracted from ConfigRecord._data
[DEBUG _get_metrics] res_item[1] type: ConfigRecord
[DEBUG _get_metrics] res_item[1] has metrics attr: False
[DEBUG _get_metrics] res_item[1].__dict__: {'_check_key_fn': <function _check_key at 0x7059b63c8900>, '_check_value_fn': <function _check_value at 0x7059abbb89a0>, '_data': {'accuracy': 0.988112211227417, 'loss': 0.00904420018196106, 'total_samples': 2103, 'actual_attack': 1621, 'actual_normal': 482, 'predicted_attack': 1620, 'predicted_normal': 483, 'true_positives': 1608, 'true_negatives': 470, 'false_positives': 12, 'false_negatives': 13, 'precision': 0.9925925925925926, 'recall': 0.9919802590993214, 'f1_score': 0.9922863313792041}}
[DEBUG _get_metrics] res_item[1].keys(): ['accuracy', 'loss', 'total_samples', 'actual_attack', 'actual_normal', 'predicted_attack', 'predicted_normal', 'true_positives', 'true_negatives', 'false_positives', 'false_negatives', 'precision', 'recall', 'f1_score']
[DEBUG _get_metrics] Extracted from ConfigRecord._data
[DEBUG] Extracted 4 metrics from results

[Evaluation Summary]
============================================================
Round: 21 / 100
Accuracy (mean):  0.9872  (98.72%)
Loss:             0.0094
[Per-Device Accuracy]
  - Device 0:  0.9881  (98.81%)[92mINFO [0m:      
[92mINFO [0m:      [ROUND 22]
[92mINFO [0m:      configure_fit: strategy sampled 4 clients (out of 4)
[92mINFO [0m:      aggregate_fit: received 4 results and 0 failures
[92mINFO [0m:      configure_evaluate: strategy sampled 4 clients (out of 4)
[92mINFO [0m:      aggregate_evaluate: received 4 results and 0 failures
[92mINFO [0m:      
[92mINFO [0m:      [ROUND 23]
[92mINFO [0m:      configure_fit: strategy sampled 4 clients (out of 4)
[92mINFO [0m:      aggregate_fit: received 4 results and 0 failures
[92mINFO [0m:      configure_evaluate: strategy sampled 4 clients (out of 4)
[92mINFO [0m:      aggregate_evaluate: received 4 results and 0 failures

  - Device 1:  0.9862  (98.62%)
  - Device 2:  0.9862  (98.62%)
  - Device 3:  0.9881  (98.81%)

[Ground Truth]
  - Attack samples: 1621
  - Normal samples: 482
  - Total samples:  2103

[Predictions]
  - Predicted Attack:  1620
  - Predicted Normal:  483

[Confusion Matrix]
  - True Positives (TP):  1608
  - True Negatives (TN):  470
  - False Positives (FP): 12
  - False Negatives (FN): 13

[Metrics]
  - Precision:  0.9941  (99.41%)
  - Recall:     0.9892  (98.92%)
  - F1-Score:   0.9916  (99.16%)
============================================================

[36m(ClientAppActor pid=745753)[0m [Client 2] Class weights (smoothed): {0: 1.0, 1: 1.0}[32m [repeated 16x across cluster][0m
[DEBUG] evaluate_metrics_aggregation_fn called with 4 results
[DEBUG] results type: <class 'list'>
[DEBUG] First result type: <class 'tuple'>
[DEBUG] First result length: 2
[DEBUG] results[0][0] type: <class 'int'>
[DEBUG] results[0][1] type: <class 'flwr.app.message.configrecord.ConfigRecord'>
[DEBUG _get_metrics] res_item[1] type: ConfigRecord
[DEBUG _get_metrics] res_item[1] has metrics attr: False
[DEBUG _get_metrics] res_item[1].__dict__: {'_check_key_fn': <function _check_key at 0x7059b63c8900>, '_check_value_fn': <function _check_value at 0x7059abbb89a0>, '_data': {'accuracy': 0.9857346415519714, 'loss': 0.009884517639875412, 'total_samples': 2103, 'actual_attack': 1621, 'actual_normal': 482, 'predicted_attack': 1605, 'predicted_normal': 498, 'true_positives': 1598, 'true_negatives': 475, 'false_positives': 7, 'false_negatives': 23, 'precision': 0.9956386292834891, 'recall': 0.9858112276372609, 'f1_score': 0.9907005579665221}}
[DEBUG _get_metrics] res_item[1].keys(): ['accuracy', 'loss', 'total_samples', 'actual_attack', 'actual_normal', 'predicted_attack', 'predicted_normal', 'true_positives', 'true_negatives', 'false_positives', 'false_negatives', 'precision', 'recall', 'f1_score']
[DEBUG _get_metrics] Extracted from ConfigRecord._data
[DEBUG _get_metrics] res_item[1] type: ConfigRecord
[DEBUG _get_metrics] res_item[1] has metrics attr: False
[DEBUG _get_metrics] res_item[1].__dict__: {'_check_key_fn': <function _check_key at 0x7059b63c8900>, '_check_value_fn': <function _check_value at 0x7059abbb89a0>, '_data': {'accuracy': 0.9885877370834351, 'loss': 0.009050111286342144, 'total_samples': 2103, 'actual_attack': 1621, 'actual_normal': 482, 'predicted_attack': 1621, 'predicted_normal': 482, 'true_positives': 1609, 'true_negatives': 470, 'false_positives': 12, 'false_negatives': 12, 'precision': 0.9925971622455274, 'recall': 0.9925971622455274, 'f1_score': 0.9925971622455274}}
[DEBUG _get_metrics] res_item[1].keys(): ['accuracy', 'loss', 'total_samples', 'actual_attack', 'actual_normal', 'predicted_attack', 'predicted_normal', 'true_positives', 'true_negatives', 'false_positives', 'false_negatives', 'precision', 'recall', 'f1_score']
[DEBUG _get_metrics] Extracted from ConfigRecord._data
[DEBUG _get_metrics] res_item[1] type: ConfigRecord
[DEBUG _get_metrics] res_item[1] has metrics attr: False
[DEBUG _get_metrics] res_item[1].__dict__: {'_check_key_fn': <function _check_key at 0x7059b63c8900>, '_check_value_fn': <function _check_value at 0x7059abbb89a0>, '_data': {'accuracy': 0.9885877370834351, 'loss': 0.009050111286342144, 'total_samples': 2103, 'actual_attack': 1621, 'actual_normal': 482, 'predicted_attack': 1621, 'predicted_normal': 482, 'true_positives': 1609, 'true_negatives': 470, 'false_positives': 12, 'false_negatives': 12, 'precision': 0.9925971622455274, 'recall': 0.9925971622455274, 'f1_score': 0.9925971622455274}}
[DEBUG _get_metrics] res_item[1].keys(): ['accuracy', 'loss', 'total_samples', 'actual_attack', 'actual_normal', 'predicted_attack', 'predicted_normal', 'true_positives', 'true_negatives', 'false_positives', 'false_negatives', 'precision', 'recall', 'f1_score']
[DEBUG _get_metrics] Extracted from ConfigRecord._data
[DEBUG _get_metrics] res_item[1] type: ConfigRecord
[DEBUG _get_metrics] res_item[1] has metrics attr: False
[DEBUG _get_metrics] res_item[1].__dict__: {'_check_key_fn': <function _check_key at 0x7059b63c8900>, '_check_value_fn': <function _check_value at 0x7059abbb89a0>, '_data': {'accuracy': 0.9857346415519714, 'loss': 0.009884517639875412, 'total_samples': 2103, 'actual_attack': 1621, 'actual_normal': 482, 'predicted_attack': 1605, 'predicted_normal': 498, 'true_positives': 1598, 'true_negatives': 475, 'false_positives': 7, 'false_negatives': 23, 'precision': 0.9956386292834891, 'recall': 0.9858112276372609, 'f1_score': 0.9907005579665221}}
[DEBUG _get_metrics] res_item[1].keys(): ['accuracy', 'loss', 'total_samples', 'actual_attack', 'actual_normal', 'predicted_attack', 'predicted_normal', 'true_positives', 'true_negatives', 'false_positives', 'false_negatives', 'precision', 'recall', 'f1_score']
[DEBUG _get_metrics] Extracted from ConfigRecord._data
[DEBUG] Extracted 4 metrics from results

[Evaluation Summary]
============================================================
Round: 22 / 100
Accuracy (mean):  0.9872  (98.72%)
Loss:             0.0095
[Per-Device Accuracy]
  - Device 0:  0.9857  (98.57%)
  - Device 1:  0.9886  (98.86%)
  - Device 2:  0.9886  (98.86%)
  - Device 3:  0.9857  (98.57%)

[Ground Truth]
  - Attack samples: 1621
  - Normal samples: 482
  - Total samples:  2103

[Predictions]
  - Predicted Attack:  1605
  - Predicted Normal:  498

[Confusion Matrix]
  - True Positives (TP):  1598
  - True Negatives (TN):  475
  - False Positives (FP): 7
  - False Negatives (FN): 23

[Metrics]
  - Precision:  0.9941  (99.41%)
  - Recall:     0.9892  (98.92%)
  - F1-Score:   0.9916  (99.16%)
============================================================

[DEBUG] evaluate_metrics_aggregation_fn called with 4 results
[DEBUG] results type: <class 'list'>
[DEBUG] First result type: <class 'tuple'>
[DEBUG] First result length: 2
[DEBUG] results[0][0] type: <class 'int'>
[DEBUG] results[0][1] type: <class 'flwr.app.message.configrecord.ConfigRecord'>
[DEBUG _get_metrics] res_item[1] type: ConfigRecord
[DEBUG _get_metrics] res_item[1] has metrics attr: False
[DEBUG _get_metrics] res_item[1].__dict__: {'_check_key_fn': <function _check_key at 0x7059b63c8900>, '_check_value_fn': <function _check_value at 0x7059abbb89a0>, '_data': {'accuracy': 0.9885877370834351, 'loss': 0.00903782807290554, 'total_samples': 2103, 'actual_attack': 1621, 'actual_normal': 482, 'predicted_attack': 1621, 'predicted_normal': 482, 'true_positives': 1609, 'true_negatives': 470, 'false_positives': 12, 'false_negatives': 12, 'precision': 0.9925971622455274, 'recall': 0.9925971622455274, 'f1_score': 0.9925971622455274}}
[DEBUG _get_metrics] res_item[1].keys(): ['accuracy', 'loss', 'total_samples', 'actual_attack', 'actual_normal', 'predicted_attack', 'predicted_normal', 'true_positives', 'true_negatives', 'false_positives', 'false_negatives', 'precision', 'recall', 'f1_score']
[DEBUG _get_metrics] Extracted from ConfigRecord._data
[DEBUG _get_metrics] res_item[1] type: ConfigRecord
[DEBUG _get_metrics] res_item[1] has metrics attr: False
[DEBUG _get_metrics] res_item[1].__dict__: {'_check_key_fn': <function _check_key at 0x7059b63c8900>, '_check_value_fn': <function _check_value at 0x7059abbb89a0>, '_data': {'accuracy': 0.9885877370834351, 'loss': 0.00903782807290554, 'total_samples': 2103, 'actual_attack': 1621, 'actual_normal': 482, 'predicted_attack': 1621, 'predicted_normal': 482, 'true_positives': 1609, 'true_negatives': 470, 'false_positives': 12, 'false_negatives': 12, 'precision': 0.9925971622455274, 'recall': 0.9925971622455274, 'f1_score': 0.9925971622455274}}
[DEBUG _get_metrics] res_item[1].keys(): ['accuracy', 'loss', 'total_samples', 'actual_attack', 'actual_normal', 'predicted_attack', 'predicted_normal', 'true_positives', 'true_negatives', 'false_positives', 'false_negatives', 'precision', 'recall', 'f1_score']
[DEBUG _get_metrics] Extracted from ConfigRecord._data
[DEBUG _get_metrics] res_item[1] type: ConfigRecord
[DEBUG _get_metrics] res_item[1] has metrics attr: False
[DEBUG _get_metrics] res_item[1].__dict__: {'_check_key_fn': <function _check_key at 0x7059b63c8900>, '_check_value_fn': <function _check_value at 0x7059abbb89a0>, '_data': {'accuracy': 0.9866856932640076, 'loss': 0.01009509339928627, 'total_samples': 2103, 'actual_attack': 1621, 'actual_normal': 482, 'predicted_attack': 1607, 'predicted_normal': 496, 'true_positives': 1600, 'true_negatives': 475, 'false_positives': 7, 'false_negatives': 21, 'precision': 0.9956440572495333, 'recall': 0.987045033929673, 'f1_score': 0.9913258983890954}}[92mINFO [0m:      
[92mINFO [0m:      [ROUND 24]
[92mINFO [0m:      configure_fit: strategy sampled 4 clients (out of 4)
[92mINFO [0m:      aggregate_fit: received 4 results and 0 failures
[92mINFO [0m:      configure_evaluate: strategy sampled 4 clients (out of 4)
[92mINFO [0m:      aggregate_evaluate: received 4 results and 0 failures
[92mINFO [0m:      
[92mINFO [0m:      [ROUND 25]
[92mINFO [0m:      configure_fit: strategy sampled 4 clients (out of 4)
[92mINFO [0m:      aggregate_fit: received 4 results and 0 failures
[92mINFO [0m:      configure_evaluate: strategy sampled 4 clients (out of 4)
[92mINFO [0m:      aggregate_evaluate: received 4 results and 0 failures

[DEBUG _get_metrics] res_item[1].keys(): ['accuracy', 'loss', 'total_samples', 'actual_attack', 'actual_normal', 'predicted_attack', 'predicted_normal', 'true_positives', 'true_negatives', 'false_positives', 'false_negatives', 'precision', 'recall', 'f1_score']
[DEBUG _get_metrics] Extracted from ConfigRecord._data
[DEBUG _get_metrics] res_item[1] type: ConfigRecord
[DEBUG _get_metrics] res_item[1] has metrics attr: False
[DEBUG _get_metrics] res_item[1].__dict__: {'_check_key_fn': <function _check_key at 0x7059b63c8900>, '_check_value_fn': <function _check_value at 0x7059abbb89a0>, '_data': {'accuracy': 0.9866856932640076, 'loss': 0.01009509339928627, 'total_samples': 2103, 'actual_attack': 1621, 'actual_normal': 482, 'predicted_attack': 1607, 'predicted_normal': 496, 'true_positives': 1600, 'true_negatives': 475, 'false_positives': 7, 'false_negatives': 21, 'precision': 0.9956440572495333, 'recall': 0.987045033929673, 'f1_score': 0.9913258983890954}}
[DEBUG _get_metrics] res_item[1].keys(): ['accuracy', 'loss', 'total_samples', 'actual_attack', 'actual_normal', 'predicted_attack', 'predicted_normal', 'true_positives', 'true_negatives', 'false_positives', 'false_negatives', 'precision', 'recall', 'f1_score']
[DEBUG _get_metrics] Extracted from ConfigRecord._data
[DEBUG] Extracted 4 metrics from results

[Evaluation Summary]
============================================================
Round: 23 / 100
Accuracy (mean):  0.9876  (98.76%)
Loss:             0.0096
[Per-Device Accuracy]
  - Device 0:  0.9886  (98.86%)
  - Device 1:  0.9886  (98.86%)
  - Device 2:  0.9867  (98.67%)
  - Device 3:  0.9867  (98.67%)

[Ground Truth]
  - Attack samples: 1621
  - Normal samples: 482
  - Total samples:  2103

[Predictions]
  - Predicted Attack:  1621
  - Predicted Normal:  482

[Confusion Matrix]
  - True Positives (TP):  1609
  - True Negatives (TN):  470
  - False Positives (FP): 12
  - False Negatives (FN): 12

[Metrics]
  - Precision:  0.9941  (99.41%)
  - Recall:     0.9898  (98.98%)
  - F1-Score:   0.9920  (99.20%)
============================================================

[36m(ClientAppActor pid=745762)[0m [Client 1] Class weights (smoothed): {0: 1.0, 1: 1.0}[32m [repeated 16x across cluster][0m
[DEBUG] evaluate_metrics_aggregation_fn called with 4 results
[DEBUG] results type: <class 'list'>
[DEBUG] First result type: <class 'tuple'>
[DEBUG] First result length: 2
[DEBUG] results[0][0] type: <class 'int'>
[DEBUG] results[0][1] type: <class 'flwr.app.message.configrecord.ConfigRecord'>
[DEBUG _get_metrics] res_item[1] type: ConfigRecord
[DEBUG _get_metrics] res_item[1] has metrics attr: False
[DEBUG _get_metrics] res_item[1].__dict__: {'_check_key_fn': <function _check_key at 0x7059b63c8900>, '_check_value_fn': <function _check_value at 0x7059abbb89a0>, '_data': {'accuracy': 0.9890632629394531, 'loss': 0.008993811905384064, 'total_samples': 2103, 'actual_attack': 1621, 'actual_normal': 482, 'predicted_attack': 1620, 'predicted_normal': 483, 'true_positives': 1609, 'true_negatives': 471, 'false_positives': 11, 'false_negatives': 12, 'precision': 0.9932098765432099, 'recall': 0.9925971622455274, 'f1_score': 0.9929034248688675}}
[DEBUG _get_metrics] res_item[1].keys(): ['accuracy', 'loss', 'total_samples', 'actual_attack', 'actual_normal', 'predicted_attack', 'predicted_normal', 'true_positives', 'true_negatives', 'false_positives', 'false_negatives', 'precision', 'recall', 'f1_score']
[DEBUG _get_metrics] Extracted from ConfigRecord._data
[DEBUG _get_metrics] res_item[1] type: ConfigRecord
[DEBUG _get_metrics] res_item[1] has metrics attr: False
[DEBUG _get_metrics] res_item[1].__dict__: {'_check_key_fn': <function _check_key at 0x7059b63c8900>, '_check_value_fn': <function _check_value at 0x7059abbb89a0>, '_data': {'accuracy': 0.9890632629394531, 'loss': 0.008993811905384064, 'total_samples': 2103, 'actual_attack': 1621, 'actual_normal': 482, 'predicted_attack': 1620, 'predicted_normal': 483, 'true_positives': 1609, 'true_negatives': 471, 'false_positives': 11, 'false_negatives': 12, 'precision': 0.9932098765432099, 'recall': 0.9925971622455274, 'f1_score': 0.9929034248688675}}
[DEBUG _get_metrics] res_item[1].keys(): ['accuracy', 'loss', 'total_samples', 'actual_attack', 'actual_normal', 'predicted_attack', 'predicted_normal', 'true_positives', 'true_negatives', 'false_positives', 'false_negatives', 'precision', 'recall', 'f1_score']
[DEBUG _get_metrics] Extracted from ConfigRecord._data
[DEBUG _get_metrics] res_item[1] type: ConfigRecord
[DEBUG _get_metrics] res_item[1] has metrics attr: False
[DEBUG _get_metrics] res_item[1].__dict__: {'_check_key_fn': <function _check_key at 0x7059b63c8900>, '_check_value_fn': <function _check_value at 0x7059abbb89a0>, '_data': {'accuracy': 0.9871612191200256, 'loss': 0.010170119814574718, 'total_samples': 2103, 'actual_attack': 1621, 'actual_normal': 482, 'predicted_attack': 1608, 'predicted_normal': 495, 'true_positives': 1601, 'true_negatives': 475, 'false_positives': 7, 'false_negatives': 20, 'precision': 0.9956467661691543, 'recall': 0.9876619370758791, 'f1_score': 0.9916382781046764}}
[DEBUG _get_metrics] res_item[1].keys(): ['accuracy', 'loss', 'total_samples', 'actual_attack', 'actual_normal', 'predicted_attack', 'predicted_normal', 'true_positives', 'true_negatives', 'false_positives', 'false_negatives', 'precision', 'recall', 'f1_score']
[DEBUG _get_metrics] Extracted from ConfigRecord._data
[DEBUG _get_metrics] res_item[1] type: ConfigRecord
[DEBUG _get_metrics] res_item[1] has metrics attr: False
[DEBUG _get_metrics] res_item[1].__dict__: {'_check_key_fn': <function _check_key at 0x7059b63c8900>, '_check_value_fn': <function _check_value at 0x7059abbb89a0>, '_data': {'accuracy': 0.9871612191200256, 'loss': 0.010170119814574718, 'total_samples': 2103, 'actual_attack': 1621, 'actual_normal': 482, 'predicted_attack': 1608, 'predicted_normal': 495, 'true_positives': 1601, 'true_negatives': 475, 'false_positives': 7, 'false_negatives': 20, 'precision': 0.9956467661691543, 'recall': 0.9876619370758791, 'f1_score': 0.9916382781046764}}
[DEBUG _get_metrics] res_item[1].keys(): ['accuracy', 'loss', 'total_samples', 'actual_attack', 'actual_normal', 'predicted_attack', 'predicted_normal', 'true_positives', 'true_negatives', 'false_positives', 'false_negatives', 'precision', 'recall', 'f1_score']
[DEBUG _get_metrics] Extracted from ConfigRecord._data
[DEBUG] Extracted 4 metrics from results

[Evaluation Summary]
============================================================
Round: 24 / 100
Accuracy (mean):  0.9881  (98.81%)
Loss:             0.0096
[Per-Device Accuracy]
  - Device 0:  0.9891  (98.91%)
  - Device 1:  0.9891  (98.91%)
  - Device 2:  0.9872  (98.72%)
  - Device 3:  0.9872  (98.72%)

[Ground Truth]
  - Attack samples: 1621
  - Normal samples: 482
  - Total samples:  2103

[Predictions]
  - Predicted Attack:  1620
  - Predicted Normal:  483

[Confusion Matrix]
  - True Positives (TP):  1609
  - True Negatives (TN):  471
  - False Positives (FP): 11
  - False Negatives (FN): 12

[Metrics]
  - Precision:  0.9944  (99.44%)
  - Recall:     0.9901  (99.01%)
  - F1-Score:   0.9923  (99.23%)
============================================================

[Round 25] Client contributions:
  Client samples: 29,186 (weight: 0.2500)
  Client samples: 29,184 (weight: 0.2500)
  Client samples: 29,184 (weight: 0.2500)
  Client samples: 29,186 (weight: 0.2500)
[DEBUG] evaluate_metrics_aggregation_fn called with 4 results
[DEBUG] results type: <class 'list'>
[DEBUG] First result type: <class 'tuple'>
[DEBUG] First result length: 2
[DEBUG] results[0][0] type: <class 'int'>
[DEBUG] results[0][1] type: <class 'flwr.app.message.configrecord.ConfigRecord'>
[DEBUG _get_metrics] res_item[1] type: ConfigRecord
[DEBUG _get_metrics] res_item[1] has metrics attr: False
[DEBUG _get_metrics] res_item[1].__dict__: {'_check_key_fn': <function _check_key at 0x7059b63c8900>, '_check_value_fn': <function _check_value at 0x7059abbb89a0>, '_data': {'accuracy': 0.9871612191200256, 'loss': 0.010420680977404118, 'total_samples': 2103, 'actual_attack': 1621, 'actual_normal': 482, 'predicted_attack': 1608, 'predicted_normal': 495, 'true_positives': 1601, 'true_negatives': 475, 'false_positives': 7, 'false_negatives': 20, 'precision': 0.9956467661691543, 'recall': 0.9876619370758791, 'f1_score': 0.9916382781046764}}[92mINFO [0m:      
[92mINFO [0m:      [ROUND 26]
[92mINFO [0m:      configure_fit: strategy sampled 4 clients (out of 4)
[92mINFO [0m:      aggregate_fit: received 4 results and 0 failures
[92mINFO [0m:      configure_evaluate: strategy sampled 4 clients (out of 4)
[92mINFO [0m:      aggregate_evaluate: received 4 results and 0 failures

[DEBUG _get_metrics] res_item[1].keys(): ['accuracy', 'loss', 'total_samples', 'actual_attack', 'actual_normal', 'predicted_attack', 'predicted_normal', 'true_positives', 'true_negatives', 'false_positives', 'false_negatives', 'precision', 'recall', 'f1_score']
[DEBUG _get_metrics] Extracted from ConfigRecord._data
[DEBUG _get_metrics] res_item[1] type: ConfigRecord
[DEBUG _get_metrics] res_item[1] has metrics attr: False
[DEBUG _get_metrics] res_item[1].__dict__: {'_check_key_fn': <function _check_key at 0x7059b63c8900>, '_check_value_fn': <function _check_value at 0x7059abbb89a0>, '_data': {'accuracy': 0.9885877370834351, 'loss': 0.008969150483608246, 'total_samples': 2103, 'actual_attack': 1621, 'actual_normal': 482, 'predicted_attack': 1621, 'predicted_normal': 482, 'true_positives': 1609, 'true_negatives': 470, 'false_positives': 12, 'false_negatives': 12, 'precision': 0.9925971622455274, 'recall': 0.9925971622455274, 'f1_score': 0.9925971622455274}}
[DEBUG _get_metrics] res_item[1].keys(): ['accuracy', 'loss', 'total_samples', 'actual_attack', 'actual_normal', 'predicted_attack', 'predicted_normal', 'true_positives', 'true_negatives', 'false_positives', 'false_negatives', 'precision', 'recall', 'f1_score']
[DEBUG _get_metrics] Extracted from ConfigRecord._data
[DEBUG _get_metrics] res_item[1] type: ConfigRecord
[DEBUG _get_metrics] res_item[1] has metrics attr: False
[DEBUG _get_metrics] res_item[1].__dict__: {'_check_key_fn': <function _check_key at 0x7059b63c8900>, '_check_value_fn': <function _check_value at 0x7059abbb89a0>, '_data': {'accuracy': 0.9871612191200256, 'loss': 0.010420680977404118, 'total_samples': 2103, 'actual_attack': 1621, 'actual_normal': 482, 'predicted_attack': 1608, 'predicted_normal': 495, 'true_positives': 1601, 'true_negatives': 475, 'false_positives': 7, 'false_negatives': 20, 'precision': 0.9956467661691543, 'recall': 0.9876619370758791, 'f1_score': 0.9916382781046764}}
[DEBUG _get_metrics] res_item[1].keys(): ['accuracy', 'loss', 'total_samples', 'actual_attack', 'actual_normal', 'predicted_attack', 'predicted_normal', 'true_positives', 'true_negatives', 'false_positives', 'false_negatives', 'precision', 'recall', 'f1_score']
[DEBUG _get_metrics] Extracted from ConfigRecord._data
[DEBUG _get_metrics] res_item[1] type: ConfigRecord
[DEBUG _get_metrics] res_item[1] has metrics attr: False
[DEBUG _get_metrics] res_item[1].__dict__: {'_check_key_fn': <function _check_key at 0x7059b63c8900>, '_check_value_fn': <function _check_value at 0x7059abbb89a0>, '_data': {'accuracy': 0.9885877370834351, 'loss': 0.008969150483608246, 'total_samples': 2103, 'actual_attack': 1621, 'actual_normal': 482, 'predicted_attack': 1621, 'predicted_normal': 482, 'true_positives': 1609, 'true_negatives': 470, 'false_positives': 12, 'false_negatives': 12, 'precision': 0.9925971622455274, 'recall': 0.9925971622455274, 'f1_score': 0.9925971622455274}}
[DEBUG _get_metrics] res_item[1].keys(): ['accuracy', 'loss', 'total_samples', 'actual_attack', 'actual_normal', 'predicted_attack', 'predicted_normal', 'true_positives', 'true_negatives', 'false_positives', 'false_negatives', 'precision', 'recall', 'f1_score']
[DEBUG _get_metrics] Extracted from ConfigRecord._data
[DEBUG] Extracted 4 metrics from results

[Evaluation Summary]
============================================================
Round: 25 / 100
Accuracy (mean):  0.9879  (98.79%)
Loss:             0.0097
[Per-Device Accuracy]
  - Device 0:  0.9872  (98.72%)
  - Device 1:  0.9886  (98.86%)
  - Device 2:  0.9872  (98.72%)
  - Device 3:  0.9886  (98.86%)

[Ground Truth]
  - Attack samples: 1621
  - Normal samples: 482
  - Total samples:  2103

[Predictions]
  - Predicted Attack:  1608
  - Predicted Normal:  495

[Confusion Matrix]
  - True Positives (TP):  1601
  - True Negatives (TN):  475
  - False Positives (FP): 7
  - False Negatives (FN): 20

[Metrics]
  - Precision:  0.9941  (99.41%)
  - Recall:     0.9901  (99.01%)
  - F1-Score:   0.9921  (99.21%)
============================================================

[36m(ClientAppActor pid=745753)[0m [Client 2] Class weights (smoothed): {0: 1.0, 1: 1.0}[32m [repeated 16x across cluster][0m
[DEBUG] evaluate_metrics_aggregation_fn called with 4 results
[DEBUG] results type: <class 'list'>
[DEBUG] First result type: <class 'tuple'>
[DEBUG] First result length: 2
[DEBUG] results[0][0] type: <class 'int'>
[DEBUG] results[0][1] type: <class 'flwr.app.message.configrecord.ConfigRecord'>
[DEBUG _get_metrics] res_item[1] type: ConfigRecord
[DEBUG _get_metrics] res_item[1] has metrics attr: False
[DEBUG _get_metrics] res_item[1].__dict__: {'_check_key_fn': <function _check_key at 0x7059b63c8900>, '_check_value_fn': <function _check_value at 0x7059abbb89a0>, '_data': {'accuracy': 0.988112211227417, 'loss': 0.010249403305351734, 'total_samples': 2103, 'actual_attack': 1621, 'actual_normal': 482, 'predicted_attack': 1610, 'predicted_normal': 493, 'true_positives': 1603, 'true_negatives': 475, 'false_positives': 7, 'false_negatives': 18, 'precision': 0.9956521739130435, 'recall': 0.9888957433682912, 'f1_score': 0.992262457443516}}
[DEBUG _get_metrics] res_item[1].keys(): ['accuracy', 'loss', 'total_samples', 'actual_attack', 'actual_normal', 'predicted_attack', 'predicted_normal', 'true_positives', 'true_negatives', 'false_positives', 'false_negatives', 'precision', 'recall', 'f1_score']
[DEBUG _get_metrics] Extracted from ConfigRecord._data
[DEBUG _get_metrics] res_item[1] type: ConfigRecord
[DEBUG _get_metrics] res_item[1] has metrics attr: False
[DEBUG _get_metrics] res_item[1].__dict__: {'_check_key_fn': <function _check_key at 0x7059b63c8900>, '_check_value_fn': <function _check_value at 0x7059abbb89a0>, '_data': {'accuracy': 0.9885877370834351, 'loss': 0.008777269162237644, 'total_samples': 2103, 'actual_attack': 1621, 'actual_normal': 482, 'predicted_attack': 1621, 'predicted_normal': 482, 'true_positives': 1609, 'true_negatives': 470, 'false_positives': 12, 'false_negatives': 12, 'precision': 0.9925971622455274, 'recall': 0.9925971622455274, 'f1_score': 0.9925971622455274}}
[DEBUG _get_metrics] res_item[1].keys(): ['accuracy', 'loss', 'total_samples', 'actual_attack', 'actual_normal', 'predicted_attack', 'predicted_normal', 'true_positives', 'true_negatives', 'false_positives', 'false_negatives', 'precision', 'recall', 'f1_score']
[DEBUG _get_metrics] Extracted from ConfigRecord._data
[DEBUG _get_metrics] res_item[1] type: ConfigRecord
[DEBUG _get_metrics] res_item[1] has metrics attr: False
[DEBUG _get_metrics] res_item[1].__dict__: {'_check_key_fn': <function _check_key at 0x7059b63c8900>, '_check_value_fn': <function _check_value at 0x7059abbb89a0>, '_data': {'accuracy': 0.9885877370834351, 'loss': 0.008777269162237644, 'total_samples': 2103, 'actual_attack': 1621, 'actual_normal': 482, 'predicted_attack': 1621, 'predicted_normal': 482, 'true_positives': 1609, 'true_negatives': 470, 'false_positives': 12, 'false_negatives': 12, 'precision': 0.9925971622455274, 'recall': 0.9925971622455274, 'f1_score': 0.9925971622455274}}
[DEBUG _get_metrics] res_item[1].keys(): ['accuracy', 'loss', 'total_samples', 'actual_attack', 'actual_normal', 'predicted_attack', 'predicted_normal', 'true_positives', 'true_negatives', 'false_positives', 'false_negatives', 'precision', 'recall', 'f1_score']
[DEBUG _get_metrics] Extracted from ConfigRecord._data
[DEBUG _get_metrics] res_item[1] type: ConfigRecord
[DEBUG _get_metrics] res_item[1] has metrics attr: False
[DEBUG _get_metrics] res_item[1].__dict__: {'_check_key_fn': <function _check_key at 0x7059b63c8900>, '_check_value_fn': <function _check_value at 0x7059abbb89a0>, '_data': {'accuracy': 0.988112211227417, 'loss': 0.010249403305351734, 'total_samples': 2103, 'actual_attack': 1621, 'actual_normal': 482, 'predicted_attack': 1610, 'predicted_normal': 493, 'true_positives': 1603, 'true_negatives': 475, 'false_positives': 7, 'false_negatives': 18, 'precision': 0.9956521739130435, 'recall': 0.9888957433682912, 'f1_score': 0.992262457443516}}
[DEBUG _get_metrics] res_item[1].keys(): ['accuracy', 'loss', 'total_samples', 'actual_attack', 'actual_normal', 'predicted_attack', 'predicted_normal', 'true_positives', 'true_negatives', 'false_positives', 'false_negatives', 'precision', 'recall', 'f1_score'][92mINFO [0m:      
[92mINFO [0m:      [ROUND 27]
[92mINFO [0m:      configure_fit: strategy sampled 4 clients (out of 4)
[92mINFO [0m:      aggregate_fit: received 4 results and 0 failures
[92mINFO [0m:      configure_evaluate: strategy sampled 4 clients (out of 4)
[92mINFO [0m:      aggregate_evaluate: received 4 results and 0 failures
[92mINFO [0m:      
[92mINFO [0m:      [ROUND 28]
[92mINFO [0m:      configure_fit: strategy sampled 4 clients (out of 4)
[92mINFO [0m:      aggregate_fit: received 4 results and 0 failures
[92mINFO [0m:      configure_evaluate: strategy sampled 4 clients (out of 4)
[92mINFO [0m:      aggregate_evaluate: received 4 results and 0 failures

[DEBUG _get_metrics] Extracted from ConfigRecord._data
[DEBUG] Extracted 4 metrics from results

[Evaluation Summary]
============================================================
Round: 26 / 100
Accuracy (mean):  0.9883  (98.83%)
Loss:             0.0095
[Per-Device Accuracy]
  - Device 0:  0.9881  (98.81%)
  - Device 1:  0.9886  (98.86%)
  - Device 2:  0.9886  (98.86%)
  - Device 3:  0.9881  (98.81%)

[Ground Truth]
  - Attack samples: 1621
  - Normal samples: 482
  - Total samples:  2103

[Predictions]
  - Predicted Attack:  1610
  - Predicted Normal:  493

[Confusion Matrix]
  - True Positives (TP):  1603
  - True Negatives (TN):  475
  - False Positives (FP): 7
  - False Negatives (FN): 18

[Metrics]
  - Precision:  0.9941  (99.41%)
  - Recall:     0.9907  (99.07%)
  - F1-Score:   0.9924  (99.24%)
============================================================

[DEBUG] evaluate_metrics_aggregation_fn called with 4 results
[DEBUG] results type: <class 'list'>
[DEBUG] First result type: <class 'tuple'>
[DEBUG] First result length: 2
[DEBUG] results[0][0] type: <class 'int'>
[DEBUG] results[0][1] type: <class 'flwr.app.message.configrecord.ConfigRecord'>
[DEBUG _get_metrics] res_item[1] type: ConfigRecord
[DEBUG _get_metrics] res_item[1] has metrics attr: False
[DEBUG _get_metrics] res_item[1].__dict__: {'_check_key_fn': <function _check_key at 0x7059b63c8900>, '_check_value_fn': <function _check_value at 0x7059abbb89a0>, '_data': {'accuracy': 0.9885877370834351, 'loss': 0.00865943729877472, 'total_samples': 2103, 'actual_attack': 1621, 'actual_normal': 482, 'predicted_attack': 1623, 'predicted_normal': 480, 'true_positives': 1610, 'true_negatives': 469, 'false_positives': 13, 'false_negatives': 11, 'precision': 0.9919901417128774, 'recall': 0.9932140653917335, 'f1_score': 0.9926017262638719}}
[DEBUG _get_metrics] res_item[1].keys(): ['accuracy', 'loss', 'total_samples', 'actual_attack', 'actual_normal', 'predicted_attack', 'predicted_normal', 'true_positives', 'true_negatives', 'false_positives', 'false_negatives', 'precision', 'recall', 'f1_score']
[DEBUG _get_metrics] Extracted from ConfigRecord._data
[DEBUG _get_metrics] res_item[1] type: ConfigRecord
[DEBUG _get_metrics] res_item[1] has metrics attr: False
[DEBUG _get_metrics] res_item[1].__dict__: {'_check_key_fn': <function _check_key at 0x7059b63c8900>, '_check_value_fn': <function _check_value at 0x7059abbb89a0>, '_data': {'accuracy': 0.988112211227417, 'loss': 0.01030019298195839, 'total_samples': 2103, 'actual_attack': 1621, 'actual_normal': 482, 'predicted_attack': 1610, 'predicted_normal': 493, 'true_positives': 1603, 'true_negatives': 475, 'false_positives': 7, 'false_negatives': 18, 'precision': 0.9956521739130435, 'recall': 0.9888957433682912, 'f1_score': 0.992262457443516}}
[DEBUG _get_metrics] res_item[1].keys(): ['accuracy', 'loss', 'total_samples', 'actual_attack', 'actual_normal', 'predicted_attack', 'predicted_normal', 'true_positives', 'true_negatives', 'false_positives', 'false_negatives', 'precision', 'recall', 'f1_score']
[DEBUG _get_metrics] Extracted from ConfigRecord._data
[DEBUG _get_metrics] res_item[1] type: ConfigRecord
[DEBUG _get_metrics] res_item[1] has metrics attr: False
[DEBUG _get_metrics] res_item[1].__dict__: {'_check_key_fn': <function _check_key at 0x7059b63c8900>, '_check_value_fn': <function _check_value at 0x7059abbb89a0>, '_data': {'accuracy': 0.988112211227417, 'loss': 0.01030019298195839, 'total_samples': 2103, 'actual_attack': 1621, 'actual_normal': 482, 'predicted_attack': 1610, 'predicted_normal': 493, 'true_positives': 1603, 'true_negatives': 475, 'false_positives': 7, 'false_negatives': 18, 'precision': 0.9956521739130435, 'recall': 0.9888957433682912, 'f1_score': 0.992262457443516}}
[DEBUG _get_metrics] res_item[1].keys(): ['accuracy', 'loss', 'total_samples', 'actual_attack', 'actual_normal', 'predicted_attack', 'predicted_normal', 'true_positives', 'true_negatives', 'false_positives', 'false_negatives', 'precision', 'recall', 'f1_score']
[DEBUG _get_metrics] Extracted from ConfigRecord._data
[DEBUG _get_metrics] res_item[1] type: ConfigRecord
[DEBUG _get_metrics] res_item[1] has metrics attr: False
[DEBUG _get_metrics] res_item[1].__dict__: {'_check_key_fn': <function _check_key at 0x7059b63c8900>, '_check_value_fn': <function _check_value at 0x7059abbb89a0>, '_data': {'accuracy': 0.9885877370834351, 'loss': 0.00865943729877472, 'total_samples': 2103, 'actual_attack': 1621, 'actual_normal': 482, 'predicted_attack': 1623, 'predicted_normal': 480, 'true_positives': 1610, 'true_negatives': 469, 'false_positives': 13, 'false_negatives': 11, 'precision': 0.9919901417128774, 'recall': 0.9932140653917335, 'f1_score': 0.9926017262638719}}
[DEBUG _get_metrics] res_item[1].keys(): ['accuracy', 'loss', 'total_samples', 'actual_attack', 'actual_normal', 'predicted_attack', 'predicted_normal', 'true_positives', 'true_negatives', 'false_positives', 'false_negatives', 'precision', 'recall', 'f1_score']
[DEBUG _get_metrics] Extracted from ConfigRecord._data
[DEBUG] Extracted 4 metrics from results

[Evaluation Summary]
============================================================
Round: 27 / 100
Accuracy (mean):  0.9883  (98.83%)
Loss:             0.0095
[Per-Device Accuracy]
  - Device 0:  0.9886  (98.86%)
  - Device 1:  0.9881  (98.81%)
  - Device 2:  0.9881  (98.81%)
  - Device 3:  0.9886  (98.86%)

[Ground Truth]
  - Attack samples: 1621
  - Normal samples: 482
  - Total samples:  2103

[Predictions]
  - Predicted Attack:  1623
  - Predicted Normal:  480

[Confusion Matrix]
  - True Positives (TP):  1610
  - True Negatives (TN):  469
  - False Positives (FP): 13
  - False Negatives (FN): 11

[Metrics]
  - Precision:  0.9938  (99.38%)
  - Recall:     0.9911  (99.11%)
  - F1-Score:   0.9924  (99.24%)
============================================================

[36m(ClientAppActor pid=745753)[0m [Client 2] Class weights (smoothed): {0: 1.0, 1: 1.0}[32m [repeated 16x across cluster][0m
[DEBUG] evaluate_metrics_aggregation_fn called with 4 results
[DEBUG] results type: <class 'list'>
[DEBUG] First result type: <class 'tuple'>
[DEBUG] First result length: 2
[DEBUG] results[0][0] type: <class 'int'>
[DEBUG] results[0][1] type: <class 'flwr.app.message.configrecord.ConfigRecord'>
[DEBUG _get_metrics] res_item[1] type: ConfigRecord
[DEBUG _get_metrics] res_item[1] has metrics attr: False
[DEBUG _get_metrics] res_item[1].__dict__: {'_check_key_fn': <function _check_key at 0x7059b63c8900>, '_check_value_fn': <function _check_value at 0x7059abbb89a0>, '_data': {'accuracy': 0.9890632629394531, 'loss': 0.010310822166502476, 'total_samples': 2103, 'actual_attack': 1621, 'actual_normal': 482, 'predicted_attack': 1612, 'predicted_normal': 491, 'true_positives': 1605, 'true_negatives': 475, 'false_positives': 7, 'false_negatives': 16, 'precision': 0.9956575682382134, 'recall': 0.9901295496607033, 'f1_score': 0.9928858645221157}}
[DEBUG _get_metrics] res_item[1].keys(): ['accuracy', 'loss', 'total_samples', 'actual_attack', 'actual_normal', 'predicted_attack', 'predicted_normal', 'true_positives', 'true_negatives', 'false_positives', 'false_negatives', 'precision', 'recall', 'f1_score']
[DEBUG _get_metrics] Extracted from ConfigRecord._data
[DEBUG _get_metrics] res_item[1] type: ConfigRecord
[DEBUG _get_metrics] res_item[1] has metrics attr: False
[DEBUG _get_metrics] res_item[1].__dict__: {'_check_key_fn': <function _check_key at 0x7059b63c8900>, '_check_value_fn': <function _check_value at 0x7059abbb89a0>, '_data': {'accuracy': 0.9890632629394531, 'loss': 0.010310822166502476, 'total_samples': 2103, 'actual_attack': 1621, 'actual_normal': 482, 'predicted_attack': 1612, 'predicted_normal': 491, 'true_positives': 1605, 'true_negatives': 475, 'false_positives': 7, 'false_negatives': 16, 'precision': 0.9956575682382134, 'recall': 0.9901295496607033, 'f1_score': 0.9928858645221157}}
[DEBUG _get_metrics] res_item[1].keys(): ['accuracy', 'loss', 'total_samples', 'actual_attack', 'actual_normal', 'predicted_attack', 'predicted_normal', 'true_positives', 'true_negatives', 'false_positives', 'false_negatives', 'precision', 'recall', 'f1_score']
[DEBUG _get_metrics] Extracted from ConfigRecord._data[92mINFO [0m:      
[92mINFO [0m:      [ROUND 29]
[92mINFO [0m:      configure_fit: strategy sampled 4 clients (out of 4)
[92mINFO [0m:      aggregate_fit: received 4 results and 0 failures
[92mINFO [0m:      configure_evaluate: strategy sampled 4 clients (out of 4)
[92mINFO [0m:      aggregate_evaluate: received 4 results and 0 failures
[92mINFO [0m:      
[92mINFO [0m:      [ROUND 30]
[92mINFO [0m:      configure_fit: strategy sampled 4 clients (out of 4)
[92mINFO [0m:      aggregate_fit: received 4 results and 0 failures
[92mINFO [0m:      configure_evaluate: strategy sampled 4 clients (out of 4)
[92mINFO [0m:      aggregate_evaluate: received 4 results and 0 failures

[DEBUG _get_metrics] res_item[1] type: ConfigRecord
[DEBUG _get_metrics] res_item[1] has metrics attr: False
[DEBUG _get_metrics] res_item[1].__dict__: {'_check_key_fn': <function _check_key at 0x7059b63c8900>, '_check_value_fn': <function _check_value at 0x7059abbb89a0>, '_data': {'accuracy': 0.9885877370834351, 'loss': 0.008646116591989994, 'total_samples': 2103, 'actual_attack': 1621, 'actual_normal': 482, 'predicted_attack': 1623, 'predicted_normal': 480, 'true_positives': 1610, 'true_negatives': 469, 'false_positives': 13, 'false_negatives': 11, 'precision': 0.9919901417128774, 'recall': 0.9932140653917335, 'f1_score': 0.9926017262638719}}
[DEBUG _get_metrics] res_item[1].keys(): ['accuracy', 'loss', 'total_samples', 'actual_attack', 'actual_normal', 'predicted_attack', 'predicted_normal', 'true_positives', 'true_negatives', 'false_positives', 'false_negatives', 'precision', 'recall', 'f1_score']
[DEBUG _get_metrics] Extracted from ConfigRecord._data
[DEBUG _get_metrics] res_item[1] type: ConfigRecord
[DEBUG _get_metrics] res_item[1] has metrics attr: False
[DEBUG _get_metrics] res_item[1].__dict__: {'_check_key_fn': <function _check_key at 0x7059b63c8900>, '_check_value_fn': <function _check_value at 0x7059abbb89a0>, '_data': {'accuracy': 0.9885877370834351, 'loss': 0.008646116591989994, 'total_samples': 2103, 'actual_attack': 1621, 'actual_normal': 482, 'predicted_attack': 1623, 'predicted_normal': 480, 'true_positives': 1610, 'true_negatives': 469, 'false_positives': 13, 'false_negatives': 11, 'precision': 0.9919901417128774, 'recall': 0.9932140653917335, 'f1_score': 0.9926017262638719}}
[DEBUG _get_metrics] res_item[1].keys(): ['accuracy', 'loss', 'total_samples', 'actual_attack', 'actual_normal', 'predicted_attack', 'predicted_normal', 'true_positives', 'true_negatives', 'false_positives', 'false_negatives', 'precision', 'recall', 'f1_score']
[DEBUG _get_metrics] Extracted from ConfigRecord._data
[DEBUG] Extracted 4 metrics from results

[Evaluation Summary]
============================================================
Round: 28 / 100
Accuracy (mean):  0.9888  (98.88%)
Loss:             0.0095
[Per-Device Accuracy]
  - Device 0:  0.9891  (98.91%)
  - Device 1:  0.9891  (98.91%)
  - Device 2:  0.9886  (98.86%)
  - Device 3:  0.9886  (98.86%)

[Ground Truth]
  - Attack samples: 1621
  - Normal samples: 482
  - Total samples:  2103

[Predictions]
  - Predicted Attack:  1612
  - Predicted Normal:  491

[Confusion Matrix]
  - True Positives (TP):  1605
  - True Negatives (TN):  475
  - False Positives (FP): 7
  - False Negatives (FN): 16

[Metrics]
  - Precision:  0.9938  (99.38%)
  - Recall:     0.9917  (99.17%)
  - F1-Score:   0.9927  (99.27%)
============================================================

[DEBUG] evaluate_metrics_aggregation_fn called with 4 results
[DEBUG] results type: <class 'list'>
[DEBUG] First result type: <class 'tuple'>
[DEBUG] First result length: 2
[DEBUG] results[0][0] type: <class 'int'>
[DEBUG] results[0][1] type: <class 'flwr.app.message.configrecord.ConfigRecord'>
[DEBUG _get_metrics] res_item[1] type: ConfigRecord
[DEBUG _get_metrics] res_item[1] has metrics attr: False
[DEBUG _get_metrics] res_item[1].__dict__: {'_check_key_fn': <function _check_key at 0x7059b63c8900>, '_check_value_fn': <function _check_value at 0x7059abbb89a0>, '_data': {'accuracy': 0.9890632629394531, 'loss': 0.008574867621064186, 'total_samples': 2103, 'actual_attack': 1621, 'actual_normal': 482, 'predicted_attack': 1624, 'predicted_normal': 479, 'true_positives': 1611, 'true_negatives': 469, 'false_positives': 13, 'false_negatives': 10, 'precision': 0.9919950738916257, 'recall': 0.9938309685379395, 'f1_score': 0.9929121725731896}}
[DEBUG _get_metrics] res_item[1].keys(): ['accuracy', 'loss', 'total_samples', 'actual_attack', 'actual_normal', 'predicted_attack', 'predicted_normal', 'true_positives', 'true_negatives', 'false_positives', 'false_negatives', 'precision', 'recall', 'f1_score']
[DEBUG _get_metrics] Extracted from ConfigRecord._data
[DEBUG _get_metrics] res_item[1] type: ConfigRecord
[DEBUG _get_metrics] res_item[1] has metrics attr: False
[DEBUG _get_metrics] res_item[1].__dict__: {'_check_key_fn': <function _check_key at 0x7059b63c8900>, '_check_value_fn': <function _check_value at 0x7059abbb89a0>, '_data': {'accuracy': 0.9890632629394531, 'loss': 0.008574867621064186, 'total_samples': 2103, 'actual_attack': 1621, 'actual_normal': 482, 'predicted_attack': 1624, 'predicted_normal': 479, 'true_positives': 1611, 'true_negatives': 469, 'false_positives': 13, 'false_negatives': 10, 'precision': 0.9919950738916257, 'recall': 0.9938309685379395, 'f1_score': 0.9929121725731896}}
[DEBUG _get_metrics] res_item[1].keys(): ['accuracy', 'loss', 'total_samples', 'actual_attack', 'actual_normal', 'predicted_attack', 'predicted_normal', 'true_positives', 'true_negatives', 'false_positives', 'false_negatives', 'precision', 'recall', 'f1_score']
[DEBUG _get_metrics] Extracted from ConfigRecord._data
[DEBUG _get_metrics] res_item[1] type: ConfigRecord
[DEBUG _get_metrics] res_item[1] has metrics attr: False
[DEBUG _get_metrics] res_item[1].__dict__: {'_check_key_fn': <function _check_key at 0x7059b63c8900>, '_check_value_fn': <function _check_value at 0x7059abbb89a0>, '_data': {'accuracy': 0.9890632629394531, 'loss': 0.010485194623470306, 'total_samples': 2103, 'actual_attack': 1621, 'actual_normal': 482, 'predicted_attack': 1612, 'predicted_normal': 491, 'true_positives': 1605, 'true_negatives': 475, 'false_positives': 7, 'false_negatives': 16, 'precision': 0.9956575682382134, 'recall': 0.9901295496607033, 'f1_score': 0.9928858645221157}}
[DEBUG _get_metrics] res_item[1].keys(): ['accuracy', 'loss', 'total_samples', 'actual_attack', 'actual_normal', 'predicted_attack', 'predicted_normal', 'true_positives', 'true_negatives', 'false_positives', 'false_negatives', 'precision', 'recall', 'f1_score']
[DEBUG _get_metrics] Extracted from ConfigRecord._data
[DEBUG _get_metrics] res_item[1] type: ConfigRecord
[DEBUG _get_metrics] res_item[1] has metrics attr: False
[DEBUG _get_metrics] res_item[1].__dict__: {'_check_key_fn': <function _check_key at 0x7059b63c8900>, '_check_value_fn': <function _check_value at 0x7059abbb89a0>, '_data': {'accuracy': 0.9890632629394531, 'loss': 0.010485194623470306, 'total_samples': 2103, 'actual_attack': 1621, 'actual_normal': 482, 'predicted_attack': 1612, 'predicted_normal': 491, 'true_positives': 1605, 'true_negatives': 475, 'false_positives': 7, 'false_negatives': 16, 'precision': 0.9956575682382134, 'recall': 0.9901295496607033, 'f1_score': 0.9928858645221157}}
[DEBUG _get_metrics] res_item[1].keys(): ['accuracy', 'loss', 'total_samples', 'actual_attack', 'actual_normal', 'predicted_attack', 'predicted_normal', 'true_positives', 'true_negatives', 'false_positives', 'false_negatives', 'precision', 'recall', 'f1_score']
[DEBUG _get_metrics] Extracted from ConfigRecord._data
[DEBUG] Extracted 4 metrics from results

[Evaluation Summary]
============================================================
Round: 29 / 100
Accuracy (mean):  0.9891  (98.91%)
Loss:             0.0095
[Per-Device Accuracy]
  - Device 0:  0.9891  (98.91%)
  - Device 1:  0.9891  (98.91%)
  - Device 2:  0.9891  (98.91%)
  - Device 3:  0.9891  (98.91%)

[Ground Truth]
  - Attack samples: 1621
  - Normal samples: 482
  - Total samples:  2103

[Predictions]
  - Predicted Attack:  1624
  - Predicted Normal:  479

[Confusion Matrix]
  - True Positives (TP):  1611
  - True Negatives (TN):  469
  - False Positives (FP): 13
  - False Negatives (FN): 10

[Metrics]
  - Precision:  0.9938  (99.38%)
  - Recall:     0.9920  (99.20%)
  - F1-Score:   0.9929  (99.29%)
============================================================

[Round 30] Client contributions:
  Client samples: 29,184 (weight: 0.2500)
  Client samples: 29,184 (weight: 0.2500)
  Client samples: 29,186 (weight: 0.2500)
  Client samples: 29,186 (weight: 0.2500)
[36m(ClientAppActor pid=745753)[0m [Client 2] Class weights (smoothed): {0: 1.0, 1: 1.0}[32m [repeated 16x across cluster][0m
[DEBUG] evaluate_metrics_aggregation_fn called with 4 results
[DEBUG] results type: <class 'list'>
[DEBUG] First result type: <class 'tuple'>[92mINFO [0m:      
[92mINFO [0m:      [ROUND 31]
[92mINFO [0m:      configure_fit: strategy sampled 4 clients (out of 4)
[92mINFO [0m:      aggregate_fit: received 4 results and 0 failures
[92mINFO [0m:      configure_evaluate: strategy sampled 4 clients (out of 4)
[92mINFO [0m:      aggregate_evaluate: received 4 results and 0 failures

[DEBUG] First result length: 2
[DEBUG] results[0][0] type: <class 'int'>
[DEBUG] results[0][1] type: <class 'flwr.app.message.configrecord.ConfigRecord'>
[DEBUG _get_metrics] res_item[1] type: ConfigRecord
[DEBUG _get_metrics] res_item[1] has metrics attr: False
[DEBUG _get_metrics] res_item[1].__dict__: {'_check_key_fn': <function _check_key at 0x7059b63c8900>, '_check_value_fn': <function _check_value at 0x7059abbb89a0>, '_data': {'accuracy': 0.9885877370834351, 'loss': 0.010400206781923771, 'total_samples': 2103, 'actual_attack': 1621, 'actual_normal': 482, 'predicted_attack': 1611, 'predicted_normal': 492, 'true_positives': 1604, 'true_negatives': 475, 'false_positives': 7, 'false_negatives': 17, 'precision': 0.9956548727498448, 'recall': 0.9895126465144972, 'f1_score': 0.9925742574257426}}
[DEBUG _get_metrics] res_item[1].keys(): ['accuracy', 'loss', 'total_samples', 'actual_attack', 'actual_normal', 'predicted_attack', 'predicted_normal', 'true_positives', 'true_negatives', 'false_positives', 'false_negatives', 'precision', 'recall', 'f1_score']
[DEBUG _get_metrics] Extracted from ConfigRecord._data
[DEBUG _get_metrics] res_item[1] type: ConfigRecord
[DEBUG _get_metrics] res_item[1] has metrics attr: False
[DEBUG _get_metrics] res_item[1].__dict__: {'_check_key_fn': <function _check_key at 0x7059b63c8900>, '_check_value_fn': <function _check_value at 0x7059abbb89a0>, '_data': {'accuracy': 0.9885877370834351, 'loss': 0.010400206781923771, 'total_samples': 2103, 'actual_attack': 1621, 'actual_normal': 482, 'predicted_attack': 1611, 'predicted_normal': 492, 'true_positives': 1604, 'true_negatives': 475, 'false_positives': 7, 'false_negatives': 17, 'precision': 0.9956548727498448, 'recall': 0.9895126465144972, 'f1_score': 0.9925742574257426}}
[DEBUG _get_metrics] res_item[1].keys(): ['accuracy', 'loss', 'total_samples', 'actual_attack', 'actual_normal', 'predicted_attack', 'predicted_normal', 'true_positives', 'true_negatives', 'false_positives', 'false_negatives', 'precision', 'recall', 'f1_score']
[DEBUG _get_metrics] Extracted from ConfigRecord._data
[DEBUG _get_metrics] res_item[1] type: ConfigRecord
[DEBUG _get_metrics] res_item[1] has metrics attr: False
[DEBUG _get_metrics] res_item[1].__dict__: {'_check_key_fn': <function _check_key at 0x7059b63c8900>, '_check_value_fn': <function _check_value at 0x7059abbb89a0>, '_data': {'accuracy': 0.9890632629394531, 'loss': 0.00854163896292448, 'total_samples': 2103, 'actual_attack': 1621, 'actual_normal': 482, 'predicted_attack': 1624, 'predicted_normal': 479, 'true_positives': 1611, 'true_negatives': 469, 'false_positives': 13, 'false_negatives': 10, 'precision': 0.9919950738916257, 'recall': 0.9938309685379395, 'f1_score': 0.9929121725731896}}
[DEBUG _get_metrics] res_item[1].keys(): ['accuracy', 'loss', 'total_samples', 'actual_attack', 'actual_normal', 'predicted_attack', 'predicted_normal', 'true_positives', 'true_negatives', 'false_positives', 'false_negatives', 'precision', 'recall', 'f1_score']
[DEBUG _get_metrics] Extracted from ConfigRecord._data
[DEBUG _get_metrics] res_item[1] type: ConfigRecord
[DEBUG _get_metrics] res_item[1] has metrics attr: False
[DEBUG _get_metrics] res_item[1].__dict__: {'_check_key_fn': <function _check_key at 0x7059b63c8900>, '_check_value_fn': <function _check_value at 0x7059abbb89a0>, '_data': {'accuracy': 0.9890632629394531, 'loss': 0.00854163896292448, 'total_samples': 2103, 'actual_attack': 1621, 'actual_normal': 482, 'predicted_attack': 1624, 'predicted_normal': 479, 'true_positives': 1611, 'true_negatives': 469, 'false_positives': 13, 'false_negatives': 10, 'precision': 0.9919950738916257, 'recall': 0.9938309685379395, 'f1_score': 0.9929121725731896}}
[DEBUG _get_metrics] res_item[1].keys(): ['accuracy', 'loss', 'total_samples', 'actual_attack', 'actual_normal', 'predicted_attack', 'predicted_normal', 'true_positives', 'true_negatives', 'false_positives', 'false_negatives', 'precision', 'recall', 'f1_score']
[DEBUG _get_metrics] Extracted from ConfigRecord._data
[DEBUG] Extracted 4 metrics from results

[Evaluation Summary]
============================================================
Round: 30 / 100
Accuracy (mean):  0.9888  (98.88%)
Loss:             0.0095
[Per-Device Accuracy]
  - Device 0:  0.9886  (98.86%)
  - Device 1:  0.9886  (98.86%)
  - Device 2:  0.9891  (98.91%)
  - Device 3:  0.9891  (98.91%)

[Ground Truth]
  - Attack samples: 1621
  - Normal samples: 482
  - Total samples:  2103

[Predictions]
  - Predicted Attack:  1611
  - Predicted Normal:  492

[Confusion Matrix]
  - True Positives (TP):  1604
  - True Negatives (TN):  475
  - False Positives (FP): 7
  - False Negatives (FN): 17

[Metrics]
  - Precision:  0.9938  (99.38%)
  - Recall:     0.9917  (99.17%)
  - F1-Score:   0.9927  (99.27%)
============================================================

[DEBUG] evaluate_metrics_aggregation_fn called with 4 results
[DEBUG] results type: <class 'list'>
[DEBUG] First result type: <class 'tuple'>
[DEBUG] First result length: 2
[DEBUG] results[0][0] type: <class 'int'>
[DEBUG] results[0][1] type: <class 'flwr.app.message.configrecord.ConfigRecord'>
[DEBUG _get_metrics] res_item[1] type: ConfigRecord
[DEBUG _get_metrics] res_item[1] has metrics attr: False
[DEBUG _get_metrics] res_item[1].__dict__: {'_check_key_fn': <function _check_key at 0x7059b63c8900>, '_check_value_fn': <function _check_value at 0x7059abbb89a0>, '_data': {'accuracy': 0.9885877370834351, 'loss': 0.010431450791656971, 'total_samples': 2103, 'actual_attack': 1621, 'actual_normal': 482, 'predicted_attack': 1611, 'predicted_normal': 492, 'true_positives': 1604, 'true_negatives': 475, 'false_positives': 7, 'false_negatives': 17, 'precision': 0.9956548727498448, 'recall': 0.9895126465144972, 'f1_score': 0.9925742574257426}}
[DEBUG _get_metrics] res_item[1].keys(): ['accuracy', 'loss', 'total_samples', 'actual_attack', 'actual_normal', 'predicted_attack', 'predicted_normal', 'true_positives', 'true_negatives', 'false_positives', 'false_negatives', 'precision', 'recall', 'f1_score']
[DEBUG _get_metrics] Extracted from ConfigRecord._data
[DEBUG _get_metrics] res_item[1] type: ConfigRecord
[DEBUG _get_metrics] res_item[1] has metrics attr: False
[DEBUG _get_metrics] res_item[1].__dict__: {'_check_key_fn': <function _check_key at 0x7059b63c8900>, '_check_value_fn': <function _check_value at 0x7059abbb89a0>, '_data': {'accuracy': 0.9900142550468445, 'loss': 0.008582480251789093, 'total_samples': 2103, 'actual_attack': 1621, 'actual_normal': 482, 'predicted_attack': 1624, 'predicted_normal': 479, 'true_positives': 1612, 'true_negatives': 470, 'false_positives': 12, 'false_negatives': 9, 'precision': 0.9926108374384236, 'recall': 0.9944478716841456, 'f1_score': 0.993528505392912}}
[DEBUG _get_metrics] res_item[1].keys(): ['accuracy', 'loss', 'total_samples', 'actual_attack', 'actual_normal', 'predicted_attack', 'predicted_normal', 'true_positives', 'true_negatives', 'false_positives', 'false_negatives', 'precision', 'recall', 'f1_score']
[DEBUG _get_metrics] Extracted from ConfigRecord._data
[DEBUG _get_metrics] res_item[1] type: ConfigRecord
[DEBUG _get_metrics] res_item[1] has metrics attr: False
[DEBUG _get_metrics] res_item[1].__dict__: {'_check_key_fn': <function _check_key at 0x7059b63c8900>, '_check_value_fn': <function _check_value at 0x7059abbb89a0>, '_data': {'accuracy': 0.9885877370834351, 'loss': 0.010431450791656971, 'total_samples': 2103, 'actual_attack': 1621, 'actual_normal': 482, 'predicted_attack': 1611, 'predicted_normal': 492, 'true_positives': 1604, 'true_negatives': 475, 'false_positives': 7, 'false_negatives': 17, 'precision': 0.9956548727498448, 'recall': 0.9895126465144972, 'f1_score': 0.9925742574257426}}
[DEBUG _get_metrics] res_item[1].keys(): ['accuracy', 'loss', 'total_samples', 'actual_attack', 'actual_normal', 'predicted_attack', 'predicted_normal', 'true_positives', 'true_negatives', 'false_positives', 'false_negatives', 'precision', 'recall', 'f1_score']
[DEBUG _get_metrics] Extracted from ConfigRecord._data
[DEBUG _get_metrics] res_item[1] type: ConfigRecord
[DEBUG _get_metrics] res_item[1] has metrics attr: False
[DEBUG _get_metrics] res_item[1].__dict__: {'_check_key_fn': <function _check_key at 0x7059b63c8900>, '_check_value_fn': <function _check_value at 0x7059abbb89a0>, '_data': {'accuracy': 0.9900142550468445, 'loss': 0.008582480251789093, 'total_samples': 2103, 'actual_attack': 1621, 'actual_normal': 482, 'predicted_attack': 1624, 'predicted_normal': 479, 'true_positives': 1612, 'true_negatives': 470, 'false_positives': 12, 'false_negatives': 9, 'precision': 0.9926108374384236, 'recall': 0.9944478716841456, 'f1_score': 0.993528505392912}}[92mINFO [0m:      
[92mINFO [0m:      [ROUND 32]
[92mINFO [0m:      configure_fit: strategy sampled 4 clients (out of 4)
[92mINFO [0m:      aggregate_fit: received 4 results and 0 failures
[92mINFO [0m:      configure_evaluate: strategy sampled 4 clients (out of 4)
[92mINFO [0m:      aggregate_evaluate: received 4 results and 0 failures
[92mINFO [0m:      
[92mINFO [0m:      [ROUND 33]
[92mINFO [0m:      configure_fit: strategy sampled 4 clients (out of 4)
[92mINFO [0m:      aggregate_fit: received 4 results and 0 failures
[92mINFO [0m:      configure_evaluate: strategy sampled 4 clients (out of 4)
[92mINFO [0m:      aggregate_evaluate: received 4 results and 0 failures

[DEBUG _get_metrics] res_item[1].keys(): ['accuracy', 'loss', 'total_samples', 'actual_attack', 'actual_normal', 'predicted_attack', 'predicted_normal', 'true_positives', 'true_negatives', 'false_positives', 'false_negatives', 'precision', 'recall', 'f1_score']
[DEBUG _get_metrics] Extracted from ConfigRecord._data
[DEBUG] Extracted 4 metrics from results

[Evaluation Summary]
============================================================
Round: 31 / 100
Accuracy (mean):  0.9893  (98.93%)
Loss:             0.0095
[Per-Device Accuracy]
  - Device 0:  0.9886  (98.86%)
  - Device 1:  0.9900  (99.00%)
  - Device 2:  0.9886  (98.86%)
  - Device 3:  0.9900  (99.00%)

[Ground Truth]
  - Attack samples: 1621
  - Normal samples: 482
  - Total samples:  2103

[Predictions]
  - Predicted Attack:  1611
  - Predicted Normal:  492

[Confusion Matrix]
  - True Positives (TP):  1604
  - True Negatives (TN):  475
  - False Positives (FP): 7
  - False Negatives (FN): 17

[Metrics]
  - Precision:  0.9941  (99.41%)
  - Recall:     0.9920  (99.20%)
  - F1-Score:   0.9931  (99.31%)
============================================================

[36m(ClientAppActor pid=745753)[0m [Client 2] Class weights (smoothed): {0: 1.0, 1: 1.0}[32m [repeated 16x across cluster][0m
[DEBUG] evaluate_metrics_aggregation_fn called with 4 results
[DEBUG] results type: <class 'list'>
[DEBUG] First result type: <class 'tuple'>
[DEBUG] First result length: 2
[DEBUG] results[0][0] type: <class 'int'>
[DEBUG] results[0][1] type: <class 'flwr.app.message.configrecord.ConfigRecord'>
[DEBUG _get_metrics] res_item[1] type: ConfigRecord
[DEBUG _get_metrics] res_item[1] has metrics attr: False
[DEBUG _get_metrics] res_item[1].__dict__: {'_check_key_fn': <function _check_key at 0x7059b63c8900>, '_check_value_fn': <function _check_value at 0x7059abbb89a0>, '_data': {'accuracy': 0.9895387291908264, 'loss': 0.008743392303586006, 'total_samples': 2103, 'actual_attack': 1621, 'actual_normal': 482, 'predicted_attack': 1623, 'predicted_normal': 480, 'true_positives': 1611, 'true_negatives': 470, 'false_positives': 12, 'false_negatives': 10, 'precision': 0.9926062846580407, 'recall': 0.9938309685379395, 'f1_score': 0.9932182490752157}}
[DEBUG _get_metrics] res_item[1].keys(): ['accuracy', 'loss', 'total_samples', 'actual_attack', 'actual_normal', 'predicted_attack', 'predicted_normal', 'true_positives', 'true_negatives', 'false_positives', 'false_negatives', 'precision', 'recall', 'f1_score']
[DEBUG _get_metrics] Extracted from ConfigRecord._data
[DEBUG _get_metrics] res_item[1] type: ConfigRecord
[DEBUG _get_metrics] res_item[1] has metrics attr: False
[DEBUG _get_metrics] res_item[1].__dict__: {'_check_key_fn': <function _check_key at 0x7059b63c8900>, '_check_value_fn': <function _check_value at 0x7059abbb89a0>, '_data': {'accuracy': 0.9895387291908264, 'loss': 0.008743392303586006, 'total_samples': 2103, 'actual_attack': 1621, 'actual_normal': 482, 'predicted_attack': 1623, 'predicted_normal': 480, 'true_positives': 1611, 'true_negatives': 470, 'false_positives': 12, 'false_negatives': 10, 'precision': 0.9926062846580407, 'recall': 0.9938309685379395, 'f1_score': 0.9932182490752157}}
[DEBUG _get_metrics] res_item[1].keys(): ['accuracy', 'loss', 'total_samples', 'actual_attack', 'actual_normal', 'predicted_attack', 'predicted_normal', 'true_positives', 'true_negatives', 'false_positives', 'false_negatives', 'precision', 'recall', 'f1_score']
[DEBUG _get_metrics] Extracted from ConfigRecord._data
[DEBUG _get_metrics] res_item[1] type: ConfigRecord
[DEBUG _get_metrics] res_item[1] has metrics attr: False
[DEBUG _get_metrics] res_item[1].__dict__: {'_check_key_fn': <function _check_key at 0x7059b63c8900>, '_check_value_fn': <function _check_value at 0x7059abbb89a0>, '_data': {'accuracy': 0.9895387291908264, 'loss': 0.010511040687561035, 'total_samples': 2103, 'actual_attack': 1621, 'actual_normal': 482, 'predicted_attack': 1613, 'predicted_normal': 490, 'true_positives': 1606, 'true_negatives': 475, 'false_positives': 7, 'false_negatives': 15, 'precision': 0.9956602603843769, 'recall': 0.9907464528069093, 'f1_score': 0.9931972789115646}}
[DEBUG _get_metrics] res_item[1].keys(): ['accuracy', 'loss', 'total_samples', 'actual_attack', 'actual_normal', 'predicted_attack', 'predicted_normal', 'true_positives', 'true_negatives', 'false_positives', 'false_negatives', 'precision', 'recall', 'f1_score']
[DEBUG _get_metrics] Extracted from ConfigRecord._data
[DEBUG _get_metrics] res_item[1] type: ConfigRecord
[DEBUG _get_metrics] res_item[1] has metrics attr: False
[DEBUG _get_metrics] res_item[1].__dict__: {'_check_key_fn': <function _check_key at 0x7059b63c8900>, '_check_value_fn': <function _check_value at 0x7059abbb89a0>, '_data': {'accuracy': 0.9895387291908264, 'loss': 0.010511040687561035, 'total_samples': 2103, 'actual_attack': 1621, 'actual_normal': 482, 'predicted_attack': 1613, 'predicted_normal': 490, 'true_positives': 1606, 'true_negatives': 475, 'false_positives': 7, 'false_negatives': 15, 'precision': 0.9956602603843769, 'recall': 0.9907464528069093, 'f1_score': 0.9931972789115646}}
[DEBUG _get_metrics] res_item[1].keys(): ['accuracy', 'loss', 'total_samples', 'actual_attack', 'actual_normal', 'predicted_attack', 'predicted_normal', 'true_positives', 'true_negatives', 'false_positives', 'false_negatives', 'precision', 'recall', 'f1_score']
[DEBUG _get_metrics] Extracted from ConfigRecord._data
[DEBUG] Extracted 4 metrics from results

[Evaluation Summary]
============================================================
Round: 32 / 100
Accuracy (mean):  0.9895  (98.95%)
Loss:             0.0096
[Per-Device Accuracy]
  - Device 0:  0.9895  (98.95%)
  - Device 1:  0.9895  (98.95%)
  - Device 2:  0.9895  (98.95%)
  - Device 3:  0.9895  (98.95%)

[Ground Truth]
  - Attack samples: 1621
  - Normal samples: 482
  - Total samples:  2103

[Predictions]
  - Predicted Attack:  1623
  - Predicted Normal:  480

[Confusion Matrix]
  - True Positives (TP):  1611
  - True Negatives (TN):  470
  - False Positives (FP): 12
  - False Negatives (FN): 10

[Metrics]
  - Precision:  0.9941  (99.41%)
  - Recall:     0.9923  (99.23%)
  - F1-Score:   0.9932  (99.32%)
============================================================

[DEBUG] evaluate_metrics_aggregation_fn called with 4 results
[DEBUG] results type: <class 'list'>
[DEBUG] First result type: <class 'tuple'>
[DEBUG] First result length: 2
[DEBUG] results[0][0] type: <class 'int'>
[DEBUG] results[0][1] type: <class 'flwr.app.message.configrecord.ConfigRecord'>
[DEBUG _get_metrics] res_item[1] type: ConfigRecord
[DEBUG _get_metrics] res_item[1] has metrics attr: False
[DEBUG _get_metrics] res_item[1].__dict__: {'_check_key_fn': <function _check_key at 0x7059b63c8900>, '_check_value_fn': <function _check_value at 0x7059abbb89a0>, '_data': {'accuracy': 0.9895387291908264, 'loss': 0.010359645821154118, 'total_samples': 2103, 'actual_attack': 1621, 'actual_normal': 482, 'predicted_attack': 1613, 'predicted_normal': 490, 'true_positives': 1606, 'true_negatives': 475, 'false_positives': 7, 'false_negatives': 15, 'precision': 0.9956602603843769, 'recall': 0.9907464528069093, 'f1_score': 0.9931972789115646}}
[DEBUG _get_metrics] res_item[1].keys(): ['accuracy', 'loss', 'total_samples', 'actual_attack', 'actual_normal', 'predicted_attack', 'predicted_normal', 'true_positives', 'true_negatives', 'false_positives', 'false_negatives', 'precision', 'recall', 'f1_score']
[DEBUG _get_metrics] Extracted from ConfigRecord._data
[DEBUG _get_metrics] res_item[1] type: ConfigRecord
[DEBUG _get_metrics] res_item[1] has metrics attr: False
[DEBUG _get_metrics] res_item[1].__dict__: {'_check_key_fn': <function _check_key at 0x7059b63c8900>, '_check_value_fn': <function _check_value at 0x7059abbb89a0>, '_data': {'accuracy': 0.9895387291908264, 'loss': 0.008812363259494305, 'total_samples': 2103, 'actual_attack': 1621, 'actual_normal': 482, 'predicted_attack': 1623, 'predicted_normal': 480, 'true_positives': 1611, 'true_negatives': 470, 'false_positives': 12, 'false_negatives': 10, 'precision': 0.9926062846580407, 'recall': 0.9938309685379395, 'f1_score': 0.9932182490752157}}
[DEBUG _get_metrics] res_item[1].keys(): ['accuracy', 'loss', 'total_samples', 'actual_attack', 'actual_normal', 'predicted_attack', 'predicted_normal', 'true_positives', 'true_negatives', 'false_positives', 'false_negatives', 'precision', 'recall', 'f1_score'][92mINFO [0m:      
[92mINFO [0m:      [ROUND 34]
[92mINFO [0m:      configure_fit: strategy sampled 4 clients (out of 4)
[92mINFO [0m:      aggregate_fit: received 4 results and 0 failures
[92mINFO [0m:      configure_evaluate: strategy sampled 4 clients (out of 4)
[92mINFO [0m:      aggregate_evaluate: received 4 results and 0 failures
[92mINFO [0m:      
[92mINFO [0m:      [ROUND 35]
[92mINFO [0m:      configure_fit: strategy sampled 4 clients (out of 4)
[92mINFO [0m:      aggregate_fit: received 4 results and 0 failures
[92mINFO [0m:      configure_evaluate: strategy sampled 4 clients (out of 4)
[92mINFO [0m:      aggregate_evaluate: received 4 results and 0 failures

[DEBUG _get_metrics] Extracted from ConfigRecord._data
[DEBUG _get_metrics] res_item[1] type: ConfigRecord
[DEBUG _get_metrics] res_item[1] has metrics attr: False
[DEBUG _get_metrics] res_item[1].__dict__: {'_check_key_fn': <function _check_key at 0x7059b63c8900>, '_check_value_fn': <function _check_value at 0x7059abbb89a0>, '_data': {'accuracy': 0.9895387291908264, 'loss': 0.010359645821154118, 'total_samples': 2103, 'actual_attack': 1621, 'actual_normal': 482, 'predicted_attack': 1613, 'predicted_normal': 490, 'true_positives': 1606, 'true_negatives': 475, 'false_positives': 7, 'false_negatives': 15, 'precision': 0.9956602603843769, 'recall': 0.9907464528069093, 'f1_score': 0.9931972789115646}}
[DEBUG _get_metrics] res_item[1].keys(): ['accuracy', 'loss', 'total_samples', 'actual_attack', 'actual_normal', 'predicted_attack', 'predicted_normal', 'true_positives', 'true_negatives', 'false_positives', 'false_negatives', 'precision', 'recall', 'f1_score']
[DEBUG _get_metrics] Extracted from ConfigRecord._data
[DEBUG _get_metrics] res_item[1] type: ConfigRecord
[DEBUG _get_metrics] res_item[1] has metrics attr: False
[DEBUG _get_metrics] res_item[1].__dict__: {'_check_key_fn': <function _check_key at 0x7059b63c8900>, '_check_value_fn': <function _check_value at 0x7059abbb89a0>, '_data': {'accuracy': 0.9895387291908264, 'loss': 0.008812363259494305, 'total_samples': 2103, 'actual_attack': 1621, 'actual_normal': 482, 'predicted_attack': 1623, 'predicted_normal': 480, 'true_positives': 1611, 'true_negatives': 470, 'false_positives': 12, 'false_negatives': 10, 'precision': 0.9926062846580407, 'recall': 0.9938309685379395, 'f1_score': 0.9932182490752157}}
[DEBUG _get_metrics] res_item[1].keys(): ['accuracy', 'loss', 'total_samples', 'actual_attack', 'actual_normal', 'predicted_attack', 'predicted_normal', 'true_positives', 'true_negatives', 'false_positives', 'false_negatives', 'precision', 'recall', 'f1_score']
[DEBUG _get_metrics] Extracted from ConfigRecord._data
[DEBUG] Extracted 4 metrics from results

[Evaluation Summary]
============================================================
Round: 33 / 100
Accuracy (mean):  0.9895  (98.95%)
Loss:             0.0096
[Per-Device Accuracy]
  - Device 0:  0.9895  (98.95%)
  - Device 1:  0.9895  (98.95%)
  - Device 2:  0.9895  (98.95%)
  - Device 3:  0.9895  (98.95%)

[Ground Truth]
  - Attack samples: 1621
  - Normal samples: 482
  - Total samples:  2103

[Predictions]
  - Predicted Attack:  1613
  - Predicted Normal:  490

[Confusion Matrix]
  - True Positives (TP):  1606
  - True Negatives (TN):  475
  - False Positives (FP): 7
  - False Negatives (FN): 15

[Metrics]
  - Precision:  0.9941  (99.41%)
  - Recall:     0.9923  (99.23%)
  - F1-Score:   0.9932  (99.32%)
============================================================

[36m(ClientAppActor pid=745753)[0m [Client 2] Class weights (smoothed): {0: 1.0, 1: 1.0}[32m [repeated 16x across cluster][0m
[DEBUG] evaluate_metrics_aggregation_fn called with 4 results
[DEBUG] results type: <class 'list'>
[DEBUG] First result type: <class 'tuple'>
[DEBUG] First result length: 2
[DEBUG] results[0][0] type: <class 'int'>
[DEBUG] results[0][1] type: <class 'flwr.app.message.configrecord.ConfigRecord'>
[DEBUG _get_metrics] res_item[1] type: ConfigRecord
[DEBUG _get_metrics] res_item[1] has metrics attr: False
[DEBUG _get_metrics] res_item[1].__dict__: {'_check_key_fn': <function _check_key at 0x7059b63c8900>, '_check_value_fn': <function _check_value at 0x7059abbb89a0>, '_data': {'accuracy': 0.9895387291908264, 'loss': 0.010296385735273361, 'total_samples': 2103, 'actual_attack': 1621, 'actual_normal': 482, 'predicted_attack': 1613, 'predicted_normal': 490, 'true_positives': 1606, 'true_negatives': 475, 'false_positives': 7, 'false_negatives': 15, 'precision': 0.9956602603843769, 'recall': 0.9907464528069093, 'f1_score': 0.9931972789115646}}
[DEBUG _get_metrics] res_item[1].keys(): ['accuracy', 'loss', 'total_samples', 'actual_attack', 'actual_normal', 'predicted_attack', 'predicted_normal', 'true_positives', 'true_negatives', 'false_positives', 'false_negatives', 'precision', 'recall', 'f1_score']
[DEBUG _get_metrics] Extracted from ConfigRecord._data
[DEBUG _get_metrics] res_item[1] type: ConfigRecord
[DEBUG _get_metrics] res_item[1] has metrics attr: False
[DEBUG _get_metrics] res_item[1].__dict__: {'_check_key_fn': <function _check_key at 0x7059b63c8900>, '_check_value_fn': <function _check_value at 0x7059abbb89a0>, '_data': {'accuracy': 0.9885877370834351, 'loss': 0.00900969747453928, 'total_samples': 2103, 'actual_attack': 1621, 'actual_normal': 482, 'predicted_attack': 1621, 'predicted_normal': 482, 'true_positives': 1609, 'true_negatives': 470, 'false_positives': 12, 'false_negatives': 12, 'precision': 0.9925971622455274, 'recall': 0.9925971622455274, 'f1_score': 0.9925971622455274}}
[DEBUG _get_metrics] res_item[1].keys(): ['accuracy', 'loss', 'total_samples', 'actual_attack', 'actual_normal', 'predicted_attack', 'predicted_normal', 'true_positives', 'true_negatives', 'false_positives', 'false_negatives', 'precision', 'recall', 'f1_score']
[DEBUG _get_metrics] Extracted from ConfigRecord._data
[DEBUG _get_metrics] res_item[1] type: ConfigRecord
[DEBUG _get_metrics] res_item[1] has metrics attr: False
[DEBUG _get_metrics] res_item[1].__dict__: {'_check_key_fn': <function _check_key at 0x7059b63c8900>, '_check_value_fn': <function _check_value at 0x7059abbb89a0>, '_data': {'accuracy': 0.9895387291908264, 'loss': 0.010296385735273361, 'total_samples': 2103, 'actual_attack': 1621, 'actual_normal': 482, 'predicted_attack': 1613, 'predicted_normal': 490, 'true_positives': 1606, 'true_negatives': 475, 'false_positives': 7, 'false_negatives': 15, 'precision': 0.9956602603843769, 'recall': 0.9907464528069093, 'f1_score': 0.9931972789115646}}
[DEBUG _get_metrics] res_item[1].keys(): ['accuracy', 'loss', 'total_samples', 'actual_attack', 'actual_normal', 'predicted_attack', 'predicted_normal', 'true_positives', 'true_negatives', 'false_positives', 'false_negatives', 'precision', 'recall', 'f1_score']
[DEBUG _get_metrics] Extracted from ConfigRecord._data
[DEBUG _get_metrics] res_item[1] type: ConfigRecord
[DEBUG _get_metrics] res_item[1] has metrics attr: False
[DEBUG _get_metrics] res_item[1].__dict__: {'_check_key_fn': <function _check_key at 0x7059b63c8900>, '_check_value_fn': <function _check_value at 0x7059abbb89a0>, '_data': {'accuracy': 0.9885877370834351, 'loss': 0.00900969747453928, 'total_samples': 2103, 'actual_attack': 1621, 'actual_normal': 482, 'predicted_attack': 1621, 'predicted_normal': 482, 'true_positives': 1609, 'true_negatives': 470, 'false_positives': 12, 'false_negatives': 12, 'precision': 0.9925971622455274, 'recall': 0.9925971622455274, 'f1_score': 0.9925971622455274}}
[DEBUG _get_metrics] res_item[1].keys(): ['accuracy', 'loss', 'total_samples', 'actual_attack', 'actual_normal', 'predicted_attack', 'predicted_normal', 'true_positives', 'true_negatives', 'false_positives', 'false_negatives', 'precision', 'recall', 'f1_score']
[DEBUG _get_metrics] Extracted from ConfigRecord._data
[DEBUG] Extracted 4 metrics from results

[Evaluation Summary]
============================================================
Round: 34 / 100
Accuracy (mean):  0.9891  (98.91%)
Loss:             0.0097
[Per-Device Accuracy]
  - Device 0:  0.9895  (98.95%)
  - Device 1:  0.9886  (98.86%)
  - Device 2:  0.9895  (98.95%)
  - Device 3:  0.9886  (98.86%)

[Ground Truth]
  - Attack samples: 1621
  - Normal samples: 482
  - Total samples:  2103

[Predictions]
  - Predicted Attack:  1613
  - Predicted Normal:  490

[Confusion Matrix]
  - True Positives (TP):  1606
  - True Negatives (TN):  475
  - False Positives (FP): 7
  - False Negatives (FN): 15

[Metrics]
  - Precision:  0.9941  (99.41%)
  - Recall:     0.9917  (99.17%)
  - F1-Score:   0.9929  (99.29%)
============================================================

[Round 35] Client contributions:
  Client samples: 29,186 (weight: 0.2500)
  Client samples: 29,184 (weight: 0.2500)
  Client samples: 29,186 (weight: 0.2500)
  Client samples: 29,184 (weight: 0.2500)
[DEBUG] evaluate_metrics_aggregation_fn called with 4 results[92mINFO [0m:      
[92mINFO [0m:      [ROUND 36]
[92mINFO [0m:      configure_fit: strategy sampled 4 clients (out of 4)
[92mINFO [0m:      aggregate_fit: received 4 results and 0 failures
[92mINFO [0m:      configure_evaluate: strategy sampled 4 clients (out of 4)
[92mINFO [0m:      aggregate_evaluate: received 4 results and 0 failures

[DEBUG] results type: <class 'list'>
[DEBUG] First result type: <class 'tuple'>
[DEBUG] First result length: 2
[DEBUG] results[0][0] type: <class 'int'>
[DEBUG] results[0][1] type: <class 'flwr.app.message.configrecord.ConfigRecord'>
[DEBUG _get_metrics] res_item[1] type: ConfigRecord
[DEBUG _get_metrics] res_item[1] has metrics attr: False
[DEBUG _get_metrics] res_item[1].__dict__: {'_check_key_fn': <function _check_key at 0x7059b63c8900>, '_check_value_fn': <function _check_value at 0x7059abbb89a0>, '_data': {'accuracy': 0.9890632629394531, 'loss': 0.01029616966843605, 'total_samples': 2103, 'actual_attack': 1621, 'actual_normal': 482, 'predicted_attack': 1612, 'predicted_normal': 491, 'true_positives': 1605, 'true_negatives': 475, 'false_positives': 7, 'false_negatives': 16, 'precision': 0.9956575682382134, 'recall': 0.9901295496607033, 'f1_score': 0.9928858645221157}}
[DEBUG _get_metrics] res_item[1].keys(): ['accuracy', 'loss', 'total_samples', 'actual_attack', 'actual_normal', 'predicted_attack', 'predicted_normal', 'true_positives', 'true_negatives', 'false_positives', 'false_negatives', 'precision', 'recall', 'f1_score']
[DEBUG _get_metrics] Extracted from ConfigRecord._data
[DEBUG _get_metrics] res_item[1] type: ConfigRecord
[DEBUG _get_metrics] res_item[1] has metrics attr: False
[DEBUG _get_metrics] res_item[1].__dict__: {'_check_key_fn': <function _check_key at 0x7059b63c8900>, '_check_value_fn': <function _check_value at 0x7059abbb89a0>, '_data': {'accuracy': 0.988112211227417, 'loss': 0.009168476797640324, 'total_samples': 2103, 'actual_attack': 1621, 'actual_normal': 482, 'predicted_attack': 1620, 'predicted_normal': 483, 'true_positives': 1608, 'true_negatives': 470, 'false_positives': 12, 'false_negatives': 13, 'precision': 0.9925925925925926, 'recall': 0.9919802590993214, 'f1_score': 0.9922863313792041}}
[DEBUG _get_metrics] res_item[1].keys(): ['accuracy', 'loss', 'total_samples', 'actual_attack', 'actual_normal', 'predicted_attack', 'predicted_normal', 'true_positives', 'true_negatives', 'false_positives', 'false_negatives', 'precision', 'recall', 'f1_score']
[DEBUG _get_metrics] Extracted from ConfigRecord._data
[DEBUG _get_metrics] res_item[1] type: ConfigRecord
[DEBUG _get_metrics] res_item[1] has metrics attr: False
[DEBUG _get_metrics] res_item[1].__dict__: {'_check_key_fn': <function _check_key at 0x7059b63c8900>, '_check_value_fn': <function _check_value at 0x7059abbb89a0>, '_data': {'accuracy': 0.988112211227417, 'loss': 0.009168476797640324, 'total_samples': 2103, 'actual_attack': 1621, 'actual_normal': 482, 'predicted_attack': 1620, 'predicted_normal': 483, 'true_positives': 1608, 'true_negatives': 470, 'false_positives': 12, 'false_negatives': 13, 'precision': 0.9925925925925926, 'recall': 0.9919802590993214, 'f1_score': 0.9922863313792041}}
[DEBUG _get_metrics] res_item[1].keys(): ['accuracy', 'loss', 'total_samples', 'actual_attack', 'actual_normal', 'predicted_attack', 'predicted_normal', 'true_positives', 'true_negatives', 'false_positives', 'false_negatives', 'precision', 'recall', 'f1_score']
[DEBUG _get_metrics] Extracted from ConfigRecord._data
[DEBUG _get_metrics] res_item[1] type: ConfigRecord
[DEBUG _get_metrics] res_item[1] has metrics attr: False
[DEBUG _get_metrics] res_item[1].__dict__: {'_check_key_fn': <function _check_key at 0x7059b63c8900>, '_check_value_fn': <function _check_value at 0x7059abbb89a0>, '_data': {'accuracy': 0.9890632629394531, 'loss': 0.01029616966843605, 'total_samples': 2103, 'actual_attack': 1621, 'actual_normal': 482, 'predicted_attack': 1612, 'predicted_normal': 491, 'true_positives': 1605, 'true_negatives': 475, 'false_positives': 7, 'false_negatives': 16, 'precision': 0.9956575682382134, 'recall': 0.9901295496607033, 'f1_score': 0.9928858645221157}}
[DEBUG _get_metrics] res_item[1].keys(): ['accuracy', 'loss', 'total_samples', 'actual_attack', 'actual_normal', 'predicted_attack', 'predicted_normal', 'true_positives', 'true_negatives', 'false_positives', 'false_negatives', 'precision', 'recall', 'f1_score']
[DEBUG _get_metrics] Extracted from ConfigRecord._data
[DEBUG] Extracted 4 metrics from results

[Evaluation Summary]
============================================================
Round: 35 / 100
Accuracy (mean):  0.9886  (98.86%)
Loss:             0.0097
[Per-Device Accuracy]
  - Device 0:  0.9891  (98.91%)
  - Device 1:  0.9881  (98.81%)
  - Device 2:  0.9881  (98.81%)
  - Device 3:  0.9891  (98.91%)

[Ground Truth]
  - Attack samples: 1621
  - Normal samples: 482
  - Total samples:  2103

[Predictions]
  - Predicted Attack:  1612
  - Predicted Normal:  491

[Confusion Matrix]
  - True Positives (TP):  1605
  - True Negatives (TN):  475
  - False Positives (FP): 7
  - False Negatives (FN): 16

[Metrics]
  - Precision:  0.9941  (99.41%)
  - Recall:     0.9911  (99.11%)
  - F1-Score:   0.9926  (99.26%)
============================================================

[36m(ClientAppActor pid=745762)[0m [Client 1] Class weights (smoothed): {0: 1.0, 1: 1.0}[32m [repeated 16x across cluster][0m
[DEBUG] evaluate_metrics_aggregation_fn called with 4 results
[DEBUG] results type: <class 'list'>
[DEBUG] First result type: <class 'tuple'>
[DEBUG] First result length: 2
[DEBUG] results[0][0] type: <class 'int'>
[DEBUG] results[0][1] type: <class 'flwr.app.message.configrecord.ConfigRecord'>
[DEBUG _get_metrics] res_item[1] type: ConfigRecord
[DEBUG _get_metrics] res_item[1] has metrics attr: False
[DEBUG _get_metrics] res_item[1].__dict__: {'_check_key_fn': <function _check_key at 0x7059b63c8900>, '_check_value_fn': <function _check_value at 0x7059abbb89a0>, '_data': {'accuracy': 0.9895387291908264, 'loss': 0.009783484973013401, 'total_samples': 2103, 'actual_attack': 1621, 'actual_normal': 482, 'predicted_attack': 1613, 'predicted_normal': 490, 'true_positives': 1606, 'true_negatives': 475, 'false_positives': 7, 'false_negatives': 15, 'precision': 0.9956602603843769, 'recall': 0.9907464528069093, 'f1_score': 0.9931972789115646}}
[DEBUG _get_metrics] res_item[1].keys(): ['accuracy', 'loss', 'total_samples', 'actual_attack', 'actual_normal', 'predicted_attack', 'predicted_normal', 'true_positives', 'true_negatives', 'false_positives', 'false_negatives', 'precision', 'recall', 'f1_score']
[DEBUG _get_metrics] Extracted from ConfigRecord._data
[DEBUG _get_metrics] res_item[1] type: ConfigRecord
[DEBUG _get_metrics] res_item[1] has metrics attr: False
[DEBUG _get_metrics] res_item[1].__dict__: {'_check_key_fn': <function _check_key at 0x7059b63c8900>, '_check_value_fn': <function _check_value at 0x7059abbb89a0>, '_data': {'accuracy': 0.988112211227417, 'loss': 0.009073908440768719, 'total_samples': 2103, 'actual_attack': 1621, 'actual_normal': 482, 'predicted_attack': 1620, 'predicted_normal': 483, 'true_positives': 1608, 'true_negatives': 470, 'false_positives': 12, 'false_negatives': 13, 'precision': 0.9925925925925926, 'recall': 0.9919802590993214, 'f1_score': 0.9922863313792041}}
[DEBUG _get_metrics] res_item[1].keys(): ['accuracy', 'loss', 'total_samples', 'actual_attack', 'actual_normal', 'predicted_attack', 'predicted_normal', 'true_positives', 'true_negatives', 'false_positives', 'false_negatives', 'precision', 'recall', 'f1_score']
[DEBUG _get_metrics] Extracted from ConfigRecord._data
[DEBUG _get_metrics] res_item[1] type: ConfigRecord
[DEBUG _get_metrics] res_item[1] has metrics attr: False
[DEBUG _get_metrics] res_item[1].__dict__: {'_check_key_fn': <function _check_key at 0x7059b63c8900>, '_check_value_fn': <function _check_value at 0x7059abbb89a0>, '_data': {'accuracy': 0.988112211227417, 'loss': 0.009073908440768719, 'total_samples': 2103, 'actual_attack': 1621, 'actual_normal': 482, 'predicted_attack': 1620, 'predicted_normal': 483, 'true_positives': 1608, 'true_negatives': 470, 'false_positives': 12, 'false_negatives': 13, 'precision': 0.9925925925925926, 'recall': 0.9919802590993214, 'f1_score': 0.9922863313792041}}
[DEBUG _get_metrics] res_item[1].keys(): ['accuracy', 'loss', 'total_samples', 'actual_attack', 'actual_normal', 'predicted_attack', 'predicted_normal', 'true_positives', 'true_negatives', 'false_positives', 'false_negatives', 'precision', 'recall', 'f1_score'][92mINFO [0m:      
[92mINFO [0m:      [ROUND 37]
[92mINFO [0m:      configure_fit: strategy sampled 4 clients (out of 4)
[92mINFO [0m:      aggregate_fit: received 4 results and 0 failures
[92mINFO [0m:      configure_evaluate: strategy sampled 4 clients (out of 4)
[92mINFO [0m:      aggregate_evaluate: received 4 results and 0 failures
[92mINFO [0m:      
[92mINFO [0m:      [ROUND 38]
[92mINFO [0m:      configure_fit: strategy sampled 4 clients (out of 4)
[92mINFO [0m:      aggregate_fit: received 4 results and 0 failures
[92mINFO [0m:      configure_evaluate: strategy sampled 4 clients (out of 4)
[92mINFO [0m:      aggregate_evaluate: received 4 results and 0 failures

[DEBUG _get_metrics] Extracted from ConfigRecord._data
[DEBUG _get_metrics] res_item[1] type: ConfigRecord
[DEBUG _get_metrics] res_item[1] has metrics attr: False
[DEBUG _get_metrics] res_item[1].__dict__: {'_check_key_fn': <function _check_key at 0x7059b63c8900>, '_check_value_fn': <function _check_value at 0x7059abbb89a0>, '_data': {'accuracy': 0.9895387291908264, 'loss': 0.009783484973013401, 'total_samples': 2103, 'actual_attack': 1621, 'actual_normal': 482, 'predicted_attack': 1613, 'predicted_normal': 490, 'true_positives': 1606, 'true_negatives': 475, 'false_positives': 7, 'false_negatives': 15, 'precision': 0.9956602603843769, 'recall': 0.9907464528069093, 'f1_score': 0.9931972789115646}}
[DEBUG _get_metrics] res_item[1].keys(): ['accuracy', 'loss', 'total_samples', 'actual_attack', 'actual_normal', 'predicted_attack', 'predicted_normal', 'true_positives', 'true_negatives', 'false_positives', 'false_negatives', 'precision', 'recall', 'f1_score']
[DEBUG _get_metrics] Extracted from ConfigRecord._data
[DEBUG] Extracted 4 metrics from results

[Evaluation Summary]
============================================================
Round: 36 / 100
Accuracy (mean):  0.9888  (98.88%)
Loss:             0.0094
[Per-Device Accuracy]
  - Device 0:  0.9895  (98.95%)
  - Device 1:  0.9881  (98.81%)
  - Device 2:  0.9881  (98.81%)
  - Device 3:  0.9895  (98.95%)

[Ground Truth]
  - Attack samples: 1621
  - Normal samples: 482
  - Total samples:  2103

[Predictions]
  - Predicted Attack:  1613
  - Predicted Normal:  490

[Confusion Matrix]
  - True Positives (TP):  1606
  - True Negatives (TN):  475
  - False Positives (FP): 7
  - False Negatives (FN): 15

[Metrics]
  - Precision:  0.9941  (99.41%)
  - Recall:     0.9914  (99.14%)
  - F1-Score:   0.9927  (99.27%)
============================================================

[DEBUG] evaluate_metrics_aggregation_fn called with 4 results
[DEBUG] results type: <class 'list'>
[DEBUG] First result type: <class 'tuple'>
[DEBUG] First result length: 2
[DEBUG] results[0][0] type: <class 'int'>
[DEBUG] results[0][1] type: <class 'flwr.app.message.configrecord.ConfigRecord'>
[DEBUG _get_metrics] res_item[1] type: ConfigRecord
[DEBUG _get_metrics] res_item[1] has metrics attr: False
[DEBUG _get_metrics] res_item[1].__dict__: {'_check_key_fn': <function _check_key at 0x7059b63c8900>, '_check_value_fn': <function _check_value at 0x7059abbb89a0>, '_data': {'accuracy': 0.9885877370834351, 'loss': 0.008873220533132553, 'total_samples': 2103, 'actual_attack': 1621, 'actual_normal': 482, 'predicted_attack': 1621, 'predicted_normal': 482, 'true_positives': 1609, 'true_negatives': 470, 'false_positives': 12, 'false_negatives': 12, 'precision': 0.9925971622455274, 'recall': 0.9925971622455274, 'f1_score': 0.9925971622455274}}
[DEBUG _get_metrics] res_item[1].keys(): ['accuracy', 'loss', 'total_samples', 'actual_attack', 'actual_normal', 'predicted_attack', 'predicted_normal', 'true_positives', 'true_negatives', 'false_positives', 'false_negatives', 'precision', 'recall', 'f1_score']
[DEBUG _get_metrics] Extracted from ConfigRecord._data
[DEBUG _get_metrics] res_item[1] type: ConfigRecord
[DEBUG _get_metrics] res_item[1] has metrics attr: False
[DEBUG _get_metrics] res_item[1].__dict__: {'_check_key_fn': <function _check_key at 0x7059b63c8900>, '_check_value_fn': <function _check_value at 0x7059abbb89a0>, '_data': {'accuracy': 0.9890632629394531, 'loss': 0.009404974058270454, 'total_samples': 2103, 'actual_attack': 1621, 'actual_normal': 482, 'predicted_attack': 1612, 'predicted_normal': 491, 'true_positives': 1605, 'true_negatives': 475, 'false_positives': 7, 'false_negatives': 16, 'precision': 0.9956575682382134, 'recall': 0.9901295496607033, 'f1_score': 0.9928858645221157}}
[DEBUG _get_metrics] res_item[1].keys(): ['accuracy', 'loss', 'total_samples', 'actual_attack', 'actual_normal', 'predicted_attack', 'predicted_normal', 'true_positives', 'true_negatives', 'false_positives', 'false_negatives', 'precision', 'recall', 'f1_score']
[DEBUG _get_metrics] Extracted from ConfigRecord._data
[DEBUG _get_metrics] res_item[1] type: ConfigRecord
[DEBUG _get_metrics] res_item[1] has metrics attr: False
[DEBUG _get_metrics] res_item[1].__dict__: {'_check_key_fn': <function _check_key at 0x7059b63c8900>, '_check_value_fn': <function _check_value at 0x7059abbb89a0>, '_data': {'accuracy': 0.9885877370834351, 'loss': 0.008873220533132553, 'total_samples': 2103, 'actual_attack': 1621, 'actual_normal': 482, 'predicted_attack': 1621, 'predicted_normal': 482, 'true_positives': 1609, 'true_negatives': 470, 'false_positives': 12, 'false_negatives': 12, 'precision': 0.9925971622455274, 'recall': 0.9925971622455274, 'f1_score': 0.9925971622455274}}
[DEBUG _get_metrics] res_item[1].keys(): ['accuracy', 'loss', 'total_samples', 'actual_attack', 'actual_normal', 'predicted_attack', 'predicted_normal', 'true_positives', 'true_negatives', 'false_positives', 'false_negatives', 'precision', 'recall', 'f1_score']
[DEBUG _get_metrics] Extracted from ConfigRecord._data
[DEBUG _get_metrics] res_item[1] type: ConfigRecord
[DEBUG _get_metrics] res_item[1] has metrics attr: False
[DEBUG _get_metrics] res_item[1].__dict__: {'_check_key_fn': <function _check_key at 0x7059b63c8900>, '_check_value_fn': <function _check_value at 0x7059abbb89a0>, '_data': {'accuracy': 0.9890632629394531, 'loss': 0.009404974058270454, 'total_samples': 2103, 'actual_attack': 1621, 'actual_normal': 482, 'predicted_attack': 1612, 'predicted_normal': 491, 'true_positives': 1605, 'true_negatives': 475, 'false_positives': 7, 'false_negatives': 16, 'precision': 0.9956575682382134, 'recall': 0.9901295496607033, 'f1_score': 0.9928858645221157}}
[DEBUG _get_metrics] res_item[1].keys(): ['accuracy', 'loss', 'total_samples', 'actual_attack', 'actual_normal', 'predicted_attack', 'predicted_normal', 'true_positives', 'true_negatives', 'false_positives', 'false_negatives', 'precision', 'recall', 'f1_score']
[DEBUG _get_metrics] Extracted from ConfigRecord._data
[DEBUG] Extracted 4 metrics from results

[Evaluation Summary]
============================================================
Round: 37 / 100
Accuracy (mean):  0.9888  (98.88%)
Loss:             0.0091
[Per-Device Accuracy]
  - Device 0:  0.9886  (98.86%)
  - Device 1:  0.9891  (98.91%)
  - Device 2:  0.9886  (98.86%)
  - Device 3:  0.9891  (98.91%)

[Ground Truth]
  - Attack samples: 1621
  - Normal samples: 482
  - Total samples:  2103

[Predictions]
  - Predicted Attack:  1621
  - Predicted Normal:  482

[Confusion Matrix]
  - True Positives (TP):  1609
  - True Negatives (TN):  470
  - False Positives (FP): 12
  - False Negatives (FN): 12

[Metrics]
  - Precision:  0.9941  (99.41%)
  - Recall:     0.9914  (99.14%)
  - F1-Score:   0.9927  (99.27%)
============================================================

[36m(ClientAppActor pid=745753)[0m [Client 2] Class weights (smoothed): {0: 1.0, 1: 1.0}[32m [repeated 16x across cluster][0m
[DEBUG] evaluate_metrics_aggregation_fn called with 4 results
[DEBUG] results type: <class 'list'>
[DEBUG] First result type: <class 'tuple'>
[DEBUG] First result length: 2
[DEBUG] results[0][0] type: <class 'int'>
[DEBUG] results[0][1] type: <class 'flwr.app.message.configrecord.ConfigRecord'>
[DEBUG _get_metrics] res_item[1] type: ConfigRecord
[DEBUG _get_metrics] res_item[1] has metrics attr: False
[DEBUG _get_metrics] res_item[1].__dict__: {'_check_key_fn': <function _check_key at 0x7059b63c8900>, '_check_value_fn': <function _check_value at 0x7059abbb89a0>, '_data': {'accuracy': 0.9885877370834351, 'loss': 0.00868198648095131, 'total_samples': 2103, 'actual_attack': 1621, 'actual_normal': 482, 'predicted_attack': 1621, 'predicted_normal': 482, 'true_positives': 1609, 'true_negatives': 470, 'false_positives': 12, 'false_negatives': 12, 'precision': 0.9925971622455274, 'recall': 0.9925971622455274, 'f1_score': 0.9925971622455274}}
[DEBUG _get_metrics] res_item[1].keys(): ['accuracy', 'loss', 'total_samples', 'actual_attack', 'actual_normal', 'predicted_attack', 'predicted_normal', 'true_positives', 'true_negatives', 'false_positives', 'false_negatives', 'precision', 'recall', 'f1_score']
[DEBUG _get_metrics] Extracted from ConfigRecord._data[92mINFO [0m:      
[92mINFO [0m:      [ROUND 39]
[92mINFO [0m:      configure_fit: strategy sampled 4 clients (out of 4)
[92mINFO [0m:      aggregate_fit: received 4 results and 0 failures
[92mINFO [0m:      configure_evaluate: strategy sampled 4 clients (out of 4)
[92mINFO [0m:      aggregate_evaluate: received 4 results and 0 failures

[DEBUG _get_metrics] res_item[1] type: ConfigRecord
[DEBUG _get_metrics] res_item[1] has metrics attr: False
[DEBUG _get_metrics] res_item[1].__dict__: {'_check_key_fn': <function _check_key at 0x7059b63c8900>, '_check_value_fn': <function _check_value at 0x7059abbb89a0>, '_data': {'accuracy': 0.9895387291908264, 'loss': 0.008986747823655605, 'total_samples': 2103, 'actual_attack': 1621, 'actual_normal': 482, 'predicted_attack': 1613, 'predicted_normal': 490, 'true_positives': 1606, 'true_negatives': 475, 'false_positives': 7, 'false_negatives': 15, 'precision': 0.9956602603843769, 'recall': 0.9907464528069093, 'f1_score': 0.9931972789115646}}
[DEBUG _get_metrics] res_item[1].keys(): ['accuracy', 'loss', 'total_samples', 'actual_attack', 'actual_normal', 'predicted_attack', 'predicted_normal', 'true_positives', 'true_negatives', 'false_positives', 'false_negatives', 'precision', 'recall', 'f1_score']
[DEBUG _get_metrics] Extracted from ConfigRecord._data
[DEBUG _get_metrics] res_item[1] type: ConfigRecord
[DEBUG _get_metrics] res_item[1] has metrics attr: False
[DEBUG _get_metrics] res_item[1].__dict__: {'_check_key_fn': <function _check_key at 0x7059b63c8900>, '_check_value_fn': <function _check_value at 0x7059abbb89a0>, '_data': {'accuracy': 0.9895387291908264, 'loss': 0.008986747823655605, 'total_samples': 2103, 'actual_attack': 1621, 'actual_normal': 482, 'predicted_attack': 1613, 'predicted_normal': 490, 'true_positives': 1606, 'true_negatives': 475, 'false_positives': 7, 'false_negatives': 15, 'precision': 0.9956602603843769, 'recall': 0.9907464528069093, 'f1_score': 0.9931972789115646}}
[DEBUG _get_metrics] res_item[1].keys(): ['accuracy', 'loss', 'total_samples', 'actual_attack', 'actual_normal', 'predicted_attack', 'predicted_normal', 'true_positives', 'true_negatives', 'false_positives', 'false_negatives', 'precision', 'recall', 'f1_score']
[DEBUG _get_metrics] Extracted from ConfigRecord._data
[DEBUG _get_metrics] res_item[1] type: ConfigRecord
[DEBUG _get_metrics] res_item[1] has metrics attr: False
[DEBUG _get_metrics] res_item[1].__dict__: {'_check_key_fn': <function _check_key at 0x7059b63c8900>, '_check_value_fn': <function _check_value at 0x7059abbb89a0>, '_data': {'accuracy': 0.9885877370834351, 'loss': 0.00868198648095131, 'total_samples': 2103, 'actual_attack': 1621, 'actual_normal': 482, 'predicted_attack': 1621, 'predicted_normal': 482, 'true_positives': 1609, 'true_negatives': 470, 'false_positives': 12, 'false_negatives': 12, 'precision': 0.9925971622455274, 'recall': 0.9925971622455274, 'f1_score': 0.9925971622455274}}
[DEBUG _get_metrics] res_item[1].keys(): ['accuracy', 'loss', 'total_samples', 'actual_attack', 'actual_normal', 'predicted_attack', 'predicted_normal', 'true_positives', 'true_negatives', 'false_positives', 'false_negatives', 'precision', 'recall', 'f1_score']
[DEBUG _get_metrics] Extracted from ConfigRecord._data
[DEBUG] Extracted 4 metrics from results

[Evaluation Summary]
============================================================
Round: 38 / 100
Accuracy (mean):  0.9891  (98.91%)
Loss:             0.0088
[Per-Device Accuracy]
  - Device 0:  0.9886  (98.86%)
  - Device 1:  0.9895  (98.95%)
  - Device 2:  0.9895  (98.95%)
  - Device 3:  0.9886  (98.86%)

[Ground Truth]
  - Attack samples: 1621
  - Normal samples: 482
  - Total samples:  2103

[Predictions]
  - Predicted Attack:  1621
  - Predicted Normal:  482

[Confusion Matrix]
  - True Positives (TP):  1609
  - True Negatives (TN):  470
  - False Positives (FP): 12
  - False Negatives (FN): 12

[Metrics]
  - Precision:  0.9941  (99.41%)
  - Recall:     0.9917  (99.17%)
  - F1-Score:   0.9929  (99.29%)
============================================================

[DEBUG] evaluate_metrics_aggregation_fn called with 4 results
[DEBUG] results type: <class 'list'>
[DEBUG] First result type: <class 'tuple'>
[DEBUG] First result length: 2
[DEBUG] results[0][0] type: <class 'int'>
[DEBUG] results[0][1] type: <class 'flwr.app.message.configrecord.ConfigRecord'>
[DEBUG _get_metrics] res_item[1] type: ConfigRecord
[DEBUG _get_metrics] res_item[1] has metrics attr: False
[DEBUG _get_metrics] res_item[1].__dict__: {'_check_key_fn': <function _check_key at 0x7059b63c8900>, '_check_value_fn': <function _check_value at 0x7059abbb89a0>, '_data': {'accuracy': 0.9895387291908264, 'loss': 0.009192458353936672, 'total_samples': 2103, 'actual_attack': 1621, 'actual_normal': 482, 'predicted_attack': 1613, 'predicted_normal': 490, 'true_positives': 1606, 'true_negatives': 475, 'false_positives': 7, 'false_negatives': 15, 'precision': 0.9956602603843769, 'recall': 0.9907464528069093, 'f1_score': 0.9931972789115646}}
[DEBUG _get_metrics] res_item[1].keys(): ['accuracy', 'loss', 'total_samples', 'actual_attack', 'actual_normal', 'predicted_attack', 'predicted_normal', 'true_positives', 'true_negatives', 'false_positives', 'false_negatives', 'precision', 'recall', 'f1_score']
[DEBUG _get_metrics] Extracted from ConfigRecord._data
[DEBUG _get_metrics] res_item[1] type: ConfigRecord
[DEBUG _get_metrics] res_item[1] has metrics attr: False
[DEBUG _get_metrics] res_item[1].__dict__: {'_check_key_fn': <function _check_key at 0x7059b63c8900>, '_check_value_fn': <function _check_value at 0x7059abbb89a0>, '_data': {'accuracy': 0.9890632629394531, 'loss': 0.008544485084712505, 'total_samples': 2103, 'actual_attack': 1621, 'actual_normal': 482, 'predicted_attack': 1622, 'predicted_normal': 481, 'true_positives': 1610, 'true_negatives': 470, 'false_positives': 12, 'false_negatives': 11, 'precision': 0.9926017262638718, 'recall': 0.9932140653917335, 'f1_score': 0.9929078014184398}}
[DEBUG _get_metrics] res_item[1].keys(): ['accuracy', 'loss', 'total_samples', 'actual_attack', 'actual_normal', 'predicted_attack', 'predicted_normal', 'true_positives', 'true_negatives', 'false_positives', 'false_negatives', 'precision', 'recall', 'f1_score']
[DEBUG _get_metrics] Extracted from ConfigRecord._data
[DEBUG _get_metrics] res_item[1] type: ConfigRecord
[DEBUG _get_metrics] res_item[1] has metrics attr: False
[DEBUG _get_metrics] res_item[1].__dict__: {'_check_key_fn': <function _check_key at 0x7059b63c8900>, '_check_value_fn': <function _check_value at 0x7059abbb89a0>, '_data': {'accuracy': 0.9895387291908264, 'loss': 0.009192458353936672, 'total_samples': 2103, 'actual_attack': 1621, 'actual_normal': 482, 'predicted_attack': 1613, 'predicted_normal': 490, 'true_positives': 1606, 'true_negatives': 475, 'false_positives': 7, 'false_negatives': 15, 'precision': 0.9956602603843769, 'recall': 0.9907464528069093, 'f1_score': 0.9931972789115646}}
[DEBUG _get_metrics] res_item[1].keys(): ['accuracy', 'loss', 'total_samples', 'actual_attack', 'actual_normal', 'predicted_attack', 'predicted_normal', 'true_positives', 'true_negatives', 'false_positives', 'false_negatives', 'precision', 'recall', 'f1_score']
[DEBUG _get_metrics] Extracted from ConfigRecord._data
[DEBUG _get_metrics] res_item[1] type: ConfigRecord
[DEBUG _get_metrics] res_item[1] has metrics attr: False
[DEBUG _get_metrics] res_item[1].__dict__: {'_check_key_fn': <function _check_key at 0x7059b63c8900>, '_check_value_fn': <function _check_value at 0x7059abbb89a0>, '_data': {'accuracy': 0.9890632629394531, 'loss': 0.008544485084712505, 'total_samples': 2103, 'actual_attack': 1621, 'actual_normal': 482, 'predicted_attack': 1622, 'predicted_normal': 481, 'true_positives': 1610, 'true_negatives': 470, 'false_positives': 12, 'false_negatives': 11, 'precision': 0.9926017262638718, 'recall': 0.9932140653917335, 'f1_score': 0.9929078014184398}}
[DEBUG _get_metrics] res_item[1].keys(): ['accuracy', 'loss', 'total_samples', 'actual_attack', 'actual_normal', 'predicted_attack', 'predicted_normal', 'true_positives', 'true_negatives', 'false_positives', 'false_negatives', 'precision', 'recall', 'f1_score']
[DEBUG _get_metrics] Extracted from ConfigRecord._data
[DEBUG] Extracted 4 metrics from results

[Evaluation Summary]
============================================================
Round: 39 / 100
Accuracy (mean):  0.9893  (98.93%)
Loss:             0.0089
[Per-Device Accuracy]
  - Device 0:  0.9895  (98.95%)
  - Device 1:  0.9891  (98.91%)
  - Device 2:  0.9895  (98.95%)[92mINFO [0m:      
[92mINFO [0m:      [ROUND 40]
[92mINFO [0m:      configure_fit: strategy sampled 4 clients (out of 4)
[92mINFO [0m:      aggregate_fit: received 4 results and 0 failures
[92mINFO [0m:      configure_evaluate: strategy sampled 4 clients (out of 4)
[92mINFO [0m:      aggregate_evaluate: received 4 results and 0 failures
[92mINFO [0m:      
[92mINFO [0m:      [ROUND 41]
[92mINFO [0m:      configure_fit: strategy sampled 4 clients (out of 4)
[92mINFO [0m:      aggregate_fit: received 4 results and 0 failures
[92mINFO [0m:      configure_evaluate: strategy sampled 4 clients (out of 4)
[92mINFO [0m:      aggregate_evaluate: received 4 results and 0 failures

  - Device 3:  0.9891  (98.91%)

[Ground Truth]
  - Attack samples: 1621
  - Normal samples: 482
  - Total samples:  2103

[Predictions]
  - Predicted Attack:  1613
  - Predicted Normal:  490

[Confusion Matrix]
  - True Positives (TP):  1606
  - True Negatives (TN):  475
  - False Positives (FP): 7
  - False Negatives (FN): 15

[Metrics]
  - Precision:  0.9941  (99.41%)
  - Recall:     0.9920  (99.20%)
  - F1-Score:   0.9931  (99.31%)
============================================================

[Round 40] Client contributions:
  Client samples: 29,184 (weight: 0.2500)
  Client samples: 29,184 (weight: 0.2500)
  Client samples: 29,186 (weight: 0.2500)
  Client samples: 29,186 (weight: 0.2500)
[36m(ClientAppActor pid=745753)[0m [Client 2] Class weights (smoothed): {0: 1.0, 1: 1.0}[32m [repeated 16x across cluster][0m
[DEBUG] evaluate_metrics_aggregation_fn called with 4 results
[DEBUG] results type: <class 'list'>
[DEBUG] First result type: <class 'tuple'>
[DEBUG] First result length: 2
[DEBUG] results[0][0] type: <class 'int'>
[DEBUG] results[0][1] type: <class 'flwr.app.message.configrecord.ConfigRecord'>
[DEBUG _get_metrics] res_item[1] type: ConfigRecord
[DEBUG _get_metrics] res_item[1] has metrics attr: False
[DEBUG _get_metrics] res_item[1].__dict__: {'_check_key_fn': <function _check_key at 0x7059b63c8900>, '_check_value_fn': <function _check_value at 0x7059abbb89a0>, '_data': {'accuracy': 0.9885877370834351, 'loss': 0.009497338905930519, 'total_samples': 2103, 'actual_attack': 1621, 'actual_normal': 482, 'predicted_attack': 1611, 'predicted_normal': 492, 'true_positives': 1604, 'true_negatives': 475, 'false_positives': 7, 'false_negatives': 17, 'precision': 0.9956548727498448, 'recall': 0.9895126465144972, 'f1_score': 0.9925742574257426}}
[DEBUG _get_metrics] res_item[1].keys(): ['accuracy', 'loss', 'total_samples', 'actual_attack', 'actual_normal', 'predicted_attack', 'predicted_normal', 'true_positives', 'true_negatives', 'false_positives', 'false_negatives', 'precision', 'recall', 'f1_score']
[DEBUG _get_metrics] Extracted from ConfigRecord._data
[DEBUG _get_metrics] res_item[1] type: ConfigRecord
[DEBUG _get_metrics] res_item[1] has metrics attr: False
[DEBUG _get_metrics] res_item[1].__dict__: {'_check_key_fn': <function _check_key at 0x7059b63c8900>, '_check_value_fn': <function _check_value at 0x7059abbb89a0>, '_data': {'accuracy': 0.9885877370834351, 'loss': 0.00864257849752903, 'total_samples': 2103, 'actual_attack': 1621, 'actual_normal': 482, 'predicted_attack': 1621, 'predicted_normal': 482, 'true_positives': 1609, 'true_negatives': 470, 'false_positives': 12, 'false_negatives': 12, 'precision': 0.9925971622455274, 'recall': 0.9925971622455274, 'f1_score': 0.9925971622455274}}
[DEBUG _get_metrics] res_item[1].keys(): ['accuracy', 'loss', 'total_samples', 'actual_attack', 'actual_normal', 'predicted_attack', 'predicted_normal', 'true_positives', 'true_negatives', 'false_positives', 'false_negatives', 'precision', 'recall', 'f1_score']
[DEBUG _get_metrics] Extracted from ConfigRecord._data
[DEBUG _get_metrics] res_item[1] type: ConfigRecord
[DEBUG _get_metrics] res_item[1] has metrics attr: False
[DEBUG _get_metrics] res_item[1].__dict__: {'_check_key_fn': <function _check_key at 0x7059b63c8900>, '_check_value_fn': <function _check_value at 0x7059abbb89a0>, '_data': {'accuracy': 0.9885877370834351, 'loss': 0.00864257849752903, 'total_samples': 2103, 'actual_attack': 1621, 'actual_normal': 482, 'predicted_attack': 1621, 'predicted_normal': 482, 'true_positives': 1609, 'true_negatives': 470, 'false_positives': 12, 'false_negatives': 12, 'precision': 0.9925971622455274, 'recall': 0.9925971622455274, 'f1_score': 0.9925971622455274}}
[DEBUG _get_metrics] res_item[1].keys(): ['accuracy', 'loss', 'total_samples', 'actual_attack', 'actual_normal', 'predicted_attack', 'predicted_normal', 'true_positives', 'true_negatives', 'false_positives', 'false_negatives', 'precision', 'recall', 'f1_score']
[DEBUG _get_metrics] Extracted from ConfigRecord._data
[DEBUG _get_metrics] res_item[1] type: ConfigRecord
[DEBUG _get_metrics] res_item[1] has metrics attr: False
[DEBUG _get_metrics] res_item[1].__dict__: {'_check_key_fn': <function _check_key at 0x7059b63c8900>, '_check_value_fn': <function _check_value at 0x7059abbb89a0>, '_data': {'accuracy': 0.9885877370834351, 'loss': 0.009497338905930519, 'total_samples': 2103, 'actual_attack': 1621, 'actual_normal': 482, 'predicted_attack': 1611, 'predicted_normal': 492, 'true_positives': 1604, 'true_negatives': 475, 'false_positives': 7, 'false_negatives': 17, 'precision': 0.9956548727498448, 'recall': 0.9895126465144972, 'f1_score': 0.9925742574257426}}
[DEBUG _get_metrics] res_item[1].keys(): ['accuracy', 'loss', 'total_samples', 'actual_attack', 'actual_normal', 'predicted_attack', 'predicted_normal', 'true_positives', 'true_negatives', 'false_positives', 'false_negatives', 'precision', 'recall', 'f1_score']
[DEBUG _get_metrics] Extracted from ConfigRecord._data
[DEBUG] Extracted 4 metrics from results

[Evaluation Summary]
============================================================
Round: 40 / 100
Accuracy (mean):  0.9886  (98.86%)
Loss:             0.0091
[Per-Device Accuracy]
  - Device 0:  0.9886  (98.86%)
  - Device 1:  0.9886  (98.86%)
  - Device 2:  0.9886  (98.86%)
  - Device 3:  0.9886  (98.86%)

[Ground Truth]
  - Attack samples: 1621
  - Normal samples: 482
  - Total samples:  2103

[Predictions]
  - Predicted Attack:  1611
  - Predicted Normal:  492

[Confusion Matrix]
  - True Positives (TP):  1604
  - True Negatives (TN):  475
  - False Positives (FP): 7
  - False Negatives (FN): 17

[Metrics]
  - Precision:  0.9941  (99.41%)
  - Recall:     0.9911  (99.11%)
  - F1-Score:   0.9926  (99.26%)
============================================================

[DEBUG] evaluate_metrics_aggregation_fn called with 4 results
[DEBUG] results type: <class 'list'>
[DEBUG] First result type: <class 'tuple'>
[DEBUG] First result length: 2
[DEBUG] results[0][0] type: <class 'int'>
[DEBUG] results[0][1] type: <class 'flwr.app.message.configrecord.ConfigRecord'>
[DEBUG _get_metrics] res_item[1] type: ConfigRecord
[DEBUG _get_metrics] res_item[1] has metrics attr: False
[DEBUG _get_metrics] res_item[1].__dict__: {'_check_key_fn': <function _check_key at 0x7059b63c8900>, '_check_value_fn': <function _check_value at 0x7059abbb89a0>, '_data': {'accuracy': 0.9890632629394531, 'loss': 0.008629031479358673, 'total_samples': 2103, 'actual_attack': 1621, 'actual_normal': 482, 'predicted_attack': 1622, 'predicted_normal': 481, 'true_positives': 1610, 'true_negatives': 470, 'false_positives': 12, 'false_negatives': 11, 'precision': 0.9926017262638718, 'recall': 0.9932140653917335, 'f1_score': 0.9929078014184398}}
[DEBUG _get_metrics] res_item[1].keys(): ['accuracy', 'loss', 'total_samples', 'actual_attack', 'actual_normal', 'predicted_attack', 'predicted_normal', 'true_positives', 'true_negatives', 'false_positives', 'false_negatives', 'precision', 'recall', 'f1_score']
[DEBUG _get_metrics] Extracted from ConfigRecord._data
[DEBUG _get_metrics] res_item[1] type: ConfigRecord
[DEBUG _get_metrics] res_item[1] has metrics attr: False
[DEBUG _get_metrics] res_item[1].__dict__: {'_check_key_fn': <function _check_key at 0x7059b63c8900>, '_check_value_fn': <function _check_value at 0x7059abbb89a0>, '_data': {'accuracy': 0.9890632629394531, 'loss': 0.009699407033622265, 'total_samples': 2103, 'actual_attack': 1621, 'actual_normal': 482, 'predicted_attack': 1612, 'predicted_normal': 491, 'true_positives': 1605, 'true_negatives': 475, 'false_positives': 7, 'false_negatives': 16, 'precision': 0.9956575682382134, 'recall': 0.9901295496607033, 'f1_score': 0.9928858645221157}}
[DEBUG _get_metrics] res_item[1].keys(): ['accuracy', 'loss', 'total_samples', 'actual_attack', 'actual_normal', 'predicted_attack', 'predicted_normal', 'true_positives', 'true_negatives', 'false_positives', 'false_negatives', 'precision', 'recall', 'f1_score']
[DEBUG _get_metrics] Extracted from ConfigRecord._data
[DEBUG _get_metrics] res_item[1] type: ConfigRecord
[DEBUG _get_metrics] res_item[1] has metrics attr: False
[DEBUG _get_metrics] res_item[1].__dict__: {'_check_key_fn': <function _check_key at 0x7059b63c8900>, '_check_value_fn': <function _check_value at 0x7059abbb89a0>, '_data': {'accuracy': 0.9890632629394531, 'loss': 0.009699407033622265, 'total_samples': 2103, 'actual_attack': 1621, 'actual_normal': 482, 'predicted_attack': 1612, 'predicted_normal': 491, 'true_positives': 1605, 'true_negatives': 475, 'false_positives': 7, 'false_negatives': 16, 'precision': 0.9956575682382134, 'recall': 0.9901295496607033, 'f1_score': 0.9928858645221157}}[92mINFO [0m:      
[92mINFO [0m:      [ROUND 42]
[92mINFO [0m:      configure_fit: strategy sampled 4 clients (out of 4)
[92mINFO [0m:      aggregate_fit: received 4 results and 0 failures
[92mINFO [0m:      configure_evaluate: strategy sampled 4 clients (out of 4)
[92mINFO [0m:      aggregate_evaluate: received 4 results and 0 failures
[92mINFO [0m:      
[92mINFO [0m:      [ROUND 43]
[92mINFO [0m:      configure_fit: strategy sampled 4 clients (out of 4)
[92mINFO [0m:      aggregate_fit: received 4 results and 0 failures
[92mINFO [0m:      configure_evaluate: strategy sampled 4 clients (out of 4)
[92mINFO [0m:      aggregate_evaluate: received 4 results and 0 failures

[DEBUG _get_metrics] res_item[1].keys(): ['accuracy', 'loss', 'total_samples', 'actual_attack', 'actual_normal', 'predicted_attack', 'predicted_normal', 'true_positives', 'true_negatives', 'false_positives', 'false_negatives', 'precision', 'recall', 'f1_score']
[DEBUG _get_metrics] Extracted from ConfigRecord._data
[DEBUG _get_metrics] res_item[1] type: ConfigRecord
[DEBUG _get_metrics] res_item[1] has metrics attr: False
[DEBUG _get_metrics] res_item[1].__dict__: {'_check_key_fn': <function _check_key at 0x7059b63c8900>, '_check_value_fn': <function _check_value at 0x7059abbb89a0>, '_data': {'accuracy': 0.9890632629394531, 'loss': 0.008629031479358673, 'total_samples': 2103, 'actual_attack': 1621, 'actual_normal': 482, 'predicted_attack': 1622, 'predicted_normal': 481, 'true_positives': 1610, 'true_negatives': 470, 'false_positives': 12, 'false_negatives': 11, 'precision': 0.9926017262638718, 'recall': 0.9932140653917335, 'f1_score': 0.9929078014184398}}
[DEBUG _get_metrics] res_item[1].keys(): ['accuracy', 'loss', 'total_samples', 'actual_attack', 'actual_normal', 'predicted_attack', 'predicted_normal', 'true_positives', 'true_negatives', 'false_positives', 'false_negatives', 'precision', 'recall', 'f1_score']
[DEBUG _get_metrics] Extracted from ConfigRecord._data
[DEBUG] Extracted 4 metrics from results

[Evaluation Summary]
============================================================
Round: 41 / 100
Accuracy (mean):  0.9891  (98.91%)
Loss:             0.0092
[Per-Device Accuracy]
  - Device 0:  0.9891  (98.91%)
  - Device 1:  0.9891  (98.91%)
  - Device 2:  0.9891  (98.91%)
  - Device 3:  0.9891  (98.91%)

[Ground Truth]
  - Attack samples: 1621
  - Normal samples: 482
  - Total samples:  2103

[Predictions]
  - Predicted Attack:  1622
  - Predicted Normal:  481

[Confusion Matrix]
  - True Positives (TP):  1610
  - True Negatives (TN):  470
  - False Positives (FP): 12
  - False Negatives (FN): 11

[Metrics]
  - Precision:  0.9941  (99.41%)
  - Recall:     0.9917  (99.17%)
  - F1-Score:   0.9929  (99.29%)
============================================================

[36m(ClientAppActor pid=745753)[0m [Client 2] Class weights (smoothed): {0: 1.0, 1: 1.0}[32m [repeated 16x across cluster][0m
[DEBUG] evaluate_metrics_aggregation_fn called with 4 results
[DEBUG] results type: <class 'list'>
[DEBUG] First result type: <class 'tuple'>
[DEBUG] First result length: 2
[DEBUG] results[0][0] type: <class 'int'>
[DEBUG] results[0][1] type: <class 'flwr.app.message.configrecord.ConfigRecord'>
[DEBUG _get_metrics] res_item[1] type: ConfigRecord
[DEBUG _get_metrics] res_item[1] has metrics attr: False
[DEBUG _get_metrics] res_item[1].__dict__: {'_check_key_fn': <function _check_key at 0x7059b63c8900>, '_check_value_fn': <function _check_value at 0x7059abbb89a0>, '_data': {'accuracy': 0.9890632629394531, 'loss': 0.009932535700500011, 'total_samples': 2103, 'actual_attack': 1621, 'actual_normal': 482, 'predicted_attack': 1612, 'predicted_normal': 491, 'true_positives': 1605, 'true_negatives': 475, 'false_positives': 7, 'false_negatives': 16, 'precision': 0.9956575682382134, 'recall': 0.9901295496607033, 'f1_score': 0.9928858645221157}}
[DEBUG _get_metrics] res_item[1].keys(): ['accuracy', 'loss', 'total_samples', 'actual_attack', 'actual_normal', 'predicted_attack', 'predicted_normal', 'true_positives', 'true_negatives', 'false_positives', 'false_negatives', 'precision', 'recall', 'f1_score']
[DEBUG _get_metrics] Extracted from ConfigRecord._data
[DEBUG _get_metrics] res_item[1] type: ConfigRecord
[DEBUG _get_metrics] res_item[1] has metrics attr: False
[DEBUG _get_metrics] res_item[1].__dict__: {'_check_key_fn': <function _check_key at 0x7059b63c8900>, '_check_value_fn': <function _check_value at 0x7059abbb89a0>, '_data': {'accuracy': 0.9890632629394531, 'loss': 0.0087284529581666, 'total_samples': 2103, 'actual_attack': 1621, 'actual_normal': 482, 'predicted_attack': 1622, 'predicted_normal': 481, 'true_positives': 1610, 'true_negatives': 470, 'false_positives': 12, 'false_negatives': 11, 'precision': 0.9926017262638718, 'recall': 0.9932140653917335, 'f1_score': 0.9929078014184398}}
[DEBUG _get_metrics] res_item[1].keys(): ['accuracy', 'loss', 'total_samples', 'actual_attack', 'actual_normal', 'predicted_attack', 'predicted_normal', 'true_positives', 'true_negatives', 'false_positives', 'false_negatives', 'precision', 'recall', 'f1_score']
[DEBUG _get_metrics] Extracted from ConfigRecord._data
[DEBUG _get_metrics] res_item[1] type: ConfigRecord
[DEBUG _get_metrics] res_item[1] has metrics attr: False
[DEBUG _get_metrics] res_item[1].__dict__: {'_check_key_fn': <function _check_key at 0x7059b63c8900>, '_check_value_fn': <function _check_value at 0x7059abbb89a0>, '_data': {'accuracy': 0.9890632629394531, 'loss': 0.0087284529581666, 'total_samples': 2103, 'actual_attack': 1621, 'actual_normal': 482, 'predicted_attack': 1622, 'predicted_normal': 481, 'true_positives': 1610, 'true_negatives': 470, 'false_positives': 12, 'false_negatives': 11, 'precision': 0.9926017262638718, 'recall': 0.9932140653917335, 'f1_score': 0.9929078014184398}}
[DEBUG _get_metrics] res_item[1].keys(): ['accuracy', 'loss', 'total_samples', 'actual_attack', 'actual_normal', 'predicted_attack', 'predicted_normal', 'true_positives', 'true_negatives', 'false_positives', 'false_negatives', 'precision', 'recall', 'f1_score']
[DEBUG _get_metrics] Extracted from ConfigRecord._data
[DEBUG _get_metrics] res_item[1] type: ConfigRecord
[DEBUG _get_metrics] res_item[1] has metrics attr: False
[DEBUG _get_metrics] res_item[1].__dict__: {'_check_key_fn': <function _check_key at 0x7059b63c8900>, '_check_value_fn': <function _check_value at 0x7059abbb89a0>, '_data': {'accuracy': 0.9890632629394531, 'loss': 0.009932535700500011, 'total_samples': 2103, 'actual_attack': 1621, 'actual_normal': 482, 'predicted_attack': 1612, 'predicted_normal': 491, 'true_positives': 1605, 'true_negatives': 475, 'false_positives': 7, 'false_negatives': 16, 'precision': 0.9956575682382134, 'recall': 0.9901295496607033, 'f1_score': 0.9928858645221157}}
[DEBUG _get_metrics] res_item[1].keys(): ['accuracy', 'loss', 'total_samples', 'actual_attack', 'actual_normal', 'predicted_attack', 'predicted_normal', 'true_positives', 'true_negatives', 'false_positives', 'false_negatives', 'precision', 'recall', 'f1_score']
[DEBUG _get_metrics] Extracted from ConfigRecord._data
[DEBUG] Extracted 4 metrics from results

[Evaluation Summary]
============================================================
Round: 42 / 100
Accuracy (mean):  0.9891  (98.91%)
Loss:             0.0093
[Per-Device Accuracy]
  - Device 0:  0.9891  (98.91%)
  - Device 1:  0.9891  (98.91%)
  - Device 2:  0.9891  (98.91%)
  - Device 3:  0.9891  (98.91%)

[Ground Truth]
  - Attack samples: 1621
  - Normal samples: 482
  - Total samples:  2103

[Predictions]
  - Predicted Attack:  1612
  - Predicted Normal:  491

[Confusion Matrix]
  - True Positives (TP):  1605
  - True Negatives (TN):  475
  - False Positives (FP): 7
  - False Negatives (FN): 16

[Metrics]
  - Precision:  0.9941  (99.41%)
  - Recall:     0.9917  (99.17%)
  - F1-Score:   0.9929  (99.29%)
============================================================

[DEBUG] evaluate_metrics_aggregation_fn called with 4 results
[DEBUG] results type: <class 'list'>
[DEBUG] First result type: <class 'tuple'>
[DEBUG] First result length: 2
[DEBUG] results[0][0] type: <class 'int'>
[DEBUG] results[0][1] type: <class 'flwr.app.message.configrecord.ConfigRecord'>
[DEBUG _get_metrics] res_item[1] type: ConfigRecord
[DEBUG _get_metrics] res_item[1] has metrics attr: False
[DEBUG _get_metrics] res_item[1].__dict__: {'_check_key_fn': <function _check_key at 0x7059b63c8900>, '_check_value_fn': <function _check_value at 0x7059abbb89a0>, '_data': {'accuracy': 0.9895387291908264, 'loss': 0.008763223886489868, 'total_samples': 2103, 'actual_attack': 1621, 'actual_normal': 482, 'predicted_attack': 1623, 'predicted_normal': 480, 'true_positives': 1611, 'true_negatives': 470, 'false_positives': 12, 'false_negatives': 10, 'precision': 0.9926062846580407, 'recall': 0.9938309685379395, 'f1_score': 0.9932182490752157}}
[DEBUG _get_metrics] res_item[1].keys(): ['accuracy', 'loss', 'total_samples', 'actual_attack', 'actual_normal', 'predicted_attack', 'predicted_normal', 'true_positives', 'true_negatives', 'false_positives', 'false_negatives', 'precision', 'recall', 'f1_score'][92mINFO [0m:      
[92mINFO [0m:      [ROUND 44]
[92mINFO [0m:      configure_fit: strategy sampled 4 clients (out of 4)
[92mINFO [0m:      aggregate_fit: received 4 results and 0 failures
[92mINFO [0m:      configure_evaluate: strategy sampled 4 clients (out of 4)
[92mINFO [0m:      aggregate_evaluate: received 4 results and 0 failures

[DEBUG _get_metrics] Extracted from ConfigRecord._data
[DEBUG _get_metrics] res_item[1] type: ConfigRecord
[DEBUG _get_metrics] res_item[1] has metrics attr: False
[DEBUG _get_metrics] res_item[1].__dict__: {'_check_key_fn': <function _check_key at 0x7059b63c8900>, '_check_value_fn': <function _check_value at 0x7059abbb89a0>, '_data': {'accuracy': 0.9890632629394531, 'loss': 0.010116630233824253, 'total_samples': 2103, 'actual_attack': 1621, 'actual_normal': 482, 'predicted_attack': 1612, 'predicted_normal': 491, 'true_positives': 1605, 'true_negatives': 475, 'false_positives': 7, 'false_negatives': 16, 'precision': 0.9956575682382134, 'recall': 0.9901295496607033, 'f1_score': 0.9928858645221157}}
[DEBUG _get_metrics] res_item[1].keys(): ['accuracy', 'loss', 'total_samples', 'actual_attack', 'actual_normal', 'predicted_attack', 'predicted_normal', 'true_positives', 'true_negatives', 'false_positives', 'false_negatives', 'precision', 'recall', 'f1_score']
[DEBUG _get_metrics] Extracted from ConfigRecord._data
[DEBUG _get_metrics] res_item[1] type: ConfigRecord
[DEBUG _get_metrics] res_item[1] has metrics attr: False
[DEBUG _get_metrics] res_item[1].__dict__: {'_check_key_fn': <function _check_key at 0x7059b63c8900>, '_check_value_fn': <function _check_value at 0x7059abbb89a0>, '_data': {'accuracy': 0.9890632629394531, 'loss': 0.010116630233824253, 'total_samples': 2103, 'actual_attack': 1621, 'actual_normal': 482, 'predicted_attack': 1612, 'predicted_normal': 491, 'true_positives': 1605, 'true_negatives': 475, 'false_positives': 7, 'false_negatives': 16, 'precision': 0.9956575682382134, 'recall': 0.9901295496607033, 'f1_score': 0.9928858645221157}}
[DEBUG _get_metrics] res_item[1].keys(): ['accuracy', 'loss', 'total_samples', 'actual_attack', 'actual_normal', 'predicted_attack', 'predicted_normal', 'true_positives', 'true_negatives', 'false_positives', 'false_negatives', 'precision', 'recall', 'f1_score']
[DEBUG _get_metrics] Extracted from ConfigRecord._data
[DEBUG _get_metrics] res_item[1] type: ConfigRecord
[DEBUG _get_metrics] res_item[1] has metrics attr: False
[DEBUG _get_metrics] res_item[1].__dict__: {'_check_key_fn': <function _check_key at 0x7059b63c8900>, '_check_value_fn': <function _check_value at 0x7059abbb89a0>, '_data': {'accuracy': 0.9895387291908264, 'loss': 0.008763223886489868, 'total_samples': 2103, 'actual_attack': 1621, 'actual_normal': 482, 'predicted_attack': 1623, 'predicted_normal': 480, 'true_positives': 1611, 'true_negatives': 470, 'false_positives': 12, 'false_negatives': 10, 'precision': 0.9926062846580407, 'recall': 0.9938309685379395, 'f1_score': 0.9932182490752157}}
[DEBUG _get_metrics] res_item[1].keys(): ['accuracy', 'loss', 'total_samples', 'actual_attack', 'actual_normal', 'predicted_attack', 'predicted_normal', 'true_positives', 'true_negatives', 'false_positives', 'false_negatives', 'precision', 'recall', 'f1_score']
[DEBUG _get_metrics] Extracted from ConfigRecord._data
[DEBUG] Extracted 4 metrics from results

[Evaluation Summary]
============================================================
Round: 43 / 100
Accuracy (mean):  0.9893  (98.93%)
Loss:             0.0094
[Per-Device Accuracy]
  - Device 0:  0.9895  (98.95%)
  - Device 1:  0.9891  (98.91%)
  - Device 2:  0.9891  (98.91%)
  - Device 3:  0.9895  (98.95%)

[Ground Truth]
  - Attack samples: 1621
  - Normal samples: 482
  - Total samples:  2103

[Predictions]
  - Predicted Attack:  1623
  - Predicted Normal:  480

[Confusion Matrix]
  - True Positives (TP):  1611
  - True Negatives (TN):  470
  - False Positives (FP): 12
  - False Negatives (FN): 10

[Metrics]
  - Precision:  0.9941  (99.41%)
  - Recall:     0.9920  (99.20%)
  - F1-Score:   0.9931  (99.31%)
============================================================

[36m(ClientAppActor pid=745762)[0m [Client 1] Class weights (smoothed): {0: 1.0, 1: 1.0}[32m [repeated 16x across cluster][0m
[DEBUG] evaluate_metrics_aggregation_fn called with 4 results
[DEBUG] results type: <class 'list'>
[DEBUG] First result type: <class 'tuple'>
[DEBUG] First result length: 2
[DEBUG] results[0][0] type: <class 'int'>
[DEBUG] results[0][1] type: <class 'flwr.app.message.configrecord.ConfigRecord'>
[DEBUG _get_metrics] res_item[1] type: ConfigRecord
[DEBUG _get_metrics] res_item[1] has metrics attr: False
[DEBUG _get_metrics] res_item[1].__dict__: {'_check_key_fn': <function _check_key at 0x7059b63c8900>, '_check_value_fn': <function _check_value at 0x7059abbb89a0>, '_data': {'accuracy': 0.9885877370834351, 'loss': 0.010492575354874134, 'total_samples': 2103, 'actual_attack': 1621, 'actual_normal': 482, 'predicted_attack': 1611, 'predicted_normal': 492, 'true_positives': 1604, 'true_negatives': 475, 'false_positives': 7, 'false_negatives': 17, 'precision': 0.9956548727498448, 'recall': 0.9895126465144972, 'f1_score': 0.9925742574257426}}
[DEBUG _get_metrics] res_item[1].keys(): ['accuracy', 'loss', 'total_samples', 'actual_attack', 'actual_normal', 'predicted_attack', 'predicted_normal', 'true_positives', 'true_negatives', 'false_positives', 'false_negatives', 'precision', 'recall', 'f1_score']
[DEBUG _get_metrics] Extracted from ConfigRecord._data
[DEBUG _get_metrics] res_item[1] type: ConfigRecord
[DEBUG _get_metrics] res_item[1] has metrics attr: False
[DEBUG _get_metrics] res_item[1].__dict__: {'_check_key_fn': <function _check_key at 0x7059b63c8900>, '_check_value_fn': <function _check_value at 0x7059abbb89a0>, '_data': {'accuracy': 0.9885877370834351, 'loss': 0.010492575354874134, 'total_samples': 2103, 'actual_attack': 1621, 'actual_normal': 482, 'predicted_attack': 1611, 'predicted_normal': 492, 'true_positives': 1604, 'true_negatives': 475, 'false_positives': 7, 'false_negatives': 17, 'precision': 0.9956548727498448, 'recall': 0.9895126465144972, 'f1_score': 0.9925742574257426}}
[DEBUG _get_metrics] res_item[1].keys(): ['accuracy', 'loss', 'total_samples', 'actual_attack', 'actual_normal', 'predicted_attack', 'predicted_normal', 'true_positives', 'true_negatives', 'false_positives', 'false_negatives', 'precision', 'recall', 'f1_score']
[DEBUG _get_metrics] Extracted from ConfigRecord._data
[DEBUG _get_metrics] res_item[1] type: ConfigRecord
[DEBUG _get_metrics] res_item[1] has metrics attr: False
[DEBUG _get_metrics] res_item[1].__dict__: {'_check_key_fn': <function _check_key at 0x7059b63c8900>, '_check_value_fn': <function _check_value at 0x7059abbb89a0>, '_data': {'accuracy': 0.9885877370834351, 'loss': 0.008946225978434086, 'total_samples': 2103, 'actual_attack': 1621, 'actual_normal': 482, 'predicted_attack': 1621, 'predicted_normal': 482, 'true_positives': 1609, 'true_negatives': 470, 'false_positives': 12, 'false_negatives': 12, 'precision': 0.9925971622455274, 'recall': 0.9925971622455274, 'f1_score': 0.9925971622455274}}
[DEBUG _get_metrics] res_item[1].keys(): ['accuracy', 'loss', 'total_samples', 'actual_attack', 'actual_normal', 'predicted_attack', 'predicted_normal', 'true_positives', 'true_negatives', 'false_positives', 'false_negatives', 'precision', 'recall', 'f1_score']
[DEBUG _get_metrics] Extracted from ConfigRecord._data
[DEBUG _get_metrics] res_item[1] type: ConfigRecord
[DEBUG _get_metrics] res_item[1] has metrics attr: False
[DEBUG _get_metrics] res_item[1].__dict__: {'_check_key_fn': <function _check_key at 0x7059b63c8900>, '_check_value_fn': <function _check_value at 0x7059abbb89a0>, '_data': {'accuracy': 0.9885877370834351, 'loss': 0.008946225978434086, 'total_samples': 2103, 'actual_attack': 1621, 'actual_normal': 482, 'predicted_attack': 1621, 'predicted_normal': 482, 'true_positives': 1609, 'true_negatives': 470, 'false_positives': 12, 'false_negatives': 12, 'precision': 0.9925971622455274, 'recall': 0.9925971622455274, 'f1_score': 0.9925971622455274}}
[DEBUG _get_metrics] res_item[1].keys(): ['accuracy', 'loss', 'total_samples', 'actual_attack', 'actual_normal', 'predicted_attack', 'predicted_normal', 'true_positives', 'true_negatives', 'false_positives', 'false_negatives', 'precision', 'recall', 'f1_score']
[DEBUG _get_metrics] Extracted from ConfigRecord._data
[DEBUG] Extracted 4 metrics from results

[Evaluation Summary]
============================================================[92mINFO [0m:      
[92mINFO [0m:      [ROUND 45]
[92mINFO [0m:      configure_fit: strategy sampled 4 clients (out of 4)
[92mINFO [0m:      aggregate_fit: received 4 results and 0 failures
[92mINFO [0m:      configure_evaluate: strategy sampled 4 clients (out of 4)
[92mINFO [0m:      aggregate_evaluate: received 4 results and 0 failures
[92mINFO [0m:      
[92mINFO [0m:      [ROUND 46]
[92mINFO [0m:      configure_fit: strategy sampled 4 clients (out of 4)
[92mINFO [0m:      aggregate_fit: received 4 results and 0 failures
[92mINFO [0m:      configure_evaluate: strategy sampled 4 clients (out of 4)
[92mINFO [0m:      aggregate_evaluate: received 4 results and 0 failures

Round: 44 / 100
Accuracy (mean):  0.9886  (98.86%)
Loss:             0.0097
[Per-Device Accuracy]
  - Device 0:  0.9886  (98.86%)
  - Device 1:  0.9886  (98.86%)
  - Device 2:  0.9886  (98.86%)
  - Device 3:  0.9886  (98.86%)

[Ground Truth]
  - Attack samples: 1621
  - Normal samples: 482
  - Total samples:  2103

[Predictions]
  - Predicted Attack:  1611
  - Predicted Normal:  492

[Confusion Matrix]
  - True Positives (TP):  1604
  - True Negatives (TN):  475
  - False Positives (FP): 7
  - False Negatives (FN): 17

[Metrics]
  - Precision:  0.9941  (99.41%)
  - Recall:     0.9911  (99.11%)
  - F1-Score:   0.9926  (99.26%)
============================================================

[Round 45] Client contributions:
  Client samples: 29,184 (weight: 0.2500)
  Client samples: 29,184 (weight: 0.2500)
  Client samples: 29,186 (weight: 0.2500)
  Client samples: 29,186 (weight: 0.2500)
[DEBUG] evaluate_metrics_aggregation_fn called with 4 results
[DEBUG] results type: <class 'list'>
[DEBUG] First result type: <class 'tuple'>
[DEBUG] First result length: 2
[DEBUG] results[0][0] type: <class 'int'>
[DEBUG] results[0][1] type: <class 'flwr.app.message.configrecord.ConfigRecord'>
[DEBUG _get_metrics] res_item[1] type: ConfigRecord
[DEBUG _get_metrics] res_item[1] has metrics attr: False
[DEBUG _get_metrics] res_item[1].__dict__: {'_check_key_fn': <function _check_key at 0x7059b63c8900>, '_check_value_fn': <function _check_value at 0x7059abbb89a0>, '_data': {'accuracy': 0.988112211227417, 'loss': 0.008925385773181915, 'total_samples': 2103, 'actual_attack': 1621, 'actual_normal': 482, 'predicted_attack': 1620, 'predicted_normal': 483, 'true_positives': 1608, 'true_negatives': 470, 'false_positives': 12, 'false_negatives': 13, 'precision': 0.9925925925925926, 'recall': 0.9919802590993214, 'f1_score': 0.9922863313792041}}
[DEBUG _get_metrics] res_item[1].keys(): ['accuracy', 'loss', 'total_samples', 'actual_attack', 'actual_normal', 'predicted_attack', 'predicted_normal', 'true_positives', 'true_negatives', 'false_positives', 'false_negatives', 'precision', 'recall', 'f1_score']
[DEBUG _get_metrics] Extracted from ConfigRecord._data
[DEBUG _get_metrics] res_item[1] type: ConfigRecord
[DEBUG _get_metrics] res_item[1] has metrics attr: False
[DEBUG _get_metrics] res_item[1].__dict__: {'_check_key_fn': <function _check_key at 0x7059b63c8900>, '_check_value_fn': <function _check_value at 0x7059abbb89a0>, '_data': {'accuracy': 0.988112211227417, 'loss': 0.01057951245456934, 'total_samples': 2103, 'actual_attack': 1621, 'actual_normal': 482, 'predicted_attack': 1610, 'predicted_normal': 493, 'true_positives': 1603, 'true_negatives': 475, 'false_positives': 7, 'false_negatives': 18, 'precision': 0.9956521739130435, 'recall': 0.9888957433682912, 'f1_score': 0.992262457443516}}
[DEBUG _get_metrics] res_item[1].keys(): ['accuracy', 'loss', 'total_samples', 'actual_attack', 'actual_normal', 'predicted_attack', 'predicted_normal', 'true_positives', 'true_negatives', 'false_positives', 'false_negatives', 'precision', 'recall', 'f1_score']
[DEBUG _get_metrics] Extracted from ConfigRecord._data
[DEBUG _get_metrics] res_item[1] type: ConfigRecord
[DEBUG _get_metrics] res_item[1] has metrics attr: False
[DEBUG _get_metrics] res_item[1].__dict__: {'_check_key_fn': <function _check_key at 0x7059b63c8900>, '_check_value_fn': <function _check_value at 0x7059abbb89a0>, '_data': {'accuracy': 0.988112211227417, 'loss': 0.01057951245456934, 'total_samples': 2103, 'actual_attack': 1621, 'actual_normal': 482, 'predicted_attack': 1610, 'predicted_normal': 493, 'true_positives': 1603, 'true_negatives': 475, 'false_positives': 7, 'false_negatives': 18, 'precision': 0.9956521739130435, 'recall': 0.9888957433682912, 'f1_score': 0.992262457443516}}
[DEBUG _get_metrics] res_item[1].keys(): ['accuracy', 'loss', 'total_samples', 'actual_attack', 'actual_normal', 'predicted_attack', 'predicted_normal', 'true_positives', 'true_negatives', 'false_positives', 'false_negatives', 'precision', 'recall', 'f1_score']
[DEBUG _get_metrics] Extracted from ConfigRecord._data
[DEBUG _get_metrics] res_item[1] type: ConfigRecord
[DEBUG _get_metrics] res_item[1] has metrics attr: False
[DEBUG _get_metrics] res_item[1].__dict__: {'_check_key_fn': <function _check_key at 0x7059b63c8900>, '_check_value_fn': <function _check_value at 0x7059abbb89a0>, '_data': {'accuracy': 0.988112211227417, 'loss': 0.008925385773181915, 'total_samples': 2103, 'actual_attack': 1621, 'actual_normal': 482, 'predicted_attack': 1620, 'predicted_normal': 483, 'true_positives': 1608, 'true_negatives': 470, 'false_positives': 12, 'false_negatives': 13, 'precision': 0.9925925925925926, 'recall': 0.9919802590993214, 'f1_score': 0.9922863313792041}}
[DEBUG _get_metrics] res_item[1].keys(): ['accuracy', 'loss', 'total_samples', 'actual_attack', 'actual_normal', 'predicted_attack', 'predicted_normal', 'true_positives', 'true_negatives', 'false_positives', 'false_negatives', 'precision', 'recall', 'f1_score']
[DEBUG _get_metrics] Extracted from ConfigRecord._data
[DEBUG] Extracted 4 metrics from results

[Evaluation Summary]
============================================================
Round: 45 / 100
Accuracy (mean):  0.9881  (98.81%)
Loss:             0.0098
[Per-Device Accuracy]
  - Device 0:  0.9881  (98.81%)
  - Device 1:  0.9881  (98.81%)
  - Device 2:  0.9881  (98.81%)
  - Device 3:  0.9881  (98.81%)

[Ground Truth]
  - Attack samples: 1621
  - Normal samples: 482
  - Total samples:  2103

[Predictions]
  - Predicted Attack:  1620
  - Predicted Normal:  483

[Confusion Matrix]
  - True Positives (TP):  1608
  - True Negatives (TN):  470
  - False Positives (FP): 12
  - False Negatives (FN): 13

[Metrics]
  - Precision:  0.9941  (99.41%)
  - Recall:     0.9904  (99.04%)
  - F1-Score:   0.9923  (99.23%)
============================================================

[36m(ClientAppActor pid=745753)[0m [Client 2] Class weights (smoothed): {0: 1.0, 1: 1.0}[32m [repeated 16x across cluster][0m
[DEBUG] evaluate_metrics_aggregation_fn called with 4 results
[DEBUG] results type: <class 'list'>
[DEBUG] First result type: <class 'tuple'>
[DEBUG] First result length: 2
[DEBUG] results[0][0] type: <class 'int'>
[DEBUG] results[0][1] type: <class 'flwr.app.message.configrecord.ConfigRecord'>
[DEBUG _get_metrics] res_item[1] type: ConfigRecord
[DEBUG _get_metrics] res_item[1] has metrics attr: False
[DEBUG _get_metrics] res_item[1].__dict__: {'_check_key_fn': <function _check_key at 0x7059b63c8900>, '_check_value_fn': <function _check_value at 0x7059abbb89a0>, '_data': {'accuracy': 0.9876366853713989, 'loss': 0.008877653628587723, 'total_samples': 2103, 'actual_attack': 1621, 'actual_normal': 482, 'predicted_attack': 1619, 'predicted_normal': 484, 'true_positives': 1607, 'true_negatives': 470, 'false_positives': 12, 'false_negatives': 14, 'precision': 0.9925880172946263, 'recall': 0.9913633559531153, 'f1_score': 0.9919753086419754}}
[DEBUG _get_metrics] res_item[1].keys(): ['accuracy', 'loss', 'total_samples', 'actual_attack', 'actual_normal', 'predicted_attack', 'predicted_normal', 'true_positives', 'true_negatives', 'false_positives', 'false_negatives', 'precision', 'recall', 'f1_score']
[DEBUG _get_metrics] Extracted from ConfigRecord._data
[DEBUG _get_metrics] res_item[1] type: ConfigRecord
[DEBUG _get_metrics] res_item[1] has metrics attr: False
[DEBUG _get_metrics] res_item[1].__dict__: {'_check_key_fn': <function _check_key at 0x7059b63c8900>, '_check_value_fn': <function _check_value at 0x7059abbb89a0>, '_data': {'accuracy': 0.988112211227417, 'loss': 0.010644770227372646, 'total_samples': 2103, 'actual_attack': 1621, 'actual_normal': 482, 'predicted_attack': 1610, 'predicted_normal': 493, 'true_positives': 1603, 'true_negatives': 475, 'false_positives': 7, 'false_negatives': 18, 'precision': 0.9956521739130435, 'recall': 0.9888957433682912, 'f1_score': 0.992262457443516}}
[DEBUG _get_metrics] res_item[1].keys(): ['accuracy', 'loss', 'total_samples', 'actual_attack', 'actual_normal', 'predicted_attack', 'predicted_normal', 'true_positives', 'true_negatives', 'false_positives', 'false_negatives', 'precision', 'recall', 'f1_score'][92mINFO [0m:      
[92mINFO [0m:      [ROUND 47]
[92mINFO [0m:      configure_fit: strategy sampled 4 clients (out of 4)
[92mINFO [0m:      aggregate_fit: received 4 results and 0 failures
[92mINFO [0m:      configure_evaluate: strategy sampled 4 clients (out of 4)
[92mINFO [0m:      aggregate_evaluate: received 4 results and 0 failures
[92mINFO [0m:      
[92mINFO [0m:      [ROUND 48]
[92mINFO [0m:      configure_fit: strategy sampled 4 clients (out of 4)
[92mINFO [0m:      aggregate_fit: received 4 results and 0 failures
[92mINFO [0m:      configure_evaluate: strategy sampled 4 clients (out of 4)
[92mINFO [0m:      aggregate_evaluate: received 4 results and 0 failures

[DEBUG _get_metrics] Extracted from ConfigRecord._data
[DEBUG _get_metrics] res_item[1] type: ConfigRecord
[DEBUG _get_metrics] res_item[1] has metrics attr: False
[DEBUG _get_metrics] res_item[1].__dict__: {'_check_key_fn': <function _check_key at 0x7059b63c8900>, '_check_value_fn': <function _check_value at 0x7059abbb89a0>, '_data': {'accuracy': 0.988112211227417, 'loss': 0.010644770227372646, 'total_samples': 2103, 'actual_attack': 1621, 'actual_normal': 482, 'predicted_attack': 1610, 'predicted_normal': 493, 'true_positives': 1603, 'true_negatives': 475, 'false_positives': 7, 'false_negatives': 18, 'precision': 0.9956521739130435, 'recall': 0.9888957433682912, 'f1_score': 0.992262457443516}}
[DEBUG _get_metrics] res_item[1].keys(): ['accuracy', 'loss', 'total_samples', 'actual_attack', 'actual_normal', 'predicted_attack', 'predicted_normal', 'true_positives', 'true_negatives', 'false_positives', 'false_negatives', 'precision', 'recall', 'f1_score']
[DEBUG _get_metrics] Extracted from ConfigRecord._data
[DEBUG _get_metrics] res_item[1] type: ConfigRecord
[DEBUG _get_metrics] res_item[1] has metrics attr: False
[DEBUG _get_metrics] res_item[1].__dict__: {'_check_key_fn': <function _check_key at 0x7059b63c8900>, '_check_value_fn': <function _check_value at 0x7059abbb89a0>, '_data': {'accuracy': 0.9876366853713989, 'loss': 0.008877653628587723, 'total_samples': 2103, 'actual_attack': 1621, 'actual_normal': 482, 'predicted_attack': 1619, 'predicted_normal': 484, 'true_positives': 1607, 'true_negatives': 470, 'false_positives': 12, 'false_negatives': 14, 'precision': 0.9925880172946263, 'recall': 0.9913633559531153, 'f1_score': 0.9919753086419754}}
[DEBUG _get_metrics] res_item[1].keys(): ['accuracy', 'loss', 'total_samples', 'actual_attack', 'actual_normal', 'predicted_attack', 'predicted_normal', 'true_positives', 'true_negatives', 'false_positives', 'false_negatives', 'precision', 'recall', 'f1_score']
[DEBUG _get_metrics] Extracted from ConfigRecord._data
[DEBUG] Extracted 4 metrics from results

[Evaluation Summary]
============================================================
Round: 46 / 100
Accuracy (mean):  0.9879  (98.79%)
Loss:             0.0098
[Per-Device Accuracy]
  - Device 0:  0.9876  (98.76%)
  - Device 1:  0.9881  (98.81%)
  - Device 2:  0.9881  (98.81%)
  - Device 3:  0.9876  (98.76%)

[Ground Truth]
  - Attack samples: 1621
  - Normal samples: 482
  - Total samples:  2103

[Predictions]
  - Predicted Attack:  1619
  - Predicted Normal:  484

[Confusion Matrix]
  - True Positives (TP):  1607
  - True Negatives (TN):  470
  - False Positives (FP): 12
  - False Negatives (FN): 14

[Metrics]
  - Precision:  0.9941  (99.41%)
  - Recall:     0.9901  (99.01%)
  - F1-Score:   0.9921  (99.21%)
============================================================

[DEBUG] evaluate_metrics_aggregation_fn called with 4 results
[DEBUG] results type: <class 'list'>
[DEBUG] First result type: <class 'tuple'>
[DEBUG] First result length: 2
[DEBUG] results[0][0] type: <class 'int'>
[DEBUG] results[0][1] type: <class 'flwr.app.message.configrecord.ConfigRecord'>
[DEBUG _get_metrics] res_item[1] type: ConfigRecord
[DEBUG _get_metrics] res_item[1] has metrics attr: False
[DEBUG _get_metrics] res_item[1].__dict__: {'_check_key_fn': <function _check_key at 0x7059b63c8900>, '_check_value_fn': <function _check_value at 0x7059abbb89a0>, '_data': {'accuracy': 0.988112211227417, 'loss': 0.008786393329501152, 'total_samples': 2103, 'actual_attack': 1621, 'actual_normal': 482, 'predicted_attack': 1620, 'predicted_normal': 483, 'true_positives': 1608, 'true_negatives': 470, 'false_positives': 12, 'false_negatives': 13, 'precision': 0.9925925925925926, 'recall': 0.9919802590993214, 'f1_score': 0.9922863313792041}}
[DEBUG _get_metrics] res_item[1].keys(): ['accuracy', 'loss', 'total_samples', 'actual_attack', 'actual_normal', 'predicted_attack', 'predicted_normal', 'true_positives', 'true_negatives', 'false_positives', 'false_negatives', 'precision', 'recall', 'f1_score']
[DEBUG _get_metrics] Extracted from ConfigRecord._data
[DEBUG _get_metrics] res_item[1] type: ConfigRecord
[DEBUG _get_metrics] res_item[1] has metrics attr: False
[DEBUG _get_metrics] res_item[1].__dict__: {'_check_key_fn': <function _check_key at 0x7059b63c8900>, '_check_value_fn': <function _check_value at 0x7059abbb89a0>, '_data': {'accuracy': 0.988112211227417, 'loss': 0.008786393329501152, 'total_samples': 2103, 'actual_attack': 1621, 'actual_normal': 482, 'predicted_attack': 1620, 'predicted_normal': 483, 'true_positives': 1608, 'true_negatives': 470, 'false_positives': 12, 'false_negatives': 13, 'precision': 0.9925925925925926, 'recall': 0.9919802590993214, 'f1_score': 0.9922863313792041}}
[DEBUG _get_metrics] res_item[1].keys(): ['accuracy', 'loss', 'total_samples', 'actual_attack', 'actual_normal', 'predicted_attack', 'predicted_normal', 'true_positives', 'true_negatives', 'false_positives', 'false_negatives', 'precision', 'recall', 'f1_score']
[DEBUG _get_metrics] Extracted from ConfigRecord._data
[DEBUG _get_metrics] res_item[1] type: ConfigRecord
[DEBUG _get_metrics] res_item[1] has metrics attr: False
[DEBUG _get_metrics] res_item[1].__dict__: {'_check_key_fn': <function _check_key at 0x7059b63c8900>, '_check_value_fn': <function _check_value at 0x7059abbb89a0>, '_data': {'accuracy': 0.988112211227417, 'loss': 0.010819770395755768, 'total_samples': 2103, 'actual_attack': 1621, 'actual_normal': 482, 'predicted_attack': 1610, 'predicted_normal': 493, 'true_positives': 1603, 'true_negatives': 475, 'false_positives': 7, 'false_negatives': 18, 'precision': 0.9956521739130435, 'recall': 0.9888957433682912, 'f1_score': 0.992262457443516}}
[DEBUG _get_metrics] res_item[1].keys(): ['accuracy', 'loss', 'total_samples', 'actual_attack', 'actual_normal', 'predicted_attack', 'predicted_normal', 'true_positives', 'true_negatives', 'false_positives', 'false_negatives', 'precision', 'recall', 'f1_score']
[DEBUG _get_metrics] Extracted from ConfigRecord._data
[DEBUG _get_metrics] res_item[1] type: ConfigRecord
[DEBUG _get_metrics] res_item[1] has metrics attr: False
[DEBUG _get_metrics] res_item[1].__dict__: {'_check_key_fn': <function _check_key at 0x7059b63c8900>, '_check_value_fn': <function _check_value at 0x7059abbb89a0>, '_data': {'accuracy': 0.988112211227417, 'loss': 0.010819770395755768, 'total_samples': 2103, 'actual_attack': 1621, 'actual_normal': 482, 'predicted_attack': 1610, 'predicted_normal': 493, 'true_positives': 1603, 'true_negatives': 475, 'false_positives': 7, 'false_negatives': 18, 'precision': 0.9956521739130435, 'recall': 0.9888957433682912, 'f1_score': 0.992262457443516}}
[DEBUG _get_metrics] res_item[1].keys(): ['accuracy', 'loss', 'total_samples', 'actual_attack', 'actual_normal', 'predicted_attack', 'predicted_normal', 'true_positives', 'true_negatives', 'false_positives', 'false_negatives', 'precision', 'recall', 'f1_score']
[DEBUG _get_metrics] Extracted from ConfigRecord._data
[DEBUG] Extracted 4 metrics from results

[Evaluation Summary]
============================================================
Round: 47 / 100
Accuracy (mean):  0.9881  (98.81%)
Loss:             0.0098
[Per-Device Accuracy]
  - Device 0:  0.9881  (98.81%)
  - Device 1:  0.9881  (98.81%)
  - Device 2:  0.9881  (98.81%)
  - Device 3:  0.9881  (98.81%)

[Ground Truth]
  - Attack samples: 1621
  - Normal samples: 482
  - Total samples:  2103

[Predictions]
  - Predicted Attack:  1620
  - Predicted Normal:  483

[Confusion Matrix]
  - True Positives (TP):  1608
  - True Negatives (TN):  470
  - False Positives (FP): 12
  - False Negatives (FN): 13

[Metrics]
  - Precision:  0.9941  (99.41%)
  - Recall:     0.9904  (99.04%)
  - F1-Score:   0.9923  (99.23%)
============================================================

[36m(ClientAppActor pid=745753)[0m [Client 2] Class weights (smoothed): {0: 1.0, 1: 1.0}[32m [repeated 16x across cluster][0m
[DEBUG] evaluate_metrics_aggregation_fn called with 4 results
[DEBUG] results type: <class 'list'>
[DEBUG] First result type: <class 'tuple'>
[DEBUG] First result length: 2
[DEBUG] results[0][0] type: <class 'int'>
[DEBUG] results[0][1] type: <class 'flwr.app.message.configrecord.ConfigRecord'>[92mINFO [0m:      
[92mINFO [0m:      [ROUND 49]
[92mINFO [0m:      configure_fit: strategy sampled 4 clients (out of 4)
[92mINFO [0m:      aggregate_fit: received 4 results and 0 failures
[92mINFO [0m:      configure_evaluate: strategy sampled 4 clients (out of 4)
[92mINFO [0m:      aggregate_evaluate: received 4 results and 0 failures

[DEBUG _get_metrics] res_item[1] type: ConfigRecord
[DEBUG _get_metrics] res_item[1] has metrics attr: False
[DEBUG _get_metrics] res_item[1].__dict__: {'_check_key_fn': <function _check_key at 0x7059b63c8900>, '_check_value_fn': <function _check_value at 0x7059abbb89a0>, '_data': {'accuracy': 0.988112211227417, 'loss': 0.010721085593104362, 'total_samples': 2103, 'actual_attack': 1621, 'actual_normal': 482, 'predicted_attack': 1610, 'predicted_normal': 493, 'true_positives': 1603, 'true_negatives': 475, 'false_positives': 7, 'false_negatives': 18, 'precision': 0.9956521739130435, 'recall': 0.9888957433682912, 'f1_score': 0.992262457443516}}
[DEBUG _get_metrics] res_item[1].keys(): ['accuracy', 'loss', 'total_samples', 'actual_attack', 'actual_normal', 'predicted_attack', 'predicted_normal', 'true_positives', 'true_negatives', 'false_positives', 'false_negatives', 'precision', 'recall', 'f1_score']
[DEBUG _get_metrics] Extracted from ConfigRecord._data
[DEBUG _get_metrics] res_item[1] type: ConfigRecord
[DEBUG _get_metrics] res_item[1] has metrics attr: False
[DEBUG _get_metrics] res_item[1].__dict__: {'_check_key_fn': <function _check_key at 0x7059b63c8900>, '_check_value_fn': <function _check_value at 0x7059abbb89a0>, '_data': {'accuracy': 0.9890632629394531, 'loss': 0.008645165711641312, 'total_samples': 2103, 'actual_attack': 1621, 'actual_normal': 482, 'predicted_attack': 1622, 'predicted_normal': 481, 'true_positives': 1610, 'true_negatives': 470, 'false_positives': 12, 'false_negatives': 11, 'precision': 0.9926017262638718, 'recall': 0.9932140653917335, 'f1_score': 0.9929078014184398}}
[DEBUG _get_metrics] res_item[1].keys(): ['accuracy', 'loss', 'total_samples', 'actual_attack', 'actual_normal', 'predicted_attack', 'predicted_normal', 'true_positives', 'true_negatives', 'false_positives', 'false_negatives', 'precision', 'recall', 'f1_score']
[DEBUG _get_metrics] Extracted from ConfigRecord._data
[DEBUG _get_metrics] res_item[1] type: ConfigRecord
[DEBUG _get_metrics] res_item[1] has metrics attr: False
[DEBUG _get_metrics] res_item[1].__dict__: {'_check_key_fn': <function _check_key at 0x7059b63c8900>, '_check_value_fn': <function _check_value at 0x7059abbb89a0>, '_data': {'accuracy': 0.988112211227417, 'loss': 0.010721085593104362, 'total_samples': 2103, 'actual_attack': 1621, 'actual_normal': 482, 'predicted_attack': 1610, 'predicted_normal': 493, 'true_positives': 1603, 'true_negatives': 475, 'false_positives': 7, 'false_negatives': 18, 'precision': 0.9956521739130435, 'recall': 0.9888957433682912, 'f1_score': 0.992262457443516}}
[DEBUG _get_metrics] res_item[1].keys(): ['accuracy', 'loss', 'total_samples', 'actual_attack', 'actual_normal', 'predicted_attack', 'predicted_normal', 'true_positives', 'true_negatives', 'false_positives', 'false_negatives', 'precision', 'recall', 'f1_score']
[DEBUG _get_metrics] Extracted from ConfigRecord._data
[DEBUG _get_metrics] res_item[1] type: ConfigRecord
[DEBUG _get_metrics] res_item[1] has metrics attr: False
[DEBUG _get_metrics] res_item[1].__dict__: {'_check_key_fn': <function _check_key at 0x7059b63c8900>, '_check_value_fn': <function _check_value at 0x7059abbb89a0>, '_data': {'accuracy': 0.9890632629394531, 'loss': 0.008645165711641312, 'total_samples': 2103, 'actual_attack': 1621, 'actual_normal': 482, 'predicted_attack': 1622, 'predicted_normal': 481, 'true_positives': 1610, 'true_negatives': 470, 'false_positives': 12, 'false_negatives': 11, 'precision': 0.9926017262638718, 'recall': 0.9932140653917335, 'f1_score': 0.9929078014184398}}
[DEBUG _get_metrics] res_item[1].keys(): ['accuracy', 'loss', 'total_samples', 'actual_attack', 'actual_normal', 'predicted_attack', 'predicted_normal', 'true_positives', 'true_negatives', 'false_positives', 'false_negatives', 'precision', 'recall', 'f1_score']
[DEBUG _get_metrics] Extracted from ConfigRecord._data
[DEBUG] Extracted 4 metrics from results

[Evaluation Summary]
============================================================
Round: 48 / 100
Accuracy (mean):  0.9886  (98.86%)
Loss:             0.0097
[Per-Device Accuracy]
  - Device 0:  0.9881  (98.81%)
  - Device 1:  0.9891  (98.91%)
  - Device 2:  0.9881  (98.81%)
  - Device 3:  0.9891  (98.91%)

[Ground Truth]
  - Attack samples: 1621
  - Normal samples: 482
  - Total samples:  2103

[Predictions]
  - Predicted Attack:  1610
  - Predicted Normal:  493

[Confusion Matrix]
  - True Positives (TP):  1603
  - True Negatives (TN):  475
  - False Positives (FP): 7
  - False Negatives (FN): 18

[Metrics]
  - Precision:  0.9941  (99.41%)
  - Recall:     0.9911  (99.11%)
  - F1-Score:   0.9926  (99.26%)
============================================================

[DEBUG] evaluate_metrics_aggregation_fn called with 4 results
[DEBUG] results type: <class 'list'>
[DEBUG] First result type: <class 'tuple'>
[DEBUG] First result length: 2
[DEBUG] results[0][0] type: <class 'int'>
[DEBUG] results[0][1] type: <class 'flwr.app.message.configrecord.ConfigRecord'>
[DEBUG _get_metrics] res_item[1] type: ConfigRecord
[DEBUG _get_metrics] res_item[1] has metrics attr: False
[DEBUG _get_metrics] res_item[1].__dict__: {'_check_key_fn': <function _check_key at 0x7059b63c8900>, '_check_value_fn': <function _check_value at 0x7059abbb89a0>, '_data': {'accuracy': 0.9885877370834351, 'loss': 0.008710579015314579, 'total_samples': 2103, 'actual_attack': 1621, 'actual_normal': 482, 'predicted_attack': 1621, 'predicted_normal': 482, 'true_positives': 1609, 'true_negatives': 470, 'false_positives': 12, 'false_negatives': 12, 'precision': 0.9925971622455274, 'recall': 0.9925971622455274, 'f1_score': 0.9925971622455274}}
[DEBUG _get_metrics] res_item[1].keys(): ['accuracy', 'loss', 'total_samples', 'actual_attack', 'actual_normal', 'predicted_attack', 'predicted_normal', 'true_positives', 'true_negatives', 'false_positives', 'false_negatives', 'precision', 'recall', 'f1_score']
[DEBUG _get_metrics] Extracted from ConfigRecord._data
[DEBUG _get_metrics] res_item[1] type: ConfigRecord
[DEBUG _get_metrics] res_item[1] has metrics attr: False
[DEBUG _get_metrics] res_item[1].__dict__: {'_check_key_fn': <function _check_key at 0x7059b63c8900>, '_check_value_fn': <function _check_value at 0x7059abbb89a0>, '_data': {'accuracy': 0.9890632629394531, 'loss': 0.010954996570944786, 'total_samples': 2103, 'actual_attack': 1621, 'actual_normal': 482, 'predicted_attack': 1612, 'predicted_normal': 491, 'true_positives': 1605, 'true_negatives': 475, 'false_positives': 7, 'false_negatives': 16, 'precision': 0.9956575682382134, 'recall': 0.9901295496607033, 'f1_score': 0.9928858645221157}}
[DEBUG _get_metrics] res_item[1].keys(): ['accuracy', 'loss', 'total_samples', 'actual_attack', 'actual_normal', 'predicted_attack', 'predicted_normal', 'true_positives', 'true_negatives', 'false_positives', 'false_negatives', 'precision', 'recall', 'f1_score']
[DEBUG _get_metrics] Extracted from ConfigRecord._data
[DEBUG _get_metrics] res_item[1] type: ConfigRecord
[DEBUG _get_metrics] res_item[1] has metrics attr: False
[DEBUG _get_metrics] res_item[1].__dict__: {'_check_key_fn': <function _check_key at 0x7059b63c8900>, '_check_value_fn': <function _check_value at 0x7059abbb89a0>, '_data': {'accuracy': 0.9885877370834351, 'loss': 0.008710579015314579, 'total_samples': 2103, 'actual_attack': 1621, 'actual_normal': 482, 'predicted_attack': 1621, 'predicted_normal': 482, 'true_positives': 1609, 'true_negatives': 470, 'false_positives': 12, 'false_negatives': 12, 'precision': 0.9925971622455274, 'recall': 0.9925971622455274, 'f1_score': 0.9925971622455274}}
[DEBUG _get_metrics] res_item[1].keys(): ['accuracy', 'loss', 'total_samples', 'actual_attack', 'actual_normal', 'predicted_attack', 'predicted_normal', 'true_positives', 'true_negatives', 'false_positives', 'false_negatives', 'precision', 'recall', 'f1_score']
[DEBUG _get_metrics] Extracted from ConfigRecord._data
[DEBUG _get_metrics] res_item[1] type: ConfigRecord
[DEBUG _get_metrics] res_item[1] has metrics attr: False
[DEBUG _get_metrics] res_item[1].__dict__: {'_check_key_fn': <function _check_key at 0x7059b63c8900>, '_check_value_fn': <function _check_value at 0x7059abbb89a0>, '_data': {'accuracy': 0.9890632629394531, 'loss': 0.010954996570944786, 'total_samples': 2103, 'actual_attack': 1621, 'actual_normal': 482, 'predicted_attack': 1612, 'predicted_normal': 491, 'true_positives': 1605, 'true_negatives': 475, 'false_positives': 7, 'false_negatives': 16, 'precision': 0.9956575682382134, 'recall': 0.9901295496607033, 'f1_score': 0.9928858645221157}}[92mINFO [0m:      
[92mINFO [0m:      [ROUND 50]
[92mINFO [0m:      configure_fit: strategy sampled 4 clients (out of 4)
[92mINFO [0m:      aggregate_fit: received 4 results and 0 failures
[92mINFO [0m:      configure_evaluate: strategy sampled 4 clients (out of 4)
[92mINFO [0m:      aggregate_evaluate: received 4 results and 0 failures
[92mINFO [0m:      
[92mINFO [0m:      [ROUND 51]
[92mINFO [0m:      configure_fit: strategy sampled 4 clients (out of 4)
[92mINFO [0m:      aggregate_fit: received 4 results and 0 failures
[92mINFO [0m:      configure_evaluate: strategy sampled 4 clients (out of 4)
[92mINFO [0m:      aggregate_evaluate: received 4 results and 0 failures

[DEBUG _get_metrics] res_item[1].keys(): ['accuracy', 'loss', 'total_samples', 'actual_attack', 'actual_normal', 'predicted_attack', 'predicted_normal', 'true_positives', 'true_negatives', 'false_positives', 'false_negatives', 'precision', 'recall', 'f1_score']
[DEBUG _get_metrics] Extracted from ConfigRecord._data
[DEBUG] Extracted 4 metrics from results

[Evaluation Summary]
============================================================
Round: 49 / 100
Accuracy (mean):  0.9888  (98.88%)
Loss:             0.0098
[Per-Device Accuracy]
  - Device 0:  0.9886  (98.86%)
  - Device 1:  0.9891  (98.91%)
  - Device 2:  0.9886  (98.86%)
  - Device 3:  0.9891  (98.91%)

[Ground Truth]
  - Attack samples: 1621
  - Normal samples: 482
  - Total samples:  2103

[Predictions]
  - Predicted Attack:  1621
  - Predicted Normal:  482

[Confusion Matrix]
  - True Positives (TP):  1609
  - True Negatives (TN):  470
  - False Positives (FP): 12
  - False Negatives (FN): 12

[Metrics]
  - Precision:  0.9941  (99.41%)
  - Recall:     0.9914  (99.14%)
  - F1-Score:   0.9927  (99.27%)
============================================================

[Round 50] Client contributions:
  Client samples: 29,184 (weight: 0.2500)
  Client samples: 29,184 (weight: 0.2500)
  Client samples: 29,186 (weight: 0.2500)
  Client samples: 29,186 (weight: 0.2500)
[36m(ClientAppActor pid=745762)[0m [Client 1] Class weights (smoothed): {0: 1.0, 1: 1.0}[32m [repeated 16x across cluster][0m
[DEBUG] evaluate_metrics_aggregation_fn called with 4 results
[DEBUG] results type: <class 'list'>
[DEBUG] First result type: <class 'tuple'>
[DEBUG] First result length: 2
[DEBUG] results[0][0] type: <class 'int'>
[DEBUG] results[0][1] type: <class 'flwr.app.message.configrecord.ConfigRecord'>
[DEBUG _get_metrics] res_item[1] type: ConfigRecord
[DEBUG _get_metrics] res_item[1] has metrics attr: False
[DEBUG _get_metrics] res_item[1].__dict__: {'_check_key_fn': <function _check_key at 0x7059b63c8900>, '_check_value_fn': <function _check_value at 0x7059abbb89a0>, '_data': {'accuracy': 0.9885877370834351, 'loss': 0.011424786411225796, 'total_samples': 2103, 'actual_attack': 1621, 'actual_normal': 482, 'predicted_attack': 1611, 'predicted_normal': 492, 'true_positives': 1604, 'true_negatives': 475, 'false_positives': 7, 'false_negatives': 17, 'precision': 0.9956548727498448, 'recall': 0.9895126465144972, 'f1_score': 0.9925742574257426}}
[DEBUG _get_metrics] res_item[1].keys(): ['accuracy', 'loss', 'total_samples', 'actual_attack', 'actual_normal', 'predicted_attack', 'predicted_normal', 'true_positives', 'true_negatives', 'false_positives', 'false_negatives', 'precision', 'recall', 'f1_score']
[DEBUG _get_metrics] Extracted from ConfigRecord._data
[DEBUG _get_metrics] res_item[1] type: ConfigRecord
[DEBUG _get_metrics] res_item[1] has metrics attr: False
[DEBUG _get_metrics] res_item[1].__dict__: {'_check_key_fn': <function _check_key at 0x7059b63c8900>, '_check_value_fn': <function _check_value at 0x7059abbb89a0>, '_data': {'accuracy': 0.9885877370834351, 'loss': 0.011424786411225796, 'total_samples': 2103, 'actual_attack': 1621, 'actual_normal': 482, 'predicted_attack': 1611, 'predicted_normal': 492, 'true_positives': 1604, 'true_negatives': 475, 'false_positives': 7, 'false_negatives': 17, 'precision': 0.9956548727498448, 'recall': 0.9895126465144972, 'f1_score': 0.9925742574257426}}
[DEBUG _get_metrics] res_item[1].keys(): ['accuracy', 'loss', 'total_samples', 'actual_attack', 'actual_normal', 'predicted_attack', 'predicted_normal', 'true_positives', 'true_negatives', 'false_positives', 'false_negatives', 'precision', 'recall', 'f1_score']
[DEBUG _get_metrics] Extracted from ConfigRecord._data
[DEBUG _get_metrics] res_item[1] type: ConfigRecord
[DEBUG _get_metrics] res_item[1] has metrics attr: False
[DEBUG _get_metrics] res_item[1].__dict__: {'_check_key_fn': <function _check_key at 0x7059b63c8900>, '_check_value_fn': <function _check_value at 0x7059abbb89a0>, '_data': {'accuracy': 0.988112211227417, 'loss': 0.00891047716140747, 'total_samples': 2103, 'actual_attack': 1621, 'actual_normal': 482, 'predicted_attack': 1620, 'predicted_normal': 483, 'true_positives': 1608, 'true_negatives': 470, 'false_positives': 12, 'false_negatives': 13, 'precision': 0.9925925925925926, 'recall': 0.9919802590993214, 'f1_score': 0.9922863313792041}}
[DEBUG _get_metrics] res_item[1].keys(): ['accuracy', 'loss', 'total_samples', 'actual_attack', 'actual_normal', 'predicted_attack', 'predicted_normal', 'true_positives', 'true_negatives', 'false_positives', 'false_negatives', 'precision', 'recall', 'f1_score']
[DEBUG _get_metrics] Extracted from ConfigRecord._data
[DEBUG _get_metrics] res_item[1] type: ConfigRecord
[DEBUG _get_metrics] res_item[1] has metrics attr: False
[DEBUG _get_metrics] res_item[1].__dict__: {'_check_key_fn': <function _check_key at 0x7059b63c8900>, '_check_value_fn': <function _check_value at 0x7059abbb89a0>, '_data': {'accuracy': 0.988112211227417, 'loss': 0.00891047716140747, 'total_samples': 2103, 'actual_attack': 1621, 'actual_normal': 482, 'predicted_attack': 1620, 'predicted_normal': 483, 'true_positives': 1608, 'true_negatives': 470, 'false_positives': 12, 'false_negatives': 13, 'precision': 0.9925925925925926, 'recall': 0.9919802590993214, 'f1_score': 0.9922863313792041}}
[DEBUG _get_metrics] res_item[1].keys(): ['accuracy', 'loss', 'total_samples', 'actual_attack', 'actual_normal', 'predicted_attack', 'predicted_normal', 'true_positives', 'true_negatives', 'false_positives', 'false_negatives', 'precision', 'recall', 'f1_score']
[DEBUG _get_metrics] Extracted from ConfigRecord._data
[DEBUG] Extracted 4 metrics from results

[Evaluation Summary]
============================================================
Round: 50 / 100
Accuracy (mean):  0.9883  (98.83%)
Loss:             0.0102
[Per-Device Accuracy]
  - Device 0:  0.9886  (98.86%)
  - Device 1:  0.9886  (98.86%)
  - Device 2:  0.9881  (98.81%)
  - Device 3:  0.9881  (98.81%)

[Ground Truth]
  - Attack samples: 1621
  - Normal samples: 482
  - Total samples:  2103

[Predictions]
  - Predicted Attack:  1611
  - Predicted Normal:  492

[Confusion Matrix]
  - True Positives (TP):  1604
  - True Negatives (TN):  475
  - False Positives (FP): 7
  - False Negatives (FN): 17

[Metrics]
  - Precision:  0.9941  (99.41%)
  - Recall:     0.9907  (99.07%)
  - F1-Score:   0.9924  (99.24%)
============================================================

[DEBUG] evaluate_metrics_aggregation_fn called with 4 results
[DEBUG] results type: <class 'list'>
[DEBUG] First result type: <class 'tuple'>
[DEBUG] First result length: 2
[DEBUG] results[0][0] type: <class 'int'>
[DEBUG] results[0][1] type: <class 'flwr.app.message.configrecord.ConfigRecord'>
[DEBUG _get_metrics] res_item[1] type: ConfigRecord
[DEBUG _get_metrics] res_item[1] has metrics attr: False
[DEBUG _get_metrics] res_item[1].__dict__: {'_check_key_fn': <function _check_key at 0x7059b63c8900>, '_check_value_fn': <function _check_value at 0x7059abbb89a0>, '_data': {'accuracy': 0.988112211227417, 'loss': 0.009132559411227703, 'total_samples': 2103, 'actual_attack': 1621, 'actual_normal': 482, 'predicted_attack': 1620, 'predicted_normal': 483, 'true_positives': 1608, 'true_negatives': 470, 'false_positives': 12, 'false_negatives': 13, 'precision': 0.9925925925925926, 'recall': 0.9919802590993214, 'f1_score': 0.9922863313792041}}
[DEBUG _get_metrics] res_item[1].keys(): ['accuracy', 'loss', 'total_samples', 'actual_attack', 'actual_normal', 'predicted_attack', 'predicted_normal', 'true_positives', 'true_negatives', 'false_positives', 'false_negatives', 'precision', 'recall', 'f1_score']
[DEBUG _get_metrics] Extracted from ConfigRecord._data
[DEBUG _get_metrics] res_item[1] type: ConfigRecord
[DEBUG _get_metrics] res_item[1] has metrics attr: False
[DEBUG _get_metrics] res_item[1].__dict__: {'_check_key_fn': <function _check_key at 0x7059b63c8900>, '_check_value_fn': <function _check_value at 0x7059abbb89a0>, '_data': {'accuracy': 0.9885877370834351, 'loss': 0.01177157647907734, 'total_samples': 2103, 'actual_attack': 1621, 'actual_normal': 482, 'predicted_attack': 1611, 'predicted_normal': 492, 'true_positives': 1604, 'true_negatives': 475, 'false_positives': 7, 'false_negatives': 17, 'precision': 0.9956548727498448, 'recall': 0.9895126465144972, 'f1_score': 0.9925742574257426}}[92mINFO [0m:      
[92mINFO [0m:      [ROUND 52]
[92mINFO [0m:      configure_fit: strategy sampled 4 clients (out of 4)
[92mINFO [0m:      aggregate_fit: received 4 results and 0 failures
[92mINFO [0m:      configure_evaluate: strategy sampled 4 clients (out of 4)
[92mINFO [0m:      aggregate_evaluate: received 4 results and 0 failures

[DEBUG _get_metrics] res_item[1].keys(): ['accuracy', 'loss', 'total_samples', 'actual_attack', 'actual_normal', 'predicted_attack', 'predicted_normal', 'true_positives', 'true_negatives', 'false_positives', 'false_negatives', 'precision', 'recall', 'f1_score']
[DEBUG _get_metrics] Extracted from ConfigRecord._data
[DEBUG _get_metrics] res_item[1] type: ConfigRecord
[DEBUG _get_metrics] res_item[1] has metrics attr: False
[DEBUG _get_metrics] res_item[1].__dict__: {'_check_key_fn': <function _check_key at 0x7059b63c8900>, '_check_value_fn': <function _check_value at 0x7059abbb89a0>, '_data': {'accuracy': 0.988112211227417, 'loss': 0.009132559411227703, 'total_samples': 2103, 'actual_attack': 1621, 'actual_normal': 482, 'predicted_attack': 1620, 'predicted_normal': 483, 'true_positives': 1608, 'true_negatives': 470, 'false_positives': 12, 'false_negatives': 13, 'precision': 0.9925925925925926, 'recall': 0.9919802590993214, 'f1_score': 0.9922863313792041}}
[DEBUG _get_metrics] res_item[1].keys(): ['accuracy', 'loss', 'total_samples', 'actual_attack', 'actual_normal', 'predicted_attack', 'predicted_normal', 'true_positives', 'true_negatives', 'false_positives', 'false_negatives', 'precision', 'recall', 'f1_score']
[DEBUG _get_metrics] Extracted from ConfigRecord._data
[DEBUG _get_metrics] res_item[1] type: ConfigRecord
[DEBUG _get_metrics] res_item[1] has metrics attr: False
[DEBUG _get_metrics] res_item[1].__dict__: {'_check_key_fn': <function _check_key at 0x7059b63c8900>, '_check_value_fn': <function _check_value at 0x7059abbb89a0>, '_data': {'accuracy': 0.9885877370834351, 'loss': 0.01177157647907734, 'total_samples': 2103, 'actual_attack': 1621, 'actual_normal': 482, 'predicted_attack': 1611, 'predicted_normal': 492, 'true_positives': 1604, 'true_negatives': 475, 'false_positives': 7, 'false_negatives': 17, 'precision': 0.9956548727498448, 'recall': 0.9895126465144972, 'f1_score': 0.9925742574257426}}
[DEBUG _get_metrics] res_item[1].keys(): ['accuracy', 'loss', 'total_samples', 'actual_attack', 'actual_normal', 'predicted_attack', 'predicted_normal', 'true_positives', 'true_negatives', 'false_positives', 'false_negatives', 'precision', 'recall', 'f1_score']
[DEBUG _get_metrics] Extracted from ConfigRecord._data
[DEBUG] Extracted 4 metrics from results

[Evaluation Summary]
============================================================
Round: 51 / 100
Accuracy (mean):  0.9883  (98.83%)
Loss:             0.0105
[Per-Device Accuracy]
  - Device 0:  0.9881  (98.81%)
  - Device 1:  0.9886  (98.86%)
  - Device 2:  0.9881  (98.81%)
  - Device 3:  0.9886  (98.86%)

[Ground Truth]
  - Attack samples: 1621
  - Normal samples: 482
  - Total samples:  2103

[Predictions]
  - Predicted Attack:  1620
  - Predicted Normal:  483

[Confusion Matrix]
  - True Positives (TP):  1608
  - True Negatives (TN):  470
  - False Positives (FP): 12
  - False Negatives (FN): 13

[Metrics]
  - Precision:  0.9941  (99.41%)
  - Recall:     0.9907  (99.07%)
  - F1-Score:   0.9924  (99.24%)
============================================================

[36m(ClientAppActor pid=745753)[0m [Client 2] Class weights (smoothed): {0: 1.0, 1: 1.0}[32m [repeated 16x across cluster][0m
[DEBUG] evaluate_metrics_aggregation_fn called with 4 results
[DEBUG] results type: <class 'list'>
[DEBUG] First result type: <class 'tuple'>
[DEBUG] First result length: 2
[DEBUG] results[0][0] type: <class 'int'>
[DEBUG] results[0][1] type: <class 'flwr.app.message.configrecord.ConfigRecord'>
[DEBUG _get_metrics] res_item[1] type: ConfigRecord
[DEBUG _get_metrics] res_item[1] has metrics attr: False
[DEBUG _get_metrics] res_item[1].__dict__: {'_check_key_fn': <function _check_key at 0x7059b63c8900>, '_check_value_fn': <function _check_value at 0x7059abbb89a0>, '_data': {'accuracy': 0.988112211227417, 'loss': 0.011901646852493286, 'total_samples': 2103, 'actual_attack': 1621, 'actual_normal': 482, 'predicted_attack': 1610, 'predicted_normal': 493, 'true_positives': 1603, 'true_negatives': 475, 'false_positives': 7, 'false_negatives': 18, 'precision': 0.9956521739130435, 'recall': 0.9888957433682912, 'f1_score': 0.992262457443516}}
[DEBUG _get_metrics] res_item[1].keys(): ['accuracy', 'loss', 'total_samples', 'actual_attack', 'actual_normal', 'predicted_attack', 'predicted_normal', 'true_positives', 'true_negatives', 'false_positives', 'false_negatives', 'precision', 'recall', 'f1_score']
[DEBUG _get_metrics] Extracted from ConfigRecord._data
[DEBUG _get_metrics] res_item[1] type: ConfigRecord
[DEBUG _get_metrics] res_item[1] has metrics attr: False
[DEBUG _get_metrics] res_item[1].__dict__: {'_check_key_fn': <function _check_key at 0x7059b63c8900>, '_check_value_fn': <function _check_value at 0x7059abbb89a0>, '_data': {'accuracy': 0.988112211227417, 'loss': 0.009193750098347664, 'total_samples': 2103, 'actual_attack': 1621, 'actual_normal': 482, 'predicted_attack': 1620, 'predicted_normal': 483, 'true_positives': 1608, 'true_negatives': 470, 'false_positives': 12, 'false_negatives': 13, 'precision': 0.9925925925925926, 'recall': 0.9919802590993214, 'f1_score': 0.9922863313792041}}
[DEBUG _get_metrics] res_item[1].keys(): ['accuracy', 'loss', 'total_samples', 'actual_attack', 'actual_normal', 'predicted_attack', 'predicted_normal', 'true_positives', 'true_negatives', 'false_positives', 'false_negatives', 'precision', 'recall', 'f1_score']
[DEBUG _get_metrics] Extracted from ConfigRecord._data
[DEBUG _get_metrics] res_item[1] type: ConfigRecord
[DEBUG _get_metrics] res_item[1] has metrics attr: False
[DEBUG _get_metrics] res_item[1].__dict__: {'_check_key_fn': <function _check_key at 0x7059b63c8900>, '_check_value_fn': <function _check_value at 0x7059abbb89a0>, '_data': {'accuracy': 0.988112211227417, 'loss': 0.009193750098347664, 'total_samples': 2103, 'actual_attack': 1621, 'actual_normal': 482, 'predicted_attack': 1620, 'predicted_normal': 483, 'true_positives': 1608, 'true_negatives': 470, 'false_positives': 12, 'false_negatives': 13, 'precision': 0.9925925925925926, 'recall': 0.9919802590993214, 'f1_score': 0.9922863313792041}}
[DEBUG _get_metrics] res_item[1].keys(): ['accuracy', 'loss', 'total_samples', 'actual_attack', 'actual_normal', 'predicted_attack', 'predicted_normal', 'true_positives', 'true_negatives', 'false_positives', 'false_negatives', 'precision', 'recall', 'f1_score']
[DEBUG _get_metrics] Extracted from ConfigRecord._data
[DEBUG _get_metrics] res_item[1] type: ConfigRecord
[DEBUG _get_metrics] res_item[1] has metrics attr: False
[DEBUG _get_metrics] res_item[1].__dict__: {'_check_key_fn': <function _check_key at 0x7059b63c8900>, '_check_value_fn': <function _check_value at 0x7059abbb89a0>, '_data': {'accuracy': 0.988112211227417, 'loss': 0.011901646852493286, 'total_samples': 2103, 'actual_attack': 1621, 'actual_normal': 482, 'predicted_attack': 1610, 'predicted_normal': 493, 'true_positives': 1603, 'true_negatives': 475, 'false_positives': 7, 'false_negatives': 18, 'precision': 0.9956521739130435, 'recall': 0.9888957433682912, 'f1_score': 0.992262457443516}}
[DEBUG _get_metrics] res_item[1].keys(): ['accuracy', 'loss', 'total_samples', 'actual_attack', 'actual_normal', 'predicted_attack', 'predicted_normal', 'true_positives', 'true_negatives', 'false_positives', 'false_negatives', 'precision', 'recall', 'f1_score']
[DEBUG _get_metrics] Extracted from ConfigRecord._data
[DEBUG] Extracted 4 metrics from results

[Evaluation Summary]
============================================================
Round: 52 / 100
Accuracy (mean):  0.9881  (98.81%)
Loss:             0.0105
[Per-Device Accuracy]
  - Device 0:  0.9881  (98.81%)
  - Device 1:  0.9881  (98.81%)
  - Device 2:  0.9881  (98.81%)
  - Device 3:  0.9881  (98.81%)

[Ground Truth]
  - Attack samples: 1621
  - Normal samples: 482
  - Total samples:  2103

[Predictions]
  - Predicted Attack:  1610
  - Predicted Normal:  493

[Confusion Matrix]
  - True Positives (TP):  1603
  - True Negatives (TN):  475
  - False Positives (FP): 7
  - False Negatives (FN): 18

[Metrics]
  - Precision:  0.9941  (99.41%)
  - Recall:     0.9904  (99.04%)
  - F1-Score:   0.9923  (99.23%)
============================================================
[92mINFO [0m:      
[92mINFO [0m:      [ROUND 53]
[92mINFO [0m:      configure_fit: strategy sampled 4 clients (out of 4)
[92mINFO [0m:      aggregate_fit: received 4 results and 0 failures
[92mINFO [0m:      configure_evaluate: strategy sampled 4 clients (out of 4)
[92mINFO [0m:      aggregate_evaluate: received 4 results and 0 failures
[92mINFO [0m:      
[92mINFO [0m:      [ROUND 54]
[92mINFO [0m:      configure_fit: strategy sampled 4 clients (out of 4)
[92mINFO [0m:      aggregate_fit: received 4 results and 0 failures
[92mINFO [0m:      configure_evaluate: strategy sampled 4 clients (out of 4)
[92mINFO [0m:      aggregate_evaluate: received 4 results and 0 failures

[DEBUG] evaluate_metrics_aggregation_fn called with 4 results
[DEBUG] results type: <class 'list'>
[DEBUG] First result type: <class 'tuple'>
[DEBUG] First result length: 2
[DEBUG] results[0][0] type: <class 'int'>
[DEBUG] results[0][1] type: <class 'flwr.app.message.configrecord.ConfigRecord'>
[DEBUG _get_metrics] res_item[1] type: ConfigRecord
[DEBUG _get_metrics] res_item[1] has metrics attr: False
[DEBUG _get_metrics] res_item[1].__dict__: {'_check_key_fn': <function _check_key at 0x7059b63c8900>, '_check_value_fn': <function _check_value at 0x7059abbb89a0>, '_data': {'accuracy': 0.988112211227417, 'loss': 0.00912066362798214, 'total_samples': 2103, 'actual_attack': 1621, 'actual_normal': 482, 'predicted_attack': 1620, 'predicted_normal': 483, 'true_positives': 1608, 'true_negatives': 470, 'false_positives': 12, 'false_negatives': 13, 'precision': 0.9925925925925926, 'recall': 0.9919802590993214, 'f1_score': 0.9922863313792041}}
[DEBUG _get_metrics] res_item[1].keys(): ['accuracy', 'loss', 'total_samples', 'actual_attack', 'actual_normal', 'predicted_attack', 'predicted_normal', 'true_positives', 'true_negatives', 'false_positives', 'false_negatives', 'precision', 'recall', 'f1_score']
[DEBUG _get_metrics] Extracted from ConfigRecord._data
[DEBUG _get_metrics] res_item[1] type: ConfigRecord
[DEBUG _get_metrics] res_item[1] has metrics attr: False
[DEBUG _get_metrics] res_item[1].__dict__: {'_check_key_fn': <function _check_key at 0x7059b63c8900>, '_check_value_fn': <function _check_value at 0x7059abbb89a0>, '_data': {'accuracy': 0.988112211227417, 'loss': 0.01204836554825306, 'total_samples': 2103, 'actual_attack': 1621, 'actual_normal': 482, 'predicted_attack': 1608, 'predicted_normal': 495, 'true_positives': 1602, 'true_negatives': 476, 'false_positives': 6, 'false_negatives': 19, 'precision': 0.996268656716418, 'recall': 0.9882788402220851, 'f1_score': 0.9922576649117374}}
[DEBUG _get_metrics] res_item[1].keys(): ['accuracy', 'loss', 'total_samples', 'actual_attack', 'actual_normal', 'predicted_attack', 'predicted_normal', 'true_positives', 'true_negatives', 'false_positives', 'false_negatives', 'precision', 'recall', 'f1_score']
[DEBUG _get_metrics] Extracted from ConfigRecord._data
[DEBUG _get_metrics] res_item[1] type: ConfigRecord
[DEBUG _get_metrics] res_item[1] has metrics attr: False
[DEBUG _get_metrics] res_item[1].__dict__: {'_check_key_fn': <function _check_key at 0x7059b63c8900>, '_check_value_fn': <function _check_value at 0x7059abbb89a0>, '_data': {'accuracy': 0.988112211227417, 'loss': 0.00912066362798214, 'total_samples': 2103, 'actual_attack': 1621, 'actual_normal': 482, 'predicted_attack': 1620, 'predicted_normal': 483, 'true_positives': 1608, 'true_negatives': 470, 'false_positives': 12, 'false_negatives': 13, 'precision': 0.9925925925925926, 'recall': 0.9919802590993214, 'f1_score': 0.9922863313792041}}
[DEBUG _get_metrics] res_item[1].keys(): ['accuracy', 'loss', 'total_samples', 'actual_attack', 'actual_normal', 'predicted_attack', 'predicted_normal', 'true_positives', 'true_negatives', 'false_positives', 'false_negatives', 'precision', 'recall', 'f1_score']
[DEBUG _get_metrics] Extracted from ConfigRecord._data
[DEBUG _get_metrics] res_item[1] type: ConfigRecord
[DEBUG _get_metrics] res_item[1] has metrics attr: False
[DEBUG _get_metrics] res_item[1].__dict__: {'_check_key_fn': <function _check_key at 0x7059b63c8900>, '_check_value_fn': <function _check_value at 0x7059abbb89a0>, '_data': {'accuracy': 0.988112211227417, 'loss': 0.01204836554825306, 'total_samples': 2103, 'actual_attack': 1621, 'actual_normal': 482, 'predicted_attack': 1608, 'predicted_normal': 495, 'true_positives': 1602, 'true_negatives': 476, 'false_positives': 6, 'false_negatives': 19, 'precision': 0.996268656716418, 'recall': 0.9882788402220851, 'f1_score': 0.9922576649117374}}
[DEBUG _get_metrics] res_item[1].keys(): ['accuracy', 'loss', 'total_samples', 'actual_attack', 'actual_normal', 'predicted_attack', 'predicted_normal', 'true_positives', 'true_negatives', 'false_positives', 'false_negatives', 'precision', 'recall', 'f1_score']
[DEBUG _get_metrics] Extracted from ConfigRecord._data
[DEBUG] Extracted 4 metrics from results

[Evaluation Summary]
============================================================
Round: 53 / 100
Accuracy (mean):  0.9881  (98.81%)
Loss:             0.0106
[Per-Device Accuracy]
  - Device 0:  0.9881  (98.81%)
  - Device 1:  0.9881  (98.81%)
  - Device 2:  0.9881  (98.81%)
  - Device 3:  0.9881  (98.81%)

[Ground Truth]
  - Attack samples: 1621
  - Normal samples: 482
  - Total samples:  2103

[Predictions]
  - Predicted Attack:  1620
  - Predicted Normal:  483

[Confusion Matrix]
  - True Positives (TP):  1608
  - True Negatives (TN):  470
  - False Positives (FP): 12
  - False Negatives (FN): 13

[Metrics]
  - Precision:  0.9944  (99.44%)
  - Recall:     0.9901  (99.01%)
  - F1-Score:   0.9923  (99.23%)
============================================================

[36m(ClientAppActor pid=745762)[0m [Client 1] Class weights (smoothed): {0: 1.0, 1: 1.0}[32m [repeated 16x across cluster][0m
[DEBUG] evaluate_metrics_aggregation_fn called with 4 results
[DEBUG] results type: <class 'list'>
[DEBUG] First result type: <class 'tuple'>
[DEBUG] First result length: 2
[DEBUG] results[0][0] type: <class 'int'>
[DEBUG] results[0][1] type: <class 'flwr.app.message.configrecord.ConfigRecord'>
[DEBUG _get_metrics] res_item[1] type: ConfigRecord
[DEBUG _get_metrics] res_item[1] has metrics attr: False
[DEBUG _get_metrics] res_item[1].__dict__: {'_check_key_fn': <function _check_key at 0x7059b63c8900>, '_check_value_fn': <function _check_value at 0x7059abbb89a0>, '_data': {'accuracy': 0.988112211227417, 'loss': 0.009004859253764153, 'total_samples': 2103, 'actual_attack': 1621, 'actual_normal': 482, 'predicted_attack': 1620, 'predicted_normal': 483, 'true_positives': 1608, 'true_negatives': 470, 'false_positives': 12, 'false_negatives': 13, 'precision': 0.9925925925925926, 'recall': 0.9919802590993214, 'f1_score': 0.9922863313792041}}
[DEBUG _get_metrics] res_item[1].keys(): ['accuracy', 'loss', 'total_samples', 'actual_attack', 'actual_normal', 'predicted_attack', 'predicted_normal', 'true_positives', 'true_negatives', 'false_positives', 'false_negatives', 'precision', 'recall', 'f1_score']
[DEBUG _get_metrics] Extracted from ConfigRecord._data
[DEBUG _get_metrics] res_item[1] type: ConfigRecord
[DEBUG _get_metrics] res_item[1] has metrics attr: False
[DEBUG _get_metrics] res_item[1].__dict__: {'_check_key_fn': <function _check_key at 0x7059b63c8900>, '_check_value_fn': <function _check_value at 0x7059abbb89a0>, '_data': {'accuracy': 0.988112211227417, 'loss': 0.012194660492241383, 'total_samples': 2103, 'actual_attack': 1621, 'actual_normal': 482, 'predicted_attack': 1608, 'predicted_normal': 495, 'true_positives': 1602, 'true_negatives': 476, 'false_positives': 6, 'false_negatives': 19, 'precision': 0.996268656716418, 'recall': 0.9882788402220851, 'f1_score': 0.9922576649117374}}
[DEBUG _get_metrics] res_item[1].keys(): ['accuracy', 'loss', 'total_samples', 'actual_attack', 'actual_normal', 'predicted_attack', 'predicted_normal', 'true_positives', 'true_negatives', 'false_positives', 'false_negatives', 'precision', 'recall', 'f1_score']
[DEBUG _get_metrics] Extracted from ConfigRecord._data
[DEBUG _get_metrics] res_item[1] type: ConfigRecord
[DEBUG _get_metrics] res_item[1] has metrics attr: False
[DEBUG _get_metrics] res_item[1].__dict__: {'_check_key_fn': <function _check_key at 0x7059b63c8900>, '_check_value_fn': <function _check_value at 0x7059abbb89a0>, '_data': {'accuracy': 0.988112211227417, 'loss': 0.012194660492241383, 'total_samples': 2103, 'actual_attack': 1621, 'actual_normal': 482, 'predicted_attack': 1608, 'predicted_normal': 495, 'true_positives': 1602, 'true_negatives': 476, 'false_positives': 6, 'false_negatives': 19, 'precision': 0.996268656716418, 'recall': 0.9882788402220851, 'f1_score': 0.9922576649117374}}
[DEBUG _get_metrics] res_item[1].keys(): ['accuracy', 'loss', 'total_samples', 'actual_attack', 'actual_normal', 'predicted_attack', 'predicted_normal', 'true_positives', 'true_negatives', 'false_positives', 'false_negatives', 'precision', 'recall', 'f1_score'][92mINFO [0m:      
[92mINFO [0m:      [ROUND 55]
[92mINFO [0m:      configure_fit: strategy sampled 4 clients (out of 4)
[92mINFO [0m:      aggregate_fit: received 4 results and 0 failures
[92mINFO [0m:      configure_evaluate: strategy sampled 4 clients (out of 4)
[92mINFO [0m:      aggregate_evaluate: received 4 results and 0 failures
[92mINFO [0m:      
[92mINFO [0m:      [ROUND 56]
[92mINFO [0m:      configure_fit: strategy sampled 4 clients (out of 4)
[92mINFO [0m:      aggregate_fit: received 4 results and 0 failures
[92mINFO [0m:      configure_evaluate: strategy sampled 4 clients (out of 4)
[92mINFO [0m:      aggregate_evaluate: received 4 results and 0 failures

[DEBUG _get_metrics] Extracted from ConfigRecord._data
[DEBUG _get_metrics] res_item[1] type: ConfigRecord
[DEBUG _get_metrics] res_item[1] has metrics attr: False
[DEBUG _get_metrics] res_item[1].__dict__: {'_check_key_fn': <function _check_key at 0x7059b63c8900>, '_check_value_fn': <function _check_value at 0x7059abbb89a0>, '_data': {'accuracy': 0.988112211227417, 'loss': 0.009004859253764153, 'total_samples': 2103, 'actual_attack': 1621, 'actual_normal': 482, 'predicted_attack': 1620, 'predicted_normal': 483, 'true_positives': 1608, 'true_negatives': 470, 'false_positives': 12, 'false_negatives': 13, 'precision': 0.9925925925925926, 'recall': 0.9919802590993214, 'f1_score': 0.9922863313792041}}
[DEBUG _get_metrics] res_item[1].keys(): ['accuracy', 'loss', 'total_samples', 'actual_attack', 'actual_normal', 'predicted_attack', 'predicted_normal', 'true_positives', 'true_negatives', 'false_positives', 'false_negatives', 'precision', 'recall', 'f1_score']
[DEBUG _get_metrics] Extracted from ConfigRecord._data
[DEBUG] Extracted 4 metrics from results

[Evaluation Summary]
============================================================
Round: 54 / 100
Accuracy (mean):  0.9881  (98.81%)
Loss:             0.0106
[Per-Device Accuracy]
  - Device 0:  0.9881  (98.81%)
  - Device 1:  0.9881  (98.81%)
  - Device 2:  0.9881  (98.81%)
  - Device 3:  0.9881  (98.81%)

[Ground Truth]
  - Attack samples: 1621
  - Normal samples: 482
  - Total samples:  2103

[Predictions]
  - Predicted Attack:  1620
  - Predicted Normal:  483

[Confusion Matrix]
  - True Positives (TP):  1608
  - True Negatives (TN):  470
  - False Positives (FP): 12
  - False Negatives (FN): 13

[Metrics]
  - Precision:  0.9944  (99.44%)
  - Recall:     0.9901  (99.01%)
  - F1-Score:   0.9923  (99.23%)
============================================================

[Round 55] Client contributions:
  Client samples: 29,186 (weight: 0.2500)
  Client samples: 29,186 (weight: 0.2500)
  Client samples: 29,184 (weight: 0.2500)
  Client samples: 29,184 (weight: 0.2500)
[DEBUG] evaluate_metrics_aggregation_fn called with 4 results
[DEBUG] results type: <class 'list'>
[DEBUG] First result type: <class 'tuple'>
[DEBUG] First result length: 2
[DEBUG] results[0][0] type: <class 'int'>
[DEBUG] results[0][1] type: <class 'flwr.app.message.configrecord.ConfigRecord'>
[DEBUG _get_metrics] res_item[1] type: ConfigRecord
[DEBUG _get_metrics] res_item[1] has metrics attr: False
[DEBUG _get_metrics] res_item[1].__dict__: {'_check_key_fn': <function _check_key at 0x7059b63c8900>, '_check_value_fn': <function _check_value at 0x7059abbb89a0>, '_data': {'accuracy': 0.9885877370834351, 'loss': 0.008832651190459728, 'total_samples': 2103, 'actual_attack': 1621, 'actual_normal': 482, 'predicted_attack': 1621, 'predicted_normal': 482, 'true_positives': 1609, 'true_negatives': 470, 'false_positives': 12, 'false_negatives': 12, 'precision': 0.9925971622455274, 'recall': 0.9925971622455274, 'f1_score': 0.9925971622455274}}
[DEBUG _get_metrics] res_item[1].keys(): ['accuracy', 'loss', 'total_samples', 'actual_attack', 'actual_normal', 'predicted_attack', 'predicted_normal', 'true_positives', 'true_negatives', 'false_positives', 'false_negatives', 'precision', 'recall', 'f1_score']
[DEBUG _get_metrics] Extracted from ConfigRecord._data
[DEBUG _get_metrics] res_item[1] type: ConfigRecord
[DEBUG _get_metrics] res_item[1] has metrics attr: False
[DEBUG _get_metrics] res_item[1].__dict__: {'_check_key_fn': <function _check_key at 0x7059b63c8900>, '_check_value_fn': <function _check_value at 0x7059abbb89a0>, '_data': {'accuracy': 0.9885877370834351, 'loss': 0.008832651190459728, 'total_samples': 2103, 'actual_attack': 1621, 'actual_normal': 482, 'predicted_attack': 1621, 'predicted_normal': 482, 'true_positives': 1609, 'true_negatives': 470, 'false_positives': 12, 'false_negatives': 12, 'precision': 0.9925971622455274, 'recall': 0.9925971622455274, 'f1_score': 0.9925971622455274}}
[DEBUG _get_metrics] res_item[1].keys(): ['accuracy', 'loss', 'total_samples', 'actual_attack', 'actual_normal', 'predicted_attack', 'predicted_normal', 'true_positives', 'true_negatives', 'false_positives', 'false_negatives', 'precision', 'recall', 'f1_score']
[DEBUG _get_metrics] Extracted from ConfigRecord._data
[DEBUG _get_metrics] res_item[1] type: ConfigRecord
[DEBUG _get_metrics] res_item[1] has metrics attr: False
[DEBUG _get_metrics] res_item[1].__dict__: {'_check_key_fn': <function _check_key at 0x7059b63c8900>, '_check_value_fn': <function _check_value at 0x7059abbb89a0>, '_data': {'accuracy': 0.988112211227417, 'loss': 0.012262053787708282, 'total_samples': 2103, 'actual_attack': 1621, 'actual_normal': 482, 'predicted_attack': 1608, 'predicted_normal': 495, 'true_positives': 1602, 'true_negatives': 476, 'false_positives': 6, 'false_negatives': 19, 'precision': 0.996268656716418, 'recall': 0.9882788402220851, 'f1_score': 0.9922576649117374}}
[DEBUG _get_metrics] res_item[1].keys(): ['accuracy', 'loss', 'total_samples', 'actual_attack', 'actual_normal', 'predicted_attack', 'predicted_normal', 'true_positives', 'true_negatives', 'false_positives', 'false_negatives', 'precision', 'recall', 'f1_score']
[DEBUG _get_metrics] Extracted from ConfigRecord._data
[DEBUG _get_metrics] res_item[1] type: ConfigRecord
[DEBUG _get_metrics] res_item[1] has metrics attr: False
[DEBUG _get_metrics] res_item[1].__dict__: {'_check_key_fn': <function _check_key at 0x7059b63c8900>, '_check_value_fn': <function _check_value at 0x7059abbb89a0>, '_data': {'accuracy': 0.988112211227417, 'loss': 0.012262053787708282, 'total_samples': 2103, 'actual_attack': 1621, 'actual_normal': 482, 'predicted_attack': 1608, 'predicted_normal': 495, 'true_positives': 1602, 'true_negatives': 476, 'false_positives': 6, 'false_negatives': 19, 'precision': 0.996268656716418, 'recall': 0.9882788402220851, 'f1_score': 0.9922576649117374}}
[DEBUG _get_metrics] res_item[1].keys(): ['accuracy', 'loss', 'total_samples', 'actual_attack', 'actual_normal', 'predicted_attack', 'predicted_normal', 'true_positives', 'true_negatives', 'false_positives', 'false_negatives', 'precision', 'recall', 'f1_score']
[DEBUG _get_metrics] Extracted from ConfigRecord._data
[DEBUG] Extracted 4 metrics from results

[Evaluation Summary]
============================================================
Round: 55 / 100
Accuracy (mean):  0.9883  (98.83%)
Loss:             0.0105
[Per-Device Accuracy]
  - Device 0:  0.9886  (98.86%)
  - Device 1:  0.9886  (98.86%)
  - Device 2:  0.9881  (98.81%)
  - Device 3:  0.9881  (98.81%)

[Ground Truth]
  - Attack samples: 1621
  - Normal samples: 482
  - Total samples:  2103

[Predictions]
  - Predicted Attack:  1621
  - Predicted Normal:  482

[Confusion Matrix]
  - True Positives (TP):  1609
  - True Negatives (TN):  470
  - False Positives (FP): 12
  - False Negatives (FN): 12

[Metrics]
  - Precision:  0.9944  (99.44%)
  - Recall:     0.9904  (99.04%)
  - F1-Score:   0.9924  (99.24%)
============================================================

[36m(ClientAppActor pid=745753)[0m [Client 2] Class weights (smoothed): {0: 1.0, 1: 1.0}[32m [repeated 16x across cluster][0m
[DEBUG] evaluate_metrics_aggregation_fn called with 4 results
[DEBUG] results type: <class 'list'>
[DEBUG] First result type: <class 'tuple'>
[DEBUG] First result length: 2
[DEBUG] results[0][0] type: <class 'int'>
[DEBUG] results[0][1] type: <class 'flwr.app.message.configrecord.ConfigRecord'>
[DEBUG _get_metrics] res_item[1] type: ConfigRecord
[DEBUG _get_metrics] res_item[1] has metrics attr: False
[DEBUG _get_metrics] res_item[1].__dict__: {'_check_key_fn': <function _check_key at 0x7059b63c8900>, '_check_value_fn': <function _check_value at 0x7059abbb89a0>, '_data': {'accuracy': 0.988112211227417, 'loss': 0.012354222126305103, 'total_samples': 2103, 'actual_attack': 1621, 'actual_normal': 482, 'predicted_attack': 1608, 'predicted_normal': 495, 'true_positives': 1602, 'true_negatives': 476, 'false_positives': 6, 'false_negatives': 19, 'precision': 0.996268656716418, 'recall': 0.9882788402220851, 'f1_score': 0.9922576649117374}}
[DEBUG _get_metrics] res_item[1].keys(): ['accuracy', 'loss', 'total_samples', 'actual_attack', 'actual_normal', 'predicted_attack', 'predicted_normal', 'true_positives', 'true_negatives', 'false_positives', 'false_negatives', 'precision', 'recall', 'f1_score'][92mINFO [0m:      
[92mINFO [0m:      [ROUND 57]
[92mINFO [0m:      configure_fit: strategy sampled 4 clients (out of 4)
[92mINFO [0m:      aggregate_fit: received 4 results and 0 failures
[92mINFO [0m:      configure_evaluate: strategy sampled 4 clients (out of 4)
[92mINFO [0m:      aggregate_evaluate: received 4 results and 0 failures

[DEBUG _get_metrics] Extracted from ConfigRecord._data
[DEBUG _get_metrics] res_item[1] type: ConfigRecord
[DEBUG _get_metrics] res_item[1] has metrics attr: False
[DEBUG _get_metrics] res_item[1].__dict__: {'_check_key_fn': <function _check_key at 0x7059b63c8900>, '_check_value_fn': <function _check_value at 0x7059abbb89a0>, '_data': {'accuracy': 0.988112211227417, 'loss': 0.012354222126305103, 'total_samples': 2103, 'actual_attack': 1621, 'actual_normal': 482, 'predicted_attack': 1608, 'predicted_normal': 495, 'true_positives': 1602, 'true_negatives': 476, 'false_positives': 6, 'false_negatives': 19, 'precision': 0.996268656716418, 'recall': 0.9882788402220851, 'f1_score': 0.9922576649117374}}
[DEBUG _get_metrics] res_item[1].keys(): ['accuracy', 'loss', 'total_samples', 'actual_attack', 'actual_normal', 'predicted_attack', 'predicted_normal', 'true_positives', 'true_negatives', 'false_positives', 'false_negatives', 'precision', 'recall', 'f1_score']
[DEBUG _get_metrics] Extracted from ConfigRecord._data
[DEBUG _get_metrics] res_item[1] type: ConfigRecord
[DEBUG _get_metrics] res_item[1] has metrics attr: False
[DEBUG _get_metrics] res_item[1].__dict__: {'_check_key_fn': <function _check_key at 0x7059b63c8900>, '_check_value_fn': <function _check_value at 0x7059abbb89a0>, '_data': {'accuracy': 0.9885877370834351, 'loss': 0.00879188347607851, 'total_samples': 2103, 'actual_attack': 1621, 'actual_normal': 482, 'predicted_attack': 1621, 'predicted_normal': 482, 'true_positives': 1609, 'true_negatives': 470, 'false_positives': 12, 'false_negatives': 12, 'precision': 0.9925971622455274, 'recall': 0.9925971622455274, 'f1_score': 0.9925971622455274}}
[DEBUG _get_metrics] res_item[1].keys(): ['accuracy', 'loss', 'total_samples', 'actual_attack', 'actual_normal', 'predicted_attack', 'predicted_normal', 'true_positives', 'true_negatives', 'false_positives', 'false_negatives', 'precision', 'recall', 'f1_score']
[DEBUG _get_metrics] Extracted from ConfigRecord._data
[DEBUG _get_metrics] res_item[1] type: ConfigRecord
[DEBUG _get_metrics] res_item[1] has metrics attr: False
[DEBUG _get_metrics] res_item[1].__dict__: {'_check_key_fn': <function _check_key at 0x7059b63c8900>, '_check_value_fn': <function _check_value at 0x7059abbb89a0>, '_data': {'accuracy': 0.9885877370834351, 'loss': 0.00879188347607851, 'total_samples': 2103, 'actual_attack': 1621, 'actual_normal': 482, 'predicted_attack': 1621, 'predicted_normal': 482, 'true_positives': 1609, 'true_negatives': 470, 'false_positives': 12, 'false_negatives': 12, 'precision': 0.9925971622455274, 'recall': 0.9925971622455274, 'f1_score': 0.9925971622455274}}
[DEBUG _get_metrics] res_item[1].keys(): ['accuracy', 'loss', 'total_samples', 'actual_attack', 'actual_normal', 'predicted_attack', 'predicted_normal', 'true_positives', 'true_negatives', 'false_positives', 'false_negatives', 'precision', 'recall', 'f1_score']
[DEBUG _get_metrics] Extracted from ConfigRecord._data
[DEBUG] Extracted 4 metrics from results

[Evaluation Summary]
============================================================
Round: 56 / 100
Accuracy (mean):  0.9883  (98.83%)
Loss:             0.0106
[Per-Device Accuracy]
  - Device 0:  0.9881  (98.81%)
  - Device 1:  0.9881  (98.81%)
  - Device 2:  0.9886  (98.86%)
  - Device 3:  0.9886  (98.86%)

[Ground Truth]
  - Attack samples: 1621
  - Normal samples: 482
  - Total samples:  2103

[Predictions]
  - Predicted Attack:  1608
  - Predicted Normal:  495

[Confusion Matrix]
  - True Positives (TP):  1602
  - True Negatives (TN):  476
  - False Positives (FP): 6
  - False Negatives (FN): 19

[Metrics]
  - Precision:  0.9944  (99.44%)
  - Recall:     0.9904  (99.04%)
  - F1-Score:   0.9924  (99.24%)
============================================================

[DEBUG] evaluate_metrics_aggregation_fn called with 4 results
[DEBUG] results type: <class 'list'>
[DEBUG] First result type: <class 'tuple'>
[DEBUG] First result length: 2
[DEBUG] results[0][0] type: <class 'int'>
[DEBUG] results[0][1] type: <class 'flwr.app.message.configrecord.ConfigRecord'>
[DEBUG _get_metrics] res_item[1] type: ConfigRecord
[DEBUG _get_metrics] res_item[1] has metrics attr: False
[DEBUG _get_metrics] res_item[1].__dict__: {'_check_key_fn': <function _check_key at 0x7059b63c8900>, '_check_value_fn': <function _check_value at 0x7059abbb89a0>, '_data': {'accuracy': 0.9885877370834351, 'loss': 0.008677735924720764, 'total_samples': 2103, 'actual_attack': 1621, 'actual_normal': 482, 'predicted_attack': 1621, 'predicted_normal': 482, 'true_positives': 1609, 'true_negatives': 470, 'false_positives': 12, 'false_negatives': 12, 'precision': 0.9925971622455274, 'recall': 0.9925971622455274, 'f1_score': 0.9925971622455274}}
[DEBUG _get_metrics] res_item[1].keys(): ['accuracy', 'loss', 'total_samples', 'actual_attack', 'actual_normal', 'predicted_attack', 'predicted_normal', 'true_positives', 'true_negatives', 'false_positives', 'false_negatives', 'precision', 'recall', 'f1_score']
[DEBUG _get_metrics] Extracted from ConfigRecord._data
[DEBUG _get_metrics] res_item[1] type: ConfigRecord
[DEBUG _get_metrics] res_item[1] has metrics attr: False
[DEBUG _get_metrics] res_item[1].__dict__: {'_check_key_fn': <function _check_key at 0x7059b63c8900>, '_check_value_fn': <function _check_value at 0x7059abbb89a0>, '_data': {'accuracy': 0.9885877370834351, 'loss': 0.008677735924720764, 'total_samples': 2103, 'actual_attack': 1621, 'actual_normal': 482, 'predicted_attack': 1621, 'predicted_normal': 482, 'true_positives': 1609, 'true_negatives': 470, 'false_positives': 12, 'false_negatives': 12, 'precision': 0.9925971622455274, 'recall': 0.9925971622455274, 'f1_score': 0.9925971622455274}}
[DEBUG _get_metrics] res_item[1].keys(): ['accuracy', 'loss', 'total_samples', 'actual_attack', 'actual_normal', 'predicted_attack', 'predicted_normal', 'true_positives', 'true_negatives', 'false_positives', 'false_negatives', 'precision', 'recall', 'f1_score']
[DEBUG _get_metrics] Extracted from ConfigRecord._data
[DEBUG _get_metrics] res_item[1] type: ConfigRecord
[DEBUG _get_metrics] res_item[1] has metrics attr: False
[DEBUG _get_metrics] res_item[1].__dict__: {'_check_key_fn': <function _check_key at 0x7059b63c8900>, '_check_value_fn': <function _check_value at 0x7059abbb89a0>, '_data': {'accuracy': 0.988112211227417, 'loss': 0.012325402349233627, 'total_samples': 2103, 'actual_attack': 1621, 'actual_normal': 482, 'predicted_attack': 1608, 'predicted_normal': 495, 'true_positives': 1602, 'true_negatives': 476, 'false_positives': 6, 'false_negatives': 19, 'precision': 0.996268656716418, 'recall': 0.9882788402220851, 'f1_score': 0.9922576649117374}}
[DEBUG _get_metrics] res_item[1].keys(): ['accuracy', 'loss', 'total_samples', 'actual_attack', 'actual_normal', 'predicted_attack', 'predicted_normal', 'true_positives', 'true_negatives', 'false_positives', 'false_negatives', 'precision', 'recall', 'f1_score']
[DEBUG _get_metrics] Extracted from ConfigRecord._data
[DEBUG _get_metrics] res_item[1] type: ConfigRecord
[DEBUG _get_metrics] res_item[1] has metrics attr: False
[DEBUG _get_metrics] res_item[1].__dict__: {'_check_key_fn': <function _check_key at 0x7059b63c8900>, '_check_value_fn': <function _check_value at 0x7059abbb89a0>, '_data': {'accuracy': 0.988112211227417, 'loss': 0.012325402349233627, 'total_samples': 2103, 'actual_attack': 1621, 'actual_normal': 482, 'predicted_attack': 1608, 'predicted_normal': 495, 'true_positives': 1602, 'true_negatives': 476, 'false_positives': 6, 'false_negatives': 19, 'precision': 0.996268656716418, 'recall': 0.9882788402220851, 'f1_score': 0.9922576649117374}}
[DEBUG _get_metrics] res_item[1].keys(): ['accuracy', 'loss', 'total_samples', 'actual_attack', 'actual_normal', 'predicted_attack', 'predicted_normal', 'true_positives', 'true_negatives', 'false_positives', 'false_negatives', 'precision', 'recall', 'f1_score']
[DEBUG _get_metrics] Extracted from ConfigRecord._data
[DEBUG] Extracted 4 metrics from results

[Evaluation Summary]
============================================================
Round: 57 / 100
Accuracy (mean):  0.9883  (98.83%)
Loss:             0.0105
[Per-Device Accuracy]
  - Device 0:  0.9886  (98.86%)[92mINFO [0m:      
[92mINFO [0m:      [ROUND 58]
[92mINFO [0m:      configure_fit: strategy sampled 4 clients (out of 4)
[92mINFO [0m:      aggregate_fit: received 4 results and 0 failures
[92mINFO [0m:      configure_evaluate: strategy sampled 4 clients (out of 4)
[92mINFO [0m:      aggregate_evaluate: received 4 results and 0 failures
[92mINFO [0m:      
[92mINFO [0m:      [ROUND 59]
[92mINFO [0m:      configure_fit: strategy sampled 4 clients (out of 4)
[92mINFO [0m:      aggregate_fit: received 4 results and 0 failures
[92mINFO [0m:      configure_evaluate: strategy sampled 4 clients (out of 4)
[92mINFO [0m:      aggregate_evaluate: received 4 results and 0 failures

  - Device 1:  0.9886  (98.86%)
  - Device 2:  0.9881  (98.81%)
  - Device 3:  0.9881  (98.81%)

[Ground Truth]
  - Attack samples: 1621
  - Normal samples: 482
  - Total samples:  2103

[Predictions]
  - Predicted Attack:  1621
  - Predicted Normal:  482

[Confusion Matrix]
  - True Positives (TP):  1609
  - True Negatives (TN):  470
  - False Positives (FP): 12
  - False Negatives (FN): 12

[Metrics]
  - Precision:  0.9944  (99.44%)
  - Recall:     0.9904  (99.04%)
  - F1-Score:   0.9924  (99.24%)
============================================================

[36m(ClientAppActor pid=745762)[0m [Client 1] Class weights (smoothed): {0: 1.0, 1: 1.0}[32m [repeated 16x across cluster][0m
[DEBUG] evaluate_metrics_aggregation_fn called with 4 results
[DEBUG] results type: <class 'list'>
[DEBUG] First result type: <class 'tuple'>
[DEBUG] First result length: 2
[DEBUG] results[0][0] type: <class 'int'>
[DEBUG] results[0][1] type: <class 'flwr.app.message.configrecord.ConfigRecord'>
[DEBUG _get_metrics] res_item[1] type: ConfigRecord
[DEBUG _get_metrics] res_item[1] has metrics attr: False
[DEBUG _get_metrics] res_item[1].__dict__: {'_check_key_fn': <function _check_key at 0x7059b63c8900>, '_check_value_fn': <function _check_value at 0x7059abbb89a0>, '_data': {'accuracy': 0.9890632629394531, 'loss': 0.008540602400898933, 'total_samples': 2103, 'actual_attack': 1621, 'actual_normal': 482, 'predicted_attack': 1622, 'predicted_normal': 481, 'true_positives': 1610, 'true_negatives': 470, 'false_positives': 12, 'false_negatives': 11, 'precision': 0.9926017262638718, 'recall': 0.9932140653917335, 'f1_score': 0.9929078014184398}}
[DEBUG _get_metrics] res_item[1].keys(): ['accuracy', 'loss', 'total_samples', 'actual_attack', 'actual_normal', 'predicted_attack', 'predicted_normal', 'true_positives', 'true_negatives', 'false_positives', 'false_negatives', 'precision', 'recall', 'f1_score']
[DEBUG _get_metrics] Extracted from ConfigRecord._data
[DEBUG _get_metrics] res_item[1] type: ConfigRecord
[DEBUG _get_metrics] res_item[1] has metrics attr: False
[DEBUG _get_metrics] res_item[1].__dict__: {'_check_key_fn': <function _check_key at 0x7059b63c8900>, '_check_value_fn': <function _check_value at 0x7059abbb89a0>, '_data': {'accuracy': 0.9885877370834351, 'loss': 0.012327592819929123, 'total_samples': 2103, 'actual_attack': 1621, 'actual_normal': 482, 'predicted_attack': 1609, 'predicted_normal': 494, 'true_positives': 1603, 'true_negatives': 476, 'false_positives': 6, 'false_negatives': 18, 'precision': 0.9962709757613425, 'recall': 0.9888957433682912, 'f1_score': 0.9925696594427246}}
[DEBUG _get_metrics] res_item[1].keys(): ['accuracy', 'loss', 'total_samples', 'actual_attack', 'actual_normal', 'predicted_attack', 'predicted_normal', 'true_positives', 'true_negatives', 'false_positives', 'false_negatives', 'precision', 'recall', 'f1_score']
[DEBUG _get_metrics] Extracted from ConfigRecord._data
[DEBUG _get_metrics] res_item[1] type: ConfigRecord
[DEBUG _get_metrics] res_item[1] has metrics attr: False
[DEBUG _get_metrics] res_item[1].__dict__: {'_check_key_fn': <function _check_key at 0x7059b63c8900>, '_check_value_fn': <function _check_value at 0x7059abbb89a0>, '_data': {'accuracy': 0.9890632629394531, 'loss': 0.008540602400898933, 'total_samples': 2103, 'actual_attack': 1621, 'actual_normal': 482, 'predicted_attack': 1622, 'predicted_normal': 481, 'true_positives': 1610, 'true_negatives': 470, 'false_positives': 12, 'false_negatives': 11, 'precision': 0.9926017262638718, 'recall': 0.9932140653917335, 'f1_score': 0.9929078014184398}}
[DEBUG _get_metrics] res_item[1].keys(): ['accuracy', 'loss', 'total_samples', 'actual_attack', 'actual_normal', 'predicted_attack', 'predicted_normal', 'true_positives', 'true_negatives', 'false_positives', 'false_negatives', 'precision', 'recall', 'f1_score']
[DEBUG _get_metrics] Extracted from ConfigRecord._data
[DEBUG _get_metrics] res_item[1] type: ConfigRecord
[DEBUG _get_metrics] res_item[1] has metrics attr: False
[DEBUG _get_metrics] res_item[1].__dict__: {'_check_key_fn': <function _check_key at 0x7059b63c8900>, '_check_value_fn': <function _check_value at 0x7059abbb89a0>, '_data': {'accuracy': 0.9885877370834351, 'loss': 0.012327592819929123, 'total_samples': 2103, 'actual_attack': 1621, 'actual_normal': 482, 'predicted_attack': 1609, 'predicted_normal': 494, 'true_positives': 1603, 'true_negatives': 476, 'false_positives': 6, 'false_negatives': 18, 'precision': 0.9962709757613425, 'recall': 0.9888957433682912, 'f1_score': 0.9925696594427246}}
[DEBUG _get_metrics] res_item[1].keys(): ['accuracy', 'loss', 'total_samples', 'actual_attack', 'actual_normal', 'predicted_attack', 'predicted_normal', 'true_positives', 'true_negatives', 'false_positives', 'false_negatives', 'precision', 'recall', 'f1_score']
[DEBUG _get_metrics] Extracted from ConfigRecord._data
[DEBUG] Extracted 4 metrics from results

[Evaluation Summary]
============================================================
Round: 58 / 100
Accuracy (mean):  0.9888  (98.88%)
Loss:             0.0104
[Per-Device Accuracy]
  - Device 0:  0.9891  (98.91%)
  - Device 1:  0.9886  (98.86%)
  - Device 2:  0.9891  (98.91%)
  - Device 3:  0.9886  (98.86%)

[Ground Truth]
  - Attack samples: 1621
  - Normal samples: 482
  - Total samples:  2103

[Predictions]
  - Predicted Attack:  1622
  - Predicted Normal:  481

[Confusion Matrix]
  - True Positives (TP):  1610
  - True Negatives (TN):  470
  - False Positives (FP): 12
  - False Negatives (FN): 11

[Metrics]
  - Precision:  0.9944  (99.44%)
  - Recall:     0.9911  (99.11%)
  - F1-Score:   0.9927  (99.27%)
============================================================

[DEBUG] evaluate_metrics_aggregation_fn called with 4 results
[DEBUG] results type: <class 'list'>
[DEBUG] First result type: <class 'tuple'>
[DEBUG] First result length: 2
[DEBUG] results[0][0] type: <class 'int'>
[DEBUG] results[0][1] type: <class 'flwr.app.message.configrecord.ConfigRecord'>
[DEBUG _get_metrics] res_item[1] type: ConfigRecord
[DEBUG _get_metrics] res_item[1] has metrics attr: False
[DEBUG _get_metrics] res_item[1].__dict__: {'_check_key_fn': <function _check_key at 0x7059b63c8900>, '_check_value_fn': <function _check_value at 0x7059abbb89a0>, '_data': {'accuracy': 0.988112211227417, 'loss': 0.01239774189889431, 'total_samples': 2103, 'actual_attack': 1621, 'actual_normal': 482, 'predicted_attack': 1608, 'predicted_normal': 495, 'true_positives': 1602, 'true_negatives': 476, 'false_positives': 6, 'false_negatives': 19, 'precision': 0.996268656716418, 'recall': 0.9882788402220851, 'f1_score': 0.9922576649117374}}
[DEBUG _get_metrics] res_item[1].keys(): ['accuracy', 'loss', 'total_samples', 'actual_attack', 'actual_normal', 'predicted_attack', 'predicted_normal', 'true_positives', 'true_negatives', 'false_positives', 'false_negatives', 'precision', 'recall', 'f1_score']
[DEBUG _get_metrics] Extracted from ConfigRecord._data
[DEBUG _get_metrics] res_item[1] type: ConfigRecord
[DEBUG _get_metrics] res_item[1] has metrics attr: False
[DEBUG _get_metrics] res_item[1].__dict__: {'_check_key_fn': <function _check_key at 0x7059b63c8900>, '_check_value_fn': <function _check_value at 0x7059abbb89a0>, '_data': {'accuracy': 0.9885877370834351, 'loss': 0.008608808740973473, 'total_samples': 2103, 'actual_attack': 1621, 'actual_normal': 482, 'predicted_attack': 1621, 'predicted_normal': 482, 'true_positives': 1609, 'true_negatives': 470, 'false_positives': 12, 'false_negatives': 12, 'precision': 0.9925971622455274, 'recall': 0.9925971622455274, 'f1_score': 0.9925971622455274}}
[DEBUG _get_metrics] res_item[1].keys(): ['accuracy', 'loss', 'total_samples', 'actual_attack', 'actual_normal', 'predicted_attack', 'predicted_normal', 'true_positives', 'true_negatives', 'false_positives', 'false_negatives', 'precision', 'recall', 'f1_score']
[DEBUG _get_metrics] Extracted from ConfigRecord._data
[DEBUG _get_metrics] res_item[1] type: ConfigRecord
[DEBUG _get_metrics] res_item[1] has metrics attr: False
[DEBUG _get_metrics] res_item[1].__dict__: {'_check_key_fn': <function _check_key at 0x7059b63c8900>, '_check_value_fn': <function _check_value at 0x7059abbb89a0>, '_data': {'accuracy': 0.988112211227417, 'loss': 0.01239774189889431, 'total_samples': 2103, 'actual_attack': 1621, 'actual_normal': 482, 'predicted_attack': 1608, 'predicted_normal': 495, 'true_positives': 1602, 'true_negatives': 476, 'false_positives': 6, 'false_negatives': 19, 'precision': 0.996268656716418, 'recall': 0.9882788402220851, 'f1_score': 0.9922576649117374}}[92mINFO [0m:      
[92mINFO [0m:      [ROUND 60]
[92mINFO [0m:      configure_fit: strategy sampled 4 clients (out of 4)
[92mINFO [0m:      aggregate_fit: received 4 results and 0 failures
[92mINFO [0m:      configure_evaluate: strategy sampled 4 clients (out of 4)
[92mINFO [0m:      aggregate_evaluate: received 4 results and 0 failures
[92mINFO [0m:      
[92mINFO [0m:      [ROUND 61]
[92mINFO [0m:      configure_fit: strategy sampled 4 clients (out of 4)
[92mINFO [0m:      aggregate_fit: received 4 results and 0 failures
[92mINFO [0m:      configure_evaluate: strategy sampled 4 clients (out of 4)
[92mINFO [0m:      aggregate_evaluate: received 4 results and 0 failures

[DEBUG _get_metrics] res_item[1].keys(): ['accuracy', 'loss', 'total_samples', 'actual_attack', 'actual_normal', 'predicted_attack', 'predicted_normal', 'true_positives', 'true_negatives', 'false_positives', 'false_negatives', 'precision', 'recall', 'f1_score']
[DEBUG _get_metrics] Extracted from ConfigRecord._data
[DEBUG _get_metrics] res_item[1] type: ConfigRecord
[DEBUG _get_metrics] res_item[1] has metrics attr: False
[DEBUG _get_metrics] res_item[1].__dict__: {'_check_key_fn': <function _check_key at 0x7059b63c8900>, '_check_value_fn': <function _check_value at 0x7059abbb89a0>, '_data': {'accuracy': 0.9885877370834351, 'loss': 0.008608808740973473, 'total_samples': 2103, 'actual_attack': 1621, 'actual_normal': 482, 'predicted_attack': 1621, 'predicted_normal': 482, 'true_positives': 1609, 'true_negatives': 470, 'false_positives': 12, 'false_negatives': 12, 'precision': 0.9925971622455274, 'recall': 0.9925971622455274, 'f1_score': 0.9925971622455274}}
[DEBUG _get_metrics] res_item[1].keys(): ['accuracy', 'loss', 'total_samples', 'actual_attack', 'actual_normal', 'predicted_attack', 'predicted_normal', 'true_positives', 'true_negatives', 'false_positives', 'false_negatives', 'precision', 'recall', 'f1_score']
[DEBUG _get_metrics] Extracted from ConfigRecord._data
[DEBUG] Extracted 4 metrics from results

[Evaluation Summary]
============================================================
Round: 59 / 100
Accuracy (mean):  0.9883  (98.83%)
Loss:             0.0105
[Per-Device Accuracy]
  - Device 0:  0.9881  (98.81%)
  - Device 1:  0.9886  (98.86%)
  - Device 2:  0.9881  (98.81%)
  - Device 3:  0.9886  (98.86%)

[Ground Truth]
  - Attack samples: 1621
  - Normal samples: 482
  - Total samples:  2103

[Predictions]
  - Predicted Attack:  1608
  - Predicted Normal:  495

[Confusion Matrix]
  - True Positives (TP):  1602
  - True Negatives (TN):  476
  - False Positives (FP): 6
  - False Negatives (FN): 19

[Metrics]
  - Precision:  0.9944  (99.44%)
  - Recall:     0.9904  (99.04%)
  - F1-Score:   0.9924  (99.24%)
============================================================

[36m(ClientAppActor pid=745759)[0m [Client 1] Class weights (smoothed): {0: 1.0, 1: 1.0}[32m [repeated 12x across cluster][0m
[Round 60] Client contributions:
  Client samples: 29,184 (weight: 0.2500)
  Client samples: 29,184 (weight: 0.2500)
  Client samples: 29,186 (weight: 0.2500)
  Client samples: 29,186 (weight: 0.2500)
[DEBUG] evaluate_metrics_aggregation_fn called with 4 results
[DEBUG] results type: <class 'list'>
[DEBUG] First result type: <class 'tuple'>
[DEBUG] First result length: 2
[DEBUG] results[0][0] type: <class 'int'>
[DEBUG] results[0][1] type: <class 'flwr.app.message.configrecord.ConfigRecord'>
[DEBUG _get_metrics] res_item[1] type: ConfigRecord
[DEBUG _get_metrics] res_item[1] has metrics attr: False
[DEBUG _get_metrics] res_item[1].__dict__: {'_check_key_fn': <function _check_key at 0x7059b63c8900>, '_check_value_fn': <function _check_value at 0x7059abbb89a0>, '_data': {'accuracy': 0.988112211227417, 'loss': 0.00861227698624134, 'total_samples': 2103, 'actual_attack': 1621, 'actual_normal': 482, 'predicted_attack': 1620, 'predicted_normal': 483, 'true_positives': 1608, 'true_negatives': 470, 'false_positives': 12, 'false_negatives': 13, 'precision': 0.9925925925925926, 'recall': 0.9919802590993214, 'f1_score': 0.9922863313792041}}
[DEBUG _get_metrics] res_item[1].keys(): ['accuracy', 'loss', 'total_samples', 'actual_attack', 'actual_normal', 'predicted_attack', 'predicted_normal', 'true_positives', 'true_negatives', 'false_positives', 'false_negatives', 'precision', 'recall', 'f1_score']
[DEBUG _get_metrics] Extracted from ConfigRecord._data
[DEBUG _get_metrics] res_item[1] type: ConfigRecord
[DEBUG _get_metrics] res_item[1] has metrics attr: False
[DEBUG _get_metrics] res_item[1].__dict__: {'_check_key_fn': <function _check_key at 0x7059b63c8900>, '_check_value_fn': <function _check_value at 0x7059abbb89a0>, '_data': {'accuracy': 0.988112211227417, 'loss': 0.01239636167883873, 'total_samples': 2103, 'actual_attack': 1621, 'actual_normal': 482, 'predicted_attack': 1608, 'predicted_normal': 495, 'true_positives': 1602, 'true_negatives': 476, 'false_positives': 6, 'false_negatives': 19, 'precision': 0.996268656716418, 'recall': 0.9882788402220851, 'f1_score': 0.9922576649117374}}
[DEBUG _get_metrics] res_item[1].keys(): ['accuracy', 'loss', 'total_samples', 'actual_attack', 'actual_normal', 'predicted_attack', 'predicted_normal', 'true_positives', 'true_negatives', 'false_positives', 'false_negatives', 'precision', 'recall', 'f1_score']
[DEBUG _get_metrics] Extracted from ConfigRecord._data
[DEBUG _get_metrics] res_item[1] type: ConfigRecord
[DEBUG _get_metrics] res_item[1] has metrics attr: False
[DEBUG _get_metrics] res_item[1].__dict__: {'_check_key_fn': <function _check_key at 0x7059b63c8900>, '_check_value_fn': <function _check_value at 0x7059abbb89a0>, '_data': {'accuracy': 0.988112211227417, 'loss': 0.00861227698624134, 'total_samples': 2103, 'actual_attack': 1621, 'actual_normal': 482, 'predicted_attack': 1620, 'predicted_normal': 483, 'true_positives': 1608, 'true_negatives': 470, 'false_positives': 12, 'false_negatives': 13, 'precision': 0.9925925925925926, 'recall': 0.9919802590993214, 'f1_score': 0.9922863313792041}}
[DEBUG _get_metrics] res_item[1].keys(): ['accuracy', 'loss', 'total_samples', 'actual_attack', 'actual_normal', 'predicted_attack', 'predicted_normal', 'true_positives', 'true_negatives', 'false_positives', 'false_negatives', 'precision', 'recall', 'f1_score']
[DEBUG _get_metrics] Extracted from ConfigRecord._data
[DEBUG _get_metrics] res_item[1] type: ConfigRecord
[DEBUG _get_metrics] res_item[1] has metrics attr: False
[DEBUG _get_metrics] res_item[1].__dict__: {'_check_key_fn': <function _check_key at 0x7059b63c8900>, '_check_value_fn': <function _check_value at 0x7059abbb89a0>, '_data': {'accuracy': 0.988112211227417, 'loss': 0.01239636167883873, 'total_samples': 2103, 'actual_attack': 1621, 'actual_normal': 482, 'predicted_attack': 1608, 'predicted_normal': 495, 'true_positives': 1602, 'true_negatives': 476, 'false_positives': 6, 'false_negatives': 19, 'precision': 0.996268656716418, 'recall': 0.9882788402220851, 'f1_score': 0.9922576649117374}}
[DEBUG _get_metrics] res_item[1].keys(): ['accuracy', 'loss', 'total_samples', 'actual_attack', 'actual_normal', 'predicted_attack', 'predicted_normal', 'true_positives', 'true_negatives', 'false_positives', 'false_negatives', 'precision', 'recall', 'f1_score']
[DEBUG _get_metrics] Extracted from ConfigRecord._data
[DEBUG] Extracted 4 metrics from results

[Evaluation Summary]
============================================================
Round: 60 / 100
Accuracy (mean):  0.9881  (98.81%)
Loss:             0.0105
[Per-Device Accuracy]
  - Device 0:  0.9881  (98.81%)
  - Device 1:  0.9881  (98.81%)
  - Device 2:  0.9881  (98.81%)
  - Device 3:  0.9881  (98.81%)

[Ground Truth]
  - Attack samples: 1621
  - Normal samples: 482
  - Total samples:  2103

[Predictions]
  - Predicted Attack:  1620
  - Predicted Normal:  483

[Confusion Matrix]
  - True Positives (TP):  1608
  - True Negatives (TN):  470
  - False Positives (FP): 12
  - False Negatives (FN): 13

[Metrics]
  - Precision:  0.9944  (99.44%)
  - Recall:     0.9901  (99.01%)
  - F1-Score:   0.9923  (99.23%)
============================================================

[36m(ClientAppActor pid=745753)[0m [Client 2] Class weights (smoothed): {0: 1.0, 1: 1.0}[32m [repeated 12x across cluster][0m
[DEBUG] evaluate_metrics_aggregation_fn called with 4 results
[DEBUG] results type: <class 'list'>
[DEBUG] First result type: <class 'tuple'>
[DEBUG] First result length: 2
[DEBUG] results[0][0] type: <class 'int'>
[DEBUG] results[0][1] type: <class 'flwr.app.message.configrecord.ConfigRecord'>
[DEBUG _get_metrics] res_item[1] type: ConfigRecord
[DEBUG _get_metrics] res_item[1] has metrics attr: False
[DEBUG _get_metrics] res_item[1].__dict__: {'_check_key_fn': <function _check_key at 0x7059b63c8900>, '_check_value_fn': <function _check_value at 0x7059abbb89a0>, '_data': {'accuracy': 0.988112211227417, 'loss': 0.008631323464214802, 'total_samples': 2103, 'actual_attack': 1621, 'actual_normal': 482, 'predicted_attack': 1620, 'predicted_normal': 483, 'true_positives': 1608, 'true_negatives': 470, 'false_positives': 12, 'false_negatives': 13, 'precision': 0.9925925925925926, 'recall': 0.9919802590993214, 'f1_score': 0.9922863313792041}}[92mINFO [0m:      
[92mINFO [0m:      [ROUND 62]
[92mINFO [0m:      configure_fit: strategy sampled 4 clients (out of 4)
[92mINFO [0m:      aggregate_fit: received 4 results and 0 failures
[92mINFO [0m:      configure_evaluate: strategy sampled 4 clients (out of 4)
[92mINFO [0m:      aggregate_evaluate: received 4 results and 0 failures

[DEBUG _get_metrics] res_item[1].keys(): ['accuracy', 'loss', 'total_samples', 'actual_attack', 'actual_normal', 'predicted_attack', 'predicted_normal', 'true_positives', 'true_negatives', 'false_positives', 'false_negatives', 'precision', 'recall', 'f1_score']
[DEBUG _get_metrics] Extracted from ConfigRecord._data
[DEBUG _get_metrics] res_item[1] type: ConfigRecord
[DEBUG _get_metrics] res_item[1] has metrics attr: False
[DEBUG _get_metrics] res_item[1].__dict__: {'_check_key_fn': <function _check_key at 0x7059b63c8900>, '_check_value_fn': <function _check_value at 0x7059abbb89a0>, '_data': {'accuracy': 0.988112211227417, 'loss': 0.008631323464214802, 'total_samples': 2103, 'actual_attack': 1621, 'actual_normal': 482, 'predicted_attack': 1620, 'predicted_normal': 483, 'true_positives': 1608, 'true_negatives': 470, 'false_positives': 12, 'false_negatives': 13, 'precision': 0.9925925925925926, 'recall': 0.9919802590993214, 'f1_score': 0.9922863313792041}}
[DEBUG _get_metrics] res_item[1].keys(): ['accuracy', 'loss', 'total_samples', 'actual_attack', 'actual_normal', 'predicted_attack', 'predicted_normal', 'true_positives', 'true_negatives', 'false_positives', 'false_negatives', 'precision', 'recall', 'f1_score']
[DEBUG _get_metrics] Extracted from ConfigRecord._data
[DEBUG _get_metrics] res_item[1] type: ConfigRecord
[DEBUG _get_metrics] res_item[1] has metrics attr: False
[DEBUG _get_metrics] res_item[1].__dict__: {'_check_key_fn': <function _check_key at 0x7059b63c8900>, '_check_value_fn': <function _check_value at 0x7059abbb89a0>, '_data': {'accuracy': 0.9866856932640076, 'loss': 0.012435521930456161, 'total_samples': 2103, 'actual_attack': 1621, 'actual_normal': 482, 'predicted_attack': 1605, 'predicted_normal': 498, 'true_positives': 1599, 'true_negatives': 476, 'false_positives': 6, 'false_negatives': 22, 'precision': 0.9962616822429906, 'recall': 0.986428130783467, 'f1_score': 0.9913205207687539}}
[DEBUG _get_metrics] res_item[1].keys(): ['accuracy', 'loss', 'total_samples', 'actual_attack', 'actual_normal', 'predicted_attack', 'predicted_normal', 'true_positives', 'true_negatives', 'false_positives', 'false_negatives', 'precision', 'recall', 'f1_score']
[DEBUG _get_metrics] Extracted from ConfigRecord._data
[DEBUG _get_metrics] res_item[1] type: ConfigRecord
[DEBUG _get_metrics] res_item[1] has metrics attr: False
[DEBUG _get_metrics] res_item[1].__dict__: {'_check_key_fn': <function _check_key at 0x7059b63c8900>, '_check_value_fn': <function _check_value at 0x7059abbb89a0>, '_data': {'accuracy': 0.9866856932640076, 'loss': 0.012435521930456161, 'total_samples': 2103, 'actual_attack': 1621, 'actual_normal': 482, 'predicted_attack': 1605, 'predicted_normal': 498, 'true_positives': 1599, 'true_negatives': 476, 'false_positives': 6, 'false_negatives': 22, 'precision': 0.9962616822429906, 'recall': 0.986428130783467, 'f1_score': 0.9913205207687539}}
[DEBUG _get_metrics] res_item[1].keys(): ['accuracy', 'loss', 'total_samples', 'actual_attack', 'actual_normal', 'predicted_attack', 'predicted_normal', 'true_positives', 'true_negatives', 'false_positives', 'false_negatives', 'precision', 'recall', 'f1_score']
[DEBUG _get_metrics] Extracted from ConfigRecord._data
[DEBUG] Extracted 4 metrics from results

[Evaluation Summary]
============================================================
Round: 61 / 100
Accuracy (mean):  0.9874  (98.74%)
Loss:             0.0105
[Per-Device Accuracy]
  - Device 0:  0.9881  (98.81%)
  - Device 1:  0.9881  (98.81%)
  - Device 2:  0.9867  (98.67%)
  - Device 3:  0.9867  (98.67%)

[Ground Truth]
  - Attack samples: 1621
  - Normal samples: 482
  - Total samples:  2103

[Predictions]
  - Predicted Attack:  1620
  - Predicted Normal:  483

[Confusion Matrix]
  - True Positives (TP):  1608
  - True Negatives (TN):  470
  - False Positives (FP): 12
  - False Negatives (FN): 13

[Metrics]
  - Precision:  0.9944  (99.44%)
  - Recall:     0.9892  (98.92%)
  - F1-Score:   0.9918  (99.18%)
============================================================

[DEBUG] evaluate_metrics_aggregation_fn called with 4 results
[DEBUG] results type: <class 'list'>
[DEBUG] First result type: <class 'tuple'>
[DEBUG] First result length: 2
[DEBUG] results[0][0] type: <class 'int'>
[DEBUG] results[0][1] type: <class 'flwr.app.message.configrecord.ConfigRecord'>
[DEBUG _get_metrics] res_item[1] type: ConfigRecord
[DEBUG _get_metrics] res_item[1] has metrics attr: False
[DEBUG _get_metrics] res_item[1].__dict__: {'_check_key_fn': <function _check_key at 0x7059b63c8900>, '_check_value_fn': <function _check_value at 0x7059abbb89a0>, '_data': {'accuracy': 0.988112211227417, 'loss': 0.00856997724622488, 'total_samples': 2103, 'actual_attack': 1621, 'actual_normal': 482, 'predicted_attack': 1620, 'predicted_normal': 483, 'true_positives': 1608, 'true_negatives': 470, 'false_positives': 12, 'false_negatives': 13, 'precision': 0.9925925925925926, 'recall': 0.9919802590993214, 'f1_score': 0.9922863313792041}}
[DEBUG _get_metrics] res_item[1].keys(): ['accuracy', 'loss', 'total_samples', 'actual_attack', 'actual_normal', 'predicted_attack', 'predicted_normal', 'true_positives', 'true_negatives', 'false_positives', 'false_negatives', 'precision', 'recall', 'f1_score']
[DEBUG _get_metrics] Extracted from ConfigRecord._data
[DEBUG _get_metrics] res_item[1] type: ConfigRecord
[DEBUG _get_metrics] res_item[1] has metrics attr: False
[DEBUG _get_metrics] res_item[1].__dict__: {'_check_key_fn': <function _check_key at 0x7059b63c8900>, '_check_value_fn': <function _check_value at 0x7059abbb89a0>, '_data': {'accuracy': 0.988112211227417, 'loss': 0.00856997724622488, 'total_samples': 2103, 'actual_attack': 1621, 'actual_normal': 482, 'predicted_attack': 1620, 'predicted_normal': 483, 'true_positives': 1608, 'true_negatives': 470, 'false_positives': 12, 'false_negatives': 13, 'precision': 0.9925925925925926, 'recall': 0.9919802590993214, 'f1_score': 0.9922863313792041}}
[DEBUG _get_metrics] res_item[1].keys(): ['accuracy', 'loss', 'total_samples', 'actual_attack', 'actual_normal', 'predicted_attack', 'predicted_normal', 'true_positives', 'true_negatives', 'false_positives', 'false_negatives', 'precision', 'recall', 'f1_score']
[DEBUG _get_metrics] Extracted from ConfigRecord._data
[DEBUG _get_metrics] res_item[1] type: ConfigRecord
[DEBUG _get_metrics] res_item[1] has metrics attr: False
[DEBUG _get_metrics] res_item[1].__dict__: {'_check_key_fn': <function _check_key at 0x7059b63c8900>, '_check_value_fn': <function _check_value at 0x7059abbb89a0>, '_data': {'accuracy': 0.9866856932640076, 'loss': 0.012380563654005527, 'total_samples': 2103, 'actual_attack': 1621, 'actual_normal': 482, 'predicted_attack': 1605, 'predicted_normal': 498, 'true_positives': 1599, 'true_negatives': 476, 'false_positives': 6, 'false_negatives': 22, 'precision': 0.9962616822429906, 'recall': 0.986428130783467, 'f1_score': 0.9913205207687539}}
[DEBUG _get_metrics] res_item[1].keys(): ['accuracy', 'loss', 'total_samples', 'actual_attack', 'actual_normal', 'predicted_attack', 'predicted_normal', 'true_positives', 'true_negatives', 'false_positives', 'false_negatives', 'precision', 'recall', 'f1_score']
[DEBUG _get_metrics] Extracted from ConfigRecord._data
[DEBUG _get_metrics] res_item[1] type: ConfigRecord
[DEBUG _get_metrics] res_item[1] has metrics attr: False
[DEBUG _get_metrics] res_item[1].__dict__: {'_check_key_fn': <function _check_key at 0x7059b63c8900>, '_check_value_fn': <function _check_value at 0x7059abbb89a0>, '_data': {'accuracy': 0.9866856932640076, 'loss': 0.012380563654005527, 'total_samples': 2103, 'actual_attack': 1621, 'actual_normal': 482, 'predicted_attack': 1605, 'predicted_normal': 498, 'true_positives': 1599, 'true_negatives': 476, 'false_positives': 6, 'false_negatives': 22, 'precision': 0.9962616822429906, 'recall': 0.986428130783467, 'f1_score': 0.9913205207687539}}
[DEBUG _get_metrics] res_item[1].keys(): ['accuracy', 'loss', 'total_samples', 'actual_attack', 'actual_normal', 'predicted_attack', 'predicted_normal', 'true_positives', 'true_negatives', 'false_positives', 'false_negatives', 'precision', 'recall', 'f1_score']
[DEBUG _get_metrics] Extracted from ConfigRecord._data[92mINFO [0m:      
[92mINFO [0m:      [ROUND 63]
[92mINFO [0m:      configure_fit: strategy sampled 4 clients (out of 4)
[92mINFO [0m:      aggregate_fit: received 4 results and 0 failures
[92mINFO [0m:      configure_evaluate: strategy sampled 4 clients (out of 4)
[92mINFO [0m:      aggregate_evaluate: received 4 results and 0 failures
[92mINFO [0m:      
[92mINFO [0m:      [ROUND 64]
[92mINFO [0m:      configure_fit: strategy sampled 4 clients (out of 4)
[92mINFO [0m:      aggregate_fit: received 4 results and 0 failures
[92mINFO [0m:      configure_evaluate: strategy sampled 4 clients (out of 4)
[92mINFO [0m:      aggregate_evaluate: received 4 results and 0 failures

[DEBUG] Extracted 4 metrics from results

[Evaluation Summary]
============================================================
Round: 62 / 100
Accuracy (mean):  0.9874  (98.74%)
Loss:             0.0105
[Per-Device Accuracy]
  - Device 0:  0.9881  (98.81%)
  - Device 1:  0.9881  (98.81%)
  - Device 2:  0.9867  (98.67%)
  - Device 3:  0.9867  (98.67%)

[Ground Truth]
  - Attack samples: 1621
  - Normal samples: 482
  - Total samples:  2103

[Predictions]
  - Predicted Attack:  1620
  - Predicted Normal:  483

[Confusion Matrix]
  - True Positives (TP):  1608
  - True Negatives (TN):  470
  - False Positives (FP): 12
  - False Negatives (FN): 13

[Metrics]
  - Precision:  0.9944  (99.44%)
  - Recall:     0.9892  (98.92%)
  - F1-Score:   0.9918  (99.18%)
============================================================

[36m(ClientAppActor pid=745762)[0m [Client 1] Class weights (smoothed): {0: 1.0, 1: 1.0}[32m [repeated 16x across cluster][0m
[DEBUG] evaluate_metrics_aggregation_fn called with 4 results
[DEBUG] results type: <class 'list'>
[DEBUG] First result type: <class 'tuple'>
[DEBUG] First result length: 2
[DEBUG] results[0][0] type: <class 'int'>
[DEBUG] results[0][1] type: <class 'flwr.app.message.configrecord.ConfigRecord'>
[DEBUG _get_metrics] res_item[1] type: ConfigRecord
[DEBUG _get_metrics] res_item[1] has metrics attr: False
[DEBUG _get_metrics] res_item[1].__dict__: {'_check_key_fn': <function _check_key at 0x7059b63c8900>, '_check_value_fn': <function _check_value at 0x7059abbb89a0>, '_data': {'accuracy': 0.9857346415519714, 'loss': 0.012334850616753101, 'total_samples': 2103, 'actual_attack': 1621, 'actual_normal': 482, 'predicted_attack': 1603, 'predicted_normal': 500, 'true_positives': 1597, 'true_negatives': 476, 'false_positives': 6, 'false_negatives': 24, 'precision': 0.9962570180910792, 'recall': 0.9851943244910549, 'f1_score': 0.9906947890818859}}
[DEBUG _get_metrics] res_item[1].keys(): ['accuracy', 'loss', 'total_samples', 'actual_attack', 'actual_normal', 'predicted_attack', 'predicted_normal', 'true_positives', 'true_negatives', 'false_positives', 'false_negatives', 'precision', 'recall', 'f1_score']
[DEBUG _get_metrics] Extracted from ConfigRecord._data
[DEBUG _get_metrics] res_item[1] type: ConfigRecord
[DEBUG _get_metrics] res_item[1] has metrics attr: False
[DEBUG _get_metrics] res_item[1].__dict__: {'_check_key_fn': <function _check_key at 0x7059b63c8900>, '_check_value_fn': <function _check_value at 0x7059abbb89a0>, '_data': {'accuracy': 0.988112211227417, 'loss': 0.008528008125722408, 'total_samples': 2103, 'actual_attack': 1621, 'actual_normal': 482, 'predicted_attack': 1620, 'predicted_normal': 483, 'true_positives': 1608, 'true_negatives': 470, 'false_positives': 12, 'false_negatives': 13, 'precision': 0.9925925925925926, 'recall': 0.9919802590993214, 'f1_score': 0.9922863313792041}}
[DEBUG _get_metrics] res_item[1].keys(): ['accuracy', 'loss', 'total_samples', 'actual_attack', 'actual_normal', 'predicted_attack', 'predicted_normal', 'true_positives', 'true_negatives', 'false_positives', 'false_negatives', 'precision', 'recall', 'f1_score']
[DEBUG _get_metrics] Extracted from ConfigRecord._data
[DEBUG _get_metrics] res_item[1] type: ConfigRecord
[DEBUG _get_metrics] res_item[1] has metrics attr: False
[DEBUG _get_metrics] res_item[1].__dict__: {'_check_key_fn': <function _check_key at 0x7059b63c8900>, '_check_value_fn': <function _check_value at 0x7059abbb89a0>, '_data': {'accuracy': 0.988112211227417, 'loss': 0.008528008125722408, 'total_samples': 2103, 'actual_attack': 1621, 'actual_normal': 482, 'predicted_attack': 1620, 'predicted_normal': 483, 'true_positives': 1608, 'true_negatives': 470, 'false_positives': 12, 'false_negatives': 13, 'precision': 0.9925925925925926, 'recall': 0.9919802590993214, 'f1_score': 0.9922863313792041}}
[DEBUG _get_metrics] res_item[1].keys(): ['accuracy', 'loss', 'total_samples', 'actual_attack', 'actual_normal', 'predicted_attack', 'predicted_normal', 'true_positives', 'true_negatives', 'false_positives', 'false_negatives', 'precision', 'recall', 'f1_score']
[DEBUG _get_metrics] Extracted from ConfigRecord._data
[DEBUG _get_metrics] res_item[1] type: ConfigRecord
[DEBUG _get_metrics] res_item[1] has metrics attr: False
[DEBUG _get_metrics] res_item[1].__dict__: {'_check_key_fn': <function _check_key at 0x7059b63c8900>, '_check_value_fn': <function _check_value at 0x7059abbb89a0>, '_data': {'accuracy': 0.9857346415519714, 'loss': 0.012334850616753101, 'total_samples': 2103, 'actual_attack': 1621, 'actual_normal': 482, 'predicted_attack': 1603, 'predicted_normal': 500, 'true_positives': 1597, 'true_negatives': 476, 'false_positives': 6, 'false_negatives': 24, 'precision': 0.9962570180910792, 'recall': 0.9851943244910549, 'f1_score': 0.9906947890818859}}
[DEBUG _get_metrics] res_item[1].keys(): ['accuracy', 'loss', 'total_samples', 'actual_attack', 'actual_normal', 'predicted_attack', 'predicted_normal', 'true_positives', 'true_negatives', 'false_positives', 'false_negatives', 'precision', 'recall', 'f1_score']
[DEBUG _get_metrics] Extracted from ConfigRecord._data
[DEBUG] Extracted 4 metrics from results

[Evaluation Summary]
============================================================
Round: 63 / 100
Accuracy (mean):  0.9869  (98.69%)
Loss:             0.0104
[Per-Device Accuracy]
  - Device 0:  0.9857  (98.57%)
  - Device 1:  0.9881  (98.81%)
  - Device 2:  0.9881  (98.81%)
  - Device 3:  0.9857  (98.57%)

[Ground Truth]
  - Attack samples: 1621
  - Normal samples: 482
  - Total samples:  2103

[Predictions]
  - Predicted Attack:  1603
  - Predicted Normal:  500

[Confusion Matrix]
  - True Positives (TP):  1597
  - True Negatives (TN):  476
  - False Positives (FP): 6
  - False Negatives (FN): 24

[Metrics]
  - Precision:  0.9944  (99.44%)
  - Recall:     0.9886  (98.86%)
  - F1-Score:   0.9915  (99.15%)
============================================================

[DEBUG] evaluate_metrics_aggregation_fn called with 4 results
[DEBUG] results type: <class 'list'>
[DEBUG] First result type: <class 'tuple'>
[DEBUG] First result length: 2
[DEBUG] results[0][0] type: <class 'int'>
[DEBUG] results[0][1] type: <class 'flwr.app.message.configrecord.ConfigRecord'>
[DEBUG _get_metrics] res_item[1] type: ConfigRecord
[DEBUG _get_metrics] res_item[1] has metrics attr: False
[DEBUG _get_metrics] res_item[1].__dict__: {'_check_key_fn': <function _check_key at 0x7059b63c8900>, '_check_value_fn': <function _check_value at 0x7059abbb89a0>, '_data': {'accuracy': 0.9866856932640076, 'loss': 0.012281624600291252, 'total_samples': 2103, 'actual_attack': 1621, 'actual_normal': 482, 'predicted_attack': 1605, 'predicted_normal': 498, 'true_positives': 1599, 'true_negatives': 476, 'false_positives': 6, 'false_negatives': 22, 'precision': 0.9962616822429906, 'recall': 0.986428130783467, 'f1_score': 0.9913205207687539}}
[DEBUG _get_metrics] res_item[1].keys(): ['accuracy', 'loss', 'total_samples', 'actual_attack', 'actual_normal', 'predicted_attack', 'predicted_normal', 'true_positives', 'true_negatives', 'false_positives', 'false_negatives', 'precision', 'recall', 'f1_score']
[DEBUG _get_metrics] Extracted from ConfigRecord._data
[DEBUG _get_metrics] res_item[1] type: ConfigRecord
[DEBUG _get_metrics] res_item[1] has metrics attr: False
[DEBUG _get_metrics] res_item[1].__dict__: {'_check_key_fn': <function _check_key at 0x7059b63c8900>, '_check_value_fn': <function _check_value at 0x7059abbb89a0>, '_data': {'accuracy': 0.988112211227417, 'loss': 0.008483524434268475, 'total_samples': 2103, 'actual_attack': 1621, 'actual_normal': 482, 'predicted_attack': 1620, 'predicted_normal': 483, 'true_positives': 1608, 'true_negatives': 470, 'false_positives': 12, 'false_negatives': 13, 'precision': 0.9925925925925926, 'recall': 0.9919802590993214, 'f1_score': 0.9922863313792041}}
[DEBUG _get_metrics] res_item[1].keys(): ['accuracy', 'loss', 'total_samples', 'actual_attack', 'actual_normal', 'predicted_attack', 'predicted_normal', 'true_positives', 'true_negatives', 'false_positives', 'false_negatives', 'precision', 'recall', 'f1_score']
[DEBUG _get_metrics] Extracted from ConfigRecord._data
[DEBUG _get_metrics] res_item[1] type: ConfigRecord[92mINFO [0m:      
[92mINFO [0m:      [ROUND 65]
[92mINFO [0m:      configure_fit: strategy sampled 4 clients (out of 4)
[92mINFO [0m:      aggregate_fit: received 4 results and 0 failures
[92mINFO [0m:      configure_evaluate: strategy sampled 4 clients (out of 4)
[92mINFO [0m:      aggregate_evaluate: received 4 results and 0 failures
[92mINFO [0m:      
[92mINFO [0m:      [ROUND 66]
[92mINFO [0m:      configure_fit: strategy sampled 4 clients (out of 4)
[92mINFO [0m:      aggregate_fit: received 4 results and 0 failures
[92mINFO [0m:      configure_evaluate: strategy sampled 4 clients (out of 4)
[92mINFO [0m:      aggregate_evaluate: received 4 results and 0 failures

[DEBUG _get_metrics] res_item[1] has metrics attr: False
[DEBUG _get_metrics] res_item[1].__dict__: {'_check_key_fn': <function _check_key at 0x7059b63c8900>, '_check_value_fn': <function _check_value at 0x7059abbb89a0>, '_data': {'accuracy': 0.9866856932640076, 'loss': 0.012281624600291252, 'total_samples': 2103, 'actual_attack': 1621, 'actual_normal': 482, 'predicted_attack': 1605, 'predicted_normal': 498, 'true_positives': 1599, 'true_negatives': 476, 'false_positives': 6, 'false_negatives': 22, 'precision': 0.9962616822429906, 'recall': 0.986428130783467, 'f1_score': 0.9913205207687539}}
[DEBUG _get_metrics] res_item[1].keys(): ['accuracy', 'loss', 'total_samples', 'actual_attack', 'actual_normal', 'predicted_attack', 'predicted_normal', 'true_positives', 'true_negatives', 'false_positives', 'false_negatives', 'precision', 'recall', 'f1_score']
[DEBUG _get_metrics] Extracted from ConfigRecord._data
[DEBUG _get_metrics] res_item[1] type: ConfigRecord
[DEBUG _get_metrics] res_item[1] has metrics attr: False
[DEBUG _get_metrics] res_item[1].__dict__: {'_check_key_fn': <function _check_key at 0x7059b63c8900>, '_check_value_fn': <function _check_value at 0x7059abbb89a0>, '_data': {'accuracy': 0.988112211227417, 'loss': 0.008483524434268475, 'total_samples': 2103, 'actual_attack': 1621, 'actual_normal': 482, 'predicted_attack': 1620, 'predicted_normal': 483, 'true_positives': 1608, 'true_negatives': 470, 'false_positives': 12, 'false_negatives': 13, 'precision': 0.9925925925925926, 'recall': 0.9919802590993214, 'f1_score': 0.9922863313792041}}
[DEBUG _get_metrics] res_item[1].keys(): ['accuracy', 'loss', 'total_samples', 'actual_attack', 'actual_normal', 'predicted_attack', 'predicted_normal', 'true_positives', 'true_negatives', 'false_positives', 'false_negatives', 'precision', 'recall', 'f1_score']
[DEBUG _get_metrics] Extracted from ConfigRecord._data
[DEBUG] Extracted 4 metrics from results

[Evaluation Summary]
============================================================
Round: 64 / 100
Accuracy (mean):  0.9874  (98.74%)
Loss:             0.0104
[Per-Device Accuracy]
  - Device 0:  0.9867  (98.67%)
  - Device 1:  0.9881  (98.81%)
  - Device 2:  0.9867  (98.67%)
  - Device 3:  0.9881  (98.81%)

[Ground Truth]
  - Attack samples: 1621
  - Normal samples: 482
  - Total samples:  2103

[Predictions]
  - Predicted Attack:  1605
  - Predicted Normal:  498

[Confusion Matrix]
  - True Positives (TP):  1599
  - True Negatives (TN):  476
  - False Positives (FP): 6
  - False Negatives (FN): 22

[Metrics]
  - Precision:  0.9944  (99.44%)
  - Recall:     0.9892  (98.92%)
  - F1-Score:   0.9918  (99.18%)
============================================================

[Round 65] Client contributions:
  Client samples: 29,186 (weight: 0.2500)
  Client samples: 29,184 (weight: 0.2500)
  Client samples: 29,184 (weight: 0.2500)
  Client samples: 29,186 (weight: 0.2500)
[36m(ClientAppActor pid=745753)[0m [Client 2] Class weights (smoothed): {0: 1.0, 1: 1.0}[32m [repeated 16x across cluster][0m
[DEBUG] evaluate_metrics_aggregation_fn called with 4 results
[DEBUG] results type: <class 'list'>
[DEBUG] First result type: <class 'tuple'>
[DEBUG] First result length: 2
[DEBUG] results[0][0] type: <class 'int'>
[DEBUG] results[0][1] type: <class 'flwr.app.message.configrecord.ConfigRecord'>
[DEBUG _get_metrics] res_item[1] type: ConfigRecord
[DEBUG _get_metrics] res_item[1] has metrics attr: False
[DEBUG _get_metrics] res_item[1].__dict__: {'_check_key_fn': <function _check_key at 0x7059b63c8900>, '_check_value_fn': <function _check_value at 0x7059abbb89a0>, '_data': {'accuracy': 0.9876366853713989, 'loss': 0.012311115860939026, 'total_samples': 2103, 'actual_attack': 1621, 'actual_normal': 482, 'predicted_attack': 1607, 'predicted_normal': 496, 'true_positives': 1601, 'true_negatives': 476, 'false_positives': 6, 'false_negatives': 20, 'precision': 0.9962663347853142, 'recall': 0.9876619370758791, 'f1_score': 0.9919454770755887}}
[DEBUG _get_metrics] res_item[1].keys(): ['accuracy', 'loss', 'total_samples', 'actual_attack', 'actual_normal', 'predicted_attack', 'predicted_normal', 'true_positives', 'true_negatives', 'false_positives', 'false_negatives', 'precision', 'recall', 'f1_score']
[DEBUG _get_metrics] Extracted from ConfigRecord._data
[DEBUG _get_metrics] res_item[1] type: ConfigRecord
[DEBUG _get_metrics] res_item[1] has metrics attr: False
[DEBUG _get_metrics] res_item[1].__dict__: {'_check_key_fn': <function _check_key at 0x7059b63c8900>, '_check_value_fn': <function _check_value at 0x7059abbb89a0>, '_data': {'accuracy': 0.9876366853713989, 'loss': 0.012311115860939026, 'total_samples': 2103, 'actual_attack': 1621, 'actual_normal': 482, 'predicted_attack': 1607, 'predicted_normal': 496, 'true_positives': 1601, 'true_negatives': 476, 'false_positives': 6, 'false_negatives': 20, 'precision': 0.9962663347853142, 'recall': 0.9876619370758791, 'f1_score': 0.9919454770755887}}
[DEBUG _get_metrics] res_item[1].keys(): ['accuracy', 'loss', 'total_samples', 'actual_attack', 'actual_normal', 'predicted_attack', 'predicted_normal', 'true_positives', 'true_negatives', 'false_positives', 'false_negatives', 'precision', 'recall', 'f1_score']
[DEBUG _get_metrics] Extracted from ConfigRecord._data
[DEBUG _get_metrics] res_item[1] type: ConfigRecord
[DEBUG _get_metrics] res_item[1] has metrics attr: False
[DEBUG _get_metrics] res_item[1].__dict__: {'_check_key_fn': <function _check_key at 0x7059b63c8900>, '_check_value_fn': <function _check_value at 0x7059abbb89a0>, '_data': {'accuracy': 0.988112211227417, 'loss': 0.008521484211087227, 'total_samples': 2103, 'actual_attack': 1621, 'actual_normal': 482, 'predicted_attack': 1620, 'predicted_normal': 483, 'true_positives': 1608, 'true_negatives': 470, 'false_positives': 12, 'false_negatives': 13, 'precision': 0.9925925925925926, 'recall': 0.9919802590993214, 'f1_score': 0.9922863313792041}}
[DEBUG _get_metrics] res_item[1].keys(): ['accuracy', 'loss', 'total_samples', 'actual_attack', 'actual_normal', 'predicted_attack', 'predicted_normal', 'true_positives', 'true_negatives', 'false_positives', 'false_negatives', 'precision', 'recall', 'f1_score']
[DEBUG _get_metrics] Extracted from ConfigRecord._data
[DEBUG _get_metrics] res_item[1] type: ConfigRecord
[DEBUG _get_metrics] res_item[1] has metrics attr: False
[DEBUG _get_metrics] res_item[1].__dict__: {'_check_key_fn': <function _check_key at 0x7059b63c8900>, '_check_value_fn': <function _check_value at 0x7059abbb89a0>, '_data': {'accuracy': 0.988112211227417, 'loss': 0.008521484211087227, 'total_samples': 2103, 'actual_attack': 1621, 'actual_normal': 482, 'predicted_attack': 1620, 'predicted_normal': 483, 'true_positives': 1608, 'true_negatives': 470, 'false_positives': 12, 'false_negatives': 13, 'precision': 0.9925925925925926, 'recall': 0.9919802590993214, 'f1_score': 0.9922863313792041}}
[DEBUG _get_metrics] res_item[1].keys(): ['accuracy', 'loss', 'total_samples', 'actual_attack', 'actual_normal', 'predicted_attack', 'predicted_normal', 'true_positives', 'true_negatives', 'false_positives', 'false_negatives', 'precision', 'recall', 'f1_score']
[DEBUG _get_metrics] Extracted from ConfigRecord._data
[DEBUG] Extracted 4 metrics from results

[Evaluation Summary]
============================================================
Round: 65 / 100
Accuracy (mean):  0.9879  (98.79%)
Loss:             0.0104
[Per-Device Accuracy]
  - Device 0:  0.9876  (98.76%)
  - Device 1:  0.9876  (98.76%)
  - Device 2:  0.9881  (98.81%)
  - Device 3:  0.9881  (98.81%)

[Ground Truth]
  - Attack samples: 1621
  - Normal samples: 482
  - Total samples:  2103

[Predictions]
  - Predicted Attack:  1607
  - Predicted Normal:  496

[Confusion Matrix]
  - True Positives (TP):  1601
  - True Negatives (TN):  476
  - False Positives (FP): 6
  - False Negatives (FN): 20

[Metrics]
  - Precision:  0.9944  (99.44%)
  - Recall:     0.9898  (98.98%)
  - F1-Score:   0.9921  (99.21%)
============================================================

[DEBUG] evaluate_metrics_aggregation_fn called with 4 results
[DEBUG] results type: <class 'list'>
[DEBUG] First result type: <class 'tuple'>
[DEBUG] First result length: 2[92mINFO [0m:      
[92mINFO [0m:      [ROUND 67]
[92mINFO [0m:      configure_fit: strategy sampled 4 clients (out of 4)
[92mINFO [0m:      aggregate_fit: received 4 results and 0 failures
[92mINFO [0m:      configure_evaluate: strategy sampled 4 clients (out of 4)
[92mINFO [0m:      aggregate_evaluate: received 4 results and 0 failures

[DEBUG] results[0][0] type: <class 'int'>
[DEBUG] results[0][1] type: <class 'flwr.app.message.configrecord.ConfigRecord'>
[DEBUG _get_metrics] res_item[1] type: ConfigRecord
[DEBUG _get_metrics] res_item[1] has metrics attr: False
[DEBUG _get_metrics] res_item[1].__dict__: {'_check_key_fn': <function _check_key at 0x7059b63c8900>, '_check_value_fn': <function _check_value at 0x7059abbb89a0>, '_data': {'accuracy': 0.988112211227417, 'loss': 0.0086369002237916, 'total_samples': 2103, 'actual_attack': 1621, 'actual_normal': 482, 'predicted_attack': 1620, 'predicted_normal': 483, 'true_positives': 1608, 'true_negatives': 470, 'false_positives': 12, 'false_negatives': 13, 'precision': 0.9925925925925926, 'recall': 0.9919802590993214, 'f1_score': 0.9922863313792041}}
[DEBUG _get_metrics] res_item[1].keys(): ['accuracy', 'loss', 'total_samples', 'actual_attack', 'actual_normal', 'predicted_attack', 'predicted_normal', 'true_positives', 'true_negatives', 'false_positives', 'false_negatives', 'precision', 'recall', 'f1_score']
[DEBUG _get_metrics] Extracted from ConfigRecord._data
[DEBUG _get_metrics] res_item[1] type: ConfigRecord
[DEBUG _get_metrics] res_item[1] has metrics attr: False
[DEBUG _get_metrics] res_item[1].__dict__: {'_check_key_fn': <function _check_key at 0x7059b63c8900>, '_check_value_fn': <function _check_value at 0x7059abbb89a0>, '_data': {'accuracy': 0.9871612191200256, 'loss': 0.012431377544999123, 'total_samples': 2103, 'actual_attack': 1621, 'actual_normal': 482, 'predicted_attack': 1606, 'predicted_normal': 497, 'true_positives': 1600, 'true_negatives': 476, 'false_positives': 6, 'false_negatives': 21, 'precision': 0.9962640099626401, 'recall': 0.987045033929673, 'f1_score': 0.9916330957545707}}
[DEBUG _get_metrics] res_item[1].keys(): ['accuracy', 'loss', 'total_samples', 'actual_attack', 'actual_normal', 'predicted_attack', 'predicted_normal', 'true_positives', 'true_negatives', 'false_positives', 'false_negatives', 'precision', 'recall', 'f1_score']
[DEBUG _get_metrics] Extracted from ConfigRecord._data
[DEBUG _get_metrics] res_item[1] type: ConfigRecord
[DEBUG _get_metrics] res_item[1] has metrics attr: False
[DEBUG _get_metrics] res_item[1].__dict__: {'_check_key_fn': <function _check_key at 0x7059b63c8900>, '_check_value_fn': <function _check_value at 0x7059abbb89a0>, '_data': {'accuracy': 0.9871612191200256, 'loss': 0.012431377544999123, 'total_samples': 2103, 'actual_attack': 1621, 'actual_normal': 482, 'predicted_attack': 1606, 'predicted_normal': 497, 'true_positives': 1600, 'true_negatives': 476, 'false_positives': 6, 'false_negatives': 21, 'precision': 0.9962640099626401, 'recall': 0.987045033929673, 'f1_score': 0.9916330957545707}}
[DEBUG _get_metrics] res_item[1].keys(): ['accuracy', 'loss', 'total_samples', 'actual_attack', 'actual_normal', 'predicted_attack', 'predicted_normal', 'true_positives', 'true_negatives', 'false_positives', 'false_negatives', 'precision', 'recall', 'f1_score']
[DEBUG _get_metrics] Extracted from ConfigRecord._data
[DEBUG _get_metrics] res_item[1] type: ConfigRecord
[DEBUG _get_metrics] res_item[1] has metrics attr: False
[DEBUG _get_metrics] res_item[1].__dict__: {'_check_key_fn': <function _check_key at 0x7059b63c8900>, '_check_value_fn': <function _check_value at 0x7059abbb89a0>, '_data': {'accuracy': 0.988112211227417, 'loss': 0.0086369002237916, 'total_samples': 2103, 'actual_attack': 1621, 'actual_normal': 482, 'predicted_attack': 1620, 'predicted_normal': 483, 'true_positives': 1608, 'true_negatives': 470, 'false_positives': 12, 'false_negatives': 13, 'precision': 0.9925925925925926, 'recall': 0.9919802590993214, 'f1_score': 0.9922863313792041}}
[DEBUG _get_metrics] res_item[1].keys(): ['accuracy', 'loss', 'total_samples', 'actual_attack', 'actual_normal', 'predicted_attack', 'predicted_normal', 'true_positives', 'true_negatives', 'false_positives', 'false_negatives', 'precision', 'recall', 'f1_score']
[DEBUG _get_metrics] Extracted from ConfigRecord._data
[DEBUG] Extracted 4 metrics from results

[Evaluation Summary]
============================================================
Round: 66 / 100
Accuracy (mean):  0.9876  (98.76%)
Loss:             0.0105
[Per-Device Accuracy]
  - Device 0:  0.9881  (98.81%)
  - Device 1:  0.9872  (98.72%)
  - Device 2:  0.9872  (98.72%)
  - Device 3:  0.9881  (98.81%)

[Ground Truth]
  - Attack samples: 1621
  - Normal samples: 482
  - Total samples:  2103

[Predictions]
  - Predicted Attack:  1620
  - Predicted Normal:  483

[Confusion Matrix]
  - True Positives (TP):  1608
  - True Negatives (TN):  470
  - False Positives (FP): 12
  - False Negatives (FN): 13

[Metrics]
  - Precision:  0.9944  (99.44%)
  - Recall:     0.9895  (98.95%)
  - F1-Score:   0.9920  (99.20%)
============================================================

[36m(ClientAppActor pid=745753)[0m [Client 2] Class weights (smoothed): {0: 1.0, 1: 1.0}[32m [repeated 16x across cluster][0m
[DEBUG] evaluate_metrics_aggregation_fn called with 4 results
[DEBUG] results type: <class 'list'>
[DEBUG] First result type: <class 'tuple'>
[DEBUG] First result length: 2
[DEBUG] results[0][0] type: <class 'int'>
[DEBUG] results[0][1] type: <class 'flwr.app.message.configrecord.ConfigRecord'>
[DEBUG _get_metrics] res_item[1] type: ConfigRecord
[DEBUG _get_metrics] res_item[1] has metrics attr: False
[DEBUG _get_metrics] res_item[1].__dict__: {'_check_key_fn': <function _check_key at 0x7059b63c8900>, '_check_value_fn': <function _check_value at 0x7059abbb89a0>, '_data': {'accuracy': 0.9871612191200256, 'loss': 0.01255242619663477, 'total_samples': 2103, 'actual_attack': 1621, 'actual_normal': 482, 'predicted_attack': 1606, 'predicted_normal': 497, 'true_positives': 1600, 'true_negatives': 476, 'false_positives': 6, 'false_negatives': 21, 'precision': 0.9962640099626401, 'recall': 0.987045033929673, 'f1_score': 0.9916330957545707}}
[DEBUG _get_metrics] res_item[1].keys(): ['accuracy', 'loss', 'total_samples', 'actual_attack', 'actual_normal', 'predicted_attack', 'predicted_normal', 'true_positives', 'true_negatives', 'false_positives', 'false_negatives', 'precision', 'recall', 'f1_score']
[DEBUG _get_metrics] Extracted from ConfigRecord._data
[DEBUG _get_metrics] res_item[1] type: ConfigRecord
[DEBUG _get_metrics] res_item[1] has metrics attr: False
[DEBUG _get_metrics] res_item[1].__dict__: {'_check_key_fn': <function _check_key at 0x7059b63c8900>, '_check_value_fn': <function _check_value at 0x7059abbb89a0>, '_data': {'accuracy': 0.9871612191200256, 'loss': 0.01255242619663477, 'total_samples': 2103, 'actual_attack': 1621, 'actual_normal': 482, 'predicted_attack': 1606, 'predicted_normal': 497, 'true_positives': 1600, 'true_negatives': 476, 'false_positives': 6, 'false_negatives': 21, 'precision': 0.9962640099626401, 'recall': 0.987045033929673, 'f1_score': 0.9916330957545707}}
[DEBUG _get_metrics] res_item[1].keys(): ['accuracy', 'loss', 'total_samples', 'actual_attack', 'actual_normal', 'predicted_attack', 'predicted_normal', 'true_positives', 'true_negatives', 'false_positives', 'false_negatives', 'precision', 'recall', 'f1_score']
[DEBUG _get_metrics] Extracted from ConfigRecord._data
[DEBUG _get_metrics] res_item[1] type: ConfigRecord
[DEBUG _get_metrics] res_item[1] has metrics attr: False
[DEBUG _get_metrics] res_item[1].__dict__: {'_check_key_fn': <function _check_key at 0x7059b63c8900>, '_check_value_fn': <function _check_value at 0x7059abbb89a0>, '_data': {'accuracy': 0.988112211227417, 'loss': 0.008747695945203304, 'total_samples': 2103, 'actual_attack': 1621, 'actual_normal': 482, 'predicted_attack': 1620, 'predicted_normal': 483, 'true_positives': 1608, 'true_negatives': 470, 'false_positives': 12, 'false_negatives': 13, 'precision': 0.9925925925925926, 'recall': 0.9919802590993214, 'f1_score': 0.9922863313792041}}
[DEBUG _get_metrics] res_item[1].keys(): ['accuracy', 'loss', 'total_samples', 'actual_attack', 'actual_normal', 'predicted_attack', 'predicted_normal', 'true_positives', 'true_negatives', 'false_positives', 'false_negatives', 'precision', 'recall', 'f1_score']
[DEBUG _get_metrics] Extracted from ConfigRecord._data
[DEBUG _get_metrics] res_item[1] type: ConfigRecord[92mINFO [0m:      
[92mINFO [0m:      [ROUND 68]
[92mINFO [0m:      configure_fit: strategy sampled 4 clients (out of 4)
[92mINFO [0m:      aggregate_fit: received 4 results and 0 failures
[92mINFO [0m:      configure_evaluate: strategy sampled 4 clients (out of 4)
[92mINFO [0m:      aggregate_evaluate: received 4 results and 0 failures
[92mINFO [0m:      
[92mINFO [0m:      [ROUND 69]
[92mINFO [0m:      configure_fit: strategy sampled 4 clients (out of 4)
[92mINFO [0m:      aggregate_fit: received 4 results and 0 failures
[92mINFO [0m:      configure_evaluate: strategy sampled 4 clients (out of 4)
[92mINFO [0m:      aggregate_evaluate: received 4 results and 0 failures

[DEBUG _get_metrics] res_item[1] has metrics attr: False
[DEBUG _get_metrics] res_item[1].__dict__: {'_check_key_fn': <function _check_key at 0x7059b63c8900>, '_check_value_fn': <function _check_value at 0x7059abbb89a0>, '_data': {'accuracy': 0.988112211227417, 'loss': 0.008747695945203304, 'total_samples': 2103, 'actual_attack': 1621, 'actual_normal': 482, 'predicted_attack': 1620, 'predicted_normal': 483, 'true_positives': 1608, 'true_negatives': 470, 'false_positives': 12, 'false_negatives': 13, 'precision': 0.9925925925925926, 'recall': 0.9919802590993214, 'f1_score': 0.9922863313792041}}
[DEBUG _get_metrics] res_item[1].keys(): ['accuracy', 'loss', 'total_samples', 'actual_attack', 'actual_normal', 'predicted_attack', 'predicted_normal', 'true_positives', 'true_negatives', 'false_positives', 'false_negatives', 'precision', 'recall', 'f1_score']
[DEBUG _get_metrics] Extracted from ConfigRecord._data
[DEBUG] Extracted 4 metrics from results

[Evaluation Summary]
============================================================
Round: 67 / 100
Accuracy (mean):  0.9876  (98.76%)
Loss:             0.0107
[Per-Device Accuracy]
  - Device 0:  0.9872  (98.72%)
  - Device 1:  0.9872  (98.72%)
  - Device 2:  0.9881  (98.81%)
  - Device 3:  0.9881  (98.81%)

[Ground Truth]
  - Attack samples: 1621
  - Normal samples: 482
  - Total samples:  2103

[Predictions]
  - Predicted Attack:  1606
  - Predicted Normal:  497

[Confusion Matrix]
  - True Positives (TP):  1600
  - True Negatives (TN):  476
  - False Positives (FP): 6
  - False Negatives (FN): 21

[Metrics]
  - Precision:  0.9944  (99.44%)
  - Recall:     0.9895  (98.95%)
  - F1-Score:   0.9920  (99.20%)
============================================================

[DEBUG] evaluate_metrics_aggregation_fn called with 4 results
[DEBUG] results type: <class 'list'>
[DEBUG] First result type: <class 'tuple'>
[DEBUG] First result length: 2
[DEBUG] results[0][0] type: <class 'int'>
[DEBUG] results[0][1] type: <class 'flwr.app.message.configrecord.ConfigRecord'>
[DEBUG _get_metrics] res_item[1] type: ConfigRecord
[DEBUG _get_metrics] res_item[1] has metrics attr: False
[DEBUG _get_metrics] res_item[1].__dict__: {'_check_key_fn': <function _check_key at 0x7059b63c8900>, '_check_value_fn': <function _check_value at 0x7059abbb89a0>, '_data': {'accuracy': 0.9876366853713989, 'loss': 0.008747882209718227, 'total_samples': 2103, 'actual_attack': 1621, 'actual_normal': 482, 'predicted_attack': 1619, 'predicted_normal': 484, 'true_positives': 1607, 'true_negatives': 470, 'false_positives': 12, 'false_negatives': 14, 'precision': 0.9925880172946263, 'recall': 0.9913633559531153, 'f1_score': 0.9919753086419754}}
[DEBUG _get_metrics] res_item[1].keys(): ['accuracy', 'loss', 'total_samples', 'actual_attack', 'actual_normal', 'predicted_attack', 'predicted_normal', 'true_positives', 'true_negatives', 'false_positives', 'false_negatives', 'precision', 'recall', 'f1_score']
[DEBUG _get_metrics] Extracted from ConfigRecord._data
[DEBUG _get_metrics] res_item[1] type: ConfigRecord
[DEBUG _get_metrics] res_item[1] has metrics attr: False
[DEBUG _get_metrics] res_item[1].__dict__: {'_check_key_fn': <function _check_key at 0x7059b63c8900>, '_check_value_fn': <function _check_value at 0x7059abbb89a0>, '_data': {'accuracy': 0.9862101674079895, 'loss': 0.012571112252771854, 'total_samples': 2103, 'actual_attack': 1621, 'actual_normal': 482, 'predicted_attack': 1604, 'predicted_normal': 499, 'true_positives': 1598, 'true_negatives': 476, 'false_positives': 6, 'false_negatives': 23, 'precision': 0.9962593516209476, 'recall': 0.9858112276372609, 'f1_score': 0.9910077519379844}}
[DEBUG _get_metrics] res_item[1].keys(): ['accuracy', 'loss', 'total_samples', 'actual_attack', 'actual_normal', 'predicted_attack', 'predicted_normal', 'true_positives', 'true_negatives', 'false_positives', 'false_negatives', 'precision', 'recall', 'f1_score']
[DEBUG _get_metrics] Extracted from ConfigRecord._data
[DEBUG _get_metrics] res_item[1] type: ConfigRecord
[DEBUG _get_metrics] res_item[1] has metrics attr: False
[DEBUG _get_metrics] res_item[1].__dict__: {'_check_key_fn': <function _check_key at 0x7059b63c8900>, '_check_value_fn': <function _check_value at 0x7059abbb89a0>, '_data': {'accuracy': 0.9876366853713989, 'loss': 0.008747882209718227, 'total_samples': 2103, 'actual_attack': 1621, 'actual_normal': 482, 'predicted_attack': 1619, 'predicted_normal': 484, 'true_positives': 1607, 'true_negatives': 470, 'false_positives': 12, 'false_negatives': 14, 'precision': 0.9925880172946263, 'recall': 0.9913633559531153, 'f1_score': 0.9919753086419754}}
[DEBUG _get_metrics] res_item[1].keys(): ['accuracy', 'loss', 'total_samples', 'actual_attack', 'actual_normal', 'predicted_attack', 'predicted_normal', 'true_positives', 'true_negatives', 'false_positives', 'false_negatives', 'precision', 'recall', 'f1_score']
[DEBUG _get_metrics] Extracted from ConfigRecord._data
[DEBUG _get_metrics] res_item[1] type: ConfigRecord
[DEBUG _get_metrics] res_item[1] has metrics attr: False
[DEBUG _get_metrics] res_item[1].__dict__: {'_check_key_fn': <function _check_key at 0x7059b63c8900>, '_check_value_fn': <function _check_value at 0x7059abbb89a0>, '_data': {'accuracy': 0.9862101674079895, 'loss': 0.012571112252771854, 'total_samples': 2103, 'actual_attack': 1621, 'actual_normal': 482, 'predicted_attack': 1604, 'predicted_normal': 499, 'true_positives': 1598, 'true_negatives': 476, 'false_positives': 6, 'false_negatives': 23, 'precision': 0.9962593516209476, 'recall': 0.9858112276372609, 'f1_score': 0.9910077519379844}}
[DEBUG _get_metrics] res_item[1].keys(): ['accuracy', 'loss', 'total_samples', 'actual_attack', 'actual_normal', 'predicted_attack', 'predicted_normal', 'true_positives', 'true_negatives', 'false_positives', 'false_negatives', 'precision', 'recall', 'f1_score']
[DEBUG _get_metrics] Extracted from ConfigRecord._data
[DEBUG] Extracted 4 metrics from results

[Evaluation Summary]
============================================================
Round: 68 / 100
Accuracy (mean):  0.9869  (98.69%)
Loss:             0.0107
[Per-Device Accuracy]
  - Device 0:  0.9876  (98.76%)
  - Device 1:  0.9862  (98.62%)
  - Device 2:  0.9876  (98.76%)
  - Device 3:  0.9862  (98.62%)

[Ground Truth]
  - Attack samples: 1621
  - Normal samples: 482
  - Total samples:  2103

[Predictions]
  - Predicted Attack:  1619
  - Predicted Normal:  484

[Confusion Matrix]
  - True Positives (TP):  1607
  - True Negatives (TN):  470
  - False Positives (FP): 12
  - False Negatives (FN): 14

[Metrics]
  - Precision:  0.9944  (99.44%)
  - Recall:     0.9886  (98.86%)
  - F1-Score:   0.9915  (99.15%)
============================================================

[36m(ClientAppActor pid=745753)[0m [Client 2] Class weights (smoothed): {0: 1.0, 1: 1.0}[32m [repeated 16x across cluster][0m
[DEBUG] evaluate_metrics_aggregation_fn called with 4 results
[DEBUG] results type: <class 'list'>
[DEBUG] First result type: <class 'tuple'>
[DEBUG] First result length: 2
[DEBUG] results[0][0] type: <class 'int'>
[DEBUG] results[0][1] type: <class 'flwr.app.message.configrecord.ConfigRecord'>
[DEBUG _get_metrics] res_item[1] type: ConfigRecord
[DEBUG _get_metrics] res_item[1] has metrics attr: False
[DEBUG _get_metrics] res_item[1].__dict__: {'_check_key_fn': <function _check_key at 0x7059b63c8900>, '_check_value_fn': <function _check_value at 0x7059abbb89a0>, '_data': {'accuracy': 0.9871612191200256, 'loss': 0.00874958373606205, 'total_samples': 2103, 'actual_attack': 1621, 'actual_normal': 482, 'predicted_attack': 1618, 'predicted_normal': 485, 'true_positives': 1606, 'true_negatives': 470, 'false_positives': 12, 'false_negatives': 15, 'precision': 0.992583436341162, 'recall': 0.9907464528069093, 'f1_score': 0.9916640938561284}}
[DEBUG _get_metrics] res_item[1].keys(): ['accuracy', 'loss', 'total_samples', 'actual_attack', 'actual_normal', 'predicted_attack', 'predicted_normal', 'true_positives', 'true_negatives', 'false_positives', 'false_negatives', 'precision', 'recall', 'f1_score']
[DEBUG _get_metrics] Extracted from ConfigRecord._data
[DEBUG _get_metrics] res_item[1] type: ConfigRecord
[DEBUG _get_metrics] res_item[1] has metrics attr: False[92mINFO [0m:      
[92mINFO [0m:      [ROUND 70]
[92mINFO [0m:      configure_fit: strategy sampled 4 clients (out of 4)
[92mINFO [0m:      aggregate_fit: received 4 results and 0 failures
[92mINFO [0m:      configure_evaluate: strategy sampled 4 clients (out of 4)
[92mINFO [0m:      aggregate_evaluate: received 4 results and 0 failures

[DEBUG _get_metrics] res_item[1].__dict__: {'_check_key_fn': <function _check_key at 0x7059b63c8900>, '_check_value_fn': <function _check_value at 0x7059abbb89a0>, '_data': {'accuracy': 0.9871612191200256, 'loss': 0.00874958373606205, 'total_samples': 2103, 'actual_attack': 1621, 'actual_normal': 482, 'predicted_attack': 1618, 'predicted_normal': 485, 'true_positives': 1606, 'true_negatives': 470, 'false_positives': 12, 'false_negatives': 15, 'precision': 0.992583436341162, 'recall': 0.9907464528069093, 'f1_score': 0.9916640938561284}}
[DEBUG _get_metrics] res_item[1].keys(): ['accuracy', 'loss', 'total_samples', 'actual_attack', 'actual_normal', 'predicted_attack', 'predicted_normal', 'true_positives', 'true_negatives', 'false_positives', 'false_negatives', 'precision', 'recall', 'f1_score']
[DEBUG _get_metrics] Extracted from ConfigRecord._data
[DEBUG _get_metrics] res_item[1] type: ConfigRecord
[DEBUG _get_metrics] res_item[1] has metrics attr: False
[DEBUG _get_metrics] res_item[1].__dict__: {'_check_key_fn': <function _check_key at 0x7059b63c8900>, '_check_value_fn': <function _check_value at 0x7059abbb89a0>, '_data': {'accuracy': 0.9852591753005981, 'loss': 0.012576797045767307, 'total_samples': 2103, 'actual_attack': 1621, 'actual_normal': 482, 'predicted_attack': 1602, 'predicted_normal': 501, 'true_positives': 1596, 'true_negatives': 476, 'false_positives': 6, 'false_negatives': 25, 'precision': 0.9962546816479401, 'recall': 0.9845774213448488, 'f1_score': 0.9903816320198573}}
[DEBUG _get_metrics] res_item[1].keys(): ['accuracy', 'loss', 'total_samples', 'actual_attack', 'actual_normal', 'predicted_attack', 'predicted_normal', 'true_positives', 'true_negatives', 'false_positives', 'false_negatives', 'precision', 'recall', 'f1_score']
[DEBUG _get_metrics] Extracted from ConfigRecord._data
[DEBUG _get_metrics] res_item[1] type: ConfigRecord
[DEBUG _get_metrics] res_item[1] has metrics attr: False
[DEBUG _get_metrics] res_item[1].__dict__: {'_check_key_fn': <function _check_key at 0x7059b63c8900>, '_check_value_fn': <function _check_value at 0x7059abbb89a0>, '_data': {'accuracy': 0.9852591753005981, 'loss': 0.012576797045767307, 'total_samples': 2103, 'actual_attack': 1621, 'actual_normal': 482, 'predicted_attack': 1602, 'predicted_normal': 501, 'true_positives': 1596, 'true_negatives': 476, 'false_positives': 6, 'false_negatives': 25, 'precision': 0.9962546816479401, 'recall': 0.9845774213448488, 'f1_score': 0.9903816320198573}}
[DEBUG _get_metrics] res_item[1].keys(): ['accuracy', 'loss', 'total_samples', 'actual_attack', 'actual_normal', 'predicted_attack', 'predicted_normal', 'true_positives', 'true_negatives', 'false_positives', 'false_negatives', 'precision', 'recall', 'f1_score']
[DEBUG _get_metrics] Extracted from ConfigRecord._data
[DEBUG] Extracted 4 metrics from results

[Evaluation Summary]
============================================================
Round: 69 / 100
Accuracy (mean):  0.9862  (98.62%)
Loss:             0.0107
[Per-Device Accuracy]
  - Device 0:  0.9872  (98.72%)
  - Device 1:  0.9872  (98.72%)
  - Device 2:  0.9853  (98.53%)
  - Device 3:  0.9853  (98.53%)

[Ground Truth]
  - Attack samples: 1621
  - Normal samples: 482
  - Total samples:  2103

[Predictions]
  - Predicted Attack:  1618
  - Predicted Normal:  485

[Confusion Matrix]
  - True Positives (TP):  1606
  - True Negatives (TN):  470
  - False Positives (FP): 12
  - False Negatives (FN): 15

[Metrics]
  - Precision:  0.9944  (99.44%)
  - Recall:     0.9877  (98.77%)
  - F1-Score:   0.9910  (99.10%)
============================================================

[Round 70] Client contributions:
  Client samples: 29,186 (weight: 0.2500)
  Client samples: 29,184 (weight: 0.2500)
  Client samples: 29,184 (weight: 0.2500)
  Client samples: 29,186 (weight: 0.2500)
[DEBUG] evaluate_metrics_aggregation_fn called with 4 results
[DEBUG] results type: <class 'list'>
[DEBUG] First result type: <class 'tuple'>
[DEBUG] First result length: 2
[DEBUG] results[0][0] type: <class 'int'>
[DEBUG] results[0][1] type: <class 'flwr.app.message.configrecord.ConfigRecord'>
[DEBUG _get_metrics] res_item[1] type: ConfigRecord
[DEBUG _get_metrics] res_item[1] has metrics attr: False
[DEBUG _get_metrics] res_item[1].__dict__: {'_check_key_fn': <function _check_key at 0x7059b63c8900>, '_check_value_fn': <function _check_value at 0x7059abbb89a0>, '_data': {'accuracy': 0.9852591753005981, 'loss': 0.012508689425885677, 'total_samples': 2103, 'actual_attack': 1621, 'actual_normal': 482, 'predicted_attack': 1602, 'predicted_normal': 501, 'true_positives': 1596, 'true_negatives': 476, 'false_positives': 6, 'false_negatives': 25, 'precision': 0.9962546816479401, 'recall': 0.9845774213448488, 'f1_score': 0.9903816320198573}}
[DEBUG _get_metrics] res_item[1].keys(): ['accuracy', 'loss', 'total_samples', 'actual_attack', 'actual_normal', 'predicted_attack', 'predicted_normal', 'true_positives', 'true_negatives', 'false_positives', 'false_negatives', 'precision', 'recall', 'f1_score']
[DEBUG _get_metrics] Extracted from ConfigRecord._data
[DEBUG _get_metrics] res_item[1] type: ConfigRecord
[DEBUG _get_metrics] res_item[1] has metrics attr: False
[DEBUG _get_metrics] res_item[1].__dict__: {'_check_key_fn': <function _check_key at 0x7059b63c8900>, '_check_value_fn': <function _check_value at 0x7059abbb89a0>, '_data': {'accuracy': 0.9876366853713989, 'loss': 0.00867844745516777, 'total_samples': 2103, 'actual_attack': 1621, 'actual_normal': 482, 'predicted_attack': 1619, 'predicted_normal': 484, 'true_positives': 1607, 'true_negatives': 470, 'false_positives': 12, 'false_negatives': 14, 'precision': 0.9925880172946263, 'recall': 0.9913633559531153, 'f1_score': 0.9919753086419754}}
[DEBUG _get_metrics] res_item[1].keys(): ['accuracy', 'loss', 'total_samples', 'actual_attack', 'actual_normal', 'predicted_attack', 'predicted_normal', 'true_positives', 'true_negatives', 'false_positives', 'false_negatives', 'precision', 'recall', 'f1_score']
[DEBUG _get_metrics] Extracted from ConfigRecord._data
[DEBUG _get_metrics] res_item[1] type: ConfigRecord
[DEBUG _get_metrics] res_item[1] has metrics attr: False
[DEBUG _get_metrics] res_item[1].__dict__: {'_check_key_fn': <function _check_key at 0x7059b63c8900>, '_check_value_fn': <function _check_value at 0x7059abbb89a0>, '_data': {'accuracy': 0.9876366853713989, 'loss': 0.00867844745516777, 'total_samples': 2103, 'actual_attack': 1621, 'actual_normal': 482, 'predicted_attack': 1619, 'predicted_normal': 484, 'true_positives': 1607, 'true_negatives': 470, 'false_positives': 12, 'false_negatives': 14, 'precision': 0.9925880172946263, 'recall': 0.9913633559531153, 'f1_score': 0.9919753086419754}}
[DEBUG _get_metrics] res_item[1].keys(): ['accuracy', 'loss', 'total_samples', 'actual_attack', 'actual_normal', 'predicted_attack', 'predicted_normal', 'true_positives', 'true_negatives', 'false_positives', 'false_negatives', 'precision', 'recall', 'f1_score']
[DEBUG _get_metrics] Extracted from ConfigRecord._data
[DEBUG _get_metrics] res_item[1] type: ConfigRecord
[DEBUG _get_metrics] res_item[1] has metrics attr: False
[DEBUG _get_metrics] res_item[1].__dict__: {'_check_key_fn': <function _check_key at 0x7059b63c8900>, '_check_value_fn': <function _check_value at 0x7059abbb89a0>, '_data': {'accuracy': 0.9852591753005981, 'loss': 0.012508689425885677, 'total_samples': 2103, 'actual_attack': 1621, 'actual_normal': 482, 'predicted_attack': 1602, 'predicted_normal': 501, 'true_positives': 1596, 'true_negatives': 476, 'false_positives': 6, 'false_negatives': 25, 'precision': 0.9962546816479401, 'recall': 0.9845774213448488, 'f1_score': 0.9903816320198573}}
[DEBUG _get_metrics] res_item[1].keys(): ['accuracy', 'loss', 'total_samples', 'actual_attack', 'actual_normal', 'predicted_attack', 'predicted_normal', 'true_positives', 'true_negatives', 'false_positives', 'false_negatives', 'precision', 'recall', 'f1_score']
[DEBUG _get_metrics] Extracted from ConfigRecord._data
[DEBUG] Extracted 4 metrics from results

[Evaluation Summary]
============================================================
Round: 70 / 100
Accuracy (mean):  0.9864  (98.64%)
Loss:             0.0106
[92mINFO [0m:      
[92mINFO [0m:      [ROUND 71]
[92mINFO [0m:      configure_fit: strategy sampled 4 clients (out of 4)
[92mINFO [0m:      aggregate_fit: received 4 results and 0 failures
[92mINFO [0m:      configure_evaluate: strategy sampled 4 clients (out of 4)
[92mINFO [0m:      aggregate_evaluate: received 4 results and 0 failures
[92mINFO [0m:      
[92mINFO [0m:      [ROUND 72]
[92mINFO [0m:      configure_fit: strategy sampled 4 clients (out of 4)
[92mINFO [0m:      aggregate_fit: received 4 results and 0 failures
[92mINFO [0m:      configure_evaluate: strategy sampled 4 clients (out of 4)
[92mINFO [0m:      aggregate_evaluate: received 4 results and 0 failures
[Per-Device Accuracy]
  - Device 0:  0.9853  (98.53%)
  - Device 1:  0.9876  (98.76%)
  - Device 2:  0.9876  (98.76%)
  - Device 3:  0.9853  (98.53%)

[Ground Truth]
  - Attack samples: 1621
  - Normal samples: 482
  - Total samples:  2103

[Predictions]
  - Predicted Attack:  1602
  - Predicted Normal:  501

[Confusion Matrix]
  - True Positives (TP):  1596
  - True Negatives (TN):  476
  - False Positives (FP): 6
  - False Negatives (FN): 25

[Metrics]
  - Precision:  0.9944  (99.44%)
  - Recall:     0.9880  (98.80%)
  - F1-Score:   0.9912  (99.12%)
============================================================

[36m(ClientAppActor pid=745753)[0m [Client 2] Class weights (smoothed): {0: 1.0, 1: 1.0}[32m [repeated 16x across cluster][0m
[DEBUG] evaluate_metrics_aggregation_fn called with 4 results
[DEBUG] results type: <class 'list'>
[DEBUG] First result type: <class 'tuple'>
[DEBUG] First result length: 2
[DEBUG] results[0][0] type: <class 'int'>
[DEBUG] results[0][1] type: <class 'flwr.app.message.configrecord.ConfigRecord'>
[DEBUG _get_metrics] res_item[1] type: ConfigRecord
[DEBUG _get_metrics] res_item[1] has metrics attr: False
[DEBUG _get_metrics] res_item[1].__dict__: {'_check_key_fn': <function _check_key at 0x7059b63c8900>, '_check_value_fn': <function _check_value at 0x7059abbb89a0>, '_data': {'accuracy': 0.9876366853713989, 'loss': 0.008739298209547997, 'total_samples': 2103, 'actual_attack': 1621, 'actual_normal': 482, 'predicted_attack': 1619, 'predicted_normal': 484, 'true_positives': 1607, 'true_negatives': 470, 'false_positives': 12, 'false_negatives': 14, 'precision': 0.9925880172946263, 'recall': 0.9913633559531153, 'f1_score': 0.9919753086419754}}
[DEBUG _get_metrics] res_item[1].keys(): ['accuracy', 'loss', 'total_samples', 'actual_attack', 'actual_normal', 'predicted_attack', 'predicted_normal', 'true_positives', 'true_negatives', 'false_positives', 'false_negatives', 'precision', 'recall', 'f1_score']
[DEBUG _get_metrics] Extracted from ConfigRecord._data
[DEBUG _get_metrics] res_item[1] type: ConfigRecord
[DEBUG _get_metrics] res_item[1] has metrics attr: False
[DEBUG _get_metrics] res_item[1].__dict__: {'_check_key_fn': <function _check_key at 0x7059b63c8900>, '_check_value_fn': <function _check_value at 0x7059abbb89a0>, '_data': {'accuracy': 0.9876366853713989, 'loss': 0.008739298209547997, 'total_samples': 2103, 'actual_attack': 1621, 'actual_normal': 482, 'predicted_attack': 1619, 'predicted_normal': 484, 'true_positives': 1607, 'true_negatives': 470, 'false_positives': 12, 'false_negatives': 14, 'precision': 0.9925880172946263, 'recall': 0.9913633559531153, 'f1_score': 0.9919753086419754}}
[DEBUG _get_metrics] res_item[1].keys(): ['accuracy', 'loss', 'total_samples', 'actual_attack', 'actual_normal', 'predicted_attack', 'predicted_normal', 'true_positives', 'true_negatives', 'false_positives', 'false_negatives', 'precision', 'recall', 'f1_score']
[DEBUG _get_metrics] Extracted from ConfigRecord._data
[DEBUG _get_metrics] res_item[1] type: ConfigRecord
[DEBUG _get_metrics] res_item[1] has metrics attr: False
[DEBUG _get_metrics] res_item[1].__dict__: {'_check_key_fn': <function _check_key at 0x7059b63c8900>, '_check_value_fn': <function _check_value at 0x7059abbb89a0>, '_data': {'accuracy': 0.9862101674079895, 'loss': 0.012547801248729229, 'total_samples': 2103, 'actual_attack': 1621, 'actual_normal': 482, 'predicted_attack': 1604, 'predicted_normal': 499, 'true_positives': 1598, 'true_negatives': 476, 'false_positives': 6, 'false_negatives': 23, 'precision': 0.9962593516209476, 'recall': 0.9858112276372609, 'f1_score': 0.9910077519379844}}
[DEBUG _get_metrics] res_item[1].keys(): ['accuracy', 'loss', 'total_samples', 'actual_attack', 'actual_normal', 'predicted_attack', 'predicted_normal', 'true_positives', 'true_negatives', 'false_positives', 'false_negatives', 'precision', 'recall', 'f1_score']
[DEBUG _get_metrics] Extracted from ConfigRecord._data
[DEBUG _get_metrics] res_item[1] type: ConfigRecord
[DEBUG _get_metrics] res_item[1] has metrics attr: False
[DEBUG _get_metrics] res_item[1].__dict__: {'_check_key_fn': <function _check_key at 0x7059b63c8900>, '_check_value_fn': <function _check_value at 0x7059abbb89a0>, '_data': {'accuracy': 0.9862101674079895, 'loss': 0.012547801248729229, 'total_samples': 2103, 'actual_attack': 1621, 'actual_normal': 482, 'predicted_attack': 1604, 'predicted_normal': 499, 'true_positives': 1598, 'true_negatives': 476, 'false_positives': 6, 'false_negatives': 23, 'precision': 0.9962593516209476, 'recall': 0.9858112276372609, 'f1_score': 0.9910077519379844}}
[DEBUG _get_metrics] res_item[1].keys(): ['accuracy', 'loss', 'total_samples', 'actual_attack', 'actual_normal', 'predicted_attack', 'predicted_normal', 'true_positives', 'true_negatives', 'false_positives', 'false_negatives', 'precision', 'recall', 'f1_score']
[DEBUG _get_metrics] Extracted from ConfigRecord._data
[DEBUG] Extracted 4 metrics from results

[Evaluation Summary]
============================================================
Round: 71 / 100
Accuracy (mean):  0.9869  (98.69%)
Loss:             0.0106
[Per-Device Accuracy]
  - Device 0:  0.9876  (98.76%)
  - Device 1:  0.9876  (98.76%)
  - Device 2:  0.9862  (98.62%)
  - Device 3:  0.9862  (98.62%)

[Ground Truth]
  - Attack samples: 1621
  - Normal samples: 482
  - Total samples:  2103

[Predictions]
  - Predicted Attack:  1619
  - Predicted Normal:  484

[Confusion Matrix]
  - True Positives (TP):  1607
  - True Negatives (TN):  470
  - False Positives (FP): 12
  - False Negatives (FN): 14

[Metrics]
  - Precision:  0.9944  (99.44%)
  - Recall:     0.9886  (98.86%)
  - F1-Score:   0.9915  (99.15%)
============================================================

[DEBUG] evaluate_metrics_aggregation_fn called with 4 results
[DEBUG] results type: <class 'list'>
[DEBUG] First result type: <class 'tuple'>
[DEBUG] First result length: 2
[DEBUG] results[0][0] type: <class 'int'>
[DEBUG] results[0][1] type: <class 'flwr.app.message.configrecord.ConfigRecord'>
[DEBUG _get_metrics] res_item[1] type: ConfigRecord
[DEBUG _get_metrics] res_item[1] has metrics attr: False
[DEBUG _get_metrics] res_item[1].__dict__: {'_check_key_fn': <function _check_key at 0x7059b63c8900>, '_check_value_fn': <function _check_value at 0x7059abbb89a0>, '_data': {'accuracy': 0.9862101674079895, 'loss': 0.012520002201199532, 'total_samples': 2103, 'actual_attack': 1621, 'actual_normal': 482, 'predicted_attack': 1604, 'predicted_normal': 499, 'true_positives': 1598, 'true_negatives': 476, 'false_positives': 6, 'false_negatives': 23, 'precision': 0.9962593516209476, 'recall': 0.9858112276372609, 'f1_score': 0.9910077519379844}}
[DEBUG _get_metrics] res_item[1].keys(): ['accuracy', 'loss', 'total_samples', 'actual_attack', 'actual_normal', 'predicted_attack', 'predicted_normal', 'true_positives', 'true_negatives', 'false_positives', 'false_negatives', 'precision', 'recall', 'f1_score']
[DEBUG _get_metrics] Extracted from ConfigRecord._data
[DEBUG _get_metrics] res_item[1] type: ConfigRecord
[DEBUG _get_metrics] res_item[1] has metrics attr: False
[DEBUG _get_metrics] res_item[1].__dict__: {'_check_key_fn': <function _check_key at 0x7059b63c8900>, '_check_value_fn': <function _check_value at 0x7059abbb89a0>, '_data': {'accuracy': 0.988112211227417, 'loss': 0.008707995526492596, 'total_samples': 2103, 'actual_attack': 1621, 'actual_normal': 482, 'predicted_attack': 1620, 'predicted_normal': 483, 'true_positives': 1608, 'true_negatives': 470, 'false_positives': 12, 'false_negatives': 13, 'precision': 0.9925925925925926, 'recall': 0.9919802590993214, 'f1_score': 0.9922863313792041}}
[DEBUG _get_metrics] res_item[1].keys(): ['accuracy', 'loss', 'total_samples', 'actual_attack', 'actual_normal', 'predicted_attack', 'predicted_normal', 'true_positives', 'true_negatives', 'false_positives', 'false_negatives', 'precision', 'recall', 'f1_score']
[DEBUG _get_metrics] Extracted from ConfigRecord._data
[DEBUG _get_metrics] res_item[1] type: ConfigRecord
[DEBUG _get_metrics] res_item[1] has metrics attr: False
[DEBUG _get_metrics] res_item[1].__dict__: {'_check_key_fn': <function _check_key at 0x7059b63c8900>, '_check_value_fn': <function _check_value at 0x7059abbb89a0>, '_data': {'accuracy': 0.9862101674079895, 'loss': 0.012520002201199532, 'total_samples': 2103, 'actual_attack': 1621, 'actual_normal': 482, 'predicted_attack': 1604, 'predicted_normal': 499, 'true_positives': 1598, 'true_negatives': 476, 'false_positives': 6, 'false_negatives': 23, 'precision': 0.9962593516209476, 'recall': 0.9858112276372609, 'f1_score': 0.9910077519379844}}[92mINFO [0m:      
[92mINFO [0m:      [ROUND 73]
[92mINFO [0m:      configure_fit: strategy sampled 4 clients (out of 4)
[92mINFO [0m:      aggregate_fit: received 4 results and 0 failures
[92mINFO [0m:      configure_evaluate: strategy sampled 4 clients (out of 4)
[92mINFO [0m:      aggregate_evaluate: received 4 results and 0 failures
[92mINFO [0m:      
[92mINFO [0m:      [ROUND 74]
[92mINFO [0m:      configure_fit: strategy sampled 4 clients (out of 4)
[92mINFO [0m:      aggregate_fit: received 4 results and 0 failures
[92mINFO [0m:      configure_evaluate: strategy sampled 4 clients (out of 4)
[92mINFO [0m:      aggregate_evaluate: received 4 results and 0 failures

[DEBUG _get_metrics] res_item[1].keys(): ['accuracy', 'loss', 'total_samples', 'actual_attack', 'actual_normal', 'predicted_attack', 'predicted_normal', 'true_positives', 'true_negatives', 'false_positives', 'false_negatives', 'precision', 'recall', 'f1_score']
[DEBUG _get_metrics] Extracted from ConfigRecord._data
[DEBUG _get_metrics] res_item[1] type: ConfigRecord
[DEBUG _get_metrics] res_item[1] has metrics attr: False
[DEBUG _get_metrics] res_item[1].__dict__: {'_check_key_fn': <function _check_key at 0x7059b63c8900>, '_check_value_fn': <function _check_value at 0x7059abbb89a0>, '_data': {'accuracy': 0.988112211227417, 'loss': 0.008707995526492596, 'total_samples': 2103, 'actual_attack': 1621, 'actual_normal': 482, 'predicted_attack': 1620, 'predicted_normal': 483, 'true_positives': 1608, 'true_negatives': 470, 'false_positives': 12, 'false_negatives': 13, 'precision': 0.9925925925925926, 'recall': 0.9919802590993214, 'f1_score': 0.9922863313792041}}
[DEBUG _get_metrics] res_item[1].keys(): ['accuracy', 'loss', 'total_samples', 'actual_attack', 'actual_normal', 'predicted_attack', 'predicted_normal', 'true_positives', 'true_negatives', 'false_positives', 'false_negatives', 'precision', 'recall', 'f1_score']
[DEBUG _get_metrics] Extracted from ConfigRecord._data
[DEBUG] Extracted 4 metrics from results

[Evaluation Summary]
============================================================
Round: 72 / 100
Accuracy (mean):  0.9872  (98.72%)
Loss:             0.0106
[Per-Device Accuracy]
  - Device 0:  0.9862  (98.62%)
  - Device 1:  0.9881  (98.81%)
  - Device 2:  0.9862  (98.62%)
  - Device 3:  0.9881  (98.81%)

[Ground Truth]
  - Attack samples: 1621
  - Normal samples: 482
  - Total samples:  2103

[Predictions]
  - Predicted Attack:  1604
  - Predicted Normal:  499

[Confusion Matrix]
  - True Positives (TP):  1598
  - True Negatives (TN):  476
  - False Positives (FP): 6
  - False Negatives (FN): 23

[Metrics]
  - Precision:  0.9944  (99.44%)
  - Recall:     0.9889  (98.89%)
  - F1-Score:   0.9916  (99.16%)
============================================================

[36m(ClientAppActor pid=745753)[0m [Client 2] Class weights (smoothed): {0: 1.0, 1: 1.0}[32m [repeated 16x across cluster][0m
[DEBUG] evaluate_metrics_aggregation_fn called with 4 results
[DEBUG] results type: <class 'list'>
[DEBUG] First result type: <class 'tuple'>
[DEBUG] First result length: 2
[DEBUG] results[0][0] type: <class 'int'>
[DEBUG] results[0][1] type: <class 'flwr.app.message.configrecord.ConfigRecord'>
[DEBUG _get_metrics] res_item[1] type: ConfigRecord
[DEBUG _get_metrics] res_item[1] has metrics attr: False
[DEBUG _get_metrics] res_item[1].__dict__: {'_check_key_fn': <function _check_key at 0x7059b63c8900>, '_check_value_fn': <function _check_value at 0x7059abbb89a0>, '_data': {'accuracy': 0.9866856932640076, 'loss': 0.012485492043197155, 'total_samples': 2103, 'actual_attack': 1621, 'actual_normal': 482, 'predicted_attack': 1605, 'predicted_normal': 498, 'true_positives': 1599, 'true_negatives': 476, 'false_positives': 6, 'false_negatives': 22, 'precision': 0.9962616822429906, 'recall': 0.986428130783467, 'f1_score': 0.9913205207687539}}
[DEBUG _get_metrics] res_item[1].keys(): ['accuracy', 'loss', 'total_samples', 'actual_attack', 'actual_normal', 'predicted_attack', 'predicted_normal', 'true_positives', 'true_negatives', 'false_positives', 'false_negatives', 'precision', 'recall', 'f1_score']
[DEBUG _get_metrics] Extracted from ConfigRecord._data
[DEBUG _get_metrics] res_item[1] type: ConfigRecord
[DEBUG _get_metrics] res_item[1] has metrics attr: False
[DEBUG _get_metrics] res_item[1].__dict__: {'_check_key_fn': <function _check_key at 0x7059b63c8900>, '_check_value_fn': <function _check_value at 0x7059abbb89a0>, '_data': {'accuracy': 0.988112211227417, 'loss': 0.008693616837263107, 'total_samples': 2103, 'actual_attack': 1621, 'actual_normal': 482, 'predicted_attack': 1620, 'predicted_normal': 483, 'true_positives': 1608, 'true_negatives': 470, 'false_positives': 12, 'false_negatives': 13, 'precision': 0.9925925925925926, 'recall': 0.9919802590993214, 'f1_score': 0.9922863313792041}}
[DEBUG _get_metrics] res_item[1].keys(): ['accuracy', 'loss', 'total_samples', 'actual_attack', 'actual_normal', 'predicted_attack', 'predicted_normal', 'true_positives', 'true_negatives', 'false_positives', 'false_negatives', 'precision', 'recall', 'f1_score']
[DEBUG _get_metrics] Extracted from ConfigRecord._data
[DEBUG _get_metrics] res_item[1] type: ConfigRecord
[DEBUG _get_metrics] res_item[1] has metrics attr: False
[DEBUG _get_metrics] res_item[1].__dict__: {'_check_key_fn': <function _check_key at 0x7059b63c8900>, '_check_value_fn': <function _check_value at 0x7059abbb89a0>, '_data': {'accuracy': 0.988112211227417, 'loss': 0.008693616837263107, 'total_samples': 2103, 'actual_attack': 1621, 'actual_normal': 482, 'predicted_attack': 1620, 'predicted_normal': 483, 'true_positives': 1608, 'true_negatives': 470, 'false_positives': 12, 'false_negatives': 13, 'precision': 0.9925925925925926, 'recall': 0.9919802590993214, 'f1_score': 0.9922863313792041}}
[DEBUG _get_metrics] res_item[1].keys(): ['accuracy', 'loss', 'total_samples', 'actual_attack', 'actual_normal', 'predicted_attack', 'predicted_normal', 'true_positives', 'true_negatives', 'false_positives', 'false_negatives', 'precision', 'recall', 'f1_score']
[DEBUG _get_metrics] Extracted from ConfigRecord._data
[DEBUG _get_metrics] res_item[1] type: ConfigRecord
[DEBUG _get_metrics] res_item[1] has metrics attr: False
[DEBUG _get_metrics] res_item[1].__dict__: {'_check_key_fn': <function _check_key at 0x7059b63c8900>, '_check_value_fn': <function _check_value at 0x7059abbb89a0>, '_data': {'accuracy': 0.9866856932640076, 'loss': 0.012485492043197155, 'total_samples': 2103, 'actual_attack': 1621, 'actual_normal': 482, 'predicted_attack': 1605, 'predicted_normal': 498, 'true_positives': 1599, 'true_negatives': 476, 'false_positives': 6, 'false_negatives': 22, 'precision': 0.9962616822429906, 'recall': 0.986428130783467, 'f1_score': 0.9913205207687539}}
[DEBUG _get_metrics] res_item[1].keys(): ['accuracy', 'loss', 'total_samples', 'actual_attack', 'actual_normal', 'predicted_attack', 'predicted_normal', 'true_positives', 'true_negatives', 'false_positives', 'false_negatives', 'precision', 'recall', 'f1_score']
[DEBUG _get_metrics] Extracted from ConfigRecord._data
[DEBUG] Extracted 4 metrics from results

[Evaluation Summary]
============================================================
Round: 73 / 100
Accuracy (mean):  0.9874  (98.74%)
Loss:             0.0106
[Per-Device Accuracy]
  - Device 0:  0.9867  (98.67%)
  - Device 1:  0.9881  (98.81%)
  - Device 2:  0.9881  (98.81%)
  - Device 3:  0.9867  (98.67%)

[Ground Truth]
  - Attack samples: 1621
  - Normal samples: 482
  - Total samples:  2103

[Predictions]
  - Predicted Attack:  1605
  - Predicted Normal:  498

[Confusion Matrix]
  - True Positives (TP):  1599
  - True Negatives (TN):  476
  - False Positives (FP): 6
  - False Negatives (FN): 22

[Metrics]
  - Precision:  0.9944  (99.44%)
  - Recall:     0.9892  (98.92%)
  - F1-Score:   0.9918  (99.18%)
============================================================

[DEBUG] evaluate_metrics_aggregation_fn called with 4 results
[DEBUG] results type: <class 'list'>
[DEBUG] First result type: <class 'tuple'>
[DEBUG] First result length: 2
[DEBUG] results[0][0] type: <class 'int'>
[DEBUG] results[0][1] type: <class 'flwr.app.message.configrecord.ConfigRecord'>
[DEBUG _get_metrics] res_item[1] type: ConfigRecord
[DEBUG _get_metrics] res_item[1] has metrics attr: False
[DEBUG _get_metrics] res_item[1].__dict__: {'_check_key_fn': <function _check_key at 0x7059b63c8900>, '_check_value_fn': <function _check_value at 0x7059abbb89a0>, '_data': {'accuracy': 0.988112211227417, 'loss': 0.008624531328678131, 'total_samples': 2103, 'actual_attack': 1621, 'actual_normal': 482, 'predicted_attack': 1620, 'predicted_normal': 483, 'true_positives': 1608, 'true_negatives': 470, 'false_positives': 12, 'false_negatives': 13, 'precision': 0.9925925925925926, 'recall': 0.9919802590993214, 'f1_score': 0.9922863313792041}}
[DEBUG _get_metrics] res_item[1].keys(): ['accuracy', 'loss', 'total_samples', 'actual_attack', 'actual_normal', 'predicted_attack', 'predicted_normal', 'true_positives', 'true_negatives', 'false_positives', 'false_negatives', 'precision', 'recall', 'f1_score'][92mINFO [0m:      
[92mINFO [0m:      [ROUND 75]
[92mINFO [0m:      configure_fit: strategy sampled 4 clients (out of 4)
[92mINFO [0m:      aggregate_fit: received 4 results and 0 failures
[92mINFO [0m:      configure_evaluate: strategy sampled 4 clients (out of 4)
[92mINFO [0m:      aggregate_evaluate: received 4 results and 0 failures

[DEBUG _get_metrics] Extracted from ConfigRecord._data
[DEBUG _get_metrics] res_item[1] type: ConfigRecord
[DEBUG _get_metrics] res_item[1] has metrics attr: False
[DEBUG _get_metrics] res_item[1].__dict__: {'_check_key_fn': <function _check_key at 0x7059b63c8900>, '_check_value_fn': <function _check_value at 0x7059abbb89a0>, '_data': {'accuracy': 0.9871612191200256, 'loss': 0.012413729913532734, 'total_samples': 2103, 'actual_attack': 1621, 'actual_normal': 482, 'predicted_attack': 1606, 'predicted_normal': 497, 'true_positives': 1600, 'true_negatives': 476, 'false_positives': 6, 'false_negatives': 21, 'precision': 0.9962640099626401, 'recall': 0.987045033929673, 'f1_score': 0.9916330957545707}}
[DEBUG _get_metrics] res_item[1].keys(): ['accuracy', 'loss', 'total_samples', 'actual_attack', 'actual_normal', 'predicted_attack', 'predicted_normal', 'true_positives', 'true_negatives', 'false_positives', 'false_negatives', 'precision', 'recall', 'f1_score']
[DEBUG _get_metrics] Extracted from ConfigRecord._data
[DEBUG _get_metrics] res_item[1] type: ConfigRecord
[DEBUG _get_metrics] res_item[1] has metrics attr: False
[DEBUG _get_metrics] res_item[1].__dict__: {'_check_key_fn': <function _check_key at 0x7059b63c8900>, '_check_value_fn': <function _check_value at 0x7059abbb89a0>, '_data': {'accuracy': 0.9871612191200256, 'loss': 0.012413729913532734, 'total_samples': 2103, 'actual_attack': 1621, 'actual_normal': 482, 'predicted_attack': 1606, 'predicted_normal': 497, 'true_positives': 1600, 'true_negatives': 476, 'false_positives': 6, 'false_negatives': 21, 'precision': 0.9962640099626401, 'recall': 0.987045033929673, 'f1_score': 0.9916330957545707}}
[DEBUG _get_metrics] res_item[1].keys(): ['accuracy', 'loss', 'total_samples', 'actual_attack', 'actual_normal', 'predicted_attack', 'predicted_normal', 'true_positives', 'true_negatives', 'false_positives', 'false_negatives', 'precision', 'recall', 'f1_score']
[DEBUG _get_metrics] Extracted from ConfigRecord._data
[DEBUG _get_metrics] res_item[1] type: ConfigRecord
[DEBUG _get_metrics] res_item[1] has metrics attr: False
[DEBUG _get_metrics] res_item[1].__dict__: {'_check_key_fn': <function _check_key at 0x7059b63c8900>, '_check_value_fn': <function _check_value at 0x7059abbb89a0>, '_data': {'accuracy': 0.988112211227417, 'loss': 0.008624531328678131, 'total_samples': 2103, 'actual_attack': 1621, 'actual_normal': 482, 'predicted_attack': 1620, 'predicted_normal': 483, 'true_positives': 1608, 'true_negatives': 470, 'false_positives': 12, 'false_negatives': 13, 'precision': 0.9925925925925926, 'recall': 0.9919802590993214, 'f1_score': 0.9922863313792041}}
[DEBUG _get_metrics] res_item[1].keys(): ['accuracy', 'loss', 'total_samples', 'actual_attack', 'actual_normal', 'predicted_attack', 'predicted_normal', 'true_positives', 'true_negatives', 'false_positives', 'false_negatives', 'precision', 'recall', 'f1_score']
[DEBUG _get_metrics] Extracted from ConfigRecord._data
[DEBUG] Extracted 4 metrics from results

[Evaluation Summary]
============================================================
Round: 74 / 100
Accuracy (mean):  0.9876  (98.76%)
Loss:             0.0105
[Per-Device Accuracy]
  - Device 0:  0.9881  (98.81%)
  - Device 1:  0.9872  (98.72%)
  - Device 2:  0.9872  (98.72%)
  - Device 3:  0.9881  (98.81%)

[Ground Truth]
  - Attack samples: 1621
  - Normal samples: 482
  - Total samples:  2103

[Predictions]
  - Predicted Attack:  1620
  - Predicted Normal:  483

[Confusion Matrix]
  - True Positives (TP):  1608
  - True Negatives (TN):  470
  - False Positives (FP): 12
  - False Negatives (FN): 13

[Metrics]
  - Precision:  0.9944  (99.44%)
  - Recall:     0.9895  (98.95%)
  - F1-Score:   0.9920  (99.20%)
============================================================

[Round 75] Client contributions:
  Client samples: 29,186 (weight: 0.2500)
  Client samples: 29,186 (weight: 0.2500)
  Client samples: 29,184 (weight: 0.2500)
  Client samples: 29,184 (weight: 0.2500)
[36m(ClientAppActor pid=745753)[0m [Client 2] Class weights (smoothed): {0: 1.0, 1: 1.0}[32m [repeated 16x across cluster][0m
[DEBUG] evaluate_metrics_aggregation_fn called with 4 results
[DEBUG] results type: <class 'list'>
[DEBUG] First result type: <class 'tuple'>
[DEBUG] First result length: 2
[DEBUG] results[0][0] type: <class 'int'>
[DEBUG] results[0][1] type: <class 'flwr.app.message.configrecord.ConfigRecord'>
[DEBUG _get_metrics] res_item[1] type: ConfigRecord
[DEBUG _get_metrics] res_item[1] has metrics attr: False
[DEBUG _get_metrics] res_item[1].__dict__: {'_check_key_fn': <function _check_key at 0x7059b63c8900>, '_check_value_fn': <function _check_value at 0x7059abbb89a0>, '_data': {'accuracy': 0.9885877370834351, 'loss': 0.008587386459112167, 'total_samples': 2103, 'actual_attack': 1621, 'actual_normal': 482, 'predicted_attack': 1619, 'predicted_normal': 484, 'true_positives': 1608, 'true_negatives': 471, 'false_positives': 11, 'false_negatives': 13, 'precision': 0.9932056825200741, 'recall': 0.9919802590993214, 'f1_score': 0.9925925925925926}}
[DEBUG _get_metrics] res_item[1].keys(): ['accuracy', 'loss', 'total_samples', 'actual_attack', 'actual_normal', 'predicted_attack', 'predicted_normal', 'true_positives', 'true_negatives', 'false_positives', 'false_negatives', 'precision', 'recall', 'f1_score']
[DEBUG _get_metrics] Extracted from ConfigRecord._data
[DEBUG _get_metrics] res_item[1] type: ConfigRecord
[DEBUG _get_metrics] res_item[1] has metrics attr: False
[DEBUG _get_metrics] res_item[1].__dict__: {'_check_key_fn': <function _check_key at 0x7059b63c8900>, '_check_value_fn': <function _check_value at 0x7059abbb89a0>, '_data': {'accuracy': 0.9885877370834351, 'loss': 0.008587386459112167, 'total_samples': 2103, 'actual_attack': 1621, 'actual_normal': 482, 'predicted_attack': 1619, 'predicted_normal': 484, 'true_positives': 1608, 'true_negatives': 471, 'false_positives': 11, 'false_negatives': 13, 'precision': 0.9932056825200741, 'recall': 0.9919802590993214, 'f1_score': 0.9925925925925926}}
[DEBUG _get_metrics] res_item[1].keys(): ['accuracy', 'loss', 'total_samples', 'actual_attack', 'actual_normal', 'predicted_attack', 'predicted_normal', 'true_positives', 'true_negatives', 'false_positives', 'false_negatives', 'precision', 'recall', 'f1_score']
[DEBUG _get_metrics] Extracted from ConfigRecord._data
[DEBUG _get_metrics] res_item[1] type: ConfigRecord
[DEBUG _get_metrics] res_item[1] has metrics attr: False
[DEBUG _get_metrics] res_item[1].__dict__: {'_check_key_fn': <function _check_key at 0x7059b63c8900>, '_check_value_fn': <function _check_value at 0x7059abbb89a0>, '_data': {'accuracy': 0.9876366853713989, 'loss': 0.012376281432807446, 'total_samples': 2103, 'actual_attack': 1621, 'actual_normal': 482, 'predicted_attack': 1607, 'predicted_normal': 496, 'true_positives': 1601, 'true_negatives': 476, 'false_positives': 6, 'false_negatives': 20, 'precision': 0.9962663347853142, 'recall': 0.9876619370758791, 'f1_score': 0.9919454770755887}}
[DEBUG _get_metrics] res_item[1].keys(): ['accuracy', 'loss', 'total_samples', 'actual_attack', 'actual_normal', 'predicted_attack', 'predicted_normal', 'true_positives', 'true_negatives', 'false_positives', 'false_negatives', 'precision', 'recall', 'f1_score']
[DEBUG _get_metrics] Extracted from ConfigRecord._data
[DEBUG _get_metrics] res_item[1] type: ConfigRecord
[DEBUG _get_metrics] res_item[1] has metrics attr: False
[DEBUG _get_metrics] res_item[1].__dict__: {'_check_key_fn': <function _check_key at 0x7059b63c8900>, '_check_value_fn': <function _check_value at 0x7059abbb89a0>, '_data': {'accuracy': 0.9876366853713989, 'loss': 0.012376281432807446, 'total_samples': 2103, 'actual_attack': 1621, 'actual_normal': 482, 'predicted_attack': 1607, 'predicted_normal': 496, 'true_positives': 1601, 'true_negatives': 476, 'false_positives': 6, 'false_negatives': 20, 'precision': 0.9962663347853142, 'recall': 0.9876619370758791, 'f1_score': 0.9919454770755887}}
[DEBUG _get_metrics] res_item[1].keys(): ['accuracy', 'loss', 'total_samples', 'actual_attack', 'actual_normal', 'predicted_attack', 'predicted_normal', 'true_positives', 'true_negatives', 'false_positives', 'false_negatives', 'precision', 'recall', 'f1_score'][92mINFO [0m:      
[92mINFO [0m:      [ROUND 76]
[92mINFO [0m:      configure_fit: strategy sampled 4 clients (out of 4)
[92mINFO [0m:      aggregate_fit: received 4 results and 0 failures
[92mINFO [0m:      configure_evaluate: strategy sampled 4 clients (out of 4)
[92mINFO [0m:      aggregate_evaluate: received 4 results and 0 failures
[92mINFO [0m:      
[92mINFO [0m:      [ROUND 77]
[92mINFO [0m:      configure_fit: strategy sampled 4 clients (out of 4)
[92mINFO [0m:      aggregate_fit: received 4 results and 0 failures
[92mINFO [0m:      configure_evaluate: strategy sampled 4 clients (out of 4)
[92mINFO [0m:      aggregate_evaluate: received 4 results and 0 failures

[DEBUG _get_metrics] Extracted from ConfigRecord._data
[DEBUG] Extracted 4 metrics from results

[Evaluation Summary]
============================================================
Round: 75 / 100
Accuracy (mean):  0.9881  (98.81%)
Loss:             0.0105
[Per-Device Accuracy]
  - Device 0:  0.9886  (98.86%)
  - Device 1:  0.9886  (98.86%)
  - Device 2:  0.9876  (98.76%)
  - Device 3:  0.9876  (98.76%)

[Ground Truth]
  - Attack samples: 1621
  - Normal samples: 482
  - Total samples:  2103

[Predictions]
  - Predicted Attack:  1619
  - Predicted Normal:  484

[Confusion Matrix]
  - True Positives (TP):  1608
  - True Negatives (TN):  471
  - False Positives (FP): 11
  - False Negatives (FN): 13

[Metrics]
  - Precision:  0.9947  (99.47%)
  - Recall:     0.9898  (98.98%)
  - F1-Score:   0.9923  (99.23%)
============================================================

[DEBUG] evaluate_metrics_aggregation_fn called with 4 results
[DEBUG] results type: <class 'list'>
[DEBUG] First result type: <class 'tuple'>
[DEBUG] First result length: 2
[DEBUG] results[0][0] type: <class 'int'>
[DEBUG] results[0][1] type: <class 'flwr.app.message.configrecord.ConfigRecord'>
[DEBUG _get_metrics] res_item[1] type: ConfigRecord
[DEBUG _get_metrics] res_item[1] has metrics attr: False
[DEBUG _get_metrics] res_item[1].__dict__: {'_check_key_fn': <function _check_key at 0x7059b63c8900>, '_check_value_fn': <function _check_value at 0x7059abbb89a0>, '_data': {'accuracy': 0.9876366853713989, 'loss': 0.008457353338599205, 'total_samples': 2103, 'actual_attack': 1621, 'actual_normal': 482, 'predicted_attack': 1617, 'predicted_normal': 486, 'true_positives': 1606, 'true_negatives': 471, 'false_positives': 11, 'false_negatives': 15, 'precision': 0.9931972789115646, 'recall': 0.9907464528069093, 'f1_score': 0.9919703520691785}}
[DEBUG _get_metrics] res_item[1].keys(): ['accuracy', 'loss', 'total_samples', 'actual_attack', 'actual_normal', 'predicted_attack', 'predicted_normal', 'true_positives', 'true_negatives', 'false_positives', 'false_negatives', 'precision', 'recall', 'f1_score']
[DEBUG _get_metrics] Extracted from ConfigRecord._data
[DEBUG _get_metrics] res_item[1] type: ConfigRecord
[DEBUG _get_metrics] res_item[1] has metrics attr: False
[DEBUG _get_metrics] res_item[1].__dict__: {'_check_key_fn': <function _check_key at 0x7059b63c8900>, '_check_value_fn': <function _check_value at 0x7059abbb89a0>, '_data': {'accuracy': 0.988112211227417, 'loss': 0.012240040116012096, 'total_samples': 2103, 'actual_attack': 1621, 'actual_normal': 482, 'predicted_attack': 1608, 'predicted_normal': 495, 'true_positives': 1602, 'true_negatives': 476, 'false_positives': 6, 'false_negatives': 19, 'precision': 0.996268656716418, 'recall': 0.9882788402220851, 'f1_score': 0.9922576649117374}}
[DEBUG _get_metrics] res_item[1].keys(): ['accuracy', 'loss', 'total_samples', 'actual_attack', 'actual_normal', 'predicted_attack', 'predicted_normal', 'true_positives', 'true_negatives', 'false_positives', 'false_negatives', 'precision', 'recall', 'f1_score']
[DEBUG _get_metrics] Extracted from ConfigRecord._data
[DEBUG _get_metrics] res_item[1] type: ConfigRecord
[DEBUG _get_metrics] res_item[1] has metrics attr: False
[DEBUG _get_metrics] res_item[1].__dict__: {'_check_key_fn': <function _check_key at 0x7059b63c8900>, '_check_value_fn': <function _check_value at 0x7059abbb89a0>, '_data': {'accuracy': 0.988112211227417, 'loss': 0.012240040116012096, 'total_samples': 2103, 'actual_attack': 1621, 'actual_normal': 482, 'predicted_attack': 1608, 'predicted_normal': 495, 'true_positives': 1602, 'true_negatives': 476, 'false_positives': 6, 'false_negatives': 19, 'precision': 0.996268656716418, 'recall': 0.9882788402220851, 'f1_score': 0.9922576649117374}}
[DEBUG _get_metrics] res_item[1].keys(): ['accuracy', 'loss', 'total_samples', 'actual_attack', 'actual_normal', 'predicted_attack', 'predicted_normal', 'true_positives', 'true_negatives', 'false_positives', 'false_negatives', 'precision', 'recall', 'f1_score']
[DEBUG _get_metrics] Extracted from ConfigRecord._data
[DEBUG _get_metrics] res_item[1] type: ConfigRecord
[DEBUG _get_metrics] res_item[1] has metrics attr: False
[DEBUG _get_metrics] res_item[1].__dict__: {'_check_key_fn': <function _check_key at 0x7059b63c8900>, '_check_value_fn': <function _check_value at 0x7059abbb89a0>, '_data': {'accuracy': 0.9876366853713989, 'loss': 0.008457353338599205, 'total_samples': 2103, 'actual_attack': 1621, 'actual_normal': 482, 'predicted_attack': 1617, 'predicted_normal': 486, 'true_positives': 1606, 'true_negatives': 471, 'false_positives': 11, 'false_negatives': 15, 'precision': 0.9931972789115646, 'recall': 0.9907464528069093, 'f1_score': 0.9919703520691785}}
[DEBUG _get_metrics] res_item[1].keys(): ['accuracy', 'loss', 'total_samples', 'actual_attack', 'actual_normal', 'predicted_attack', 'predicted_normal', 'true_positives', 'true_negatives', 'false_positives', 'false_negatives', 'precision', 'recall', 'f1_score']
[DEBUG _get_metrics] Extracted from ConfigRecord._data
[DEBUG] Extracted 4 metrics from results

[Evaluation Summary]
============================================================
Round: 76 / 100
Accuracy (mean):  0.9879  (98.79%)
Loss:             0.0103
[Per-Device Accuracy]
  - Device 0:  0.9876  (98.76%)
  - Device 1:  0.9881  (98.81%)
  - Device 2:  0.9881  (98.81%)
  - Device 3:  0.9876  (98.76%)

[Ground Truth]
  - Attack samples: 1621
  - Normal samples: 482
  - Total samples:  2103

[Predictions]
  - Predicted Attack:  1617
  - Predicted Normal:  486

[Confusion Matrix]
  - True Positives (TP):  1606
  - True Negatives (TN):  471
  - False Positives (FP): 11
  - False Negatives (FN): 15

[Metrics]
  - Precision:  0.9947  (99.47%)
  - Recall:     0.9895  (98.95%)
  - F1-Score:   0.9921  (99.21%)
============================================================

[36m(ClientAppActor pid=745753)[0m [Client 2] Class weights (smoothed): {0: 1.0, 1: 1.0}[32m [repeated 16x across cluster][0m
[DEBUG] evaluate_metrics_aggregation_fn called with 4 results
[DEBUG] results type: <class 'list'>
[DEBUG] First result type: <class 'tuple'>
[DEBUG] First result length: 2
[DEBUG] results[0][0] type: <class 'int'>
[DEBUG] results[0][1] type: <class 'flwr.app.message.configrecord.ConfigRecord'>
[DEBUG _get_metrics] res_item[1] type: ConfigRecord
[DEBUG _get_metrics] res_item[1] has metrics attr: False
[DEBUG _get_metrics] res_item[1].__dict__: {'_check_key_fn': <function _check_key at 0x7059b63c8900>, '_check_value_fn': <function _check_value at 0x7059abbb89a0>, '_data': {'accuracy': 0.9876366853713989, 'loss': 0.012177138589322567, 'total_samples': 2103, 'actual_attack': 1621, 'actual_normal': 482, 'predicted_attack': 1607, 'predicted_normal': 496, 'true_positives': 1601, 'true_negatives': 476, 'false_positives': 6, 'false_negatives': 20, 'precision': 0.9962663347853142, 'recall': 0.9876619370758791, 'f1_score': 0.9919454770755887}}
[DEBUG _get_metrics] res_item[1].keys(): ['accuracy', 'loss', 'total_samples', 'actual_attack', 'actual_normal', 'predicted_attack', 'predicted_normal', 'true_positives', 'true_negatives', 'false_positives', 'false_negatives', 'precision', 'recall', 'f1_score']
[DEBUG _get_metrics] Extracted from ConfigRecord._data
[DEBUG _get_metrics] res_item[1] type: ConfigRecord
[DEBUG _get_metrics] res_item[1] has metrics attr: False
[DEBUG _get_metrics] res_item[1].__dict__: {'_check_key_fn': <function _check_key at 0x7059b63c8900>, '_check_value_fn': <function _check_value at 0x7059abbb89a0>, '_data': {'accuracy': 0.988112211227417, 'loss': 0.008400755003094673, 'total_samples': 2103, 'actual_attack': 1621, 'actual_normal': 482, 'predicted_attack': 1618, 'predicted_normal': 485, 'true_positives': 1607, 'true_negatives': 471, 'false_positives': 11, 'false_negatives': 14, 'precision': 0.9932014833127317, 'recall': 0.9913633559531153, 'f1_score': 0.992281568385304}}
[DEBUG _get_metrics] res_item[1].keys(): ['accuracy', 'loss', 'total_samples', 'actual_attack', 'actual_normal', 'predicted_attack', 'predicted_normal', 'true_positives', 'true_negatives', 'false_positives', 'false_negatives', 'precision', 'recall', 'f1_score']
[DEBUG _get_metrics] Extracted from ConfigRecord._data[92mINFO [0m:      
[92mINFO [0m:      [ROUND 78]
[92mINFO [0m:      configure_fit: strategy sampled 4 clients (out of 4)
[92mINFO [0m:      aggregate_fit: received 4 results and 0 failures
[92mINFO [0m:      configure_evaluate: strategy sampled 4 clients (out of 4)
[92mINFO [0m:      aggregate_evaluate: received 4 results and 0 failures
[92mINFO [0m:      
[92mINFO [0m:      [ROUND 79]
[92mINFO [0m:      configure_fit: strategy sampled 4 clients (out of 4)
[92mINFO [0m:      aggregate_fit: received 4 results and 0 failures
[92mINFO [0m:      configure_evaluate: strategy sampled 4 clients (out of 4)
[92mINFO [0m:      aggregate_evaluate: received 4 results and 0 failures

[DEBUG _get_metrics] res_item[1] type: ConfigRecord
[DEBUG _get_metrics] res_item[1] has metrics attr: False
[DEBUG _get_metrics] res_item[1].__dict__: {'_check_key_fn': <function _check_key at 0x7059b63c8900>, '_check_value_fn': <function _check_value at 0x7059abbb89a0>, '_data': {'accuracy': 0.988112211227417, 'loss': 0.008400755003094673, 'total_samples': 2103, 'actual_attack': 1621, 'actual_normal': 482, 'predicted_attack': 1618, 'predicted_normal': 485, 'true_positives': 1607, 'true_negatives': 471, 'false_positives': 11, 'false_negatives': 14, 'precision': 0.9932014833127317, 'recall': 0.9913633559531153, 'f1_score': 0.992281568385304}}
[DEBUG _get_metrics] res_item[1].keys(): ['accuracy', 'loss', 'total_samples', 'actual_attack', 'actual_normal', 'predicted_attack', 'predicted_normal', 'true_positives', 'true_negatives', 'false_positives', 'false_negatives', 'precision', 'recall', 'f1_score']
[DEBUG _get_metrics] Extracted from ConfigRecord._data
[DEBUG _get_metrics] res_item[1] type: ConfigRecord
[DEBUG _get_metrics] res_item[1] has metrics attr: False
[DEBUG _get_metrics] res_item[1].__dict__: {'_check_key_fn': <function _check_key at 0x7059b63c8900>, '_check_value_fn': <function _check_value at 0x7059abbb89a0>, '_data': {'accuracy': 0.9876366853713989, 'loss': 0.012177138589322567, 'total_samples': 2103, 'actual_attack': 1621, 'actual_normal': 482, 'predicted_attack': 1607, 'predicted_normal': 496, 'true_positives': 1601, 'true_negatives': 476, 'false_positives': 6, 'false_negatives': 20, 'precision': 0.9962663347853142, 'recall': 0.9876619370758791, 'f1_score': 0.9919454770755887}}
[DEBUG _get_metrics] res_item[1].keys(): ['accuracy', 'loss', 'total_samples', 'actual_attack', 'actual_normal', 'predicted_attack', 'predicted_normal', 'true_positives', 'true_negatives', 'false_positives', 'false_negatives', 'precision', 'recall', 'f1_score']
[DEBUG _get_metrics] Extracted from ConfigRecord._data
[DEBUG] Extracted 4 metrics from results

[Evaluation Summary]
============================================================
Round: 77 / 100
Accuracy (mean):  0.9879  (98.79%)
Loss:             0.0103
[Per-Device Accuracy]
  - Device 0:  0.9876  (98.76%)
  - Device 1:  0.9881  (98.81%)
  - Device 2:  0.9881  (98.81%)
  - Device 3:  0.9876  (98.76%)

[Ground Truth]
  - Attack samples: 1621
  - Normal samples: 482
  - Total samples:  2103

[Predictions]
  - Predicted Attack:  1607
  - Predicted Normal:  496

[Confusion Matrix]
  - True Positives (TP):  1601
  - True Negatives (TN):  476
  - False Positives (FP): 6
  - False Negatives (FN): 20

[Metrics]
  - Precision:  0.9947  (99.47%)
  - Recall:     0.9895  (98.95%)
  - F1-Score:   0.9921  (99.21%)
============================================================

[DEBUG] evaluate_metrics_aggregation_fn called with 4 results
[DEBUG] results type: <class 'list'>
[DEBUG] First result type: <class 'tuple'>
[DEBUG] First result length: 2
[DEBUG] results[0][0] type: <class 'int'>
[DEBUG] results[0][1] type: <class 'flwr.app.message.configrecord.ConfigRecord'>
[DEBUG _get_metrics] res_item[1] type: ConfigRecord
[DEBUG _get_metrics] res_item[1] has metrics attr: False
[DEBUG _get_metrics] res_item[1].__dict__: {'_check_key_fn': <function _check_key at 0x7059b63c8900>, '_check_value_fn': <function _check_value at 0x7059abbb89a0>, '_data': {'accuracy': 0.988112211227417, 'loss': 0.008400958962738514, 'total_samples': 2103, 'actual_attack': 1621, 'actual_normal': 482, 'predicted_attack': 1618, 'predicted_normal': 485, 'true_positives': 1607, 'true_negatives': 471, 'false_positives': 11, 'false_negatives': 14, 'precision': 0.9932014833127317, 'recall': 0.9913633559531153, 'f1_score': 0.992281568385304}}
[DEBUG _get_metrics] res_item[1].keys(): ['accuracy', 'loss', 'total_samples', 'actual_attack', 'actual_normal', 'predicted_attack', 'predicted_normal', 'true_positives', 'true_negatives', 'false_positives', 'false_negatives', 'precision', 'recall', 'f1_score']
[DEBUG _get_metrics] Extracted from ConfigRecord._data
[DEBUG _get_metrics] res_item[1] type: ConfigRecord
[DEBUG _get_metrics] res_item[1] has metrics attr: False
[DEBUG _get_metrics] res_item[1].__dict__: {'_check_key_fn': <function _check_key at 0x7059b63c8900>, '_check_value_fn': <function _check_value at 0x7059abbb89a0>, '_data': {'accuracy': 0.988112211227417, 'loss': 0.008400958962738514, 'total_samples': 2103, 'actual_attack': 1621, 'actual_normal': 482, 'predicted_attack': 1618, 'predicted_normal': 485, 'true_positives': 1607, 'true_negatives': 471, 'false_positives': 11, 'false_negatives': 14, 'precision': 0.9932014833127317, 'recall': 0.9913633559531153, 'f1_score': 0.992281568385304}}
[DEBUG _get_metrics] res_item[1].keys(): ['accuracy', 'loss', 'total_samples', 'actual_attack', 'actual_normal', 'predicted_attack', 'predicted_normal', 'true_positives', 'true_negatives', 'false_positives', 'false_negatives', 'precision', 'recall', 'f1_score']
[DEBUG _get_metrics] Extracted from ConfigRecord._data
[DEBUG _get_metrics] res_item[1] type: ConfigRecord
[DEBUG _get_metrics] res_item[1] has metrics attr: False
[DEBUG _get_metrics] res_item[1].__dict__: {'_check_key_fn': <function _check_key at 0x7059b63c8900>, '_check_value_fn': <function _check_value at 0x7059abbb89a0>, '_data': {'accuracy': 0.9876366853713989, 'loss': 0.012155265547335148, 'total_samples': 2103, 'actual_attack': 1621, 'actual_normal': 482, 'predicted_attack': 1607, 'predicted_normal': 496, 'true_positives': 1601, 'true_negatives': 476, 'false_positives': 6, 'false_negatives': 20, 'precision': 0.9962663347853142, 'recall': 0.9876619370758791, 'f1_score': 0.9919454770755887}}
[DEBUG _get_metrics] res_item[1].keys(): ['accuracy', 'loss', 'total_samples', 'actual_attack', 'actual_normal', 'predicted_attack', 'predicted_normal', 'true_positives', 'true_negatives', 'false_positives', 'false_negatives', 'precision', 'recall', 'f1_score']
[DEBUG _get_metrics] Extracted from ConfigRecord._data
[DEBUG _get_metrics] res_item[1] type: ConfigRecord
[DEBUG _get_metrics] res_item[1] has metrics attr: False
[DEBUG _get_metrics] res_item[1].__dict__: {'_check_key_fn': <function _check_key at 0x7059b63c8900>, '_check_value_fn': <function _check_value at 0x7059abbb89a0>, '_data': {'accuracy': 0.9876366853713989, 'loss': 0.012155265547335148, 'total_samples': 2103, 'actual_attack': 1621, 'actual_normal': 482, 'predicted_attack': 1607, 'predicted_normal': 496, 'true_positives': 1601, 'true_negatives': 476, 'false_positives': 6, 'false_negatives': 20, 'precision': 0.9962663347853142, 'recall': 0.9876619370758791, 'f1_score': 0.9919454770755887}}
[DEBUG _get_metrics] res_item[1].keys(): ['accuracy', 'loss', 'total_samples', 'actual_attack', 'actual_normal', 'predicted_attack', 'predicted_normal', 'true_positives', 'true_negatives', 'false_positives', 'false_negatives', 'precision', 'recall', 'f1_score']
[DEBUG _get_metrics] Extracted from ConfigRecord._data
[DEBUG] Extracted 4 metrics from results

[Evaluation Summary]
============================================================
Round: 78 / 100
Accuracy (mean):  0.9879  (98.79%)
Loss:             0.0103
[Per-Device Accuracy]
  - Device 0:  0.9881  (98.81%)
  - Device 1:  0.9881  (98.81%)
  - Device 2:  0.9876  (98.76%)
  - Device 3:  0.9876  (98.76%)

[Ground Truth]
  - Attack samples: 1621
  - Normal samples: 482
  - Total samples:  2103

[Predictions]
  - Predicted Attack:  1618
  - Predicted Normal:  485

[Confusion Matrix]
  - True Positives (TP):  1607
  - True Negatives (TN):  471
  - False Positives (FP): 11
  - False Negatives (FN): 14

[Metrics]
  - Precision:  0.9947  (99.47%)
  - Recall:     0.9895  (98.95%)
  - F1-Score:   0.9921  (99.21%)
============================================================

[36m(ClientAppActor pid=745762)[0m [Client 1] Class weights (smoothed): {0: 1.0, 1: 1.0}[32m [repeated 16x across cluster][0m
[DEBUG] evaluate_metrics_aggregation_fn called with 4 results
[DEBUG] results type: <class 'list'>
[DEBUG] First result type: <class 'tuple'>
[DEBUG] First result length: 2
[DEBUG] results[0][0] type: <class 'int'>
[DEBUG] results[0][1] type: <class 'flwr.app.message.configrecord.ConfigRecord'>
[DEBUG _get_metrics] res_item[1] type: ConfigRecord[92mINFO [0m:      
[92mINFO [0m:      [ROUND 80]
[92mINFO [0m:      configure_fit: strategy sampled 4 clients (out of 4)
[92mINFO [0m:      aggregate_fit: received 4 results and 0 failures
[92mINFO [0m:      configure_evaluate: strategy sampled 4 clients (out of 4)
[92mINFO [0m:      aggregate_evaluate: received 4 results and 0 failures

[DEBUG _get_metrics] res_item[1] has metrics attr: False
[DEBUG _get_metrics] res_item[1].__dict__: {'_check_key_fn': <function _check_key at 0x7059b63c8900>, '_check_value_fn': <function _check_value at 0x7059abbb89a0>, '_data': {'accuracy': 0.9876366853713989, 'loss': 0.012202383950352669, 'total_samples': 2103, 'actual_attack': 1621, 'actual_normal': 482, 'predicted_attack': 1607, 'predicted_normal': 496, 'true_positives': 1601, 'true_negatives': 476, 'false_positives': 6, 'false_negatives': 20, 'precision': 0.9962663347853142, 'recall': 0.9876619370758791, 'f1_score': 0.9919454770755887}}
[DEBUG _get_metrics] res_item[1].keys(): ['accuracy', 'loss', 'total_samples', 'actual_attack', 'actual_normal', 'predicted_attack', 'predicted_normal', 'true_positives', 'true_negatives', 'false_positives', 'false_negatives', 'precision', 'recall', 'f1_score']
[DEBUG _get_metrics] Extracted from ConfigRecord._data
[DEBUG _get_metrics] res_item[1] type: ConfigRecord
[DEBUG _get_metrics] res_item[1] has metrics attr: False
[DEBUG _get_metrics] res_item[1].__dict__: {'_check_key_fn': <function _check_key at 0x7059b63c8900>, '_check_value_fn': <function _check_value at 0x7059abbb89a0>, '_data': {'accuracy': 0.988112211227417, 'loss': 0.008473961614072323, 'total_samples': 2103, 'actual_attack': 1621, 'actual_normal': 482, 'predicted_attack': 1618, 'predicted_normal': 485, 'true_positives': 1607, 'true_negatives': 471, 'false_positives': 11, 'false_negatives': 14, 'precision': 0.9932014833127317, 'recall': 0.9913633559531153, 'f1_score': 0.992281568385304}}
[DEBUG _get_metrics] res_item[1].keys(): ['accuracy', 'loss', 'total_samples', 'actual_attack', 'actual_normal', 'predicted_attack', 'predicted_normal', 'true_positives', 'true_negatives', 'false_positives', 'false_negatives', 'precision', 'recall', 'f1_score']
[DEBUG _get_metrics] Extracted from ConfigRecord._data
[DEBUG _get_metrics] res_item[1] type: ConfigRecord
[DEBUG _get_metrics] res_item[1] has metrics attr: False
[DEBUG _get_metrics] res_item[1].__dict__: {'_check_key_fn': <function _check_key at 0x7059b63c8900>, '_check_value_fn': <function _check_value at 0x7059abbb89a0>, '_data': {'accuracy': 0.9876366853713989, 'loss': 0.012202383950352669, 'total_samples': 2103, 'actual_attack': 1621, 'actual_normal': 482, 'predicted_attack': 1607, 'predicted_normal': 496, 'true_positives': 1601, 'true_negatives': 476, 'false_positives': 6, 'false_negatives': 20, 'precision': 0.9962663347853142, 'recall': 0.9876619370758791, 'f1_score': 0.9919454770755887}}
[DEBUG _get_metrics] res_item[1].keys(): ['accuracy', 'loss', 'total_samples', 'actual_attack', 'actual_normal', 'predicted_attack', 'predicted_normal', 'true_positives', 'true_negatives', 'false_positives', 'false_negatives', 'precision', 'recall', 'f1_score']
[DEBUG _get_metrics] Extracted from ConfigRecord._data
[DEBUG _get_metrics] res_item[1] type: ConfigRecord
[DEBUG _get_metrics] res_item[1] has metrics attr: False
[DEBUG _get_metrics] res_item[1].__dict__: {'_check_key_fn': <function _check_key at 0x7059b63c8900>, '_check_value_fn': <function _check_value at 0x7059abbb89a0>, '_data': {'accuracy': 0.988112211227417, 'loss': 0.008473961614072323, 'total_samples': 2103, 'actual_attack': 1621, 'actual_normal': 482, 'predicted_attack': 1618, 'predicted_normal': 485, 'true_positives': 1607, 'true_negatives': 471, 'false_positives': 11, 'false_negatives': 14, 'precision': 0.9932014833127317, 'recall': 0.9913633559531153, 'f1_score': 0.992281568385304}}
[DEBUG _get_metrics] res_item[1].keys(): ['accuracy', 'loss', 'total_samples', 'actual_attack', 'actual_normal', 'predicted_attack', 'predicted_normal', 'true_positives', 'true_negatives', 'false_positives', 'false_negatives', 'precision', 'recall', 'f1_score']
[DEBUG _get_metrics] Extracted from ConfigRecord._data
[DEBUG] Extracted 4 metrics from results

[Evaluation Summary]
============================================================
Round: 79 / 100
Accuracy (mean):  0.9879  (98.79%)
Loss:             0.0103
[Per-Device Accuracy]
  - Device 0:  0.9876  (98.76%)
  - Device 1:  0.9881  (98.81%)
  - Device 2:  0.9876  (98.76%)
  - Device 3:  0.9881  (98.81%)

[Ground Truth]
  - Attack samples: 1621
  - Normal samples: 482
  - Total samples:  2103

[Predictions]
  - Predicted Attack:  1607
  - Predicted Normal:  496

[Confusion Matrix]
  - True Positives (TP):  1601
  - True Negatives (TN):  476
  - False Positives (FP): 6
  - False Negatives (FN): 20

[Metrics]
  - Precision:  0.9947  (99.47%)
  - Recall:     0.9895  (98.95%)
  - F1-Score:   0.9921  (99.21%)
============================================================

[Round 80] Client contributions:
  Client samples: 29,184 (weight: 0.2500)
  Client samples: 29,184 (weight: 0.2500)
  Client samples: 29,186 (weight: 0.2500)
  Client samples: 29,186 (weight: 0.2500)
[DEBUG] evaluate_metrics_aggregation_fn called with 4 results
[DEBUG] results type: <class 'list'>
[DEBUG] First result type: <class 'tuple'>
[DEBUG] First result length: 2
[DEBUG] results[0][0] type: <class 'int'>
[DEBUG] results[0][1] type: <class 'flwr.app.message.configrecord.ConfigRecord'>
[DEBUG _get_metrics] res_item[1] type: ConfigRecord
[DEBUG _get_metrics] res_item[1] has metrics attr: False
[DEBUG _get_metrics] res_item[1].__dict__: {'_check_key_fn': <function _check_key at 0x7059b63c8900>, '_check_value_fn': <function _check_value at 0x7059abbb89a0>, '_data': {'accuracy': 0.9885877370834351, 'loss': 0.00850534439086914, 'total_samples': 2103, 'actual_attack': 1621, 'actual_normal': 482, 'predicted_attack': 1619, 'predicted_normal': 484, 'true_positives': 1608, 'true_negatives': 471, 'false_positives': 11, 'false_negatives': 13, 'precision': 0.9932056825200741, 'recall': 0.9919802590993214, 'f1_score': 0.9925925925925926}}
[DEBUG _get_metrics] res_item[1].keys(): ['accuracy', 'loss', 'total_samples', 'actual_attack', 'actual_normal', 'predicted_attack', 'predicted_normal', 'true_positives', 'true_negatives', 'false_positives', 'false_negatives', 'precision', 'recall', 'f1_score']
[DEBUG _get_metrics] Extracted from ConfigRecord._data
[DEBUG _get_metrics] res_item[1] type: ConfigRecord
[DEBUG _get_metrics] res_item[1] has metrics attr: False
[DEBUG _get_metrics] res_item[1].__dict__: {'_check_key_fn': <function _check_key at 0x7059b63c8900>, '_check_value_fn': <function _check_value at 0x7059abbb89a0>, '_data': {'accuracy': 0.9885877370834351, 'loss': 0.012191521935164928, 'total_samples': 2103, 'actual_attack': 1621, 'actual_normal': 482, 'predicted_attack': 1609, 'predicted_normal': 494, 'true_positives': 1603, 'true_negatives': 476, 'false_positives': 6, 'false_negatives': 18, 'precision': 0.9962709757613425, 'recall': 0.9888957433682912, 'f1_score': 0.9925696594427246}}
[DEBUG _get_metrics] res_item[1].keys(): ['accuracy', 'loss', 'total_samples', 'actual_attack', 'actual_normal', 'predicted_attack', 'predicted_normal', 'true_positives', 'true_negatives', 'false_positives', 'false_negatives', 'precision', 'recall', 'f1_score']
[DEBUG _get_metrics] Extracted from ConfigRecord._data
[DEBUG _get_metrics] res_item[1] type: ConfigRecord
[DEBUG _get_metrics] res_item[1] has metrics attr: False
[DEBUG _get_metrics] res_item[1].__dict__: {'_check_key_fn': <function _check_key at 0x7059b63c8900>, '_check_value_fn': <function _check_value at 0x7059abbb89a0>, '_data': {'accuracy': 0.9885877370834351, 'loss': 0.012191521935164928, 'total_samples': 2103, 'actual_attack': 1621, 'actual_normal': 482, 'predicted_attack': 1609, 'predicted_normal': 494, 'true_positives': 1603, 'true_negatives': 476, 'false_positives': 6, 'false_negatives': 18, 'precision': 0.9962709757613425, 'recall': 0.9888957433682912, 'f1_score': 0.9925696594427246}}
[DEBUG _get_metrics] res_item[1].keys(): ['accuracy', 'loss', 'total_samples', 'actual_attack', 'actual_normal', 'predicted_attack', 'predicted_normal', 'true_positives', 'true_negatives', 'false_positives', 'false_negatives', 'precision', 'recall', 'f1_score']
[DEBUG _get_metrics] Extracted from ConfigRecord._data
[DEBUG _get_metrics] res_item[1] type: ConfigRecord
[DEBUG _get_metrics] res_item[1] has metrics attr: False
[DEBUG _get_metrics] res_item[1].__dict__: {'_check_key_fn': <function _check_key at 0x7059b63c8900>, '_check_value_fn': <function _check_value at 0x7059abbb89a0>, '_data': {'accuracy': 0.9885877370834351, 'loss': 0.00850534439086914, 'total_samples': 2103, 'actual_attack': 1621, 'actual_normal': 482, 'predicted_attack': 1619, 'predicted_normal': 484, 'true_positives': 1608, 'true_negatives': 471, 'false_positives': 11, 'false_negatives': 13, 'precision': 0.9932056825200741, 'recall': 0.9919802590993214, 'f1_score': 0.9925925925925926}}[92mINFO [0m:      
[92mINFO [0m:      [ROUND 81]
[92mINFO [0m:      configure_fit: strategy sampled 4 clients (out of 4)
[92mINFO [0m:      aggregate_fit: received 4 results and 0 failures
[92mINFO [0m:      configure_evaluate: strategy sampled 4 clients (out of 4)
[92mINFO [0m:      aggregate_evaluate: received 4 results and 0 failures
[92mINFO [0m:      
[92mINFO [0m:      [ROUND 82]
[92mINFO [0m:      configure_fit: strategy sampled 4 clients (out of 4)
[92mINFO [0m:      aggregate_fit: received 4 results and 0 failures
[92mINFO [0m:      configure_evaluate: strategy sampled 4 clients (out of 4)
[92mINFO [0m:      aggregate_evaluate: received 4 results and 0 failures

[DEBUG _get_metrics] res_item[1].keys(): ['accuracy', 'loss', 'total_samples', 'actual_attack', 'actual_normal', 'predicted_attack', 'predicted_normal', 'true_positives', 'true_negatives', 'false_positives', 'false_negatives', 'precision', 'recall', 'f1_score']
[DEBUG _get_metrics] Extracted from ConfigRecord._data
[DEBUG] Extracted 4 metrics from results

[Evaluation Summary]
============================================================
Round: 80 / 100
Accuracy (mean):  0.9886  (98.86%)
Loss:             0.0103
[Per-Device Accuracy]
  - Device 0:  0.9886  (98.86%)
  - Device 1:  0.9886  (98.86%)
  - Device 2:  0.9886  (98.86%)
  - Device 3:  0.9886  (98.86%)

[Ground Truth]
  - Attack samples: 1621
  - Normal samples: 482
  - Total samples:  2103

[Predictions]
  - Predicted Attack:  1619
  - Predicted Normal:  484

[Confusion Matrix]
  - True Positives (TP):  1608
  - True Negatives (TN):  471
  - False Positives (FP): 11
  - False Negatives (FN): 13

[Metrics]
  - Precision:  0.9947  (99.47%)
  - Recall:     0.9904  (99.04%)
  - F1-Score:   0.9926  (99.26%)
============================================================

[36m(ClientAppActor pid=745753)[0m [Client 2] Class weights (smoothed): {0: 1.0, 1: 1.0}[32m [repeated 16x across cluster][0m
[DEBUG] evaluate_metrics_aggregation_fn called with 4 results
[DEBUG] results type: <class 'list'>
[DEBUG] First result type: <class 'tuple'>
[DEBUG] First result length: 2
[DEBUG] results[0][0] type: <class 'int'>
[DEBUG] results[0][1] type: <class 'flwr.app.message.configrecord.ConfigRecord'>
[DEBUG _get_metrics] res_item[1] type: ConfigRecord
[DEBUG _get_metrics] res_item[1] has metrics attr: False
[DEBUG _get_metrics] res_item[1].__dict__: {'_check_key_fn': <function _check_key at 0x7059b63c8900>, '_check_value_fn': <function _check_value at 0x7059abbb89a0>, '_data': {'accuracy': 0.9885877370834351, 'loss': 0.008488098159432411, 'total_samples': 2103, 'actual_attack': 1621, 'actual_normal': 482, 'predicted_attack': 1619, 'predicted_normal': 484, 'true_positives': 1608, 'true_negatives': 471, 'false_positives': 11, 'false_negatives': 13, 'precision': 0.9932056825200741, 'recall': 0.9919802590993214, 'f1_score': 0.9925925925925926}}
[DEBUG _get_metrics] res_item[1].keys(): ['accuracy', 'loss', 'total_samples', 'actual_attack', 'actual_normal', 'predicted_attack', 'predicted_normal', 'true_positives', 'true_negatives', 'false_positives', 'false_negatives', 'precision', 'recall', 'f1_score']
[DEBUG _get_metrics] Extracted from ConfigRecord._data
[DEBUG _get_metrics] res_item[1] type: ConfigRecord
[DEBUG _get_metrics] res_item[1] has metrics attr: False
[DEBUG _get_metrics] res_item[1].__dict__: {'_check_key_fn': <function _check_key at 0x7059b63c8900>, '_check_value_fn': <function _check_value at 0x7059abbb89a0>, '_data': {'accuracy': 0.9885877370834351, 'loss': 0.01213904470205307, 'total_samples': 2103, 'actual_attack': 1621, 'actual_normal': 482, 'predicted_attack': 1609, 'predicted_normal': 494, 'true_positives': 1603, 'true_negatives': 476, 'false_positives': 6, 'false_negatives': 18, 'precision': 0.9962709757613425, 'recall': 0.9888957433682912, 'f1_score': 0.9925696594427246}}
[DEBUG _get_metrics] res_item[1].keys(): ['accuracy', 'loss', 'total_samples', 'actual_attack', 'actual_normal', 'predicted_attack', 'predicted_normal', 'true_positives', 'true_negatives', 'false_positives', 'false_negatives', 'precision', 'recall', 'f1_score']
[DEBUG _get_metrics] Extracted from ConfigRecord._data
[DEBUG _get_metrics] res_item[1] type: ConfigRecord
[DEBUG _get_metrics] res_item[1] has metrics attr: False
[DEBUG _get_metrics] res_item[1].__dict__: {'_check_key_fn': <function _check_key at 0x7059b63c8900>, '_check_value_fn': <function _check_value at 0x7059abbb89a0>, '_data': {'accuracy': 0.9885877370834351, 'loss': 0.008488098159432411, 'total_samples': 2103, 'actual_attack': 1621, 'actual_normal': 482, 'predicted_attack': 1619, 'predicted_normal': 484, 'true_positives': 1608, 'true_negatives': 471, 'false_positives': 11, 'false_negatives': 13, 'precision': 0.9932056825200741, 'recall': 0.9919802590993214, 'f1_score': 0.9925925925925926}}
[DEBUG _get_metrics] res_item[1].keys(): ['accuracy', 'loss', 'total_samples', 'actual_attack', 'actual_normal', 'predicted_attack', 'predicted_normal', 'true_positives', 'true_negatives', 'false_positives', 'false_negatives', 'precision', 'recall', 'f1_score']
[DEBUG _get_metrics] Extracted from ConfigRecord._data
[DEBUG _get_metrics] res_item[1] type: ConfigRecord
[DEBUG _get_metrics] res_item[1] has metrics attr: False
[DEBUG _get_metrics] res_item[1].__dict__: {'_check_key_fn': <function _check_key at 0x7059b63c8900>, '_check_value_fn': <function _check_value at 0x7059abbb89a0>, '_data': {'accuracy': 0.9885877370834351, 'loss': 0.01213904470205307, 'total_samples': 2103, 'actual_attack': 1621, 'actual_normal': 482, 'predicted_attack': 1609, 'predicted_normal': 494, 'true_positives': 1603, 'true_negatives': 476, 'false_positives': 6, 'false_negatives': 18, 'precision': 0.9962709757613425, 'recall': 0.9888957433682912, 'f1_score': 0.9925696594427246}}
[DEBUG _get_metrics] res_item[1].keys(): ['accuracy', 'loss', 'total_samples', 'actual_attack', 'actual_normal', 'predicted_attack', 'predicted_normal', 'true_positives', 'true_negatives', 'false_positives', 'false_negatives', 'precision', 'recall', 'f1_score']
[DEBUG _get_metrics] Extracted from ConfigRecord._data
[DEBUG] Extracted 4 metrics from results

[Evaluation Summary]
============================================================
Round: 81 / 100
Accuracy (mean):  0.9886  (98.86%)
Loss:             0.0103
[Per-Device Accuracy]
  - Device 0:  0.9886  (98.86%)
  - Device 1:  0.9886  (98.86%)
  - Device 2:  0.9886  (98.86%)
  - Device 3:  0.9886  (98.86%)

[Ground Truth]
  - Attack samples: 1621
  - Normal samples: 482
  - Total samples:  2103

[Predictions]
  - Predicted Attack:  1619
  - Predicted Normal:  484

[Confusion Matrix]
  - True Positives (TP):  1608
  - True Negatives (TN):  471
  - False Positives (FP): 11
  - False Negatives (FN): 13

[Metrics]
  - Precision:  0.9947  (99.47%)
  - Recall:     0.9904  (99.04%)
  - F1-Score:   0.9926  (99.26%)
============================================================

[DEBUG] evaluate_metrics_aggregation_fn called with 4 results
[DEBUG] results type: <class 'list'>
[DEBUG] First result type: <class 'tuple'>
[DEBUG] First result length: 2
[DEBUG] results[0][0] type: <class 'int'>
[DEBUG] results[0][1] type: <class 'flwr.app.message.configrecord.ConfigRecord'>
[DEBUG _get_metrics] res_item[1] type: ConfigRecord
[DEBUG _get_metrics] res_item[1] has metrics attr: False
[DEBUG _get_metrics] res_item[1].__dict__: {'_check_key_fn': <function _check_key at 0x7059b63c8900>, '_check_value_fn': <function _check_value at 0x7059abbb89a0>, '_data': {'accuracy': 0.9885877370834351, 'loss': 0.012339782901108265, 'total_samples': 2103, 'actual_attack': 1621, 'actual_normal': 482, 'predicted_attack': 1609, 'predicted_normal': 494, 'true_positives': 1603, 'true_negatives': 476, 'false_positives': 6, 'false_negatives': 18, 'precision': 0.9962709757613425, 'recall': 0.9888957433682912, 'f1_score': 0.9925696594427246}}
[DEBUG _get_metrics] res_item[1].keys(): ['accuracy', 'loss', 'total_samples', 'actual_attack', 'actual_normal', 'predicted_attack', 'predicted_normal', 'true_positives', 'true_negatives', 'false_positives', 'false_negatives', 'precision', 'recall', 'f1_score']
[DEBUG _get_metrics] Extracted from ConfigRecord._data
[DEBUG _get_metrics] res_item[1] type: ConfigRecord
[DEBUG _get_metrics] res_item[1] has metrics attr: False
[DEBUG _get_metrics] res_item[1].__dict__: {'_check_key_fn': <function _check_key at 0x7059b63c8900>, '_check_value_fn': <function _check_value at 0x7059abbb89a0>, '_data': {'accuracy': 0.9885877370834351, 'loss': 0.012339782901108265, 'total_samples': 2103, 'actual_attack': 1621, 'actual_normal': 482, 'predicted_attack': 1609, 'predicted_normal': 494, 'true_positives': 1603, 'true_negatives': 476, 'false_positives': 6, 'false_negatives': 18, 'precision': 0.9962709757613425, 'recall': 0.9888957433682912, 'f1_score': 0.9925696594427246}}
[DEBUG _get_metrics] res_item[1].keys(): ['accuracy', 'loss', 'total_samples', 'actual_attack', 'actual_normal', 'predicted_attack', 'predicted_normal', 'true_positives', 'true_negatives', 'false_positives', 'false_negatives', 'precision', 'recall', 'f1_score'][92mINFO [0m:      
[92mINFO [0m:      [ROUND 83]
[92mINFO [0m:      configure_fit: strategy sampled 4 clients (out of 4)
[92mINFO [0m:      aggregate_fit: received 4 results and 0 failures
[92mINFO [0m:      configure_evaluate: strategy sampled 4 clients (out of 4)
[92mINFO [0m:      aggregate_evaluate: received 4 results and 0 failures
[92mINFO [0m:      
[92mINFO [0m:      [ROUND 84]
[92mINFO [0m:      configure_fit: strategy sampled 4 clients (out of 4)
[92mINFO [0m:      aggregate_fit: received 4 results and 0 failures
[92mINFO [0m:      configure_evaluate: strategy sampled 4 clients (out of 4)
[92mINFO [0m:      aggregate_evaluate: received 4 results and 0 failures

[DEBUG _get_metrics] Extracted from ConfigRecord._data
[DEBUG _get_metrics] res_item[1] type: ConfigRecord
[DEBUG _get_metrics] res_item[1] has metrics attr: False
[DEBUG _get_metrics] res_item[1].__dict__: {'_check_key_fn': <function _check_key at 0x7059b63c8900>, '_check_value_fn': <function _check_value at 0x7059abbb89a0>, '_data': {'accuracy': 0.9885877370834351, 'loss': 0.008707930333912373, 'total_samples': 2103, 'actual_attack': 1621, 'actual_normal': 482, 'predicted_attack': 1619, 'predicted_normal': 484, 'true_positives': 1608, 'true_negatives': 471, 'false_positives': 11, 'false_negatives': 13, 'precision': 0.9932056825200741, 'recall': 0.9919802590993214, 'f1_score': 0.9925925925925926}}
[DEBUG _get_metrics] res_item[1].keys(): ['accuracy', 'loss', 'total_samples', 'actual_attack', 'actual_normal', 'predicted_attack', 'predicted_normal', 'true_positives', 'true_negatives', 'false_positives', 'false_negatives', 'precision', 'recall', 'f1_score']
[DEBUG _get_metrics] Extracted from ConfigRecord._data
[DEBUG _get_metrics] res_item[1] type: ConfigRecord
[DEBUG _get_metrics] res_item[1] has metrics attr: False
[DEBUG _get_metrics] res_item[1].__dict__: {'_check_key_fn': <function _check_key at 0x7059b63c8900>, '_check_value_fn': <function _check_value at 0x7059abbb89a0>, '_data': {'accuracy': 0.9885877370834351, 'loss': 0.008707930333912373, 'total_samples': 2103, 'actual_attack': 1621, 'actual_normal': 482, 'predicted_attack': 1619, 'predicted_normal': 484, 'true_positives': 1608, 'true_negatives': 471, 'false_positives': 11, 'false_negatives': 13, 'precision': 0.9932056825200741, 'recall': 0.9919802590993214, 'f1_score': 0.9925925925925926}}
[DEBUG _get_metrics] res_item[1].keys(): ['accuracy', 'loss', 'total_samples', 'actual_attack', 'actual_normal', 'predicted_attack', 'predicted_normal', 'true_positives', 'true_negatives', 'false_positives', 'false_negatives', 'precision', 'recall', 'f1_score']
[DEBUG _get_metrics] Extracted from ConfigRecord._data
[DEBUG] Extracted 4 metrics from results

[Evaluation Summary]
============================================================
Round: 82 / 100
Accuracy (mean):  0.9886  (98.86%)
Loss:             0.0105
[Per-Device Accuracy]
  - Device 0:  0.9886  (98.86%)
  - Device 1:  0.9886  (98.86%)
  - Device 2:  0.9886  (98.86%)
  - Device 3:  0.9886  (98.86%)

[Ground Truth]
  - Attack samples: 1621
  - Normal samples: 482
  - Total samples:  2103

[Predictions]
  - Predicted Attack:  1609
  - Predicted Normal:  494

[Confusion Matrix]
  - True Positives (TP):  1603
  - True Negatives (TN):  476
  - False Positives (FP): 6
  - False Negatives (FN): 18

[Metrics]
  - Precision:  0.9947  (99.47%)
  - Recall:     0.9904  (99.04%)
  - F1-Score:   0.9926  (99.26%)
============================================================

[36m(ClientAppActor pid=745753)[0m [Client 2] Class weights (smoothed): {0: 1.0, 1: 1.0}[32m [repeated 16x across cluster][0m
[DEBUG] evaluate_metrics_aggregation_fn called with 4 results
[DEBUG] results type: <class 'list'>
[DEBUG] First result type: <class 'tuple'>
[DEBUG] First result length: 2
[DEBUG] results[0][0] type: <class 'int'>
[DEBUG] results[0][1] type: <class 'flwr.app.message.configrecord.ConfigRecord'>
[DEBUG _get_metrics] res_item[1] type: ConfigRecord
[DEBUG _get_metrics] res_item[1] has metrics attr: False
[DEBUG _get_metrics] res_item[1].__dict__: {'_check_key_fn': <function _check_key at 0x7059b63c8900>, '_check_value_fn': <function _check_value at 0x7059abbb89a0>, '_data': {'accuracy': 0.9885877370834351, 'loss': 0.012425320222973824, 'total_samples': 2103, 'actual_attack': 1621, 'actual_normal': 482, 'predicted_attack': 1609, 'predicted_normal': 494, 'true_positives': 1603, 'true_negatives': 476, 'false_positives': 6, 'false_negatives': 18, 'precision': 0.9962709757613425, 'recall': 0.9888957433682912, 'f1_score': 0.9925696594427246}}
[DEBUG _get_metrics] res_item[1].keys(): ['accuracy', 'loss', 'total_samples', 'actual_attack', 'actual_normal', 'predicted_attack', 'predicted_normal', 'true_positives', 'true_negatives', 'false_positives', 'false_negatives', 'precision', 'recall', 'f1_score']
[DEBUG _get_metrics] Extracted from ConfigRecord._data
[DEBUG _get_metrics] res_item[1] type: ConfigRecord
[DEBUG _get_metrics] res_item[1] has metrics attr: False
[DEBUG _get_metrics] res_item[1].__dict__: {'_check_key_fn': <function _check_key at 0x7059b63c8900>, '_check_value_fn': <function _check_value at 0x7059abbb89a0>, '_data': {'accuracy': 0.9885877370834351, 'loss': 0.00880634505301714, 'total_samples': 2103, 'actual_attack': 1621, 'actual_normal': 482, 'predicted_attack': 1619, 'predicted_normal': 484, 'true_positives': 1608, 'true_negatives': 471, 'false_positives': 11, 'false_negatives': 13, 'precision': 0.9932056825200741, 'recall': 0.9919802590993214, 'f1_score': 0.9925925925925926}}
[DEBUG _get_metrics] res_item[1].keys(): ['accuracy', 'loss', 'total_samples', 'actual_attack', 'actual_normal', 'predicted_attack', 'predicted_normal', 'true_positives', 'true_negatives', 'false_positives', 'false_negatives', 'precision', 'recall', 'f1_score']
[DEBUG _get_metrics] Extracted from ConfigRecord._data
[DEBUG _get_metrics] res_item[1] type: ConfigRecord
[DEBUG _get_metrics] res_item[1] has metrics attr: False
[DEBUG _get_metrics] res_item[1].__dict__: {'_check_key_fn': <function _check_key at 0x7059b63c8900>, '_check_value_fn': <function _check_value at 0x7059abbb89a0>, '_data': {'accuracy': 0.9885877370834351, 'loss': 0.00880634505301714, 'total_samples': 2103, 'actual_attack': 1621, 'actual_normal': 482, 'predicted_attack': 1619, 'predicted_normal': 484, 'true_positives': 1608, 'true_negatives': 471, 'false_positives': 11, 'false_negatives': 13, 'precision': 0.9932056825200741, 'recall': 0.9919802590993214, 'f1_score': 0.9925925925925926}}
[DEBUG _get_metrics] res_item[1].keys(): ['accuracy', 'loss', 'total_samples', 'actual_attack', 'actual_normal', 'predicted_attack', 'predicted_normal', 'true_positives', 'true_negatives', 'false_positives', 'false_negatives', 'precision', 'recall', 'f1_score']
[DEBUG _get_metrics] Extracted from ConfigRecord._data
[DEBUG _get_metrics] res_item[1] type: ConfigRecord
[DEBUG _get_metrics] res_item[1] has metrics attr: False
[DEBUG _get_metrics] res_item[1].__dict__: {'_check_key_fn': <function _check_key at 0x7059b63c8900>, '_check_value_fn': <function _check_value at 0x7059abbb89a0>, '_data': {'accuracy': 0.9885877370834351, 'loss': 0.012425320222973824, 'total_samples': 2103, 'actual_attack': 1621, 'actual_normal': 482, 'predicted_attack': 1609, 'predicted_normal': 494, 'true_positives': 1603, 'true_negatives': 476, 'false_positives': 6, 'false_negatives': 18, 'precision': 0.9962709757613425, 'recall': 0.9888957433682912, 'f1_score': 0.9925696594427246}}
[DEBUG _get_metrics] res_item[1].keys(): ['accuracy', 'loss', 'total_samples', 'actual_attack', 'actual_normal', 'predicted_attack', 'predicted_normal', 'true_positives', 'true_negatives', 'false_positives', 'false_negatives', 'precision', 'recall', 'f1_score']
[DEBUG _get_metrics] Extracted from ConfigRecord._data
[DEBUG] Extracted 4 metrics from results

[Evaluation Summary]
============================================================
Round: 83 / 100
Accuracy (mean):  0.9886  (98.86%)
Loss:             0.0106
[Per-Device Accuracy]
  - Device 0:  0.9886  (98.86%)
  - Device 1:  0.9886  (98.86%)
  - Device 2:  0.9886  (98.86%)
  - Device 3:  0.9886  (98.86%)

[Ground Truth]
  - Attack samples: 1621
  - Normal samples: 482
  - Total samples:  2103

[Predictions]
  - Predicted Attack:  1609
  - Predicted Normal:  494

[Confusion Matrix]
  - True Positives (TP):  1603
  - True Negatives (TN):  476
  - False Positives (FP): 6
  - False Negatives (FN): 18

[Metrics]
  - Precision:  0.9947  (99.47%)
  - Recall:     0.9904  (99.04%)
  - F1-Score:   0.9926  (99.26%)
============================================================

[DEBUG] evaluate_metrics_aggregation_fn called with 4 results
[DEBUG] results type: <class 'list'>
[DEBUG] First result type: <class 'tuple'>
[DEBUG] First result length: 2
[DEBUG] results[0][0] type: <class 'int'>
[DEBUG] results[0][1] type: <class 'flwr.app.message.configrecord.ConfigRecord'>[92mINFO [0m:      
[92mINFO [0m:      [ROUND 85]
[92mINFO [0m:      configure_fit: strategy sampled 4 clients (out of 4)
[92mINFO [0m:      aggregate_fit: received 4 results and 0 failures
[92mINFO [0m:      configure_evaluate: strategy sampled 4 clients (out of 4)
[92mINFO [0m:      aggregate_evaluate: received 4 results and 0 failures

[DEBUG _get_metrics] res_item[1] type: ConfigRecord
[DEBUG _get_metrics] res_item[1] has metrics attr: False
[DEBUG _get_metrics] res_item[1].__dict__: {'_check_key_fn': <function _check_key at 0x7059b63c8900>, '_check_value_fn': <function _check_value at 0x7059abbb89a0>, '_data': {'accuracy': 0.988112211227417, 'loss': 0.008826958946883678, 'total_samples': 2103, 'actual_attack': 1621, 'actual_normal': 482, 'predicted_attack': 1618, 'predicted_normal': 485, 'true_positives': 1607, 'true_negatives': 471, 'false_positives': 11, 'false_negatives': 14, 'precision': 0.9932014833127317, 'recall': 0.9913633559531153, 'f1_score': 0.992281568385304}}
[DEBUG _get_metrics] res_item[1].keys(): ['accuracy', 'loss', 'total_samples', 'actual_attack', 'actual_normal', 'predicted_attack', 'predicted_normal', 'true_positives', 'true_negatives', 'false_positives', 'false_negatives', 'precision', 'recall', 'f1_score']
[DEBUG _get_metrics] Extracted from ConfigRecord._data
[DEBUG _get_metrics] res_item[1] type: ConfigRecord
[DEBUG _get_metrics] res_item[1] has metrics attr: False
[DEBUG _get_metrics] res_item[1].__dict__: {'_check_key_fn': <function _check_key at 0x7059b63c8900>, '_check_value_fn': <function _check_value at 0x7059abbb89a0>, '_data': {'accuracy': 0.988112211227417, 'loss': 0.012454327195882797, 'total_samples': 2103, 'actual_attack': 1621, 'actual_normal': 482, 'predicted_attack': 1608, 'predicted_normal': 495, 'true_positives': 1602, 'true_negatives': 476, 'false_positives': 6, 'false_negatives': 19, 'precision': 0.996268656716418, 'recall': 0.9882788402220851, 'f1_score': 0.9922576649117374}}
[DEBUG _get_metrics] res_item[1].keys(): ['accuracy', 'loss', 'total_samples', 'actual_attack', 'actual_normal', 'predicted_attack', 'predicted_normal', 'true_positives', 'true_negatives', 'false_positives', 'false_negatives', 'precision', 'recall', 'f1_score']
[DEBUG _get_metrics] Extracted from ConfigRecord._data
[DEBUG _get_metrics] res_item[1] type: ConfigRecord
[DEBUG _get_metrics] res_item[1] has metrics attr: False
[DEBUG _get_metrics] res_item[1].__dict__: {'_check_key_fn': <function _check_key at 0x7059b63c8900>, '_check_value_fn': <function _check_value at 0x7059abbb89a0>, '_data': {'accuracy': 0.988112211227417, 'loss': 0.008826958946883678, 'total_samples': 2103, 'actual_attack': 1621, 'actual_normal': 482, 'predicted_attack': 1618, 'predicted_normal': 485, 'true_positives': 1607, 'true_negatives': 471, 'false_positives': 11, 'false_negatives': 14, 'precision': 0.9932014833127317, 'recall': 0.9913633559531153, 'f1_score': 0.992281568385304}}
[DEBUG _get_metrics] res_item[1].keys(): ['accuracy', 'loss', 'total_samples', 'actual_attack', 'actual_normal', 'predicted_attack', 'predicted_normal', 'true_positives', 'true_negatives', 'false_positives', 'false_negatives', 'precision', 'recall', 'f1_score']
[DEBUG _get_metrics] Extracted from ConfigRecord._data
[DEBUG _get_metrics] res_item[1] type: ConfigRecord
[DEBUG _get_metrics] res_item[1] has metrics attr: False
[DEBUG _get_metrics] res_item[1].__dict__: {'_check_key_fn': <function _check_key at 0x7059b63c8900>, '_check_value_fn': <function _check_value at 0x7059abbb89a0>, '_data': {'accuracy': 0.988112211227417, 'loss': 0.012454327195882797, 'total_samples': 2103, 'actual_attack': 1621, 'actual_normal': 482, 'predicted_attack': 1608, 'predicted_normal': 495, 'true_positives': 1602, 'true_negatives': 476, 'false_positives': 6, 'false_negatives': 19, 'precision': 0.996268656716418, 'recall': 0.9882788402220851, 'f1_score': 0.9922576649117374}}
[DEBUG _get_metrics] res_item[1].keys(): ['accuracy', 'loss', 'total_samples', 'actual_attack', 'actual_normal', 'predicted_attack', 'predicted_normal', 'true_positives', 'true_negatives', 'false_positives', 'false_negatives', 'precision', 'recall', 'f1_score']
[DEBUG _get_metrics] Extracted from ConfigRecord._data
[DEBUG] Extracted 4 metrics from results

[Evaluation Summary]
============================================================
Round: 84 / 100
Accuracy (mean):  0.9881  (98.81%)
Loss:             0.0106
[Per-Device Accuracy]
  - Device 0:  0.9881  (98.81%)
  - Device 1:  0.9881  (98.81%)
  - Device 2:  0.9881  (98.81%)
  - Device 3:  0.9881  (98.81%)

[Ground Truth]
  - Attack samples: 1621
  - Normal samples: 482
  - Total samples:  2103

[Predictions]
  - Predicted Attack:  1618
  - Predicted Normal:  485

[Confusion Matrix]
  - True Positives (TP):  1607
  - True Negatives (TN):  471
  - False Positives (FP): 11
  - False Negatives (FN): 14

[Metrics]
  - Precision:  0.9947  (99.47%)
  - Recall:     0.9898  (98.98%)
  - F1-Score:   0.9923  (99.23%)
============================================================

[Round 85] Client contributions:
  Client samples: 29,184 (weight: 0.2500)
  Client samples: 29,184 (weight: 0.2500)
  Client samples: 29,186 (weight: 0.2500)
  Client samples: 29,186 (weight: 0.2500)
[36m(ClientAppActor pid=745753)[0m [Client 2] Class weights (smoothed): {0: 1.0, 1: 1.0}[32m [repeated 16x across cluster][0m
[DEBUG] evaluate_metrics_aggregation_fn called with 4 results
[DEBUG] results type: <class 'list'>
[DEBUG] First result type: <class 'tuple'>
[DEBUG] First result length: 2
[DEBUG] results[0][0] type: <class 'int'>
[DEBUG] results[0][1] type: <class 'flwr.app.message.configrecord.ConfigRecord'>
[DEBUG _get_metrics] res_item[1] type: ConfigRecord
[DEBUG _get_metrics] res_item[1] has metrics attr: False
[DEBUG _get_metrics] res_item[1].__dict__: {'_check_key_fn': <function _check_key at 0x7059b63c8900>, '_check_value_fn': <function _check_value at 0x7059abbb89a0>, '_data': {'accuracy': 0.988112211227417, 'loss': 0.008770840242505074, 'total_samples': 2103, 'actual_attack': 1621, 'actual_normal': 482, 'predicted_attack': 1618, 'predicted_normal': 485, 'true_positives': 1607, 'true_negatives': 471, 'false_positives': 11, 'false_negatives': 14, 'precision': 0.9932014833127317, 'recall': 0.9913633559531153, 'f1_score': 0.992281568385304}}
[DEBUG _get_metrics] res_item[1].keys(): ['accuracy', 'loss', 'total_samples', 'actual_attack', 'actual_normal', 'predicted_attack', 'predicted_normal', 'true_positives', 'true_negatives', 'false_positives', 'false_negatives', 'precision', 'recall', 'f1_score']
[DEBUG _get_metrics] Extracted from ConfigRecord._data
[DEBUG _get_metrics] res_item[1] type: ConfigRecord
[DEBUG _get_metrics] res_item[1] has metrics attr: False
[DEBUG _get_metrics] res_item[1].__dict__: {'_check_key_fn': <function _check_key at 0x7059b63c8900>, '_check_value_fn': <function _check_value at 0x7059abbb89a0>, '_data': {'accuracy': 0.9871612191200256, 'loss': 0.01240728609263897, 'total_samples': 2103, 'actual_attack': 1621, 'actual_normal': 482, 'predicted_attack': 1606, 'predicted_normal': 497, 'true_positives': 1600, 'true_negatives': 476, 'false_positives': 6, 'false_negatives': 21, 'precision': 0.9962640099626401, 'recall': 0.987045033929673, 'f1_score': 0.9916330957545707}}
[DEBUG _get_metrics] res_item[1].keys(): ['accuracy', 'loss', 'total_samples', 'actual_attack', 'actual_normal', 'predicted_attack', 'predicted_normal', 'true_positives', 'true_negatives', 'false_positives', 'false_negatives', 'precision', 'recall', 'f1_score']
[DEBUG _get_metrics] Extracted from ConfigRecord._data
[DEBUG _get_metrics] res_item[1] type: ConfigRecord
[DEBUG _get_metrics] res_item[1] has metrics attr: False
[DEBUG _get_metrics] res_item[1].__dict__: {'_check_key_fn': <function _check_key at 0x7059b63c8900>, '_check_value_fn': <function _check_value at 0x7059abbb89a0>, '_data': {'accuracy': 0.988112211227417, 'loss': 0.008770840242505074, 'total_samples': 2103, 'actual_attack': 1621, 'actual_normal': 482, 'predicted_attack': 1618, 'predicted_normal': 485, 'true_positives': 1607, 'true_negatives': 471, 'false_positives': 11, 'false_negatives': 14, 'precision': 0.9932014833127317, 'recall': 0.9913633559531153, 'f1_score': 0.992281568385304}}
[DEBUG _get_metrics] res_item[1].keys(): ['accuracy', 'loss', 'total_samples', 'actual_attack', 'actual_normal', 'predicted_attack', 'predicted_normal', 'true_positives', 'true_negatives', 'false_positives', 'false_negatives', 'precision', 'recall', 'f1_score']
[DEBUG _get_metrics] Extracted from ConfigRecord._data[92mINFO [0m:      
[92mINFO [0m:      [ROUND 86]
[92mINFO [0m:      configure_fit: strategy sampled 4 clients (out of 4)
[92mINFO [0m:      aggregate_fit: received 4 results and 0 failures
[92mINFO [0m:      configure_evaluate: strategy sampled 4 clients (out of 4)
[92mINFO [0m:      aggregate_evaluate: received 4 results and 0 failures
[92mINFO [0m:      
[92mINFO [0m:      [ROUND 87]
[92mINFO [0m:      configure_fit: strategy sampled 4 clients (out of 4)
[92mINFO [0m:      aggregate_fit: received 4 results and 0 failures
[92mINFO [0m:      configure_evaluate: strategy sampled 4 clients (out of 4)
[92mINFO [0m:      aggregate_evaluate: received 4 results and 0 failures

[DEBUG _get_metrics] res_item[1] type: ConfigRecord
[DEBUG _get_metrics] res_item[1] has metrics attr: False
[DEBUG _get_metrics] res_item[1].__dict__: {'_check_key_fn': <function _check_key at 0x7059b63c8900>, '_check_value_fn': <function _check_value at 0x7059abbb89a0>, '_data': {'accuracy': 0.9871612191200256, 'loss': 0.01240728609263897, 'total_samples': 2103, 'actual_attack': 1621, 'actual_normal': 482, 'predicted_attack': 1606, 'predicted_normal': 497, 'true_positives': 1600, 'true_negatives': 476, 'false_positives': 6, 'false_negatives': 21, 'precision': 0.9962640099626401, 'recall': 0.987045033929673, 'f1_score': 0.9916330957545707}}
[DEBUG _get_metrics] res_item[1].keys(): ['accuracy', 'loss', 'total_samples', 'actual_attack', 'actual_normal', 'predicted_attack', 'predicted_normal', 'true_positives', 'true_negatives', 'false_positives', 'false_negatives', 'precision', 'recall', 'f1_score']
[DEBUG _get_metrics] Extracted from ConfigRecord._data
[DEBUG] Extracted 4 metrics from results

[Evaluation Summary]
============================================================
Round: 85 / 100
Accuracy (mean):  0.9876  (98.76%)
Loss:             0.0106
[Per-Device Accuracy]
  - Device 0:  0.9881  (98.81%)
  - Device 1:  0.9872  (98.72%)
  - Device 2:  0.9881  (98.81%)
  - Device 3:  0.9872  (98.72%)

[Ground Truth]
  - Attack samples: 1621
  - Normal samples: 482
  - Total samples:  2103

[Predictions]
  - Predicted Attack:  1618
  - Predicted Normal:  485

[Confusion Matrix]
  - True Positives (TP):  1607
  - True Negatives (TN):  471
  - False Positives (FP): 11
  - False Negatives (FN): 14

[Metrics]
  - Precision:  0.9947  (99.47%)
  - Recall:     0.9892  (98.92%)
  - F1-Score:   0.9920  (99.20%)
============================================================

[DEBUG] evaluate_metrics_aggregation_fn called with 4 results
[DEBUG] results type: <class 'list'>
[DEBUG] First result type: <class 'tuple'>
[DEBUG] First result length: 2
[DEBUG] results[0][0] type: <class 'int'>
[DEBUG] results[0][1] type: <class 'flwr.app.message.configrecord.ConfigRecord'>
[DEBUG _get_metrics] res_item[1] type: ConfigRecord
[DEBUG _get_metrics] res_item[1] has metrics attr: False
[DEBUG _get_metrics] res_item[1].__dict__: {'_check_key_fn': <function _check_key at 0x7059b63c8900>, '_check_value_fn': <function _check_value at 0x7059abbb89a0>, '_data': {'accuracy': 0.988112211227417, 'loss': 0.008646132424473763, 'total_samples': 2103, 'actual_attack': 1621, 'actual_normal': 482, 'predicted_attack': 1618, 'predicted_normal': 485, 'true_positives': 1607, 'true_negatives': 471, 'false_positives': 11, 'false_negatives': 14, 'precision': 0.9932014833127317, 'recall': 0.9913633559531153, 'f1_score': 0.992281568385304}}
[DEBUG _get_metrics] res_item[1].keys(): ['accuracy', 'loss', 'total_samples', 'actual_attack', 'actual_normal', 'predicted_attack', 'predicted_normal', 'true_positives', 'true_negatives', 'false_positives', 'false_negatives', 'precision', 'recall', 'f1_score']
[DEBUG _get_metrics] Extracted from ConfigRecord._data
[DEBUG _get_metrics] res_item[1] type: ConfigRecord
[DEBUG _get_metrics] res_item[1] has metrics attr: False
[DEBUG _get_metrics] res_item[1].__dict__: {'_check_key_fn': <function _check_key at 0x7059b63c8900>, '_check_value_fn': <function _check_value at 0x7059abbb89a0>, '_data': {'accuracy': 0.9871612191200256, 'loss': 0.012291197665035725, 'total_samples': 2103, 'actual_attack': 1621, 'actual_normal': 482, 'predicted_attack': 1606, 'predicted_normal': 497, 'true_positives': 1600, 'true_negatives': 476, 'false_positives': 6, 'false_negatives': 21, 'precision': 0.9962640099626401, 'recall': 0.987045033929673, 'f1_score': 0.9916330957545707}}
[DEBUG _get_metrics] res_item[1].keys(): ['accuracy', 'loss', 'total_samples', 'actual_attack', 'actual_normal', 'predicted_attack', 'predicted_normal', 'true_positives', 'true_negatives', 'false_positives', 'false_negatives', 'precision', 'recall', 'f1_score']
[DEBUG _get_metrics] Extracted from ConfigRecord._data
[DEBUG _get_metrics] res_item[1] type: ConfigRecord
[DEBUG _get_metrics] res_item[1] has metrics attr: False
[DEBUG _get_metrics] res_item[1].__dict__: {'_check_key_fn': <function _check_key at 0x7059b63c8900>, '_check_value_fn': <function _check_value at 0x7059abbb89a0>, '_data': {'accuracy': 0.9871612191200256, 'loss': 0.012291197665035725, 'total_samples': 2103, 'actual_attack': 1621, 'actual_normal': 482, 'predicted_attack': 1606, 'predicted_normal': 497, 'true_positives': 1600, 'true_negatives': 476, 'false_positives': 6, 'false_negatives': 21, 'precision': 0.9962640099626401, 'recall': 0.987045033929673, 'f1_score': 0.9916330957545707}}
[DEBUG _get_metrics] res_item[1].keys(): ['accuracy', 'loss', 'total_samples', 'actual_attack', 'actual_normal', 'predicted_attack', 'predicted_normal', 'true_positives', 'true_negatives', 'false_positives', 'false_negatives', 'precision', 'recall', 'f1_score']
[DEBUG _get_metrics] Extracted from ConfigRecord._data
[DEBUG _get_metrics] res_item[1] type: ConfigRecord
[DEBUG _get_metrics] res_item[1] has metrics attr: False
[DEBUG _get_metrics] res_item[1].__dict__: {'_check_key_fn': <function _check_key at 0x7059b63c8900>, '_check_value_fn': <function _check_value at 0x7059abbb89a0>, '_data': {'accuracy': 0.988112211227417, 'loss': 0.008646132424473763, 'total_samples': 2103, 'actual_attack': 1621, 'actual_normal': 482, 'predicted_attack': 1618, 'predicted_normal': 485, 'true_positives': 1607, 'true_negatives': 471, 'false_positives': 11, 'false_negatives': 14, 'precision': 0.9932014833127317, 'recall': 0.9913633559531153, 'f1_score': 0.992281568385304}}
[DEBUG _get_metrics] res_item[1].keys(): ['accuracy', 'loss', 'total_samples', 'actual_attack', 'actual_normal', 'predicted_attack', 'predicted_normal', 'true_positives', 'true_negatives', 'false_positives', 'false_negatives', 'precision', 'recall', 'f1_score']
[DEBUG _get_metrics] Extracted from ConfigRecord._data
[DEBUG] Extracted 4 metrics from results

[Evaluation Summary]
============================================================
Round: 86 / 100
Accuracy (mean):  0.9876  (98.76%)
Loss:             0.0105
[Per-Device Accuracy]
  - Device 0:  0.9881  (98.81%)
  - Device 1:  0.9872  (98.72%)
  - Device 2:  0.9872  (98.72%)
  - Device 3:  0.9881  (98.81%)

[Ground Truth]
  - Attack samples: 1621
  - Normal samples: 482
  - Total samples:  2103

[Predictions]
  - Predicted Attack:  1618
  - Predicted Normal:  485

[Confusion Matrix]
  - True Positives (TP):  1607
  - True Negatives (TN):  471
  - False Positives (FP): 11
  - False Negatives (FN): 14

[Metrics]
  - Precision:  0.9947  (99.47%)
  - Recall:     0.9892  (98.92%)
  - F1-Score:   0.9920  (99.20%)
============================================================

[36m(ClientAppActor pid=745753)[0m [Client 2] Class weights (smoothed): {0: 1.0, 1: 1.0}[32m [repeated 16x across cluster][0m
[DEBUG] evaluate_metrics_aggregation_fn called with 4 results
[DEBUG] results type: <class 'list'>
[DEBUG] First result type: <class 'tuple'>
[DEBUG] First result length: 2
[DEBUG] results[0][0] type: <class 'int'>
[DEBUG] results[0][1] type: <class 'flwr.app.message.configrecord.ConfigRecord'>
[DEBUG _get_metrics] res_item[1] type: ConfigRecord
[DEBUG _get_metrics] res_item[1] has metrics attr: False
[DEBUG _get_metrics] res_item[1].__dict__: {'_check_key_fn': <function _check_key at 0x7059b63c8900>, '_check_value_fn': <function _check_value at 0x7059abbb89a0>, '_data': {'accuracy': 0.988112211227417, 'loss': 0.008574264124035835, 'total_samples': 2103, 'actual_attack': 1621, 'actual_normal': 482, 'predicted_attack': 1618, 'predicted_normal': 485, 'true_positives': 1607, 'true_negatives': 471, 'false_positives': 11, 'false_negatives': 14, 'precision': 0.9932014833127317, 'recall': 0.9913633559531153, 'f1_score': 0.992281568385304}}
[DEBUG _get_metrics] res_item[1].keys(): ['accuracy', 'loss', 'total_samples', 'actual_attack', 'actual_normal', 'predicted_attack', 'predicted_normal', 'true_positives', 'true_negatives', 'false_positives', 'false_negatives', 'precision', 'recall', 'f1_score']
[DEBUG _get_metrics] Extracted from ConfigRecord._data
[DEBUG _get_metrics] res_item[1] type: ConfigRecord[92mINFO [0m:      
[92mINFO [0m:      [ROUND 88]
[92mINFO [0m:      configure_fit: strategy sampled 4 clients (out of 4)
[92mINFO [0m:      aggregate_fit: received 4 results and 0 failures
[92mINFO [0m:      configure_evaluate: strategy sampled 4 clients (out of 4)
[92mINFO [0m:      aggregate_evaluate: received 4 results and 0 failures

[DEBUG _get_metrics] res_item[1] has metrics attr: False
[DEBUG _get_metrics] res_item[1].__dict__: {'_check_key_fn': <function _check_key at 0x7059b63c8900>, '_check_value_fn': <function _check_value at 0x7059abbb89a0>, '_data': {'accuracy': 0.988112211227417, 'loss': 0.008574264124035835, 'total_samples': 2103, 'actual_attack': 1621, 'actual_normal': 482, 'predicted_attack': 1618, 'predicted_normal': 485, 'true_positives': 1607, 'true_negatives': 471, 'false_positives': 11, 'false_negatives': 14, 'precision': 0.9932014833127317, 'recall': 0.9913633559531153, 'f1_score': 0.992281568385304}}
[DEBUG _get_metrics] res_item[1].keys(): ['accuracy', 'loss', 'total_samples', 'actual_attack', 'actual_normal', 'predicted_attack', 'predicted_normal', 'true_positives', 'true_negatives', 'false_positives', 'false_negatives', 'precision', 'recall', 'f1_score']
[DEBUG _get_metrics] Extracted from ConfigRecord._data
[DEBUG _get_metrics] res_item[1] type: ConfigRecord
[DEBUG _get_metrics] res_item[1] has metrics attr: False
[DEBUG _get_metrics] res_item[1].__dict__: {'_check_key_fn': <function _check_key at 0x7059b63c8900>, '_check_value_fn': <function _check_value at 0x7059abbb89a0>, '_data': {'accuracy': 0.9871612191200256, 'loss': 0.01223610807210207, 'total_samples': 2103, 'actual_attack': 1621, 'actual_normal': 482, 'predicted_attack': 1606, 'predicted_normal': 497, 'true_positives': 1600, 'true_negatives': 476, 'false_positives': 6, 'false_negatives': 21, 'precision': 0.9962640099626401, 'recall': 0.987045033929673, 'f1_score': 0.9916330957545707}}
[DEBUG _get_metrics] res_item[1].keys(): ['accuracy', 'loss', 'total_samples', 'actual_attack', 'actual_normal', 'predicted_attack', 'predicted_normal', 'true_positives', 'true_negatives', 'false_positives', 'false_negatives', 'precision', 'recall', 'f1_score']
[DEBUG _get_metrics] Extracted from ConfigRecord._data
[DEBUG _get_metrics] res_item[1] type: ConfigRecord
[DEBUG _get_metrics] res_item[1] has metrics attr: False
[DEBUG _get_metrics] res_item[1].__dict__: {'_check_key_fn': <function _check_key at 0x7059b63c8900>, '_check_value_fn': <function _check_value at 0x7059abbb89a0>, '_data': {'accuracy': 0.9871612191200256, 'loss': 0.01223610807210207, 'total_samples': 2103, 'actual_attack': 1621, 'actual_normal': 482, 'predicted_attack': 1606, 'predicted_normal': 497, 'true_positives': 1600, 'true_negatives': 476, 'false_positives': 6, 'false_negatives': 21, 'precision': 0.9962640099626401, 'recall': 0.987045033929673, 'f1_score': 0.9916330957545707}}
[DEBUG _get_metrics] res_item[1].keys(): ['accuracy', 'loss', 'total_samples', 'actual_attack', 'actual_normal', 'predicted_attack', 'predicted_normal', 'true_positives', 'true_negatives', 'false_positives', 'false_negatives', 'precision', 'recall', 'f1_score']
[DEBUG _get_metrics] Extracted from ConfigRecord._data
[DEBUG] Extracted 4 metrics from results

[Evaluation Summary]
============================================================
Round: 87 / 100
Accuracy (mean):  0.9876  (98.76%)
Loss:             0.0104
[Per-Device Accuracy]
  - Device 0:  0.9881  (98.81%)
  - Device 1:  0.9881  (98.81%)
  - Device 2:  0.9872  (98.72%)
  - Device 3:  0.9872  (98.72%)

[Ground Truth]
  - Attack samples: 1621
  - Normal samples: 482
  - Total samples:  2103

[Predictions]
  - Predicted Attack:  1618
  - Predicted Normal:  485

[Confusion Matrix]
  - True Positives (TP):  1607
  - True Negatives (TN):  471
  - False Positives (FP): 11
  - False Negatives (FN): 14

[Metrics]
  - Precision:  0.9947  (99.47%)
  - Recall:     0.9892  (98.92%)
  - F1-Score:   0.9920  (99.20%)
============================================================

[DEBUG] evaluate_metrics_aggregation_fn called with 4 results
[DEBUG] results type: <class 'list'>
[DEBUG] First result type: <class 'tuple'>
[DEBUG] First result length: 2
[DEBUG] results[0][0] type: <class 'int'>
[DEBUG] results[0][1] type: <class 'flwr.app.message.configrecord.ConfigRecord'>
[DEBUG _get_metrics] res_item[1] type: ConfigRecord
[DEBUG _get_metrics] res_item[1] has metrics attr: False
[DEBUG _get_metrics] res_item[1].__dict__: {'_check_key_fn': <function _check_key at 0x7059b63c8900>, '_check_value_fn': <function _check_value at 0x7059abbb89a0>, '_data': {'accuracy': 0.9876366853713989, 'loss': 0.008648757822811604, 'total_samples': 2103, 'actual_attack': 1621, 'actual_normal': 482, 'predicted_attack': 1617, 'predicted_normal': 486, 'true_positives': 1606, 'true_negatives': 471, 'false_positives': 11, 'false_negatives': 15, 'precision': 0.9931972789115646, 'recall': 0.9907464528069093, 'f1_score': 0.9919703520691785}}
[DEBUG _get_metrics] res_item[1].keys(): ['accuracy', 'loss', 'total_samples', 'actual_attack', 'actual_normal', 'predicted_attack', 'predicted_normal', 'true_positives', 'true_negatives', 'false_positives', 'false_negatives', 'precision', 'recall', 'f1_score']
[DEBUG _get_metrics] Extracted from ConfigRecord._data
[DEBUG _get_metrics] res_item[1] type: ConfigRecord
[DEBUG _get_metrics] res_item[1] has metrics attr: False
[DEBUG _get_metrics] res_item[1].__dict__: {'_check_key_fn': <function _check_key at 0x7059b63c8900>, '_check_value_fn': <function _check_value at 0x7059abbb89a0>, '_data': {'accuracy': 0.9871612191200256, 'loss': 0.01230929046869278, 'total_samples': 2103, 'actual_attack': 1621, 'actual_normal': 482, 'predicted_attack': 1606, 'predicted_normal': 497, 'true_positives': 1600, 'true_negatives': 476, 'false_positives': 6, 'false_negatives': 21, 'precision': 0.9962640099626401, 'recall': 0.987045033929673, 'f1_score': 0.9916330957545707}}
[DEBUG _get_metrics] res_item[1].keys(): ['accuracy', 'loss', 'total_samples', 'actual_attack', 'actual_normal', 'predicted_attack', 'predicted_normal', 'true_positives', 'true_negatives', 'false_positives', 'false_negatives', 'precision', 'recall', 'f1_score']
[DEBUG _get_metrics] Extracted from ConfigRecord._data
[DEBUG _get_metrics] res_item[1] type: ConfigRecord
[DEBUG _get_metrics] res_item[1] has metrics attr: False
[DEBUG _get_metrics] res_item[1].__dict__: {'_check_key_fn': <function _check_key at 0x7059b63c8900>, '_check_value_fn': <function _check_value at 0x7059abbb89a0>, '_data': {'accuracy': 0.9871612191200256, 'loss': 0.01230929046869278, 'total_samples': 2103, 'actual_attack': 1621, 'actual_normal': 482, 'predicted_attack': 1606, 'predicted_normal': 497, 'true_positives': 1600, 'true_negatives': 476, 'false_positives': 6, 'false_negatives': 21, 'precision': 0.9962640099626401, 'recall': 0.987045033929673, 'f1_score': 0.9916330957545707}}
[DEBUG _get_metrics] res_item[1].keys(): ['accuracy', 'loss', 'total_samples', 'actual_attack', 'actual_normal', 'predicted_attack', 'predicted_normal', 'true_positives', 'true_negatives', 'false_positives', 'false_negatives', 'precision', 'recall', 'f1_score']
[DEBUG _get_metrics] Extracted from ConfigRecord._data
[DEBUG _get_metrics] res_item[1] type: ConfigRecord
[DEBUG _get_metrics] res_item[1] has metrics attr: False
[DEBUG _get_metrics] res_item[1].__dict__: {'_check_key_fn': <function _check_key at 0x7059b63c8900>, '_check_value_fn': <function _check_value at 0x7059abbb89a0>, '_data': {'accuracy': 0.9876366853713989, 'loss': 0.008648757822811604, 'total_samples': 2103, 'actual_attack': 1621, 'actual_normal': 482, 'predicted_attack': 1617, 'predicted_normal': 486, 'true_positives': 1606, 'true_negatives': 471, 'false_positives': 11, 'false_negatives': 15, 'precision': 0.9931972789115646, 'recall': 0.9907464528069093, 'f1_score': 0.9919703520691785}}
[DEBUG _get_metrics] res_item[1].keys(): ['accuracy', 'loss', 'total_samples', 'actual_attack', 'actual_normal', 'predicted_attack', 'predicted_normal', 'true_positives', 'true_negatives', 'false_positives', 'false_negatives', 'precision', 'recall', 'f1_score']
[DEBUG _get_metrics] Extracted from ConfigRecord._data
[DEBUG] Extracted 4 metrics from results

[Evaluation Summary]
============================================================
Round: 88 / 100
Accuracy (mean):  0.9874  (98.74%)
Loss:             0.0105
[Per-Device Accuracy]
  - Device 0:  0.9876  (98.76%)
  - Device 1:  0.9872  (98.72%)
  - Device 2:  0.9872  (98.72%)
  - Device 3:  0.9876  (98.76%)
[92mINFO [0m:      
[92mINFO [0m:      [ROUND 89]
[92mINFO [0m:      configure_fit: strategy sampled 4 clients (out of 4)
[92mINFO [0m:      aggregate_fit: received 4 results and 0 failures
[92mINFO [0m:      configure_evaluate: strategy sampled 4 clients (out of 4)
[92mINFO [0m:      aggregate_evaluate: received 4 results and 0 failures
[92mINFO [0m:      
[92mINFO [0m:      [ROUND 90]
[92mINFO [0m:      configure_fit: strategy sampled 4 clients (out of 4)
[92mINFO [0m:      aggregate_fit: received 4 results and 0 failures
[92mINFO [0m:      configure_evaluate: strategy sampled 4 clients (out of 4)
[92mINFO [0m:      aggregate_evaluate: received 4 results and 0 failures

[Ground Truth]
  - Attack samples: 1621
  - Normal samples: 482
  - Total samples:  2103

[Predictions]
  - Predicted Attack:  1617
  - Predicted Normal:  486

[Confusion Matrix]
  - True Positives (TP):  1606
  - True Negatives (TN):  471
  - False Positives (FP): 11
  - False Negatives (FN): 15

[Metrics]
  - Precision:  0.9947  (99.47%)
  - Recall:     0.9889  (98.89%)
  - F1-Score:   0.9918  (99.18%)
============================================================

[36m(ClientAppActor pid=745753)[0m [Client 2] Class weights (smoothed): {0: 1.0, 1: 1.0}[32m [repeated 16x across cluster][0m
[DEBUG] evaluate_metrics_aggregation_fn called with 4 results
[DEBUG] results type: <class 'list'>
[DEBUG] First result type: <class 'tuple'>
[DEBUG] First result length: 2
[DEBUG] results[0][0] type: <class 'int'>
[DEBUG] results[0][1] type: <class 'flwr.app.message.configrecord.ConfigRecord'>
[DEBUG _get_metrics] res_item[1] type: ConfigRecord
[DEBUG _get_metrics] res_item[1] has metrics attr: False
[DEBUG _get_metrics] res_item[1].__dict__: {'_check_key_fn': <function _check_key at 0x7059b63c8900>, '_check_value_fn': <function _check_value at 0x7059abbb89a0>, '_data': {'accuracy': 0.9866856932640076, 'loss': 0.012208150699734688, 'total_samples': 2103, 'actual_attack': 1621, 'actual_normal': 482, 'predicted_attack': 1605, 'predicted_normal': 498, 'true_positives': 1599, 'true_negatives': 476, 'false_positives': 6, 'false_negatives': 22, 'precision': 0.9962616822429906, 'recall': 0.986428130783467, 'f1_score': 0.9913205207687539}}
[DEBUG _get_metrics] res_item[1].keys(): ['accuracy', 'loss', 'total_samples', 'actual_attack', 'actual_normal', 'predicted_attack', 'predicted_normal', 'true_positives', 'true_negatives', 'false_positives', 'false_negatives', 'precision', 'recall', 'f1_score']
[DEBUG _get_metrics] Extracted from ConfigRecord._data
[DEBUG _get_metrics] res_item[1] type: ConfigRecord
[DEBUG _get_metrics] res_item[1] has metrics attr: False
[DEBUG _get_metrics] res_item[1].__dict__: {'_check_key_fn': <function _check_key at 0x7059b63c8900>, '_check_value_fn': <function _check_value at 0x7059abbb89a0>, '_data': {'accuracy': 0.9876366853713989, 'loss': 0.00852923933416605, 'total_samples': 2103, 'actual_attack': 1621, 'actual_normal': 482, 'predicted_attack': 1617, 'predicted_normal': 486, 'true_positives': 1606, 'true_negatives': 471, 'false_positives': 11, 'false_negatives': 15, 'precision': 0.9931972789115646, 'recall': 0.9907464528069093, 'f1_score': 0.9919703520691785}}
[DEBUG _get_metrics] res_item[1].keys(): ['accuracy', 'loss', 'total_samples', 'actual_attack', 'actual_normal', 'predicted_attack', 'predicted_normal', 'true_positives', 'true_negatives', 'false_positives', 'false_negatives', 'precision', 'recall', 'f1_score']
[DEBUG _get_metrics] Extracted from ConfigRecord._data
[DEBUG _get_metrics] res_item[1] type: ConfigRecord
[DEBUG _get_metrics] res_item[1] has metrics attr: False
[DEBUG _get_metrics] res_item[1].__dict__: {'_check_key_fn': <function _check_key at 0x7059b63c8900>, '_check_value_fn': <function _check_value at 0x7059abbb89a0>, '_data': {'accuracy': 0.9866856932640076, 'loss': 0.012208150699734688, 'total_samples': 2103, 'actual_attack': 1621, 'actual_normal': 482, 'predicted_attack': 1605, 'predicted_normal': 498, 'true_positives': 1599, 'true_negatives': 476, 'false_positives': 6, 'false_negatives': 22, 'precision': 0.9962616822429906, 'recall': 0.986428130783467, 'f1_score': 0.9913205207687539}}
[DEBUG _get_metrics] res_item[1].keys(): ['accuracy', 'loss', 'total_samples', 'actual_attack', 'actual_normal', 'predicted_attack', 'predicted_normal', 'true_positives', 'true_negatives', 'false_positives', 'false_negatives', 'precision', 'recall', 'f1_score']
[DEBUG _get_metrics] Extracted from ConfigRecord._data
[DEBUG _get_metrics] res_item[1] type: ConfigRecord
[DEBUG _get_metrics] res_item[1] has metrics attr: False
[DEBUG _get_metrics] res_item[1].__dict__: {'_check_key_fn': <function _check_key at 0x7059b63c8900>, '_check_value_fn': <function _check_value at 0x7059abbb89a0>, '_data': {'accuracy': 0.9876366853713989, 'loss': 0.00852923933416605, 'total_samples': 2103, 'actual_attack': 1621, 'actual_normal': 482, 'predicted_attack': 1617, 'predicted_normal': 486, 'true_positives': 1606, 'true_negatives': 471, 'false_positives': 11, 'false_negatives': 15, 'precision': 0.9931972789115646, 'recall': 0.9907464528069093, 'f1_score': 0.9919703520691785}}
[DEBUG _get_metrics] res_item[1].keys(): ['accuracy', 'loss', 'total_samples', 'actual_attack', 'actual_normal', 'predicted_attack', 'predicted_normal', 'true_positives', 'true_negatives', 'false_positives', 'false_negatives', 'precision', 'recall', 'f1_score']
[DEBUG _get_metrics] Extracted from ConfigRecord._data
[DEBUG] Extracted 4 metrics from results

[Evaluation Summary]
============================================================
Round: 89 / 100
Accuracy (mean):  0.9872  (98.72%)
Loss:             0.0104
[Per-Device Accuracy]
  - Device 0:  0.9867  (98.67%)
  - Device 1:  0.9876  (98.76%)
  - Device 2:  0.9867  (98.67%)
  - Device 3:  0.9876  (98.76%)

[Ground Truth]
  - Attack samples: 1621
  - Normal samples: 482
  - Total samples:  2103

[Predictions]
  - Predicted Attack:  1605
  - Predicted Normal:  498

[Confusion Matrix]
  - True Positives (TP):  1599
  - True Negatives (TN):  476
  - False Positives (FP): 6
  - False Negatives (FN): 22

[Metrics]
  - Precision:  0.9947  (99.47%)
  - Recall:     0.9886  (98.86%)
  - F1-Score:   0.9916  (99.16%)
============================================================

[Round 90] Client contributions:
  Client samples: 29,184 (weight: 0.2500)
  Client samples: 29,184 (weight: 0.2500)
  Client samples: 29,186 (weight: 0.2500)
  Client samples: 29,186 (weight: 0.2500)
[DEBUG] evaluate_metrics_aggregation_fn called with 4 results
[DEBUG] results type: <class 'list'>
[DEBUG] First result type: <class 'tuple'>
[DEBUG] First result length: 2
[DEBUG] results[0][0] type: <class 'int'>
[DEBUG] results[0][1] type: <class 'flwr.app.message.configrecord.ConfigRecord'>
[DEBUG _get_metrics] res_item[1] type: ConfigRecord
[DEBUG _get_metrics] res_item[1] has metrics attr: False
[DEBUG _get_metrics] res_item[1].__dict__: {'_check_key_fn': <function _check_key at 0x7059b63c8900>, '_check_value_fn': <function _check_value at 0x7059abbb89a0>, '_data': {'accuracy': 0.9866856932640076, 'loss': 0.012152782641351223, 'total_samples': 2103, 'actual_attack': 1621, 'actual_normal': 482, 'predicted_attack': 1605, 'predicted_normal': 498, 'true_positives': 1599, 'true_negatives': 476, 'false_positives': 6, 'false_negatives': 22, 'precision': 0.9962616822429906, 'recall': 0.986428130783467, 'f1_score': 0.9913205207687539}}
[DEBUG _get_metrics] res_item[1].keys(): ['accuracy', 'loss', 'total_samples', 'actual_attack', 'actual_normal', 'predicted_attack', 'predicted_normal', 'true_positives', 'true_negatives', 'false_positives', 'false_negatives', 'precision', 'recall', 'f1_score']
[DEBUG _get_metrics] Extracted from ConfigRecord._data
[DEBUG _get_metrics] res_item[1] type: ConfigRecord
[DEBUG _get_metrics] res_item[1] has metrics attr: False
[DEBUG _get_metrics] res_item[1].__dict__: {'_check_key_fn': <function _check_key at 0x7059b63c8900>, '_check_value_fn': <function _check_value at 0x7059abbb89a0>, '_data': {'accuracy': 0.9876366853713989, 'loss': 0.008467630483210087, 'total_samples': 2103, 'actual_attack': 1621, 'actual_normal': 482, 'predicted_attack': 1617, 'predicted_normal': 486, 'true_positives': 1606, 'true_negatives': 471, 'false_positives': 11, 'false_negatives': 15, 'precision': 0.9931972789115646, 'recall': 0.9907464528069093, 'f1_score': 0.9919703520691785}}
[DEBUG _get_metrics] res_item[1].keys(): ['accuracy', 'loss', 'total_samples', 'actual_attack', 'actual_normal', 'predicted_attack', 'predicted_normal', 'true_positives', 'true_negatives', 'false_positives', 'false_negatives', 'precision', 'recall', 'f1_score']
[DEBUG _get_metrics] Extracted from ConfigRecord._data
[DEBUG _get_metrics] res_item[1] type: ConfigRecord
[DEBUG _get_metrics] res_item[1] has metrics attr: False
[DEBUG _get_metrics] res_item[1].__dict__: {'_check_key_fn': <function _check_key at 0x7059b63c8900>, '_check_value_fn': <function _check_value at 0x7059abbb89a0>, '_data': {'accuracy': 0.9866856932640076, 'loss': 0.012152782641351223, 'total_samples': 2103, 'actual_attack': 1621, 'actual_normal': 482, 'predicted_attack': 1605, 'predicted_normal': 498, 'true_positives': 1599, 'true_negatives': 476, 'false_positives': 6, 'false_negatives': 22, 'precision': 0.9962616822429906, 'recall': 0.986428130783467, 'f1_score': 0.9913205207687539}}[92mINFO [0m:      
[92mINFO [0m:      [ROUND 91]
[92mINFO [0m:      configure_fit: strategy sampled 4 clients (out of 4)
[92mINFO [0m:      aggregate_fit: received 4 results and 0 failures
[92mINFO [0m:      configure_evaluate: strategy sampled 4 clients (out of 4)
[92mINFO [0m:      aggregate_evaluate: received 4 results and 0 failures
[92mINFO [0m:      
[92mINFO [0m:      [ROUND 92]
[92mINFO [0m:      configure_fit: strategy sampled 4 clients (out of 4)
[92mINFO [0m:      aggregate_fit: received 4 results and 0 failures
[92mINFO [0m:      configure_evaluate: strategy sampled 4 clients (out of 4)
[92mINFO [0m:      aggregate_evaluate: received 4 results and 0 failures

[DEBUG _get_metrics] res_item[1].keys(): ['accuracy', 'loss', 'total_samples', 'actual_attack', 'actual_normal', 'predicted_attack', 'predicted_normal', 'true_positives', 'true_negatives', 'false_positives', 'false_negatives', 'precision', 'recall', 'f1_score']
[DEBUG _get_metrics] Extracted from ConfigRecord._data
[DEBUG _get_metrics] res_item[1] type: ConfigRecord
[DEBUG _get_metrics] res_item[1] has metrics attr: False
[DEBUG _get_metrics] res_item[1].__dict__: {'_check_key_fn': <function _check_key at 0x7059b63c8900>, '_check_value_fn': <function _check_value at 0x7059abbb89a0>, '_data': {'accuracy': 0.9876366853713989, 'loss': 0.008467630483210087, 'total_samples': 2103, 'actual_attack': 1621, 'actual_normal': 482, 'predicted_attack': 1617, 'predicted_normal': 486, 'true_positives': 1606, 'true_negatives': 471, 'false_positives': 11, 'false_negatives': 15, 'precision': 0.9931972789115646, 'recall': 0.9907464528069093, 'f1_score': 0.9919703520691785}}
[DEBUG _get_metrics] res_item[1].keys(): ['accuracy', 'loss', 'total_samples', 'actual_attack', 'actual_normal', 'predicted_attack', 'predicted_normal', 'true_positives', 'true_negatives', 'false_positives', 'false_negatives', 'precision', 'recall', 'f1_score']
[DEBUG _get_metrics] Extracted from ConfigRecord._data
[DEBUG] Extracted 4 metrics from results

[Evaluation Summary]
============================================================
Round: 90 / 100
Accuracy (mean):  0.9872  (98.72%)
Loss:             0.0103
[Per-Device Accuracy]
  - Device 0:  0.9867  (98.67%)
  - Device 1:  0.9876  (98.76%)
  - Device 2:  0.9867  (98.67%)
  - Device 3:  0.9876  (98.76%)

[Ground Truth]
  - Attack samples: 1621
  - Normal samples: 482
  - Total samples:  2103

[Predictions]
  - Predicted Attack:  1605
  - Predicted Normal:  498

[Confusion Matrix]
  - True Positives (TP):  1599
  - True Negatives (TN):  476
  - False Positives (FP): 6
  - False Negatives (FN): 22

[Metrics]
  - Precision:  0.9947  (99.47%)
  - Recall:     0.9886  (98.86%)
  - F1-Score:   0.9916  (99.16%)
============================================================

[36m(ClientAppActor pid=745753)[0m [Client 2] Class weights (smoothed): {0: 1.0, 1: 1.0}[32m [repeated 16x across cluster][0m
[DEBUG] evaluate_metrics_aggregation_fn called with 4 results
[DEBUG] results type: <class 'list'>
[DEBUG] First result type: <class 'tuple'>
[DEBUG] First result length: 2
[DEBUG] results[0][0] type: <class 'int'>
[DEBUG] results[0][1] type: <class 'flwr.app.message.configrecord.ConfigRecord'>
[DEBUG _get_metrics] res_item[1] type: ConfigRecord
[DEBUG _get_metrics] res_item[1] has metrics attr: False
[DEBUG _get_metrics] res_item[1].__dict__: {'_check_key_fn': <function _check_key at 0x7059b63c8900>, '_check_value_fn': <function _check_value at 0x7059abbb89a0>, '_data': {'accuracy': 0.9876366853713989, 'loss': 0.008436240255832672, 'total_samples': 2103, 'actual_attack': 1621, 'actual_normal': 482, 'predicted_attack': 1617, 'predicted_normal': 486, 'true_positives': 1606, 'true_negatives': 471, 'false_positives': 11, 'false_negatives': 15, 'precision': 0.9931972789115646, 'recall': 0.9907464528069093, 'f1_score': 0.9919703520691785}}
[DEBUG _get_metrics] res_item[1].keys(): ['accuracy', 'loss', 'total_samples', 'actual_attack', 'actual_normal', 'predicted_attack', 'predicted_normal', 'true_positives', 'true_negatives', 'false_positives', 'false_negatives', 'precision', 'recall', 'f1_score']
[DEBUG _get_metrics] Extracted from ConfigRecord._data
[DEBUG _get_metrics] res_item[1] type: ConfigRecord
[DEBUG _get_metrics] res_item[1] has metrics attr: False
[DEBUG _get_metrics] res_item[1].__dict__: {'_check_key_fn': <function _check_key at 0x7059b63c8900>, '_check_value_fn': <function _check_value at 0x7059abbb89a0>, '_data': {'accuracy': 0.9857346415519714, 'loss': 0.012115303426980972, 'total_samples': 2103, 'actual_attack': 1621, 'actual_normal': 482, 'predicted_attack': 1603, 'predicted_normal': 500, 'true_positives': 1597, 'true_negatives': 476, 'false_positives': 6, 'false_negatives': 24, 'precision': 0.9962570180910792, 'recall': 0.9851943244910549, 'f1_score': 0.9906947890818859}}
[DEBUG _get_metrics] res_item[1].keys(): ['accuracy', 'loss', 'total_samples', 'actual_attack', 'actual_normal', 'predicted_attack', 'predicted_normal', 'true_positives', 'true_negatives', 'false_positives', 'false_negatives', 'precision', 'recall', 'f1_score']
[DEBUG _get_metrics] Extracted from ConfigRecord._data
[DEBUG _get_metrics] res_item[1] type: ConfigRecord
[DEBUG _get_metrics] res_item[1] has metrics attr: False
[DEBUG _get_metrics] res_item[1].__dict__: {'_check_key_fn': <function _check_key at 0x7059b63c8900>, '_check_value_fn': <function _check_value at 0x7059abbb89a0>, '_data': {'accuracy': 0.9876366853713989, 'loss': 0.008436240255832672, 'total_samples': 2103, 'actual_attack': 1621, 'actual_normal': 482, 'predicted_attack': 1617, 'predicted_normal': 486, 'true_positives': 1606, 'true_negatives': 471, 'false_positives': 11, 'false_negatives': 15, 'precision': 0.9931972789115646, 'recall': 0.9907464528069093, 'f1_score': 0.9919703520691785}}
[DEBUG _get_metrics] res_item[1].keys(): ['accuracy', 'loss', 'total_samples', 'actual_attack', 'actual_normal', 'predicted_attack', 'predicted_normal', 'true_positives', 'true_negatives', 'false_positives', 'false_negatives', 'precision', 'recall', 'f1_score']
[DEBUG _get_metrics] Extracted from ConfigRecord._data
[DEBUG _get_metrics] res_item[1] type: ConfigRecord
[DEBUG _get_metrics] res_item[1] has metrics attr: False
[DEBUG _get_metrics] res_item[1].__dict__: {'_check_key_fn': <function _check_key at 0x7059b63c8900>, '_check_value_fn': <function _check_value at 0x7059abbb89a0>, '_data': {'accuracy': 0.9857346415519714, 'loss': 0.012115303426980972, 'total_samples': 2103, 'actual_attack': 1621, 'actual_normal': 482, 'predicted_attack': 1603, 'predicted_normal': 500, 'true_positives': 1597, 'true_negatives': 476, 'false_positives': 6, 'false_negatives': 24, 'precision': 0.9962570180910792, 'recall': 0.9851943244910549, 'f1_score': 0.9906947890818859}}
[DEBUG _get_metrics] res_item[1].keys(): ['accuracy', 'loss', 'total_samples', 'actual_attack', 'actual_normal', 'predicted_attack', 'predicted_normal', 'true_positives', 'true_negatives', 'false_positives', 'false_negatives', 'precision', 'recall', 'f1_score']
[DEBUG _get_metrics] Extracted from ConfigRecord._data
[DEBUG] Extracted 4 metrics from results

[Evaluation Summary]
============================================================
Round: 91 / 100
Accuracy (mean):  0.9867  (98.67%)
Loss:             0.0103
[Per-Device Accuracy]
  - Device 0:  0.9876  (98.76%)
  - Device 1:  0.9857  (98.57%)
  - Device 2:  0.9876  (98.76%)
  - Device 3:  0.9857  (98.57%)

[Ground Truth]
  - Attack samples: 1621
  - Normal samples: 482
  - Total samples:  2103

[Predictions]
  - Predicted Attack:  1617
  - Predicted Normal:  486

[Confusion Matrix]
  - True Positives (TP):  1606
  - True Negatives (TN):  471
  - False Positives (FP): 11
  - False Negatives (FN): 15

[Metrics]
  - Precision:  0.9947  (99.47%)
  - Recall:     0.9880  (98.80%)
  - F1-Score:   0.9913  (99.13%)
============================================================

[DEBUG] evaluate_metrics_aggregation_fn called with 4 results
[DEBUG] results type: <class 'list'>
[DEBUG] First result type: <class 'tuple'>
[DEBUG] First result length: 2
[DEBUG] results[0][0] type: <class 'int'>
[DEBUG] results[0][1] type: <class 'flwr.app.message.configrecord.ConfigRecord'>
[DEBUG _get_metrics] res_item[1] type: ConfigRecord
[DEBUG _get_metrics] res_item[1] has metrics attr: False
[DEBUG _get_metrics] res_item[1].__dict__: {'_check_key_fn': <function _check_key at 0x7059b63c8900>, '_check_value_fn': <function _check_value at 0x7059abbb89a0>, '_data': {'accuracy': 0.9866856932640076, 'loss': 0.012104883790016174, 'total_samples': 2103, 'actual_attack': 1621, 'actual_normal': 482, 'predicted_attack': 1605, 'predicted_normal': 498, 'true_positives': 1599, 'true_negatives': 476, 'false_positives': 6, 'false_negatives': 22, 'precision': 0.9962616822429906, 'recall': 0.986428130783467, 'f1_score': 0.9913205207687539}}
[DEBUG _get_metrics] res_item[1].keys(): ['accuracy', 'loss', 'total_samples', 'actual_attack', 'actual_normal', 'predicted_attack', 'predicted_normal', 'true_positives', 'true_negatives', 'false_positives', 'false_negatives', 'precision', 'recall', 'f1_score'][92mINFO [0m:      
[92mINFO [0m:      [ROUND 93]
[92mINFO [0m:      configure_fit: strategy sampled 4 clients (out of 4)
[92mINFO [0m:      aggregate_fit: received 4 results and 0 failures
[92mINFO [0m:      configure_evaluate: strategy sampled 4 clients (out of 4)
[92mINFO [0m:      aggregate_evaluate: received 4 results and 0 failures

[DEBUG _get_metrics] Extracted from ConfigRecord._data
[DEBUG _get_metrics] res_item[1] type: ConfigRecord
[DEBUG _get_metrics] res_item[1] has metrics attr: False
[DEBUG _get_metrics] res_item[1].__dict__: {'_check_key_fn': <function _check_key at 0x7059b63c8900>, '_check_value_fn': <function _check_value at 0x7059abbb89a0>, '_data': {'accuracy': 0.988112211227417, 'loss': 0.008448868058621883, 'total_samples': 2103, 'actual_attack': 1621, 'actual_normal': 482, 'predicted_attack': 1616, 'predicted_normal': 487, 'true_positives': 1606, 'true_negatives': 472, 'false_positives': 10, 'false_negatives': 15, 'precision': 0.9938118811881188, 'recall': 0.9907464528069093, 'f1_score': 0.9922767995057152}}
[DEBUG _get_metrics] res_item[1].keys(): ['accuracy', 'loss', 'total_samples', 'actual_attack', 'actual_normal', 'predicted_attack', 'predicted_normal', 'true_positives', 'true_negatives', 'false_positives', 'false_negatives', 'precision', 'recall', 'f1_score']
[DEBUG _get_metrics] Extracted from ConfigRecord._data
[DEBUG _get_metrics] res_item[1] type: ConfigRecord
[DEBUG _get_metrics] res_item[1] has metrics attr: False
[DEBUG _get_metrics] res_item[1].__dict__: {'_check_key_fn': <function _check_key at 0x7059b63c8900>, '_check_value_fn': <function _check_value at 0x7059abbb89a0>, '_data': {'accuracy': 0.988112211227417, 'loss': 0.008448868058621883, 'total_samples': 2103, 'actual_attack': 1621, 'actual_normal': 482, 'predicted_attack': 1616, 'predicted_normal': 487, 'true_positives': 1606, 'true_negatives': 472, 'false_positives': 10, 'false_negatives': 15, 'precision': 0.9938118811881188, 'recall': 0.9907464528069093, 'f1_score': 0.9922767995057152}}
[DEBUG _get_metrics] res_item[1].keys(): ['accuracy', 'loss', 'total_samples', 'actual_attack', 'actual_normal', 'predicted_attack', 'predicted_normal', 'true_positives', 'true_negatives', 'false_positives', 'false_negatives', 'precision', 'recall', 'f1_score']
[DEBUG _get_metrics] Extracted from ConfigRecord._data
[DEBUG _get_metrics] res_item[1] type: ConfigRecord
[DEBUG _get_metrics] res_item[1] has metrics attr: False
[DEBUG _get_metrics] res_item[1].__dict__: {'_check_key_fn': <function _check_key at 0x7059b63c8900>, '_check_value_fn': <function _check_value at 0x7059abbb89a0>, '_data': {'accuracy': 0.9866856932640076, 'loss': 0.012104883790016174, 'total_samples': 2103, 'actual_attack': 1621, 'actual_normal': 482, 'predicted_attack': 1605, 'predicted_normal': 498, 'true_positives': 1599, 'true_negatives': 476, 'false_positives': 6, 'false_negatives': 22, 'precision': 0.9962616822429906, 'recall': 0.986428130783467, 'f1_score': 0.9913205207687539}}
[DEBUG _get_metrics] res_item[1].keys(): ['accuracy', 'loss', 'total_samples', 'actual_attack', 'actual_normal', 'predicted_attack', 'predicted_normal', 'true_positives', 'true_negatives', 'false_positives', 'false_negatives', 'precision', 'recall', 'f1_score']
[DEBUG _get_metrics] Extracted from ConfigRecord._data
[DEBUG] Extracted 4 metrics from results

[Evaluation Summary]
============================================================
Round: 92 / 100
Accuracy (mean):  0.9874  (98.74%)
Loss:             0.0103
[Per-Device Accuracy]
  - Device 0:  0.9867  (98.67%)
  - Device 1:  0.9881  (98.81%)
  - Device 2:  0.9881  (98.81%)
  - Device 3:  0.9867  (98.67%)

[Ground Truth]
  - Attack samples: 1621
  - Normal samples: 482
  - Total samples:  2103

[Predictions]
  - Predicted Attack:  1605
  - Predicted Normal:  498

[Confusion Matrix]
  - True Positives (TP):  1599
  - True Negatives (TN):  476
  - False Positives (FP): 6
  - False Negatives (FN): 22

[Metrics]
  - Precision:  0.9950  (99.50%)
  - Recall:     0.9886  (98.86%)
  - F1-Score:   0.9918  (99.18%)
============================================================

[36m(ClientAppActor pid=745762)[0m [Client 1] Class weights (smoothed): {0: 1.0, 1: 1.0}[32m [repeated 16x across cluster][0m
[DEBUG] evaluate_metrics_aggregation_fn called with 4 results
[DEBUG] results type: <class 'list'>
[DEBUG] First result type: <class 'tuple'>
[DEBUG] First result length: 2
[DEBUG] results[0][0] type: <class 'int'>
[DEBUG] results[0][1] type: <class 'flwr.app.message.configrecord.ConfigRecord'>
[DEBUG _get_metrics] res_item[1] type: ConfigRecord
[DEBUG _get_metrics] res_item[1] has metrics attr: False
[DEBUG _get_metrics] res_item[1].__dict__: {'_check_key_fn': <function _check_key at 0x7059b63c8900>, '_check_value_fn': <function _check_value at 0x7059abbb89a0>, '_data': {'accuracy': 0.988112211227417, 'loss': 0.008371987380087376, 'total_samples': 2103, 'actual_attack': 1621, 'actual_normal': 482, 'predicted_attack': 1616, 'predicted_normal': 487, 'true_positives': 1606, 'true_negatives': 472, 'false_positives': 10, 'false_negatives': 15, 'precision': 0.9938118811881188, 'recall': 0.9907464528069093, 'f1_score': 0.9922767995057152}}
[DEBUG _get_metrics] res_item[1].keys(): ['accuracy', 'loss', 'total_samples', 'actual_attack', 'actual_normal', 'predicted_attack', 'predicted_normal', 'true_positives', 'true_negatives', 'false_positives', 'false_negatives', 'precision', 'recall', 'f1_score']
[DEBUG _get_metrics] Extracted from ConfigRecord._data
[DEBUG _get_metrics] res_item[1] type: ConfigRecord
[DEBUG _get_metrics] res_item[1] has metrics attr: False
[DEBUG _get_metrics] res_item[1].__dict__: {'_check_key_fn': <function _check_key at 0x7059b63c8900>, '_check_value_fn': <function _check_value at 0x7059abbb89a0>, '_data': {'accuracy': 0.9871612191200256, 'loss': 0.012013758532702923, 'total_samples': 2103, 'actual_attack': 1621, 'actual_normal': 482, 'predicted_attack': 1606, 'predicted_normal': 497, 'true_positives': 1600, 'true_negatives': 476, 'false_positives': 6, 'false_negatives': 21, 'precision': 0.9962640099626401, 'recall': 0.987045033929673, 'f1_score': 0.9916330957545707}}
[DEBUG _get_metrics] res_item[1].keys(): ['accuracy', 'loss', 'total_samples', 'actual_attack', 'actual_normal', 'predicted_attack', 'predicted_normal', 'true_positives', 'true_negatives', 'false_positives', 'false_negatives', 'precision', 'recall', 'f1_score']
[DEBUG _get_metrics] Extracted from ConfigRecord._data
[DEBUG _get_metrics] res_item[1] type: ConfigRecord
[DEBUG _get_metrics] res_item[1] has metrics attr: False
[DEBUG _get_metrics] res_item[1].__dict__: {'_check_key_fn': <function _check_key at 0x7059b63c8900>, '_check_value_fn': <function _check_value at 0x7059abbb89a0>, '_data': {'accuracy': 0.9871612191200256, 'loss': 0.012013758532702923, 'total_samples': 2103, 'actual_attack': 1621, 'actual_normal': 482, 'predicted_attack': 1606, 'predicted_normal': 497, 'true_positives': 1600, 'true_negatives': 476, 'false_positives': 6, 'false_negatives': 21, 'precision': 0.9962640099626401, 'recall': 0.987045033929673, 'f1_score': 0.9916330957545707}}
[DEBUG _get_metrics] res_item[1].keys(): ['accuracy', 'loss', 'total_samples', 'actual_attack', 'actual_normal', 'predicted_attack', 'predicted_normal', 'true_positives', 'true_negatives', 'false_positives', 'false_negatives', 'precision', 'recall', 'f1_score']
[DEBUG _get_metrics] Extracted from ConfigRecord._data
[DEBUG _get_metrics] res_item[1] type: ConfigRecord
[DEBUG _get_metrics] res_item[1] has metrics attr: False
[DEBUG _get_metrics] res_item[1].__dict__: {'_check_key_fn': <function _check_key at 0x7059b63c8900>, '_check_value_fn': <function _check_value at 0x7059abbb89a0>, '_data': {'accuracy': 0.988112211227417, 'loss': 0.008371987380087376, 'total_samples': 2103, 'actual_attack': 1621, 'actual_normal': 482, 'predicted_attack': 1616, 'predicted_normal': 487, 'true_positives': 1606, 'true_negatives': 472, 'false_positives': 10, 'false_negatives': 15, 'precision': 0.9938118811881188, 'recall': 0.9907464528069093, 'f1_score': 0.9922767995057152}}
[DEBUG _get_metrics] res_item[1].keys(): ['accuracy', 'loss', 'total_samples', 'actual_attack', 'actual_normal', 'predicted_attack', 'predicted_normal', 'true_positives', 'true_negatives', 'false_positives', 'false_negatives', 'precision', 'recall', 'f1_score']
[DEBUG _get_metrics] Extracted from ConfigRecord._data
[DEBUG] Extracted 4 metrics from results

[Evaluation Summary]
============================================================[92mINFO [0m:      
[92mINFO [0m:      [ROUND 94]
[92mINFO [0m:      configure_fit: strategy sampled 4 clients (out of 4)
[92mINFO [0m:      aggregate_fit: received 4 results and 0 failures
[92mINFO [0m:      configure_evaluate: strategy sampled 4 clients (out of 4)
[92mINFO [0m:      aggregate_evaluate: received 4 results and 0 failures
[92mINFO [0m:      
[92mINFO [0m:      [ROUND 95]
[92mINFO [0m:      configure_fit: strategy sampled 4 clients (out of 4)
[92mINFO [0m:      aggregate_fit: received 4 results and 0 failures
[92mINFO [0m:      configure_evaluate: strategy sampled 4 clients (out of 4)
[92mINFO [0m:      aggregate_evaluate: received 4 results and 0 failures

Round: 93 / 100
Accuracy (mean):  0.9876  (98.76%)
Loss:             0.0102
[Per-Device Accuracy]
  - Device 0:  0.9881  (98.81%)
  - Device 1:  0.9872  (98.72%)
  - Device 2:  0.9872  (98.72%)
  - Device 3:  0.9881  (98.81%)

[Ground Truth]
  - Attack samples: 1621
  - Normal samples: 482
  - Total samples:  2103

[Predictions]
  - Predicted Attack:  1616
  - Predicted Normal:  487

[Confusion Matrix]
  - True Positives (TP):  1606
  - True Negatives (TN):  472
  - False Positives (FP): 10
  - False Negatives (FN): 15

[Metrics]
  - Precision:  0.9950  (99.50%)
  - Recall:     0.9889  (98.89%)
  - F1-Score:   0.9920  (99.20%)
============================================================

[DEBUG] evaluate_metrics_aggregation_fn called with 4 results
[DEBUG] results type: <class 'list'>
[DEBUG] First result type: <class 'tuple'>
[DEBUG] First result length: 2
[DEBUG] results[0][0] type: <class 'int'>
[DEBUG] results[0][1] type: <class 'flwr.app.message.configrecord.ConfigRecord'>
[DEBUG _get_metrics] res_item[1] type: ConfigRecord
[DEBUG _get_metrics] res_item[1] has metrics attr: False
[DEBUG _get_metrics] res_item[1].__dict__: {'_check_key_fn': <function _check_key at 0x7059b63c8900>, '_check_value_fn': <function _check_value at 0x7059abbb89a0>, '_data': {'accuracy': 0.988112211227417, 'loss': 0.008393839932978153, 'total_samples': 2103, 'actual_attack': 1621, 'actual_normal': 482, 'predicted_attack': 1618, 'predicted_normal': 485, 'true_positives': 1607, 'true_negatives': 471, 'false_positives': 11, 'false_negatives': 14, 'precision': 0.9932014833127317, 'recall': 0.9913633559531153, 'f1_score': 0.992281568385304}}
[DEBUG _get_metrics] res_item[1].keys(): ['accuracy', 'loss', 'total_samples', 'actual_attack', 'actual_normal', 'predicted_attack', 'predicted_normal', 'true_positives', 'true_negatives', 'false_positives', 'false_negatives', 'precision', 'recall', 'f1_score']
[DEBUG _get_metrics] Extracted from ConfigRecord._data
[DEBUG _get_metrics] res_item[1] type: ConfigRecord
[DEBUG _get_metrics] res_item[1] has metrics attr: False
[DEBUG _get_metrics] res_item[1].__dict__: {'_check_key_fn': <function _check_key at 0x7059b63c8900>, '_check_value_fn': <function _check_value at 0x7059abbb89a0>, '_data': {'accuracy': 0.9876366853713989, 'loss': 0.012023838236927986, 'total_samples': 2103, 'actual_attack': 1621, 'actual_normal': 482, 'predicted_attack': 1607, 'predicted_normal': 496, 'true_positives': 1601, 'true_negatives': 476, 'false_positives': 6, 'false_negatives': 20, 'precision': 0.9962663347853142, 'recall': 0.9876619370758791, 'f1_score': 0.9919454770755887}}
[DEBUG _get_metrics] res_item[1].keys(): ['accuracy', 'loss', 'total_samples', 'actual_attack', 'actual_normal', 'predicted_attack', 'predicted_normal', 'true_positives', 'true_negatives', 'false_positives', 'false_negatives', 'precision', 'recall', 'f1_score']
[DEBUG _get_metrics] Extracted from ConfigRecord._data
[DEBUG _get_metrics] res_item[1] type: ConfigRecord
[DEBUG _get_metrics] res_item[1] has metrics attr: False
[DEBUG _get_metrics] res_item[1].__dict__: {'_check_key_fn': <function _check_key at 0x7059b63c8900>, '_check_value_fn': <function _check_value at 0x7059abbb89a0>, '_data': {'accuracy': 0.9876366853713989, 'loss': 0.012023838236927986, 'total_samples': 2103, 'actual_attack': 1621, 'actual_normal': 482, 'predicted_attack': 1607, 'predicted_normal': 496, 'true_positives': 1601, 'true_negatives': 476, 'false_positives': 6, 'false_negatives': 20, 'precision': 0.9962663347853142, 'recall': 0.9876619370758791, 'f1_score': 0.9919454770755887}}
[DEBUG _get_metrics] res_item[1].keys(): ['accuracy', 'loss', 'total_samples', 'actual_attack', 'actual_normal', 'predicted_attack', 'predicted_normal', 'true_positives', 'true_negatives', 'false_positives', 'false_negatives', 'precision', 'recall', 'f1_score']
[DEBUG _get_metrics] Extracted from ConfigRecord._data
[DEBUG _get_metrics] res_item[1] type: ConfigRecord
[DEBUG _get_metrics] res_item[1] has metrics attr: False
[DEBUG _get_metrics] res_item[1].__dict__: {'_check_key_fn': <function _check_key at 0x7059b63c8900>, '_check_value_fn': <function _check_value at 0x7059abbb89a0>, '_data': {'accuracy': 0.988112211227417, 'loss': 0.008393839932978153, 'total_samples': 2103, 'actual_attack': 1621, 'actual_normal': 482, 'predicted_attack': 1618, 'predicted_normal': 485, 'true_positives': 1607, 'true_negatives': 471, 'false_positives': 11, 'false_negatives': 14, 'precision': 0.9932014833127317, 'recall': 0.9913633559531153, 'f1_score': 0.992281568385304}}
[DEBUG _get_metrics] res_item[1].keys(): ['accuracy', 'loss', 'total_samples', 'actual_attack', 'actual_normal', 'predicted_attack', 'predicted_normal', 'true_positives', 'true_negatives', 'false_positives', 'false_negatives', 'precision', 'recall', 'f1_score']
[DEBUG _get_metrics] Extracted from ConfigRecord._data
[DEBUG] Extracted 4 metrics from results

[Evaluation Summary]
============================================================
Round: 94 / 100
Accuracy (mean):  0.9879  (98.79%)
Loss:             0.0102
[Per-Device Accuracy]
  - Device 0:  0.9881  (98.81%)
  - Device 1:  0.9876  (98.76%)
  - Device 2:  0.9876  (98.76%)
  - Device 3:  0.9881  (98.81%)

[Ground Truth]
  - Attack samples: 1621
  - Normal samples: 482
  - Total samples:  2103

[Predictions]
  - Predicted Attack:  1618
  - Predicted Normal:  485

[Confusion Matrix]
  - True Positives (TP):  1607
  - True Negatives (TN):  471
  - False Positives (FP): 11
  - False Negatives (FN): 14

[Metrics]
  - Precision:  0.9947  (99.47%)
  - Recall:     0.9895  (98.95%)
  - F1-Score:   0.9921  (99.21%)
============================================================

[Round 95] Client contributions:
  Client samples: 29,184 (weight: 0.2500)
  Client samples: 29,184 (weight: 0.2500)
  Client samples: 29,186 (weight: 0.2500)
  Client samples: 29,186 (weight: 0.2500)
[36m(ClientAppActor pid=745753)[0m [Client 2] Class weights (smoothed): {0: 1.0, 1: 1.0}[32m [repeated 16x across cluster][0m
[DEBUG] evaluate_metrics_aggregation_fn called with 4 results
[DEBUG] results type: <class 'list'>
[DEBUG] First result type: <class 'tuple'>
[DEBUG] First result length: 2
[DEBUG] results[0][0] type: <class 'int'>
[DEBUG] results[0][1] type: <class 'flwr.app.message.configrecord.ConfigRecord'>
[DEBUG _get_metrics] res_item[1] type: ConfigRecord
[DEBUG _get_metrics] res_item[1] has metrics attr: False
[DEBUG _get_metrics] res_item[1].__dict__: {'_check_key_fn': <function _check_key at 0x7059b63c8900>, '_check_value_fn': <function _check_value at 0x7059abbb89a0>, '_data': {'accuracy': 0.9876366853713989, 'loss': 0.01210825052112341, 'total_samples': 2103, 'actual_attack': 1621, 'actual_normal': 482, 'predicted_attack': 1605, 'predicted_normal': 498, 'true_positives': 1600, 'true_negatives': 477, 'false_positives': 5, 'false_negatives': 21, 'precision': 0.9968847352024922, 'recall': 0.987045033929673, 'f1_score': 0.9919404835709856}}
[DEBUG _get_metrics] res_item[1].keys(): ['accuracy', 'loss', 'total_samples', 'actual_attack', 'actual_normal', 'predicted_attack', 'predicted_normal', 'true_positives', 'true_negatives', 'false_positives', 'false_negatives', 'precision', 'recall', 'f1_score']
[DEBUG _get_metrics] Extracted from ConfigRecord._data
[DEBUG _get_metrics] res_item[1] type: ConfigRecord
[DEBUG _get_metrics] res_item[1] has metrics attr: False
[DEBUG _get_metrics] res_item[1].__dict__: {'_check_key_fn': <function _check_key at 0x7059b63c8900>, '_check_value_fn': <function _check_value at 0x7059abbb89a0>, '_data': {'accuracy': 0.9885877370834351, 'loss': 0.008494837209582329, 'total_samples': 2103, 'actual_attack': 1621, 'actual_normal': 482, 'predicted_attack': 1617, 'predicted_normal': 486, 'true_positives': 1607, 'true_negatives': 472, 'false_positives': 10, 'false_negatives': 14, 'precision': 0.9938157081014224, 'recall': 0.9913633559531153, 'f1_score': 0.9925880172946263}}
[DEBUG _get_metrics] res_item[1].keys(): ['accuracy', 'loss', 'total_samples', 'actual_attack', 'actual_normal', 'predicted_attack', 'predicted_normal', 'true_positives', 'true_negatives', 'false_positives', 'false_negatives', 'precision', 'recall', 'f1_score'][92mINFO [0m:      
[92mINFO [0m:      [ROUND 96]
[92mINFO [0m:      configure_fit: strategy sampled 4 clients (out of 4)
[92mINFO [0m:      aggregate_fit: received 4 results and 0 failures
[92mINFO [0m:      configure_evaluate: strategy sampled 4 clients (out of 4)
[92mINFO [0m:      aggregate_evaluate: received 4 results and 0 failures
[92mINFO [0m:      
[92mINFO [0m:      [ROUND 97]
[92mINFO [0m:      configure_fit: strategy sampled 4 clients (out of 4)
[92mINFO [0m:      aggregate_fit: received 4 results and 0 failures
[92mINFO [0m:      configure_evaluate: strategy sampled 4 clients (out of 4)
[92mINFO [0m:      aggregate_evaluate: received 4 results and 0 failures

[DEBUG _get_metrics] Extracted from ConfigRecord._data
[DEBUG _get_metrics] res_item[1] type: ConfigRecord
[DEBUG _get_metrics] res_item[1] has metrics attr: False
[DEBUG _get_metrics] res_item[1].__dict__: {'_check_key_fn': <function _check_key at 0x7059b63c8900>, '_check_value_fn': <function _check_value at 0x7059abbb89a0>, '_data': {'accuracy': 0.9876366853713989, 'loss': 0.01210825052112341, 'total_samples': 2103, 'actual_attack': 1621, 'actual_normal': 482, 'predicted_attack': 1605, 'predicted_normal': 498, 'true_positives': 1600, 'true_negatives': 477, 'false_positives': 5, 'false_negatives': 21, 'precision': 0.9968847352024922, 'recall': 0.987045033929673, 'f1_score': 0.9919404835709856}}
[DEBUG _get_metrics] res_item[1].keys(): ['accuracy', 'loss', 'total_samples', 'actual_attack', 'actual_normal', 'predicted_attack', 'predicted_normal', 'true_positives', 'true_negatives', 'false_positives', 'false_negatives', 'precision', 'recall', 'f1_score']
[DEBUG _get_metrics] Extracted from ConfigRecord._data
[DEBUG _get_metrics] res_item[1] type: ConfigRecord
[DEBUG _get_metrics] res_item[1] has metrics attr: False
[DEBUG _get_metrics] res_item[1].__dict__: {'_check_key_fn': <function _check_key at 0x7059b63c8900>, '_check_value_fn': <function _check_value at 0x7059abbb89a0>, '_data': {'accuracy': 0.9885877370834351, 'loss': 0.008494837209582329, 'total_samples': 2103, 'actual_attack': 1621, 'actual_normal': 482, 'predicted_attack': 1617, 'predicted_normal': 486, 'true_positives': 1607, 'true_negatives': 472, 'false_positives': 10, 'false_negatives': 14, 'precision': 0.9938157081014224, 'recall': 0.9913633559531153, 'f1_score': 0.9925880172946263}}
[DEBUG _get_metrics] res_item[1].keys(): ['accuracy', 'loss', 'total_samples', 'actual_attack', 'actual_normal', 'predicted_attack', 'predicted_normal', 'true_positives', 'true_negatives', 'false_positives', 'false_negatives', 'precision', 'recall', 'f1_score']
[DEBUG _get_metrics] Extracted from ConfigRecord._data
[DEBUG] Extracted 4 metrics from results

[Evaluation Summary]
============================================================
Round: 95 / 100
Accuracy (mean):  0.9881  (98.81%)
Loss:             0.0103
[Per-Device Accuracy]
  - Device 0:  0.9876  (98.76%)
  - Device 1:  0.9886  (98.86%)
  - Device 2:  0.9876  (98.76%)
  - Device 3:  0.9886  (98.86%)

[Ground Truth]
  - Attack samples: 1621
  - Normal samples: 482
  - Total samples:  2103

[Predictions]
  - Predicted Attack:  1605
  - Predicted Normal:  498

[Confusion Matrix]
  - True Positives (TP):  1600
  - True Negatives (TN):  477
  - False Positives (FP): 5
  - False Negatives (FN): 21

[Metrics]
  - Precision:  0.9954  (99.54%)
  - Recall:     0.9892  (98.92%)
  - F1-Score:   0.9923  (99.23%)
============================================================

[DEBUG] evaluate_metrics_aggregation_fn called with 4 results
[DEBUG] results type: <class 'list'>
[DEBUG] First result type: <class 'tuple'>
[DEBUG] First result length: 2
[DEBUG] results[0][0] type: <class 'int'>
[DEBUG] results[0][1] type: <class 'flwr.app.message.configrecord.ConfigRecord'>
[DEBUG _get_metrics] res_item[1] type: ConfigRecord
[DEBUG _get_metrics] res_item[1] has metrics attr: False
[DEBUG _get_metrics] res_item[1].__dict__: {'_check_key_fn': <function _check_key at 0x7059b63c8900>, '_check_value_fn': <function _check_value at 0x7059abbb89a0>, '_data': {'accuracy': 0.9871612191200256, 'loss': 0.012216757982969284, 'total_samples': 2103, 'actual_attack': 1621, 'actual_normal': 482, 'predicted_attack': 1604, 'predicted_normal': 499, 'true_positives': 1599, 'true_negatives': 477, 'false_positives': 5, 'false_negatives': 22, 'precision': 0.9968827930174564, 'recall': 0.986428130783467, 'f1_score': 0.9916279069767443}}
[DEBUG _get_metrics] res_item[1].keys(): ['accuracy', 'loss', 'total_samples', 'actual_attack', 'actual_normal', 'predicted_attack', 'predicted_normal', 'true_positives', 'true_negatives', 'false_positives', 'false_negatives', 'precision', 'recall', 'f1_score']
[DEBUG _get_metrics] Extracted from ConfigRecord._data
[DEBUG _get_metrics] res_item[1] type: ConfigRecord
[DEBUG _get_metrics] res_item[1] has metrics attr: False
[DEBUG _get_metrics] res_item[1].__dict__: {'_check_key_fn': <function _check_key at 0x7059b63c8900>, '_check_value_fn': <function _check_value at 0x7059abbb89a0>, '_data': {'accuracy': 0.9885877370834351, 'loss': 0.008614611811935902, 'total_samples': 2103, 'actual_attack': 1621, 'actual_normal': 482, 'predicted_attack': 1617, 'predicted_normal': 486, 'true_positives': 1607, 'true_negatives': 472, 'false_positives': 10, 'false_negatives': 14, 'precision': 0.9938157081014224, 'recall': 0.9913633559531153, 'f1_score': 0.9925880172946263}}
[DEBUG _get_metrics] res_item[1].keys(): ['accuracy', 'loss', 'total_samples', 'actual_attack', 'actual_normal', 'predicted_attack', 'predicted_normal', 'true_positives', 'true_negatives', 'false_positives', 'false_negatives', 'precision', 'recall', 'f1_score']
[DEBUG _get_metrics] Extracted from ConfigRecord._data
[DEBUG _get_metrics] res_item[1] type: ConfigRecord
[DEBUG _get_metrics] res_item[1] has metrics attr: False
[DEBUG _get_metrics] res_item[1].__dict__: {'_check_key_fn': <function _check_key at 0x7059b63c8900>, '_check_value_fn': <function _check_value at 0x7059abbb89a0>, '_data': {'accuracy': 0.9871612191200256, 'loss': 0.012216757982969284, 'total_samples': 2103, 'actual_attack': 1621, 'actual_normal': 482, 'predicted_attack': 1604, 'predicted_normal': 499, 'true_positives': 1599, 'true_negatives': 477, 'false_positives': 5, 'false_negatives': 22, 'precision': 0.9968827930174564, 'recall': 0.986428130783467, 'f1_score': 0.9916279069767443}}
[DEBUG _get_metrics] res_item[1].keys(): ['accuracy', 'loss', 'total_samples', 'actual_attack', 'actual_normal', 'predicted_attack', 'predicted_normal', 'true_positives', 'true_negatives', 'false_positives', 'false_negatives', 'precision', 'recall', 'f1_score']
[DEBUG _get_metrics] Extracted from ConfigRecord._data
[DEBUG _get_metrics] res_item[1] type: ConfigRecord
[DEBUG _get_metrics] res_item[1] has metrics attr: False
[DEBUG _get_metrics] res_item[1].__dict__: {'_check_key_fn': <function _check_key at 0x7059b63c8900>, '_check_value_fn': <function _check_value at 0x7059abbb89a0>, '_data': {'accuracy': 0.9885877370834351, 'loss': 0.008614611811935902, 'total_samples': 2103, 'actual_attack': 1621, 'actual_normal': 482, 'predicted_attack': 1617, 'predicted_normal': 486, 'true_positives': 1607, 'true_negatives': 472, 'false_positives': 10, 'false_negatives': 14, 'precision': 0.9938157081014224, 'recall': 0.9913633559531153, 'f1_score': 0.9925880172946263}}
[DEBUG _get_metrics] res_item[1].keys(): ['accuracy', 'loss', 'total_samples', 'actual_attack', 'actual_normal', 'predicted_attack', 'predicted_normal', 'true_positives', 'true_negatives', 'false_positives', 'false_negatives', 'precision', 'recall', 'f1_score']
[DEBUG _get_metrics] Extracted from ConfigRecord._data
[DEBUG] Extracted 4 metrics from results

[Evaluation Summary]
============================================================
Round: 96 / 100
Accuracy (mean):  0.9879  (98.79%)
Loss:             0.0104
[Per-Device Accuracy]
  - Device 0:  0.9872  (98.72%)
  - Device 1:  0.9886  (98.86%)
  - Device 2:  0.9872  (98.72%)
  - Device 3:  0.9886  (98.86%)

[Ground Truth]
  - Attack samples: 1621
  - Normal samples: 482
  - Total samples:  2103

[Predictions]
  - Predicted Attack:  1604
  - Predicted Normal:  499

[Confusion Matrix]
  - True Positives (TP):  1599
  - True Negatives (TN):  477
  - False Positives (FP): 5
  - False Negatives (FN): 22

[Metrics]
  - Precision:  0.9953  (99.53%)
  - Recall:     0.9889  (98.89%)
  - F1-Score:   0.9921  (99.21%)
============================================================

[36m(ClientAppActor pid=745764)[0m [Client 2] Class weights (smoothed): {0: 1.0, 1: 1.0}[32m [repeated 14x across cluster][0m
[DEBUG] evaluate_metrics_aggregation_fn called with 4 results
[DEBUG] results type: <class 'list'>
[DEBUG] First result type: <class 'tuple'>
[DEBUG] First result length: 2
[DEBUG] results[0][0] type: <class 'int'>
[DEBUG] results[0][1] type: <class 'flwr.app.message.configrecord.ConfigRecord'>[92mINFO [0m:      
[92mINFO [0m:      [ROUND 98]
[92mINFO [0m:      configure_fit: strategy sampled 4 clients (out of 4)
[92mINFO [0m:      aggregate_fit: received 4 results and 0 failures
[92mINFO [0m:      configure_evaluate: strategy sampled 4 clients (out of 4)
[92mINFO [0m:      aggregate_evaluate: received 4 results and 0 failures

[DEBUG _get_metrics] res_item[1] type: ConfigRecord
[DEBUG _get_metrics] res_item[1] has metrics attr: False
[DEBUG _get_metrics] res_item[1].__dict__: {'_check_key_fn': <function _check_key at 0x7059b63c8900>, '_check_value_fn': <function _check_value at 0x7059abbb89a0>, '_data': {'accuracy': 0.9876366853713989, 'loss': 0.012248166836798191, 'total_samples': 2103, 'actual_attack': 1621, 'actual_normal': 482, 'predicted_attack': 1605, 'predicted_normal': 498, 'true_positives': 1600, 'true_negatives': 477, 'false_positives': 5, 'false_negatives': 21, 'precision': 0.9968847352024922, 'recall': 0.987045033929673, 'f1_score': 0.9919404835709856}}
[DEBUG _get_metrics] res_item[1].keys(): ['accuracy', 'loss', 'total_samples', 'actual_attack', 'actual_normal', 'predicted_attack', 'predicted_normal', 'true_positives', 'true_negatives', 'false_positives', 'false_negatives', 'precision', 'recall', 'f1_score']
[DEBUG _get_metrics] Extracted from ConfigRecord._data
[DEBUG _get_metrics] res_item[1] type: ConfigRecord
[DEBUG _get_metrics] res_item[1] has metrics attr: False
[DEBUG _get_metrics] res_item[1].__dict__: {'_check_key_fn': <function _check_key at 0x7059b63c8900>, '_check_value_fn': <function _check_value at 0x7059abbb89a0>, '_data': {'accuracy': 0.9885877370834351, 'loss': 0.008652601391077042, 'total_samples': 2103, 'actual_attack': 1621, 'actual_normal': 482, 'predicted_attack': 1617, 'predicted_normal': 486, 'true_positives': 1607, 'true_negatives': 472, 'false_positives': 10, 'false_negatives': 14, 'precision': 0.9938157081014224, 'recall': 0.9913633559531153, 'f1_score': 0.9925880172946263}}
[DEBUG _get_metrics] res_item[1].keys(): ['accuracy', 'loss', 'total_samples', 'actual_attack', 'actual_normal', 'predicted_attack', 'predicted_normal', 'true_positives', 'true_negatives', 'false_positives', 'false_negatives', 'precision', 'recall', 'f1_score']
[DEBUG _get_metrics] Extracted from ConfigRecord._data
[DEBUG _get_metrics] res_item[1] type: ConfigRecord
[DEBUG _get_metrics] res_item[1] has metrics attr: False
[DEBUG _get_metrics] res_item[1].__dict__: {'_check_key_fn': <function _check_key at 0x7059b63c8900>, '_check_value_fn': <function _check_value at 0x7059abbb89a0>, '_data': {'accuracy': 0.9876366853713989, 'loss': 0.012248166836798191, 'total_samples': 2103, 'actual_attack': 1621, 'actual_normal': 482, 'predicted_attack': 1605, 'predicted_normal': 498, 'true_positives': 1600, 'true_negatives': 477, 'false_positives': 5, 'false_negatives': 21, 'precision': 0.9968847352024922, 'recall': 0.987045033929673, 'f1_score': 0.9919404835709856}}
[DEBUG _get_metrics] res_item[1].keys(): ['accuracy', 'loss', 'total_samples', 'actual_attack', 'actual_normal', 'predicted_attack', 'predicted_normal', 'true_positives', 'true_negatives', 'false_positives', 'false_negatives', 'precision', 'recall', 'f1_score']
[DEBUG _get_metrics] Extracted from ConfigRecord._data
[DEBUG _get_metrics] res_item[1] type: ConfigRecord
[DEBUG _get_metrics] res_item[1] has metrics attr: False
[DEBUG _get_metrics] res_item[1].__dict__: {'_check_key_fn': <function _check_key at 0x7059b63c8900>, '_check_value_fn': <function _check_value at 0x7059abbb89a0>, '_data': {'accuracy': 0.9885877370834351, 'loss': 0.008652601391077042, 'total_samples': 2103, 'actual_attack': 1621, 'actual_normal': 482, 'predicted_attack': 1617, 'predicted_normal': 486, 'true_positives': 1607, 'true_negatives': 472, 'false_positives': 10, 'false_negatives': 14, 'precision': 0.9938157081014224, 'recall': 0.9913633559531153, 'f1_score': 0.9925880172946263}}
[DEBUG _get_metrics] res_item[1].keys(): ['accuracy', 'loss', 'total_samples', 'actual_attack', 'actual_normal', 'predicted_attack', 'predicted_normal', 'true_positives', 'true_negatives', 'false_positives', 'false_negatives', 'precision', 'recall', 'f1_score']
[DEBUG _get_metrics] Extracted from ConfigRecord._data
[DEBUG] Extracted 4 metrics from results

[Evaluation Summary]
============================================================
Round: 97 / 100
Accuracy (mean):  0.9881  (98.81%)
Loss:             0.0105
[Per-Device Accuracy]
  - Device 0:  0.9876  (98.76%)
  - Device 1:  0.9886  (98.86%)
  - Device 2:  0.9876  (98.76%)
  - Device 3:  0.9886  (98.86%)

[Ground Truth]
  - Attack samples: 1621
  - Normal samples: 482
  - Total samples:  2103

[Predictions]
  - Predicted Attack:  1605
  - Predicted Normal:  498

[Confusion Matrix]
  - True Positives (TP):  1600
  - True Negatives (TN):  477
  - False Positives (FP): 5
  - False Negatives (FN): 21

[Metrics]
  - Precision:  0.9954  (99.54%)
  - Recall:     0.9892  (98.92%)
  - F1-Score:   0.9923  (99.23%)
============================================================

[36m(ClientAppActor pid=745753)[0m [Client 2] Class weights (smoothed): {0: 1.0, 1: 1.0}[32m [repeated 10x across cluster][0m
[DEBUG] evaluate_metrics_aggregation_fn called with 4 results
[DEBUG] results type: <class 'list'>
[DEBUG] First result type: <class 'tuple'>
[DEBUG] First result length: 2
[DEBUG] results[0][0] type: <class 'int'>
[DEBUG] results[0][1] type: <class 'flwr.app.message.configrecord.ConfigRecord'>
[DEBUG _get_metrics] res_item[1] type: ConfigRecord
[DEBUG _get_metrics] res_item[1] has metrics attr: False
[DEBUG _get_metrics] res_item[1].__dict__: {'_check_key_fn': <function _check_key at 0x7059b63c8900>, '_check_value_fn': <function _check_value at 0x7059abbb89a0>, '_data': {'accuracy': 0.9876366853713989, 'loss': 0.012280371971428394, 'total_samples': 2103, 'actual_attack': 1621, 'actual_normal': 482, 'predicted_attack': 1605, 'predicted_normal': 498, 'true_positives': 1600, 'true_negatives': 477, 'false_positives': 5, 'false_negatives': 21, 'precision': 0.9968847352024922, 'recall': 0.987045033929673, 'f1_score': 0.9919404835709856}}
[DEBUG _get_metrics] res_item[1].keys(): ['accuracy', 'loss', 'total_samples', 'actual_attack', 'actual_normal', 'predicted_attack', 'predicted_normal', 'true_positives', 'true_negatives', 'false_positives', 'false_negatives', 'precision', 'recall', 'f1_score']
[DEBUG _get_metrics] Extracted from ConfigRecord._data
[DEBUG _get_metrics] res_item[1] type: ConfigRecord
[DEBUG _get_metrics] res_item[1] has metrics attr: False
[DEBUG _get_metrics] res_item[1].__dict__: {'_check_key_fn': <function _check_key at 0x7059b63c8900>, '_check_value_fn': <function _check_value at 0x7059abbb89a0>, '_data': {'accuracy': 0.9885877370834351, 'loss': 0.008695321157574654, 'total_samples': 2103, 'actual_attack': 1621, 'actual_normal': 482, 'predicted_attack': 1617, 'predicted_normal': 486, 'true_positives': 1607, 'true_negatives': 472, 'false_positives': 10, 'false_negatives': 14, 'precision': 0.9938157081014224, 'recall': 0.9913633559531153, 'f1_score': 0.9925880172946263}}
[DEBUG _get_metrics] res_item[1].keys(): ['accuracy', 'loss', 'total_samples', 'actual_attack', 'actual_normal', 'predicted_attack', 'predicted_normal', 'true_positives', 'true_negatives', 'false_positives', 'false_negatives', 'precision', 'recall', 'f1_score']
[DEBUG _get_metrics] Extracted from ConfigRecord._data
[DEBUG _get_metrics] res_item[1] type: ConfigRecord
[DEBUG _get_metrics] res_item[1] has metrics attr: False
[DEBUG _get_metrics] res_item[1].__dict__: {'_check_key_fn': <function _check_key at 0x7059b63c8900>, '_check_value_fn': <function _check_value at 0x7059abbb89a0>, '_data': {'accuracy': 0.9876366853713989, 'loss': 0.012280371971428394, 'total_samples': 2103, 'actual_attack': 1621, 'actual_normal': 482, 'predicted_attack': 1605, 'predicted_normal': 498, 'true_positives': 1600, 'true_negatives': 477, 'false_positives': 5, 'false_negatives': 21, 'precision': 0.9968847352024922, 'recall': 0.987045033929673, 'f1_score': 0.9919404835709856}}
[DEBUG _get_metrics] res_item[1].keys(): ['accuracy', 'loss', 'total_samples', 'actual_attack', 'actual_normal', 'predicted_attack', 'predicted_normal', 'true_positives', 'true_negatives', 'false_positives', 'false_negatives', 'precision', 'recall', 'f1_score']
[DEBUG _get_metrics] Extracted from ConfigRecord._data
[DEBUG _get_metrics] res_item[1] type: ConfigRecord
[DEBUG _get_metrics] res_item[1] has metrics attr: False
[DEBUG _get_metrics] res_item[1].__dict__: {'_check_key_fn': <function _check_key at 0x7059b63c8900>, '_check_value_fn': <function _check_value at 0x7059abbb89a0>, '_data': {'accuracy': 0.9885877370834351, 'loss': 0.008695321157574654, 'total_samples': 2103, 'actual_attack': 1621, 'actual_normal': 482, 'predicted_attack': 1617, 'predicted_normal': 486, 'true_positives': 1607, 'true_negatives': 472, 'false_positives': 10, 'false_negatives': 14, 'precision': 0.9938157081014224, 'recall': 0.9913633559531153, 'f1_score': 0.9925880172946263}}[92mINFO [0m:      
[92mINFO [0m:      [ROUND 99]
[92mINFO [0m:      configure_fit: strategy sampled 4 clients (out of 4)
[92mINFO [0m:      aggregate_fit: received 4 results and 0 failures
[92mINFO [0m:      configure_evaluate: strategy sampled 4 clients (out of 4)
[92mINFO [0m:      aggregate_evaluate: received 4 results and 0 failures
[92mINFO [0m:      
[92mINFO [0m:      [ROUND 100]
[92mINFO [0m:      configure_fit: strategy sampled 4 clients (out of 4)
[92mINFO [0m:      aggregate_fit: received 4 results and 0 failures
[92mINFO [0m:      configure_evaluate: strategy sampled 4 clients (out of 4)
[92mINFO [0m:      aggregate_evaluate: received 4 results and 0 failures

[DEBUG _get_metrics] res_item[1].keys(): ['accuracy', 'loss', 'total_samples', 'actual_attack', 'actual_normal', 'predicted_attack', 'predicted_normal', 'true_positives', 'true_negatives', 'false_positives', 'false_negatives', 'precision', 'recall', 'f1_score']
[DEBUG _get_metrics] Extracted from ConfigRecord._data
[DEBUG] Extracted 4 metrics from results

[Evaluation Summary]
============================================================
Round: 98 / 100
Accuracy (mean):  0.9881  (98.81%)
Loss:             0.0105
[Per-Device Accuracy]
  - Device 0:  0.9876  (98.76%)
  - Device 1:  0.9886  (98.86%)
  - Device 2:  0.9876  (98.76%)
  - Device 3:  0.9886  (98.86%)

[Ground Truth]
  - Attack samples: 1621
  - Normal samples: 482
  - Total samples:  2103

[Predictions]
  - Predicted Attack:  1605
  - Predicted Normal:  498

[Confusion Matrix]
  - True Positives (TP):  1600
  - True Negatives (TN):  477
  - False Positives (FP): 5
  - False Negatives (FN): 21

[Metrics]
  - Precision:  0.9954  (99.54%)
  - Recall:     0.9892  (98.92%)
  - F1-Score:   0.9923  (99.23%)
============================================================

[DEBUG] evaluate_metrics_aggregation_fn called with 4 results
[DEBUG] results type: <class 'list'>
[DEBUG] First result type: <class 'tuple'>
[DEBUG] First result length: 2
[DEBUG] results[0][0] type: <class 'int'>
[DEBUG] results[0][1] type: <class 'flwr.app.message.configrecord.ConfigRecord'>
[DEBUG _get_metrics] res_item[1] type: ConfigRecord
[DEBUG _get_metrics] res_item[1] has metrics attr: False
[DEBUG _get_metrics] res_item[1].__dict__: {'_check_key_fn': <function _check_key at 0x7059b63c8900>, '_check_value_fn': <function _check_value at 0x7059abbb89a0>, '_data': {'accuracy': 0.9885877370834351, 'loss': 0.008671293035149574, 'total_samples': 2103, 'actual_attack': 1621, 'actual_normal': 482, 'predicted_attack': 1617, 'predicted_normal': 486, 'true_positives': 1607, 'true_negatives': 472, 'false_positives': 10, 'false_negatives': 14, 'precision': 0.9938157081014224, 'recall': 0.9913633559531153, 'f1_score': 0.9925880172946263}}
[DEBUG _get_metrics] res_item[1].keys(): ['accuracy', 'loss', 'total_samples', 'actual_attack', 'actual_normal', 'predicted_attack', 'predicted_normal', 'true_positives', 'true_negatives', 'false_positives', 'false_negatives', 'precision', 'recall', 'f1_score']
[DEBUG _get_metrics] Extracted from ConfigRecord._data
[DEBUG _get_metrics] res_item[1] type: ConfigRecord
[DEBUG _get_metrics] res_item[1] has metrics attr: False
[DEBUG _get_metrics] res_item[1].__dict__: {'_check_key_fn': <function _check_key at 0x7059b63c8900>, '_check_value_fn': <function _check_value at 0x7059abbb89a0>, '_data': {'accuracy': 0.9876366853713989, 'loss': 0.012278939597308636, 'total_samples': 2103, 'actual_attack': 1621, 'actual_normal': 482, 'predicted_attack': 1605, 'predicted_normal': 498, 'true_positives': 1600, 'true_negatives': 477, 'false_positives': 5, 'false_negatives': 21, 'precision': 0.9968847352024922, 'recall': 0.987045033929673, 'f1_score': 0.9919404835709856}}
[DEBUG _get_metrics] res_item[1].keys(): ['accuracy', 'loss', 'total_samples', 'actual_attack', 'actual_normal', 'predicted_attack', 'predicted_normal', 'true_positives', 'true_negatives', 'false_positives', 'false_negatives', 'precision', 'recall', 'f1_score']
[DEBUG _get_metrics] Extracted from ConfigRecord._data
[DEBUG _get_metrics] res_item[1] type: ConfigRecord
[DEBUG _get_metrics] res_item[1] has metrics attr: False
[DEBUG _get_metrics] res_item[1].__dict__: {'_check_key_fn': <function _check_key at 0x7059b63c8900>, '_check_value_fn': <function _check_value at 0x7059abbb89a0>, '_data': {'accuracy': 0.9885877370834351, 'loss': 0.008671293035149574, 'total_samples': 2103, 'actual_attack': 1621, 'actual_normal': 482, 'predicted_attack': 1617, 'predicted_normal': 486, 'true_positives': 1607, 'true_negatives': 472, 'false_positives': 10, 'false_negatives': 14, 'precision': 0.9938157081014224, 'recall': 0.9913633559531153, 'f1_score': 0.9925880172946263}}
[DEBUG _get_metrics] res_item[1].keys(): ['accuracy', 'loss', 'total_samples', 'actual_attack', 'actual_normal', 'predicted_attack', 'predicted_normal', 'true_positives', 'true_negatives', 'false_positives', 'false_negatives', 'precision', 'recall', 'f1_score']
[DEBUG _get_metrics] Extracted from ConfigRecord._data
[DEBUG _get_metrics] res_item[1] type: ConfigRecord
[DEBUG _get_metrics] res_item[1] has metrics attr: False
[DEBUG _get_metrics] res_item[1].__dict__: {'_check_key_fn': <function _check_key at 0x7059b63c8900>, '_check_value_fn': <function _check_value at 0x7059abbb89a0>, '_data': {'accuracy': 0.9876366853713989, 'loss': 0.012278939597308636, 'total_samples': 2103, 'actual_attack': 1621, 'actual_normal': 482, 'predicted_attack': 1605, 'predicted_normal': 498, 'true_positives': 1600, 'true_negatives': 477, 'false_positives': 5, 'false_negatives': 21, 'precision': 0.9968847352024922, 'recall': 0.987045033929673, 'f1_score': 0.9919404835709856}}
[DEBUG _get_metrics] res_item[1].keys(): ['accuracy', 'loss', 'total_samples', 'actual_attack', 'actual_normal', 'predicted_attack', 'predicted_normal', 'true_positives', 'true_negatives', 'false_positives', 'false_negatives', 'precision', 'recall', 'f1_score']
[DEBUG _get_metrics] Extracted from ConfigRecord._data
[DEBUG] Extracted 4 metrics from results

[Evaluation Summary]
============================================================
Round: 99 / 100
Accuracy (mean):  0.9881  (98.81%)
Loss:             0.0105
[Per-Device Accuracy]
  - Device 0:  0.9886  (98.86%)
  - Device 1:  0.9876  (98.76%)
  - Device 2:  0.9886  (98.86%)
  - Device 3:  0.9876  (98.76%)

[Ground Truth]
  - Attack samples: 1621
  - Normal samples: 482
  - Total samples:  2103

[Predictions]
  - Predicted Attack:  1617
  - Predicted Normal:  486

[Confusion Matrix]
  - True Positives (TP):  1607
  - True Negatives (TN):  472
  - False Positives (FP): 10
  - False Negatives (FN): 14

[Metrics]
  - Precision:  0.9954  (99.54%)
  - Recall:     0.9892  (98.92%)
  - F1-Score:   0.9923  (99.23%)
============================================================

[Round 100] Client contributions:
  Client samples: 29,186 (weight: 0.2500)
  Client samples: 29,184 (weight: 0.2500)
  Client samples: 29,186 (weight: 0.2500)
  Client samples: 29,184 (weight: 0.2500)
[36m(ClientAppActor pid=745753)[0m [Client 2] Class weights (smoothed): {0: 1.0, 1: 1.0}[32m [repeated 16x across cluster][0m
[DEBUG] evaluate_metrics_aggregation_fn called with 4 results
[DEBUG] results type: <class 'list'>
[DEBUG] First result type: <class 'tuple'>
[DEBUG] First result length: 2
[DEBUG] results[0][0] type: <class 'int'>
[DEBUG] results[0][1] type: <class 'flwr.app.message.configrecord.ConfigRecord'>
[DEBUG _get_metrics] res_item[1] type: ConfigRecord
[DEBUG _get_metrics] res_item[1] has metrics attr: False
[DEBUG _get_metrics] res_item[1].__dict__: {'_check_key_fn': <function _check_key at 0x7059b63c8900>, '_check_value_fn': <function _check_value at 0x7059abbb89a0>, '_data': {'accuracy': 0.9885877370834351, 'loss': 0.008585624396800995, 'total_samples': 2103, 'actual_attack': 1621, 'actual_normal': 482, 'predicted_attack': 1617, 'predicted_normal': 486, 'true_positives': 1607, 'true_negatives': 472, 'false_positives': 10, 'false_negatives': 14, 'precision': 0.9938157081014224, 'recall': 0.9913633559531153, 'f1_score': 0.9925880172946263}}
[DEBUG _get_metrics] res_item[1].keys(): ['accuracy', 'loss', 'total_samples', 'actual_attack', 'actual_normal', 'predicted_attack', 'predicted_normal', 'true_positives', 'true_negatives', 'false_positives', 'false_negatives', 'precision', 'recall', 'f1_score']
[DEBUG _get_metrics] Extracted from ConfigRecord._data
[DEBUG _get_metrics] res_item[1] type: ConfigRecord
[DEBUG _get_metrics] res_item[1] has metrics attr: False
[DEBUG _get_metrics] res_item[1].__dict__: {'_check_key_fn': <function _check_key at 0x7059b63c8900>, '_check_value_fn': <function _check_value at 0x7059abbb89a0>, '_data': {'accuracy': 0.9876366853713989, 'loss': 0.012187506072223186, 'total_samples': 2103, 'actual_attack': 1621, 'actual_normal': 482, 'predicted_attack': 1605, 'predicted_normal': 498, 'true_positives': 1600, 'true_negatives': 477, 'false_positives': 5, 'false_negatives': 21, 'precision': 0.9968847352024922, 'recall': 0.987045033929673, 'f1_score': 0.9919404835709856}}[92mINFO [0m:      
[92mINFO [0m:      [SUMMARY]
[92mINFO [0m:      Run finished 100 round(s) in 399.52s
[92mINFO [0m:      	History (loss, distributed):
[92mINFO [0m:      		round 1: 0.07779685035347939
[92mINFO [0m:      		round 2: 0.08460286632180214
[92mINFO [0m:      		round 3: 0.0900917500257492
[92mINFO [0m:      		round 4: 0.08862019702792168
[92mINFO [0m:      		round 5: 0.0802747868001461
[92mINFO [0m:      		round 6: 0.0696118026971817
[92mINFO [0m:      		round 7: 0.0577229131013155
[92mINFO [0m:      		round 8: 0.046702729538083076
[92mINFO [0m:      		round 9: 0.03793102316558361
[92mINFO [0m:      		round 10: 0.031118018552660942
[92mINFO [0m:      		round 11: 0.02502180729061365
[92mINFO [0m:      		round 12: 0.02001091744750738
[92mINFO [0m:      		round 13: 0.016513722948729992
[92mINFO [0m:      		round 14: 0.014291594736278057
[92mINFO [0m:      		round 15: 0.01283254660665989
[92mINFO [0m:      		round 16: 0.011579623445868492
[92mINFO [0m:      		round 17: 0.010469122789800167
[92mINFO [0m:      		round 18: 0.009650401771068573
[92mINFO [0m:      		round 19: 0.009358072187751532
[92mINFO [0m:      		round 20: 0.009330340661108494
[92mINFO [0m:      		round 21: 0.009369828272610903
[92mINFO [0m:      		round 22: 0.009467314463108778
[92mINFO [0m:      		round 23: 0.009566460736095905
[92mINFO [0m:      		round 24: 0.009581965859979391
[92mINFO [0m:      		round 25: 0.009694915730506182
[92mINFO [0m:      		round 26: 0.00951333623379469
[92mINFO [0m:      		round 27: 0.009479815140366554
[92mINFO [0m:      		round 28: 0.009478469379246235
[92mINFO [0m:      		round 29: 0.009530031122267246
[92mINFO [0m:      		round 30: 0.009470922872424126
[92mINFO [0m:      		round 31: 0.009506965521723032
[92mINFO [0m:      		round 32: 0.00962721649557352
[92mINFO [0m:      		round 33: 0.009586004540324211
[92mINFO [0m:      		round 34: 0.00965304160490632
[92mINFO [0m:      		round 35: 0.009732323233038187
[92mINFO [0m:      		round 36: 0.00942869670689106
[92mINFO [0m:      		round 37: 0.009139097295701504
[92mINFO [0m:      		round 38: 0.008834367152303457
[92mINFO [0m:      		round 39: 0.008868471719324589
[92mINFO [0m:      		round 40: 0.009069958701729774
[92mINFO [0m:      		round 41: 0.009164219256490469
[92mINFO [0m:      		round 42: 0.009330494329333305
[92mINFO [0m:      		round 43: 0.00943992706015706
[92mINFO [0m:      		round 44: 0.00971940066665411
[92mINFO [0m:      		round 45: 0.009752449113875628
[92mINFO [0m:      		round 46: 0.009761211927980185
[92mINFO [0m:      		round 47: 0.00980308186262846
[92mINFO [0m:      		round 48: 0.009683125652372837
[92mINFO [0m:      		round 49: 0.009832787793129683
[92mINFO [0m:      		round 50: 0.010167631786316633
[92mINFO [0m:      		round 51: 0.010452067945152521
[92mINFO [0m:      		round 52: 0.010547698475420475
[92mINFO [0m:      		round 53: 0.0105845145881176
[92mINFO [0m:      		round 54: 0.010599759873002768
[92mINFO [0m:      		round 55: 0.010547352489084005
[92mINFO [0m:      		round 56: 0.010573052801191807
[92mINFO [0m:      		round 57: 0.010501569136977196
[92mINFO [0m:      		round 58: 0.010434097610414028
[92mINFO [0m:      		round 59: 0.010503275319933891
[92mINFO [0m:      		round 60: 0.010504319332540035
[92mINFO [0m:      		round 61: 0.010533422697335482
[92mINFO [0m:      		round 62: 0.010475270450115204
[92mINFO [0m:      		round 63: 0.010431429371237755
[92mINFO [0m:      		round 64: 0.010382574517279863
[92mINFO [0m:      		round 65: 0.010416300036013126
[92mINFO [0m:      		round 66: 0.010534138884395361
[92mINFO [0m:      		round 67: 0.010650061070919037
[92mINFO [0m:      		round 68: 0.010659497231245041
[92mINFO [0m:      		round 69: 0.010663190390914679
[92mINFO [0m:      		round 70: 0.010593568440526724
[92mINFO [0m:      		round 71: 0.010643549729138613
[92mINFO [0m:      		round 72: 0.010613998863846064
[92mINFO [0m:      		round 73: 0.010589554440230131
[92mINFO [0m:      		round 74: 0.010519130621105433
[92mINFO [0m:      		round 75: 0.010481833945959806
[92mINFO [0m:      		round 76: 0.01034869672730565
[92mINFO [0m:      		round 77: 0.01028894679620862
[92mINFO [0m:      		round 78: 0.010278112255036831
[92mINFO [0m:      		round 79: 0.010338172782212496
[92mINFO [0m:      		round 80: 0.010348433163017035
[92mINFO [0m:      		round 81: 0.01031357143074274
[92mINFO [0m:      		round 82: 0.010523856617510319
[92mINFO [0m:      		round 83: 0.010615832637995481
[92mINFO [0m:      		round 84: 0.010640643071383238
[92mINFO [0m:      		round 85: 0.010589063167572021
[92mINFO [0m:      		round 86: 0.010468665044754744
[92mINFO [0m:      		round 87: 0.010405186098068953
[92mINFO [0m:      		round 88: 0.010479024145752192
[92mINFO [0m:      		round 89: 0.010368695016950369
[92mINFO [0m:      		round 90: 0.010310206562280655
[92mINFO [0m:      		round 91: 0.010275771841406822
[92mINFO [0m:      		round 92: 0.010276875924319029
[92mINFO [0m:      		round 93: 0.01019287295639515
[92mINFO [0m:      		round 94: 0.01020883908495307
[92mINFO [0m:      		round 95: 0.010301543865352869
[92mINFO [0m:      		round 96: 0.010415684897452593
[92mINFO [0m:      		round 97: 0.010450384113937616
[92mINFO [0m:      		round 98: 0.010487846564501524
[92mINFO [0m:      		round 99: 0.010475116316229105
[92mINFO [0m:      		round 100: 0.01038656523451209
[92mINFO [0m:      	History (metrics, distributed, evaluate):
[92mINFO [0m:      	{'accuracy': [(1, 0.21112696081399918),
[92mINFO [0m:      	              (2, 0.22919638454914093),
[92mINFO [0m:      	              (3, 0.22990965098142624),
[92mINFO [0m:      	              (4, 0.22990965098142624),
[92mINFO [0m:      	              (5, 0.22990965098142624),
[92mINFO [0m:      	              (6, 0.22990965098142624),
[92mINFO [0m:      	              (7, 0.560627669095993),
[92mINFO [0m:      	              (8, 0.7631954550743103),
[92mINFO [0m:      	              (9, 0.8735140264034271),
[92mINFO [0m:      	              (10, 0.8844507932662964),
[92mINFO [0m:      	              (11, 0.927960067987442),
[92mINFO [0m:      	              (12, 0.9365192353725433),
[92mINFO [0m:      	              (13, 0.9457917511463165),
[92mINFO [0m:      	              (14, 0.9503090977668762),
[92mINFO [0m:      	              (15, 0.9526866376399994),
[92mINFO [0m:      	              (16, 0.9538754224777222),
[92mINFO [0m:      	              (17, 0.9543509185314178),
[92mINFO [0m:      	              (18, 0.9545886814594269),
[92mINFO [0m:      	              (19, 0.9543509185314178),
[92mINFO [0m:      	              (20, 0.9550641775131226),
[92mINFO [0m:      	              (21, 0.9871611893177032),
[92mINFO [0m:      	              (22, 0.9871611893177032),
[92mINFO [0m:      	              (23, 0.9876367151737213),
[92mINFO [0m:      	              (24, 0.9881122410297394),
[92mINFO [0m:      	              (25, 0.9878744781017303),
[92mINFO [0m:      	              (26, 0.988349974155426),
[92mINFO [0m:      	              (27, 0.988349974155426),
[92mINFO [0m:      	              (28, 0.9888255000114441),
[92mINFO [0m:      	              (29, 0.9890632629394531),
[92mINFO [0m:      	              (30, 0.9888255000114441),
[92mINFO [0m:      	              (31, 0.9893009960651398),
[92mINFO [0m:      	              (32, 0.9895387291908264),
[92mINFO [0m:      	              (33, 0.9895387291908264),
[92mINFO [0m:      	              (34, 0.9890632331371307),
[92mINFO [0m:      	              (35, 0.9885877370834351),
[92mINFO [0m:      	              (36, 0.9888254702091217),
[92mINFO [0m:      	              (37, 0.9888255000114441),
[92mINFO [0m:      	              (38, 0.9890632331371307),
[92mINFO [0m:      	              (39, 0.9893009960651398),
[92mINFO [0m:      	              (40, 0.9885877370834351),
[92mINFO [0m:      	              (41, 0.9890632629394531),
[92mINFO [0m:      	              (42, 0.9890632629394531),
[92mINFO [0m:      	              (43, 0.9893009960651398),
[92mINFO [0m:      	              (44, 0.9885877370834351),
[92mINFO [0m:      	              (45, 0.988112211227417),
[92mINFO [0m:      	              (46, 0.987874448299408),
[92mINFO [0m:      	              (47, 0.988112211227417),
[92mINFO [0m:      	              (48, 0.9885877370834351),
[92mINFO [0m:      	              (49, 0.9888255000114441),
[92mINFO [0m:      	              (50, 0.988349974155426),
[92mINFO [0m:      	              (51, 0.988349974155426),
[92mINFO [0m:      	              (52, 0.988112211227417),
[92mINFO [0m:      	              (53, 0.988112211227417),
[92mINFO [0m:      	              (54, 0.988112211227417),
[92mINFO [0m:      	              (55, 0.988349974155426),
[92mINFO [0m:      	              (56, 0.988349974155426),
[92mINFO [0m:      	              (57, 0.988349974155426),
[92mINFO [0m:      	              (58, 0.9888255000114441),
[92mINFO [0m:      	              (59, 0.988349974155426),
[92mINFO [0m:      	              (60, 0.988112211227417),
[92mINFO [0m:      	              (61, 0.9873989522457123),
[92mINFO [0m:      	              (62, 0.9873989522457123),
[92mINFO [0m:      	              (63, 0.9869234263896942),
[92mINFO [0m:      	              (64, 0.9873989522457123),
[92mINFO [0m:      	              (65, 0.987874448299408),
[92mINFO [0m:      	              (66, 0.9876367151737213),
[92mINFO [0m:      	              (67, 0.9876367151737213),
[92mINFO [0m:      	              (68, 0.9869234263896942),
[92mINFO [0m:      	              (69, 0.9862101972103119),
[92mINFO [0m:      	              (70, 0.9864479303359985),
[92mINFO [0m:      	              (71, 0.9869234263896942),
[92mINFO [0m:      	              (72, 0.9871611893177032),
[92mINFO [0m:      	              (73, 0.9873989522457123),
[92mINFO [0m:      	              (74, 0.9876367151737213),
[92mINFO [0m:      	              (75, 0.988112211227417),
[92mINFO [0m:      	              (76, 0.987874448299408),
[92mINFO [0m:      	              (77, 0.987874448299408),
[92mINFO [0m:      	              (78, 0.987874448299408),
[92mINFO [0m:      	              (79, 0.987874448299408),
[92mINFO [0m:      	              (80, 0.9885877370834351),
[92mINFO [0m:      	              (81, 0.9885877370834351),
[92mINFO [0m:      	              (82, 0.9885877370834351),
[92mINFO [0m:      	              (83, 0.9885877370834351),
[92mINFO [0m:      	              (84, 0.988112211227417),
[92mINFO [0m:      	              (85, 0.9876367151737213),
[92mINFO [0m:      	              (86, 0.9876367151737213),
[92mINFO [0m:      	              (87, 0.9876367151737213),
[92mINFO [0m:      	              (88, 0.9873989522457123),
[92mINFO [0m:      	              (89, 0.9871611893177032),
[92mINFO [0m:      	              (90, 0.9871611893177032),
[92mINFO [0m:      	              (91, 0.9866856634616852),
[92mINFO [0m:      	              (92, 0.9873989522457123),
[92mINFO [0m:      	              (93, 0.9876367151737213),
[92mINFO [0m:      	              (94, 0.987874448299408),
[92mINFO [0m:      	              (95, 0.988112211227417),
[92mINFO [0m:      	              (96, 0.9878744781017303),
[92mINFO [0m:      	              (97, 0.988112211227417),
[92mINFO [0m:      	              (98, 0.988112211227417),
[92mINFO [0m:      	              (99, 0.988112211227417),
[92mINFO [0m:      	              (100, 0.988112211227417)],
[92mINFO [0m:      	 'actual_attack': [(1, 1621),
[92mINFO [0m:      	                   (2, 1621),
[92mINFO [0m:      	                   (3, 1621),
[92mINFO [0m:      	                   (4, 1621),
[92mINFO [0m:      	                   (5, 1621),
[92mINFO [0m:      	                   (6, 1621),
[92mINFO [0m:      	                   (7, 1621),
[92mINFO [0m:      	                   (8, 1621),
[92mINFO [0m:      	                   (9, 1621),
[92mINFO [0m:      	                   (10, 1621),
[92mINFO [0m:      	                   (11, 1621),
[92mINFO [0m:      	                   (12, 1621),
[92mINFO [0m:      	                   (13, 1621),
[92mINFO [0m:      	                   (14, 1621),
[92mINFO [0m:      	                   (15, 1621),
[92mINFO [0m:      	                   (16, 1621),
[92mINFO [0m:      	                   (17, 1621),
[92mINFO [0m:      	                   (18, 1621),
[92mINFO [0m:      	                   (19, 1621),
[92mINFO [0m:      	                   (20, 1621),
[92mINFO [0m:      	                   (21, 1621),
[92mINFO [0m:      	                   (22, 1621),
[92mINFO [0m:      	                   (23, 1621),
[92mINFO [0m:      	                   (24, 1621),
[92mINFO [0m:      	                   (25, 1621),
[92mINFO [0m:      	                   (26, 1621),
[92mINFO [0m:      	                   (27, 1621),
[92mINFO [0m:      	                   (28, 1621),
[92mINFO [0m:      	                   (29, 1621),
[92mINFO [0m:      	                   (30, 1621),
[92mINFO [0m:      	                   (31, 1621),
[92mINFO [0m:      	                   (32, 1621),
[92mINFO [0m:      	                   (33, 1621),
[92mINFO [0m:      	                   (34, 1621),
[92mINFO [0m:      	                   (35, 1621),
[92mINFO [0m:      	                   (36, 1621),
[92mINFO [0m:      	                   (37, 1621),
[92mINFO [0m:      	                   (38, 1621),
[92mINFO [0m:      	                   (39, 1621),
[92mINFO [0m:      	                   (40, 1621),
[92mINFO [0m:      	                   (41, 1621),
[92mINFO [0m:      	                   (42, 1621),
[92mINFO [0m:      	                   (43, 1621),
[92mINFO [0m:      	                   (44, 1621),
[92mINFO [0m:      	                   (45, 1621),
[92mINFO [0m:      	                   (46, 1621),
[92mINFO [0m:      	                   (47, 1621),
[92mINFO [0m:      	                   (48, 1621),
[92mINFO [0m:      	                   (49, 1621),
[92mINFO [0m:      	                   (50, 1621),
[92mINFO [0m:      	                   (51, 1621),
[92mINFO [0m:      	                   (52, 1621),
[92mINFO [0m:      	                   (53, 1621),
[92mINFO [0m:      	                   (54, 1621),
[92mINFO [0m:      	                   (55, 1621),
[92mINFO [0m:      	                   (56, 1621),
[92mINFO [0m:      	                   (57, 1621),
[92mINFO [0m:      	                   (58, 1621),
[92mINFO [0m:      	                   (59, 1621),
[92mINFO [0m:      	                   (60, 1621),
[92mINFO [0m:      	                   (61, 1621),
[92mINFO [0m:      	                   (62, 1621),
[92mINFO [0m:      	                   (63, 1621),
[92mINFO [0m:      	                   (64, 1621),
[92mINFO [0m:      	                   (65, 1621),
[92mINFO [0m:      	                   (66, 1621),
[92mINFO [0m:      	                   (67, 1621),
[92mINFO [0m:      	                   (68, 1621),
[92mINFO [0m:      	                   (69, 1621),
[92mINFO [0m:      	                   (70, 1621),
[92mINFO [0m:      	                   (71, 1621),
[92mINFO [0m:      	                   (72, 1621),
[92mINFO [0m:      	                   (73, 1621),
[92mINFO [0m:      	                   (74, 1621),
[92mINFO [0m:      	                   (75, 1621),
[92mINFO [0m:      	                   (76, 1621),
[92mINFO [0m:      	                   (77, 1621),
[92mINFO [0m:      	                   (78, 1621),
[92mINFO [0m:      	                   (79, 1621),
[92mINFO [0m:      	                   (80, 1621),
[92mINFO [0m:      	                   (81, 1621),
[92mINFO [0m:      	                   (82, 1621),
[92mINFO [0m:      	                   (83, 1621),
[92mINFO [0m:      	                   (84, 1621),
[92mINFO [0m:      	                   (85, 1621),
[92mINFO [0m:      	                   (86, 1621),
[92mINFO [0m:      	                   (87, 1621),
[92mINFO [0m:      	                   (88, 1621),
[92mINFO [0m:      	                   (89, 1621),
[92mINFO [0m:      	                   (90, 1621),
[92mINFO [0m:      	                   (91, 1621),
[92mINFO [0m:      	                   (92, 1621),
[92mINFO [0m:      	                   (93, 1621),
[92mINFO [0m:      	                   (94, 1621),
[92mINFO [0m:      	                   (95, 1621),
[92mINFO [0m:      	                   (96, 1621),
[92mINFO [0m:      	                   (97, 1621),
[92mINFO [0m:      	                   (98, 1621),
[92mINFO [0m:      	                   (99, 1621),
[92mINFO [0m:      	                   (100, 1621)],
[92mINFO [0m:      	 'actual_normal': [(1, 482),
[92mINFO [0m:      	                   (2, 482),
[92mINFO [0m:      	                   (3, 482),
[92mINFO [0m:      	                   (4, 482),
[92mINFO [0m:      	                   (5, 482),
[92mINFO [0m:      	                   (6, 482),
[92mINFO [0m:      	                   (7, 482),
[92mINFO [0m:      	                   (8, 482),
[92mINFO [0m:      	                   (9, 482),
[92mINFO [0m:      	                   (10, 482),
[92mINFO [0m:      	                   (11, 482),
[92mINFO [0m:      	                   (12, 482),
[92mINFO [0m:      	                   (13, 482),
[92mINFO [0m:      	                   (14, 482),
[92mINFO [0m:      	                   (15, 482),
[92mINFO [0m:      	                   (16, 482),
[92mINFO [0m:      	                   (17, 482),
[92mINFO [0m:      	                   (18, 482),
[92mINFO [0m:      	                   (19, 482),
[92mINFO [0m:      	                   (20, 482),
[92mINFO [0m:      	                   (21, 482),
[92mINFO [0m:      	                   (22, 482),
[92mINFO [0m:      	                   (23, 482),
[92mINFO [0m:      	                   (24, 482),
[92mINFO [0m:      	                   (25, 482),
[92mINFO [0m:      	                   (26, 482),
[92mINFO [0m:      	                   (27, 482),
[92mINFO [0m:      	                   (28, 482),
[92mINFO [0m:      	                   (29, 482),
[92mINFO [0m:      	                   (30, 482),
[92mINFO [0m:      	                   (31, 482),
[92mINFO [0m:      	                   (32, 482),
[92mINFO [0m:      	                   (33, 482),
[92mINFO [0m:      	                   (34, 482),
[92mINFO [0m:      	                   (35, 482),
[92mINFO [0m:      	                   (36, 482),
[92mINFO [0m:      	                   (37, 482),
[92mINFO [0m:      	                   (38, 482),
[92mINFO [0m:      	                   (39, 482),
[92mINFO [0m:      	                   (40, 482),
[92mINFO [0m:      	                   (41, 482),
[92mINFO [0m:      	                   (42, 482),
[92mINFO [0m:      	                   (43, 482),
[92mINFO [0m:      	                   (44, 482),
[92mINFO [0m:      	                   (45, 482),
[92mINFO [0m:      	                   (46, 482),
[92mINFO [0m:      	                   (47, 482),
[92mINFO [0m:      	                   (48, 482),
[92mINFO [0m:      	                   (49, 482),
[92mINFO [0m:      	                   (50, 482),
[92mINFO [0m:      	                   (51, 482),
[92mINFO [0m:      	                   (52, 482),
[92mINFO [0m:      	                   (53, 482),
[92mINFO [0m:      	                   (54, 482),
[92mINFO [0m:      	                   (55, 482),
[92mINFO [0m:      	                   (56, 482),
[92mINFO [0m:      	                   (57, 482),
[92mINFO [0m:      	                   (58, 482),
[92mINFO [0m:      	                   (59, 482),
[92mINFO [0m:      	                   (60, 482),
[92mINFO [0m:      	                   (61, 482),
[92mINFO [0m:      	                   (62, 482),
[92mINFO [0m:      	                   (63, 482),
[92mINFO [0m:      	                   (64, 482),
[92mINFO [0m:      	                   (65, 482),
[92mINFO [0m:      	                   (66, 482),
[92mINFO [0m:      	                   (67, 482),
[92mINFO [0m:      	                   (68, 482),
[92mINFO [0m:      	                   (69, 482),
[92mINFO [0m:      	                   (70, 482),
[92mINFO [0m:      	                   (71, 482),
[92mINFO [0m:      	                   (72, 482),
[92mINFO [0m:      	                   (73, 482),
[92mINFO [0m:      	                   (74, 482),
[92mINFO [0m:      	                   (75, 482),
[92mINFO [0m:      	                   (76, 482),
[92mINFO [0m:      	                   (77, 482),
[92mINFO [0m:      	                   (78, 482),
[92mINFO [0m:      	                   (79, 482),
[92mINFO [0m:      	                   (80, 482),
[92mINFO [0m:      	                   (81, 482),
[92mINFO [0m:      	                   (82, 482),
[92mINFO [0m:      	                   (83, 482),
[92mINFO [0m:      	                   (84, 482),
[92mINFO [0m:      	                   (85, 482),
[92mINFO [0m:      	                   (86, 482),
[92mINFO [0m:      	                   (87, 482),
[92mINFO [0m:      	                   (88, 482),
[92mINFO [0m:      	                   (89, 482),
[92mINFO [0m:      	                   (90, 482),
[92mINFO [0m:      	                   (91, 482),
[92mINFO [0m:      	                   (92, 482),
[92mINFO [0m:      	                   (93, 482),
[92mINFO [0m:      	                   (94, 482),
[92mINFO [0m:      	                   (95, 482),
[92mINFO [0m:      	                   (96, 482),
[92mINFO [0m:      	                   (97, 482),
[92mINFO [0m:      	                   (98, 482),
[92mINFO [0m:      	                   (99, 482),
[92mINFO [0m:      	                   (100, 482)],
[92mINFO [0m:      	 'f1_score': [(1, 0.005978861811967776),
[92mINFO [0m:      	              (2, 0.0024615384615384616),
[92mINFO [0m:      	              (3, 0.0018472906403940886),
[92mINFO [0m:      	              (4, 0.0018472906403940886),
[92mINFO [0m:      	              (5, 0.0018472906403940886),
[92mINFO [0m:      	              (6, 0.0018472906403940886),
[92mINFO [0m:      	              (7, 0.60134900352745),
[92mINFO [0m:      	              (8, 0.8185706231844667),
[92mINFO [0m:      	              (9, 0.9106480679101945),
[92mINFO [0m:      	              (10, 0.919026991002999),
[92mINFO [0m:      	              (11, 0.9510071912807054),
[92mINFO [0m:      	              (12, 0.9570763008973073),
[92mINFO [0m:      	              (13, 0.9635744662781885),
[92mINFO [0m:      	              (14, 0.9667224322726714),
[92mINFO [0m:      	              (15, 0.9683744730021554),
[92mINFO [0m:      	              (16, 0.969221663928882),
[92mINFO [0m:      	              (17, 0.9695587920263113),
[92mINFO [0m:      	              (18, 0.9697227205615453),
[92mINFO [0m:      	              (19, 0.9695689838515995),
[92mINFO [0m:      	              (20, 0.9700492249881442),
[92mINFO [0m:      	              (21, 0.9916498282244641),
[92mINFO [0m:      	              (22, 0.9916488601060247),
[92mINFO [0m:      	              (23, 0.9919615303173114),
[92mINFO [0m:      	              (24, 0.992270851486772),
[92mINFO [0m:      	              (25, 0.9921177201751019),
[92mINFO [0m:      	              (26, 0.9924298098445217),
[92mINFO [0m:      	              (27, 0.992432091853694),
[92mINFO [0m:      	              (28, 0.9927437953929937),
[92mINFO [0m:      	              (29, 0.9928990185476527),
[92mINFO [0m:      	              (30, 0.992743214999466),
[92mINFO [0m:      	              (31, 0.9930513814093274),
[92mINFO [0m:      	              (32, 0.9932077639933901),
[92mINFO [0m:      	              (33, 0.9932077639933902),
[92mINFO [0m:      	              (34, 0.992897220578546),
[92mINFO [0m:      	              (35, 0.9925860979506598),
[92mINFO [0m:      	              (36, 0.9927418051453842),
[92mINFO [0m:      	              (37, 0.9927415133838215),
[92mINFO [0m:      	              (38, 0.992897220578546),
[92mINFO [0m:      	              (39, 0.9930525401650022),
[92mINFO [0m:      	              (40, 0.992585709835635),
[92mINFO [0m:      	              (41, 0.9928968329702778),
[92mINFO [0m:      	              (42, 0.9928968329702776),
[92mINFO [0m:      	              (43, 0.9930520567986657),
[92mINFO [0m:      	              (44, 0.992585709835635),
[92mINFO [0m:      	              (45, 0.9922743944113601),
[92mINFO [0m:      	              (46, 0.9921188830427456),
[92mINFO [0m:      	              (47, 0.9922743944113601),
[92mINFO [0m:      	              (48, 0.992585129430978),
[92mINFO [0m:      	              (49, 0.9927415133838215),
[92mINFO [0m:      	              (50, 0.9924302944024733),
[92mINFO [0m:      	              (51, 0.9924302944024732),
[92mINFO [0m:      	              (52, 0.9922743944113601),
[92mINFO [0m:      	              (53, 0.9922719981454708),
[92mINFO [0m:      	              (54, 0.9922719981454707),
[92mINFO [0m:      	              (55, 0.9924274135786324),
[92mINFO [0m:      	              (56, 0.9924274135786324),
[92mINFO [0m:      	              (57, 0.9924274135786324),
[92mINFO [0m:      	              (58, 0.9927387304305821),
[92mINFO [0m:      	              (59, 0.9924274135786324),
[92mINFO [0m:      	              (60, 0.9922719981454708),
[92mINFO [0m:      	              (61, 0.991803426073979),
[92mINFO [0m:      	              (62, 0.991803426073979),
[92mINFO [0m:      	              (63, 0.991490560230545),
[92mINFO [0m:      	              (64, 0.991803426073979),
[92mINFO [0m:      	              (65, 0.9921159042273964),
[92mINFO [0m:      	              (66, 0.9919597135668874),
[92mINFO [0m:      	              (67, 0.9919597135668874),
[92mINFO [0m:      	              (68, 0.9914915302899798),
[92mINFO [0m:      	              (69, 0.9910228629379929),
[92mINFO [0m:      	              (70, 0.9911784703309163),
[92mINFO [0m:      	              (71, 0.9914915302899799),
[92mINFO [0m:      	              (72, 0.9916470416585943),
[92mINFO [0m:      	              (73, 0.991803426073979),
[92mINFO [0m:      	              (74, 0.9919597135668874),
[92mINFO [0m:      	              (75, 0.9922690348340907),
[92mINFO [0m:      	              (76, 0.9921140084904579),
[92mINFO [0m:      	              (77, 0.9921135227304463),
[92mINFO [0m:      	              (78, 0.9921135227304464),
[92mINFO [0m:      	              (79, 0.9921135227304463),
[92mINFO [0m:      	              (80, 0.9925811260176586),
[92mINFO [0m:      	              (81, 0.9925811260176586),
[92mINFO [0m:      	              (82, 0.9925811260176586),
[92mINFO [0m:      	              (83, 0.9925811260176586),
[92mINFO [0m:      	              (84, 0.9922696166485208),
[92mINFO [0m:      	              (85, 0.9919573320699373),
[92mINFO [0m:      	              (86, 0.9919573320699373),
[92mINFO [0m:      	              (87, 0.9919573320699373),
[92mINFO [0m:      	              (88, 0.9918017239118746),
[92mINFO [0m:      	              (89, 0.9916454364189662),
[92mINFO [0m:      	              (90, 0.9916454364189662),
[92mINFO [0m:      	              (91, 0.9913325705755323),
[92mINFO [0m:      	              (92, 0.9917986601372346),
[92mINFO [0m:      	              (93, 0.991954947630143),
[92mINFO [0m:      	              (94, 0.9921135227304463),
[92mINFO [0m:      	              (95, 0.992264250432806),
[92mINFO [0m:      	              (96, 0.9921079621356853),
[92mINFO [0m:      	              (97, 0.992264250432806),
[92mINFO [0m:      	              (98, 0.992264250432806),
[92mINFO [0m:      	              (99, 0.992264250432806),
[92mINFO [0m:      	              (100, 0.992264250432806)],
[92mINFO [0m:      	 'false_negatives': [(1, 1618),
[92mINFO [0m:      	                     (2, 1618),
[92mINFO [0m:      	                     (3, 1618),
[92mINFO [0m:      	                     (4, 1621),
[92mINFO [0m:      	                     (5, 1621),
[92mINFO [0m:      	                     (6, 1618),
[92mINFO [0m:      	                     (7, 935),
[92mINFO [0m:      	                     (8, 490),
[92mINFO [0m:      	                     (9, 264),
[92mINFO [0m:      	                     (10, 242),
[92mINFO [0m:      	                     (11, 156),
[92mINFO [0m:      	                     (12, 139),
[92mINFO [0m:      	                     (13, 119),
[92mINFO [0m:      	                     (14, 108),
[92mINFO [0m:      	                     (15, 92),
[92mINFO [0m:      	                     (16, 100),
[92mINFO [0m:      	                     (17, 86),
[92mINFO [0m:      	                     (18, 86),
[92mINFO [0m:      	                     (19, 86),
[92mINFO [0m:      	                     (20, 85),
[92mINFO [0m:      	                     (21, 13),
[92mINFO [0m:      	                     (22, 23),
[92mINFO [0m:      	                     (23, 12),
[92mINFO [0m:      	                     (24, 12),
[92mINFO [0m:      	                     (25, 20),
[92mINFO [0m:      	                     (26, 18),
[92mINFO [0m:      	                     (27, 11),
[92mINFO [0m:      	                     (28, 16),
[92mINFO [0m:      	                     (29, 10),
[92mINFO [0m:      	                     (30, 17),
[92mINFO [0m:      	                     (31, 17),
[92mINFO [0m:      	                     (32, 10),
[92mINFO [0m:      	                     (33, 15),
[92mINFO [0m:      	                     (34, 15),
[92mINFO [0m:      	                     (35, 16),
[92mINFO [0m:      	                     (36, 15),
[92mINFO [0m:      	                     (37, 12),
[92mINFO [0m:      	                     (38, 12),
[92mINFO [0m:      	                     (39, 15),
[92mINFO [0m:      	                     (40, 17),
[92mINFO [0m:      	                     (41, 11),
[92mINFO [0m:      	                     (42, 16),
[92mINFO [0m:      	                     (43, 10),
[92mINFO [0m:      	                     (44, 17),
[92mINFO [0m:      	                     (45, 13),
[92mINFO [0m:      	                     (46, 14),
[92mINFO [0m:      	                     (47, 13),
[92mINFO [0m:      	                     (48, 18),
[92mINFO [0m:      	                     (49, 12),
[92mINFO [0m:      	                     (50, 17),
[92mINFO [0m:      	                     (51, 13),
[92mINFO [0m:      	                     (52, 18),
[92mINFO [0m:      	                     (53, 13),
[92mINFO [0m:      	                     (54, 13),
[92mINFO [0m:      	                     (55, 12),
[92mINFO [0m:      	                     (56, 19),
[92mINFO [0m:      	                     (57, 12),
[92mINFO [0m:      	                     (58, 11),
[92mINFO [0m:      	                     (59, 19),
[92mINFO [0m:      	                     (60, 13),
[92mINFO [0m:      	                     (61, 13),
[92mINFO [0m:      	                     (62, 13),
[92mINFO [0m:      	                     (63, 24),
[92mINFO [0m:      	                     (64, 22),
[92mINFO [0m:      	                     (65, 20),
[92mINFO [0m:      	                     (66, 13),
[92mINFO [0m:      	                     (67, 21),
[92mINFO [0m:      	                     (68, 14),
[92mINFO [0m:      	                     (69, 15),
[92mINFO [0m:      	                     (70, 25),
[92mINFO [0m:      	                     (71, 14),
[92mINFO [0m:      	                     (72, 23),
[92mINFO [0m:      	                     (73, 22),
[92mINFO [0m:      	                     (74, 13),
[92mINFO [0m:      	                     (75, 13),
[92mINFO [0m:      	                     (76, 15),
[92mINFO [0m:      	                     (77, 20),
[92mINFO [0m:      	                     (78, 14),
[92mINFO [0m:      	                     (79, 20),
[92mINFO [0m:      	                     (80, 13),
[92mINFO [0m:      	                     (81, 13),
[92mINFO [0m:      	                     (82, 18),
[92mINFO [0m:      	                     (83, 18),
[92mINFO [0m:      	                     (84, 14),
[92mINFO [0m:      	                     (85, 14),
[92mINFO [0m:      	                     (86, 14),
[92mINFO [0m:      	                     (87, 14),
[92mINFO [0m:      	                     (88, 15),
[92mINFO [0m:      	                     (89, 22),
[92mINFO [0m:      	                     (90, 22),
[92mINFO [0m:      	                     (91, 15),
[92mINFO [0m:      	                     (92, 22),
[92mINFO [0m:      	                     (93, 15),
[92mINFO [0m:      	                     (94, 14),
[92mINFO [0m:      	                     (95, 21),
[92mINFO [0m:      	                     (96, 22),
[92mINFO [0m:      	                     (97, 21),
[92mINFO [0m:      	                     (98, 21),
[92mINFO [0m:      	                     (99, 14),
[92mINFO [0m:      	                     (100, 14)],
[92mINFO [0m:      	 'false_positives': [(1, 36),
[92mINFO [0m:      	                     (2, 1),
[92mINFO [0m:      	                     (3, 0),
[92mINFO [0m:      	                     (4, 0),
[92mINFO [0m:      	                     (5, 0),
[92mINFO [0m:      	                     (6, 0),
[92mINFO [0m:      	                     (7, 0),
[92mINFO [0m:      	                     (8, 0),
[92mINFO [0m:      	                     (9, 0),
[92mINFO [0m:      	                     (10, 1),
[92mINFO [0m:      	                     (11, 1),
[92mINFO [0m:      	                     (12, 1),
[92mINFO [0m:      	                     (13, 1),
[92mINFO [0m:      	                     (14, 1),
[92mINFO [0m:      	                     (15, 3),
[92mINFO [0m:      	                     (16, 2),
[92mINFO [0m:      	                     (17, 5),
[92mINFO [0m:      	                     (18, 5),
[92mINFO [0m:      	                     (19, 5),
[92mINFO [0m:      	                     (20, 5),
[92mINFO [0m:      	                     (21, 12),
[92mINFO [0m:      	                     (22, 7),
[92mINFO [0m:      	                     (23, 12),
[92mINFO [0m:      	                     (24, 11),
[92mINFO [0m:      	                     (25, 7),
[92mINFO [0m:      	                     (26, 7),
[92mINFO [0m:      	                     (27, 13),
[92mINFO [0m:      	                     (28, 7),
[92mINFO [0m:      	                     (29, 13),
[92mINFO [0m:      	                     (30, 7),
[92mINFO [0m:      	                     (31, 7),
[92mINFO [0m:      	                     (32, 12),
[92mINFO [0m:      	                     (33, 7),
[92mINFO [0m:      	                     (34, 7),
[92mINFO [0m:      	                     (35, 7),
[92mINFO [0m:      	                     (36, 7),
[92mINFO [0m:      	                     (37, 12),
[92mINFO [0m:      	                     (38, 12),
[92mINFO [0m:      	                     (39, 7),
[92mINFO [0m:      	                     (40, 7),
[92mINFO [0m:      	                     (41, 12),
[92mINFO [0m:      	                     (42, 7),
[92mINFO [0m:      	                     (43, 12),
[92mINFO [0m:      	                     (44, 7),
[92mINFO [0m:      	                     (45, 12),
[92mINFO [0m:      	                     (46, 12),
[92mINFO [0m:      	                     (47, 12),
[92mINFO [0m:      	                     (48, 7),
[92mINFO [0m:      	                     (49, 12),
[92mINFO [0m:      	                     (50, 7),
[92mINFO [0m:      	                     (51, 12),
[92mINFO [0m:      	                     (52, 7),
[92mINFO [0m:      	                     (53, 12),
[92mINFO [0m:      	                     (54, 12),
[92mINFO [0m:      	                     (55, 12),
[92mINFO [0m:      	                     (56, 6),
[92mINFO [0m:      	                     (57, 12),
[92mINFO [0m:      	                     (58, 12),
[92mINFO [0m:      	                     (59, 6),
[92mINFO [0m:      	                     (60, 12),
[92mINFO [0m:      	                     (61, 12),
[92mINFO [0m:      	                     (62, 12),
[92mINFO [0m:      	                     (63, 6),
[92mINFO [0m:      	                     (64, 6),
[92mINFO [0m:      	                     (65, 6),
[92mINFO [0m:      	                     (66, 12),
[92mINFO [0m:      	                     (67, 6),
[92mINFO [0m:      	                     (68, 12),
[92mINFO [0m:      	                     (69, 12),
[92mINFO [0m:      	                     (70, 6),
[92mINFO [0m:      	                     (71, 12),
[92mINFO [0m:      	                     (72, 6),
[92mINFO [0m:      	                     (73, 6),
[92mINFO [0m:      	                     (74, 12),
[92mINFO [0m:      	                     (75, 11),
[92mINFO [0m:      	                     (76, 11),
[92mINFO [0m:      	                     (77, 6),
[92mINFO [0m:      	                     (78, 11),
[92mINFO [0m:      	                     (79, 6),
[92mINFO [0m:      	                     (80, 11),
[92mINFO [0m:      	                     (81, 11),
[92mINFO [0m:      	                     (82, 6),
[92mINFO [0m:      	                     (83, 6),
[92mINFO [0m:      	                     (84, 11),
[92mINFO [0m:      	                     (85, 11),
[92mINFO [0m:      	                     (86, 11),
[92mINFO [0m:      	                     (87, 11),
[92mINFO [0m:      	                     (88, 11),
[92mINFO [0m:      	                     (89, 6),
[92mINFO [0m:      	                     (90, 6),
[92mINFO [0m:      	                     (91, 11),
[92mINFO [0m:      	                     (92, 6),
[92mINFO [0m:      	                     (93, 10),
[92mINFO [0m:      	                     (94, 11),
[92mINFO [0m:      	                     (95, 5),
[92mINFO [0m:      	                     (96, 5),
[92mINFO [0m:      	                     (97, 5),
[92mINFO [0m:      	                     (98, 5),
[92mINFO [0m:      	                     (99, 10),
[92mINFO [0m:      	                     (100, 10)],
[92mINFO [0m:      	 'loss': [(1, 0.07779685035347939),
[92mINFO [0m:      	          (2, 0.08460286632180214),
[92mINFO [0m:      	          (3, 0.0900917500257492),
[92mINFO [0m:      	          (4, 0.08862019702792168),
[92mINFO [0m:      	          (5, 0.0802747868001461),
[92mINFO [0m:      	          (6, 0.0696118026971817),
[92mINFO [0m:      	          (7, 0.0577229131013155),
[92mINFO [0m:      	          (8, 0.046702729538083076),
[92mINFO [0m:      	          (9, 0.03793102316558361),
[92mINFO [0m:      	          (10, 0.031118018552660942),
[92mINFO [0m:      	          (11, 0.02502180729061365),
[92mINFO [0m:      	          (12, 0.02001091744750738),
[92mINFO [0m:      	          (13, 0.016513722948729992),
[92mINFO [0m:      	          (14, 0.014291594736278057),
[92mINFO [0m:      	          (15, 0.01283254660665989),
[92mINFO [0m:      	          (16, 0.011579623445868492),
[92mINFO [0m:      	          (17, 0.010469122789800167),
[92mINFO [0m:      	          (18, 0.009650401771068573),
[92mINFO [0m:      	          (19, 0.009358072187751532),
[92mINFO [0m:      	          (20, 0.009330340661108494),
[92mINFO [0m:      	          (21, 0.009369828272610903),
[92mINFO [0m:      	          (22, 0.009467314463108778),
[92mINFO [0m:      	          (23, 0.009566460736095905),
[92mINFO [0m:      	          (24, 0.009581965859979391),
[92mINFO [0m:      	          (25, 0.009694915730506182),
[92mINFO [0m:      	          (26, 0.00951333623379469),
[92mINFO [0m:      	          (27, 0.009479815140366554),
[92mINFO [0m:      	          (28, 0.009478469379246235),
[92mINFO [0m:      	          (29, 0.009530031122267246),
[92mINFO [0m:      	          (30, 0.009470922872424126),
[92mINFO [0m:      	          (31, 0.009506965521723032),
[92mINFO [0m:      	          (32, 0.00962721649557352),
[92mINFO [0m:      	          (33, 0.009586004540324211),
[92mINFO [0m:      	          (34, 0.00965304160490632),
[92mINFO [0m:      	          (35, 0.009732323233038187),
[92mINFO [0m:      	          (36, 0.00942869670689106),
[92mINFO [0m:      	          (37, 0.009139097295701504),
[92mINFO [0m:      	          (38, 0.008834367152303457),
[92mINFO [0m:      	          (39, 0.008868471719324589),
[92mINFO [0m:      	          (40, 0.009069958701729774),
[92mINFO [0m:      	          (41, 0.009164219256490469),
[92mINFO [0m:      	          (42, 0.009330494329333305),
[92mINFO [0m:      	          (43, 0.00943992706015706),
[92mINFO [0m:      	          (44, 0.00971940066665411),
[92mINFO [0m:      	          (45, 0.009752449113875628),
[92mINFO [0m:      	          (46, 0.009761211927980185),
[92mINFO [0m:      	          (47, 0.00980308186262846),
[92mINFO [0m:      	          (48, 0.009683125652372837),
[92mINFO [0m:      	          (49, 0.009832787793129683),
[92mINFO [0m:      	          (50, 0.010167631786316633),
[92mINFO [0m:      	          (51, 0.010452067945152521),
[92mINFO [0m:      	          (52, 0.010547698475420475),
[92mINFO [0m:      	          (53, 0.0105845145881176),
[92mINFO [0m:      	          (54, 0.010599759873002768),
[92mINFO [0m:      	          (55, 0.010547352489084005),
[92mINFO [0m:      	          (56, 0.010573052801191807),
[92mINFO [0m:      	          (57, 0.010501569136977196),
[92mINFO [0m:      	          (58, 0.010434097610414028),
[92mINFO [0m:      	          (59, 0.010503275319933891),
[92mINFO [0m:      	          (60, 0.010504319332540035),
[92mINFO [0m:      	          (61, 0.010533422697335482),
[92mINFO [0m:      	          (62, 0.010475270450115204),
[92mINFO [0m:      	          (63, 0.010431429371237755),
[92mINFO [0m:      	          (64, 0.010382574517279863),
[92mINFO [0m:      	          (65, 0.010416300036013126),
[92mINFO [0m:      	          (66, 0.010534138884395361),
[92mINFO [0m:      	          (67, 0.010650061070919037),
[92mINFO [0m:      	          (68, 0.010659497231245041),
[92mINFO [0m:      	          (69, 0.010663190390914679),
[92mINFO [0m:      	          (70, 0.010593568440526724),
[92mINFO [0m:      	          (71, 0.010643549729138613),
[92mINFO [0m:      	          (72, 0.010613998863846064),
[92mINFO [0m:      	          (73, 0.010589554440230131),
[92mINFO [0m:      	          (74, 0.010519130621105433),
[92mINFO [0m:      	          (75, 0.010481833945959806),
[92mINFO [0m:      	          (76, 0.01034869672730565),
[92mINFO [0m:      	          (77, 0.01028894679620862),
[92mINFO [0m:      	          (78, 0.010278112255036831),
[92mINFO [0m:      	          (79, 0.010338172782212496),
[92mINFO [0m:      	          (80, 0.010348433163017035),
[92mINFO [0m:      	          (81, 0.01031357143074274),
[92mINFO [0m:      	          (82, 0.010523856617510319),
[92mINFO [0m:      	          (83, 0.010615832637995481),
[92mINFO [0m:      	          (84, 0.010640643071383238),
[92mINFO [0m:      	          (85, 0.010589063167572021),
[92mINFO [0m:      	          (86, 0.010468665044754744),
[92mINFO [0m:      	          (87, 0.010405186098068953),
[92mINFO [0m:      	          (88, 0.010479024145752192),
[92mINFO [0m:      	          (89, 0.010368695016950369),
[92mINFO [0m:      	          (90, 0.010310206562280655),
[92mINFO [0m:      	          (91, 0.010275771841406822),
[92mINFO [0m:      	          (92, 0.010276875924319029),
[92mINFO [0m:      	          (93, 0.01019287295639515),
[92mINFO [0m:      	          (94, 0.01020883908495307),
[92mINFO [0m:      	          (95, 0.010301543865352869),
[92mINFO [0m:      	          (96, 0.010415684897452593),
[92mINFO [0m:      	          (97, 0.010450384113937616),
[92mINFO [0m:      	          (98, 0.010487846564501524),
[92mINFO [0m:      	          (99, 0.010475116316229105),
[92mINFO [0m:      	          (100, 0.01038656523451209)],
[92mINFO [0m:      	 'precision': [(1, 0.09986504723346828),
[92mINFO [0m:      	               (2, 0.5),
[92mINFO [0m:      	               (3, 0.5),
[92mINFO [0m:      	               (4, 0.5),
[92mINFO [0m:      	               (5, 0.5),
[92mINFO [0m:      	               (6, 0.5),
[92mINFO [0m:      	               (7, 1.0),
[92mINFO [0m:      	               (8, 0.9995523724261415),
[92mINFO [0m:      	               (9, 0.9996309963099631),
[92mINFO [0m:      	               (10, 0.9992753623188406),
[92mINFO [0m:      	               (11, 0.999320411844739),
[92mINFO [0m:      	               (12, 0.9993286209843466),
[92mINFO [0m:      	               (13, 0.9993372989993611),
[92mINFO [0m:      	               (14, 0.999014011304329),
[92mINFO [0m:      	               (15, 0.9986917238048255),
[92mINFO [0m:      	               (16, 0.997718969732885),
[92mINFO [0m:      	               (17, 0.9973936613844872),
[92mINFO [0m:      	               (18, 0.9973943051055036),
[92mINFO [0m:      	               (19, 0.9970677228530631),
[92mINFO [0m:      	               (20, 0.997396001440555),
[92mINFO [0m:      	               (21, 0.994116968774503),
[92mINFO [0m:      	               (22, 0.9941178957645083),
[92mINFO [0m:      	               (23, 0.9941206097475304),
[92mINFO [0m:      	               (24, 0.9944283213561821),
[92mINFO [0m:      	               (25, 0.9941219642073409),
[92mINFO [0m:      	               (26, 0.9941246680792855),
[92mINFO [0m:      	               (27, 0.9938211578129604),
[92mINFO [0m:      	               (28, 0.9938238549755454),
[92mINFO [0m:      	               (29, 0.9938263210649195),
[92mINFO [0m:      	               (30, 0.9938249733207352),
[92mINFO [0m:      	               (31, 0.9941328550941342),
[92mINFO [0m:      	               (32, 0.9941332725212089),
[92mINFO [0m:      	               (33, 0.9941332725212089),
[92mINFO [0m:      	               (34, 0.9941287113149522),
[92mINFO [0m:      	               (35, 0.9941250804154029),
[92mINFO [0m:      	               (36, 0.9941264264884848),
[92mINFO [0m:      	               (37, 0.9941273652418704),
[92mINFO [0m:      	               (38, 0.9941287113149522),
[92mINFO [0m:      	               (39, 0.9941309933241244),
[92mINFO [0m:      	               (40, 0.994126017497686),
[92mINFO [0m:      	               (41, 0.9941296472510426),
[92mINFO [0m:      	               (42, 0.9941296472510426),
[92mINFO [0m:      	               (43, 0.994131926448127),
[92mINFO [0m:      	               (44, 0.994126017497686),
[92mINFO [0m:      	               (45, 0.994122383252818),
[92mINFO [0m:      	               (46, 0.9941200956038349),
[92mINFO [0m:      	               (47, 0.9941223832528181),
[92mINFO [0m:      	               (48, 0.9941269500884576),
[92mINFO [0m:      	               (49, 0.9941273652418704),
[92mINFO [0m:      	               (50, 0.9941237326712187),
[92mINFO [0m:      	               (51, 0.9941237326712187),
[92mINFO [0m:      	               (52, 0.9941223832528181),
[92mINFO [0m:      	               (53, 0.9944306246545053),
[92mINFO [0m:      	               (54, 0.9944306246545053),
[92mINFO [0m:      	               (55, 0.9944329094809726),
[92mINFO [0m:      	               (56, 0.9944329094809727),
[92mINFO [0m:      	               (57, 0.9944329094809726),
[92mINFO [0m:      	               (58, 0.9944363510126071),
[92mINFO [0m:      	               (59, 0.9944329094809727),
[92mINFO [0m:      	               (60, 0.9944306246545053),
[92mINFO [0m:      	               (61, 0.9944271374177915),
[92mINFO [0m:      	               (62, 0.9944271374177915),
[92mINFO [0m:      	               (63, 0.9944248053418359),
[92mINFO [0m:      	               (64, 0.9944271374177915),
[92mINFO [0m:      	               (65, 0.9944294636889534),
[92mINFO [0m:      	               (66, 0.9944283012776163),
[92mINFO [0m:      	               (67, 0.9944283012776163),
[92mINFO [0m:      	               (68, 0.994423684457787),
[92mINFO [0m:      	               (69, 0.994419058994551),
[92mINFO [0m:      	               (70, 0.9944213494712832),
[92mINFO [0m:      	               (71, 0.994423684457787),
[92mINFO [0m:      	               (72, 0.9944259721067701),
[92mINFO [0m:      	               (73, 0.9944271374177915),
[92mINFO [0m:      	               (74, 0.9944283012776163),
[92mINFO [0m:      	               (75, 0.9947360086526942),
[92mINFO [0m:      	               (76, 0.9947329678139913),
[92mINFO [0m:      	               (77, 0.994733909049023),
[92mINFO [0m:      	               (78, 0.994733909049023),
[92mINFO [0m:      	               (79, 0.9947339090490229),
[92mINFO [0m:      	               (80, 0.9947383291407084),
[92mINFO [0m:      	               (81, 0.9947383291407083),
[92mINFO [0m:      	               (82, 0.9947383291407084),
[92mINFO [0m:      	               (83, 0.9947383291407083),
[92mINFO [0m:      	               (84, 0.9947350700145748),
[92mINFO [0m:      	               (85, 0.9947327466376858),
[92mINFO [0m:      	               (86, 0.9947327466376858),
[92mINFO [0m:      	               (87, 0.994732746637686),
[92mINFO [0m:      	               (88, 0.9947306444371022),
[92mINFO [0m:      	               (89, 0.9947294805772775),
[92mINFO [0m:      	               (90, 0.9947294805772775),
[92mINFO [0m:      	               (91, 0.9947271485013219),
[92mINFO [0m:      	               (92, 0.9950367817155548),
[92mINFO [0m:      	               (93, 0.9950379455753795),
[92mINFO [0m:      	               (94, 0.9947339090490229),
[92mINFO [0m:      	               (95, 0.9953502216519573),
[92mINFO [0m:      	               (96, 0.9953492505594395),
[92mINFO [0m:      	               (97, 0.9953502216519573),
[92mINFO [0m:      	               (98, 0.9953502216519573),
[92mINFO [0m:      	               (99, 0.9953502216519573),
[92mINFO [0m:      	               (100, 0.9953502216519573)],
[92mINFO [0m:      	 'predicted_attack': [(1, 39),
[92mINFO [0m:      	                      (2, 4),
[92mINFO [0m:      	                      (3, 3),
[92mINFO [0m:      	                      (4, 0),
[92mINFO [0m:      	                      (5, 0),
[92mINFO [0m:      	                      (6, 3),
[92mINFO [0m:      	                      (7, 686),
[92mINFO [0m:      	                      (8, 1131),
[92mINFO [0m:      	                      (9, 1357),
[92mINFO [0m:      	                      (10, 1380),
[92mINFO [0m:      	                      (11, 1466),
[92mINFO [0m:      	                      (12, 1483),
[92mINFO [0m:      	                      (13, 1503),
[92mINFO [0m:      	                      (14, 1514),
[92mINFO [0m:      	                      (15, 1532),
[92mINFO [0m:      	                      (16, 1523),
[92mINFO [0m:      	                      (17, 1540),
[92mINFO [0m:      	                      (18, 1540),
[92mINFO [0m:      	                      (19, 1540),
[92mINFO [0m:      	                      (20, 1541),
[92mINFO [0m:      	                      (21, 1620),
[92mINFO [0m:      	                      (22, 1605),
[92mINFO [0m:      	                      (23, 1621),
[92mINFO [0m:      	                      (24, 1620),
[92mINFO [0m:      	                      (25, 1608),
[92mINFO [0m:      	                      (26, 1610),
[92mINFO [0m:      	                      (27, 1623),
[92mINFO [0m:      	                      (28, 1612),
[92mINFO [0m:      	                      (29, 1624),
[92mINFO [0m:      	                      (30, 1611),
[92mINFO [0m:      	                      (31, 1611),
[92mINFO [0m:      	                      (32, 1623),
[92mINFO [0m:      	                      (33, 1613),
[92mINFO [0m:      	                      (34, 1613),
[92mINFO [0m:      	                      (35, 1612),
[92mINFO [0m:      	                      (36, 1613),
[92mINFO [0m:      	                      (37, 1621),
[92mINFO [0m:      	                      (38, 1621),
[92mINFO [0m:      	                      (39, 1613),
[92mINFO [0m:      	                      (40, 1611),
[92mINFO [0m:      	                      (41, 1622),
[92mINFO [0m:      	                      (42, 1612),
[92mINFO [0m:      	                      (43, 1623),
[92mINFO [0m:      	                      (44, 1611),
[92mINFO [0m:      	                      (45, 1620),
[92mINFO [0m:      	                      (46, 1619),
[92mINFO [0m:      	                      (47, 1620),
[92mINFO [0m:      	                      (48, 1610),
[92mINFO [0m:      	                      (49, 1621),
[92mINFO [0m:      	                      (50, 1611),
[92mINFO [0m:      	                      (51, 1620),
[92mINFO [0m:      	                      (52, 1610),
[92mINFO [0m:      	                      (53, 1620),
[92mINFO [0m:      	                      (54, 1620),
[92mINFO [0m:      	                      (55, 1621),
[92mINFO [0m:      	                      (56, 1608),
[92mINFO [0m:      	                      (57, 1621),
[92mINFO [0m:      	                      (58, 1622),
[92mINFO [0m:      	                      (59, 1608),
[92mINFO [0m:      	                      (60, 1620),
[92mINFO [0m:      	                      (61, 1620),
[92mINFO [0m:      	                      (62, 1620),
[92mINFO [0m:      	                      (63, 1603),
[92mINFO [0m:      	                      (64, 1605),
[92mINFO [0m:      	                      (65, 1607),
[92mINFO [0m:      	                      (66, 1620),
[92mINFO [0m:      	                      (67, 1606),
[92mINFO [0m:      	                      (68, 1619),
[92mINFO [0m:      	                      (69, 1618),
[92mINFO [0m:      	                      (70, 1602),
[92mINFO [0m:      	                      (71, 1619),
[92mINFO [0m:      	                      (72, 1604),
[92mINFO [0m:      	                      (73, 1605),
[92mINFO [0m:      	                      (74, 1620),
[92mINFO [0m:      	                      (75, 1619),
[92mINFO [0m:      	                      (76, 1617),
[92mINFO [0m:      	                      (77, 1607),
[92mINFO [0m:      	                      (78, 1618),
[92mINFO [0m:      	                      (79, 1607),
[92mINFO [0m:      	                      (80, 1619),
[92mINFO [0m:      	                      (81, 1619),
[92mINFO [0m:      	                      (82, 1609),
[92mINFO [0m:      	                      (83, 1609),
[92mINFO [0m:      	                      (84, 1618),
[92mINFO [0m:      	                      (85, 1618),
[92mINFO [0m:      	                      (86, 1618),
[92mINFO [0m:      	                      (87, 1618),
[92mINFO [0m:      	                      (88, 1617),
[92mINFO [0m:      	                      (89, 1605),
[92mINFO [0m:      	                      (90, 1605),
[92mINFO [0m:      	                      (91, 1617),
[92mINFO [0m:      	                      (92, 1605),
[92mINFO [0m:      	                      (93, 1616),
[92mINFO [0m:      	                      (94, 1618),
[92mINFO [0m:      	                      (95, 1605),
[92mINFO [0m:      	                      (96, 1604),
[92mINFO [0m:      	                      (97, 1605),
[92mINFO [0m:      	                      (98, 1605),
[92mINFO [0m:      	                      (99, 1617),
[92mINFO [0m:      	                      (100, 1617)],
[92mINFO [0m:      	 'predicted_normal': [(1, 2064),
[92mINFO [0m:      	                      (2, 2099),
[92mINFO [0m:      	                      (3, 2100),
[92mINFO [0m:      	                      (4, 2103),
[92mINFO [0m:      	                      (5, 2103),
[92mINFO [0m:      	                      (6, 2100),
[92mINFO [0m:      	                      (7, 1417),
[92mINFO [0m:      	                      (8, 972),
[92mINFO [0m:      	                      (9, 746),
[92mINFO [0m:      	                      (10, 723),
[92mINFO [0m:      	                      (11, 637),
[92mINFO [0m:      	                      (12, 620),
[92mINFO [0m:      	                      (13, 600),
[92mINFO [0m:      	                      (14, 589),
[92mINFO [0m:      	                      (15, 571),
[92mINFO [0m:      	                      (16, 580),
[92mINFO [0m:      	                      (17, 563),
[92mINFO [0m:      	                      (18, 563),
[92mINFO [0m:      	                      (19, 563),
[92mINFO [0m:      	                      (20, 562),
[92mINFO [0m:      	                      (21, 483),
[92mINFO [0m:      	                      (22, 498),
[92mINFO [0m:      	                      (23, 482),
[92mINFO [0m:      	                      (24, 483),
[92mINFO [0m:      	                      (25, 495),
[92mINFO [0m:      	                      (26, 493),
[92mINFO [0m:      	                      (27, 480),
[92mINFO [0m:      	                      (28, 491),
[92mINFO [0m:      	                      (29, 479),
[92mINFO [0m:      	                      (30, 492),
[92mINFO [0m:      	                      (31, 492),
[92mINFO [0m:      	                      (32, 480),
[92mINFO [0m:      	                      (33, 490),
[92mINFO [0m:      	                      (34, 490),
[92mINFO [0m:      	                      (35, 491),
[92mINFO [0m:      	                      (36, 490),
[92mINFO [0m:      	                      (37, 482),
[92mINFO [0m:      	                      (38, 482),
[92mINFO [0m:      	                      (39, 490),
[92mINFO [0m:      	                      (40, 492),
[92mINFO [0m:      	                      (41, 481),
[92mINFO [0m:      	                      (42, 491),
[92mINFO [0m:      	                      (43, 480),
[92mINFO [0m:      	                      (44, 492),
[92mINFO [0m:      	                      (45, 483),
[92mINFO [0m:      	                      (46, 484),
[92mINFO [0m:      	                      (47, 483),
[92mINFO [0m:      	                      (48, 493),
[92mINFO [0m:      	                      (49, 482),
[92mINFO [0m:      	                      (50, 492),
[92mINFO [0m:      	                      (51, 483),
[92mINFO [0m:      	                      (52, 493),
[92mINFO [0m:      	                      (53, 483),
[92mINFO [0m:      	                      (54, 483),
[92mINFO [0m:      	                      (55, 482),
[92mINFO [0m:      	                      (56, 495),
[92mINFO [0m:      	                      (57, 482),
[92mINFO [0m:      	                      (58, 481),
[92mINFO [0m:      	                      (59, 495),
[92mINFO [0m:      	                      (60, 483),
[92mINFO [0m:      	                      (61, 483),
[92mINFO [0m:      	                      (62, 483),
[92mINFO [0m:      	                      (63, 500),
[92mINFO [0m:      	                      (64, 498),
[92mINFO [0m:      	                      (65, 496),
[92mINFO [0m:      	                      (66, 483),
[92mINFO [0m:      	                      (67, 497),
[92mINFO [0m:      	                      (68, 484),
[92mINFO [0m:      	                      (69, 485),
[92mINFO [0m:      	                      (70, 501),
[92mINFO [0m:      	                      (71, 484),
[92mINFO [0m:      	                      (72, 499),
[92mINFO [0m:      	                      (73, 498),
[92mINFO [0m:      	                      (74, 483),
[92mINFO [0m:      	                      (75, 484),
[92mINFO [0m:      	                      (76, 486),
[92mINFO [0m:      	                      (77, 496),
[92mINFO [0m:      	                      (78, 485),
[92mINFO [0m:      	                      (79, 496),
[92mINFO [0m:      	                      (80, 484),
[92mINFO [0m:      	                      (81, 484),
[92mINFO [0m:      	                      (82, 494),
[92mINFO [0m:      	                      (83, 494),
[92mINFO [0m:      	                      (84, 485),
[92mINFO [0m:      	                      (85, 485),
[92mINFO [0m:      	                      (86, 485),
[92mINFO [0m:      	                      (87, 485),
[92mINFO [0m:      	                      (88, 486),
[92mINFO [0m:      	                      (89, 498),
[92mINFO [0m:      	                      (90, 498),
[92mINFO [0m:      	                      (91, 486),
[92mINFO [0m:      	                      (92, 498),
[92mINFO [0m:      	                      (93, 487),
[92mINFO [0m:      	                      (94, 485),
[92mINFO [0m:      	                      (95, 498),
[92mINFO [0m:      	                      (96, 499),
[92mINFO [0m:      	                      (97, 498),
[92mINFO [0m:      	                      (98, 498),
[92mINFO [0m:      	                      (99, 486),
[92mINFO [0m:      	                      (100, 486)],
[92mINFO [0m:      	 'recall': [(1, 0.003084515731030228),
[92mINFO [0m:      	            (2, 0.0012338062924120913),
[92mINFO [0m:      	            (3, 0.0009253547193090684),
[92mINFO [0m:      	            (4, 0.0009253547193090684),
[92mINFO [0m:      	            (5, 0.0009253547193090684),
[92mINFO [0m:      	            (6, 0.0009253547193090684),
[92mINFO [0m:      	            (7, 0.4299814929056138),
[92mINFO [0m:      	            (8, 0.6930906847624922),
[92mINFO [0m:      	            (9, 0.8362122146822949),
[92mINFO [0m:      	            (10, 0.850709438618137),
[92mINFO [0m:      	            (11, 0.9071560764959901),
[92mINFO [0m:      	            (12, 0.918260333127699),
[92mINFO [0m:      	            (13, 0.9302899444787168),
[92mINFO [0m:      	            (14, 0.9364589759407773),
[92mINFO [0m:      	            (15, 0.9398519432449106),
[92mINFO [0m:      	            (16, 0.9423195558297347),
[92mINFO [0m:      	            (17, 0.9432449105490439),
[92mINFO [0m:      	            (18, 0.9435533621221468),
[92mINFO [0m:      	            (19, 0.9435533621221468),
[92mINFO [0m:      	            (20, 0.9441702652683528),
[92mINFO [0m:      	            (21, 0.9892041949413942),
[92mINFO [0m:      	            (22, 0.9892041949413941),
[92mINFO [0m:      	            (23, 0.9898210980876002),
[92mINFO [0m:      	            (24, 0.9901295496607033),
[92mINFO [0m:      	            (25, 0.9901295496607032),
[92mINFO [0m:      	            (26, 0.9907464528069093),
[92mINFO [0m:      	            (27, 0.9910549043800123),
[92mINFO [0m:      	            (28, 0.9916718075262184),
[92mINFO [0m:      	            (29, 0.9919802590993214),
[92mINFO [0m:      	            (30, 0.9916718075262184),
[92mINFO [0m:      	            (31, 0.9919802590993214),
[92mINFO [0m:      	            (32, 0.9922887106724244),
[92mINFO [0m:      	            (33, 0.9922887106724244),
[92mINFO [0m:      	            (34, 0.9916718075262183),
[92mINFO [0m:      	            (35, 0.9910549043800123),
[92mINFO [0m:      	            (36, 0.9913633559531154),
[92mINFO [0m:      	            (37, 0.9913633559531154),
[92mINFO [0m:      	            (38, 0.9916718075262183),
[92mINFO [0m:      	            (39, 0.9919802590993214),
[92mINFO [0m:      	            (40, 0.9910549043800123),
[92mINFO [0m:      	            (41, 0.9916718075262184),
[92mINFO [0m:      	            (42, 0.9916718075262184),
[92mINFO [0m:      	            (43, 0.9919802590993214),
[92mINFO [0m:      	            (44, 0.9910549043800123),
[92mINFO [0m:      	            (45, 0.9904380012338063),
[92mINFO [0m:      	            (46, 0.9901295496607032),
[92mINFO [0m:      	            (47, 0.9904380012338063),
[92mINFO [0m:      	            (48, 0.9910549043800123),
[92mINFO [0m:      	            (49, 0.9913633559531154),
[92mINFO [0m:      	            (50, 0.9907464528069093),
[92mINFO [0m:      	            (51, 0.9907464528069094),
[92mINFO [0m:      	            (52, 0.9904380012338063),
[92mINFO [0m:      	            (53, 0.9901295496607032),
[92mINFO [0m:      	            (54, 0.9901295496607032),
[92mINFO [0m:      	            (55, 0.9904380012338062),
[92mINFO [0m:      	            (56, 0.9904380012338063),
[92mINFO [0m:      	            (57, 0.9904380012338062),
[92mINFO [0m:      	            (58, 0.9910549043800123),
[92mINFO [0m:      	            (59, 0.9904380012338063),
[92mINFO [0m:      	            (60, 0.9901295496607032),
[92mINFO [0m:      	            (61, 0.9892041949413941),
[92mINFO [0m:      	            (62, 0.9892041949413941),
[92mINFO [0m:      	            (63, 0.9885872917951881),
[92mINFO [0m:      	            (64, 0.9892041949413942),
[92mINFO [0m:      	            (65, 0.9898210980876003),
[92mINFO [0m:      	            (66, 0.9895126465144972),
[92mINFO [0m:      	            (67, 0.9895126465144972),
[92mINFO [0m:      	            (68, 0.9885872917951881),
[92mINFO [0m:      	            (69, 0.987661937075879),
[92mINFO [0m:      	            (70, 0.9879703886489821),
[92mINFO [0m:      	            (71, 0.9885872917951881),
[92mINFO [0m:      	            (72, 0.9888957433682912),
[92mINFO [0m:      	            (73, 0.9892041949413941),
[92mINFO [0m:      	            (74, 0.9895126465144972),
[92mINFO [0m:      	            (75, 0.9898210980876003),
[92mINFO [0m:      	            (76, 0.9895126465144972),
[92mINFO [0m:      	            (77, 0.9895126465144972),
[92mINFO [0m:      	            (78, 0.9895126465144972),
[92mINFO [0m:      	            (79, 0.9895126465144972),
[92mINFO [0m:      	            (80, 0.9904380012338063),
[92mINFO [0m:      	            (81, 0.9904380012338063),
[92mINFO [0m:      	            (82, 0.9904380012338063),
[92mINFO [0m:      	            (83, 0.9904380012338063),
[92mINFO [0m:      	            (84, 0.9898210980876002),
[92mINFO [0m:      	            (85, 0.9892041949413941),
[92mINFO [0m:      	            (86, 0.9892041949413941),
[92mINFO [0m:      	            (87, 0.9892041949413942),
[92mINFO [0m:      	            (88, 0.9888957433682912),
[92mINFO [0m:      	            (89, 0.9885872917951882),
[92mINFO [0m:      	            (90, 0.9885872917951882),
[92mINFO [0m:      	            (91, 0.9879703886489821),
[92mINFO [0m:      	            (92, 0.9885872917951881),
[92mINFO [0m:      	            (93, 0.9888957433682912),
[92mINFO [0m:      	            (94, 0.9895126465144972),
[92mINFO [0m:      	            (95, 0.9892041949413941),
[92mINFO [0m:      	            (96, 0.9888957433682911),
[92mINFO [0m:      	            (97, 0.9892041949413941),
[92mINFO [0m:      	            (98, 0.9892041949413941),
[92mINFO [0m:      	            (99, 0.9892041949413941),
[92mINFO [0m:      	            (100, 0.9892041949413941)],
[92mINFO [0m:      	 'total_samples': [(1, 2103),
[92mINFO [0m:      	                   (2, 2103),
[92mINFO [0m:      	                   (3, 2103),
[92mINFO [0m:      	                   (4, 2103),
[92mINFO [0m:      	                   (5, 2103),
[92mINFO [0m:      	                   (6, 2103),
[92mINFO [0m:      	                   (7, 2103),
[92mINFO [0m:      	                   (8, 2103),
[92mINFO [0m:      	                   (9, 2103),
[92mINFO [0m:      	                   (10, 2103),
[92mINFO [0m:      	                   (11, 2103),
[92mINFO [0m:      	                   (12, 2103),
[92mINFO [0m:      	                   (13, 2103),
[92mINFO [0m:      	                   (14, 2103),
[92mINFO [0m:      	                   (15, 2103),
[92mINFO [0m:      	                   (16, 2103),
[92mINFO [0m:      	                   (17, 2103),
[92mINFO [0m:      	                   (18, 2103),
[92mINFO [0m:      	                   (19, 2103),
[92mINFO [0m:      	                   (20, 2103),
[92mINFO [0m:      	                   (21, 2103),
[92mINFO [0m:      	                   (22, 2103),
[92mINFO [0m:      	                   (23, 2103),
[92mINFO [0m:      	                   (24, 2103),
[92mINFO [0m:      	                   (25, 2103),
[92mINFO [0m:      	                   (26, 2103),
[92mINFO [0m:      	                   (27, 2103),
[92mINFO [0m:      	                   (28, 2103),
[92mINFO [0m:      	                   (29, 2103),
[92mINFO [0m:      	                   (30, 2103),
[92mINFO [0m:      	                   (31, 2103),
[92mINFO [0m:      	                   (32, 2103),
[92mINFO [0m:      	                   (33, 2103),
[92mINFO [0m:      	                   (34, 2103),
[92mINFO [0m:      	                   (35, 2103),
[92mINFO [0m:      	                   (36, 2103),
[92mINFO [0m:      	                   (37, 2103),
[92mINFO [0m:      	                   (38, 2103),
[92mINFO [0m:      	                   (39, 2103),
[92mINFO [0m:      	                   (40, 2103),
[92mINFO [0m:      	                   (41, 2103),
[92mINFO [0m:      	                   (42, 2103),
[92mINFO [0m:      	                   (43, 2103),
[92mINFO [0m:      	                   (44, 2103),
[92mINFO [0m:      	                   (45, 2103),
[92mINFO [0m:      	                   (46, 2103),
[92mINFO [0m:      	                   (47, 2103),
[92mINFO [0m:      	                   (48, 2103),
[92mINFO [0m:      	                   (49, 2103),
[92mINFO [0m:      	                   (50, 2103),
[92mINFO [0m:      	                   (51, 2103),
[92mINFO [0m:      	                   (52, 2103),
[92mINFO [0m:      	                   (53, 2103),
[92mINFO [0m:      	                   (54, 2103),
[92mINFO [0m:      	                   (55, 2103),
[92mINFO [0m:      	                   (56, 2103),
[92mINFO [0m:      	                   (57, 2103),
[92mINFO [0m:      	                   (58, 2103),
[92mINFO [0m:      	                   (59, 2103),
[92mINFO [0m:      	                   (60, 2103),
[92mINFO [0m:      	                   (61, 2103),
[92mINFO [0m:      	                   (62, 2103),
[92mINFO [0m:      	                   (63, 2103),
[92mINFO [0m:      	                   (64, 2103),
[92mINFO [0m:      	                   (65, 2103),
[92mINFO [0m:      	                   (66, 2103),
[92mINFO [0m:      	                   (67, 2103),
[92mINFO [0m:      	                   (68, 2103),
[92mINFO [0m:      	                   (69, 2103),
[92mINFO [0m:      	                   (70, 2103),
[92mINFO [0m:      	                   (71, 2103),
[92mINFO [0m:      	                   (72, 2103),
[92mINFO [0m:      	                   (73, 2103),
[92mINFO [0m:      	                   (74, 2103),
[92mINFO [0m:      	                   (75, 2103),
[92mINFO [0m:      	                   (76, 2103),
[92mINFO [0m:      	                   (77, 2103),
[92mINFO [0m:      	                   (78, 2103),
[92mINFO [0m:      	                   (79, 2103),
[92mINFO [0m:      	                   (80, 2103),
[92mINFO [0m:      	                   (81, 2103),
[92mINFO [0m:      	                   (82, 2103),
[92mINFO [0m:      	                   (83, 2103),
[92mINFO [0m:      	                   (84, 2103),
[92mINFO [0m:      	                   (85, 2103),
[92mINFO [0m:      	                   (86, 2103),
[92mINFO [0m:      	                   (87, 2103),
[92mINFO [0m:      	                   (88, 2103),
[92mINFO [0m:      	                   (89, 2103),
[92mINFO [0m:      	                   (90, 2103),
[92mINFO [0m:      	                   (91, 2103),
[92mINFO [0m:      	                   (92, 2103),
[92mINFO [0m:      	                   (93, 2103),
[92mINFO [0m:      	                   (94, 2103),
[92mINFO [0m:      	                   (95, 2103),
[92mINFO [0m:      	                   (96, 2103),
[92mINFO [0m:      	                   (97, 2103),
[92mINFO [0m:      	                   (98, 2103),
[92mINFO [0m:      	                   (99, 2103),
[92mINFO [0m:      	                   (100, 2103)],
[92mINFO [0m:      	 'true_negatives': [(1, 446),
[92mINFO [0m:      	                    (2, 481),
[92mINFO [0m:      	                    (3, 482),
[92mINFO [0m:      	                    (4, 482),
[92mINFO [0m:      	                    (5, 482),
[92mINFO [0m:      	                    (6, 482),
[92mINFO [0m:      	                    (7, 482),
[92mINFO [0m:      	                    (8, 482),
[92mINFO [0m:      	                    (9, 482),
[92mINFO [0m:      	                    (10, 481),
[92mINFO [0m:      	                    (11, 481),
[92mINFO [0m:      	                    (12, 481),
[92mINFO [0m:      	                    (13, 481),
[92mINFO [0m:      	                    (14, 481),
[92mINFO [0m:      	                    (15, 479),
[92mINFO [0m:      	                    (16, 480),
[92mINFO [0m:      	                    (17, 477),
[92mINFO [0m:      	                    (18, 477),
[92mINFO [0m:      	                    (19, 477),
[92mINFO [0m:      	                    (20, 477),
[92mINFO [0m:      	                    (21, 470),
[92mINFO [0m:      	                    (22, 475),
[92mINFO [0m:      	                    (23, 470),
[92mINFO [0m:      	                    (24, 471),
[92mINFO [0m:      	                    (25, 475),
[92mINFO [0m:      	                    (26, 475),
[92mINFO [0m:      	                    (27, 469),
[92mINFO [0m:      	                    (28, 475),
[92mINFO [0m:      	                    (29, 469),
[92mINFO [0m:      	                    (30, 475),
[92mINFO [0m:      	                    (31, 475),
[92mINFO [0m:      	                    (32, 470),
[92mINFO [0m:      	                    (33, 475),
[92mINFO [0m:      	                    (34, 475),
[92mINFO [0m:      	                    (35, 475),
[92mINFO [0m:      	                    (36, 475),
[92mINFO [0m:      	                    (37, 470),
[92mINFO [0m:      	                    (38, 470),
[92mINFO [0m:      	                    (39, 475),
[92mINFO [0m:      	                    (40, 475),
[92mINFO [0m:      	                    (41, 470),
[92mINFO [0m:      	                    (42, 475),
[92mINFO [0m:      	                    (43, 470),
[92mINFO [0m:      	                    (44, 475),
[92mINFO [0m:      	                    (45, 470),
[92mINFO [0m:      	                    (46, 470),
[92mINFO [0m:      	                    (47, 470),
[92mINFO [0m:      	                    (48, 475),
[92mINFO [0m:      	                    (49, 470),
[92mINFO [0m:      	                    (50, 475),
[92mINFO [0m:      	                    (51, 470),
[92mINFO [0m:      	                    (52, 475),
[92mINFO [0m:      	                    (53, 470),
[92mINFO [0m:      	                    (54, 470),
[92mINFO [0m:      	                    (55, 470),
[92mINFO [0m:      	                    (56, 476),
[92mINFO [0m:      	                    (57, 470),
[92mINFO [0m:      	                    (58, 470),
[92mINFO [0m:      	                    (59, 476),
[92mINFO [0m:      	                    (60, 470),
[92mINFO [0m:      	                    (61, 470),
[92mINFO [0m:      	                    (62, 470),
[92mINFO [0m:      	                    (63, 476),
[92mINFO [0m:      	                    (64, 476),
[92mINFO [0m:      	                    (65, 476),
[92mINFO [0m:      	                    (66, 470),
[92mINFO [0m:      	                    (67, 476),
[92mINFO [0m:      	                    (68, 470),
[92mINFO [0m:      	                    (69, 470),
[92mINFO [0m:      	                    (70, 476),
[92mINFO [0m:      	                    (71, 470),
[92mINFO [0m:      	                    (72, 476),
[92mINFO [0m:      	                    (73, 476),
[92mINFO [0m:      	                    (74, 470),
[92mINFO [0m:      	                    (75, 471),
[92mINFO [0m:      	                    (76, 471),
[92mINFO [0m:      	                    (77, 476),
[92mINFO [0m:      	                    (78, 471),
[92mINFO [0m:      	                    (79, 476),
[92mINFO [0m:      	                    (80, 471),
[92mINFO [0m:      	                    (81, 471),
[92mINFO [0m:      	                    (82, 476),
[92mINFO [0m:      	                    (83, 476),
[92mINFO [0m:      	                    (84, 471),
[92mINFO [0m:      	                    (85, 471),
[92mINFO [0m:      	                    (86, 471),
[92mINFO [0m:      	                    (87, 471),
[92mINFO [0m:      	                    (88, 471),
[92mINFO [0m:      	                    (89, 476),
[92mINFO [0m:      	                    (90, 476),
[92mINFO [0m:      	                    (91, 471),
[92mINFO [0m:      	                    (92, 476),
[92mINFO [0m:      	                    (93, 472),
[92mINFO [0m:      	                    (94, 471),
[92mINFO [0m:      	                    (95, 477),
[92mINFO [0m:      	                    (96, 477),
[92mINFO [0m:      	                    (97, 477),
[92mINFO [0m:      	                    (98, 477),
[92mINFO [0m:      	                    (99, 472),
[92mINFO [0m:      	                    (100, 472)],
[92mINFO [0m:      	 'true_positives': [(1, 3),
[92mINFO [0m:      	                    (2, 3),
[92mINFO [0m:      	                    (3, 3),
[92mINFO [0m:      	                    (4, 0),
[92mINFO [0m:      	                    (5, 0),
[92mINFO [0m:      	                    (6, 3),
[92mINFO [0m:      	                    (7, 686),
[92mINFO [0m:      	                    (8, 1131),
[92mINFO [0m:      	                    (9, 1357),
[92mINFO [0m:      	                    (10, 1379),
[92mINFO [0m:      	                    (11, 1465),
[92mINFO [0m:      	                    (12, 1482),
[92mINFO [0m:      	                    (13, 1502),
[92mINFO [0m:      	                    (14, 1513),
[92mINFO [0m:      	                    (15, 1529),
[92mINFO [0m:      	                    (16, 1521),
[92mINFO [0m:      	                    (17, 1535),
[92mINFO [0m:      	                    (18, 1535),
[92mINFO [0m:      	                    (19, 1535),
[92mINFO [0m:      	                    (20, 1536),
[92mINFO [0m:      	                    (21, 1608),
[92mINFO [0m:      	                    (22, 1598),
[92mINFO [0m:      	                    (23, 1609),
[92mINFO [0m:      	                    (24, 1609),
[92mINFO [0m:      	                    (25, 1601),
[92mINFO [0m:      	                    (26, 1603),
[92mINFO [0m:      	                    (27, 1610),
[92mINFO [0m:      	                    (28, 1605),
[92mINFO [0m:      	                    (29, 1611),
[92mINFO [0m:      	                    (30, 1604),
[92mINFO [0m:      	                    (31, 1604),
[92mINFO [0m:      	                    (32, 1611),
[92mINFO [0m:      	                    (33, 1606),
[92mINFO [0m:      	                    (34, 1606),
[92mINFO [0m:      	                    (35, 1605),
[92mINFO [0m:      	                    (36, 1606),
[92mINFO [0m:      	                    (37, 1609),
[92mINFO [0m:      	                    (38, 1609),
[92mINFO [0m:      	                    (39, 1606),
[92mINFO [0m:      	                    (40, 1604),
[92mINFO [0m:      	                    (41, 1610),
[92mINFO [0m:      	                    (42, 1605),
[92mINFO [0m:      	                    (43, 1611),
[92mINFO [0m:      	                    (44, 1604),
[92mINFO [0m:      	                    (45, 1608),
[92mINFO [0m:      	                    (46, 1607),
[92mINFO [0m:      	                    (47, 1608),
[92mINFO [0m:      	                    (48, 1603),
[92mINFO [0m:      	                    (49, 1609),
[92mINFO [0m:      	                    (50, 1604),
[92mINFO [0m:      	                    (51, 1608),
[92mINFO [0m:      	                    (52, 1603),
[92mINFO [0m:      	                    (53, 1608),
[92mINFO [0m:      	                    (54, 1608),
[92mINFO [0m:      	                    (55, 1609),
[92mINFO [0m:      	                    (56, 1602),
[92mINFO [0m:      	                    (57, 1609),
[92mINFO [0m:      	                    (58, 1610),
[92mINFO [0m:      	                    (59, 1602),
[92mINFO [0m:      	                    (60, 1608),
[92mINFO [0m:      	                    (61, 1608),
[92mINFO [0m:      	                    (62, 1608),
[92mINFO [0m:      	                    (63, 1597),
[92mINFO [0m:      	                    (64, 1599),
[92mINFO [0m:      	                    (65, 1601),
[92mINFO [0m:      	                    (66, 1608),
[92mINFO [0m:      	                    (67, 1600),
[92mINFO [0m:      	                    (68, 1607),
[92mINFO [0m:      	                    (69, 1606),
[92mINFO [0m:      	                    (70, 1596),
[92mINFO [0m:      	                    (71, 1607),
[92mINFO [0m:      	                    (72, 1598),
[92mINFO [0m:      	                    (73, 1599),
[92mINFO [0m:      	                    (74, 1608),
[92mINFO [0m:      	                    (75, 1608),
[92mINFO [0m:      	                    (76, 1606),
[92mINFO [0m:      	                    (77, 1601),
[92mINFO [0m:      	                    (78, 1607),
[92mINFO [0m:      	                    (79, 1601),
[92mINFO [0m:      	                    (80, 1608),
[92mINFO [0m:      	                    (81, 1608),
[92mINFO [0m:      	                    (82, 1603),
[92mINFO [0m:      	                    (83, 1603),
[92mINFO [0m:      	                    (84, 1607),
[92mINFO [0m:      	                    (85, 1607),
[92mINFO [0m:      	                    (86, 1607),
[92mINFO [0m:      	                    (87, 1607),
[92mINFO [0m:      	                    (88, 1606),
[92mINFO [0m:      	                    (89, 1599),
[92mINFO [0m:      	                    (90, 1599),
[92mINFO [0m:      	                    (91, 1606),
[92mINFO [0m:      	                    (92, 1599),
[92mINFO [0m:      	                    (93, 1606),
[92mINFO [0m:      	                    (94, 1607),
[92mINFO [0m:      	                    (95, 1600),
[92mINFO [0m:      	                    (96, 1599),
[92mINFO [0m:      	                    (97, 1600),
[92mINFO [0m:      	                    (98, 1600),
[92mINFO [0m:      	                    (99, 1607),
[92mINFO [0m:      	                    (100, 1607)]}
[92mINFO [0m:      
Saved: outputs/fl_evaluation_report.md
Saved: outputs/fl_evaluation_plot.png
[36m(pid=745754)[0m WARNING: All log messages before absl::InitializeLog() is called are written to STDERR[32m [repeated 31x across cluster][0m
[36m(pid=745754)[0m I0000 00:00:1791184636.737698  745754 port.cc:153] oneDNN custom operations are on. You may see slightly different numerical results due to floating-point round-off errors from different computation orders. To turn them off, set the environment variable `TF_ENABLE_ONEDNN_OPTS=0`.[32m [repeated 31x across cluster][0m
[36m(pid=745754)[0m I0000 00:00:1791184636.738190  745754 cudart_stub.cc:31] Could not find cuda drivers on your machine, GPU will not be used.[32m [repeated 31x across cluster][0m
[36m(ClientAppActor pid=745759)[0m /home/danielpark605/tinyml-venv/lib/python3.12/site-packages/tensorflow_model_optimization/__init__.py:65: DeprecationWarning: distutils Version classes are deprecated. Use packaging.version instead.[32m [repeated 3x across cluster][0m
[36m(ClientAppActor pid=745759)[0m   if (distutils.version.LooseVersion(tf.version.VERSION) <[32m [repeated 3x across cluster][0m
[36m(ClientAppActor pid=745759)[0m E0000 00:00:1791184638.136412  745759 cuda_platform.cc:52] failed call to cuInit: INTERNAL: CUDA error: Failed call to cuInit: CUDA_ERROR_NO_DEVICE: no CUDA-capable device is detected[32m [repeated 3x across cluster][0m

[DEBUG _get_metrics] res_item[1].keys(): ['accuracy', 'loss', 'total_samples', 'actual_attack', 'actual_normal', 'predicted_attack', 'predicted_normal', 'true_positives', 'true_negatives', 'false_positives', 'false_negatives', 'precision', 'recall', 'f1_score']
[DEBUG _get_metrics] Extracted from ConfigRecord._data
[DEBUG _get_metrics] res_item[1] type: ConfigRecord
[DEBUG _get_metrics] res_item[1] has metrics attr: False
[DEBUG _get_metrics] res_item[1].__dict__: {'_check_key_fn': <function _check_key at 0x7059b63c8900>, '_check_value_fn': <function _check_value at 0x7059abbb89a0>, '_data': {'accuracy': 0.9876366853713989, 'loss': 0.012187506072223186, 'total_samples': 2103, 'actual_attack': 1621, 'actual_normal': 482, 'predicted_attack': 1605, 'predicted_normal': 498, 'true_positives': 1600, 'true_negatives': 477, 'false_positives': 5, 'false_negatives': 21, 'precision': 0.9968847352024922, 'recall': 0.987045033929673, 'f1_score': 0.9919404835709856}}
[DEBUG _get_metrics] res_item[1].keys(): ['accuracy', 'loss', 'total_samples', 'actual_attack', 'actual_normal', 'predicted_attack', 'predicted_normal', 'true_positives', 'true_negatives', 'false_positives', 'false_negatives', 'precision', 'recall', 'f1_score']
[DEBUG _get_metrics] Extracted from ConfigRecord._data
[DEBUG _get_metrics] res_item[1] type: ConfigRecord
[DEBUG _get_metrics] res_item[1] has metrics attr: False
[DEBUG _get_metrics] res_item[1].__dict__: {'_check_key_fn': <function _check_key at 0x7059b63c8900>, '_check_value_fn': <function _check_value at 0x7059abbb89a0>, '_data': {'accuracy': 0.9885877370834351, 'loss': 0.008585624396800995, 'total_samples': 2103, 'actual_attack': 1621, 'actual_normal': 482, 'predicted_attack': 1617, 'predicted_normal': 486, 'true_positives': 1607, 'true_negatives': 472, 'false_positives': 10, 'false_negatives': 14, 'precision': 0.9938157081014224, 'recall': 0.9913633559531153, 'f1_score': 0.9925880172946263}}
[DEBUG _get_metrics] res_item[1].keys(): ['accuracy', 'loss', 'total_samples', 'actual_attack', 'actual_normal', 'predicted_attack', 'predicted_normal', 'true_positives', 'true_negatives', 'false_positives', 'false_negatives', 'precision', 'recall', 'f1_score']
[DEBUG _get_metrics] Extracted from ConfigRecord._data
[DEBUG] Extracted 4 metrics from results

[Evaluation Summary]
============================================================
Round: 100 / 100
Accuracy (mean):  0.9881  (98.81%)
Loss:             0.0104
[Per-Device Accuracy]
  - Device 0:  0.9886  (98.86%)
  - Device 1:  0.9876  (98.76%)
  - Device 2:  0.9876  (98.76%)
  - Device 3:  0.9886  (98.86%)

[Ground Truth]
  - Attack samples: 1621
  - Normal samples: 482
  - Total samples:  2103

[Predictions]
  - Predicted Attack:  1617
  - Predicted Normal:  486

[Confusion Matrix]
  - True Positives (TP):  1607
  - True Negatives (TN):  472
  - False Positives (FP): 10
  - False Negatives (FN): 14

[Metrics]
  - Precision:  0.9954  (99.54%)
  - Recall:     0.9892  (98.92%)
  - F1-Score:   0.9923  (99.23%)
============================================================

[Report] Round-by-round metrics saved:
  - CSV:  /mnt/c/Users/danie/Documents/Projects/TinyML/outputs/fl_evaluation_history.csv  (round, accuracy, device 0~3 accuracy_pct, ...)
  - JSON: /mnt/c/Users/danie/Documents/Projects/TinyML/outputs/fl_evaluation_history.json  (same + per-device for scripts / graphs)
  → Use these to find which round or which device accuracy drops.

[SUCCESS] Saved global model to data/processed/revision/2026-10-05_s_ton_sweep/ton_sweep/models/rounds100.h5

📝 Pipeline summary saved to: outputs/fl_training_summary.txt
   → View this file to see QAT status, metrics, and next steps

[36m(ClientAppActor pid=745759)[0m [Client 1] Class weights (smoothed): {0: 1.0, 1: 1.0}[32m [repeated 3x across cluster][0m
