WARNING: All log messages before absl::InitializeLog() is called are written to STDERR
I0000 00:00:1791184364.876058  716974 port.cc:153] oneDNN custom operations are on. You may see slightly different numerical results due to floating-point round-off errors from different computation orders. To turn them off, set the environment variable `TF_ENABLE_ONEDNN_OPTS=0`.
I0000 00:00:1791184364.877548  716974 cudart_stub.cc:31] Could not find cuda drivers on your machine, GPU will not be used.
WARNING: All log messages before absl::InitializeLog() is called are written to STDERR
I0000 00:00:1791184365.677588  716974 port.cc:153] oneDNN custom operations are on. You may see slightly different numerical results due to floating-point round-off errors from different computation orders. To turn them off, set the environment variable `TF_ENABLE_ONEDNN_OPTS=0`.
I0000 00:00:1791184365.682790  716974 cudart_stub.cc:31] Could not find cuda drivers on your machine, GPU will not be used.
E0000 00:00:1791184366.348214  716974 cuda_platform.cc:52] failed call to cuInit: INTERNAL: CUDA error: Failed call to cuInit: CUDA_ERROR_NO_DEVICE: no CUDA-capable device is detected
[93mWARNING [0m:   DEPRECATED FEATURE: flwr.simulation.start_simulation() is deprecated.
	Instead, use the `flwr run` CLI command to start a local simulation in your Flower app, as shown for example below:

		$ flwr new  # Create a new Flower app from a template

		$ flwr run  # Run the Flower app in Simulation Mode

	Using `start_simulation()` is deprecated.

            This is a deprecated feature. It will be removed
            entirely in future versions of Flower.
        
[92mINFO [0m:      Starting Flower simulation, config: num_rounds=60, no round_timeout
2026-10-05 03:12:54,279	INFO worker.py:2012 -- Started a local Ray instance.
[2026-10-05 03:12:54,286 I 716974 716974] logging.cc:303: Set ray log level from environment variable RAY_BACKEND_LOG_LEVEL to 1
/home/danielpark605/tinyml-venv/lib/python3.12/site-packages/ray/_private/worker.py:2051: FutureWarning: Tip: In future versions of Ray, Ray will no longer override accelerator visible devices env var if num_gpus=0 or num_gpus=None (default). To enable this behavior and turn off this error message, set RAY_ACCEL_ENV_VAR_OVERRIDE_ON_ZERO=0
  warnings.warn(
[92mINFO [0m:      Flower VCE: Ray initialized with resources: {'object_store_memory': 7167983616.0, 'CPU': 16.0, 'memory': 16725295104.0, 'node:__internal_head__': 1.0, 'node:172.22.205.158': 1.0, 'accelerator_type:G': 1.0, 'GPU': 1.0}
[92mINFO [0m:      Optimize your simulation with Flower VCE: https://flower.ai/docs/framework/how-to-run-simulations.html
[92mINFO [0m:      Flower VCE: Resources for each Virtual Client: {'num_gpus': 0.0, 'num_cpus': 1}
[92mINFO [0m:      Flower VCE: Creating VirtualClientEngineActorPool with 16 actors
[92mINFO [0m:      [INIT]
[92mINFO [0m:      Using initial global parameters provided by strategy
[92mINFO [0m:      Starting evaluation of initial global parameters
[92mINFO [0m:      Evaluation returned no results (`None`)
[92mINFO [0m:      
[92mINFO [0m:      [ROUND 1]
[92mINFO [0m:      configure_fit: strategy sampled 4 clients (out of 4)
[33m(raylet)[0m [2026-10-05 03:12:56,224 I 717332 717332] logging.cc:303: Set ray log level from environment variable RAY_BACKEND_LOG_LEVEL to 1
[36m(pid=717330)[0m WARNING: All log messages before absl::InitializeLog() is called are written to STDERR
[36m(pid=717330)[0m I0000 00:00:1791184377.829196  717330 port.cc:153] oneDNN custom operations are on. You may see slightly different numerical results due to floating-point round-off errors from different computation orders. To turn them off, set the environment variable `TF_ENABLE_ONEDNN_OPTS=0`.
[36m(pid=717330)[0m I0000 00:00:1791184377.829969  717330 cudart_stub.cc:31] Could not find cuda drivers on your machine, GPU will not be used.
[36m(ClientAppActor pid=717331)[0m /home/danielpark605/tinyml-venv/lib/python3.12/site-packages/tensorflow_model_optimization/__init__.py:65: DeprecationWarning: distutils Version classes are deprecated. Use packaging.version instead.
[36m(ClientAppActor pid=717331)[0m   if (distutils.version.LooseVersion(tf.version.VERSION) <
[36m(ClientAppActor pid=717331)[0m E0000 00:00:1791184381.608576  717331 cuda_platform.cc:52] failed call to cuInit: INTERNAL: CUDA error: Failed call to cuInit: CUDA_ERROR_NO_DEVICE: no CUDA-capable device is detected
[92mINFO [0m:      aggregate_fit: received 4 results and 0 failures
[93mWARNING [0m:   No fit_metrics_aggregation_fn provided
[92mINFO [0m:      configure_evaluate: strategy sampled 4 clients (out of 4)
[92mINFO [0m:      aggregate_evaluate: received 4 results and 0 failures
[92mINFO [0m:      
[92mINFO [0m:      [ROUND 2]
[92mINFO [0m:      configure_fit: strategy sampled 4 clients (out of 4)
[92mINFO [0m:      aggregate_fit: received 4 results and 0 failures
[92mINFO [0m:      configure_evaluate: strategy sampled 4 clients (out of 4)
[92mINFO [0m:      aggregate_evaluate: received 4 results and 0 failures
[load_ton_iot] files: ['train_test_network.csv']
[load_ton_iot] rows: 211,043, columns: 44
[load_ton_iot] dropped identifiers: ['src_ip', 'dst_ip', 'src_port']
[load_ton_iot] label-encoded: ['proto', 'service', 'conn_state', 'dns_AA', 'dns_RD', 'dns_RA', 'dns_rejected', 'ssl_version', 'ssl_cipher', 'ssl_resumed', 'ssl_established', 'ssl_subject', 'ssl_issuer', 'http_method', 'http_user_agent', 'http_orig_mime_types', 'http_resp_mime_types', 'weird_name', 'weird_notice']
[load_ton_iot] dropped high-cardinality text: ['dns_query', 'http_uri']
[load_ton_iot] features (37): ['dst_port', 'proto', 'service', 'duration', 'src_bytes', 'dst_bytes', 'conn_state', 'missed_bytes', 'src_pkts', 'src_ip_bytes', 'dst_pkts', 'dst_ip_bytes', 'dns_qclass', 'dns_qtype', 'dns_rcode', 'dns_AA', 'dns_RD', 'dns_RA', 'dns_rejected', 'ssl_version', 'ssl_cipher', 'ssl_resumed', 'ssl_established', 'ssl_subject', 'ssl_issuer', 'http_trans_depth', 'http_method', 'http_version', 'http_request_body_len', 'http_response_body_len', 'http_status_code', 'http_user_agent', 'http_orig_mime_types', 'http_resp_mime_types', 'weird_name', 'weird_addl', 'weird_notice']
[load_ton_iot] text features added (6): ['dns_query_len', 'dns_query_digits', 'dns_query_special', 'http_uri_len', 'http_uri_digits', 'http_uri_special']
[load_ton_iot] Removed 105,867 duplicates (105,176 unique); normal=24,106, attack=81,070
[load_ton_iot] eval_split=val: evaluating on 8,414 held-out training samples (val_size=0.1); test split not used
[load_ton_iot] StandardScaler applied (fit on train).
[load_ton_iot] SMOTE applied: train -> 116,740 (0=58,370, 1=58,370)
[load_ton_iot] Features: 43, Train: 116,740, Test: 8,414

============================================================
CLIENT DATA DISTRIBUTION
============================================================
Client 0: Total=29,186 samples
  - Class 0: 14,593 (50.00%)
  - Class 1: 14,593 (50.00%)
Client 1: Total=29,186 samples
  - Class 0: 14,593 (50.00%)
  - Class 1: 14,593 (50.00%)
Client 2: Total=29,184 samples
  - Class 0: 14,592 (50.00%)
  - Class 1: 14,592 (50.00%)
Client 3: Total=29,184 samples
  - Class 0: 14,592 (50.00%)
  - Class 1: 14,592 (50.00%)
============================================================

[Strategy] FedAvgM (momentum=0.5)
[36m(ClientAppActor pid=717331)[0m [Client 1] Class weights (smoothed): {0: 1.0, 1: 1.0}
[DEBUG] evaluate_metrics_aggregation_fn called with 4 results
[DEBUG] results type: <class 'list'>
[DEBUG] First result type: <class 'tuple'>
[DEBUG] First result length: 2
[DEBUG] results[0][0] type: <class 'int'>
[DEBUG] results[0][1] type: <class 'flwr.app.message.configrecord.ConfigRecord'>
[DEBUG _get_metrics] res_item[1] type: ConfigRecord
[DEBUG _get_metrics] res_item[1] has metrics attr: False
[DEBUG _get_metrics] res_item[1].__dict__: {'_check_key_fn': <function _check_key at 0x7b35885d4900>, '_check_value_fn': <function _check_value at 0x7b357ddc49a0>, '_data': {'accuracy': 0.24893110990524292, 'loss': 0.07506733387708664, 'total_samples': 2105, 'actual_attack': 1622, 'actual_normal': 483, 'predicted_attack': 121, 'predicted_normal': 1984, 'true_positives': 81, 'true_negatives': 443, 'false_positives': 40, 'false_negatives': 1541, 'precision': 0.6694214876033058, 'recall': 0.0499383477188656, 'f1_score': 0.09294320137693632}}
[DEBUG _get_metrics] res_item[1].keys(): ['accuracy', 'loss', 'total_samples', 'actual_attack', 'actual_normal', 'predicted_attack', 'predicted_normal', 'true_positives', 'true_negatives', 'false_positives', 'false_negatives', 'precision', 'recall', 'f1_score']
[DEBUG _get_metrics] Extracted from ConfigRecord._data
[DEBUG _get_metrics] res_item[1] type: ConfigRecord
[DEBUG _get_metrics] res_item[1] has metrics attr: False
[DEBUG _get_metrics] res_item[1].__dict__: {'_check_key_fn': <function _check_key at 0x7b35885d4900>, '_check_value_fn': <function _check_value at 0x7b357ddc49a0>, '_data': {'accuracy': 0.2539229691028595, 'loss': 0.07990936934947968, 'total_samples': 2103, 'actual_attack': 1621, 'actual_normal': 482, 'predicted_attack': 134, 'predicted_normal': 1969, 'true_positives': 93, 'true_negatives': 441, 'false_positives': 41, 'false_negatives': 1528, 'precision': 0.6940298507462687, 'recall': 0.05737199259716225, 'f1_score': 0.105982905982906}}
[DEBUG _get_metrics] res_item[1].keys(): ['accuracy', 'loss', 'total_samples', 'actual_attack', 'actual_normal', 'predicted_attack', 'predicted_normal', 'true_positives', 'true_negatives', 'false_positives', 'false_negatives', 'precision', 'recall', 'f1_score']
[DEBUG _get_metrics] Extracted from ConfigRecord._data
[DEBUG _get_metrics] res_item[1] type: ConfigRecord
[DEBUG _get_metrics] res_item[1] has metrics attr: False
[DEBUG _get_metrics] res_item[1].__dict__: {'_check_key_fn': <function _check_key at 0x7b35885d4900>, '_check_value_fn': <function _check_value at 0x7b357ddc49a0>, '_data': {'accuracy': 0.25487399101257324, 'loss': 0.0751090794801712, 'total_samples': 2103, 'actual_attack': 1621, 'actual_normal': 482, 'predicted_attack': 120, 'predicted_normal': 1983, 'true_positives': 87, 'true_negatives': 449, 'false_positives': 33, 'false_negatives': 1534, 'precision': 0.725, 'recall': 0.05367057371992597, 'f1_score': 0.09994256174612293}}
[DEBUG _get_metrics] res_item[1].keys(): ['accuracy', 'loss', 'total_samples', 'actual_attack', 'actual_normal', 'predicted_attack', 'predicted_normal', 'true_positives', 'true_negatives', 'false_positives', 'false_negatives', 'precision', 'recall', 'f1_score']
[DEBUG _get_metrics] Extracted from ConfigRecord._data
[DEBUG _get_metrics] res_item[1] type: ConfigRecord
[DEBUG _get_metrics] res_item[1] has metrics attr: False
[DEBUG _get_metrics] res_item[1].__dict__: {'_check_key_fn': <function _check_key at 0x7b35885d4900>, '_check_value_fn': <function _check_value at 0x7b357ddc49a0>, '_data': {'accuracy': 0.24893110990524292, 'loss': 0.07506733387708664, 'total_samples': 2105, 'actual_attack': 1622, 'actual_normal': 483, 'predicted_attack': 121, 'predicted_normal': 1984, 'true_positives': 81, 'true_negatives': 443, 'false_positives': 40, 'false_negatives': 1541, 'precision': 0.6694214876033058, 'recall': 0.0499383477188656, 'f1_score': 0.09294320137693632}}
[DEBUG _get_metrics] res_item[1].keys(): ['accuracy', 'loss', 'total_samples', 'actual_attack', 'actual_normal', 'predicted_attack', 'predicted_normal', 'true_positives', 'true_negatives', 'false_positives', 'false_negatives', 'precision', 'recall', 'f1_score']
[DEBUG _get_metrics] Extracted from ConfigRecord._data
[DEBUG] Extracted 4 metrics from results

[Evaluation Summary]
============================================================
Round: 1 / 60
Accuracy (mean):  0.2517  (25.17%)
Loss:             0.0763
[Per-Device Accuracy]
  - Device 0:  0.2489  (24.89%)
  - Device 1:  0.2539  (25.39%)
  - Device 2:  0.2549  (25.49%)
  - Device 3:  0.2489  (24.89%)

[Ground Truth]
  - Attack samples: 1622
  - Normal samples: 483
  - Total samples:  2105

[Predictions]
  - Predicted Attack:  121
  - Predicted Normal:  1984

[Confusion Matrix]
  - True Positives (TP):  81
  - True Negatives (TN):  443
  - False Positives (FP): 40
  - False Negatives (FN): 1541

[Metrics]
  - Precision:  0.6895  (68.95%)
  - Recall:     0.0527  (5.27%)
  - F1-Score:   0.0980  (9.80%)
============================================================

[36m(ClientAppActor pid=717334)[0m [Client 0] Class weights (smoothed): {0: 1.0, 1: 1.0}[32m [repeated 12x across cluster] (Ray deduplicates logs by default. Set RAY_DEDUP_LOGS=0 to disable log deduplication, or see https://docs.ray.io/en/master/ray-observability/user-guides/configure-logging.html#log-deduplication for more options.)[0m
[DEBUG] evaluate_metrics_aggregation_fn called with 4 results
[DEBUG] results type: <class 'list'>
[DEBUG] First result type: <class 'tuple'>
[DEBUG] First result length: 2
[DEBUG] results[0][0] type: <class 'int'>
[DEBUG] results[0][1] type: <class 'flwr.app.message.configrecord.ConfigRecord'>
[DEBUG _get_metrics] res_item[1] type: ConfigRecord
[DEBUG _get_metrics] res_item[1] has metrics attr: False
[DEBUG _get_metrics] res_item[1].__dict__: {'_check_key_fn': <function _check_key at 0x7b35885d4900>, '_check_value_fn': <function _check_value at 0x7b357ddc49a0>, '_data': {'accuracy': 0.2710413634777069, 'loss': 0.08353292942047119, 'total_samples': 2103, 'actual_attack': 1621, 'actual_normal': 482, 'predicted_attack': 98, 'predicted_normal': 2005, 'true_positives': 93, 'true_negatives': 477, 'false_positives': 5, 'false_negatives': 1528, 'precision': 0.9489795918367347, 'recall': 0.05737199259716225, 'f1_score': 0.1082024432809773}}[92mINFO [0m:      
[92mINFO [0m:      [ROUND 3]
[92mINFO [0m:      configure_fit: strategy sampled 4 clients (out of 4)
[92mINFO [0m:      aggregate_fit: received 4 results and 0 failures
[92mINFO [0m:      configure_evaluate: strategy sampled 4 clients (out of 4)
[92mINFO [0m:      aggregate_evaluate: received 4 results and 0 failures

[DEBUG _get_metrics] res_item[1].keys(): ['accuracy', 'loss', 'total_samples', 'actual_attack', 'actual_normal', 'predicted_attack', 'predicted_normal', 'true_positives', 'true_negatives', 'false_positives', 'false_negatives', 'precision', 'recall', 'f1_score']
[DEBUG _get_metrics] Extracted from ConfigRecord._data
[DEBUG _get_metrics] res_item[1] type: ConfigRecord
[DEBUG _get_metrics] res_item[1] has metrics attr: False
[DEBUG _get_metrics] res_item[1].__dict__: {'_check_key_fn': <function _check_key at 0x7b35885d4900>, '_check_value_fn': <function _check_value at 0x7b357ddc49a0>, '_data': {'accuracy': 0.2698337435722351, 'loss': 0.08117156475782394, 'total_samples': 2105, 'actual_attack': 1622, 'actual_normal': 483, 'predicted_attack': 93, 'predicted_normal': 2012, 'true_positives': 89, 'true_negatives': 479, 'false_positives': 4, 'false_negatives': 1533, 'precision': 0.956989247311828, 'recall': 0.054870530209617754, 'f1_score': 0.10379008746355685}}
[DEBUG _get_metrics] res_item[1].keys(): ['accuracy', 'loss', 'total_samples', 'actual_attack', 'actual_normal', 'predicted_attack', 'predicted_normal', 'true_positives', 'true_negatives', 'false_positives', 'false_negatives', 'precision', 'recall', 'f1_score']
[DEBUG _get_metrics] Extracted from ConfigRecord._data
[DEBUG _get_metrics] res_item[1] type: ConfigRecord
[DEBUG _get_metrics] res_item[1] has metrics attr: False
[DEBUG _get_metrics] res_item[1].__dict__: {'_check_key_fn': <function _check_key at 0x7b35885d4900>, '_check_value_fn': <function _check_value at 0x7b357ddc49a0>, '_data': {'accuracy': 0.263908714056015, 'loss': 0.0812530666589737, 'total_samples': 2103, 'actual_attack': 1621, 'actual_normal': 482, 'predicted_attack': 81, 'predicted_normal': 2022, 'true_positives': 77, 'true_negatives': 478, 'false_positives': 4, 'false_negatives': 1544, 'precision': 0.9506172839506173, 'recall': 0.047501542257865514, 'f1_score': 0.09048178613396005}}
[DEBUG _get_metrics] res_item[1].keys(): ['accuracy', 'loss', 'total_samples', 'actual_attack', 'actual_normal', 'predicted_attack', 'predicted_normal', 'true_positives', 'true_negatives', 'false_positives', 'false_negatives', 'precision', 'recall', 'f1_score']
[DEBUG _get_metrics] Extracted from ConfigRecord._data
[DEBUG _get_metrics] res_item[1] type: ConfigRecord
[DEBUG _get_metrics] res_item[1] has metrics attr: False
[DEBUG _get_metrics] res_item[1].__dict__: {'_check_key_fn': <function _check_key at 0x7b35885d4900>, '_check_value_fn': <function _check_value at 0x7b357ddc49a0>, '_data': {'accuracy': 0.2698337435722351, 'loss': 0.08117156475782394, 'total_samples': 2105, 'actual_attack': 1622, 'actual_normal': 483, 'predicted_attack': 93, 'predicted_normal': 2012, 'true_positives': 89, 'true_negatives': 479, 'false_positives': 4, 'false_negatives': 1533, 'precision': 0.956989247311828, 'recall': 0.054870530209617754, 'f1_score': 0.10379008746355685}}
[DEBUG _get_metrics] res_item[1].keys(): ['accuracy', 'loss', 'total_samples', 'actual_attack', 'actual_normal', 'predicted_attack', 'predicted_normal', 'true_positives', 'true_negatives', 'false_positives', 'false_negatives', 'precision', 'recall', 'f1_score']
[DEBUG _get_metrics] Extracted from ConfigRecord._data
[DEBUG] Extracted 4 metrics from results

[Evaluation Summary]
============================================================
Round: 2 / 60
Accuracy (mean):  0.2687  (26.87%)
Loss:             0.0818
[Per-Device Accuracy]
  - Device 0:  0.2710  (27.10%)
  - Device 1:  0.2698  (26.98%)
  - Device 2:  0.2639  (26.39%)
  - Device 3:  0.2698  (26.98%)

[Ground Truth]
  - Attack samples: 1621
  - Normal samples: 482
  - Total samples:  2103

[Predictions]
  - Predicted Attack:  98
  - Predicted Normal:  2005

[Confusion Matrix]
  - True Positives (TP):  93
  - True Negatives (TN):  477
  - False Positives (FP): 5
  - False Negatives (FN): 1528

[Metrics]
  - Precision:  0.9534  (95.34%)
  - Recall:     0.0537  (5.37%)
  - F1-Score:   0.1016  (10.16%)
============================================================

[DEBUG] evaluate_metrics_aggregation_fn called with 4 results
[DEBUG] results type: <class 'list'>
[DEBUG] First result type: <class 'tuple'>
[DEBUG] First result length: 2
[DEBUG] results[0][0] type: <class 'int'>
[DEBUG] results[0][1] type: <class 'flwr.app.message.configrecord.ConfigRecord'>
[DEBUG _get_metrics] res_item[1] type: ConfigRecord
[DEBUG _get_metrics] res_item[1] has metrics attr: False
[DEBUG _get_metrics] res_item[1].__dict__: {'_check_key_fn': <function _check_key at 0x7b35885d4900>, '_check_value_fn': <function _check_value at 0x7b357ddc49a0>, '_data': {'accuracy': 0.26343318819999695, 'loss': 0.08311355859041214, 'total_samples': 2103, 'actual_attack': 1621, 'actual_normal': 482, 'predicted_attack': 76, 'predicted_normal': 2027, 'true_positives': 74, 'true_negatives': 480, 'false_positives': 2, 'false_negatives': 1547, 'precision': 0.9736842105263158, 'recall': 0.04565083281924738, 'f1_score': 0.08721272834413671}}
[DEBUG _get_metrics] res_item[1].keys(): ['accuracy', 'loss', 'total_samples', 'actual_attack', 'actual_normal', 'predicted_attack', 'predicted_normal', 'true_positives', 'true_negatives', 'false_positives', 'false_negatives', 'precision', 'recall', 'f1_score']
[DEBUG _get_metrics] Extracted from ConfigRecord._data
[DEBUG _get_metrics] res_item[1] type: ConfigRecord
[DEBUG _get_metrics] res_item[1] has metrics attr: False
[DEBUG _get_metrics] res_item[1].__dict__: {'_check_key_fn': <function _check_key at 0x7b35885d4900>, '_check_value_fn': <function _check_value at 0x7b357ddc49a0>, '_data': {'accuracy': 0.2655581831932068, 'loss': 0.08320197463035583, 'total_samples': 2105, 'actual_attack': 1622, 'actual_normal': 483, 'predicted_attack': 76, 'predicted_normal': 2029, 'true_positives': 76, 'true_negatives': 483, 'false_positives': 0, 'false_negatives': 1546, 'precision': 1.0, 'recall': 0.0468557336621455, 'f1_score': 0.0895170789163722}}
[DEBUG _get_metrics] res_item[1].keys(): ['accuracy', 'loss', 'total_samples', 'actual_attack', 'actual_normal', 'predicted_attack', 'predicted_normal', 'true_positives', 'true_negatives', 'false_positives', 'false_negatives', 'precision', 'recall', 'f1_score']
[DEBUG _get_metrics] Extracted from ConfigRecord._data
[DEBUG _get_metrics] res_item[1] type: ConfigRecord
[DEBUG _get_metrics] res_item[1] has metrics attr: False
[DEBUG _get_metrics] res_item[1].__dict__: {'_check_key_fn': <function _check_key at 0x7b35885d4900>, '_check_value_fn': <function _check_value at 0x7b357ddc49a0>, '_data': {'accuracy': 0.2655581831932068, 'loss': 0.08320197463035583, 'total_samples': 2105, 'actual_attack': 1622, 'actual_normal': 483, 'predicted_attack': 76, 'predicted_normal': 2029, 'true_positives': 76, 'true_negatives': 483, 'false_positives': 0, 'false_negatives': 1546, 'precision': 1.0, 'recall': 0.0468557336621455, 'f1_score': 0.0895170789163722}}
[DEBUG _get_metrics] res_item[1].keys(): ['accuracy', 'loss', 'total_samples', 'actual_attack', 'actual_normal', 'predicted_attack', 'predicted_normal', 'true_positives', 'true_negatives', 'false_positives', 'false_negatives', 'precision', 'recall', 'f1_score']
[DEBUG _get_metrics] Extracted from ConfigRecord._data
[DEBUG _get_metrics] res_item[1] type: ConfigRecord
[DEBUG _get_metrics] res_item[1] has metrics attr: False
[DEBUG _get_metrics] res_item[1].__dict__: {'_check_key_fn': <function _check_key at 0x7b35885d4900>, '_check_value_fn': <function _check_value at 0x7b357ddc49a0>, '_data': {'accuracy': 0.26153114438056946, 'loss': 0.08315198123455048, 'total_samples': 2103, 'actual_attack': 1621, 'actual_normal': 482, 'predicted_attack': 68, 'predicted_normal': 2035, 'true_positives': 68, 'true_negatives': 482, 'false_positives': 0, 'false_negatives': 1553, 'precision': 1.0, 'recall': 0.041949413942011106, 'f1_score': 0.08052101835405566}}
[DEBUG _get_metrics] res_item[1].keys(): ['accuracy', 'loss', 'total_samples', 'actual_attack', 'actual_normal', 'predicted_attack', 'predicted_normal', 'true_positives', 'true_negatives', 'false_positives', 'false_negatives', 'precision', 'recall', 'f1_score']
[DEBUG _get_metrics] Extracted from ConfigRecord._data
[DEBUG] Extracted 4 metrics from results[92mINFO [0m:      
[92mINFO [0m:      [ROUND 4]
[92mINFO [0m:      configure_fit: strategy sampled 4 clients (out of 4)
[92mINFO [0m:      aggregate_fit: received 4 results and 0 failures
[92mINFO [0m:      configure_evaluate: strategy sampled 4 clients (out of 4)
[92mINFO [0m:      aggregate_evaluate: received 4 results and 0 failures
[92mINFO [0m:      
[92mINFO [0m:      [ROUND 5]
[92mINFO [0m:      configure_fit: strategy sampled 4 clients (out of 4)
[92mINFO [0m:      aggregate_fit: received 4 results and 0 failures
[92mINFO [0m:      configure_evaluate: strategy sampled 4 clients (out of 4)
[92mINFO [0m:      aggregate_evaluate: received 4 results and 0 failures


[Evaluation Summary]
============================================================
Round: 3 / 60
Accuracy (mean):  0.2640  (26.40%)
Loss:             0.0832
[Per-Device Accuracy]
  - Device 0:  0.2634  (26.34%)
  - Device 1:  0.2656  (26.56%)
  - Device 2:  0.2656  (26.56%)
  - Device 3:  0.2615  (26.15%)

[Ground Truth]
  - Attack samples: 1621
  - Normal samples: 482
  - Total samples:  2103

[Predictions]
  - Predicted Attack:  76
  - Predicted Normal:  2027

[Confusion Matrix]
  - True Positives (TP):  74
  - True Negatives (TN):  480
  - False Positives (FP): 2
  - False Negatives (FN): 1547

[Metrics]
  - Precision:  0.9934  (99.34%)
  - Recall:     0.0453  (4.53%)
  - F1-Score:   0.0867  (8.67%)
============================================================

[36m(ClientAppActor pid=717326)[0m [Client 2] Class weights (smoothed): {0: 1.0, 1: 1.0}[32m [repeated 16x across cluster][0m
[DEBUG] evaluate_metrics_aggregation_fn called with 4 results
[DEBUG] results type: <class 'list'>
[DEBUG] First result type: <class 'tuple'>
[DEBUG] First result length: 2
[DEBUG] results[0][0] type: <class 'int'>
[DEBUG] results[0][1] type: <class 'flwr.app.message.configrecord.ConfigRecord'>
[DEBUG _get_metrics] res_item[1] type: ConfigRecord
[DEBUG _get_metrics] res_item[1] has metrics attr: False
[DEBUG _get_metrics] res_item[1].__dict__: {'_check_key_fn': <function _check_key at 0x7b35885d4900>, '_check_value_fn': <function _check_value at 0x7b357ddc49a0>, '_data': {'accuracy': 0.2655581831932068, 'loss': 0.07883050292730331, 'total_samples': 2105, 'actual_attack': 1622, 'actual_normal': 483, 'predicted_attack': 76, 'predicted_normal': 2029, 'true_positives': 76, 'true_negatives': 483, 'false_positives': 0, 'false_negatives': 1546, 'precision': 1.0, 'recall': 0.0468557336621455, 'f1_score': 0.0895170789163722}}
[DEBUG _get_metrics] res_item[1].keys(): ['accuracy', 'loss', 'total_samples', 'actual_attack', 'actual_normal', 'predicted_attack', 'predicted_normal', 'true_positives', 'true_negatives', 'false_positives', 'false_negatives', 'precision', 'recall', 'f1_score']
[DEBUG _get_metrics] Extracted from ConfigRecord._data
[DEBUG _get_metrics] res_item[1] type: ConfigRecord
[DEBUG _get_metrics] res_item[1] has metrics attr: False
[DEBUG _get_metrics] res_item[1].__dict__: {'_check_key_fn': <function _check_key at 0x7b35885d4900>, '_check_value_fn': <function _check_value at 0x7b357ddc49a0>, '_data': {'accuracy': 0.2655581831932068, 'loss': 0.07883050292730331, 'total_samples': 2105, 'actual_attack': 1622, 'actual_normal': 483, 'predicted_attack': 76, 'predicted_normal': 2029, 'true_positives': 76, 'true_negatives': 483, 'false_positives': 0, 'false_negatives': 1546, 'precision': 1.0, 'recall': 0.0468557336621455, 'f1_score': 0.0895170789163722}}
[DEBUG _get_metrics] res_item[1].keys(): ['accuracy', 'loss', 'total_samples', 'actual_attack', 'actual_normal', 'predicted_attack', 'predicted_normal', 'true_positives', 'true_negatives', 'false_positives', 'false_negatives', 'precision', 'recall', 'f1_score']
[DEBUG _get_metrics] Extracted from ConfigRecord._data
[DEBUG _get_metrics] res_item[1] type: ConfigRecord
[DEBUG _get_metrics] res_item[1] has metrics attr: False
[DEBUG _get_metrics] res_item[1].__dict__: {'_check_key_fn': <function _check_key at 0x7b35885d4900>, '_check_value_fn': <function _check_value at 0x7b357ddc49a0>, '_data': {'accuracy': 0.2643842101097107, 'loss': 0.07795090973377228, 'total_samples': 2103, 'actual_attack': 1621, 'actual_normal': 482, 'predicted_attack': 74, 'predicted_normal': 2029, 'true_positives': 74, 'true_negatives': 482, 'false_positives': 0, 'false_negatives': 1547, 'precision': 1.0, 'recall': 0.04565083281924738, 'f1_score': 0.0873156342182891}}
[DEBUG _get_metrics] res_item[1].keys(): ['accuracy', 'loss', 'total_samples', 'actual_attack', 'actual_normal', 'predicted_attack', 'predicted_normal', 'true_positives', 'true_negatives', 'false_positives', 'false_negatives', 'precision', 'recall', 'f1_score']
[DEBUG _get_metrics] Extracted from ConfigRecord._data
[DEBUG _get_metrics] res_item[1] type: ConfigRecord
[DEBUG _get_metrics] res_item[1] has metrics attr: False
[DEBUG _get_metrics] res_item[1].__dict__: {'_check_key_fn': <function _check_key at 0x7b35885d4900>, '_check_value_fn': <function _check_value at 0x7b357ddc49a0>, '_data': {'accuracy': 0.26153114438056946, 'loss': 0.07858813554048538, 'total_samples': 2103, 'actual_attack': 1621, 'actual_normal': 482, 'predicted_attack': 68, 'predicted_normal': 2035, 'true_positives': 68, 'true_negatives': 482, 'false_positives': 0, 'false_negatives': 1553, 'precision': 1.0, 'recall': 0.041949413942011106, 'f1_score': 0.08052101835405566}}
[DEBUG _get_metrics] res_item[1].keys(): ['accuracy', 'loss', 'total_samples', 'actual_attack', 'actual_normal', 'predicted_attack', 'predicted_normal', 'true_positives', 'true_negatives', 'false_positives', 'false_negatives', 'precision', 'recall', 'f1_score']
[DEBUG _get_metrics] Extracted from ConfigRecord._data
[DEBUG] Extracted 4 metrics from results

[Evaluation Summary]
============================================================
Round: 4 / 60
Accuracy (mean):  0.2643  (26.43%)
Loss:             0.0786
[Per-Device Accuracy]
  - Device 0:  0.2656  (26.56%)
  - Device 1:  0.2656  (26.56%)
  - Device 2:  0.2644  (26.44%)
  - Device 3:  0.2615  (26.15%)

[Ground Truth]
  - Attack samples: 1622
  - Normal samples: 483
  - Total samples:  2105

[Predictions]
  - Predicted Attack:  76
  - Predicted Normal:  2029

[Confusion Matrix]
  - True Positives (TP):  76
  - True Negatives (TN):  483
  - False Positives (FP): 0
  - False Negatives (FN): 1546

[Metrics]
  - Precision:  1.0000  (100.00%)
  - Recall:     0.0453  (4.53%)
  - F1-Score:   0.0867  (8.67%)
============================================================

[Round 5] Client contributions:
  Client samples: 29,186 (weight: 0.2500)
  Client samples: 29,184 (weight: 0.2500)
  Client samples: 29,186 (weight: 0.2500)
  Client samples: 29,186 (weight: 0.2500)
[DEBUG] evaluate_metrics_aggregation_fn called with 4 results
[DEBUG] results type: <class 'list'>
[DEBUG] First result type: <class 'tuple'>
[DEBUG] First result length: 2
[DEBUG] results[0][0] type: <class 'int'>
[DEBUG] results[0][1] type: <class 'flwr.app.message.configrecord.ConfigRecord'>
[DEBUG _get_metrics] res_item[1] type: ConfigRecord
[DEBUG _get_metrics] res_item[1] has metrics attr: False
[DEBUG _get_metrics] res_item[1].__dict__: {'_check_key_fn': <function _check_key at 0x7b35885d4900>, '_check_value_fn': <function _check_value at 0x7b357ddc49a0>, '_data': {'accuracy': 0.26460808515548706, 'loss': 0.06874199956655502, 'total_samples': 2105, 'actual_attack': 1622, 'actual_normal': 483, 'predicted_attack': 76, 'predicted_normal': 2029, 'true_positives': 75, 'true_negatives': 482, 'false_positives': 1, 'false_negatives': 1547, 'precision': 0.9868421052631579, 'recall': 0.04623921085080148, 'f1_score': 0.08833922261484099}}
[DEBUG _get_metrics] res_item[1].keys(): ['accuracy', 'loss', 'total_samples', 'actual_attack', 'actual_normal', 'predicted_attack', 'predicted_normal', 'true_positives', 'true_negatives', 'false_positives', 'false_negatives', 'precision', 'recall', 'f1_score']
[DEBUG _get_metrics] Extracted from ConfigRecord._data
[DEBUG _get_metrics] res_item[1] type: ConfigRecord
[DEBUG _get_metrics] res_item[1] has metrics attr: False
[DEBUG _get_metrics] res_item[1].__dict__: {'_check_key_fn': <function _check_key at 0x7b35885d4900>, '_check_value_fn': <function _check_value at 0x7b357ddc49a0>, '_data': {'accuracy': 0.26153114438056946, 'loss': 0.06847329437732697, 'total_samples': 2103, 'actual_attack': 1621, 'actual_normal': 482, 'predicted_attack': 68, 'predicted_normal': 2035, 'true_positives': 68, 'true_negatives': 482, 'false_positives': 0, 'false_negatives': 1553, 'precision': 1.0, 'recall': 0.041949413942011106, 'f1_score': 0.08052101835405566}}
[DEBUG _get_metrics] res_item[1].keys(): ['accuracy', 'loss', 'total_samples', 'actual_attack', 'actual_normal', 'predicted_attack', 'predicted_normal', 'true_positives', 'true_negatives', 'false_positives', 'false_negatives', 'precision', 'recall', 'f1_score'][92mINFO [0m:      
[92mINFO [0m:      [ROUND 6]
[92mINFO [0m:      configure_fit: strategy sampled 4 clients (out of 4)
[92mINFO [0m:      aggregate_fit: received 4 results and 0 failures
[92mINFO [0m:      configure_evaluate: strategy sampled 4 clients (out of 4)
[92mINFO [0m:      aggregate_evaluate: received 4 results and 0 failures
[92mINFO [0m:      
[92mINFO [0m:      [ROUND 7]
[92mINFO [0m:      configure_fit: strategy sampled 4 clients (out of 4)
[92mINFO [0m:      aggregate_fit: received 4 results and 0 failures
[92mINFO [0m:      configure_evaluate: strategy sampled 4 clients (out of 4)
[92mINFO [0m:      aggregate_evaluate: received 4 results and 0 failures

[DEBUG _get_metrics] Extracted from ConfigRecord._data
[DEBUG _get_metrics] res_item[1] type: ConfigRecord
[DEBUG _get_metrics] res_item[1] has metrics attr: False
[DEBUG _get_metrics] res_item[1].__dict__: {'_check_key_fn': <function _check_key at 0x7b35885d4900>, '_check_value_fn': <function _check_value at 0x7b357ddc49a0>, '_data': {'accuracy': 0.2643842101097107, 'loss': 0.06773476302623749, 'total_samples': 2103, 'actual_attack': 1621, 'actual_normal': 482, 'predicted_attack': 74, 'predicted_normal': 2029, 'true_positives': 74, 'true_negatives': 482, 'false_positives': 0, 'false_negatives': 1547, 'precision': 1.0, 'recall': 0.04565083281924738, 'f1_score': 0.0873156342182891}}
[DEBUG _get_metrics] res_item[1].keys(): ['accuracy', 'loss', 'total_samples', 'actual_attack', 'actual_normal', 'predicted_attack', 'predicted_normal', 'true_positives', 'true_negatives', 'false_positives', 'false_negatives', 'precision', 'recall', 'f1_score']
[DEBUG _get_metrics] Extracted from ConfigRecord._data
[DEBUG _get_metrics] res_item[1] type: ConfigRecord
[DEBUG _get_metrics] res_item[1] has metrics attr: False
[DEBUG _get_metrics] res_item[1].__dict__: {'_check_key_fn': <function _check_key at 0x7b35885d4900>, '_check_value_fn': <function _check_value at 0x7b357ddc49a0>, '_data': {'accuracy': 0.26460808515548706, 'loss': 0.06874199956655502, 'total_samples': 2105, 'actual_attack': 1622, 'actual_normal': 483, 'predicted_attack': 76, 'predicted_normal': 2029, 'true_positives': 75, 'true_negatives': 482, 'false_positives': 1, 'false_negatives': 1547, 'precision': 0.9868421052631579, 'recall': 0.04623921085080148, 'f1_score': 0.08833922261484099}}
[DEBUG _get_metrics] res_item[1].keys(): ['accuracy', 'loss', 'total_samples', 'actual_attack', 'actual_normal', 'predicted_attack', 'predicted_normal', 'true_positives', 'true_negatives', 'false_positives', 'false_negatives', 'precision', 'recall', 'f1_score']
[DEBUG _get_metrics] Extracted from ConfigRecord._data
[DEBUG] Extracted 4 metrics from results

[Evaluation Summary]
============================================================
Round: 5 / 60
Accuracy (mean):  0.2638  (26.38%)
Loss:             0.0684
[Per-Device Accuracy]
  - Device 0:  0.2646  (26.46%)
  - Device 1:  0.2615  (26.15%)
  - Device 2:  0.2644  (26.44%)
  - Device 3:  0.2646  (26.46%)

[Ground Truth]
  - Attack samples: 1622
  - Normal samples: 483
  - Total samples:  2105

[Predictions]
  - Predicted Attack:  76
  - Predicted Normal:  2029

[Confusion Matrix]
  - True Positives (TP):  75
  - True Negatives (TN):  482
  - False Positives (FP): 1
  - False Negatives (FN): 1547

[Metrics]
  - Precision:  0.9934  (99.34%)
  - Recall:     0.0450  (4.50%)
  - F1-Score:   0.0861  (8.61%)
============================================================

[36m(ClientAppActor pid=717326)[0m [Client 2] Class weights (smoothed): {0: 1.0, 1: 1.0}[32m [repeated 16x across cluster][0m
[DEBUG] evaluate_metrics_aggregation_fn called with 4 results
[DEBUG] results type: <class 'list'>
[DEBUG] First result type: <class 'tuple'>
[DEBUG] First result length: 2
[DEBUG] results[0][0] type: <class 'int'>
[DEBUG] results[0][1] type: <class 'flwr.app.message.configrecord.ConfigRecord'>
[DEBUG _get_metrics] res_item[1] type: ConfigRecord
[DEBUG _get_metrics] res_item[1] has metrics attr: False
[DEBUG _get_metrics] res_item[1].__dict__: {'_check_key_fn': <function _check_key at 0x7b35885d4900>, '_check_value_fn': <function _check_value at 0x7b357ddc49a0>, '_data': {'accuracy': 0.6061757802963257, 'loss': 0.056186575442552567, 'total_samples': 2105, 'actual_attack': 1622, 'actual_normal': 483, 'predicted_attack': 799, 'predicted_normal': 1306, 'true_positives': 796, 'true_negatives': 480, 'false_positives': 3, 'false_negatives': 826, 'precision': 0.9962453066332916, 'recall': 0.4907521578298397, 'f1_score': 0.6575795125981}}
[DEBUG _get_metrics] res_item[1].keys(): ['accuracy', 'loss', 'total_samples', 'actual_attack', 'actual_normal', 'predicted_attack', 'predicted_normal', 'true_positives', 'true_negatives', 'false_positives', 'false_negatives', 'precision', 'recall', 'f1_score']
[DEBUG _get_metrics] Extracted from ConfigRecord._data
[DEBUG _get_metrics] res_item[1] type: ConfigRecord
[DEBUG _get_metrics] res_item[1] has metrics attr: False
[DEBUG _get_metrics] res_item[1].__dict__: {'_check_key_fn': <function _check_key at 0x7b35885d4900>, '_check_value_fn': <function _check_value at 0x7b357ddc49a0>, '_data': {'accuracy': 0.609129786491394, 'loss': 0.05522383004426956, 'total_samples': 2103, 'actual_attack': 1621, 'actual_normal': 482, 'predicted_attack': 799, 'predicted_normal': 1304, 'true_positives': 799, 'true_negatives': 482, 'false_positives': 0, 'false_negatives': 822, 'precision': 1.0, 'recall': 0.49290561381863046, 'f1_score': 0.6603305785123966}}
[DEBUG _get_metrics] res_item[1].keys(): ['accuracy', 'loss', 'total_samples', 'actual_attack', 'actual_normal', 'predicted_attack', 'predicted_normal', 'true_positives', 'true_negatives', 'false_positives', 'false_negatives', 'precision', 'recall', 'f1_score']
[DEBUG _get_metrics] Extracted from ConfigRecord._data
[DEBUG _get_metrics] res_item[1] type: ConfigRecord
[DEBUG _get_metrics] res_item[1] has metrics attr: False
[DEBUG _get_metrics] res_item[1].__dict__: {'_check_key_fn': <function _check_key at 0x7b35885d4900>, '_check_value_fn': <function _check_value at 0x7b357ddc49a0>, '_data': {'accuracy': 0.5915359258651733, 'loss': 0.055940818041563034, 'total_samples': 2103, 'actual_attack': 1621, 'actual_normal': 482, 'predicted_attack': 762, 'predicted_normal': 1341, 'true_positives': 762, 'true_negatives': 482, 'false_positives': 0, 'false_negatives': 859, 'precision': 1.0, 'recall': 0.4700801974090068, 'f1_score': 0.6395300041963912}}
[DEBUG _get_metrics] res_item[1].keys(): ['accuracy', 'loss', 'total_samples', 'actual_attack', 'actual_normal', 'predicted_attack', 'predicted_normal', 'true_positives', 'true_negatives', 'false_positives', 'false_negatives', 'precision', 'recall', 'f1_score']
[DEBUG _get_metrics] Extracted from ConfigRecord._data
[DEBUG _get_metrics] res_item[1] type: ConfigRecord
[DEBUG _get_metrics] res_item[1] has metrics attr: False
[DEBUG _get_metrics] res_item[1].__dict__: {'_check_key_fn': <function _check_key at 0x7b35885d4900>, '_check_value_fn': <function _check_value at 0x7b357ddc49a0>, '_data': {'accuracy': 0.6061757802963257, 'loss': 0.056186575442552567, 'total_samples': 2105, 'actual_attack': 1622, 'actual_normal': 483, 'predicted_attack': 799, 'predicted_normal': 1306, 'true_positives': 796, 'true_negatives': 480, 'false_positives': 3, 'false_negatives': 826, 'precision': 0.9962453066332916, 'recall': 0.4907521578298397, 'f1_score': 0.6575795125981}}
[DEBUG _get_metrics] res_item[1].keys(): ['accuracy', 'loss', 'total_samples', 'actual_attack', 'actual_normal', 'predicted_attack', 'predicted_normal', 'true_positives', 'true_negatives', 'false_positives', 'false_negatives', 'precision', 'recall', 'f1_score']
[DEBUG _get_metrics] Extracted from ConfigRecord._data
[DEBUG] Extracted 4 metrics from results

[Evaluation Summary]
============================================================
Round: 6 / 60
Accuracy (mean):  0.6033  (60.33%)
Loss:             0.0559
[Per-Device Accuracy]
  - Device 0:  0.6062  (60.62%)
  - Device 1:  0.6091  (60.91%)
  - Device 2:  0.5915  (59.15%)
  - Device 3:  0.6062  (60.62%)

[Ground Truth]
  - Attack samples: 1622
  - Normal samples: 483
  - Total samples:  2105

[Predictions]
  - Predicted Attack:  799
  - Predicted Normal:  1306

[Confusion Matrix]
  - True Positives (TP):  796
  - True Negatives (TN):  480
  - False Positives (FP): 3
  - False Negatives (FN): 826

[Metrics]
  - Precision:  0.9981  (99.81%)
  - Recall:     0.4861  (48.61%)
  - F1-Score:   0.6538  (65.38%)
============================================================

[DEBUG] evaluate_metrics_aggregation_fn called with 4 results
[DEBUG] results type: <class 'list'>
[DEBUG] First result type: <class 'tuple'>
[DEBUG] First result length: 2
[DEBUG] results[0][0] type: <class 'int'>
[DEBUG] results[0][1] type: <class 'flwr.app.message.configrecord.ConfigRecord'>
[DEBUG _get_metrics] res_item[1] type: ConfigRecord[92mINFO [0m:      
[92mINFO [0m:      [ROUND 8]
[92mINFO [0m:      configure_fit: strategy sampled 4 clients (out of 4)
[92mINFO [0m:      aggregate_fit: received 4 results and 0 failures
[92mINFO [0m:      configure_evaluate: strategy sampled 4 clients (out of 4)
[92mINFO [0m:      aggregate_evaluate: received 4 results and 0 failures

[DEBUG _get_metrics] res_item[1] has metrics attr: False
[DEBUG _get_metrics] res_item[1].__dict__: {'_check_key_fn': <function _check_key at 0x7b35885d4900>, '_check_value_fn': <function _check_value at 0x7b357ddc49a0>, '_data': {'accuracy': 0.8807600736618042, 'loss': 0.04472268745303154, 'total_samples': 2105, 'actual_attack': 1622, 'actual_normal': 483, 'predicted_attack': 1377, 'predicted_normal': 728, 'true_positives': 1374, 'true_negatives': 480, 'false_positives': 3, 'false_negatives': 248, 'precision': 0.9978213507625272, 'recall': 0.8471023427866831, 'f1_score': 0.9163054351450484}}
[DEBUG _get_metrics] res_item[1].keys(): ['accuracy', 'loss', 'total_samples', 'actual_attack', 'actual_normal', 'predicted_attack', 'predicted_normal', 'true_positives', 'true_negatives', 'false_positives', 'false_negatives', 'precision', 'recall', 'f1_score']
[DEBUG _get_metrics] Extracted from ConfigRecord._data
[DEBUG _get_metrics] res_item[1] type: ConfigRecord
[DEBUG _get_metrics] res_item[1] has metrics attr: False
[DEBUG _get_metrics] res_item[1].__dict__: {'_check_key_fn': <function _check_key at 0x7b35885d4900>, '_check_value_fn': <function _check_value at 0x7b357ddc49a0>, '_data': {'accuracy': 0.871612012386322, 'loss': 0.04449998959898949, 'total_samples': 2103, 'actual_attack': 1621, 'actual_normal': 482, 'predicted_attack': 1351, 'predicted_normal': 752, 'true_positives': 1351, 'true_negatives': 482, 'false_positives': 0, 'false_negatives': 270, 'precision': 1.0, 'recall': 0.8334361505243677, 'f1_score': 0.9091520861372813}}
[DEBUG _get_metrics] res_item[1].keys(): ['accuracy', 'loss', 'total_samples', 'actual_attack', 'actual_normal', 'predicted_attack', 'predicted_normal', 'true_positives', 'true_negatives', 'false_positives', 'false_negatives', 'precision', 'recall', 'f1_score']
[DEBUG _get_metrics] Extracted from ConfigRecord._data
[DEBUG _get_metrics] res_item[1] type: ConfigRecord
[DEBUG _get_metrics] res_item[1] has metrics attr: False
[DEBUG _get_metrics] res_item[1].__dict__: {'_check_key_fn': <function _check_key at 0x7b35885d4900>, '_check_value_fn': <function _check_value at 0x7b357ddc49a0>, '_data': {'accuracy': 0.8763670921325684, 'loss': 0.04382562264800072, 'total_samples': 2103, 'actual_attack': 1621, 'actual_normal': 482, 'predicted_attack': 1363, 'predicted_normal': 740, 'true_positives': 1362, 'true_negatives': 481, 'false_positives': 1, 'false_negatives': 259, 'precision': 0.9992663242846662, 'recall': 0.8402220851326342, 'f1_score': 0.912868632707775}}
[DEBUG _get_metrics] res_item[1].keys(): ['accuracy', 'loss', 'total_samples', 'actual_attack', 'actual_normal', 'predicted_attack', 'predicted_normal', 'true_positives', 'true_negatives', 'false_positives', 'false_negatives', 'precision', 'recall', 'f1_score']
[DEBUG _get_metrics] Extracted from ConfigRecord._data
[DEBUG _get_metrics] res_item[1] type: ConfigRecord
[DEBUG _get_metrics] res_item[1] has metrics attr: False
[DEBUG _get_metrics] res_item[1].__dict__: {'_check_key_fn': <function _check_key at 0x7b35885d4900>, '_check_value_fn': <function _check_value at 0x7b357ddc49a0>, '_data': {'accuracy': 0.8807600736618042, 'loss': 0.04472268745303154, 'total_samples': 2105, 'actual_attack': 1622, 'actual_normal': 483, 'predicted_attack': 1377, 'predicted_normal': 728, 'true_positives': 1374, 'true_negatives': 480, 'false_positives': 3, 'false_negatives': 248, 'precision': 0.9978213507625272, 'recall': 0.8471023427866831, 'f1_score': 0.9163054351450484}}
[DEBUG _get_metrics] res_item[1].keys(): ['accuracy', 'loss', 'total_samples', 'actual_attack', 'actual_normal', 'predicted_attack', 'predicted_normal', 'true_positives', 'true_negatives', 'false_positives', 'false_negatives', 'precision', 'recall', 'f1_score']
[DEBUG _get_metrics] Extracted from ConfigRecord._data
[DEBUG] Extracted 4 metrics from results

[Evaluation Summary]
============================================================
Round: 7 / 60
Accuracy (mean):  0.8774  (87.74%)
Loss:             0.0444
[Per-Device Accuracy]
  - Device 0:  0.8808  (88.08%)
  - Device 1:  0.8716  (87.16%)
  - Device 2:  0.8764  (87.64%)
  - Device 3:  0.8808  (88.08%)

[Ground Truth]
  - Attack samples: 1622
  - Normal samples: 483
  - Total samples:  2105

[Predictions]
  - Predicted Attack:  1377
  - Predicted Normal:  728

[Confusion Matrix]
  - True Positives (TP):  1374
  - True Negatives (TN):  480
  - False Positives (FP): 3
  - False Negatives (FN): 248

[Metrics]
  - Precision:  0.9987  (99.87%)
  - Recall:     0.8420  (84.20%)
  - F1-Score:   0.9137  (91.37%)
============================================================

[36m(ClientAppActor pid=717326)[0m [Client 2] Class weights (smoothed): {0: 1.0, 1: 1.0}[32m [repeated 16x across cluster][0m
[DEBUG] evaluate_metrics_aggregation_fn called with 4 results
[DEBUG] results type: <class 'list'>
[DEBUG] First result type: <class 'tuple'>
[DEBUG] First result length: 2
[DEBUG] results[0][0] type: <class 'int'>
[DEBUG] results[0][1] type: <class 'flwr.app.message.configrecord.ConfigRecord'>
[DEBUG _get_metrics] res_item[1] type: ConfigRecord
[DEBUG _get_metrics] res_item[1] has metrics attr: False
[DEBUG _get_metrics] res_item[1].__dict__: {'_check_key_fn': <function _check_key at 0x7b35885d4900>, '_check_value_fn': <function _check_value at 0x7b357ddc49a0>, '_data': {'accuracy': 0.9130641222000122, 'loss': 0.03511587157845497, 'total_samples': 2105, 'actual_attack': 1622, 'actual_normal': 483, 'predicted_attack': 1447, 'predicted_normal': 658, 'true_positives': 1443, 'true_negatives': 479, 'false_positives': 4, 'false_negatives': 179, 'precision': 0.9972356599861782, 'recall': 0.8896424167694205, 'f1_score': 0.9403714565004888}}
[DEBUG _get_metrics] res_item[1].keys(): ['accuracy', 'loss', 'total_samples', 'actual_attack', 'actual_normal', 'predicted_attack', 'predicted_normal', 'true_positives', 'true_negatives', 'false_positives', 'false_negatives', 'precision', 'recall', 'f1_score']
[DEBUG _get_metrics] Extracted from ConfigRecord._data
[DEBUG _get_metrics] res_item[1] type: ConfigRecord
[DEBUG _get_metrics] res_item[1] has metrics attr: False
[DEBUG _get_metrics] res_item[1].__dict__: {'_check_key_fn': <function _check_key at 0x7b35885d4900>, '_check_value_fn': <function _check_value at 0x7b357ddc49a0>, '_data': {'accuracy': 0.9130641222000122, 'loss': 0.03511587157845497, 'total_samples': 2105, 'actual_attack': 1622, 'actual_normal': 483, 'predicted_attack': 1447, 'predicted_normal': 658, 'true_positives': 1443, 'true_negatives': 479, 'false_positives': 4, 'false_negatives': 179, 'precision': 0.9972356599861782, 'recall': 0.8896424167694205, 'f1_score': 0.9403714565004888}}
[DEBUG _get_metrics] res_item[1].keys(): ['accuracy', 'loss', 'total_samples', 'actual_attack', 'actual_normal', 'predicted_attack', 'predicted_normal', 'true_positives', 'true_negatives', 'false_positives', 'false_negatives', 'precision', 'recall', 'f1_score']
[DEBUG _get_metrics] Extracted from ConfigRecord._data
[DEBUG _get_metrics] res_item[1] type: ConfigRecord
[DEBUG _get_metrics] res_item[1] has metrics attr: False
[DEBUG _get_metrics] res_item[1].__dict__: {'_check_key_fn': <function _check_key at 0x7b35885d4900>, '_check_value_fn': <function _check_value at 0x7b357ddc49a0>, '_data': {'accuracy': 0.9087018370628357, 'loss': 0.034890271723270416, 'total_samples': 2103, 'actual_attack': 1621, 'actual_normal': 482, 'predicted_attack': 1431, 'predicted_normal': 672, 'true_positives': 1430, 'true_negatives': 481, 'false_positives': 1, 'false_negatives': 191, 'precision': 0.9993011879804332, 'recall': 0.8821714990746453, 'f1_score': 0.9370904325032764}}
[DEBUG _get_metrics] res_item[1].keys(): ['accuracy', 'loss', 'total_samples', 'actual_attack', 'actual_normal', 'predicted_attack', 'predicted_normal', 'true_positives', 'true_negatives', 'false_positives', 'false_negatives', 'precision', 'recall', 'f1_score']
[DEBUG _get_metrics] Extracted from ConfigRecord._data
[DEBUG _get_metrics] res_item[1] type: ConfigRecord
[DEBUG _get_metrics] res_item[1] has metrics attr: False
[DEBUG _get_metrics] res_item[1].__dict__: {'_check_key_fn': <function _check_key at 0x7b35885d4900>, '_check_value_fn': <function _check_value at 0x7b357ddc49a0>, '_data': {'accuracy': 0.9167855381965637, 'loss': 0.03426849842071533, 'total_samples': 2103, 'actual_attack': 1621, 'actual_normal': 482, 'predicted_attack': 1448, 'predicted_normal': 655, 'true_positives': 1447, 'true_negatives': 481, 'false_positives': 1, 'false_negatives': 174, 'precision': 0.9993093922651933, 'recall': 0.8926588525601481, 'f1_score': 0.9429781687846204}}[92mINFO [0m:      
[92mINFO [0m:      [ROUND 9]
[92mINFO [0m:      configure_fit: strategy sampled 4 clients (out of 4)
[92mINFO [0m:      aggregate_fit: received 4 results and 0 failures
[92mINFO [0m:      configure_evaluate: strategy sampled 4 clients (out of 4)
[92mINFO [0m:      aggregate_evaluate: received 4 results and 0 failures
[92mINFO [0m:      
[92mINFO [0m:      [ROUND 10]
[92mINFO [0m:      configure_fit: strategy sampled 4 clients (out of 4)
[92mINFO [0m:      aggregate_fit: received 4 results and 0 failures
[92mINFO [0m:      configure_evaluate: strategy sampled 4 clients (out of 4)
[92mINFO [0m:      aggregate_evaluate: received 4 results and 0 failures

[DEBUG _get_metrics] res_item[1].keys(): ['accuracy', 'loss', 'total_samples', 'actual_attack', 'actual_normal', 'predicted_attack', 'predicted_normal', 'true_positives', 'true_negatives', 'false_positives', 'false_negatives', 'precision', 'recall', 'f1_score']
[DEBUG _get_metrics] Extracted from ConfigRecord._data
[DEBUG] Extracted 4 metrics from results

[Evaluation Summary]
============================================================
Round: 8 / 60
Accuracy (mean):  0.9129  (91.29%)
Loss:             0.0348
[Per-Device Accuracy]
  - Device 0:  0.9131  (91.31%)
  - Device 1:  0.9131  (91.31%)
  - Device 2:  0.9087  (90.87%)
  - Device 3:  0.9168  (91.68%)

[Ground Truth]
  - Attack samples: 1622
  - Normal samples: 483
  - Total samples:  2105

[Predictions]
  - Predicted Attack:  1447
  - Predicted Normal:  658

[Confusion Matrix]
  - True Positives (TP):  1443
  - True Negatives (TN):  479
  - False Positives (FP): 4
  - False Negatives (FN): 179

[Metrics]
  - Precision:  0.9983  (99.83%)
  - Recall:     0.8885  (88.85%)
  - F1-Score:   0.9402  (94.02%)
============================================================

[DEBUG] evaluate_metrics_aggregation_fn called with 4 results
[DEBUG] results type: <class 'list'>
[DEBUG] First result type: <class 'tuple'>
[DEBUG] First result length: 2
[DEBUG] results[0][0] type: <class 'int'>
[DEBUG] results[0][1] type: <class 'flwr.app.message.configrecord.ConfigRecord'>
[DEBUG _get_metrics] res_item[1] type: ConfigRecord
[DEBUG _get_metrics] res_item[1] has metrics attr: False
[DEBUG _get_metrics] res_item[1].__dict__: {'_check_key_fn': <function _check_key at 0x7b35885d4900>, '_check_value_fn': <function _check_value at 0x7b357ddc49a0>, '_data': {'accuracy': 0.9277909994125366, 'loss': 0.028105009347200394, 'total_samples': 2105, 'actual_attack': 1622, 'actual_normal': 483, 'predicted_attack': 1480, 'predicted_normal': 625, 'true_positives': 1475, 'true_negatives': 478, 'false_positives': 5, 'false_negatives': 147, 'precision': 0.9966216216216216, 'recall': 0.9093711467324291, 'f1_score': 0.9509993552546744}}
[DEBUG _get_metrics] res_item[1].keys(): ['accuracy', 'loss', 'total_samples', 'actual_attack', 'actual_normal', 'predicted_attack', 'predicted_normal', 'true_positives', 'true_negatives', 'false_positives', 'false_negatives', 'precision', 'recall', 'f1_score']
[DEBUG _get_metrics] Extracted from ConfigRecord._data
[DEBUG _get_metrics] res_item[1] type: ConfigRecord
[DEBUG _get_metrics] res_item[1] has metrics attr: False
[DEBUG _get_metrics] res_item[1].__dict__: {'_check_key_fn': <function _check_key at 0x7b35885d4900>, '_check_value_fn': <function _check_value at 0x7b357ddc49a0>, '_data': {'accuracy': 0.9358059763908386, 'loss': 0.027330191805958748, 'total_samples': 2103, 'actual_attack': 1621, 'actual_normal': 482, 'predicted_attack': 1488, 'predicted_normal': 615, 'true_positives': 1487, 'true_negatives': 481, 'false_positives': 1, 'false_negatives': 134, 'precision': 0.9993279569892473, 'recall': 0.9173349784083898, 'f1_score': 0.9565776777098745}}
[DEBUG _get_metrics] res_item[1].keys(): ['accuracy', 'loss', 'total_samples', 'actual_attack', 'actual_normal', 'predicted_attack', 'predicted_normal', 'true_positives', 'true_negatives', 'false_positives', 'false_negatives', 'precision', 'recall', 'f1_score']
[DEBUG _get_metrics] Extracted from ConfigRecord._data
[DEBUG _get_metrics] res_item[1] type: ConfigRecord
[DEBUG _get_metrics] res_item[1] has metrics attr: False
[DEBUG _get_metrics] res_item[1].__dict__: {'_check_key_fn': <function _check_key at 0x7b35885d4900>, '_check_value_fn': <function _check_value at 0x7b357ddc49a0>, '_data': {'accuracy': 0.9277909994125366, 'loss': 0.028105009347200394, 'total_samples': 2105, 'actual_attack': 1622, 'actual_normal': 483, 'predicted_attack': 1480, 'predicted_normal': 625, 'true_positives': 1475, 'true_negatives': 478, 'false_positives': 5, 'false_negatives': 147, 'precision': 0.9966216216216216, 'recall': 0.9093711467324291, 'f1_score': 0.9509993552546744}}
[DEBUG _get_metrics] res_item[1].keys(): ['accuracy', 'loss', 'total_samples', 'actual_attack', 'actual_normal', 'predicted_attack', 'predicted_normal', 'true_positives', 'true_negatives', 'false_positives', 'false_negatives', 'precision', 'recall', 'f1_score']
[DEBUG _get_metrics] Extracted from ConfigRecord._data
[DEBUG _get_metrics] res_item[1] type: ConfigRecord
[DEBUG _get_metrics] res_item[1] has metrics attr: False
[DEBUG _get_metrics] res_item[1].__dict__: {'_check_key_fn': <function _check_key at 0x7b35885d4900>, '_check_value_fn': <function _check_value at 0x7b357ddc49a0>, '_data': {'accuracy': 0.9320018887519836, 'loss': 0.02784384973347187, 'total_samples': 2103, 'actual_attack': 1621, 'actual_normal': 482, 'predicted_attack': 1480, 'predicted_normal': 623, 'true_positives': 1479, 'true_negatives': 481, 'false_positives': 1, 'false_negatives': 142, 'precision': 0.9993243243243243, 'recall': 0.9123997532387416, 'f1_score': 0.9538858432763625}}
[DEBUG _get_metrics] res_item[1].keys(): ['accuracy', 'loss', 'total_samples', 'actual_attack', 'actual_normal', 'predicted_attack', 'predicted_normal', 'true_positives', 'true_negatives', 'false_positives', 'false_negatives', 'precision', 'recall', 'f1_score']
[DEBUG _get_metrics] Extracted from ConfigRecord._data
[DEBUG] Extracted 4 metrics from results

[Evaluation Summary]
============================================================
Round: 9 / 60
Accuracy (mean):  0.9308  (93.08%)
Loss:             0.0278
[Per-Device Accuracy]
  - Device 0:  0.9278  (92.78%)
  - Device 1:  0.9358  (93.58%)
  - Device 2:  0.9278  (92.78%)
  - Device 3:  0.9320  (93.20%)

[Ground Truth]
  - Attack samples: 1622
  - Normal samples: 483
  - Total samples:  2105

[Predictions]
  - Predicted Attack:  1480
  - Predicted Normal:  625

[Confusion Matrix]
  - True Positives (TP):  1475
  - True Negatives (TN):  478
  - False Positives (FP): 5
  - False Negatives (FN): 147

[Metrics]
  - Precision:  0.9980  (99.80%)
  - Recall:     0.9121  (91.21%)
  - F1-Score:   0.9531  (95.31%)
============================================================

[Round 10] Client contributions:
  Client samples: 29,186 (weight: 0.2500)
  Client samples: 29,184 (weight: 0.2500)
  Client samples: 29,186 (weight: 0.2500)
  Client samples: 29,186 (weight: 0.2500)
[36m(ClientAppActor pid=717331)[0m [Client 1] Class weights (smoothed): {0: 1.0, 1: 1.0}[32m [repeated 16x across cluster][0m
[DEBUG] evaluate_metrics_aggregation_fn called with 4 results
[DEBUG] results type: <class 'list'>
[DEBUG] First result type: <class 'tuple'>
[DEBUG] First result length: 2
[DEBUG] results[0][0] type: <class 'int'>
[DEBUG] results[0][1] type: <class 'flwr.app.message.configrecord.ConfigRecord'>
[DEBUG _get_metrics] res_item[1] type: ConfigRecord
[DEBUG _get_metrics] res_item[1] has metrics attr: False
[DEBUG _get_metrics] res_item[1].__dict__: {'_check_key_fn': <function _check_key at 0x7b35885d4900>, '_check_value_fn': <function _check_value at 0x7b357ddc49a0>, '_data': {'accuracy': 0.9415121078491211, 'loss': 0.02188880182802677, 'total_samples': 2103, 'actual_attack': 1621, 'actual_normal': 482, 'predicted_attack': 1500, 'predicted_normal': 603, 'true_positives': 1499, 'true_negatives': 481, 'false_positives': 1, 'false_negatives': 122, 'precision': 0.9993333333333333, 'recall': 0.9247378161628624, 'f1_score': 0.9605895546299262}}
[DEBUG _get_metrics] res_item[1].keys(): ['accuracy', 'loss', 'total_samples', 'actual_attack', 'actual_normal', 'predicted_attack', 'predicted_normal', 'true_positives', 'true_negatives', 'false_positives', 'false_negatives', 'precision', 'recall', 'f1_score']
[DEBUG _get_metrics] Extracted from ConfigRecord._data
[DEBUG _get_metrics] res_item[1] type: ConfigRecord
[DEBUG _get_metrics] res_item[1] has metrics attr: False
[DEBUG _get_metrics] res_item[1].__dict__: {'_check_key_fn': <function _check_key at 0x7b35885d4900>, '_check_value_fn': <function _check_value at 0x7b357ddc49a0>, '_data': {'accuracy': 0.9349168539047241, 'loss': 0.022651784121990204, 'total_samples': 2105, 'actual_attack': 1622, 'actual_normal': 483, 'predicted_attack': 1497, 'predicted_normal': 608, 'true_positives': 1491, 'true_negatives': 477, 'false_positives': 6, 'false_negatives': 131, 'precision': 0.9959919839679359, 'recall': 0.9192355117139334, 'f1_score': 0.9560756652773326}}[92mINFO [0m:      
[92mINFO [0m:      [ROUND 11]
[92mINFO [0m:      configure_fit: strategy sampled 4 clients (out of 4)
[92mINFO [0m:      aggregate_fit: received 4 results and 0 failures
[92mINFO [0m:      configure_evaluate: strategy sampled 4 clients (out of 4)
[92mINFO [0m:      aggregate_evaluate: received 4 results and 0 failures
[92mINFO [0m:      
[92mINFO [0m:      [ROUND 12]
[92mINFO [0m:      configure_fit: strategy sampled 4 clients (out of 4)
[92mINFO [0m:      aggregate_fit: received 4 results and 0 failures
[92mINFO [0m:      configure_evaluate: strategy sampled 4 clients (out of 4)

[DEBUG _get_metrics] res_item[1].keys(): ['accuracy', 'loss', 'total_samples', 'actual_attack', 'actual_normal', 'predicted_attack', 'predicted_normal', 'true_positives', 'true_negatives', 'false_positives', 'false_negatives', 'precision', 'recall', 'f1_score']
[DEBUG _get_metrics] Extracted from ConfigRecord._data
[DEBUG _get_metrics] res_item[1] type: ConfigRecord
[DEBUG _get_metrics] res_item[1] has metrics attr: False
[DEBUG _get_metrics] res_item[1].__dict__: {'_check_key_fn': <function _check_key at 0x7b35885d4900>, '_check_value_fn': <function _check_value at 0x7b357ddc49a0>, '_data': {'accuracy': 0.9349168539047241, 'loss': 0.022651784121990204, 'total_samples': 2105, 'actual_attack': 1622, 'actual_normal': 483, 'predicted_attack': 1497, 'predicted_normal': 608, 'true_positives': 1491, 'true_negatives': 477, 'false_positives': 6, 'false_negatives': 131, 'precision': 0.9959919839679359, 'recall': 0.9192355117139334, 'f1_score': 0.9560756652773326}}
[DEBUG _get_metrics] res_item[1].keys(): ['accuracy', 'loss', 'total_samples', 'actual_attack', 'actual_normal', 'predicted_attack', 'predicted_normal', 'true_positives', 'true_negatives', 'false_positives', 'false_negatives', 'precision', 'recall', 'f1_score']
[DEBUG _get_metrics] Extracted from ConfigRecord._data
[DEBUG _get_metrics] res_item[1] type: ConfigRecord
[DEBUG _get_metrics] res_item[1] has metrics attr: False
[DEBUG _get_metrics] res_item[1].__dict__: {'_check_key_fn': <function _check_key at 0x7b35885d4900>, '_check_value_fn': <function _check_value at 0x7b357ddc49a0>, '_data': {'accuracy': 0.9381835460662842, 'loss': 0.022291874513030052, 'total_samples': 2103, 'actual_attack': 1621, 'actual_normal': 482, 'predicted_attack': 1493, 'predicted_normal': 610, 'true_positives': 1492, 'true_negatives': 481, 'false_positives': 1, 'false_negatives': 129, 'precision': 0.999330207635633, 'recall': 0.9204194941394201, 'f1_score': 0.9582530507385999}}
[DEBUG _get_metrics] res_item[1].keys(): ['accuracy', 'loss', 'total_samples', 'actual_attack', 'actual_normal', 'predicted_attack', 'predicted_normal', 'true_positives', 'true_negatives', 'false_positives', 'false_negatives', 'precision', 'recall', 'f1_score']
[DEBUG _get_metrics] Extracted from ConfigRecord._data
[DEBUG] Extracted 4 metrics from results

[Evaluation Summary]
============================================================
Round: 10 / 60
Accuracy (mean):  0.9374  (93.74%)
Loss:             0.0224
[Per-Device Accuracy]
  - Device 0:  0.9415  (94.15%)
  - Device 1:  0.9349  (93.49%)
  - Device 2:  0.9349  (93.49%)
  - Device 3:  0.9382  (93.82%)

[Ground Truth]
  - Attack samples: 1621
  - Normal samples: 482
  - Total samples:  2103

[Predictions]
  - Predicted Attack:  1500
  - Predicted Normal:  603

[Confusion Matrix]
  - True Positives (TP):  1499
  - True Negatives (TN):  481
  - False Positives (FP): 1
  - False Negatives (FN): 122

[Metrics]
  - Precision:  0.9977  (99.77%)
  - Recall:     0.9209  (92.09%)
  - F1-Score:   0.9577  (95.77%)
============================================================

[DEBUG] evaluate_metrics_aggregation_fn called with 4 results
[DEBUG] results type: <class 'list'>
[DEBUG] First result type: <class 'tuple'>
[DEBUG] First result length: 2
[DEBUG] results[0][0] type: <class 'int'>
[DEBUG] results[0][1] type: <class 'flwr.app.message.configrecord.ConfigRecord'>
[DEBUG _get_metrics] res_item[1] type: ConfigRecord
[DEBUG _get_metrics] res_item[1] has metrics attr: False
[DEBUG _get_metrics] res_item[1].__dict__: {'_check_key_fn': <function _check_key at 0x7b35885d4900>, '_check_value_fn': <function _check_value at 0x7b357ddc49a0>, '_data': {'accuracy': 0.951543927192688, 'loss': 0.018882371485233307, 'total_samples': 2105, 'actual_attack': 1622, 'actual_normal': 483, 'predicted_attack': 1532, 'predicted_normal': 573, 'true_positives': 1526, 'true_negatives': 477, 'false_positives': 6, 'false_negatives': 96, 'precision': 0.9960835509138382, 'recall': 0.9408138101109741, 'f1_score': 0.9676601141407736}}
[DEBUG _get_metrics] res_item[1].keys(): ['accuracy', 'loss', 'total_samples', 'actual_attack', 'actual_normal', 'predicted_attack', 'predicted_normal', 'true_positives', 'true_negatives', 'false_positives', 'false_negatives', 'precision', 'recall', 'f1_score']
[DEBUG _get_metrics] Extracted from ConfigRecord._data
[DEBUG _get_metrics] res_item[1] type: ConfigRecord
[DEBUG _get_metrics] res_item[1] has metrics attr: False
[DEBUG _get_metrics] res_item[1].__dict__: {'_check_key_fn': <function _check_key at 0x7b35885d4900>, '_check_value_fn': <function _check_value at 0x7b357ddc49a0>, '_data': {'accuracy': 0.960532546043396, 'loss': 0.01815190725028515, 'total_samples': 2103, 'actual_attack': 1621, 'actual_normal': 482, 'predicted_attack': 1540, 'predicted_normal': 563, 'true_positives': 1539, 'true_negatives': 481, 'false_positives': 1, 'false_negatives': 82, 'precision': 0.9993506493506493, 'recall': 0.9494139420111043, 'f1_score': 0.9737424865548877}}
[DEBUG _get_metrics] res_item[1].keys(): ['accuracy', 'loss', 'total_samples', 'actual_attack', 'actual_normal', 'predicted_attack', 'predicted_normal', 'true_positives', 'true_negatives', 'false_positives', 'false_negatives', 'precision', 'recall', 'f1_score']
[DEBUG _get_metrics] Extracted from ConfigRecord._data
[DEBUG _get_metrics] res_item[1] type: ConfigRecord
[DEBUG _get_metrics] res_item[1] has metrics attr: False
[DEBUG _get_metrics] res_item[1].__dict__: {'_check_key_fn': <function _check_key at 0x7b35885d4900>, '_check_value_fn': <function _check_value at 0x7b357ddc49a0>, '_data': {'accuracy': 0.951543927192688, 'loss': 0.018882371485233307, 'total_samples': 2105, 'actual_attack': 1622, 'actual_normal': 483, 'predicted_attack': 1532, 'predicted_normal': 573, 'true_positives': 1526, 'true_negatives': 477, 'false_positives': 6, 'false_negatives': 96, 'precision': 0.9960835509138382, 'recall': 0.9408138101109741, 'f1_score': 0.9676601141407736}}
[DEBUG _get_metrics] res_item[1].keys(): ['accuracy', 'loss', 'total_samples', 'actual_attack', 'actual_normal', 'predicted_attack', 'predicted_normal', 'true_positives', 'true_negatives', 'false_positives', 'false_negatives', 'precision', 'recall', 'f1_score']
[DEBUG _get_metrics] Extracted from ConfigRecord._data
[DEBUG _get_metrics] res_item[1] type: ConfigRecord
[DEBUG _get_metrics] res_item[1] has metrics attr: False
[DEBUG _get_metrics] res_item[1].__dict__: {'_check_key_fn': <function _check_key at 0x7b35885d4900>, '_check_value_fn': <function _check_value at 0x7b357ddc49a0>, '_data': {'accuracy': 0.956728458404541, 'loss': 0.01843843422830105, 'total_samples': 2103, 'actual_attack': 1621, 'actual_normal': 482, 'predicted_attack': 1532, 'predicted_normal': 571, 'true_positives': 1531, 'true_negatives': 481, 'false_positives': 1, 'false_negatives': 90, 'precision': 0.9993472584856397, 'recall': 0.9444787168414559, 'f1_score': 0.9711385981604822}}
[DEBUG _get_metrics] res_item[1].keys(): ['accuracy', 'loss', 'total_samples', 'actual_attack', 'actual_normal', 'predicted_attack', 'predicted_normal', 'true_positives', 'true_negatives', 'false_positives', 'false_negatives', 'precision', 'recall', 'f1_score']
[DEBUG _get_metrics] Extracted from ConfigRecord._data
[DEBUG] Extracted 4 metrics from results

[Evaluation Summary]
============================================================
Round: 11 / 60
Accuracy (mean):  0.9551  (95.51%)
Loss:             0.0186
[Per-Device Accuracy]
  - Device 0:  0.9515  (95.15%)
  - Device 1:  0.9605  (96.05%)
  - Device 2:  0.9515  (95.15%)
  - Device 3:  0.9567  (95.67%)

[Ground Truth]
  - Attack samples: 1622
  - Normal samples: 483
  - Total samples:  2105

[Predictions]
  - Predicted Attack:  1532
  - Predicted Normal:  573

[Confusion Matrix]
  - True Positives (TP):  1526
  - True Negatives (TN):  477
  - False Positives (FP): 6
  - False Negatives (FN): 96

[Metrics]
  - Precision:  0.9977  (99.77%)
  - Recall:     0.9439  (94.39%)
  - F1-Score:   0.9701  (97.01%)
============================================================

[36m(ClientAppActor pid=717332)[0m [Client 0] Class weights (smoothed): {0: 1.0, 1: 1.0}[32m [repeated 16x across cluster][0m
[92mINFO [0m:      aggregate_evaluate: received 4 results and 0 failures
[92mINFO [0m:      
[92mINFO [0m:      [ROUND 13]
[92mINFO [0m:      configure_fit: strategy sampled 4 clients (out of 4)
[92mINFO [0m:      aggregate_fit: received 4 results and 0 failures
[92mINFO [0m:      configure_evaluate: strategy sampled 4 clients (out of 4)
[92mINFO [0m:      aggregate_evaluate: received 4 results and 0 failures
[DEBUG] evaluate_metrics_aggregation_fn called with 4 results
[DEBUG] results type: <class 'list'>
[DEBUG] First result type: <class 'tuple'>
[DEBUG] First result length: 2
[DEBUG] results[0][0] type: <class 'int'>
[DEBUG] results[0][1] type: <class 'flwr.app.message.configrecord.ConfigRecord'>
[DEBUG _get_metrics] res_item[1] type: ConfigRecord
[DEBUG _get_metrics] res_item[1] has metrics attr: False
[DEBUG _get_metrics] res_item[1].__dict__: {'_check_key_fn': <function _check_key at 0x7b35885d4900>, '_check_value_fn': <function _check_value at 0x7b357ddc49a0>, '_data': {'accuracy': 0.9586698412895203, 'loss': 0.01587848924100399, 'total_samples': 2105, 'actual_attack': 1622, 'actual_normal': 483, 'predicted_attack': 1547, 'predicted_normal': 558, 'true_positives': 1541, 'true_negatives': 477, 'false_positives': 6, 'false_negatives': 81, 'precision': 0.9961215255332903, 'recall': 0.9500616522811344, 'f1_score': 0.9725465446513096}}
[DEBUG _get_metrics] res_item[1].keys(): ['accuracy', 'loss', 'total_samples', 'actual_attack', 'actual_normal', 'predicted_attack', 'predicted_normal', 'true_positives', 'true_negatives', 'false_positives', 'false_negatives', 'precision', 'recall', 'f1_score']
[DEBUG _get_metrics] Extracted from ConfigRecord._data
[DEBUG _get_metrics] res_item[1] type: ConfigRecord
[DEBUG _get_metrics] res_item[1] has metrics attr: False
[DEBUG _get_metrics] res_item[1].__dict__: {'_check_key_fn': <function _check_key at 0x7b35885d4900>, '_check_value_fn': <function _check_value at 0x7b357ddc49a0>, '_data': {'accuracy': 0.9695672988891602, 'loss': 0.015125188045203686, 'total_samples': 2103, 'actual_attack': 1621, 'actual_normal': 482, 'predicted_attack': 1559, 'predicted_normal': 544, 'true_positives': 1558, 'true_negatives': 481, 'false_positives': 1, 'false_negatives': 63, 'precision': 0.9993585631815266, 'recall': 0.9611351017890192, 'f1_score': 0.979874213836478}}
[DEBUG _get_metrics] res_item[1].keys(): ['accuracy', 'loss', 'total_samples', 'actual_attack', 'actual_normal', 'predicted_attack', 'predicted_normal', 'true_positives', 'true_negatives', 'false_positives', 'false_negatives', 'precision', 'recall', 'f1_score']
[DEBUG _get_metrics] Extracted from ConfigRecord._data
[DEBUG _get_metrics] res_item[1] type: ConfigRecord
[DEBUG _get_metrics] res_item[1] has metrics attr: False
[DEBUG _get_metrics] res_item[1].__dict__: {'_check_key_fn': <function _check_key at 0x7b35885d4900>, '_check_value_fn': <function _check_value at 0x7b357ddc49a0>, '_data': {'accuracy': 0.9728958606719971, 'loss': 0.015323229134082794, 'total_samples': 2103, 'actual_attack': 1621, 'actual_normal': 482, 'predicted_attack': 1566, 'predicted_normal': 537, 'true_positives': 1565, 'true_negatives': 481, 'false_positives': 1, 'false_negatives': 56, 'precision': 0.9993614303959132, 'recall': 0.9654534238124615, 'f1_score': 0.9821148415437715}}
[DEBUG _get_metrics] res_item[1].keys(): ['accuracy', 'loss', 'total_samples', 'actual_attack', 'actual_normal', 'predicted_attack', 'predicted_normal', 'true_positives', 'true_negatives', 'false_positives', 'false_negatives', 'precision', 'recall', 'f1_score']
[DEBUG _get_metrics] Extracted from ConfigRecord._data
[DEBUG _get_metrics] res_item[1] type: ConfigRecord
[DEBUG _get_metrics] res_item[1] has metrics attr: False
[DEBUG _get_metrics] res_item[1].__dict__: {'_check_key_fn': <function _check_key at 0x7b35885d4900>, '_check_value_fn': <function _check_value at 0x7b357ddc49a0>, '_data': {'accuracy': 0.9586698412895203, 'loss': 0.01587848924100399, 'total_samples': 2105, 'actual_attack': 1622, 'actual_normal': 483, 'predicted_attack': 1547, 'predicted_normal': 558, 'true_positives': 1541, 'true_negatives': 477, 'false_positives': 6, 'false_negatives': 81, 'precision': 0.9961215255332903, 'recall': 0.9500616522811344, 'f1_score': 0.9725465446513096}}
[DEBUG _get_metrics] res_item[1].keys(): ['accuracy', 'loss', 'total_samples', 'actual_attack', 'actual_normal', 'predicted_attack', 'predicted_normal', 'true_positives', 'true_negatives', 'false_positives', 'false_negatives', 'precision', 'recall', 'f1_score']
[DEBUG _get_metrics] Extracted from ConfigRecord._data
[DEBUG] Extracted 4 metrics from results

[Evaluation Summary]
============================================================
Round: 12 / 60
Accuracy (mean):  0.9650  (96.50%)
Loss:             0.0156
[Per-Device Accuracy]
  - Device 0:  0.9587  (95.87%)
  - Device 1:  0.9696  (96.96%)
  - Device 2:  0.9729  (97.29%)
  - Device 3:  0.9587  (95.87%)

[Ground Truth]
  - Attack samples: 1622
  - Normal samples: 483
  - Total samples:  2105

[Predictions]
  - Predicted Attack:  1547
  - Predicted Normal:  558

[Confusion Matrix]
  - True Positives (TP):  1541
  - True Negatives (TN):  477
  - False Positives (FP): 6
  - False Negatives (FN): 81

[Metrics]
  - Precision:  0.9977  (99.77%)
  - Recall:     0.9567  (95.67%)
  - F1-Score:   0.9768  (97.68%)
============================================================

[DEBUG] evaluate_metrics_aggregation_fn called with 4 results
[DEBUG] results type: <class 'list'>
[DEBUG] First result type: <class 'tuple'>
[DEBUG] First result length: 2
[DEBUG] results[0][0] type: <class 'int'>
[DEBUG] results[0][1] type: <class 'flwr.app.message.configrecord.ConfigRecord'>
[DEBUG _get_metrics] res_item[1] type: ConfigRecord
[DEBUG _get_metrics] res_item[1] has metrics attr: False
[DEBUG _get_metrics] res_item[1].__dict__: {'_check_key_fn': <function _check_key at 0x7b35885d4900>, '_check_value_fn': <function _check_value at 0x7b357ddc49a0>, '_data': {'accuracy': 0.9728958606719971, 'loss': 0.013010423630475998, 'total_samples': 2103, 'actual_attack': 1621, 'actual_normal': 482, 'predicted_attack': 1568, 'predicted_normal': 535, 'true_positives': 1566, 'true_negatives': 480, 'false_positives': 2, 'false_negatives': 55, 'precision': 0.9987244897959183, 'recall': 0.9660703269586675, 'f1_score': 0.9821260583254938}}
[DEBUG _get_metrics] res_item[1].keys(): ['accuracy', 'loss', 'total_samples', 'actual_attack', 'actual_normal', 'predicted_attack', 'predicted_normal', 'true_positives', 'true_negatives', 'false_positives', 'false_negatives', 'precision', 'recall', 'f1_score']
[DEBUG _get_metrics] Extracted from ConfigRecord._data
[DEBUG _get_metrics] res_item[1] type: ConfigRecord
[DEBUG _get_metrics] res_item[1] has metrics attr: False
[DEBUG _get_metrics] res_item[1].__dict__: {'_check_key_fn': <function _check_key at 0x7b35885d4900>, '_check_value_fn': <function _check_value at 0x7b357ddc49a0>, '_data': {'accuracy': 0.9629453420639038, 'loss': 0.013807127252221107, 'total_samples': 2105, 'actual_attack': 1622, 'actual_normal': 483, 'predicted_attack': 1556, 'predicted_normal': 549, 'true_positives': 1550, 'true_negatives': 477, 'false_positives': 6, 'false_negatives': 72, 'precision': 0.9961439588688946, 'recall': 0.9556103575832305, 'f1_score': 0.9754562617998741}}
[DEBUG _get_metrics] res_item[1].keys(): ['accuracy', 'loss', 'total_samples', 'actual_attack', 'actual_normal', 'predicted_attack', 'predicted_normal', 'true_positives', 'true_negatives', 'false_positives', 'false_negatives', 'precision', 'recall', 'f1_score']
[DEBUG _get_metrics] Extracted from ConfigRecord._data
[DEBUG _get_metrics] res_item[1] type: ConfigRecord
[DEBUG _get_metrics] res_item[1] has metrics attr: False
[DEBUG _get_metrics] res_item[1].__dict__: {'_check_key_fn': <function _check_key at 0x7b35885d4900>, '_check_value_fn': <function _check_value at 0x7b357ddc49a0>, '_data': {'accuracy': 0.9629453420639038, 'loss': 0.013807127252221107, 'total_samples': 2105, 'actual_attack': 1622, 'actual_normal': 483, 'predicted_attack': 1556, 'predicted_normal': 549, 'true_positives': 1550, 'true_negatives': 477, 'false_positives': 6, 'false_negatives': 72, 'precision': 0.9961439588688946, 'recall': 0.9556103575832305, 'f1_score': 0.9754562617998741}}
[DEBUG _get_metrics] res_item[1].keys(): ['accuracy', 'loss', 'total_samples', 'actual_attack', 'actual_normal', 'predicted_attack', 'predicted_normal', 'true_positives', 'true_negatives', 'false_positives', 'false_negatives', 'precision', 'recall', 'f1_score']
[DEBUG _get_metrics] Extracted from ConfigRecord._data
[DEBUG _get_metrics] res_item[1] type: ConfigRecord[92mINFO [0m:      
[92mINFO [0m:      [ROUND 14]
[92mINFO [0m:      configure_fit: strategy sampled 4 clients (out of 4)
[92mINFO [0m:      aggregate_fit: received 4 results and 0 failures
[92mINFO [0m:      configure_evaluate: strategy sampled 4 clients (out of 4)
[92mINFO [0m:      aggregate_evaluate: received 4 results and 0 failures
[92mINFO [0m:      
[92mINFO [0m:      [ROUND 15]
[92mINFO [0m:      configure_fit: strategy sampled 4 clients (out of 4)
[92mINFO [0m:      aggregate_fit: received 4 results and 0 failures
[92mINFO [0m:      configure_evaluate: strategy sampled 4 clients (out of 4)
[92mINFO [0m:      aggregate_evaluate: received 4 results and 0 failures

[DEBUG _get_metrics] res_item[1] has metrics attr: False
[DEBUG _get_metrics] res_item[1].__dict__: {'_check_key_fn': <function _check_key at 0x7b35885d4900>, '_check_value_fn': <function _check_value at 0x7b357ddc49a0>, '_data': {'accuracy': 0.9738469123840332, 'loss': 0.013144386000931263, 'total_samples': 2103, 'actual_attack': 1621, 'actual_normal': 482, 'predicted_attack': 1570, 'predicted_normal': 533, 'true_positives': 1568, 'true_negatives': 480, 'false_positives': 2, 'false_negatives': 53, 'precision': 0.9987261146496815, 'recall': 0.9673041332510796, 'f1_score': 0.9827640238169852}}
[DEBUG _get_metrics] res_item[1].keys(): ['accuracy', 'loss', 'total_samples', 'actual_attack', 'actual_normal', 'predicted_attack', 'predicted_normal', 'true_positives', 'true_negatives', 'false_positives', 'false_negatives', 'precision', 'recall', 'f1_score']
[DEBUG _get_metrics] Extracted from ConfigRecord._data
[DEBUG] Extracted 4 metrics from results

[Evaluation Summary]
============================================================
Round: 13 / 60
Accuracy (mean):  0.9682  (96.82%)
Loss:             0.0134
[Per-Device Accuracy]
  - Device 0:  0.9729  (97.29%)
  - Device 1:  0.9629  (96.29%)
  - Device 2:  0.9629  (96.29%)
  - Device 3:  0.9738  (97.38%)

[Ground Truth]
  - Attack samples: 1621
  - Normal samples: 482
  - Total samples:  2103

[Predictions]
  - Predicted Attack:  1568
  - Predicted Normal:  535

[Confusion Matrix]
  - True Positives (TP):  1566
  - True Negatives (TN):  480
  - False Positives (FP): 2
  - False Negatives (FN): 55

[Metrics]
  - Precision:  0.9974  (99.74%)
  - Recall:     0.9611  (96.11%)
  - F1-Score:   0.9790  (97.90%)
============================================================

[36m(ClientAppActor pid=717326)[0m [Client 2] Class weights (smoothed): {0: 1.0, 1: 1.0}[32m [repeated 16x across cluster][0m
[DEBUG] evaluate_metrics_aggregation_fn called with 4 results
[DEBUG] results type: <class 'list'>
[DEBUG] First result type: <class 'tuple'>
[DEBUG] First result length: 2
[DEBUG] results[0][0] type: <class 'int'>
[DEBUG] results[0][1] type: <class 'flwr.app.message.configrecord.ConfigRecord'>
[DEBUG _get_metrics] res_item[1] type: ConfigRecord
[DEBUG _get_metrics] res_item[1] has metrics attr: False
[DEBUG _get_metrics] res_item[1].__dict__: {'_check_key_fn': <function _check_key at 0x7b35885d4900>, '_check_value_fn': <function _check_value at 0x7b357ddc49a0>, '_data': {'accuracy': 0.9672209024429321, 'loss': 0.012473826296627522, 'total_samples': 2105, 'actual_attack': 1622, 'actual_normal': 483, 'predicted_attack': 1565, 'predicted_normal': 540, 'true_positives': 1559, 'true_negatives': 477, 'false_positives': 6, 'false_negatives': 63, 'precision': 0.9961661341853035, 'recall': 0.9611590628853267, 'f1_score': 0.9783495450266709}}
[DEBUG _get_metrics] res_item[1].keys(): ['accuracy', 'loss', 'total_samples', 'actual_attack', 'actual_normal', 'predicted_attack', 'predicted_normal', 'true_positives', 'true_negatives', 'false_positives', 'false_negatives', 'precision', 'recall', 'f1_score']
[DEBUG _get_metrics] Extracted from ConfigRecord._data
[DEBUG _get_metrics] res_item[1] type: ConfigRecord
[DEBUG _get_metrics] res_item[1] has metrics attr: False
[DEBUG _get_metrics] res_item[1].__dict__: {'_check_key_fn': <function _check_key at 0x7b35885d4900>, '_check_value_fn': <function _check_value at 0x7b357ddc49a0>, '_data': {'accuracy': 0.9743223786354065, 'loss': 0.011730539612472057, 'total_samples': 2103, 'actual_attack': 1621, 'actual_normal': 482, 'predicted_attack': 1571, 'predicted_normal': 532, 'true_positives': 1569, 'true_negatives': 480, 'false_positives': 2, 'false_negatives': 52, 'precision': 0.9987269255251432, 'recall': 0.9679210363972857, 'f1_score': 0.9830827067669173}}
[DEBUG _get_metrics] res_item[1].keys(): ['accuracy', 'loss', 'total_samples', 'actual_attack', 'actual_normal', 'predicted_attack', 'predicted_normal', 'true_positives', 'true_negatives', 'false_positives', 'false_negatives', 'precision', 'recall', 'f1_score']
[DEBUG _get_metrics] Extracted from ConfigRecord._data
[DEBUG _get_metrics] res_item[1] type: ConfigRecord
[DEBUG _get_metrics] res_item[1] has metrics attr: False
[DEBUG _get_metrics] res_item[1].__dict__: {'_check_key_fn': <function _check_key at 0x7b35885d4900>, '_check_value_fn': <function _check_value at 0x7b357ddc49a0>, '_data': {'accuracy': 0.9743223786354065, 'loss': 0.011648963205516338, 'total_samples': 2103, 'actual_attack': 1621, 'actual_normal': 482, 'predicted_attack': 1571, 'predicted_normal': 532, 'true_positives': 1569, 'true_negatives': 480, 'false_positives': 2, 'false_negatives': 52, 'precision': 0.9987269255251432, 'recall': 0.9679210363972857, 'f1_score': 0.9830827067669173}}
[DEBUG _get_metrics] res_item[1].keys(): ['accuracy', 'loss', 'total_samples', 'actual_attack', 'actual_normal', 'predicted_attack', 'predicted_normal', 'true_positives', 'true_negatives', 'false_positives', 'false_negatives', 'precision', 'recall', 'f1_score']
[DEBUG _get_metrics] Extracted from ConfigRecord._data
[DEBUG _get_metrics] res_item[1] type: ConfigRecord
[DEBUG _get_metrics] res_item[1] has metrics attr: False
[DEBUG _get_metrics] res_item[1].__dict__: {'_check_key_fn': <function _check_key at 0x7b35885d4900>, '_check_value_fn': <function _check_value at 0x7b357ddc49a0>, '_data': {'accuracy': 0.9672209024429321, 'loss': 0.012473826296627522, 'total_samples': 2105, 'actual_attack': 1622, 'actual_normal': 483, 'predicted_attack': 1565, 'predicted_normal': 540, 'true_positives': 1559, 'true_negatives': 477, 'false_positives': 6, 'false_negatives': 63, 'precision': 0.9961661341853035, 'recall': 0.9611590628853267, 'f1_score': 0.9783495450266709}}
[DEBUG _get_metrics] res_item[1].keys(): ['accuracy', 'loss', 'total_samples', 'actual_attack', 'actual_normal', 'predicted_attack', 'predicted_normal', 'true_positives', 'true_negatives', 'false_positives', 'false_negatives', 'precision', 'recall', 'f1_score']
[DEBUG _get_metrics] Extracted from ConfigRecord._data
[DEBUG] Extracted 4 metrics from results

[Evaluation Summary]
============================================================
Round: 14 / 60
Accuracy (mean):  0.9708  (97.08%)
Loss:             0.0121
[Per-Device Accuracy]
  - Device 0:  0.9672  (96.72%)
  - Device 1:  0.9743  (97.43%)
  - Device 2:  0.9743  (97.43%)
  - Device 3:  0.9672  (96.72%)

[Ground Truth]
  - Attack samples: 1622
  - Normal samples: 483
  - Total samples:  2105

[Predictions]
  - Predicted Attack:  1565
  - Predicted Normal:  540

[Confusion Matrix]
  - True Positives (TP):  1559
  - True Negatives (TN):  477
  - False Positives (FP): 6
  - False Negatives (FN): 63

[Metrics]
  - Precision:  0.9974  (99.74%)
  - Recall:     0.9645  (96.45%)
  - F1-Score:   0.9807  (98.07%)
============================================================

[Round 15] Client contributions:
  Client samples: 29,186 (weight: 0.2500)
  Client samples: 29,186 (weight: 0.2500)
  Client samples: 29,184 (weight: 0.2500)
  Client samples: 29,186 (weight: 0.2500)
[DEBUG] evaluate_metrics_aggregation_fn called with 4 results
[DEBUG] results type: <class 'list'>
[DEBUG] First result type: <class 'tuple'>
[DEBUG] First result length: 2
[DEBUG] results[0][0] type: <class 'int'>
[DEBUG] results[0][1] type: <class 'flwr.app.message.configrecord.ConfigRecord'>
[DEBUG _get_metrics] res_item[1] type: ConfigRecord
[DEBUG _get_metrics] res_item[1] has metrics attr: False
[DEBUG _get_metrics] res_item[1].__dict__: {'_check_key_fn': <function _check_key at 0x7b35885d4900>, '_check_value_fn': <function _check_value at 0x7b357ddc49a0>, '_data': {'accuracy': 0.9733713865280151, 'loss': 0.010772003792226315, 'total_samples': 2103, 'actual_attack': 1621, 'actual_normal': 482, 'predicted_attack': 1571, 'predicted_normal': 532, 'true_positives': 1568, 'true_negatives': 479, 'false_positives': 3, 'false_negatives': 53, 'precision': 0.9980903882877148, 'recall': 0.9673041332510796, 'f1_score': 0.9824561403508772}}
[DEBUG _get_metrics] res_item[1].keys(): ['accuracy', 'loss', 'total_samples', 'actual_attack', 'actual_normal', 'predicted_attack', 'predicted_normal', 'true_positives', 'true_negatives', 'false_positives', 'false_negatives', 'precision', 'recall', 'f1_score'][92mINFO [0m:      
[92mINFO [0m:      [ROUND 16]
[92mINFO [0m:      configure_fit: strategy sampled 4 clients (out of 4)
[92mINFO [0m:      aggregate_fit: received 4 results and 0 failures
[92mINFO [0m:      configure_evaluate: strategy sampled 4 clients (out of 4)
[92mINFO [0m:      aggregate_evaluate: received 4 results and 0 failures

[DEBUG _get_metrics] Extracted from ConfigRecord._data
[DEBUG _get_metrics] res_item[1] type: ConfigRecord
[DEBUG _get_metrics] res_item[1] has metrics attr: False
[DEBUG _get_metrics] res_item[1].__dict__: {'_check_key_fn': <function _check_key at 0x7b35885d4900>, '_check_value_fn': <function _check_value at 0x7b357ddc49a0>, '_data': {'accuracy': 0.9672209024429321, 'loss': 0.011595014482736588, 'total_samples': 2105, 'actual_attack': 1622, 'actual_normal': 483, 'predicted_attack': 1567, 'predicted_normal': 538, 'true_positives': 1560, 'true_negatives': 476, 'false_positives': 7, 'false_negatives': 62, 'precision': 0.9955328653477984, 'recall': 0.9617755856966708, 'f1_score': 0.9783631232361242}}
[DEBUG _get_metrics] res_item[1].keys(): ['accuracy', 'loss', 'total_samples', 'actual_attack', 'actual_normal', 'predicted_attack', 'predicted_normal', 'true_positives', 'true_negatives', 'false_positives', 'false_negatives', 'precision', 'recall', 'f1_score']
[DEBUG _get_metrics] Extracted from ConfigRecord._data
[DEBUG _get_metrics] res_item[1] type: ConfigRecord
[DEBUG _get_metrics] res_item[1] has metrics attr: False
[DEBUG _get_metrics] res_item[1].__dict__: {'_check_key_fn': <function _check_key at 0x7b35885d4900>, '_check_value_fn': <function _check_value at 0x7b357ddc49a0>, '_data': {'accuracy': 0.9672209024429321, 'loss': 0.011595014482736588, 'total_samples': 2105, 'actual_attack': 1622, 'actual_normal': 483, 'predicted_attack': 1567, 'predicted_normal': 538, 'true_positives': 1560, 'true_negatives': 476, 'false_positives': 7, 'false_negatives': 62, 'precision': 0.9955328653477984, 'recall': 0.9617755856966708, 'f1_score': 0.9783631232361242}}
[DEBUG _get_metrics] res_item[1].keys(): ['accuracy', 'loss', 'total_samples', 'actual_attack', 'actual_normal', 'predicted_attack', 'predicted_normal', 'true_positives', 'true_negatives', 'false_positives', 'false_negatives', 'precision', 'recall', 'f1_score']
[DEBUG _get_metrics] Extracted from ConfigRecord._data
[DEBUG _get_metrics] res_item[1] type: ConfigRecord
[DEBUG _get_metrics] res_item[1] has metrics attr: False
[DEBUG _get_metrics] res_item[1].__dict__: {'_check_key_fn': <function _check_key at 0x7b35885d4900>, '_check_value_fn': <function _check_value at 0x7b357ddc49a0>, '_data': {'accuracy': 0.9738469123840332, 'loss': 0.01080864854156971, 'total_samples': 2103, 'actual_attack': 1621, 'actual_normal': 482, 'predicted_attack': 1572, 'predicted_normal': 531, 'true_positives': 1569, 'true_negatives': 479, 'false_positives': 3, 'false_negatives': 52, 'precision': 0.9980916030534351, 'recall': 0.9679210363972857, 'f1_score': 0.9827748199185719}}
[DEBUG _get_metrics] res_item[1].keys(): ['accuracy', 'loss', 'total_samples', 'actual_attack', 'actual_normal', 'predicted_attack', 'predicted_normal', 'true_positives', 'true_negatives', 'false_positives', 'false_negatives', 'precision', 'recall', 'f1_score']
[DEBUG _get_metrics] Extracted from ConfigRecord._data
[DEBUG] Extracted 4 metrics from results

[Evaluation Summary]
============================================================
Round: 15 / 60
Accuracy (mean):  0.9704  (97.04%)
Loss:             0.0112
[Per-Device Accuracy]
  - Device 0:  0.9734  (97.34%)
  - Device 1:  0.9672  (96.72%)
  - Device 2:  0.9672  (96.72%)
  - Device 3:  0.9738  (97.38%)

[Ground Truth]
  - Attack samples: 1621
  - Normal samples: 482
  - Total samples:  2103

[Predictions]
  - Predicted Attack:  1571
  - Predicted Normal:  532

[Confusion Matrix]
  - True Positives (TP):  1568
  - True Negatives (TN):  479
  - False Positives (FP): 3
  - False Negatives (FN): 53

[Metrics]
  - Precision:  0.9968  (99.68%)
  - Recall:     0.9647  (96.47%)
  - F1-Score:   0.9805  (98.05%)
============================================================

[36m(ClientAppActor pid=717326)[0m [Client 2] Class weights (smoothed): {0: 1.0, 1: 1.0}[32m [repeated 16x across cluster][0m
[DEBUG] evaluate_metrics_aggregation_fn called with 4 results
[DEBUG] results type: <class 'list'>
[DEBUG] First result type: <class 'tuple'>
[DEBUG] First result length: 2
[DEBUG] results[0][0] type: <class 'int'>
[DEBUG] results[0][1] type: <class 'flwr.app.message.configrecord.ConfigRecord'>
[DEBUG _get_metrics] res_item[1] type: ConfigRecord
[DEBUG _get_metrics] res_item[1] has metrics attr: False
[DEBUG _get_metrics] res_item[1].__dict__: {'_check_key_fn': <function _check_key at 0x7b35885d4900>, '_check_value_fn': <function _check_value at 0x7b357ddc49a0>, '_data': {'accuracy': 0.9733713865280151, 'loss': 0.010101191699504852, 'total_samples': 2103, 'actual_attack': 1621, 'actual_normal': 482, 'predicted_attack': 1575, 'predicted_normal': 528, 'true_positives': 1570, 'true_negatives': 477, 'false_positives': 5, 'false_negatives': 51, 'precision': 0.9968253968253968, 'recall': 0.9685379395434917, 'f1_score': 0.9824780976220275}}
[DEBUG _get_metrics] res_item[1].keys(): ['accuracy', 'loss', 'total_samples', 'actual_attack', 'actual_normal', 'predicted_attack', 'predicted_normal', 'true_positives', 'true_negatives', 'false_positives', 'false_negatives', 'precision', 'recall', 'f1_score']
[DEBUG _get_metrics] Extracted from ConfigRecord._data
[DEBUG _get_metrics] res_item[1] type: ConfigRecord
[DEBUG _get_metrics] res_item[1] has metrics attr: False
[DEBUG _get_metrics] res_item[1].__dict__: {'_check_key_fn': <function _check_key at 0x7b35885d4900>, '_check_value_fn': <function _check_value at 0x7b357ddc49a0>, '_data': {'accuracy': 0.9662708044052124, 'loss': 0.010926752351224422, 'total_samples': 2105, 'actual_attack': 1622, 'actual_normal': 483, 'predicted_attack': 1567, 'predicted_normal': 538, 'true_positives': 1559, 'true_negatives': 475, 'false_positives': 8, 'false_negatives': 63, 'precision': 0.9948947032546267, 'recall': 0.9611590628853267, 'f1_score': 0.9777359673878958}}
[DEBUG _get_metrics] res_item[1].keys(): ['accuracy', 'loss', 'total_samples', 'actual_attack', 'actual_normal', 'predicted_attack', 'predicted_normal', 'true_positives', 'true_negatives', 'false_positives', 'false_negatives', 'precision', 'recall', 'f1_score']
[DEBUG _get_metrics] Extracted from ConfigRecord._data
[DEBUG _get_metrics] res_item[1] type: ConfigRecord
[DEBUG _get_metrics] res_item[1] has metrics attr: False
[DEBUG _get_metrics] res_item[1].__dict__: {'_check_key_fn': <function _check_key at 0x7b35885d4900>, '_check_value_fn': <function _check_value at 0x7b357ddc49a0>, '_data': {'accuracy': 0.9738469123840332, 'loss': 0.01010190974920988, 'total_samples': 2103, 'actual_attack': 1621, 'actual_normal': 482, 'predicted_attack': 1574, 'predicted_normal': 529, 'true_positives': 1570, 'true_negatives': 478, 'false_positives': 4, 'false_negatives': 51, 'precision': 0.9974587039390089, 'recall': 0.9685379395434917, 'f1_score': 0.9827856025039123}}
[DEBUG _get_metrics] res_item[1].keys(): ['accuracy', 'loss', 'total_samples', 'actual_attack', 'actual_normal', 'predicted_attack', 'predicted_normal', 'true_positives', 'true_negatives', 'false_positives', 'false_negatives', 'precision', 'recall', 'f1_score']
[DEBUG _get_metrics] Extracted from ConfigRecord._data
[DEBUG _get_metrics] res_item[1] type: ConfigRecord
[DEBUG _get_metrics] res_item[1] has metrics attr: False
[DEBUG _get_metrics] res_item[1].__dict__: {'_check_key_fn': <function _check_key at 0x7b35885d4900>, '_check_value_fn': <function _check_value at 0x7b357ddc49a0>, '_data': {'accuracy': 0.9662708044052124, 'loss': 0.010926752351224422, 'total_samples': 2105, 'actual_attack': 1622, 'actual_normal': 483, 'predicted_attack': 1567, 'predicted_normal': 538, 'true_positives': 1559, 'true_negatives': 475, 'false_positives': 8, 'false_negatives': 63, 'precision': 0.9948947032546267, 'recall': 0.9611590628853267, 'f1_score': 0.9777359673878958}}
[DEBUG _get_metrics] res_item[1].keys(): ['accuracy', 'loss', 'total_samples', 'actual_attack', 'actual_normal', 'predicted_attack', 'predicted_normal', 'true_positives', 'true_negatives', 'false_positives', 'false_negatives', 'precision', 'recall', 'f1_score']
[DEBUG _get_metrics] Extracted from ConfigRecord._data
[DEBUG] Extracted 4 metrics from results

[Evaluation Summary]
============================================================[92mINFO [0m:      
[92mINFO [0m:      [ROUND 17]
[92mINFO [0m:      configure_fit: strategy sampled 4 clients (out of 4)
[92mINFO [0m:      aggregate_fit: received 4 results and 0 failures
[92mINFO [0m:      configure_evaluate: strategy sampled 4 clients (out of 4)
[92mINFO [0m:      aggregate_evaluate: received 4 results and 0 failures
[92mINFO [0m:      
[92mINFO [0m:      [ROUND 18]
[92mINFO [0m:      configure_fit: strategy sampled 4 clients (out of 4)
[92mINFO [0m:      aggregate_fit: received 4 results and 0 failures
[92mINFO [0m:      configure_evaluate: strategy sampled 4 clients (out of 4)
[92mINFO [0m:      aggregate_evaluate: received 4 results and 0 failures

Round: 16 / 60
Accuracy (mean):  0.9699  (96.99%)
Loss:             0.0105
[Per-Device Accuracy]
  - Device 0:  0.9734  (97.34%)
  - Device 1:  0.9663  (96.63%)
  - Device 2:  0.9738  (97.38%)
  - Device 3:  0.9663  (96.63%)

[Ground Truth]
  - Attack samples: 1621
  - Normal samples: 482
  - Total samples:  2103

[Predictions]
  - Predicted Attack:  1575
  - Predicted Normal:  528

[Confusion Matrix]
  - True Positives (TP):  1570
  - True Negatives (TN):  477
  - False Positives (FP): 5
  - False Negatives (FN): 51

[Metrics]
  - Precision:  0.9960  (99.60%)
  - Recall:     0.9648  (96.48%)
  - F1-Score:   0.9802  (98.02%)
============================================================

[DEBUG] evaluate_metrics_aggregation_fn called with 4 results
[DEBUG] results type: <class 'list'>
[DEBUG] First result type: <class 'tuple'>
[DEBUG] First result length: 2
[DEBUG] results[0][0] type: <class 'int'>
[DEBUG] results[0][1] type: <class 'flwr.app.message.configrecord.ConfigRecord'>
[DEBUG _get_metrics] res_item[1] type: ConfigRecord
[DEBUG _get_metrics] res_item[1] has metrics attr: False
[DEBUG _get_metrics] res_item[1].__dict__: {'_check_key_fn': <function _check_key at 0x7b35885d4900>, '_check_value_fn': <function _check_value at 0x7b357ddc49a0>, '_data': {'accuracy': 0.97292160987854, 'loss': 0.010419263504445553, 'total_samples': 2105, 'actual_attack': 1622, 'actual_normal': 483, 'predicted_attack': 1577, 'predicted_normal': 528, 'true_positives': 1571, 'true_negatives': 477, 'false_positives': 6, 'false_negatives': 51, 'precision': 0.9961953075459734, 'recall': 0.968557336621455, 'f1_score': 0.9821819318537043}}
[DEBUG _get_metrics] res_item[1].keys(): ['accuracy', 'loss', 'total_samples', 'actual_attack', 'actual_normal', 'predicted_attack', 'predicted_normal', 'true_positives', 'true_negatives', 'false_positives', 'false_negatives', 'precision', 'recall', 'f1_score']
[DEBUG _get_metrics] Extracted from ConfigRecord._data
[DEBUG _get_metrics] res_item[1] type: ConfigRecord
[DEBUG _get_metrics] res_item[1] has metrics attr: False
[DEBUG _get_metrics] res_item[1].__dict__: {'_check_key_fn': <function _check_key at 0x7b35885d4900>, '_check_value_fn': <function _check_value at 0x7b357ddc49a0>, '_data': {'accuracy': 0.9776510000228882, 'loss': 0.009575717151165009, 'total_samples': 2103, 'actual_attack': 1621, 'actual_normal': 482, 'predicted_attack': 1582, 'predicted_normal': 521, 'true_positives': 1578, 'true_negatives': 478, 'false_positives': 4, 'false_negatives': 43, 'precision': 0.9974715549936789, 'recall': 0.97347316471314, 'f1_score': 0.9853262566344053}}
[DEBUG _get_metrics] res_item[1].keys(): ['accuracy', 'loss', 'total_samples', 'actual_attack', 'actual_normal', 'predicted_attack', 'predicted_normal', 'true_positives', 'true_negatives', 'false_positives', 'false_negatives', 'precision', 'recall', 'f1_score']
[DEBUG _get_metrics] Extracted from ConfigRecord._data
[DEBUG _get_metrics] res_item[1] type: ConfigRecord
[DEBUG _get_metrics] res_item[1] has metrics attr: False
[DEBUG _get_metrics] res_item[1].__dict__: {'_check_key_fn': <function _check_key at 0x7b35885d4900>, '_check_value_fn': <function _check_value at 0x7b357ddc49a0>, '_data': {'accuracy': 0.9781264662742615, 'loss': 0.009599427692592144, 'total_samples': 2103, 'actual_attack': 1621, 'actual_normal': 482, 'predicted_attack': 1585, 'predicted_normal': 518, 'true_positives': 1580, 'true_negatives': 477, 'false_positives': 5, 'false_negatives': 41, 'precision': 0.9968454258675079, 'recall': 0.9747069710055521, 'f1_score': 0.9856519026824704}}
[DEBUG _get_metrics] res_item[1].keys(): ['accuracy', 'loss', 'total_samples', 'actual_attack', 'actual_normal', 'predicted_attack', 'predicted_normal', 'true_positives', 'true_negatives', 'false_positives', 'false_negatives', 'precision', 'recall', 'f1_score']
[DEBUG _get_metrics] Extracted from ConfigRecord._data
[DEBUG _get_metrics] res_item[1] type: ConfigRecord
[DEBUG _get_metrics] res_item[1] has metrics attr: False
[DEBUG _get_metrics] res_item[1].__dict__: {'_check_key_fn': <function _check_key at 0x7b35885d4900>, '_check_value_fn': <function _check_value at 0x7b357ddc49a0>, '_data': {'accuracy': 0.97292160987854, 'loss': 0.010419263504445553, 'total_samples': 2105, 'actual_attack': 1622, 'actual_normal': 483, 'predicted_attack': 1577, 'predicted_normal': 528, 'true_positives': 1571, 'true_negatives': 477, 'false_positives': 6, 'false_negatives': 51, 'precision': 0.9961953075459734, 'recall': 0.968557336621455, 'f1_score': 0.9821819318537043}}
[DEBUG _get_metrics] res_item[1].keys(): ['accuracy', 'loss', 'total_samples', 'actual_attack', 'actual_normal', 'predicted_attack', 'predicted_normal', 'true_positives', 'true_negatives', 'false_positives', 'false_negatives', 'precision', 'recall', 'f1_score']
[DEBUG _get_metrics] Extracted from ConfigRecord._data
[DEBUG] Extracted 4 metrics from results

[Evaluation Summary]
============================================================
Round: 17 / 60
Accuracy (mean):  0.9754  (97.54%)
Loss:             0.0100
[Per-Device Accuracy]
  - Device 0:  0.9729  (97.29%)
  - Device 1:  0.9777  (97.77%)
  - Device 2:  0.9781  (97.81%)
  - Device 3:  0.9729  (97.29%)

[Ground Truth]
  - Attack samples: 1622
  - Normal samples: 483
  - Total samples:  2105

[Predictions]
  - Predicted Attack:  1577
  - Predicted Normal:  528

[Confusion Matrix]
  - True Positives (TP):  1571
  - True Negatives (TN):  477
  - False Positives (FP): 6
  - False Negatives (FN): 51

[Metrics]
  - Precision:  0.9967  (99.67%)
  - Recall:     0.9713  (97.13%)
  - F1-Score:   0.9838  (98.38%)
============================================================

[36m(ClientAppActor pid=717326)[0m [Client 2] Class weights (smoothed): {0: 1.0, 1: 1.0}[32m [repeated 16x across cluster][0m
[DEBUG] evaluate_metrics_aggregation_fn called with 4 results
[DEBUG] results type: <class 'list'>
[DEBUG] First result type: <class 'tuple'>
[DEBUG] First result length: 2
[DEBUG] results[0][0] type: <class 'int'>
[DEBUG] results[0][1] type: <class 'flwr.app.message.configrecord.ConfigRecord'>
[DEBUG _get_metrics] res_item[1] type: ConfigRecord
[DEBUG _get_metrics] res_item[1] has metrics attr: False
[DEBUG _get_metrics] res_item[1].__dict__: {'_check_key_fn': <function _check_key at 0x7b35885d4900>, '_check_value_fn': <function _check_value at 0x7b357ddc49a0>, '_data': {'accuracy': 0.9714964628219604, 'loss': 0.010183718986809254, 'total_samples': 2105, 'actual_attack': 1622, 'actual_normal': 483, 'predicted_attack': 1574, 'predicted_normal': 531, 'true_positives': 1568, 'true_negatives': 477, 'false_positives': 6, 'false_negatives': 54, 'precision': 0.9961880559085133, 'recall': 0.966707768187423, 'f1_score': 0.9812265331664581}}
[DEBUG _get_metrics] res_item[1].keys(): ['accuracy', 'loss', 'total_samples', 'actual_attack', 'actual_normal', 'predicted_attack', 'predicted_normal', 'true_positives', 'true_negatives', 'false_positives', 'false_negatives', 'precision', 'recall', 'f1_score']
[DEBUG _get_metrics] Extracted from ConfigRecord._data
[DEBUG _get_metrics] res_item[1] type: ConfigRecord
[DEBUG _get_metrics] res_item[1] has metrics attr: False
[DEBUG _get_metrics] res_item[1].__dict__: {'_check_key_fn': <function _check_key at 0x7b35885d4900>, '_check_value_fn': <function _check_value at 0x7b357ddc49a0>, '_data': {'accuracy': 0.9771754741668701, 'loss': 0.009332986548542976, 'total_samples': 2103, 'actual_attack': 1621, 'actual_normal': 482, 'predicted_attack': 1581, 'predicted_normal': 522, 'true_positives': 1577, 'true_negatives': 478, 'false_positives': 4, 'false_negatives': 44, 'precision': 0.9974699557242251, 'recall': 0.9728562615669339, 'f1_score': 0.9850093691442847}}
[DEBUG _get_metrics] res_item[1].keys(): ['accuracy', 'loss', 'total_samples', 'actual_attack', 'actual_normal', 'predicted_attack', 'predicted_normal', 'true_positives', 'true_negatives', 'false_positives', 'false_negatives', 'precision', 'recall', 'f1_score']
[DEBUG _get_metrics] Extracted from ConfigRecord._data
[DEBUG _get_metrics] res_item[1] type: ConfigRecord
[DEBUG _get_metrics] res_item[1] has metrics attr: False
[DEBUG _get_metrics] res_item[1].__dict__: {'_check_key_fn': <function _check_key at 0x7b35885d4900>, '_check_value_fn': <function _check_value at 0x7b357ddc49a0>, '_data': {'accuracy': 0.976699948310852, 'loss': 0.009339646436274052, 'total_samples': 2103, 'actual_attack': 1621, 'actual_normal': 482, 'predicted_attack': 1582, 'predicted_normal': 521, 'true_positives': 1577, 'true_negatives': 477, 'false_positives': 5, 'false_negatives': 44, 'precision': 0.9968394437420987, 'recall': 0.9728562615669339, 'f1_score': 0.9847018420231033}}[92mINFO [0m:      
[92mINFO [0m:      [ROUND 19]
[92mINFO [0m:      configure_fit: strategy sampled 4 clients (out of 4)
[92mINFO [0m:      aggregate_fit: received 4 results and 0 failures
[92mINFO [0m:      configure_evaluate: strategy sampled 4 clients (out of 4)
[92mINFO [0m:      aggregate_evaluate: received 4 results and 0 failures
[92mINFO [0m:      
[92mINFO [0m:      [ROUND 20]
[92mINFO [0m:      configure_fit: strategy sampled 4 clients (out of 4)
[92mINFO [0m:      aggregate_fit: received 4 results and 0 failures
[92mINFO [0m:      configure_evaluate: strategy sampled 4 clients (out of 4)
[92mINFO [0m:      aggregate_evaluate: received 4 results and 0 failures

[DEBUG _get_metrics] res_item[1].keys(): ['accuracy', 'loss', 'total_samples', 'actual_attack', 'actual_normal', 'predicted_attack', 'predicted_normal', 'true_positives', 'true_negatives', 'false_positives', 'false_negatives', 'precision', 'recall', 'f1_score']
[DEBUG _get_metrics] Extracted from ConfigRecord._data
[DEBUG _get_metrics] res_item[1] type: ConfigRecord
[DEBUG _get_metrics] res_item[1] has metrics attr: False
[DEBUG _get_metrics] res_item[1].__dict__: {'_check_key_fn': <function _check_key at 0x7b35885d4900>, '_check_value_fn': <function _check_value at 0x7b357ddc49a0>, '_data': {'accuracy': 0.9714964628219604, 'loss': 0.010183718986809254, 'total_samples': 2105, 'actual_attack': 1622, 'actual_normal': 483, 'predicted_attack': 1574, 'predicted_normal': 531, 'true_positives': 1568, 'true_negatives': 477, 'false_positives': 6, 'false_negatives': 54, 'precision': 0.9961880559085133, 'recall': 0.966707768187423, 'f1_score': 0.9812265331664581}}
[DEBUG _get_metrics] res_item[1].keys(): ['accuracy', 'loss', 'total_samples', 'actual_attack', 'actual_normal', 'predicted_attack', 'predicted_normal', 'true_positives', 'true_negatives', 'false_positives', 'false_negatives', 'precision', 'recall', 'f1_score']
[DEBUG _get_metrics] Extracted from ConfigRecord._data
[DEBUG] Extracted 4 metrics from results

[Evaluation Summary]
============================================================
Round: 18 / 60
Accuracy (mean):  0.9742  (97.42%)
Loss:             0.0098
[Per-Device Accuracy]
  - Device 0:  0.9715  (97.15%)
  - Device 1:  0.9772  (97.72%)
  - Device 2:  0.9767  (97.67%)
  - Device 3:  0.9715  (97.15%)

[Ground Truth]
  - Attack samples: 1622
  - Normal samples: 483
  - Total samples:  2105

[Predictions]
  - Predicted Attack:  1574
  - Predicted Normal:  531

[Confusion Matrix]
  - True Positives (TP):  1568
  - True Negatives (TN):  477
  - False Positives (FP): 6
  - False Negatives (FN): 54

[Metrics]
  - Precision:  0.9967  (99.67%)
  - Recall:     0.9698  (96.98%)
  - F1-Score:   0.9830  (98.30%)
============================================================

[DEBUG] evaluate_metrics_aggregation_fn called with 4 results
[DEBUG] results type: <class 'list'>
[DEBUG] First result type: <class 'tuple'>
[DEBUG] First result length: 2
[DEBUG] results[0][0] type: <class 'int'>
[DEBUG] results[0][1] type: <class 'flwr.app.message.configrecord.ConfigRecord'>
[DEBUG _get_metrics] res_item[1] type: ConfigRecord
[DEBUG _get_metrics] res_item[1] has metrics attr: False
[DEBUG _get_metrics] res_item[1].__dict__: {'_check_key_fn': <function _check_key at 0x7b35885d4900>, '_check_value_fn': <function _check_value at 0x7b357ddc49a0>, '_data': {'accuracy': 0.9790973663330078, 'loss': 0.009848409332334995, 'total_samples': 2105, 'actual_attack': 1622, 'actual_normal': 483, 'predicted_attack': 1590, 'predicted_normal': 515, 'true_positives': 1584, 'true_negatives': 477, 'false_positives': 6, 'false_negatives': 38, 'precision': 0.9962264150943396, 'recall': 0.9765721331689272, 'f1_score': 0.9863013698630136}}
[DEBUG _get_metrics] res_item[1].keys(): ['accuracy', 'loss', 'total_samples', 'actual_attack', 'actual_normal', 'predicted_attack', 'predicted_normal', 'true_positives', 'true_negatives', 'false_positives', 'false_negatives', 'precision', 'recall', 'f1_score']
[DEBUG _get_metrics] Extracted from ConfigRecord._data
[DEBUG _get_metrics] res_item[1] type: ConfigRecord
[DEBUG _get_metrics] res_item[1] has metrics attr: False
[DEBUG _get_metrics] res_item[1].__dict__: {'_check_key_fn': <function _check_key at 0x7b35885d4900>, '_check_value_fn': <function _check_value at 0x7b357ddc49a0>, '_data': {'accuracy': 0.9809795618057251, 'loss': 0.009026010520756245, 'total_samples': 2103, 'actual_attack': 1621, 'actual_normal': 482, 'predicted_attack': 1589, 'predicted_normal': 514, 'true_positives': 1585, 'true_negatives': 478, 'false_positives': 4, 'false_negatives': 36, 'precision': 0.9974826935179358, 'recall': 0.9777914867365823, 'f1_score': 0.987538940809969}}
[DEBUG _get_metrics] res_item[1].keys(): ['accuracy', 'loss', 'total_samples', 'actual_attack', 'actual_normal', 'predicted_attack', 'predicted_normal', 'true_positives', 'true_negatives', 'false_positives', 'false_negatives', 'precision', 'recall', 'f1_score']
[DEBUG _get_metrics] Extracted from ConfigRecord._data
[DEBUG _get_metrics] res_item[1] type: ConfigRecord
[DEBUG _get_metrics] res_item[1] has metrics attr: False
[DEBUG _get_metrics] res_item[1].__dict__: {'_check_key_fn': <function _check_key at 0x7b35885d4900>, '_check_value_fn': <function _check_value at 0x7b357ddc49a0>, '_data': {'accuracy': 0.9790973663330078, 'loss': 0.009848409332334995, 'total_samples': 2105, 'actual_attack': 1622, 'actual_normal': 483, 'predicted_attack': 1590, 'predicted_normal': 515, 'true_positives': 1584, 'true_negatives': 477, 'false_positives': 6, 'false_negatives': 38, 'precision': 0.9962264150943396, 'recall': 0.9765721331689272, 'f1_score': 0.9863013698630136}}
[DEBUG _get_metrics] res_item[1].keys(): ['accuracy', 'loss', 'total_samples', 'actual_attack', 'actual_normal', 'predicted_attack', 'predicted_normal', 'true_positives', 'true_negatives', 'false_positives', 'false_negatives', 'precision', 'recall', 'f1_score']
[DEBUG _get_metrics] Extracted from ConfigRecord._data
[DEBUG _get_metrics] res_item[1] type: ConfigRecord
[DEBUG _get_metrics] res_item[1] has metrics attr: False
[DEBUG _get_metrics] res_item[1].__dict__: {'_check_key_fn': <function _check_key at 0x7b35885d4900>, '_check_value_fn': <function _check_value at 0x7b357ddc49a0>, '_data': {'accuracy': 0.9809795618057251, 'loss': 0.009017324075102806, 'total_samples': 2103, 'actual_attack': 1621, 'actual_normal': 482, 'predicted_attack': 1591, 'predicted_normal': 512, 'true_positives': 1586, 'true_negatives': 477, 'false_positives': 5, 'false_negatives': 35, 'precision': 0.9968573224387178, 'recall': 0.9784083898827884, 'f1_score': 0.9875466998754671}}
[DEBUG _get_metrics] res_item[1].keys(): ['accuracy', 'loss', 'total_samples', 'actual_attack', 'actual_normal', 'predicted_attack', 'predicted_normal', 'true_positives', 'true_negatives', 'false_positives', 'false_negatives', 'precision', 'recall', 'f1_score']
[DEBUG _get_metrics] Extracted from ConfigRecord._data
[DEBUG] Extracted 4 metrics from results

[Evaluation Summary]
============================================================
Round: 19 / 60
Accuracy (mean):  0.9800  (98.00%)
Loss:             0.0094
[Per-Device Accuracy]
  - Device 0:  0.9791  (97.91%)
  - Device 1:  0.9810  (98.10%)
  - Device 2:  0.9791  (97.91%)
  - Device 3:  0.9810  (98.10%)

[Ground Truth]
  - Attack samples: 1622
  - Normal samples: 483
  - Total samples:  2105

[Predictions]
  - Predicted Attack:  1590
  - Predicted Normal:  515

[Confusion Matrix]
  - True Positives (TP):  1584
  - True Negatives (TN):  477
  - False Positives (FP): 6
  - False Negatives (FN): 38

[Metrics]
  - Precision:  0.9967  (99.67%)
  - Recall:     0.9773  (97.73%)
  - F1-Score:   0.9869  (98.69%)
============================================================

[Round 20] Client contributions:
  Client samples: 29,186 (weight: 0.2500)
  Client samples: 29,184 (weight: 0.2500)
  Client samples: 29,186 (weight: 0.2500)
  Client samples: 29,186 (weight: 0.2500)
[36m(ClientAppActor pid=717332)[0m [Client 0] Class weights (smoothed): {0: 1.0, 1: 1.0}[32m [repeated 16x across cluster][0m
[DEBUG] evaluate_metrics_aggregation_fn called with 4 results
[DEBUG] results type: <class 'list'>
[DEBUG] First result type: <class 'tuple'>
[DEBUG] First result length: 2
[DEBUG] results[0][0] type: <class 'int'>
[DEBUG] results[0][1] type: <class 'flwr.app.message.configrecord.ConfigRecord'>
[DEBUG _get_metrics] res_item[1] type: ConfigRecord
[DEBUG _get_metrics] res_item[1] has metrics attr: False
[DEBUG _get_metrics] res_item[1].__dict__: {'_check_key_fn': <function _check_key at 0x7b35885d4900>, '_check_value_fn': <function _check_value at 0x7b357ddc49a0>, '_data': {'accuracy': 0.9885877370834351, 'loss': 0.00895740557461977, 'total_samples': 2103, 'actual_attack': 1621, 'actual_normal': 482, 'predicted_attack': 1607, 'predicted_normal': 496, 'true_positives': 1602, 'true_negatives': 477, 'false_positives': 5, 'false_negatives': 19, 'precision': 0.9968886123210952, 'recall': 0.9882788402220851, 'f1_score': 0.9925650557620818}}[92mINFO [0m:      
[92mINFO [0m:      [ROUND 21]
[92mINFO [0m:      configure_fit: strategy sampled 4 clients (out of 4)
[92mINFO [0m:      aggregate_fit: received 4 results and 0 failures
[92mINFO [0m:      configure_evaluate: strategy sampled 4 clients (out of 4)
[92mINFO [0m:      aggregate_evaluate: received 4 results and 0 failures

[DEBUG _get_metrics] res_item[1].keys(): ['accuracy', 'loss', 'total_samples', 'actual_attack', 'actual_normal', 'predicted_attack', 'predicted_normal', 'true_positives', 'true_negatives', 'false_positives', 'false_negatives', 'precision', 'recall', 'f1_score']
[DEBUG _get_metrics] Extracted from ConfigRecord._data
[DEBUG _get_metrics] res_item[1] type: ConfigRecord
[DEBUG _get_metrics] res_item[1] has metrics attr: False
[DEBUG _get_metrics] res_item[1].__dict__: {'_check_key_fn': <function _check_key at 0x7b35885d4900>, '_check_value_fn': <function _check_value at 0x7b357ddc49a0>, '_data': {'accuracy': 0.9866856932640076, 'loss': 0.00892383698374033, 'total_samples': 2103, 'actual_attack': 1621, 'actual_normal': 482, 'predicted_attack': 1603, 'predicted_normal': 500, 'true_positives': 1598, 'true_negatives': 477, 'false_positives': 5, 'false_negatives': 23, 'precision': 0.9968808484092326, 'recall': 0.9858112276372609, 'f1_score': 0.9913151364764267}}
[DEBUG _get_metrics] res_item[1].keys(): ['accuracy', 'loss', 'total_samples', 'actual_attack', 'actual_normal', 'predicted_attack', 'predicted_normal', 'true_positives', 'true_negatives', 'false_positives', 'false_negatives', 'precision', 'recall', 'f1_score']
[DEBUG _get_metrics] Extracted from ConfigRecord._data
[DEBUG _get_metrics] res_item[1] type: ConfigRecord
[DEBUG _get_metrics] res_item[1] has metrics attr: False
[DEBUG _get_metrics] res_item[1].__dict__: {'_check_key_fn': <function _check_key at 0x7b35885d4900>, '_check_value_fn': <function _check_value at 0x7b357ddc49a0>, '_data': {'accuracy': 0.9847980737686157, 'loss': 0.009748836047947407, 'total_samples': 2105, 'actual_attack': 1622, 'actual_normal': 483, 'predicted_attack': 1602, 'predicted_normal': 503, 'true_positives': 1596, 'true_negatives': 477, 'false_positives': 6, 'false_negatives': 26, 'precision': 0.9962546816479401, 'recall': 0.9839704069050554, 'f1_score': 0.9900744416873449}}
[DEBUG _get_metrics] res_item[1].keys(): ['accuracy', 'loss', 'total_samples', 'actual_attack', 'actual_normal', 'predicted_attack', 'predicted_normal', 'true_positives', 'true_negatives', 'false_positives', 'false_negatives', 'precision', 'recall', 'f1_score']
[DEBUG _get_metrics] Extracted from ConfigRecord._data
[DEBUG _get_metrics] res_item[1] type: ConfigRecord
[DEBUG _get_metrics] res_item[1] has metrics attr: False
[DEBUG _get_metrics] res_item[1].__dict__: {'_check_key_fn': <function _check_key at 0x7b35885d4900>, '_check_value_fn': <function _check_value at 0x7b357ddc49a0>, '_data': {'accuracy': 0.9847980737686157, 'loss': 0.009748836047947407, 'total_samples': 2105, 'actual_attack': 1622, 'actual_normal': 483, 'predicted_attack': 1602, 'predicted_normal': 503, 'true_positives': 1596, 'true_negatives': 477, 'false_positives': 6, 'false_negatives': 26, 'precision': 0.9962546816479401, 'recall': 0.9839704069050554, 'f1_score': 0.9900744416873449}}
[DEBUG _get_metrics] res_item[1].keys(): ['accuracy', 'loss', 'total_samples', 'actual_attack', 'actual_normal', 'predicted_attack', 'predicted_normal', 'true_positives', 'true_negatives', 'false_positives', 'false_negatives', 'precision', 'recall', 'f1_score']
[DEBUG _get_metrics] Extracted from ConfigRecord._data
[DEBUG] Extracted 4 metrics from results

[Evaluation Summary]
============================================================
Round: 20 / 60
Accuracy (mean):  0.9862  (98.62%)
Loss:             0.0093
[Per-Device Accuracy]
  - Device 0:  0.9886  (98.86%)
  - Device 1:  0.9867  (98.67%)
  - Device 2:  0.9848  (98.48%)
  - Device 3:  0.9848  (98.48%)

[Ground Truth]
  - Attack samples: 1621
  - Normal samples: 482
  - Total samples:  2103

[Predictions]
  - Predicted Attack:  1607
  - Predicted Normal:  496

[Confusion Matrix]
  - True Positives (TP):  1602
  - True Negatives (TN):  477
  - False Positives (FP): 5
  - False Negatives (FN): 19

[Metrics]
  - Precision:  0.9966  (99.66%)
  - Recall:     0.9855  (98.55%)
  - F1-Score:   0.9910  (99.10%)
============================================================

[DEBUG] evaluate_metrics_aggregation_fn called with 4 results
[DEBUG] results type: <class 'list'>
[DEBUG] First result type: <class 'tuple'>
[DEBUG] First result length: 2
[DEBUG] results[0][0] type: <class 'int'>
[DEBUG] results[0][1] type: <class 'flwr.app.message.configrecord.ConfigRecord'>
[DEBUG _get_metrics] res_item[1] type: ConfigRecord
[DEBUG _get_metrics] res_item[1] has metrics attr: False
[DEBUG _get_metrics] res_item[1].__dict__: {'_check_key_fn': <function _check_key at 0x7b35885d4900>, '_check_value_fn': <function _check_value at 0x7b357ddc49a0>, '_data': {'accuracy': 0.9871612191200256, 'loss': 0.008534594438970089, 'total_samples': 2103, 'actual_attack': 1621, 'actual_normal': 482, 'predicted_attack': 1604, 'predicted_normal': 499, 'true_positives': 1599, 'true_negatives': 477, 'false_positives': 5, 'false_negatives': 22, 'precision': 0.9968827930174564, 'recall': 0.986428130783467, 'f1_score': 0.9916279069767443}}
[DEBUG _get_metrics] res_item[1].keys(): ['accuracy', 'loss', 'total_samples', 'actual_attack', 'actual_normal', 'predicted_attack', 'predicted_normal', 'true_positives', 'true_negatives', 'false_positives', 'false_negatives', 'precision', 'recall', 'f1_score']
[DEBUG _get_metrics] Extracted from ConfigRecord._data
[DEBUG _get_metrics] res_item[1] type: ConfigRecord
[DEBUG _get_metrics] res_item[1] has metrics attr: False
[DEBUG _get_metrics] res_item[1].__dict__: {'_check_key_fn': <function _check_key at 0x7b35885d4900>, '_check_value_fn': <function _check_value at 0x7b357ddc49a0>, '_data': {'accuracy': 0.9895387291908264, 'loss': 0.008599589578807354, 'total_samples': 2103, 'actual_attack': 1621, 'actual_normal': 482, 'predicted_attack': 1609, 'predicted_normal': 494, 'true_positives': 1604, 'true_negatives': 477, 'false_positives': 5, 'false_negatives': 17, 'precision': 0.9968924798011187, 'recall': 0.9895126465144972, 'f1_score': 0.993188854489164}}
[DEBUG _get_metrics] res_item[1].keys(): ['accuracy', 'loss', 'total_samples', 'actual_attack', 'actual_normal', 'predicted_attack', 'predicted_normal', 'true_positives', 'true_negatives', 'false_positives', 'false_negatives', 'precision', 'recall', 'f1_score']
[DEBUG _get_metrics] Extracted from ConfigRecord._data
[DEBUG _get_metrics] res_item[1] type: ConfigRecord
[DEBUG _get_metrics] res_item[1] has metrics attr: False
[DEBUG _get_metrics] res_item[1].__dict__: {'_check_key_fn': <function _check_key at 0x7b35885d4900>, '_check_value_fn': <function _check_value at 0x7b357ddc49a0>, '_data': {'accuracy': 0.9847980737686157, 'loss': 0.009359282441437244, 'total_samples': 2105, 'actual_attack': 1622, 'actual_normal': 483, 'predicted_attack': 1602, 'predicted_normal': 503, 'true_positives': 1596, 'true_negatives': 477, 'false_positives': 6, 'false_negatives': 26, 'precision': 0.9962546816479401, 'recall': 0.9839704069050554, 'f1_score': 0.9900744416873449}}
[DEBUG _get_metrics] res_item[1].keys(): ['accuracy', 'loss', 'total_samples', 'actual_attack', 'actual_normal', 'predicted_attack', 'predicted_normal', 'true_positives', 'true_negatives', 'false_positives', 'false_negatives', 'precision', 'recall', 'f1_score']
[DEBUG _get_metrics] Extracted from ConfigRecord._data
[DEBUG _get_metrics] res_item[1] type: ConfigRecord
[DEBUG _get_metrics] res_item[1] has metrics attr: False
[DEBUG _get_metrics] res_item[1].__dict__: {'_check_key_fn': <function _check_key at 0x7b35885d4900>, '_check_value_fn': <function _check_value at 0x7b357ddc49a0>, '_data': {'accuracy': 0.9847980737686157, 'loss': 0.009359282441437244, 'total_samples': 2105, 'actual_attack': 1622, 'actual_normal': 483, 'predicted_attack': 1602, 'predicted_normal': 503, 'true_positives': 1596, 'true_negatives': 477, 'false_positives': 6, 'false_negatives': 26, 'precision': 0.9962546816479401, 'recall': 0.9839704069050554, 'f1_score': 0.9900744416873449}}
[DEBUG _get_metrics] res_item[1].keys(): ['accuracy', 'loss', 'total_samples', 'actual_attack', 'actual_normal', 'predicted_attack', 'predicted_normal', 'true_positives', 'true_negatives', 'false_positives', 'false_negatives', 'precision', 'recall', 'f1_score']
[DEBUG _get_metrics] Extracted from ConfigRecord._data[92mINFO [0m:      
[92mINFO [0m:      [ROUND 22]
[92mINFO [0m:      configure_fit: strategy sampled 4 clients (out of 4)
[92mINFO [0m:      aggregate_fit: received 4 results and 0 failures
[92mINFO [0m:      configure_evaluate: strategy sampled 4 clients (out of 4)
[92mINFO [0m:      aggregate_evaluate: received 4 results and 0 failures
[92mINFO [0m:      
[92mINFO [0m:      [ROUND 23]
[92mINFO [0m:      configure_fit: strategy sampled 4 clients (out of 4)
[92mINFO [0m:      aggregate_fit: received 4 results and 0 failures
[92mINFO [0m:      configure_evaluate: strategy sampled 4 clients (out of 4)
[92mINFO [0m:      aggregate_evaluate: received 4 results and 0 failures

[DEBUG] Extracted 4 metrics from results

[Evaluation Summary]
============================================================
Round: 21 / 60
Accuracy (mean):  0.9866  (98.66%)
Loss:             0.0090
[Per-Device Accuracy]
  - Device 0:  0.9872  (98.72%)
  - Device 1:  0.9895  (98.95%)
  - Device 2:  0.9848  (98.48%)
  - Device 3:  0.9848  (98.48%)

[Ground Truth]
  - Attack samples: 1621
  - Normal samples: 482
  - Total samples:  2103

[Predictions]
  - Predicted Attack:  1604
  - Predicted Normal:  499

[Confusion Matrix]
  - True Positives (TP):  1599
  - True Negatives (TN):  477
  - False Positives (FP): 5
  - False Negatives (FN): 22

[Metrics]
  - Precision:  0.9966  (99.66%)
  - Recall:     0.9860  (98.60%)
  - F1-Score:   0.9912  (99.12%)
============================================================

[36m(ClientAppActor pid=717326)[0m [Client 2] Class weights (smoothed): {0: 1.0, 1: 1.0}[32m [repeated 12x across cluster][0m
[DEBUG] evaluate_metrics_aggregation_fn called with 4 results
[DEBUG] results type: <class 'list'>
[DEBUG] First result type: <class 'tuple'>
[DEBUG] First result length: 2
[DEBUG] results[0][0] type: <class 'int'>
[DEBUG] results[0][1] type: <class 'flwr.app.message.configrecord.ConfigRecord'>
[DEBUG _get_metrics] res_item[1] type: ConfigRecord
[DEBUG _get_metrics] res_item[1] has metrics attr: False
[DEBUG _get_metrics] res_item[1].__dict__: {'_check_key_fn': <function _check_key at 0x7b35885d4900>, '_check_value_fn': <function _check_value at 0x7b357ddc49a0>, '_data': {'accuracy': 0.9904897809028625, 'loss': 0.008471350185573101, 'total_samples': 2103, 'actual_attack': 1621, 'actual_normal': 482, 'predicted_attack': 1611, 'predicted_normal': 492, 'true_positives': 1606, 'true_negatives': 477, 'false_positives': 5, 'false_negatives': 15, 'precision': 0.9968963376784605, 'recall': 0.9907464528069093, 'f1_score': 0.9938118811881189}}
[DEBUG _get_metrics] res_item[1].keys(): ['accuracy', 'loss', 'total_samples', 'actual_attack', 'actual_normal', 'predicted_attack', 'predicted_normal', 'true_positives', 'true_negatives', 'false_positives', 'false_negatives', 'precision', 'recall', 'f1_score']
[DEBUG _get_metrics] Extracted from ConfigRecord._data
[DEBUG _get_metrics] res_item[1] type: ConfigRecord
[DEBUG _get_metrics] res_item[1] has metrics attr: False
[DEBUG _get_metrics] res_item[1].__dict__: {'_check_key_fn': <function _check_key at 0x7b35885d4900>, '_check_value_fn': <function _check_value at 0x7b357ddc49a0>, '_data': {'accuracy': 0.9876484274864197, 'loss': 0.009194381535053253, 'total_samples': 2105, 'actual_attack': 1622, 'actual_normal': 483, 'predicted_attack': 1606, 'predicted_normal': 499, 'true_positives': 1601, 'true_negatives': 478, 'false_positives': 5, 'false_negatives': 21, 'precision': 0.9968866749688667, 'recall': 0.9870530209617756, 'f1_score': 0.9919454770755887}}
[DEBUG _get_metrics] res_item[1].keys(): ['accuracy', 'loss', 'total_samples', 'actual_attack', 'actual_normal', 'predicted_attack', 'predicted_normal', 'true_positives', 'true_negatives', 'false_positives', 'false_negatives', 'precision', 'recall', 'f1_score']
[DEBUG _get_metrics] Extracted from ConfigRecord._data
[DEBUG _get_metrics] res_item[1] type: ConfigRecord
[DEBUG _get_metrics] res_item[1] has metrics attr: False
[DEBUG _get_metrics] res_item[1].__dict__: {'_check_key_fn': <function _check_key at 0x7b35885d4900>, '_check_value_fn': <function _check_value at 0x7b357ddc49a0>, '_data': {'accuracy': 0.988112211227417, 'loss': 0.008370498195290565, 'total_samples': 2103, 'actual_attack': 1621, 'actual_normal': 482, 'predicted_attack': 1604, 'predicted_normal': 499, 'true_positives': 1600, 'true_negatives': 478, 'false_positives': 4, 'false_negatives': 21, 'precision': 0.9975062344139651, 'recall': 0.987045033929673, 'f1_score': 0.992248062015504}}
[DEBUG _get_metrics] res_item[1].keys(): ['accuracy', 'loss', 'total_samples', 'actual_attack', 'actual_normal', 'predicted_attack', 'predicted_normal', 'true_positives', 'true_negatives', 'false_positives', 'false_negatives', 'precision', 'recall', 'f1_score']
[DEBUG _get_metrics] Extracted from ConfigRecord._data
[DEBUG _get_metrics] res_item[1] type: ConfigRecord
[DEBUG _get_metrics] res_item[1] has metrics attr: False
[DEBUG _get_metrics] res_item[1].__dict__: {'_check_key_fn': <function _check_key at 0x7b35885d4900>, '_check_value_fn': <function _check_value at 0x7b357ddc49a0>, '_data': {'accuracy': 0.9876484274864197, 'loss': 0.009194381535053253, 'total_samples': 2105, 'actual_attack': 1622, 'actual_normal': 483, 'predicted_attack': 1606, 'predicted_normal': 499, 'true_positives': 1601, 'true_negatives': 478, 'false_positives': 5, 'false_negatives': 21, 'precision': 0.9968866749688667, 'recall': 0.9870530209617756, 'f1_score': 0.9919454770755887}}
[DEBUG _get_metrics] res_item[1].keys(): ['accuracy', 'loss', 'total_samples', 'actual_attack', 'actual_normal', 'predicted_attack', 'predicted_normal', 'true_positives', 'true_negatives', 'false_positives', 'false_negatives', 'precision', 'recall', 'f1_score']
[DEBUG _get_metrics] Extracted from ConfigRecord._data
[DEBUG] Extracted 4 metrics from results

[Evaluation Summary]
============================================================
Round: 22 / 60
Accuracy (mean):  0.9885  (98.85%)
Loss:             0.0088
[Per-Device Accuracy]
  - Device 0:  0.9905  (99.05%)
  - Device 1:  0.9876  (98.76%)
  - Device 2:  0.9881  (98.81%)
  - Device 3:  0.9876  (98.76%)

[Ground Truth]
  - Attack samples: 1621
  - Normal samples: 482
  - Total samples:  2103

[Predictions]
  - Predicted Attack:  1611
  - Predicted Normal:  492

[Confusion Matrix]
  - True Positives (TP):  1606
  - True Negatives (TN):  477
  - False Positives (FP): 5
  - False Negatives (FN): 15

[Metrics]
  - Precision:  0.9970  (99.70%)
  - Recall:     0.9880  (98.80%)
  - F1-Score:   0.9925  (99.25%)
============================================================

[36m(ClientAppActor pid=717326)[0m [Client 2] Class weights (smoothed): {0: 1.0, 1: 1.0}[32m [repeated 12x across cluster][0m
[DEBUG] evaluate_metrics_aggregation_fn called with 4 results
[DEBUG] results type: <class 'list'>
[DEBUG] First result type: <class 'tuple'>
[DEBUG] First result length: 2
[DEBUG] results[0][0] type: <class 'int'>
[DEBUG] results[0][1] type: <class 'flwr.app.message.configrecord.ConfigRecord'>
[DEBUG _get_metrics] res_item[1] type: ConfigRecord
[DEBUG _get_metrics] res_item[1] has metrics attr: False
[DEBUG _get_metrics] res_item[1].__dict__: {'_check_key_fn': <function _check_key at 0x7b35885d4900>, '_check_value_fn': <function _check_value at 0x7b357ddc49a0>, '_data': {'accuracy': 0.9914407730102539, 'loss': 0.008356761187314987, 'total_samples': 2103, 'actual_attack': 1621, 'actual_normal': 482, 'predicted_attack': 1613, 'predicted_normal': 490, 'true_positives': 1608, 'true_negatives': 477, 'false_positives': 5, 'false_negatives': 13, 'precision': 0.9969001859888407, 'recall': 0.9919802590993214, 'f1_score': 0.9944341372912802}}
[DEBUG _get_metrics] res_item[1].keys(): ['accuracy', 'loss', 'total_samples', 'actual_attack', 'actual_normal', 'predicted_attack', 'predicted_normal', 'true_positives', 'true_negatives', 'false_positives', 'false_negatives', 'precision', 'recall', 'f1_score']
[DEBUG _get_metrics] Extracted from ConfigRecord._data
[DEBUG _get_metrics] res_item[1] type: ConfigRecord
[DEBUG _get_metrics] res_item[1] has metrics attr: False
[DEBUG _get_metrics] res_item[1].__dict__: {'_check_key_fn': <function _check_key at 0x7b35885d4900>, '_check_value_fn': <function _check_value at 0x7b357ddc49a0>, '_data': {'accuracy': 0.989073634147644, 'loss': 0.009020283818244934, 'total_samples': 2105, 'actual_attack': 1622, 'actual_normal': 483, 'predicted_attack': 1609, 'predicted_normal': 496, 'true_positives': 1604, 'true_negatives': 478, 'false_positives': 5, 'false_negatives': 18, 'precision': 0.9968924798011187, 'recall': 0.9889025893958077, 'f1_score': 0.9928814608480346}}
[DEBUG _get_metrics] res_item[1].keys(): ['accuracy', 'loss', 'total_samples', 'actual_attack', 'actual_normal', 'predicted_attack', 'predicted_normal', 'true_positives', 'true_negatives', 'false_positives', 'false_negatives', 'precision', 'recall', 'f1_score'][92mINFO [0m:      
[92mINFO [0m:      [ROUND 24]
[92mINFO [0m:      configure_fit: strategy sampled 4 clients (out of 4)
[92mINFO [0m:      aggregate_fit: received 4 results and 0 failures
[92mINFO [0m:      configure_evaluate: strategy sampled 4 clients (out of 4)
[92mINFO [0m:      aggregate_evaluate: received 4 results and 0 failures
[92mINFO [0m:      
[92mINFO [0m:      [ROUND 25]
[92mINFO [0m:      configure_fit: strategy sampled 4 clients (out of 4)
[92mINFO [0m:      aggregate_fit: received 4 results and 0 failures
[92mINFO [0m:      configure_evaluate: strategy sampled 4 clients (out of 4)
[92mINFO [0m:      aggregate_evaluate: received 4 results and 0 failures

[DEBUG _get_metrics] Extracted from ConfigRecord._data
[DEBUG _get_metrics] res_item[1] type: ConfigRecord
[DEBUG _get_metrics] res_item[1] has metrics attr: False
[DEBUG _get_metrics] res_item[1].__dict__: {'_check_key_fn': <function _check_key at 0x7b35885d4900>, '_check_value_fn': <function _check_value at 0x7b357ddc49a0>, '_data': {'accuracy': 0.9895387291908264, 'loss': 0.008213204331696033, 'total_samples': 2103, 'actual_attack': 1621, 'actual_normal': 482, 'predicted_attack': 1607, 'predicted_normal': 496, 'true_positives': 1603, 'true_negatives': 478, 'false_positives': 4, 'false_negatives': 18, 'precision': 0.9975108898568762, 'recall': 0.9888957433682912, 'f1_score': 0.993184634448575}}
[DEBUG _get_metrics] res_item[1].keys(): ['accuracy', 'loss', 'total_samples', 'actual_attack', 'actual_normal', 'predicted_attack', 'predicted_normal', 'true_positives', 'true_negatives', 'false_positives', 'false_negatives', 'precision', 'recall', 'f1_score']
[DEBUG _get_metrics] Extracted from ConfigRecord._data
[DEBUG _get_metrics] res_item[1] type: ConfigRecord
[DEBUG _get_metrics] res_item[1] has metrics attr: False
[DEBUG _get_metrics] res_item[1].__dict__: {'_check_key_fn': <function _check_key at 0x7b35885d4900>, '_check_value_fn': <function _check_value at 0x7b357ddc49a0>, '_data': {'accuracy': 0.989073634147644, 'loss': 0.009020283818244934, 'total_samples': 2105, 'actual_attack': 1622, 'actual_normal': 483, 'predicted_attack': 1609, 'predicted_normal': 496, 'true_positives': 1604, 'true_negatives': 478, 'false_positives': 5, 'false_negatives': 18, 'precision': 0.9968924798011187, 'recall': 0.9889025893958077, 'f1_score': 0.9928814608480346}}
[DEBUG _get_metrics] res_item[1].keys(): ['accuracy', 'loss', 'total_samples', 'actual_attack', 'actual_normal', 'predicted_attack', 'predicted_normal', 'true_positives', 'true_negatives', 'false_positives', 'false_negatives', 'precision', 'recall', 'f1_score']
[DEBUG _get_metrics] Extracted from ConfigRecord._data
[DEBUG] Extracted 4 metrics from results

[Evaluation Summary]
============================================================
Round: 23 / 60
Accuracy (mean):  0.9898  (98.98%)
Loss:             0.0087
[Per-Device Accuracy]
  - Device 0:  0.9914  (99.14%)
  - Device 1:  0.9891  (98.91%)
  - Device 2:  0.9895  (98.95%)
  - Device 3:  0.9891  (98.91%)

[Ground Truth]
  - Attack samples: 1621
  - Normal samples: 482
  - Total samples:  2103

[Predictions]
  - Predicted Attack:  1613
  - Predicted Normal:  490

[Confusion Matrix]
  - True Positives (TP):  1608
  - True Negatives (TN):  477
  - False Positives (FP): 5
  - False Negatives (FN): 13

[Metrics]
  - Precision:  0.9970  (99.70%)
  - Recall:     0.9897  (98.97%)
  - F1-Score:   0.9933  (99.33%)
============================================================

[36m(ClientAppActor pid=717326)[0m [Client 2] Class weights (smoothed): {0: 1.0, 1: 1.0}[32m [repeated 11x across cluster][0m
[DEBUG] evaluate_metrics_aggregation_fn called with 4 results
[DEBUG] results type: <class 'list'>
[DEBUG] First result type: <class 'tuple'>
[DEBUG] First result length: 2
[DEBUG] results[0][0] type: <class 'int'>
[DEBUG] results[0][1] type: <class 'flwr.app.message.configrecord.ConfigRecord'>
[DEBUG _get_metrics] res_item[1] type: ConfigRecord
[DEBUG _get_metrics] res_item[1] has metrics attr: False
[DEBUG _get_metrics] res_item[1].__dict__: {'_check_key_fn': <function _check_key at 0x7b35885d4900>, '_check_value_fn': <function _check_value at 0x7b357ddc49a0>, '_data': {'accuracy': 0.9909653067588806, 'loss': 0.007988621480762959, 'total_samples': 2103, 'actual_attack': 1621, 'actual_normal': 482, 'predicted_attack': 1612, 'predicted_normal': 491, 'true_positives': 1607, 'true_negatives': 477, 'false_positives': 5, 'false_negatives': 14, 'precision': 0.9968982630272953, 'recall': 0.9913633559531153, 'f1_score': 0.9941231054747912}}
[DEBUG _get_metrics] res_item[1].keys(): ['accuracy', 'loss', 'total_samples', 'actual_attack', 'actual_normal', 'predicted_attack', 'predicted_normal', 'true_positives', 'true_negatives', 'false_positives', 'false_negatives', 'precision', 'recall', 'f1_score']
[DEBUG _get_metrics] Extracted from ConfigRecord._data
[DEBUG _get_metrics] res_item[1] type: ConfigRecord
[DEBUG _get_metrics] res_item[1] has metrics attr: False
[DEBUG _get_metrics] res_item[1].__dict__: {'_check_key_fn': <function _check_key at 0x7b35885d4900>, '_check_value_fn': <function _check_value at 0x7b357ddc49a0>, '_data': {'accuracy': 0.9895486831665039, 'loss': 0.008781000040471554, 'total_samples': 2105, 'actual_attack': 1622, 'actual_normal': 483, 'predicted_attack': 1610, 'predicted_normal': 495, 'true_positives': 1605, 'true_negatives': 478, 'false_positives': 5, 'false_negatives': 17, 'precision': 0.9968944099378882, 'recall': 0.9895191122071517, 'f1_score': 0.9931930693069309}}
[DEBUG _get_metrics] res_item[1].keys(): ['accuracy', 'loss', 'total_samples', 'actual_attack', 'actual_normal', 'predicted_attack', 'predicted_normal', 'true_positives', 'true_negatives', 'false_positives', 'false_negatives', 'precision', 'recall', 'f1_score']
[DEBUG _get_metrics] Extracted from ConfigRecord._data
[DEBUG _get_metrics] res_item[1] type: ConfigRecord
[DEBUG _get_metrics] res_item[1] has metrics attr: False
[DEBUG _get_metrics] res_item[1].__dict__: {'_check_key_fn': <function _check_key at 0x7b35885d4900>, '_check_value_fn': <function _check_value at 0x7b357ddc49a0>, '_data': {'accuracy': 0.9928673505783081, 'loss': 0.00814598798751831, 'total_samples': 2103, 'actual_attack': 1621, 'actual_normal': 482, 'predicted_attack': 1616, 'predicted_normal': 487, 'true_positives': 1611, 'true_negatives': 477, 'false_positives': 5, 'false_negatives': 10, 'precision': 0.9969059405940595, 'recall': 0.9938309685379395, 'f1_score': 0.995366079703429}}
[DEBUG _get_metrics] res_item[1].keys(): ['accuracy', 'loss', 'total_samples', 'actual_attack', 'actual_normal', 'predicted_attack', 'predicted_normal', 'true_positives', 'true_negatives', 'false_positives', 'false_negatives', 'precision', 'recall', 'f1_score']
[DEBUG _get_metrics] Extracted from ConfigRecord._data
[DEBUG _get_metrics] res_item[1] type: ConfigRecord
[DEBUG _get_metrics] res_item[1] has metrics attr: False
[DEBUG _get_metrics] res_item[1].__dict__: {'_check_key_fn': <function _check_key at 0x7b35885d4900>, '_check_value_fn': <function _check_value at 0x7b357ddc49a0>, '_data': {'accuracy': 0.9895486831665039, 'loss': 0.008781000040471554, 'total_samples': 2105, 'actual_attack': 1622, 'actual_normal': 483, 'predicted_attack': 1610, 'predicted_normal': 495, 'true_positives': 1605, 'true_negatives': 478, 'false_positives': 5, 'false_negatives': 17, 'precision': 0.9968944099378882, 'recall': 0.9895191122071517, 'f1_score': 0.9931930693069309}}
[DEBUG _get_metrics] res_item[1].keys(): ['accuracy', 'loss', 'total_samples', 'actual_attack', 'actual_normal', 'predicted_attack', 'predicted_normal', 'true_positives', 'true_negatives', 'false_positives', 'false_negatives', 'precision', 'recall', 'f1_score']
[DEBUG _get_metrics] Extracted from ConfigRecord._data
[DEBUG] Extracted 4 metrics from results

[Evaluation Summary]
============================================================
Round: 24 / 60
Accuracy (mean):  0.9907  (99.07%)
Loss:             0.0084
[Per-Device Accuracy]
  - Device 0:  0.9910  (99.10%)
  - Device 1:  0.9895  (98.95%)
  - Device 2:  0.9929  (99.29%)
  - Device 3:  0.9895  (98.95%)

[Ground Truth]
  - Attack samples: 1621
  - Normal samples: 482
  - Total samples:  2103

[Predictions]
  - Predicted Attack:  1612
  - Predicted Normal:  491

[Confusion Matrix]
  - True Positives (TP):  1607
  - True Negatives (TN):  477
  - False Positives (FP): 5
  - False Negatives (FN): 14

[Metrics]
  - Precision:  0.9969  (99.69%)
  - Recall:     0.9911  (99.11%)
  - F1-Score:   0.9940  (99.40%)
============================================================

[Round 25] Client contributions:
  Client samples: 29,186 (weight: 0.2500)
  Client samples: 29,186 (weight: 0.2500)
  Client samples: 29,186 (weight: 0.2500)
  Client samples: 29,184 (weight: 0.2500)
[DEBUG] evaluate_metrics_aggregation_fn called with 4 results[92mINFO [0m:      
[92mINFO [0m:      [ROUND 26]
[92mINFO [0m:      configure_fit: strategy sampled 4 clients (out of 4)
[92mINFO [0m:      aggregate_fit: received 4 results and 0 failures
[92mINFO [0m:      configure_evaluate: strategy sampled 4 clients (out of 4)
[92mINFO [0m:      aggregate_evaluate: received 4 results and 0 failures

[DEBUG] results type: <class 'list'>
[DEBUG] First result type: <class 'tuple'>
[DEBUG] First result length: 2
[DEBUG] results[0][0] type: <class 'int'>
[DEBUG] results[0][1] type: <class 'flwr.app.message.configrecord.ConfigRecord'>
[DEBUG _get_metrics] res_item[1] type: ConfigRecord
[DEBUG _get_metrics] res_item[1] has metrics attr: False
[DEBUG _get_metrics] res_item[1].__dict__: {'_check_key_fn': <function _check_key at 0x7b35885d4900>, '_check_value_fn': <function _check_value at 0x7b357ddc49a0>, '_data': {'accuracy': 0.991916298866272, 'loss': 0.008130337111651897, 'total_samples': 2103, 'actual_attack': 1621, 'actual_normal': 482, 'predicted_attack': 1614, 'predicted_normal': 489, 'true_positives': 1609, 'true_negatives': 477, 'false_positives': 5, 'false_negatives': 12, 'precision': 0.9969021065675341, 'recall': 0.9925971622455274, 'f1_score': 0.9947449768160741}}
[DEBUG _get_metrics] res_item[1].keys(): ['accuracy', 'loss', 'total_samples', 'actual_attack', 'actual_normal', 'predicted_attack', 'predicted_normal', 'true_positives', 'true_negatives', 'false_positives', 'false_negatives', 'precision', 'recall', 'f1_score']
[DEBUG _get_metrics] Extracted from ConfigRecord._data
[DEBUG _get_metrics] res_item[1] type: ConfigRecord
[DEBUG _get_metrics] res_item[1] has metrics attr: False
[DEBUG _get_metrics] res_item[1].__dict__: {'_check_key_fn': <function _check_key at 0x7b35885d4900>, '_check_value_fn': <function _check_value at 0x7b357ddc49a0>, '_data': {'accuracy': 0.9909653067588806, 'loss': 0.00794698391109705, 'total_samples': 2103, 'actual_attack': 1621, 'actual_normal': 482, 'predicted_attack': 1612, 'predicted_normal': 491, 'true_positives': 1607, 'true_negatives': 477, 'false_positives': 5, 'false_negatives': 14, 'precision': 0.9968982630272953, 'recall': 0.9913633559531153, 'f1_score': 0.9941231054747912}}
[DEBUG _get_metrics] res_item[1].keys(): ['accuracy', 'loss', 'total_samples', 'actual_attack', 'actual_normal', 'predicted_attack', 'predicted_normal', 'true_positives', 'true_negatives', 'false_positives', 'false_negatives', 'precision', 'recall', 'f1_score']
[DEBUG _get_metrics] Extracted from ConfigRecord._data
[DEBUG _get_metrics] res_item[1] type: ConfigRecord
[DEBUG _get_metrics] res_item[1] has metrics attr: False
[DEBUG _get_metrics] res_item[1].__dict__: {'_check_key_fn': <function _check_key at 0x7b35885d4900>, '_check_value_fn': <function _check_value at 0x7b357ddc49a0>, '_data': {'accuracy': 0.9900237321853638, 'loss': 0.008724013343453407, 'total_samples': 2105, 'actual_attack': 1622, 'actual_normal': 483, 'predicted_attack': 1611, 'predicted_normal': 494, 'true_positives': 1606, 'true_negatives': 478, 'false_positives': 5, 'false_negatives': 16, 'precision': 0.9968963376784605, 'recall': 0.9901356350184957, 'f1_score': 0.9935044849984533}}
[DEBUG _get_metrics] res_item[1].keys(): ['accuracy', 'loss', 'total_samples', 'actual_attack', 'actual_normal', 'predicted_attack', 'predicted_normal', 'true_positives', 'true_negatives', 'false_positives', 'false_negatives', 'precision', 'recall', 'f1_score']
[DEBUG _get_metrics] Extracted from ConfigRecord._data
[DEBUG _get_metrics] res_item[1] type: ConfigRecord
[DEBUG _get_metrics] res_item[1] has metrics attr: False
[DEBUG _get_metrics] res_item[1].__dict__: {'_check_key_fn': <function _check_key at 0x7b35885d4900>, '_check_value_fn': <function _check_value at 0x7b357ddc49a0>, '_data': {'accuracy': 0.9900237321853638, 'loss': 0.008724013343453407, 'total_samples': 2105, 'actual_attack': 1622, 'actual_normal': 483, 'predicted_attack': 1611, 'predicted_normal': 494, 'true_positives': 1606, 'true_negatives': 478, 'false_positives': 5, 'false_negatives': 16, 'precision': 0.9968963376784605, 'recall': 0.9901356350184957, 'f1_score': 0.9935044849984533}}
[DEBUG _get_metrics] res_item[1].keys(): ['accuracy', 'loss', 'total_samples', 'actual_attack', 'actual_normal', 'predicted_attack', 'predicted_normal', 'true_positives', 'true_negatives', 'false_positives', 'false_negatives', 'precision', 'recall', 'f1_score']
[DEBUG _get_metrics] Extracted from ConfigRecord._data
[DEBUG] Extracted 4 metrics from results

[Evaluation Summary]
============================================================
Round: 25 / 60
Accuracy (mean):  0.9907  (99.07%)
Loss:             0.0084
[Per-Device Accuracy]
  - Device 0:  0.9919  (99.19%)
  - Device 1:  0.9910  (99.10%)
  - Device 2:  0.9900  (99.00%)
  - Device 3:  0.9900  (99.00%)

[Ground Truth]
  - Attack samples: 1621
  - Normal samples: 482
  - Total samples:  2103

[Predictions]
  - Predicted Attack:  1614
  - Predicted Normal:  489

[Confusion Matrix]
  - True Positives (TP):  1609
  - True Negatives (TN):  477
  - False Positives (FP): 5
  - False Negatives (FN): 12

[Metrics]
  - Precision:  0.9969  (99.69%)
  - Recall:     0.9911  (99.11%)
  - F1-Score:   0.9940  (99.40%)
============================================================

[36m(ClientAppActor pid=717326)[0m [Client 2] Class weights (smoothed): {0: 1.0, 1: 1.0}[32m [repeated 13x across cluster][0m
[DEBUG] evaluate_metrics_aggregation_fn called with 4 results
[DEBUG] results type: <class 'list'>
[DEBUG] First result type: <class 'tuple'>
[DEBUG] First result length: 2
[DEBUG] results[0][0] type: <class 'int'>
[DEBUG] results[0][1] type: <class 'flwr.app.message.configrecord.ConfigRecord'>
[DEBUG _get_metrics] res_item[1] type: ConfigRecord
[DEBUG _get_metrics] res_item[1] has metrics attr: False
[DEBUG _get_metrics] res_item[1].__dict__: {'_check_key_fn': <function _check_key at 0x7b35885d4900>, '_check_value_fn': <function _check_value at 0x7b357ddc49a0>, '_data': {'accuracy': 0.9895486831665039, 'loss': 0.008812296204268932, 'total_samples': 2105, 'actual_attack': 1622, 'actual_normal': 483, 'predicted_attack': 1612, 'predicted_normal': 493, 'true_positives': 1606, 'true_negatives': 477, 'false_positives': 6, 'false_negatives': 16, 'precision': 0.9962779156327544, 'recall': 0.9901356350184957, 'f1_score': 0.9931972789115646}}
[DEBUG _get_metrics] res_item[1].keys(): ['accuracy', 'loss', 'total_samples', 'actual_attack', 'actual_normal', 'predicted_attack', 'predicted_normal', 'true_positives', 'true_negatives', 'false_positives', 'false_negatives', 'precision', 'recall', 'f1_score']
[DEBUG _get_metrics] Extracted from ConfigRecord._data
[DEBUG _get_metrics] res_item[1] type: ConfigRecord
[DEBUG _get_metrics] res_item[1] has metrics attr: False
[DEBUG _get_metrics] res_item[1].__dict__: {'_check_key_fn': <function _check_key at 0x7b35885d4900>, '_check_value_fn': <function _check_value at 0x7b357ddc49a0>, '_data': {'accuracy': 0.991916298866272, 'loss': 0.008259003050625324, 'total_samples': 2103, 'actual_attack': 1621, 'actual_normal': 482, 'predicted_attack': 1614, 'predicted_normal': 489, 'true_positives': 1609, 'true_negatives': 477, 'false_positives': 5, 'false_negatives': 12, 'precision': 0.9969021065675341, 'recall': 0.9925971622455274, 'f1_score': 0.9947449768160741}}
[DEBUG _get_metrics] res_item[1].keys(): ['accuracy', 'loss', 'total_samples', 'actual_attack', 'actual_normal', 'predicted_attack', 'predicted_normal', 'true_positives', 'true_negatives', 'false_positives', 'false_negatives', 'precision', 'recall', 'f1_score']
[DEBUG _get_metrics] Extracted from ConfigRecord._data
[DEBUG _get_metrics] res_item[1] type: ConfigRecord
[DEBUG _get_metrics] res_item[1] has metrics attr: False
[DEBUG _get_metrics] res_item[1].__dict__: {'_check_key_fn': <function _check_key at 0x7b35885d4900>, '_check_value_fn': <function _check_value at 0x7b357ddc49a0>, '_data': {'accuracy': 0.9904897809028625, 'loss': 0.008062913082540035, 'total_samples': 2103, 'actual_attack': 1621, 'actual_normal': 482, 'predicted_attack': 1613, 'predicted_normal': 490, 'true_positives': 1607, 'true_negatives': 476, 'false_positives': 6, 'false_negatives': 14, 'precision': 0.9962802231866088, 'recall': 0.9913633559531153, 'f1_score': 0.9938157081014224}}
[DEBUG _get_metrics] res_item[1].keys(): ['accuracy', 'loss', 'total_samples', 'actual_attack', 'actual_normal', 'predicted_attack', 'predicted_normal', 'true_positives', 'true_negatives', 'false_positives', 'false_negatives', 'precision', 'recall', 'f1_score'][92mINFO [0m:      
[92mINFO [0m:      [ROUND 27]
[92mINFO [0m:      configure_fit: strategy sampled 4 clients (out of 4)
[92mINFO [0m:      aggregate_fit: received 4 results and 0 failures
[92mINFO [0m:      configure_evaluate: strategy sampled 4 clients (out of 4)
[92mINFO [0m:      aggregate_evaluate: received 4 results and 0 failures
[92mINFO [0m:      
[92mINFO [0m:      [ROUND 28]
[92mINFO [0m:      configure_fit: strategy sampled 4 clients (out of 4)
[92mINFO [0m:      aggregate_fit: received 4 results and 0 failures
[92mINFO [0m:      configure_evaluate: strategy sampled 4 clients (out of 4)
[92mINFO [0m:      aggregate_evaluate: received 4 results and 0 failures

[DEBUG _get_metrics] Extracted from ConfigRecord._data
[DEBUG _get_metrics] res_item[1] type: ConfigRecord
[DEBUG _get_metrics] res_item[1] has metrics attr: False
[DEBUG _get_metrics] res_item[1].__dict__: {'_check_key_fn': <function _check_key at 0x7b35885d4900>, '_check_value_fn': <function _check_value at 0x7b357ddc49a0>, '_data': {'accuracy': 0.9895486831665039, 'loss': 0.008812296204268932, 'total_samples': 2105, 'actual_attack': 1622, 'actual_normal': 483, 'predicted_attack': 1612, 'predicted_normal': 493, 'true_positives': 1606, 'true_negatives': 477, 'false_positives': 6, 'false_negatives': 16, 'precision': 0.9962779156327544, 'recall': 0.9901356350184957, 'f1_score': 0.9931972789115646}}
[DEBUG _get_metrics] res_item[1].keys(): ['accuracy', 'loss', 'total_samples', 'actual_attack', 'actual_normal', 'predicted_attack', 'predicted_normal', 'true_positives', 'true_negatives', 'false_positives', 'false_negatives', 'precision', 'recall', 'f1_score']
[DEBUG _get_metrics] Extracted from ConfigRecord._data
[DEBUG] Extracted 4 metrics from results

[Evaluation Summary]
============================================================
Round: 26 / 60
Accuracy (mean):  0.9904  (99.04%)
Loss:             0.0085
[Per-Device Accuracy]
  - Device 0:  0.9895  (98.95%)
  - Device 1:  0.9919  (99.19%)
  - Device 2:  0.9905  (99.05%)
  - Device 3:  0.9895  (98.95%)

[Ground Truth]
  - Attack samples: 1622
  - Normal samples: 483
  - Total samples:  2105

[Predictions]
  - Predicted Attack:  1612
  - Predicted Normal:  493

[Confusion Matrix]
  - True Positives (TP):  1606
  - True Negatives (TN):  477
  - False Positives (FP): 6
  - False Negatives (FN): 16

[Metrics]
  - Precision:  0.9964  (99.64%)
  - Recall:     0.9911  (99.11%)
  - F1-Score:   0.9937  (99.37%)
============================================================

[DEBUG] evaluate_metrics_aggregation_fn called with 4 results
[DEBUG] results type: <class 'list'>
[DEBUG] First result type: <class 'tuple'>
[DEBUG] First result length: 2
[DEBUG] results[0][0] type: <class 'int'>
[DEBUG] results[0][1] type: <class 'flwr.app.message.configrecord.ConfigRecord'>
[DEBUG _get_metrics] res_item[1] type: ConfigRecord
[DEBUG _get_metrics] res_item[1] has metrics attr: False
[DEBUG _get_metrics] res_item[1].__dict__: {'_check_key_fn': <function _check_key at 0x7b35885d4900>, '_check_value_fn': <function _check_value at 0x7b357ddc49a0>, '_data': {'accuracy': 0.9909653067588806, 'loss': 0.00816279649734497, 'total_samples': 2103, 'actual_attack': 1621, 'actual_normal': 482, 'predicted_attack': 1612, 'predicted_normal': 491, 'true_positives': 1607, 'true_negatives': 477, 'false_positives': 5, 'false_negatives': 14, 'precision': 0.9968982630272953, 'recall': 0.9913633559531153, 'f1_score': 0.9941231054747912}}
[DEBUG _get_metrics] res_item[1].keys(): ['accuracy', 'loss', 'total_samples', 'actual_attack', 'actual_normal', 'predicted_attack', 'predicted_normal', 'true_positives', 'true_negatives', 'false_positives', 'false_negatives', 'precision', 'recall', 'f1_score']
[DEBUG _get_metrics] Extracted from ConfigRecord._data
[DEBUG _get_metrics] res_item[1] type: ConfigRecord
[DEBUG _get_metrics] res_item[1] has metrics attr: False
[DEBUG _get_metrics] res_item[1].__dict__: {'_check_key_fn': <function _check_key at 0x7b35885d4900>, '_check_value_fn': <function _check_value at 0x7b357ddc49a0>, '_data': {'accuracy': 0.9900237321853638, 'loss': 0.008892790414392948, 'total_samples': 2105, 'actual_attack': 1622, 'actual_normal': 483, 'predicted_attack': 1611, 'predicted_normal': 494, 'true_positives': 1606, 'true_negatives': 478, 'false_positives': 5, 'false_negatives': 16, 'precision': 0.9968963376784605, 'recall': 0.9901356350184957, 'f1_score': 0.9935044849984533}}
[DEBUG _get_metrics] res_item[1].keys(): ['accuracy', 'loss', 'total_samples', 'actual_attack', 'actual_normal', 'predicted_attack', 'predicted_normal', 'true_positives', 'true_negatives', 'false_positives', 'false_negatives', 'precision', 'recall', 'f1_score']
[DEBUG _get_metrics] Extracted from ConfigRecord._data
[DEBUG _get_metrics] res_item[1] type: ConfigRecord
[DEBUG _get_metrics] res_item[1] has metrics attr: False
[DEBUG _get_metrics] res_item[1].__dict__: {'_check_key_fn': <function _check_key at 0x7b35885d4900>, '_check_value_fn': <function _check_value at 0x7b357ddc49a0>, '_data': {'accuracy': 0.99239182472229, 'loss': 0.008364154025912285, 'total_samples': 2103, 'actual_attack': 1621, 'actual_normal': 482, 'predicted_attack': 1615, 'predicted_normal': 488, 'true_positives': 1610, 'true_negatives': 477, 'false_positives': 5, 'false_negatives': 11, 'precision': 0.9969040247678018, 'recall': 0.9932140653917335, 'f1_score': 0.9950556242274413}}
[DEBUG _get_metrics] res_item[1].keys(): ['accuracy', 'loss', 'total_samples', 'actual_attack', 'actual_normal', 'predicted_attack', 'predicted_normal', 'true_positives', 'true_negatives', 'false_positives', 'false_negatives', 'precision', 'recall', 'f1_score']
[DEBUG _get_metrics] Extracted from ConfigRecord._data
[DEBUG _get_metrics] res_item[1] type: ConfigRecord
[DEBUG _get_metrics] res_item[1] has metrics attr: False
[DEBUG _get_metrics] res_item[1].__dict__: {'_check_key_fn': <function _check_key at 0x7b35885d4900>, '_check_value_fn': <function _check_value at 0x7b357ddc49a0>, '_data': {'accuracy': 0.9900237321853638, 'loss': 0.008892790414392948, 'total_samples': 2105, 'actual_attack': 1622, 'actual_normal': 483, 'predicted_attack': 1611, 'predicted_normal': 494, 'true_positives': 1606, 'true_negatives': 478, 'false_positives': 5, 'false_negatives': 16, 'precision': 0.9968963376784605, 'recall': 0.9901356350184957, 'f1_score': 0.9935044849984533}}
[DEBUG _get_metrics] res_item[1].keys(): ['accuracy', 'loss', 'total_samples', 'actual_attack', 'actual_normal', 'predicted_attack', 'predicted_normal', 'true_positives', 'true_negatives', 'false_positives', 'false_negatives', 'precision', 'recall', 'f1_score']
[DEBUG _get_metrics] Extracted from ConfigRecord._data
[DEBUG] Extracted 4 metrics from results

[Evaluation Summary]
============================================================
Round: 27 / 60
Accuracy (mean):  0.9909  (99.09%)
Loss:             0.0086
[Per-Device Accuracy]
  - Device 0:  0.9910  (99.10%)
  - Device 1:  0.9900  (99.00%)
  - Device 2:  0.9924  (99.24%)
  - Device 3:  0.9900  (99.00%)

[Ground Truth]
  - Attack samples: 1621
  - Normal samples: 482
  - Total samples:  2103

[Predictions]
  - Predicted Attack:  1612
  - Predicted Normal:  491

[Confusion Matrix]
  - True Positives (TP):  1607
  - True Negatives (TN):  477
  - False Positives (FP): 5
  - False Negatives (FN): 14

[Metrics]
  - Precision:  0.9969  (99.69%)
  - Recall:     0.9912  (99.12%)
  - F1-Score:   0.9940  (99.40%)
============================================================

[36m(ClientAppActor pid=717326)[0m [Client 2] Class weights (smoothed): {0: 1.0, 1: 1.0}[32m [repeated 16x across cluster][0m
[DEBUG] evaluate_metrics_aggregation_fn called with 4 results
[DEBUG] results type: <class 'list'>
[DEBUG] First result type: <class 'tuple'>
[DEBUG] First result length: 2
[DEBUG] results[0][0] type: <class 'int'>
[DEBUG] results[0][1] type: <class 'flwr.app.message.configrecord.ConfigRecord'>
[DEBUG _get_metrics] res_item[1] type: ConfigRecord
[DEBUG _get_metrics] res_item[1] has metrics attr: False
[DEBUG _get_metrics] res_item[1].__dict__: {'_check_key_fn': <function _check_key at 0x7b35885d4900>, '_check_value_fn': <function _check_value at 0x7b357ddc49a0>, '_data': {'accuracy': 0.9909738898277283, 'loss': 0.008959343656897545, 'total_samples': 2105, 'actual_attack': 1622, 'actual_normal': 483, 'predicted_attack': 1613, 'predicted_normal': 492, 'true_positives': 1608, 'true_negatives': 478, 'false_positives': 5, 'false_negatives': 14, 'precision': 0.9969001859888407, 'recall': 0.9913686806411838, 'f1_score': 0.9941267387944359}}
[DEBUG _get_metrics] res_item[1].keys(): ['accuracy', 'loss', 'total_samples', 'actual_attack', 'actual_normal', 'predicted_attack', 'predicted_normal', 'true_positives', 'true_negatives', 'false_positives', 'false_negatives', 'precision', 'recall', 'f1_score']
[DEBUG _get_metrics] Extracted from ConfigRecord._data[92mINFO [0m:      
[92mINFO [0m:      [ROUND 29]
[92mINFO [0m:      configure_fit: strategy sampled 4 clients (out of 4)
[92mINFO [0m:      aggregate_fit: received 4 results and 0 failures
[92mINFO [0m:      configure_evaluate: strategy sampled 4 clients (out of 4)
[92mINFO [0m:      aggregate_evaluate: received 4 results and 0 failures

[DEBUG _get_metrics] res_item[1] type: ConfigRecord
[DEBUG _get_metrics] res_item[1] has metrics attr: False
[DEBUG _get_metrics] res_item[1].__dict__: {'_check_key_fn': <function _check_key at 0x7b35885d4900>, '_check_value_fn': <function _check_value at 0x7b357ddc49a0>, '_data': {'accuracy': 0.9909653067588806, 'loss': 0.008256549946963787, 'total_samples': 2103, 'actual_attack': 1621, 'actual_normal': 482, 'predicted_attack': 1612, 'predicted_normal': 491, 'true_positives': 1607, 'true_negatives': 477, 'false_positives': 5, 'false_negatives': 14, 'precision': 0.9968982630272953, 'recall': 0.9913633559531153, 'f1_score': 0.9941231054747912}}
[DEBUG _get_metrics] res_item[1].keys(): ['accuracy', 'loss', 'total_samples', 'actual_attack', 'actual_normal', 'predicted_attack', 'predicted_normal', 'true_positives', 'true_negatives', 'false_positives', 'false_negatives', 'precision', 'recall', 'f1_score']
[DEBUG _get_metrics] Extracted from ConfigRecord._data
[DEBUG _get_metrics] res_item[1] type: ConfigRecord
[DEBUG _get_metrics] res_item[1] has metrics attr: False
[DEBUG _get_metrics] res_item[1].__dict__: {'_check_key_fn': <function _check_key at 0x7b35885d4900>, '_check_value_fn': <function _check_value at 0x7b357ddc49a0>, '_data': {'accuracy': 0.991916298866272, 'loss': 0.008442037738859653, 'total_samples': 2103, 'actual_attack': 1621, 'actual_normal': 482, 'predicted_attack': 1614, 'predicted_normal': 489, 'true_positives': 1609, 'true_negatives': 477, 'false_positives': 5, 'false_negatives': 12, 'precision': 0.9969021065675341, 'recall': 0.9925971622455274, 'f1_score': 0.9947449768160741}}
[DEBUG _get_metrics] res_item[1].keys(): ['accuracy', 'loss', 'total_samples', 'actual_attack', 'actual_normal', 'predicted_attack', 'predicted_normal', 'true_positives', 'true_negatives', 'false_positives', 'false_negatives', 'precision', 'recall', 'f1_score']
[DEBUG _get_metrics] Extracted from ConfigRecord._data
[DEBUG _get_metrics] res_item[1] type: ConfigRecord
[DEBUG _get_metrics] res_item[1] has metrics attr: False
[DEBUG _get_metrics] res_item[1].__dict__: {'_check_key_fn': <function _check_key at 0x7b35885d4900>, '_check_value_fn': <function _check_value at 0x7b357ddc49a0>, '_data': {'accuracy': 0.9909738898277283, 'loss': 0.008959343656897545, 'total_samples': 2105, 'actual_attack': 1622, 'actual_normal': 483, 'predicted_attack': 1613, 'predicted_normal': 492, 'true_positives': 1608, 'true_negatives': 478, 'false_positives': 5, 'false_negatives': 14, 'precision': 0.9969001859888407, 'recall': 0.9913686806411838, 'f1_score': 0.9941267387944359}}
[DEBUG _get_metrics] res_item[1].keys(): ['accuracy', 'loss', 'total_samples', 'actual_attack', 'actual_normal', 'predicted_attack', 'predicted_normal', 'true_positives', 'true_negatives', 'false_positives', 'false_negatives', 'precision', 'recall', 'f1_score']
[DEBUG _get_metrics] Extracted from ConfigRecord._data
[DEBUG] Extracted 4 metrics from results

[Evaluation Summary]
============================================================
Round: 28 / 60
Accuracy (mean):  0.9912  (99.12%)
Loss:             0.0087
[Per-Device Accuracy]
  - Device 0:  0.9910  (99.10%)
  - Device 1:  0.9910  (99.10%)
  - Device 2:  0.9919  (99.19%)
  - Device 3:  0.9910  (99.10%)

[Ground Truth]
  - Attack samples: 1622
  - Normal samples: 483
  - Total samples:  2105

[Predictions]
  - Predicted Attack:  1613
  - Predicted Normal:  492

[Confusion Matrix]
  - True Positives (TP):  1608
  - True Negatives (TN):  478
  - False Positives (FP): 5
  - False Negatives (FN): 14

[Metrics]
  - Precision:  0.9969  (99.69%)
  - Recall:     0.9917  (99.17%)
  - F1-Score:   0.9943  (99.43%)
============================================================

[DEBUG] evaluate_metrics_aggregation_fn called with 4 results
[DEBUG] results type: <class 'list'>
[DEBUG] First result type: <class 'tuple'>
[DEBUG] First result length: 2
[DEBUG] results[0][0] type: <class 'int'>
[DEBUG] results[0][1] type: <class 'flwr.app.message.configrecord.ConfigRecord'>
[DEBUG _get_metrics] res_item[1] type: ConfigRecord
[DEBUG _get_metrics] res_item[1] has metrics attr: False
[DEBUG _get_metrics] res_item[1].__dict__: {'_check_key_fn': <function _check_key at 0x7b35885d4900>, '_check_value_fn': <function _check_value at 0x7b357ddc49a0>, '_data': {'accuracy': 0.9904897809028625, 'loss': 0.00826316513121128, 'total_samples': 2103, 'actual_attack': 1621, 'actual_normal': 482, 'predicted_attack': 1611, 'predicted_normal': 492, 'true_positives': 1606, 'true_negatives': 477, 'false_positives': 5, 'false_negatives': 15, 'precision': 0.9968963376784605, 'recall': 0.9907464528069093, 'f1_score': 0.9938118811881189}}
[DEBUG _get_metrics] res_item[1].keys(): ['accuracy', 'loss', 'total_samples', 'actual_attack', 'actual_normal', 'predicted_attack', 'predicted_normal', 'true_positives', 'true_negatives', 'false_positives', 'false_negatives', 'precision', 'recall', 'f1_score']
[DEBUG _get_metrics] Extracted from ConfigRecord._data
[DEBUG _get_metrics] res_item[1] type: ConfigRecord
[DEBUG _get_metrics] res_item[1] has metrics attr: False
[DEBUG _get_metrics] res_item[1].__dict__: {'_check_key_fn': <function _check_key at 0x7b35885d4900>, '_check_value_fn': <function _check_value at 0x7b357ddc49a0>, '_data': {'accuracy': 0.9904988408088684, 'loss': 0.008950664661824703, 'total_samples': 2105, 'actual_attack': 1622, 'actual_normal': 483, 'predicted_attack': 1612, 'predicted_normal': 493, 'true_positives': 1607, 'true_negatives': 478, 'false_positives': 5, 'false_negatives': 15, 'precision': 0.9968982630272953, 'recall': 0.9907521578298397, 'f1_score': 0.9938157081014225}}
[DEBUG _get_metrics] res_item[1].keys(): ['accuracy', 'loss', 'total_samples', 'actual_attack', 'actual_normal', 'predicted_attack', 'predicted_normal', 'true_positives', 'true_negatives', 'false_positives', 'false_negatives', 'precision', 'recall', 'f1_score']
[DEBUG _get_metrics] Extracted from ConfigRecord._data
[DEBUG _get_metrics] res_item[1] type: ConfigRecord
[DEBUG _get_metrics] res_item[1] has metrics attr: False
[DEBUG _get_metrics] res_item[1].__dict__: {'_check_key_fn': <function _check_key at 0x7b35885d4900>, '_check_value_fn': <function _check_value at 0x7b357ddc49a0>, '_data': {'accuracy': 0.9904988408088684, 'loss': 0.008950664661824703, 'total_samples': 2105, 'actual_attack': 1622, 'actual_normal': 483, 'predicted_attack': 1612, 'predicted_normal': 493, 'true_positives': 1607, 'true_negatives': 478, 'false_positives': 5, 'false_negatives': 15, 'precision': 0.9968982630272953, 'recall': 0.9907521578298397, 'f1_score': 0.9938157081014225}}
[DEBUG _get_metrics] res_item[1].keys(): ['accuracy', 'loss', 'total_samples', 'actual_attack', 'actual_normal', 'predicted_attack', 'predicted_normal', 'true_positives', 'true_negatives', 'false_positives', 'false_negatives', 'precision', 'recall', 'f1_score']
[DEBUG _get_metrics] Extracted from ConfigRecord._data
[DEBUG _get_metrics] res_item[1] type: ConfigRecord
[DEBUG _get_metrics] res_item[1] has metrics attr: False
[DEBUG _get_metrics] res_item[1].__dict__: {'_check_key_fn': <function _check_key at 0x7b35885d4900>, '_check_value_fn': <function _check_value at 0x7b357ddc49a0>, '_data': {'accuracy': 0.991916298866272, 'loss': 0.008449719287455082, 'total_samples': 2103, 'actual_attack': 1621, 'actual_normal': 482, 'predicted_attack': 1614, 'predicted_normal': 489, 'true_positives': 1609, 'true_negatives': 477, 'false_positives': 5, 'false_negatives': 12, 'precision': 0.9969021065675341, 'recall': 0.9925971622455274, 'f1_score': 0.9947449768160741}}
[DEBUG _get_metrics] res_item[1].keys(): ['accuracy', 'loss', 'total_samples', 'actual_attack', 'actual_normal', 'predicted_attack', 'predicted_normal', 'true_positives', 'true_negatives', 'false_positives', 'false_negatives', 'precision', 'recall', 'f1_score']
[DEBUG _get_metrics] Extracted from ConfigRecord._data
[DEBUG] Extracted 4 metrics from results

[Evaluation Summary]
============================================================
Round: 29 / 60
Accuracy (mean):  0.9909  (99.09%)
Loss:             0.0087
[Per-Device Accuracy]
  - Device 0:  0.9905  (99.05%)
  - Device 1:  0.9905  (99.05%)
  - Device 2:  0.9905  (99.05%)[92mINFO [0m:      
[92mINFO [0m:      [ROUND 30]
[92mINFO [0m:      configure_fit: strategy sampled 4 clients (out of 4)
[92mINFO [0m:      aggregate_fit: received 4 results and 0 failures
[92mINFO [0m:      configure_evaluate: strategy sampled 4 clients (out of 4)
[92mINFO [0m:      aggregate_evaluate: received 4 results and 0 failures
[92mINFO [0m:      
[92mINFO [0m:      [ROUND 31]
[92mINFO [0m:      configure_fit: strategy sampled 4 clients (out of 4)
[92mINFO [0m:      aggregate_fit: received 4 results and 0 failures
[92mINFO [0m:      configure_evaluate: strategy sampled 4 clients (out of 4)
[92mINFO [0m:      aggregate_evaluate: received 4 results and 0 failures

  - Device 3:  0.9919  (99.19%)

[Ground Truth]
  - Attack samples: 1621
  - Normal samples: 482
  - Total samples:  2103

[Predictions]
  - Predicted Attack:  1611
  - Predicted Normal:  492

[Confusion Matrix]
  - True Positives (TP):  1606
  - True Negatives (TN):  477
  - False Positives (FP): 5
  - False Negatives (FN): 15

[Metrics]
  - Precision:  0.9969  (99.69%)
  - Recall:     0.9912  (99.12%)
  - F1-Score:   0.9940  (99.40%)
============================================================

[Round 30] Client contributions:
  Client samples: 29,186 (weight: 0.2500)
  Client samples: 29,186 (weight: 0.2500)
  Client samples: 29,184 (weight: 0.2500)
  Client samples: 29,186 (weight: 0.2500)
[36m(ClientAppActor pid=717326)[0m [Client 2] Class weights (smoothed): {0: 1.0, 1: 1.0}[32m [repeated 16x across cluster][0m
[DEBUG] evaluate_metrics_aggregation_fn called with 4 results
[DEBUG] results type: <class 'list'>
[DEBUG] First result type: <class 'tuple'>
[DEBUG] First result length: 2
[DEBUG] results[0][0] type: <class 'int'>
[DEBUG] results[0][1] type: <class 'flwr.app.message.configrecord.ConfigRecord'>
[DEBUG _get_metrics] res_item[1] type: ConfigRecord
[DEBUG _get_metrics] res_item[1] has metrics attr: False
[DEBUG _get_metrics] res_item[1].__dict__: {'_check_key_fn': <function _check_key at 0x7b35885d4900>, '_check_value_fn': <function _check_value at 0x7b357ddc49a0>, '_data': {'accuracy': 0.9904897809028625, 'loss': 0.008297896943986416, 'total_samples': 2103, 'actual_attack': 1621, 'actual_normal': 482, 'predicted_attack': 1611, 'predicted_normal': 492, 'true_positives': 1606, 'true_negatives': 477, 'false_positives': 5, 'false_negatives': 15, 'precision': 0.9968963376784605, 'recall': 0.9907464528069093, 'f1_score': 0.9938118811881189}}
[DEBUG _get_metrics] res_item[1].keys(): ['accuracy', 'loss', 'total_samples', 'actual_attack', 'actual_normal', 'predicted_attack', 'predicted_normal', 'true_positives', 'true_negatives', 'false_positives', 'false_negatives', 'precision', 'recall', 'f1_score']
[DEBUG _get_metrics] Extracted from ConfigRecord._data
[DEBUG _get_metrics] res_item[1] type: ConfigRecord
[DEBUG _get_metrics] res_item[1] has metrics attr: False
[DEBUG _get_metrics] res_item[1].__dict__: {'_check_key_fn': <function _check_key at 0x7b35885d4900>, '_check_value_fn': <function _check_value at 0x7b357ddc49a0>, '_data': {'accuracy': 0.991916298866272, 'loss': 0.008497742004692554, 'total_samples': 2103, 'actual_attack': 1621, 'actual_normal': 482, 'predicted_attack': 1614, 'predicted_normal': 489, 'true_positives': 1609, 'true_negatives': 477, 'false_positives': 5, 'false_negatives': 12, 'precision': 0.9969021065675341, 'recall': 0.9925971622455274, 'f1_score': 0.9947449768160741}}
[DEBUG _get_metrics] res_item[1].keys(): ['accuracy', 'loss', 'total_samples', 'actual_attack', 'actual_normal', 'predicted_attack', 'predicted_normal', 'true_positives', 'true_negatives', 'false_positives', 'false_negatives', 'precision', 'recall', 'f1_score']
[DEBUG _get_metrics] Extracted from ConfigRecord._data
[DEBUG _get_metrics] res_item[1] type: ConfigRecord
[DEBUG _get_metrics] res_item[1] has metrics attr: False
[DEBUG _get_metrics] res_item[1].__dict__: {'_check_key_fn': <function _check_key at 0x7b35885d4900>, '_check_value_fn': <function _check_value at 0x7b357ddc49a0>, '_data': {'accuracy': 0.9900237321853638, 'loss': 0.008973723277449608, 'total_samples': 2105, 'actual_attack': 1622, 'actual_normal': 483, 'predicted_attack': 1611, 'predicted_normal': 494, 'true_positives': 1606, 'true_negatives': 478, 'false_positives': 5, 'false_negatives': 16, 'precision': 0.9968963376784605, 'recall': 0.9901356350184957, 'f1_score': 0.9935044849984533}}
[DEBUG _get_metrics] res_item[1].keys(): ['accuracy', 'loss', 'total_samples', 'actual_attack', 'actual_normal', 'predicted_attack', 'predicted_normal', 'true_positives', 'true_negatives', 'false_positives', 'false_negatives', 'precision', 'recall', 'f1_score']
[DEBUG _get_metrics] Extracted from ConfigRecord._data
[DEBUG _get_metrics] res_item[1] type: ConfigRecord
[DEBUG _get_metrics] res_item[1] has metrics attr: False
[DEBUG _get_metrics] res_item[1].__dict__: {'_check_key_fn': <function _check_key at 0x7b35885d4900>, '_check_value_fn': <function _check_value at 0x7b357ddc49a0>, '_data': {'accuracy': 0.9900237321853638, 'loss': 0.008973723277449608, 'total_samples': 2105, 'actual_attack': 1622, 'actual_normal': 483, 'predicted_attack': 1611, 'predicted_normal': 494, 'true_positives': 1606, 'true_negatives': 478, 'false_positives': 5, 'false_negatives': 16, 'precision': 0.9968963376784605, 'recall': 0.9901356350184957, 'f1_score': 0.9935044849984533}}
[DEBUG _get_metrics] res_item[1].keys(): ['accuracy', 'loss', 'total_samples', 'actual_attack', 'actual_normal', 'predicted_attack', 'predicted_normal', 'true_positives', 'true_negatives', 'false_positives', 'false_negatives', 'precision', 'recall', 'f1_score']
[DEBUG _get_metrics] Extracted from ConfigRecord._data
[DEBUG] Extracted 4 metrics from results

[Evaluation Summary]
============================================================
Round: 30 / 60
Accuracy (mean):  0.9906  (99.06%)
Loss:             0.0087
[Per-Device Accuracy]
  - Device 0:  0.9905  (99.05%)
  - Device 1:  0.9919  (99.19%)
  - Device 2:  0.9900  (99.00%)
  - Device 3:  0.9900  (99.00%)

[Ground Truth]
  - Attack samples: 1621
  - Normal samples: 482
  - Total samples:  2103

[Predictions]
  - Predicted Attack:  1611
  - Predicted Normal:  492

[Confusion Matrix]
  - True Positives (TP):  1606
  - True Negatives (TN):  477
  - False Positives (FP): 5
  - False Negatives (FN): 15

[Metrics]
  - Precision:  0.9969  (99.69%)
  - Recall:     0.9909  (99.09%)
  - F1-Score:   0.9939  (99.39%)
============================================================

[DEBUG] evaluate_metrics_aggregation_fn called with 4 results
[DEBUG] results type: <class 'list'>
[DEBUG] First result type: <class 'tuple'>
[DEBUG] First result length: 2
[DEBUG] results[0][0] type: <class 'int'>
[DEBUG] results[0][1] type: <class 'flwr.app.message.configrecord.ConfigRecord'>
[DEBUG _get_metrics] res_item[1] type: ConfigRecord
[DEBUG _get_metrics] res_item[1] has metrics attr: False
[DEBUG _get_metrics] res_item[1].__dict__: {'_check_key_fn': <function _check_key at 0x7b35885d4900>, '_check_value_fn': <function _check_value at 0x7b357ddc49a0>, '_data': {'accuracy': 0.9895387291908264, 'loss': 0.008338923566043377, 'total_samples': 2103, 'actual_attack': 1621, 'actual_normal': 482, 'predicted_attack': 1609, 'predicted_normal': 494, 'true_positives': 1604, 'true_negatives': 477, 'false_positives': 5, 'false_negatives': 17, 'precision': 0.9968924798011187, 'recall': 0.9895126465144972, 'f1_score': 0.993188854489164}}
[DEBUG _get_metrics] res_item[1].keys(): ['accuracy', 'loss', 'total_samples', 'actual_attack', 'actual_normal', 'predicted_attack', 'predicted_normal', 'true_positives', 'true_negatives', 'false_positives', 'false_negatives', 'precision', 'recall', 'f1_score']
[DEBUG _get_metrics] Extracted from ConfigRecord._data
[DEBUG _get_metrics] res_item[1] type: ConfigRecord
[DEBUG _get_metrics] res_item[1] has metrics attr: False
[DEBUG _get_metrics] res_item[1].__dict__: {'_check_key_fn': <function _check_key at 0x7b35885d4900>, '_check_value_fn': <function _check_value at 0x7b357ddc49a0>, '_data': {'accuracy': 0.9900237321853638, 'loss': 0.008990318514406681, 'total_samples': 2105, 'actual_attack': 1622, 'actual_normal': 483, 'predicted_attack': 1611, 'predicted_normal': 494, 'true_positives': 1606, 'true_negatives': 478, 'false_positives': 5, 'false_negatives': 16, 'precision': 0.9968963376784605, 'recall': 0.9901356350184957, 'f1_score': 0.9935044849984533}}
[DEBUG _get_metrics] res_item[1].keys(): ['accuracy', 'loss', 'total_samples', 'actual_attack', 'actual_normal', 'predicted_attack', 'predicted_normal', 'true_positives', 'true_negatives', 'false_positives', 'false_negatives', 'precision', 'recall', 'f1_score']
[DEBUG _get_metrics] Extracted from ConfigRecord._data
[DEBUG _get_metrics] res_item[1] type: ConfigRecord
[DEBUG _get_metrics] res_item[1] has metrics attr: False
[DEBUG _get_metrics] res_item[1].__dict__: {'_check_key_fn': <function _check_key at 0x7b35885d4900>, '_check_value_fn': <function _check_value at 0x7b357ddc49a0>, '_data': {'accuracy': 0.9900237321853638, 'loss': 0.008990318514406681, 'total_samples': 2105, 'actual_attack': 1622, 'actual_normal': 483, 'predicted_attack': 1611, 'predicted_normal': 494, 'true_positives': 1606, 'true_negatives': 478, 'false_positives': 5, 'false_negatives': 16, 'precision': 0.9968963376784605, 'recall': 0.9901356350184957, 'f1_score': 0.9935044849984533}}[92mINFO [0m:      
[92mINFO [0m:      [ROUND 32]
[92mINFO [0m:      configure_fit: strategy sampled 4 clients (out of 4)
[92mINFO [0m:      aggregate_fit: received 4 results and 0 failures
[92mINFO [0m:      configure_evaluate: strategy sampled 4 clients (out of 4)
[92mINFO [0m:      aggregate_evaluate: received 4 results and 0 failures
[92mINFO [0m:      
[92mINFO [0m:      [ROUND 33]
[92mINFO [0m:      configure_fit: strategy sampled 4 clients (out of 4)
[92mINFO [0m:      aggregate_fit: received 4 results and 0 failures
[92mINFO [0m:      configure_evaluate: strategy sampled 4 clients (out of 4)
[92mINFO [0m:      aggregate_evaluate: received 4 results and 0 failures

[DEBUG _get_metrics] res_item[1].keys(): ['accuracy', 'loss', 'total_samples', 'actual_attack', 'actual_normal', 'predicted_attack', 'predicted_normal', 'true_positives', 'true_negatives', 'false_positives', 'false_negatives', 'precision', 'recall', 'f1_score']
[DEBUG _get_metrics] Extracted from ConfigRecord._data
[DEBUG _get_metrics] res_item[1] type: ConfigRecord
[DEBUG _get_metrics] res_item[1] has metrics attr: False
[DEBUG _get_metrics] res_item[1].__dict__: {'_check_key_fn': <function _check_key at 0x7b35885d4900>, '_check_value_fn': <function _check_value at 0x7b357ddc49a0>, '_data': {'accuracy': 0.9914407730102539, 'loss': 0.00855010375380516, 'total_samples': 2103, 'actual_attack': 1621, 'actual_normal': 482, 'predicted_attack': 1613, 'predicted_normal': 490, 'true_positives': 1608, 'true_negatives': 477, 'false_positives': 5, 'false_negatives': 13, 'precision': 0.9969001859888407, 'recall': 0.9919802590993214, 'f1_score': 0.9944341372912802}}
[DEBUG _get_metrics] res_item[1].keys(): ['accuracy', 'loss', 'total_samples', 'actual_attack', 'actual_normal', 'predicted_attack', 'predicted_normal', 'true_positives', 'true_negatives', 'false_positives', 'false_negatives', 'precision', 'recall', 'f1_score']
[DEBUG _get_metrics] Extracted from ConfigRecord._data
[DEBUG] Extracted 4 metrics from results

[Evaluation Summary]
============================================================
Round: 31 / 60
Accuracy (mean):  0.9903  (99.03%)
Loss:             0.0087
[Per-Device Accuracy]
  - Device 0:  0.9895  (98.95%)
  - Device 1:  0.9900  (99.00%)
  - Device 2:  0.9900  (99.00%)
  - Device 3:  0.9914  (99.14%)

[Ground Truth]
  - Attack samples: 1621
  - Normal samples: 482
  - Total samples:  2103

[Predictions]
  - Predicted Attack:  1609
  - Predicted Normal:  494

[Confusion Matrix]
  - True Positives (TP):  1604
  - True Negatives (TN):  477
  - False Positives (FP): 5
  - False Negatives (FN): 17

[Metrics]
  - Precision:  0.9969  (99.69%)
  - Recall:     0.9904  (99.04%)
  - F1-Score:   0.9937  (99.37%)
============================================================

[36m(ClientAppActor pid=717332)[0m [Client 0] Class weights (smoothed): {0: 1.0, 1: 1.0}[32m [repeated 16x across cluster][0m
[DEBUG] evaluate_metrics_aggregation_fn called with 4 results
[DEBUG] results type: <class 'list'>
[DEBUG] First result type: <class 'tuple'>
[DEBUG] First result length: 2
[DEBUG] results[0][0] type: <class 'int'>
[DEBUG] results[0][1] type: <class 'flwr.app.message.configrecord.ConfigRecord'>
[DEBUG _get_metrics] res_item[1] type: ConfigRecord
[DEBUG _get_metrics] res_item[1] has metrics attr: False
[DEBUG _get_metrics] res_item[1].__dict__: {'_check_key_fn': <function _check_key at 0x7b35885d4900>, '_check_value_fn': <function _check_value at 0x7b357ddc49a0>, '_data': {'accuracy': 0.9900237321853638, 'loss': 0.009058669209480286, 'total_samples': 2105, 'actual_attack': 1622, 'actual_normal': 483, 'predicted_attack': 1611, 'predicted_normal': 494, 'true_positives': 1606, 'true_negatives': 478, 'false_positives': 5, 'false_negatives': 16, 'precision': 0.9968963376784605, 'recall': 0.9901356350184957, 'f1_score': 0.9935044849984533}}
[DEBUG _get_metrics] res_item[1].keys(): ['accuracy', 'loss', 'total_samples', 'actual_attack', 'actual_normal', 'predicted_attack', 'predicted_normal', 'true_positives', 'true_negatives', 'false_positives', 'false_negatives', 'precision', 'recall', 'f1_score']
[DEBUG _get_metrics] Extracted from ConfigRecord._data
[DEBUG _get_metrics] res_item[1] type: ConfigRecord
[DEBUG _get_metrics] res_item[1] has metrics attr: False
[DEBUG _get_metrics] res_item[1].__dict__: {'_check_key_fn': <function _check_key at 0x7b35885d4900>, '_check_value_fn': <function _check_value at 0x7b357ddc49a0>, '_data': {'accuracy': 0.9890632629394531, 'loss': 0.008452563546597958, 'total_samples': 2103, 'actual_attack': 1621, 'actual_normal': 482, 'predicted_attack': 1608, 'predicted_normal': 495, 'true_positives': 1603, 'true_negatives': 477, 'false_positives': 5, 'false_negatives': 18, 'precision': 0.9968905472636815, 'recall': 0.9888957433682912, 'f1_score': 0.9928770517187984}}
[DEBUG _get_metrics] res_item[1].keys(): ['accuracy', 'loss', 'total_samples', 'actual_attack', 'actual_normal', 'predicted_attack', 'predicted_normal', 'true_positives', 'true_negatives', 'false_positives', 'false_negatives', 'precision', 'recall', 'f1_score']
[DEBUG _get_metrics] Extracted from ConfigRecord._data
[DEBUG _get_metrics] res_item[1] type: ConfigRecord
[DEBUG _get_metrics] res_item[1] has metrics attr: False
[DEBUG _get_metrics] res_item[1].__dict__: {'_check_key_fn': <function _check_key at 0x7b35885d4900>, '_check_value_fn': <function _check_value at 0x7b357ddc49a0>, '_data': {'accuracy': 0.9914407730102539, 'loss': 0.0086637232452631, 'total_samples': 2103, 'actual_attack': 1621, 'actual_normal': 482, 'predicted_attack': 1613, 'predicted_normal': 490, 'true_positives': 1608, 'true_negatives': 477, 'false_positives': 5, 'false_negatives': 13, 'precision': 0.9969001859888407, 'recall': 0.9919802590993214, 'f1_score': 0.9944341372912802}}
[DEBUG _get_metrics] res_item[1].keys(): ['accuracy', 'loss', 'total_samples', 'actual_attack', 'actual_normal', 'predicted_attack', 'predicted_normal', 'true_positives', 'true_negatives', 'false_positives', 'false_negatives', 'precision', 'recall', 'f1_score']
[DEBUG _get_metrics] Extracted from ConfigRecord._data
[DEBUG _get_metrics] res_item[1] type: ConfigRecord
[DEBUG _get_metrics] res_item[1] has metrics attr: False
[DEBUG _get_metrics] res_item[1].__dict__: {'_check_key_fn': <function _check_key at 0x7b35885d4900>, '_check_value_fn': <function _check_value at 0x7b357ddc49a0>, '_data': {'accuracy': 0.9900237321853638, 'loss': 0.009058669209480286, 'total_samples': 2105, 'actual_attack': 1622, 'actual_normal': 483, 'predicted_attack': 1611, 'predicted_normal': 494, 'true_positives': 1606, 'true_negatives': 478, 'false_positives': 5, 'false_negatives': 16, 'precision': 0.9968963376784605, 'recall': 0.9901356350184957, 'f1_score': 0.9935044849984533}}
[DEBUG _get_metrics] res_item[1].keys(): ['accuracy', 'loss', 'total_samples', 'actual_attack', 'actual_normal', 'predicted_attack', 'predicted_normal', 'true_positives', 'true_negatives', 'false_positives', 'false_negatives', 'precision', 'recall', 'f1_score']
[DEBUG _get_metrics] Extracted from ConfigRecord._data
[DEBUG] Extracted 4 metrics from results

[Evaluation Summary]
============================================================
Round: 32 / 60
Accuracy (mean):  0.9901  (99.01%)
Loss:             0.0088
[Per-Device Accuracy]
  - Device 0:  0.9900  (99.00%)
  - Device 1:  0.9891  (98.91%)
  - Device 2:  0.9914  (99.14%)
  - Device 3:  0.9900  (99.00%)

[Ground Truth]
  - Attack samples: 1622
  - Normal samples: 483
  - Total samples:  2105

[Predictions]
  - Predicted Attack:  1611
  - Predicted Normal:  494

[Confusion Matrix]
  - True Positives (TP):  1606
  - True Negatives (TN):  478
  - False Positives (FP): 5
  - False Negatives (FN): 16

[Metrics]
  - Precision:  0.9969  (99.69%)
  - Recall:     0.9903  (99.03%)
  - F1-Score:   0.9936  (99.36%)
============================================================

[DEBUG] evaluate_metrics_aggregation_fn called with 4 results
[DEBUG] results type: <class 'list'>
[DEBUG] First result type: <class 'tuple'>
[DEBUG] First result length: 2
[DEBUG] results[0][0] type: <class 'int'>
[DEBUG] results[0][1] type: <class 'flwr.app.message.configrecord.ConfigRecord'>
[DEBUG _get_metrics] res_item[1] type: ConfigRecord
[DEBUG _get_metrics] res_item[1] has metrics attr: False
[DEBUG _get_metrics] res_item[1].__dict__: {'_check_key_fn': <function _check_key at 0x7b35885d4900>, '_check_value_fn': <function _check_value at 0x7b357ddc49a0>, '_data': {'accuracy': 0.9900237321853638, 'loss': 0.009160962887108326, 'total_samples': 2105, 'actual_attack': 1622, 'actual_normal': 483, 'predicted_attack': 1611, 'predicted_normal': 494, 'true_positives': 1606, 'true_negatives': 478, 'false_positives': 5, 'false_negatives': 16, 'precision': 0.9968963376784605, 'recall': 0.9901356350184957, 'f1_score': 0.9935044849984533}}
[DEBUG _get_metrics] res_item[1].keys(): ['accuracy', 'loss', 'total_samples', 'actual_attack', 'actual_normal', 'predicted_attack', 'predicted_normal', 'true_positives', 'true_negatives', 'false_positives', 'false_negatives', 'precision', 'recall', 'f1_score'][92mINFO [0m:      
[92mINFO [0m:      [ROUND 34]
[92mINFO [0m:      configure_fit: strategy sampled 4 clients (out of 4)
[92mINFO [0m:      aggregate_fit: received 4 results and 0 failures
[92mINFO [0m:      configure_evaluate: strategy sampled 4 clients (out of 4)
[92mINFO [0m:      aggregate_evaluate: received 4 results and 0 failures

[DEBUG _get_metrics] Extracted from ConfigRecord._data
[DEBUG _get_metrics] res_item[1] type: ConfigRecord
[DEBUG _get_metrics] res_item[1] has metrics attr: False
[DEBUG _get_metrics] res_item[1].__dict__: {'_check_key_fn': <function _check_key at 0x7b35885d4900>, '_check_value_fn': <function _check_value at 0x7b357ddc49a0>, '_data': {'accuracy': 0.9890632629394531, 'loss': 0.008586916141211987, 'total_samples': 2103, 'actual_attack': 1621, 'actual_normal': 482, 'predicted_attack': 1608, 'predicted_normal': 495, 'true_positives': 1603, 'true_negatives': 477, 'false_positives': 5, 'false_negatives': 18, 'precision': 0.9968905472636815, 'recall': 0.9888957433682912, 'f1_score': 0.9928770517187984}}
[DEBUG _get_metrics] res_item[1].keys(): ['accuracy', 'loss', 'total_samples', 'actual_attack', 'actual_normal', 'predicted_attack', 'predicted_normal', 'true_positives', 'true_negatives', 'false_positives', 'false_negatives', 'precision', 'recall', 'f1_score']
[DEBUG _get_metrics] Extracted from ConfigRecord._data
[DEBUG _get_metrics] res_item[1] type: ConfigRecord
[DEBUG _get_metrics] res_item[1] has metrics attr: False
[DEBUG _get_metrics] res_item[1].__dict__: {'_check_key_fn': <function _check_key at 0x7b35885d4900>, '_check_value_fn': <function _check_value at 0x7b357ddc49a0>, '_data': {'accuracy': 0.9900237321853638, 'loss': 0.009160962887108326, 'total_samples': 2105, 'actual_attack': 1622, 'actual_normal': 483, 'predicted_attack': 1611, 'predicted_normal': 494, 'true_positives': 1606, 'true_negatives': 478, 'false_positives': 5, 'false_negatives': 16, 'precision': 0.9968963376784605, 'recall': 0.9901356350184957, 'f1_score': 0.9935044849984533}}
[DEBUG _get_metrics] res_item[1].keys(): ['accuracy', 'loss', 'total_samples', 'actual_attack', 'actual_normal', 'predicted_attack', 'predicted_normal', 'true_positives', 'true_negatives', 'false_positives', 'false_negatives', 'precision', 'recall', 'f1_score']
[DEBUG _get_metrics] Extracted from ConfigRecord._data
[DEBUG _get_metrics] res_item[1] type: ConfigRecord
[DEBUG _get_metrics] res_item[1] has metrics attr: False
[DEBUG _get_metrics] res_item[1].__dict__: {'_check_key_fn': <function _check_key at 0x7b35885d4900>, '_check_value_fn': <function _check_value at 0x7b357ddc49a0>, '_data': {'accuracy': 0.9914407730102539, 'loss': 0.00879948865622282, 'total_samples': 2103, 'actual_attack': 1621, 'actual_normal': 482, 'predicted_attack': 1613, 'predicted_normal': 490, 'true_positives': 1608, 'true_negatives': 477, 'false_positives': 5, 'false_negatives': 13, 'precision': 0.9969001859888407, 'recall': 0.9919802590993214, 'f1_score': 0.9944341372912802}}
[DEBUG _get_metrics] res_item[1].keys(): ['accuracy', 'loss', 'total_samples', 'actual_attack', 'actual_normal', 'predicted_attack', 'predicted_normal', 'true_positives', 'true_negatives', 'false_positives', 'false_negatives', 'precision', 'recall', 'f1_score']
[DEBUG _get_metrics] Extracted from ConfigRecord._data
[DEBUG] Extracted 4 metrics from results

[Evaluation Summary]
============================================================
Round: 33 / 60
Accuracy (mean):  0.9901  (99.01%)
Loss:             0.0089
[Per-Device Accuracy]
  - Device 0:  0.9900  (99.00%)
  - Device 1:  0.9891  (98.91%)
  - Device 2:  0.9900  (99.00%)
  - Device 3:  0.9914  (99.14%)

[Ground Truth]
  - Attack samples: 1622
  - Normal samples: 483
  - Total samples:  2105

[Predictions]
  - Predicted Attack:  1611
  - Predicted Normal:  494

[Confusion Matrix]
  - True Positives (TP):  1606
  - True Negatives (TN):  478
  - False Positives (FP): 5
  - False Negatives (FN): 16

[Metrics]
  - Precision:  0.9969  (99.69%)
  - Recall:     0.9903  (99.03%)
  - F1-Score:   0.9936  (99.36%)
============================================================

[36m(ClientAppActor pid=717331)[0m [Client 1] Class weights (smoothed): {0: 1.0, 1: 1.0}[32m [repeated 16x across cluster][0m
[DEBUG] evaluate_metrics_aggregation_fn called with 4 results
[DEBUG] results type: <class 'list'>
[DEBUG] First result type: <class 'tuple'>
[DEBUG] First result length: 2
[DEBUG] results[0][0] type: <class 'int'>
[DEBUG] results[0][1] type: <class 'flwr.app.message.configrecord.ConfigRecord'>
[DEBUG _get_metrics] res_item[1] type: ConfigRecord
[DEBUG _get_metrics] res_item[1] has metrics attr: False
[DEBUG _get_metrics] res_item[1].__dict__: {'_check_key_fn': <function _check_key at 0x7b35885d4900>, '_check_value_fn': <function _check_value at 0x7b357ddc49a0>, '_data': {'accuracy': 0.9885877370834351, 'loss': 0.008787311613559723, 'total_samples': 2103, 'actual_attack': 1621, 'actual_normal': 482, 'predicted_attack': 1607, 'predicted_normal': 496, 'true_positives': 1602, 'true_negatives': 477, 'false_positives': 5, 'false_negatives': 19, 'precision': 0.9968886123210952, 'recall': 0.9882788402220851, 'f1_score': 0.9925650557620818}}
[DEBUG _get_metrics] res_item[1].keys(): ['accuracy', 'loss', 'total_samples', 'actual_attack', 'actual_normal', 'predicted_attack', 'predicted_normal', 'true_positives', 'true_negatives', 'false_positives', 'false_negatives', 'precision', 'recall', 'f1_score']
[DEBUG _get_metrics] Extracted from ConfigRecord._data
[DEBUG _get_metrics] res_item[1] type: ConfigRecord
[DEBUG _get_metrics] res_item[1] has metrics attr: False
[DEBUG _get_metrics] res_item[1].__dict__: {'_check_key_fn': <function _check_key at 0x7b35885d4900>, '_check_value_fn': <function _check_value at 0x7b357ddc49a0>, '_data': {'accuracy': 0.9914407730102539, 'loss': 0.008999527432024479, 'total_samples': 2103, 'actual_attack': 1621, 'actual_normal': 482, 'predicted_attack': 1613, 'predicted_normal': 490, 'true_positives': 1608, 'true_negatives': 477, 'false_positives': 5, 'false_negatives': 13, 'precision': 0.9969001859888407, 'recall': 0.9919802590993214, 'f1_score': 0.9944341372912802}}
[DEBUG _get_metrics] res_item[1].keys(): ['accuracy', 'loss', 'total_samples', 'actual_attack', 'actual_normal', 'predicted_attack', 'predicted_normal', 'true_positives', 'true_negatives', 'false_positives', 'false_negatives', 'precision', 'recall', 'f1_score']
[DEBUG _get_metrics] Extracted from ConfigRecord._data
[DEBUG _get_metrics] res_item[1] type: ConfigRecord
[DEBUG _get_metrics] res_item[1] has metrics attr: False
[DEBUG _get_metrics] res_item[1].__dict__: {'_check_key_fn': <function _check_key at 0x7b35885d4900>, '_check_value_fn': <function _check_value at 0x7b357ddc49a0>, '_data': {'accuracy': 0.9895486831665039, 'loss': 0.009335445240139961, 'total_samples': 2105, 'actual_attack': 1622, 'actual_normal': 483, 'predicted_attack': 1610, 'predicted_normal': 495, 'true_positives': 1605, 'true_negatives': 478, 'false_positives': 5, 'false_negatives': 17, 'precision': 0.9968944099378882, 'recall': 0.9895191122071517, 'f1_score': 0.9931930693069309}}
[DEBUG _get_metrics] res_item[1].keys(): ['accuracy', 'loss', 'total_samples', 'actual_attack', 'actual_normal', 'predicted_attack', 'predicted_normal', 'true_positives', 'true_negatives', 'false_positives', 'false_negatives', 'precision', 'recall', 'f1_score']
[DEBUG _get_metrics] Extracted from ConfigRecord._data
[DEBUG _get_metrics] res_item[1] type: ConfigRecord
[DEBUG _get_metrics] res_item[1] has metrics attr: False
[DEBUG _get_metrics] res_item[1].__dict__: {'_check_key_fn': <function _check_key at 0x7b35885d4900>, '_check_value_fn': <function _check_value at 0x7b357ddc49a0>, '_data': {'accuracy': 0.9895486831665039, 'loss': 0.009335445240139961, 'total_samples': 2105, 'actual_attack': 1622, 'actual_normal': 483, 'predicted_attack': 1610, 'predicted_normal': 495, 'true_positives': 1605, 'true_negatives': 478, 'false_positives': 5, 'false_negatives': 17, 'precision': 0.9968944099378882, 'recall': 0.9895191122071517, 'f1_score': 0.9931930693069309}}
[DEBUG _get_metrics] res_item[1].keys(): ['accuracy', 'loss', 'total_samples', 'actual_attack', 'actual_normal', 'predicted_attack', 'predicted_normal', 'true_positives', 'true_negatives', 'false_positives', 'false_negatives', 'precision', 'recall', 'f1_score']
[DEBUG _get_metrics] Extracted from ConfigRecord._data
[DEBUG] Extracted 4 metrics from results

[Evaluation Summary]
============================================================[92mINFO [0m:      
[92mINFO [0m:      [ROUND 35]
[92mINFO [0m:      configure_fit: strategy sampled 4 clients (out of 4)
[92mINFO [0m:      aggregate_fit: received 4 results and 0 failures
[92mINFO [0m:      configure_evaluate: strategy sampled 4 clients (out of 4)
[92mINFO [0m:      aggregate_evaluate: received 4 results and 0 failures
[92mINFO [0m:      
[92mINFO [0m:      [ROUND 36]
[92mINFO [0m:      configure_fit: strategy sampled 4 clients (out of 4)
[92mINFO [0m:      aggregate_fit: received 4 results and 0 failures
[92mINFO [0m:      configure_evaluate: strategy sampled 4 clients (out of 4)
[92mINFO [0m:      aggregate_evaluate: received 4 results and 0 failures

Round: 34 / 60
Accuracy (mean):  0.9898  (98.98%)
Loss:             0.0091
[Per-Device Accuracy]
  - Device 0:  0.9886  (98.86%)
  - Device 1:  0.9914  (99.14%)
  - Device 2:  0.9895  (98.95%)
  - Device 3:  0.9895  (98.95%)

[Ground Truth]
  - Attack samples: 1621
  - Normal samples: 482
  - Total samples:  2103

[Predictions]
  - Predicted Attack:  1607
  - Predicted Normal:  496

[Confusion Matrix]
  - True Positives (TP):  1602
  - True Negatives (TN):  477
  - False Positives (FP): 5
  - False Negatives (FN): 19

[Metrics]
  - Precision:  0.9969  (99.69%)
  - Recall:     0.9898  (98.98%)
  - F1-Score:   0.9933  (99.33%)
============================================================

[Round 35] Client contributions:
  Client samples: 29,186 (weight: 0.2500)
  Client samples: 29,186 (weight: 0.2500)
  Client samples: 29,184 (weight: 0.2500)
  Client samples: 29,186 (weight: 0.2500)
[DEBUG] evaluate_metrics_aggregation_fn called with 4 results
[DEBUG] results type: <class 'list'>
[DEBUG] First result type: <class 'tuple'>
[DEBUG] First result length: 2
[DEBUG] results[0][0] type: <class 'int'>
[DEBUG] results[0][1] type: <class 'flwr.app.message.configrecord.ConfigRecord'>
[DEBUG _get_metrics] res_item[1] type: ConfigRecord
[DEBUG _get_metrics] res_item[1] has metrics attr: False
[DEBUG _get_metrics] res_item[1].__dict__: {'_check_key_fn': <function _check_key at 0x7b35885d4900>, '_check_value_fn': <function _check_value at 0x7b357ddc49a0>, '_data': {'accuracy': 0.9900237321853638, 'loss': 0.009417596273124218, 'total_samples': 2105, 'actual_attack': 1622, 'actual_normal': 483, 'predicted_attack': 1611, 'predicted_normal': 494, 'true_positives': 1606, 'true_negatives': 478, 'false_positives': 5, 'false_negatives': 16, 'precision': 0.9968963376784605, 'recall': 0.9901356350184957, 'f1_score': 0.9935044849984533}}
[DEBUG _get_metrics] res_item[1].keys(): ['accuracy', 'loss', 'total_samples', 'actual_attack', 'actual_normal', 'predicted_attack', 'predicted_normal', 'true_positives', 'true_negatives', 'false_positives', 'false_negatives', 'precision', 'recall', 'f1_score']
[DEBUG _get_metrics] Extracted from ConfigRecord._data
[DEBUG _get_metrics] res_item[1] type: ConfigRecord
[DEBUG _get_metrics] res_item[1] has metrics attr: False
[DEBUG _get_metrics] res_item[1].__dict__: {'_check_key_fn': <function _check_key at 0x7b35885d4900>, '_check_value_fn': <function _check_value at 0x7b357ddc49a0>, '_data': {'accuracy': 0.9900237321853638, 'loss': 0.009417596273124218, 'total_samples': 2105, 'actual_attack': 1622, 'actual_normal': 483, 'predicted_attack': 1611, 'predicted_normal': 494, 'true_positives': 1606, 'true_negatives': 478, 'false_positives': 5, 'false_negatives': 16, 'precision': 0.9968963376784605, 'recall': 0.9901356350184957, 'f1_score': 0.9935044849984533}}
[DEBUG _get_metrics] res_item[1].keys(): ['accuracy', 'loss', 'total_samples', 'actual_attack', 'actual_normal', 'predicted_attack', 'predicted_normal', 'true_positives', 'true_negatives', 'false_positives', 'false_negatives', 'precision', 'recall', 'f1_score']
[DEBUG _get_metrics] Extracted from ConfigRecord._data
[DEBUG _get_metrics] res_item[1] type: ConfigRecord
[DEBUG _get_metrics] res_item[1] has metrics attr: False
[DEBUG _get_metrics] res_item[1].__dict__: {'_check_key_fn': <function _check_key at 0x7b35885d4900>, '_check_value_fn': <function _check_value at 0x7b357ddc49a0>, '_data': {'accuracy': 0.9895387291908264, 'loss': 0.00888085551559925, 'total_samples': 2103, 'actual_attack': 1621, 'actual_normal': 482, 'predicted_attack': 1609, 'predicted_normal': 494, 'true_positives': 1604, 'true_negatives': 477, 'false_positives': 5, 'false_negatives': 17, 'precision': 0.9968924798011187, 'recall': 0.9895126465144972, 'f1_score': 0.993188854489164}}
[DEBUG _get_metrics] res_item[1].keys(): ['accuracy', 'loss', 'total_samples', 'actual_attack', 'actual_normal', 'predicted_attack', 'predicted_normal', 'true_positives', 'true_negatives', 'false_positives', 'false_negatives', 'precision', 'recall', 'f1_score']
[DEBUG _get_metrics] Extracted from ConfigRecord._data
[DEBUG _get_metrics] res_item[1] type: ConfigRecord
[DEBUG _get_metrics] res_item[1] has metrics attr: False
[DEBUG _get_metrics] res_item[1].__dict__: {'_check_key_fn': <function _check_key at 0x7b35885d4900>, '_check_value_fn': <function _check_value at 0x7b357ddc49a0>, '_data': {'accuracy': 0.9914407730102539, 'loss': 0.009118223562836647, 'total_samples': 2103, 'actual_attack': 1621, 'actual_normal': 482, 'predicted_attack': 1613, 'predicted_normal': 490, 'true_positives': 1608, 'true_negatives': 477, 'false_positives': 5, 'false_negatives': 13, 'precision': 0.9969001859888407, 'recall': 0.9919802590993214, 'f1_score': 0.9944341372912802}}
[DEBUG _get_metrics] res_item[1].keys(): ['accuracy', 'loss', 'total_samples', 'actual_attack', 'actual_normal', 'predicted_attack', 'predicted_normal', 'true_positives', 'true_negatives', 'false_positives', 'false_negatives', 'precision', 'recall', 'f1_score']
[DEBUG _get_metrics] Extracted from ConfigRecord._data
[DEBUG] Extracted 4 metrics from results

[Evaluation Summary]
============================================================
Round: 35 / 60
Accuracy (mean):  0.9903  (99.03%)
Loss:             0.0092
[Per-Device Accuracy]
  - Device 0:  0.9900  (99.00%)
  - Device 1:  0.9900  (99.00%)
  - Device 2:  0.9895  (98.95%)
  - Device 3:  0.9914  (99.14%)

[Ground Truth]
  - Attack samples: 1622
  - Normal samples: 483
  - Total samples:  2105

[Predictions]
  - Predicted Attack:  1611
  - Predicted Normal:  494

[Confusion Matrix]
  - True Positives (TP):  1606
  - True Negatives (TN):  478
  - False Positives (FP): 5
  - False Negatives (FN): 16

[Metrics]
  - Precision:  0.9969  (99.69%)
  - Recall:     0.9904  (99.04%)
  - F1-Score:   0.9937  (99.37%)
============================================================

[36m(ClientAppActor pid=717326)[0m [Client 2] Class weights (smoothed): {0: 1.0, 1: 1.0}[32m [repeated 16x across cluster][0m
[DEBUG] evaluate_metrics_aggregation_fn called with 4 results
[DEBUG] results type: <class 'list'>
[DEBUG] First result type: <class 'tuple'>
[DEBUG] First result length: 2
[DEBUG] results[0][0] type: <class 'int'>
[DEBUG] results[0][1] type: <class 'flwr.app.message.configrecord.ConfigRecord'>
[DEBUG _get_metrics] res_item[1] type: ConfigRecord
[DEBUG _get_metrics] res_item[1] has metrics attr: False
[DEBUG _get_metrics] res_item[1].__dict__: {'_check_key_fn': <function _check_key at 0x7b35885d4900>, '_check_value_fn': <function _check_value at 0x7b357ddc49a0>, '_data': {'accuracy': 0.9895387291908264, 'loss': 0.008948836475610733, 'total_samples': 2103, 'actual_attack': 1621, 'actual_normal': 482, 'predicted_attack': 1609, 'predicted_normal': 494, 'true_positives': 1604, 'true_negatives': 477, 'false_positives': 5, 'false_negatives': 17, 'precision': 0.9968924798011187, 'recall': 0.9895126465144972, 'f1_score': 0.993188854489164}}
[DEBUG _get_metrics] res_item[1].keys(): ['accuracy', 'loss', 'total_samples', 'actual_attack', 'actual_normal', 'predicted_attack', 'predicted_normal', 'true_positives', 'true_negatives', 'false_positives', 'false_negatives', 'precision', 'recall', 'f1_score']
[DEBUG _get_metrics] Extracted from ConfigRecord._data
[DEBUG _get_metrics] res_item[1] type: ConfigRecord
[DEBUG _get_metrics] res_item[1] has metrics attr: False
[DEBUG _get_metrics] res_item[1].__dict__: {'_check_key_fn': <function _check_key at 0x7b35885d4900>, '_check_value_fn': <function _check_value at 0x7b357ddc49a0>, '_data': {'accuracy': 0.9914407730102539, 'loss': 0.009200752712786198, 'total_samples': 2103, 'actual_attack': 1621, 'actual_normal': 482, 'predicted_attack': 1613, 'predicted_normal': 490, 'true_positives': 1608, 'true_negatives': 477, 'false_positives': 5, 'false_negatives': 13, 'precision': 0.9969001859888407, 'recall': 0.9919802590993214, 'f1_score': 0.9944341372912802}}
[DEBUG _get_metrics] res_item[1].keys(): ['accuracy', 'loss', 'total_samples', 'actual_attack', 'actual_normal', 'predicted_attack', 'predicted_normal', 'true_positives', 'true_negatives', 'false_positives', 'false_negatives', 'precision', 'recall', 'f1_score'][92mINFO [0m:      
[92mINFO [0m:      [ROUND 37]
[92mINFO [0m:      configure_fit: strategy sampled 4 clients (out of 4)
[92mINFO [0m:      aggregate_fit: received 4 results and 0 failures
[92mINFO [0m:      configure_evaluate: strategy sampled 4 clients (out of 4)
[92mINFO [0m:      aggregate_evaluate: received 4 results and 0 failures
[92mINFO [0m:      
[92mINFO [0m:      [ROUND 38]
[92mINFO [0m:      configure_fit: strategy sampled 4 clients (out of 4)
[92mINFO [0m:      aggregate_fit: received 4 results and 0 failures
[92mINFO [0m:      configure_evaluate: strategy sampled 4 clients (out of 4)
[92mINFO [0m:      aggregate_evaluate: received 4 results and 0 failures

[DEBUG _get_metrics] Extracted from ConfigRecord._data
[DEBUG _get_metrics] res_item[1] type: ConfigRecord
[DEBUG _get_metrics] res_item[1] has metrics attr: False
[DEBUG _get_metrics] res_item[1].__dict__: {'_check_key_fn': <function _check_key at 0x7b35885d4900>, '_check_value_fn': <function _check_value at 0x7b357ddc49a0>, '_data': {'accuracy': 0.9900237321853638, 'loss': 0.009479964151978493, 'total_samples': 2105, 'actual_attack': 1622, 'actual_normal': 483, 'predicted_attack': 1611, 'predicted_normal': 494, 'true_positives': 1606, 'true_negatives': 478, 'false_positives': 5, 'false_negatives': 16, 'precision': 0.9968963376784605, 'recall': 0.9901356350184957, 'f1_score': 0.9935044849984533}}
[DEBUG _get_metrics] res_item[1].keys(): ['accuracy', 'loss', 'total_samples', 'actual_attack', 'actual_normal', 'predicted_attack', 'predicted_normal', 'true_positives', 'true_negatives', 'false_positives', 'false_negatives', 'precision', 'recall', 'f1_score']
[DEBUG _get_metrics] Extracted from ConfigRecord._data
[DEBUG _get_metrics] res_item[1] type: ConfigRecord
[DEBUG _get_metrics] res_item[1] has metrics attr: False
[DEBUG _get_metrics] res_item[1].__dict__: {'_check_key_fn': <function _check_key at 0x7b35885d4900>, '_check_value_fn': <function _check_value at 0x7b357ddc49a0>, '_data': {'accuracy': 0.9900237321853638, 'loss': 0.009479964151978493, 'total_samples': 2105, 'actual_attack': 1622, 'actual_normal': 483, 'predicted_attack': 1611, 'predicted_normal': 494, 'true_positives': 1606, 'true_negatives': 478, 'false_positives': 5, 'false_negatives': 16, 'precision': 0.9968963376784605, 'recall': 0.9901356350184957, 'f1_score': 0.9935044849984533}}
[DEBUG _get_metrics] res_item[1].keys(): ['accuracy', 'loss', 'total_samples', 'actual_attack', 'actual_normal', 'predicted_attack', 'predicted_normal', 'true_positives', 'true_negatives', 'false_positives', 'false_negatives', 'precision', 'recall', 'f1_score']
[DEBUG _get_metrics] Extracted from ConfigRecord._data
[DEBUG] Extracted 4 metrics from results

[Evaluation Summary]
============================================================
Round: 36 / 60
Accuracy (mean):  0.9903  (99.03%)
Loss:             0.0093
[Per-Device Accuracy]
  - Device 0:  0.9895  (98.95%)
  - Device 1:  0.9914  (99.14%)
  - Device 2:  0.9900  (99.00%)
  - Device 3:  0.9900  (99.00%)

[Ground Truth]
  - Attack samples: 1621
  - Normal samples: 482
  - Total samples:  2103

[Predictions]
  - Predicted Attack:  1609
  - Predicted Normal:  494

[Confusion Matrix]
  - True Positives (TP):  1604
  - True Negatives (TN):  477
  - False Positives (FP): 5
  - False Negatives (FN): 17

[Metrics]
  - Precision:  0.9969  (99.69%)
  - Recall:     0.9904  (99.04%)
  - F1-Score:   0.9937  (99.37%)
============================================================

[DEBUG] evaluate_metrics_aggregation_fn called with 4 results
[DEBUG] results type: <class 'list'>
[DEBUG] First result type: <class 'tuple'>
[DEBUG] First result length: 2
[DEBUG] results[0][0] type: <class 'int'>
[DEBUG] results[0][1] type: <class 'flwr.app.message.configrecord.ConfigRecord'>
[DEBUG _get_metrics] res_item[1] type: ConfigRecord
[DEBUG _get_metrics] res_item[1] has metrics attr: False
[DEBUG _get_metrics] res_item[1].__dict__: {'_check_key_fn': <function _check_key at 0x7b35885d4900>, '_check_value_fn': <function _check_value at 0x7b357ddc49a0>, '_data': {'accuracy': 0.9895486831665039, 'loss': 0.009605725295841694, 'total_samples': 2105, 'actual_attack': 1622, 'actual_normal': 483, 'predicted_attack': 1610, 'predicted_normal': 495, 'true_positives': 1605, 'true_negatives': 478, 'false_positives': 5, 'false_negatives': 17, 'precision': 0.9968944099378882, 'recall': 0.9895191122071517, 'f1_score': 0.9931930693069309}}
[DEBUG _get_metrics] res_item[1].keys(): ['accuracy', 'loss', 'total_samples', 'actual_attack', 'actual_normal', 'predicted_attack', 'predicted_normal', 'true_positives', 'true_negatives', 'false_positives', 'false_negatives', 'precision', 'recall', 'f1_score']
[DEBUG _get_metrics] Extracted from ConfigRecord._data
[DEBUG _get_metrics] res_item[1] type: ConfigRecord
[DEBUG _get_metrics] res_item[1] has metrics attr: False
[DEBUG _get_metrics] res_item[1].__dict__: {'_check_key_fn': <function _check_key at 0x7b35885d4900>, '_check_value_fn': <function _check_value at 0x7b357ddc49a0>, '_data': {'accuracy': 0.9895486831665039, 'loss': 0.009605725295841694, 'total_samples': 2105, 'actual_attack': 1622, 'actual_normal': 483, 'predicted_attack': 1610, 'predicted_normal': 495, 'true_positives': 1605, 'true_negatives': 478, 'false_positives': 5, 'false_negatives': 17, 'precision': 0.9968944099378882, 'recall': 0.9895191122071517, 'f1_score': 0.9931930693069309}}
[DEBUG _get_metrics] res_item[1].keys(): ['accuracy', 'loss', 'total_samples', 'actual_attack', 'actual_normal', 'predicted_attack', 'predicted_normal', 'true_positives', 'true_negatives', 'false_positives', 'false_negatives', 'precision', 'recall', 'f1_score']
[DEBUG _get_metrics] Extracted from ConfigRecord._data
[DEBUG _get_metrics] res_item[1] type: ConfigRecord
[DEBUG _get_metrics] res_item[1] has metrics attr: False
[DEBUG _get_metrics] res_item[1].__dict__: {'_check_key_fn': <function _check_key at 0x7b35885d4900>, '_check_value_fn': <function _check_value at 0x7b357ddc49a0>, '_data': {'accuracy': 0.9895387291908264, 'loss': 0.009080847725272179, 'total_samples': 2103, 'actual_attack': 1621, 'actual_normal': 482, 'predicted_attack': 1609, 'predicted_normal': 494, 'true_positives': 1604, 'true_negatives': 477, 'false_positives': 5, 'false_negatives': 17, 'precision': 0.9968924798011187, 'recall': 0.9895126465144972, 'f1_score': 0.993188854489164}}
[DEBUG _get_metrics] res_item[1].keys(): ['accuracy', 'loss', 'total_samples', 'actual_attack', 'actual_normal', 'predicted_attack', 'predicted_normal', 'true_positives', 'true_negatives', 'false_positives', 'false_negatives', 'precision', 'recall', 'f1_score']
[DEBUG _get_metrics] Extracted from ConfigRecord._data
[DEBUG _get_metrics] res_item[1] type: ConfigRecord
[DEBUG _get_metrics] res_item[1] has metrics attr: False
[DEBUG _get_metrics] res_item[1].__dict__: {'_check_key_fn': <function _check_key at 0x7b35885d4900>, '_check_value_fn': <function _check_value at 0x7b357ddc49a0>, '_data': {'accuracy': 0.9914407730102539, 'loss': 0.009354304522275925, 'total_samples': 2103, 'actual_attack': 1621, 'actual_normal': 482, 'predicted_attack': 1613, 'predicted_normal': 490, 'true_positives': 1608, 'true_negatives': 477, 'false_positives': 5, 'false_negatives': 13, 'precision': 0.9969001859888407, 'recall': 0.9919802590993214, 'f1_score': 0.9944341372912802}}
[DEBUG _get_metrics] res_item[1].keys(): ['accuracy', 'loss', 'total_samples', 'actual_attack', 'actual_normal', 'predicted_attack', 'predicted_normal', 'true_positives', 'true_negatives', 'false_positives', 'false_negatives', 'precision', 'recall', 'f1_score']
[DEBUG _get_metrics] Extracted from ConfigRecord._data
[DEBUG] Extracted 4 metrics from results

[Evaluation Summary]
============================================================
Round: 37 / 60
Accuracy (mean):  0.9900  (99.00%)
Loss:             0.0094
[Per-Device Accuracy]
  - Device 0:  0.9895  (98.95%)
  - Device 1:  0.9895  (98.95%)
  - Device 2:  0.9895  (98.95%)
  - Device 3:  0.9914  (99.14%)

[Ground Truth]
  - Attack samples: 1622
  - Normal samples: 483
  - Total samples:  2105

[Predictions]
  - Predicted Attack:  1610
  - Predicted Normal:  495

[Confusion Matrix]
  - True Positives (TP):  1605
  - True Negatives (TN):  478
  - False Positives (FP): 5
  - False Negatives (FN): 17

[Metrics]
  - Precision:  0.9969  (99.69%)
  - Recall:     0.9901  (99.01%)
  - F1-Score:   0.9935  (99.35%)
============================================================

[36m(ClientAppActor pid=717331)[0m [Client 1] Class weights (smoothed): {0: 1.0, 1: 1.0}[32m [repeated 16x across cluster][0m
[DEBUG] evaluate_metrics_aggregation_fn called with 4 results
[DEBUG] results type: <class 'list'>
[DEBUG] First result type: <class 'tuple'>
[DEBUG] First result length: 2
[DEBUG] results[0][0] type: <class 'int'>
[DEBUG] results[0][1] type: <class 'flwr.app.message.configrecord.ConfigRecord'>[92mINFO [0m:      
[92mINFO [0m:      [ROUND 39]
[92mINFO [0m:      configure_fit: strategy sampled 4 clients (out of 4)
[92mINFO [0m:      aggregate_fit: received 4 results and 0 failures
[92mINFO [0m:      configure_evaluate: strategy sampled 4 clients (out of 4)
[92mINFO [0m:      aggregate_evaluate: received 4 results and 0 failures

[DEBUG _get_metrics] res_item[1] type: ConfigRecord
[DEBUG _get_metrics] res_item[1] has metrics attr: False
[DEBUG _get_metrics] res_item[1].__dict__: {'_check_key_fn': <function _check_key at 0x7b35885d4900>, '_check_value_fn': <function _check_value at 0x7b357ddc49a0>, '_data': {'accuracy': 0.9900142550468445, 'loss': 0.009289071895182133, 'total_samples': 2103, 'actual_attack': 1621, 'actual_normal': 482, 'predicted_attack': 1610, 'predicted_normal': 493, 'true_positives': 1605, 'true_negatives': 477, 'false_positives': 5, 'false_negatives': 16, 'precision': 0.9968944099378882, 'recall': 0.9901295496607033, 'f1_score': 0.9935004642525536}}
[DEBUG _get_metrics] res_item[1].keys(): ['accuracy', 'loss', 'total_samples', 'actual_attack', 'actual_normal', 'predicted_attack', 'predicted_normal', 'true_positives', 'true_negatives', 'false_positives', 'false_negatives', 'precision', 'recall', 'f1_score']
[DEBUG _get_metrics] Extracted from ConfigRecord._data
[DEBUG _get_metrics] res_item[1] type: ConfigRecord
[DEBUG _get_metrics] res_item[1] has metrics attr: False
[DEBUG _get_metrics] res_item[1].__dict__: {'_check_key_fn': <function _check_key at 0x7b35885d4900>, '_check_value_fn': <function _check_value at 0x7b357ddc49a0>, '_data': {'accuracy': 0.989073634147644, 'loss': 0.009800130501389503, 'total_samples': 2105, 'actual_attack': 1622, 'actual_normal': 483, 'predicted_attack': 1609, 'predicted_normal': 496, 'true_positives': 1604, 'true_negatives': 478, 'false_positives': 5, 'false_negatives': 18, 'precision': 0.9968924798011187, 'recall': 0.9889025893958077, 'f1_score': 0.9928814608480346}}
[DEBUG _get_metrics] res_item[1].keys(): ['accuracy', 'loss', 'total_samples', 'actual_attack', 'actual_normal', 'predicted_attack', 'predicted_normal', 'true_positives', 'true_negatives', 'false_positives', 'false_negatives', 'precision', 'recall', 'f1_score']
[DEBUG _get_metrics] Extracted from ConfigRecord._data
[DEBUG _get_metrics] res_item[1] type: ConfigRecord
[DEBUG _get_metrics] res_item[1] has metrics attr: False
[DEBUG _get_metrics] res_item[1].__dict__: {'_check_key_fn': <function _check_key at 0x7b35885d4900>, '_check_value_fn': <function _check_value at 0x7b357ddc49a0>, '_data': {'accuracy': 0.989073634147644, 'loss': 0.009800130501389503, 'total_samples': 2105, 'actual_attack': 1622, 'actual_normal': 483, 'predicted_attack': 1609, 'predicted_normal': 496, 'true_positives': 1604, 'true_negatives': 478, 'false_positives': 5, 'false_negatives': 18, 'precision': 0.9968924798011187, 'recall': 0.9889025893958077, 'f1_score': 0.9928814608480346}}
[DEBUG _get_metrics] res_item[1].keys(): ['accuracy', 'loss', 'total_samples', 'actual_attack', 'actual_normal', 'predicted_attack', 'predicted_normal', 'true_positives', 'true_negatives', 'false_positives', 'false_negatives', 'precision', 'recall', 'f1_score']
[DEBUG _get_metrics] Extracted from ConfigRecord._data
[DEBUG _get_metrics] res_item[1] type: ConfigRecord
[DEBUG _get_metrics] res_item[1] has metrics attr: False
[DEBUG _get_metrics] res_item[1].__dict__: {'_check_key_fn': <function _check_key at 0x7b35885d4900>, '_check_value_fn': <function _check_value at 0x7b357ddc49a0>, '_data': {'accuracy': 0.9914407730102539, 'loss': 0.009577873162925243, 'total_samples': 2103, 'actual_attack': 1621, 'actual_normal': 482, 'predicted_attack': 1613, 'predicted_normal': 490, 'true_positives': 1608, 'true_negatives': 477, 'false_positives': 5, 'false_negatives': 13, 'precision': 0.9969001859888407, 'recall': 0.9919802590993214, 'f1_score': 0.9944341372912802}}
[DEBUG _get_metrics] res_item[1].keys(): ['accuracy', 'loss', 'total_samples', 'actual_attack', 'actual_normal', 'predicted_attack', 'predicted_normal', 'true_positives', 'true_negatives', 'false_positives', 'false_negatives', 'precision', 'recall', 'f1_score']
[DEBUG _get_metrics] Extracted from ConfigRecord._data
[DEBUG] Extracted 4 metrics from results

[Evaluation Summary]
============================================================
Round: 38 / 60
Accuracy (mean):  0.9899  (98.99%)
Loss:             0.0096
[Per-Device Accuracy]
  - Device 0:  0.9900  (99.00%)
  - Device 1:  0.9891  (98.91%)
  - Device 2:  0.9891  (98.91%)
  - Device 3:  0.9914  (99.14%)

[Ground Truth]
  - Attack samples: 1621
  - Normal samples: 482
  - Total samples:  2103

[Predictions]
  - Predicted Attack:  1610
  - Predicted Normal:  493

[Confusion Matrix]
  - True Positives (TP):  1605
  - True Negatives (TN):  477
  - False Positives (FP): 5
  - False Negatives (FN): 16

[Metrics]
  - Precision:  0.9969  (99.69%)
  - Recall:     0.9900  (99.00%)
  - F1-Score:   0.9934  (99.34%)
============================================================

[DEBUG] evaluate_metrics_aggregation_fn called with 4 results
[DEBUG] results type: <class 'list'>
[DEBUG] First result type: <class 'tuple'>
[DEBUG] First result length: 2
[DEBUG] results[0][0] type: <class 'int'>
[DEBUG] results[0][1] type: <class 'flwr.app.message.configrecord.ConfigRecord'>
[DEBUG _get_metrics] res_item[1] type: ConfigRecord
[DEBUG _get_metrics] res_item[1] has metrics attr: False
[DEBUG _get_metrics] res_item[1].__dict__: {'_check_key_fn': <function _check_key at 0x7b35885d4900>, '_check_value_fn': <function _check_value at 0x7b357ddc49a0>, '_data': {'accuracy': 0.989073634147644, 'loss': 0.009850587695837021, 'total_samples': 2105, 'actual_attack': 1622, 'actual_normal': 483, 'predicted_attack': 1609, 'predicted_normal': 496, 'true_positives': 1604, 'true_negatives': 478, 'false_positives': 5, 'false_negatives': 18, 'precision': 0.9968924798011187, 'recall': 0.9889025893958077, 'f1_score': 0.9928814608480346}}
[DEBUG _get_metrics] res_item[1].keys(): ['accuracy', 'loss', 'total_samples', 'actual_attack', 'actual_normal', 'predicted_attack', 'predicted_normal', 'true_positives', 'true_negatives', 'false_positives', 'false_negatives', 'precision', 'recall', 'f1_score']
[DEBUG _get_metrics] Extracted from ConfigRecord._data
[DEBUG _get_metrics] res_item[1] type: ConfigRecord
[DEBUG _get_metrics] res_item[1] has metrics attr: False
[DEBUG _get_metrics] res_item[1].__dict__: {'_check_key_fn': <function _check_key at 0x7b35885d4900>, '_check_value_fn': <function _check_value at 0x7b357ddc49a0>, '_data': {'accuracy': 0.989073634147644, 'loss': 0.009850587695837021, 'total_samples': 2105, 'actual_attack': 1622, 'actual_normal': 483, 'predicted_attack': 1609, 'predicted_normal': 496, 'true_positives': 1604, 'true_negatives': 478, 'false_positives': 5, 'false_negatives': 18, 'precision': 0.9968924798011187, 'recall': 0.9889025893958077, 'f1_score': 0.9928814608480346}}
[DEBUG _get_metrics] res_item[1].keys(): ['accuracy', 'loss', 'total_samples', 'actual_attack', 'actual_normal', 'predicted_attack', 'predicted_normal', 'true_positives', 'true_negatives', 'false_positives', 'false_negatives', 'precision', 'recall', 'f1_score']
[DEBUG _get_metrics] Extracted from ConfigRecord._data
[DEBUG _get_metrics] res_item[1] type: ConfigRecord
[DEBUG _get_metrics] res_item[1] has metrics attr: False
[DEBUG _get_metrics] res_item[1].__dict__: {'_check_key_fn': <function _check_key at 0x7b35885d4900>, '_check_value_fn': <function _check_value at 0x7b357ddc49a0>, '_data': {'accuracy': 0.9900142550468445, 'loss': 0.009349033236503601, 'total_samples': 2103, 'actual_attack': 1621, 'actual_normal': 482, 'predicted_attack': 1610, 'predicted_normal': 493, 'true_positives': 1605, 'true_negatives': 477, 'false_positives': 5, 'false_negatives': 16, 'precision': 0.9968944099378882, 'recall': 0.9901295496607033, 'f1_score': 0.9935004642525536}}
[DEBUG _get_metrics] res_item[1].keys(): ['accuracy', 'loss', 'total_samples', 'actual_attack', 'actual_normal', 'predicted_attack', 'predicted_normal', 'true_positives', 'true_negatives', 'false_positives', 'false_negatives', 'precision', 'recall', 'f1_score']
[DEBUG _get_metrics] Extracted from ConfigRecord._data
[DEBUG _get_metrics] res_item[1] type: ConfigRecord
[DEBUG _get_metrics] res_item[1] has metrics attr: False
[DEBUG _get_metrics] res_item[1].__dict__: {'_check_key_fn': <function _check_key at 0x7b35885d4900>, '_check_value_fn': <function _check_value at 0x7b357ddc49a0>, '_data': {'accuracy': 0.9914407730102539, 'loss': 0.00963882077485323, 'total_samples': 2103, 'actual_attack': 1621, 'actual_normal': 482, 'predicted_attack': 1613, 'predicted_normal': 490, 'true_positives': 1608, 'true_negatives': 477, 'false_positives': 5, 'false_negatives': 13, 'precision': 0.9969001859888407, 'recall': 0.9919802590993214, 'f1_score': 0.9944341372912802}}[92mINFO [0m:      
[92mINFO [0m:      [ROUND 40]
[92mINFO [0m:      configure_fit: strategy sampled 4 clients (out of 4)
[92mINFO [0m:      aggregate_fit: received 4 results and 0 failures
[92mINFO [0m:      configure_evaluate: strategy sampled 4 clients (out of 4)
[92mINFO [0m:      aggregate_evaluate: received 4 results and 0 failures
[92mINFO [0m:      
[92mINFO [0m:      [ROUND 41]
[92mINFO [0m:      configure_fit: strategy sampled 4 clients (out of 4)
[92mINFO [0m:      aggregate_fit: received 4 results and 0 failures
[92mINFO [0m:      configure_evaluate: strategy sampled 4 clients (out of 4)
[92mINFO [0m:      aggregate_evaluate: received 4 results and 0 failures

[DEBUG _get_metrics] res_item[1].keys(): ['accuracy', 'loss', 'total_samples', 'actual_attack', 'actual_normal', 'predicted_attack', 'predicted_normal', 'true_positives', 'true_negatives', 'false_positives', 'false_negatives', 'precision', 'recall', 'f1_score']
[DEBUG _get_metrics] Extracted from ConfigRecord._data
[DEBUG] Extracted 4 metrics from results

[Evaluation Summary]
============================================================
Round: 39 / 60
Accuracy (mean):  0.9899  (98.99%)
Loss:             0.0097
[Per-Device Accuracy]
  - Device 0:  0.9891  (98.91%)
  - Device 1:  0.9891  (98.91%)
  - Device 2:  0.9900  (99.00%)
  - Device 3:  0.9914  (99.14%)

[Ground Truth]
  - Attack samples: 1622
  - Normal samples: 483
  - Total samples:  2105

[Predictions]
  - Predicted Attack:  1609
  - Predicted Normal:  496

[Confusion Matrix]
  - True Positives (TP):  1604
  - True Negatives (TN):  478
  - False Positives (FP): 5
  - False Negatives (FN): 18

[Metrics]
  - Precision:  0.9969  (99.69%)
  - Recall:     0.9900  (99.00%)
  - F1-Score:   0.9934  (99.34%)
============================================================

[Round 40] Client contributions:
  Client samples: 29,184 (weight: 0.2500)
  Client samples: 29,186 (weight: 0.2500)
  Client samples: 29,186 (weight: 0.2500)
  Client samples: 29,186 (weight: 0.2500)
[36m(ClientAppActor pid=717326)[0m [Client 2] Class weights (smoothed): {0: 1.0, 1: 1.0}[32m [repeated 16x across cluster][0m
[DEBUG] evaluate_metrics_aggregation_fn called with 4 results
[DEBUG] results type: <class 'list'>
[DEBUG] First result type: <class 'tuple'>
[DEBUG] First result length: 2
[DEBUG] results[0][0] type: <class 'int'>
[DEBUG] results[0][1] type: <class 'flwr.app.message.configrecord.ConfigRecord'>
[DEBUG _get_metrics] res_item[1] type: ConfigRecord
[DEBUG _get_metrics] res_item[1] has metrics attr: False
[DEBUG _get_metrics] res_item[1].__dict__: {'_check_key_fn': <function _check_key at 0x7b35885d4900>, '_check_value_fn': <function _check_value at 0x7b357ddc49a0>, '_data': {'accuracy': 0.9866983294487, 'loss': 0.009862478822469711, 'total_samples': 2105, 'actual_attack': 1622, 'actual_normal': 483, 'predicted_attack': 1604, 'predicted_normal': 501, 'true_positives': 1599, 'true_negatives': 478, 'false_positives': 5, 'false_negatives': 23, 'precision': 0.9968827930174564, 'recall': 0.9858199753390875, 'f1_score': 0.9913205207687539}}
[DEBUG _get_metrics] res_item[1].keys(): ['accuracy', 'loss', 'total_samples', 'actual_attack', 'actual_normal', 'predicted_attack', 'predicted_normal', 'true_positives', 'true_negatives', 'false_positives', 'false_negatives', 'precision', 'recall', 'f1_score']
[DEBUG _get_metrics] Extracted from ConfigRecord._data
[DEBUG _get_metrics] res_item[1] type: ConfigRecord
[DEBUG _get_metrics] res_item[1] has metrics attr: False
[DEBUG _get_metrics] res_item[1].__dict__: {'_check_key_fn': <function _check_key at 0x7b35885d4900>, '_check_value_fn': <function _check_value at 0x7b357ddc49a0>, '_data': {'accuracy': 0.9866983294487, 'loss': 0.009862478822469711, 'total_samples': 2105, 'actual_attack': 1622, 'actual_normal': 483, 'predicted_attack': 1604, 'predicted_normal': 501, 'true_positives': 1599, 'true_negatives': 478, 'false_positives': 5, 'false_negatives': 23, 'precision': 0.9968827930174564, 'recall': 0.9858199753390875, 'f1_score': 0.9913205207687539}}
[DEBUG _get_metrics] res_item[1].keys(): ['accuracy', 'loss', 'total_samples', 'actual_attack', 'actual_normal', 'predicted_attack', 'predicted_normal', 'true_positives', 'true_negatives', 'false_positives', 'false_negatives', 'precision', 'recall', 'f1_score']
[DEBUG _get_metrics] Extracted from ConfigRecord._data
[DEBUG _get_metrics] res_item[1] type: ConfigRecord
[DEBUG _get_metrics] res_item[1] has metrics attr: False
[DEBUG _get_metrics] res_item[1].__dict__: {'_check_key_fn': <function _check_key at 0x7b35885d4900>, '_check_value_fn': <function _check_value at 0x7b357ddc49a0>, '_data': {'accuracy': 0.9890632629394531, 'loss': 0.00939393974840641, 'total_samples': 2103, 'actual_attack': 1621, 'actual_normal': 482, 'predicted_attack': 1608, 'predicted_normal': 495, 'true_positives': 1603, 'true_negatives': 477, 'false_positives': 5, 'false_negatives': 18, 'precision': 0.9968905472636815, 'recall': 0.9888957433682912, 'f1_score': 0.9928770517187984}}
[DEBUG _get_metrics] res_item[1].keys(): ['accuracy', 'loss', 'total_samples', 'actual_attack', 'actual_normal', 'predicted_attack', 'predicted_normal', 'true_positives', 'true_negatives', 'false_positives', 'false_negatives', 'precision', 'recall', 'f1_score']
[DEBUG _get_metrics] Extracted from ConfigRecord._data
[DEBUG _get_metrics] res_item[1] type: ConfigRecord
[DEBUG _get_metrics] res_item[1] has metrics attr: False
[DEBUG _get_metrics] res_item[1].__dict__: {'_check_key_fn': <function _check_key at 0x7b35885d4900>, '_check_value_fn': <function _check_value at 0x7b357ddc49a0>, '_data': {'accuracy': 0.9909653067588806, 'loss': 0.009674929082393646, 'total_samples': 2103, 'actual_attack': 1621, 'actual_normal': 482, 'predicted_attack': 1612, 'predicted_normal': 491, 'true_positives': 1607, 'true_negatives': 477, 'false_positives': 5, 'false_negatives': 14, 'precision': 0.9968982630272953, 'recall': 0.9913633559531153, 'f1_score': 0.9941231054747912}}
[DEBUG _get_metrics] res_item[1].keys(): ['accuracy', 'loss', 'total_samples', 'actual_attack', 'actual_normal', 'predicted_attack', 'predicted_normal', 'true_positives', 'true_negatives', 'false_positives', 'false_negatives', 'precision', 'recall', 'f1_score']
[DEBUG _get_metrics] Extracted from ConfigRecord._data
[DEBUG] Extracted 4 metrics from results

[Evaluation Summary]
============================================================
Round: 40 / 60
Accuracy (mean):  0.9884  (98.84%)
Loss:             0.0097
[Per-Device Accuracy]
  - Device 0:  0.9867  (98.67%)
  - Device 1:  0.9867  (98.67%)
  - Device 2:  0.9891  (98.91%)
  - Device 3:  0.9910  (99.10%)

[Ground Truth]
  - Attack samples: 1622
  - Normal samples: 483
  - Total samples:  2105

[Predictions]
  - Predicted Attack:  1604
  - Predicted Normal:  501

[Confusion Matrix]
  - True Positives (TP):  1599
  - True Negatives (TN):  478
  - False Positives (FP): 5
  - False Negatives (FN): 23

[Metrics]
  - Precision:  0.9969  (99.69%)
  - Recall:     0.9880  (98.80%)
  - F1-Score:   0.9924  (99.24%)
============================================================

[DEBUG] evaluate_metrics_aggregation_fn called with 4 results
[DEBUG] results type: <class 'list'>
[DEBUG] First result type: <class 'tuple'>
[DEBUG] First result length: 2
[DEBUG] results[0][0] type: <class 'int'>
[DEBUG] results[0][1] type: <class 'flwr.app.message.configrecord.ConfigRecord'>
[DEBUG _get_metrics] res_item[1] type: ConfigRecord
[DEBUG _get_metrics] res_item[1] has metrics attr: False
[DEBUG _get_metrics] res_item[1].__dict__: {'_check_key_fn': <function _check_key at 0x7b35885d4900>, '_check_value_fn': <function _check_value at 0x7b357ddc49a0>, '_data': {'accuracy': 0.9866983294487, 'loss': 0.00994635745882988, 'total_samples': 2105, 'actual_attack': 1622, 'actual_normal': 483, 'predicted_attack': 1604, 'predicted_normal': 501, 'true_positives': 1599, 'true_negatives': 478, 'false_positives': 5, 'false_negatives': 23, 'precision': 0.9968827930174564, 'recall': 0.9858199753390875, 'f1_score': 0.9913205207687539}}
[DEBUG _get_metrics] res_item[1].keys(): ['accuracy', 'loss', 'total_samples', 'actual_attack', 'actual_normal', 'predicted_attack', 'predicted_normal', 'true_positives', 'true_negatives', 'false_positives', 'false_negatives', 'precision', 'recall', 'f1_score']
[DEBUG _get_metrics] Extracted from ConfigRecord._data
[DEBUG _get_metrics] res_item[1] type: ConfigRecord
[DEBUG _get_metrics] res_item[1] has metrics attr: False
[DEBUG _get_metrics] res_item[1].__dict__: {'_check_key_fn': <function _check_key at 0x7b35885d4900>, '_check_value_fn': <function _check_value at 0x7b357ddc49a0>, '_data': {'accuracy': 0.9866983294487, 'loss': 0.00994635745882988, 'total_samples': 2105, 'actual_attack': 1622, 'actual_normal': 483, 'predicted_attack': 1604, 'predicted_normal': 501, 'true_positives': 1599, 'true_negatives': 478, 'false_positives': 5, 'false_negatives': 23, 'precision': 0.9968827930174564, 'recall': 0.9858199753390875, 'f1_score': 0.9913205207687539}}[92mINFO [0m:      
[92mINFO [0m:      [ROUND 42]
[92mINFO [0m:      configure_fit: strategy sampled 4 clients (out of 4)
[92mINFO [0m:      aggregate_fit: received 4 results and 0 failures
[92mINFO [0m:      configure_evaluate: strategy sampled 4 clients (out of 4)
[92mINFO [0m:      aggregate_evaluate: received 4 results and 0 failures
[92mINFO [0m:      
[92mINFO [0m:      [ROUND 43]
[92mINFO [0m:      configure_fit: strategy sampled 4 clients (out of 4)
[92mINFO [0m:      aggregate_fit: received 4 results and 0 failures
[92mINFO [0m:      configure_evaluate: strategy sampled 4 clients (out of 4)
[92mINFO [0m:      aggregate_evaluate: received 4 results and 0 failures

[DEBUG _get_metrics] res_item[1].keys(): ['accuracy', 'loss', 'total_samples', 'actual_attack', 'actual_normal', 'predicted_attack', 'predicted_normal', 'true_positives', 'true_negatives', 'false_positives', 'false_negatives', 'precision', 'recall', 'f1_score']
[DEBUG _get_metrics] Extracted from ConfigRecord._data
[DEBUG _get_metrics] res_item[1] type: ConfigRecord
[DEBUG _get_metrics] res_item[1] has metrics attr: False
[DEBUG _get_metrics] res_item[1].__dict__: {'_check_key_fn': <function _check_key at 0x7b35885d4900>, '_check_value_fn': <function _check_value at 0x7b357ddc49a0>, '_data': {'accuracy': 0.9909653067588806, 'loss': 0.009793266654014587, 'total_samples': 2103, 'actual_attack': 1621, 'actual_normal': 482, 'predicted_attack': 1612, 'predicted_normal': 491, 'true_positives': 1607, 'true_negatives': 477, 'false_positives': 5, 'false_negatives': 14, 'precision': 0.9968982630272953, 'recall': 0.9913633559531153, 'f1_score': 0.9941231054747912}}
[DEBUG _get_metrics] res_item[1].keys(): ['accuracy', 'loss', 'total_samples', 'actual_attack', 'actual_normal', 'predicted_attack', 'predicted_normal', 'true_positives', 'true_negatives', 'false_positives', 'false_negatives', 'precision', 'recall', 'f1_score']
[DEBUG _get_metrics] Extracted from ConfigRecord._data
[DEBUG _get_metrics] res_item[1] type: ConfigRecord
[DEBUG _get_metrics] res_item[1] has metrics attr: False
[DEBUG _get_metrics] res_item[1].__dict__: {'_check_key_fn': <function _check_key at 0x7b35885d4900>, '_check_value_fn': <function _check_value at 0x7b357ddc49a0>, '_data': {'accuracy': 0.988112211227417, 'loss': 0.009512207470834255, 'total_samples': 2103, 'actual_attack': 1621, 'actual_normal': 482, 'predicted_attack': 1606, 'predicted_normal': 497, 'true_positives': 1601, 'true_negatives': 477, 'false_positives': 5, 'false_negatives': 20, 'precision': 0.9968866749688667, 'recall': 0.9876619370758791, 'f1_score': 0.9922528664394175}}
[DEBUG _get_metrics] res_item[1].keys(): ['accuracy', 'loss', 'total_samples', 'actual_attack', 'actual_normal', 'predicted_attack', 'predicted_normal', 'true_positives', 'true_negatives', 'false_positives', 'false_negatives', 'precision', 'recall', 'f1_score']
[DEBUG _get_metrics] Extracted from ConfigRecord._data
[DEBUG] Extracted 4 metrics from results

[Evaluation Summary]
============================================================
Round: 41 / 60
Accuracy (mean):  0.9881  (98.81%)
Loss:             0.0098
[Per-Device Accuracy]
  - Device 0:  0.9867  (98.67%)
  - Device 1:  0.9867  (98.67%)
  - Device 2:  0.9910  (99.10%)
  - Device 3:  0.9881  (98.81%)

[Ground Truth]
  - Attack samples: 1622
  - Normal samples: 483
  - Total samples:  2105

[Predictions]
  - Predicted Attack:  1604
  - Predicted Normal:  501

[Confusion Matrix]
  - True Positives (TP):  1599
  - True Negatives (TN):  478
  - False Positives (FP): 5
  - False Negatives (FN): 23

[Metrics]
  - Precision:  0.9969  (99.69%)
  - Recall:     0.9877  (98.77%)
  - F1-Score:   0.9923  (99.23%)
============================================================

[36m(ClientAppActor pid=717326)[0m [Client 2] Class weights (smoothed): {0: 1.0, 1: 1.0}[32m [repeated 16x across cluster][0m
[DEBUG] evaluate_metrics_aggregation_fn called with 4 results
[DEBUG] results type: <class 'list'>
[DEBUG] First result type: <class 'tuple'>
[DEBUG] First result length: 2
[DEBUG] results[0][0] type: <class 'int'>
[DEBUG] results[0][1] type: <class 'flwr.app.message.configrecord.ConfigRecord'>
[DEBUG _get_metrics] res_item[1] type: ConfigRecord
[DEBUG _get_metrics] res_item[1] has metrics attr: False
[DEBUG _get_metrics] res_item[1].__dict__: {'_check_key_fn': <function _check_key at 0x7b35885d4900>, '_check_value_fn': <function _check_value at 0x7b357ddc49a0>, '_data': {'accuracy': 0.9866983294487, 'loss': 0.009807618334889412, 'total_samples': 2105, 'actual_attack': 1622, 'actual_normal': 483, 'predicted_attack': 1604, 'predicted_normal': 501, 'true_positives': 1599, 'true_negatives': 478, 'false_positives': 5, 'false_negatives': 23, 'precision': 0.9968827930174564, 'recall': 0.9858199753390875, 'f1_score': 0.9913205207687539}}
[DEBUG _get_metrics] res_item[1].keys(): ['accuracy', 'loss', 'total_samples', 'actual_attack', 'actual_normal', 'predicted_attack', 'predicted_normal', 'true_positives', 'true_negatives', 'false_positives', 'false_negatives', 'precision', 'recall', 'f1_score']
[DEBUG _get_metrics] Extracted from ConfigRecord._data
[DEBUG _get_metrics] res_item[1] type: ConfigRecord
[DEBUG _get_metrics] res_item[1] has metrics attr: False
[DEBUG _get_metrics] res_item[1].__dict__: {'_check_key_fn': <function _check_key at 0x7b35885d4900>, '_check_value_fn': <function _check_value at 0x7b357ddc49a0>, '_data': {'accuracy': 0.988112211227417, 'loss': 0.009388109669089317, 'total_samples': 2103, 'actual_attack': 1621, 'actual_normal': 482, 'predicted_attack': 1606, 'predicted_normal': 497, 'true_positives': 1601, 'true_negatives': 477, 'false_positives': 5, 'false_negatives': 20, 'precision': 0.9968866749688667, 'recall': 0.9876619370758791, 'f1_score': 0.9922528664394175}}
[DEBUG _get_metrics] res_item[1].keys(): ['accuracy', 'loss', 'total_samples', 'actual_attack', 'actual_normal', 'predicted_attack', 'predicted_normal', 'true_positives', 'true_negatives', 'false_positives', 'false_negatives', 'precision', 'recall', 'f1_score']
[DEBUG _get_metrics] Extracted from ConfigRecord._data
[DEBUG _get_metrics] res_item[1] type: ConfigRecord
[DEBUG _get_metrics] res_item[1] has metrics attr: False
[DEBUG _get_metrics] res_item[1].__dict__: {'_check_key_fn': <function _check_key at 0x7b35885d4900>, '_check_value_fn': <function _check_value at 0x7b357ddc49a0>, '_data': {'accuracy': 0.9909653067588806, 'loss': 0.00967189110815525, 'total_samples': 2103, 'actual_attack': 1621, 'actual_normal': 482, 'predicted_attack': 1612, 'predicted_normal': 491, 'true_positives': 1607, 'true_negatives': 477, 'false_positives': 5, 'false_negatives': 14, 'precision': 0.9968982630272953, 'recall': 0.9913633559531153, 'f1_score': 0.9941231054747912}}
[DEBUG _get_metrics] res_item[1].keys(): ['accuracy', 'loss', 'total_samples', 'actual_attack', 'actual_normal', 'predicted_attack', 'predicted_normal', 'true_positives', 'true_negatives', 'false_positives', 'false_negatives', 'precision', 'recall', 'f1_score']
[DEBUG _get_metrics] Extracted from ConfigRecord._data
[DEBUG _get_metrics] res_item[1] type: ConfigRecord
[DEBUG _get_metrics] res_item[1] has metrics attr: False
[DEBUG _get_metrics] res_item[1].__dict__: {'_check_key_fn': <function _check_key at 0x7b35885d4900>, '_check_value_fn': <function _check_value at 0x7b357ddc49a0>, '_data': {'accuracy': 0.9866983294487, 'loss': 0.009807618334889412, 'total_samples': 2105, 'actual_attack': 1622, 'actual_normal': 483, 'predicted_attack': 1604, 'predicted_normal': 501, 'true_positives': 1599, 'true_negatives': 478, 'false_positives': 5, 'false_negatives': 23, 'precision': 0.9968827930174564, 'recall': 0.9858199753390875, 'f1_score': 0.9913205207687539}}
[DEBUG _get_metrics] res_item[1].keys(): ['accuracy', 'loss', 'total_samples', 'actual_attack', 'actual_normal', 'predicted_attack', 'predicted_normal', 'true_positives', 'true_negatives', 'false_positives', 'false_negatives', 'precision', 'recall', 'f1_score']
[DEBUG _get_metrics] Extracted from ConfigRecord._data
[DEBUG] Extracted 4 metrics from results

[Evaluation Summary]
============================================================
Round: 42 / 60
Accuracy (mean):  0.9881  (98.81%)
Loss:             0.0097
[Per-Device Accuracy]
  - Device 0:  0.9867  (98.67%)
  - Device 1:  0.9881  (98.81%)
  - Device 2:  0.9910  (99.10%)
  - Device 3:  0.9867  (98.67%)

[Ground Truth]
  - Attack samples: 1622
  - Normal samples: 483
  - Total samples:  2105

[Predictions]
  - Predicted Attack:  1604
  - Predicted Normal:  501

[Confusion Matrix]
  - True Positives (TP):  1599
  - True Negatives (TN):  478
  - False Positives (FP): 5
  - False Negatives (FN): 23

[Metrics]
  - Precision:  0.9969  (99.69%)
  - Recall:     0.9877  (98.77%)
  - F1-Score:   0.9923  (99.23%)
============================================================

[DEBUG] evaluate_metrics_aggregation_fn called with 4 results[92mINFO [0m:      
[92mINFO [0m:      [ROUND 44]
[92mINFO [0m:      configure_fit: strategy sampled 4 clients (out of 4)
[92mINFO [0m:      aggregate_fit: received 4 results and 0 failures
[92mINFO [0m:      configure_evaluate: strategy sampled 4 clients (out of 4)
[92mINFO [0m:      aggregate_evaluate: received 4 results and 0 failures

[DEBUG] results type: <class 'list'>
[DEBUG] First result type: <class 'tuple'>
[DEBUG] First result length: 2
[DEBUG] results[0][0] type: <class 'int'>
[DEBUG] results[0][1] type: <class 'flwr.app.message.configrecord.ConfigRecord'>
[DEBUG _get_metrics] res_item[1] type: ConfigRecord
[DEBUG _get_metrics] res_item[1] has metrics attr: False
[DEBUG _get_metrics] res_item[1].__dict__: {'_check_key_fn': <function _check_key at 0x7b35885d4900>, '_check_value_fn': <function _check_value at 0x7b357ddc49a0>, '_data': {'accuracy': 0.9866983294487, 'loss': 0.009916185401380062, 'total_samples': 2105, 'actual_attack': 1622, 'actual_normal': 483, 'predicted_attack': 1604, 'predicted_normal': 501, 'true_positives': 1599, 'true_negatives': 478, 'false_positives': 5, 'false_negatives': 23, 'precision': 0.9968827930174564, 'recall': 0.9858199753390875, 'f1_score': 0.9913205207687539}}
[DEBUG _get_metrics] res_item[1].keys(): ['accuracy', 'loss', 'total_samples', 'actual_attack', 'actual_normal', 'predicted_attack', 'predicted_normal', 'true_positives', 'true_negatives', 'false_positives', 'false_negatives', 'precision', 'recall', 'f1_score']
[DEBUG _get_metrics] Extracted from ConfigRecord._data
[DEBUG _get_metrics] res_item[1] type: ConfigRecord
[DEBUG _get_metrics] res_item[1] has metrics attr: False
[DEBUG _get_metrics] res_item[1].__dict__: {'_check_key_fn': <function _check_key at 0x7b35885d4900>, '_check_value_fn': <function _check_value at 0x7b357ddc49a0>, '_data': {'accuracy': 0.9904897809028625, 'loss': 0.009804598987102509, 'total_samples': 2103, 'actual_attack': 1621, 'actual_normal': 482, 'predicted_attack': 1611, 'predicted_normal': 492, 'true_positives': 1606, 'true_negatives': 477, 'false_positives': 5, 'false_negatives': 15, 'precision': 0.9968963376784605, 'recall': 0.9907464528069093, 'f1_score': 0.9938118811881189}}
[DEBUG _get_metrics] res_item[1].keys(): ['accuracy', 'loss', 'total_samples', 'actual_attack', 'actual_normal', 'predicted_attack', 'predicted_normal', 'true_positives', 'true_negatives', 'false_positives', 'false_negatives', 'precision', 'recall', 'f1_score']
[DEBUG _get_metrics] Extracted from ConfigRecord._data
[DEBUG _get_metrics] res_item[1] type: ConfigRecord
[DEBUG _get_metrics] res_item[1] has metrics attr: False
[DEBUG _get_metrics] res_item[1].__dict__: {'_check_key_fn': <function _check_key at 0x7b35885d4900>, '_check_value_fn': <function _check_value at 0x7b357ddc49a0>, '_data': {'accuracy': 0.988112211227417, 'loss': 0.00949658453464508, 'total_samples': 2103, 'actual_attack': 1621, 'actual_normal': 482, 'predicted_attack': 1606, 'predicted_normal': 497, 'true_positives': 1601, 'true_negatives': 477, 'false_positives': 5, 'false_negatives': 20, 'precision': 0.9968866749688667, 'recall': 0.9876619370758791, 'f1_score': 0.9922528664394175}}
[DEBUG _get_metrics] res_item[1].keys(): ['accuracy', 'loss', 'total_samples', 'actual_attack', 'actual_normal', 'predicted_attack', 'predicted_normal', 'true_positives', 'true_negatives', 'false_positives', 'false_negatives', 'precision', 'recall', 'f1_score']
[DEBUG _get_metrics] Extracted from ConfigRecord._data
[DEBUG _get_metrics] res_item[1] type: ConfigRecord
[DEBUG _get_metrics] res_item[1] has metrics attr: False
[DEBUG _get_metrics] res_item[1].__dict__: {'_check_key_fn': <function _check_key at 0x7b35885d4900>, '_check_value_fn': <function _check_value at 0x7b357ddc49a0>, '_data': {'accuracy': 0.9866983294487, 'loss': 0.009916185401380062, 'total_samples': 2105, 'actual_attack': 1622, 'actual_normal': 483, 'predicted_attack': 1604, 'predicted_normal': 501, 'true_positives': 1599, 'true_negatives': 478, 'false_positives': 5, 'false_negatives': 23, 'precision': 0.9968827930174564, 'recall': 0.9858199753390875, 'f1_score': 0.9913205207687539}}
[DEBUG _get_metrics] res_item[1].keys(): ['accuracy', 'loss', 'total_samples', 'actual_attack', 'actual_normal', 'predicted_attack', 'predicted_normal', 'true_positives', 'true_negatives', 'false_positives', 'false_negatives', 'precision', 'recall', 'f1_score']
[DEBUG _get_metrics] Extracted from ConfigRecord._data
[DEBUG] Extracted 4 metrics from results

[Evaluation Summary]
============================================================
Round: 43 / 60
Accuracy (mean):  0.9880  (98.80%)
Loss:             0.0098
[Per-Device Accuracy]
  - Device 0:  0.9867  (98.67%)
  - Device 1:  0.9905  (99.05%)
  - Device 2:  0.9881  (98.81%)
  - Device 3:  0.9867  (98.67%)

[Ground Truth]
  - Attack samples: 1622
  - Normal samples: 483
  - Total samples:  2105

[Predictions]
  - Predicted Attack:  1604
  - Predicted Normal:  501

[Confusion Matrix]
  - True Positives (TP):  1599
  - True Negatives (TN):  478
  - False Positives (FP): 5
  - False Negatives (FN): 23

[Metrics]
  - Precision:  0.9969  (99.69%)
  - Recall:     0.9875  (98.75%)
  - F1-Score:   0.9922  (99.22%)
============================================================

[36m(ClientAppActor pid=717326)[0m [Client 2] Class weights (smoothed): {0: 1.0, 1: 1.0}[32m [repeated 16x across cluster][0m
[DEBUG] evaluate_metrics_aggregation_fn called with 4 results
[DEBUG] results type: <class 'list'>
[DEBUG] First result type: <class 'tuple'>
[DEBUG] First result length: 2
[DEBUG] results[0][0] type: <class 'int'>
[DEBUG] results[0][1] type: <class 'flwr.app.message.configrecord.ConfigRecord'>
[DEBUG _get_metrics] res_item[1] type: ConfigRecord
[DEBUG _get_metrics] res_item[1] has metrics attr: False
[DEBUG _get_metrics] res_item[1].__dict__: {'_check_key_fn': <function _check_key at 0x7b35885d4900>, '_check_value_fn': <function _check_value at 0x7b357ddc49a0>, '_data': {'accuracy': 0.9866983294487, 'loss': 0.009785798378288746, 'total_samples': 2105, 'actual_attack': 1622, 'actual_normal': 483, 'predicted_attack': 1604, 'predicted_normal': 501, 'true_positives': 1599, 'true_negatives': 478, 'false_positives': 5, 'false_negatives': 23, 'precision': 0.9968827930174564, 'recall': 0.9858199753390875, 'f1_score': 0.9913205207687539}}
[DEBUG _get_metrics] res_item[1].keys(): ['accuracy', 'loss', 'total_samples', 'actual_attack', 'actual_normal', 'predicted_attack', 'predicted_normal', 'true_positives', 'true_negatives', 'false_positives', 'false_negatives', 'precision', 'recall', 'f1_score']
[DEBUG _get_metrics] Extracted from ConfigRecord._data
[DEBUG _get_metrics] res_item[1] type: ConfigRecord
[DEBUG _get_metrics] res_item[1] has metrics attr: False
[DEBUG _get_metrics] res_item[1].__dict__: {'_check_key_fn': <function _check_key at 0x7b35885d4900>, '_check_value_fn': <function _check_value at 0x7b357ddc49a0>, '_data': {'accuracy': 0.988112211227417, 'loss': 0.009374845772981644, 'total_samples': 2103, 'actual_attack': 1621, 'actual_normal': 482, 'predicted_attack': 1606, 'predicted_normal': 497, 'true_positives': 1601, 'true_negatives': 477, 'false_positives': 5, 'false_negatives': 20, 'precision': 0.9968866749688667, 'recall': 0.9876619370758791, 'f1_score': 0.9922528664394175}}
[DEBUG _get_metrics] res_item[1].keys(): ['accuracy', 'loss', 'total_samples', 'actual_attack', 'actual_normal', 'predicted_attack', 'predicted_normal', 'true_positives', 'true_negatives', 'false_positives', 'false_negatives', 'precision', 'recall', 'f1_score']
[DEBUG _get_metrics] Extracted from ConfigRecord._data
[DEBUG _get_metrics] res_item[1] type: ConfigRecord
[DEBUG _get_metrics] res_item[1] has metrics attr: False
[DEBUG _get_metrics] res_item[1].__dict__: {'_check_key_fn': <function _check_key at 0x7b35885d4900>, '_check_value_fn': <function _check_value at 0x7b357ddc49a0>, '_data': {'accuracy': 0.9904897809028625, 'loss': 0.009671350009739399, 'total_samples': 2103, 'actual_attack': 1621, 'actual_normal': 482, 'predicted_attack': 1611, 'predicted_normal': 492, 'true_positives': 1606, 'true_negatives': 477, 'false_positives': 5, 'false_negatives': 15, 'precision': 0.9968963376784605, 'recall': 0.9907464528069093, 'f1_score': 0.9938118811881189}}
[DEBUG _get_metrics] res_item[1].keys(): ['accuracy', 'loss', 'total_samples', 'actual_attack', 'actual_normal', 'predicted_attack', 'predicted_normal', 'true_positives', 'true_negatives', 'false_positives', 'false_negatives', 'precision', 'recall', 'f1_score'][92mINFO [0m:      
[92mINFO [0m:      [ROUND 45]
[92mINFO [0m:      configure_fit: strategy sampled 4 clients (out of 4)
[92mINFO [0m:      aggregate_fit: received 4 results and 0 failures
[92mINFO [0m:      configure_evaluate: strategy sampled 4 clients (out of 4)
[92mINFO [0m:      aggregate_evaluate: received 4 results and 0 failures
[92mINFO [0m:      
[92mINFO [0m:      [ROUND 46]
[92mINFO [0m:      configure_fit: strategy sampled 4 clients (out of 4)
[92mINFO [0m:      aggregate_fit: received 4 results and 0 failures
[92mINFO [0m:      configure_evaluate: strategy sampled 4 clients (out of 4)
[92mINFO [0m:      aggregate_evaluate: received 4 results and 0 failures

[DEBUG _get_metrics] Extracted from ConfigRecord._data
[DEBUG _get_metrics] res_item[1] type: ConfigRecord
[DEBUG _get_metrics] res_item[1] has metrics attr: False
[DEBUG _get_metrics] res_item[1].__dict__: {'_check_key_fn': <function _check_key at 0x7b35885d4900>, '_check_value_fn': <function _check_value at 0x7b357ddc49a0>, '_data': {'accuracy': 0.9866983294487, 'loss': 0.009785798378288746, 'total_samples': 2105, 'actual_attack': 1622, 'actual_normal': 483, 'predicted_attack': 1604, 'predicted_normal': 501, 'true_positives': 1599, 'true_negatives': 478, 'false_positives': 5, 'false_negatives': 23, 'precision': 0.9968827930174564, 'recall': 0.9858199753390875, 'f1_score': 0.9913205207687539}}
[DEBUG _get_metrics] res_item[1].keys(): ['accuracy', 'loss', 'total_samples', 'actual_attack', 'actual_normal', 'predicted_attack', 'predicted_normal', 'true_positives', 'true_negatives', 'false_positives', 'false_negatives', 'precision', 'recall', 'f1_score']
[DEBUG _get_metrics] Extracted from ConfigRecord._data
[DEBUG] Extracted 4 metrics from results

[Evaluation Summary]
============================================================
Round: 44 / 60
Accuracy (mean):  0.9880  (98.80%)
Loss:             0.0097
[Per-Device Accuracy]
  - Device 0:  0.9867  (98.67%)
  - Device 1:  0.9881  (98.81%)
  - Device 2:  0.9905  (99.05%)
  - Device 3:  0.9867  (98.67%)

[Ground Truth]
  - Attack samples: 1622
  - Normal samples: 483
  - Total samples:  2105

[Predictions]
  - Predicted Attack:  1604
  - Predicted Normal:  501

[Confusion Matrix]
  - True Positives (TP):  1599
  - True Negatives (TN):  478
  - False Positives (FP): 5
  - False Negatives (FN): 23

[Metrics]
  - Precision:  0.9969  (99.69%)
  - Recall:     0.9875  (98.75%)
  - F1-Score:   0.9922  (99.22%)
============================================================

[Round 45] Client contributions:
  Client samples: 29,186 (weight: 0.2500)
  Client samples: 29,186 (weight: 0.2500)
  Client samples: 29,184 (weight: 0.2500)
  Client samples: 29,186 (weight: 0.2500)
[DEBUG] evaluate_metrics_aggregation_fn called with 4 results
[DEBUG] results type: <class 'list'>
[DEBUG] First result type: <class 'tuple'>
[DEBUG] First result length: 2
[DEBUG] results[0][0] type: <class 'int'>
[DEBUG] results[0][1] type: <class 'flwr.app.message.configrecord.ConfigRecord'>
[DEBUG _get_metrics] res_item[1] type: ConfigRecord
[DEBUG _get_metrics] res_item[1] has metrics attr: False
[DEBUG _get_metrics] res_item[1].__dict__: {'_check_key_fn': <function _check_key at 0x7b35885d4900>, '_check_value_fn': <function _check_value at 0x7b357ddc49a0>, '_data': {'accuracy': 0.9904897809028625, 'loss': 0.009410706348717213, 'total_samples': 2103, 'actual_attack': 1621, 'actual_normal': 482, 'predicted_attack': 1611, 'predicted_normal': 492, 'true_positives': 1606, 'true_negatives': 477, 'false_positives': 5, 'false_negatives': 15, 'precision': 0.9968963376784605, 'recall': 0.9907464528069093, 'f1_score': 0.9938118811881189}}
[DEBUG _get_metrics] res_item[1].keys(): ['accuracy', 'loss', 'total_samples', 'actual_attack', 'actual_normal', 'predicted_attack', 'predicted_normal', 'true_positives', 'true_negatives', 'false_positives', 'false_negatives', 'precision', 'recall', 'f1_score']
[DEBUG _get_metrics] Extracted from ConfigRecord._data
[DEBUG _get_metrics] res_item[1] type: ConfigRecord
[DEBUG _get_metrics] res_item[1] has metrics attr: False
[DEBUG _get_metrics] res_item[1].__dict__: {'_check_key_fn': <function _check_key at 0x7b35885d4900>, '_check_value_fn': <function _check_value at 0x7b357ddc49a0>, '_data': {'accuracy': 0.9862232804298401, 'loss': 0.009536120109260082, 'total_samples': 2105, 'actual_attack': 1622, 'actual_normal': 483, 'predicted_attack': 1603, 'predicted_normal': 502, 'true_positives': 1598, 'true_negatives': 478, 'false_positives': 5, 'false_negatives': 24, 'precision': 0.9968808484092326, 'recall': 0.9852034525277436, 'f1_score': 0.9910077519379845}}
[DEBUG _get_metrics] res_item[1].keys(): ['accuracy', 'loss', 'total_samples', 'actual_attack', 'actual_normal', 'predicted_attack', 'predicted_normal', 'true_positives', 'true_negatives', 'false_positives', 'false_negatives', 'precision', 'recall', 'f1_score']
[DEBUG _get_metrics] Extracted from ConfigRecord._data
[DEBUG _get_metrics] res_item[1] type: ConfigRecord
[DEBUG _get_metrics] res_item[1] has metrics attr: False
[DEBUG _get_metrics] res_item[1].__dict__: {'_check_key_fn': <function _check_key at 0x7b35885d4900>, '_check_value_fn': <function _check_value at 0x7b357ddc49a0>, '_data': {'accuracy': 0.9876366853713989, 'loss': 0.009129154495894909, 'total_samples': 2103, 'actual_attack': 1621, 'actual_normal': 482, 'predicted_attack': 1605, 'predicted_normal': 498, 'true_positives': 1600, 'true_negatives': 477, 'false_positives': 5, 'false_negatives': 21, 'precision': 0.9968847352024922, 'recall': 0.987045033929673, 'f1_score': 0.9919404835709856}}
[DEBUG _get_metrics] res_item[1].keys(): ['accuracy', 'loss', 'total_samples', 'actual_attack', 'actual_normal', 'predicted_attack', 'predicted_normal', 'true_positives', 'true_negatives', 'false_positives', 'false_negatives', 'precision', 'recall', 'f1_score']
[DEBUG _get_metrics] Extracted from ConfigRecord._data
[DEBUG _get_metrics] res_item[1] type: ConfigRecord
[DEBUG _get_metrics] res_item[1] has metrics attr: False
[DEBUG _get_metrics] res_item[1].__dict__: {'_check_key_fn': <function _check_key at 0x7b35885d4900>, '_check_value_fn': <function _check_value at 0x7b357ddc49a0>, '_data': {'accuracy': 0.9862232804298401, 'loss': 0.009536120109260082, 'total_samples': 2105, 'actual_attack': 1622, 'actual_normal': 483, 'predicted_attack': 1603, 'predicted_normal': 502, 'true_positives': 1598, 'true_negatives': 478, 'false_positives': 5, 'false_negatives': 24, 'precision': 0.9968808484092326, 'recall': 0.9852034525277436, 'f1_score': 0.9910077519379845}}
[DEBUG _get_metrics] res_item[1].keys(): ['accuracy', 'loss', 'total_samples', 'actual_attack', 'actual_normal', 'predicted_attack', 'predicted_normal', 'true_positives', 'true_negatives', 'false_positives', 'false_negatives', 'precision', 'recall', 'f1_score']
[DEBUG _get_metrics] Extracted from ConfigRecord._data
[DEBUG] Extracted 4 metrics from results

[Evaluation Summary]
============================================================
Round: 45 / 60
Accuracy (mean):  0.9876  (98.76%)
Loss:             0.0094
[Per-Device Accuracy]
  - Device 0:  0.9905  (99.05%)
  - Device 1:  0.9862  (98.62%)
  - Device 2:  0.9876  (98.76%)
  - Device 3:  0.9862  (98.62%)

[Ground Truth]
  - Attack samples: 1621
  - Normal samples: 482
  - Total samples:  2103

[Predictions]
  - Predicted Attack:  1611
  - Predicted Normal:  492

[Confusion Matrix]
  - True Positives (TP):  1606
  - True Negatives (TN):  477
  - False Positives (FP): 5
  - False Negatives (FN): 15

[Metrics]
  - Precision:  0.9969  (99.69%)
  - Recall:     0.9870  (98.70%)
  - F1-Score:   0.9919  (99.19%)
============================================================

[36m(ClientAppActor pid=717331)[0m [Client 1] Class weights (smoothed): {0: 1.0, 1: 1.0}[32m [repeated 16x across cluster][0m
[DEBUG] evaluate_metrics_aggregation_fn called with 4 results
[DEBUG] results type: <class 'list'>
[DEBUG] First result type: <class 'tuple'>
[DEBUG] First result length: 2
[DEBUG] results[0][0] type: <class 'int'>
[DEBUG] results[0][1] type: <class 'flwr.app.message.configrecord.ConfigRecord'>
[DEBUG _get_metrics] res_item[1] type: ConfigRecord
[DEBUG _get_metrics] res_item[1] has metrics attr: False
[DEBUG _get_metrics] res_item[1].__dict__: {'_check_key_fn': <function _check_key at 0x7b35885d4900>, '_check_value_fn': <function _check_value at 0x7b357ddc49a0>, '_data': {'accuracy': 0.9862232804298401, 'loss': 0.009457641281187534, 'total_samples': 2105, 'actual_attack': 1622, 'actual_normal': 483, 'predicted_attack': 1603, 'predicted_normal': 502, 'true_positives': 1598, 'true_negatives': 478, 'false_positives': 5, 'false_negatives': 24, 'precision': 0.9968808484092326, 'recall': 0.9852034525277436, 'f1_score': 0.9910077519379845}}
[DEBUG _get_metrics] res_item[1].keys(): ['accuracy', 'loss', 'total_samples', 'actual_attack', 'actual_normal', 'predicted_attack', 'predicted_normal', 'true_positives', 'true_negatives', 'false_positives', 'false_negatives', 'precision', 'recall', 'f1_score'][92mINFO [0m:      
[92mINFO [0m:      [ROUND 47]
[92mINFO [0m:      configure_fit: strategy sampled 4 clients (out of 4)
[92mINFO [0m:      aggregate_fit: received 4 results and 0 failures
[92mINFO [0m:      configure_evaluate: strategy sampled 4 clients (out of 4)
[92mINFO [0m:      aggregate_evaluate: received 4 results and 0 failures

[DEBUG _get_metrics] Extracted from ConfigRecord._data
[DEBUG _get_metrics] res_item[1] type: ConfigRecord
[DEBUG _get_metrics] res_item[1] has metrics attr: False
[DEBUG _get_metrics] res_item[1].__dict__: {'_check_key_fn': <function _check_key at 0x7b35885d4900>, '_check_value_fn': <function _check_value at 0x7b357ddc49a0>, '_data': {'accuracy': 0.9862232804298401, 'loss': 0.009457641281187534, 'total_samples': 2105, 'actual_attack': 1622, 'actual_normal': 483, 'predicted_attack': 1603, 'predicted_normal': 502, 'true_positives': 1598, 'true_negatives': 478, 'false_positives': 5, 'false_negatives': 24, 'precision': 0.9968808484092326, 'recall': 0.9852034525277436, 'f1_score': 0.9910077519379845}}
[DEBUG _get_metrics] res_item[1].keys(): ['accuracy', 'loss', 'total_samples', 'actual_attack', 'actual_normal', 'predicted_attack', 'predicted_normal', 'true_positives', 'true_negatives', 'false_positives', 'false_negatives', 'precision', 'recall', 'f1_score']
[DEBUG _get_metrics] Extracted from ConfigRecord._data
[DEBUG _get_metrics] res_item[1] type: ConfigRecord
[DEBUG _get_metrics] res_item[1] has metrics attr: False
[DEBUG _get_metrics] res_item[1].__dict__: {'_check_key_fn': <function _check_key at 0x7b35885d4900>, '_check_value_fn': <function _check_value at 0x7b357ddc49a0>, '_data': {'accuracy': 0.9900142550468445, 'loss': 0.00931890495121479, 'total_samples': 2103, 'actual_attack': 1621, 'actual_normal': 482, 'predicted_attack': 1610, 'predicted_normal': 493, 'true_positives': 1605, 'true_negatives': 477, 'false_positives': 5, 'false_negatives': 16, 'precision': 0.9968944099378882, 'recall': 0.9901295496607033, 'f1_score': 0.9935004642525536}}
[DEBUG _get_metrics] res_item[1].keys(): ['accuracy', 'loss', 'total_samples', 'actual_attack', 'actual_normal', 'predicted_attack', 'predicted_normal', 'true_positives', 'true_negatives', 'false_positives', 'false_negatives', 'precision', 'recall', 'f1_score']
[DEBUG _get_metrics] Extracted from ConfigRecord._data
[DEBUG _get_metrics] res_item[1] type: ConfigRecord
[DEBUG _get_metrics] res_item[1] has metrics attr: False
[DEBUG _get_metrics] res_item[1].__dict__: {'_check_key_fn': <function _check_key at 0x7b35885d4900>, '_check_value_fn': <function _check_value at 0x7b357ddc49a0>, '_data': {'accuracy': 0.988112211227417, 'loss': 0.009059919975697994, 'total_samples': 2103, 'actual_attack': 1621, 'actual_normal': 482, 'predicted_attack': 1606, 'predicted_normal': 497, 'true_positives': 1601, 'true_negatives': 477, 'false_positives': 5, 'false_negatives': 20, 'precision': 0.9968866749688667, 'recall': 0.9876619370758791, 'f1_score': 0.9922528664394175}}
[DEBUG _get_metrics] res_item[1].keys(): ['accuracy', 'loss', 'total_samples', 'actual_attack', 'actual_normal', 'predicted_attack', 'predicted_normal', 'true_positives', 'true_negatives', 'false_positives', 'false_negatives', 'precision', 'recall', 'f1_score']
[DEBUG _get_metrics] Extracted from ConfigRecord._data
[DEBUG] Extracted 4 metrics from results

[Evaluation Summary]
============================================================
Round: 46 / 60
Accuracy (mean):  0.9876  (98.76%)
Loss:             0.0093
[Per-Device Accuracy]
  - Device 0:  0.9862  (98.62%)
  - Device 1:  0.9862  (98.62%)
  - Device 2:  0.9900  (99.00%)
  - Device 3:  0.9881  (98.81%)

[Ground Truth]
  - Attack samples: 1622
  - Normal samples: 483
  - Total samples:  2105

[Predictions]
  - Predicted Attack:  1603
  - Predicted Normal:  502

[Confusion Matrix]
  - True Positives (TP):  1598
  - True Negatives (TN):  478
  - False Positives (FP): 5
  - False Negatives (FN): 24

[Metrics]
  - Precision:  0.9969  (99.69%)
  - Recall:     0.9870  (98.70%)
  - F1-Score:   0.9919  (99.19%)
============================================================

[DEBUG] evaluate_metrics_aggregation_fn called with 4 results
[DEBUG] results type: <class 'list'>
[DEBUG] First result type: <class 'tuple'>
[DEBUG] First result length: 2
[DEBUG] results[0][0] type: <class 'int'>
[DEBUG] results[0][1] type: <class 'flwr.app.message.configrecord.ConfigRecord'>
[DEBUG _get_metrics] res_item[1] type: ConfigRecord
[DEBUG _get_metrics] res_item[1] has metrics attr: False
[DEBUG _get_metrics] res_item[1].__dict__: {'_check_key_fn': <function _check_key at 0x7b35885d4900>, '_check_value_fn': <function _check_value at 0x7b357ddc49a0>, '_data': {'accuracy': 0.9871733784675598, 'loss': 0.009391982108354568, 'total_samples': 2105, 'actual_attack': 1622, 'actual_normal': 483, 'predicted_attack': 1605, 'predicted_normal': 500, 'true_positives': 1600, 'true_negatives': 478, 'false_positives': 5, 'false_negatives': 22, 'precision': 0.9968847352024922, 'recall': 0.9864364981504316, 'f1_score': 0.9916330957545708}}
[DEBUG _get_metrics] res_item[1].keys(): ['accuracy', 'loss', 'total_samples', 'actual_attack', 'actual_normal', 'predicted_attack', 'predicted_normal', 'true_positives', 'true_negatives', 'false_positives', 'false_negatives', 'precision', 'recall', 'f1_score']
[DEBUG _get_metrics] Extracted from ConfigRecord._data
[DEBUG _get_metrics] res_item[1] type: ConfigRecord
[DEBUG _get_metrics] res_item[1] has metrics attr: False
[DEBUG _get_metrics] res_item[1].__dict__: {'_check_key_fn': <function _check_key at 0x7b35885d4900>, '_check_value_fn': <function _check_value at 0x7b357ddc49a0>, '_data': {'accuracy': 0.9871733784675598, 'loss': 0.009391982108354568, 'total_samples': 2105, 'actual_attack': 1622, 'actual_normal': 483, 'predicted_attack': 1605, 'predicted_normal': 500, 'true_positives': 1600, 'true_negatives': 478, 'false_positives': 5, 'false_negatives': 22, 'precision': 0.9968847352024922, 'recall': 0.9864364981504316, 'f1_score': 0.9916330957545708}}
[DEBUG _get_metrics] res_item[1].keys(): ['accuracy', 'loss', 'total_samples', 'actual_attack', 'actual_normal', 'predicted_attack', 'predicted_normal', 'true_positives', 'true_negatives', 'false_positives', 'false_negatives', 'precision', 'recall', 'f1_score']
[DEBUG _get_metrics] Extracted from ConfigRecord._data
[DEBUG _get_metrics] res_item[1] type: ConfigRecord
[DEBUG _get_metrics] res_item[1] has metrics attr: False
[DEBUG _get_metrics] res_item[1].__dict__: {'_check_key_fn': <function _check_key at 0x7b35885d4900>, '_check_value_fn': <function _check_value at 0x7b357ddc49a0>, '_data': {'accuracy': 0.9900142550468445, 'loss': 0.009231168776750565, 'total_samples': 2103, 'actual_attack': 1621, 'actual_normal': 482, 'predicted_attack': 1610, 'predicted_normal': 493, 'true_positives': 1605, 'true_negatives': 477, 'false_positives': 5, 'false_negatives': 16, 'precision': 0.9968944099378882, 'recall': 0.9901295496607033, 'f1_score': 0.9935004642525536}}
[DEBUG _get_metrics] res_item[1].keys(): ['accuracy', 'loss', 'total_samples', 'actual_attack', 'actual_normal', 'predicted_attack', 'predicted_normal', 'true_positives', 'true_negatives', 'false_positives', 'false_negatives', 'precision', 'recall', 'f1_score']
[DEBUG _get_metrics] Extracted from ConfigRecord._data
[DEBUG _get_metrics] res_item[1] type: ConfigRecord
[DEBUG _get_metrics] res_item[1] has metrics attr: False
[DEBUG _get_metrics] res_item[1].__dict__: {'_check_key_fn': <function _check_key at 0x7b35885d4900>, '_check_value_fn': <function _check_value at 0x7b357ddc49a0>, '_data': {'accuracy': 0.988112211227417, 'loss': 0.008992633782327175, 'total_samples': 2103, 'actual_attack': 1621, 'actual_normal': 482, 'predicted_attack': 1606, 'predicted_normal': 497, 'true_positives': 1601, 'true_negatives': 477, 'false_positives': 5, 'false_negatives': 20, 'precision': 0.9968866749688667, 'recall': 0.9876619370758791, 'f1_score': 0.9922528664394175}}
[DEBUG _get_metrics] res_item[1].keys(): ['accuracy', 'loss', 'total_samples', 'actual_attack', 'actual_normal', 'predicted_attack', 'predicted_normal', 'true_positives', 'true_negatives', 'false_positives', 'false_negatives', 'precision', 'recall', 'f1_score']
[DEBUG _get_metrics] Extracted from ConfigRecord._data
[DEBUG] Extracted 4 metrics from results

[Evaluation Summary]
============================================================
Round: 47 / 60
Accuracy (mean):  0.9881  (98.81%)
Loss:             0.0093
[Per-Device Accuracy]
  - Device 0:  0.9872  (98.72%)[92mINFO [0m:      
[92mINFO [0m:      [ROUND 48]
[92mINFO [0m:      configure_fit: strategy sampled 4 clients (out of 4)
[92mINFO [0m:      aggregate_fit: received 4 results and 0 failures
[92mINFO [0m:      configure_evaluate: strategy sampled 4 clients (out of 4)
[92mINFO [0m:      aggregate_evaluate: received 4 results and 0 failures
[92mINFO [0m:      
[92mINFO [0m:      [ROUND 49]
[92mINFO [0m:      configure_fit: strategy sampled 4 clients (out of 4)
[92mINFO [0m:      aggregate_fit: received 4 results and 0 failures
[92mINFO [0m:      configure_evaluate: strategy sampled 4 clients (out of 4)
[92mINFO [0m:      aggregate_evaluate: received 4 results and 0 failures

  - Device 1:  0.9872  (98.72%)
  - Device 2:  0.9900  (99.00%)
  - Device 3:  0.9881  (98.81%)

[Ground Truth]
  - Attack samples: 1622
  - Normal samples: 483
  - Total samples:  2105

[Predictions]
  - Predicted Attack:  1605
  - Predicted Normal:  500

[Confusion Matrix]
  - True Positives (TP):  1600
  - True Negatives (TN):  478
  - False Positives (FP): 5
  - False Negatives (FN): 22

[Metrics]
  - Precision:  0.9969  (99.69%)
  - Recall:     0.9877  (98.77%)
  - F1-Score:   0.9923  (99.23%)
============================================================

[36m(ClientAppActor pid=717331)[0m [Client 1] Class weights (smoothed): {0: 1.0, 1: 1.0}[32m [repeated 16x across cluster][0m
[DEBUG] evaluate_metrics_aggregation_fn called with 4 results
[DEBUG] results type: <class 'list'>
[DEBUG] First result type: <class 'tuple'>
[DEBUG] First result length: 2
[DEBUG] results[0][0] type: <class 'int'>
[DEBUG] results[0][1] type: <class 'flwr.app.message.configrecord.ConfigRecord'>
[DEBUG _get_metrics] res_item[1] type: ConfigRecord
[DEBUG _get_metrics] res_item[1] has metrics attr: False
[DEBUG _get_metrics] res_item[1].__dict__: {'_check_key_fn': <function _check_key at 0x7b35885d4900>, '_check_value_fn': <function _check_value at 0x7b357ddc49a0>, '_data': {'accuracy': 0.9885877370834351, 'loss': 0.009413966909050941, 'total_samples': 2103, 'actual_attack': 1621, 'actual_normal': 482, 'predicted_attack': 1607, 'predicted_normal': 496, 'true_positives': 1602, 'true_negatives': 477, 'false_positives': 5, 'false_negatives': 19, 'precision': 0.9968886123210952, 'recall': 0.9882788402220851, 'f1_score': 0.9925650557620818}}
[DEBUG _get_metrics] res_item[1].keys(): ['accuracy', 'loss', 'total_samples', 'actual_attack', 'actual_normal', 'predicted_attack', 'predicted_normal', 'true_positives', 'true_negatives', 'false_positives', 'false_negatives', 'precision', 'recall', 'f1_score']
[DEBUG _get_metrics] Extracted from ConfigRecord._data
[DEBUG _get_metrics] res_item[1] type: ConfigRecord
[DEBUG _get_metrics] res_item[1] has metrics attr: False
[DEBUG _get_metrics] res_item[1].__dict__: {'_check_key_fn': <function _check_key at 0x7b35885d4900>, '_check_value_fn': <function _check_value at 0x7b357ddc49a0>, '_data': {'accuracy': 0.9871612191200256, 'loss': 0.009191500023007393, 'total_samples': 2103, 'actual_attack': 1621, 'actual_normal': 482, 'predicted_attack': 1602, 'predicted_normal': 501, 'true_positives': 1598, 'true_negatives': 478, 'false_positives': 4, 'false_negatives': 23, 'precision': 0.9975031210986267, 'recall': 0.9858112276372609, 'f1_score': 0.9916227117592304}}
[DEBUG _get_metrics] res_item[1].keys(): ['accuracy', 'loss', 'total_samples', 'actual_attack', 'actual_normal', 'predicted_attack', 'predicted_normal', 'true_positives', 'true_negatives', 'false_positives', 'false_negatives', 'precision', 'recall', 'f1_score']
[DEBUG _get_metrics] Extracted from ConfigRecord._data
[DEBUG _get_metrics] res_item[1] type: ConfigRecord
[DEBUG _get_metrics] res_item[1] has metrics attr: False
[DEBUG _get_metrics] res_item[1].__dict__: {'_check_key_fn': <function _check_key at 0x7b35885d4900>, '_check_value_fn': <function _check_value at 0x7b357ddc49a0>, '_data': {'accuracy': 0.9866983294487, 'loss': 0.009562518447637558, 'total_samples': 2105, 'actual_attack': 1622, 'actual_normal': 483, 'predicted_attack': 1604, 'predicted_normal': 501, 'true_positives': 1599, 'true_negatives': 478, 'false_positives': 5, 'false_negatives': 23, 'precision': 0.9968827930174564, 'recall': 0.9858199753390875, 'f1_score': 0.9913205207687539}}
[DEBUG _get_metrics] res_item[1].keys(): ['accuracy', 'loss', 'total_samples', 'actual_attack', 'actual_normal', 'predicted_attack', 'predicted_normal', 'true_positives', 'true_negatives', 'false_positives', 'false_negatives', 'precision', 'recall', 'f1_score']
[DEBUG _get_metrics] Extracted from ConfigRecord._data
[DEBUG _get_metrics] res_item[1] type: ConfigRecord
[DEBUG _get_metrics] res_item[1] has metrics attr: False
[DEBUG _get_metrics] res_item[1].__dict__: {'_check_key_fn': <function _check_key at 0x7b35885d4900>, '_check_value_fn': <function _check_value at 0x7b357ddc49a0>, '_data': {'accuracy': 0.9866983294487, 'loss': 0.009562518447637558, 'total_samples': 2105, 'actual_attack': 1622, 'actual_normal': 483, 'predicted_attack': 1604, 'predicted_normal': 501, 'true_positives': 1599, 'true_negatives': 478, 'false_positives': 5, 'false_negatives': 23, 'precision': 0.9968827930174564, 'recall': 0.9858199753390875, 'f1_score': 0.9913205207687539}}
[DEBUG _get_metrics] res_item[1].keys(): ['accuracy', 'loss', 'total_samples', 'actual_attack', 'actual_normal', 'predicted_attack', 'predicted_normal', 'true_positives', 'true_negatives', 'false_positives', 'false_negatives', 'precision', 'recall', 'f1_score']
[DEBUG _get_metrics] Extracted from ConfigRecord._data
[DEBUG] Extracted 4 metrics from results

[Evaluation Summary]
============================================================
Round: 48 / 60
Accuracy (mean):  0.9873  (98.73%)
Loss:             0.0094
[Per-Device Accuracy]
  - Device 0:  0.9886  (98.86%)
  - Device 1:  0.9872  (98.72%)
  - Device 2:  0.9867  (98.67%)
  - Device 3:  0.9867  (98.67%)

[Ground Truth]
  - Attack samples: 1621
  - Normal samples: 482
  - Total samples:  2103

[Predictions]
  - Predicted Attack:  1607
  - Predicted Normal:  496

[Confusion Matrix]
  - True Positives (TP):  1602
  - True Negatives (TN):  477
  - False Positives (FP): 5
  - False Negatives (FN): 19

[Metrics]
  - Precision:  0.9970  (99.70%)
  - Recall:     0.9864  (98.64%)
  - F1-Score:   0.9917  (99.17%)
============================================================

[DEBUG] evaluate_metrics_aggregation_fn called with 4 results
[DEBUG] results type: <class 'list'>
[DEBUG] First result type: <class 'tuple'>
[DEBUG] First result length: 2
[DEBUG] results[0][0] type: <class 'int'>
[DEBUG] results[0][1] type: <class 'flwr.app.message.configrecord.ConfigRecord'>
[DEBUG _get_metrics] res_item[1] type: ConfigRecord
[DEBUG _get_metrics] res_item[1] has metrics attr: False
[DEBUG _get_metrics] res_item[1].__dict__: {'_check_key_fn': <function _check_key at 0x7b35885d4900>, '_check_value_fn': <function _check_value at 0x7b357ddc49a0>, '_data': {'accuracy': 0.9852731823921204, 'loss': 0.009605743922293186, 'total_samples': 2105, 'actual_attack': 1622, 'actual_normal': 483, 'predicted_attack': 1601, 'predicted_normal': 504, 'true_positives': 1596, 'true_negatives': 478, 'false_positives': 5, 'false_negatives': 26, 'precision': 0.9968769519050593, 'recall': 0.9839704069050554, 'f1_score': 0.9903816320198572}}
[DEBUG _get_metrics] res_item[1].keys(): ['accuracy', 'loss', 'total_samples', 'actual_attack', 'actual_normal', 'predicted_attack', 'predicted_normal', 'true_positives', 'true_negatives', 'false_positives', 'false_negatives', 'precision', 'recall', 'f1_score']
[DEBUG _get_metrics] Extracted from ConfigRecord._data
[DEBUG _get_metrics] res_item[1] type: ConfigRecord
[DEBUG _get_metrics] res_item[1] has metrics attr: False
[DEBUG _get_metrics] res_item[1].__dict__: {'_check_key_fn': <function _check_key at 0x7b35885d4900>, '_check_value_fn': <function _check_value at 0x7b357ddc49a0>, '_data': {'accuracy': 0.9876366853713989, 'loss': 0.009469062089920044, 'total_samples': 2103, 'actual_attack': 1621, 'actual_normal': 482, 'predicted_attack': 1605, 'predicted_normal': 498, 'true_positives': 1600, 'true_negatives': 477, 'false_positives': 5, 'false_negatives': 21, 'precision': 0.9968847352024922, 'recall': 0.987045033929673, 'f1_score': 0.9919404835709856}}
[DEBUG _get_metrics] res_item[1].keys(): ['accuracy', 'loss', 'total_samples', 'actual_attack', 'actual_normal', 'predicted_attack', 'predicted_normal', 'true_positives', 'true_negatives', 'false_positives', 'false_negatives', 'precision', 'recall', 'f1_score']
[DEBUG _get_metrics] Extracted from ConfigRecord._data
[DEBUG _get_metrics] res_item[1] type: ConfigRecord
[DEBUG _get_metrics] res_item[1] has metrics attr: False
[DEBUG _get_metrics] res_item[1].__dict__: {'_check_key_fn': <function _check_key at 0x7b35885d4900>, '_check_value_fn': <function _check_value at 0x7b357ddc49a0>, '_data': {'accuracy': 0.9852731823921204, 'loss': 0.009605743922293186, 'total_samples': 2105, 'actual_attack': 1622, 'actual_normal': 483, 'predicted_attack': 1601, 'predicted_normal': 504, 'true_positives': 1596, 'true_negatives': 478, 'false_positives': 5, 'false_negatives': 26, 'precision': 0.9968769519050593, 'recall': 0.9839704069050554, 'f1_score': 0.9903816320198572}}[92mINFO [0m:      
[92mINFO [0m:      [ROUND 50]
[92mINFO [0m:      configure_fit: strategy sampled 4 clients (out of 4)
[92mINFO [0m:      aggregate_fit: received 4 results and 0 failures
[92mINFO [0m:      configure_evaluate: strategy sampled 4 clients (out of 4)
[92mINFO [0m:      aggregate_evaluate: received 4 results and 0 failures
[92mINFO [0m:      
[92mINFO [0m:      [ROUND 51]
[92mINFO [0m:      configure_fit: strategy sampled 4 clients (out of 4)
[92mINFO [0m:      aggregate_fit: received 4 results and 0 failures
[92mINFO [0m:      configure_evaluate: strategy sampled 4 clients (out of 4)
[92mINFO [0m:      aggregate_evaluate: received 4 results and 0 failures

[DEBUG _get_metrics] res_item[1].keys(): ['accuracy', 'loss', 'total_samples', 'actual_attack', 'actual_normal', 'predicted_attack', 'predicted_normal', 'true_positives', 'true_negatives', 'false_positives', 'false_negatives', 'precision', 'recall', 'f1_score']
[DEBUG _get_metrics] Extracted from ConfigRecord._data
[DEBUG _get_metrics] res_item[1] type: ConfigRecord
[DEBUG _get_metrics] res_item[1] has metrics attr: False
[DEBUG _get_metrics] res_item[1].__dict__: {'_check_key_fn': <function _check_key at 0x7b35885d4900>, '_check_value_fn': <function _check_value at 0x7b357ddc49a0>, '_data': {'accuracy': 0.9871612191200256, 'loss': 0.009266951121389866, 'total_samples': 2103, 'actual_attack': 1621, 'actual_normal': 482, 'predicted_attack': 1602, 'predicted_normal': 501, 'true_positives': 1598, 'true_negatives': 478, 'false_positives': 4, 'false_negatives': 23, 'precision': 0.9975031210986267, 'recall': 0.9858112276372609, 'f1_score': 0.9916227117592304}}
[DEBUG _get_metrics] res_item[1].keys(): ['accuracy', 'loss', 'total_samples', 'actual_attack', 'actual_normal', 'predicted_attack', 'predicted_normal', 'true_positives', 'true_negatives', 'false_positives', 'false_negatives', 'precision', 'recall', 'f1_score']
[DEBUG _get_metrics] Extracted from ConfigRecord._data
[DEBUG] Extracted 4 metrics from results

[Evaluation Summary]
============================================================
Round: 49 / 60
Accuracy (mean):  0.9863  (98.63%)
Loss:             0.0095
[Per-Device Accuracy]
  - Device 0:  0.9853  (98.53%)
  - Device 1:  0.9876  (98.76%)
  - Device 2:  0.9853  (98.53%)
  - Device 3:  0.9872  (98.72%)

[Ground Truth]
  - Attack samples: 1622
  - Normal samples: 483
  - Total samples:  2105

[Predictions]
  - Predicted Attack:  1601
  - Predicted Normal:  504

[Confusion Matrix]
  - True Positives (TP):  1596
  - True Negatives (TN):  478
  - False Positives (FP): 5
  - False Negatives (FN): 26

[Metrics]
  - Precision:  0.9970  (99.70%)
  - Recall:     0.9852  (98.52%)
  - F1-Score:   0.9911  (99.11%)
============================================================

[Round 50] Client contributions:
  Client samples: 29,186 (weight: 0.2500)
  Client samples: 29,184 (weight: 0.2500)
  Client samples: 29,186 (weight: 0.2500)
  Client samples: 29,186 (weight: 0.2500)
[36m(ClientAppActor pid=717326)[0m [Client 2] Class weights (smoothed): {0: 1.0, 1: 1.0}[32m [repeated 16x across cluster][0m
[DEBUG] evaluate_metrics_aggregation_fn called with 4 results
[DEBUG] results type: <class 'list'>
[DEBUG] First result type: <class 'tuple'>
[DEBUG] First result length: 2
[DEBUG] results[0][0] type: <class 'int'>
[DEBUG] results[0][1] type: <class 'flwr.app.message.configrecord.ConfigRecord'>
[DEBUG _get_metrics] res_item[1] type: ConfigRecord
[DEBUG _get_metrics] res_item[1] has metrics attr: False
[DEBUG _get_metrics] res_item[1].__dict__: {'_check_key_fn': <function _check_key at 0x7b35885d4900>, '_check_value_fn': <function _check_value at 0x7b357ddc49a0>, '_data': {'accuracy': 0.9871612191200256, 'loss': 0.00914638489484787, 'total_samples': 2103, 'actual_attack': 1621, 'actual_normal': 482, 'predicted_attack': 1604, 'predicted_normal': 499, 'true_positives': 1599, 'true_negatives': 477, 'false_positives': 5, 'false_negatives': 22, 'precision': 0.9968827930174564, 'recall': 0.986428130783467, 'f1_score': 0.9916279069767443}}
[DEBUG _get_metrics] res_item[1].keys(): ['accuracy', 'loss', 'total_samples', 'actual_attack', 'actual_normal', 'predicted_attack', 'predicted_normal', 'true_positives', 'true_negatives', 'false_positives', 'false_negatives', 'precision', 'recall', 'f1_score']
[DEBUG _get_metrics] Extracted from ConfigRecord._data
[DEBUG _get_metrics] res_item[1] type: ConfigRecord
[DEBUG _get_metrics] res_item[1] has metrics attr: False
[DEBUG _get_metrics] res_item[1].__dict__: {'_check_key_fn': <function _check_key at 0x7b35885d4900>, '_check_value_fn': <function _check_value at 0x7b357ddc49a0>, '_data': {'accuracy': 0.9852731823921204, 'loss': 0.009300243109464645, 'total_samples': 2105, 'actual_attack': 1622, 'actual_normal': 483, 'predicted_attack': 1601, 'predicted_normal': 504, 'true_positives': 1596, 'true_negatives': 478, 'false_positives': 5, 'false_negatives': 26, 'precision': 0.9968769519050593, 'recall': 0.9839704069050554, 'f1_score': 0.9903816320198572}}
[DEBUG _get_metrics] res_item[1].keys(): ['accuracy', 'loss', 'total_samples', 'actual_attack', 'actual_normal', 'predicted_attack', 'predicted_normal', 'true_positives', 'true_negatives', 'false_positives', 'false_negatives', 'precision', 'recall', 'f1_score']
[DEBUG _get_metrics] Extracted from ConfigRecord._data
[DEBUG _get_metrics] res_item[1] type: ConfigRecord
[DEBUG _get_metrics] res_item[1] has metrics attr: False
[DEBUG _get_metrics] res_item[1].__dict__: {'_check_key_fn': <function _check_key at 0x7b35885d4900>, '_check_value_fn': <function _check_value at 0x7b357ddc49a0>, '_data': {'accuracy': 0.9852731823921204, 'loss': 0.009300243109464645, 'total_samples': 2105, 'actual_attack': 1622, 'actual_normal': 483, 'predicted_attack': 1601, 'predicted_normal': 504, 'true_positives': 1596, 'true_negatives': 478, 'false_positives': 5, 'false_negatives': 26, 'precision': 0.9968769519050593, 'recall': 0.9839704069050554, 'f1_score': 0.9903816320198572}}
[DEBUG _get_metrics] res_item[1].keys(): ['accuracy', 'loss', 'total_samples', 'actual_attack', 'actual_normal', 'predicted_attack', 'predicted_normal', 'true_positives', 'true_negatives', 'false_positives', 'false_negatives', 'precision', 'recall', 'f1_score']
[DEBUG _get_metrics] Extracted from ConfigRecord._data
[DEBUG _get_metrics] res_item[1] type: ConfigRecord
[DEBUG _get_metrics] res_item[1] has metrics attr: False
[DEBUG _get_metrics] res_item[1].__dict__: {'_check_key_fn': <function _check_key at 0x7b35885d4900>, '_check_value_fn': <function _check_value at 0x7b357ddc49a0>, '_data': {'accuracy': 0.9866856932640076, 'loss': 0.008973108604550362, 'total_samples': 2103, 'actual_attack': 1621, 'actual_normal': 482, 'predicted_attack': 1601, 'predicted_normal': 502, 'true_positives': 1597, 'true_negatives': 478, 'false_positives': 4, 'false_negatives': 24, 'precision': 0.9975015615240475, 'recall': 0.9851943244910549, 'f1_score': 0.9913097454996898}}
[DEBUG _get_metrics] res_item[1].keys(): ['accuracy', 'loss', 'total_samples', 'actual_attack', 'actual_normal', 'predicted_attack', 'predicted_normal', 'true_positives', 'true_negatives', 'false_positives', 'false_negatives', 'precision', 'recall', 'f1_score']
[DEBUG _get_metrics] Extracted from ConfigRecord._data
[DEBUG] Extracted 4 metrics from results

[Evaluation Summary]
============================================================
Round: 50 / 60
Accuracy (mean):  0.9861  (98.61%)
Loss:             0.0092
[Per-Device Accuracy]
  - Device 0:  0.9872  (98.72%)
  - Device 1:  0.9853  (98.53%)
  - Device 2:  0.9853  (98.53%)
  - Device 3:  0.9867  (98.67%)

[Ground Truth]
  - Attack samples: 1621
  - Normal samples: 482
  - Total samples:  2103

[Predictions]
  - Predicted Attack:  1604
  - Predicted Normal:  499

[Confusion Matrix]
  - True Positives (TP):  1599
  - True Negatives (TN):  477
  - False Positives (FP): 5
  - False Negatives (FN): 22

[Metrics]
  - Precision:  0.9970  (99.70%)
  - Recall:     0.9849  (98.49%)
  - F1-Score:   0.9909  (99.09%)
============================================================

[DEBUG] evaluate_metrics_aggregation_fn called with 4 results
[DEBUG] results type: <class 'list'>
[DEBUG] First result type: <class 'tuple'>
[DEBUG] First result length: 2
[DEBUG] results[0][0] type: <class 'int'>
[DEBUG] results[0][1] type: <class 'flwr.app.message.configrecord.ConfigRecord'>
[DEBUG _get_metrics] res_item[1] type: ConfigRecord
[DEBUG _get_metrics] res_item[1] has metrics attr: False
[DEBUG _get_metrics] res_item[1].__dict__: {'_check_key_fn': <function _check_key at 0x7b35885d4900>, '_check_value_fn': <function _check_value at 0x7b357ddc49a0>, '_data': {'accuracy': 0.9852731823921204, 'loss': 0.009310309775173664, 'total_samples': 2105, 'actual_attack': 1622, 'actual_normal': 483, 'predicted_attack': 1601, 'predicted_normal': 504, 'true_positives': 1596, 'true_negatives': 478, 'false_positives': 5, 'false_negatives': 26, 'precision': 0.9968769519050593, 'recall': 0.9839704069050554, 'f1_score': 0.9903816320198572}}[92mINFO [0m:      
[92mINFO [0m:      [ROUND 52]
[92mINFO [0m:      configure_fit: strategy sampled 4 clients (out of 4)
[92mINFO [0m:      aggregate_fit: received 4 results and 0 failures
[92mINFO [0m:      configure_evaluate: strategy sampled 4 clients (out of 4)
[92mINFO [0m:      aggregate_evaluate: received 4 results and 0 failures

[DEBUG _get_metrics] res_item[1].keys(): ['accuracy', 'loss', 'total_samples', 'actual_attack', 'actual_normal', 'predicted_attack', 'predicted_normal', 'true_positives', 'true_negatives', 'false_positives', 'false_negatives', 'precision', 'recall', 'f1_score']
[DEBUG _get_metrics] Extracted from ConfigRecord._data
[DEBUG _get_metrics] res_item[1] type: ConfigRecord
[DEBUG _get_metrics] res_item[1] has metrics attr: False
[DEBUG _get_metrics] res_item[1].__dict__: {'_check_key_fn': <function _check_key at 0x7b35885d4900>, '_check_value_fn': <function _check_value at 0x7b357ddc49a0>, '_data': {'accuracy': 0.9866856932640076, 'loss': 0.008996645919978619, 'total_samples': 2103, 'actual_attack': 1621, 'actual_normal': 482, 'predicted_attack': 1601, 'predicted_normal': 502, 'true_positives': 1597, 'true_negatives': 478, 'false_positives': 4, 'false_negatives': 24, 'precision': 0.9975015615240475, 'recall': 0.9851943244910549, 'f1_score': 0.9913097454996898}}
[DEBUG _get_metrics] res_item[1].keys(): ['accuracy', 'loss', 'total_samples', 'actual_attack', 'actual_normal', 'predicted_attack', 'predicted_normal', 'true_positives', 'true_negatives', 'false_positives', 'false_negatives', 'precision', 'recall', 'f1_score']
[DEBUG _get_metrics] Extracted from ConfigRecord._data
[DEBUG _get_metrics] res_item[1] type: ConfigRecord
[DEBUG _get_metrics] res_item[1] has metrics attr: False
[DEBUG _get_metrics] res_item[1].__dict__: {'_check_key_fn': <function _check_key at 0x7b35885d4900>, '_check_value_fn': <function _check_value at 0x7b357ddc49a0>, '_data': {'accuracy': 0.9871612191200256, 'loss': 0.009155492298305035, 'total_samples': 2103, 'actual_attack': 1621, 'actual_normal': 482, 'predicted_attack': 1604, 'predicted_normal': 499, 'true_positives': 1599, 'true_negatives': 477, 'false_positives': 5, 'false_negatives': 22, 'precision': 0.9968827930174564, 'recall': 0.986428130783467, 'f1_score': 0.9916279069767443}}
[DEBUG _get_metrics] res_item[1].keys(): ['accuracy', 'loss', 'total_samples', 'actual_attack', 'actual_normal', 'predicted_attack', 'predicted_normal', 'true_positives', 'true_negatives', 'false_positives', 'false_negatives', 'precision', 'recall', 'f1_score']
[DEBUG _get_metrics] Extracted from ConfigRecord._data
[DEBUG _get_metrics] res_item[1] type: ConfigRecord
[DEBUG _get_metrics] res_item[1] has metrics attr: False
[DEBUG _get_metrics] res_item[1].__dict__: {'_check_key_fn': <function _check_key at 0x7b35885d4900>, '_check_value_fn': <function _check_value at 0x7b357ddc49a0>, '_data': {'accuracy': 0.9852731823921204, 'loss': 0.009310309775173664, 'total_samples': 2105, 'actual_attack': 1622, 'actual_normal': 483, 'predicted_attack': 1601, 'predicted_normal': 504, 'true_positives': 1596, 'true_negatives': 478, 'false_positives': 5, 'false_negatives': 26, 'precision': 0.9968769519050593, 'recall': 0.9839704069050554, 'f1_score': 0.9903816320198572}}
[DEBUG _get_metrics] res_item[1].keys(): ['accuracy', 'loss', 'total_samples', 'actual_attack', 'actual_normal', 'predicted_attack', 'predicted_normal', 'true_positives', 'true_negatives', 'false_positives', 'false_negatives', 'precision', 'recall', 'f1_score']
[DEBUG _get_metrics] Extracted from ConfigRecord._data
[DEBUG] Extracted 4 metrics from results

[Evaluation Summary]
============================================================
Round: 51 / 60
Accuracy (mean):  0.9861  (98.61%)
Loss:             0.0092
[Per-Device Accuracy]
  - Device 0:  0.9853  (98.53%)
  - Device 1:  0.9867  (98.67%)
  - Device 2:  0.9872  (98.72%)
  - Device 3:  0.9853  (98.53%)

[Ground Truth]
  - Attack samples: 1622
  - Normal samples: 483
  - Total samples:  2105

[Predictions]
  - Predicted Attack:  1601
  - Predicted Normal:  504

[Confusion Matrix]
  - True Positives (TP):  1596
  - True Negatives (TN):  478
  - False Positives (FP): 5
  - False Negatives (FN): 26

[Metrics]
  - Precision:  0.9970  (99.70%)
  - Recall:     0.9849  (98.49%)
  - F1-Score:   0.9909  (99.09%)
============================================================

[36m(ClientAppActor pid=717331)[0m [Client 1] Class weights (smoothed): {0: 1.0, 1: 1.0}[32m [repeated 16x across cluster][0m
[DEBUG] evaluate_metrics_aggregation_fn called with 4 results
[DEBUG] results type: <class 'list'>
[DEBUG] First result type: <class 'tuple'>
[DEBUG] First result length: 2
[DEBUG] results[0][0] type: <class 'int'>
[DEBUG] results[0][1] type: <class 'flwr.app.message.configrecord.ConfigRecord'>
[DEBUG _get_metrics] res_item[1] type: ConfigRecord
[DEBUG _get_metrics] res_item[1] has metrics attr: False
[DEBUG _get_metrics] res_item[1].__dict__: {'_check_key_fn': <function _check_key at 0x7b35885d4900>, '_check_value_fn': <function _check_value at 0x7b357ddc49a0>, '_data': {'accuracy': 0.9852731823921204, 'loss': 0.009460845030844212, 'total_samples': 2105, 'actual_attack': 1622, 'actual_normal': 483, 'predicted_attack': 1601, 'predicted_normal': 504, 'true_positives': 1596, 'true_negatives': 478, 'false_positives': 5, 'false_negatives': 26, 'precision': 0.9968769519050593, 'recall': 0.9839704069050554, 'f1_score': 0.9903816320198572}}
[DEBUG _get_metrics] res_item[1].keys(): ['accuracy', 'loss', 'total_samples', 'actual_attack', 'actual_normal', 'predicted_attack', 'predicted_normal', 'true_positives', 'true_negatives', 'false_positives', 'false_negatives', 'precision', 'recall', 'f1_score']
[DEBUG _get_metrics] Extracted from ConfigRecord._data
[DEBUG _get_metrics] res_item[1] type: ConfigRecord
[DEBUG _get_metrics] res_item[1] has metrics attr: False
[DEBUG _get_metrics] res_item[1].__dict__: {'_check_key_fn': <function _check_key at 0x7b35885d4900>, '_check_value_fn': <function _check_value at 0x7b357ddc49a0>, '_data': {'accuracy': 0.9871612191200256, 'loss': 0.009325112216174603, 'total_samples': 2103, 'actual_attack': 1621, 'actual_normal': 482, 'predicted_attack': 1604, 'predicted_normal': 499, 'true_positives': 1599, 'true_negatives': 477, 'false_positives': 5, 'false_negatives': 22, 'precision': 0.9968827930174564, 'recall': 0.986428130783467, 'f1_score': 0.9916279069767443}}
[DEBUG _get_metrics] res_item[1].keys(): ['accuracy', 'loss', 'total_samples', 'actual_attack', 'actual_normal', 'predicted_attack', 'predicted_normal', 'true_positives', 'true_negatives', 'false_positives', 'false_negatives', 'precision', 'recall', 'f1_score']
[DEBUG _get_metrics] Extracted from ConfigRecord._data
[DEBUG _get_metrics] res_item[1] type: ConfigRecord
[DEBUG _get_metrics] res_item[1] has metrics attr: False
[DEBUG _get_metrics] res_item[1].__dict__: {'_check_key_fn': <function _check_key at 0x7b35885d4900>, '_check_value_fn': <function _check_value at 0x7b357ddc49a0>, '_data': {'accuracy': 0.9852731823921204, 'loss': 0.009460845030844212, 'total_samples': 2105, 'actual_attack': 1622, 'actual_normal': 483, 'predicted_attack': 1601, 'predicted_normal': 504, 'true_positives': 1596, 'true_negatives': 478, 'false_positives': 5, 'false_negatives': 26, 'precision': 0.9968769519050593, 'recall': 0.9839704069050554, 'f1_score': 0.9903816320198572}}
[DEBUG _get_metrics] res_item[1].keys(): ['accuracy', 'loss', 'total_samples', 'actual_attack', 'actual_normal', 'predicted_attack', 'predicted_normal', 'true_positives', 'true_negatives', 'false_positives', 'false_negatives', 'precision', 'recall', 'f1_score']
[DEBUG _get_metrics] Extracted from ConfigRecord._data
[DEBUG _get_metrics] res_item[1] type: ConfigRecord
[DEBUG _get_metrics] res_item[1] has metrics attr: False
[DEBUG _get_metrics] res_item[1].__dict__: {'_check_key_fn': <function _check_key at 0x7b35885d4900>, '_check_value_fn': <function _check_value at 0x7b357ddc49a0>, '_data': {'accuracy': 0.9866856932640076, 'loss': 0.009173551574349403, 'total_samples': 2103, 'actual_attack': 1621, 'actual_normal': 482, 'predicted_attack': 1601, 'predicted_normal': 502, 'true_positives': 1597, 'true_negatives': 478, 'false_positives': 4, 'false_negatives': 24, 'precision': 0.9975015615240475, 'recall': 0.9851943244910549, 'f1_score': 0.9913097454996898}}
[DEBUG _get_metrics] res_item[1].keys(): ['accuracy', 'loss', 'total_samples', 'actual_attack', 'actual_normal', 'predicted_attack', 'predicted_normal', 'true_positives', 'true_negatives', 'false_positives', 'false_negatives', 'precision', 'recall', 'f1_score'][92mINFO [0m:      
[92mINFO [0m:      [ROUND 53]
[92mINFO [0m:      configure_fit: strategy sampled 4 clients (out of 4)
[92mINFO [0m:      aggregate_fit: received 4 results and 0 failures
[92mINFO [0m:      configure_evaluate: strategy sampled 4 clients (out of 4)
[92mINFO [0m:      aggregate_evaluate: received 4 results and 0 failures
[92mINFO [0m:      
[92mINFO [0m:      [ROUND 54]
[92mINFO [0m:      configure_fit: strategy sampled 4 clients (out of 4)
[92mINFO [0m:      aggregate_fit: received 4 results and 0 failures
[92mINFO [0m:      configure_evaluate: strategy sampled 4 clients (out of 4)
[92mINFO [0m:      aggregate_evaluate: received 4 results and 0 failures

[DEBUG _get_metrics] Extracted from ConfigRecord._data
[DEBUG] Extracted 4 metrics from results

[Evaluation Summary]
============================================================
Round: 52 / 60
Accuracy (mean):  0.9861  (98.61%)
Loss:             0.0094
[Per-Device Accuracy]
  - Device 0:  0.9853  (98.53%)
  - Device 1:  0.9872  (98.72%)
  - Device 2:  0.9853  (98.53%)
  - Device 3:  0.9867  (98.67%)

[Ground Truth]
  - Attack samples: 1622
  - Normal samples: 483
  - Total samples:  2105

[Predictions]
  - Predicted Attack:  1601
  - Predicted Normal:  504

[Confusion Matrix]
  - True Positives (TP):  1596
  - True Negatives (TN):  478
  - False Positives (FP): 5
  - False Negatives (FN): 26

[Metrics]
  - Precision:  0.9970  (99.70%)
  - Recall:     0.9849  (98.49%)
  - F1-Score:   0.9909  (99.09%)
============================================================

[DEBUG] evaluate_metrics_aggregation_fn called with 4 results
[DEBUG] results type: <class 'list'>
[DEBUG] First result type: <class 'tuple'>
[DEBUG] First result length: 2
[DEBUG] results[0][0] type: <class 'int'>
[DEBUG] results[0][1] type: <class 'flwr.app.message.configrecord.ConfigRecord'>
[DEBUG _get_metrics] res_item[1] type: ConfigRecord
[DEBUG _get_metrics] res_item[1] has metrics attr: False
[DEBUG _get_metrics] res_item[1].__dict__: {'_check_key_fn': <function _check_key at 0x7b35885d4900>, '_check_value_fn': <function _check_value at 0x7b357ddc49a0>, '_data': {'accuracy': 0.9852731823921204, 'loss': 0.00974846538156271, 'total_samples': 2105, 'actual_attack': 1622, 'actual_normal': 483, 'predicted_attack': 1601, 'predicted_normal': 504, 'true_positives': 1596, 'true_negatives': 478, 'false_positives': 5, 'false_negatives': 26, 'precision': 0.9968769519050593, 'recall': 0.9839704069050554, 'f1_score': 0.9903816320198572}}
[DEBUG _get_metrics] res_item[1].keys(): ['accuracy', 'loss', 'total_samples', 'actual_attack', 'actual_normal', 'predicted_attack', 'predicted_normal', 'true_positives', 'true_negatives', 'false_positives', 'false_negatives', 'precision', 'recall', 'f1_score']
[DEBUG _get_metrics] Extracted from ConfigRecord._data
[DEBUG _get_metrics] res_item[1] type: ConfigRecord
[DEBUG _get_metrics] res_item[1] has metrics attr: False
[DEBUG _get_metrics] res_item[1].__dict__: {'_check_key_fn': <function _check_key at 0x7b35885d4900>, '_check_value_fn': <function _check_value at 0x7b357ddc49a0>, '_data': {'accuracy': 0.988112211227417, 'loss': 0.009619546122848988, 'total_samples': 2103, 'actual_attack': 1621, 'actual_normal': 482, 'predicted_attack': 1606, 'predicted_normal': 497, 'true_positives': 1601, 'true_negatives': 477, 'false_positives': 5, 'false_negatives': 20, 'precision': 0.9968866749688667, 'recall': 0.9876619370758791, 'f1_score': 0.9922528664394175}}
[DEBUG _get_metrics] res_item[1].keys(): ['accuracy', 'loss', 'total_samples', 'actual_attack', 'actual_normal', 'predicted_attack', 'predicted_normal', 'true_positives', 'true_negatives', 'false_positives', 'false_negatives', 'precision', 'recall', 'f1_score']
[DEBUG _get_metrics] Extracted from ConfigRecord._data
[DEBUG _get_metrics] res_item[1] type: ConfigRecord
[DEBUG _get_metrics] res_item[1] has metrics attr: False
[DEBUG _get_metrics] res_item[1].__dict__: {'_check_key_fn': <function _check_key at 0x7b35885d4900>, '_check_value_fn': <function _check_value at 0x7b357ddc49a0>, '_data': {'accuracy': 0.9871612191200256, 'loss': 0.009458283893764019, 'total_samples': 2103, 'actual_attack': 1621, 'actual_normal': 482, 'predicted_attack': 1602, 'predicted_normal': 501, 'true_positives': 1598, 'true_negatives': 478, 'false_positives': 4, 'false_negatives': 23, 'precision': 0.9975031210986267, 'recall': 0.9858112276372609, 'f1_score': 0.9916227117592304}}
[DEBUG _get_metrics] res_item[1].keys(): ['accuracy', 'loss', 'total_samples', 'actual_attack', 'actual_normal', 'predicted_attack', 'predicted_normal', 'true_positives', 'true_negatives', 'false_positives', 'false_negatives', 'precision', 'recall', 'f1_score']
[DEBUG _get_metrics] Extracted from ConfigRecord._data
[DEBUG _get_metrics] res_item[1] type: ConfigRecord
[DEBUG _get_metrics] res_item[1] has metrics attr: False
[DEBUG _get_metrics] res_item[1].__dict__: {'_check_key_fn': <function _check_key at 0x7b35885d4900>, '_check_value_fn': <function _check_value at 0x7b357ddc49a0>, '_data': {'accuracy': 0.9852731823921204, 'loss': 0.00974846538156271, 'total_samples': 2105, 'actual_attack': 1622, 'actual_normal': 483, 'predicted_attack': 1601, 'predicted_normal': 504, 'true_positives': 1596, 'true_negatives': 478, 'false_positives': 5, 'false_negatives': 26, 'precision': 0.9968769519050593, 'recall': 0.9839704069050554, 'f1_score': 0.9903816320198572}}
[DEBUG _get_metrics] res_item[1].keys(): ['accuracy', 'loss', 'total_samples', 'actual_attack', 'actual_normal', 'predicted_attack', 'predicted_normal', 'true_positives', 'true_negatives', 'false_positives', 'false_negatives', 'precision', 'recall', 'f1_score']
[DEBUG _get_metrics] Extracted from ConfigRecord._data
[DEBUG] Extracted 4 metrics from results

[Evaluation Summary]
============================================================
Round: 53 / 60
Accuracy (mean):  0.9865  (98.65%)
Loss:             0.0096
[Per-Device Accuracy]
  - Device 0:  0.9853  (98.53%)
  - Device 1:  0.9881  (98.81%)
  - Device 2:  0.9872  (98.72%)
  - Device 3:  0.9853  (98.53%)

[Ground Truth]
  - Attack samples: 1622
  - Normal samples: 483
  - Total samples:  2105

[Predictions]
  - Predicted Attack:  1601
  - Predicted Normal:  504

[Confusion Matrix]
  - True Positives (TP):  1596
  - True Negatives (TN):  478
  - False Positives (FP): 5
  - False Negatives (FN): 26

[Metrics]
  - Precision:  0.9970  (99.70%)
  - Recall:     0.9854  (98.54%)
  - F1-Score:   0.9912  (99.12%)
============================================================

[36m(ClientAppActor pid=717331)[0m [Client 1] Class weights (smoothed): {0: 1.0, 1: 1.0}[32m [repeated 16x across cluster][0m
[DEBUG] evaluate_metrics_aggregation_fn called with 4 results
[DEBUG] results type: <class 'list'>
[DEBUG] First result type: <class 'tuple'>
[DEBUG] First result length: 2
[DEBUG] results[0][0] type: <class 'int'>
[DEBUG] results[0][1] type: <class 'flwr.app.message.configrecord.ConfigRecord'>
[DEBUG _get_metrics] res_item[1] type: ConfigRecord
[DEBUG _get_metrics] res_item[1] has metrics attr: False
[DEBUG _get_metrics] res_item[1].__dict__: {'_check_key_fn': <function _check_key at 0x7b35885d4900>, '_check_value_fn': <function _check_value at 0x7b357ddc49a0>, '_data': {'accuracy': 0.9885877370834351, 'loss': 0.009912669658660889, 'total_samples': 2103, 'actual_attack': 1621, 'actual_normal': 482, 'predicted_attack': 1607, 'predicted_normal': 496, 'true_positives': 1602, 'true_negatives': 477, 'false_positives': 5, 'false_negatives': 19, 'precision': 0.9968886123210952, 'recall': 0.9882788402220851, 'f1_score': 0.9925650557620818}}
[DEBUG _get_metrics] res_item[1].keys(): ['accuracy', 'loss', 'total_samples', 'actual_attack', 'actual_normal', 'predicted_attack', 'predicted_normal', 'true_positives', 'true_negatives', 'false_positives', 'false_negatives', 'precision', 'recall', 'f1_score']
[DEBUG _get_metrics] Extracted from ConfigRecord._data
[DEBUG _get_metrics] res_item[1] type: ConfigRecord
[DEBUG _get_metrics] res_item[1] has metrics attr: False
[DEBUG _get_metrics] res_item[1].__dict__: {'_check_key_fn': <function _check_key at 0x7b35885d4900>, '_check_value_fn': <function _check_value at 0x7b357ddc49a0>, '_data': {'accuracy': 0.9852731823921204, 'loss': 0.010020753368735313, 'total_samples': 2105, 'actual_attack': 1622, 'actual_normal': 483, 'predicted_attack': 1601, 'predicted_normal': 504, 'true_positives': 1596, 'true_negatives': 478, 'false_positives': 5, 'false_negatives': 26, 'precision': 0.9968769519050593, 'recall': 0.9839704069050554, 'f1_score': 0.9903816320198572}}
[DEBUG _get_metrics] res_item[1].keys(): ['accuracy', 'loss', 'total_samples', 'actual_attack', 'actual_normal', 'predicted_attack', 'predicted_normal', 'true_positives', 'true_negatives', 'false_positives', 'false_negatives', 'precision', 'recall', 'f1_score']
[DEBUG _get_metrics] Extracted from ConfigRecord._data[92mINFO [0m:      
[92mINFO [0m:      [ROUND 55]
[92mINFO [0m:      configure_fit: strategy sampled 4 clients (out of 4)
[92mINFO [0m:      aggregate_fit: received 4 results and 0 failures
[92mINFO [0m:      configure_evaluate: strategy sampled 4 clients (out of 4)
[92mINFO [0m:      aggregate_evaluate: received 4 results and 0 failures
[92mINFO [0m:      
[92mINFO [0m:      [ROUND 56]
[92mINFO [0m:      configure_fit: strategy sampled 4 clients (out of 4)
[92mINFO [0m:      aggregate_fit: received 4 results and 0 failures
[92mINFO [0m:      configure_evaluate: strategy sampled 4 clients (out of 4)
[92mINFO [0m:      aggregate_evaluate: received 4 results and 0 failures

[DEBUG _get_metrics] res_item[1] type: ConfigRecord
[DEBUG _get_metrics] res_item[1] has metrics attr: False
[DEBUG _get_metrics] res_item[1].__dict__: {'_check_key_fn': <function _check_key at 0x7b35885d4900>, '_check_value_fn': <function _check_value at 0x7b357ddc49a0>, '_data': {'accuracy': 0.9871612191200256, 'loss': 0.009722287766635418, 'total_samples': 2103, 'actual_attack': 1621, 'actual_normal': 482, 'predicted_attack': 1602, 'predicted_normal': 501, 'true_positives': 1598, 'true_negatives': 478, 'false_positives': 4, 'false_negatives': 23, 'precision': 0.9975031210986267, 'recall': 0.9858112276372609, 'f1_score': 0.9916227117592304}}
[DEBUG _get_metrics] res_item[1].keys(): ['accuracy', 'loss', 'total_samples', 'actual_attack', 'actual_normal', 'predicted_attack', 'predicted_normal', 'true_positives', 'true_negatives', 'false_positives', 'false_negatives', 'precision', 'recall', 'f1_score']
[DEBUG _get_metrics] Extracted from ConfigRecord._data
[DEBUG _get_metrics] res_item[1] type: ConfigRecord
[DEBUG _get_metrics] res_item[1] has metrics attr: False
[DEBUG _get_metrics] res_item[1].__dict__: {'_check_key_fn': <function _check_key at 0x7b35885d4900>, '_check_value_fn': <function _check_value at 0x7b357ddc49a0>, '_data': {'accuracy': 0.9852731823921204, 'loss': 0.010020753368735313, 'total_samples': 2105, 'actual_attack': 1622, 'actual_normal': 483, 'predicted_attack': 1601, 'predicted_normal': 504, 'true_positives': 1596, 'true_negatives': 478, 'false_positives': 5, 'false_negatives': 26, 'precision': 0.9968769519050593, 'recall': 0.9839704069050554, 'f1_score': 0.9903816320198572}}
[DEBUG _get_metrics] res_item[1].keys(): ['accuracy', 'loss', 'total_samples', 'actual_attack', 'actual_normal', 'predicted_attack', 'predicted_normal', 'true_positives', 'true_negatives', 'false_positives', 'false_negatives', 'precision', 'recall', 'f1_score']
[DEBUG _get_metrics] Extracted from ConfigRecord._data
[DEBUG] Extracted 4 metrics from results

[Evaluation Summary]
============================================================
Round: 54 / 60
Accuracy (mean):  0.9866  (98.66%)
Loss:             0.0099
[Per-Device Accuracy]
  - Device 0:  0.9886  (98.86%)
  - Device 1:  0.9853  (98.53%)
  - Device 2:  0.9872  (98.72%)
  - Device 3:  0.9853  (98.53%)

[Ground Truth]
  - Attack samples: 1621
  - Normal samples: 482
  - Total samples:  2103

[Predictions]
  - Predicted Attack:  1607
  - Predicted Normal:  496

[Confusion Matrix]
  - True Positives (TP):  1602
  - True Negatives (TN):  477
  - False Positives (FP): 5
  - False Negatives (FN): 19

[Metrics]
  - Precision:  0.9970  (99.70%)
  - Recall:     0.9855  (98.55%)
  - F1-Score:   0.9912  (99.12%)
============================================================

[Round 55] Client contributions:
  Client samples: 29,186 (weight: 0.2500)
  Client samples: 29,184 (weight: 0.2500)
  Client samples: 29,186 (weight: 0.2500)
  Client samples: 29,186 (weight: 0.2500)
[DEBUG] evaluate_metrics_aggregation_fn called with 4 results
[DEBUG] results type: <class 'list'>
[DEBUG] First result type: <class 'tuple'>
[DEBUG] First result length: 2
[DEBUG] results[0][0] type: <class 'int'>
[DEBUG] results[0][1] type: <class 'flwr.app.message.configrecord.ConfigRecord'>
[DEBUG _get_metrics] res_item[1] type: ConfigRecord
[DEBUG _get_metrics] res_item[1] has metrics attr: False
[DEBUG _get_metrics] res_item[1].__dict__: {'_check_key_fn': <function _check_key at 0x7b35885d4900>, '_check_value_fn': <function _check_value at 0x7b357ddc49a0>, '_data': {'accuracy': 0.9852731823921204, 'loss': 0.010099229402840137, 'total_samples': 2105, 'actual_attack': 1622, 'actual_normal': 483, 'predicted_attack': 1601, 'predicted_normal': 504, 'true_positives': 1596, 'true_negatives': 478, 'false_positives': 5, 'false_negatives': 26, 'precision': 0.9968769519050593, 'recall': 0.9839704069050554, 'f1_score': 0.9903816320198572}}
[DEBUG _get_metrics] res_item[1].keys(): ['accuracy', 'loss', 'total_samples', 'actual_attack', 'actual_normal', 'predicted_attack', 'predicted_normal', 'true_positives', 'true_negatives', 'false_positives', 'false_negatives', 'precision', 'recall', 'f1_score']
[DEBUG _get_metrics] Extracted from ConfigRecord._data
[DEBUG _get_metrics] res_item[1] type: ConfigRecord
[DEBUG _get_metrics] res_item[1] has metrics attr: False
[DEBUG _get_metrics] res_item[1].__dict__: {'_check_key_fn': <function _check_key at 0x7b35885d4900>, '_check_value_fn': <function _check_value at 0x7b357ddc49a0>, '_data': {'accuracy': 0.9852731823921204, 'loss': 0.010099229402840137, 'total_samples': 2105, 'actual_attack': 1622, 'actual_normal': 483, 'predicted_attack': 1601, 'predicted_normal': 504, 'true_positives': 1596, 'true_negatives': 478, 'false_positives': 5, 'false_negatives': 26, 'precision': 0.9968769519050593, 'recall': 0.9839704069050554, 'f1_score': 0.9903816320198572}}
[DEBUG _get_metrics] res_item[1].keys(): ['accuracy', 'loss', 'total_samples', 'actual_attack', 'actual_normal', 'predicted_attack', 'predicted_normal', 'true_positives', 'true_negatives', 'false_positives', 'false_negatives', 'precision', 'recall', 'f1_score']
[DEBUG _get_metrics] Extracted from ConfigRecord._data
[DEBUG _get_metrics] res_item[1] type: ConfigRecord
[DEBUG _get_metrics] res_item[1] has metrics attr: False
[DEBUG _get_metrics] res_item[1].__dict__: {'_check_key_fn': <function _check_key at 0x7b35885d4900>, '_check_value_fn': <function _check_value at 0x7b357ddc49a0>, '_data': {'accuracy': 0.988112211227417, 'loss': 0.010013718158006668, 'total_samples': 2103, 'actual_attack': 1621, 'actual_normal': 482, 'predicted_attack': 1606, 'predicted_normal': 497, 'true_positives': 1601, 'true_negatives': 477, 'false_positives': 5, 'false_negatives': 20, 'precision': 0.9968866749688667, 'recall': 0.9876619370758791, 'f1_score': 0.9922528664394175}}
[DEBUG _get_metrics] res_item[1].keys(): ['accuracy', 'loss', 'total_samples', 'actual_attack', 'actual_normal', 'predicted_attack', 'predicted_normal', 'true_positives', 'true_negatives', 'false_positives', 'false_negatives', 'precision', 'recall', 'f1_score']
[DEBUG _get_metrics] Extracted from ConfigRecord._data
[DEBUG _get_metrics] res_item[1] type: ConfigRecord
[DEBUG _get_metrics] res_item[1] has metrics attr: False
[DEBUG _get_metrics] res_item[1].__dict__: {'_check_key_fn': <function _check_key at 0x7b35885d4900>, '_check_value_fn': <function _check_value at 0x7b357ddc49a0>, '_data': {'accuracy': 0.9871612191200256, 'loss': 0.009814578108489513, 'total_samples': 2103, 'actual_attack': 1621, 'actual_normal': 482, 'predicted_attack': 1602, 'predicted_normal': 501, 'true_positives': 1598, 'true_negatives': 478, 'false_positives': 4, 'false_negatives': 23, 'precision': 0.9975031210986267, 'recall': 0.9858112276372609, 'f1_score': 0.9916227117592304}}
[DEBUG _get_metrics] res_item[1].keys(): ['accuracy', 'loss', 'total_samples', 'actual_attack', 'actual_normal', 'predicted_attack', 'predicted_normal', 'true_positives', 'true_negatives', 'false_positives', 'false_negatives', 'precision', 'recall', 'f1_score']
[DEBUG _get_metrics] Extracted from ConfigRecord._data
[DEBUG] Extracted 4 metrics from results

[Evaluation Summary]
============================================================
Round: 55 / 60
Accuracy (mean):  0.9865  (98.65%)
Loss:             0.0100
[Per-Device Accuracy]
  - Device 0:  0.9853  (98.53%)
  - Device 1:  0.9853  (98.53%)
  - Device 2:  0.9881  (98.81%)
  - Device 3:  0.9872  (98.72%)

[Ground Truth]
  - Attack samples: 1622
  - Normal samples: 483
  - Total samples:  2105

[Predictions]
  - Predicted Attack:  1601
  - Predicted Normal:  504

[Confusion Matrix]
  - True Positives (TP):  1596
  - True Negatives (TN):  478
  - False Positives (FP): 5
  - False Negatives (FN): 26

[Metrics]
  - Precision:  0.9970  (99.70%)
  - Recall:     0.9854  (98.54%)
  - F1-Score:   0.9912  (99.12%)
============================================================

[36m(ClientAppActor pid=717331)[0m [Client 1] Class weights (smoothed): {0: 1.0, 1: 1.0}[32m [repeated 16x across cluster][0m
[DEBUG] evaluate_metrics_aggregation_fn called with 4 results
[DEBUG] results type: <class 'list'>
[DEBUG] First result type: <class 'tuple'>[92mINFO [0m:      
[92mINFO [0m:      [ROUND 57]
[92mINFO [0m:      configure_fit: strategy sampled 4 clients (out of 4)
[92mINFO [0m:      aggregate_fit: received 4 results and 0 failures
[92mINFO [0m:      configure_evaluate: strategy sampled 4 clients (out of 4)
[92mINFO [0m:      aggregate_evaluate: received 4 results and 0 failures

[DEBUG] First result length: 2
[DEBUG] results[0][0] type: <class 'int'>
[DEBUG] results[0][1] type: <class 'flwr.app.message.configrecord.ConfigRecord'>
[DEBUG _get_metrics] res_item[1] type: ConfigRecord
[DEBUG _get_metrics] res_item[1] has metrics attr: False
[DEBUG _get_metrics] res_item[1].__dict__: {'_check_key_fn': <function _check_key at 0x7b35885d4900>, '_check_value_fn': <function _check_value at 0x7b357ddc49a0>, '_data': {'accuracy': 0.9852731823921204, 'loss': 0.01015254482626915, 'total_samples': 2105, 'actual_attack': 1622, 'actual_normal': 483, 'predicted_attack': 1601, 'predicted_normal': 504, 'true_positives': 1596, 'true_negatives': 478, 'false_positives': 5, 'false_negatives': 26, 'precision': 0.9968769519050593, 'recall': 0.9839704069050554, 'f1_score': 0.9903816320198572}}
[DEBUG _get_metrics] res_item[1].keys(): ['accuracy', 'loss', 'total_samples', 'actual_attack', 'actual_normal', 'predicted_attack', 'predicted_normal', 'true_positives', 'true_negatives', 'false_positives', 'false_negatives', 'precision', 'recall', 'f1_score']
[DEBUG _get_metrics] Extracted from ConfigRecord._data
[DEBUG _get_metrics] res_item[1] type: ConfigRecord
[DEBUG _get_metrics] res_item[1] has metrics attr: False
[DEBUG _get_metrics] res_item[1].__dict__: {'_check_key_fn': <function _check_key at 0x7b35885d4900>, '_check_value_fn': <function _check_value at 0x7b357ddc49a0>, '_data': {'accuracy': 0.9866856932640076, 'loss': 0.009886642917990685, 'total_samples': 2103, 'actual_attack': 1621, 'actual_normal': 482, 'predicted_attack': 1601, 'predicted_normal': 502, 'true_positives': 1597, 'true_negatives': 478, 'false_positives': 4, 'false_negatives': 24, 'precision': 0.9975015615240475, 'recall': 0.9851943244910549, 'f1_score': 0.9913097454996898}}
[DEBUG _get_metrics] res_item[1].keys(): ['accuracy', 'loss', 'total_samples', 'actual_attack', 'actual_normal', 'predicted_attack', 'predicted_normal', 'true_positives', 'true_negatives', 'false_positives', 'false_negatives', 'precision', 'recall', 'f1_score']
[DEBUG _get_metrics] Extracted from ConfigRecord._data
[DEBUG _get_metrics] res_item[1] type: ConfigRecord
[DEBUG _get_metrics] res_item[1] has metrics attr: False
[DEBUG _get_metrics] res_item[1].__dict__: {'_check_key_fn': <function _check_key at 0x7b35885d4900>, '_check_value_fn': <function _check_value at 0x7b357ddc49a0>, '_data': {'accuracy': 0.9876366853713989, 'loss': 0.010087482631206512, 'total_samples': 2103, 'actual_attack': 1621, 'actual_normal': 482, 'predicted_attack': 1605, 'predicted_normal': 498, 'true_positives': 1600, 'true_negatives': 477, 'false_positives': 5, 'false_negatives': 21, 'precision': 0.9968847352024922, 'recall': 0.987045033929673, 'f1_score': 0.9919404835709856}}
[DEBUG _get_metrics] res_item[1].keys(): ['accuracy', 'loss', 'total_samples', 'actual_attack', 'actual_normal', 'predicted_attack', 'predicted_normal', 'true_positives', 'true_negatives', 'false_positives', 'false_negatives', 'precision', 'recall', 'f1_score']
[DEBUG _get_metrics] Extracted from ConfigRecord._data
[DEBUG _get_metrics] res_item[1] type: ConfigRecord
[DEBUG _get_metrics] res_item[1] has metrics attr: False
[DEBUG _get_metrics] res_item[1].__dict__: {'_check_key_fn': <function _check_key at 0x7b35885d4900>, '_check_value_fn': <function _check_value at 0x7b357ddc49a0>, '_data': {'accuracy': 0.9852731823921204, 'loss': 0.01015254482626915, 'total_samples': 2105, 'actual_attack': 1622, 'actual_normal': 483, 'predicted_attack': 1601, 'predicted_normal': 504, 'true_positives': 1596, 'true_negatives': 478, 'false_positives': 5, 'false_negatives': 26, 'precision': 0.9968769519050593, 'recall': 0.9839704069050554, 'f1_score': 0.9903816320198572}}
[DEBUG _get_metrics] res_item[1].keys(): ['accuracy', 'loss', 'total_samples', 'actual_attack', 'actual_normal', 'predicted_attack', 'predicted_normal', 'true_positives', 'true_negatives', 'false_positives', 'false_negatives', 'precision', 'recall', 'f1_score']
[DEBUG _get_metrics] Extracted from ConfigRecord._data
[DEBUG] Extracted 4 metrics from results

[Evaluation Summary]
============================================================
Round: 56 / 60
Accuracy (mean):  0.9862  (98.62%)
Loss:             0.0101
[Per-Device Accuracy]
  - Device 0:  0.9853  (98.53%)
  - Device 1:  0.9867  (98.67%)
  - Device 2:  0.9876  (98.76%)
  - Device 3:  0.9853  (98.53%)

[Ground Truth]
  - Attack samples: 1622
  - Normal samples: 483
  - Total samples:  2105

[Predictions]
  - Predicted Attack:  1601
  - Predicted Normal:  504

[Confusion Matrix]
  - True Positives (TP):  1596
  - True Negatives (TN):  478
  - False Positives (FP): 5
  - False Negatives (FN): 26

[Metrics]
  - Precision:  0.9970  (99.70%)
  - Recall:     0.9850  (98.50%)
  - F1-Score:   0.9910  (99.10%)
============================================================

[DEBUG] evaluate_metrics_aggregation_fn called with 4 results
[DEBUG] results type: <class 'list'>
[DEBUG] First result type: <class 'tuple'>
[DEBUG] First result length: 2
[DEBUG] results[0][0] type: <class 'int'>
[DEBUG] results[0][1] type: <class 'flwr.app.message.configrecord.ConfigRecord'>
[DEBUG _get_metrics] res_item[1] type: ConfigRecord
[DEBUG _get_metrics] res_item[1] has metrics attr: False
[DEBUG _get_metrics] res_item[1].__dict__: {'_check_key_fn': <function _check_key at 0x7b35885d4900>, '_check_value_fn': <function _check_value at 0x7b357ddc49a0>, '_data': {'accuracy': 0.9876366853713989, 'loss': 0.010282949544489384, 'total_samples': 2103, 'actual_attack': 1621, 'actual_normal': 482, 'predicted_attack': 1605, 'predicted_normal': 498, 'true_positives': 1600, 'true_negatives': 477, 'false_positives': 5, 'false_negatives': 21, 'precision': 0.9968847352024922, 'recall': 0.987045033929673, 'f1_score': 0.9919404835709856}}
[DEBUG _get_metrics] res_item[1].keys(): ['accuracy', 'loss', 'total_samples', 'actual_attack', 'actual_normal', 'predicted_attack', 'predicted_normal', 'true_positives', 'true_negatives', 'false_positives', 'false_negatives', 'precision', 'recall', 'f1_score']
[DEBUG _get_metrics] Extracted from ConfigRecord._data
[DEBUG _get_metrics] res_item[1] type: ConfigRecord
[DEBUG _get_metrics] res_item[1] has metrics attr: False
[DEBUG _get_metrics] res_item[1].__dict__: {'_check_key_fn': <function _check_key at 0x7b35885d4900>, '_check_value_fn': <function _check_value at 0x7b357ddc49a0>, '_data': {'accuracy': 0.9852731823921204, 'loss': 0.010331274010241032, 'total_samples': 2105, 'actual_attack': 1622, 'actual_normal': 483, 'predicted_attack': 1601, 'predicted_normal': 504, 'true_positives': 1596, 'true_negatives': 478, 'false_positives': 5, 'false_negatives': 26, 'precision': 0.9968769519050593, 'recall': 0.9839704069050554, 'f1_score': 0.9903816320198572}}
[DEBUG _get_metrics] res_item[1].keys(): ['accuracy', 'loss', 'total_samples', 'actual_attack', 'actual_normal', 'predicted_attack', 'predicted_normal', 'true_positives', 'true_negatives', 'false_positives', 'false_negatives', 'precision', 'recall', 'f1_score']
[DEBUG _get_metrics] Extracted from ConfigRecord._data
[DEBUG _get_metrics] res_item[1] type: ConfigRecord
[DEBUG _get_metrics] res_item[1] has metrics attr: False
[DEBUG _get_metrics] res_item[1].__dict__: {'_check_key_fn': <function _check_key at 0x7b35885d4900>, '_check_value_fn': <function _check_value at 0x7b357ddc49a0>, '_data': {'accuracy': 0.9866856932640076, 'loss': 0.010089932940900326, 'total_samples': 2103, 'actual_attack': 1621, 'actual_normal': 482, 'predicted_attack': 1601, 'predicted_normal': 502, 'true_positives': 1597, 'true_negatives': 478, 'false_positives': 4, 'false_negatives': 24, 'precision': 0.9975015615240475, 'recall': 0.9851943244910549, 'f1_score': 0.9913097454996898}}
[DEBUG _get_metrics] res_item[1].keys(): ['accuracy', 'loss', 'total_samples', 'actual_attack', 'actual_normal', 'predicted_attack', 'predicted_normal', 'true_positives', 'true_negatives', 'false_positives', 'false_negatives', 'precision', 'recall', 'f1_score']
[DEBUG _get_metrics] Extracted from ConfigRecord._data
[DEBUG _get_metrics] res_item[1] type: ConfigRecord
[DEBUG _get_metrics] res_item[1] has metrics attr: False
[DEBUG _get_metrics] res_item[1].__dict__: {'_check_key_fn': <function _check_key at 0x7b35885d4900>, '_check_value_fn': <function _check_value at 0x7b357ddc49a0>, '_data': {'accuracy': 0.9852731823921204, 'loss': 0.010331274010241032, 'total_samples': 2105, 'actual_attack': 1622, 'actual_normal': 483, 'predicted_attack': 1601, 'predicted_normal': 504, 'true_positives': 1596, 'true_negatives': 478, 'false_positives': 5, 'false_negatives': 26, 'precision': 0.9968769519050593, 'recall': 0.9839704069050554, 'f1_score': 0.9903816320198572}}[92mINFO [0m:      
[92mINFO [0m:      [ROUND 58]
[92mINFO [0m:      configure_fit: strategy sampled 4 clients (out of 4)
[92mINFO [0m:      aggregate_fit: received 4 results and 0 failures
[92mINFO [0m:      configure_evaluate: strategy sampled 4 clients (out of 4)
[92mINFO [0m:      aggregate_evaluate: received 4 results and 0 failures
[92mINFO [0m:      
[92mINFO [0m:      [ROUND 59]
[92mINFO [0m:      configure_fit: strategy sampled 4 clients (out of 4)
[92mINFO [0m:      aggregate_fit: received 4 results and 0 failures
[92mINFO [0m:      configure_evaluate: strategy sampled 4 clients (out of 4)
[92mINFO [0m:      aggregate_evaluate: received 4 results and 0 failures

[DEBUG _get_metrics] res_item[1].keys(): ['accuracy', 'loss', 'total_samples', 'actual_attack', 'actual_normal', 'predicted_attack', 'predicted_normal', 'true_positives', 'true_negatives', 'false_positives', 'false_negatives', 'precision', 'recall', 'f1_score']
[DEBUG _get_metrics] Extracted from ConfigRecord._data
[DEBUG] Extracted 4 metrics from results

[Evaluation Summary]
============================================================
Round: 57 / 60
Accuracy (mean):  0.9862  (98.62%)
Loss:             0.0103
[Per-Device Accuracy]
  - Device 0:  0.9876  (98.76%)
  - Device 1:  0.9853  (98.53%)
  - Device 2:  0.9867  (98.67%)
  - Device 3:  0.9853  (98.53%)

[Ground Truth]
  - Attack samples: 1621
  - Normal samples: 482
  - Total samples:  2103

[Predictions]
  - Predicted Attack:  1605
  - Predicted Normal:  498

[Confusion Matrix]
  - True Positives (TP):  1600
  - True Negatives (TN):  477
  - False Positives (FP): 5
  - False Negatives (FN): 21

[Metrics]
  - Precision:  0.9970  (99.70%)
  - Recall:     0.9850  (98.50%)
  - F1-Score:   0.9910  (99.10%)
============================================================

[36m(ClientAppActor pid=717326)[0m [Client 2] Class weights (smoothed): {0: 1.0, 1: 1.0}[32m [repeated 16x across cluster][0m
[DEBUG] evaluate_metrics_aggregation_fn called with 4 results
[DEBUG] results type: <class 'list'>
[DEBUG] First result type: <class 'tuple'>
[DEBUG] First result length: 2
[DEBUG] results[0][0] type: <class 'int'>
[DEBUG] results[0][1] type: <class 'flwr.app.message.configrecord.ConfigRecord'>
[DEBUG _get_metrics] res_item[1] type: ConfigRecord
[DEBUG _get_metrics] res_item[1] has metrics attr: False
[DEBUG _get_metrics] res_item[1].__dict__: {'_check_key_fn': <function _check_key at 0x7b35885d4900>, '_check_value_fn': <function _check_value at 0x7b357ddc49a0>, '_data': {'accuracy': 0.9852731823921204, 'loss': 0.010220606811344624, 'total_samples': 2105, 'actual_attack': 1622, 'actual_normal': 483, 'predicted_attack': 1601, 'predicted_normal': 504, 'true_positives': 1596, 'true_negatives': 478, 'false_positives': 5, 'false_negatives': 26, 'precision': 0.9968769519050593, 'recall': 0.9839704069050554, 'f1_score': 0.9903816320198572}}
[DEBUG _get_metrics] res_item[1].keys(): ['accuracy', 'loss', 'total_samples', 'actual_attack', 'actual_normal', 'predicted_attack', 'predicted_normal', 'true_positives', 'true_negatives', 'false_positives', 'false_negatives', 'precision', 'recall', 'f1_score']
[DEBUG _get_metrics] Extracted from ConfigRecord._data
[DEBUG _get_metrics] res_item[1] type: ConfigRecord
[DEBUG _get_metrics] res_item[1] has metrics attr: False
[DEBUG _get_metrics] res_item[1].__dict__: {'_check_key_fn': <function _check_key at 0x7b35885d4900>, '_check_value_fn': <function _check_value at 0x7b357ddc49a0>, '_data': {'accuracy': 0.9871612191200256, 'loss': 0.01018557045608759, 'total_samples': 2103, 'actual_attack': 1621, 'actual_normal': 482, 'predicted_attack': 1604, 'predicted_normal': 499, 'true_positives': 1599, 'true_negatives': 477, 'false_positives': 5, 'false_negatives': 22, 'precision': 0.9968827930174564, 'recall': 0.986428130783467, 'f1_score': 0.9916279069767443}}
[DEBUG _get_metrics] res_item[1].keys(): ['accuracy', 'loss', 'total_samples', 'actual_attack', 'actual_normal', 'predicted_attack', 'predicted_normal', 'true_positives', 'true_negatives', 'false_positives', 'false_negatives', 'precision', 'recall', 'f1_score']
[DEBUG _get_metrics] Extracted from ConfigRecord._data
[DEBUG _get_metrics] res_item[1] type: ConfigRecord
[DEBUG _get_metrics] res_item[1] has metrics attr: False
[DEBUG _get_metrics] res_item[1].__dict__: {'_check_key_fn': <function _check_key at 0x7b35885d4900>, '_check_value_fn': <function _check_value at 0x7b357ddc49a0>, '_data': {'accuracy': 0.9862101674079895, 'loss': 0.010067987255752087, 'total_samples': 2103, 'actual_attack': 1621, 'actual_normal': 482, 'predicted_attack': 1602, 'predicted_normal': 501, 'true_positives': 1597, 'true_negatives': 477, 'false_positives': 5, 'false_negatives': 24, 'precision': 0.9968789013732834, 'recall': 0.9851943244910549, 'f1_score': 0.9910021718895439}}
[DEBUG _get_metrics] res_item[1].keys(): ['accuracy', 'loss', 'total_samples', 'actual_attack', 'actual_normal', 'predicted_attack', 'predicted_normal', 'true_positives', 'true_negatives', 'false_positives', 'false_negatives', 'precision', 'recall', 'f1_score']
[DEBUG _get_metrics] Extracted from ConfigRecord._data
[DEBUG _get_metrics] res_item[1] type: ConfigRecord
[DEBUG _get_metrics] res_item[1] has metrics attr: False
[DEBUG _get_metrics] res_item[1].__dict__: {'_check_key_fn': <function _check_key at 0x7b35885d4900>, '_check_value_fn': <function _check_value at 0x7b357ddc49a0>, '_data': {'accuracy': 0.9852731823921204, 'loss': 0.010220606811344624, 'total_samples': 2105, 'actual_attack': 1622, 'actual_normal': 483, 'predicted_attack': 1601, 'predicted_normal': 504, 'true_positives': 1596, 'true_negatives': 478, 'false_positives': 5, 'false_negatives': 26, 'precision': 0.9968769519050593, 'recall': 0.9839704069050554, 'f1_score': 0.9903816320198572}}
[DEBUG _get_metrics] res_item[1].keys(): ['accuracy', 'loss', 'total_samples', 'actual_attack', 'actual_normal', 'predicted_attack', 'predicted_normal', 'true_positives', 'true_negatives', 'false_positives', 'false_negatives', 'precision', 'recall', 'f1_score']
[DEBUG _get_metrics] Extracted from ConfigRecord._data
[DEBUG] Extracted 4 metrics from results

[Evaluation Summary]
============================================================
Round: 58 / 60
Accuracy (mean):  0.9860  (98.60%)
Loss:             0.0102
[Per-Device Accuracy]
  - Device 0:  0.9853  (98.53%)
  - Device 1:  0.9872  (98.72%)
  - Device 2:  0.9862  (98.62%)
  - Device 3:  0.9853  (98.53%)

[Ground Truth]
  - Attack samples: 1622
  - Normal samples: 483
  - Total samples:  2105

[Predictions]
  - Predicted Attack:  1601
  - Predicted Normal:  504

[Confusion Matrix]
  - True Positives (TP):  1596
  - True Negatives (TN):  478
  - False Positives (FP): 5
  - False Negatives (FN): 26

[Metrics]
  - Precision:  0.9969  (99.69%)
  - Recall:     0.9849  (98.49%)
  - F1-Score:   0.9908  (99.08%)
============================================================

[DEBUG] evaluate_metrics_aggregation_fn called with 4 results
[DEBUG] results type: <class 'list'>
[DEBUG] First result type: <class 'tuple'>
[DEBUG] First result length: 2
[DEBUG] results[0][0] type: <class 'int'>
[DEBUG] results[0][1] type: <class 'flwr.app.message.configrecord.ConfigRecord'>
[DEBUG _get_metrics] res_item[1] type: ConfigRecord
[DEBUG _get_metrics] res_item[1] has metrics attr: False
[DEBUG _get_metrics] res_item[1].__dict__: {'_check_key_fn': <function _check_key at 0x7b35885d4900>, '_check_value_fn': <function _check_value at 0x7b357ddc49a0>, '_data': {'accuracy': 0.9871612191200256, 'loss': 0.010207020677626133, 'total_samples': 2103, 'actual_attack': 1621, 'actual_normal': 482, 'predicted_attack': 1604, 'predicted_normal': 499, 'true_positives': 1599, 'true_negatives': 477, 'false_positives': 5, 'false_negatives': 22, 'precision': 0.9968827930174564, 'recall': 0.986428130783467, 'f1_score': 0.9916279069767443}}
[DEBUG _get_metrics] res_item[1].keys(): ['accuracy', 'loss', 'total_samples', 'actual_attack', 'actual_normal', 'predicted_attack', 'predicted_normal', 'true_positives', 'true_negatives', 'false_positives', 'false_negatives', 'precision', 'recall', 'f1_score']
[DEBUG _get_metrics] Extracted from ConfigRecord._data
[DEBUG _get_metrics] res_item[1] type: ConfigRecord
[DEBUG _get_metrics] res_item[1] has metrics attr: False
[DEBUG _get_metrics] res_item[1].__dict__: {'_check_key_fn': <function _check_key at 0x7b35885d4900>, '_check_value_fn': <function _check_value at 0x7b357ddc49a0>, '_data': {'accuracy': 0.9852591753005981, 'loss': 0.010037493892014027, 'total_samples': 2103, 'actual_attack': 1621, 'actual_normal': 482, 'predicted_attack': 1598, 'predicted_normal': 505, 'true_positives': 1594, 'true_negatives': 478, 'false_positives': 4, 'false_negatives': 27, 'precision': 0.9974968710888611, 'recall': 0.9833436150524367, 'f1_score': 0.9903696800248524}}
[DEBUG _get_metrics] res_item[1].keys(): ['accuracy', 'loss', 'total_samples', 'actual_attack', 'actual_normal', 'predicted_attack', 'predicted_normal', 'true_positives', 'true_negatives', 'false_positives', 'false_negatives', 'precision', 'recall', 'f1_score'][92mINFO [0m:      
[92mINFO [0m:      [ROUND 60]
[92mINFO [0m:      configure_fit: strategy sampled 4 clients (out of 4)
[92mINFO [0m:      aggregate_fit: received 4 results and 0 failures
[92mINFO [0m:      configure_evaluate: strategy sampled 4 clients (out of 4)
[92mINFO [0m:      aggregate_evaluate: received 4 results and 0 failures
[92mINFO [0m:      
[92mINFO [0m:      [SUMMARY]
[92mINFO [0m:      Run finished 60 round(s) in 241.70s
[92mINFO [0m:      	History (loss, distributed):
[92mINFO [0m:      		round 1: 0.07628769884877502
[92mINFO [0m:      		round 2: 0.08178199113421
[92mINFO [0m:      		round 3: 0.08316738871740666
[92mINFO [0m:      		round 4: 0.07855014609502267
[92mINFO [0m:      		round 5: 0.06842316574321444
[92mINFO [0m:      		round 6: 0.05588459333859937
[92mINFO [0m:      		round 7: 0.04444287983991008
[92mINFO [0m:      		round 8: 0.03484775581726443
[92mINFO [0m:      		round 9: 0.02784613815460269
[92mINFO [0m:      		round 10: 0.02237119456972686
[92mINFO [0m:      		round 11: 0.018588910656166704
[92mINFO [0m:      		round 12: 0.01555150440026928
[92mINFO [0m:      		round 13: 0.013442439447088918
[92mINFO [0m:      		round 14: 0.012081975182394422
[92mINFO [0m:      		round 15: 0.011192861553029239
[92mINFO [0m:      		round 16: 0.010514347640839104
[92mINFO [0m:      		round 17: 0.010003615608381306
[92mINFO [0m:      		round 18: 0.009760219118528656
[92mINFO [0m:      		round 19: 0.0094352347842469
[92mINFO [0m:      		round 20: 0.009344920729811058
[92mINFO [0m:      		round 21: 0.008963375483345623
[92mINFO [0m:      		round 22: 0.008807836669145733
[92mINFO [0m:      		round 23: 0.00865280802771998
[92mINFO [0m:      		round 24: 0.008424321991703987
[92mINFO [0m:      		round 25: 0.00838149979643297
[92mINFO [0m:      		round 26: 0.008486781921104913
[92mINFO [0m:      		round 27: 0.008578282390090817
[92mINFO [0m:      		round 28: 0.008654463723719743
[92mINFO [0m:      		round 29: 0.008653694648138945
[92mINFO [0m:      		round 30: 0.008685908235163346
[92mINFO [0m:      		round 31: 0.008717545793642301
[92mINFO [0m:      		round 32: 0.008808525248953874
[92mINFO [0m:      		round 33: 0.008927193802724744
[92mINFO [0m:      		round 34: 0.009114537425600382
[92mINFO [0m:      		round 35: 0.009208667254254236
[92mINFO [0m:      		round 36: 0.009277475658629776
[92mINFO [0m:      		round 37: 0.009411742950580702
[92mINFO [0m:      		round 38: 0.009616888648770154
[92mINFO [0m:      		round 39: 0.009672342108526293
[92mINFO [0m:      		round 40: 0.009698534576255942
[92mINFO [0m:      		round 41: 0.009799617037337323
[92mINFO [0m:      		round 42: 0.009668875335602393
[92mINFO [0m:      		round 43: 0.009783451697486364
[92mINFO [0m:      		round 44: 0.009654510563647573
[92mINFO [0m:      		round 45: 0.009403088523788527
[92mINFO [0m:      		round 46: 0.009323590614911729
[92mINFO [0m:      		round 47: 0.009252008253079043
[92mINFO [0m:      		round 48: 0.009432687692808079
[92mINFO [0m:      		round 49: 0.00948693176048468
[92mINFO [0m:      		round 50: 0.00918005208175863
[92mINFO [0m:      		round 51: 0.009193245107715263
[92mINFO [0m:      		round 52: 0.009355138727581525
[92mINFO [0m:      		round 53: 0.00964373999302711
[92mINFO [0m:      		round 54: 0.009919164347406584
[92mINFO [0m:      		round 55: 0.010006732751235557
[92mINFO [0m:      		round 56: 0.010069843126016496
[92mINFO [0m:      		round 57: 0.010258892044901295
[92mINFO [0m:      		round 58: 0.010173715131150155
[92mINFO [0m:      		round 59: 0.010174772970178323
[92mINFO [0m:      		round 60: 0.009992497571112815
[92mINFO [0m:      	History (metrics, distributed, evaluate):
[92mINFO [0m:      	{'accuracy': [(1, 0.25166479498147964),
[92mINFO [0m:      	              (2, 0.26865439116954803),
[92mINFO [0m:      	              (3, 0.264020174741745),
[92mINFO [0m:      	              (4, 0.26425793021917343),
[92mINFO [0m:      	              (5, 0.26378288120031357),
[92mINFO [0m:      	              (6, 0.6032543182373047),
[92mINFO [0m:      	              (7, 0.8773748129606247),
[92mINFO [0m:      	              (8, 0.912903904914856),
[92mINFO [0m:      	              (9, 0.9308474659919739),
[92mINFO [0m:      	              (10, 0.9373823404312134),
[92mINFO [0m:      	              (11, 0.9550872147083282),
[92mINFO [0m:      	              (12, 0.9649507105350494),
[92mINFO [0m:      	              (13, 0.9681583642959595),
[92mINFO [0m:      	              (14, 0.9707716405391693),
[92mINFO [0m:      	              (15, 0.9704150259494781),
[92mINFO [0m:      	              (16, 0.9699399769306183),
[92mINFO [0m:      	              (17, 0.9754051715135574),
[92mINFO [0m:      	              (18, 0.9742170870304108),
[92mINFO [0m:      	              (19, 0.9800384640693665),
[92mINFO [0m:      	              (20, 0.9862173944711685),
[92mINFO [0m:      	              (21, 0.9865740239620209),
[92mINFO [0m:      	              (22, 0.9884747117757797),
[92mINFO [0m:      	              (23, 0.9897816926240921),
[92mINFO [0m:      	              (24, 0.9907325059175491),
[92mINFO [0m:      	              (25, 0.99073226749897),
[92mINFO [0m:      	              (26, 0.9903758615255356),
[92mINFO [0m:      	              (27, 0.9908511489629745),
[92mINFO [0m:      	              (28, 0.9912073463201523),
[92mINFO [0m:      	              (29, 0.9908509403467178),
[92mINFO [0m:      	              (30, 0.9906133860349655),
[92mINFO [0m:      	              (31, 0.990256741642952),
[92mINFO [0m:      	              (32, 0.9901378750801086),
[92mINFO [0m:      	              (33, 0.9901378750801086),
[92mINFO [0m:      	              (34, 0.9897814691066742),
[92mINFO [0m:      	              (35, 0.990256741642952),
[92mINFO [0m:      	              (36, 0.990256741642952),
[92mINFO [0m:      	              (37, 0.990019217133522),
[92mINFO [0m:      	              (38, 0.9899005740880966),
[92mINFO [0m:      	              (39, 0.9899005740880966),
[92mINFO [0m:      	              (40, 0.9883563071489334),
[92mINFO [0m:      	              (41, 0.9881185442209244),
[92mINFO [0m:      	              (42, 0.9881185442209244),
[92mINFO [0m:      	              (43, 0.9879996627569199),
[92mINFO [0m:      	              (44, 0.9879996627569199),
[92mINFO [0m:      	              (45, 0.9876432567834854),
[92mINFO [0m:      	              (46, 0.9876432567834854),
[92mINFO [0m:      	              (47, 0.9881183058023453),
[92mINFO [0m:      	              (48, 0.9872864037752151),
[92mINFO [0m:      	              (49, 0.9863360673189163),
[92mINFO [0m:      	              (50, 0.9860983192920685),
[92mINFO [0m:      	              (51, 0.9860983192920685),
[92mINFO [0m:      	              (52, 0.9860983192920685),
[92mINFO [0m:      	              (53, 0.9864549487829208),
[92mINFO [0m:      	              (54, 0.9865738302469254),
[92mINFO [0m:      	              (55, 0.9864549487829208),
[92mINFO [0m:      	              (56, 0.9862171858549118),
[92mINFO [0m:      	              (57, 0.9862171858549118),
[92mINFO [0m:      	              (58, 0.985979437828064),
[92mINFO [0m:      	              (59, 0.9850290864706039),
[92mINFO [0m:      	              (60, 0.9849102050065994)],
[92mINFO [0m:      	 'actual_attack': [(1, 1622),
[92mINFO [0m:      	                   (2, 1621),
[92mINFO [0m:      	                   (3, 1621),
[92mINFO [0m:      	                   (4, 1622),
[92mINFO [0m:      	                   (5, 1622),
[92mINFO [0m:      	                   (6, 1622),
[92mINFO [0m:      	                   (7, 1622),
[92mINFO [0m:      	                   (8, 1622),
[92mINFO [0m:      	                   (9, 1622),
[92mINFO [0m:      	                   (10, 1621),
[92mINFO [0m:      	                   (11, 1622),
[92mINFO [0m:      	                   (12, 1622),
[92mINFO [0m:      	                   (13, 1621),
[92mINFO [0m:      	                   (14, 1622),
[92mINFO [0m:      	                   (15, 1621),
[92mINFO [0m:      	                   (16, 1621),
[92mINFO [0m:      	                   (17, 1622),
[92mINFO [0m:      	                   (18, 1622),
[92mINFO [0m:      	                   (19, 1622),
[92mINFO [0m:      	                   (20, 1621),
[92mINFO [0m:      	                   (21, 1621),
[92mINFO [0m:      	                   (22, 1621),
[92mINFO [0m:      	                   (23, 1621),
[92mINFO [0m:      	                   (24, 1621),
[92mINFO [0m:      	                   (25, 1621),
[92mINFO [0m:      	                   (26, 1622),
[92mINFO [0m:      	                   (27, 1621),
[92mINFO [0m:      	                   (28, 1622),
[92mINFO [0m:      	                   (29, 1621),
[92mINFO [0m:      	                   (30, 1621),
[92mINFO [0m:      	                   (31, 1621),
[92mINFO [0m:      	                   (32, 1622),
[92mINFO [0m:      	                   (33, 1622),
[92mINFO [0m:      	                   (34, 1621),
[92mINFO [0m:      	                   (35, 1622),
[92mINFO [0m:      	                   (36, 1621),
[92mINFO [0m:      	                   (37, 1622),
[92mINFO [0m:      	                   (38, 1621),
[92mINFO [0m:      	                   (39, 1622),
[92mINFO [0m:      	                   (40, 1622),
[92mINFO [0m:      	                   (41, 1622),
[92mINFO [0m:      	                   (42, 1622),
[92mINFO [0m:      	                   (43, 1622),
[92mINFO [0m:      	                   (44, 1622),
[92mINFO [0m:      	                   (45, 1621),
[92mINFO [0m:      	                   (46, 1622),
[92mINFO [0m:      	                   (47, 1622),
[92mINFO [0m:      	                   (48, 1621),
[92mINFO [0m:      	                   (49, 1622),
[92mINFO [0m:      	                   (50, 1621),
[92mINFO [0m:      	                   (51, 1622),
[92mINFO [0m:      	                   (52, 1622),
[92mINFO [0m:      	                   (53, 1622),
[92mINFO [0m:      	                   (54, 1621),
[92mINFO [0m:      	                   (55, 1622),
[92mINFO [0m:      	                   (56, 1622),
[92mINFO [0m:      	                   (57, 1621),
[92mINFO [0m:      	                   (58, 1622),
[92mINFO [0m:      	                   (59, 1621),
[92mINFO [0m:      	                   (60, 1621)],
[92mINFO [0m:      	 'actual_normal': [(1, 483),
[92mINFO [0m:      	                   (2, 482),
[92mINFO [0m:      	                   (3, 482),
[92mINFO [0m:      	                   (4, 483),
[92mINFO [0m:      	                   (5, 483),
[92mINFO [0m:      	                   (6, 483),
[92mINFO [0m:      	                   (7, 483),
[92mINFO [0m:      	                   (8, 483),
[92mINFO [0m:      	                   (9, 483),
[92mINFO [0m:      	                   (10, 482),
[92mINFO [0m:      	                   (11, 483),
[92mINFO [0m:      	                   (12, 483),
[92mINFO [0m:      	                   (13, 482),
[92mINFO [0m:      	                   (14, 483),
[92mINFO [0m:      	                   (15, 482),
[92mINFO [0m:      	                   (16, 482),
[92mINFO [0m:      	                   (17, 483),
[92mINFO [0m:      	                   (18, 483),
[92mINFO [0m:      	                   (19, 483),
[92mINFO [0m:      	                   (20, 482),
[92mINFO [0m:      	                   (21, 482),
[92mINFO [0m:      	                   (22, 482),
[92mINFO [0m:      	                   (23, 482),
[92mINFO [0m:      	                   (24, 482),
[92mINFO [0m:      	                   (25, 482),
[92mINFO [0m:      	                   (26, 483),
[92mINFO [0m:      	                   (27, 482),
[92mINFO [0m:      	                   (28, 483),
[92mINFO [0m:      	                   (29, 482),
[92mINFO [0m:      	                   (30, 482),
[92mINFO [0m:      	                   (31, 482),
[92mINFO [0m:      	                   (32, 483),
[92mINFO [0m:      	                   (33, 483),
[92mINFO [0m:      	                   (34, 482),
[92mINFO [0m:      	                   (35, 483),
[92mINFO [0m:      	                   (36, 482),
[92mINFO [0m:      	                   (37, 483),
[92mINFO [0m:      	                   (38, 482),
[92mINFO [0m:      	                   (39, 483),
[92mINFO [0m:      	                   (40, 483),
[92mINFO [0m:      	                   (41, 483),
[92mINFO [0m:      	                   (42, 483),
[92mINFO [0m:      	                   (43, 483),
[92mINFO [0m:      	                   (44, 483),
[92mINFO [0m:      	                   (45, 482),
[92mINFO [0m:      	                   (46, 483),
[92mINFO [0m:      	                   (47, 483),
[92mINFO [0m:      	                   (48, 482),
[92mINFO [0m:      	                   (49, 483),
[92mINFO [0m:      	                   (50, 482),
[92mINFO [0m:      	                   (51, 483),
[92mINFO [0m:      	                   (52, 483),
[92mINFO [0m:      	                   (53, 483),
[92mINFO [0m:      	                   (54, 482),
[92mINFO [0m:      	                   (55, 483),
[92mINFO [0m:      	                   (56, 483),
[92mINFO [0m:      	                   (57, 482),
[92mINFO [0m:      	                   (58, 483),
[92mINFO [0m:      	                   (59, 482),
[92mINFO [0m:      	                   (60, 482)],
[92mINFO [0m:      	 'f1_score': [(1, 0.09795296762072539),
[92mINFO [0m:      	              (2, 0.10156610108551277),
[92mINFO [0m:      	              (3, 0.08669197613273419),
[92mINFO [0m:      	              (4, 0.08671770260127229),
[92mINFO [0m:      	              (5, 0.08612877445050669),
[92mINFO [0m:      	              (6, 0.653754901976247),
[92mINFO [0m:      	              (7, 0.9136578972837882),
[92mINFO [0m:      	              (8, 0.9402028785722185),
[92mINFO [0m:      	              (9, 0.9531155578738965),
[92mINFO [0m:      	              (10, 0.9577484839807978),
[92mINFO [0m:      	              (11, 0.9700503282492293),
[92mINFO [0m:      	              (12, 0.9767705361707172),
[92mINFO [0m:      	              (13, 0.9789506514355568),
[92mINFO [0m:      	              (14, 0.9807161258967941),
[92mINFO [0m:      	              (15, 0.9804893016854244),
[92mINFO [0m:      	              (16, 0.9801839087254329),
[92mINFO [0m:      	              (17, 0.983835505756071),
[92mINFO [0m:      	              (18, 0.983041069375076),
[92mINFO [0m:      	              (19, 0.9869220951028658),
[92mINFO [0m:      	              (20, 0.9910072689032995),
[92mINFO [0m:      	              (21, 0.9912414112101495),
[92mINFO [0m:      	              (22, 0.9924877243387),
[92mINFO [0m:      	              (23, 0.993345423358981),
[92mINFO [0m:      	              (24, 0.9939688309480206),
[92mINFO [0m:      	              (25, 0.993969263071943),
[92mINFO [0m:      	              (26, 0.9937388106851563),
[92mINFO [0m:      	              (27, 0.9940469249247847),
[92mINFO [0m:      	              (28, 0.9942803899699343),
[92mINFO [0m:      	              (29, 0.9940470685517595),
[92mINFO [0m:      	              (30, 0.993891457000275),
[92mINFO [0m:      	              (31, 0.9936579904443378),
[92mINFO [0m:      	              (32, 0.9935800397517462),
[92mINFO [0m:      	              (33, 0.9935800397517464),
[92mINFO [0m:      	              (34, 0.993346332916806),
[92mINFO [0m:      	              (35, 0.9936579904443378),
[92mINFO [0m:      	              (36, 0.9936579904443377),
[92mINFO [0m:      	              (37, 0.9935022825985765),
[92mINFO [0m:      	              (38, 0.9934243808099757),
[92mINFO [0m:      	              (39, 0.9934243808099757),
[92mINFO [0m:      	              (40, 0.9924102996827743),
[92mINFO [0m:      	              (41, 0.992254253362929),
[92mINFO [0m:      	              (42, 0.9922542533629292),
[92mINFO [0m:      	              (43, 0.992176447291261),
[92mINFO [0m:      	              (44, 0.992176447291261),
[92mINFO [0m:      	              (45, 0.9919419671587684),
[92mINFO [0m:      	              (46, 0.9919422086419851),
[92mINFO [0m:      	              (47, 0.9922548805502782),
[92mINFO [0m:      	              (48, 0.991707202264705),
[92mINFO [0m:      	              (49, 0.9910816148424826),
[92mINFO [0m:      	              (50, 0.9909252291290371),
[92mINFO [0m:      	              (51, 0.990925229129037),
[92mINFO [0m:      	              (52, 0.9909252291290371),
[92mINFO [0m:      	              (53, 0.9911597105595906),
[92mINFO [0m:      	              (54, 0.9912377578902567),
[92mINFO [0m:      	              (55, 0.9911597105595906),
[92mINFO [0m:      	              (56, 0.9910033732775974),
[92mINFO [0m:      	              (57, 0.9910033732775974),
[92mINFO [0m:      	              (58, 0.9908483357265006),
[92mINFO [0m:      	              (59, 0.9902198936448091),
[92mINFO [0m:      	              (60, 0.9901414574794909)],
[92mINFO [0m:      	 'false_negatives': [(1, 1541),
[92mINFO [0m:      	                     (2, 1528),
[92mINFO [0m:      	                     (3, 1547),
[92mINFO [0m:      	                     (4, 1546),
[92mINFO [0m:      	                     (5, 1547),
[92mINFO [0m:      	                     (6, 826),
[92mINFO [0m:      	                     (7, 248),
[92mINFO [0m:      	                     (8, 179),
[92mINFO [0m:      	                     (9, 147),
[92mINFO [0m:      	                     (10, 122),
[92mINFO [0m:      	                     (11, 96),
[92mINFO [0m:      	                     (12, 81),
[92mINFO [0m:      	                     (13, 55),
[92mINFO [0m:      	                     (14, 63),
[92mINFO [0m:      	                     (15, 53),
[92mINFO [0m:      	                     (16, 51),
[92mINFO [0m:      	                     (17, 51),
[92mINFO [0m:      	                     (18, 54),
[92mINFO [0m:      	                     (19, 38),
[92mINFO [0m:      	                     (20, 19),
[92mINFO [0m:      	                     (21, 22),
[92mINFO [0m:      	                     (22, 15),
[92mINFO [0m:      	                     (23, 13),
[92mINFO [0m:      	                     (24, 14),
[92mINFO [0m:      	                     (25, 12),
[92mINFO [0m:      	                     (26, 16),
[92mINFO [0m:      	                     (27, 14),
[92mINFO [0m:      	                     (28, 14),
[92mINFO [0m:      	                     (29, 15),
[92mINFO [0m:      	                     (30, 15),
[92mINFO [0m:      	                     (31, 17),
[92mINFO [0m:      	                     (32, 16),
[92mINFO [0m:      	                     (33, 16),
[92mINFO [0m:      	                     (34, 19),
[92mINFO [0m:      	                     (35, 16),
[92mINFO [0m:      	                     (36, 17),
[92mINFO [0m:      	                     (37, 17),
[92mINFO [0m:      	                     (38, 16),
[92mINFO [0m:      	                     (39, 18),
[92mINFO [0m:      	                     (40, 23),
[92mINFO [0m:      	                     (41, 23),
[92mINFO [0m:      	                     (42, 23),
[92mINFO [0m:      	                     (43, 23),
[92mINFO [0m:      	                     (44, 23),
[92mINFO [0m:      	                     (45, 15),
[92mINFO [0m:      	                     (46, 24),
[92mINFO [0m:      	                     (47, 22),
[92mINFO [0m:      	                     (48, 19),
[92mINFO [0m:      	                     (49, 26),
[92mINFO [0m:      	                     (50, 22),
[92mINFO [0m:      	                     (51, 26),
[92mINFO [0m:      	                     (52, 26),
[92mINFO [0m:      	                     (53, 26),
[92mINFO [0m:      	                     (54, 19),
[92mINFO [0m:      	                     (55, 26),
[92mINFO [0m:      	                     (56, 26),
[92mINFO [0m:      	                     (57, 21),
[92mINFO [0m:      	                     (58, 26),
[92mINFO [0m:      	                     (59, 22),
[92mINFO [0m:      	                     (60, 28)],
[92mINFO [0m:      	 'false_positives': [(1, 40),
[92mINFO [0m:      	                     (2, 5),
[92mINFO [0m:      	                     (3, 2),
[92mINFO [0m:      	                     (4, 0),
[92mINFO [0m:      	                     (5, 1),
[92mINFO [0m:      	                     (6, 3),
[92mINFO [0m:      	                     (7, 3),
[92mINFO [0m:      	                     (8, 4),
[92mINFO [0m:      	                     (9, 5),
[92mINFO [0m:      	                     (10, 1),
[92mINFO [0m:      	                     (11, 6),
[92mINFO [0m:      	                     (12, 6),
[92mINFO [0m:      	                     (13, 2),
[92mINFO [0m:      	                     (14, 6),
[92mINFO [0m:      	                     (15, 3),
[92mINFO [0m:      	                     (16, 5),
[92mINFO [0m:      	                     (17, 6),
[92mINFO [0m:      	                     (18, 6),
[92mINFO [0m:      	                     (19, 6),
[92mINFO [0m:      	                     (20, 5),
[92mINFO [0m:      	                     (21, 5),
[92mINFO [0m:      	                     (22, 5),
[92mINFO [0m:      	                     (23, 5),
[92mINFO [0m:      	                     (24, 5),
[92mINFO [0m:      	                     (25, 5),
[92mINFO [0m:      	                     (26, 6),
[92mINFO [0m:      	                     (27, 5),
[92mINFO [0m:      	                     (28, 5),
[92mINFO [0m:      	                     (29, 5),
[92mINFO [0m:      	                     (30, 5),
[92mINFO [0m:      	                     (31, 5),
[92mINFO [0m:      	                     (32, 5),
[92mINFO [0m:      	                     (33, 5),
[92mINFO [0m:      	                     (34, 5),
[92mINFO [0m:      	                     (35, 5),
[92mINFO [0m:      	                     (36, 5),
[92mINFO [0m:      	                     (37, 5),
[92mINFO [0m:      	                     (38, 5),
[92mINFO [0m:      	                     (39, 5),
[92mINFO [0m:      	                     (40, 5),
[92mINFO [0m:      	                     (41, 5),
[92mINFO [0m:      	                     (42, 5),
[92mINFO [0m:      	                     (43, 5),
[92mINFO [0m:      	                     (44, 5),
[92mINFO [0m:      	                     (45, 5),
[92mINFO [0m:      	                     (46, 5),
[92mINFO [0m:      	                     (47, 5),
[92mINFO [0m:      	                     (48, 5),
[92mINFO [0m:      	                     (49, 5),
[92mINFO [0m:      	                     (50, 5),
[92mINFO [0m:      	                     (51, 5),
[92mINFO [0m:      	                     (52, 5),
[92mINFO [0m:      	                     (53, 5),
[92mINFO [0m:      	                     (54, 5),
[92mINFO [0m:      	                     (55, 5),
[92mINFO [0m:      	                     (56, 5),
[92mINFO [0m:      	                     (57, 5),
[92mINFO [0m:      	                     (58, 5),
[92mINFO [0m:      	                     (59, 5),
[92mINFO [0m:      	                     (60, 4)],
[92mINFO [0m:      	 'loss': [(1, 0.07628827914595604),
[92mINFO [0m:      	          (2, 0.0817822813987732),
[92mINFO [0m:      	          (3, 0.08316737227141857),
[92mINFO [0m:      	          (4, 0.07855001278221607),
[92mINFO [0m:      	          (5, 0.06842301413416862),
[92mINFO [0m:      	          (6, 0.05588444974273443),
[92mINFO [0m:      	          (7, 0.04444274678826332),
[92mINFO [0m:      	          (8, 0.03484762832522392),
[92mINFO [0m:      	          (9, 0.02784601505845785),
[92mINFO [0m:      	          (10, 0.022371061146259308),
[92mINFO [0m:      	          (11, 0.018588771112263203),
[92mINFO [0m:      	          (12, 0.015551348915323615),
[92mINFO [0m:      	          (13, 0.013442266033962369),
[92mINFO [0m:      	          (14, 0.01208178885281086),
[92mINFO [0m:      	          (15, 0.0111926703248173),
[92mINFO [0m:      	          (16, 0.010514151537790895),
[92mINFO [0m:      	          (17, 0.010003417963162065),
[92mINFO [0m:      	          (18, 0.009760017739608884),
[92mINFO [0m:      	          (19, 0.00943503831513226),
[92mINFO [0m:      	          (20, 0.009344728663563728),
[92mINFO [0m:      	          (21, 0.008963187225162983),
[92mINFO [0m:      	          (22, 0.008807652862742543),
[92mINFO [0m:      	          (23, 0.008652633288875222),
[92mINFO [0m:      	          (24, 0.008424152387306094),
[92mINFO [0m:      	          (25, 0.00838133692741394),
[92mINFO [0m:      	          (26, 0.008486627135425806),
[92mINFO [0m:      	          (27, 0.008578132838010788),
[92mINFO [0m:      	          (28, 0.008654318749904633),
[92mINFO [0m:      	          (29, 0.008653553435578942),
[92mINFO [0m:      	          (30, 0.008685771375894547),
[92mINFO [0m:      	          (31, 0.008717416087165475),
[92mINFO [0m:      	          (32, 0.008808406302705407),
[92mINFO [0m:      	          (33, 0.008927082642912865),
[92mINFO [0m:      	          (34, 0.009114432381466031),
[92mINFO [0m:      	          (35, 0.009208567906171083),
[92mINFO [0m:      	          (36, 0.009277379373088479),
[92mINFO [0m:      	          (37, 0.009411650709807873),
[92mINFO [0m:      	          (38, 0.009616801515221596),
[92mINFO [0m:      	          (39, 0.009672257350757718),
[92mINFO [0m:      	          (40, 0.00969845661893487),
[92mINFO [0m:      	          (41, 0.00979954726062715),
[92mINFO [0m:      	          (42, 0.009668809361755848),
[92mINFO [0m:      	          (43, 0.009783388581126928),
[92mINFO [0m:      	          (44, 0.009654448134824634),
[92mINFO [0m:      	          (45, 0.009403025265783072),
[92mINFO [0m:      	          (46, 0.009323526872321963),
[92mINFO [0m:      	          (47, 0.00925194169394672),
[92mINFO [0m:      	          (48, 0.009432625956833363),
[92mINFO [0m:      	          (49, 0.00948687526397407),
[92mINFO [0m:      	          (50, 0.00917999492958188),
[92mINFO [0m:      	          (51, 0.009193189442157745),
[92mINFO [0m:      	          (52, 0.009355088463053107),
[92mINFO [0m:      	          (53, 0.009643690194934607),
[92mINFO [0m:      	          (54, 0.009919116040691733),
[92mINFO [0m:      	          (55, 0.010006688768044114),
[92mINFO [0m:      	          (56, 0.010069803800433874),
[92mINFO [0m:      	          (57, 0.010258857626467943),
[92mINFO [0m:      	          (58, 0.01017369283363223),
[92mINFO [0m:      	          (59, 0.01017474802210927),
[92mINFO [0m:      	          (60, 0.009992469334974885)],
[92mINFO [0m:      	 'precision': [(1, 0.68946820648822),
[92mINFO [0m:      	               (2, 0.953393842602752),
[92mINFO [0m:      	               (3, 0.993421052631579),
[92mINFO [0m:      	               (4, 1.0),
[92mINFO [0m:      	               (5, 0.993421052631579),
[92mINFO [0m:      	               (6, 0.9981226533166458),
[92mINFO [0m:      	               (7, 0.9987272564524301),
[92mINFO [0m:      	               (8, 0.9982704750544958),
[92mINFO [0m:      	               (9, 0.9979738811392037),
[92mINFO [0m:      	               (10, 0.9976618772262094),
[92mINFO [0m:      	               (11, 0.9977162524159914),
[92mINFO [0m:      	               (12, 0.9977407611610051),
[92mINFO [0m:      	               (13, 0.9974346305458472),
[92mINFO [0m:      	               (14, 0.9974465298552233),
[92mINFO [0m:      	               (15, 0.9968119305091867),
[92mINFO [0m:      	               (16, 0.9960183768184148),
[92mINFO [0m:      	               (17, 0.9966768989882834),
[92mINFO [0m:      	               (18, 0.9966713778208376),
[92mINFO [0m:      	               (19, 0.9966982115363332),
[92mINFO [0m:      	               (20, 0.9965697060065519),
[92mINFO [0m:      	               (21, 0.9965711590286139),
[92mINFO [0m:      	               (22, 0.9970439805075397),
[92mINFO [0m:      	               (23, 0.9970490088619886),
[92mINFO [0m:      	               (24, 0.9968982558742828),
[92mINFO [0m:      	               (25, 0.9968982612379376),
[92mINFO [0m:      	               (26, 0.9964345402549128),
[92mINFO [0m:      	               (27, 0.9968987407880046),
[92mINFO [0m:      	               (28, 0.9969001853931276),
[92mINFO [0m:      	               (29, 0.9968987425751463),
[92mINFO [0m:      	               (30, 0.996897779900729),
[92mINFO [0m:      	               (31, 0.9968963352867202),
[92mINFO [0m:      	               (32, 0.9968958521523608),
[92mINFO [0m:      	               (33, 0.9968958521523608),
[92mINFO [0m:      	               (34, 0.9968944045464281),
[92mINFO [0m:      	               (35, 0.9968963352867202),
[92mINFO [0m:      	               (36, 0.9968963352867202),
[92mINFO [0m:      	               (37, 0.9968953714164339),
[92mINFO [0m:      	               (38, 0.9968948888822415),
[92mINFO [0m:      	               (39, 0.9968948888822415),
[92mINFO [0m:      	               (40, 0.9968885990814724),
[92mINFO [0m:      	               (41, 0.9968876310077688),
[92mINFO [0m:      	               (42, 0.9968876310077688),
[92mINFO [0m:      	               (43, 0.99688714967056),
[92mINFO [0m:      	               (44, 0.99688714967056),
[92mINFO [0m:      	               (45, 0.9968856924248545),
[92mINFO [0m:      	               (46, 0.996885695431305),
[92mINFO [0m:      	               (47, 0.9968876388279349),
[92mINFO [0m:      	               (48, 0.9970393298636586),
[92mINFO [0m:      	               (49, 0.9970354400278093),
[92mINFO [0m:      	               (50, 0.9970345645879056),
[92mINFO [0m:      	               (51, 0.9970345645879055),
[92mINFO [0m:      	               (52, 0.9970345645879056),
[92mINFO [0m:      	               (53, 0.997035924969403),
[92mINFO [0m:      	               (54, 0.9970364093074602),
[92mINFO [0m:      	               (55, 0.9970359249694031),
[92mINFO [0m:      	               (56, 0.9970350501341645),
[92mINFO [0m:      	               (57, 0.9970350501341645),
[92mINFO [0m:      	               (58, 0.9968788995502147),
[92mINFO [0m:      	               (59, 0.9970304604571175),
[92mINFO [0m:      	               (60, 0.9970300686085091)],
[92mINFO [0m:      	 'predicted_attack': [(1, 121),
[92mINFO [0m:      	                      (2, 98),
[92mINFO [0m:      	                      (3, 76),
[92mINFO [0m:      	                      (4, 76),
[92mINFO [0m:      	                      (5, 76),
[92mINFO [0m:      	                      (6, 799),
[92mINFO [0m:      	                      (7, 1377),
[92mINFO [0m:      	                      (8, 1447),
[92mINFO [0m:      	                      (9, 1480),
[92mINFO [0m:      	                      (10, 1500),
[92mINFO [0m:      	                      (11, 1532),
[92mINFO [0m:      	                      (12, 1547),
[92mINFO [0m:      	                      (13, 1568),
[92mINFO [0m:      	                      (14, 1565),
[92mINFO [0m:      	                      (15, 1571),
[92mINFO [0m:      	                      (16, 1575),
[92mINFO [0m:      	                      (17, 1577),
[92mINFO [0m:      	                      (18, 1574),
[92mINFO [0m:      	                      (19, 1590),
[92mINFO [0m:      	                      (20, 1607),
[92mINFO [0m:      	                      (21, 1604),
[92mINFO [0m:      	                      (22, 1611),
[92mINFO [0m:      	                      (23, 1613),
[92mINFO [0m:      	                      (24, 1612),
[92mINFO [0m:      	                      (25, 1614),
[92mINFO [0m:      	                      (26, 1612),
[92mINFO [0m:      	                      (27, 1612),
[92mINFO [0m:      	                      (28, 1613),
[92mINFO [0m:      	                      (29, 1611),
[92mINFO [0m:      	                      (30, 1611),
[92mINFO [0m:      	                      (31, 1609),
[92mINFO [0m:      	                      (32, 1611),
[92mINFO [0m:      	                      (33, 1611),
[92mINFO [0m:      	                      (34, 1607),
[92mINFO [0m:      	                      (35, 1611),
[92mINFO [0m:      	                      (36, 1609),
[92mINFO [0m:      	                      (37, 1610),
[92mINFO [0m:      	                      (38, 1610),
[92mINFO [0m:      	                      (39, 1609),
[92mINFO [0m:      	                      (40, 1604),
[92mINFO [0m:      	                      (41, 1604),
[92mINFO [0m:      	                      (42, 1604),
[92mINFO [0m:      	                      (43, 1604),
[92mINFO [0m:      	                      (44, 1604),
[92mINFO [0m:      	                      (45, 1611),
[92mINFO [0m:      	                      (46, 1603),
[92mINFO [0m:      	                      (47, 1605),
[92mINFO [0m:      	                      (48, 1607),
[92mINFO [0m:      	                      (49, 1601),
[92mINFO [0m:      	                      (50, 1604),
[92mINFO [0m:      	                      (51, 1601),
[92mINFO [0m:      	                      (52, 1601),
[92mINFO [0m:      	                      (53, 1601),
[92mINFO [0m:      	                      (54, 1607),
[92mINFO [0m:      	                      (55, 1601),
[92mINFO [0m:      	                      (56, 1601),
[92mINFO [0m:      	                      (57, 1605),
[92mINFO [0m:      	                      (58, 1601),
[92mINFO [0m:      	                      (59, 1604),
[92mINFO [0m:      	                      (60, 1597)],
[92mINFO [0m:      	 'predicted_normal': [(1, 1984),
[92mINFO [0m:      	                      (2, 2005),
[92mINFO [0m:      	                      (3, 2027),
[92mINFO [0m:      	                      (4, 2029),
[92mINFO [0m:      	                      (5, 2029),
[92mINFO [0m:      	                      (6, 1306),
[92mINFO [0m:      	                      (7, 728),
[92mINFO [0m:      	                      (8, 658),
[92mINFO [0m:      	                      (9, 625),
[92mINFO [0m:      	                      (10, 603),
[92mINFO [0m:      	                      (11, 573),
[92mINFO [0m:      	                      (12, 558),
[92mINFO [0m:      	                      (13, 535),
[92mINFO [0m:      	                      (14, 540),
[92mINFO [0m:      	                      (15, 532),
[92mINFO [0m:      	                      (16, 528),
[92mINFO [0m:      	                      (17, 528),
[92mINFO [0m:      	                      (18, 531),
[92mINFO [0m:      	                      (19, 515),
[92mINFO [0m:      	                      (20, 496),
[92mINFO [0m:      	                      (21, 499),
[92mINFO [0m:      	                      (22, 492),
[92mINFO [0m:      	                      (23, 490),
[92mINFO [0m:      	                      (24, 491),
[92mINFO [0m:      	                      (25, 489),
[92mINFO [0m:      	                      (26, 493),
[92mINFO [0m:      	                      (27, 491),
[92mINFO [0m:      	                      (28, 492),
[92mINFO [0m:      	                      (29, 492),
[92mINFO [0m:      	                      (30, 492),
[92mINFO [0m:      	                      (31, 494),
[92mINFO [0m:      	                      (32, 494),
[92mINFO [0m:      	                      (33, 494),
[92mINFO [0m:      	                      (34, 496),
[92mINFO [0m:      	                      (35, 494),
[92mINFO [0m:      	                      (36, 494),
[92mINFO [0m:      	                      (37, 495),
[92mINFO [0m:      	                      (38, 493),
[92mINFO [0m:      	                      (39, 496),
[92mINFO [0m:      	                      (40, 501),
[92mINFO [0m:      	                      (41, 501),
[92mINFO [0m:      	                      (42, 501),
[92mINFO [0m:      	                      (43, 501),
[92mINFO [0m:      	                      (44, 501),
[92mINFO [0m:      	                      (45, 492),
[92mINFO [0m:      	                      (46, 502),
[92mINFO [0m:      	                      (47, 500),
[92mINFO [0m:      	                      (48, 496),
[92mINFO [0m:      	                      (49, 504),
[92mINFO [0m:      	                      (50, 499),
[92mINFO [0m:      	                      (51, 504),
[92mINFO [0m:      	                      (52, 504),
[92mINFO [0m:      	                      (53, 504),
[92mINFO [0m:      	                      (54, 496),
[92mINFO [0m:      	                      (55, 504),
[92mINFO [0m:      	                      (56, 504),
[92mINFO [0m:      	                      (57, 498),
[92mINFO [0m:      	                      (58, 504),
[92mINFO [0m:      	                      (59, 499),
[92mINFO [0m:      	                      (60, 506)],
[92mINFO [0m:      	 'recall': [(1, 0.052729815438704856),
[92mINFO [0m:      	            (2, 0.05365364881856581),
[92mINFO [0m:      	            (3, 0.045327928521387374),
[92mINFO [0m:      	            (4, 0.045327928521387374),
[92mINFO [0m:      	            (5, 0.04501966711571536),
[92mINFO [0m:      	            (6, 0.4861225317218292),
[92mINFO [0m:      	            (7, 0.841965730307592),
[92mINFO [0m:      	            (8, 0.8885287962934086),
[92mINFO [0m:      	            (9, 0.9121192562779974),
[92mINFO [0m:      	            (10, 0.9209070834325372),
[92mINFO [0m:      	            (11, 0.9438800697686272),
[92mINFO [0m:      	            (12, 0.9566779575409373),
[92mINFO [0m:      	            (13, 0.961148793844052),
[92mINFO [0m:      	            (14, 0.9645400496413061),
[92mINFO [0m:      	            (15, 0.9646940852604267),
[92mINFO [0m:      	            (16, 0.9648485012144092),
[92mINFO [0m:      	            (17, 0.9713237022404007),
[92mINFO [0m:      	            (18, 0.9697820148771785),
[92mINFO [0m:      	            (19, 0.9773360357393062),
[92mINFO [0m:      	            (20, 0.9855077204173643),
[92mINFO [0m:      	            (21, 0.9859703977770189),
[92mINFO [0m:      	            (22, 0.9879743821650333),
[92mINFO [0m:      	            (23, 0.989670295314807),
[92mINFO [0m:      	            (24, 0.9910581372263395),
[92mINFO [0m:      	            (25, 0.9910579470589085),
[92mINFO [0m:      	            (26, 0.9910579470589085),
[92mINFO [0m:      	            (27, 0.99121217284546),
[92mINFO [0m:      	            (28, 0.9916744698702527),
[92mINFO [0m:      	            (29, 0.991211982678029),
[92mINFO [0m:      	            (30, 0.9909037212723569),
[92mINFO [0m:      	            (31, 0.9904410439127025),
[92mINFO [0m:      	            (32, 0.9902868181261509),
[92mINFO [0m:      	            (33, 0.9902868181261509),
[92mINFO [0m:      	            (34, 0.9898243309339274),
[92mINFO [0m:      	            (35, 0.9904410439127025),
[92mINFO [0m:      	            (36, 0.9904410439127025),
[92mINFO [0m:      	            (37, 0.9901327825070305),
[92mINFO [0m:      	            (38, 0.98997874688791),
[92mINFO [0m:      	            (39, 0.98997874688791),
[92mINFO [0m:      	            (40, 0.9879747624998954),
[92mINFO [0m:      	            (41, 0.9876663109267924),
[92mINFO [0m:      	            (42, 0.9876663109267924),
[92mINFO [0m:      	            (43, 0.9875120851402409),
[92mINFO [0m:      	            (44, 0.9875120851402409),
[92mINFO [0m:      	            (45, 0.9870495979480174),
[92mINFO [0m:      	            (46, 0.9870495979480174),
[92mINFO [0m:      	            (47, 0.9876661207593614),
[92mINFO [0m:      	            (48, 0.9864325046343803),
[92mINFO [0m:      	            (49, 0.9851992688442612),
[92mINFO [0m:      	            (50, 0.9848908172711582),
[92mINFO [0m:      	            (51, 0.9848908172711583),
[92mINFO [0m:      	            (52, 0.9848908172711582),
[92mINFO [0m:      	            (53, 0.9853534946308127),
[92mINFO [0m:      	            (54, 0.9855077204173643),
[92mINFO [0m:      	            (55, 0.9853534946308128),
[92mINFO [0m:      	            (56, 0.9850450430577098),
[92mINFO [0m:      	            (57, 0.9850450430577098),
[92mINFO [0m:      	            (58, 0.9848908172711581),
[92mINFO [0m:      	            (59, 0.9835033556944877),
[92mINFO [0m:      	            (60, 0.9833491299079362)],
[92mINFO [0m:      	 'total_samples': [(1, 2105),
[92mINFO [0m:      	                   (2, 2103),
[92mINFO [0m:      	                   (3, 2103),
[92mINFO [0m:      	                   (4, 2105),
[92mINFO [0m:      	                   (5, 2105),
[92mINFO [0m:      	                   (6, 2105),
[92mINFO [0m:      	                   (7, 2105),
[92mINFO [0m:      	                   (8, 2105),
[92mINFO [0m:      	                   (9, 2105),
[92mINFO [0m:      	                   (10, 2103),
[92mINFO [0m:      	                   (11, 2105),
[92mINFO [0m:      	                   (12, 2105),
[92mINFO [0m:      	                   (13, 2103),
[92mINFO [0m:      	                   (14, 2105),
[92mINFO [0m:      	                   (15, 2103),
[92mINFO [0m:      	                   (16, 2103),
[92mINFO [0m:      	                   (17, 2105),
[92mINFO [0m:      	                   (18, 2105),
[92mINFO [0m:      	                   (19, 2105),
[92mINFO [0m:      	                   (20, 2103),
[92mINFO [0m:      	                   (21, 2103),
[92mINFO [0m:      	                   (22, 2103),
[92mINFO [0m:      	                   (23, 2103),
[92mINFO [0m:      	                   (24, 2103),
[92mINFO [0m:      	                   (25, 2103),
[92mINFO [0m:      	                   (26, 2105),
[92mINFO [0m:      	                   (27, 2103),
[92mINFO [0m:      	                   (28, 2105),
[92mINFO [0m:      	                   (29, 2103),
[92mINFO [0m:      	                   (30, 2103),
[92mINFO [0m:      	                   (31, 2103),
[92mINFO [0m:      	                   (32, 2105),
[92mINFO [0m:      	                   (33, 2105),
[92mINFO [0m:      	                   (34, 2103),
[92mINFO [0m:      	                   (35, 2105),
[92mINFO [0m:      	                   (36, 2103),
[92mINFO [0m:      	                   (37, 2105),
[92mINFO [0m:      	                   (38, 2103),
[92mINFO [0m:      	                   (39, 2105),
[92mINFO [0m:      	                   (40, 2105),
[92mINFO [0m:      	                   (41, 2105),
[92mINFO [0m:      	                   (42, 2105),
[92mINFO [0m:      	                   (43, 2105),
[92mINFO [0m:      	                   (44, 2105),
[92mINFO [0m:      	                   (45, 2103),
[92mINFO [0m:      	                   (46, 2105),
[92mINFO [0m:      	                   (47, 2105),
[92mINFO [0m:      	                   (48, 2103),
[92mINFO [0m:      	                   (49, 2105),
[92mINFO [0m:      	                   (50, 2103),
[92mINFO [0m:      	                   (51, 2105),
[92mINFO [0m:      	                   (52, 2105),
[92mINFO [0m:      	                   (53, 2105),
[92mINFO [0m:      	                   (54, 2103),
[92mINFO [0m:      	                   (55, 2105),
[92mINFO [0m:      	                   (56, 2105),
[92mINFO [0m:      	                   (57, 2103),
[92mINFO [0m:      	                   (58, 2105),
[92mINFO [0m:      	                   (59, 2103),
[92mINFO [0m:      	                   (60, 2103)],
[92mINFO [0m:      	 'true_negatives': [(1, 443),
[92mINFO [0m:      	                    (2, 477),
[92mINFO [0m:      	                    (3, 480),
[92mINFO [0m:      	                    (4, 483),
[92mINFO [0m:      	                    (5, 482),
[92mINFO [0m:      	                    (6, 480),
[92mINFO [0m:      	                    (7, 480),
[92mINFO [0m:      	                    (8, 479),
[92mINFO [0m:      	                    (9, 478),
[92mINFO [0m:      	                    (10, 481),
[92mINFO [0m:      	                    (11, 477),
[92mINFO [0m:      	                    (12, 477),
[92mINFO [0m:      	                    (13, 480),
[92mINFO [0m:      	                    (14, 477),
[92mINFO [0m:      	                    (15, 479),
[92mINFO [0m:      	                    (16, 477),
[92mINFO [0m:      	                    (17, 477),
[92mINFO [0m:      	                    (18, 477),
[92mINFO [0m:      	                    (19, 477),
[92mINFO [0m:      	                    (20, 477),
[92mINFO [0m:      	                    (21, 477),
[92mINFO [0m:      	                    (22, 477),
[92mINFO [0m:      	                    (23, 477),
[92mINFO [0m:      	                    (24, 477),
[92mINFO [0m:      	                    (25, 477),
[92mINFO [0m:      	                    (26, 477),
[92mINFO [0m:      	                    (27, 477),
[92mINFO [0m:      	                    (28, 478),
[92mINFO [0m:      	                    (29, 477),
[92mINFO [0m:      	                    (30, 477),
[92mINFO [0m:      	                    (31, 477),
[92mINFO [0m:      	                    (32, 478),
[92mINFO [0m:      	                    (33, 478),
[92mINFO [0m:      	                    (34, 477),
[92mINFO [0m:      	                    (35, 478),
[92mINFO [0m:      	                    (36, 477),
[92mINFO [0m:      	                    (37, 478),
[92mINFO [0m:      	                    (38, 477),
[92mINFO [0m:      	                    (39, 478),
[92mINFO [0m:      	                    (40, 478),
[92mINFO [0m:      	                    (41, 478),
[92mINFO [0m:      	                    (42, 478),
[92mINFO [0m:      	                    (43, 478),
[92mINFO [0m:      	                    (44, 478),
[92mINFO [0m:      	                    (45, 477),
[92mINFO [0m:      	                    (46, 478),
[92mINFO [0m:      	                    (47, 478),
[92mINFO [0m:      	                    (48, 477),
[92mINFO [0m:      	                    (49, 478),
[92mINFO [0m:      	                    (50, 477),
[92mINFO [0m:      	                    (51, 478),
[92mINFO [0m:      	                    (52, 478),
[92mINFO [0m:      	                    (53, 478),
[92mINFO [0m:      	                    (54, 477),
[92mINFO [0m:      	                    (55, 478),
[92mINFO [0m:      	                    (56, 478),
[92mINFO [0m:      	                    (57, 477),
[92mINFO [0m:      	                    (58, 478),
[92mINFO [0m:      	                    (59, 477),
[92mINFO [0m:      	                    (60, 478)],
[92mINFO [0m:      	 'true_positives': [(1, 81),
[92mINFO [0m:      	                    (2, 93),
[92mINFO [0m:      	                    (3, 74),
[92mINFO [0m:      	                    (4, 76),
[92mINFO [0m:      	                    (5, 75),
[92mINFO [0m:      	                    (6, 796),
[92mINFO [0m:      	                    (7, 1374),
[92mINFO [0m:      	                    (8, 1443),
[92mINFO [0m:      	                    (9, 1475),
[92mINFO [0m:      	                    (10, 1499),
[92mINFO [0m:      	                    (11, 1526),
[92mINFO [0m:      	                    (12, 1541),
[92mINFO [0m:      	                    (13, 1566),
[92mINFO [0m:      	                    (14, 1559),
[92mINFO [0m:      	                    (15, 1568),
[92mINFO [0m:      	                    (16, 1570),
[92mINFO [0m:      	                    (17, 1571),
[92mINFO [0m:      	                    (18, 1568),
[92mINFO [0m:      	                    (19, 1584),
[92mINFO [0m:      	                    (20, 1602),
[92mINFO [0m:      	                    (21, 1599),
[92mINFO [0m:      	                    (22, 1606),
[92mINFO [0m:      	                    (23, 1608),
[92mINFO [0m:      	                    (24, 1607),
[92mINFO [0m:      	                    (25, 1609),
[92mINFO [0m:      	                    (26, 1606),
[92mINFO [0m:      	                    (27, 1607),
[92mINFO [0m:      	                    (28, 1608),
[92mINFO [0m:      	                    (29, 1606),
[92mINFO [0m:      	                    (30, 1606),
[92mINFO [0m:      	                    (31, 1604),
[92mINFO [0m:      	                    (32, 1606),
[92mINFO [0m:      	                    (33, 1606),
[92mINFO [0m:      	                    (34, 1602),
[92mINFO [0m:      	                    (35, 1606),
[92mINFO [0m:      	                    (36, 1604),
[92mINFO [0m:      	                    (37, 1605),
[92mINFO [0m:      	                    (38, 1605),
[92mINFO [0m:      	                    (39, 1604),
[92mINFO [0m:      	                    (40, 1599),
[92mINFO [0m:      	                    (41, 1599),
[92mINFO [0m:      	                    (42, 1599),
[92mINFO [0m:      	                    (43, 1599),
[92mINFO [0m:      	                    (44, 1599),
[92mINFO [0m:      	                    (45, 1606),
[92mINFO [0m:      	                    (46, 1598),
[92mINFO [0m:      	                    (47, 1600),
[92mINFO [0m:      	                    (48, 1602),
[92mINFO [0m:      	                    (49, 1596),
[92mINFO [0m:      	                    (50, 1599),
[92mINFO [0m:      	                    (51, 1596),
[92mINFO [0m:      	                    (52, 1596),
[92mINFO [0m:      	                    (53, 1596),
[92mINFO [0m:      	                    (54, 1602),
[92mINFO [0m:      	                    (55, 1596),
[92mINFO [0m:      	                    (56, 1596),
[92mINFO [0m:      	                    (57, 1600),
[92mINFO [0m:      	                    (58, 1596),
[92mINFO [0m:      	                    (59, 1599),
[92mINFO [0m:      	                    (60, 1593)]}
[92mINFO [0m:      

[DEBUG _get_metrics] Extracted from ConfigRecord._data
[DEBUG _get_metrics] res_item[1] type: ConfigRecord
[DEBUG _get_metrics] res_item[1] has metrics attr: False
[DEBUG _get_metrics] res_item[1].__dict__: {'_check_key_fn': <function _check_key at 0x7b35885d4900>, '_check_value_fn': <function _check_value at 0x7b357ddc49a0>, '_data': {'accuracy': 0.983847975730896, 'loss': 0.01022723875939846, 'total_samples': 2105, 'actual_attack': 1622, 'actual_normal': 483, 'predicted_attack': 1598, 'predicted_normal': 507, 'true_positives': 1593, 'true_negatives': 478, 'false_positives': 5, 'false_negatives': 29, 'precision': 0.9968710888610763, 'recall': 0.9821208384710234, 'f1_score': 0.9894409937888198}}
[DEBUG _get_metrics] res_item[1].keys(): ['accuracy', 'loss', 'total_samples', 'actual_attack', 'actual_normal', 'predicted_attack', 'predicted_normal', 'true_positives', 'true_negatives', 'false_positives', 'false_negatives', 'precision', 'recall', 'f1_score']
[DEBUG _get_metrics] Extracted from ConfigRecord._data
[DEBUG _get_metrics] res_item[1] type: ConfigRecord
[DEBUG _get_metrics] res_item[1] has metrics attr: False
[DEBUG _get_metrics] res_item[1].__dict__: {'_check_key_fn': <function _check_key at 0x7b35885d4900>, '_check_value_fn': <function _check_value at 0x7b357ddc49a0>, '_data': {'accuracy': 0.983847975730896, 'loss': 0.01022723875939846, 'total_samples': 2105, 'actual_attack': 1622, 'actual_normal': 483, 'predicted_attack': 1598, 'predicted_normal': 507, 'true_positives': 1593, 'true_negatives': 478, 'false_positives': 5, 'false_negatives': 29, 'precision': 0.9968710888610763, 'recall': 0.9821208384710234, 'f1_score': 0.9894409937888198}}
[DEBUG _get_metrics] res_item[1].keys(): ['accuracy', 'loss', 'total_samples', 'actual_attack', 'actual_normal', 'predicted_attack', 'predicted_normal', 'true_positives', 'true_negatives', 'false_positives', 'false_negatives', 'precision', 'recall', 'f1_score']
[DEBUG _get_metrics] Extracted from ConfigRecord._data
[DEBUG] Extracted 4 metrics from results

[Evaluation Summary]
============================================================
Round: 59 / 60
Accuracy (mean):  0.9850  (98.50%)
Loss:             0.0102
[Per-Device Accuracy]
  - Device 0:  0.9872  (98.72%)
  - Device 1:  0.9853  (98.53%)
  - Device 2:  0.9838  (98.38%)
  - Device 3:  0.9838  (98.38%)

[Ground Truth]
  - Attack samples: 1621
  - Normal samples: 482
  - Total samples:  2103

[Predictions]
  - Predicted Attack:  1604
  - Predicted Normal:  499

[Confusion Matrix]
  - True Positives (TP):  1599
  - True Negatives (TN):  477
  - False Positives (FP): 5
  - False Negatives (FN): 22

[Metrics]
  - Precision:  0.9970  (99.70%)
  - Recall:     0.9835  (98.35%)
  - F1-Score:   0.9902  (99.02%)
============================================================

[Round 60] Client contributions:
  Client samples: 29,186 (weight: 0.2500)
  Client samples: 29,186 (weight: 0.2500)
  Client samples: 29,186 (weight: 0.2500)
  Client samples: 29,184 (weight: 0.2500)
[36m(ClientAppActor pid=717326)[0m [Client 2] Class weights (smoothed): {0: 1.0, 1: 1.0}[32m [repeated 16x across cluster][0m
[DEBUG] evaluate_metrics_aggregation_fn called with 4 results
[DEBUG] results type: <class 'list'>
[DEBUG] First result type: <class 'tuple'>
[DEBUG] First result length: 2
[DEBUG] results[0][0] type: <class 'int'>
[DEBUG] results[0][1] type: <class 'flwr.app.message.configrecord.ConfigRecord'>
[DEBUG _get_metrics] res_item[1] type: ConfigRecord
[DEBUG _get_metrics] res_item[1] has metrics attr: False
[DEBUG _get_metrics] res_item[1].__dict__: {'_check_key_fn': <function _check_key at 0x7b35885d4900>, '_check_value_fn': <function _check_value at 0x7b357ddc49a0>, '_data': {'accuracy': 0.9847836494445801, 'loss': 0.009832891635596752, 'total_samples': 2103, 'actual_attack': 1621, 'actual_normal': 482, 'predicted_attack': 1597, 'predicted_normal': 506, 'true_positives': 1593, 'true_negatives': 478, 'false_positives': 4, 'false_negatives': 28, 'precision': 0.9974953036944271, 'recall': 0.9827267119062307, 'f1_score': 0.9900559353635798}}
[DEBUG _get_metrics] res_item[1].keys(): ['accuracy', 'loss', 'total_samples', 'actual_attack', 'actual_normal', 'predicted_attack', 'predicted_normal', 'true_positives', 'true_negatives', 'false_positives', 'false_negatives', 'precision', 'recall', 'f1_score']
[DEBUG _get_metrics] Extracted from ConfigRecord._data
[DEBUG _get_metrics] res_item[1] type: ConfigRecord
[DEBUG _get_metrics] res_item[1] has metrics attr: False
[DEBUG _get_metrics] res_item[1].__dict__: {'_check_key_fn': <function _check_key at 0x7b35885d4900>, '_check_value_fn': <function _check_value at 0x7b357ddc49a0>, '_data': {'accuracy': 0.983847975730896, 'loss': 0.010051878169178963, 'total_samples': 2105, 'actual_attack': 1622, 'actual_normal': 483, 'predicted_attack': 1598, 'predicted_normal': 507, 'true_positives': 1593, 'true_negatives': 478, 'false_positives': 5, 'false_negatives': 29, 'precision': 0.9968710888610763, 'recall': 0.9821208384710234, 'f1_score': 0.9894409937888198}}
[DEBUG _get_metrics] res_item[1].keys(): ['accuracy', 'loss', 'total_samples', 'actual_attack', 'actual_normal', 'predicted_attack', 'predicted_normal', 'true_positives', 'true_negatives', 'false_positives', 'false_negatives', 'precision', 'recall', 'f1_score']
[DEBUG _get_metrics] Extracted from ConfigRecord._data
[DEBUG _get_metrics] res_item[1] type: ConfigRecord
[DEBUG _get_metrics] res_item[1] has metrics attr: False
[DEBUG _get_metrics] res_item[1].__dict__: {'_check_key_fn': <function _check_key at 0x7b35885d4900>, '_check_value_fn': <function _check_value at 0x7b357ddc49a0>, '_data': {'accuracy': 0.9871612191200256, 'loss': 0.010033229365944862, 'total_samples': 2103, 'actual_attack': 1621, 'actual_normal': 482, 'predicted_attack': 1604, 'predicted_normal': 499, 'true_positives': 1599, 'true_negatives': 477, 'false_positives': 5, 'false_negatives': 22, 'precision': 0.9968827930174564, 'recall': 0.986428130783467, 'f1_score': 0.9916279069767443}}
[DEBUG _get_metrics] res_item[1].keys(): ['accuracy', 'loss', 'total_samples', 'actual_attack', 'actual_normal', 'predicted_attack', 'predicted_normal', 'true_positives', 'true_negatives', 'false_positives', 'false_negatives', 'precision', 'recall', 'f1_score']
[DEBUG _get_metrics] Extracted from ConfigRecord._data
[DEBUG _get_metrics] res_item[1] type: ConfigRecord
[DEBUG _get_metrics] res_item[1] has metrics attr: False
[DEBUG _get_metrics] res_item[1].__dict__: {'_check_key_fn': <function _check_key at 0x7b35885d4900>, '_check_value_fn': <function _check_value at 0x7b357ddc49a0>, '_data': {'accuracy': 0.983847975730896, 'loss': 0.010051878169178963, 'total_samples': 2105, 'actual_attack': 1622, 'actual_normal': 483, 'predicted_attack': 1598, 'predicted_normal': 507, 'true_positives': 1593, 'true_negatives': 478, 'false_positives': 5, 'false_negatives': 29, 'precision': 0.9968710888610763, 'recall': 0.9821208384710234, 'f1_score': 0.9894409937888198}}
[DEBUG _get_metrics] res_item[1].keys(): ['accuracy', 'loss', 'total_samples', 'actual_attack', 'actual_normal', 'predicted_attack', 'predicted_normal', 'true_positives', 'true_negatives', 'false_positives', 'false_negatives', 'precision', 'recall', 'f1_score']
[DEBUG _get_metrics] Extracted from ConfigRecord._data
[DEBUG] Extracted 4 metrics from results

[Evaluation Summary]
============================================================
Round: 60 / 60
Accuracy (mean):  0.9849  (98.49%)
Loss:             0.0100
[Per-Device Accuracy]
  - Device 0:  0.9848  (98.48%)
  - Device 1:  0.9838  (98.38%)
  - Device 2:  0.9872  (98.72%)
  - Device 3:  0.9838  (98.38%)

[Ground Truth]
  - Attack samples: 1621
  - Normal samples: 482
  - Total samples:  2103

[Predictions]
  - Predicted Attack:  1597
  - Predicted Normal:  506

[Confusion Matrix]
  - True Positives (TP):  1593
  - True Negatives (TN):  478
  - False Positives (FP): 4
  - False Negatives (FN): 28

[Metrics]
  - Precision:  0.9970  (99.70%)
  - Recall:     0.9833  (98.33%)
  - F1-Score:   0.9901  (99.01%)
============================================================

[Report] Round-by-round metrics saved:
  - CSV:  /mnt/c/Users/danie/Documents/Projects/TinyML/outputs/fl_evaluation_history.csv  (round, accuracy, device 0~3 accuracy_pct, ...)Saved: outputs/fl_evaluation_report.md
Saved: outputs/fl_evaluation_plot.png
[36m(pid=717332)[0m WARNING: All log messages before absl::InitializeLog() is called are written to STDERR[32m [repeated 31x across cluster][0m
[36m(pid=717332)[0m I0000 00:00:1791184380.130030  717332 port.cc:153] oneDNN custom operations are on. You may see slightly different numerical results due to floating-point round-off errors from different computation orders. To turn them off, set the environment variable `TF_ENABLE_ONEDNN_OPTS=0`.[32m [repeated 31x across cluster][0m
[36m(pid=717332)[0m I0000 00:00:1791184380.130572  717332 cudart_stub.cc:31] Could not find cuda drivers on your machine, GPU will not be used.[32m [repeated 31x across cluster][0m
[36m(ClientAppActor pid=717332)[0m /home/danielpark605/tinyml-venv/lib/python3.12/site-packages/tensorflow_model_optimization/__init__.py:65: DeprecationWarning: distutils Version classes are deprecated. Use packaging.version instead.[32m [repeated 3x across cluster][0m
[36m(ClientAppActor pid=717332)[0m   if (distutils.version.LooseVersion(tf.version.VERSION) <[32m [repeated 3x across cluster][0m
[36m(ClientAppActor pid=717332)[0m E0000 00:00:1791184381.791991  717332 cuda_platform.cc:52] failed call to cuInit: INTERNAL: CUDA error: Failed call to cuInit: CUDA_ERROR_NO_DEVICE: no CUDA-capable device is detected[32m [repeated 3x across cluster][0m

  - JSON: /mnt/c/Users/danie/Documents/Projects/TinyML/outputs/fl_evaluation_history.json  (same + per-device for scripts / graphs)
  → Use these to find which round or which device accuracy drops.

[SUCCESS] Saved global model to data/processed/revision/2026-10-05_s_ton_sweep/ton_sweep/models/text.h5

📝 Pipeline summary saved to: outputs/fl_training_summary.txt
   → View this file to see QAT status, metrics, and next steps

[36m(ClientAppActor pid=717332)[0m [Client 0] Class weights (smoothed): {0: 1.0, 1: 1.0}[32m [repeated 3x across cluster][0m
