WARNING: All log messages before absl::InitializeLog() is called are written to STDERR
I0000 00:00:1791185291.925109  820377 port.cc:153] oneDNN custom operations are on. You may see slightly different numerical results due to floating-point round-off errors from different computation orders. To turn them off, set the environment variable `TF_ENABLE_ONEDNN_OPTS=0`.
I0000 00:00:1791185291.926581  820377 cudart_stub.cc:31] Could not find cuda drivers on your machine, GPU will not be used.
WARNING: All log messages before absl::InitializeLog() is called are written to STDERR
I0000 00:00:1791185292.709726  820377 port.cc:153] oneDNN custom operations are on. You may see slightly different numerical results due to floating-point round-off errors from different computation orders. To turn them off, set the environment variable `TF_ENABLE_ONEDNN_OPTS=0`.
I0000 00:00:1791185292.710969  820377 cudart_stub.cc:31] Could not find cuda drivers on your machine, GPU will not be used.
E0000 00:00:1791185293.335379  820377 cuda_platform.cc:52] failed call to cuInit: INTERNAL: CUDA error: Failed call to cuInit: CUDA_ERROR_NO_DEVICE: no CUDA-capable device is detected
[93mWARNING [0m:   DEPRECATED FEATURE: flwr.simulation.start_simulation() is deprecated.
	Instead, use the `flwr run` CLI command to start a local simulation in your Flower app, as shown for example below:

		$ flwr new  # Create a new Flower app from a template

		$ flwr run  # Run the Flower app in Simulation Mode

	Using `start_simulation()` is deprecated.

            This is a deprecated feature. It will be removed
            entirely in future versions of Flower.
        
[92mINFO [0m:      Starting Flower simulation, config: num_rounds=60, no round_timeout
2026-10-05 03:28:20,598	INFO worker.py:2012 -- Started a local Ray instance.
[2026-10-05 03:28:20,606 I 820377 820377] logging.cc:303: Set ray log level from environment variable RAY_BACKEND_LOG_LEVEL to 1
/home/danielpark605/tinyml-venv/lib/python3.12/site-packages/ray/_private/worker.py:2051: FutureWarning: Tip: In future versions of Ray, Ray will no longer override accelerator visible devices env var if num_gpus=0 or num_gpus=None (default). To enable this behavior and turn off this error message, set RAY_ACCEL_ENV_VAR_OVERRIDE_ON_ZERO=0
  warnings.warn(
[92mINFO [0m:      Flower VCE: Ray initialized with resources: {'memory': 16848114484.0, 'node:__internal_head__': 1.0, 'node:172.22.205.158': 1.0, 'GPU': 1.0, 'accelerator_type:G': 1.0, 'object_store_memory': 7220620492.0, 'CPU': 16.0}
[92mINFO [0m:      Optimize your simulation with Flower VCE: https://flower.ai/docs/framework/how-to-run-simulations.html
[92mINFO [0m:      Flower VCE: Resources for each Virtual Client: {'num_gpus': 0.0, 'num_cpus': 1}
[92mINFO [0m:      Flower VCE: Creating VirtualClientEngineActorPool with 16 actors
[92mINFO [0m:      [INIT]
[92mINFO [0m:      Using initial global parameters provided by strategy
[92mINFO [0m:      Starting evaluation of initial global parameters
[92mINFO [0m:      Evaluation returned no results (`None`)
[92mINFO [0m:      
[92mINFO [0m:      [ROUND 1]
[92mINFO [0m:      configure_fit: strategy sampled 4 clients (out of 4)
[33m(raylet)[0m [2026-10-05 03:28:22,561 I 820720 820720] logging.cc:303: Set ray log level from environment variable RAY_BACKEND_LOG_LEVEL to 1
[36m(pid=820721)[0m WARNING: All log messages before absl::InitializeLog() is called are written to STDERR
[36m(pid=820721)[0m I0000 00:00:1791185304.164770  820721 port.cc:153] oneDNN custom operations are on. You may see slightly different numerical results due to floating-point round-off errors from different computation orders. To turn them off, set the environment variable `TF_ENABLE_ONEDNN_OPTS=0`.
[36m(pid=820721)[0m I0000 00:00:1791185304.165539  820721 cudart_stub.cc:31] Could not find cuda drivers on your machine, GPU will not be used.
[36m(ClientAppActor pid=820732)[0m /home/danielpark605/tinyml-venv/lib/python3.12/site-packages/tensorflow_model_optimization/__init__.py:65: DeprecationWarning: distutils Version classes are deprecated. Use packaging.version instead.
[36m(ClientAppActor pid=820732)[0m   if (distutils.version.LooseVersion(tf.version.VERSION) <
[36m(ClientAppActor pid=820732)[0m E0000 00:00:1791185307.839762  820732 cuda_platform.cc:52] failed call to cuInit: INTERNAL: CUDA error: Failed call to cuInit: CUDA_ERROR_NO_DEVICE: no CUDA-capable device is detected
[33m(raylet)[0m [2026-10-05 03:28:22,583 I 820732 820732] logging.cc:303: Set ray log level from environment variable RAY_BACKEND_LOG_LEVEL to 1[32m [repeated 2x across cluster] (Ray deduplicates logs by default. Set RAY_DEDUP_LOGS=0 to disable log deduplication, or see https://docs.ray.io/en/master/ray-observability/user-guides/configure-logging.html#log-deduplication for more options.)[0m
[92mINFO [0m:      aggregate_fit: received 4 results and 0 failures
[93mWARNING [0m:   No fit_metrics_aggregation_fn provided
[92mINFO [0m:      configure_evaluate: strategy sampled 4 clients (out of 4)
[92mINFO [0m:      aggregate_evaluate: received 4 results and 0 failures
[92mINFO [0m:      
[92mINFO [0m:      [ROUND 2]
[92mINFO [0m:      configure_fit: strategy sampled 4 clients (out of 4)
[92mINFO [0m:      aggregate_fit: received 4 results and 0 failures
[92mINFO [0m:      configure_evaluate: strategy sampled 4 clients (out of 4)
[92mINFO [0m:      aggregate_evaluate: received 4 results and 0 failures
[load_ton_iot] files: ['train_test_network.csv']
[load_ton_iot] rows: 211,043, columns: 44
[load_ton_iot] dropped identifiers: ['src_ip', 'dst_ip', 'src_port']
[load_ton_iot] label-encoded: ['proto', 'service', 'conn_state', 'dns_AA', 'dns_RD', 'dns_RA', 'dns_rejected', 'ssl_version', 'ssl_cipher', 'ssl_resumed', 'ssl_established', 'ssl_subject', 'ssl_issuer', 'http_method', 'http_user_agent', 'http_orig_mime_types', 'http_resp_mime_types', 'weird_name', 'weird_notice']
[load_ton_iot] dropped high-cardinality text: ['dns_query', 'http_uri']
[load_ton_iot] features (37): ['dst_port', 'proto', 'service', 'duration', 'src_bytes', 'dst_bytes', 'conn_state', 'missed_bytes', 'src_pkts', 'src_ip_bytes', 'dst_pkts', 'dst_ip_bytes', 'dns_qclass', 'dns_qtype', 'dns_rcode', 'dns_AA', 'dns_RD', 'dns_RA', 'dns_rejected', 'ssl_version', 'ssl_cipher', 'ssl_resumed', 'ssl_established', 'ssl_subject', 'ssl_issuer', 'http_trans_depth', 'http_method', 'http_version', 'http_request_body_len', 'http_response_body_len', 'http_status_code', 'http_user_agent', 'http_orig_mime_types', 'http_resp_mime_types', 'weird_name', 'weird_addl', 'weird_notice']
[load_ton_iot] text features added (6): ['dns_query_len', 'dns_query_digits', 'dns_query_special', 'http_uri_len', 'http_uri_digits', 'http_uri_special']
[load_ton_iot] Removed 105,867 duplicates (105,176 unique); normal=24,106, attack=81,070
[load_ton_iot] eval_split=val: evaluating on 8,414 held-out training samples (val_size=0.1); test split not used
[load_ton_iot] StandardScaler applied (fit on train).
[load_ton_iot] Features: 43, Train: 75,726, Test: 8,414

============================================================
CLIENT DATA DISTRIBUTION
============================================================
Client 0: Total=18,932 samples
  - Class 0: 4,339 (22.92%)
  - Class 1: 14,593 (77.08%)
Client 1: Total=18,932 samples
  - Class 0: 4,339 (22.92%)
  - Class 1: 14,593 (77.08%)
Client 2: Total=18,931 samples
  - Class 0: 4,339 (22.92%)
  - Class 1: 14,592 (77.08%)
Client 3: Total=18,931 samples
  - Class 0: 4,339 (22.92%)
  - Class 1: 14,592 (77.08%)
============================================================

[Strategy] FedAvgM (momentum=0.5)
[36m(ClientAppActor pid=820728)[0m [Client 2] Class weights (smoothed): {0: 1.2942450559445926, 1: 0.7057549440554073}
[DEBUG] evaluate_metrics_aggregation_fn called with 4 results
[DEBUG] results type: <class 'list'>
[DEBUG] First result type: <class 'tuple'>
[DEBUG] First result length: 2
[DEBUG] results[0][0] type: <class 'int'>
[DEBUG] results[0][1] type: <class 'flwr.app.message.configrecord.ConfigRecord'>
[DEBUG _get_metrics] res_item[1] type: ConfigRecord
[DEBUG _get_metrics] res_item[1] has metrics attr: False
[DEBUG _get_metrics] res_item[1].__dict__: {'_check_key_fn': <function _check_key at 0x755feb1d4900>, '_check_value_fn': <function _check_value at 0x755fe09c89a0>, '_data': {'accuracy': 0.4607703387737274, 'loss': 0.07052390277385712, 'total_samples': 2103, 'actual_attack': 1621, 'actual_normal': 482, 'predicted_attack': 634, 'predicted_normal': 1469, 'true_positives': 561, 'true_negatives': 409, 'false_positives': 73, 'false_negatives': 1060, 'precision': 0.8848580441640379, 'recall': 0.34608266502159163, 'f1_score': 0.4975609756097562}}
[DEBUG _get_metrics] res_item[1].keys(): ['accuracy', 'loss', 'total_samples', 'actual_attack', 'actual_normal', 'predicted_attack', 'predicted_normal', 'true_positives', 'true_negatives', 'false_positives', 'false_negatives', 'precision', 'recall', 'f1_score']
[DEBUG _get_metrics] Extracted from ConfigRecord._data
[DEBUG _get_metrics] res_item[1] type: ConfigRecord
[DEBUG _get_metrics] res_item[1] has metrics attr: False
[DEBUG _get_metrics] res_item[1].__dict__: {'_check_key_fn': <function _check_key at 0x755feb1d4900>, '_check_value_fn': <function _check_value at 0x755fe09c89a0>, '_data': {'accuracy': 0.4607703387737274, 'loss': 0.07052390277385712, 'total_samples': 2103, 'actual_attack': 1621, 'actual_normal': 482, 'predicted_attack': 634, 'predicted_normal': 1469, 'true_positives': 561, 'true_negatives': 409, 'false_positives': 73, 'false_negatives': 1060, 'precision': 0.8848580441640379, 'recall': 0.34608266502159163, 'f1_score': 0.4975609756097562}}
[DEBUG _get_metrics] res_item[1].keys(): ['accuracy', 'loss', 'total_samples', 'actual_attack', 'actual_normal', 'predicted_attack', 'predicted_normal', 'true_positives', 'true_negatives', 'false_positives', 'false_negatives', 'precision', 'recall', 'f1_score']
[DEBUG _get_metrics] Extracted from ConfigRecord._data
[DEBUG _get_metrics] res_item[1] type: ConfigRecord
[DEBUG _get_metrics] res_item[1] has metrics attr: False
[DEBUG _get_metrics] res_item[1].__dict__: {'_check_key_fn': <function _check_key at 0x755feb1d4900>, '_check_value_fn': <function _check_value at 0x755fe09c89a0>, '_data': {'accuracy': 0.47933492064476013, 'loss': 0.07100274413824081, 'total_samples': 2105, 'actual_attack': 1622, 'actual_normal': 483, 'predicted_attack': 677, 'predicted_normal': 1428, 'true_positives': 602, 'true_negatives': 408, 'false_positives': 75, 'false_negatives': 1020, 'precision': 0.8892171344165436, 'recall': 0.3711467324290999, 'f1_score': 0.5237059591126576}}
[DEBUG _get_metrics] res_item[1].keys(): ['accuracy', 'loss', 'total_samples', 'actual_attack', 'actual_normal', 'predicted_attack', 'predicted_normal', 'true_positives', 'true_negatives', 'false_positives', 'false_negatives', 'precision', 'recall', 'f1_score']
[DEBUG _get_metrics] Extracted from ConfigRecord._data
[DEBUG _get_metrics] res_item[1] type: ConfigRecord
[DEBUG _get_metrics] res_item[1] has metrics attr: False
[DEBUG _get_metrics] res_item[1].__dict__: {'_check_key_fn': <function _check_key at 0x755feb1d4900>, '_check_value_fn': <function _check_value at 0x755fe09c89a0>, '_data': {'accuracy': 0.4645744264125824, 'loss': 0.07133687287569046, 'total_samples': 2103, 'actual_attack': 1621, 'actual_normal': 482, 'predicted_attack': 633, 'predicted_normal': 1470, 'true_positives': 564, 'true_negatives': 413, 'false_positives': 69, 'false_negatives': 1057, 'precision': 0.8909952606635071, 'recall': 0.3479333744602097, 'f1_score': 0.5004436557231587}}
[DEBUG _get_metrics] res_item[1].keys(): ['accuracy', 'loss', 'total_samples', 'actual_attack', 'actual_normal', 'predicted_attack', 'predicted_normal', 'true_positives', 'true_negatives', 'false_positives', 'false_negatives', 'precision', 'recall', 'f1_score']
[DEBUG _get_metrics] Extracted from ConfigRecord._data
[DEBUG] Extracted 4 metrics from results

[Evaluation Summary]
============================================================
Round: 1 / 60
Accuracy (mean):  0.4664  (46.64%)
Loss:             0.0708
[Per-Device Accuracy]
  - Device 0:  0.4608  (46.08%)
  - Device 1:  0.4608  (46.08%)
  - Device 2:  0.4793  (47.93%)
  - Device 3:  0.4646  (46.46%)

[Ground Truth]
  - Attack samples: 1621
  - Normal samples: 482
  - Total samples:  2103

[Predictions]
  - Predicted Attack:  634
  - Predicted Normal:  1469

[Confusion Matrix]
  - True Positives (TP):  561
  - True Negatives (TN):  409
  - False Positives (FP): 73
  - False Negatives (FN): 1060

[Metrics]
  - Precision:  0.8875  (88.75%)
  - Recall:     0.3528  (35.28%)
  - F1-Score:   0.5048  (50.48%)
============================================================

[36m(ClientAppActor pid=820728)[0m [Client 2] Class weights (smoothed): {0: 1.2942450559445926, 1: 0.7057549440554073}[32m [repeated 12x across cluster][0m
[DEBUG] evaluate_metrics_aggregation_fn called with 4 results
[DEBUG] results type: <class 'list'>
[DEBUG] First result type: <class 'tuple'>
[DEBUG] First result length: 2
[DEBUG] results[0][0] type: <class 'int'>
[DEBUG] results[0][1] type: <class 'flwr.app.message.configrecord.ConfigRecord'>
[DEBUG _get_metrics] res_item[1] type: ConfigRecord
[DEBUG _get_metrics] res_item[1] has metrics attr: False
[DEBUG _get_metrics] res_item[1].__dict__: {'_check_key_fn': <function _check_key at 0x755feb1d4900>, '_check_value_fn': <function _check_value at 0x755fe09c89a0>, '_data': {'accuracy': 0.9210651516914368, 'loss': 0.06676045060157776, 'total_samples': 2103, 'actual_attack': 1621, 'actual_normal': 482, 'predicted_attack': 1699, 'predicted_normal': 404, 'true_positives': 1577, 'true_negatives': 360, 'false_positives': 122, 'false_negatives': 44, 'precision': 0.9281930547380812, 'recall': 0.9728562615669339, 'f1_score': 0.9500000000000001}}[92mINFO [0m:      
[92mINFO [0m:      [ROUND 3]
[92mINFO [0m:      configure_fit: strategy sampled 4 clients (out of 4)
[92mINFO [0m:      aggregate_fit: received 4 results and 0 failures
[92mINFO [0m:      configure_evaluate: strategy sampled 4 clients (out of 4)
[92mINFO [0m:      aggregate_evaluate: received 4 results and 0 failures

[DEBUG _get_metrics] res_item[1].keys(): ['accuracy', 'loss', 'total_samples', 'actual_attack', 'actual_normal', 'predicted_attack', 'predicted_normal', 'true_positives', 'true_negatives', 'false_positives', 'false_negatives', 'precision', 'recall', 'f1_score']
[DEBUG _get_metrics] Extracted from ConfigRecord._data
[DEBUG _get_metrics] res_item[1] type: ConfigRecord
[DEBUG _get_metrics] res_item[1] has metrics attr: False
[DEBUG _get_metrics] res_item[1].__dict__: {'_check_key_fn': <function _check_key at 0x755feb1d4900>, '_check_value_fn': <function _check_value at 0x755fe09c89a0>, '_data': {'accuracy': 0.927315890789032, 'loss': 0.06678506731987, 'total_samples': 2105, 'actual_attack': 1622, 'actual_normal': 483, 'predicted_attack': 1677, 'predicted_normal': 428, 'true_positives': 1573, 'true_negatives': 379, 'false_positives': 104, 'false_negatives': 49, 'precision': 0.937984496124031, 'recall': 0.969790382244143, 'f1_score': 0.9536223097908457}}
[DEBUG _get_metrics] res_item[1].keys(): ['accuracy', 'loss', 'total_samples', 'actual_attack', 'actual_normal', 'predicted_attack', 'predicted_normal', 'true_positives', 'true_negatives', 'false_positives', 'false_negatives', 'precision', 'recall', 'f1_score']
[DEBUG _get_metrics] Extracted from ConfigRecord._data
[DEBUG _get_metrics] res_item[1] type: ConfigRecord
[DEBUG _get_metrics] res_item[1] has metrics attr: False
[DEBUG _get_metrics] res_item[1].__dict__: {'_check_key_fn': <function _check_key at 0x755feb1d4900>, '_check_value_fn': <function _check_value at 0x755fe09c89a0>, '_data': {'accuracy': 0.9248692393302917, 'loss': 0.06699535250663757, 'total_samples': 2103, 'actual_attack': 1621, 'actual_normal': 482, 'predicted_attack': 1695, 'predicted_normal': 408, 'true_positives': 1579, 'true_negatives': 366, 'false_positives': 116, 'false_negatives': 42, 'precision': 0.9315634218289085, 'recall': 0.974090067859346, 'f1_score': 0.9523522316043426}}
[DEBUG _get_metrics] res_item[1].keys(): ['accuracy', 'loss', 'total_samples', 'actual_attack', 'actual_normal', 'predicted_attack', 'predicted_normal', 'true_positives', 'true_negatives', 'false_positives', 'false_negatives', 'precision', 'recall', 'f1_score']
[DEBUG _get_metrics] Extracted from ConfigRecord._data
[DEBUG _get_metrics] res_item[1] type: ConfigRecord
[DEBUG _get_metrics] res_item[1] has metrics attr: False
[DEBUG _get_metrics] res_item[1].__dict__: {'_check_key_fn': <function _check_key at 0x755feb1d4900>, '_check_value_fn': <function _check_value at 0x755fe09c89a0>, '_data': {'accuracy': 0.9210651516914368, 'loss': 0.06676045060157776, 'total_samples': 2103, 'actual_attack': 1621, 'actual_normal': 482, 'predicted_attack': 1699, 'predicted_normal': 404, 'true_positives': 1577, 'true_negatives': 360, 'false_positives': 122, 'false_negatives': 44, 'precision': 0.9281930547380812, 'recall': 0.9728562615669339, 'f1_score': 0.9500000000000001}}
[DEBUG _get_metrics] res_item[1].keys(): ['accuracy', 'loss', 'total_samples', 'actual_attack', 'actual_normal', 'predicted_attack', 'predicted_normal', 'true_positives', 'true_negatives', 'false_positives', 'false_negatives', 'precision', 'recall', 'f1_score']
[DEBUG _get_metrics] Extracted from ConfigRecord._data
[DEBUG] Extracted 4 metrics from results

[Evaluation Summary]
============================================================
Round: 2 / 60
Accuracy (mean):  0.9236  (92.36%)
Loss:             0.0668
[Per-Device Accuracy]
  - Device 0:  0.9211  (92.11%)
  - Device 1:  0.9273  (92.73%)
  - Device 2:  0.9249  (92.49%)
  - Device 3:  0.9211  (92.11%)

[Ground Truth]
  - Attack samples: 1621
  - Normal samples: 482
  - Total samples:  2103

[Predictions]
  - Predicted Attack:  1699
  - Predicted Normal:  404

[Confusion Matrix]
  - True Positives (TP):  1577
  - True Negatives (TN):  360
  - False Positives (FP): 122
  - False Negatives (FN): 44

[Metrics]
  - Precision:  0.9315  (93.15%)
  - Recall:     0.9724  (97.24%)
  - F1-Score:   0.9515  (95.15%)
============================================================

[DEBUG] evaluate_metrics_aggregation_fn called with 4 results
[DEBUG] results type: <class 'list'>
[DEBUG] First result type: <class 'tuple'>
[DEBUG] First result length: 2
[DEBUG] results[0][0] type: <class 'int'>
[DEBUG] results[0][1] type: <class 'flwr.app.message.configrecord.ConfigRecord'>
[DEBUG _get_metrics] res_item[1] type: ConfigRecord
[DEBUG _get_metrics] res_item[1] has metrics attr: False
[DEBUG _get_metrics] res_item[1].__dict__: {'_check_key_fn': <function _check_key at 0x755feb1d4900>, '_check_value_fn': <function _check_value at 0x755fe09c89a0>, '_data': {'accuracy': 0.9520189762115479, 'loss': 0.06009911000728607, 'total_samples': 2105, 'actual_attack': 1622, 'actual_normal': 483, 'predicted_attack': 1715, 'predicted_normal': 390, 'true_positives': 1618, 'true_negatives': 386, 'false_positives': 97, 'false_negatives': 4, 'precision': 0.9434402332361516, 'recall': 0.9975339087546239, 'f1_score': 0.969733293377285}}
[DEBUG _get_metrics] res_item[1].keys(): ['accuracy', 'loss', 'total_samples', 'actual_attack', 'actual_normal', 'predicted_attack', 'predicted_normal', 'true_positives', 'true_negatives', 'false_positives', 'false_negatives', 'precision', 'recall', 'f1_score']
[DEBUG _get_metrics] Extracted from ConfigRecord._data
[DEBUG _get_metrics] res_item[1] type: ConfigRecord
[DEBUG _get_metrics] res_item[1] has metrics attr: False
[DEBUG _get_metrics] res_item[1].__dict__: {'_check_key_fn': <function _check_key at 0x755feb1d4900>, '_check_value_fn': <function _check_value at 0x755fe09c89a0>, '_data': {'accuracy': 0.9467427730560303, 'loss': 0.059855975210666656, 'total_samples': 2103, 'actual_attack': 1621, 'actual_normal': 482, 'predicted_attack': 1723, 'predicted_normal': 380, 'true_positives': 1616, 'true_negatives': 375, 'false_positives': 107, 'false_negatives': 5, 'precision': 0.9378990133488102, 'recall': 0.9969154842689698, 'f1_score': 0.9665071770334928}}
[DEBUG _get_metrics] res_item[1].keys(): ['accuracy', 'loss', 'total_samples', 'actual_attack', 'actual_normal', 'predicted_attack', 'predicted_normal', 'true_positives', 'true_negatives', 'false_positives', 'false_negatives', 'precision', 'recall', 'f1_score']
[DEBUG _get_metrics] Extracted from ConfigRecord._data
[DEBUG _get_metrics] res_item[1] type: ConfigRecord
[DEBUG _get_metrics] res_item[1] has metrics attr: False
[DEBUG _get_metrics] res_item[1].__dict__: {'_check_key_fn': <function _check_key at 0x755feb1d4900>, '_check_value_fn': <function _check_value at 0x755fe09c89a0>, '_data': {'accuracy': 0.9467427730560303, 'loss': 0.059855975210666656, 'total_samples': 2103, 'actual_attack': 1621, 'actual_normal': 482, 'predicted_attack': 1723, 'predicted_normal': 380, 'true_positives': 1616, 'true_negatives': 375, 'false_positives': 107, 'false_negatives': 5, 'precision': 0.9378990133488102, 'recall': 0.9969154842689698, 'f1_score': 0.9665071770334928}}
[DEBUG _get_metrics] res_item[1].keys(): ['accuracy', 'loss', 'total_samples', 'actual_attack', 'actual_normal', 'predicted_attack', 'predicted_normal', 'true_positives', 'true_negatives', 'false_positives', 'false_negatives', 'precision', 'recall', 'f1_score']
[DEBUG _get_metrics] Extracted from ConfigRecord._data
[DEBUG _get_metrics] res_item[1] type: ConfigRecord
[DEBUG _get_metrics] res_item[1] has metrics attr: False
[DEBUG _get_metrics] res_item[1].__dict__: {'_check_key_fn': <function _check_key at 0x755feb1d4900>, '_check_value_fn': <function _check_value at 0x755fe09c89a0>, '_data': {'accuracy': 0.9524489045143127, 'loss': 0.05958215892314911, 'total_samples': 2103, 'actual_attack': 1621, 'actual_normal': 482, 'predicted_attack': 1713, 'predicted_normal': 390, 'true_positives': 1617, 'true_negatives': 386, 'false_positives': 96, 'false_negatives': 4, 'precision': 0.9439579684763573, 'recall': 0.9975323874151758, 'f1_score': 0.97000599880024}}
[DEBUG _get_metrics] res_item[1].keys(): ['accuracy', 'loss', 'total_samples', 'actual_attack', 'actual_normal', 'predicted_attack', 'predicted_normal', 'true_positives', 'true_negatives', 'false_positives', 'false_negatives', 'precision', 'recall', 'f1_score']
[DEBUG _get_metrics] Extracted from ConfigRecord._data[92mINFO [0m:      
[92mINFO [0m:      [ROUND 4]
[92mINFO [0m:      configure_fit: strategy sampled 4 clients (out of 4)
[92mINFO [0m:      aggregate_fit: received 4 results and 0 failures
[92mINFO [0m:      configure_evaluate: strategy sampled 4 clients (out of 4)
[92mINFO [0m:      aggregate_evaluate: received 4 results and 0 failures
[92mINFO [0m:      
[92mINFO [0m:      [ROUND 5]
[92mINFO [0m:      configure_fit: strategy sampled 4 clients (out of 4)
[92mINFO [0m:      aggregate_fit: received 4 results and 0 failures
[92mINFO [0m:      configure_evaluate: strategy sampled 4 clients (out of 4)
[92mINFO [0m:      aggregate_evaluate: received 4 results and 0 failures

[DEBUG] Extracted 4 metrics from results

[Evaluation Summary]
============================================================
Round: 3 / 60
Accuracy (mean):  0.9495  (94.95%)
Loss:             0.0598
[Per-Device Accuracy]
  - Device 0:  0.9520  (95.20%)
  - Device 1:  0.9467  (94.67%)
  - Device 2:  0.9467  (94.67%)
  - Device 3:  0.9524  (95.24%)

[Ground Truth]
  - Attack samples: 1622
  - Normal samples: 483
  - Total samples:  2105

[Predictions]
  - Predicted Attack:  1715
  - Predicted Normal:  390

[Confusion Matrix]
  - True Positives (TP):  1618
  - True Negatives (TN):  386
  - False Positives (FP): 97
  - False Negatives (FN): 4

[Metrics]
  - Precision:  0.9408  (94.08%)
  - Recall:     0.9972  (99.72%)
  - F1-Score:   0.9682  (96.82%)
============================================================

[DEBUG] evaluate_metrics_aggregation_fn called with 4 results
[DEBUG] results type: <class 'list'>
[DEBUG] First result type: <class 'tuple'>
[DEBUG] First result length: 2
[DEBUG] results[0][0] type: <class 'int'>
[DEBUG] results[0][1] type: <class 'flwr.app.message.configrecord.ConfigRecord'>
[DEBUG _get_metrics] res_item[1] type: ConfigRecord
[DEBUG _get_metrics] res_item[1] has metrics attr: False
[DEBUG _get_metrics] res_item[1].__dict__: {'_check_key_fn': <function _check_key at 0x755feb1d4900>, '_check_value_fn': <function _check_value at 0x755fe09c89a0>, '_data': {'accuracy': 0.9182120561599731, 'loss': 0.05046277493238449, 'total_samples': 2103, 'actual_attack': 1621, 'actual_normal': 482, 'predicted_attack': 1783, 'predicted_normal': 320, 'true_positives': 1616, 'true_negatives': 315, 'false_positives': 167, 'false_negatives': 5, 'precision': 0.9063376332024677, 'recall': 0.9969154842689698, 'f1_score': 0.9494712103407755}}
[DEBUG _get_metrics] res_item[1].keys(): ['accuracy', 'loss', 'total_samples', 'actual_attack', 'actual_normal', 'predicted_attack', 'predicted_normal', 'true_positives', 'true_negatives', 'false_positives', 'false_negatives', 'precision', 'recall', 'f1_score']
[DEBUG _get_metrics] Extracted from ConfigRecord._data
[DEBUG _get_metrics] res_item[1] type: ConfigRecord
[DEBUG _get_metrics] res_item[1] has metrics attr: False
[DEBUG _get_metrics] res_item[1].__dict__: {'_check_key_fn': <function _check_key at 0x755feb1d4900>, '_check_value_fn': <function _check_value at 0x755fe09c89a0>, '_data': {'accuracy': 0.9182120561599731, 'loss': 0.05046277493238449, 'total_samples': 2103, 'actual_attack': 1621, 'actual_normal': 482, 'predicted_attack': 1783, 'predicted_normal': 320, 'true_positives': 1616, 'true_negatives': 315, 'false_positives': 167, 'false_negatives': 5, 'precision': 0.9063376332024677, 'recall': 0.9969154842689698, 'f1_score': 0.9494712103407755}}
[DEBUG _get_metrics] res_item[1].keys(): ['accuracy', 'loss', 'total_samples', 'actual_attack', 'actual_normal', 'predicted_attack', 'predicted_normal', 'true_positives', 'true_negatives', 'false_positives', 'false_negatives', 'precision', 'recall', 'f1_score']
[DEBUG _get_metrics] Extracted from ConfigRecord._data
[DEBUG _get_metrics] res_item[1] type: ConfigRecord
[DEBUG _get_metrics] res_item[1] has metrics attr: False
[DEBUG _get_metrics] res_item[1].__dict__: {'_check_key_fn': <function _check_key at 0x755feb1d4900>, '_check_value_fn': <function _check_value at 0x755fe09c89a0>, '_data': {'accuracy': 0.9173396825790405, 'loss': 0.05109716206789017, 'total_samples': 2105, 'actual_attack': 1622, 'actual_normal': 483, 'predicted_attack': 1792, 'predicted_normal': 313, 'true_positives': 1620, 'true_negatives': 311, 'false_positives': 172, 'false_negatives': 2, 'precision': 0.9040178571428571, 'recall': 0.998766954377312, 'f1_score': 0.9490333919156414}}
[DEBUG _get_metrics] res_item[1].keys(): ['accuracy', 'loss', 'total_samples', 'actual_attack', 'actual_normal', 'predicted_attack', 'predicted_normal', 'true_positives', 'true_negatives', 'false_positives', 'false_negatives', 'precision', 'recall', 'f1_score']
[DEBUG _get_metrics] Extracted from ConfigRecord._data
[DEBUG _get_metrics] res_item[1] type: ConfigRecord
[DEBUG _get_metrics] res_item[1] has metrics attr: False
[DEBUG _get_metrics] res_item[1].__dict__: {'_check_key_fn': <function _check_key at 0x755feb1d4900>, '_check_value_fn': <function _check_value at 0x755fe09c89a0>, '_data': {'accuracy': 0.9291488528251648, 'loss': 0.04998336359858513, 'total_samples': 2103, 'actual_attack': 1621, 'actual_normal': 482, 'predicted_attack': 1762, 'predicted_normal': 341, 'true_positives': 1617, 'true_negatives': 337, 'false_positives': 145, 'false_negatives': 4, 'precision': 0.9177071509648127, 'recall': 0.9975323874151758, 'f1_score': 0.9559562518474726}}
[DEBUG _get_metrics] res_item[1].keys(): ['accuracy', 'loss', 'total_samples', 'actual_attack', 'actual_normal', 'predicted_attack', 'predicted_normal', 'true_positives', 'true_negatives', 'false_positives', 'false_negatives', 'precision', 'recall', 'f1_score']
[DEBUG _get_metrics] Extracted from ConfigRecord._data
[DEBUG] Extracted 4 metrics from results

[Evaluation Summary]
============================================================
Round: 4 / 60
Accuracy (mean):  0.9207  (92.07%)
Loss:             0.0505
[Per-Device Accuracy]
  - Device 0:  0.9182  (91.82%)
  - Device 1:  0.9182  (91.82%)
  - Device 2:  0.9173  (91.73%)
  - Device 3:  0.9291  (92.91%)

[Ground Truth]
  - Attack samples: 1621
  - Normal samples: 482
  - Total samples:  2103

[Predictions]
  - Predicted Attack:  1783
  - Predicted Normal:  320

[Confusion Matrix]
  - True Positives (TP):  1616
  - True Negatives (TN):  315
  - False Positives (FP): 167
  - False Negatives (FN): 5

[Metrics]
  - Precision:  0.9086  (90.86%)
  - Recall:     0.9975  (99.75%)
  - F1-Score:   0.9510  (95.10%)
============================================================

[36m(ClientAppActor pid=820728)[0m [Client 2] Class weights (smoothed): {0: 1.2942450559445926, 1: 0.7057549440554073}[32m [repeated 20x across cluster][0m
[Round 5] Client contributions:
  Client samples: 18,931 (weight: 0.2500)
  Client samples: 18,932 (weight: 0.2500)
  Client samples: 18,931 (weight: 0.2500)
  Client samples: 18,931 (weight: 0.2500)
[DEBUG] evaluate_metrics_aggregation_fn called with 4 results
[DEBUG] results type: <class 'list'>
[DEBUG] First result type: <class 'tuple'>
[DEBUG] First result length: 2
[DEBUG] results[0][0] type: <class 'int'>
[DEBUG] results[0][1] type: <class 'flwr.app.message.configrecord.ConfigRecord'>
[DEBUG _get_metrics] res_item[1] type: ConfigRecord
[DEBUG _get_metrics] res_item[1] has metrics attr: False
[DEBUG _get_metrics] res_item[1].__dict__: {'_check_key_fn': <function _check_key at 0x755feb1d4900>, '_check_value_fn': <function _check_value at 0x755fe09c89a0>, '_data': {'accuracy': 0.9129814505577087, 'loss': 0.041845906525850296, 'total_samples': 2103, 'actual_attack': 1621, 'actual_normal': 482, 'predicted_attack': 1794, 'predicted_normal': 309, 'true_positives': 1616, 'true_negatives': 304, 'false_positives': 178, 'false_negatives': 5, 'precision': 0.9007803790412486, 'recall': 0.9969154842689698, 'f1_score': 0.9464128843338214}}
[DEBUG _get_metrics] res_item[1].keys(): ['accuracy', 'loss', 'total_samples', 'actual_attack', 'actual_normal', 'predicted_attack', 'predicted_normal', 'true_positives', 'true_negatives', 'false_positives', 'false_negatives', 'precision', 'recall', 'f1_score']
[DEBUG _get_metrics] Extracted from ConfigRecord._data
[DEBUG _get_metrics] res_item[1] type: ConfigRecord
[DEBUG _get_metrics] res_item[1] has metrics attr: False
[DEBUG _get_metrics] res_item[1].__dict__: {'_check_key_fn': <function _check_key at 0x755feb1d4900>, '_check_value_fn': <function _check_value at 0x755fe09c89a0>, '_data': {'accuracy': 0.9011876583099365, 'loss': 0.04285820201039314, 'total_samples': 2105, 'actual_attack': 1622, 'actual_normal': 483, 'predicted_attack': 1826, 'predicted_normal': 279, 'true_positives': 1620, 'true_negatives': 277, 'false_positives': 206, 'false_negatives': 2, 'precision': 0.8871851040525739, 'recall': 0.998766954377312, 'f1_score': 0.9396751740139211}}
[DEBUG _get_metrics] res_item[1].keys(): ['accuracy', 'loss', 'total_samples', 'actual_attack', 'actual_normal', 'predicted_attack', 'predicted_normal', 'true_positives', 'true_negatives', 'false_positives', 'false_negatives', 'precision', 'recall', 'f1_score'][92mINFO [0m:      
[92mINFO [0m:      [ROUND 6]
[92mINFO [0m:      configure_fit: strategy sampled 4 clients (out of 4)
[92mINFO [0m:      aggregate_fit: received 4 results and 0 failures
[92mINFO [0m:      configure_evaluate: strategy sampled 4 clients (out of 4)
[92mINFO [0m:      aggregate_evaluate: received 4 results and 0 failures
[92mINFO [0m:      
[92mINFO [0m:      [ROUND 7]
[92mINFO [0m:      configure_fit: strategy sampled 4 clients (out of 4)
[92mINFO [0m:      aggregate_fit: received 4 results and 0 failures
[92mINFO [0m:      configure_evaluate: strategy sampled 4 clients (out of 4)
[92mINFO [0m:      aggregate_evaluate: received 4 results and 0 failures

[DEBUG _get_metrics] Extracted from ConfigRecord._data
[DEBUG _get_metrics] res_item[1] type: ConfigRecord
[DEBUG _get_metrics] res_item[1] has metrics attr: False
[DEBUG _get_metrics] res_item[1].__dict__: {'_check_key_fn': <function _check_key at 0x755feb1d4900>, '_check_value_fn': <function _check_value at 0x755fe09c89a0>, '_data': {'accuracy': 0.9129814505577087, 'loss': 0.041845906525850296, 'total_samples': 2103, 'actual_attack': 1621, 'actual_normal': 482, 'predicted_attack': 1794, 'predicted_normal': 309, 'true_positives': 1616, 'true_negatives': 304, 'false_positives': 178, 'false_negatives': 5, 'precision': 0.9007803790412486, 'recall': 0.9969154842689698, 'f1_score': 0.9464128843338214}}
[DEBUG _get_metrics] res_item[1].keys(): ['accuracy', 'loss', 'total_samples', 'actual_attack', 'actual_normal', 'predicted_attack', 'predicted_normal', 'true_positives', 'true_negatives', 'false_positives', 'false_negatives', 'precision', 'recall', 'f1_score']
[DEBUG _get_metrics] Extracted from ConfigRecord._data
[DEBUG _get_metrics] res_item[1] type: ConfigRecord
[DEBUG _get_metrics] res_item[1] has metrics attr: False
[DEBUG _get_metrics] res_item[1].__dict__: {'_check_key_fn': <function _check_key at 0x755feb1d4900>, '_check_value_fn': <function _check_value at 0x755fe09c89a0>, '_data': {'accuracy': 0.9186875820159912, 'loss': 0.04118974134325981, 'total_samples': 2103, 'actual_attack': 1621, 'actual_normal': 482, 'predicted_attack': 1784, 'predicted_normal': 319, 'true_positives': 1617, 'true_negatives': 315, 'false_positives': 167, 'false_negatives': 4, 'precision': 0.906390134529148, 'recall': 0.9975323874151758, 'f1_score': 0.9497797356828194}}
[DEBUG _get_metrics] res_item[1].keys(): ['accuracy', 'loss', 'total_samples', 'actual_attack', 'actual_normal', 'predicted_attack', 'predicted_normal', 'true_positives', 'true_negatives', 'false_positives', 'false_negatives', 'precision', 'recall', 'f1_score']
[DEBUG _get_metrics] Extracted from ConfigRecord._data
[DEBUG] Extracted 4 metrics from results

[Evaluation Summary]
============================================================
Round: 5 / 60
Accuracy (mean):  0.9115  (91.15%)
Loss:             0.0419
[Per-Device Accuracy]
  - Device 0:  0.9130  (91.30%)
  - Device 1:  0.9012  (90.12%)
  - Device 2:  0.9130  (91.30%)
  - Device 3:  0.9187  (91.87%)

[Ground Truth]
  - Attack samples: 1621
  - Normal samples: 482
  - Total samples:  2103

[Predictions]
  - Predicted Attack:  1794
  - Predicted Normal:  309

[Confusion Matrix]
  - True Positives (TP):  1616
  - True Negatives (TN):  304
  - False Positives (FP): 178
  - False Negatives (FN): 5

[Metrics]
  - Precision:  0.8988  (89.88%)
  - Recall:     0.9975  (99.75%)
  - F1-Score:   0.9456  (94.56%)
============================================================

[36m(ClientAppActor pid=820728)[0m [Client 2] Class weights (smoothed): {0: 1.2942450559445926, 1: 0.7057549440554073}[32m [repeated 12x across cluster][0m
[DEBUG] evaluate_metrics_aggregation_fn called with 4 results
[DEBUG] results type: <class 'list'>
[DEBUG] First result type: <class 'tuple'>
[DEBUG] First result length: 2
[DEBUG] results[0][0] type: <class 'int'>
[DEBUG] results[0][1] type: <class 'flwr.app.message.configrecord.ConfigRecord'>
[DEBUG _get_metrics] res_item[1] type: ConfigRecord
[DEBUG _get_metrics] res_item[1] has metrics attr: False
[DEBUG _get_metrics] res_item[1].__dict__: {'_check_key_fn': <function _check_key at 0x755feb1d4900>, '_check_value_fn': <function _check_value at 0x755fe09c89a0>, '_data': {'accuracy': 0.9282660484313965, 'loss': 0.03592242673039436, 'total_samples': 2105, 'actual_attack': 1622, 'actual_normal': 483, 'predicted_attack': 1769, 'predicted_normal': 336, 'true_positives': 1620, 'true_negatives': 334, 'false_positives': 149, 'false_negatives': 2, 'precision': 0.9157716223855286, 'recall': 0.998766954377312, 'f1_score': 0.9554703627248601}}
[DEBUG _get_metrics] res_item[1].keys(): ['accuracy', 'loss', 'total_samples', 'actual_attack', 'actual_normal', 'predicted_attack', 'predicted_normal', 'true_positives', 'true_negatives', 'false_positives', 'false_negatives', 'precision', 'recall', 'f1_score']
[DEBUG _get_metrics] Extracted from ConfigRecord._data
[DEBUG _get_metrics] res_item[1] type: ConfigRecord
[DEBUG _get_metrics] res_item[1] has metrics attr: False
[DEBUG _get_metrics] res_item[1].__dict__: {'_check_key_fn': <function _check_key at 0x755feb1d4900>, '_check_value_fn': <function _check_value at 0x755fe09c89a0>, '_data': {'accuracy': 0.9343794584274292, 'loss': 0.03463776782155037, 'total_samples': 2103, 'actual_attack': 1621, 'actual_normal': 482, 'predicted_attack': 1749, 'predicted_normal': 354, 'true_positives': 1616, 'true_negatives': 349, 'false_positives': 133, 'false_negatives': 5, 'precision': 0.923956546598056, 'recall': 0.9969154842689698, 'f1_score': 0.9590504451038575}}
[DEBUG _get_metrics] res_item[1].keys(): ['accuracy', 'loss', 'total_samples', 'actual_attack', 'actual_normal', 'predicted_attack', 'predicted_normal', 'true_positives', 'true_negatives', 'false_positives', 'false_negatives', 'precision', 'recall', 'f1_score']
[DEBUG _get_metrics] Extracted from ConfigRecord._data
[DEBUG _get_metrics] res_item[1] type: ConfigRecord
[DEBUG _get_metrics] res_item[1] has metrics attr: False
[DEBUG _get_metrics] res_item[1].__dict__: {'_check_key_fn': <function _check_key at 0x755feb1d4900>, '_check_value_fn': <function _check_value at 0x755fe09c89a0>, '_data': {'accuracy': 0.9343794584274292, 'loss': 0.03463776782155037, 'total_samples': 2103, 'actual_attack': 1621, 'actual_normal': 482, 'predicted_attack': 1749, 'predicted_normal': 354, 'true_positives': 1616, 'true_negatives': 349, 'false_positives': 133, 'false_negatives': 5, 'precision': 0.923956546598056, 'recall': 0.9969154842689698, 'f1_score': 0.9590504451038575}}
[DEBUG _get_metrics] res_item[1].keys(): ['accuracy', 'loss', 'total_samples', 'actual_attack', 'actual_normal', 'predicted_attack', 'predicted_normal', 'true_positives', 'true_negatives', 'false_positives', 'false_negatives', 'precision', 'recall', 'f1_score']
[DEBUG _get_metrics] Extracted from ConfigRecord._data
[DEBUG _get_metrics] res_item[1] type: ConfigRecord
[DEBUG _get_metrics] res_item[1] has metrics attr: False
[DEBUG _get_metrics] res_item[1].__dict__: {'_check_key_fn': <function _check_key at 0x755feb1d4900>, '_check_value_fn': <function _check_value at 0x755fe09c89a0>, '_data': {'accuracy': 0.9438896775245667, 'loss': 0.03418750315904617, 'total_samples': 2103, 'actual_attack': 1621, 'actual_normal': 482, 'predicted_attack': 1731, 'predicted_normal': 372, 'true_positives': 1617, 'true_negatives': 368, 'false_positives': 114, 'false_negatives': 4, 'precision': 0.9341421143847487, 'recall': 0.9975323874151758, 'f1_score': 0.9647971360381863}}
[DEBUG _get_metrics] res_item[1].keys(): ['accuracy', 'loss', 'total_samples', 'actual_attack', 'actual_normal', 'predicted_attack', 'predicted_normal', 'true_positives', 'true_negatives', 'false_positives', 'false_negatives', 'precision', 'recall', 'f1_score']
[DEBUG _get_metrics] Extracted from ConfigRecord._data
[DEBUG] Extracted 4 metrics from results

[Evaluation Summary]
============================================================
Round: 6 / 60
Accuracy (mean):  0.9352  (93.52%)
Loss:             0.0348
[Per-Device Accuracy]
  - Device 0:  0.9283  (92.83%)
  - Device 1:  0.9344  (93.44%)
  - Device 2:  0.9344  (93.44%)
  - Device 3:  0.9439  (94.39%)

[Ground Truth]
  - Attack samples: 1622
  - Normal samples: 483
  - Total samples:  2105

[Predictions]
  - Predicted Attack:  1769
  - Predicted Normal:  336

[Confusion Matrix]
  - True Positives (TP):  1620
  - True Negatives (TN):  334
  - False Positives (FP): 149
  - False Negatives (FN): 2

[Metrics]
  - Precision:  0.9245  (92.45%)
  - Recall:     0.9975  (99.75%)
  - F1-Score:   0.9596  (95.96%)
============================================================

[DEBUG] evaluate_metrics_aggregation_fn called with 4 results
[DEBUG] results type: <class 'list'>
[DEBUG] First result type: <class 'tuple'>
[DEBUG] First result length: 2
[DEBUG] results[0][0] type: <class 'int'>
[DEBUG] results[0][1] type: <class 'flwr.app.message.configrecord.ConfigRecord'>[92mINFO [0m:      
[92mINFO [0m:      [ROUND 8]
[92mINFO [0m:      configure_fit: strategy sampled 4 clients (out of 4)
[92mINFO [0m:      aggregate_fit: received 4 results and 0 failures
[92mINFO [0m:      configure_evaluate: strategy sampled 4 clients (out of 4)
[92mINFO [0m:      aggregate_evaluate: received 4 results and 0 failures

[DEBUG _get_metrics] res_item[1] type: ConfigRecord
[DEBUG _get_metrics] res_item[1] has metrics attr: False
[DEBUG _get_metrics] res_item[1].__dict__: {'_check_key_fn': <function _check_key at 0x755feb1d4900>, '_check_value_fn': <function _check_value at 0x755fe09c89a0>, '_data': {'accuracy': 0.9591060280799866, 'loss': 0.028160130605101585, 'total_samples': 2103, 'actual_attack': 1621, 'actual_normal': 482, 'predicted_attack': 1697, 'predicted_normal': 406, 'true_positives': 1616, 'true_negatives': 401, 'false_positives': 81, 'false_negatives': 5, 'precision': 0.9522687094873306, 'recall': 0.9969154842689698, 'f1_score': 0.974080771549126}}
[DEBUG _get_metrics] res_item[1].keys(): ['accuracy', 'loss', 'total_samples', 'actual_attack', 'actual_normal', 'predicted_attack', 'predicted_normal', 'true_positives', 'true_negatives', 'false_positives', 'false_negatives', 'precision', 'recall', 'f1_score']
[DEBUG _get_metrics] Extracted from ConfigRecord._data
[DEBUG _get_metrics] res_item[1] type: ConfigRecord
[DEBUG _get_metrics] res_item[1] has metrics attr: False
[DEBUG _get_metrics] res_item[1].__dict__: {'_check_key_fn': <function _check_key at 0x755feb1d4900>, '_check_value_fn': <function _check_value at 0x755fe09c89a0>, '_data': {'accuracy': 0.9695672988891602, 'loss': 0.027476126328110695, 'total_samples': 2103, 'actual_attack': 1621, 'actual_normal': 482, 'predicted_attack': 1675, 'predicted_normal': 428, 'true_positives': 1616, 'true_negatives': 423, 'false_positives': 59, 'false_negatives': 5, 'precision': 0.964776119402985, 'recall': 0.9969154842689698, 'f1_score': 0.9805825242718447}}
[DEBUG _get_metrics] res_item[1].keys(): ['accuracy', 'loss', 'total_samples', 'actual_attack', 'actual_normal', 'predicted_attack', 'predicted_normal', 'true_positives', 'true_negatives', 'false_positives', 'false_negatives', 'precision', 'recall', 'f1_score']
[DEBUG _get_metrics] Extracted from ConfigRecord._data
[DEBUG _get_metrics] res_item[1] type: ConfigRecord
[DEBUG _get_metrics] res_item[1] has metrics attr: False
[DEBUG _get_metrics] res_item[1].__dict__: {'_check_key_fn': <function _check_key at 0x755feb1d4900>, '_check_value_fn': <function _check_value at 0x755fe09c89a0>, '_data': {'accuracy': 0.9643705487251282, 'loss': 0.02946997433900833, 'total_samples': 2105, 'actual_attack': 1622, 'actual_normal': 483, 'predicted_attack': 1691, 'predicted_normal': 414, 'true_positives': 1619, 'true_negatives': 411, 'false_positives': 72, 'false_negatives': 3, 'precision': 0.9574216439976345, 'recall': 0.9981504315659679, 'f1_score': 0.9773619076365831}}
[DEBUG _get_metrics] res_item[1].keys(): ['accuracy', 'loss', 'total_samples', 'actual_attack', 'actual_normal', 'predicted_attack', 'predicted_normal', 'true_positives', 'true_negatives', 'false_positives', 'false_negatives', 'precision', 'recall', 'f1_score']
[DEBUG _get_metrics] Extracted from ConfigRecord._data
[DEBUG _get_metrics] res_item[1] type: ConfigRecord
[DEBUG _get_metrics] res_item[1] has metrics attr: False
[DEBUG _get_metrics] res_item[1].__dict__: {'_check_key_fn': <function _check_key at 0x755feb1d4900>, '_check_value_fn': <function _check_value at 0x755fe09c89a0>, '_data': {'accuracy': 0.9591060280799866, 'loss': 0.028160130605101585, 'total_samples': 2103, 'actual_attack': 1621, 'actual_normal': 482, 'predicted_attack': 1697, 'predicted_normal': 406, 'true_positives': 1616, 'true_negatives': 401, 'false_positives': 81, 'false_negatives': 5, 'precision': 0.9522687094873306, 'recall': 0.9969154842689698, 'f1_score': 0.974080771549126}}
[DEBUG _get_metrics] res_item[1].keys(): ['accuracy', 'loss', 'total_samples', 'actual_attack', 'actual_normal', 'predicted_attack', 'predicted_normal', 'true_positives', 'true_negatives', 'false_positives', 'false_negatives', 'precision', 'recall', 'f1_score']
[DEBUG _get_metrics] Extracted from ConfigRecord._data
[DEBUG] Extracted 4 metrics from results

[Evaluation Summary]
============================================================
Round: 7 / 60
Accuracy (mean):  0.9630  (96.30%)
Loss:             0.0283
[Per-Device Accuracy]
  - Device 0:  0.9591  (95.91%)
  - Device 1:  0.9696  (96.96%)
  - Device 2:  0.9644  (96.44%)
  - Device 3:  0.9591  (95.91%)

[Ground Truth]
  - Attack samples: 1621
  - Normal samples: 482
  - Total samples:  2103

[Predictions]
  - Predicted Attack:  1697
  - Predicted Normal:  406

[Confusion Matrix]
  - True Positives (TP):  1616
  - True Negatives (TN):  401
  - False Positives (FP): 81
  - False Negatives (FN): 5

[Metrics]
  - Precision:  0.9567  (95.67%)
  - Recall:     0.9972  (99.72%)
  - F1-Score:   0.9765  (97.65%)
============================================================

[36m(ClientAppActor pid=820720)[0m [Client 3] Class weights (smoothed): {0: 1.2942450559445926, 1: 0.7057549440554073}[32m [repeated 16x across cluster][0m
[DEBUG] evaluate_metrics_aggregation_fn called with 4 results
[DEBUG] results type: <class 'list'>
[DEBUG] First result type: <class 'tuple'>
[DEBUG] First result length: 2
[DEBUG] results[0][0] type: <class 'int'>
[DEBUG] results[0][1] type: <class 'flwr.app.message.configrecord.ConfigRecord'>
[DEBUG _get_metrics] res_item[1] type: ConfigRecord
[DEBUG _get_metrics] res_item[1] has metrics attr: False
[DEBUG _get_metrics] res_item[1].__dict__: {'_check_key_fn': <function _check_key at 0x755feb1d4900>, '_check_value_fn': <function _check_value at 0x755fe09c89a0>, '_data': {'accuracy': 0.9904897809028625, 'loss': 0.021248353645205498, 'total_samples': 2103, 'actual_attack': 1621, 'actual_normal': 482, 'predicted_attack': 1631, 'predicted_normal': 472, 'true_positives': 1616, 'true_negatives': 467, 'false_positives': 15, 'false_negatives': 5, 'precision': 0.9908031882280809, 'recall': 0.9969154842689698, 'f1_score': 0.9938499384993851}}
[DEBUG _get_metrics] res_item[1].keys(): ['accuracy', 'loss', 'total_samples', 'actual_attack', 'actual_normal', 'predicted_attack', 'predicted_normal', 'true_positives', 'true_negatives', 'false_positives', 'false_negatives', 'precision', 'recall', 'f1_score']
[DEBUG _get_metrics] Extracted from ConfigRecord._data
[DEBUG _get_metrics] res_item[1] type: ConfigRecord
[DEBUG _get_metrics] res_item[1] has metrics attr: False
[DEBUG _get_metrics] res_item[1].__dict__: {'_check_key_fn': <function _check_key at 0x755feb1d4900>, '_check_value_fn': <function _check_value at 0x755fe09c89a0>, '_data': {'accuracy': 0.9857482314109802, 'loss': 0.0232769213616848, 'total_samples': 2105, 'actual_attack': 1622, 'actual_normal': 483, 'predicted_attack': 1646, 'predicted_normal': 459, 'true_positives': 1619, 'true_negatives': 456, 'false_positives': 27, 'false_negatives': 3, 'precision': 0.9835965978128797, 'recall': 0.9981504315659679, 'f1_score': 0.9908200734394124}}
[DEBUG _get_metrics] res_item[1].keys(): ['accuracy', 'loss', 'total_samples', 'actual_attack', 'actual_normal', 'predicted_attack', 'predicted_normal', 'true_positives', 'true_negatives', 'false_positives', 'false_negatives', 'precision', 'recall', 'f1_score']
[DEBUG _get_metrics] Extracted from ConfigRecord._data
[DEBUG _get_metrics] res_item[1] type: ConfigRecord
[DEBUG _get_metrics] res_item[1] has metrics attr: False
[DEBUG _get_metrics] res_item[1].__dict__: {'_check_key_fn': <function _check_key at 0x755feb1d4900>, '_check_value_fn': <function _check_value at 0x755fe09c89a0>, '_data': {'accuracy': 0.9852591753005981, 'loss': 0.022103480994701385, 'total_samples': 2103, 'actual_attack': 1621, 'actual_normal': 482, 'predicted_attack': 1640, 'predicted_normal': 463, 'true_positives': 1615, 'true_negatives': 457, 'false_positives': 25, 'false_negatives': 6, 'precision': 0.9847560975609756, 'recall': 0.9962985811227637, 'f1_score': 0.99049371358479}}
[DEBUG _get_metrics] res_item[1].keys(): ['accuracy', 'loss', 'total_samples', 'actual_attack', 'actual_normal', 'predicted_attack', 'predicted_normal', 'true_positives', 'true_negatives', 'false_positives', 'false_negatives', 'precision', 'recall', 'f1_score']
[DEBUG _get_metrics] Extracted from ConfigRecord._data
[DEBUG _get_metrics] res_item[1] type: ConfigRecord
[DEBUG _get_metrics] res_item[1] has metrics attr: False
[DEBUG _get_metrics] res_item[1].__dict__: {'_check_key_fn': <function _check_key at 0x755feb1d4900>, '_check_value_fn': <function _check_value at 0x755fe09c89a0>, '_data': {'accuracy': 0.9852591753005981, 'loss': 0.022103480994701385, 'total_samples': 2103, 'actual_attack': 1621, 'actual_normal': 482, 'predicted_attack': 1640, 'predicted_normal': 463, 'true_positives': 1615, 'true_negatives': 457, 'false_positives': 25, 'false_negatives': 6, 'precision': 0.9847560975609756, 'recall': 0.9962985811227637, 'f1_score': 0.99049371358479}}[92mINFO [0m:      
[92mINFO [0m:      [ROUND 9]
[92mINFO [0m:      configure_fit: strategy sampled 4 clients (out of 4)
[92mINFO [0m:      aggregate_fit: received 4 results and 0 failures
[92mINFO [0m:      configure_evaluate: strategy sampled 4 clients (out of 4)
[92mINFO [0m:      aggregate_evaluate: received 4 results and 0 failures
[92mINFO [0m:      
[92mINFO [0m:      [ROUND 10]
[92mINFO [0m:      configure_fit: strategy sampled 4 clients (out of 4)
[92mINFO [0m:      aggregate_fit: received 4 results and 0 failures
[92mINFO [0m:      configure_evaluate: strategy sampled 4 clients (out of 4)
[92mINFO [0m:      aggregate_evaluate: received 4 results and 0 failures

[DEBUG _get_metrics] res_item[1].keys(): ['accuracy', 'loss', 'total_samples', 'actual_attack', 'actual_normal', 'predicted_attack', 'predicted_normal', 'true_positives', 'true_negatives', 'false_positives', 'false_negatives', 'precision', 'recall', 'f1_score']
[DEBUG _get_metrics] Extracted from ConfigRecord._data
[DEBUG] Extracted 4 metrics from results

[Evaluation Summary]
============================================================
Round: 8 / 60
Accuracy (mean):  0.9867  (98.67%)
Loss:             0.0222
[Per-Device Accuracy]
  - Device 0:  0.9905  (99.05%)
  - Device 1:  0.9857  (98.57%)
  - Device 2:  0.9853  (98.53%)
  - Device 3:  0.9853  (98.53%)

[Ground Truth]
  - Attack samples: 1621
  - Normal samples: 482
  - Total samples:  2103

[Predictions]
  - Predicted Attack:  1631
  - Predicted Normal:  472

[Confusion Matrix]
  - True Positives (TP):  1616
  - True Negatives (TN):  467
  - False Positives (FP): 15
  - False Negatives (FN): 5

[Metrics]
  - Precision:  0.9860  (98.60%)
  - Recall:     0.9969  (99.69%)
  - F1-Score:   0.9914  (99.14%)
============================================================

[DEBUG] evaluate_metrics_aggregation_fn called with 4 results
[DEBUG] results type: <class 'list'>
[DEBUG] First result type: <class 'tuple'>
[DEBUG] First result length: 2
[DEBUG] results[0][0] type: <class 'int'>
[DEBUG] results[0][1] type: <class 'flwr.app.message.configrecord.ConfigRecord'>
[DEBUG _get_metrics] res_item[1] type: ConfigRecord
[DEBUG _get_metrics] res_item[1] has metrics attr: False
[DEBUG _get_metrics] res_item[1].__dict__: {'_check_key_fn': <function _check_key at 0x755feb1d4900>, '_check_value_fn': <function _check_value at 0x755fe09c89a0>, '_data': {'accuracy': 0.9862101674079895, 'loss': 0.017287326976656914, 'total_samples': 2103, 'actual_attack': 1621, 'actual_normal': 482, 'predicted_attack': 1638, 'predicted_normal': 465, 'true_positives': 1615, 'true_negatives': 459, 'false_positives': 23, 'false_negatives': 6, 'precision': 0.985958485958486, 'recall': 0.9962985811227637, 'f1_score': 0.9911015648972078}}
[DEBUG _get_metrics] res_item[1].keys(): ['accuracy', 'loss', 'total_samples', 'actual_attack', 'actual_normal', 'predicted_attack', 'predicted_normal', 'true_positives', 'true_negatives', 'false_positives', 'false_negatives', 'precision', 'recall', 'f1_score']
[DEBUG _get_metrics] Extracted from ConfigRecord._data
[DEBUG _get_metrics] res_item[1] type: ConfigRecord
[DEBUG _get_metrics] res_item[1] has metrics attr: False
[DEBUG _get_metrics] res_item[1].__dict__: {'_check_key_fn': <function _check_key at 0x755feb1d4900>, '_check_value_fn': <function _check_value at 0x755fe09c89a0>, '_data': {'accuracy': 0.9871733784675598, 'loss': 0.018283721059560776, 'total_samples': 2105, 'actual_attack': 1622, 'actual_normal': 483, 'predicted_attack': 1643, 'predicted_normal': 462, 'true_positives': 1619, 'true_negatives': 459, 'false_positives': 24, 'false_negatives': 3, 'precision': 0.985392574558734, 'recall': 0.9981504315659679, 'f1_score': 0.991730474732006}}
[DEBUG _get_metrics] res_item[1].keys(): ['accuracy', 'loss', 'total_samples', 'actual_attack', 'actual_normal', 'predicted_attack', 'predicted_normal', 'true_positives', 'true_negatives', 'false_positives', 'false_negatives', 'precision', 'recall', 'f1_score']
[DEBUG _get_metrics] Extracted from ConfigRecord._data
[DEBUG _get_metrics] res_item[1] type: ConfigRecord
[DEBUG _get_metrics] res_item[1] has metrics attr: False
[DEBUG _get_metrics] res_item[1].__dict__: {'_check_key_fn': <function _check_key at 0x755feb1d4900>, '_check_value_fn': <function _check_value at 0x755fe09c89a0>, '_data': {'accuracy': 0.9862101674079895, 'loss': 0.017287326976656914, 'total_samples': 2103, 'actual_attack': 1621, 'actual_normal': 482, 'predicted_attack': 1638, 'predicted_normal': 465, 'true_positives': 1615, 'true_negatives': 459, 'false_positives': 23, 'false_negatives': 6, 'precision': 0.985958485958486, 'recall': 0.9962985811227637, 'f1_score': 0.9911015648972078}}
[DEBUG _get_metrics] res_item[1].keys(): ['accuracy', 'loss', 'total_samples', 'actual_attack', 'actual_normal', 'predicted_attack', 'predicted_normal', 'true_positives', 'true_negatives', 'false_positives', 'false_negatives', 'precision', 'recall', 'f1_score']
[DEBUG _get_metrics] Extracted from ConfigRecord._data
[DEBUG _get_metrics] res_item[1] type: ConfigRecord
[DEBUG _get_metrics] res_item[1] has metrics attr: False
[DEBUG _get_metrics] res_item[1].__dict__: {'_check_key_fn': <function _check_key at 0x755feb1d4900>, '_check_value_fn': <function _check_value at 0x755fe09c89a0>, '_data': {'accuracy': 0.99239182472229, 'loss': 0.01616830937564373, 'total_samples': 2103, 'actual_attack': 1621, 'actual_normal': 482, 'predicted_attack': 1627, 'predicted_normal': 476, 'true_positives': 1616, 'true_negatives': 471, 'false_positives': 11, 'false_negatives': 5, 'precision': 0.9932390903503381, 'recall': 0.9969154842689698, 'f1_score': 0.9950738916256158}}
[DEBUG _get_metrics] res_item[1].keys(): ['accuracy', 'loss', 'total_samples', 'actual_attack', 'actual_normal', 'predicted_attack', 'predicted_normal', 'true_positives', 'true_negatives', 'false_positives', 'false_negatives', 'precision', 'recall', 'f1_score']
[DEBUG _get_metrics] Extracted from ConfigRecord._data
[DEBUG] Extracted 4 metrics from results

[Evaluation Summary]
============================================================
Round: 9 / 60
Accuracy (mean):  0.9880  (98.80%)
Loss:             0.0173
[Per-Device Accuracy]
  - Device 0:  0.9862  (98.62%)
  - Device 1:  0.9872  (98.72%)
  - Device 2:  0.9862  (98.62%)
  - Device 3:  0.9924  (99.24%)

[Ground Truth]
  - Attack samples: 1621
  - Normal samples: 482
  - Total samples:  2103

[Predictions]
  - Predicted Attack:  1638
  - Predicted Normal:  465

[Confusion Matrix]
  - True Positives (TP):  1615
  - True Negatives (TN):  459
  - False Positives (FP): 23
  - False Negatives (FN): 6

[Metrics]
  - Precision:  0.9876  (98.76%)
  - Recall:     0.9969  (99.69%)
  - F1-Score:   0.9923  (99.23%)
============================================================

[Round 10] Client contributions:
  Client samples: 18,931 (weight: 0.2500)
  Client samples: 18,931 (weight: 0.2500)
  Client samples: 18,931 (weight: 0.2500)
  Client samples: 18,932 (weight: 0.2500)
[36m(ClientAppActor pid=820728)[0m [Client 2] Class weights (smoothed): {0: 1.2942450559445926, 1: 0.7057549440554073}[32m [repeated 16x across cluster][0m
[DEBUG] evaluate_metrics_aggregation_fn called with 4 results
[DEBUG] results type: <class 'list'>
[DEBUG] First result type: <class 'tuple'>
[DEBUG] First result length: 2
[DEBUG] results[0][0] type: <class 'int'>
[DEBUG] results[0][1] type: <class 'flwr.app.message.configrecord.ConfigRecord'>
[DEBUG _get_metrics] res_item[1] type: ConfigRecord
[DEBUG _get_metrics] res_item[1] has metrics attr: False
[DEBUG _get_metrics] res_item[1].__dict__: {'_check_key_fn': <function _check_key at 0x755feb1d4900>, '_check_value_fn': <function _check_value at 0x755fe09c89a0>, '_data': {'accuracy': 0.9871733784675598, 'loss': 0.014492716640233994, 'total_samples': 2105, 'actual_attack': 1622, 'actual_normal': 483, 'predicted_attack': 1643, 'predicted_normal': 462, 'true_positives': 1619, 'true_negatives': 459, 'false_positives': 24, 'false_negatives': 3, 'precision': 0.985392574558734, 'recall': 0.9981504315659679, 'f1_score': 0.991730474732006}}
[DEBUG _get_metrics] res_item[1].keys(): ['accuracy', 'loss', 'total_samples', 'actual_attack', 'actual_normal', 'predicted_attack', 'predicted_normal', 'true_positives', 'true_negatives', 'false_positives', 'false_negatives', 'precision', 'recall', 'f1_score']
[DEBUG _get_metrics] Extracted from ConfigRecord._data
[DEBUG _get_metrics] res_item[1] type: ConfigRecord
[DEBUG _get_metrics] res_item[1] has metrics attr: False
[DEBUG _get_metrics] res_item[1].__dict__: {'_check_key_fn': <function _check_key at 0x755feb1d4900>, '_check_value_fn': <function _check_value at 0x755fe09c89a0>, '_data': {'accuracy': 0.9933428168296814, 'loss': 0.01246944535523653, 'total_samples': 2103, 'actual_attack': 1621, 'actual_normal': 482, 'predicted_attack': 1625, 'predicted_normal': 478, 'true_positives': 1616, 'true_negatives': 473, 'false_positives': 9, 'false_negatives': 5, 'precision': 0.9944615384615385, 'recall': 0.9969154842689698, 'f1_score': 0.9956869993838571}}[92mINFO [0m:      
[92mINFO [0m:      [ROUND 11]
[92mINFO [0m:      configure_fit: strategy sampled 4 clients (out of 4)
[92mINFO [0m:      aggregate_fit: received 4 results and 0 failures
[92mINFO [0m:      configure_evaluate: strategy sampled 4 clients (out of 4)
[92mINFO [0m:      aggregate_evaluate: received 4 results and 0 failures
[92mINFO [0m:      
[92mINFO [0m:      [ROUND 12]
[92mINFO [0m:      configure_fit: strategy sampled 4 clients (out of 4)
[92mINFO [0m:      aggregate_fit: received 4 results and 0 failures
[92mINFO [0m:      configure_evaluate: strategy sampled 4 clients (out of 4)

[DEBUG _get_metrics] res_item[1].keys(): ['accuracy', 'loss', 'total_samples', 'actual_attack', 'actual_normal', 'predicted_attack', 'predicted_normal', 'true_positives', 'true_negatives', 'false_positives', 'false_negatives', 'precision', 'recall', 'f1_score']
[DEBUG _get_metrics] Extracted from ConfigRecord._data
[DEBUG _get_metrics] res_item[1] type: ConfigRecord
[DEBUG _get_metrics] res_item[1] has metrics attr: False
[DEBUG _get_metrics] res_item[1].__dict__: {'_check_key_fn': <function _check_key at 0x755feb1d4900>, '_check_value_fn': <function _check_value at 0x755fe09c89a0>, '_data': {'accuracy': 0.9871612191200256, 'loss': 0.01366751454770565, 'total_samples': 2103, 'actual_attack': 1621, 'actual_normal': 482, 'predicted_attack': 1636, 'predicted_normal': 467, 'true_positives': 1615, 'true_negatives': 461, 'false_positives': 21, 'false_negatives': 6, 'precision': 0.9871638141809291, 'recall': 0.9962985811227637, 'f1_score': 0.9917101627264355}}
[DEBUG _get_metrics] res_item[1].keys(): ['accuracy', 'loss', 'total_samples', 'actual_attack', 'actual_normal', 'predicted_attack', 'predicted_normal', 'true_positives', 'true_negatives', 'false_positives', 'false_negatives', 'precision', 'recall', 'f1_score']
[DEBUG _get_metrics] Extracted from ConfigRecord._data
[DEBUG _get_metrics] res_item[1] type: ConfigRecord
[DEBUG _get_metrics] res_item[1] has metrics attr: False
[DEBUG _get_metrics] res_item[1].__dict__: {'_check_key_fn': <function _check_key at 0x755feb1d4900>, '_check_value_fn': <function _check_value at 0x755fe09c89a0>, '_data': {'accuracy': 0.9871612191200256, 'loss': 0.01366751454770565, 'total_samples': 2103, 'actual_attack': 1621, 'actual_normal': 482, 'predicted_attack': 1636, 'predicted_normal': 467, 'true_positives': 1615, 'true_negatives': 461, 'false_positives': 21, 'false_negatives': 6, 'precision': 0.9871638141809291, 'recall': 0.9962985811227637, 'f1_score': 0.9917101627264355}}
[DEBUG _get_metrics] res_item[1].keys(): ['accuracy', 'loss', 'total_samples', 'actual_attack', 'actual_normal', 'predicted_attack', 'predicted_normal', 'true_positives', 'true_negatives', 'false_positives', 'false_negatives', 'precision', 'recall', 'f1_score']
[DEBUG _get_metrics] Extracted from ConfigRecord._data
[DEBUG] Extracted 4 metrics from results

[Evaluation Summary]
============================================================
Round: 10 / 60
Accuracy (mean):  0.9887  (98.87%)
Loss:             0.0136
[Per-Device Accuracy]
  - Device 0:  0.9872  (98.72%)
  - Device 1:  0.9933  (99.33%)
  - Device 2:  0.9872  (98.72%)
  - Device 3:  0.9872  (98.72%)

[Ground Truth]
  - Attack samples: 1622
  - Normal samples: 483
  - Total samples:  2105

[Predictions]
  - Predicted Attack:  1643
  - Predicted Normal:  462

[Confusion Matrix]
  - True Positives (TP):  1619
  - True Negatives (TN):  459
  - False Positives (FP): 24
  - False Negatives (FN): 3

[Metrics]
  - Precision:  0.9885  (98.85%)
  - Recall:     0.9969  (99.69%)
  - F1-Score:   0.9927  (99.27%)
============================================================

[DEBUG] evaluate_metrics_aggregation_fn called with 4 results
[DEBUG] results type: <class 'list'>
[DEBUG] First result type: <class 'tuple'>
[DEBUG] First result length: 2
[DEBUG] results[0][0] type: <class 'int'>
[DEBUG] results[0][1] type: <class 'flwr.app.message.configrecord.ConfigRecord'>
[DEBUG _get_metrics] res_item[1] type: ConfigRecord
[DEBUG _get_metrics] res_item[1] has metrics attr: False
[DEBUG _get_metrics] res_item[1].__dict__: {'_check_key_fn': <function _check_key at 0x755feb1d4900>, '_check_value_fn': <function _check_value at 0x755fe09c89a0>, '_data': {'accuracy': 0.9871612191200256, 'loss': 0.011057790368795395, 'total_samples': 2103, 'actual_attack': 1621, 'actual_normal': 482, 'predicted_attack': 1630, 'predicted_normal': 473, 'true_positives': 1612, 'true_negatives': 464, 'false_positives': 18, 'false_negatives': 9, 'precision': 0.9889570552147239, 'recall': 0.9944478716841456, 'f1_score': 0.9916948631190403}}
[DEBUG _get_metrics] res_item[1].keys(): ['accuracy', 'loss', 'total_samples', 'actual_attack', 'actual_normal', 'predicted_attack', 'predicted_normal', 'true_positives', 'true_negatives', 'false_positives', 'false_negatives', 'precision', 'recall', 'f1_score']
[DEBUG _get_metrics] Extracted from ConfigRecord._data
[DEBUG _get_metrics] res_item[1] type: ConfigRecord
[DEBUG _get_metrics] res_item[1] has metrics attr: False
[DEBUG _get_metrics] res_item[1].__dict__: {'_check_key_fn': <function _check_key at 0x755feb1d4900>, '_check_value_fn': <function _check_value at 0x755fe09c89a0>, '_data': {'accuracy': 0.9871612191200256, 'loss': 0.011057790368795395, 'total_samples': 2103, 'actual_attack': 1621, 'actual_normal': 482, 'predicted_attack': 1630, 'predicted_normal': 473, 'true_positives': 1612, 'true_negatives': 464, 'false_positives': 18, 'false_negatives': 9, 'precision': 0.9889570552147239, 'recall': 0.9944478716841456, 'f1_score': 0.9916948631190403}}
[DEBUG _get_metrics] res_item[1].keys(): ['accuracy', 'loss', 'total_samples', 'actual_attack', 'actual_normal', 'predicted_attack', 'predicted_normal', 'true_positives', 'true_negatives', 'false_positives', 'false_negatives', 'precision', 'recall', 'f1_score']
[DEBUG _get_metrics] Extracted from ConfigRecord._data
[DEBUG _get_metrics] res_item[1] type: ConfigRecord
[DEBUG _get_metrics] res_item[1] has metrics attr: False
[DEBUG _get_metrics] res_item[1].__dict__: {'_check_key_fn': <function _check_key at 0x755feb1d4900>, '_check_value_fn': <function _check_value at 0x755fe09c89a0>, '_data': {'accuracy': 0.9885985851287842, 'loss': 0.01180064957588911, 'total_samples': 2105, 'actual_attack': 1622, 'actual_normal': 483, 'predicted_attack': 1640, 'predicted_normal': 465, 'true_positives': 1619, 'true_negatives': 462, 'false_positives': 21, 'false_negatives': 3, 'precision': 0.9871951219512195, 'recall': 0.9981504315659679, 'f1_score': 0.9926425505824648}}
[DEBUG _get_metrics] res_item[1].keys(): ['accuracy', 'loss', 'total_samples', 'actual_attack', 'actual_normal', 'predicted_attack', 'predicted_normal', 'true_positives', 'true_negatives', 'false_positives', 'false_negatives', 'precision', 'recall', 'f1_score']
[DEBUG _get_metrics] Extracted from ConfigRecord._data
[DEBUG _get_metrics] res_item[1] type: ConfigRecord
[DEBUG _get_metrics] res_item[1] has metrics attr: False
[DEBUG _get_metrics] res_item[1].__dict__: {'_check_key_fn': <function _check_key at 0x755feb1d4900>, '_check_value_fn': <function _check_value at 0x755fe09c89a0>, '_data': {'accuracy': 0.9928673505783081, 'loss': 0.00991733092814684, 'total_samples': 2103, 'actual_attack': 1621, 'actual_normal': 482, 'predicted_attack': 1622, 'predicted_normal': 481, 'true_positives': 1614, 'true_negatives': 474, 'false_positives': 8, 'false_negatives': 7, 'precision': 0.9950678175092479, 'recall': 0.9956816779765577, 'f1_score': 0.9953746530989824}}
[DEBUG _get_metrics] res_item[1].keys(): ['accuracy', 'loss', 'total_samples', 'actual_attack', 'actual_normal', 'predicted_attack', 'predicted_normal', 'true_positives', 'true_negatives', 'false_positives', 'false_negatives', 'precision', 'recall', 'f1_score']
[DEBUG _get_metrics] Extracted from ConfigRecord._data
[DEBUG] Extracted 4 metrics from results

[Evaluation Summary]
============================================================
Round: 11 / 60
Accuracy (mean):  0.9889  (98.89%)
Loss:             0.0110
[Per-Device Accuracy]
  - Device 0:  0.9872  (98.72%)
  - Device 1:  0.9872  (98.72%)
  - Device 2:  0.9886  (98.86%)
  - Device 3:  0.9929  (99.29%)

[Ground Truth]
  - Attack samples: 1621
  - Normal samples: 482
  - Total samples:  2103

[Predictions]
  - Predicted Attack:  1630
  - Predicted Normal:  473

[Confusion Matrix]
  - True Positives (TP):  1612
  - True Negatives (TN):  464
  - False Positives (FP): 18
  - False Negatives (FN): 9

[Metrics]
  - Precision:  0.9900  (99.00%)
  - Recall:     0.9957  (99.57%)
  - F1-Score:   0.9929  (99.29%)
============================================================

[36m(ClientAppActor pid=820728)[0m [Client 2] Class weights (smoothed): {0: 1.2942450559445926, 1: 0.7057549440554073}[32m [repeated 16x across cluster][0m[92mINFO [0m:      aggregate_evaluate: received 4 results and 0 failures
[92mINFO [0m:      
[92mINFO [0m:      [ROUND 13]
[92mINFO [0m:      configure_fit: strategy sampled 4 clients (out of 4)
[92mINFO [0m:      aggregate_fit: received 4 results and 0 failures
[92mINFO [0m:      configure_evaluate: strategy sampled 4 clients (out of 4)
[92mINFO [0m:      aggregate_evaluate: received 4 results and 0 failures

[DEBUG] evaluate_metrics_aggregation_fn called with 4 results
[DEBUG] results type: <class 'list'>
[DEBUG] First result type: <class 'tuple'>
[DEBUG] First result length: 2
[DEBUG] results[0][0] type: <class 'int'>
[DEBUG] results[0][1] type: <class 'flwr.app.message.configrecord.ConfigRecord'>
[DEBUG _get_metrics] res_item[1] type: ConfigRecord
[DEBUG _get_metrics] res_item[1] has metrics attr: False
[DEBUG _get_metrics] res_item[1].__dict__: {'_check_key_fn': <function _check_key at 0x755feb1d4900>, '_check_value_fn': <function _check_value at 0x755fe09c89a0>, '_data': {'accuracy': 0.9885877370834351, 'loss': 0.009101402945816517, 'total_samples': 2103, 'actual_attack': 1621, 'actual_normal': 482, 'predicted_attack': 1625, 'predicted_normal': 478, 'true_positives': 1611, 'true_negatives': 468, 'false_positives': 14, 'false_negatives': 10, 'precision': 0.9913846153846154, 'recall': 0.9938309685379395, 'f1_score': 0.9926062846580407}}
[DEBUG _get_metrics] res_item[1].keys(): ['accuracy', 'loss', 'total_samples', 'actual_attack', 'actual_normal', 'predicted_attack', 'predicted_normal', 'true_positives', 'true_negatives', 'false_positives', 'false_negatives', 'precision', 'recall', 'f1_score']
[DEBUG _get_metrics] Extracted from ConfigRecord._data
[DEBUG _get_metrics] res_item[1] type: ConfigRecord
[DEBUG _get_metrics] res_item[1] has metrics attr: False
[DEBUG _get_metrics] res_item[1].__dict__: {'_check_key_fn': <function _check_key at 0x755feb1d4900>, '_check_value_fn': <function _check_value at 0x755fe09c89a0>, '_data': {'accuracy': 0.9885877370834351, 'loss': 0.009101402945816517, 'total_samples': 2103, 'actual_attack': 1621, 'actual_normal': 482, 'predicted_attack': 1625, 'predicted_normal': 478, 'true_positives': 1611, 'true_negatives': 468, 'false_positives': 14, 'false_negatives': 10, 'precision': 0.9913846153846154, 'recall': 0.9938309685379395, 'f1_score': 0.9926062846580407}}
[DEBUG _get_metrics] res_item[1].keys(): ['accuracy', 'loss', 'total_samples', 'actual_attack', 'actual_normal', 'predicted_attack', 'predicted_normal', 'true_positives', 'true_negatives', 'false_positives', 'false_negatives', 'precision', 'recall', 'f1_score']
[DEBUG _get_metrics] Extracted from ConfigRecord._data
[DEBUG _get_metrics] res_item[1] type: ConfigRecord
[DEBUG _get_metrics] res_item[1] has metrics attr: False
[DEBUG _get_metrics] res_item[1].__dict__: {'_check_key_fn': <function _check_key at 0x755feb1d4900>, '_check_value_fn': <function _check_value at 0x755fe09c89a0>, '_data': {'accuracy': 0.9885985851287842, 'loss': 0.00977479200810194, 'total_samples': 2105, 'actual_attack': 1622, 'actual_normal': 483, 'predicted_attack': 1638, 'predicted_normal': 467, 'true_positives': 1618, 'true_negatives': 463, 'false_positives': 20, 'false_negatives': 4, 'precision': 0.9877899877899878, 'recall': 0.9975339087546239, 'f1_score': 0.992638036809816}}
[DEBUG _get_metrics] res_item[1].keys(): ['accuracy', 'loss', 'total_samples', 'actual_attack', 'actual_normal', 'predicted_attack', 'predicted_normal', 'true_positives', 'true_negatives', 'false_positives', 'false_negatives', 'precision', 'recall', 'f1_score']
[DEBUG _get_metrics] Extracted from ConfigRecord._data
[DEBUG _get_metrics] res_item[1] type: ConfigRecord
[DEBUG _get_metrics] res_item[1] has metrics attr: False
[DEBUG _get_metrics] res_item[1].__dict__: {'_check_key_fn': <function _check_key at 0x755feb1d4900>, '_check_value_fn': <function _check_value at 0x755fe09c89a0>, '_data': {'accuracy': 0.99239182472229, 'loss': 0.008048659190535545, 'total_samples': 2103, 'actual_attack': 1621, 'actual_normal': 482, 'predicted_attack': 1621, 'predicted_normal': 482, 'true_positives': 1613, 'true_negatives': 474, 'false_positives': 8, 'false_negatives': 8, 'precision': 0.9950647748303516, 'recall': 0.9950647748303516, 'f1_score': 0.9950647748303516}}
[DEBUG _get_metrics] res_item[1].keys(): ['accuracy', 'loss', 'total_samples', 'actual_attack', 'actual_normal', 'predicted_attack', 'predicted_normal', 'true_positives', 'true_negatives', 'false_positives', 'false_negatives', 'precision', 'recall', 'f1_score']
[DEBUG _get_metrics] Extracted from ConfigRecord._data
[DEBUG] Extracted 4 metrics from results

[Evaluation Summary]
============================================================
Round: 12 / 60
Accuracy (mean):  0.9895  (98.95%)
Loss:             0.0090
[Per-Device Accuracy]
  - Device 0:  0.9886  (98.86%)
  - Device 1:  0.9886  (98.86%)
  - Device 2:  0.9886  (98.86%)
  - Device 3:  0.9924  (99.24%)

[Ground Truth]
  - Attack samples: 1621
  - Normal samples: 482
  - Total samples:  2103

[Predictions]
  - Predicted Attack:  1625
  - Predicted Normal:  478

[Confusion Matrix]
  - True Positives (TP):  1611
  - True Negatives (TN):  468
  - False Positives (FP): 14
  - False Negatives (FN): 10

[Metrics]
  - Precision:  0.9914  (99.14%)
  - Recall:     0.9951  (99.51%)
  - F1-Score:   0.9932  (99.32%)
============================================================

[DEBUG] evaluate_metrics_aggregation_fn called with 4 results
[DEBUG] results type: <class 'list'>
[DEBUG] First result type: <class 'tuple'>
[DEBUG] First result length: 2
[DEBUG] results[0][0] type: <class 'int'>
[DEBUG] results[0][1] type: <class 'flwr.app.message.configrecord.ConfigRecord'>
[DEBUG _get_metrics] res_item[1] type: ConfigRecord
[DEBUG _get_metrics] res_item[1] has metrics attr: False
[DEBUG _get_metrics] res_item[1].__dict__: {'_check_key_fn': <function _check_key at 0x755feb1d4900>, '_check_value_fn': <function _check_value at 0x755fe09c89a0>, '_data': {'accuracy': 0.9881235361099243, 'loss': 0.008385930210351944, 'total_samples': 2105, 'actual_attack': 1622, 'actual_normal': 483, 'predicted_attack': 1637, 'predicted_normal': 468, 'true_positives': 1617, 'true_negatives': 463, 'false_positives': 20, 'false_negatives': 5, 'precision': 0.9877825290164935, 'recall': 0.9969173859432799, 'f1_score': 0.9923289352562136}}
[DEBUG _get_metrics] res_item[1].keys(): ['accuracy', 'loss', 'total_samples', 'actual_attack', 'actual_normal', 'predicted_attack', 'predicted_normal', 'true_positives', 'true_negatives', 'false_positives', 'false_negatives', 'precision', 'recall', 'f1_score']
[DEBUG _get_metrics] Extracted from ConfigRecord._data
[DEBUG _get_metrics] res_item[1] type: ConfigRecord
[DEBUG _get_metrics] res_item[1] has metrics attr: False
[DEBUG _get_metrics] res_item[1].__dict__: {'_check_key_fn': <function _check_key at 0x755feb1d4900>, '_check_value_fn': <function _check_value at 0x755fe09c89a0>, '_data': {'accuracy': 0.99239182472229, 'loss': 0.00674548139795661, 'total_samples': 2103, 'actual_attack': 1621, 'actual_normal': 482, 'predicted_attack': 1621, 'predicted_normal': 482, 'true_positives': 1613, 'true_negatives': 474, 'false_positives': 8, 'false_negatives': 8, 'precision': 0.9950647748303516, 'recall': 0.9950647748303516, 'f1_score': 0.9950647748303516}}
[DEBUG _get_metrics] res_item[1].keys(): ['accuracy', 'loss', 'total_samples', 'actual_attack', 'actual_normal', 'predicted_attack', 'predicted_normal', 'true_positives', 'true_negatives', 'false_positives', 'false_negatives', 'precision', 'recall', 'f1_score']
[DEBUG _get_metrics] Extracted from ConfigRecord._data
[DEBUG _get_metrics] res_item[1] type: ConfigRecord
[DEBUG _get_metrics] res_item[1] has metrics attr: False
[DEBUG _get_metrics] res_item[1].__dict__: {'_check_key_fn': <function _check_key at 0x755feb1d4900>, '_check_value_fn': <function _check_value at 0x755fe09c89a0>, '_data': {'accuracy': 0.988112211227417, 'loss': 0.007703096140176058, 'total_samples': 2103, 'actual_attack': 1621, 'actual_normal': 482, 'predicted_attack': 1624, 'predicted_normal': 479, 'true_positives': 1610, 'true_negatives': 468, 'false_positives': 14, 'false_negatives': 11, 'precision': 0.9913793103448276, 'recall': 0.9932140653917335, 'f1_score': 0.9922958397534668}}
[DEBUG _get_metrics] res_item[1].keys(): ['accuracy', 'loss', 'total_samples', 'actual_attack', 'actual_normal', 'predicted_attack', 'predicted_normal', 'true_positives', 'true_negatives', 'false_positives', 'false_negatives', 'precision', 'recall', 'f1_score']
[DEBUG _get_metrics] Extracted from ConfigRecord._data
[DEBUG _get_metrics] res_item[1] type: ConfigRecord[92mINFO [0m:      
[92mINFO [0m:      [ROUND 14]
[92mINFO [0m:      configure_fit: strategy sampled 4 clients (out of 4)
[92mINFO [0m:      aggregate_fit: received 4 results and 0 failures
[92mINFO [0m:      configure_evaluate: strategy sampled 4 clients (out of 4)
[92mINFO [0m:      aggregate_evaluate: received 4 results and 0 failures
[92mINFO [0m:      
[92mINFO [0m:      [ROUND 15]
[92mINFO [0m:      configure_fit: strategy sampled 4 clients (out of 4)
[92mINFO [0m:      aggregate_fit: received 4 results and 0 failures
[92mINFO [0m:      configure_evaluate: strategy sampled 4 clients (out of 4)
[92mINFO [0m:      aggregate_evaluate: received 4 results and 0 failures

[DEBUG _get_metrics] res_item[1] has metrics attr: False
[DEBUG _get_metrics] res_item[1].__dict__: {'_check_key_fn': <function _check_key at 0x755feb1d4900>, '_check_value_fn': <function _check_value at 0x755fe09c89a0>, '_data': {'accuracy': 0.988112211227417, 'loss': 0.007703096140176058, 'total_samples': 2103, 'actual_attack': 1621, 'actual_normal': 482, 'predicted_attack': 1624, 'predicted_normal': 479, 'true_positives': 1610, 'true_negatives': 468, 'false_positives': 14, 'false_negatives': 11, 'precision': 0.9913793103448276, 'recall': 0.9932140653917335, 'f1_score': 0.9922958397534668}}
[DEBUG _get_metrics] res_item[1].keys(): ['accuracy', 'loss', 'total_samples', 'actual_attack', 'actual_normal', 'predicted_attack', 'predicted_normal', 'true_positives', 'true_negatives', 'false_positives', 'false_negatives', 'precision', 'recall', 'f1_score']
[DEBUG _get_metrics] Extracted from ConfigRecord._data
[DEBUG] Extracted 4 metrics from results

[Evaluation Summary]
============================================================
Round: 13 / 60
Accuracy (mean):  0.9892  (98.92%)
Loss:             0.0076
[Per-Device Accuracy]
  - Device 0:  0.9881  (98.81%)
  - Device 1:  0.9924  (99.24%)
  - Device 2:  0.9881  (98.81%)
  - Device 3:  0.9881  (98.81%)

[Ground Truth]
  - Attack samples: 1622
  - Normal samples: 483
  - Total samples:  2105

[Predictions]
  - Predicted Attack:  1637
  - Predicted Normal:  468

[Confusion Matrix]
  - True Positives (TP):  1617
  - True Negatives (TN):  463
  - False Positives (FP): 20
  - False Negatives (FN): 5

[Metrics]
  - Precision:  0.9914  (99.14%)
  - Recall:     0.9946  (99.46%)
  - F1-Score:   0.9930  (99.30%)
============================================================

[DEBUG] evaluate_metrics_aggregation_fn called with 4 results
[DEBUG] results type: <class 'list'>
[DEBUG] First result type: <class 'tuple'>
[DEBUG] First result length: 2
[DEBUG] results[0][0] type: <class 'int'>
[DEBUG] results[0][1] type: <class 'flwr.app.message.configrecord.ConfigRecord'>
[DEBUG _get_metrics] res_item[1] type: ConfigRecord
[DEBUG _get_metrics] res_item[1] has metrics attr: False
[DEBUG _get_metrics] res_item[1].__dict__: {'_check_key_fn': <function _check_key at 0x755feb1d4900>, '_check_value_fn': <function _check_value at 0x755fe09c89a0>, '_data': {'accuracy': 0.99239182472229, 'loss': 0.00595086719840765, 'total_samples': 2103, 'actual_attack': 1621, 'actual_normal': 482, 'predicted_attack': 1621, 'predicted_normal': 482, 'true_positives': 1613, 'true_negatives': 474, 'false_positives': 8, 'false_negatives': 8, 'precision': 0.9950647748303516, 'recall': 0.9950647748303516, 'f1_score': 0.9950647748303516}}
[DEBUG _get_metrics] res_item[1].keys(): ['accuracy', 'loss', 'total_samples', 'actual_attack', 'actual_normal', 'predicted_attack', 'predicted_normal', 'true_positives', 'true_negatives', 'false_positives', 'false_negatives', 'precision', 'recall', 'f1_score']
[DEBUG _get_metrics] Extracted from ConfigRecord._data
[DEBUG _get_metrics] res_item[1] type: ConfigRecord
[DEBUG _get_metrics] res_item[1] has metrics attr: False
[DEBUG _get_metrics] res_item[1].__dict__: {'_check_key_fn': <function _check_key at 0x755feb1d4900>, '_check_value_fn': <function _check_value at 0x755fe09c89a0>, '_data': {'accuracy': 0.9885877370834351, 'loss': 0.006706086918711662, 'total_samples': 2103, 'actual_attack': 1621, 'actual_normal': 482, 'predicted_attack': 1623, 'predicted_normal': 480, 'true_positives': 1610, 'true_negatives': 469, 'false_positives': 13, 'false_negatives': 11, 'precision': 0.9919901417128774, 'recall': 0.9932140653917335, 'f1_score': 0.9926017262638719}}
[DEBUG _get_metrics] res_item[1].keys(): ['accuracy', 'loss', 'total_samples', 'actual_attack', 'actual_normal', 'predicted_attack', 'predicted_normal', 'true_positives', 'true_negatives', 'false_positives', 'false_negatives', 'precision', 'recall', 'f1_score']
[DEBUG _get_metrics] Extracted from ConfigRecord._data
[DEBUG _get_metrics] res_item[1] type: ConfigRecord
[DEBUG _get_metrics] res_item[1] has metrics attr: False
[DEBUG _get_metrics] res_item[1].__dict__: {'_check_key_fn': <function _check_key at 0x755feb1d4900>, '_check_value_fn': <function _check_value at 0x755fe09c89a0>, '_data': {'accuracy': 0.9881235361099243, 'loss': 0.007479959633201361, 'total_samples': 2105, 'actual_attack': 1622, 'actual_normal': 483, 'predicted_attack': 1637, 'predicted_normal': 468, 'true_positives': 1617, 'true_negatives': 463, 'false_positives': 20, 'false_negatives': 5, 'precision': 0.9877825290164935, 'recall': 0.9969173859432799, 'f1_score': 0.9923289352562136}}
[DEBUG _get_metrics] res_item[1].keys(): ['accuracy', 'loss', 'total_samples', 'actual_attack', 'actual_normal', 'predicted_attack', 'predicted_normal', 'true_positives', 'true_negatives', 'false_positives', 'false_negatives', 'precision', 'recall', 'f1_score']
[DEBUG _get_metrics] Extracted from ConfigRecord._data
[DEBUG _get_metrics] res_item[1] type: ConfigRecord
[DEBUG _get_metrics] res_item[1] has metrics attr: False
[DEBUG _get_metrics] res_item[1].__dict__: {'_check_key_fn': <function _check_key at 0x755feb1d4900>, '_check_value_fn': <function _check_value at 0x755fe09c89a0>, '_data': {'accuracy': 0.9885877370834351, 'loss': 0.006706086918711662, 'total_samples': 2103, 'actual_attack': 1621, 'actual_normal': 482, 'predicted_attack': 1623, 'predicted_normal': 480, 'true_positives': 1610, 'true_negatives': 469, 'false_positives': 13, 'false_negatives': 11, 'precision': 0.9919901417128774, 'recall': 0.9932140653917335, 'f1_score': 0.9926017262638719}}
[DEBUG _get_metrics] res_item[1].keys(): ['accuracy', 'loss', 'total_samples', 'actual_attack', 'actual_normal', 'predicted_attack', 'predicted_normal', 'true_positives', 'true_negatives', 'false_positives', 'false_negatives', 'precision', 'recall', 'f1_score']
[DEBUG _get_metrics] Extracted from ConfigRecord._data
[DEBUG] Extracted 4 metrics from results

[Evaluation Summary]
============================================================
Round: 14 / 60
Accuracy (mean):  0.9894  (98.94%)
Loss:             0.0067
[Per-Device Accuracy]
  - Device 0:  0.9924  (99.24%)
  - Device 1:  0.9886  (98.86%)
  - Device 2:  0.9881  (98.81%)
  - Device 3:  0.9886  (98.86%)

[Ground Truth]
  - Attack samples: 1621
  - Normal samples: 482
  - Total samples:  2103

[Predictions]
  - Predicted Attack:  1621
  - Predicted Normal:  482

[Confusion Matrix]
  - True Positives (TP):  1613
  - True Negatives (TN):  474
  - False Positives (FP): 8
  - False Negatives (FN): 8

[Metrics]
  - Precision:  0.9917  (99.17%)
  - Recall:     0.9946  (99.46%)
  - F1-Score:   0.9931  (99.31%)
============================================================

[Round 15] Client contributions:
  Client samples: 18,931 (weight: 0.2500)
  Client samples: 18,931 (weight: 0.2500)
  Client samples: 18,932 (weight: 0.2500)
  Client samples: 18,931 (weight: 0.2500)
[36m(ClientAppActor pid=820728)[0m [Client 2] Class weights (smoothed): {0: 1.2942450559445926, 1: 0.7057549440554073}[32m [repeated 24x across cluster][0m
[DEBUG] evaluate_metrics_aggregation_fn called with 4 results
[DEBUG] results type: <class 'list'>
[DEBUG] First result type: <class 'tuple'>
[DEBUG] First result length: 2
[DEBUG] results[0][0] type: <class 'int'>
[DEBUG] results[0][1] type: <class 'flwr.app.message.configrecord.ConfigRecord'>
[DEBUG _get_metrics] res_item[1] type: ConfigRecord
[DEBUG _get_metrics] res_item[1] has metrics attr: False
[DEBUG _get_metrics] res_item[1].__dict__: {'_check_key_fn': <function _check_key at 0x755feb1d4900>, '_check_value_fn': <function _check_value at 0x755fe09c89a0>, '_data': {'accuracy': 0.9895486831665039, 'loss': 0.006918922066688538, 'total_samples': 2105, 'actual_attack': 1622, 'actual_normal': 483, 'predicted_attack': 1630, 'predicted_normal': 475, 'true_positives': 1615, 'true_negatives': 468, 'false_positives': 15, 'false_negatives': 7, 'precision': 0.99079754601227, 'recall': 0.9956843403205918, 'f1_score': 0.9932349323493236}}
[DEBUG _get_metrics] res_item[1].keys(): ['accuracy', 'loss', 'total_samples', 'actual_attack', 'actual_normal', 'predicted_attack', 'predicted_normal', 'true_positives', 'true_negatives', 'false_positives', 'false_negatives', 'precision', 'recall', 'f1_score'][92mINFO [0m:      
[92mINFO [0m:      [ROUND 16]
[92mINFO [0m:      configure_fit: strategy sampled 4 clients (out of 4)
[92mINFO [0m:      aggregate_fit: received 4 results and 0 failures
[92mINFO [0m:      configure_evaluate: strategy sampled 4 clients (out of 4)
[92mINFO [0m:      aggregate_evaluate: received 4 results and 0 failures

[DEBUG _get_metrics] Extracted from ConfigRecord._data
[DEBUG _get_metrics] res_item[1] type: ConfigRecord
[DEBUG _get_metrics] res_item[1] has metrics attr: False
[DEBUG _get_metrics] res_item[1].__dict__: {'_check_key_fn': <function _check_key at 0x755feb1d4900>, '_check_value_fn': <function _check_value at 0x755fe09c89a0>, '_data': {'accuracy': 0.9890632629394531, 'loss': 0.00607399782165885, 'total_samples': 2103, 'actual_attack': 1621, 'actual_normal': 482, 'predicted_attack': 1622, 'predicted_normal': 481, 'true_positives': 1610, 'true_negatives': 470, 'false_positives': 12, 'false_negatives': 11, 'precision': 0.9926017262638718, 'recall': 0.9932140653917335, 'f1_score': 0.9929078014184398}}
[DEBUG _get_metrics] res_item[1].keys(): ['accuracy', 'loss', 'total_samples', 'actual_attack', 'actual_normal', 'predicted_attack', 'predicted_normal', 'true_positives', 'true_negatives', 'false_positives', 'false_negatives', 'precision', 'recall', 'f1_score']
[DEBUG _get_metrics] Extracted from ConfigRecord._data
[DEBUG _get_metrics] res_item[1] type: ConfigRecord
[DEBUG _get_metrics] res_item[1] has metrics attr: False
[DEBUG _get_metrics] res_item[1].__dict__: {'_check_key_fn': <function _check_key at 0x755feb1d4900>, '_check_value_fn': <function _check_value at 0x755fe09c89a0>, '_data': {'accuracy': 0.9928673505783081, 'loss': 0.005395159125328064, 'total_samples': 2103, 'actual_attack': 1621, 'actual_normal': 482, 'predicted_attack': 1620, 'predicted_normal': 483, 'true_positives': 1613, 'true_negatives': 475, 'false_positives': 7, 'false_negatives': 8, 'precision': 0.995679012345679, 'recall': 0.9950647748303516, 'f1_score': 0.9953717988275222}}
[DEBUG _get_metrics] res_item[1].keys(): ['accuracy', 'loss', 'total_samples', 'actual_attack', 'actual_normal', 'predicted_attack', 'predicted_normal', 'true_positives', 'true_negatives', 'false_positives', 'false_negatives', 'precision', 'recall', 'f1_score']
[DEBUG _get_metrics] Extracted from ConfigRecord._data
[DEBUG _get_metrics] res_item[1] type: ConfigRecord
[DEBUG _get_metrics] res_item[1] has metrics attr: False
[DEBUG _get_metrics] res_item[1].__dict__: {'_check_key_fn': <function _check_key at 0x755feb1d4900>, '_check_value_fn': <function _check_value at 0x755fe09c89a0>, '_data': {'accuracy': 0.9890632629394531, 'loss': 0.00607399782165885, 'total_samples': 2103, 'actual_attack': 1621, 'actual_normal': 482, 'predicted_attack': 1622, 'predicted_normal': 481, 'true_positives': 1610, 'true_negatives': 470, 'false_positives': 12, 'false_negatives': 11, 'precision': 0.9926017262638718, 'recall': 0.9932140653917335, 'f1_score': 0.9929078014184398}}
[DEBUG _get_metrics] res_item[1].keys(): ['accuracy', 'loss', 'total_samples', 'actual_attack', 'actual_normal', 'predicted_attack', 'predicted_normal', 'true_positives', 'true_negatives', 'false_positives', 'false_negatives', 'precision', 'recall', 'f1_score']
[DEBUG _get_metrics] Extracted from ConfigRecord._data
[DEBUG] Extracted 4 metrics from results

[Evaluation Summary]
============================================================
Round: 15 / 60
Accuracy (mean):  0.9901  (99.01%)
Loss:             0.0061
[Per-Device Accuracy]
  - Device 0:  0.9895  (98.95%)
  - Device 1:  0.9891  (98.91%)
  - Device 2:  0.9929  (99.29%)
  - Device 3:  0.9891  (98.91%)

[Ground Truth]
  - Attack samples: 1622
  - Normal samples: 483
  - Total samples:  2105

[Predictions]
  - Predicted Attack:  1630
  - Predicted Normal:  475

[Confusion Matrix]
  - True Positives (TP):  1615
  - True Negatives (TN):  468
  - False Positives (FP): 15
  - False Negatives (FN): 7

[Metrics]
  - Precision:  0.9929  (99.29%)
  - Recall:     0.9943  (99.43%)
  - F1-Score:   0.9936  (99.36%)
============================================================

[DEBUG] evaluate_metrics_aggregation_fn called with 4 results
[DEBUG] results type: <class 'list'>
[DEBUG] First result type: <class 'tuple'>
[DEBUG] First result length: 2
[DEBUG] results[0][0] type: <class 'int'>
[DEBUG] results[0][1] type: <class 'flwr.app.message.configrecord.ConfigRecord'>
[DEBUG _get_metrics] res_item[1] type: ConfigRecord
[DEBUG _get_metrics] res_item[1] has metrics attr: False
[DEBUG _get_metrics] res_item[1].__dict__: {'_check_key_fn': <function _check_key at 0x755feb1d4900>, '_check_value_fn': <function _check_value at 0x755fe09c89a0>, '_data': {'accuracy': 0.9900237321853638, 'loss': 0.006596199236810207, 'total_samples': 2105, 'actual_attack': 1622, 'actual_normal': 483, 'predicted_attack': 1631, 'predicted_normal': 474, 'true_positives': 1616, 'true_negatives': 468, 'false_positives': 15, 'false_negatives': 6, 'precision': 0.9908031882280809, 'recall': 0.9963008631319359, 'f1_score': 0.9935444205348909}}
[DEBUG _get_metrics] res_item[1].keys(): ['accuracy', 'loss', 'total_samples', 'actual_attack', 'actual_normal', 'predicted_attack', 'predicted_normal', 'true_positives', 'true_negatives', 'false_positives', 'false_negatives', 'precision', 'recall', 'f1_score']
[DEBUG _get_metrics] Extracted from ConfigRecord._data
[DEBUG _get_metrics] res_item[1] type: ConfigRecord
[DEBUG _get_metrics] res_item[1] has metrics attr: False
[DEBUG _get_metrics] res_item[1].__dict__: {'_check_key_fn': <function _check_key at 0x755feb1d4900>, '_check_value_fn': <function _check_value at 0x755fe09c89a0>, '_data': {'accuracy': 0.9895387291908264, 'loss': 0.005689222831279039, 'total_samples': 2103, 'actual_attack': 1621, 'actual_normal': 482, 'predicted_attack': 1623, 'predicted_normal': 480, 'true_positives': 1611, 'true_negatives': 470, 'false_positives': 12, 'false_negatives': 10, 'precision': 0.9926062846580407, 'recall': 0.9938309685379395, 'f1_score': 0.9932182490752157}}
[DEBUG _get_metrics] res_item[1].keys(): ['accuracy', 'loss', 'total_samples', 'actual_attack', 'actual_normal', 'predicted_attack', 'predicted_normal', 'true_positives', 'true_negatives', 'false_positives', 'false_negatives', 'precision', 'recall', 'f1_score']
[DEBUG _get_metrics] Extracted from ConfigRecord._data
[DEBUG _get_metrics] res_item[1] type: ConfigRecord
[DEBUG _get_metrics] res_item[1] has metrics attr: False
[DEBUG _get_metrics] res_item[1].__dict__: {'_check_key_fn': <function _check_key at 0x755feb1d4900>, '_check_value_fn': <function _check_value at 0x755fe09c89a0>, '_data': {'accuracy': 0.9895387291908264, 'loss': 0.005689222831279039, 'total_samples': 2103, 'actual_attack': 1621, 'actual_normal': 482, 'predicted_attack': 1623, 'predicted_normal': 480, 'true_positives': 1611, 'true_negatives': 470, 'false_positives': 12, 'false_negatives': 10, 'precision': 0.9926062846580407, 'recall': 0.9938309685379395, 'f1_score': 0.9932182490752157}}
[DEBUG _get_metrics] res_item[1].keys(): ['accuracy', 'loss', 'total_samples', 'actual_attack', 'actual_normal', 'predicted_attack', 'predicted_normal', 'true_positives', 'true_negatives', 'false_positives', 'false_negatives', 'precision', 'recall', 'f1_score']
[DEBUG _get_metrics] Extracted from ConfigRecord._data
[DEBUG _get_metrics] res_item[1] type: ConfigRecord
[DEBUG _get_metrics] res_item[1] has metrics attr: False
[DEBUG _get_metrics] res_item[1].__dict__: {'_check_key_fn': <function _check_key at 0x755feb1d4900>, '_check_value_fn': <function _check_value at 0x755fe09c89a0>, '_data': {'accuracy': 0.9928673505783081, 'loss': 0.005081531126052141, 'total_samples': 2103, 'actual_attack': 1621, 'actual_normal': 482, 'predicted_attack': 1620, 'predicted_normal': 483, 'true_positives': 1613, 'true_negatives': 475, 'false_positives': 7, 'false_negatives': 8, 'precision': 0.995679012345679, 'recall': 0.9950647748303516, 'f1_score': 0.9953717988275222}}
[DEBUG _get_metrics] res_item[1].keys(): ['accuracy', 'loss', 'total_samples', 'actual_attack', 'actual_normal', 'predicted_attack', 'predicted_normal', 'true_positives', 'true_negatives', 'false_positives', 'false_negatives', 'precision', 'recall', 'f1_score']
[DEBUG _get_metrics] Extracted from ConfigRecord._data
[DEBUG] Extracted 4 metrics from results

[Evaluation Summary]
============================================================
Round: 16 / 60
Accuracy (mean):  0.9905  (99.05%)
Loss:             0.0058
[Per-Device Accuracy]
  - Device 0:  0.9900  (99.00%)[92mINFO [0m:      
[92mINFO [0m:      [ROUND 17]
[92mINFO [0m:      configure_fit: strategy sampled 4 clients (out of 4)
[92mINFO [0m:      aggregate_fit: received 4 results and 0 failures
[92mINFO [0m:      configure_evaluate: strategy sampled 4 clients (out of 4)
[92mINFO [0m:      aggregate_evaluate: received 4 results and 0 failures
[92mINFO [0m:      
[92mINFO [0m:      [ROUND 18]
[92mINFO [0m:      configure_fit: strategy sampled 4 clients (out of 4)
[92mINFO [0m:      aggregate_fit: received 4 results and 0 failures
[92mINFO [0m:      configure_evaluate: strategy sampled 4 clients (out of 4)
[92mINFO [0m:      aggregate_evaluate: received 4 results and 0 failures

  - Device 1:  0.9895  (98.95%)
  - Device 2:  0.9895  (98.95%)
  - Device 3:  0.9929  (99.29%)

[Ground Truth]
  - Attack samples: 1622
  - Normal samples: 483
  - Total samples:  2105

[Predictions]
  - Predicted Attack:  1631
  - Predicted Normal:  474

[Confusion Matrix]
  - True Positives (TP):  1616
  - True Negatives (TN):  468
  - False Positives (FP): 15
  - False Negatives (FN): 6

[Metrics]
  - Precision:  0.9929  (99.29%)
  - Recall:     0.9948  (99.48%)
  - F1-Score:   0.9938  (99.38%)
============================================================

[36m(ClientAppActor pid=820728)[0m [Client 2] Class weights (smoothed): {0: 1.2942450559445926, 1: 0.7057549440554073}[32m [repeated 16x across cluster][0m
[DEBUG] evaluate_metrics_aggregation_fn called with 4 results
[DEBUG] results type: <class 'list'>
[DEBUG] First result type: <class 'tuple'>
[DEBUG] First result length: 2
[DEBUG] results[0][0] type: <class 'int'>
[DEBUG] results[0][1] type: <class 'flwr.app.message.configrecord.ConfigRecord'>
[DEBUG _get_metrics] res_item[1] type: ConfigRecord
[DEBUG _get_metrics] res_item[1] has metrics attr: False
[DEBUG _get_metrics] res_item[1].__dict__: {'_check_key_fn': <function _check_key at 0x755feb1d4900>, '_check_value_fn': <function _check_value at 0x755fe09c89a0>, '_data': {'accuracy': 0.9928673505783081, 'loss': 0.004839926026761532, 'total_samples': 2103, 'actual_attack': 1621, 'actual_normal': 482, 'predicted_attack': 1620, 'predicted_normal': 483, 'true_positives': 1613, 'true_negatives': 475, 'false_positives': 7, 'false_negatives': 8, 'precision': 0.995679012345679, 'recall': 0.9950647748303516, 'f1_score': 0.9953717988275222}}
[DEBUG _get_metrics] res_item[1].keys(): ['accuracy', 'loss', 'total_samples', 'actual_attack', 'actual_normal', 'predicted_attack', 'predicted_normal', 'true_positives', 'true_negatives', 'false_positives', 'false_negatives', 'precision', 'recall', 'f1_score']
[DEBUG _get_metrics] Extracted from ConfigRecord._data
[DEBUG _get_metrics] res_item[1] type: ConfigRecord
[DEBUG _get_metrics] res_item[1] has metrics attr: False
[DEBUG _get_metrics] res_item[1].__dict__: {'_check_key_fn': <function _check_key at 0x755feb1d4900>, '_check_value_fn': <function _check_value at 0x755fe09c89a0>, '_data': {'accuracy': 0.9904897809028625, 'loss': 0.005411439575254917, 'total_samples': 2103, 'actual_attack': 1621, 'actual_normal': 482, 'predicted_attack': 1623, 'predicted_normal': 480, 'true_positives': 1612, 'true_negatives': 471, 'false_positives': 11, 'false_negatives': 9, 'precision': 0.9932224276032039, 'recall': 0.9944478716841456, 'f1_score': 0.9938347718865598}}
[DEBUG _get_metrics] res_item[1].keys(): ['accuracy', 'loss', 'total_samples', 'actual_attack', 'actual_normal', 'predicted_attack', 'predicted_normal', 'true_positives', 'true_negatives', 'false_positives', 'false_negatives', 'precision', 'recall', 'f1_score']
[DEBUG _get_metrics] Extracted from ConfigRecord._data
[DEBUG _get_metrics] res_item[1] type: ConfigRecord
[DEBUG _get_metrics] res_item[1] has metrics attr: False
[DEBUG _get_metrics] res_item[1].__dict__: {'_check_key_fn': <function _check_key at 0x755feb1d4900>, '_check_value_fn': <function _check_value at 0x755fe09c89a0>, '_data': {'accuracy': 0.9904897809028625, 'loss': 0.005411439575254917, 'total_samples': 2103, 'actual_attack': 1621, 'actual_normal': 482, 'predicted_attack': 1623, 'predicted_normal': 480, 'true_positives': 1612, 'true_negatives': 471, 'false_positives': 11, 'false_negatives': 9, 'precision': 0.9932224276032039, 'recall': 0.9944478716841456, 'f1_score': 0.9938347718865598}}
[DEBUG _get_metrics] res_item[1].keys(): ['accuracy', 'loss', 'total_samples', 'actual_attack', 'actual_normal', 'predicted_attack', 'predicted_normal', 'true_positives', 'true_negatives', 'false_positives', 'false_negatives', 'precision', 'recall', 'f1_score']
[DEBUG _get_metrics] Extracted from ConfigRecord._data
[DEBUG _get_metrics] res_item[1] type: ConfigRecord
[DEBUG _get_metrics] res_item[1] has metrics attr: False
[DEBUG _get_metrics] res_item[1].__dict__: {'_check_key_fn': <function _check_key at 0x755feb1d4900>, '_check_value_fn': <function _check_value at 0x755fe09c89a0>, '_data': {'accuracy': 0.9900237321853638, 'loss': 0.00637007923796773, 'total_samples': 2105, 'actual_attack': 1622, 'actual_normal': 483, 'predicted_attack': 1631, 'predicted_normal': 474, 'true_positives': 1616, 'true_negatives': 468, 'false_positives': 15, 'false_negatives': 6, 'precision': 0.9908031882280809, 'recall': 0.9963008631319359, 'f1_score': 0.9935444205348909}}
[DEBUG _get_metrics] res_item[1].keys(): ['accuracy', 'loss', 'total_samples', 'actual_attack', 'actual_normal', 'predicted_attack', 'predicted_normal', 'true_positives', 'true_negatives', 'false_positives', 'false_negatives', 'precision', 'recall', 'f1_score']
[DEBUG _get_metrics] Extracted from ConfigRecord._data
[DEBUG] Extracted 4 metrics from results

[Evaluation Summary]
============================================================
Round: 17 / 60
Accuracy (mean):  0.9910  (99.10%)
Loss:             0.0055
[Per-Device Accuracy]
  - Device 0:  0.9929  (99.29%)
  - Device 1:  0.9905  (99.05%)
  - Device 2:  0.9905  (99.05%)
  - Device 3:  0.9900  (99.00%)

[Ground Truth]
  - Attack samples: 1621
  - Normal samples: 482
  - Total samples:  2103

[Predictions]
  - Predicted Attack:  1620
  - Predicted Normal:  483

[Confusion Matrix]
  - True Positives (TP):  1613
  - True Negatives (TN):  475
  - False Positives (FP): 7
  - False Negatives (FN): 8

[Metrics]
  - Precision:  0.9932  (99.32%)
  - Recall:     0.9951  (99.51%)
  - F1-Score:   0.9941  (99.41%)
============================================================

[DEBUG] evaluate_metrics_aggregation_fn called with 4 results
[DEBUG] results type: <class 'list'>
[DEBUG] First result type: <class 'tuple'>
[DEBUG] First result length: 2
[DEBUG] results[0][0] type: <class 'int'>
[DEBUG] results[0][1] type: <class 'flwr.app.message.configrecord.ConfigRecord'>
[DEBUG _get_metrics] res_item[1] type: ConfigRecord
[DEBUG _get_metrics] res_item[1] has metrics attr: False
[DEBUG _get_metrics] res_item[1].__dict__: {'_check_key_fn': <function _check_key at 0x755feb1d4900>, '_check_value_fn': <function _check_value at 0x755fe09c89a0>, '_data': {'accuracy': 0.9909653067588806, 'loss': 0.005235232878476381, 'total_samples': 2103, 'actual_attack': 1621, 'actual_normal': 482, 'predicted_attack': 1624, 'predicted_normal': 479, 'true_positives': 1613, 'true_negatives': 471, 'false_positives': 11, 'false_negatives': 8, 'precision': 0.9932266009852216, 'recall': 0.9950647748303516, 'f1_score': 0.9941448382126349}}
[DEBUG _get_metrics] res_item[1].keys(): ['accuracy', 'loss', 'total_samples', 'actual_attack', 'actual_normal', 'predicted_attack', 'predicted_normal', 'true_positives', 'true_negatives', 'false_positives', 'false_negatives', 'precision', 'recall', 'f1_score']
[DEBUG _get_metrics] Extracted from ConfigRecord._data
[DEBUG _get_metrics] res_item[1] type: ConfigRecord
[DEBUG _get_metrics] res_item[1] has metrics attr: False
[DEBUG _get_metrics] res_item[1].__dict__: {'_check_key_fn': <function _check_key at 0x755feb1d4900>, '_check_value_fn': <function _check_value at 0x755fe09c89a0>, '_data': {'accuracy': 0.9904988408088684, 'loss': 0.0062269303016364574, 'total_samples': 2105, 'actual_attack': 1622, 'actual_normal': 483, 'predicted_attack': 1630, 'predicted_normal': 475, 'true_positives': 1616, 'true_negatives': 469, 'false_positives': 14, 'false_negatives': 6, 'precision': 0.9914110429447853, 'recall': 0.9963008631319359, 'f1_score': 0.9938499384993851}}
[DEBUG _get_metrics] res_item[1].keys(): ['accuracy', 'loss', 'total_samples', 'actual_attack', 'actual_normal', 'predicted_attack', 'predicted_normal', 'true_positives', 'true_negatives', 'false_positives', 'false_negatives', 'precision', 'recall', 'f1_score']
[DEBUG _get_metrics] Extracted from ConfigRecord._data
[DEBUG _get_metrics] res_item[1] type: ConfigRecord
[DEBUG _get_metrics] res_item[1] has metrics attr: False
[DEBUG _get_metrics] res_item[1].__dict__: {'_check_key_fn': <function _check_key at 0x755feb1d4900>, '_check_value_fn': <function _check_value at 0x755fe09c89a0>, '_data': {'accuracy': 0.9909653067588806, 'loss': 0.005235232878476381, 'total_samples': 2103, 'actual_attack': 1621, 'actual_normal': 482, 'predicted_attack': 1624, 'predicted_normal': 479, 'true_positives': 1613, 'true_negatives': 471, 'false_positives': 11, 'false_negatives': 8, 'precision': 0.9932266009852216, 'recall': 0.9950647748303516, 'f1_score': 0.9941448382126349}}[92mINFO [0m:      
[92mINFO [0m:      [ROUND 19]
[92mINFO [0m:      configure_fit: strategy sampled 4 clients (out of 4)
[92mINFO [0m:      aggregate_fit: received 4 results and 0 failures
[92mINFO [0m:      configure_evaluate: strategy sampled 4 clients (out of 4)
[92mINFO [0m:      aggregate_evaluate: received 4 results and 0 failures
[92mINFO [0m:      
[92mINFO [0m:      [ROUND 20]
[92mINFO [0m:      configure_fit: strategy sampled 4 clients (out of 4)
[92mINFO [0m:      aggregate_fit: received 4 results and 0 failures
[92mINFO [0m:      configure_evaluate: strategy sampled 4 clients (out of 4)
[92mINFO [0m:      aggregate_evaluate: received 4 results and 0 failures

[DEBUG _get_metrics] res_item[1].keys(): ['accuracy', 'loss', 'total_samples', 'actual_attack', 'actual_normal', 'predicted_attack', 'predicted_normal', 'true_positives', 'true_negatives', 'false_positives', 'false_negatives', 'precision', 'recall', 'f1_score']
[DEBUG _get_metrics] Extracted from ConfigRecord._data
[DEBUG _get_metrics] res_item[1] type: ConfigRecord
[DEBUG _get_metrics] res_item[1] has metrics attr: False
[DEBUG _get_metrics] res_item[1].__dict__: {'_check_key_fn': <function _check_key at 0x755feb1d4900>, '_check_value_fn': <function _check_value at 0x755fe09c89a0>, '_data': {'accuracy': 0.9938183426856995, 'loss': 0.004704188089817762, 'total_samples': 2103, 'actual_attack': 1621, 'actual_normal': 482, 'predicted_attack': 1622, 'predicted_normal': 481, 'true_positives': 1615, 'true_negatives': 475, 'false_positives': 7, 'false_negatives': 6, 'precision': 0.9956843403205918, 'recall': 0.9962985811227637, 'f1_score': 0.9959913660191181}}
[DEBUG _get_metrics] res_item[1].keys(): ['accuracy', 'loss', 'total_samples', 'actual_attack', 'actual_normal', 'predicted_attack', 'predicted_normal', 'true_positives', 'true_negatives', 'false_positives', 'false_negatives', 'precision', 'recall', 'f1_score']
[DEBUG _get_metrics] Extracted from ConfigRecord._data
[DEBUG] Extracted 4 metrics from results

[Evaluation Summary]
============================================================
Round: 18 / 60
Accuracy (mean):  0.9916  (99.16%)
Loss:             0.0054
[Per-Device Accuracy]
  - Device 0:  0.9910  (99.10%)
  - Device 1:  0.9905  (99.05%)
  - Device 2:  0.9910  (99.10%)
  - Device 3:  0.9938  (99.38%)

[Ground Truth]
  - Attack samples: 1621
  - Normal samples: 482
  - Total samples:  2103

[Predictions]
  - Predicted Attack:  1624
  - Predicted Normal:  479

[Confusion Matrix]
  - True Positives (TP):  1613
  - True Negatives (TN):  471
  - False Positives (FP): 11
  - False Negatives (FN): 8

[Metrics]
  - Precision:  0.9934  (99.34%)
  - Recall:     0.9957  (99.57%)
  - F1-Score:   0.9945  (99.45%)
============================================================

[36m(ClientAppActor pid=820728)[0m [Client 2] Class weights (smoothed): {0: 1.2942450559445926, 1: 0.7057549440554073}[32m [repeated 16x across cluster][0m
[DEBUG] evaluate_metrics_aggregation_fn called with 4 results
[DEBUG] results type: <class 'list'>
[DEBUG] First result type: <class 'tuple'>
[DEBUG] First result length: 2
[DEBUG] results[0][0] type: <class 'int'>
[DEBUG] results[0][1] type: <class 'flwr.app.message.configrecord.ConfigRecord'>
[DEBUG _get_metrics] res_item[1] type: ConfigRecord
[DEBUG _get_metrics] res_item[1] has metrics attr: False
[DEBUG _get_metrics] res_item[1].__dict__: {'_check_key_fn': <function _check_key at 0x755feb1d4900>, '_check_value_fn': <function _check_value at 0x755fe09c89a0>, '_data': {'accuracy': 0.9933428168296814, 'loss': 0.004637810401618481, 'total_samples': 2103, 'actual_attack': 1621, 'actual_normal': 482, 'predicted_attack': 1621, 'predicted_normal': 482, 'true_positives': 1614, 'true_negatives': 475, 'false_positives': 7, 'false_negatives': 7, 'precision': 0.9956816779765577, 'recall': 0.9956816779765577, 'f1_score': 0.9956816779765577}}
[DEBUG _get_metrics] res_item[1].keys(): ['accuracy', 'loss', 'total_samples', 'actual_attack', 'actual_normal', 'predicted_attack', 'predicted_normal', 'true_positives', 'true_negatives', 'false_positives', 'false_negatives', 'precision', 'recall', 'f1_score']
[DEBUG _get_metrics] Extracted from ConfigRecord._data
[DEBUG _get_metrics] res_item[1] type: ConfigRecord
[DEBUG _get_metrics] res_item[1] has metrics attr: False
[DEBUG _get_metrics] res_item[1].__dict__: {'_check_key_fn': <function _check_key at 0x755feb1d4900>, '_check_value_fn': <function _check_value at 0x755fe09c89a0>, '_data': {'accuracy': 0.9904897809028625, 'loss': 0.005128270480781794, 'total_samples': 2103, 'actual_attack': 1621, 'actual_normal': 482, 'predicted_attack': 1623, 'predicted_normal': 480, 'true_positives': 1612, 'true_negatives': 471, 'false_positives': 11, 'false_negatives': 9, 'precision': 0.9932224276032039, 'recall': 0.9944478716841456, 'f1_score': 0.9938347718865598}}
[DEBUG _get_metrics] res_item[1].keys(): ['accuracy', 'loss', 'total_samples', 'actual_attack', 'actual_normal', 'predicted_attack', 'predicted_normal', 'true_positives', 'true_negatives', 'false_positives', 'false_negatives', 'precision', 'recall', 'f1_score']
[DEBUG _get_metrics] Extracted from ConfigRecord._data
[DEBUG _get_metrics] res_item[1] type: ConfigRecord
[DEBUG _get_metrics] res_item[1] has metrics attr: False
[DEBUG _get_metrics] res_item[1].__dict__: {'_check_key_fn': <function _check_key at 0x755feb1d4900>, '_check_value_fn': <function _check_value at 0x755fe09c89a0>, '_data': {'accuracy': 0.9904897809028625, 'loss': 0.005128270480781794, 'total_samples': 2103, 'actual_attack': 1621, 'actual_normal': 482, 'predicted_attack': 1623, 'predicted_normal': 480, 'true_positives': 1612, 'true_negatives': 471, 'false_positives': 11, 'false_negatives': 9, 'precision': 0.9932224276032039, 'recall': 0.9944478716841456, 'f1_score': 0.9938347718865598}}
[DEBUG _get_metrics] res_item[1].keys(): ['accuracy', 'loss', 'total_samples', 'actual_attack', 'actual_normal', 'predicted_attack', 'predicted_normal', 'true_positives', 'true_negatives', 'false_positives', 'false_negatives', 'precision', 'recall', 'f1_score']
[DEBUG _get_metrics] Extracted from ConfigRecord._data
[DEBUG _get_metrics] res_item[1] type: ConfigRecord
[DEBUG _get_metrics] res_item[1] has metrics attr: False
[DEBUG _get_metrics] res_item[1].__dict__: {'_check_key_fn': <function _check_key at 0x755feb1d4900>, '_check_value_fn': <function _check_value at 0x755fe09c89a0>, '_data': {'accuracy': 0.9909738898277283, 'loss': 0.006110538728535175, 'total_samples': 2105, 'actual_attack': 1622, 'actual_normal': 483, 'predicted_attack': 1629, 'predicted_normal': 476, 'true_positives': 1616, 'true_negatives': 470, 'false_positives': 13, 'false_negatives': 6, 'precision': 0.9920196439533456, 'recall': 0.9963008631319359, 'f1_score': 0.9941556444171025}}
[DEBUG _get_metrics] res_item[1].keys(): ['accuracy', 'loss', 'total_samples', 'actual_attack', 'actual_normal', 'predicted_attack', 'predicted_normal', 'true_positives', 'true_negatives', 'false_positives', 'false_negatives', 'precision', 'recall', 'f1_score']
[DEBUG _get_metrics] Extracted from ConfigRecord._data
[DEBUG] Extracted 4 metrics from results

[Evaluation Summary]
============================================================
Round: 19 / 60
Accuracy (mean):  0.9913  (99.13%)
Loss:             0.0053
[Per-Device Accuracy]
  - Device 0:  0.9933  (99.33%)
  - Device 1:  0.9905  (99.05%)
  - Device 2:  0.9905  (99.05%)
  - Device 3:  0.9910  (99.10%)

[Ground Truth]
  - Attack samples: 1621
  - Normal samples: 482
  - Total samples:  2103

[Predictions]
  - Predicted Attack:  1621
  - Predicted Normal:  482

[Confusion Matrix]
  - True Positives (TP):  1614
  - True Negatives (TN):  475
  - False Positives (FP): 7
  - False Negatives (FN): 7

[Metrics]
  - Precision:  0.9935  (99.35%)
  - Recall:     0.9952  (99.52%)
  - F1-Score:   0.9944  (99.44%)
============================================================

[Round 20] Client contributions:
  Client samples: 18,931 (weight: 0.2500)
  Client samples: 18,932 (weight: 0.2500)
  Client samples: 18,931 (weight: 0.2500)
  Client samples: 18,931 (weight: 0.2500)
[DEBUG] evaluate_metrics_aggregation_fn called with 4 results
[DEBUG] results type: <class 'list'>
[DEBUG] First result type: <class 'tuple'>
[DEBUG] First result length: 2
[DEBUG] results[0][0] type: <class 'int'>
[DEBUG] results[0][1] type: <class 'flwr.app.message.configrecord.ConfigRecord'>
[DEBUG _get_metrics] res_item[1] type: ConfigRecord
[DEBUG _get_metrics] res_item[1] has metrics attr: False
[DEBUG _get_metrics] res_item[1].__dict__: {'_check_key_fn': <function _check_key at 0x755feb1d4900>, '_check_value_fn': <function _check_value at 0x755fe09c89a0>, '_data': {'accuracy': 0.9909738898277283, 'loss': 0.006017006002366543, 'total_samples': 2105, 'actual_attack': 1622, 'actual_normal': 483, 'predicted_attack': 1629, 'predicted_normal': 476, 'true_positives': 1616, 'true_negatives': 470, 'false_positives': 13, 'false_negatives': 6, 'precision': 0.9920196439533456, 'recall': 0.9963008631319359, 'f1_score': 0.9941556444171025}}[92mINFO [0m:      
[92mINFO [0m:      [ROUND 21]
[92mINFO [0m:      configure_fit: strategy sampled 4 clients (out of 4)
[92mINFO [0m:      aggregate_fit: received 4 results and 0 failures
[92mINFO [0m:      configure_evaluate: strategy sampled 4 clients (out of 4)
[92mINFO [0m:      aggregate_evaluate: received 4 results and 0 failures

[DEBUG _get_metrics] res_item[1].keys(): ['accuracy', 'loss', 'total_samples', 'actual_attack', 'actual_normal', 'predicted_attack', 'predicted_normal', 'true_positives', 'true_negatives', 'false_positives', 'false_negatives', 'precision', 'recall', 'f1_score']
[DEBUG _get_metrics] Extracted from ConfigRecord._data
[DEBUG _get_metrics] res_item[1] type: ConfigRecord
[DEBUG _get_metrics] res_item[1] has metrics attr: False
[DEBUG _get_metrics] res_item[1].__dict__: {'_check_key_fn': <function _check_key at 0x755feb1d4900>, '_check_value_fn': <function _check_value at 0x755fe09c89a0>, '_data': {'accuracy': 0.9904897809028625, 'loss': 0.005064928904175758, 'total_samples': 2103, 'actual_attack': 1621, 'actual_normal': 482, 'predicted_attack': 1623, 'predicted_normal': 480, 'true_positives': 1612, 'true_negatives': 471, 'false_positives': 11, 'false_negatives': 9, 'precision': 0.9932224276032039, 'recall': 0.9944478716841456, 'f1_score': 0.9938347718865598}}
[DEBUG _get_metrics] res_item[1].keys(): ['accuracy', 'loss', 'total_samples', 'actual_attack', 'actual_normal', 'predicted_attack', 'predicted_normal', 'true_positives', 'true_negatives', 'false_positives', 'false_negatives', 'precision', 'recall', 'f1_score']
[DEBUG _get_metrics] Extracted from ConfigRecord._data
[DEBUG _get_metrics] res_item[1] type: ConfigRecord
[DEBUG _get_metrics] res_item[1] has metrics attr: False
[DEBUG _get_metrics] res_item[1].__dict__: {'_check_key_fn': <function _check_key at 0x755feb1d4900>, '_check_value_fn': <function _check_value at 0x755fe09c89a0>, '_data': {'accuracy': 0.9928673505783081, 'loss': 0.0045640491880476475, 'total_samples': 2103, 'actual_attack': 1621, 'actual_normal': 482, 'predicted_attack': 1620, 'predicted_normal': 483, 'true_positives': 1613, 'true_negatives': 475, 'false_positives': 7, 'false_negatives': 8, 'precision': 0.995679012345679, 'recall': 0.9950647748303516, 'f1_score': 0.9953717988275222}}
[DEBUG _get_metrics] res_item[1].keys(): ['accuracy', 'loss', 'total_samples', 'actual_attack', 'actual_normal', 'predicted_attack', 'predicted_normal', 'true_positives', 'true_negatives', 'false_positives', 'false_negatives', 'precision', 'recall', 'f1_score']
[DEBUG _get_metrics] Extracted from ConfigRecord._data
[DEBUG _get_metrics] res_item[1] type: ConfigRecord
[DEBUG _get_metrics] res_item[1] has metrics attr: False
[DEBUG _get_metrics] res_item[1].__dict__: {'_check_key_fn': <function _check_key at 0x755feb1d4900>, '_check_value_fn': <function _check_value at 0x755fe09c89a0>, '_data': {'accuracy': 0.9904897809028625, 'loss': 0.005064928904175758, 'total_samples': 2103, 'actual_attack': 1621, 'actual_normal': 482, 'predicted_attack': 1623, 'predicted_normal': 480, 'true_positives': 1612, 'true_negatives': 471, 'false_positives': 11, 'false_negatives': 9, 'precision': 0.9932224276032039, 'recall': 0.9944478716841456, 'f1_score': 0.9938347718865598}}
[DEBUG _get_metrics] res_item[1].keys(): ['accuracy', 'loss', 'total_samples', 'actual_attack', 'actual_normal', 'predicted_attack', 'predicted_normal', 'true_positives', 'true_negatives', 'false_positives', 'false_negatives', 'precision', 'recall', 'f1_score']
[DEBUG _get_metrics] Extracted from ConfigRecord._data
[DEBUG] Extracted 4 metrics from results

[Evaluation Summary]
============================================================
Round: 20 / 60
Accuracy (mean):  0.9912  (99.12%)
Loss:             0.0052
[Per-Device Accuracy]
  - Device 0:  0.9910  (99.10%)
  - Device 1:  0.9905  (99.05%)
  - Device 2:  0.9929  (99.29%)
  - Device 3:  0.9905  (99.05%)

[Ground Truth]
  - Attack samples: 1622
  - Normal samples: 483
  - Total samples:  2105

[Predictions]
  - Predicted Attack:  1629
  - Predicted Normal:  476

[Confusion Matrix]
  - True Positives (TP):  1616
  - True Negatives (TN):  470
  - False Positives (FP): 13
  - False Negatives (FN): 6

[Metrics]
  - Precision:  0.9935  (99.35%)
  - Recall:     0.9951  (99.51%)
  - F1-Score:   0.9943  (99.43%)
============================================================

[36m(ClientAppActor pid=820728)[0m [Client 2] Class weights (smoothed): {0: 1.2942450559445926, 1: 0.7057549440554073}[32m [repeated 16x across cluster][0m
[DEBUG] evaluate_metrics_aggregation_fn called with 4 results
[DEBUG] results type: <class 'list'>
[DEBUG] First result type: <class 'tuple'>
[DEBUG] First result length: 2
[DEBUG] results[0][0] type: <class 'int'>
[DEBUG] results[0][1] type: <class 'flwr.app.message.configrecord.ConfigRecord'>
[DEBUG _get_metrics] res_item[1] type: ConfigRecord
[DEBUG _get_metrics] res_item[1] has metrics attr: False
[DEBUG _get_metrics] res_item[1].__dict__: {'_check_key_fn': <function _check_key at 0x755feb1d4900>, '_check_value_fn': <function _check_value at 0x755fe09c89a0>, '_data': {'accuracy': 0.9933428168296814, 'loss': 0.00452243210747838, 'total_samples': 2103, 'actual_attack': 1621, 'actual_normal': 482, 'predicted_attack': 1621, 'predicted_normal': 482, 'true_positives': 1614, 'true_negatives': 475, 'false_positives': 7, 'false_negatives': 7, 'precision': 0.9956816779765577, 'recall': 0.9956816779765577, 'f1_score': 0.9956816779765577}}
[DEBUG _get_metrics] res_item[1].keys(): ['accuracy', 'loss', 'total_samples', 'actual_attack', 'actual_normal', 'predicted_attack', 'predicted_normal', 'true_positives', 'true_negatives', 'false_positives', 'false_negatives', 'precision', 'recall', 'f1_score']
[DEBUG _get_metrics] Extracted from ConfigRecord._data
[DEBUG _get_metrics] res_item[1] type: ConfigRecord
[DEBUG _get_metrics] res_item[1] has metrics attr: False
[DEBUG _get_metrics] res_item[1].__dict__: {'_check_key_fn': <function _check_key at 0x755feb1d4900>, '_check_value_fn': <function _check_value at 0x755fe09c89a0>, '_data': {'accuracy': 0.9909653067588806, 'loss': 0.0050073182210326195, 'total_samples': 2103, 'actual_attack': 1621, 'actual_normal': 482, 'predicted_attack': 1624, 'predicted_normal': 479, 'true_positives': 1613, 'true_negatives': 471, 'false_positives': 11, 'false_negatives': 8, 'precision': 0.9932266009852216, 'recall': 0.9950647748303516, 'f1_score': 0.9941448382126349}}
[DEBUG _get_metrics] res_item[1].keys(): ['accuracy', 'loss', 'total_samples', 'actual_attack', 'actual_normal', 'predicted_attack', 'predicted_normal', 'true_positives', 'true_negatives', 'false_positives', 'false_negatives', 'precision', 'recall', 'f1_score']
[DEBUG _get_metrics] Extracted from ConfigRecord._data
[DEBUG _get_metrics] res_item[1] type: ConfigRecord
[DEBUG _get_metrics] res_item[1] has metrics attr: False
[DEBUG _get_metrics] res_item[1].__dict__: {'_check_key_fn': <function _check_key at 0x755feb1d4900>, '_check_value_fn': <function _check_value at 0x755fe09c89a0>, '_data': {'accuracy': 0.9914489388465881, 'loss': 0.005974490195512772, 'total_samples': 2105, 'actual_attack': 1622, 'actual_normal': 483, 'predicted_attack': 1628, 'predicted_normal': 477, 'true_positives': 1616, 'true_negatives': 471, 'false_positives': 12, 'false_negatives': 6, 'precision': 0.9926289926289926, 'recall': 0.9963008631319359, 'f1_score': 0.9944615384615384}}
[DEBUG _get_metrics] res_item[1].keys(): ['accuracy', 'loss', 'total_samples', 'actual_attack', 'actual_normal', 'predicted_attack', 'predicted_normal', 'true_positives', 'true_negatives', 'false_positives', 'false_negatives', 'precision', 'recall', 'f1_score']
[DEBUG _get_metrics] Extracted from ConfigRecord._data
[DEBUG _get_metrics] res_item[1] type: ConfigRecord
[DEBUG _get_metrics] res_item[1] has metrics attr: False
[DEBUG _get_metrics] res_item[1].__dict__: {'_check_key_fn': <function _check_key at 0x755feb1d4900>, '_check_value_fn': <function _check_value at 0x755fe09c89a0>, '_data': {'accuracy': 0.9909653067588806, 'loss': 0.0050073182210326195, 'total_samples': 2103, 'actual_attack': 1621, 'actual_normal': 482, 'predicted_attack': 1624, 'predicted_normal': 479, 'true_positives': 1613, 'true_negatives': 471, 'false_positives': 11, 'false_negatives': 8, 'precision': 0.9932266009852216, 'recall': 0.9950647748303516, 'f1_score': 0.9941448382126349}}
[DEBUG _get_metrics] res_item[1].keys(): ['accuracy', 'loss', 'total_samples', 'actual_attack', 'actual_normal', 'predicted_attack', 'predicted_normal', 'true_positives', 'true_negatives', 'false_positives', 'false_negatives', 'precision', 'recall', 'f1_score'][92mINFO [0m:      
[92mINFO [0m:      [ROUND 22]
[92mINFO [0m:      configure_fit: strategy sampled 4 clients (out of 4)
[92mINFO [0m:      aggregate_fit: received 4 results and 0 failures
[92mINFO [0m:      configure_evaluate: strategy sampled 4 clients (out of 4)
[92mINFO [0m:      aggregate_evaluate: received 4 results and 0 failures
[92mINFO [0m:      
[92mINFO [0m:      [ROUND 23]
[92mINFO [0m:      configure_fit: strategy sampled 4 clients (out of 4)
[92mINFO [0m:      aggregate_fit: received 4 results and 0 failures
[92mINFO [0m:      configure_evaluate: strategy sampled 4 clients (out of 4)
[92mINFO [0m:      aggregate_evaluate: received 4 results and 0 failures

[DEBUG _get_metrics] Extracted from ConfigRecord._data
[DEBUG] Extracted 4 metrics from results

[Evaluation Summary]
============================================================
Round: 21 / 60
Accuracy (mean):  0.9917  (99.17%)
Loss:             0.0051
[Per-Device Accuracy]
  - Device 0:  0.9933  (99.33%)
  - Device 1:  0.9910  (99.10%)
  - Device 2:  0.9914  (99.14%)
  - Device 3:  0.9910  (99.10%)

[Ground Truth]
  - Attack samples: 1621
  - Normal samples: 482
  - Total samples:  2103

[Predictions]
  - Predicted Attack:  1621
  - Predicted Normal:  482

[Confusion Matrix]
  - True Positives (TP):  1614
  - True Negatives (TN):  475
  - False Positives (FP): 7
  - False Negatives (FN): 7

[Metrics]
  - Precision:  0.9937  (99.37%)
  - Recall:     0.9955  (99.55%)
  - F1-Score:   0.9946  (99.46%)
============================================================

[DEBUG] evaluate_metrics_aggregation_fn called with 4 results
[DEBUG] results type: <class 'list'>
[DEBUG] First result type: <class 'tuple'>
[DEBUG] First result length: 2
[DEBUG] results[0][0] type: <class 'int'>
[DEBUG] results[0][1] type: <class 'flwr.app.message.configrecord.ConfigRecord'>
[DEBUG _get_metrics] res_item[1] type: ConfigRecord
[DEBUG _get_metrics] res_item[1] has metrics attr: False
[DEBUG _get_metrics] res_item[1].__dict__: {'_check_key_fn': <function _check_key at 0x755feb1d4900>, '_check_value_fn': <function _check_value at 0x755fe09c89a0>, '_data': {'accuracy': 0.9914407730102539, 'loss': 0.004947146400809288, 'total_samples': 2103, 'actual_attack': 1621, 'actual_normal': 482, 'predicted_attack': 1625, 'predicted_normal': 478, 'true_positives': 1614, 'true_negatives': 471, 'false_positives': 11, 'false_negatives': 7, 'precision': 0.9932307692307693, 'recall': 0.9956816779765577, 'f1_score': 0.9944547134935304}}
[DEBUG _get_metrics] res_item[1].keys(): ['accuracy', 'loss', 'total_samples', 'actual_attack', 'actual_normal', 'predicted_attack', 'predicted_normal', 'true_positives', 'true_negatives', 'false_positives', 'false_negatives', 'precision', 'recall', 'f1_score']
[DEBUG _get_metrics] Extracted from ConfigRecord._data
[DEBUG _get_metrics] res_item[1] type: ConfigRecord
[DEBUG _get_metrics] res_item[1] has metrics attr: False
[DEBUG _get_metrics] res_item[1].__dict__: {'_check_key_fn': <function _check_key at 0x755feb1d4900>, '_check_value_fn': <function _check_value at 0x755fe09c89a0>, '_data': {'accuracy': 0.9933428168296814, 'loss': 0.004477769136428833, 'total_samples': 2103, 'actual_attack': 1621, 'actual_normal': 482, 'predicted_attack': 1621, 'predicted_normal': 482, 'true_positives': 1614, 'true_negatives': 475, 'false_positives': 7, 'false_negatives': 7, 'precision': 0.9956816779765577, 'recall': 0.9956816779765577, 'f1_score': 0.9956816779765577}}
[DEBUG _get_metrics] res_item[1].keys(): ['accuracy', 'loss', 'total_samples', 'actual_attack', 'actual_normal', 'predicted_attack', 'predicted_normal', 'true_positives', 'true_negatives', 'false_positives', 'false_negatives', 'precision', 'recall', 'f1_score']
[DEBUG _get_metrics] Extracted from ConfigRecord._data
[DEBUG _get_metrics] res_item[1] type: ConfigRecord
[DEBUG _get_metrics] res_item[1] has metrics attr: False
[DEBUG _get_metrics] res_item[1].__dict__: {'_check_key_fn': <function _check_key at 0x755feb1d4900>, '_check_value_fn': <function _check_value at 0x755fe09c89a0>, '_data': {'accuracy': 0.9914489388465881, 'loss': 0.005920998752117157, 'total_samples': 2105, 'actual_attack': 1622, 'actual_normal': 483, 'predicted_attack': 1628, 'predicted_normal': 477, 'true_positives': 1616, 'true_negatives': 471, 'false_positives': 12, 'false_negatives': 6, 'precision': 0.9926289926289926, 'recall': 0.9963008631319359, 'f1_score': 0.9944615384615384}}
[DEBUG _get_metrics] res_item[1].keys(): ['accuracy', 'loss', 'total_samples', 'actual_attack', 'actual_normal', 'predicted_attack', 'predicted_normal', 'true_positives', 'true_negatives', 'false_positives', 'false_negatives', 'precision', 'recall', 'f1_score']
[DEBUG _get_metrics] Extracted from ConfigRecord._data
[DEBUG _get_metrics] res_item[1] type: ConfigRecord
[DEBUG _get_metrics] res_item[1] has metrics attr: False
[DEBUG _get_metrics] res_item[1].__dict__: {'_check_key_fn': <function _check_key at 0x755feb1d4900>, '_check_value_fn': <function _check_value at 0x755fe09c89a0>, '_data': {'accuracy': 0.9914407730102539, 'loss': 0.004947146400809288, 'total_samples': 2103, 'actual_attack': 1621, 'actual_normal': 482, 'predicted_attack': 1625, 'predicted_normal': 478, 'true_positives': 1614, 'true_negatives': 471, 'false_positives': 11, 'false_negatives': 7, 'precision': 0.9932307692307693, 'recall': 0.9956816779765577, 'f1_score': 0.9944547134935304}}
[DEBUG _get_metrics] res_item[1].keys(): ['accuracy', 'loss', 'total_samples', 'actual_attack', 'actual_normal', 'predicted_attack', 'predicted_normal', 'true_positives', 'true_negatives', 'false_positives', 'false_negatives', 'precision', 'recall', 'f1_score']
[DEBUG _get_metrics] Extracted from ConfigRecord._data
[DEBUG] Extracted 4 metrics from results

[Evaluation Summary]
============================================================
Round: 22 / 60
Accuracy (mean):  0.9919  (99.19%)
Loss:             0.0051
[Per-Device Accuracy]
  - Device 0:  0.9914  (99.14%)
  - Device 1:  0.9933  (99.33%)
  - Device 2:  0.9914  (99.14%)
  - Device 3:  0.9914  (99.14%)

[Ground Truth]
  - Attack samples: 1621
  - Normal samples: 482
  - Total samples:  2103

[Predictions]
  - Predicted Attack:  1625
  - Predicted Normal:  478

[Confusion Matrix]
  - True Positives (TP):  1614
  - True Negatives (TN):  471
  - False Positives (FP): 11
  - False Negatives (FN): 7

[Metrics]
  - Precision:  0.9937  (99.37%)
  - Recall:     0.9958  (99.58%)
  - F1-Score:   0.9948  (99.48%)
============================================================

[36m(ClientAppActor pid=820728)[0m [Client 2] Class weights (smoothed): {0: 1.2942450559445926, 1: 0.7057549440554073}[32m [repeated 16x across cluster][0m
[DEBUG] evaluate_metrics_aggregation_fn called with 4 results
[DEBUG] results type: <class 'list'>
[DEBUG] First result type: <class 'tuple'>
[DEBUG] First result length: 2
[DEBUG] results[0][0] type: <class 'int'>
[DEBUG] results[0][1] type: <class 'flwr.app.message.configrecord.ConfigRecord'>
[DEBUG _get_metrics] res_item[1] type: ConfigRecord
[DEBUG _get_metrics] res_item[1] has metrics attr: False
[DEBUG _get_metrics] res_item[1].__dict__: {'_check_key_fn': <function _check_key at 0x755feb1d4900>, '_check_value_fn': <function _check_value at 0x755fe09c89a0>, '_data': {'accuracy': 0.9914489388465881, 'loss': 0.005897616036236286, 'total_samples': 2105, 'actual_attack': 1622, 'actual_normal': 483, 'predicted_attack': 1628, 'predicted_normal': 477, 'true_positives': 1616, 'true_negatives': 471, 'false_positives': 12, 'false_negatives': 6, 'precision': 0.9926289926289926, 'recall': 0.9963008631319359, 'f1_score': 0.9944615384615384}}
[DEBUG _get_metrics] res_item[1].keys(): ['accuracy', 'loss', 'total_samples', 'actual_attack', 'actual_normal', 'predicted_attack', 'predicted_normal', 'true_positives', 'true_negatives', 'false_positives', 'false_negatives', 'precision', 'recall', 'f1_score']
[DEBUG _get_metrics] Extracted from ConfigRecord._data
[DEBUG _get_metrics] res_item[1] type: ConfigRecord
[DEBUG _get_metrics] res_item[1] has metrics attr: False
[DEBUG _get_metrics] res_item[1].__dict__: {'_check_key_fn': <function _check_key at 0x755feb1d4900>, '_check_value_fn': <function _check_value at 0x755fe09c89a0>, '_data': {'accuracy': 0.9914407730102539, 'loss': 0.004904279485344887, 'total_samples': 2103, 'actual_attack': 1621, 'actual_normal': 482, 'predicted_attack': 1625, 'predicted_normal': 478, 'true_positives': 1614, 'true_negatives': 471, 'false_positives': 11, 'false_negatives': 7, 'precision': 0.9932307692307693, 'recall': 0.9956816779765577, 'f1_score': 0.9944547134935304}}
[DEBUG _get_metrics] res_item[1].keys(): ['accuracy', 'loss', 'total_samples', 'actual_attack', 'actual_normal', 'predicted_attack', 'predicted_normal', 'true_positives', 'true_negatives', 'false_positives', 'false_negatives', 'precision', 'recall', 'f1_score'][92mINFO [0m:      
[92mINFO [0m:      [ROUND 24]
[92mINFO [0m:      configure_fit: strategy sampled 4 clients (out of 4)
[92mINFO [0m:      aggregate_fit: received 4 results and 0 failures
[92mINFO [0m:      configure_evaluate: strategy sampled 4 clients (out of 4)
[92mINFO [0m:      aggregate_evaluate: received 4 results and 0 failures
[92mINFO [0m:      
[92mINFO [0m:      [ROUND 25]
[92mINFO [0m:      configure_fit: strategy sampled 4 clients (out of 4)
[92mINFO [0m:      aggregate_fit: received 4 results and 0 failures
[92mINFO [0m:      configure_evaluate: strategy sampled 4 clients (out of 4)
[92mINFO [0m:      aggregate_evaluate: received 4 results and 0 failures

[DEBUG _get_metrics] Extracted from ConfigRecord._data
[DEBUG _get_metrics] res_item[1] type: ConfigRecord
[DEBUG _get_metrics] res_item[1] has metrics attr: False
[DEBUG _get_metrics] res_item[1].__dict__: {'_check_key_fn': <function _check_key at 0x755feb1d4900>, '_check_value_fn': <function _check_value at 0x755fe09c89a0>, '_data': {'accuracy': 0.9933428168296814, 'loss': 0.00448649562895298, 'total_samples': 2103, 'actual_attack': 1621, 'actual_normal': 482, 'predicted_attack': 1621, 'predicted_normal': 482, 'true_positives': 1614, 'true_negatives': 475, 'false_positives': 7, 'false_negatives': 7, 'precision': 0.9956816779765577, 'recall': 0.9956816779765577, 'f1_score': 0.9956816779765577}}
[DEBUG _get_metrics] res_item[1].keys(): ['accuracy', 'loss', 'total_samples', 'actual_attack', 'actual_normal', 'predicted_attack', 'predicted_normal', 'true_positives', 'true_negatives', 'false_positives', 'false_negatives', 'precision', 'recall', 'f1_score']
[DEBUG _get_metrics] Extracted from ConfigRecord._data
[DEBUG _get_metrics] res_item[1] type: ConfigRecord
[DEBUG _get_metrics] res_item[1] has metrics attr: False
[DEBUG _get_metrics] res_item[1].__dict__: {'_check_key_fn': <function _check_key at 0x755feb1d4900>, '_check_value_fn': <function _check_value at 0x755fe09c89a0>, '_data': {'accuracy': 0.9914407730102539, 'loss': 0.004904279485344887, 'total_samples': 2103, 'actual_attack': 1621, 'actual_normal': 482, 'predicted_attack': 1625, 'predicted_normal': 478, 'true_positives': 1614, 'true_negatives': 471, 'false_positives': 11, 'false_negatives': 7, 'precision': 0.9932307692307693, 'recall': 0.9956816779765577, 'f1_score': 0.9944547134935304}}
[DEBUG _get_metrics] res_item[1].keys(): ['accuracy', 'loss', 'total_samples', 'actual_attack', 'actual_normal', 'predicted_attack', 'predicted_normal', 'true_positives', 'true_negatives', 'false_positives', 'false_negatives', 'precision', 'recall', 'f1_score']
[DEBUG _get_metrics] Extracted from ConfigRecord._data
[DEBUG] Extracted 4 metrics from results

[Evaluation Summary]
============================================================
Round: 23 / 60
Accuracy (mean):  0.9919  (99.19%)
Loss:             0.0050
[Per-Device Accuracy]
  - Device 0:  0.9914  (99.14%)
  - Device 1:  0.9914  (99.14%)
  - Device 2:  0.9933  (99.33%)
  - Device 3:  0.9914  (99.14%)

[Ground Truth]
  - Attack samples: 1622
  - Normal samples: 483
  - Total samples:  2105

[Predictions]
  - Predicted Attack:  1628
  - Predicted Normal:  477

[Confusion Matrix]
  - True Positives (TP):  1616
  - True Negatives (TN):  471
  - False Positives (FP): 12
  - False Negatives (FN): 6

[Metrics]
  - Precision:  0.9937  (99.37%)
  - Recall:     0.9958  (99.58%)
  - F1-Score:   0.9948  (99.48%)
============================================================

[DEBUG] evaluate_metrics_aggregation_fn called with 4 results
[DEBUG] results type: <class 'list'>
[DEBUG] First result type: <class 'tuple'>
[DEBUG] First result length: 2
[DEBUG] results[0][0] type: <class 'int'>
[DEBUG] results[0][1] type: <class 'flwr.app.message.configrecord.ConfigRecord'>
[DEBUG _get_metrics] res_item[1] type: ConfigRecord
[DEBUG _get_metrics] res_item[1] has metrics attr: False
[DEBUG _get_metrics] res_item[1].__dict__: {'_check_key_fn': <function _check_key at 0x755feb1d4900>, '_check_value_fn': <function _check_value at 0x755fe09c89a0>, '_data': {'accuracy': 0.991916298866272, 'loss': 0.0048781149089336395, 'total_samples': 2103, 'actual_attack': 1621, 'actual_normal': 482, 'predicted_attack': 1624, 'predicted_normal': 479, 'true_positives': 1614, 'true_negatives': 472, 'false_positives': 10, 'false_negatives': 7, 'precision': 0.9938423645320197, 'recall': 0.9956816779765577, 'f1_score': 0.9947611710323575}}
[DEBUG _get_metrics] res_item[1].keys(): ['accuracy', 'loss', 'total_samples', 'actual_attack', 'actual_normal', 'predicted_attack', 'predicted_normal', 'true_positives', 'true_negatives', 'false_positives', 'false_negatives', 'precision', 'recall', 'f1_score']
[DEBUG _get_metrics] Extracted from ConfigRecord._data
[DEBUG _get_metrics] res_item[1] type: ConfigRecord
[DEBUG _get_metrics] res_item[1] has metrics attr: False
[DEBUG _get_metrics] res_item[1].__dict__: {'_check_key_fn': <function _check_key at 0x755feb1d4900>, '_check_value_fn': <function _check_value at 0x755fe09c89a0>, '_data': {'accuracy': 0.991916298866272, 'loss': 0.0048781149089336395, 'total_samples': 2103, 'actual_attack': 1621, 'actual_normal': 482, 'predicted_attack': 1624, 'predicted_normal': 479, 'true_positives': 1614, 'true_negatives': 472, 'false_positives': 10, 'false_negatives': 7, 'precision': 0.9938423645320197, 'recall': 0.9956816779765577, 'f1_score': 0.9947611710323575}}
[DEBUG _get_metrics] res_item[1].keys(): ['accuracy', 'loss', 'total_samples', 'actual_attack', 'actual_normal', 'predicted_attack', 'predicted_normal', 'true_positives', 'true_negatives', 'false_positives', 'false_negatives', 'precision', 'recall', 'f1_score']
[DEBUG _get_metrics] Extracted from ConfigRecord._data
[DEBUG _get_metrics] res_item[1] type: ConfigRecord
[DEBUG _get_metrics] res_item[1] has metrics attr: False
[DEBUG _get_metrics] res_item[1].__dict__: {'_check_key_fn': <function _check_key at 0x755feb1d4900>, '_check_value_fn': <function _check_value at 0x755fe09c89a0>, '_data': {'accuracy': 0.9914489388465881, 'loss': 0.005870215594768524, 'total_samples': 2105, 'actual_attack': 1622, 'actual_normal': 483, 'predicted_attack': 1628, 'predicted_normal': 477, 'true_positives': 1616, 'true_negatives': 471, 'false_positives': 12, 'false_negatives': 6, 'precision': 0.9926289926289926, 'recall': 0.9963008631319359, 'f1_score': 0.9944615384615384}}
[DEBUG _get_metrics] res_item[1].keys(): ['accuracy', 'loss', 'total_samples', 'actual_attack', 'actual_normal', 'predicted_attack', 'predicted_normal', 'true_positives', 'true_negatives', 'false_positives', 'false_negatives', 'precision', 'recall', 'f1_score']
[DEBUG _get_metrics] Extracted from ConfigRecord._data
[DEBUG _get_metrics] res_item[1] type: ConfigRecord
[DEBUG _get_metrics] res_item[1] has metrics attr: False
[DEBUG _get_metrics] res_item[1].__dict__: {'_check_key_fn': <function _check_key at 0x755feb1d4900>, '_check_value_fn': <function _check_value at 0x755fe09c89a0>, '_data': {'accuracy': 0.9933428168296814, 'loss': 0.004493121989071369, 'total_samples': 2103, 'actual_attack': 1621, 'actual_normal': 482, 'predicted_attack': 1621, 'predicted_normal': 482, 'true_positives': 1614, 'true_negatives': 475, 'false_positives': 7, 'false_negatives': 7, 'precision': 0.9956816779765577, 'recall': 0.9956816779765577, 'f1_score': 0.9956816779765577}}
[DEBUG _get_metrics] res_item[1].keys(): ['accuracy', 'loss', 'total_samples', 'actual_attack', 'actual_normal', 'predicted_attack', 'predicted_normal', 'true_positives', 'true_negatives', 'false_positives', 'false_negatives', 'precision', 'recall', 'f1_score']
[DEBUG _get_metrics] Extracted from ConfigRecord._data
[DEBUG] Extracted 4 metrics from results

[Evaluation Summary]
============================================================
Round: 24 / 60
Accuracy (mean):  0.9922  (99.22%)
Loss:             0.0050
[Per-Device Accuracy]
  - Device 0:  0.9919  (99.19%)
  - Device 1:  0.9919  (99.19%)
  - Device 2:  0.9914  (99.14%)
  - Device 3:  0.9933  (99.33%)

[Ground Truth]
  - Attack samples: 1621
  - Normal samples: 482
  - Total samples:  2103

[Predictions]
  - Predicted Attack:  1624
  - Predicted Normal:  479

[Confusion Matrix]
  - True Positives (TP):  1614
  - True Negatives (TN):  472
  - False Positives (FP): 10
  - False Negatives (FN): 7

[Metrics]
  - Precision:  0.9940  (99.40%)
  - Recall:     0.9958  (99.58%)
  - F1-Score:   0.9949  (99.49%)
============================================================

[Round 25] Client contributions:
  Client samples: 18,931 (weight: 0.2500)
  Client samples: 18,932 (weight: 0.2500)
  Client samples: 18,931 (weight: 0.2500)
  Client samples: 18,931 (weight: 0.2500)
[DEBUG] evaluate_metrics_aggregation_fn called with 4 results
[DEBUG] results type: <class 'list'>
[DEBUG] First result type: <class 'tuple'>
[DEBUG] First result length: 2
[DEBUG] results[0][0] type: <class 'int'>[92mINFO [0m:      
[92mINFO [0m:      [ROUND 26]
[92mINFO [0m:      configure_fit: strategy sampled 4 clients (out of 4)
[92mINFO [0m:      aggregate_fit: received 4 results and 0 failures
[92mINFO [0m:      configure_evaluate: strategy sampled 4 clients (out of 4)
[92mINFO [0m:      aggregate_evaluate: received 4 results and 0 failures

[DEBUG] results[0][1] type: <class 'flwr.app.message.configrecord.ConfigRecord'>
[DEBUG _get_metrics] res_item[1] type: ConfigRecord
[DEBUG _get_metrics] res_item[1] has metrics attr: False
[DEBUG _get_metrics] res_item[1].__dict__: {'_check_key_fn': <function _check_key at 0x755feb1d4900>, '_check_value_fn': <function _check_value at 0x755fe09c89a0>, '_data': {'accuracy': 0.9909738898277283, 'loss': 0.005874563939869404, 'total_samples': 2105, 'actual_attack': 1622, 'actual_normal': 483, 'predicted_attack': 1627, 'predicted_normal': 478, 'true_positives': 1615, 'true_negatives': 471, 'false_positives': 12, 'false_negatives': 7, 'precision': 0.9926244622003688, 'recall': 0.9956843403205918, 'f1_score': 0.9941520467836257}}
[DEBUG _get_metrics] res_item[1].keys(): ['accuracy', 'loss', 'total_samples', 'actual_attack', 'actual_normal', 'predicted_attack', 'predicted_normal', 'true_positives', 'true_negatives', 'false_positives', 'false_negatives', 'precision', 'recall', 'f1_score']
[DEBUG _get_metrics] Extracted from ConfigRecord._data
[DEBUG _get_metrics] res_item[1] type: ConfigRecord
[DEBUG _get_metrics] res_item[1] has metrics attr: False
[DEBUG _get_metrics] res_item[1].__dict__: {'_check_key_fn': <function _check_key at 0x755feb1d4900>, '_check_value_fn': <function _check_value at 0x755fe09c89a0>, '_data': {'accuracy': 0.991916298866272, 'loss': 0.004895403049886227, 'total_samples': 2103, 'actual_attack': 1621, 'actual_normal': 482, 'predicted_attack': 1624, 'predicted_normal': 479, 'true_positives': 1614, 'true_negatives': 472, 'false_positives': 10, 'false_negatives': 7, 'precision': 0.9938423645320197, 'recall': 0.9956816779765577, 'f1_score': 0.9947611710323575}}
[DEBUG _get_metrics] res_item[1].keys(): ['accuracy', 'loss', 'total_samples', 'actual_attack', 'actual_normal', 'predicted_attack', 'predicted_normal', 'true_positives', 'true_negatives', 'false_positives', 'false_negatives', 'precision', 'recall', 'f1_score']
[DEBUG _get_metrics] Extracted from ConfigRecord._data
[DEBUG _get_metrics] res_item[1] type: ConfigRecord
[DEBUG _get_metrics] res_item[1] has metrics attr: False
[DEBUG _get_metrics] res_item[1].__dict__: {'_check_key_fn': <function _check_key at 0x755feb1d4900>, '_check_value_fn': <function _check_value at 0x755fe09c89a0>, '_data': {'accuracy': 0.9933428168296814, 'loss': 0.004526701755821705, 'total_samples': 2103, 'actual_attack': 1621, 'actual_normal': 482, 'predicted_attack': 1621, 'predicted_normal': 482, 'true_positives': 1614, 'true_negatives': 475, 'false_positives': 7, 'false_negatives': 7, 'precision': 0.9956816779765577, 'recall': 0.9956816779765577, 'f1_score': 0.9956816779765577}}
[DEBUG _get_metrics] res_item[1].keys(): ['accuracy', 'loss', 'total_samples', 'actual_attack', 'actual_normal', 'predicted_attack', 'predicted_normal', 'true_positives', 'true_negatives', 'false_positives', 'false_negatives', 'precision', 'recall', 'f1_score']
[DEBUG _get_metrics] Extracted from ConfigRecord._data
[DEBUG _get_metrics] res_item[1] type: ConfigRecord
[DEBUG _get_metrics] res_item[1] has metrics attr: False
[DEBUG _get_metrics] res_item[1].__dict__: {'_check_key_fn': <function _check_key at 0x755feb1d4900>, '_check_value_fn': <function _check_value at 0x755fe09c89a0>, '_data': {'accuracy': 0.991916298866272, 'loss': 0.004895403049886227, 'total_samples': 2103, 'actual_attack': 1621, 'actual_normal': 482, 'predicted_attack': 1624, 'predicted_normal': 479, 'true_positives': 1614, 'true_negatives': 472, 'false_positives': 10, 'false_negatives': 7, 'precision': 0.9938423645320197, 'recall': 0.9956816779765577, 'f1_score': 0.9947611710323575}}
[DEBUG _get_metrics] res_item[1].keys(): ['accuracy', 'loss', 'total_samples', 'actual_attack', 'actual_normal', 'predicted_attack', 'predicted_normal', 'true_positives', 'true_negatives', 'false_positives', 'false_negatives', 'precision', 'recall', 'f1_score']
[DEBUG _get_metrics] Extracted from ConfigRecord._data
[DEBUG] Extracted 4 metrics from results

[Evaluation Summary]
============================================================
Round: 25 / 60
Accuracy (mean):  0.9920  (99.20%)
Loss:             0.0050
[Per-Device Accuracy]
  - Device 0:  0.9910  (99.10%)
  - Device 1:  0.9919  (99.19%)
  - Device 2:  0.9933  (99.33%)
  - Device 3:  0.9919  (99.19%)

[Ground Truth]
  - Attack samples: 1622
  - Normal samples: 483
  - Total samples:  2105

[Predictions]
  - Predicted Attack:  1627
  - Predicted Normal:  478

[Confusion Matrix]
  - True Positives (TP):  1615
  - True Negatives (TN):  471
  - False Positives (FP): 12
  - False Negatives (FN): 7

[Metrics]
  - Precision:  0.9940  (99.40%)
  - Recall:     0.9957  (99.57%)
  - F1-Score:   0.9948  (99.48%)
============================================================

[36m(ClientAppActor pid=820724)[0m [Client 0] Class weights (smoothed): {0: 1.294260704655279, 1: 0.705739295344721}[32m [repeated 20x across cluster][0m
[DEBUG] evaluate_metrics_aggregation_fn called with 4 results
[DEBUG] results type: <class 'list'>
[DEBUG] First result type: <class 'tuple'>
[DEBUG] First result length: 2
[DEBUG] results[0][0] type: <class 'int'>
[DEBUG] results[0][1] type: <class 'flwr.app.message.configrecord.ConfigRecord'>
[DEBUG _get_metrics] res_item[1] type: ConfigRecord
[DEBUG _get_metrics] res_item[1] has metrics attr: False
[DEBUG _get_metrics] res_item[1].__dict__: {'_check_key_fn': <function _check_key at 0x755feb1d4900>, '_check_value_fn': <function _check_value at 0x755fe09c89a0>, '_data': {'accuracy': 0.9914407730102539, 'loss': 0.004877718631178141, 'total_samples': 2103, 'actual_attack': 1621, 'actual_normal': 482, 'predicted_attack': 1623, 'predicted_normal': 480, 'true_positives': 1613, 'true_negatives': 472, 'false_positives': 10, 'false_negatives': 8, 'precision': 0.9938385705483672, 'recall': 0.9950647748303516, 'f1_score': 0.9944512946979038}}
[DEBUG _get_metrics] res_item[1].keys(): ['accuracy', 'loss', 'total_samples', 'actual_attack', 'actual_normal', 'predicted_attack', 'predicted_normal', 'true_positives', 'true_negatives', 'false_positives', 'false_negatives', 'precision', 'recall', 'f1_score']
[DEBUG _get_metrics] Extracted from ConfigRecord._data
[DEBUG _get_metrics] res_item[1] type: ConfigRecord
[DEBUG _get_metrics] res_item[1] has metrics attr: False
[DEBUG _get_metrics] res_item[1].__dict__: {'_check_key_fn': <function _check_key at 0x755feb1d4900>, '_check_value_fn': <function _check_value at 0x755fe09c89a0>, '_data': {'accuracy': 0.9914407730102539, 'loss': 0.004877718631178141, 'total_samples': 2103, 'actual_attack': 1621, 'actual_normal': 482, 'predicted_attack': 1623, 'predicted_normal': 480, 'true_positives': 1613, 'true_negatives': 472, 'false_positives': 10, 'false_negatives': 8, 'precision': 0.9938385705483672, 'recall': 0.9950647748303516, 'f1_score': 0.9944512946979038}}
[DEBUG _get_metrics] res_item[1].keys(): ['accuracy', 'loss', 'total_samples', 'actual_attack', 'actual_normal', 'predicted_attack', 'predicted_normal', 'true_positives', 'true_negatives', 'false_positives', 'false_negatives', 'precision', 'recall', 'f1_score']
[DEBUG _get_metrics] Extracted from ConfigRecord._data
[DEBUG _get_metrics] res_item[1] type: ConfigRecord
[DEBUG _get_metrics] res_item[1] has metrics attr: False
[DEBUG _get_metrics] res_item[1].__dict__: {'_check_key_fn': <function _check_key at 0x755feb1d4900>, '_check_value_fn': <function _check_value at 0x755fe09c89a0>, '_data': {'accuracy': 0.9909738898277283, 'loss': 0.005840822588652372, 'total_samples': 2105, 'actual_attack': 1622, 'actual_normal': 483, 'predicted_attack': 1627, 'predicted_normal': 478, 'true_positives': 1615, 'true_negatives': 471, 'false_positives': 12, 'false_negatives': 7, 'precision': 0.9926244622003688, 'recall': 0.9956843403205918, 'f1_score': 0.9941520467836257}}
[DEBUG _get_metrics] res_item[1].keys(): ['accuracy', 'loss', 'total_samples', 'actual_attack', 'actual_normal', 'predicted_attack', 'predicted_normal', 'true_positives', 'true_negatives', 'false_positives', 'false_negatives', 'precision', 'recall', 'f1_score']
[DEBUG _get_metrics] Extracted from ConfigRecord._data
[DEBUG _get_metrics] res_item[1] type: ConfigRecord
[DEBUG _get_metrics] res_item[1] has metrics attr: False[92mINFO [0m:      
[92mINFO [0m:      [ROUND 27]
[92mINFO [0m:      configure_fit: strategy sampled 4 clients (out of 4)
[92mINFO [0m:      aggregate_fit: received 4 results and 0 failures
[92mINFO [0m:      configure_evaluate: strategy sampled 4 clients (out of 4)
[92mINFO [0m:      aggregate_evaluate: received 4 results and 0 failures
[92mINFO [0m:      
[92mINFO [0m:      [ROUND 28]
[92mINFO [0m:      configure_fit: strategy sampled 4 clients (out of 4)
[92mINFO [0m:      aggregate_fit: received 4 results and 0 failures
[92mINFO [0m:      configure_evaluate: strategy sampled 4 clients (out of 4)
[92mINFO [0m:      aggregate_evaluate: received 4 results and 0 failures

[DEBUG _get_metrics] res_item[1].__dict__: {'_check_key_fn': <function _check_key at 0x755feb1d4900>, '_check_value_fn': <function _check_value at 0x755fe09c89a0>, '_data': {'accuracy': 0.9933428168296814, 'loss': 0.0045225475914776325, 'total_samples': 2103, 'actual_attack': 1621, 'actual_normal': 482, 'predicted_attack': 1621, 'predicted_normal': 482, 'true_positives': 1614, 'true_negatives': 475, 'false_positives': 7, 'false_negatives': 7, 'precision': 0.9956816779765577, 'recall': 0.9956816779765577, 'f1_score': 0.9956816779765577}}
[DEBUG _get_metrics] res_item[1].keys(): ['accuracy', 'loss', 'total_samples', 'actual_attack', 'actual_normal', 'predicted_attack', 'predicted_normal', 'true_positives', 'true_negatives', 'false_positives', 'false_negatives', 'precision', 'recall', 'f1_score']
[DEBUG _get_metrics] Extracted from ConfigRecord._data
[DEBUG] Extracted 4 metrics from results

[Evaluation Summary]
============================================================
Round: 26 / 60
Accuracy (mean):  0.9918  (99.18%)
Loss:             0.0050
[Per-Device Accuracy]
  - Device 0:  0.9914  (99.14%)
  - Device 1:  0.9914  (99.14%)
  - Device 2:  0.9910  (99.10%)
  - Device 3:  0.9933  (99.33%)

[Ground Truth]
  - Attack samples: 1621
  - Normal samples: 482
  - Total samples:  2103

[Predictions]
  - Predicted Attack:  1623
  - Predicted Normal:  480

[Confusion Matrix]
  - True Positives (TP):  1613
  - True Negatives (TN):  472
  - False Positives (FP): 10
  - False Negatives (FN): 8

[Metrics]
  - Precision:  0.9940  (99.40%)
  - Recall:     0.9954  (99.54%)
  - F1-Score:   0.9947  (99.47%)
============================================================

[36m(ClientAppActor pid=820728)[0m [Client 2] Class weights (smoothed): {0: 1.2942450559445926, 1: 0.7057549440554073}[32m [repeated 12x across cluster][0m
[DEBUG] evaluate_metrics_aggregation_fn called with 4 results
[DEBUG] results type: <class 'list'>
[DEBUG] First result type: <class 'tuple'>
[DEBUG] First result length: 2
[DEBUG] results[0][0] type: <class 'int'>
[DEBUG] results[0][1] type: <class 'flwr.app.message.configrecord.ConfigRecord'>
[DEBUG _get_metrics] res_item[1] type: ConfigRecord
[DEBUG _get_metrics] res_item[1] has metrics attr: False
[DEBUG _get_metrics] res_item[1].__dict__: {'_check_key_fn': <function _check_key at 0x755feb1d4900>, '_check_value_fn': <function _check_value at 0x755fe09c89a0>, '_data': {'accuracy': 0.9909738898277283, 'loss': 0.005811274982988834, 'total_samples': 2105, 'actual_attack': 1622, 'actual_normal': 483, 'predicted_attack': 1627, 'predicted_normal': 478, 'true_positives': 1615, 'true_negatives': 471, 'false_positives': 12, 'false_negatives': 7, 'precision': 0.9926244622003688, 'recall': 0.9956843403205918, 'f1_score': 0.9941520467836257}}
[DEBUG _get_metrics] res_item[1].keys(): ['accuracy', 'loss', 'total_samples', 'actual_attack', 'actual_normal', 'predicted_attack', 'predicted_normal', 'true_positives', 'true_negatives', 'false_positives', 'false_negatives', 'precision', 'recall', 'f1_score']
[DEBUG _get_metrics] Extracted from ConfigRecord._data
[DEBUG _get_metrics] res_item[1] type: ConfigRecord
[DEBUG _get_metrics] res_item[1] has metrics attr: False
[DEBUG _get_metrics] res_item[1].__dict__: {'_check_key_fn': <function _check_key at 0x755feb1d4900>, '_check_value_fn': <function _check_value at 0x755fe09c89a0>, '_data': {'accuracy': 0.9909653067588806, 'loss': 0.004874736070632935, 'total_samples': 2103, 'actual_attack': 1621, 'actual_normal': 482, 'predicted_attack': 1622, 'predicted_normal': 481, 'true_positives': 1612, 'true_negatives': 472, 'false_positives': 10, 'false_negatives': 9, 'precision': 0.9938347718865598, 'recall': 0.9944478716841456, 'f1_score': 0.994141227258711}}
[DEBUG _get_metrics] res_item[1].keys(): ['accuracy', 'loss', 'total_samples', 'actual_attack', 'actual_normal', 'predicted_attack', 'predicted_normal', 'true_positives', 'true_negatives', 'false_positives', 'false_negatives', 'precision', 'recall', 'f1_score']
[DEBUG _get_metrics] Extracted from ConfigRecord._data
[DEBUG _get_metrics] res_item[1] type: ConfigRecord
[DEBUG _get_metrics] res_item[1] has metrics attr: False
[DEBUG _get_metrics] res_item[1].__dict__: {'_check_key_fn': <function _check_key at 0x755feb1d4900>, '_check_value_fn': <function _check_value at 0x755fe09c89a0>, '_data': {'accuracy': 0.9909653067588806, 'loss': 0.004874736070632935, 'total_samples': 2103, 'actual_attack': 1621, 'actual_normal': 482, 'predicted_attack': 1622, 'predicted_normal': 481, 'true_positives': 1612, 'true_negatives': 472, 'false_positives': 10, 'false_negatives': 9, 'precision': 0.9938347718865598, 'recall': 0.9944478716841456, 'f1_score': 0.994141227258711}}
[DEBUG _get_metrics] res_item[1].keys(): ['accuracy', 'loss', 'total_samples', 'actual_attack', 'actual_normal', 'predicted_attack', 'predicted_normal', 'true_positives', 'true_negatives', 'false_positives', 'false_negatives', 'precision', 'recall', 'f1_score']
[DEBUG _get_metrics] Extracted from ConfigRecord._data
[DEBUG _get_metrics] res_item[1] type: ConfigRecord
[DEBUG _get_metrics] res_item[1] has metrics attr: False
[DEBUG _get_metrics] res_item[1].__dict__: {'_check_key_fn': <function _check_key at 0x755feb1d4900>, '_check_value_fn': <function _check_value at 0x755fe09c89a0>, '_data': {'accuracy': 0.9933428168296814, 'loss': 0.004536407068371773, 'total_samples': 2103, 'actual_attack': 1621, 'actual_normal': 482, 'predicted_attack': 1621, 'predicted_normal': 482, 'true_positives': 1614, 'true_negatives': 475, 'false_positives': 7, 'false_negatives': 7, 'precision': 0.9956816779765577, 'recall': 0.9956816779765577, 'f1_score': 0.9956816779765577}}
[DEBUG _get_metrics] res_item[1].keys(): ['accuracy', 'loss', 'total_samples', 'actual_attack', 'actual_normal', 'predicted_attack', 'predicted_normal', 'true_positives', 'true_negatives', 'false_positives', 'false_negatives', 'precision', 'recall', 'f1_score']
[DEBUG _get_metrics] Extracted from ConfigRecord._data
[DEBUG] Extracted 4 metrics from results

[Evaluation Summary]
============================================================
Round: 27 / 60
Accuracy (mean):  0.9916  (99.16%)
Loss:             0.0050
[Per-Device Accuracy]
  - Device 0:  0.9910  (99.10%)
  - Device 1:  0.9910  (99.10%)
  - Device 2:  0.9910  (99.10%)
  - Device 3:  0.9933  (99.33%)

[Ground Truth]
  - Attack samples: 1622
  - Normal samples: 483
  - Total samples:  2105

[Predictions]
  - Predicted Attack:  1627
  - Predicted Normal:  478

[Confusion Matrix]
  - True Positives (TP):  1615
  - True Negatives (TN):  471
  - False Positives (FP): 12
  - False Negatives (FN): 7

[Metrics]
  - Precision:  0.9940  (99.40%)
  - Recall:     0.9951  (99.51%)
  - F1-Score:   0.9945  (99.45%)
============================================================

[DEBUG] evaluate_metrics_aggregation_fn called with 4 results
[DEBUG] results type: <class 'list'>
[DEBUG] First result type: <class 'tuple'>
[DEBUG] First result length: 2
[DEBUG] results[0][0] type: <class 'int'>
[DEBUG] results[0][1] type: <class 'flwr.app.message.configrecord.ConfigRecord'>
[DEBUG _get_metrics] res_item[1] type: ConfigRecord
[DEBUG _get_metrics] res_item[1] has metrics attr: False
[DEBUG _get_metrics] res_item[1].__dict__: {'_check_key_fn': <function _check_key at 0x755feb1d4900>, '_check_value_fn': <function _check_value at 0x755fe09c89a0>, '_data': {'accuracy': 0.9928673505783081, 'loss': 0.004551755264401436, 'total_samples': 2103, 'actual_attack': 1621, 'actual_normal': 482, 'predicted_attack': 1620, 'predicted_normal': 483, 'true_positives': 1613, 'true_negatives': 475, 'false_positives': 7, 'false_negatives': 8, 'precision': 0.995679012345679, 'recall': 0.9950647748303516, 'f1_score': 0.9953717988275222}}
[DEBUG _get_metrics] res_item[1].keys(): ['accuracy', 'loss', 'total_samples', 'actual_attack', 'actual_normal', 'predicted_attack', 'predicted_normal', 'true_positives', 'true_negatives', 'false_positives', 'false_negatives', 'precision', 'recall', 'f1_score']
[DEBUG _get_metrics] Extracted from ConfigRecord._data
[DEBUG _get_metrics] res_item[1] type: ConfigRecord
[DEBUG _get_metrics] res_item[1] has metrics attr: False[92mINFO [0m:      
[92mINFO [0m:      [ROUND 29]
[92mINFO [0m:      configure_fit: strategy sampled 4 clients (out of 4)
[92mINFO [0m:      aggregate_fit: received 4 results and 0 failures
[92mINFO [0m:      configure_evaluate: strategy sampled 4 clients (out of 4)
[92mINFO [0m:      aggregate_evaluate: received 4 results and 0 failures

[DEBUG _get_metrics] res_item[1].__dict__: {'_check_key_fn': <function _check_key at 0x755feb1d4900>, '_check_value_fn': <function _check_value at 0x755fe09c89a0>, '_data': {'accuracy': 0.9900142550468445, 'loss': 0.004894312005490065, 'total_samples': 2103, 'actual_attack': 1621, 'actual_normal': 482, 'predicted_attack': 1620, 'predicted_normal': 483, 'true_positives': 1610, 'true_negatives': 472, 'false_positives': 10, 'false_negatives': 11, 'precision': 0.9938271604938271, 'recall': 0.9932140653917335, 'f1_score': 0.9935205183585314}}
[DEBUG _get_metrics] res_item[1].keys(): ['accuracy', 'loss', 'total_samples', 'actual_attack', 'actual_normal', 'predicted_attack', 'predicted_normal', 'true_positives', 'true_negatives', 'false_positives', 'false_negatives', 'precision', 'recall', 'f1_score']
[DEBUG _get_metrics] Extracted from ConfigRecord._data
[DEBUG _get_metrics] res_item[1] type: ConfigRecord
[DEBUG _get_metrics] res_item[1] has metrics attr: False
[DEBUG _get_metrics] res_item[1].__dict__: {'_check_key_fn': <function _check_key at 0x755feb1d4900>, '_check_value_fn': <function _check_value at 0x755fe09c89a0>, '_data': {'accuracy': 0.9909738898277283, 'loss': 0.005787473637610674, 'total_samples': 2105, 'actual_attack': 1622, 'actual_normal': 483, 'predicted_attack': 1627, 'predicted_normal': 478, 'true_positives': 1615, 'true_negatives': 471, 'false_positives': 12, 'false_negatives': 7, 'precision': 0.9926244622003688, 'recall': 0.9956843403205918, 'f1_score': 0.9941520467836257}}
[DEBUG _get_metrics] res_item[1].keys(): ['accuracy', 'loss', 'total_samples', 'actual_attack', 'actual_normal', 'predicted_attack', 'predicted_normal', 'true_positives', 'true_negatives', 'false_positives', 'false_negatives', 'precision', 'recall', 'f1_score']
[DEBUG _get_metrics] Extracted from ConfigRecord._data
[DEBUG _get_metrics] res_item[1] type: ConfigRecord
[DEBUG _get_metrics] res_item[1] has metrics attr: False
[DEBUG _get_metrics] res_item[1].__dict__: {'_check_key_fn': <function _check_key at 0x755feb1d4900>, '_check_value_fn': <function _check_value at 0x755fe09c89a0>, '_data': {'accuracy': 0.9900142550468445, 'loss': 0.004894312005490065, 'total_samples': 2103, 'actual_attack': 1621, 'actual_normal': 482, 'predicted_attack': 1620, 'predicted_normal': 483, 'true_positives': 1610, 'true_negatives': 472, 'false_positives': 10, 'false_negatives': 11, 'precision': 0.9938271604938271, 'recall': 0.9932140653917335, 'f1_score': 0.9935205183585314}}
[DEBUG _get_metrics] res_item[1].keys(): ['accuracy', 'loss', 'total_samples', 'actual_attack', 'actual_normal', 'predicted_attack', 'predicted_normal', 'true_positives', 'true_negatives', 'false_positives', 'false_negatives', 'precision', 'recall', 'f1_score']
[DEBUG _get_metrics] Extracted from ConfigRecord._data
[DEBUG] Extracted 4 metrics from results

[Evaluation Summary]
============================================================
Round: 28 / 60
Accuracy (mean):  0.9910  (99.10%)
Loss:             0.0050
[Per-Device Accuracy]
  - Device 0:  0.9929  (99.29%)
  - Device 1:  0.9900  (99.00%)
  - Device 2:  0.9910  (99.10%)
  - Device 3:  0.9900  (99.00%)

[Ground Truth]
  - Attack samples: 1621
  - Normal samples: 482
  - Total samples:  2103

[Predictions]
  - Predicted Attack:  1620
  - Predicted Normal:  483

[Confusion Matrix]
  - True Positives (TP):  1613
  - True Negatives (TN):  475
  - False Positives (FP): 7
  - False Negatives (FN): 8

[Metrics]
  - Precision:  0.9940  (99.40%)
  - Recall:     0.9943  (99.43%)
  - F1-Score:   0.9941  (99.41%)
============================================================

[36m(ClientAppActor pid=820728)[0m [Client 2] Class weights (smoothed): {0: 1.2942450559445926, 1: 0.7057549440554073}[32m [repeated 16x across cluster][0m
[DEBUG] evaluate_metrics_aggregation_fn called with 4 results
[DEBUG] results type: <class 'list'>
[DEBUG] First result type: <class 'tuple'>
[DEBUG] First result length: 2
[DEBUG] results[0][0] type: <class 'int'>
[DEBUG] results[0][1] type: <class 'flwr.app.message.configrecord.ConfigRecord'>
[DEBUG _get_metrics] res_item[1] type: ConfigRecord
[DEBUG _get_metrics] res_item[1] has metrics attr: False
[DEBUG _get_metrics] res_item[1].__dict__: {'_check_key_fn': <function _check_key at 0x755feb1d4900>, '_check_value_fn': <function _check_value at 0x755fe09c89a0>, '_data': {'accuracy': 0.9928673505783081, 'loss': 0.004579619038850069, 'total_samples': 2103, 'actual_attack': 1621, 'actual_normal': 482, 'predicted_attack': 1620, 'predicted_normal': 483, 'true_positives': 1613, 'true_negatives': 475, 'false_positives': 7, 'false_negatives': 8, 'precision': 0.995679012345679, 'recall': 0.9950647748303516, 'f1_score': 0.9953717988275222}}
[DEBUG _get_metrics] res_item[1].keys(): ['accuracy', 'loss', 'total_samples', 'actual_attack', 'actual_normal', 'predicted_attack', 'predicted_normal', 'true_positives', 'true_negatives', 'false_positives', 'false_negatives', 'precision', 'recall', 'f1_score']
[DEBUG _get_metrics] Extracted from ConfigRecord._data
[DEBUG _get_metrics] res_item[1] type: ConfigRecord
[DEBUG _get_metrics] res_item[1] has metrics attr: False
[DEBUG _get_metrics] res_item[1].__dict__: {'_check_key_fn': <function _check_key at 0x755feb1d4900>, '_check_value_fn': <function _check_value at 0x755fe09c89a0>, '_data': {'accuracy': 0.9900142550468445, 'loss': 0.004957957658916712, 'total_samples': 2103, 'actual_attack': 1621, 'actual_normal': 482, 'predicted_attack': 1620, 'predicted_normal': 483, 'true_positives': 1610, 'true_negatives': 472, 'false_positives': 10, 'false_negatives': 11, 'precision': 0.9938271604938271, 'recall': 0.9932140653917335, 'f1_score': 0.9935205183585314}}
[DEBUG _get_metrics] res_item[1].keys(): ['accuracy', 'loss', 'total_samples', 'actual_attack', 'actual_normal', 'predicted_attack', 'predicted_normal', 'true_positives', 'true_negatives', 'false_positives', 'false_negatives', 'precision', 'recall', 'f1_score']
[DEBUG _get_metrics] Extracted from ConfigRecord._data
[DEBUG _get_metrics] res_item[1] type: ConfigRecord
[DEBUG _get_metrics] res_item[1] has metrics attr: False
[DEBUG _get_metrics] res_item[1].__dict__: {'_check_key_fn': <function _check_key at 0x755feb1d4900>, '_check_value_fn': <function _check_value at 0x755fe09c89a0>, '_data': {'accuracy': 0.9900142550468445, 'loss': 0.004957957658916712, 'total_samples': 2103, 'actual_attack': 1621, 'actual_normal': 482, 'predicted_attack': 1620, 'predicted_normal': 483, 'true_positives': 1610, 'true_negatives': 472, 'false_positives': 10, 'false_negatives': 11, 'precision': 0.9938271604938271, 'recall': 0.9932140653917335, 'f1_score': 0.9935205183585314}}
[DEBUG _get_metrics] res_item[1].keys(): ['accuracy', 'loss', 'total_samples', 'actual_attack', 'actual_normal', 'predicted_attack', 'predicted_normal', 'true_positives', 'true_negatives', 'false_positives', 'false_negatives', 'precision', 'recall', 'f1_score']
[DEBUG _get_metrics] Extracted from ConfigRecord._data
[DEBUG _get_metrics] res_item[1] type: ConfigRecord
[DEBUG _get_metrics] res_item[1] has metrics attr: False
[DEBUG _get_metrics] res_item[1].__dict__: {'_check_key_fn': <function _check_key at 0x755feb1d4900>, '_check_value_fn': <function _check_value at 0x755fe09c89a0>, '_data': {'accuracy': 0.9909738898277283, 'loss': 0.005795019678771496, 'total_samples': 2105, 'actual_attack': 1622, 'actual_normal': 483, 'predicted_attack': 1627, 'predicted_normal': 478, 'true_positives': 1615, 'true_negatives': 471, 'false_positives': 12, 'false_negatives': 7, 'precision': 0.9926244622003688, 'recall': 0.9956843403205918, 'f1_score': 0.9941520467836257}}
[DEBUG _get_metrics] res_item[1].keys(): ['accuracy', 'loss', 'total_samples', 'actual_attack', 'actual_normal', 'predicted_attack', 'predicted_normal', 'true_positives', 'true_negatives', 'false_positives', 'false_negatives', 'precision', 'recall', 'f1_score']
[DEBUG _get_metrics] Extracted from ConfigRecord._data
[DEBUG] Extracted 4 metrics from results

[Evaluation Summary]
============================================================
Round: 29 / 60
Accuracy (mean):  0.9910  (99.10%)
Loss:             0.0051
[Per-Device Accuracy]
  - Device 0:  0.9929  (99.29%)[92mINFO [0m:      
[92mINFO [0m:      [ROUND 30]
[92mINFO [0m:      configure_fit: strategy sampled 4 clients (out of 4)
[92mINFO [0m:      aggregate_fit: received 4 results and 0 failures
[92mINFO [0m:      configure_evaluate: strategy sampled 4 clients (out of 4)
[92mINFO [0m:      aggregate_evaluate: received 4 results and 0 failures
[92mINFO [0m:      
[92mINFO [0m:      [ROUND 31]
[92mINFO [0m:      configure_fit: strategy sampled 4 clients (out of 4)
[92mINFO [0m:      aggregate_fit: received 4 results and 0 failures
[92mINFO [0m:      configure_evaluate: strategy sampled 4 clients (out of 4)
[92mINFO [0m:      aggregate_evaluate: received 4 results and 0 failures

  - Device 1:  0.9900  (99.00%)
  - Device 2:  0.9900  (99.00%)
  - Device 3:  0.9910  (99.10%)

[Ground Truth]
  - Attack samples: 1621
  - Normal samples: 482
  - Total samples:  2103

[Predictions]
  - Predicted Attack:  1620
  - Predicted Normal:  483

[Confusion Matrix]
  - True Positives (TP):  1613
  - True Negatives (TN):  475
  - False Positives (FP): 7
  - False Negatives (FN): 8

[Metrics]
  - Precision:  0.9940  (99.40%)
  - Recall:     0.9943  (99.43%)
  - F1-Score:   0.9941  (99.41%)
============================================================

[Round 30] Client contributions:
  Client samples: 18,931 (weight: 0.2500)
  Client samples: 18,931 (weight: 0.2500)
  Client samples: 18,932 (weight: 0.2500)
  Client samples: 18,931 (weight: 0.2500)
[DEBUG] evaluate_metrics_aggregation_fn called with 4 results
[DEBUG] results type: <class 'list'>
[DEBUG] First result type: <class 'tuple'>
[DEBUG] First result length: 2
[DEBUG] results[0][0] type: <class 'int'>
[DEBUG] results[0][1] type: <class 'flwr.app.message.configrecord.ConfigRecord'>
[DEBUG _get_metrics] res_item[1] type: ConfigRecord
[DEBUG _get_metrics] res_item[1] has metrics attr: False
[DEBUG _get_metrics] res_item[1].__dict__: {'_check_key_fn': <function _check_key at 0x755feb1d4900>, '_check_value_fn': <function _check_value at 0x755fe09c89a0>, '_data': {'accuracy': 0.9900142550468445, 'loss': 0.004968565888702869, 'total_samples': 2103, 'actual_attack': 1621, 'actual_normal': 482, 'predicted_attack': 1620, 'predicted_normal': 483, 'true_positives': 1610, 'true_negatives': 472, 'false_positives': 10, 'false_negatives': 11, 'precision': 0.9938271604938271, 'recall': 0.9932140653917335, 'f1_score': 0.9935205183585314}}
[DEBUG _get_metrics] res_item[1].keys(): ['accuracy', 'loss', 'total_samples', 'actual_attack', 'actual_normal', 'predicted_attack', 'predicted_normal', 'true_positives', 'true_negatives', 'false_positives', 'false_negatives', 'precision', 'recall', 'f1_score']
[DEBUG _get_metrics] Extracted from ConfigRecord._data
[DEBUG _get_metrics] res_item[1] type: ConfigRecord
[DEBUG _get_metrics] res_item[1] has metrics attr: False
[DEBUG _get_metrics] res_item[1].__dict__: {'_check_key_fn': <function _check_key at 0x755feb1d4900>, '_check_value_fn': <function _check_value at 0x755fe09c89a0>, '_data': {'accuracy': 0.9909738898277283, 'loss': 0.005781630054116249, 'total_samples': 2105, 'actual_attack': 1622, 'actual_normal': 483, 'predicted_attack': 1627, 'predicted_normal': 478, 'true_positives': 1615, 'true_negatives': 471, 'false_positives': 12, 'false_negatives': 7, 'precision': 0.9926244622003688, 'recall': 0.9956843403205918, 'f1_score': 0.9941520467836257}}
[DEBUG _get_metrics] res_item[1].keys(): ['accuracy', 'loss', 'total_samples', 'actual_attack', 'actual_normal', 'predicted_attack', 'predicted_normal', 'true_positives', 'true_negatives', 'false_positives', 'false_negatives', 'precision', 'recall', 'f1_score']
[DEBUG _get_metrics] Extracted from ConfigRecord._data
[DEBUG _get_metrics] res_item[1] type: ConfigRecord
[DEBUG _get_metrics] res_item[1] has metrics attr: False
[DEBUG _get_metrics] res_item[1].__dict__: {'_check_key_fn': <function _check_key at 0x755feb1d4900>, '_check_value_fn': <function _check_value at 0x755fe09c89a0>, '_data': {'accuracy': 0.9928673505783081, 'loss': 0.004584321286529303, 'total_samples': 2103, 'actual_attack': 1621, 'actual_normal': 482, 'predicted_attack': 1620, 'predicted_normal': 483, 'true_positives': 1613, 'true_negatives': 475, 'false_positives': 7, 'false_negatives': 8, 'precision': 0.995679012345679, 'recall': 0.9950647748303516, 'f1_score': 0.9953717988275222}}
[DEBUG _get_metrics] res_item[1].keys(): ['accuracy', 'loss', 'total_samples', 'actual_attack', 'actual_normal', 'predicted_attack', 'predicted_normal', 'true_positives', 'true_negatives', 'false_positives', 'false_negatives', 'precision', 'recall', 'f1_score']
[DEBUG _get_metrics] Extracted from ConfigRecord._data
[DEBUG _get_metrics] res_item[1] type: ConfigRecord
[DEBUG _get_metrics] res_item[1] has metrics attr: False
[DEBUG _get_metrics] res_item[1].__dict__: {'_check_key_fn': <function _check_key at 0x755feb1d4900>, '_check_value_fn': <function _check_value at 0x755fe09c89a0>, '_data': {'accuracy': 0.9900142550468445, 'loss': 0.004968565888702869, 'total_samples': 2103, 'actual_attack': 1621, 'actual_normal': 482, 'predicted_attack': 1620, 'predicted_normal': 483, 'true_positives': 1610, 'true_negatives': 472, 'false_positives': 10, 'false_negatives': 11, 'precision': 0.9938271604938271, 'recall': 0.9932140653917335, 'f1_score': 0.9935205183585314}}
[DEBUG _get_metrics] res_item[1].keys(): ['accuracy', 'loss', 'total_samples', 'actual_attack', 'actual_normal', 'predicted_attack', 'predicted_normal', 'true_positives', 'true_negatives', 'false_positives', 'false_negatives', 'precision', 'recall', 'f1_score']
[DEBUG _get_metrics] Extracted from ConfigRecord._data
[DEBUG] Extracted 4 metrics from results

[Evaluation Summary]
============================================================
Round: 30 / 60
Accuracy (mean):  0.9910  (99.10%)
Loss:             0.0051
[Per-Device Accuracy]
  - Device 0:  0.9900  (99.00%)
  - Device 1:  0.9910  (99.10%)
  - Device 2:  0.9929  (99.29%)
  - Device 3:  0.9900  (99.00%)

[Ground Truth]
  - Attack samples: 1621
  - Normal samples: 482
  - Total samples:  2103

[Predictions]
  - Predicted Attack:  1620
  - Predicted Normal:  483

[Confusion Matrix]
  - True Positives (TP):  1610
  - True Negatives (TN):  472
  - False Positives (FP): 10
  - False Negatives (FN): 11

[Metrics]
  - Precision:  0.9940  (99.40%)
  - Recall:     0.9943  (99.43%)
  - F1-Score:   0.9941  (99.41%)
============================================================

[36m(ClientAppActor pid=820728)[0m [Client 2] Class weights (smoothed): {0: 1.2942450559445926, 1: 0.7057549440554073}[32m [repeated 16x across cluster][0m
[DEBUG] evaluate_metrics_aggregation_fn called with 4 results
[DEBUG] results type: <class 'list'>
[DEBUG] First result type: <class 'tuple'>
[DEBUG] First result length: 2
[DEBUG] results[0][0] type: <class 'int'>
[DEBUG] results[0][1] type: <class 'flwr.app.message.configrecord.ConfigRecord'>
[DEBUG _get_metrics] res_item[1] type: ConfigRecord
[DEBUG _get_metrics] res_item[1] has metrics attr: False
[DEBUG _get_metrics] res_item[1].__dict__: {'_check_key_fn': <function _check_key at 0x755feb1d4900>, '_check_value_fn': <function _check_value at 0x755fe09c89a0>, '_data': {'accuracy': 0.9900142550468445, 'loss': 0.004923746455460787, 'total_samples': 2103, 'actual_attack': 1621, 'actual_normal': 482, 'predicted_attack': 1620, 'predicted_normal': 483, 'true_positives': 1610, 'true_negatives': 472, 'false_positives': 10, 'false_negatives': 11, 'precision': 0.9938271604938271, 'recall': 0.9932140653917335, 'f1_score': 0.9935205183585314}}
[DEBUG _get_metrics] res_item[1].keys(): ['accuracy', 'loss', 'total_samples', 'actual_attack', 'actual_normal', 'predicted_attack', 'predicted_normal', 'true_positives', 'true_negatives', 'false_positives', 'false_negatives', 'precision', 'recall', 'f1_score']
[DEBUG _get_metrics] Extracted from ConfigRecord._data
[DEBUG _get_metrics] res_item[1] type: ConfigRecord
[DEBUG _get_metrics] res_item[1] has metrics attr: False
[DEBUG _get_metrics] res_item[1].__dict__: {'_check_key_fn': <function _check_key at 0x755feb1d4900>, '_check_value_fn': <function _check_value at 0x755fe09c89a0>, '_data': {'accuracy': 0.9900142550468445, 'loss': 0.004923746455460787, 'total_samples': 2103, 'actual_attack': 1621, 'actual_normal': 482, 'predicted_attack': 1620, 'predicted_normal': 483, 'true_positives': 1610, 'true_negatives': 472, 'false_positives': 10, 'false_negatives': 11, 'precision': 0.9938271604938271, 'recall': 0.9932140653917335, 'f1_score': 0.9935205183585314}}
[DEBUG _get_metrics] res_item[1].keys(): ['accuracy', 'loss', 'total_samples', 'actual_attack', 'actual_normal', 'predicted_attack', 'predicted_normal', 'true_positives', 'true_negatives', 'false_positives', 'false_negatives', 'precision', 'recall', 'f1_score']
[DEBUG _get_metrics] Extracted from ConfigRecord._data
[DEBUG _get_metrics] res_item[1] type: ConfigRecord[92mINFO [0m:      
[92mINFO [0m:      [ROUND 32]
[92mINFO [0m:      configure_fit: strategy sampled 4 clients (out of 4)
[92mINFO [0m:      aggregate_fit: received 4 results and 0 failures
[92mINFO [0m:      configure_evaluate: strategy sampled 4 clients (out of 4)
[92mINFO [0m:      aggregate_evaluate: received 4 results and 0 failures
[92mINFO [0m:      
[92mINFO [0m:      [ROUND 33]
[92mINFO [0m:      configure_fit: strategy sampled 4 clients (out of 4)
[92mINFO [0m:      aggregate_fit: received 4 results and 0 failures
[92mINFO [0m:      configure_evaluate: strategy sampled 4 clients (out of 4)
[92mINFO [0m:      aggregate_evaluate: received 4 results and 0 failures

[DEBUG _get_metrics] res_item[1] has metrics attr: False
[DEBUG _get_metrics] res_item[1].__dict__: {'_check_key_fn': <function _check_key at 0x755feb1d4900>, '_check_value_fn': <function _check_value at 0x755fe09c89a0>, '_data': {'accuracy': 0.9904988408088684, 'loss': 0.00571457901969552, 'total_samples': 2105, 'actual_attack': 1622, 'actual_normal': 483, 'predicted_attack': 1626, 'predicted_normal': 479, 'true_positives': 1614, 'true_negatives': 471, 'false_positives': 12, 'false_negatives': 8, 'precision': 0.992619926199262, 'recall': 0.9950678175092479, 'f1_score': 0.9938423645320197}}
[DEBUG _get_metrics] res_item[1].keys(): ['accuracy', 'loss', 'total_samples', 'actual_attack', 'actual_normal', 'predicted_attack', 'predicted_normal', 'true_positives', 'true_negatives', 'false_positives', 'false_negatives', 'precision', 'recall', 'f1_score']
[DEBUG _get_metrics] Extracted from ConfigRecord._data
[DEBUG _get_metrics] res_item[1] type: ConfigRecord
[DEBUG _get_metrics] res_item[1] has metrics attr: False
[DEBUG _get_metrics] res_item[1].__dict__: {'_check_key_fn': <function _check_key at 0x755feb1d4900>, '_check_value_fn': <function _check_value at 0x755fe09c89a0>, '_data': {'accuracy': 0.9928673505783081, 'loss': 0.004530166741460562, 'total_samples': 2103, 'actual_attack': 1621, 'actual_normal': 482, 'predicted_attack': 1620, 'predicted_normal': 483, 'true_positives': 1613, 'true_negatives': 475, 'false_positives': 7, 'false_negatives': 8, 'precision': 0.995679012345679, 'recall': 0.9950647748303516, 'f1_score': 0.9953717988275222}}
[DEBUG _get_metrics] res_item[1].keys(): ['accuracy', 'loss', 'total_samples', 'actual_attack', 'actual_normal', 'predicted_attack', 'predicted_normal', 'true_positives', 'true_negatives', 'false_positives', 'false_negatives', 'precision', 'recall', 'f1_score']
[DEBUG _get_metrics] Extracted from ConfigRecord._data
[DEBUG] Extracted 4 metrics from results

[Evaluation Summary]
============================================================
Round: 31 / 60
Accuracy (mean):  0.9908  (99.08%)
Loss:             0.0050
[Per-Device Accuracy]
  - Device 0:  0.9900  (99.00%)
  - Device 1:  0.9900  (99.00%)
  - Device 2:  0.9905  (99.05%)
  - Device 3:  0.9929  (99.29%)

[Ground Truth]
  - Attack samples: 1621
  - Normal samples: 482
  - Total samples:  2103

[Predictions]
  - Predicted Attack:  1620
  - Predicted Normal:  483

[Confusion Matrix]
  - True Positives (TP):  1610
  - True Negatives (TN):  472
  - False Positives (FP): 10
  - False Negatives (FN): 11

[Metrics]
  - Precision:  0.9940  (99.40%)
  - Recall:     0.9941  (99.41%)
  - F1-Score:   0.9941  (99.41%)
============================================================

[DEBUG] evaluate_metrics_aggregation_fn called with 4 results
[DEBUG] results type: <class 'list'>
[DEBUG] First result type: <class 'tuple'>
[DEBUG] First result length: 2
[DEBUG] results[0][0] type: <class 'int'>
[DEBUG] results[0][1] type: <class 'flwr.app.message.configrecord.ConfigRecord'>
[DEBUG _get_metrics] res_item[1] type: ConfigRecord
[DEBUG _get_metrics] res_item[1] has metrics attr: False
[DEBUG _get_metrics] res_item[1].__dict__: {'_check_key_fn': <function _check_key at 0x755feb1d4900>, '_check_value_fn': <function _check_value at 0x755fe09c89a0>, '_data': {'accuracy': 0.9904897809028625, 'loss': 0.004848488140851259, 'total_samples': 2103, 'actual_attack': 1621, 'actual_normal': 482, 'predicted_attack': 1619, 'predicted_normal': 484, 'true_positives': 1610, 'true_negatives': 473, 'false_positives': 9, 'false_negatives': 11, 'precision': 0.9944410129709698, 'recall': 0.9932140653917335, 'f1_score': 0.9938271604938272}}
[DEBUG _get_metrics] res_item[1].keys(): ['accuracy', 'loss', 'total_samples', 'actual_attack', 'actual_normal', 'predicted_attack', 'predicted_normal', 'true_positives', 'true_negatives', 'false_positives', 'false_negatives', 'precision', 'recall', 'f1_score']
[DEBUG _get_metrics] Extracted from ConfigRecord._data
[DEBUG _get_metrics] res_item[1] type: ConfigRecord
[DEBUG _get_metrics] res_item[1] has metrics attr: False
[DEBUG _get_metrics] res_item[1].__dict__: {'_check_key_fn': <function _check_key at 0x755feb1d4900>, '_check_value_fn': <function _check_value at 0x755fe09c89a0>, '_data': {'accuracy': 0.9904988408088684, 'loss': 0.005625288002192974, 'total_samples': 2105, 'actual_attack': 1622, 'actual_normal': 483, 'predicted_attack': 1624, 'predicted_normal': 481, 'true_positives': 1613, 'true_negatives': 472, 'false_positives': 11, 'false_negatives': 9, 'precision': 0.9932266009852216, 'recall': 0.9944512946979038, 'f1_score': 0.9938385705483671}}
[DEBUG _get_metrics] res_item[1].keys(): ['accuracy', 'loss', 'total_samples', 'actual_attack', 'actual_normal', 'predicted_attack', 'predicted_normal', 'true_positives', 'true_negatives', 'false_positives', 'false_negatives', 'precision', 'recall', 'f1_score']
[DEBUG _get_metrics] Extracted from ConfigRecord._data
[DEBUG _get_metrics] res_item[1] type: ConfigRecord
[DEBUG _get_metrics] res_item[1] has metrics attr: False
[DEBUG _get_metrics] res_item[1].__dict__: {'_check_key_fn': <function _check_key at 0x755feb1d4900>, '_check_value_fn': <function _check_value at 0x755fe09c89a0>, '_data': {'accuracy': 0.9928673505783081, 'loss': 0.004447553306818008, 'total_samples': 2103, 'actual_attack': 1621, 'actual_normal': 482, 'predicted_attack': 1620, 'predicted_normal': 483, 'true_positives': 1613, 'true_negatives': 475, 'false_positives': 7, 'false_negatives': 8, 'precision': 0.995679012345679, 'recall': 0.9950647748303516, 'f1_score': 0.9953717988275222}}
[DEBUG _get_metrics] res_item[1].keys(): ['accuracy', 'loss', 'total_samples', 'actual_attack', 'actual_normal', 'predicted_attack', 'predicted_normal', 'true_positives', 'true_negatives', 'false_positives', 'false_negatives', 'precision', 'recall', 'f1_score']
[DEBUG _get_metrics] Extracted from ConfigRecord._data
[DEBUG _get_metrics] res_item[1] type: ConfigRecord
[DEBUG _get_metrics] res_item[1] has metrics attr: False
[DEBUG _get_metrics] res_item[1].__dict__: {'_check_key_fn': <function _check_key at 0x755feb1d4900>, '_check_value_fn': <function _check_value at 0x755fe09c89a0>, '_data': {'accuracy': 0.9904897809028625, 'loss': 0.004848488140851259, 'total_samples': 2103, 'actual_attack': 1621, 'actual_normal': 482, 'predicted_attack': 1619, 'predicted_normal': 484, 'true_positives': 1610, 'true_negatives': 473, 'false_positives': 9, 'false_negatives': 11, 'precision': 0.9944410129709698, 'recall': 0.9932140653917335, 'f1_score': 0.9938271604938272}}
[DEBUG _get_metrics] res_item[1].keys(): ['accuracy', 'loss', 'total_samples', 'actual_attack', 'actual_normal', 'predicted_attack', 'predicted_normal', 'true_positives', 'true_negatives', 'false_positives', 'false_negatives', 'precision', 'recall', 'f1_score']
[DEBUG _get_metrics] Extracted from ConfigRecord._data
[DEBUG] Extracted 4 metrics from results

[Evaluation Summary]
============================================================
Round: 32 / 60
Accuracy (mean):  0.9911  (99.11%)
Loss:             0.0049
[Per-Device Accuracy]
  - Device 0:  0.9905  (99.05%)
  - Device 1:  0.9905  (99.05%)
  - Device 2:  0.9929  (99.29%)
  - Device 3:  0.9905  (99.05%)

[Ground Truth]
  - Attack samples: 1621
  - Normal samples: 482
  - Total samples:  2103

[Predictions]
  - Predicted Attack:  1619
  - Predicted Normal:  484

[Confusion Matrix]
  - True Positives (TP):  1610
  - True Negatives (TN):  473
  - False Positives (FP): 9
  - False Negatives (FN): 11

[Metrics]
  - Precision:  0.9944  (99.44%)
  - Recall:     0.9940  (99.40%)
  - F1-Score:   0.9942  (99.42%)
============================================================

[36m(ClientAppActor pid=820728)[0m [Client 2] Class weights (smoothed): {0: 1.2942450559445926, 1: 0.7057549440554073}[32m [repeated 16x across cluster][0m
[DEBUG] evaluate_metrics_aggregation_fn called with 4 results
[DEBUG] results type: <class 'list'>
[DEBUG] First result type: <class 'tuple'>
[DEBUG] First result length: 2
[DEBUG] results[0][0] type: <class 'int'>
[DEBUG] results[0][1] type: <class 'flwr.app.message.configrecord.ConfigRecord'>
[DEBUG _get_metrics] res_item[1] type: ConfigRecord[92mINFO [0m:      
[92mINFO [0m:      [ROUND 34]
[92mINFO [0m:      configure_fit: strategy sampled 4 clients (out of 4)
[92mINFO [0m:      aggregate_fit: received 4 results and 0 failures
[92mINFO [0m:      configure_evaluate: strategy sampled 4 clients (out of 4)
[92mINFO [0m:      aggregate_evaluate: received 4 results and 0 failures

[DEBUG _get_metrics] res_item[1] has metrics attr: False
[DEBUG _get_metrics] res_item[1].__dict__: {'_check_key_fn': <function _check_key at 0x755feb1d4900>, '_check_value_fn': <function _check_value at 0x755fe09c89a0>, '_data': {'accuracy': 0.9904897809028625, 'loss': 0.0048089646734297276, 'total_samples': 2103, 'actual_attack': 1621, 'actual_normal': 482, 'predicted_attack': 1619, 'predicted_normal': 484, 'true_positives': 1610, 'true_negatives': 473, 'false_positives': 9, 'false_negatives': 11, 'precision': 0.9944410129709698, 'recall': 0.9932140653917335, 'f1_score': 0.9938271604938272}}
[DEBUG _get_metrics] res_item[1].keys(): ['accuracy', 'loss', 'total_samples', 'actual_attack', 'actual_normal', 'predicted_attack', 'predicted_normal', 'true_positives', 'true_negatives', 'false_positives', 'false_negatives', 'precision', 'recall', 'f1_score']
[DEBUG _get_metrics] Extracted from ConfigRecord._data
[DEBUG _get_metrics] res_item[1] type: ConfigRecord
[DEBUG _get_metrics] res_item[1] has metrics attr: False
[DEBUG _get_metrics] res_item[1].__dict__: {'_check_key_fn': <function _check_key at 0x755feb1d4900>, '_check_value_fn': <function _check_value at 0x755fe09c89a0>, '_data': {'accuracy': 0.9904897809028625, 'loss': 0.0048089646734297276, 'total_samples': 2103, 'actual_attack': 1621, 'actual_normal': 482, 'predicted_attack': 1619, 'predicted_normal': 484, 'true_positives': 1610, 'true_negatives': 473, 'false_positives': 9, 'false_negatives': 11, 'precision': 0.9944410129709698, 'recall': 0.9932140653917335, 'f1_score': 0.9938271604938272}}
[DEBUG _get_metrics] res_item[1].keys(): ['accuracy', 'loss', 'total_samples', 'actual_attack', 'actual_normal', 'predicted_attack', 'predicted_normal', 'true_positives', 'true_negatives', 'false_positives', 'false_negatives', 'precision', 'recall', 'f1_score']
[DEBUG _get_metrics] Extracted from ConfigRecord._data
[DEBUG _get_metrics] res_item[1] type: ConfigRecord
[DEBUG _get_metrics] res_item[1] has metrics attr: False
[DEBUG _get_metrics] res_item[1].__dict__: {'_check_key_fn': <function _check_key at 0x755feb1d4900>, '_check_value_fn': <function _check_value at 0x755fe09c89a0>, '_data': {'accuracy': 0.99239182472229, 'loss': 0.0044267005287110806, 'total_samples': 2103, 'actual_attack': 1621, 'actual_normal': 482, 'predicted_attack': 1619, 'predicted_normal': 484, 'true_positives': 1612, 'true_negatives': 475, 'false_positives': 7, 'false_negatives': 9, 'precision': 0.9956763434218654, 'recall': 0.9944478716841456, 'f1_score': 0.9950617283950618}}
[DEBUG _get_metrics] res_item[1].keys(): ['accuracy', 'loss', 'total_samples', 'actual_attack', 'actual_normal', 'predicted_attack', 'predicted_normal', 'true_positives', 'true_negatives', 'false_positives', 'false_negatives', 'precision', 'recall', 'f1_score']
[DEBUG _get_metrics] Extracted from ConfigRecord._data
[DEBUG _get_metrics] res_item[1] type: ConfigRecord
[DEBUG _get_metrics] res_item[1] has metrics attr: False
[DEBUG _get_metrics] res_item[1].__dict__: {'_check_key_fn': <function _check_key at 0x755feb1d4900>, '_check_value_fn': <function _check_value at 0x755fe09c89a0>, '_data': {'accuracy': 0.9904988408088684, 'loss': 0.005587090738117695, 'total_samples': 2105, 'actual_attack': 1622, 'actual_normal': 483, 'predicted_attack': 1624, 'predicted_normal': 481, 'true_positives': 1613, 'true_negatives': 472, 'false_positives': 11, 'false_negatives': 9, 'precision': 0.9932266009852216, 'recall': 0.9944512946979038, 'f1_score': 0.9938385705483671}}
[DEBUG _get_metrics] res_item[1].keys(): ['accuracy', 'loss', 'total_samples', 'actual_attack', 'actual_normal', 'predicted_attack', 'predicted_normal', 'true_positives', 'true_negatives', 'false_positives', 'false_negatives', 'precision', 'recall', 'f1_score']
[DEBUG _get_metrics] Extracted from ConfigRecord._data
[DEBUG] Extracted 4 metrics from results

[Evaluation Summary]
============================================================
Round: 33 / 60
Accuracy (mean):  0.9910  (99.10%)
Loss:             0.0049
[Per-Device Accuracy]
  - Device 0:  0.9905  (99.05%)
  - Device 1:  0.9905  (99.05%)
  - Device 2:  0.9924  (99.24%)
  - Device 3:  0.9905  (99.05%)

[Ground Truth]
  - Attack samples: 1621
  - Normal samples: 482
  - Total samples:  2103

[Predictions]
  - Predicted Attack:  1619
  - Predicted Normal:  484

[Confusion Matrix]
  - True Positives (TP):  1610
  - True Negatives (TN):  473
  - False Positives (FP): 9
  - False Negatives (FN): 11

[Metrics]
  - Precision:  0.9944  (99.44%)
  - Recall:     0.9938  (99.38%)
  - F1-Score:   0.9941  (99.41%)
============================================================

[DEBUG] evaluate_metrics_aggregation_fn called with 4 results
[DEBUG] results type: <class 'list'>
[DEBUG] First result type: <class 'tuple'>
[DEBUG] First result length: 2
[DEBUG] results[0][0] type: <class 'int'>
[DEBUG] results[0][1] type: <class 'flwr.app.message.configrecord.ConfigRecord'>
[DEBUG _get_metrics] res_item[1] type: ConfigRecord
[DEBUG _get_metrics] res_item[1] has metrics attr: False
[DEBUG _get_metrics] res_item[1].__dict__: {'_check_key_fn': <function _check_key at 0x755feb1d4900>, '_check_value_fn': <function _check_value at 0x755fe09c89a0>, '_data': {'accuracy': 0.9909738898277283, 'loss': 0.005559922661632299, 'total_samples': 2105, 'actual_attack': 1622, 'actual_normal': 483, 'predicted_attack': 1623, 'predicted_normal': 482, 'true_positives': 1613, 'true_negatives': 473, 'false_positives': 10, 'false_negatives': 9, 'precision': 0.9938385705483672, 'recall': 0.9944512946979038, 'f1_score': 0.9941448382126348}}
[DEBUG _get_metrics] res_item[1].keys(): ['accuracy', 'loss', 'total_samples', 'actual_attack', 'actual_normal', 'predicted_attack', 'predicted_normal', 'true_positives', 'true_negatives', 'false_positives', 'false_negatives', 'precision', 'recall', 'f1_score']
[DEBUG _get_metrics] Extracted from ConfigRecord._data
[DEBUG _get_metrics] res_item[1] type: ConfigRecord
[DEBUG _get_metrics] res_item[1] has metrics attr: False
[DEBUG _get_metrics] res_item[1].__dict__: {'_check_key_fn': <function _check_key at 0x755feb1d4900>, '_check_value_fn': <function _check_value at 0x755fe09c89a0>, '_data': {'accuracy': 0.99239182472229, 'loss': 0.004416102543473244, 'total_samples': 2103, 'actual_attack': 1621, 'actual_normal': 482, 'predicted_attack': 1619, 'predicted_normal': 484, 'true_positives': 1612, 'true_negatives': 475, 'false_positives': 7, 'false_negatives': 9, 'precision': 0.9956763434218654, 'recall': 0.9944478716841456, 'f1_score': 0.9950617283950618}}
[DEBUG _get_metrics] res_item[1].keys(): ['accuracy', 'loss', 'total_samples', 'actual_attack', 'actual_normal', 'predicted_attack', 'predicted_normal', 'true_positives', 'true_negatives', 'false_positives', 'false_negatives', 'precision', 'recall', 'f1_score']
[DEBUG _get_metrics] Extracted from ConfigRecord._data
[DEBUG _get_metrics] res_item[1] type: ConfigRecord
[DEBUG _get_metrics] res_item[1] has metrics attr: False
[DEBUG _get_metrics] res_item[1].__dict__: {'_check_key_fn': <function _check_key at 0x755feb1d4900>, '_check_value_fn': <function _check_value at 0x755fe09c89a0>, '_data': {'accuracy': 0.9904897809028625, 'loss': 0.004781181924045086, 'total_samples': 2103, 'actual_attack': 1621, 'actual_normal': 482, 'predicted_attack': 1619, 'predicted_normal': 484, 'true_positives': 1610, 'true_negatives': 473, 'false_positives': 9, 'false_negatives': 11, 'precision': 0.9944410129709698, 'recall': 0.9932140653917335, 'f1_score': 0.9938271604938272}}
[DEBUG _get_metrics] res_item[1].keys(): ['accuracy', 'loss', 'total_samples', 'actual_attack', 'actual_normal', 'predicted_attack', 'predicted_normal', 'true_positives', 'true_negatives', 'false_positives', 'false_negatives', 'precision', 'recall', 'f1_score']
[DEBUG _get_metrics] Extracted from ConfigRecord._data
[DEBUG _get_metrics] res_item[1] type: ConfigRecord
[DEBUG _get_metrics] res_item[1] has metrics attr: False
[DEBUG _get_metrics] res_item[1].__dict__: {'_check_key_fn': <function _check_key at 0x755feb1d4900>, '_check_value_fn': <function _check_value at 0x755fe09c89a0>, '_data': {'accuracy': 0.9904897809028625, 'loss': 0.004781181924045086, 'total_samples': 2103, 'actual_attack': 1621, 'actual_normal': 482, 'predicted_attack': 1619, 'predicted_normal': 484, 'true_positives': 1610, 'true_negatives': 473, 'false_positives': 9, 'false_negatives': 11, 'precision': 0.9944410129709698, 'recall': 0.9932140653917335, 'f1_score': 0.9938271604938272}}[92mINFO [0m:      
[92mINFO [0m:      [ROUND 35]
[92mINFO [0m:      configure_fit: strategy sampled 4 clients (out of 4)
[92mINFO [0m:      aggregate_fit: received 4 results and 0 failures
[92mINFO [0m:      configure_evaluate: strategy sampled 4 clients (out of 4)
[92mINFO [0m:      aggregate_evaluate: received 4 results and 0 failures
[92mINFO [0m:      
[92mINFO [0m:      [ROUND 36]
[92mINFO [0m:      configure_fit: strategy sampled 4 clients (out of 4)
[92mINFO [0m:      aggregate_fit: received 4 results and 0 failures
[92mINFO [0m:      configure_evaluate: strategy sampled 4 clients (out of 4)
[92mINFO [0m:      aggregate_evaluate: received 4 results and 0 failures

[DEBUG _get_metrics] res_item[1].keys(): ['accuracy', 'loss', 'total_samples', 'actual_attack', 'actual_normal', 'predicted_attack', 'predicted_normal', 'true_positives', 'true_negatives', 'false_positives', 'false_negatives', 'precision', 'recall', 'f1_score']
[DEBUG _get_metrics] Extracted from ConfigRecord._data
[DEBUG] Extracted 4 metrics from results

[Evaluation Summary]
============================================================
Round: 34 / 60
Accuracy (mean):  0.9911  (99.11%)
Loss:             0.0049
[Per-Device Accuracy]
  - Device 0:  0.9910  (99.10%)
  - Device 1:  0.9924  (99.24%)
  - Device 2:  0.9905  (99.05%)
  - Device 3:  0.9905  (99.05%)

[Ground Truth]
  - Attack samples: 1622
  - Normal samples: 483
  - Total samples:  2105

[Predictions]
  - Predicted Attack:  1623
  - Predicted Normal:  482

[Confusion Matrix]
  - True Positives (TP):  1613
  - True Negatives (TN):  473
  - False Positives (FP): 10
  - False Negatives (FN): 9

[Metrics]
  - Precision:  0.9946  (99.46%)
  - Recall:     0.9938  (99.38%)
  - F1-Score:   0.9942  (99.42%)
============================================================

[Round 35] Client contributions:
  Client samples: 18,931 (weight: 0.2500)
  Client samples: 18,931 (weight: 0.2500)
  Client samples: 18,931 (weight: 0.2500)
  Client samples: 18,932 (weight: 0.2500)
[36m(ClientAppActor pid=820728)[0m [Client 2] Class weights (smoothed): {0: 1.2942450559445926, 1: 0.7057549440554073}[32m [repeated 16x across cluster][0m
[DEBUG] evaluate_metrics_aggregation_fn called with 4 results
[DEBUG] results type: <class 'list'>
[DEBUG] First result type: <class 'tuple'>
[DEBUG] First result length: 2
[DEBUG] results[0][0] type: <class 'int'>
[DEBUG] results[0][1] type: <class 'flwr.app.message.configrecord.ConfigRecord'>
[DEBUG _get_metrics] res_item[1] type: ConfigRecord
[DEBUG _get_metrics] res_item[1] has metrics attr: False
[DEBUG _get_metrics] res_item[1].__dict__: {'_check_key_fn': <function _check_key at 0x755feb1d4900>, '_check_value_fn': <function _check_value at 0x755fe09c89a0>, '_data': {'accuracy': 0.9914489388465881, 'loss': 0.0055311378091573715, 'total_samples': 2105, 'actual_attack': 1622, 'actual_normal': 483, 'predicted_attack': 1624, 'predicted_normal': 481, 'true_positives': 1614, 'true_negatives': 473, 'false_positives': 10, 'false_negatives': 8, 'precision': 0.9938423645320197, 'recall': 0.9950678175092479, 'f1_score': 0.9944547134935305}}
[DEBUG _get_metrics] res_item[1].keys(): ['accuracy', 'loss', 'total_samples', 'actual_attack', 'actual_normal', 'predicted_attack', 'predicted_normal', 'true_positives', 'true_negatives', 'false_positives', 'false_negatives', 'precision', 'recall', 'f1_score']
[DEBUG _get_metrics] Extracted from ConfigRecord._data
[DEBUG _get_metrics] res_item[1] type: ConfigRecord
[DEBUG _get_metrics] res_item[1] has metrics attr: False
[DEBUG _get_metrics] res_item[1].__dict__: {'_check_key_fn': <function _check_key at 0x755feb1d4900>, '_check_value_fn': <function _check_value at 0x755fe09c89a0>, '_data': {'accuracy': 0.9904897809028625, 'loss': 0.004775063134729862, 'total_samples': 2103, 'actual_attack': 1621, 'actual_normal': 482, 'predicted_attack': 1619, 'predicted_normal': 484, 'true_positives': 1610, 'true_negatives': 473, 'false_positives': 9, 'false_negatives': 11, 'precision': 0.9944410129709698, 'recall': 0.9932140653917335, 'f1_score': 0.9938271604938272}}
[DEBUG _get_metrics] res_item[1].keys(): ['accuracy', 'loss', 'total_samples', 'actual_attack', 'actual_normal', 'predicted_attack', 'predicted_normal', 'true_positives', 'true_negatives', 'false_positives', 'false_negatives', 'precision', 'recall', 'f1_score']
[DEBUG _get_metrics] Extracted from ConfigRecord._data
[DEBUG _get_metrics] res_item[1] type: ConfigRecord
[DEBUG _get_metrics] res_item[1] has metrics attr: False
[DEBUG _get_metrics] res_item[1].__dict__: {'_check_key_fn': <function _check_key at 0x755feb1d4900>, '_check_value_fn': <function _check_value at 0x755fe09c89a0>, '_data': {'accuracy': 0.9904897809028625, 'loss': 0.004775063134729862, 'total_samples': 2103, 'actual_attack': 1621, 'actual_normal': 482, 'predicted_attack': 1619, 'predicted_normal': 484, 'true_positives': 1610, 'true_negatives': 473, 'false_positives': 9, 'false_negatives': 11, 'precision': 0.9944410129709698, 'recall': 0.9932140653917335, 'f1_score': 0.9938271604938272}}
[DEBUG _get_metrics] res_item[1].keys(): ['accuracy', 'loss', 'total_samples', 'actual_attack', 'actual_normal', 'predicted_attack', 'predicted_normal', 'true_positives', 'true_negatives', 'false_positives', 'false_negatives', 'precision', 'recall', 'f1_score']
[DEBUG _get_metrics] Extracted from ConfigRecord._data
[DEBUG _get_metrics] res_item[1] type: ConfigRecord
[DEBUG _get_metrics] res_item[1] has metrics attr: False
[DEBUG _get_metrics] res_item[1].__dict__: {'_check_key_fn': <function _check_key at 0x755feb1d4900>, '_check_value_fn': <function _check_value at 0x755fe09c89a0>, '_data': {'accuracy': 0.99239182472229, 'loss': 0.004408418666571379, 'total_samples': 2103, 'actual_attack': 1621, 'actual_normal': 482, 'predicted_attack': 1619, 'predicted_normal': 484, 'true_positives': 1612, 'true_negatives': 475, 'false_positives': 7, 'false_negatives': 9, 'precision': 0.9956763434218654, 'recall': 0.9944478716841456, 'f1_score': 0.9950617283950618}}
[DEBUG _get_metrics] res_item[1].keys(): ['accuracy', 'loss', 'total_samples', 'actual_attack', 'actual_normal', 'predicted_attack', 'predicted_normal', 'true_positives', 'true_negatives', 'false_positives', 'false_negatives', 'precision', 'recall', 'f1_score']
[DEBUG _get_metrics] Extracted from ConfigRecord._data
[DEBUG] Extracted 4 metrics from results

[Evaluation Summary]
============================================================
Round: 35 / 60
Accuracy (mean):  0.9912  (99.12%)
Loss:             0.0049
[Per-Device Accuracy]
  - Device 0:  0.9914  (99.14%)
  - Device 1:  0.9905  (99.05%)
  - Device 2:  0.9905  (99.05%)
  - Device 3:  0.9924  (99.24%)

[Ground Truth]
  - Attack samples: 1622
  - Normal samples: 483
  - Total samples:  2105

[Predictions]
  - Predicted Attack:  1624
  - Predicted Normal:  481

[Confusion Matrix]
  - True Positives (TP):  1614
  - True Negatives (TN):  473
  - False Positives (FP): 10
  - False Negatives (FN): 8

[Metrics]
  - Precision:  0.9946  (99.46%)
  - Recall:     0.9940  (99.40%)
  - F1-Score:   0.9943  (99.43%)
============================================================

[DEBUG] evaluate_metrics_aggregation_fn called with 4 results
[DEBUG] results type: <class 'list'>
[DEBUG] First result type: <class 'tuple'>
[DEBUG] First result length: 2
[DEBUG] results[0][0] type: <class 'int'>
[DEBUG] results[0][1] type: <class 'flwr.app.message.configrecord.ConfigRecord'>
[DEBUG _get_metrics] res_item[1] type: ConfigRecord
[DEBUG _get_metrics] res_item[1] has metrics attr: False
[DEBUG _get_metrics] res_item[1].__dict__: {'_check_key_fn': <function _check_key at 0x755feb1d4900>, '_check_value_fn': <function _check_value at 0x755fe09c89a0>, '_data': {'accuracy': 0.991923987865448, 'loss': 0.005556801334023476, 'total_samples': 2105, 'actual_attack': 1622, 'actual_normal': 483, 'predicted_attack': 1625, 'predicted_normal': 480, 'true_positives': 1615, 'true_negatives': 473, 'false_positives': 10, 'false_negatives': 7, 'precision': 0.9938461538461538, 'recall': 0.9956843403205918, 'f1_score': 0.9947643979057592}}
[DEBUG _get_metrics] res_item[1].keys(): ['accuracy', 'loss', 'total_samples', 'actual_attack', 'actual_normal', 'predicted_attack', 'predicted_normal', 'true_positives', 'true_negatives', 'false_positives', 'false_negatives', 'precision', 'recall', 'f1_score']
[DEBUG _get_metrics] Extracted from ConfigRecord._data
[DEBUG _get_metrics] res_item[1] type: ConfigRecord
[DEBUG _get_metrics] res_item[1] has metrics attr: False
[DEBUG _get_metrics] res_item[1].__dict__: {'_check_key_fn': <function _check_key at 0x755feb1d4900>, '_check_value_fn': <function _check_value at 0x755fe09c89a0>, '_data': {'accuracy': 0.9914407730102539, 'loss': 0.004804209340363741, 'total_samples': 2103, 'actual_attack': 1621, 'actual_normal': 482, 'predicted_attack': 1619, 'predicted_normal': 484, 'true_positives': 1611, 'true_negatives': 474, 'false_positives': 8, 'false_negatives': 10, 'precision': 0.9950586781964176, 'recall': 0.9938309685379395, 'f1_score': 0.9944444444444445}}[92mINFO [0m:      
[92mINFO [0m:      [ROUND 37]
[92mINFO [0m:      configure_fit: strategy sampled 4 clients (out of 4)
[92mINFO [0m:      aggregate_fit: received 4 results and 0 failures
[92mINFO [0m:      configure_evaluate: strategy sampled 4 clients (out of 4)
[92mINFO [0m:      aggregate_evaluate: received 4 results and 0 failures

[DEBUG _get_metrics] res_item[1].keys(): ['accuracy', 'loss', 'total_samples', 'actual_attack', 'actual_normal', 'predicted_attack', 'predicted_normal', 'true_positives', 'true_negatives', 'false_positives', 'false_negatives', 'precision', 'recall', 'f1_score']
[DEBUG _get_metrics] Extracted from ConfigRecord._data
[DEBUG _get_metrics] res_item[1] type: ConfigRecord
[DEBUG _get_metrics] res_item[1] has metrics attr: False
[DEBUG _get_metrics] res_item[1].__dict__: {'_check_key_fn': <function _check_key at 0x755feb1d4900>, '_check_value_fn': <function _check_value at 0x755fe09c89a0>, '_data': {'accuracy': 0.99239182472229, 'loss': 0.004453805275261402, 'total_samples': 2103, 'actual_attack': 1621, 'actual_normal': 482, 'predicted_attack': 1619, 'predicted_normal': 484, 'true_positives': 1612, 'true_negatives': 475, 'false_positives': 7, 'false_negatives': 9, 'precision': 0.9956763434218654, 'recall': 0.9944478716841456, 'f1_score': 0.9950617283950618}}
[DEBUG _get_metrics] res_item[1].keys(): ['accuracy', 'loss', 'total_samples', 'actual_attack', 'actual_normal', 'predicted_attack', 'predicted_normal', 'true_positives', 'true_negatives', 'false_positives', 'false_negatives', 'precision', 'recall', 'f1_score']
[DEBUG _get_metrics] Extracted from ConfigRecord._data
[DEBUG _get_metrics] res_item[1] type: ConfigRecord
[DEBUG _get_metrics] res_item[1] has metrics attr: False
[DEBUG _get_metrics] res_item[1].__dict__: {'_check_key_fn': <function _check_key at 0x755feb1d4900>, '_check_value_fn': <function _check_value at 0x755fe09c89a0>, '_data': {'accuracy': 0.9914407730102539, 'loss': 0.004804209340363741, 'total_samples': 2103, 'actual_attack': 1621, 'actual_normal': 482, 'predicted_attack': 1619, 'predicted_normal': 484, 'true_positives': 1611, 'true_negatives': 474, 'false_positives': 8, 'false_negatives': 10, 'precision': 0.9950586781964176, 'recall': 0.9938309685379395, 'f1_score': 0.9944444444444445}}
[DEBUG _get_metrics] res_item[1].keys(): ['accuracy', 'loss', 'total_samples', 'actual_attack', 'actual_normal', 'predicted_attack', 'predicted_normal', 'true_positives', 'true_negatives', 'false_positives', 'false_negatives', 'precision', 'recall', 'f1_score']
[DEBUG _get_metrics] Extracted from ConfigRecord._data
[DEBUG] Extracted 4 metrics from results

[Evaluation Summary]
============================================================
Round: 36 / 60
Accuracy (mean):  0.9918  (99.18%)
Loss:             0.0049
[Per-Device Accuracy]
  - Device 0:  0.9919  (99.19%)
  - Device 1:  0.9914  (99.14%)
  - Device 2:  0.9924  (99.24%)
  - Device 3:  0.9914  (99.14%)

[Ground Truth]
  - Attack samples: 1622
  - Normal samples: 483
  - Total samples:  2105

[Predictions]
  - Predicted Attack:  1625
  - Predicted Normal:  480

[Confusion Matrix]
  - True Positives (TP):  1615
  - True Negatives (TN):  473
  - False Positives (FP): 10
  - False Negatives (FN): 7

[Metrics]
  - Precision:  0.9949  (99.49%)
  - Recall:     0.9944  (99.44%)
  - F1-Score:   0.9947  (99.47%)
============================================================

[36m(ClientAppActor pid=820720)[0m [Client 3] Class weights (smoothed): {0: 1.2942450559445926, 1: 0.7057549440554073}[32m [repeated 16x across cluster][0m
[DEBUG] evaluate_metrics_aggregation_fn called with 4 results
[DEBUG] results type: <class 'list'>
[DEBUG] First result type: <class 'tuple'>
[DEBUG] First result length: 2
[DEBUG] results[0][0] type: <class 'int'>
[DEBUG] results[0][1] type: <class 'flwr.app.message.configrecord.ConfigRecord'>
[DEBUG _get_metrics] res_item[1] type: ConfigRecord
[DEBUG _get_metrics] res_item[1] has metrics attr: False
[DEBUG _get_metrics] res_item[1].__dict__: {'_check_key_fn': <function _check_key at 0x755feb1d4900>, '_check_value_fn': <function _check_value at 0x755fe09c89a0>, '_data': {'accuracy': 0.9914407730102539, 'loss': 0.004836327861994505, 'total_samples': 2103, 'actual_attack': 1621, 'actual_normal': 482, 'predicted_attack': 1619, 'predicted_normal': 484, 'true_positives': 1611, 'true_negatives': 474, 'false_positives': 8, 'false_negatives': 10, 'precision': 0.9950586781964176, 'recall': 0.9938309685379395, 'f1_score': 0.9944444444444445}}
[DEBUG _get_metrics] res_item[1].keys(): ['accuracy', 'loss', 'total_samples', 'actual_attack', 'actual_normal', 'predicted_attack', 'predicted_normal', 'true_positives', 'true_negatives', 'false_positives', 'false_negatives', 'precision', 'recall', 'f1_score']
[DEBUG _get_metrics] Extracted from ConfigRecord._data
[DEBUG _get_metrics] res_item[1] type: ConfigRecord
[DEBUG _get_metrics] res_item[1] has metrics attr: False
[DEBUG _get_metrics] res_item[1].__dict__: {'_check_key_fn': <function _check_key at 0x755feb1d4900>, '_check_value_fn': <function _check_value at 0x755fe09c89a0>, '_data': {'accuracy': 0.9914407730102539, 'loss': 0.004836327861994505, 'total_samples': 2103, 'actual_attack': 1621, 'actual_normal': 482, 'predicted_attack': 1619, 'predicted_normal': 484, 'true_positives': 1611, 'true_negatives': 474, 'false_positives': 8, 'false_negatives': 10, 'precision': 0.9950586781964176, 'recall': 0.9938309685379395, 'f1_score': 0.9944444444444445}}
[DEBUG _get_metrics] res_item[1].keys(): ['accuracy', 'loss', 'total_samples', 'actual_attack', 'actual_normal', 'predicted_attack', 'predicted_normal', 'true_positives', 'true_negatives', 'false_positives', 'false_negatives', 'precision', 'recall', 'f1_score']
[DEBUG _get_metrics] Extracted from ConfigRecord._data
[DEBUG _get_metrics] res_item[1] type: ConfigRecord
[DEBUG _get_metrics] res_item[1] has metrics attr: False
[DEBUG _get_metrics] res_item[1].__dict__: {'_check_key_fn': <function _check_key at 0x755feb1d4900>, '_check_value_fn': <function _check_value at 0x755fe09c89a0>, '_data': {'accuracy': 0.99239182472229, 'loss': 0.004494497086852789, 'total_samples': 2103, 'actual_attack': 1621, 'actual_normal': 482, 'predicted_attack': 1619, 'predicted_normal': 484, 'true_positives': 1612, 'true_negatives': 475, 'false_positives': 7, 'false_negatives': 9, 'precision': 0.9956763434218654, 'recall': 0.9944478716841456, 'f1_score': 0.9950617283950618}}
[DEBUG _get_metrics] res_item[1].keys(): ['accuracy', 'loss', 'total_samples', 'actual_attack', 'actual_normal', 'predicted_attack', 'predicted_normal', 'true_positives', 'true_negatives', 'false_positives', 'false_negatives', 'precision', 'recall', 'f1_score']
[DEBUG _get_metrics] Extracted from ConfigRecord._data
[DEBUG _get_metrics] res_item[1] type: ConfigRecord
[DEBUG _get_metrics] res_item[1] has metrics attr: False
[DEBUG _get_metrics] res_item[1].__dict__: {'_check_key_fn': <function _check_key at 0x755feb1d4900>, '_check_value_fn': <function _check_value at 0x755fe09c89a0>, '_data': {'accuracy': 0.9914489388465881, 'loss': 0.00558061758056283, 'total_samples': 2105, 'actual_attack': 1622, 'actual_normal': 483, 'predicted_attack': 1624, 'predicted_normal': 481, 'true_positives': 1614, 'true_negatives': 473, 'false_positives': 10, 'false_negatives': 8, 'precision': 0.9938423645320197, 'recall': 0.9950678175092479, 'f1_score': 0.9944547134935305}}
[DEBUG _get_metrics] res_item[1].keys(): ['accuracy', 'loss', 'total_samples', 'actual_attack', 'actual_normal', 'predicted_attack', 'predicted_normal', 'true_positives', 'true_negatives', 'false_positives', 'false_negatives', 'precision', 'recall', 'f1_score']
[DEBUG _get_metrics] Extracted from ConfigRecord._data
[DEBUG] Extracted 4 metrics from results

[Evaluation Summary]
============================================================
Round: 37 / 60
Accuracy (mean):  0.9917  (99.17%)
Loss:             0.0049
[Per-Device Accuracy]
  - Device 0:  0.9914  (99.14%)
  - Device 1:  0.9914  (99.14%)
  - Device 2:  0.9924  (99.24%)
  - Device 3:  0.9914  (99.14%)

[Ground Truth]
  - Attack samples: 1621
  - Normal samples: 482
  - Total samples:  2103

[Predictions]
  - Predicted Attack:  1619
  - Predicted Normal:  484

[Confusion Matrix]
  - True Positives (TP):  1611
  - True Negatives (TN):  474
  - False Positives (FP): 8
  - False Negatives (FN): 10

[Metrics]
  - Precision:  0.9949  (99.49%)
  - Recall:     0.9943  (99.43%)
  - F1-Score:   0.9946  (99.46%)
============================================================
[92mINFO [0m:      
[92mINFO [0m:      [ROUND 38]
[92mINFO [0m:      configure_fit: strategy sampled 4 clients (out of 4)
[92mINFO [0m:      aggregate_fit: received 4 results and 0 failures
[92mINFO [0m:      configure_evaluate: strategy sampled 4 clients (out of 4)
[92mINFO [0m:      aggregate_evaluate: received 4 results and 0 failures
[92mINFO [0m:      
[92mINFO [0m:      [ROUND 39]
[92mINFO [0m:      configure_fit: strategy sampled 4 clients (out of 4)
[92mINFO [0m:      aggregate_fit: received 4 results and 0 failures
[92mINFO [0m:      configure_evaluate: strategy sampled 4 clients (out of 4)
[92mINFO [0m:      aggregate_evaluate: received 4 results and 0 failures

[DEBUG] evaluate_metrics_aggregation_fn called with 4 results
[DEBUG] results type: <class 'list'>
[DEBUG] First result type: <class 'tuple'>
[DEBUG] First result length: 2
[DEBUG] results[0][0] type: <class 'int'>
[DEBUG] results[0][1] type: <class 'flwr.app.message.configrecord.ConfigRecord'>
[DEBUG _get_metrics] res_item[1] type: ConfigRecord
[DEBUG _get_metrics] res_item[1] has metrics attr: False
[DEBUG _get_metrics] res_item[1].__dict__: {'_check_key_fn': <function _check_key at 0x755feb1d4900>, '_check_value_fn': <function _check_value at 0x755fe09c89a0>, '_data': {'accuracy': 0.991916298866272, 'loss': 0.004848544951528311, 'total_samples': 2103, 'actual_attack': 1621, 'actual_normal': 482, 'predicted_attack': 1620, 'predicted_normal': 483, 'true_positives': 1612, 'true_negatives': 474, 'false_positives': 8, 'false_negatives': 9, 'precision': 0.9950617283950617, 'recall': 0.9944478716841456, 'f1_score': 0.9947547053378588}}
[DEBUG _get_metrics] res_item[1].keys(): ['accuracy', 'loss', 'total_samples', 'actual_attack', 'actual_normal', 'predicted_attack', 'predicted_normal', 'true_positives', 'true_negatives', 'false_positives', 'false_negatives', 'precision', 'recall', 'f1_score']
[DEBUG _get_metrics] Extracted from ConfigRecord._data
[DEBUG _get_metrics] res_item[1] type: ConfigRecord
[DEBUG _get_metrics] res_item[1] has metrics attr: False
[DEBUG _get_metrics] res_item[1].__dict__: {'_check_key_fn': <function _check_key at 0x755feb1d4900>, '_check_value_fn': <function _check_value at 0x755fe09c89a0>, '_data': {'accuracy': 0.991916298866272, 'loss': 0.004848544951528311, 'total_samples': 2103, 'actual_attack': 1621, 'actual_normal': 482, 'predicted_attack': 1620, 'predicted_normal': 483, 'true_positives': 1612, 'true_negatives': 474, 'false_positives': 8, 'false_negatives': 9, 'precision': 0.9950617283950617, 'recall': 0.9944478716841456, 'f1_score': 0.9947547053378588}}
[DEBUG _get_metrics] res_item[1].keys(): ['accuracy', 'loss', 'total_samples', 'actual_attack', 'actual_normal', 'predicted_attack', 'predicted_normal', 'true_positives', 'true_negatives', 'false_positives', 'false_negatives', 'precision', 'recall', 'f1_score']
[DEBUG _get_metrics] Extracted from ConfigRecord._data
[DEBUG _get_metrics] res_item[1] type: ConfigRecord
[DEBUG _get_metrics] res_item[1] has metrics attr: False
[DEBUG _get_metrics] res_item[1].__dict__: {'_check_key_fn': <function _check_key at 0x755feb1d4900>, '_check_value_fn': <function _check_value at 0x755fe09c89a0>, '_data': {'accuracy': 0.991923987865448, 'loss': 0.005581040401011705, 'total_samples': 2105, 'actual_attack': 1622, 'actual_normal': 483, 'predicted_attack': 1623, 'predicted_normal': 482, 'true_positives': 1614, 'true_negatives': 474, 'false_positives': 9, 'false_negatives': 8, 'precision': 0.9944547134935305, 'recall': 0.9950678175092479, 'f1_score': 0.9947611710323575}}
[DEBUG _get_metrics] res_item[1].keys(): ['accuracy', 'loss', 'total_samples', 'actual_attack', 'actual_normal', 'predicted_attack', 'predicted_normal', 'true_positives', 'true_negatives', 'false_positives', 'false_negatives', 'precision', 'recall', 'f1_score']
[DEBUG _get_metrics] Extracted from ConfigRecord._data
[DEBUG _get_metrics] res_item[1] type: ConfigRecord
[DEBUG _get_metrics] res_item[1] has metrics attr: False
[DEBUG _get_metrics] res_item[1].__dict__: {'_check_key_fn': <function _check_key at 0x755feb1d4900>, '_check_value_fn': <function _check_value at 0x755fe09c89a0>, '_data': {'accuracy': 0.99239182472229, 'loss': 0.004516621585935354, 'total_samples': 2103, 'actual_attack': 1621, 'actual_normal': 482, 'predicted_attack': 1619, 'predicted_normal': 484, 'true_positives': 1612, 'true_negatives': 475, 'false_positives': 7, 'false_negatives': 9, 'precision': 0.9956763434218654, 'recall': 0.9944478716841456, 'f1_score': 0.9950617283950618}}
[DEBUG _get_metrics] res_item[1].keys(): ['accuracy', 'loss', 'total_samples', 'actual_attack', 'actual_normal', 'predicted_attack', 'predicted_normal', 'true_positives', 'true_negatives', 'false_positives', 'false_negatives', 'precision', 'recall', 'f1_score']
[DEBUG _get_metrics] Extracted from ConfigRecord._data
[DEBUG] Extracted 4 metrics from results

[Evaluation Summary]
============================================================
Round: 38 / 60
Accuracy (mean):  0.9920  (99.20%)
Loss:             0.0049
[Per-Device Accuracy]
  - Device 0:  0.9919  (99.19%)
  - Device 1:  0.9919  (99.19%)
  - Device 2:  0.9919  (99.19%)
  - Device 3:  0.9924  (99.24%)

[Ground Truth]
  - Attack samples: 1621
  - Normal samples: 482
  - Total samples:  2103

[Predictions]
  - Predicted Attack:  1620
  - Predicted Normal:  483

[Confusion Matrix]
  - True Positives (TP):  1612
  - True Negatives (TN):  474
  - False Positives (FP): 8
  - False Negatives (FN): 9

[Metrics]
  - Precision:  0.9951  (99.51%)
  - Recall:     0.9946  (99.46%)
  - F1-Score:   0.9948  (99.48%)
============================================================

[36m(ClientAppActor pid=820728)[0m [Client 2] Class weights (smoothed): {0: 1.2942450559445926, 1: 0.7057549440554073}[32m [repeated 16x across cluster][0m
[DEBUG] evaluate_metrics_aggregation_fn called with 4 results
[DEBUG] results type: <class 'list'>
[DEBUG] First result type: <class 'tuple'>
[DEBUG] First result length: 2
[DEBUG] results[0][0] type: <class 'int'>
[DEBUG] results[0][1] type: <class 'flwr.app.message.configrecord.ConfigRecord'>
[DEBUG _get_metrics] res_item[1] type: ConfigRecord
[DEBUG _get_metrics] res_item[1] has metrics attr: False
[DEBUG _get_metrics] res_item[1].__dict__: {'_check_key_fn': <function _check_key at 0x755feb1d4900>, '_check_value_fn': <function _check_value at 0x755fe09c89a0>, '_data': {'accuracy': 0.99239182472229, 'loss': 0.004856209270656109, 'total_samples': 2103, 'actual_attack': 1621, 'actual_normal': 482, 'predicted_attack': 1621, 'predicted_normal': 482, 'true_positives': 1613, 'true_negatives': 474, 'false_positives': 8, 'false_negatives': 8, 'precision': 0.9950647748303516, 'recall': 0.9950647748303516, 'f1_score': 0.9950647748303516}}
[DEBUG _get_metrics] res_item[1].keys(): ['accuracy', 'loss', 'total_samples', 'actual_attack', 'actual_normal', 'predicted_attack', 'predicted_normal', 'true_positives', 'true_negatives', 'false_positives', 'false_negatives', 'precision', 'recall', 'f1_score']
[DEBUG _get_metrics] Extracted from ConfigRecord._data
[DEBUG _get_metrics] res_item[1] type: ConfigRecord
[DEBUG _get_metrics] res_item[1] has metrics attr: False
[DEBUG _get_metrics] res_item[1].__dict__: {'_check_key_fn': <function _check_key at 0x755feb1d4900>, '_check_value_fn': <function _check_value at 0x755fe09c89a0>, '_data': {'accuracy': 0.9928673505783081, 'loss': 0.004514444153755903, 'total_samples': 2103, 'actual_attack': 1621, 'actual_normal': 482, 'predicted_attack': 1620, 'predicted_normal': 483, 'true_positives': 1613, 'true_negatives': 475, 'false_positives': 7, 'false_negatives': 8, 'precision': 0.995679012345679, 'recall': 0.9950647748303516, 'f1_score': 0.9953717988275222}}
[DEBUG _get_metrics] res_item[1].keys(): ['accuracy', 'loss', 'total_samples', 'actual_attack', 'actual_normal', 'predicted_attack', 'predicted_normal', 'true_positives', 'true_negatives', 'false_positives', 'false_negatives', 'precision', 'recall', 'f1_score']
[DEBUG _get_metrics] Extracted from ConfigRecord._data
[DEBUG _get_metrics] res_item[1] type: ConfigRecord
[DEBUG _get_metrics] res_item[1] has metrics attr: False
[DEBUG _get_metrics] res_item[1].__dict__: {'_check_key_fn': <function _check_key at 0x755feb1d4900>, '_check_value_fn': <function _check_value at 0x755fe09c89a0>, '_data': {'accuracy': 0.9914489388465881, 'loss': 0.005567718762904406, 'total_samples': 2105, 'actual_attack': 1622, 'actual_normal': 483, 'predicted_attack': 1622, 'predicted_normal': 483, 'true_positives': 1613, 'true_negatives': 474, 'false_positives': 9, 'false_negatives': 9, 'precision': 0.9944512946979038, 'recall': 0.9944512946979038, 'f1_score': 0.9944512946979038}}
[DEBUG _get_metrics] res_item[1].keys(): ['accuracy', 'loss', 'total_samples', 'actual_attack', 'actual_normal', 'predicted_attack', 'predicted_normal', 'true_positives', 'true_negatives', 'false_positives', 'false_negatives', 'precision', 'recall', 'f1_score'][92mINFO [0m:      
[92mINFO [0m:      [ROUND 40]
[92mINFO [0m:      configure_fit: strategy sampled 4 clients (out of 4)
[92mINFO [0m:      aggregate_fit: received 4 results and 0 failures
[92mINFO [0m:      configure_evaluate: strategy sampled 4 clients (out of 4)
[92mINFO [0m:      aggregate_evaluate: received 4 results and 0 failures
[92mINFO [0m:      
[92mINFO [0m:      [ROUND 41]
[92mINFO [0m:      configure_fit: strategy sampled 4 clients (out of 4)
[92mINFO [0m:      aggregate_fit: received 4 results and 0 failures
[92mINFO [0m:      configure_evaluate: strategy sampled 4 clients (out of 4)
[92mINFO [0m:      aggregate_evaluate: received 4 results and 0 failures

[DEBUG _get_metrics] Extracted from ConfigRecord._data
[DEBUG _get_metrics] res_item[1] type: ConfigRecord
[DEBUG _get_metrics] res_item[1] has metrics attr: False
[DEBUG _get_metrics] res_item[1].__dict__: {'_check_key_fn': <function _check_key at 0x755feb1d4900>, '_check_value_fn': <function _check_value at 0x755fe09c89a0>, '_data': {'accuracy': 0.99239182472229, 'loss': 0.004856209270656109, 'total_samples': 2103, 'actual_attack': 1621, 'actual_normal': 482, 'predicted_attack': 1621, 'predicted_normal': 482, 'true_positives': 1613, 'true_negatives': 474, 'false_positives': 8, 'false_negatives': 8, 'precision': 0.9950647748303516, 'recall': 0.9950647748303516, 'f1_score': 0.9950647748303516}}
[DEBUG _get_metrics] res_item[1].keys(): ['accuracy', 'loss', 'total_samples', 'actual_attack', 'actual_normal', 'predicted_attack', 'predicted_normal', 'true_positives', 'true_negatives', 'false_positives', 'false_negatives', 'precision', 'recall', 'f1_score']
[DEBUG _get_metrics] Extracted from ConfigRecord._data
[DEBUG] Extracted 4 metrics from results

[Evaluation Summary]
============================================================
Round: 39 / 60
Accuracy (mean):  0.9923  (99.23%)
Loss:             0.0049
[Per-Device Accuracy]
  - Device 0:  0.9924  (99.24%)
  - Device 1:  0.9929  (99.29%)
  - Device 2:  0.9914  (99.14%)
  - Device 3:  0.9924  (99.24%)

[Ground Truth]
  - Attack samples: 1621
  - Normal samples: 482
  - Total samples:  2103

[Predictions]
  - Predicted Attack:  1621
  - Predicted Normal:  482

[Confusion Matrix]
  - True Positives (TP):  1613
  - True Negatives (TN):  474
  - False Positives (FP): 8
  - False Negatives (FN): 8

[Metrics]
  - Precision:  0.9951  (99.51%)
  - Recall:     0.9949  (99.49%)
  - F1-Score:   0.9950  (99.50%)
============================================================

[Round 40] Client contributions:
  Client samples: 18,931 (weight: 0.2500)
  Client samples: 18,932 (weight: 0.2500)
  Client samples: 18,931 (weight: 0.2500)
  Client samples: 18,931 (weight: 0.2500)
[DEBUG] evaluate_metrics_aggregation_fn called with 4 results
[DEBUG] results type: <class 'list'>
[DEBUG] First result type: <class 'tuple'>
[DEBUG] First result length: 2
[DEBUG] results[0][0] type: <class 'int'>
[DEBUG] results[0][1] type: <class 'flwr.app.message.configrecord.ConfigRecord'>
[DEBUG _get_metrics] res_item[1] type: ConfigRecord
[DEBUG _get_metrics] res_item[1] has metrics attr: False
[DEBUG _get_metrics] res_item[1].__dict__: {'_check_key_fn': <function _check_key at 0x755feb1d4900>, '_check_value_fn': <function _check_value at 0x755fe09c89a0>, '_data': {'accuracy': 0.991923987865448, 'loss': 0.0055287983268499374, 'total_samples': 2105, 'actual_attack': 1622, 'actual_normal': 483, 'predicted_attack': 1621, 'predicted_normal': 484, 'true_positives': 1613, 'true_negatives': 475, 'false_positives': 8, 'false_negatives': 9, 'precision': 0.9950647748303516, 'recall': 0.9944512946979038, 'f1_score': 0.9947579401788468}}
[DEBUG _get_metrics] res_item[1].keys(): ['accuracy', 'loss', 'total_samples', 'actual_attack', 'actual_normal', 'predicted_attack', 'predicted_normal', 'true_positives', 'true_negatives', 'false_positives', 'false_negatives', 'precision', 'recall', 'f1_score']
[DEBUG _get_metrics] Extracted from ConfigRecord._data
[DEBUG _get_metrics] res_item[1] type: ConfigRecord
[DEBUG _get_metrics] res_item[1] has metrics attr: False
[DEBUG _get_metrics] res_item[1].__dict__: {'_check_key_fn': <function _check_key at 0x755feb1d4900>, '_check_value_fn': <function _check_value at 0x755fe09c89a0>, '_data': {'accuracy': 0.99239182472229, 'loss': 0.004819267429411411, 'total_samples': 2103, 'actual_attack': 1621, 'actual_normal': 482, 'predicted_attack': 1621, 'predicted_normal': 482, 'true_positives': 1613, 'true_negatives': 474, 'false_positives': 8, 'false_negatives': 8, 'precision': 0.9950647748303516, 'recall': 0.9950647748303516, 'f1_score': 0.9950647748303516}}
[DEBUG _get_metrics] res_item[1].keys(): ['accuracy', 'loss', 'total_samples', 'actual_attack', 'actual_normal', 'predicted_attack', 'predicted_normal', 'true_positives', 'true_negatives', 'false_positives', 'false_negatives', 'precision', 'recall', 'f1_score']
[DEBUG _get_metrics] Extracted from ConfigRecord._data
[DEBUG _get_metrics] res_item[1] type: ConfigRecord
[DEBUG _get_metrics] res_item[1] has metrics attr: False
[DEBUG _get_metrics] res_item[1].__dict__: {'_check_key_fn': <function _check_key at 0x755feb1d4900>, '_check_value_fn': <function _check_value at 0x755fe09c89a0>, '_data': {'accuracy': 0.9928673505783081, 'loss': 0.004486332647502422, 'total_samples': 2103, 'actual_attack': 1621, 'actual_normal': 482, 'predicted_attack': 1620, 'predicted_normal': 483, 'true_positives': 1613, 'true_negatives': 475, 'false_positives': 7, 'false_negatives': 8, 'precision': 0.995679012345679, 'recall': 0.9950647748303516, 'f1_score': 0.9953717988275222}}
[DEBUG _get_metrics] res_item[1].keys(): ['accuracy', 'loss', 'total_samples', 'actual_attack', 'actual_normal', 'predicted_attack', 'predicted_normal', 'true_positives', 'true_negatives', 'false_positives', 'false_negatives', 'precision', 'recall', 'f1_score']
[DEBUG _get_metrics] Extracted from ConfigRecord._data
[DEBUG _get_metrics] res_item[1] type: ConfigRecord
[DEBUG _get_metrics] res_item[1] has metrics attr: False
[DEBUG _get_metrics] res_item[1].__dict__: {'_check_key_fn': <function _check_key at 0x755feb1d4900>, '_check_value_fn': <function _check_value at 0x755fe09c89a0>, '_data': {'accuracy': 0.99239182472229, 'loss': 0.004819267429411411, 'total_samples': 2103, 'actual_attack': 1621, 'actual_normal': 482, 'predicted_attack': 1621, 'predicted_normal': 482, 'true_positives': 1613, 'true_negatives': 474, 'false_positives': 8, 'false_negatives': 8, 'precision': 0.9950647748303516, 'recall': 0.9950647748303516, 'f1_score': 0.9950647748303516}}
[DEBUG _get_metrics] res_item[1].keys(): ['accuracy', 'loss', 'total_samples', 'actual_attack', 'actual_normal', 'predicted_attack', 'predicted_normal', 'true_positives', 'true_negatives', 'false_positives', 'false_negatives', 'precision', 'recall', 'f1_score']
[DEBUG _get_metrics] Extracted from ConfigRecord._data
[DEBUG] Extracted 4 metrics from results

[Evaluation Summary]
============================================================
Round: 40 / 60
Accuracy (mean):  0.9924  (99.24%)
Loss:             0.0049
[Per-Device Accuracy]
  - Device 0:  0.9919  (99.19%)
  - Device 1:  0.9924  (99.24%)
  - Device 2:  0.9929  (99.29%)
  - Device 3:  0.9924  (99.24%)

[Ground Truth]
  - Attack samples: 1622
  - Normal samples: 483
  - Total samples:  2105

[Predictions]
  - Predicted Attack:  1621
  - Predicted Normal:  484

[Confusion Matrix]
  - True Positives (TP):  1613
  - True Negatives (TN):  475
  - False Positives (FP): 8
  - False Negatives (FN): 9

[Metrics]
  - Precision:  0.9952  (99.52%)
  - Recall:     0.9949  (99.49%)
  - F1-Score:   0.9951  (99.51%)
============================================================

[36m(ClientAppActor pid=820728)[0m [Client 2] Class weights (smoothed): {0: 1.2942450559445926, 1: 0.7057549440554073}[32m [repeated 16x across cluster][0m
[DEBUG] evaluate_metrics_aggregation_fn called with 4 results
[DEBUG] results type: <class 'list'>
[DEBUG] First result type: <class 'tuple'>
[DEBUG] First result length: 2
[DEBUG] results[0][0] type: <class 'int'>
[DEBUG] results[0][1] type: <class 'flwr.app.message.configrecord.ConfigRecord'>
[DEBUG _get_metrics] res_item[1] type: ConfigRecord
[DEBUG _get_metrics] res_item[1] has metrics attr: False
[DEBUG _get_metrics] res_item[1].__dict__: {'_check_key_fn': <function _check_key at 0x755feb1d4900>, '_check_value_fn': <function _check_value at 0x755fe09c89a0>, '_data': {'accuracy': 0.99239182472229, 'loss': 0.004411255940794945, 'total_samples': 2103, 'actual_attack': 1621, 'actual_normal': 482, 'predicted_attack': 1619, 'predicted_normal': 484, 'true_positives': 1612, 'true_negatives': 475, 'false_positives': 7, 'false_negatives': 9, 'precision': 0.9956763434218654, 'recall': 0.9944478716841456, 'f1_score': 0.9950617283950618}}
[DEBUG _get_metrics] res_item[1].keys(): ['accuracy', 'loss', 'total_samples', 'actual_attack', 'actual_normal', 'predicted_attack', 'predicted_normal', 'true_positives', 'true_negatives', 'false_positives', 'false_negatives', 'precision', 'recall', 'f1_score'][92mINFO [0m:      
[92mINFO [0m:      [ROUND 42]
[92mINFO [0m:      configure_fit: strategy sampled 4 clients (out of 4)
[92mINFO [0m:      aggregate_fit: received 4 results and 0 failures
[92mINFO [0m:      configure_evaluate: strategy sampled 4 clients (out of 4)
[92mINFO [0m:      aggregate_evaluate: received 4 results and 0 failures

[DEBUG _get_metrics] Extracted from ConfigRecord._data
[DEBUG _get_metrics] res_item[1] type: ConfigRecord
[DEBUG _get_metrics] res_item[1] has metrics attr: False
[DEBUG _get_metrics] res_item[1].__dict__: {'_check_key_fn': <function _check_key at 0x755feb1d4900>, '_check_value_fn': <function _check_value at 0x755fe09c89a0>, '_data': {'accuracy': 0.99239182472229, 'loss': 0.00474554905667901, 'total_samples': 2103, 'actual_attack': 1621, 'actual_normal': 482, 'predicted_attack': 1621, 'predicted_normal': 482, 'true_positives': 1613, 'true_negatives': 474, 'false_positives': 8, 'false_negatives': 8, 'precision': 0.9950647748303516, 'recall': 0.9950647748303516, 'f1_score': 0.9950647748303516}}
[DEBUG _get_metrics] res_item[1].keys(): ['accuracy', 'loss', 'total_samples', 'actual_attack', 'actual_normal', 'predicted_attack', 'predicted_normal', 'true_positives', 'true_negatives', 'false_positives', 'false_negatives', 'precision', 'recall', 'f1_score']
[DEBUG _get_metrics] Extracted from ConfigRecord._data
[DEBUG _get_metrics] res_item[1] type: ConfigRecord
[DEBUG _get_metrics] res_item[1] has metrics attr: False
[DEBUG _get_metrics] res_item[1].__dict__: {'_check_key_fn': <function _check_key at 0x755feb1d4900>, '_check_value_fn': <function _check_value at 0x755fe09c89a0>, '_data': {'accuracy': 0.991923987865448, 'loss': 0.005452489946037531, 'total_samples': 2105, 'actual_attack': 1622, 'actual_normal': 483, 'predicted_attack': 1621, 'predicted_normal': 484, 'true_positives': 1613, 'true_negatives': 475, 'false_positives': 8, 'false_negatives': 9, 'precision': 0.9950647748303516, 'recall': 0.9944512946979038, 'f1_score': 0.9947579401788468}}
[DEBUG _get_metrics] res_item[1].keys(): ['accuracy', 'loss', 'total_samples', 'actual_attack', 'actual_normal', 'predicted_attack', 'predicted_normal', 'true_positives', 'true_negatives', 'false_positives', 'false_negatives', 'precision', 'recall', 'f1_score']
[DEBUG _get_metrics] Extracted from ConfigRecord._data
[DEBUG _get_metrics] res_item[1] type: ConfigRecord
[DEBUG _get_metrics] res_item[1] has metrics attr: False
[DEBUG _get_metrics] res_item[1].__dict__: {'_check_key_fn': <function _check_key at 0x755feb1d4900>, '_check_value_fn': <function _check_value at 0x755fe09c89a0>, '_data': {'accuracy': 0.99239182472229, 'loss': 0.00474554905667901, 'total_samples': 2103, 'actual_attack': 1621, 'actual_normal': 482, 'predicted_attack': 1621, 'predicted_normal': 482, 'true_positives': 1613, 'true_negatives': 474, 'false_positives': 8, 'false_negatives': 8, 'precision': 0.9950647748303516, 'recall': 0.9950647748303516, 'f1_score': 0.9950647748303516}}
[DEBUG _get_metrics] res_item[1].keys(): ['accuracy', 'loss', 'total_samples', 'actual_attack', 'actual_normal', 'predicted_attack', 'predicted_normal', 'true_positives', 'true_negatives', 'false_positives', 'false_negatives', 'precision', 'recall', 'f1_score']
[DEBUG _get_metrics] Extracted from ConfigRecord._data
[DEBUG] Extracted 4 metrics from results

[Evaluation Summary]
============================================================
Round: 41 / 60
Accuracy (mean):  0.9923  (99.23%)
Loss:             0.0048
[Per-Device Accuracy]
  - Device 0:  0.9924  (99.24%)
  - Device 1:  0.9924  (99.24%)
  - Device 2:  0.9919  (99.19%)
  - Device 3:  0.9924  (99.24%)

[Ground Truth]
  - Attack samples: 1621
  - Normal samples: 482
  - Total samples:  2103

[Predictions]
  - Predicted Attack:  1619
  - Predicted Normal:  484

[Confusion Matrix]
  - True Positives (TP):  1612
  - True Negatives (TN):  475
  - False Positives (FP): 7
  - False Negatives (FN): 9

[Metrics]
  - Precision:  0.9952  (99.52%)
  - Recall:     0.9948  (99.48%)
  - F1-Score:   0.9950  (99.50%)
============================================================

[DEBUG] evaluate_metrics_aggregation_fn called with 4 results
[DEBUG] results type: <class 'list'>
[DEBUG] First result type: <class 'tuple'>
[DEBUG] First result length: 2
[DEBUG] results[0][0] type: <class 'int'>
[DEBUG] results[0][1] type: <class 'flwr.app.message.configrecord.ConfigRecord'>
[DEBUG _get_metrics] res_item[1] type: ConfigRecord
[DEBUG _get_metrics] res_item[1] has metrics attr: False
[DEBUG _get_metrics] res_item[1].__dict__: {'_check_key_fn': <function _check_key at 0x755feb1d4900>, '_check_value_fn': <function _check_value at 0x755fe09c89a0>, '_data': {'accuracy': 0.991923987865448, 'loss': 0.005426220595836639, 'total_samples': 2105, 'actual_attack': 1622, 'actual_normal': 483, 'predicted_attack': 1621, 'predicted_normal': 484, 'true_positives': 1613, 'true_negatives': 475, 'false_positives': 8, 'false_negatives': 9, 'precision': 0.9950647748303516, 'recall': 0.9944512946979038, 'f1_score': 0.9947579401788468}}
[DEBUG _get_metrics] res_item[1].keys(): ['accuracy', 'loss', 'total_samples', 'actual_attack', 'actual_normal', 'predicted_attack', 'predicted_normal', 'true_positives', 'true_negatives', 'false_positives', 'false_negatives', 'precision', 'recall', 'f1_score']
[DEBUG _get_metrics] Extracted from ConfigRecord._data
[DEBUG _get_metrics] res_item[1] type: ConfigRecord
[DEBUG _get_metrics] res_item[1] has metrics attr: False
[DEBUG _get_metrics] res_item[1].__dict__: {'_check_key_fn': <function _check_key at 0x755feb1d4900>, '_check_value_fn': <function _check_value at 0x755fe09c89a0>, '_data': {'accuracy': 0.99239182472229, 'loss': 0.0047136773355305195, 'total_samples': 2103, 'actual_attack': 1621, 'actual_normal': 482, 'predicted_attack': 1621, 'predicted_normal': 482, 'true_positives': 1613, 'true_negatives': 474, 'false_positives': 8, 'false_negatives': 8, 'precision': 0.9950647748303516, 'recall': 0.9950647748303516, 'f1_score': 0.9950647748303516}}
[DEBUG _get_metrics] res_item[1].keys(): ['accuracy', 'loss', 'total_samples', 'actual_attack', 'actual_normal', 'predicted_attack', 'predicted_normal', 'true_positives', 'true_negatives', 'false_positives', 'false_negatives', 'precision', 'recall', 'f1_score']
[DEBUG _get_metrics] Extracted from ConfigRecord._data
[DEBUG _get_metrics] res_item[1] type: ConfigRecord
[DEBUG _get_metrics] res_item[1] has metrics attr: False
[DEBUG _get_metrics] res_item[1].__dict__: {'_check_key_fn': <function _check_key at 0x755feb1d4900>, '_check_value_fn': <function _check_value at 0x755fe09c89a0>, '_data': {'accuracy': 0.99239182472229, 'loss': 0.0043947030790150166, 'total_samples': 2103, 'actual_attack': 1621, 'actual_normal': 482, 'predicted_attack': 1619, 'predicted_normal': 484, 'true_positives': 1612, 'true_negatives': 475, 'false_positives': 7, 'false_negatives': 9, 'precision': 0.9956763434218654, 'recall': 0.9944478716841456, 'f1_score': 0.9950617283950618}}
[DEBUG _get_metrics] res_item[1].keys(): ['accuracy', 'loss', 'total_samples', 'actual_attack', 'actual_normal', 'predicted_attack', 'predicted_normal', 'true_positives', 'true_negatives', 'false_positives', 'false_negatives', 'precision', 'recall', 'f1_score']
[DEBUG _get_metrics] Extracted from ConfigRecord._data
[DEBUG _get_metrics] res_item[1] type: ConfigRecord
[DEBUG _get_metrics] res_item[1] has metrics attr: False
[DEBUG _get_metrics] res_item[1].__dict__: {'_check_key_fn': <function _check_key at 0x755feb1d4900>, '_check_value_fn': <function _check_value at 0x755fe09c89a0>, '_data': {'accuracy': 0.99239182472229, 'loss': 0.0047136773355305195, 'total_samples': 2103, 'actual_attack': 1621, 'actual_normal': 482, 'predicted_attack': 1621, 'predicted_normal': 482, 'true_positives': 1613, 'true_negatives': 474, 'false_positives': 8, 'false_negatives': 8, 'precision': 0.9950647748303516, 'recall': 0.9950647748303516, 'f1_score': 0.9950647748303516}}
[DEBUG _get_metrics] res_item[1].keys(): ['accuracy', 'loss', 'total_samples', 'actual_attack', 'actual_normal', 'predicted_attack', 'predicted_normal', 'true_positives', 'true_negatives', 'false_positives', 'false_negatives', 'precision', 'recall', 'f1_score']
[DEBUG _get_metrics] Extracted from ConfigRecord._data
[DEBUG] Extracted 4 metrics from results

[Evaluation Summary]
============================================================
Round: 42 / 60
Accuracy (mean):  0.9923  (99.23%)
Loss:             0.0048
[Per-Device Accuracy]
  - Device 0:  0.9919  (99.19%)
  - Device 1:  0.9924  (99.24%)[92mINFO [0m:      
[92mINFO [0m:      [ROUND 43]
[92mINFO [0m:      configure_fit: strategy sampled 4 clients (out of 4)
[92mINFO [0m:      aggregate_fit: received 4 results and 0 failures
[92mINFO [0m:      configure_evaluate: strategy sampled 4 clients (out of 4)
[92mINFO [0m:      aggregate_evaluate: received 4 results and 0 failures
[92mINFO [0m:      
[92mINFO [0m:      [ROUND 44]
[92mINFO [0m:      configure_fit: strategy sampled 4 clients (out of 4)
[92mINFO [0m:      aggregate_fit: received 4 results and 0 failures
[92mINFO [0m:      configure_evaluate: strategy sampled 4 clients (out of 4)
[92mINFO [0m:      aggregate_evaluate: received 4 results and 0 failures

  - Device 2:  0.9924  (99.24%)
  - Device 3:  0.9924  (99.24%)

[Ground Truth]
  - Attack samples: 1622
  - Normal samples: 483
  - Total samples:  2105

[Predictions]
  - Predicted Attack:  1621
  - Predicted Normal:  484

[Confusion Matrix]
  - True Positives (TP):  1613
  - True Negatives (TN):  475
  - False Positives (FP): 8
  - False Negatives (FN): 9

[Metrics]
  - Precision:  0.9952  (99.52%)
  - Recall:     0.9948  (99.48%)
  - F1-Score:   0.9950  (99.50%)
============================================================

[36m(ClientAppActor pid=820728)[0m [Client 2] Class weights (smoothed): {0: 1.2942450559445926, 1: 0.7057549440554073}[32m [repeated 16x across cluster][0m
[DEBUG] evaluate_metrics_aggregation_fn called with 4 results
[DEBUG] results type: <class 'list'>
[DEBUG] First result type: <class 'tuple'>
[DEBUG] First result length: 2
[DEBUG] results[0][0] type: <class 'int'>
[DEBUG] results[0][1] type: <class 'flwr.app.message.configrecord.ConfigRecord'>
[DEBUG _get_metrics] res_item[1] type: ConfigRecord
[DEBUG _get_metrics] res_item[1] has metrics attr: False
[DEBUG _get_metrics] res_item[1].__dict__: {'_check_key_fn': <function _check_key at 0x755feb1d4900>, '_check_value_fn': <function _check_value at 0x755fe09c89a0>, '_data': {'accuracy': 0.99239182472229, 'loss': 0.0046842219308018684, 'total_samples': 2103, 'actual_attack': 1621, 'actual_normal': 482, 'predicted_attack': 1621, 'predicted_normal': 482, 'true_positives': 1613, 'true_negatives': 474, 'false_positives': 8, 'false_negatives': 8, 'precision': 0.9950647748303516, 'recall': 0.9950647748303516, 'f1_score': 0.9950647748303516}}
[DEBUG _get_metrics] res_item[1].keys(): ['accuracy', 'loss', 'total_samples', 'actual_attack', 'actual_normal', 'predicted_attack', 'predicted_normal', 'true_positives', 'true_negatives', 'false_positives', 'false_negatives', 'precision', 'recall', 'f1_score']
[DEBUG _get_metrics] Extracted from ConfigRecord._data
[DEBUG _get_metrics] res_item[1] type: ConfigRecord
[DEBUG _get_metrics] res_item[1] has metrics attr: False
[DEBUG _get_metrics] res_item[1].__dict__: {'_check_key_fn': <function _check_key at 0x755feb1d4900>, '_check_value_fn': <function _check_value at 0x755fe09c89a0>, '_data': {'accuracy': 0.99239182472229, 'loss': 0.0046842219308018684, 'total_samples': 2103, 'actual_attack': 1621, 'actual_normal': 482, 'predicted_attack': 1621, 'predicted_normal': 482, 'true_positives': 1613, 'true_negatives': 474, 'false_positives': 8, 'false_negatives': 8, 'precision': 0.9950647748303516, 'recall': 0.9950647748303516, 'f1_score': 0.9950647748303516}}
[DEBUG _get_metrics] res_item[1].keys(): ['accuracy', 'loss', 'total_samples', 'actual_attack', 'actual_normal', 'predicted_attack', 'predicted_normal', 'true_positives', 'true_negatives', 'false_positives', 'false_negatives', 'precision', 'recall', 'f1_score']
[DEBUG _get_metrics] Extracted from ConfigRecord._data
[DEBUG _get_metrics] res_item[1] type: ConfigRecord
[DEBUG _get_metrics] res_item[1] has metrics attr: False
[DEBUG _get_metrics] res_item[1].__dict__: {'_check_key_fn': <function _check_key at 0x755feb1d4900>, '_check_value_fn': <function _check_value at 0x755fe09c89a0>, '_data': {'accuracy': 0.99239182472229, 'loss': 0.004375313874334097, 'total_samples': 2103, 'actual_attack': 1621, 'actual_normal': 482, 'predicted_attack': 1619, 'predicted_normal': 484, 'true_positives': 1612, 'true_negatives': 475, 'false_positives': 7, 'false_negatives': 9, 'precision': 0.9956763434218654, 'recall': 0.9944478716841456, 'f1_score': 0.9950617283950618}}
[DEBUG _get_metrics] res_item[1].keys(): ['accuracy', 'loss', 'total_samples', 'actual_attack', 'actual_normal', 'predicted_attack', 'predicted_normal', 'true_positives', 'true_negatives', 'false_positives', 'false_negatives', 'precision', 'recall', 'f1_score']
[DEBUG _get_metrics] Extracted from ConfigRecord._data
[DEBUG _get_metrics] res_item[1] type: ConfigRecord
[DEBUG _get_metrics] res_item[1] has metrics attr: False
[DEBUG _get_metrics] res_item[1].__dict__: {'_check_key_fn': <function _check_key at 0x755feb1d4900>, '_check_value_fn': <function _check_value at 0x755fe09c89a0>, '_data': {'accuracy': 0.9914489388465881, 'loss': 0.0054031419567763805, 'total_samples': 2105, 'actual_attack': 1622, 'actual_normal': 483, 'predicted_attack': 1620, 'predicted_normal': 485, 'true_positives': 1612, 'true_negatives': 475, 'false_positives': 8, 'false_negatives': 10, 'precision': 0.9950617283950617, 'recall': 0.9938347718865598, 'f1_score': 0.9944478716841455}}
[DEBUG _get_metrics] res_item[1].keys(): ['accuracy', 'loss', 'total_samples', 'actual_attack', 'actual_normal', 'predicted_attack', 'predicted_normal', 'true_positives', 'true_negatives', 'false_positives', 'false_negatives', 'precision', 'recall', 'f1_score']
[DEBUG _get_metrics] Extracted from ConfigRecord._data
[DEBUG] Extracted 4 metrics from results

[Evaluation Summary]
============================================================
Round: 43 / 60
Accuracy (mean):  0.9922  (99.22%)
Loss:             0.0048
[Per-Device Accuracy]
  - Device 0:  0.9924  (99.24%)
  - Device 1:  0.9924  (99.24%)
  - Device 2:  0.9924  (99.24%)
  - Device 3:  0.9914  (99.14%)

[Ground Truth]
  - Attack samples: 1621
  - Normal samples: 482
  - Total samples:  2103

[Predictions]
  - Predicted Attack:  1621
  - Predicted Normal:  482

[Confusion Matrix]
  - True Positives (TP):  1613
  - True Negatives (TN):  474
  - False Positives (FP): 8
  - False Negatives (FN): 8

[Metrics]
  - Precision:  0.9952  (99.52%)
  - Recall:     0.9946  (99.46%)
  - F1-Score:   0.9949  (99.49%)
============================================================

[DEBUG] evaluate_metrics_aggregation_fn called with 4 results
[DEBUG] results type: <class 'list'>
[DEBUG] First result type: <class 'tuple'>
[DEBUG] First result length: 2
[DEBUG] results[0][0] type: <class 'int'>
[DEBUG] results[0][1] type: <class 'flwr.app.message.configrecord.ConfigRecord'>
[DEBUG _get_metrics] res_item[1] type: ConfigRecord
[DEBUG _get_metrics] res_item[1] has metrics attr: False
[DEBUG _get_metrics] res_item[1].__dict__: {'_check_key_fn': <function _check_key at 0x755feb1d4900>, '_check_value_fn': <function _check_value at 0x755fe09c89a0>, '_data': {'accuracy': 0.9914489388465881, 'loss': 0.005375273525714874, 'total_samples': 2105, 'actual_attack': 1622, 'actual_normal': 483, 'predicted_attack': 1620, 'predicted_normal': 485, 'true_positives': 1612, 'true_negatives': 475, 'false_positives': 8, 'false_negatives': 10, 'precision': 0.9950617283950617, 'recall': 0.9938347718865598, 'f1_score': 0.9944478716841455}}
[DEBUG _get_metrics] res_item[1].keys(): ['accuracy', 'loss', 'total_samples', 'actual_attack', 'actual_normal', 'predicted_attack', 'predicted_normal', 'true_positives', 'true_negatives', 'false_positives', 'false_negatives', 'precision', 'recall', 'f1_score']
[DEBUG _get_metrics] Extracted from ConfigRecord._data
[DEBUG _get_metrics] res_item[1] type: ConfigRecord
[DEBUG _get_metrics] res_item[1] has metrics attr: False
[DEBUG _get_metrics] res_item[1].__dict__: {'_check_key_fn': <function _check_key at 0x755feb1d4900>, '_check_value_fn': <function _check_value at 0x755fe09c89a0>, '_data': {'accuracy': 0.99239182472229, 'loss': 0.004664430394768715, 'total_samples': 2103, 'actual_attack': 1621, 'actual_normal': 482, 'predicted_attack': 1621, 'predicted_normal': 482, 'true_positives': 1613, 'true_negatives': 474, 'false_positives': 8, 'false_negatives': 8, 'precision': 0.9950647748303516, 'recall': 0.9950647748303516, 'f1_score': 0.9950647748303516}}
[DEBUG _get_metrics] res_item[1].keys(): ['accuracy', 'loss', 'total_samples', 'actual_attack', 'actual_normal', 'predicted_attack', 'predicted_normal', 'true_positives', 'true_negatives', 'false_positives', 'false_negatives', 'precision', 'recall', 'f1_score']
[DEBUG _get_metrics] Extracted from ConfigRecord._data
[DEBUG _get_metrics] res_item[1] type: ConfigRecord
[DEBUG _get_metrics] res_item[1] has metrics attr: False
[DEBUG _get_metrics] res_item[1].__dict__: {'_check_key_fn': <function _check_key at 0x755feb1d4900>, '_check_value_fn': <function _check_value at 0x755fe09c89a0>, '_data': {'accuracy': 0.99239182472229, 'loss': 0.004664430394768715, 'total_samples': 2103, 'actual_attack': 1621, 'actual_normal': 482, 'predicted_attack': 1621, 'predicted_normal': 482, 'true_positives': 1613, 'true_negatives': 474, 'false_positives': 8, 'false_negatives': 8, 'precision': 0.9950647748303516, 'recall': 0.9950647748303516, 'f1_score': 0.9950647748303516}}[92mINFO [0m:      
[92mINFO [0m:      [ROUND 45]
[92mINFO [0m:      configure_fit: strategy sampled 4 clients (out of 4)
[92mINFO [0m:      aggregate_fit: received 4 results and 0 failures
[92mINFO [0m:      configure_evaluate: strategy sampled 4 clients (out of 4)
[92mINFO [0m:      aggregate_evaluate: received 4 results and 0 failures
[92mINFO [0m:      
[92mINFO [0m:      [ROUND 46]
[92mINFO [0m:      configure_fit: strategy sampled 4 clients (out of 4)
[92mINFO [0m:      aggregate_fit: received 4 results and 0 failures
[92mINFO [0m:      configure_evaluate: strategy sampled 4 clients (out of 4)
[92mINFO [0m:      aggregate_evaluate: received 4 results and 0 failures

[DEBUG _get_metrics] res_item[1].keys(): ['accuracy', 'loss', 'total_samples', 'actual_attack', 'actual_normal', 'predicted_attack', 'predicted_normal', 'true_positives', 'true_negatives', 'false_positives', 'false_negatives', 'precision', 'recall', 'f1_score']
[DEBUG _get_metrics] Extracted from ConfigRecord._data
[DEBUG _get_metrics] res_item[1] type: ConfigRecord
[DEBUG _get_metrics] res_item[1] has metrics attr: False
[DEBUG _get_metrics] res_item[1].__dict__: {'_check_key_fn': <function _check_key at 0x755feb1d4900>, '_check_value_fn': <function _check_value at 0x755fe09c89a0>, '_data': {'accuracy': 0.99239182472229, 'loss': 0.004325368907302618, 'total_samples': 2103, 'actual_attack': 1621, 'actual_normal': 482, 'predicted_attack': 1619, 'predicted_normal': 484, 'true_positives': 1612, 'true_negatives': 475, 'false_positives': 7, 'false_negatives': 9, 'precision': 0.9956763434218654, 'recall': 0.9944478716841456, 'f1_score': 0.9950617283950618}}
[DEBUG _get_metrics] res_item[1].keys(): ['accuracy', 'loss', 'total_samples', 'actual_attack', 'actual_normal', 'predicted_attack', 'predicted_normal', 'true_positives', 'true_negatives', 'false_positives', 'false_negatives', 'precision', 'recall', 'f1_score']
[DEBUG _get_metrics] Extracted from ConfigRecord._data
[DEBUG] Extracted 4 metrics from results

[Evaluation Summary]
============================================================
Round: 44 / 60
Accuracy (mean):  0.9922  (99.22%)
Loss:             0.0048
[Per-Device Accuracy]
  - Device 0:  0.9914  (99.14%)
  - Device 1:  0.9924  (99.24%)
  - Device 2:  0.9924  (99.24%)
  - Device 3:  0.9924  (99.24%)

[Ground Truth]
  - Attack samples: 1622
  - Normal samples: 483
  - Total samples:  2105

[Predictions]
  - Predicted Attack:  1620
  - Predicted Normal:  485

[Confusion Matrix]
  - True Positives (TP):  1612
  - True Negatives (TN):  475
  - False Positives (FP): 8
  - False Negatives (FN): 10

[Metrics]
  - Precision:  0.9952  (99.52%)
  - Recall:     0.9946  (99.46%)
  - F1-Score:   0.9949  (99.49%)
============================================================

[Round 45] Client contributions:
  Client samples: 18,932 (weight: 0.2500)
  Client samples: 18,931 (weight: 0.2500)
  Client samples: 18,931 (weight: 0.2500)
  Client samples: 18,931 (weight: 0.2500)
[36m(ClientAppActor pid=820728)[0m [Client 2] Class weights (smoothed): {0: 1.2942450559445926, 1: 0.7057549440554073}[32m [repeated 16x across cluster][0m
[DEBUG] evaluate_metrics_aggregation_fn called with 4 results
[DEBUG] results type: <class 'list'>
[DEBUG] First result type: <class 'tuple'>
[DEBUG] First result length: 2
[DEBUG] results[0][0] type: <class 'int'>
[DEBUG] results[0][1] type: <class 'flwr.app.message.configrecord.ConfigRecord'>
[DEBUG _get_metrics] res_item[1] type: ConfigRecord
[DEBUG _get_metrics] res_item[1] has metrics attr: False
[DEBUG _get_metrics] res_item[1].__dict__: {'_check_key_fn': <function _check_key at 0x755feb1d4900>, '_check_value_fn': <function _check_value at 0x755fe09c89a0>, '_data': {'accuracy': 0.99239182472229, 'loss': 0.004651242401450872, 'total_samples': 2103, 'actual_attack': 1621, 'actual_normal': 482, 'predicted_attack': 1621, 'predicted_normal': 482, 'true_positives': 1613, 'true_negatives': 474, 'false_positives': 8, 'false_negatives': 8, 'precision': 0.9950647748303516, 'recall': 0.9950647748303516, 'f1_score': 0.9950647748303516}}
[DEBUG _get_metrics] res_item[1].keys(): ['accuracy', 'loss', 'total_samples', 'actual_attack', 'actual_normal', 'predicted_attack', 'predicted_normal', 'true_positives', 'true_negatives', 'false_positives', 'false_negatives', 'precision', 'recall', 'f1_score']
[DEBUG _get_metrics] Extracted from ConfigRecord._data
[DEBUG _get_metrics] res_item[1] type: ConfigRecord
[DEBUG _get_metrics] res_item[1] has metrics attr: False
[DEBUG _get_metrics] res_item[1].__dict__: {'_check_key_fn': <function _check_key at 0x755feb1d4900>, '_check_value_fn': <function _check_value at 0x755fe09c89a0>, '_data': {'accuracy': 0.9914489388465881, 'loss': 0.005367779638618231, 'total_samples': 2105, 'actual_attack': 1622, 'actual_normal': 483, 'predicted_attack': 1620, 'predicted_normal': 485, 'true_positives': 1612, 'true_negatives': 475, 'false_positives': 8, 'false_negatives': 10, 'precision': 0.9950617283950617, 'recall': 0.9938347718865598, 'f1_score': 0.9944478716841455}}
[DEBUG _get_metrics] res_item[1].keys(): ['accuracy', 'loss', 'total_samples', 'actual_attack', 'actual_normal', 'predicted_attack', 'predicted_normal', 'true_positives', 'true_negatives', 'false_positives', 'false_negatives', 'precision', 'recall', 'f1_score']
[DEBUG _get_metrics] Extracted from ConfigRecord._data
[DEBUG _get_metrics] res_item[1] type: ConfigRecord
[DEBUG _get_metrics] res_item[1] has metrics attr: False
[DEBUG _get_metrics] res_item[1].__dict__: {'_check_key_fn': <function _check_key at 0x755feb1d4900>, '_check_value_fn': <function _check_value at 0x755fe09c89a0>, '_data': {'accuracy': 0.99239182472229, 'loss': 0.004308418370783329, 'total_samples': 2103, 'actual_attack': 1621, 'actual_normal': 482, 'predicted_attack': 1619, 'predicted_normal': 484, 'true_positives': 1612, 'true_negatives': 475, 'false_positives': 7, 'false_negatives': 9, 'precision': 0.9956763434218654, 'recall': 0.9944478716841456, 'f1_score': 0.9950617283950618}}
[DEBUG _get_metrics] res_item[1].keys(): ['accuracy', 'loss', 'total_samples', 'actual_attack', 'actual_normal', 'predicted_attack', 'predicted_normal', 'true_positives', 'true_negatives', 'false_positives', 'false_negatives', 'precision', 'recall', 'f1_score']
[DEBUG _get_metrics] Extracted from ConfigRecord._data
[DEBUG _get_metrics] res_item[1] type: ConfigRecord
[DEBUG _get_metrics] res_item[1] has metrics attr: False
[DEBUG _get_metrics] res_item[1].__dict__: {'_check_key_fn': <function _check_key at 0x755feb1d4900>, '_check_value_fn': <function _check_value at 0x755fe09c89a0>, '_data': {'accuracy': 0.99239182472229, 'loss': 0.004651242401450872, 'total_samples': 2103, 'actual_attack': 1621, 'actual_normal': 482, 'predicted_attack': 1621, 'predicted_normal': 482, 'true_positives': 1613, 'true_negatives': 474, 'false_positives': 8, 'false_negatives': 8, 'precision': 0.9950647748303516, 'recall': 0.9950647748303516, 'f1_score': 0.9950647748303516}}
[DEBUG _get_metrics] res_item[1].keys(): ['accuracy', 'loss', 'total_samples', 'actual_attack', 'actual_normal', 'predicted_attack', 'predicted_normal', 'true_positives', 'true_negatives', 'false_positives', 'false_negatives', 'precision', 'recall', 'f1_score']
[DEBUG _get_metrics] Extracted from ConfigRecord._data
[DEBUG] Extracted 4 metrics from results

[Evaluation Summary]
============================================================
Round: 45 / 60
Accuracy (mean):  0.9922  (99.22%)
Loss:             0.0047
[Per-Device Accuracy]
  - Device 0:  0.9924  (99.24%)
  - Device 1:  0.9914  (99.14%)
  - Device 2:  0.9924  (99.24%)
  - Device 3:  0.9924  (99.24%)

[Ground Truth]
  - Attack samples: 1621
  - Normal samples: 482
  - Total samples:  2103

[Predictions]
  - Predicted Attack:  1621
  - Predicted Normal:  482

[Confusion Matrix]
  - True Positives (TP):  1613
  - True Negatives (TN):  474
  - False Positives (FP): 8
  - False Negatives (FN): 8

[Metrics]
  - Precision:  0.9952  (99.52%)
  - Recall:     0.9946  (99.46%)
  - F1-Score:   0.9949  (99.49%)
============================================================

[DEBUG] evaluate_metrics_aggregation_fn called with 4 results
[DEBUG] results type: <class 'list'>
[DEBUG] First result type: <class 'tuple'>
[DEBUG] First result length: 2
[DEBUG] results[0][0] type: <class 'int'>
[DEBUG] results[0][1] type: <class 'flwr.app.message.configrecord.ConfigRecord'>
[DEBUG _get_metrics] res_item[1] type: ConfigRecord
[DEBUG _get_metrics] res_item[1] has metrics attr: False
[DEBUG _get_metrics] res_item[1].__dict__: {'_check_key_fn': <function _check_key at 0x755feb1d4900>, '_check_value_fn': <function _check_value at 0x755fe09c89a0>, '_data': {'accuracy': 0.9914489388465881, 'loss': 0.005404205992817879, 'total_samples': 2105, 'actual_attack': 1622, 'actual_normal': 483, 'predicted_attack': 1620, 'predicted_normal': 485, 'true_positives': 1612, 'true_negatives': 475, 'false_positives': 8, 'false_negatives': 10, 'precision': 0.9950617283950617, 'recall': 0.9938347718865598, 'f1_score': 0.9944478716841455}}[92mINFO [0m:      
[92mINFO [0m:      [ROUND 47]
[92mINFO [0m:      configure_fit: strategy sampled 4 clients (out of 4)
[92mINFO [0m:      aggregate_fit: received 4 results and 0 failures
[92mINFO [0m:      configure_evaluate: strategy sampled 4 clients (out of 4)
[92mINFO [0m:      aggregate_evaluate: received 4 results and 0 failures

[DEBUG _get_metrics] res_item[1].keys(): ['accuracy', 'loss', 'total_samples', 'actual_attack', 'actual_normal', 'predicted_attack', 'predicted_normal', 'true_positives', 'true_negatives', 'false_positives', 'false_negatives', 'precision', 'recall', 'f1_score']
[DEBUG _get_metrics] Extracted from ConfigRecord._data
[DEBUG _get_metrics] res_item[1] type: ConfigRecord
[DEBUG _get_metrics] res_item[1] has metrics attr: False
[DEBUG _get_metrics] res_item[1].__dict__: {'_check_key_fn': <function _check_key at 0x755feb1d4900>, '_check_value_fn': <function _check_value at 0x755fe09c89a0>, '_data': {'accuracy': 0.99239182472229, 'loss': 0.0046728262677788734, 'total_samples': 2103, 'actual_attack': 1621, 'actual_normal': 482, 'predicted_attack': 1621, 'predicted_normal': 482, 'true_positives': 1613, 'true_negatives': 474, 'false_positives': 8, 'false_negatives': 8, 'precision': 0.9950647748303516, 'recall': 0.9950647748303516, 'f1_score': 0.9950647748303516}}
[DEBUG _get_metrics] res_item[1].keys(): ['accuracy', 'loss', 'total_samples', 'actual_attack', 'actual_normal', 'predicted_attack', 'predicted_normal', 'true_positives', 'true_negatives', 'false_positives', 'false_negatives', 'precision', 'recall', 'f1_score']
[DEBUG _get_metrics] Extracted from ConfigRecord._data
[DEBUG _get_metrics] res_item[1] type: ConfigRecord
[DEBUG _get_metrics] res_item[1] has metrics attr: False
[DEBUG _get_metrics] res_item[1].__dict__: {'_check_key_fn': <function _check_key at 0x755feb1d4900>, '_check_value_fn': <function _check_value at 0x755fe09c89a0>, '_data': {'accuracy': 0.99239182472229, 'loss': 0.0046728262677788734, 'total_samples': 2103, 'actual_attack': 1621, 'actual_normal': 482, 'predicted_attack': 1621, 'predicted_normal': 482, 'true_positives': 1613, 'true_negatives': 474, 'false_positives': 8, 'false_negatives': 8, 'precision': 0.9950647748303516, 'recall': 0.9950647748303516, 'f1_score': 0.9950647748303516}}
[DEBUG _get_metrics] res_item[1].keys(): ['accuracy', 'loss', 'total_samples', 'actual_attack', 'actual_normal', 'predicted_attack', 'predicted_normal', 'true_positives', 'true_negatives', 'false_positives', 'false_negatives', 'precision', 'recall', 'f1_score']
[DEBUG _get_metrics] Extracted from ConfigRecord._data
[DEBUG _get_metrics] res_item[1] type: ConfigRecord
[DEBUG _get_metrics] res_item[1] has metrics attr: False
[DEBUG _get_metrics] res_item[1].__dict__: {'_check_key_fn': <function _check_key at 0x755feb1d4900>, '_check_value_fn': <function _check_value at 0x755fe09c89a0>, '_data': {'accuracy': 0.99239182472229, 'loss': 0.0043587591499090195, 'total_samples': 2103, 'actual_attack': 1621, 'actual_normal': 482, 'predicted_attack': 1619, 'predicted_normal': 484, 'true_positives': 1612, 'true_negatives': 475, 'false_positives': 7, 'false_negatives': 9, 'precision': 0.9956763434218654, 'recall': 0.9944478716841456, 'f1_score': 0.9950617283950618}}
[DEBUG _get_metrics] res_item[1].keys(): ['accuracy', 'loss', 'total_samples', 'actual_attack', 'actual_normal', 'predicted_attack', 'predicted_normal', 'true_positives', 'true_negatives', 'false_positives', 'false_negatives', 'precision', 'recall', 'f1_score']
[DEBUG _get_metrics] Extracted from ConfigRecord._data
[DEBUG] Extracted 4 metrics from results

[Evaluation Summary]
============================================================
Round: 46 / 60
Accuracy (mean):  0.9922  (99.22%)
Loss:             0.0048
[Per-Device Accuracy]
  - Device 0:  0.9914  (99.14%)
  - Device 1:  0.9924  (99.24%)
  - Device 2:  0.9924  (99.24%)
  - Device 3:  0.9924  (99.24%)

[Ground Truth]
  - Attack samples: 1622
  - Normal samples: 483
  - Total samples:  2105

[Predictions]
  - Predicted Attack:  1620
  - Predicted Normal:  485

[Confusion Matrix]
  - True Positives (TP):  1612
  - True Negatives (TN):  475
  - False Positives (FP): 8
  - False Negatives (FN): 10

[Metrics]
  - Precision:  0.9952  (99.52%)
  - Recall:     0.9946  (99.46%)
  - F1-Score:   0.9949  (99.49%)
============================================================

[36m(ClientAppActor pid=820728)[0m [Client 2] Class weights (smoothed): {0: 1.2942450559445926, 1: 0.7057549440554073}[32m [repeated 16x across cluster][0m
[DEBUG] evaluate_metrics_aggregation_fn called with 4 results
[DEBUG] results type: <class 'list'>
[DEBUG] First result type: <class 'tuple'>
[DEBUG] First result length: 2
[DEBUG] results[0][0] type: <class 'int'>
[DEBUG] results[0][1] type: <class 'flwr.app.message.configrecord.ConfigRecord'>
[DEBUG _get_metrics] res_item[1] type: ConfigRecord
[DEBUG _get_metrics] res_item[1] has metrics attr: False
[DEBUG _get_metrics] res_item[1].__dict__: {'_check_key_fn': <function _check_key at 0x755feb1d4900>, '_check_value_fn': <function _check_value at 0x755fe09c89a0>, '_data': {'accuracy': 0.991916298866272, 'loss': 0.0046864962205290794, 'total_samples': 2103, 'actual_attack': 1621, 'actual_normal': 482, 'predicted_attack': 1620, 'predicted_normal': 483, 'true_positives': 1612, 'true_negatives': 474, 'false_positives': 8, 'false_negatives': 9, 'precision': 0.9950617283950617, 'recall': 0.9944478716841456, 'f1_score': 0.9947547053378588}}
[DEBUG _get_metrics] res_item[1].keys(): ['accuracy', 'loss', 'total_samples', 'actual_attack', 'actual_normal', 'predicted_attack', 'predicted_normal', 'true_positives', 'true_negatives', 'false_positives', 'false_negatives', 'precision', 'recall', 'f1_score']
[DEBUG _get_metrics] Extracted from ConfigRecord._data
[DEBUG _get_metrics] res_item[1] type: ConfigRecord
[DEBUG _get_metrics] res_item[1] has metrics attr: False
[DEBUG _get_metrics] res_item[1].__dict__: {'_check_key_fn': <function _check_key at 0x755feb1d4900>, '_check_value_fn': <function _check_value at 0x755fe09c89a0>, '_data': {'accuracy': 0.9914489388465881, 'loss': 0.005418716464191675, 'total_samples': 2105, 'actual_attack': 1622, 'actual_normal': 483, 'predicted_attack': 1620, 'predicted_normal': 485, 'true_positives': 1612, 'true_negatives': 475, 'false_positives': 8, 'false_negatives': 10, 'precision': 0.9950617283950617, 'recall': 0.9938347718865598, 'f1_score': 0.9944478716841455}}
[DEBUG _get_metrics] res_item[1].keys(): ['accuracy', 'loss', 'total_samples', 'actual_attack', 'actual_normal', 'predicted_attack', 'predicted_normal', 'true_positives', 'true_negatives', 'false_positives', 'false_negatives', 'precision', 'recall', 'f1_score']
[DEBUG _get_metrics] Extracted from ConfigRecord._data
[DEBUG _get_metrics] res_item[1] type: ConfigRecord
[DEBUG _get_metrics] res_item[1] has metrics attr: False
[DEBUG _get_metrics] res_item[1].__dict__: {'_check_key_fn': <function _check_key at 0x755feb1d4900>, '_check_value_fn': <function _check_value at 0x755fe09c89a0>, '_data': {'accuracy': 0.991916298866272, 'loss': 0.0046864962205290794, 'total_samples': 2103, 'actual_attack': 1621, 'actual_normal': 482, 'predicted_attack': 1620, 'predicted_normal': 483, 'true_positives': 1612, 'true_negatives': 474, 'false_positives': 8, 'false_negatives': 9, 'precision': 0.9950617283950617, 'recall': 0.9944478716841456, 'f1_score': 0.9947547053378588}}
[DEBUG _get_metrics] res_item[1].keys(): ['accuracy', 'loss', 'total_samples', 'actual_attack', 'actual_normal', 'predicted_attack', 'predicted_normal', 'true_positives', 'true_negatives', 'false_positives', 'false_negatives', 'precision', 'recall', 'f1_score']
[DEBUG _get_metrics] Extracted from ConfigRecord._data
[DEBUG _get_metrics] res_item[1] type: ConfigRecord
[DEBUG _get_metrics] res_item[1] has metrics attr: False
[DEBUG _get_metrics] res_item[1].__dict__: {'_check_key_fn': <function _check_key at 0x755feb1d4900>, '_check_value_fn': <function _check_value at 0x755fe09c89a0>, '_data': {'accuracy': 0.99239182472229, 'loss': 0.004388968460261822, 'total_samples': 2103, 'actual_attack': 1621, 'actual_normal': 482, 'predicted_attack': 1619, 'predicted_normal': 484, 'true_positives': 1612, 'true_negatives': 475, 'false_positives': 7, 'false_negatives': 9, 'precision': 0.9956763434218654, 'recall': 0.9944478716841456, 'f1_score': 0.9950617283950618}}
[DEBUG _get_metrics] res_item[1].keys(): ['accuracy', 'loss', 'total_samples', 'actual_attack', 'actual_normal', 'predicted_attack', 'predicted_normal', 'true_positives', 'true_negatives', 'false_positives', 'false_negatives', 'precision', 'recall', 'f1_score'][92mINFO [0m:      
[92mINFO [0m:      [ROUND 48]
[92mINFO [0m:      configure_fit: strategy sampled 4 clients (out of 4)
[92mINFO [0m:      aggregate_fit: received 4 results and 0 failures
[92mINFO [0m:      configure_evaluate: strategy sampled 4 clients (out of 4)
[92mINFO [0m:      aggregate_evaluate: received 4 results and 0 failures
[92mINFO [0m:      
[92mINFO [0m:      [ROUND 49]
[92mINFO [0m:      configure_fit: strategy sampled 4 clients (out of 4)
[92mINFO [0m:      aggregate_fit: received 4 results and 0 failures
[92mINFO [0m:      configure_evaluate: strategy sampled 4 clients (out of 4)
[92mINFO [0m:      aggregate_evaluate: received 4 results and 0 failures

[DEBUG _get_metrics] Extracted from ConfigRecord._data
[DEBUG] Extracted 4 metrics from results

[Evaluation Summary]
============================================================
Round: 47 / 60
Accuracy (mean):  0.9919  (99.19%)
Loss:             0.0048
[Per-Device Accuracy]
  - Device 0:  0.9919  (99.19%)
  - Device 1:  0.9914  (99.14%)
  - Device 2:  0.9919  (99.19%)
  - Device 3:  0.9924  (99.24%)

[Ground Truth]
  - Attack samples: 1621
  - Normal samples: 482
  - Total samples:  2103

[Predictions]
  - Predicted Attack:  1620
  - Predicted Normal:  483

[Confusion Matrix]
  - True Positives (TP):  1612
  - True Negatives (TN):  474
  - False Positives (FP): 8
  - False Negatives (FN): 9

[Metrics]
  - Precision:  0.9952  (99.52%)
  - Recall:     0.9943  (99.43%)
  - F1-Score:   0.9948  (99.48%)
============================================================

[DEBUG] evaluate_metrics_aggregation_fn called with 4 results
[DEBUG] results type: <class 'list'>
[DEBUG] First result type: <class 'tuple'>
[DEBUG] First result length: 2
[DEBUG] results[0][0] type: <class 'int'>
[DEBUG] results[0][1] type: <class 'flwr.app.message.configrecord.ConfigRecord'>
[DEBUG _get_metrics] res_item[1] type: ConfigRecord
[DEBUG _get_metrics] res_item[1] has metrics attr: False
[DEBUG _get_metrics] res_item[1].__dict__: {'_check_key_fn': <function _check_key at 0x755feb1d4900>, '_check_value_fn': <function _check_value at 0x755fe09c89a0>, '_data': {'accuracy': 0.9914489388465881, 'loss': 0.005434704013168812, 'total_samples': 2105, 'actual_attack': 1622, 'actual_normal': 483, 'predicted_attack': 1620, 'predicted_normal': 485, 'true_positives': 1612, 'true_negatives': 475, 'false_positives': 8, 'false_negatives': 10, 'precision': 0.9950617283950617, 'recall': 0.9938347718865598, 'f1_score': 0.9944478716841455}}
[DEBUG _get_metrics] res_item[1].keys(): ['accuracy', 'loss', 'total_samples', 'actual_attack', 'actual_normal', 'predicted_attack', 'predicted_normal', 'true_positives', 'true_negatives', 'false_positives', 'false_negatives', 'precision', 'recall', 'f1_score']
[DEBUG _get_metrics] Extracted from ConfigRecord._data
[DEBUG _get_metrics] res_item[1] type: ConfigRecord
[DEBUG _get_metrics] res_item[1] has metrics attr: False
[DEBUG _get_metrics] res_item[1].__dict__: {'_check_key_fn': <function _check_key at 0x755feb1d4900>, '_check_value_fn': <function _check_value at 0x755fe09c89a0>, '_data': {'accuracy': 0.991916298866272, 'loss': 0.004723644349724054, 'total_samples': 2103, 'actual_attack': 1621, 'actual_normal': 482, 'predicted_attack': 1620, 'predicted_normal': 483, 'true_positives': 1612, 'true_negatives': 474, 'false_positives': 8, 'false_negatives': 9, 'precision': 0.9950617283950617, 'recall': 0.9944478716841456, 'f1_score': 0.9947547053378588}}
[DEBUG _get_metrics] res_item[1].keys(): ['accuracy', 'loss', 'total_samples', 'actual_attack', 'actual_normal', 'predicted_attack', 'predicted_normal', 'true_positives', 'true_negatives', 'false_positives', 'false_negatives', 'precision', 'recall', 'f1_score']
[DEBUG _get_metrics] Extracted from ConfigRecord._data
[DEBUG _get_metrics] res_item[1] type: ConfigRecord
[DEBUG _get_metrics] res_item[1] has metrics attr: False
[DEBUG _get_metrics] res_item[1].__dict__: {'_check_key_fn': <function _check_key at 0x755feb1d4900>, '_check_value_fn': <function _check_value at 0x755fe09c89a0>, '_data': {'accuracy': 0.991916298866272, 'loss': 0.004723644349724054, 'total_samples': 2103, 'actual_attack': 1621, 'actual_normal': 482, 'predicted_attack': 1620, 'predicted_normal': 483, 'true_positives': 1612, 'true_negatives': 474, 'false_positives': 8, 'false_negatives': 9, 'precision': 0.9950617283950617, 'recall': 0.9944478716841456, 'f1_score': 0.9947547053378588}}
[DEBUG _get_metrics] res_item[1].keys(): ['accuracy', 'loss', 'total_samples', 'actual_attack', 'actual_normal', 'predicted_attack', 'predicted_normal', 'true_positives', 'true_negatives', 'false_positives', 'false_negatives', 'precision', 'recall', 'f1_score']
[DEBUG _get_metrics] Extracted from ConfigRecord._data
[DEBUG _get_metrics] res_item[1] type: ConfigRecord
[DEBUG _get_metrics] res_item[1] has metrics attr: False
[DEBUG _get_metrics] res_item[1].__dict__: {'_check_key_fn': <function _check_key at 0x755feb1d4900>, '_check_value_fn': <function _check_value at 0x755fe09c89a0>, '_data': {'accuracy': 0.99239182472229, 'loss': 0.004409873858094215, 'total_samples': 2103, 'actual_attack': 1621, 'actual_normal': 482, 'predicted_attack': 1619, 'predicted_normal': 484, 'true_positives': 1612, 'true_negatives': 475, 'false_positives': 7, 'false_negatives': 9, 'precision': 0.9956763434218654, 'recall': 0.9944478716841456, 'f1_score': 0.9950617283950618}}
[DEBUG _get_metrics] res_item[1].keys(): ['accuracy', 'loss', 'total_samples', 'actual_attack', 'actual_normal', 'predicted_attack', 'predicted_normal', 'true_positives', 'true_negatives', 'false_positives', 'false_negatives', 'precision', 'recall', 'f1_score']
[DEBUG _get_metrics] Extracted from ConfigRecord._data
[DEBUG] Extracted 4 metrics from results

[Evaluation Summary]
============================================================
Round: 48 / 60
Accuracy (mean):  0.9919  (99.19%)
Loss:             0.0048
[Per-Device Accuracy]
  - Device 0:  0.9914  (99.14%)
  - Device 1:  0.9919  (99.19%)
  - Device 2:  0.9919  (99.19%)
  - Device 3:  0.9924  (99.24%)

[Ground Truth]
  - Attack samples: 1622
  - Normal samples: 483
  - Total samples:  2105

[Predictions]
  - Predicted Attack:  1620
  - Predicted Normal:  485

[Confusion Matrix]
  - True Positives (TP):  1612
  - True Negatives (TN):  475
  - False Positives (FP): 8
  - False Negatives (FN): 10

[Metrics]
  - Precision:  0.9952  (99.52%)
  - Recall:     0.9943  (99.43%)
  - F1-Score:   0.9948  (99.48%)
============================================================

[36m(ClientAppActor pid=820728)[0m [Client 2] Class weights (smoothed): {0: 1.2942450559445926, 1: 0.7057549440554073}[32m [repeated 16x across cluster][0m
[DEBUG] evaluate_metrics_aggregation_fn called with 4 results
[DEBUG] results type: <class 'list'>
[DEBUG] First result type: <class 'tuple'>
[DEBUG] First result length: 2
[DEBUG] results[0][0] type: <class 'int'>
[DEBUG] results[0][1] type: <class 'flwr.app.message.configrecord.ConfigRecord'>
[DEBUG _get_metrics] res_item[1] type: ConfigRecord
[DEBUG _get_metrics] res_item[1] has metrics attr: False
[DEBUG _get_metrics] res_item[1].__dict__: {'_check_key_fn': <function _check_key at 0x755feb1d4900>, '_check_value_fn': <function _check_value at 0x755fe09c89a0>, '_data': {'accuracy': 0.991916298866272, 'loss': 0.0047910744324326515, 'total_samples': 2103, 'actual_attack': 1621, 'actual_normal': 482, 'predicted_attack': 1620, 'predicted_normal': 483, 'true_positives': 1612, 'true_negatives': 474, 'false_positives': 8, 'false_negatives': 9, 'precision': 0.9950617283950617, 'recall': 0.9944478716841456, 'f1_score': 0.9947547053378588}}
[DEBUG _get_metrics] res_item[1].keys(): ['accuracy', 'loss', 'total_samples', 'actual_attack', 'actual_normal', 'predicted_attack', 'predicted_normal', 'true_positives', 'true_negatives', 'false_positives', 'false_negatives', 'precision', 'recall', 'f1_score']
[DEBUG _get_metrics] Extracted from ConfigRecord._data
[DEBUG _get_metrics] res_item[1] type: ConfigRecord
[DEBUG _get_metrics] res_item[1] has metrics attr: False
[DEBUG _get_metrics] res_item[1].__dict__: {'_check_key_fn': <function _check_key at 0x755feb1d4900>, '_check_value_fn': <function _check_value at 0x755fe09c89a0>, '_data': {'accuracy': 0.9928673505783081, 'loss': 0.004464890342205763, 'total_samples': 2103, 'actual_attack': 1621, 'actual_normal': 482, 'predicted_attack': 1618, 'predicted_normal': 485, 'true_positives': 1612, 'true_negatives': 476, 'false_positives': 6, 'false_negatives': 9, 'precision': 0.9962917181705809, 'recall': 0.9944478716841456, 'f1_score': 0.9953689410311826}}
[DEBUG _get_metrics] res_item[1].keys(): ['accuracy', 'loss', 'total_samples', 'actual_attack', 'actual_normal', 'predicted_attack', 'predicted_normal', 'true_positives', 'true_negatives', 'false_positives', 'false_negatives', 'precision', 'recall', 'f1_score'][92mINFO [0m:      
[92mINFO [0m:      [ROUND 50]
[92mINFO [0m:      configure_fit: strategy sampled 4 clients (out of 4)
[92mINFO [0m:      aggregate_fit: received 4 results and 0 failures
[92mINFO [0m:      configure_evaluate: strategy sampled 4 clients (out of 4)
[92mINFO [0m:      aggregate_evaluate: received 4 results and 0 failures
[92mINFO [0m:      
[92mINFO [0m:      [ROUND 51]
[92mINFO [0m:      configure_fit: strategy sampled 4 clients (out of 4)
[92mINFO [0m:      aggregate_fit: received 4 results and 0 failures
[92mINFO [0m:      configure_evaluate: strategy sampled 4 clients (out of 4)
[92mINFO [0m:      aggregate_evaluate: received 4 results and 0 failures

[DEBUG _get_metrics] Extracted from ConfigRecord._data
[DEBUG _get_metrics] res_item[1] type: ConfigRecord
[DEBUG _get_metrics] res_item[1] has metrics attr: False
[DEBUG _get_metrics] res_item[1].__dict__: {'_check_key_fn': <function _check_key at 0x755feb1d4900>, '_check_value_fn': <function _check_value at 0x755fe09c89a0>, '_data': {'accuracy': 0.991916298866272, 'loss': 0.0047910744324326515, 'total_samples': 2103, 'actual_attack': 1621, 'actual_normal': 482, 'predicted_attack': 1620, 'predicted_normal': 483, 'true_positives': 1612, 'true_negatives': 474, 'false_positives': 8, 'false_negatives': 9, 'precision': 0.9950617283950617, 'recall': 0.9944478716841456, 'f1_score': 0.9947547053378588}}
[DEBUG _get_metrics] res_item[1].keys(): ['accuracy', 'loss', 'total_samples', 'actual_attack', 'actual_normal', 'predicted_attack', 'predicted_normal', 'true_positives', 'true_negatives', 'false_positives', 'false_negatives', 'precision', 'recall', 'f1_score']
[DEBUG _get_metrics] Extracted from ConfigRecord._data
[DEBUG _get_metrics] res_item[1] type: ConfigRecord
[DEBUG _get_metrics] res_item[1] has metrics attr: False
[DEBUG _get_metrics] res_item[1].__dict__: {'_check_key_fn': <function _check_key at 0x755feb1d4900>, '_check_value_fn': <function _check_value at 0x755fe09c89a0>, '_data': {'accuracy': 0.991923987865448, 'loss': 0.005472388118505478, 'total_samples': 2105, 'actual_attack': 1622, 'actual_normal': 483, 'predicted_attack': 1619, 'predicted_normal': 486, 'true_positives': 1612, 'true_negatives': 476, 'false_positives': 7, 'false_negatives': 10, 'precision': 0.9956763434218654, 'recall': 0.9938347718865598, 'f1_score': 0.9947547053378586}}
[DEBUG _get_metrics] res_item[1].keys(): ['accuracy', 'loss', 'total_samples', 'actual_attack', 'actual_normal', 'predicted_attack', 'predicted_normal', 'true_positives', 'true_negatives', 'false_positives', 'false_negatives', 'precision', 'recall', 'f1_score']
[DEBUG _get_metrics] Extracted from ConfigRecord._data
[DEBUG] Extracted 4 metrics from results

[Evaluation Summary]
============================================================
Round: 49 / 60
Accuracy (mean):  0.9922  (99.22%)
Loss:             0.0049
[Per-Device Accuracy]
  - Device 0:  0.9919  (99.19%)
  - Device 1:  0.9929  (99.29%)
  - Device 2:  0.9919  (99.19%)
  - Device 3:  0.9919  (99.19%)

[Ground Truth]
  - Attack samples: 1621
  - Normal samples: 482
  - Total samples:  2103

[Predictions]
  - Predicted Attack:  1620
  - Predicted Normal:  483

[Confusion Matrix]
  - True Positives (TP):  1612
  - True Negatives (TN):  474
  - False Positives (FP): 8
  - False Negatives (FN): 9

[Metrics]
  - Precision:  0.9955  (99.55%)
  - Recall:     0.9943  (99.43%)
  - F1-Score:   0.9949  (99.49%)
============================================================

[Round 50] Client contributions:
  Client samples: 18,931 (weight: 0.2500)
  Client samples: 18,932 (weight: 0.2500)
  Client samples: 18,931 (weight: 0.2500)
  Client samples: 18,931 (weight: 0.2500)
[DEBUG] evaluate_metrics_aggregation_fn called with 4 results
[DEBUG] results type: <class 'list'>
[DEBUG] First result type: <class 'tuple'>
[DEBUG] First result length: 2
[DEBUG] results[0][0] type: <class 'int'>
[DEBUG] results[0][1] type: <class 'flwr.app.message.configrecord.ConfigRecord'>
[DEBUG _get_metrics] res_item[1] type: ConfigRecord
[DEBUG _get_metrics] res_item[1] has metrics attr: False
[DEBUG _get_metrics] res_item[1].__dict__: {'_check_key_fn': <function _check_key at 0x755feb1d4900>, '_check_value_fn': <function _check_value at 0x755fe09c89a0>, '_data': {'accuracy': 0.9914489388465881, 'loss': 0.0054499623365700245, 'total_samples': 2105, 'actual_attack': 1622, 'actual_normal': 483, 'predicted_attack': 1620, 'predicted_normal': 485, 'true_positives': 1612, 'true_negatives': 475, 'false_positives': 8, 'false_negatives': 10, 'precision': 0.9950617283950617, 'recall': 0.9938347718865598, 'f1_score': 0.9944478716841455}}
[DEBUG _get_metrics] res_item[1].keys(): ['accuracy', 'loss', 'total_samples', 'actual_attack', 'actual_normal', 'predicted_attack', 'predicted_normal', 'true_positives', 'true_negatives', 'false_positives', 'false_negatives', 'precision', 'recall', 'f1_score']
[DEBUG _get_metrics] Extracted from ConfigRecord._data
[DEBUG _get_metrics] res_item[1] type: ConfigRecord
[DEBUG _get_metrics] res_item[1] has metrics attr: False
[DEBUG _get_metrics] res_item[1].__dict__: {'_check_key_fn': <function _check_key at 0x755feb1d4900>, '_check_value_fn': <function _check_value at 0x755fe09c89a0>, '_data': {'accuracy': 0.991916298866272, 'loss': 0.004782171919941902, 'total_samples': 2103, 'actual_attack': 1621, 'actual_normal': 482, 'predicted_attack': 1620, 'predicted_normal': 483, 'true_positives': 1612, 'true_negatives': 474, 'false_positives': 8, 'false_negatives': 9, 'precision': 0.9950617283950617, 'recall': 0.9944478716841456, 'f1_score': 0.9947547053378588}}
[DEBUG _get_metrics] res_item[1].keys(): ['accuracy', 'loss', 'total_samples', 'actual_attack', 'actual_normal', 'predicted_attack', 'predicted_normal', 'true_positives', 'true_negatives', 'false_positives', 'false_negatives', 'precision', 'recall', 'f1_score']
[DEBUG _get_metrics] Extracted from ConfigRecord._data
[DEBUG _get_metrics] res_item[1] type: ConfigRecord
[DEBUG _get_metrics] res_item[1] has metrics attr: False
[DEBUG _get_metrics] res_item[1].__dict__: {'_check_key_fn': <function _check_key at 0x755feb1d4900>, '_check_value_fn': <function _check_value at 0x755fe09c89a0>, '_data': {'accuracy': 0.991916298866272, 'loss': 0.004782171919941902, 'total_samples': 2103, 'actual_attack': 1621, 'actual_normal': 482, 'predicted_attack': 1620, 'predicted_normal': 483, 'true_positives': 1612, 'true_negatives': 474, 'false_positives': 8, 'false_negatives': 9, 'precision': 0.9950617283950617, 'recall': 0.9944478716841456, 'f1_score': 0.9947547053378588}}
[DEBUG _get_metrics] res_item[1].keys(): ['accuracy', 'loss', 'total_samples', 'actual_attack', 'actual_normal', 'predicted_attack', 'predicted_normal', 'true_positives', 'true_negatives', 'false_positives', 'false_negatives', 'precision', 'recall', 'f1_score']
[DEBUG _get_metrics] Extracted from ConfigRecord._data
[DEBUG _get_metrics] res_item[1] type: ConfigRecord
[DEBUG _get_metrics] res_item[1] has metrics attr: False
[DEBUG _get_metrics] res_item[1].__dict__: {'_check_key_fn': <function _check_key at 0x755feb1d4900>, '_check_value_fn': <function _check_value at 0x755fe09c89a0>, '_data': {'accuracy': 0.99239182472229, 'loss': 0.004450228065252304, 'total_samples': 2103, 'actual_attack': 1621, 'actual_normal': 482, 'predicted_attack': 1619, 'predicted_normal': 484, 'true_positives': 1612, 'true_negatives': 475, 'false_positives': 7, 'false_negatives': 9, 'precision': 0.9956763434218654, 'recall': 0.9944478716841456, 'f1_score': 0.9950617283950618}}
[DEBUG _get_metrics] res_item[1].keys(): ['accuracy', 'loss', 'total_samples', 'actual_attack', 'actual_normal', 'predicted_attack', 'predicted_normal', 'true_positives', 'true_negatives', 'false_positives', 'false_negatives', 'precision', 'recall', 'f1_score']
[DEBUG _get_metrics] Extracted from ConfigRecord._data
[DEBUG] Extracted 4 metrics from results

[Evaluation Summary]
============================================================
Round: 50 / 60
Accuracy (mean):  0.9919  (99.19%)
Loss:             0.0049
[Per-Device Accuracy]
  - Device 0:  0.9914  (99.14%)
  - Device 1:  0.9919  (99.19%)
  - Device 2:  0.9919  (99.19%)
  - Device 3:  0.9924  (99.24%)

[Ground Truth]
  - Attack samples: 1622
  - Normal samples: 483
  - Total samples:  2105

[Predictions]
  - Predicted Attack:  1620
  - Predicted Normal:  485

[Confusion Matrix]
  - True Positives (TP):  1612
  - True Negatives (TN):  475
  - False Positives (FP): 8
  - False Negatives (FN): 10

[Metrics]
  - Precision:  0.9952  (99.52%)
  - Recall:     0.9943  (99.43%)
  - F1-Score:   0.9948  (99.48%)
============================================================

[36m(ClientAppActor pid=820728)[0m [Client 2] Class weights (smoothed): {0: 1.2942450559445926, 1: 0.7057549440554073}[32m [repeated 16x across cluster][0m
[DEBUG] evaluate_metrics_aggregation_fn called with 4 results[92mINFO [0m:      
[92mINFO [0m:      [ROUND 52]
[92mINFO [0m:      configure_fit: strategy sampled 4 clients (out of 4)
[92mINFO [0m:      aggregate_fit: received 4 results and 0 failures
[92mINFO [0m:      configure_evaluate: strategy sampled 4 clients (out of 4)
[92mINFO [0m:      aggregate_evaluate: received 4 results and 0 failures

[DEBUG] results type: <class 'list'>
[DEBUG] First result type: <class 'tuple'>
[DEBUG] First result length: 2
[DEBUG] results[0][0] type: <class 'int'>
[DEBUG] results[0][1] type: <class 'flwr.app.message.configrecord.ConfigRecord'>
[DEBUG _get_metrics] res_item[1] type: ConfigRecord
[DEBUG _get_metrics] res_item[1] has metrics attr: False
[DEBUG _get_metrics] res_item[1].__dict__: {'_check_key_fn': <function _check_key at 0x755feb1d4900>, '_check_value_fn': <function _check_value at 0x755fe09c89a0>, '_data': {'accuracy': 0.991916298866272, 'loss': 0.004780617076903582, 'total_samples': 2103, 'actual_attack': 1621, 'actual_normal': 482, 'predicted_attack': 1620, 'predicted_normal': 483, 'true_positives': 1612, 'true_negatives': 474, 'false_positives': 8, 'false_negatives': 9, 'precision': 0.9950617283950617, 'recall': 0.9944478716841456, 'f1_score': 0.9947547053378588}}
[DEBUG _get_metrics] res_item[1].keys(): ['accuracy', 'loss', 'total_samples', 'actual_attack', 'actual_normal', 'predicted_attack', 'predicted_normal', 'true_positives', 'true_negatives', 'false_positives', 'false_negatives', 'precision', 'recall', 'f1_score']
[DEBUG _get_metrics] Extracted from ConfigRecord._data
[DEBUG _get_metrics] res_item[1] type: ConfigRecord
[DEBUG _get_metrics] res_item[1] has metrics attr: False
[DEBUG _get_metrics] res_item[1].__dict__: {'_check_key_fn': <function _check_key at 0x755feb1d4900>, '_check_value_fn': <function _check_value at 0x755fe09c89a0>, '_data': {'accuracy': 0.99239182472229, 'loss': 0.0044468846172094345, 'total_samples': 2103, 'actual_attack': 1621, 'actual_normal': 482, 'predicted_attack': 1619, 'predicted_normal': 484, 'true_positives': 1612, 'true_negatives': 475, 'false_positives': 7, 'false_negatives': 9, 'precision': 0.9956763434218654, 'recall': 0.9944478716841456, 'f1_score': 0.9950617283950618}}
[DEBUG _get_metrics] res_item[1].keys(): ['accuracy', 'loss', 'total_samples', 'actual_attack', 'actual_normal', 'predicted_attack', 'predicted_normal', 'true_positives', 'true_negatives', 'false_positives', 'false_negatives', 'precision', 'recall', 'f1_score']
[DEBUG _get_metrics] Extracted from ConfigRecord._data
[DEBUG _get_metrics] res_item[1] type: ConfigRecord
[DEBUG _get_metrics] res_item[1] has metrics attr: False
[DEBUG _get_metrics] res_item[1].__dict__: {'_check_key_fn': <function _check_key at 0x755feb1d4900>, '_check_value_fn': <function _check_value at 0x755fe09c89a0>, '_data': {'accuracy': 0.9914489388465881, 'loss': 0.005440707318484783, 'total_samples': 2105, 'actual_attack': 1622, 'actual_normal': 483, 'predicted_attack': 1620, 'predicted_normal': 485, 'true_positives': 1612, 'true_negatives': 475, 'false_positives': 8, 'false_negatives': 10, 'precision': 0.9950617283950617, 'recall': 0.9938347718865598, 'f1_score': 0.9944478716841455}}
[DEBUG _get_metrics] res_item[1].keys(): ['accuracy', 'loss', 'total_samples', 'actual_attack', 'actual_normal', 'predicted_attack', 'predicted_normal', 'true_positives', 'true_negatives', 'false_positives', 'false_negatives', 'precision', 'recall', 'f1_score']
[DEBUG _get_metrics] Extracted from ConfigRecord._data
[DEBUG _get_metrics] res_item[1] type: ConfigRecord
[DEBUG _get_metrics] res_item[1] has metrics attr: False
[DEBUG _get_metrics] res_item[1].__dict__: {'_check_key_fn': <function _check_key at 0x755feb1d4900>, '_check_value_fn': <function _check_value at 0x755fe09c89a0>, '_data': {'accuracy': 0.991916298866272, 'loss': 0.004780617076903582, 'total_samples': 2103, 'actual_attack': 1621, 'actual_normal': 482, 'predicted_attack': 1620, 'predicted_normal': 483, 'true_positives': 1612, 'true_negatives': 474, 'false_positives': 8, 'false_negatives': 9, 'precision': 0.9950617283950617, 'recall': 0.9944478716841456, 'f1_score': 0.9947547053378588}}
[DEBUG _get_metrics] res_item[1].keys(): ['accuracy', 'loss', 'total_samples', 'actual_attack', 'actual_normal', 'predicted_attack', 'predicted_normal', 'true_positives', 'true_negatives', 'false_positives', 'false_negatives', 'precision', 'recall', 'f1_score']
[DEBUG _get_metrics] Extracted from ConfigRecord._data
[DEBUG] Extracted 4 metrics from results

[Evaluation Summary]
============================================================
Round: 51 / 60
Accuracy (mean):  0.9919  (99.19%)
Loss:             0.0049
[Per-Device Accuracy]
  - Device 0:  0.9919  (99.19%)
  - Device 1:  0.9924  (99.24%)
  - Device 2:  0.9914  (99.14%)
  - Device 3:  0.9919  (99.19%)

[Ground Truth]
  - Attack samples: 1621
  - Normal samples: 482
  - Total samples:  2103

[Predictions]
  - Predicted Attack:  1620
  - Predicted Normal:  483

[Confusion Matrix]
  - True Positives (TP):  1612
  - True Negatives (TN):  474
  - False Positives (FP): 8
  - False Negatives (FN): 9

[Metrics]
  - Precision:  0.9952  (99.52%)
  - Recall:     0.9943  (99.43%)
  - F1-Score:   0.9948  (99.48%)
============================================================

[DEBUG] evaluate_metrics_aggregation_fn called with 4 results
[DEBUG] results type: <class 'list'>
[DEBUG] First result type: <class 'tuple'>
[DEBUG] First result length: 2
[DEBUG] results[0][0] type: <class 'int'>
[DEBUG] results[0][1] type: <class 'flwr.app.message.configrecord.ConfigRecord'>
[DEBUG _get_metrics] res_item[1] type: ConfigRecord
[DEBUG _get_metrics] res_item[1] has metrics attr: False
[DEBUG _get_metrics] res_item[1].__dict__: {'_check_key_fn': <function _check_key at 0x755feb1d4900>, '_check_value_fn': <function _check_value at 0x755fe09c89a0>, '_data': {'accuracy': 0.9914489388465881, 'loss': 0.005450223572552204, 'total_samples': 2105, 'actual_attack': 1622, 'actual_normal': 483, 'predicted_attack': 1620, 'predicted_normal': 485, 'true_positives': 1612, 'true_negatives': 475, 'false_positives': 8, 'false_negatives': 10, 'precision': 0.9950617283950617, 'recall': 0.9938347718865598, 'f1_score': 0.9944478716841455}}
[DEBUG _get_metrics] res_item[1].keys(): ['accuracy', 'loss', 'total_samples', 'actual_attack', 'actual_normal', 'predicted_attack', 'predicted_normal', 'true_positives', 'true_negatives', 'false_positives', 'false_negatives', 'precision', 'recall', 'f1_score']
[DEBUG _get_metrics] Extracted from ConfigRecord._data
[DEBUG _get_metrics] res_item[1] type: ConfigRecord
[DEBUG _get_metrics] res_item[1] has metrics attr: False
[DEBUG _get_metrics] res_item[1].__dict__: {'_check_key_fn': <function _check_key at 0x755feb1d4900>, '_check_value_fn': <function _check_value at 0x755fe09c89a0>, '_data': {'accuracy': 0.991916298866272, 'loss': 0.004790359176695347, 'total_samples': 2103, 'actual_attack': 1621, 'actual_normal': 482, 'predicted_attack': 1620, 'predicted_normal': 483, 'true_positives': 1612, 'true_negatives': 474, 'false_positives': 8, 'false_negatives': 9, 'precision': 0.9950617283950617, 'recall': 0.9944478716841456, 'f1_score': 0.9947547053378588}}
[DEBUG _get_metrics] res_item[1].keys(): ['accuracy', 'loss', 'total_samples', 'actual_attack', 'actual_normal', 'predicted_attack', 'predicted_normal', 'true_positives', 'true_negatives', 'false_positives', 'false_negatives', 'precision', 'recall', 'f1_score']
[DEBUG _get_metrics] Extracted from ConfigRecord._data
[DEBUG _get_metrics] res_item[1] type: ConfigRecord
[DEBUG _get_metrics] res_item[1] has metrics attr: False
[DEBUG _get_metrics] res_item[1].__dict__: {'_check_key_fn': <function _check_key at 0x755feb1d4900>, '_check_value_fn': <function _check_value at 0x755fe09c89a0>, '_data': {'accuracy': 0.991916298866272, 'loss': 0.004790359176695347, 'total_samples': 2103, 'actual_attack': 1621, 'actual_normal': 482, 'predicted_attack': 1620, 'predicted_normal': 483, 'true_positives': 1612, 'true_negatives': 474, 'false_positives': 8, 'false_negatives': 9, 'precision': 0.9950617283950617, 'recall': 0.9944478716841456, 'f1_score': 0.9947547053378588}}
[DEBUG _get_metrics] res_item[1].keys(): ['accuracy', 'loss', 'total_samples', 'actual_attack', 'actual_normal', 'predicted_attack', 'predicted_normal', 'true_positives', 'true_negatives', 'false_positives', 'false_negatives', 'precision', 'recall', 'f1_score']
[DEBUG _get_metrics] Extracted from ConfigRecord._data
[DEBUG _get_metrics] res_item[1] type: ConfigRecord
[DEBUG _get_metrics] res_item[1] has metrics attr: False[92mINFO [0m:      
[92mINFO [0m:      [ROUND 53]
[92mINFO [0m:      configure_fit: strategy sampled 4 clients (out of 4)
[92mINFO [0m:      aggregate_fit: received 4 results and 0 failures
[92mINFO [0m:      configure_evaluate: strategy sampled 4 clients (out of 4)
[92mINFO [0m:      aggregate_evaluate: received 4 results and 0 failures
[92mINFO [0m:      
[92mINFO [0m:      [ROUND 54]
[92mINFO [0m:      configure_fit: strategy sampled 4 clients (out of 4)
[92mINFO [0m:      aggregate_fit: received 4 results and 0 failures
[92mINFO [0m:      configure_evaluate: strategy sampled 4 clients (out of 4)
[92mINFO [0m:      aggregate_evaluate: received 4 results and 0 failures

[DEBUG _get_metrics] res_item[1].__dict__: {'_check_key_fn': <function _check_key at 0x755feb1d4900>, '_check_value_fn': <function _check_value at 0x755fe09c89a0>, '_data': {'accuracy': 0.99239182472229, 'loss': 0.004475858062505722, 'total_samples': 2103, 'actual_attack': 1621, 'actual_normal': 482, 'predicted_attack': 1619, 'predicted_normal': 484, 'true_positives': 1612, 'true_negatives': 475, 'false_positives': 7, 'false_negatives': 9, 'precision': 0.9956763434218654, 'recall': 0.9944478716841456, 'f1_score': 0.9950617283950618}}
[DEBUG _get_metrics] res_item[1].keys(): ['accuracy', 'loss', 'total_samples', 'actual_attack', 'actual_normal', 'predicted_attack', 'predicted_normal', 'true_positives', 'true_negatives', 'false_positives', 'false_negatives', 'precision', 'recall', 'f1_score']
[DEBUG _get_metrics] Extracted from ConfigRecord._data
[DEBUG] Extracted 4 metrics from results

[Evaluation Summary]
============================================================
Round: 52 / 60
Accuracy (mean):  0.9919  (99.19%)
Loss:             0.0049
[Per-Device Accuracy]
  - Device 0:  0.9914  (99.14%)
  - Device 1:  0.9919  (99.19%)
  - Device 2:  0.9919  (99.19%)
  - Device 3:  0.9924  (99.24%)

[Ground Truth]
  - Attack samples: 1622
  - Normal samples: 483
  - Total samples:  2105

[Predictions]
  - Predicted Attack:  1620
  - Predicted Normal:  485

[Confusion Matrix]
  - True Positives (TP):  1612
  - True Negatives (TN):  475
  - False Positives (FP): 8
  - False Negatives (FN): 10

[Metrics]
  - Precision:  0.9952  (99.52%)
  - Recall:     0.9943  (99.43%)
  - F1-Score:   0.9948  (99.48%)
============================================================

[36m(ClientAppActor pid=820728)[0m [Client 2] Class weights (smoothed): {0: 1.2942450559445926, 1: 0.7057549440554073}[32m [repeated 16x across cluster][0m
[DEBUG] evaluate_metrics_aggregation_fn called with 4 results
[DEBUG] results type: <class 'list'>
[DEBUG] First result type: <class 'tuple'>
[DEBUG] First result length: 2
[DEBUG] results[0][0] type: <class 'int'>
[DEBUG] results[0][1] type: <class 'flwr.app.message.configrecord.ConfigRecord'>
[DEBUG _get_metrics] res_item[1] type: ConfigRecord
[DEBUG _get_metrics] res_item[1] has metrics attr: False
[DEBUG _get_metrics] res_item[1].__dict__: {'_check_key_fn': <function _check_key at 0x755feb1d4900>, '_check_value_fn': <function _check_value at 0x755fe09c89a0>, '_data': {'accuracy': 0.99239182472229, 'loss': 0.004499529954046011, 'total_samples': 2103, 'actual_attack': 1621, 'actual_normal': 482, 'predicted_attack': 1619, 'predicted_normal': 484, 'true_positives': 1612, 'true_negatives': 475, 'false_positives': 7, 'false_negatives': 9, 'precision': 0.9956763434218654, 'recall': 0.9944478716841456, 'f1_score': 0.9950617283950618}}
[DEBUG _get_metrics] res_item[1].keys(): ['accuracy', 'loss', 'total_samples', 'actual_attack', 'actual_normal', 'predicted_attack', 'predicted_normal', 'true_positives', 'true_negatives', 'false_positives', 'false_negatives', 'precision', 'recall', 'f1_score']
[DEBUG _get_metrics] Extracted from ConfigRecord._data
[DEBUG _get_metrics] res_item[1] type: ConfigRecord
[DEBUG _get_metrics] res_item[1] has metrics attr: False
[DEBUG _get_metrics] res_item[1].__dict__: {'_check_key_fn': <function _check_key at 0x755feb1d4900>, '_check_value_fn': <function _check_value at 0x755fe09c89a0>, '_data': {'accuracy': 0.9909738898277283, 'loss': 0.005469197407364845, 'total_samples': 2105, 'actual_attack': 1622, 'actual_normal': 483, 'predicted_attack': 1619, 'predicted_normal': 486, 'true_positives': 1611, 'true_negatives': 475, 'false_positives': 8, 'false_negatives': 11, 'precision': 0.9950586781964176, 'recall': 0.9932182490752158, 'f1_score': 0.994137611848195}}
[DEBUG _get_metrics] res_item[1].keys(): ['accuracy', 'loss', 'total_samples', 'actual_attack', 'actual_normal', 'predicted_attack', 'predicted_normal', 'true_positives', 'true_negatives', 'false_positives', 'false_negatives', 'precision', 'recall', 'f1_score']
[DEBUG _get_metrics] Extracted from ConfigRecord._data
[DEBUG _get_metrics] res_item[1] type: ConfigRecord
[DEBUG _get_metrics] res_item[1] has metrics attr: False
[DEBUG _get_metrics] res_item[1].__dict__: {'_check_key_fn': <function _check_key at 0x755feb1d4900>, '_check_value_fn': <function _check_value at 0x755fe09c89a0>, '_data': {'accuracy': 0.991916298866272, 'loss': 0.004793626256287098, 'total_samples': 2103, 'actual_attack': 1621, 'actual_normal': 482, 'predicted_attack': 1620, 'predicted_normal': 483, 'true_positives': 1612, 'true_negatives': 474, 'false_positives': 8, 'false_negatives': 9, 'precision': 0.9950617283950617, 'recall': 0.9944478716841456, 'f1_score': 0.9947547053378588}}
[DEBUG _get_metrics] res_item[1].keys(): ['accuracy', 'loss', 'total_samples', 'actual_attack', 'actual_normal', 'predicted_attack', 'predicted_normal', 'true_positives', 'true_negatives', 'false_positives', 'false_negatives', 'precision', 'recall', 'f1_score']
[DEBUG _get_metrics] Extracted from ConfigRecord._data
[DEBUG _get_metrics] res_item[1] type: ConfigRecord
[DEBUG _get_metrics] res_item[1] has metrics attr: False
[DEBUG _get_metrics] res_item[1].__dict__: {'_check_key_fn': <function _check_key at 0x755feb1d4900>, '_check_value_fn': <function _check_value at 0x755fe09c89a0>, '_data': {'accuracy': 0.991916298866272, 'loss': 0.004793626256287098, 'total_samples': 2103, 'actual_attack': 1621, 'actual_normal': 482, 'predicted_attack': 1620, 'predicted_normal': 483, 'true_positives': 1612, 'true_negatives': 474, 'false_positives': 8, 'false_negatives': 9, 'precision': 0.9950617283950617, 'recall': 0.9944478716841456, 'f1_score': 0.9947547053378588}}
[DEBUG _get_metrics] res_item[1].keys(): ['accuracy', 'loss', 'total_samples', 'actual_attack', 'actual_normal', 'predicted_attack', 'predicted_normal', 'true_positives', 'true_negatives', 'false_positives', 'false_negatives', 'precision', 'recall', 'f1_score']
[DEBUG _get_metrics] Extracted from ConfigRecord._data
[DEBUG] Extracted 4 metrics from results

[Evaluation Summary]
============================================================
Round: 53 / 60
Accuracy (mean):  0.9918  (99.18%)
Loss:             0.0049
[Per-Device Accuracy]
  - Device 0:  0.9924  (99.24%)
  - Device 1:  0.9910  (99.10%)
  - Device 2:  0.9919  (99.19%)
  - Device 3:  0.9919  (99.19%)

[Ground Truth]
  - Attack samples: 1621
  - Normal samples: 482
  - Total samples:  2103

[Predictions]
  - Predicted Attack:  1619
  - Predicted Normal:  484

[Confusion Matrix]
  - True Positives (TP):  1612
  - True Negatives (TN):  475
  - False Positives (FP): 7
  - False Negatives (FN): 9

[Metrics]
  - Precision:  0.9952  (99.52%)
  - Recall:     0.9941  (99.41%)
  - F1-Score:   0.9947  (99.47%)
============================================================

[DEBUG] evaluate_metrics_aggregation_fn called with 4 results
[DEBUG] results type: <class 'list'>
[DEBUG] First result type: <class 'tuple'>
[DEBUG] First result length: 2
[DEBUG] results[0][0] type: <class 'int'>
[DEBUG] results[0][1] type: <class 'flwr.app.message.configrecord.ConfigRecord'>
[DEBUG _get_metrics] res_item[1] type: ConfigRecord
[DEBUG _get_metrics] res_item[1] has metrics attr: False
[DEBUG _get_metrics] res_item[1].__dict__: {'_check_key_fn': <function _check_key at 0x755feb1d4900>, '_check_value_fn': <function _check_value at 0x755fe09c89a0>, '_data': {'accuracy': 0.991916298866272, 'loss': 0.004728060215711594, 'total_samples': 2103, 'actual_attack': 1621, 'actual_normal': 482, 'predicted_attack': 1620, 'predicted_normal': 483, 'true_positives': 1612, 'true_negatives': 474, 'false_positives': 8, 'false_negatives': 9, 'precision': 0.9950617283950617, 'recall': 0.9944478716841456, 'f1_score': 0.9947547053378588}}
[DEBUG _get_metrics] res_item[1].keys(): ['accuracy', 'loss', 'total_samples', 'actual_attack', 'actual_normal', 'predicted_attack', 'predicted_normal', 'true_positives', 'true_negatives', 'false_positives', 'false_negatives', 'precision', 'recall', 'f1_score']
[DEBUG _get_metrics] Extracted from ConfigRecord._data
[DEBUG _get_metrics] res_item[1] type: ConfigRecord
[DEBUG _get_metrics] res_item[1] has metrics attr: False
[DEBUG _get_metrics] res_item[1].__dict__: {'_check_key_fn': <function _check_key at 0x755feb1d4900>, '_check_value_fn': <function _check_value at 0x755fe09c89a0>, '_data': {'accuracy': 0.9909738898277283, 'loss': 0.005418809130787849, 'total_samples': 2105, 'actual_attack': 1622, 'actual_normal': 483, 'predicted_attack': 1619, 'predicted_normal': 486, 'true_positives': 1611, 'true_negatives': 475, 'false_positives': 8, 'false_negatives': 11, 'precision': 0.9950586781964176, 'recall': 0.9932182490752158, 'f1_score': 0.994137611848195}}[92mINFO [0m:      
[92mINFO [0m:      [ROUND 55]
[92mINFO [0m:      configure_fit: strategy sampled 4 clients (out of 4)
[92mINFO [0m:      aggregate_fit: received 4 results and 0 failures
[92mINFO [0m:      configure_evaluate: strategy sampled 4 clients (out of 4)
[92mINFO [0m:      aggregate_evaluate: received 4 results and 0 failures

[DEBUG _get_metrics] res_item[1].keys(): ['accuracy', 'loss', 'total_samples', 'actual_attack', 'actual_normal', 'predicted_attack', 'predicted_normal', 'true_positives', 'true_negatives', 'false_positives', 'false_negatives', 'precision', 'recall', 'f1_score']
[DEBUG _get_metrics] Extracted from ConfigRecord._data
[DEBUG _get_metrics] res_item[1] type: ConfigRecord
[DEBUG _get_metrics] res_item[1] has metrics attr: False
[DEBUG _get_metrics] res_item[1].__dict__: {'_check_key_fn': <function _check_key at 0x755feb1d4900>, '_check_value_fn': <function _check_value at 0x755fe09c89a0>, '_data': {'accuracy': 0.99239182472229, 'loss': 0.004443369340151548, 'total_samples': 2103, 'actual_attack': 1621, 'actual_normal': 482, 'predicted_attack': 1619, 'predicted_normal': 484, 'true_positives': 1612, 'true_negatives': 475, 'false_positives': 7, 'false_negatives': 9, 'precision': 0.9956763434218654, 'recall': 0.9944478716841456, 'f1_score': 0.9950617283950618}}
[DEBUG _get_metrics] res_item[1].keys(): ['accuracy', 'loss', 'total_samples', 'actual_attack', 'actual_normal', 'predicted_attack', 'predicted_normal', 'true_positives', 'true_negatives', 'false_positives', 'false_negatives', 'precision', 'recall', 'f1_score']
[DEBUG _get_metrics] Extracted from ConfigRecord._data
[DEBUG _get_metrics] res_item[1] type: ConfigRecord
[DEBUG _get_metrics] res_item[1] has metrics attr: False
[DEBUG _get_metrics] res_item[1].__dict__: {'_check_key_fn': <function _check_key at 0x755feb1d4900>, '_check_value_fn': <function _check_value at 0x755fe09c89a0>, '_data': {'accuracy': 0.991916298866272, 'loss': 0.004728060215711594, 'total_samples': 2103, 'actual_attack': 1621, 'actual_normal': 482, 'predicted_attack': 1620, 'predicted_normal': 483, 'true_positives': 1612, 'true_negatives': 474, 'false_positives': 8, 'false_negatives': 9, 'precision': 0.9950617283950617, 'recall': 0.9944478716841456, 'f1_score': 0.9947547053378588}}
[DEBUG _get_metrics] res_item[1].keys(): ['accuracy', 'loss', 'total_samples', 'actual_attack', 'actual_normal', 'predicted_attack', 'predicted_normal', 'true_positives', 'true_negatives', 'false_positives', 'false_negatives', 'precision', 'recall', 'f1_score']
[DEBUG _get_metrics] Extracted from ConfigRecord._data
[DEBUG] Extracted 4 metrics from results

[Evaluation Summary]
============================================================
Round: 54 / 60
Accuracy (mean):  0.9918  (99.18%)
Loss:             0.0048
[Per-Device Accuracy]
  - Device 0:  0.9919  (99.19%)
  - Device 1:  0.9910  (99.10%)
  - Device 2:  0.9924  (99.24%)
  - Device 3:  0.9919  (99.19%)

[Ground Truth]
  - Attack samples: 1621
  - Normal samples: 482
  - Total samples:  2103

[Predictions]
  - Predicted Attack:  1620
  - Predicted Normal:  483

[Confusion Matrix]
  - True Positives (TP):  1612
  - True Negatives (TN):  474
  - False Positives (FP): 8
  - False Negatives (FN): 9

[Metrics]
  - Precision:  0.9952  (99.52%)
  - Recall:     0.9941  (99.41%)
  - F1-Score:   0.9947  (99.47%)
============================================================

[Round 55] Client contributions:
  Client samples: 18,931 (weight: 0.2500)
  Client samples: 18,931 (weight: 0.2500)
  Client samples: 18,931 (weight: 0.2500)
  Client samples: 18,932 (weight: 0.2500)
[36m(ClientAppActor pid=820720)[0m [Client 3] Class weights (smoothed): {0: 1.2942450559445926, 1: 0.7057549440554073}[32m [repeated 16x across cluster][0m
[DEBUG] evaluate_metrics_aggregation_fn called with 4 results
[DEBUG] results type: <class 'list'>
[DEBUG] First result type: <class 'tuple'>
[DEBUG] First result length: 2
[DEBUG] results[0][0] type: <class 'int'>
[DEBUG] results[0][1] type: <class 'flwr.app.message.configrecord.ConfigRecord'>
[DEBUG _get_metrics] res_item[1] type: ConfigRecord
[DEBUG _get_metrics] res_item[1] has metrics attr: False
[DEBUG _get_metrics] res_item[1].__dict__: {'_check_key_fn': <function _check_key at 0x755feb1d4900>, '_check_value_fn': <function _check_value at 0x755fe09c89a0>, '_data': {'accuracy': 0.99239182472229, 'loss': 0.0046652620658278465, 'total_samples': 2103, 'actual_attack': 1621, 'actual_normal': 482, 'predicted_attack': 1621, 'predicted_normal': 482, 'true_positives': 1613, 'true_negatives': 474, 'false_positives': 8, 'false_negatives': 8, 'precision': 0.9950647748303516, 'recall': 0.9950647748303516, 'f1_score': 0.9950647748303516}}
[DEBUG _get_metrics] res_item[1].keys(): ['accuracy', 'loss', 'total_samples', 'actual_attack', 'actual_normal', 'predicted_attack', 'predicted_normal', 'true_positives', 'true_negatives', 'false_positives', 'false_negatives', 'precision', 'recall', 'f1_score']
[DEBUG _get_metrics] Extracted from ConfigRecord._data
[DEBUG _get_metrics] res_item[1] type: ConfigRecord
[DEBUG _get_metrics] res_item[1] has metrics attr: False
[DEBUG _get_metrics] res_item[1].__dict__: {'_check_key_fn': <function _check_key at 0x755feb1d4900>, '_check_value_fn': <function _check_value at 0x755fe09c89a0>, '_data': {'accuracy': 0.99239182472229, 'loss': 0.0046652620658278465, 'total_samples': 2103, 'actual_attack': 1621, 'actual_normal': 482, 'predicted_attack': 1621, 'predicted_normal': 482, 'true_positives': 1613, 'true_negatives': 474, 'false_positives': 8, 'false_negatives': 8, 'precision': 0.9950647748303516, 'recall': 0.9950647748303516, 'f1_score': 0.9950647748303516}}
[DEBUG _get_metrics] res_item[1].keys(): ['accuracy', 'loss', 'total_samples', 'actual_attack', 'actual_normal', 'predicted_attack', 'predicted_normal', 'true_positives', 'true_negatives', 'false_positives', 'false_negatives', 'precision', 'recall', 'f1_score']
[DEBUG _get_metrics] Extracted from ConfigRecord._data
[DEBUG _get_metrics] res_item[1] type: ConfigRecord
[DEBUG _get_metrics] res_item[1] has metrics attr: False
[DEBUG _get_metrics] res_item[1].__dict__: {'_check_key_fn': <function _check_key at 0x755feb1d4900>, '_check_value_fn': <function _check_value at 0x755fe09c89a0>, '_data': {'accuracy': 0.9909738898277283, 'loss': 0.005356112495064735, 'total_samples': 2105, 'actual_attack': 1622, 'actual_normal': 483, 'predicted_attack': 1619, 'predicted_normal': 486, 'true_positives': 1611, 'true_negatives': 475, 'false_positives': 8, 'false_negatives': 11, 'precision': 0.9950586781964176, 'recall': 0.9932182490752158, 'f1_score': 0.994137611848195}}
[DEBUG _get_metrics] res_item[1].keys(): ['accuracy', 'loss', 'total_samples', 'actual_attack', 'actual_normal', 'predicted_attack', 'predicted_normal', 'true_positives', 'true_negatives', 'false_positives', 'false_negatives', 'precision', 'recall', 'f1_score']
[DEBUG _get_metrics] Extracted from ConfigRecord._data
[DEBUG _get_metrics] res_item[1] type: ConfigRecord
[DEBUG _get_metrics] res_item[1] has metrics attr: False
[DEBUG _get_metrics] res_item[1].__dict__: {'_check_key_fn': <function _check_key at 0x755feb1d4900>, '_check_value_fn': <function _check_value at 0x755fe09c89a0>, '_data': {'accuracy': 0.99239182472229, 'loss': 0.004381545819342136, 'total_samples': 2103, 'actual_attack': 1621, 'actual_normal': 482, 'predicted_attack': 1619, 'predicted_normal': 484, 'true_positives': 1612, 'true_negatives': 475, 'false_positives': 7, 'false_negatives': 9, 'precision': 0.9956763434218654, 'recall': 0.9944478716841456, 'f1_score': 0.9950617283950618}}
[DEBUG _get_metrics] res_item[1].keys(): ['accuracy', 'loss', 'total_samples', 'actual_attack', 'actual_normal', 'predicted_attack', 'predicted_normal', 'true_positives', 'true_negatives', 'false_positives', 'false_negatives', 'precision', 'recall', 'f1_score']
[DEBUG _get_metrics] Extracted from ConfigRecord._data
[DEBUG] Extracted 4 metrics from results

[Evaluation Summary]
============================================================
Round: 55 / 60
Accuracy (mean):  0.9920  (99.20%)
Loss:             0.0048
[Per-Device Accuracy]
  - Device 0:  0.9924  (99.24%)
  - Device 1:  0.9924  (99.24%)
  - Device 2:  0.9910  (99.10%)
  - Device 3:  0.9924  (99.24%)

[Ground Truth]
  - Attack samples: 1621
  - Normal samples: 482
  - Total samples:  2103

[Predictions]
  - Predicted Attack:  1621
  - Predicted Normal:  482

[Confusion Matrix]
  - True Positives (TP):  1613
  - True Negatives (TN):  474
  - False Positives (FP): 8[92mINFO [0m:      
[92mINFO [0m:      [ROUND 56]
[92mINFO [0m:      configure_fit: strategy sampled 4 clients (out of 4)
[92mINFO [0m:      aggregate_fit: received 4 results and 0 failures
[92mINFO [0m:      configure_evaluate: strategy sampled 4 clients (out of 4)
[92mINFO [0m:      aggregate_evaluate: received 4 results and 0 failures
[92mINFO [0m:      
[92mINFO [0m:      [ROUND 57]
[92mINFO [0m:      configure_fit: strategy sampled 4 clients (out of 4)
[92mINFO [0m:      aggregate_fit: received 4 results and 0 failures
[92mINFO [0m:      configure_evaluate: strategy sampled 4 clients (out of 4)
[92mINFO [0m:      aggregate_evaluate: received 4 results and 0 failures

  - False Negatives (FN): 8

[Metrics]
  - Precision:  0.9952  (99.52%)
  - Recall:     0.9944  (99.44%)
  - F1-Score:   0.9948  (99.48%)
============================================================

[DEBUG] evaluate_metrics_aggregation_fn called with 4 results
[DEBUG] results type: <class 'list'>
[DEBUG] First result type: <class 'tuple'>
[DEBUG] First result length: 2
[DEBUG] results[0][0] type: <class 'int'>
[DEBUG] results[0][1] type: <class 'flwr.app.message.configrecord.ConfigRecord'>
[DEBUG _get_metrics] res_item[1] type: ConfigRecord
[DEBUG _get_metrics] res_item[1] has metrics attr: False
[DEBUG _get_metrics] res_item[1].__dict__: {'_check_key_fn': <function _check_key at 0x755feb1d4900>, '_check_value_fn': <function _check_value at 0x755fe09c89a0>, '_data': {'accuracy': 0.99239182472229, 'loss': 0.004677533637732267, 'total_samples': 2103, 'actual_attack': 1621, 'actual_normal': 482, 'predicted_attack': 1621, 'predicted_normal': 482, 'true_positives': 1613, 'true_negatives': 474, 'false_positives': 8, 'false_negatives': 8, 'precision': 0.9950647748303516, 'recall': 0.9950647748303516, 'f1_score': 0.9950647748303516}}
[DEBUG _get_metrics] res_item[1].keys(): ['accuracy', 'loss', 'total_samples', 'actual_attack', 'actual_normal', 'predicted_attack', 'predicted_normal', 'true_positives', 'true_negatives', 'false_positives', 'false_negatives', 'precision', 'recall', 'f1_score']
[DEBUG _get_metrics] Extracted from ConfigRecord._data
[DEBUG _get_metrics] res_item[1] type: ConfigRecord
[DEBUG _get_metrics] res_item[1] has metrics attr: False
[DEBUG _get_metrics] res_item[1].__dict__: {'_check_key_fn': <function _check_key at 0x755feb1d4900>, '_check_value_fn': <function _check_value at 0x755fe09c89a0>, '_data': {'accuracy': 0.99239182472229, 'loss': 0.0043856306001544, 'total_samples': 2103, 'actual_attack': 1621, 'actual_normal': 482, 'predicted_attack': 1619, 'predicted_normal': 484, 'true_positives': 1612, 'true_negatives': 475, 'false_positives': 7, 'false_negatives': 9, 'precision': 0.9956763434218654, 'recall': 0.9944478716841456, 'f1_score': 0.9950617283950618}}
[DEBUG _get_metrics] res_item[1].keys(): ['accuracy', 'loss', 'total_samples', 'actual_attack', 'actual_normal', 'predicted_attack', 'predicted_normal', 'true_positives', 'true_negatives', 'false_positives', 'false_negatives', 'precision', 'recall', 'f1_score']
[DEBUG _get_metrics] Extracted from ConfigRecord._data
[DEBUG _get_metrics] res_item[1] type: ConfigRecord
[DEBUG _get_metrics] res_item[1] has metrics attr: False
[DEBUG _get_metrics] res_item[1].__dict__: {'_check_key_fn': <function _check_key at 0x755feb1d4900>, '_check_value_fn': <function _check_value at 0x755fe09c89a0>, '_data': {'accuracy': 0.99239182472229, 'loss': 0.004677533637732267, 'total_samples': 2103, 'actual_attack': 1621, 'actual_normal': 482, 'predicted_attack': 1621, 'predicted_normal': 482, 'true_positives': 1613, 'true_negatives': 474, 'false_positives': 8, 'false_negatives': 8, 'precision': 0.9950647748303516, 'recall': 0.9950647748303516, 'f1_score': 0.9950647748303516}}
[DEBUG _get_metrics] res_item[1].keys(): ['accuracy', 'loss', 'total_samples', 'actual_attack', 'actual_normal', 'predicted_attack', 'predicted_normal', 'true_positives', 'true_negatives', 'false_positives', 'false_negatives', 'precision', 'recall', 'f1_score']
[DEBUG _get_metrics] Extracted from ConfigRecord._data
[DEBUG _get_metrics] res_item[1] type: ConfigRecord
[DEBUG _get_metrics] res_item[1] has metrics attr: False
[DEBUG _get_metrics] res_item[1].__dict__: {'_check_key_fn': <function _check_key at 0x755feb1d4900>, '_check_value_fn': <function _check_value at 0x755fe09c89a0>, '_data': {'accuracy': 0.9909738898277283, 'loss': 0.0053595914505422115, 'total_samples': 2105, 'actual_attack': 1622, 'actual_normal': 483, 'predicted_attack': 1619, 'predicted_normal': 486, 'true_positives': 1611, 'true_negatives': 475, 'false_positives': 8, 'false_negatives': 11, 'precision': 0.9950586781964176, 'recall': 0.9932182490752158, 'f1_score': 0.994137611848195}}
[DEBUG _get_metrics] res_item[1].keys(): ['accuracy', 'loss', 'total_samples', 'actual_attack', 'actual_normal', 'predicted_attack', 'predicted_normal', 'true_positives', 'true_negatives', 'false_positives', 'false_negatives', 'precision', 'recall', 'f1_score']
[DEBUG _get_metrics] Extracted from ConfigRecord._data
[DEBUG] Extracted 4 metrics from results

[Evaluation Summary]
============================================================
Round: 56 / 60
Accuracy (mean):  0.9920  (99.20%)
Loss:             0.0048
[Per-Device Accuracy]
  - Device 0:  0.9924  (99.24%)
  - Device 1:  0.9924  (99.24%)
  - Device 2:  0.9924  (99.24%)
  - Device 3:  0.9910  (99.10%)

[Ground Truth]
  - Attack samples: 1621
  - Normal samples: 482
  - Total samples:  2103

[Predictions]
  - Predicted Attack:  1621
  - Predicted Normal:  482

[Confusion Matrix]
  - True Positives (TP):  1613
  - True Negatives (TN):  474
  - False Positives (FP): 8
  - False Negatives (FN): 8

[Metrics]
  - Precision:  0.9952  (99.52%)
  - Recall:     0.9944  (99.44%)
  - F1-Score:   0.9948  (99.48%)
============================================================

[DEBUG] evaluate_metrics_aggregation_fn called with 4 results
[DEBUG] results type: <class 'list'>
[DEBUG] First result type: <class 'tuple'>
[DEBUG] First result length: 2
[DEBUG] results[0][0] type: <class 'int'>
[DEBUG] results[0][1] type: <class 'flwr.app.message.configrecord.ConfigRecord'>
[DEBUG _get_metrics] res_item[1] type: ConfigRecord
[DEBUG _get_metrics] res_item[1] has metrics attr: False
[DEBUG _get_metrics] res_item[1].__dict__: {'_check_key_fn': <function _check_key at 0x755feb1d4900>, '_check_value_fn': <function _check_value at 0x755fe09c89a0>, '_data': {'accuracy': 0.9928673505783081, 'loss': 0.004399722442030907, 'total_samples': 2103, 'actual_attack': 1621, 'actual_normal': 482, 'predicted_attack': 1618, 'predicted_normal': 485, 'true_positives': 1612, 'true_negatives': 476, 'false_positives': 6, 'false_negatives': 9, 'precision': 0.9962917181705809, 'recall': 0.9944478716841456, 'f1_score': 0.9953689410311826}}
[DEBUG _get_metrics] res_item[1].keys(): ['accuracy', 'loss', 'total_samples', 'actual_attack', 'actual_normal', 'predicted_attack', 'predicted_normal', 'true_positives', 'true_negatives', 'false_positives', 'false_negatives', 'precision', 'recall', 'f1_score']
[DEBUG _get_metrics] Extracted from ConfigRecord._data
[DEBUG _get_metrics] res_item[1] type: ConfigRecord
[DEBUG _get_metrics] res_item[1] has metrics attr: False
[DEBUG _get_metrics] res_item[1].__dict__: {'_check_key_fn': <function _check_key at 0x755feb1d4900>, '_check_value_fn': <function _check_value at 0x755fe09c89a0>, '_data': {'accuracy': 0.991916298866272, 'loss': 0.004713600035756826, 'total_samples': 2103, 'actual_attack': 1621, 'actual_normal': 482, 'predicted_attack': 1620, 'predicted_normal': 483, 'true_positives': 1612, 'true_negatives': 474, 'false_positives': 8, 'false_negatives': 9, 'precision': 0.9950617283950617, 'recall': 0.9944478716841456, 'f1_score': 0.9947547053378588}}
[DEBUG _get_metrics] res_item[1].keys(): ['accuracy', 'loss', 'total_samples', 'actual_attack', 'actual_normal', 'predicted_attack', 'predicted_normal', 'true_positives', 'true_negatives', 'false_positives', 'false_negatives', 'precision', 'recall', 'f1_score']
[DEBUG _get_metrics] Extracted from ConfigRecord._data
[DEBUG _get_metrics] res_item[1] type: ConfigRecord
[DEBUG _get_metrics] res_item[1] has metrics attr: False
[DEBUG _get_metrics] res_item[1].__dict__: {'_check_key_fn': <function _check_key at 0x755feb1d4900>, '_check_value_fn': <function _check_value at 0x755fe09c89a0>, '_data': {'accuracy': 0.991916298866272, 'loss': 0.004713600035756826, 'total_samples': 2103, 'actual_attack': 1621, 'actual_normal': 482, 'predicted_attack': 1620, 'predicted_normal': 483, 'true_positives': 1612, 'true_negatives': 474, 'false_positives': 8, 'false_negatives': 9, 'precision': 0.9950617283950617, 'recall': 0.9944478716841456, 'f1_score': 0.9947547053378588}}
[DEBUG _get_metrics] res_item[1].keys(): ['accuracy', 'loss', 'total_samples', 'actual_attack', 'actual_normal', 'predicted_attack', 'predicted_normal', 'true_positives', 'true_negatives', 'false_positives', 'false_negatives', 'precision', 'recall', 'f1_score'][92mINFO [0m:      
[92mINFO [0m:      [ROUND 58]
[92mINFO [0m:      configure_fit: strategy sampled 4 clients (out of 4)
[92mINFO [0m:      aggregate_fit: received 4 results and 0 failures
[92mINFO [0m:      configure_evaluate: strategy sampled 4 clients (out of 4)
[92mINFO [0m:      aggregate_evaluate: received 4 results and 0 failures
[92mINFO [0m:      
[92mINFO [0m:      [ROUND 59]
[92mINFO [0m:      configure_fit: strategy sampled 4 clients (out of 4)
[92mINFO [0m:      aggregate_fit: received 4 results and 0 failures
[92mINFO [0m:      configure_evaluate: strategy sampled 4 clients (out of 4)
[92mINFO [0m:      aggregate_evaluate: received 4 results and 0 failures

[DEBUG _get_metrics] Extracted from ConfigRecord._data
[DEBUG _get_metrics] res_item[1] type: ConfigRecord
[DEBUG _get_metrics] res_item[1] has metrics attr: False
[DEBUG _get_metrics] res_item[1].__dict__: {'_check_key_fn': <function _check_key at 0x755feb1d4900>, '_check_value_fn': <function _check_value at 0x755fe09c89a0>, '_data': {'accuracy': 0.9914489388465881, 'loss': 0.0053811268880963326, 'total_samples': 2105, 'actual_attack': 1622, 'actual_normal': 483, 'predicted_attack': 1618, 'predicted_normal': 487, 'true_positives': 1611, 'true_negatives': 476, 'false_positives': 7, 'false_negatives': 11, 'precision': 0.9956736711990112, 'recall': 0.9932182490752158, 'f1_score': 0.9944444444444446}}
[DEBUG _get_metrics] res_item[1].keys(): ['accuracy', 'loss', 'total_samples', 'actual_attack', 'actual_normal', 'predicted_attack', 'predicted_normal', 'true_positives', 'true_negatives', 'false_positives', 'false_negatives', 'precision', 'recall', 'f1_score']
[DEBUG _get_metrics] Extracted from ConfigRecord._data
[DEBUG] Extracted 4 metrics from results

[Evaluation Summary]
============================================================
Round: 57 / 60
Accuracy (mean):  0.9920  (99.20%)
Loss:             0.0048
[Per-Device Accuracy]
  - Device 0:  0.9929  (99.29%)
  - Device 1:  0.9919  (99.19%)
  - Device 2:  0.9919  (99.19%)
  - Device 3:  0.9914  (99.14%)

[Ground Truth]
  - Attack samples: 1621
  - Normal samples: 482
  - Total samples:  2103

[Predictions]
  - Predicted Attack:  1618
  - Predicted Normal:  485

[Confusion Matrix]
  - True Positives (TP):  1612
  - True Negatives (TN):  476
  - False Positives (FP): 6
  - False Negatives (FN): 9

[Metrics]
  - Precision:  0.9955  (99.55%)
  - Recall:     0.9941  (99.41%)
  - F1-Score:   0.9948  (99.48%)
============================================================

[36m(ClientAppActor pid=820728)[0m [Client 2] Class weights (smoothed): {0: 1.2942450559445926, 1: 0.7057549440554073}[32m [repeated 20x across cluster][0m
[DEBUG] evaluate_metrics_aggregation_fn called with 4 results
[DEBUG] results type: <class 'list'>
[DEBUG] First result type: <class 'tuple'>
[DEBUG] First result length: 2
[DEBUG] results[0][0] type: <class 'int'>
[DEBUG] results[0][1] type: <class 'flwr.app.message.configrecord.ConfigRecord'>
[DEBUG _get_metrics] res_item[1] type: ConfigRecord
[DEBUG _get_metrics] res_item[1] has metrics attr: False
[DEBUG _get_metrics] res_item[1].__dict__: {'_check_key_fn': <function _check_key at 0x755feb1d4900>, '_check_value_fn': <function _check_value at 0x755fe09c89a0>, '_data': {'accuracy': 0.9928673505783081, 'loss': 0.0044035776518285275, 'total_samples': 2103, 'actual_attack': 1621, 'actual_normal': 482, 'predicted_attack': 1618, 'predicted_normal': 485, 'true_positives': 1612, 'true_negatives': 476, 'false_positives': 6, 'false_negatives': 9, 'precision': 0.9962917181705809, 'recall': 0.9944478716841456, 'f1_score': 0.9953689410311826}}
[DEBUG _get_metrics] res_item[1].keys(): ['accuracy', 'loss', 'total_samples', 'actual_attack', 'actual_normal', 'predicted_attack', 'predicted_normal', 'true_positives', 'true_negatives', 'false_positives', 'false_negatives', 'precision', 'recall', 'f1_score']
[DEBUG _get_metrics] Extracted from ConfigRecord._data
[DEBUG _get_metrics] res_item[1] type: ConfigRecord
[DEBUG _get_metrics] res_item[1] has metrics attr: False
[DEBUG _get_metrics] res_item[1].__dict__: {'_check_key_fn': <function _check_key at 0x755feb1d4900>, '_check_value_fn': <function _check_value at 0x755fe09c89a0>, '_data': {'accuracy': 0.991916298866272, 'loss': 0.004716681316494942, 'total_samples': 2103, 'actual_attack': 1621, 'actual_normal': 482, 'predicted_attack': 1620, 'predicted_normal': 483, 'true_positives': 1612, 'true_negatives': 474, 'false_positives': 8, 'false_negatives': 9, 'precision': 0.9950617283950617, 'recall': 0.9944478716841456, 'f1_score': 0.9947547053378588}}
[DEBUG _get_metrics] res_item[1].keys(): ['accuracy', 'loss', 'total_samples', 'actual_attack', 'actual_normal', 'predicted_attack', 'predicted_normal', 'true_positives', 'true_negatives', 'false_positives', 'false_negatives', 'precision', 'recall', 'f1_score']
[DEBUG _get_metrics] Extracted from ConfigRecord._data
[DEBUG _get_metrics] res_item[1] type: ConfigRecord
[DEBUG _get_metrics] res_item[1] has metrics attr: False
[DEBUG _get_metrics] res_item[1].__dict__: {'_check_key_fn': <function _check_key at 0x755feb1d4900>, '_check_value_fn': <function _check_value at 0x755fe09c89a0>, '_data': {'accuracy': 0.9914489388465881, 'loss': 0.0053774104453623295, 'total_samples': 2105, 'actual_attack': 1622, 'actual_normal': 483, 'predicted_attack': 1618, 'predicted_normal': 487, 'true_positives': 1611, 'true_negatives': 476, 'false_positives': 7, 'false_negatives': 11, 'precision': 0.9956736711990112, 'recall': 0.9932182490752158, 'f1_score': 0.9944444444444446}}
[DEBUG _get_metrics] res_item[1].keys(): ['accuracy', 'loss', 'total_samples', 'actual_attack', 'actual_normal', 'predicted_attack', 'predicted_normal', 'true_positives', 'true_negatives', 'false_positives', 'false_negatives', 'precision', 'recall', 'f1_score']
[DEBUG _get_metrics] Extracted from ConfigRecord._data
[DEBUG _get_metrics] res_item[1] type: ConfigRecord
[DEBUG _get_metrics] res_item[1] has metrics attr: False
[DEBUG _get_metrics] res_item[1].__dict__: {'_check_key_fn': <function _check_key at 0x755feb1d4900>, '_check_value_fn': <function _check_value at 0x755fe09c89a0>, '_data': {'accuracy': 0.991916298866272, 'loss': 0.004716681316494942, 'total_samples': 2103, 'actual_attack': 1621, 'actual_normal': 482, 'predicted_attack': 1620, 'predicted_normal': 483, 'true_positives': 1612, 'true_negatives': 474, 'false_positives': 8, 'false_negatives': 9, 'precision': 0.9950617283950617, 'recall': 0.9944478716841456, 'f1_score': 0.9947547053378588}}
[DEBUG _get_metrics] res_item[1].keys(): ['accuracy', 'loss', 'total_samples', 'actual_attack', 'actual_normal', 'predicted_attack', 'predicted_normal', 'true_positives', 'true_negatives', 'false_positives', 'false_negatives', 'precision', 'recall', 'f1_score']
[DEBUG _get_metrics] Extracted from ConfigRecord._data
[DEBUG] Extracted 4 metrics from results

[Evaluation Summary]
============================================================
Round: 58 / 60
Accuracy (mean):  0.9920  (99.20%)
Loss:             0.0048
[Per-Device Accuracy]
  - Device 0:  0.9929  (99.29%)
  - Device 1:  0.9919  (99.19%)
  - Device 2:  0.9914  (99.14%)
  - Device 3:  0.9919  (99.19%)

[Ground Truth]
  - Attack samples: 1621
  - Normal samples: 482
  - Total samples:  2103

[Predictions]
  - Predicted Attack:  1618
  - Predicted Normal:  485

[Confusion Matrix]
  - True Positives (TP):  1612
  - True Negatives (TN):  476
  - False Positives (FP): 6
  - False Negatives (FN): 9

[Metrics]
  - Precision:  0.9955  (99.55%)
  - Recall:     0.9941  (99.41%)
  - F1-Score:   0.9948  (99.48%)
============================================================

[36m(ClientAppActor pid=820728)[0m [Client 2] Class weights (smoothed): {0: 1.2942450559445926, 1: 0.7057549440554073}[32m [repeated 12x across cluster][0m
[DEBUG] evaluate_metrics_aggregation_fn called with 4 results
[DEBUG] results type: <class 'list'>
[DEBUG] First result type: <class 'tuple'>
[DEBUG] First result length: 2
[DEBUG] results[0][0] type: <class 'int'>
[DEBUG] results[0][1] type: <class 'flwr.app.message.configrecord.ConfigRecord'>
[DEBUG _get_metrics] res_item[1] type: ConfigRecord
[DEBUG _get_metrics] res_item[1] has metrics attr: False
[DEBUG _get_metrics] res_item[1].__dict__: {'_check_key_fn': <function _check_key at 0x755feb1d4900>, '_check_value_fn': <function _check_value at 0x755fe09c89a0>, '_data': {'accuracy': 0.991923987865448, 'loss': 0.005397801753133535, 'total_samples': 2105, 'actual_attack': 1622, 'actual_normal': 483, 'predicted_attack': 1617, 'predicted_normal': 488, 'true_positives': 1611, 'true_negatives': 477, 'false_positives': 6, 'false_negatives': 11, 'precision': 0.9962894248608535, 'recall': 0.9932182490752158, 'f1_score': 0.9947514665020069}}
[DEBUG _get_metrics] res_item[1].keys(): ['accuracy', 'loss', 'total_samples', 'actual_attack', 'actual_normal', 'predicted_attack', 'predicted_normal', 'true_positives', 'true_negatives', 'false_positives', 'false_negatives', 'precision', 'recall', 'f1_score'][92mINFO [0m:      
[92mINFO [0m:      [ROUND 60]
[92mINFO [0m:      configure_fit: strategy sampled 4 clients (out of 4)
[92mINFO [0m:      aggregate_fit: received 4 results and 0 failures
[92mINFO [0m:      configure_evaluate: strategy sampled 4 clients (out of 4)
[92mINFO [0m:      aggregate_evaluate: received 4 results and 0 failures

[DEBUG _get_metrics] Extracted from ConfigRecord._data
[DEBUG _get_metrics] res_item[1] type: ConfigRecord
[DEBUG _get_metrics] res_item[1] has metrics attr: False
[DEBUG _get_metrics] res_item[1].__dict__: {'_check_key_fn': <function _check_key at 0x755feb1d4900>, '_check_value_fn': <function _check_value at 0x755fe09c89a0>, '_data': {'accuracy': 0.99239182472229, 'loss': 0.004746993537992239, 'total_samples': 2103, 'actual_attack': 1621, 'actual_normal': 482, 'predicted_attack': 1621, 'predicted_normal': 482, 'true_positives': 1613, 'true_negatives': 474, 'false_positives': 8, 'false_negatives': 8, 'precision': 0.9950647748303516, 'recall': 0.9950647748303516, 'f1_score': 0.9950647748303516}}
[DEBUG _get_metrics] res_item[1].keys(): ['accuracy', 'loss', 'total_samples', 'actual_attack', 'actual_normal', 'predicted_attack', 'predicted_normal', 'true_positives', 'true_negatives', 'false_positives', 'false_negatives', 'precision', 'recall', 'f1_score']
[DEBUG _get_metrics] Extracted from ConfigRecord._data
[DEBUG _get_metrics] res_item[1] type: ConfigRecord
[DEBUG _get_metrics] res_item[1] has metrics attr: False
[DEBUG _get_metrics] res_item[1].__dict__: {'_check_key_fn': <function _check_key at 0x755feb1d4900>, '_check_value_fn': <function _check_value at 0x755fe09c89a0>, '_data': {'accuracy': 0.99239182472229, 'loss': 0.004746993537992239, 'total_samples': 2103, 'actual_attack': 1621, 'actual_normal': 482, 'predicted_attack': 1621, 'predicted_normal': 482, 'true_positives': 1613, 'true_negatives': 474, 'false_positives': 8, 'false_negatives': 8, 'precision': 0.9950647748303516, 'recall': 0.9950647748303516, 'f1_score': 0.9950647748303516}}
[DEBUG _get_metrics] res_item[1].keys(): ['accuracy', 'loss', 'total_samples', 'actual_attack', 'actual_normal', 'predicted_attack', 'predicted_normal', 'true_positives', 'true_negatives', 'false_positives', 'false_negatives', 'precision', 'recall', 'f1_score']
[DEBUG _get_metrics] Extracted from ConfigRecord._data
[DEBUG _get_metrics] res_item[1] type: ConfigRecord
[DEBUG _get_metrics] res_item[1] has metrics attr: False
[DEBUG _get_metrics] res_item[1].__dict__: {'_check_key_fn': <function _check_key at 0x755feb1d4900>, '_check_value_fn': <function _check_value at 0x755fe09c89a0>, '_data': {'accuracy': 0.9928673505783081, 'loss': 0.004438772331923246, 'total_samples': 2103, 'actual_attack': 1621, 'actual_normal': 482, 'predicted_attack': 1618, 'predicted_normal': 485, 'true_positives': 1612, 'true_negatives': 476, 'false_positives': 6, 'false_negatives': 9, 'precision': 0.9962917181705809, 'recall': 0.9944478716841456, 'f1_score': 0.9953689410311826}}
[DEBUG _get_metrics] res_item[1].keys(): ['accuracy', 'loss', 'total_samples', 'actual_attack', 'actual_normal', 'predicted_attack', 'predicted_normal', 'true_positives', 'true_negatives', 'false_positives', 'false_negatives', 'precision', 'recall', 'f1_score']
[DEBUG _get_metrics] Extracted from ConfigRecord._data
[DEBUG] Extracted 4 metrics from results

[Evaluation Summary]
============================================================
Round: 59 / 60
Accuracy (mean):  0.9924  (99.24%)
Loss:             0.0048
[Per-Device Accuracy]
  - Device 0:  0.9919  (99.19%)
  - Device 1:  0.9924  (99.24%)
  - Device 2:  0.9924  (99.24%)
  - Device 3:  0.9929  (99.29%)

[Ground Truth]
  - Attack samples: 1622
  - Normal samples: 483
  - Total samples:  2105

[Predictions]
  - Predicted Attack:  1617
  - Predicted Normal:  488

[Confusion Matrix]
  - True Positives (TP):  1611
  - True Negatives (TN):  477
  - False Positives (FP): 6
  - False Negatives (FN): 11

[Metrics]
  - Precision:  0.9957  (99.57%)
  - Recall:     0.9944  (99.44%)
  - F1-Score:   0.9951  (99.51%)
============================================================

[Round 60] Client contributions:
  Client samples: 18,931 (weight: 0.2500)
  Client samples: 18,932 (weight: 0.2500)
  Client samples: 18,931 (weight: 0.2500)
  Client samples: 18,931 (weight: 0.2500)
[DEBUG] evaluate_metrics_aggregation_fn called with 4 results
[DEBUG] results type: <class 'list'>
[DEBUG] First result type: <class 'tuple'>
[DEBUG] First result length: 2
[DEBUG] results[0][0] type: <class 'int'>
[DEBUG] results[0][1] type: <class 'flwr.app.message.configrecord.ConfigRecord'>
[DEBUG _get_metrics] res_item[1] type: ConfigRecord
[DEBUG _get_metrics] res_item[1] has metrics attr: False
[DEBUG _get_metrics] res_item[1].__dict__: {'_check_key_fn': <function _check_key at 0x755feb1d4900>, '_check_value_fn': <function _check_value at 0x755fe09c89a0>, '_data': {'accuracy': 0.9928673505783081, 'loss': 0.004465207923203707, 'total_samples': 2103, 'actual_attack': 1621, 'actual_normal': 482, 'predicted_attack': 1618, 'predicted_normal': 485, 'true_positives': 1612, 'true_negatives': 476, 'false_positives': 6, 'false_negatives': 9, 'precision': 0.9962917181705809, 'recall': 0.9944478716841456, 'f1_score': 0.9953689410311826}}
[DEBUG _get_metrics] res_item[1].keys(): ['accuracy', 'loss', 'total_samples', 'actual_attack', 'actual_normal', 'predicted_attack', 'predicted_normal', 'true_positives', 'true_negatives', 'false_positives', 'false_negatives', 'precision', 'recall', 'f1_score']
[DEBUG _get_metrics] Extracted from ConfigRecord._data
[DEBUG _get_metrics] res_item[1] type: ConfigRecord
[DEBUG _get_metrics] res_item[1] has metrics attr: False
[DEBUG _get_metrics] res_item[1].__dict__: {'_check_key_fn': <function _check_key at 0x755feb1d4900>, '_check_value_fn': <function _check_value at 0x755fe09c89a0>, '_data': {'accuracy': 0.991916298866272, 'loss': 0.004765516612678766, 'total_samples': 2103, 'actual_attack': 1621, 'actual_normal': 482, 'predicted_attack': 1620, 'predicted_normal': 483, 'true_positives': 1612, 'true_negatives': 474, 'false_positives': 8, 'false_negatives': 9, 'precision': 0.9950617283950617, 'recall': 0.9944478716841456, 'f1_score': 0.9947547053378588}}
[DEBUG _get_metrics] res_item[1].keys(): ['accuracy', 'loss', 'total_samples', 'actual_attack', 'actual_normal', 'predicted_attack', 'predicted_normal', 'true_positives', 'true_negatives', 'false_positives', 'false_negatives', 'precision', 'recall', 'f1_score']
[DEBUG _get_metrics] Extracted from ConfigRecord._data
[DEBUG _get_metrics] res_item[1] type: ConfigRecord
[DEBUG _get_metrics] res_item[1] has metrics attr: False
[DEBUG _get_metrics] res_item[1].__dict__: {'_check_key_fn': <function _check_key at 0x755feb1d4900>, '_check_value_fn': <function _check_value at 0x755fe09c89a0>, '_data': {'accuracy': 0.991923987865448, 'loss': 0.005398053675889969, 'total_samples': 2105, 'actual_attack': 1622, 'actual_normal': 483, 'predicted_attack': 1617, 'predicted_normal': 488, 'true_positives': 1611, 'true_negatives': 477, 'false_positives': 6, 'false_negatives': 11, 'precision': 0.9962894248608535, 'recall': 0.9932182490752158, 'f1_score': 0.9947514665020069}}
[DEBUG _get_metrics] res_item[1].keys(): ['accuracy', 'loss', 'total_samples', 'actual_attack', 'actual_normal', 'predicted_attack', 'predicted_normal', 'true_positives', 'true_negatives', 'false_positives', 'false_negatives', 'precision', 'recall', 'f1_score']
[DEBUG _get_metrics] Extracted from ConfigRecord._data
[DEBUG _get_metrics] res_item[1] type: ConfigRecord
[DEBUG _get_metrics] res_item[1] has metrics attr: False
[DEBUG _get_metrics] res_item[1].__dict__: {'_check_key_fn': <function _check_key at 0x755feb1d4900>, '_check_value_fn': <function _check_value at 0x755fe09c89a0>, '_data': {'accuracy': 0.991916298866272, 'loss': 0.004765516612678766, 'total_samples': 2103, 'actual_attack': 1621, 'actual_normal': 482, 'predicted_attack': 1620, 'predicted_normal': 483, 'true_positives': 1612, 'true_negatives': 474, 'false_positives': 8, 'false_negatives': 9, 'precision': 0.9950617283950617, 'recall': 0.9944478716841456, 'f1_score': 0.9947547053378588}}
[DEBUG _get_metrics] res_item[1].keys(): ['accuracy', 'loss', 'total_samples', 'actual_attack', 'actual_normal', 'predicted_attack', 'predicted_normal', 'true_positives', 'true_negatives', 'false_positives', 'false_negatives', 'precision', 'recall', 'f1_score']
[DEBUG _get_metrics] Extracted from ConfigRecord._data
[DEBUG] Extracted 4 metrics from results

[Evaluation Summary][92mINFO [0m:      
[92mINFO [0m:      [SUMMARY]
[92mINFO [0m:      Run finished 60 round(s) in 187.50s
[92mINFO [0m:      	History (loss, distributed):
[92mINFO [0m:      		round 1: 0.0708468926949628
[92mINFO [0m:      		round 2: 0.06682532068695284
[92mINFO [0m:      		round 3: 0.05984836445409837
[92mINFO [0m:      		round 4: 0.050501660466643984
[92mINFO [0m:      		round 5: 0.04193515856007598
[92mINFO [0m:      		round 6: 0.03484662216168233
[92mINFO [0m:      		round 7: 0.028316864627607154
[92mINFO [0m:      		round 8: 0.022183319259083397
[92mINFO [0m:      		round 9: 0.017256915225953552
[92mINFO [0m:      		round 10: 0.013574516080033865
[92mINFO [0m:      		round 11: 0.010958590514653293
[92mINFO [0m:      		round 12: 0.009006746879588199
[92mINFO [0m:      		round 13: 0.007634579609968397
[92mINFO [0m:      		round 14: 0.006710933007635061
[92mINFO [0m:      		round 15: 0.0061157101769481114
[92mINFO [0m:      		round 16: 0.005764241808881956
[92mINFO [0m:      		round 17: 0.005508425966689298
[92mINFO [0m:      		round 18: 0.0053506043884838555
[92mINFO [0m:      		round 19: 0.005251426781594774
[92mINFO [0m:      		round 20: 0.005177927745235205
[92mINFO [0m:      		round 21: 0.005128090922420325
[92mINFO [0m:      		round 22: 0.005073466678027136
[92mINFO [0m:      		round 23: 0.005048369572061575
[92mINFO [0m:      		round 24: 0.0050300915946018205
[92mINFO [0m:      		round 25: 0.005048214418081722
[92mINFO [0m:      		round 26: 0.005029894663266694
[92mINFO [0m:      		round 27: 0.005024475614102622
[92mINFO [0m:      		round 28: 0.005032142812371987
[92mINFO [0m:      		round 29: 0.0050728102181981675
[92mINFO [0m:      		round 30: 0.005075938561608046
[92mINFO [0m:      		round 31: 0.005023224041528251
[92mINFO [0m:      		round 32: 0.004942616706593164
[92mINFO [0m:      		round 33: 0.00490809158926344
[92mINFO [0m:      		round 34: 0.004884757787520068
[92mINFO [0m:      		round 35: 0.004872577262746574
[92mINFO [0m:      		round 36: 0.004904911312997865
[92mINFO [0m:      		round 37: 0.0049370955987978445
[92mINFO [0m:      		round 38: 0.00494883828208697
[92mINFO [0m:      		round 39: 0.004948792517666036
[92mINFO [0m:      		round 40: 0.004913562733993476
[92mINFO [0m:      		round 41: 0.004838856894734097
[92mINFO [0m:      		round 42: 0.004812215569603764
[92mINFO [0m:      		round 43: 0.0047868714449360045
[92mINFO [0m:      		round 44: 0.0047575226793539855
[92mINFO [0m:      		round 45: 0.0047448188154921665
[92mINFO [0m:      		round 46: 0.004777303469148828
[92mINFO [0m:      		round 47: 0.004795317557950962
[92mINFO [0m:      		round 48: 0.004823112052083653
[92mINFO [0m:      		round 49: 0.00487999767553179
[92mINFO [0m:      		round 50: 0.004866272335985398
[92mINFO [0m:      		round 51: 0.004862344031478295
[92mINFO [0m:      		round 52: 0.0048768363231343655
[92mINFO [0m:      		round 53: 0.004889132882078119
[92mINFO [0m:      		round 54: 0.0048297147860625255
[92mINFO [0m:      		round 55: 0.00476718563216778
[92mINFO [0m:      		round 56: 0.004775211271193009
[92mINFO [0m:      		round 57: 0.004802150005398976
[92mINFO [0m:      		round 58: 0.004803724079683958
[92mINFO [0m:      		round 59: 0.004832774628616121
[92mINFO [0m:      		round 60: 0.004848704316992236
[92mINFO [0m:      	History (metrics, distributed, evaluate):
[92mINFO [0m:      	{'accuracy': [(1, 0.46636250615119934),
[92mINFO [0m:      	              (2, 0.9235788583755493),
[92mINFO [0m:      	              (3, 0.9494883567094803),
[92mINFO [0m:      	              (4, 0.9207281619310379),
[92mINFO [0m:      	              (5, 0.9114595353603363),
[92mINFO [0m:      	              (6, 0.9352286607027054),
[92mINFO [0m:      	              (7, 0.9630374759435654),
[92mINFO [0m:      	              (8, 0.9866890907287598),
[92mINFO [0m:      	              (9, 0.9879963845014572),
[92mINFO [0m:      	              (10, 0.9887096583843231),
[92mINFO [0m:      	              (11, 0.9889470934867859),
[92mINFO [0m:      	              (12, 0.9895414710044861),
[92mINFO [0m:      	              (13, 0.9891849458217621),
[92mINFO [0m:      	              (14, 0.9894227087497711),
[92mINFO [0m:      	              (15, 0.9901356399059296),
[92mINFO [0m:      	              (16, 0.9904921352863312),
[92mINFO [0m:      	              (17, 0.9909676611423492),
[92mINFO [0m:      	              (18, 0.9915619492530823),
[92mINFO [0m:      	              (19, 0.9913240671157837),
[92mINFO [0m:      	              (20, 0.9912052005529404),
[92mINFO [0m:      	              (21, 0.9916805922985077),
[92mINFO [0m:      	              (22, 0.9919183254241943),
[92mINFO [0m:      	              (23, 0.9919183254241943),
[92mINFO [0m:      	              (24, 0.9921560883522034),
[92mINFO [0m:      	              (25, 0.9920373260974884),
[92mINFO [0m:      	              (26, 0.9917995631694794),
[92mINFO [0m:      	              (27, 0.9915618300437927),
[92mINFO [0m:      	              (28, 0.9909674376249313),
[92mINFO [0m:      	              (29, 0.9909674376249313),
[92mINFO [0m:      	              (30, 0.9909674376249313),
[92mINFO [0m:      	              (31, 0.9908486753702164),
[92mINFO [0m:      	              (32, 0.9910864382982254),
[92mINFO [0m:      	              (33, 0.9909675568342209),
[92mINFO [0m:      	              (34, 0.9910863190889359),
[92mINFO [0m:      	              (35, 0.9912050813436508),
[92mINFO [0m:      	              (36, 0.9917993396520615),
[92mINFO [0m:      	              (37, 0.9916805773973465),
[92mINFO [0m:      	              (38, 0.9920371025800705),
[92mINFO [0m:      	              (39, 0.9922749847173691),
[92mINFO [0m:      	              (40, 0.992393746972084),
[92mINFO [0m:      	              (41, 0.9922748655080795),
[92mINFO [0m:      	              (42, 0.9922748655080795),
[92mINFO [0m:      	              (43, 0.9921561032533646),
[92mINFO [0m:      	              (44, 0.9921561032533646),
[92mINFO [0m:      	              (45, 0.9921561032533646),
[92mINFO [0m:      	              (46, 0.9921561032533646),
[92mINFO [0m:      	              (47, 0.9919183403253555),
[92mINFO [0m:      	              (48, 0.9919183403253555),
[92mINFO [0m:      	              (49, 0.992155984044075),
[92mINFO [0m:      	              (50, 0.9919183403253555),
[92mINFO [0m:      	              (51, 0.9919183403253555),
[92mINFO [0m:      	              (52, 0.9919183403253555),
[92mINFO [0m:      	              (53, 0.9917995780706406),
[92mINFO [0m:      	              (54, 0.9917995780706406),
[92mINFO [0m:      	              (55, 0.9920373409986496),
[92mINFO [0m:      	              (56, 0.9920373409986496),
[92mINFO [0m:      	              (57, 0.99203722178936),
[92mINFO [0m:      	              (58, 0.99203722178936),
[92mINFO [0m:      	              (59, 0.992393746972084),
[92mINFO [0m:      	              (60, 0.992155984044075)],
[92mINFO [0m:      	 'actual_attack': [(1, 1621),
[92mINFO [0m:      	                   (2, 1621),
[92mINFO [0m:      	                   (3, 1622),
[92mINFO [0m:      	                   (4, 1621),
[92mINFO [0m:      	                   (5, 1621),
[92mINFO [0m:      	                   (6, 1622),
[92mINFO [0m:      	                   (7, 1621),
[92mINFO [0m:      	                   (8, 1621),
[92mINFO [0m:      	                   (9, 1621),
[92mINFO [0m:      	                   (10, 1622),
[92mINFO [0m:      	                   (11, 1621),
[92mINFO [0m:      	                   (12, 1621),
[92mINFO [0m:      	                   (13, 1622),
[92mINFO [0m:      	                   (14, 1621),
[92mINFO [0m:      	                   (15, 1622),
[92mINFO [0m:      	                   (16, 1622),
[92mINFO [0m:      	                   (17, 1621),
[92mINFO [0m:      	                   (18, 1621),
[92mINFO [0m:      	                   (19, 1621),
[92mINFO [0m:      	                   (20, 1622),
[92mINFO [0m:      	                   (21, 1621),
[92mINFO [0m:      	                   (22, 1621),
[92mINFO [0m:      	                   (23, 1622),
[92mINFO [0m:      	                   (24, 1621),
[92mINFO [0m:      	                   (25, 1622),
[92mINFO [0m:      	                   (26, 1621),
[92mINFO [0m:      	                   (27, 1622),
[92mINFO [0m:      	                   (28, 1621),
[92mINFO [0m:      	                   (29, 1621),
[92mINFO [0m:      	                   (30, 1621),
[92mINFO [0m:      	                   (31, 1621),
[92mINFO [0m:      	                   (32, 1621),
[92mINFO [0m:      	                   (33, 1621),
[92mINFO [0m:      	                   (34, 1622),
[92mINFO [0m:      	                   (35, 1622),
[92mINFO [0m:      	                   (36, 1622),
[92mINFO [0m:      	                   (37, 1621),
[92mINFO [0m:      	                   (38, 1621),
[92mINFO [0m:      	                   (39, 1621),
[92mINFO [0m:      	                   (40, 1622),
[92mINFO [0m:      	                   (41, 1621),
[92mINFO [0m:      	                   (42, 1622),
[92mINFO [0m:      	                   (43, 1621),
[92mINFO [0m:      	                   (44, 1622),
[92mINFO [0m:      	                   (45, 1621),
[92mINFO [0m:      	                   (46, 1622),
[92mINFO [0m:      	                   (47, 1621),
[92mINFO [0m:      	                   (48, 1622),
[92mINFO [0m:      	                   (49, 1621),
[92mINFO [0m:      	                   (50, 1622),
[92mINFO [0m:      	                   (51, 1621),
[92mINFO [0m:      	                   (52, 1622),
[92mINFO [0m:      	                   (53, 1621),
[92mINFO [0m:      	                   (54, 1621),
[92mINFO [0m:      	                   (55, 1621),
[92mINFO [0m:      	                   (56, 1621),
[92mINFO [0m:      	                   (57, 1621),
[92mINFO [0m:      	                   (58, 1621),
[92mINFO [0m:      	                   (59, 1622),
[92mINFO [0m:      	                   (60, 1621)],
[92mINFO [0m:      	 'actual_normal': [(1, 482),
[92mINFO [0m:      	                   (2, 482),
[92mINFO [0m:      	                   (3, 483),
[92mINFO [0m:      	                   (4, 482),
[92mINFO [0m:      	                   (5, 482),
[92mINFO [0m:      	                   (6, 483),
[92mINFO [0m:      	                   (7, 482),
[92mINFO [0m:      	                   (8, 482),
[92mINFO [0m:      	                   (9, 482),
[92mINFO [0m:      	                   (10, 483),
[92mINFO [0m:      	                   (11, 482),
[92mINFO [0m:      	                   (12, 482),
[92mINFO [0m:      	                   (13, 483),
[92mINFO [0m:      	                   (14, 482),
[92mINFO [0m:      	                   (15, 483),
[92mINFO [0m:      	                   (16, 483),
[92mINFO [0m:      	                   (17, 482),
[92mINFO [0m:      	                   (18, 482),
[92mINFO [0m:      	                   (19, 482),
[92mINFO [0m:      	                   (20, 483),
[92mINFO [0m:      	                   (21, 482),
[92mINFO [0m:      	                   (22, 482),
[92mINFO [0m:      	                   (23, 483),
[92mINFO [0m:      	                   (24, 482),
[92mINFO [0m:      	                   (25, 483),
[92mINFO [0m:      	                   (26, 482),
[92mINFO [0m:      	                   (27, 483),
[92mINFO [0m:      	                   (28, 482),
[92mINFO [0m:      	                   (29, 482),
[92mINFO [0m:      	                   (30, 482),
[92mINFO [0m:      	                   (31, 482),
[92mINFO [0m:      	                   (32, 482),
[92mINFO [0m:      	                   (33, 482),
[92mINFO [0m:      	                   (34, 483),
[92mINFO [0m:      	                   (35, 483),
[92mINFO [0m:      	                   (36, 483),
[92mINFO [0m:      	                   (37, 482),
[92mINFO [0m:      	                   (38, 482),
[92mINFO [0m:      	                   (39, 482),
[92mINFO [0m:      	                   (40, 483),
[92mINFO [0m:      	                   (41, 482),
[92mINFO [0m:      	                   (42, 483),
[92mINFO [0m:      	                   (43, 482),
[92mINFO [0m:      	                   (44, 483),
[92mINFO [0m:      	                   (45, 482),
[92mINFO [0m:      	                   (46, 483),
[92mINFO [0m:      	                   (47, 482),
[92mINFO [0m:      	                   (48, 483),
[92mINFO [0m:      	                   (49, 482),
[92mINFO [0m:      	                   (50, 483),
[92mINFO [0m:      	                   (51, 482),
[92mINFO [0m:      	                   (52, 483),
[92mINFO [0m:      	                   (53, 482),
[92mINFO [0m:      	                   (54, 482),
[92mINFO [0m:      	                   (55, 482),
[92mINFO [0m:      	                   (56, 482),
[92mINFO [0m:      	                   (57, 482),
[92mINFO [0m:      	                   (58, 482),
[92mINFO [0m:      	                   (59, 483),
[92mINFO [0m:      	                   (60, 482)],
[92mINFO [0m:      	 'f1_score': [(1, 0.5048178915138322),
[92mINFO [0m:      	              (2, 0.9514936353487972),
[92mINFO [0m:      	              (3, 0.9681884115611276),
[92mINFO [0m:      	              (4, 0.9509830161111663),
[92mINFO [0m:      	              (5, 0.9455701695910959),
[92mINFO [0m:      	              (6, 0.9595920972426905),
[92mINFO [0m:      	              (7, 0.97652649375167),
[92mINFO [0m:      	              (8, 0.9914143597770944),
[92mINFO [0m:      	              (9, 0.9922518740380093),
[92mINFO [0m:      	              (10, 0.9927094498921836),
[92mINFO [0m:      	              (11, 0.9928517324798819),
[92mINFO [0m:      	              (12, 0.9932288452390622),
[92mINFO [0m:      	              (13, 0.9929963473983746),
[92mINFO [0m:      	              (14, 0.9931492906535772),
[92mINFO [0m:      	              (15, 0.9936055835034314),
[92mINFO [0m:      	              (16, 0.9938381793782112),
[92mINFO [0m:      	              (17, 0.9941464407838831),
[92mINFO [0m:      	              (18, 0.9945327452359433),
[92mINFO [0m:      	              (19, 0.9943767165416949),
[92mINFO [0m:      	              (20, 0.994299246754436),
[92mINFO [0m:      	              (21, 0.9946082232158414),
[92mINFO [0m:      	              (22, 0.9947631608562892),
[92mINFO [0m:      	              (23, 0.9947631608562892),
[92mINFO [0m:      	              (24, 0.9949163896257028),
[92mINFO [0m:      	              (25, 0.9948390167062247),
[92mINFO [0m:      	              (26, 0.9946840785389978),
[92mINFO [0m:      	              (27, 0.9945290448194014),
[92mINFO [0m:      	              (28, 0.9941412205820527),
[92mINFO [0m:      	              (29, 0.9941412205820527),
[92mINFO [0m:      	              (30, 0.9941412205820527),
[92mINFO [0m:      	              (31, 0.9940638000191512),
[92mINFO [0m:      	              (32, 0.9942161725908859),
[92mINFO [0m:      	              (33, 0.9941386549827709),
[92mINFO [0m:      	              (34, 0.9942152218988377),
[92mINFO [0m:      	              (35, 0.9942926907190617),
[92mINFO [0m:      	              (36, 0.9946787537974275),
[92mINFO [0m:      	              (37, 0.9946013326943703),
[92mINFO [0m:      	              (38, 0.9948330775257842),
[92mINFO [0m:      	              (39, 0.9949881607965324),
[92mINFO [0m:      	              (40, 0.9950648221667681),
[92mINFO [0m:      	              (41, 0.9949873045586529),
[92mINFO [0m:      	              (42, 0.9949873045586529),
[92mINFO [0m:      	              (43, 0.9949097874349776),
[92mINFO [0m:      	              (44, 0.9949097874349776),
[92mINFO [0m:      	              (45, 0.9949097874349776),
[92mINFO [0m:      	              (46, 0.9949097874349776),
[92mINFO [0m:      	              (47, 0.9947547526887313),
[92mINFO [0m:      	              (48, 0.9947547526887313),
[92mINFO [0m:      	              (49, 0.9949082642611897),
[92mINFO [0m:      	              (50, 0.9947547526887313),
[92mINFO [0m:      	              (51, 0.9947547526887311),
[92mINFO [0m:      	              (52, 0.9947547526887313),
[92mINFO [0m:      	              (53, 0.9946771877297436),
[92mINFO [0m:      	              (54, 0.9946771877297436),
[92mINFO [0m:      	              (55, 0.99483222247599),
[92mINFO [0m:      	              (56, 0.99483222247599),
[92mINFO [0m:      	              (57, 0.9948306990378362),
[92mINFO [0m:      	              (58, 0.9948306990378362),
[92mINFO [0m:      	              (59, 0.9950624892984732),
[92mINFO [0m:      	              (60, 0.9949074545522267)],
[92mINFO [0m:      	 'false_negatives': [(1, 1060),
[92mINFO [0m:      	                     (2, 44),
[92mINFO [0m:      	                     (3, 4),
[92mINFO [0m:      	                     (4, 5),
[92mINFO [0m:      	                     (5, 5),
[92mINFO [0m:      	                     (6, 2),
[92mINFO [0m:      	                     (7, 5),
[92mINFO [0m:      	                     (8, 5),
[92mINFO [0m:      	                     (9, 6),
[92mINFO [0m:      	                     (10, 3),
[92mINFO [0m:      	                     (11, 9),
[92mINFO [0m:      	                     (12, 10),
[92mINFO [0m:      	                     (13, 5),
[92mINFO [0m:      	                     (14, 8),
[92mINFO [0m:      	                     (15, 7),
[92mINFO [0m:      	                     (16, 6),
[92mINFO [0m:      	                     (17, 8),
[92mINFO [0m:      	                     (18, 8),
[92mINFO [0m:      	                     (19, 7),
[92mINFO [0m:      	                     (20, 6),
[92mINFO [0m:      	                     (21, 7),
[92mINFO [0m:      	                     (22, 7),
[92mINFO [0m:      	                     (23, 6),
[92mINFO [0m:      	                     (24, 7),
[92mINFO [0m:      	                     (25, 7),
[92mINFO [0m:      	                     (26, 8),
[92mINFO [0m:      	                     (27, 7),
[92mINFO [0m:      	                     (28, 8),
[92mINFO [0m:      	                     (29, 8),
[92mINFO [0m:      	                     (30, 11),
[92mINFO [0m:      	                     (31, 11),
[92mINFO [0m:      	                     (32, 11),
[92mINFO [0m:      	                     (33, 11),
[92mINFO [0m:      	                     (34, 9),
[92mINFO [0m:      	                     (35, 8),
[92mINFO [0m:      	                     (36, 7),
[92mINFO [0m:      	                     (37, 10),
[92mINFO [0m:      	                     (38, 9),
[92mINFO [0m:      	                     (39, 8),
[92mINFO [0m:      	                     (40, 9),
[92mINFO [0m:      	                     (41, 9),
[92mINFO [0m:      	                     (42, 9),
[92mINFO [0m:      	                     (43, 8),
[92mINFO [0m:      	                     (44, 10),
[92mINFO [0m:      	                     (45, 8),
[92mINFO [0m:      	                     (46, 10),
[92mINFO [0m:      	                     (47, 9),
[92mINFO [0m:      	                     (48, 10),
[92mINFO [0m:      	                     (49, 9),
[92mINFO [0m:      	                     (50, 10),
[92mINFO [0m:      	                     (51, 9),
[92mINFO [0m:      	                     (52, 10),
[92mINFO [0m:      	                     (53, 9),
[92mINFO [0m:      	                     (54, 9),
[92mINFO [0m:      	                     (55, 8),
[92mINFO [0m:      	                     (56, 8),
[92mINFO [0m:      	                     (57, 9),
[92mINFO [0m:      	                     (58, 9),
[92mINFO [0m:      	                     (59, 11),
[92mINFO [0m:      	                     (60, 9)],
[92mINFO [0m:      	 'false_positives': [(1, 73),
[92mINFO [0m:      	                     (2, 122),
[92mINFO [0m:      	                     (3, 97),
[92mINFO [0m:      	                     (4, 167),
[92mINFO [0m:      	                     (5, 178),
[92mINFO [0m:      	                     (6, 149),
[92mINFO [0m:      	                     (7, 81),
[92mINFO [0m:      	                     (8, 15),
[92mINFO [0m:      	                     (9, 23),
[92mINFO [0m:      	                     (10, 24),
[92mINFO [0m:      	                     (11, 18),
[92mINFO [0m:      	                     (12, 14),
[92mINFO [0m:      	                     (13, 20),
[92mINFO [0m:      	                     (14, 8),
[92mINFO [0m:      	                     (15, 15),
[92mINFO [0m:      	                     (16, 15),
[92mINFO [0m:      	                     (17, 7),
[92mINFO [0m:      	                     (18, 11),
[92mINFO [0m:      	                     (19, 7),
[92mINFO [0m:      	                     (20, 13),
[92mINFO [0m:      	                     (21, 7),
[92mINFO [0m:      	                     (22, 11),
[92mINFO [0m:      	                     (23, 12),
[92mINFO [0m:      	                     (24, 10),
[92mINFO [0m:      	                     (25, 12),
[92mINFO [0m:      	                     (26, 10),
[92mINFO [0m:      	                     (27, 12),
[92mINFO [0m:      	                     (28, 7),
[92mINFO [0m:      	                     (29, 7),
[92mINFO [0m:      	                     (30, 10),
[92mINFO [0m:      	                     (31, 10),
[92mINFO [0m:      	                     (32, 9),
[92mINFO [0m:      	                     (33, 9),
[92mINFO [0m:      	                     (34, 10),
[92mINFO [0m:      	                     (35, 10),
[92mINFO [0m:      	                     (36, 10),
[92mINFO [0m:      	                     (37, 8),
[92mINFO [0m:      	                     (38, 8),
[92mINFO [0m:      	                     (39, 8),
[92mINFO [0m:      	                     (40, 8),
[92mINFO [0m:      	                     (41, 7),
[92mINFO [0m:      	                     (42, 8),
[92mINFO [0m:      	                     (43, 8),
[92mINFO [0m:      	                     (44, 8),
[92mINFO [0m:      	                     (45, 8),
[92mINFO [0m:      	                     (46, 8),
[92mINFO [0m:      	                     (47, 8),
[92mINFO [0m:      	                     (48, 8),
[92mINFO [0m:      	                     (49, 8),
[92mINFO [0m:      	                     (50, 8),
[92mINFO [0m:      	                     (51, 8),
[92mINFO [0m:      	                     (52, 8),
[92mINFO [0m:      	                     (53, 7),
[92mINFO [0m:      	                     (54, 8),
[92mINFO [0m:      	                     (55, 8),
[92mINFO [0m:      	                     (56, 8),
[92mINFO [0m:      	                     (57, 6),
[92mINFO [0m:      	                     (58, 6),
[92mINFO [0m:      	                     (59, 6),
[92mINFO [0m:      	                     (60, 6)],
[92mINFO [0m:      	 'loss': [(1, 0.07084685564041138),
[92mINFO [0m:      	          (2, 0.06682533025741577),
[92mINFO [0m:      	          (3, 0.05984830483794212),
[92mINFO [0m:      	          (4, 0.05050151888281107),
[92mINFO [0m:      	          (5, 0.04193493910133839),
[92mINFO [0m:      	          (6, 0.03484636638313532),
[92mINFO [0m:      	          (7, 0.02831659046933055),
[92mINFO [0m:      	          (8, 0.022183059249073267),
[92mINFO [0m:      	          (9, 0.017256671097129583),
[92mINFO [0m:      	          (10, 0.013574297772720456),
[92mINFO [0m:      	          (11, 0.010958390310406685),
[92mINFO [0m:      	          (12, 0.00900656427256763),
[92mINFO [0m:      	          (13, 0.007634400972165167),
[92mINFO [0m:      	          (14, 0.006710750167258084),
[92mINFO [0m:      	          (15, 0.006115519208833575),
[92mINFO [0m:      	          (16, 0.005764044006355107),
[92mINFO [0m:      	          (17, 0.005508221103809774),
[92mINFO [0m:      	          (18, 0.005350396037101746),
[92mINFO [0m:      	          (19, 0.005251222522929311),
[92mINFO [0m:      	          (20, 0.005177728249691427),
[92mINFO [0m:      	          (21, 0.005127889686264098),
[92mINFO [0m:      	          (22, 0.0050732651725411415),
[92mINFO [0m:      	          (23, 0.00504816765896976),
[92mINFO [0m:      	          (24, 0.005029891850426793),
[92mINFO [0m:      	          (25, 0.0050480179488658905),
[92mINFO [0m:      	          (26, 0.0050297018606215715),
[92mINFO [0m:      	          (27, 0.005024288548156619),
[92mINFO [0m:      	          (28, 0.00503196322824806),
[92mINFO [0m:      	          (29, 0.005072638508863747),
[92mINFO [0m:      	          (30, 0.005075770779512823),
[92mINFO [0m:      	          (31, 0.005023059668019414),
[92mINFO [0m:      	          (32, 0.004942454397678375),
[92mINFO [0m:      	          (33, 0.004907930153422058),
[92mINFO [0m:      	          (34, 0.004884597263298929),
[92mINFO [0m:      	          (35, 0.004872420686297119),
[92mINFO [0m:      	          (36, 0.00490475632250309),
[92mINFO [0m:      	          (37, 0.004936942597851157),
[92mINFO [0m:      	          (38, 0.00494868797250092),
[92mINFO [0m:      	          (39, 0.004948645364493132),
[92mINFO [0m:      	          (40, 0.004913416458293796),
[92mINFO [0m:      	          (41, 0.004838711000047624),
[92mINFO [0m:      	          (42, 0.004812069586478174),
[92mINFO [0m:      	          (43, 0.004786724923178554),
[92mINFO [0m:      	          (44, 0.0047573758056387305),
[92mINFO [0m:      	          (45, 0.004744670703075826),
[92mINFO [0m:      	          (46, 0.004777154419571161),
[92mINFO [0m:      	          (47, 0.004795169341377914),
[92mINFO [0m:      	          (48, 0.004822966642677784),
[92mINFO [0m:      	          (49, 0.004879856831394136),
[92mINFO [0m:      	          (50, 0.004866133560426533),
[92mINFO [0m:      	          (51, 0.004862206522375345),
[92mINFO [0m:      	          (52, 0.004876699997112155),
[92mINFO [0m:      	          (53, 0.004888994968496263),
[92mINFO [0m:      	          (54, 0.004829574725590646),
[92mINFO [0m:      	          (55, 0.004767045611515641),
[92mINFO [0m:      	          (56, 0.0047750723315402865),
[92mINFO [0m:      	          (57, 0.004802012350410223),
[92mINFO [0m:      	          (58, 0.004803587682545185),
[92mINFO [0m:      	          (59, 0.004832640290260315),
[92mINFO [0m:      	          (60, 0.004848573706112802)],
[92mINFO [0m:      	 'precision': [(1, 0.8874821208520316),
[92mINFO [0m:      	               (2, 0.9314835068572755),
[92mINFO [0m:      	               (3, 0.9407990571025324),
[92mINFO [0m:      	               (4, 0.9086000686281513),
[92mINFO [0m:      	               (5, 0.8987839991660548),
[92mINFO [0m:      	               (6, 0.9244567074915974),
[92mINFO [0m:      	               (7, 0.9566837955938201),
[92mINFO [0m:      	               (8, 0.9859779952907279),
[92mINFO [0m:      	               (9, 0.987637159206511),
[92mINFO [0m:      	               (10, 0.9885454353455326),
[92mINFO [0m:      	               (11, 0.9900442624724788),
[92mINFO [0m:      	               (12, 0.9914059983473925),
[92mINFO [0m:      	               (13, 0.991401481134125),
[92mINFO [0m:      	               (14, 0.9917068968181499),
[92mINFO [0m:      	               (15, 0.9929200027214231),
[92mINFO [0m:      	               (16, 0.9929236924724604),
[92mINFO [0m:      	               (17, 0.9932317639450419),
[92mINFO [0m:      	               (18, 0.9933871463089551),
[92mINFO [0m:      	               (19, 0.9935365442840778),
[92mINFO [0m:      	               (20, 0.9935358778763581),
[92mINFO [0m:      	               (21, 0.9936909681439984),
[92mINFO [0m:      	               (22, 0.9936930522667722),
[92mINFO [0m:      	               (23, 0.9936930522667723),
[92mINFO [0m:      	               (24, 0.9939988499173975),
[92mINFO [0m:      	               (25, 0.9939977173102414),
[92mINFO [0m:      	               (26, 0.9939958203184153),
[92mINFO [0m:      	               (27, 0.9939939209875115),
[92mINFO [0m:      	               (28, 0.9939894488834256),
[92mINFO [0m:      	               (29, 0.9939894488834256),
[92mINFO [0m:      	               (30, 0.9939894488834256),
[92mINFO [0m:      	               (31, 0.9939883148831489),
[92mINFO [0m:      	               (32, 0.99444690981821),
[92mINFO [0m:      	               (33, 0.9944462425872567),
[92mINFO [0m:      	               (34, 0.994599234978043),
[92mINFO [0m:      	               (35, 0.9946001834739562),
[92mINFO [0m:      	               (36, 0.9949099634152136),
[92mINFO [0m:      	               (37, 0.99490901608668),
[92mINFO [0m:      	               (38, 0.9950636284263799),
[92mINFO [0m:      	               (39, 0.9950649641760715),
[92mINFO [0m:      	               (40, 0.9952183342091835),
[92mINFO [0m:      	               (41, 0.9952176669782301),
[92mINFO [0m:      	               (42, 0.9952176669782301),
[92mINFO [0m:      	               (43, 0.9952169053694077),
[92mINFO [0m:      	               (44, 0.9952169053694075),
[92mINFO [0m:      	               (45, 0.9952169053694077),
[92mINFO [0m:      	               (46, 0.9952169053694075),
[92mINFO [0m:      	               (47, 0.9952153821517626),
[92mINFO [0m:      	               (48, 0.9952153821517626),
[92mINFO [0m:      	               (49, 0.9955228795956423),
[92mINFO [0m:      	               (50, 0.9952153821517626),
[92mINFO [0m:      	               (51, 0.9952153821517626),
[92mINFO [0m:      	               (52, 0.9952153821517626),
[92mINFO [0m:      	               (53, 0.9952146196021017),
[92mINFO [0m:      	               (54, 0.9952146196021016),
[92mINFO [0m:      	               (55, 0.9952161428197466),
[92mINFO [0m:      	               (56, 0.9952161428197466),
[92mINFO [0m:      	               (57, 0.9955222115399288),
[92mINFO [0m:      	               (58, 0.9955222115399289),
[92mINFO [0m:      	               (59, 0.9956776731730345),
[92mINFO [0m:      	               (60, 0.9956761499553894)],
[92mINFO [0m:      	 'predicted_attack': [(1, 634),
[92mINFO [0m:      	                      (2, 1699),
[92mINFO [0m:      	                      (3, 1715),
[92mINFO [0m:      	                      (4, 1783),
[92mINFO [0m:      	                      (5, 1794),
[92mINFO [0m:      	                      (6, 1769),
[92mINFO [0m:      	                      (7, 1697),
[92mINFO [0m:      	                      (8, 1631),
[92mINFO [0m:      	                      (9, 1638),
[92mINFO [0m:      	                      (10, 1643),
[92mINFO [0m:      	                      (11, 1630),
[92mINFO [0m:      	                      (12, 1625),
[92mINFO [0m:      	                      (13, 1637),
[92mINFO [0m:      	                      (14, 1621),
[92mINFO [0m:      	                      (15, 1630),
[92mINFO [0m:      	                      (16, 1631),
[92mINFO [0m:      	                      (17, 1620),
[92mINFO [0m:      	                      (18, 1624),
[92mINFO [0m:      	                      (19, 1621),
[92mINFO [0m:      	                      (20, 1629),
[92mINFO [0m:      	                      (21, 1621),
[92mINFO [0m:      	                      (22, 1625),
[92mINFO [0m:      	                      (23, 1628),
[92mINFO [0m:      	                      (24, 1624),
[92mINFO [0m:      	                      (25, 1627),
[92mINFO [0m:      	                      (26, 1623),
[92mINFO [0m:      	                      (27, 1627),
[92mINFO [0m:      	                      (28, 1620),
[92mINFO [0m:      	                      (29, 1620),
[92mINFO [0m:      	                      (30, 1620),
[92mINFO [0m:      	                      (31, 1620),
[92mINFO [0m:      	                      (32, 1619),
[92mINFO [0m:      	                      (33, 1619),
[92mINFO [0m:      	                      (34, 1623),
[92mINFO [0m:      	                      (35, 1624),
[92mINFO [0m:      	                      (36, 1625),
[92mINFO [0m:      	                      (37, 1619),
[92mINFO [0m:      	                      (38, 1620),
[92mINFO [0m:      	                      (39, 1621),
[92mINFO [0m:      	                      (40, 1621),
[92mINFO [0m:      	                      (41, 1619),
[92mINFO [0m:      	                      (42, 1621),
[92mINFO [0m:      	                      (43, 1621),
[92mINFO [0m:      	                      (44, 1620),
[92mINFO [0m:      	                      (45, 1621),
[92mINFO [0m:      	                      (46, 1620),
[92mINFO [0m:      	                      (47, 1620),
[92mINFO [0m:      	                      (48, 1620),
[92mINFO [0m:      	                      (49, 1620),
[92mINFO [0m:      	                      (50, 1620),
[92mINFO [0m:      	                      (51, 1620),
[92mINFO [0m:      	                      (52, 1620),
[92mINFO [0m:      	                      (53, 1619),
[92mINFO [0m:      	                      (54, 1620),
[92mINFO [0m:      	                      (55, 1621),
[92mINFO [0m:      	                      (56, 1621),
[92mINFO [0m:      	                      (57, 1618),
[92mINFO [0m:      	                      (58, 1618),
[92mINFO [0m:      	                      (59, 1617),
[92mINFO [0m:      	                      (60, 1618)],
[92mINFO [0m:      	 'predicted_normal': [(1, 1469),
[92mINFO [0m:      	                      (2, 404),
[92mINFO [0m:      	                      (3, 390),
[92mINFO [0m:      	                      (4, 320),
[92mINFO [0m:      	                      (5, 309),
[92mINFO [0m:      	                      (6, 336),
[92mINFO [0m:      	                      (7, 406),
[92mINFO [0m:      	                      (8, 472),
[92mINFO [0m:      	                      (9, 465),
[92mINFO [0m:      	                      (10, 462),
[92mINFO [0m:      	                      (11, 473),
[92mINFO [0m:      	                      (12, 478),
[92mINFO [0m:      	                      (13, 468),
[92mINFO [0m:      	                      (14, 482),
[92mINFO [0m:      	                      (15, 475),
[92mINFO [0m:      	                      (16, 474),
[92mINFO [0m:      	                      (17, 483),
[92mINFO [0m:      	                      (18, 479),
[92mINFO [0m:      	                      (19, 482),
[92mINFO [0m:      	                      (20, 476),
[92mINFO [0m:      	                      (21, 482),
[92mINFO [0m:      	                      (22, 478),
[92mINFO [0m:      	                      (23, 477),
[92mINFO [0m:      	                      (24, 479),
[92mINFO [0m:      	                      (25, 478),
[92mINFO [0m:      	                      (26, 480),
[92mINFO [0m:      	                      (27, 478),
[92mINFO [0m:      	                      (28, 483),
[92mINFO [0m:      	                      (29, 483),
[92mINFO [0m:      	                      (30, 483),
[92mINFO [0m:      	                      (31, 483),
[92mINFO [0m:      	                      (32, 484),
[92mINFO [0m:      	                      (33, 484),
[92mINFO [0m:      	                      (34, 482),
[92mINFO [0m:      	                      (35, 481),
[92mINFO [0m:      	                      (36, 480),
[92mINFO [0m:      	                      (37, 484),
[92mINFO [0m:      	                      (38, 483),
[92mINFO [0m:      	                      (39, 482),
[92mINFO [0m:      	                      (40, 484),
[92mINFO [0m:      	                      (41, 484),
[92mINFO [0m:      	                      (42, 484),
[92mINFO [0m:      	                      (43, 482),
[92mINFO [0m:      	                      (44, 485),
[92mINFO [0m:      	                      (45, 482),
[92mINFO [0m:      	                      (46, 485),
[92mINFO [0m:      	                      (47, 483),
[92mINFO [0m:      	                      (48, 485),
[92mINFO [0m:      	                      (49, 483),
[92mINFO [0m:      	                      (50, 485),
[92mINFO [0m:      	                      (51, 483),
[92mINFO [0m:      	                      (52, 485),
[92mINFO [0m:      	                      (53, 484),
[92mINFO [0m:      	                      (54, 483),
[92mINFO [0m:      	                      (55, 482),
[92mINFO [0m:      	                      (56, 482),
[92mINFO [0m:      	                      (57, 485),
[92mINFO [0m:      	                      (58, 485),
[92mINFO [0m:      	                      (59, 488),
[92mINFO [0m:      	                      (60, 485)],
[92mINFO [0m:      	 'recall': [(1, 0.35281135923312323),
[92mINFO [0m:      	            (2, 0.9723982433093393),
[92mINFO [0m:      	            (3, 0.9972243161769347),
[92mINFO [0m:      	            (4, 0.9975325775826069),
[92mINFO [0m:      	            (5, 0.9975325775826069),
[92mINFO [0m:      	            (6, 0.9975325775826069),
[92mINFO [0m:      	            (7, 0.9972242210932193),
[92mINFO [0m:      	            (8, 0.9969157695201163),
[92mINFO [0m:      	            (9, 0.9969157695201163),
[92mINFO [0m:      	            (10, 0.9969157695201163),
[92mINFO [0m:      	            (11, 0.9956819632277043),
[92mINFO [0m:      	            (12, 0.9950651551652137),
[92mINFO [0m:      	            (13, 0.9946025728892746),
[92mINFO [0m:      	            (14, 0.9946025728892746),
[92mINFO [0m:      	            (15, 0.9942943114836026),
[92mINFO [0m:      	            (16, 0.9947568937595417),
[92mINFO [0m:      	            (17, 0.9950653453326447),
[92mINFO [0m:      	            (18, 0.9956822484788507),
[92mINFO [0m:      	            (19, 0.9952195711191961),
[92mINFO [0m:      	            (20, 0.9950653453326446),
[92mINFO [0m:      	            (21, 0.9955280226922992),
[92mINFO [0m:      	            (22, 0.9958364742654022),
[92mINFO [0m:      	            (23, 0.9958364742654023),
[92mINFO [0m:      	            (24, 0.9958364742654022),
[92mINFO [0m:      	            (25, 0.9956823435625662),
[92mINFO [0m:      	            (26, 0.9953738919894632),
[92mINFO [0m:      	            (27, 0.9950654404163601),
[92mINFO [0m:      	            (28, 0.9942943114836026),
[92mINFO [0m:      	            (29, 0.9942943114836026),
[92mINFO [0m:      	            (30, 0.9942943114836026),
[92mINFO [0m:      	            (31, 0.9941401807807666),
[92mINFO [0m:      	            (32, 0.9939860500779306),
[92mINFO [0m:      	            (33, 0.9938318242913791),
[92mINFO [0m:      	            (34, 0.9938318242913791),
[92mINFO [0m:      	            (35, 0.9939859549942152),
[92mINFO [0m:      	            (36, 0.9944485372701541),
[92mINFO [0m:      	            (37, 0.9942944065673182),
[92mINFO [0m:      	            (38, 0.9946028581404212),
[92mINFO [0m:      	            (39, 0.9949114047972397),
[92mINFO [0m:      	            (40, 0.9949114047972397),
[92mINFO [0m:      	            (41, 0.9947571790106882),
[92mINFO [0m:      	            (42, 0.9947571790106882),
[92mINFO [0m:      	            (43, 0.9946030483078521),
[92mINFO [0m:      	            (44, 0.9946030483078521),
[92mINFO [0m:      	            (45, 0.9946030483078522),
[92mINFO [0m:      	            (46, 0.9946030483078521),
[92mINFO [0m:      	            (47, 0.9942945967347492),
[92mINFO [0m:      	            (48, 0.9942945967347492),
[92mINFO [0m:      	            (49, 0.9942945967347492),
[92mINFO [0m:      	            (50, 0.9942945967347492),
[92mINFO [0m:      	            (51, 0.9942945967347492),
[92mINFO [0m:      	            (52, 0.9942945967347492),
[92mINFO [0m:      	            (53, 0.9941404660319131),
[92mINFO [0m:      	            (54, 0.9941404660319131),
[92mINFO [0m:      	            (55, 0.9944489176050162),
[92mINFO [0m:      	            (56, 0.9944489176050161),
[92mINFO [0m:      	            (57, 0.9941404660319132),
[92mINFO [0m:      	            (58, 0.9941404660319131),
[92mINFO [0m:      	            (59, 0.9944489176050162),
[92mINFO [0m:      	            (60, 0.9941404660319131)],
[92mINFO [0m:      	 'total_samples': [(1, 2103),
[92mINFO [0m:      	                   (2, 2103),
[92mINFO [0m:      	                   (3, 2105),
[92mINFO [0m:      	                   (4, 2103),
[92mINFO [0m:      	                   (5, 2103),
[92mINFO [0m:      	                   (6, 2105),
[92mINFO [0m:      	                   (7, 2103),
[92mINFO [0m:      	                   (8, 2103),
[92mINFO [0m:      	                   (9, 2103),
[92mINFO [0m:      	                   (10, 2105),
[92mINFO [0m:      	                   (11, 2103),
[92mINFO [0m:      	                   (12, 2103),
[92mINFO [0m:      	                   (13, 2105),
[92mINFO [0m:      	                   (14, 2103),
[92mINFO [0m:      	                   (15, 2105),
[92mINFO [0m:      	                   (16, 2105),
[92mINFO [0m:      	                   (17, 2103),
[92mINFO [0m:      	                   (18, 2103),
[92mINFO [0m:      	                   (19, 2103),
[92mINFO [0m:      	                   (20, 2105),
[92mINFO [0m:      	                   (21, 2103),
[92mINFO [0m:      	                   (22, 2103),
[92mINFO [0m:      	                   (23, 2105),
[92mINFO [0m:      	                   (24, 2103),
[92mINFO [0m:      	                   (25, 2105),
[92mINFO [0m:      	                   (26, 2103),
[92mINFO [0m:      	                   (27, 2105),
[92mINFO [0m:      	                   (28, 2103),
[92mINFO [0m:      	                   (29, 2103),
[92mINFO [0m:      	                   (30, 2103),
[92mINFO [0m:      	                   (31, 2103),
[92mINFO [0m:      	                   (32, 2103),
[92mINFO [0m:      	                   (33, 2103),
[92mINFO [0m:      	                   (34, 2105),
[92mINFO [0m:      	                   (35, 2105),
[92mINFO [0m:      	                   (36, 2105),
[92mINFO [0m:      	                   (37, 2103),
[92mINFO [0m:      	                   (38, 2103),
[92mINFO [0m:      	                   (39, 2103),
[92mINFO [0m:      	                   (40, 2105),
[92mINFO [0m:      	                   (41, 2103),
[92mINFO [0m:      	                   (42, 2105),
[92mINFO [0m:      	                   (43, 2103),
[92mINFO [0m:      	                   (44, 2105),
[92mINFO [0m:      	                   (45, 2103),
[92mINFO [0m:      	                   (46, 2105),
[92mINFO [0m:      	                   (47, 2103),
[92mINFO [0m:      	                   (48, 2105),
[92mINFO [0m:      	                   (49, 2103),
[92mINFO [0m:      	                   (50, 2105),
[92mINFO [0m:      	                   (51, 2103),
[92mINFO [0m:      	                   (52, 2105),
[92mINFO [0m:      	                   (53, 2103),
[92mINFO [0m:      	                   (54, 2103),
[92mINFO [0m:      	                   (55, 2103),
[92mINFO [0m:      	                   (56, 2103),
[92mINFO [0m:      	                   (57, 2103),
[92mINFO [0m:      	                   (58, 2103),
[92mINFO [0m:      	                   (59, 2105),
[92mINFO [0m:      	                   (60, 2103)],
[92mINFO [0m:      	 'true_negatives': [(1, 409),
[92mINFO [0m:      	                    (2, 360),
[92mINFO [0m:      	                    (3, 386),
[92mINFO [0m:      	                    (4, 315),
[92mINFO [0m:      	                    (5, 304),
[92mINFO [0m:      	                    (6, 334),
[92mINFO [0m:      	                    (7, 401),
[92mINFO [0m:      	                    (8, 467),
[92mINFO [0m:      	                    (9, 459),
[92mINFO [0m:      	                    (10, 459),
[92mINFO [0m:      	                    (11, 464),
[92mINFO [0m:      	                    (12, 468),
[92mINFO [0m:      	                    (13, 463),
[92mINFO [0m:      	                    (14, 474),
[92mINFO [0m:      	                    (15, 468),
[92mINFO [0m:      	                    (16, 468),
[92mINFO [0m:      	                    (17, 475),
[92mINFO [0m:      	                    (18, 471),
[92mINFO [0m:      	                    (19, 475),
[92mINFO [0m:      	                    (20, 470),
[92mINFO [0m:      	                    (21, 475),
[92mINFO [0m:      	                    (22, 471),
[92mINFO [0m:      	                    (23, 471),
[92mINFO [0m:      	                    (24, 472),
[92mINFO [0m:      	                    (25, 471),
[92mINFO [0m:      	                    (26, 472),
[92mINFO [0m:      	                    (27, 471),
[92mINFO [0m:      	                    (28, 475),
[92mINFO [0m:      	                    (29, 475),
[92mINFO [0m:      	                    (30, 472),
[92mINFO [0m:      	                    (31, 472),
[92mINFO [0m:      	                    (32, 473),
[92mINFO [0m:      	                    (33, 473),
[92mINFO [0m:      	                    (34, 473),
[92mINFO [0m:      	                    (35, 473),
[92mINFO [0m:      	                    (36, 473),
[92mINFO [0m:      	                    (37, 474),
[92mINFO [0m:      	                    (38, 474),
[92mINFO [0m:      	                    (39, 474),
[92mINFO [0m:      	                    (40, 475),
[92mINFO [0m:      	                    (41, 475),
[92mINFO [0m:      	                    (42, 475),
[92mINFO [0m:      	                    (43, 474),
[92mINFO [0m:      	                    (44, 475),
[92mINFO [0m:      	                    (45, 474),
[92mINFO [0m:      	                    (46, 475),
[92mINFO [0m:      	                    (47, 474),
[92mINFO [0m:      	                    (48, 475),
[92mINFO [0m:      	                    (49, 474),
[92mINFO [0m:      	                    (50, 475),
[92mINFO [0m:      	                    (51, 474),
[92mINFO [0m:      	                    (52, 475),
[92mINFO [0m:      	                    (53, 475),
[92mINFO [0m:      	                    (54, 474),
[92mINFO [0m:      	                    (55, 474),
[92mINFO [0m:      	                    (56, 474),
[92mINFO [0m:      	                    (57, 476),
[92mINFO [0m:      	                    (58, 476),
[92mINFO [0m:      	                    (59, 477),
[92mINFO [0m:      	                    (60, 476)],
[92mINFO [0m:      	 'true_positives': [(1, 561),
[92mINFO [0m:      	                    (2, 1577),
[92mINFO [0m:      	                    (3, 1618),
[92mINFO [0m:      	                    (4, 1616),
[92mINFO [0m:      	                    (5, 1616),
[92mINFO [0m:      	                    (6, 1620),
[92mINFO [0m:      	                    (7, 1616),
[92mINFO [0m:      	                    (8, 1616),
[92mINFO [0m:      	                    (9, 1615),
[92mINFO [0m:      	                    (10, 1619),
[92mINFO [0m:      	                    (11, 1612),
[92mINFO [0m:      	                    (12, 1611),
[92mINFO [0m:      	                    (13, 1617),
[92mINFO [0m:      	                    (14, 1613),
[92mINFO [0m:      	                    (15, 1615),
[92mINFO [0m:      	                    (16, 1616),
[92mINFO [0m:      	                    (17, 1613),
[92mINFO [0m:      	                    (18, 1613),
[92mINFO [0m:      	                    (19, 1614),
[92mINFO [0m:      	                    (20, 1616),
[92mINFO [0m:      	                    (21, 1614),
[92mINFO [0m:      	                    (22, 1614),
[92mINFO [0m:      	                    (23, 1616),
[92mINFO [0m:      	                    (24, 1614),
[92mINFO [0m:      	                    (25, 1615),
[92mINFO [0m:      	                    (26, 1613),
[92mINFO [0m:      	                    (27, 1615),
[92mINFO [0m:      	                    (28, 1613),
[92mINFO [0m:      	                    (29, 1613),
[92mINFO [0m:      	                    (30, 1610),
[92mINFO [0m:      	                    (31, 1610),
[92mINFO [0m:      	                    (32, 1610),
[92mINFO [0m:      	                    (33, 1610),
[92mINFO [0m:      	                    (34, 1613),
[92mINFO [0m:      	                    (35, 1614),
[92mINFO [0m:      	                    (36, 1615),
[92mINFO [0m:      	                    (37, 1611),
[92mINFO [0m:      	                    (38, 1612),
[92mINFO [0m:      	                    (39, 1613),
[92mINFO [0m:      	                    (40, 1613),
[92mINFO [0m:      	                    (41, 1612),
[92mINFO [0m:      	                    (42, 1613),
[92mINFO [0m:      	                    (43, 1613),
[92mINFO [0m:      	                    (44, 1612),
[92mINFO [0m:      	                    (45, 1613),
[92mINFO [0m:      	                    (46, 1612),
[92mINFO [0m:      	                    (47, 1612),
[92mINFO [0m:      	                    (48, 1612),
[92mINFO [0m:      	                    (49, 1612),
[92mINFO [0m:      	                    (50, 1612),
[92mINFO [0m:      	                    (51, 1612),
[92mINFO [0m:      	                    (52, 1612),
[92mINFO [0m:      	                    (53, 1612),
[92mINFO [0m:      	                    (54, 1612),
[92mINFO [0m:      	                    (55, 1613),
[92mINFO [0m:      	                    (56, 1613),
[92mINFO [0m:      	                    (57, 1612),
[92mINFO [0m:      	                    (58, 1612),
[92mINFO [0m:      	                    (59, 1611),
[92mINFO [0m:      	                    (60, 1612)]}
[92mINFO [0m:      
Saved: outputs/fl_evaluation_report.md
Saved: outputs/fl_evaluation_plot.png
[36m(pid=820724)[0m WARNING: All log messages before absl::InitializeLog() is called are written to STDERR[32m [repeated 31x across cluster][0m
[36m(pid=820724)[0m I0000 00:00:1791185306.410358  820724 port.cc:153] oneDNN custom operations are on. You may see slightly different numerical results due to floating-point round-off errors from different computation orders. To turn them off, set the environment variable `TF_ENABLE_ONEDNN_OPTS=0`.[32m [repeated 31x across cluster][0m
[36m(pid=820724)[0m I0000 00:00:1791185306.410881  820724 cudart_stub.cc:31] Could not find cuda drivers on your machine, GPU will not be used.[32m [repeated 31x across cluster][0m
[36m(ClientAppActor pid=820724)[0m /home/danielpark605/tinyml-venv/lib/python3.12/site-packages/tensorflow_model_optimization/__init__.py:65: DeprecationWarning: distutils Version classes are deprecated. Use packaging.version instead.[32m [repeated 3x across cluster][0m
[36m(ClientAppActor pid=820724)[0m   if (distutils.version.LooseVersion(tf.version.VERSION) <[32m [repeated 3x across cluster][0m
[36m(ClientAppActor pid=820724)[0m E0000 00:00:1791185307.961807  820724 cuda_platform.cc:52] failed call to cuInit: INTERNAL: CUDA error: Failed call to cuInit: CUDA_ERROR_NO_DEVICE: no CUDA-capable device is detected[32m [repeated 3x across cluster][0m

============================================================
Round: 60 / 60
Accuracy (mean):  0.9922  (99.22%)
Loss:             0.0048
[Per-Device Accuracy]
  - Device 0:  0.9929  (99.29%)
  - Device 1:  0.9919  (99.19%)
  - Device 2:  0.9919  (99.19%)
  - Device 3:  0.9919  (99.19%)

[Ground Truth]
  - Attack samples: 1621
  - Normal samples: 482
  - Total samples:  2103

[Predictions]
  - Predicted Attack:  1618
  - Predicted Normal:  485

[Confusion Matrix]
  - True Positives (TP):  1612
  - True Negatives (TN):  476
  - False Positives (FP): 6
  - False Negatives (FN): 9

[Metrics]
  - Precision:  0.9957  (99.57%)
  - Recall:     0.9941  (99.41%)
  - F1-Score:   0.9949  (99.49%)
============================================================

[Report] Round-by-round metrics saved:
  - CSV:  /mnt/c/Users/danie/Documents/Projects/TinyML/outputs/fl_evaluation_history.csv  (round, accuracy, device 0~3 accuracy_pct, ...)
  - JSON: /mnt/c/Users/danie/Documents/Projects/TinyML/outputs/fl_evaluation_history.json  (same + per-device for scripts / graphs)
  → Use these to find which round or which device accuracy drops.

[SUCCESS] Saved global model to data/processed/revision/2026-10-05_s_ton_sweep/ton_sweep/models/text_nosmote.h5

📝 Pipeline summary saved to: outputs/fl_training_summary.txt
   → View this file to see QAT status, metrics, and next steps

[36m(ClientAppActor pid=820732)[0m [Client 3] Class weights (smoothed): {0: 1.2942450559445926, 1: 0.7057549440554073}[32m [repeated 11x across cluster][0m
