{
  "version": "v20",
  "data_version": "cicids2017_max2000k_bal4.0",
  "generated_at": "2026-02-21T04:23:41.158337",
  "results": [
    {
      "stage": "Original",
      "model_path": "models/tflite/saved_model_original.tflite",
      "file_size_bytes": 821632,
      "file_size_mb": 0.7835693359375,
      "parameter_count": 205777,
      "accuracy": 0.9196402456858731,
      "precision": 0.7169128648766289,
      "recall": 0.9045134717693496,
      "f1_score": 0.7998603818253559,
      "precision_normal": 0.9781552063948238,
      "recall_normal": 0.9229053838802166,
      "avg_latency_ms": 1.9359350204467773,
      "min_latency_ms": 1.911163330078125,
      "max_latency_ms": 2.012491226196289,
      "samples_per_second": 51654.626288501095,
      "compression_ratio": 1.0
    },
    {
      "stage": "QAT+Prune only",
      "model_path": "models/tflite/saved_model_qat_pruned_float32.tflite",
      "file_size_bytes": 248228,
      "file_size_mb": 0.23672866821289062,
      "parameter_count": 61969,
      "accuracy": 0.788888076435605,
      "precision": 0.45637753890480787,
      "recall": 0.9894628453749785,
      "f1_score": 0.6246451864531646,
      "precision_normal": 0.9969587399078707,
      "recall_normal": 0.7455936937404151,
      "avg_latency_ms": 0.7492780685424805,
      "min_latency_ms": 0.7395744323730469,
      "max_latency_ms": 0.7863044738769531,
      "samples_per_second": 133461.80036274542,
      "compression_ratio": 3.3099892034742253
    },
    {
      "stage": "Compressed (PTQ)",
      "model_path": "models/tflite/saved_model_pruned_quantized.tflite",
      "file_size_bytes": 70920,
      "file_size_mb": 0.06763458251953125,
      "parameter_count": 61969,
      "accuracy": 0.7884249780637613,
      "precision": 0.45583748320290884,
      "recall": 0.9896687832503861,
      "f1_score": 0.6241801060720857,
      "precision_normal": 0.9970155765093152,
      "recall_normal": 0.744986182831149,
      "avg_latency_ms": 0.4786491394042969,
      "min_latency_ms": 0.47087669372558594,
      "max_latency_ms": 0.5168914794921875,
      "samples_per_second": 208921.2990635585,
      "compression_ratio": 11.585335589396504
    },
    {
      "stage": "QAT+PTQ",
      "model_path": "models/tflite/saved_model_qat_ptq.tflite",
      "file_size_bytes": 70904,
      "file_size_mb": 0.06761932373046875,
      "parameter_count": 61969,
      "accuracy": 0.7884249780637613,
      "precision": 0.45583748320290884,
      "recall": 0.9896687832503861,
      "f1_score": 0.6241801060720857,
      "precision_normal": 0.9970155765093152,
      "recall_normal": 0.744986182831149,
      "avg_latency_ms": 0.4878520965576172,
      "min_latency_ms": 0.48065185546875,
      "max_latency_ms": 0.5259513854980469,
      "samples_per_second": 204980.15834229303,
      "compression_ratio": 11.587949904095678
    },
    {
      "stage": "noQAT+PTQ",
      "model_path": "models/tflite/saved_model_no_qat_ptq.tflite",
      "file_size_bytes": 70920,
      "file_size_mb": 0.06763458251953125,
      "parameter_count": 61969,
      "accuracy": 0.8224688017938968,
      "precision": 0.0,
      "recall": 0.0,
      "f1_score": 0.0,
      "precision_normal": 0.8224688017938968,
      "recall_normal": 1.0,
      "avg_latency_ms": 0.4792213439941406,
      "min_latency_ms": 0.4725456237792969,
      "max_latency_ms": 0.5207061767578125,
      "samples_per_second": 208671.84079601988,
      "compression_ratio": 11.585335589396504
    }
  ]
}