{
  "tag": "yes_qat__distill_direct__prune_none__ptq_no",
  "fl_qat": true,
  "distillation": "direct",
  "pruning": "prune_none",
  "ptq": false,
  "fl_acc": 0.92841897225295,
  "fl_f1": 0.8047300468202605,
  "fl_prec": 0.7517765928161417,
  "fl_rec": 0.8657086165803717,
  "fl_size_kb": 847.7265625,
  "dist_acc": 0.9286250097517749,
  "dist_f1": 0.8040721969326736,
  "prune_acc": null,
  "prune_f1": null,
  "final_acc": 0.9286250097517749,
  "final_f1": 0.8040721969326736,
  "final_prec": null,
  "final_rec": null,
  "tflite_size_kb": 1.5625,
  "final_size_kb": 13.6015625
}