{
  "tag": "yes_qat__distill_direct__prune_10x2__ptq_no",
  "fl_qat": true,
  "distillation": "direct",
  "pruning": "prune_10x2",
  "ptq": false,
  "fl_acc": 0.846421759990464,
  "fl_f1": 0.3271041765272315,
  "fl_prec": 0.7130354347516721,
  "fl_rec": 0.2122328822246225,
  "fl_size_kb": 864.109375,
  "dist_acc": 0.8468687606162648,
  "dist_f1": 0.3282952892926586,
  "prune_acc": 0.9649477009267813,
  "prune_f1": 0.9085519922254617,
  "final_acc": 0.9649477009267813,
  "final_f1": 0.9085519922254617,
  "final_prec": null,
  "final_rec": null,
  "tflite_size_kb": 170.9375,
  "final_size_kb": 585.8671875
}