{
  "version": "v1",
  "data_version": "cicids2017_max200k_bal5.0",
  "generated_at": "2026-01-30T14:34:39.738932",
  "results": [
    {
      "stage": "Original",
      "model_path": "models/tflite/saved_model_original.tflite",
      "file_size_bytes": 215612,
      "file_size_mb": 0.20562362670898438,
      "parameter_count": 53844,
      "accuracy": 0.23205,
      "precision": 0.028539217265260108,
      "recall": 0.6131487889273356,
      "f1_score": 0.05453985841797476,
      "avg_latency_ms": 0.44388771057128906,
      "min_latency_ms": 0.42438507080078125,
      "max_latency_ms": 0.5033016204833984,
      "samples_per_second": 225282.20002148458,
      "compression_ratio": 1.0
    },
    {
      "stage": "Compressed",
      "model_path": "models/tflite/saved_model_pruned_quantized.tflite",
      "file_size_bytes": 21648,
      "file_size_mb": 0.0206451416015625,
      "parameter_count": 18772,
      "accuracy": 0.038475,
      "precision": 0.03621009372024257,
      "recall": 1.0,
      "f1_score": 0.06988948272109502,
      "avg_latency_ms": 0.6505250930786133,
      "min_latency_ms": 0.6244182586669922,
      "max_latency_ms": 0.7157325744628906,
      "samples_per_second": 153721.97177936597,
      "compression_ratio": 9.95990391722099
    }
  ]
}