{
  "version": "v20",
  "data_version": "cicids2017_max2000k_bal4.0",
  "generated_at": "2026-02-20T09:36:00.547083",
  "results": [
    {
      "stage": "Original",
      "model_path": "models/tflite/saved_model_original.tflite",
      "file_size_bytes": 821632,
      "file_size_mb": 0.7835693359375,
      "parameter_count": 205777,
      "accuracy": 0.425343667739105,
      "precision": 0.20645437347986667,
      "recall": 0.7866311995881242,
      "f1_score": 0.32706839344964145,
      "precision_normal": 0.8829328462204813,
      "recall_normal": 0.3473591797120991,
      "avg_latency_ms": 1.894521713256836,
      "min_latency_ms": 1.8644332885742188,
      "max_latency_ms": 1.9845962524414062,
      "samples_per_second": 52783.77085902696,
      "compression_ratio": 1.0
    },
    {
      "stage": "QAT+Prune only",
      "model_path": "models/tflite/saved_model_qat_pruned_float32.tflite",
      "file_size_bytes": 248228,
      "file_size_mb": 0.23672866821289062,
      "parameter_count": 61969,
      "accuracy": 0.9332071999610022,
      "precision": 0.7396705658934153,
      "recall": 0.9625364681654368,
      "f1_score": 0.8365138668277441,
      "precision_normal": 0.9913509273089617,
      "recall_normal": 0.9268764307993214,
      "avg_latency_ms": 0.7413387298583984,
      "min_latency_ms": 0.7307529449462891,
      "max_latency_ms": 0.8101463317871094,
      "samples_per_second": 134891.10439313052,
      "compression_ratio": 3.3099892034742253
    },
    {
      "stage": "Compressed (PTQ)",
      "model_path": "models/tflite/saved_model_pruned_quantized.tflite",
      "file_size_bytes": 70920,
      "file_size_mb": 0.06763458251953125,
      "parameter_count": 61969,
      "accuracy": 0.9333625816515551,
      "precision": 0.7402508250825083,
      "recall": 0.9623133688004119,
      "f1_score": 0.8368004775406656,
      "precision_normal": 0.9913020746690748,
      "recall_normal": 0.9271135082273276,
      "avg_latency_ms": 0.4839181900024414,
      "min_latency_ms": 0.47469139099121094,
      "max_latency_ms": 0.5428791046142578,
      "samples_per_second": 206646.49948268218,
      "compression_ratio": 11.585335589396504
    },
    {
      "stage": "QAT+PTQ",
      "model_path": "models/tflite/saved_model_qat_ptq.tflite",
      "file_size_bytes": 70904,
      "file_size_mb": 0.06761932373046875,
      "parameter_count": 61969,
      "accuracy": 0.9333625816515551,
      "precision": 0.7402508250825083,
      "recall": 0.9623133688004119,
      "f1_score": 0.8368004775406656,
      "precision_normal": 0.9913020746690748,
      "recall_normal": 0.9271135082273276,
      "avg_latency_ms": 0.4870176315307617,
      "min_latency_ms": 0.4792213439941406,
      "max_latency_ms": 0.5352497100830078,
      "samples_per_second": 205331.37514074508,
      "compression_ratio": 11.587949904095678
    },
    {
      "stage": "noQAT+PTQ",
      "model_path": "models/tflite/saved_model_no_qat_ptq.tflite",
      "file_size_bytes": 70920,
      "file_size_mb": 0.06763458251953125,
      "parameter_count": 61969,
      "accuracy": 0.8224688017938968,
      "precision": 0.0,
      "recall": 0.0,
      "f1_score": 0.0,
      "precision_normal": 0.8224688017938968,
      "recall_normal": 1.0,
      "avg_latency_ms": 0.4789113998413086,
      "min_latency_ms": 0.4680156707763672,
      "max_latency_ms": 0.5335807800292969,
      "samples_per_second": 208806.89002837657,
      "compression_ratio": 11.585335589396504
    }
  ]
}