{
  "version": "v20",
  "data_version": "cicids2017_max2000k_bal4.0",
  "generated_at": "2026-02-18T09:28:53.349272",
  "results": [
    {
      "stage": "Original",
      "model_path": "models/tflite/saved_model_original.tflite",
      "file_size_bytes": 821632,
      "file_size_mb": 0.7835693359375,
      "parameter_count": 205777,
      "accuracy": 0.5890215218874915,
      "precision": 0.26066232281521556,
      "recall": 0.7160631542817917,
      "f1_score": 0.38219681876680267,
      "precision_normal": 0.901606294342585,
      "recall_normal": 0.5615993835986872,
      "avg_latency_ms": 2.339029312133789,
      "min_latency_ms": 2.1903514862060547,
      "max_latency_ms": 2.5377273559570312,
      "samples_per_second": 42752.777607893506,
      "compression_ratio": 1.0
    },
    {
      "stage": "QAT+Prune only",
      "model_path": "models/tflite/saved_model_qat_pruned_float32.tflite",
      "file_size_bytes": 248228,
      "file_size_mb": 0.23672866821289062,
      "parameter_count": 61969,
      "accuracy": 0.18268926099249294,
      "precision": 0.17845166308865007,
      "recall": 1.0,
      "f1_score": 0.302857840806027,
      "precision_normal": 1.0,
      "recall_normal": 0.0062714388377279095,
      "avg_latency_ms": 0.7455348968505859,
      "min_latency_ms": 0.7307529449462891,
      "max_latency_ms": 0.8065700531005859,
      "samples_per_second": 134131.88359449952,
      "compression_ratio": 3.3099892034742253
    },
    {
      "stage": "Compressed (PTQ)",
      "model_path": "models/tflite/saved_model_pruned_quantized.tflite",
      "file_size_bytes": 70920,
      "file_size_mb": 0.06763458251953125,
      "parameter_count": 61969,
      "accuracy": 0.18285987618211952,
      "precision": 0.17848227276207979,
      "recall": 1.0,
      "f1_score": 0.3029019220522684,
      "precision_normal": 1.0,
      "recall_normal": 0.0064788815872333805,
      "avg_latency_ms": 0.5162715911865234,
      "min_latency_ms": 0.4706382751464844,
      "max_latency_ms": 0.6282329559326172,
      "samples_per_second": 193696.4994920107,
      "compression_ratio": 11.585335589396504
    },
    {
      "stage": "QAT+PTQ",
      "model_path": "models/tflite/saved_model_qat_ptq.tflite",
      "file_size_bytes": 70904,
      "file_size_mb": 0.06761932373046875,
      "parameter_count": 61969,
      "accuracy": 0.18285987618211952,
      "precision": 0.17848227276207979,
      "recall": 1.0,
      "f1_score": 0.3029019220522684,
      "precision_normal": 1.0,
      "recall_normal": 0.0064788815872333805,
      "avg_latency_ms": 0.5487680435180664,
      "min_latency_ms": 0.5381107330322266,
      "max_latency_ms": 0.6062984466552734,
      "samples_per_second": 182226.35443367946,
      "compression_ratio": 11.587949904095678
    },
    {
      "stage": "noQAT+PTQ",
      "model_path": "models/tflite/saved_model_no_qat_ptq.tflite",
      "file_size_bytes": 70920,
      "file_size_mb": 0.06763458251953125,
      "parameter_count": 61969,
      "accuracy": 0.8224688017938968,
      "precision": 0.0,
      "recall": 0.0,
      "f1_score": 0.0,
      "precision_normal": 0.8224688017938968,
      "recall_normal": 1.0,
      "avg_latency_ms": 0.5190849304199219,
      "min_latency_ms": 0.4677772521972656,
      "max_latency_ms": 0.5939006805419922,
      "samples_per_second": 192646.70218629434,
      "compression_ratio": 11.585335589396504
    }
  ]
}