{
  "version": "v20",
  "data_version": "cicids2017_max2000k_bal4.0",
  "generated_at": "2026-02-21T17:27:55.458172",
  "results": [
    {
      "stage": "Original",
      "model_path": "models/tflite/saved_model_original.tflite",
      "file_size_bytes": 821632,
      "file_size_mb": 0.7835693359375,
      "parameter_count": 205777,
      "accuracy": 0.2977874865945208,
      "precision": 0.2014244549933944,
      "recall": 0.996893770379269,
      "f1_score": 0.3351343243110705,
      "precision_normal": 0.9954560289207441,
      "recall_normal": 0.14688428398912406,
      "avg_latency_ms": 1.9334077835083008,
      "min_latency_ms": 1.903533935546875,
      "max_latency_ms": 1.9941329956054688,
      "samples_per_second": 51722.14617784519,
      "compression_ratio": 1.0
    },
    {
      "stage": "QAT+Prune only",
      "model_path": "models/tflite/saved_model_qat_pruned_float32.tflite",
      "file_size_bytes": 248228,
      "file_size_mb": 0.23672866821289062,
      "parameter_count": 61969,
      "accuracy": 0.7810824315101882,
      "precision": 0.44767173102406854,
      "recall": 0.997185515702763,
      "f1_score": 0.6179320025948337,
      "precision_normal": 0.9991735037393916,
      "recall_normal": 0.7344362372848707,
      "avg_latency_ms": 0.7311582565307617,
      "min_latency_ms": 0.7174015045166016,
      "max_latency_ms": 0.7903575897216797,
      "samples_per_second": 136769.2959859132,
      "compression_ratio": 3.3099892034742253
    },
    {
      "stage": "Compressed (PTQ)",
      "model_path": "models/tflite/saved_model_pruned_quantized.tflite",
      "file_size_bytes": 70920,
      "file_size_mb": 0.06763458251953125,
      "parameter_count": 61969,
      "accuracy": 0.7801135809690942,
      "precision": 0.44657761655163936,
      "recall": 0.997185515702763,
      "f1_score": 0.6168889077628673,
      "precision_normal": 0.999172177073343,
      "recall_normal": 0.7332582588144647,
      "avg_latency_ms": 0.4815340042114258,
      "min_latency_ms": 0.4711151123046875,
      "max_latency_ms": 0.5276203155517578,
      "samples_per_second": 207669.6539089964,
      "compression_ratio": 11.585335589396504
    },
    {
      "stage": "QAT+PTQ",
      "model_path": "models/tflite/saved_model_qat_ptq.tflite",
      "file_size_bytes": 70904,
      "file_size_mb": 0.06761932373046875,
      "parameter_count": 61969,
      "accuracy": 0.7801135809690942,
      "precision": 0.44657761655163936,
      "recall": 0.997185515702763,
      "f1_score": 0.6168889077628673,
      "precision_normal": 0.999172177073343,
      "recall_normal": 0.7332582588144647,
      "avg_latency_ms": 0.4776477813720703,
      "min_latency_ms": 0.4706382751464844,
      "max_latency_ms": 0.5152225494384766,
      "samples_per_second": 209359.2892083458,
      "compression_ratio": 11.587949904095678
    },
    {
      "stage": "noQAT+PTQ",
      "model_path": "models/tflite/saved_model_no_qat_ptq.tflite",
      "file_size_bytes": 70920,
      "file_size_mb": 0.06763458251953125,
      "parameter_count": 61969,
      "accuracy": 0.8224688017938968,
      "precision": 0.0,
      "recall": 0.0,
      "f1_score": 0.0,
      "precision_normal": 0.8224688017938968,
      "recall_normal": 1.0,
      "avg_latency_ms": 0.47821998596191406,
      "min_latency_ms": 0.4718303680419922,
      "max_latency_ms": 0.5178451538085938,
      "samples_per_second": 209108.78452487785,
      "compression_ratio": 11.585335589396504
    }
  ]
}