{
  "version": "v20",
  "data_version": "cicids2017_max2000k_bal4.0",
  "generated_at": "2026-02-13T07:34:40.282990",
  "results": [
    {
      "stage": "Original",
      "model_path": "models/tflite/saved_model_original.tflite",
      "file_size_bytes": 821632,
      "file_size_mb": 0.7835693359375,
      "parameter_count": 205777,
      "accuracy": 0.9027219216145072,
      "precision": 0.7191248648198985,
      "recall": 0.7417710657285053,
      "f1_score": 0.730272439281943,
      "precision_normal": 0.9438793968349874,
      "recall_normal": 0.9374634196937256,
      "avg_latency_ms": 2.233004570007324,
      "min_latency_ms": 2.1424293518066406,
      "max_latency_ms": 2.694845199584961,
      "samples_per_second": 44782.71175220748,
      "compression_ratio": 1.0
    },
    {
      "stage": "QAT+Prune only",
      "model_path": "models/tflite/saved_model_qat_pruned_float32.tflite",
      "file_size_bytes": 248228,
      "file_size_mb": 0.23672866821289062,
      "parameter_count": 61969,
      "accuracy": 0.8327879740664912,
      "precision": 0.521866002143346,
      "recall": 0.6936330873519821,
      "f1_score": 0.5956129944959807,
      "precision_normal": 0.9288126806898614,
      "recall_normal": 0.8628247775546946,
      "avg_latency_ms": 0.8527278900146484,
      "min_latency_ms": 0.8378028869628906,
      "max_latency_ms": 0.9121894836425781,
      "samples_per_second": 117270.70402057821,
      "compression_ratio": 3.3099892034742253
    },
    {
      "stage": "Compressed (PTQ)",
      "model_path": "models/tflite/saved_model_pruned_quantized.tflite",
      "file_size_bytes": 70920,
      "file_size_mb": 0.06763458251953125,
      "parameter_count": 61969,
      "accuracy": 0.8322852685970556,
      "precision": 0.5207570994176158,
      "recall": 0.6936159258623649,
      "f1_score": 0.5948837962349686,
      "precision_normal": 0.9287623896700876,
      "recall_normal": 0.8622172666454285,
      "avg_latency_ms": 0.5466699600219727,
      "min_latency_ms": 0.5393028259277344,
      "max_latency_ms": 0.5931854248046875,
      "samples_per_second": 182925.72724497362,
      "compression_ratio": 11.585335589396504
    },
    {
      "stage": "QAT+PTQ",
      "model_path": "models/tflite/saved_model_qat_ptq.tflite",
      "file_size_bytes": 70904,
      "file_size_mb": 0.06761932373046875,
      "parameter_count": 61969,
      "accuracy": 0.8322852685970556,
      "precision": 0.5207570994176158,
      "recall": 0.6936159258623649,
      "f1_score": 0.5948837962349686,
      "precision_normal": 0.9287623896700876,
      "recall_normal": 0.8622172666454285,
      "avg_latency_ms": 0.5565404891967773,
      "min_latency_ms": 0.5445480346679688,
      "max_latency_ms": 0.6005764007568359,
      "samples_per_second": 179681.44625797885,
      "compression_ratio": 11.587949904095678
    },
    {
      "stage": "noQAT+PTQ",
      "model_path": "models/tflite/saved_model_no_qat_ptq.tflite",
      "file_size_bytes": 70920,
      "file_size_mb": 0.06763458251953125,
      "parameter_count": 61969,
      "accuracy": 0.8224688017938968,
      "precision": 0.0,
      "recall": 0.0,
      "f1_score": 0.0,
      "precision_normal": 0.8224688017938968,
      "recall_normal": 1.0,
      "avg_latency_ms": 0.5556583404541016,
      "min_latency_ms": 0.5483627319335938,
      "max_latency_ms": 0.5965232849121094,
      "samples_per_second": 179966.70385308506,
      "compression_ratio": 11.585335589396504
    }
  ]
}