{
  "version": "v20",
  "data_version": "cicids2017_max2000k_bal4.0",
  "generated_at": "2026-02-20T20:39:09.086755",
  "results": [
    {
      "stage": "Original",
      "model_path": "models/tflite/saved_model_original.tflite",
      "file_size_bytes": 821632,
      "file_size_mb": 0.7835693359375,
      "parameter_count": 205777,
      "accuracy": 0.5962117334503266,
      "precision": 0.293444218841265,
      "recall": 0.905285738802128,
      "f1_score": 0.4432205347953032,
      "precision_normal": 0.9628247529620972,
      "recall_normal": 0.5294976181127155,
      "avg_latency_ms": 1.9001960754394531,
      "min_latency_ms": 1.8720626831054688,
      "max_latency_ms": 1.9996166229248047,
      "samples_per_second": 52626.14805520703,
      "compression_ratio": 1.0
    },
    {
      "stage": "QAT+Prune only",
      "model_path": "models/tflite/saved_model_qat_pruned_float32.tflite",
      "file_size_bytes": 248228,
      "file_size_mb": 0.23672866821289062,
      "parameter_count": 61969,
      "accuracy": 0.7898447401774398,
      "precision": 0.45784849391424837,
      "recall": 0.9980264286940106,
      "f1_score": 0.6277254868097233,
      "precision_normal": 0.9994284464677992,
      "recall_normal": 0.7449083918000845,
      "avg_latency_ms": 0.7633447647094727,
      "min_latency_ms": 0.7522106170654297,
      "max_latency_ms": 0.8034706115722656,
      "samples_per_second": 131002.40497235845,
      "compression_ratio": 3.3099892034742253
    },
    {
      "stage": "Compressed (PTQ)",
      "model_path": "models/tflite/saved_model_pruned_quantized.tflite",
      "file_size_bytes": 70920,
      "file_size_mb": 0.06763458251953125,
      "parameter_count": 61969,
      "accuracy": 0.7880837476845082,
      "precision": 0.4557814067201605,
      "recall": 0.9981980435901836,
      "f1_score": 0.6258136707444347,
      "precision_normal": 0.9994765911628649,
      "recall_normal": 0.742730242930277,
      "avg_latency_ms": 0.4782676696777344,
      "min_latency_ms": 0.4696846008300781,
      "max_latency_ms": 0.5228519439697266,
      "samples_per_second": 209087.93619142572,
      "compression_ratio": 11.585335589396504
    },
    {
      "stage": "QAT+PTQ",
      "model_path": "models/tflite/saved_model_qat_ptq.tflite",
      "file_size_bytes": 70904,
      "file_size_mb": 0.06761932373046875,
      "parameter_count": 61969,
      "accuracy": 0.7880837476845082,
      "precision": 0.4557814067201605,
      "recall": 0.9981980435901836,
      "f1_score": 0.6258136707444347,
      "precision_normal": 0.9994765911628649,
      "recall_normal": 0.742730242930277,
      "avg_latency_ms": 0.48029422760009766,
      "min_latency_ms": 0.4730224609375,
      "max_latency_ms": 0.5276203155517578,
      "samples_per_second": 208205.70861255893,
      "compression_ratio": 11.587949904095678
    },
    {
      "stage": "noQAT+PTQ",
      "model_path": "models/tflite/saved_model_no_qat_ptq.tflite",
      "file_size_bytes": 70920,
      "file_size_mb": 0.06763458251953125,
      "parameter_count": 61969,
      "accuracy": 0.8224688017938968,
      "precision": 0.0,
      "recall": 0.0,
      "f1_score": 0.0,
      "precision_normal": 0.8224688017938968,
      "recall_normal": 1.0,
      "avg_latency_ms": 0.470733642578125,
      "min_latency_ms": 0.46324729919433594,
      "max_latency_ms": 0.5123615264892578,
      "samples_per_second": 212434.35980551052,
      "compression_ratio": 11.585335589396504
    }
  ]
}