{
  "tag": "no_qat__distill_direct__prune_10x2__ptq_no",
  "fl_qat": false,
  "distillation": "direct",
  "pruning": "prune_10x2",
  "ptq": false,
  "fl_acc": 0.9383213636499091,
  "fl_f1": 0.8503353399497441,
  "fl_prec": 0.7417254048598956,
  "fl_rec": 0.9962089925238791,
  "fl_size_kb": 864.109375,
  "dist_acc": 0.9604292696009774,
  "dist_f1": 0.8978901331282741,
  "prune_acc": 0.9857853800995321,
  "prune_f1": 0.9597977243994943,
  "final_acc": 0.9857853800995321,
  "final_f1": 0.9597977243994943,
  "final_prec": null,
  "final_rec": null,
  "tflite_size_kb": 170.91796875,
  "final_size_kb": 585.8671875
}