{
  "version": "v20",
  "data_version": "cicids2017_max2000k_bal4.0",
  "generated_at": "2026-02-22T12:09:00.391939",
  "results": [
    {
      "stage": "Original",
      "model_path": "models/tflite/saved_model_original.tflite",
      "file_size_bytes": 821632,
      "file_size_mb": 0.7835693359375,
      "parameter_count": 205777,
      "accuracy": 0.3602966266939651,
      "precision": 0.19619725869375396,
      "recall": 0.8406212459241462,
      "f1_score": 0.31814166764090773,
      "precision_normal": 0.881787632697742,
      "recall_normal": 0.2566177941427058,
      "avg_latency_ms": 1.9195795059204102,
      "min_latency_ms": 1.8696784973144531,
      "max_latency_ms": 2.0623207092285156,
      "samples_per_second": 52094.74246394992,
      "compression_ratio": 1.0
    },
    {
      "stage": "QAT+Prune only",
      "model_path": "models/tflite/saved_model_qat_pruned_float32.tflite",
      "file_size_bytes": 248228,
      "file_size_mb": 0.23672866821289062,
      "parameter_count": 61969,
      "accuracy": 0.3072657697182412,
      "precision": 0.2036874789727487,
      "recall": 0.9974429380470224,
      "f1_score": 0.33829238622407704,
      "precision_normal": 0.9965251865671642,
      "recall_normal": 0.1582899308771124,
      "avg_latency_ms": 0.7549524307250977,
      "min_latency_ms": 0.7331371307373047,
      "max_latency_ms": 0.8134841918945312,
      "samples_per_second": 132458.6767724617,
      "compression_ratio": 3.3099892034742253
    },
    {
      "stage": "Compressed (PTQ)",
      "model_path": "models/tflite/saved_model_pruned_quantized.tflite",
      "file_size_bytes": 70920,
      "file_size_mb": 0.06763458251953125,
      "parameter_count": 61969,
      "accuracy": 0.3062694988788145,
      "precision": 0.2034543233299845,
      "recall": 0.9974429380470224,
      "f1_score": 0.33797075661232595,
      "precision_normal": 0.9964984842431791,
      "recall_normal": 0.15707861339339294,
      "avg_latency_ms": 0.4819631576538086,
      "min_latency_ms": 0.47278404235839844,
      "max_latency_ms": 0.5211830139160156,
      "samples_per_second": 207484.73905515706,
      "compression_ratio": 11.585335589396504
    },
    {
      "stage": "QAT+PTQ",
      "model_path": "models/tflite/saved_model_qat_ptq.tflite",
      "file_size_bytes": 70904,
      "file_size_mb": 0.06761932373046875,
      "parameter_count": 61969,
      "accuracy": 0.3062694988788145,
      "precision": 0.2034543233299845,
      "recall": 0.9974429380470224,
      "f1_score": 0.33797075661232595,
      "precision_normal": 0.9964984842431791,
      "recall_normal": 0.15707861339339294,
      "avg_latency_ms": 0.47714710235595703,
      "min_latency_ms": 0.4699230194091797,
      "max_latency_ms": 0.5180835723876953,
      "samples_per_second": 209578.97366711637,
      "compression_ratio": 11.587949904095678
    },
    {
      "stage": "noQAT+PTQ",
      "model_path": "models/tflite/saved_model_no_qat_ptq.tflite",
      "file_size_bytes": 70920,
      "file_size_mb": 0.06763458251953125,
      "parameter_count": 61969,
      "accuracy": 0.8224688017938968,
      "precision": 0.0,
      "recall": 0.0,
      "f1_score": 0.0,
      "precision_normal": 0.8224688017938968,
      "recall_normal": 1.0,
      "avg_latency_ms": 0.4827737808227539,
      "min_latency_ms": 0.47588348388671875,
      "max_latency_ms": 0.5238056182861328,
      "samples_per_second": 207136.35241246482,
      "compression_ratio": 11.585335589396504
    }
  ]
}