{
  "version": "v20",
  "data_version": "cicids2017_max2000k_bal4.0",
  "generated_at": "2026-02-20T06:48:15.503032",
  "results": [
    {
      "stage": "Original",
      "model_path": "models/tflite/saved_model_original.tflite",
      "file_size_bytes": 821632,
      "file_size_mb": 0.7835693359375,
      "parameter_count": 205777,
      "accuracy": 0.6250731207955542,
      "precision": 0.3053699742856456,
      "recall": 0.8722670327784452,
      "f1_score": 0.452370568811912,
      "precision_normal": 0.9539930770181728,
      "recall_normal": 0.5717159219718915,
      "avg_latency_ms": 1.9070863723754883,
      "min_latency_ms": 1.8684864044189453,
      "max_latency_ms": 2.009868621826172,
      "samples_per_second": 52436.00995136831,
      "compression_ratio": 1.0
    },
    {
      "stage": "QAT+Prune only",
      "model_path": "models/tflite/saved_model_qat_pruned_float32.tflite",
      "file_size_bytes": 248228,
      "file_size_mb": 0.23672866821289062,
      "parameter_count": 61969,
      "accuracy": 0.8912175831139709,
      "precision": 0.6276979842223807,
      "recall": 0.9517590526857731,
      "f1_score": 0.756484316921629,
      "precision_normal": 0.9882812011456158,
      "recall_normal": 0.8781496106744112,
      "avg_latency_ms": 0.7603168487548828,
      "min_latency_ms": 0.7359981536865234,
      "max_latency_ms": 0.8847713470458984,
      "samples_per_second": 131524.11414236436,
      "compression_ratio": 3.3099892034742253
    },
    {
      "stage": "Compressed (PTQ)",
      "model_path": "models/tflite/saved_model_pruned_quantized.tflite",
      "file_size_bytes": 70920,
      "file_size_mb": 0.06763458251953125,
      "parameter_count": 61969,
      "accuracy": 0.8911566491176758,
      "precision": 0.6273628074615567,
      "recall": 0.9529088724901321,
      "f1_score": 0.7566035550529033,
      "precision_normal": 0.9885531689450477,
      "recall_normal": 0.8778273335457152,
      "avg_latency_ms": 0.4791736602783203,
      "min_latency_ms": 0.46944618225097656,
      "max_latency_ms": 0.5464553833007812,
      "samples_per_second": 208692.60622947555,
      "compression_ratio": 11.585335589396504
    },
    {
      "stage": "QAT+PTQ",
      "model_path": "models/tflite/saved_model_qat_ptq.tflite",
      "file_size_bytes": 70904,
      "file_size_mb": 0.06761932373046875,
      "parameter_count": 61969,
      "accuracy": 0.8911566491176758,
      "precision": 0.6273628074615567,
      "recall": 0.9529088724901321,
      "f1_score": 0.7566035550529033,
      "precision_normal": 0.9885531689450477,
      "recall_normal": 0.8778273335457152,
      "avg_latency_ms": 0.47414302825927734,
      "min_latency_ms": 0.4661083221435547,
      "max_latency_ms": 0.5171298980712891,
      "samples_per_second": 210906.82355307488,
      "compression_ratio": 11.587949904095678
    },
    {
      "stage": "noQAT+PTQ",
      "model_path": "models/tflite/saved_model_no_qat_ptq.tflite",
      "file_size_bytes": 70920,
      "file_size_mb": 0.06763458251953125,
      "parameter_count": 61969,
      "accuracy": 0.8224688017938968,
      "precision": 0.0,
      "recall": 0.0,
      "f1_score": 0.0,
      "precision_normal": 0.8224688017938968,
      "recall_normal": 1.0,
      "avg_latency_ms": 0.4775524139404297,
      "min_latency_ms": 0.46896934509277344,
      "max_latency_ms": 0.5323886871337891,
      "samples_per_second": 209401.09835247128,
      "compression_ratio": 11.585335589396504
    }
  ]
}