{
  "version": "v20",
  "data_version": "cicids2017_max2000k_bal4.0",
  "generated_at": "2026-02-12T19:28:01.846895",
  "results": [
    {
      "stage": "Original",
      "model_path": "models/tflite/saved_model_original.tflite",
      "file_size_bytes": 821652,
      "file_size_mb": 0.7835884094238281,
      "parameter_count": 205777,
      "accuracy": 0.6970239836209418,
      "precision": 0.2708889779202279,
      "recall": 0.41772781877466963,
      "f1_score": 0.32865263356871854,
      "precision_normal": 0.857661263256813,
      "recall_normal": 0.7573105047526616,
      "avg_latency_ms": 2.163553237915039,
      "min_latency_ms": 2.0825862884521484,
      "max_latency_ms": 2.4764537811279297,
      "samples_per_second": 46220.263152094856,
      "compression_ratio": 1.0
    },
    {
      "stage": "QAT+Prune only",
      "model_path": "models/tflite/saved_model_qat_pruned_float32.tflite",
      "file_size_bytes": 248212,
      "file_size_mb": 0.23671340942382812,
      "parameter_count": 61969,
      "accuracy": 0.926781710051672,
      "precision": 0.7913872340425532,
      "recall": 0.7979062982666896,
      "f1_score": 0.7946333960006836,
      "precision_normal": 0.9563000512108775,
      "recall_normal": 0.9545996725368026,
      "avg_latency_ms": 0.8396148681640625,
      "min_latency_ms": 0.8256435394287109,
      "max_latency_ms": 0.8823871612548828,
      "samples_per_second": 119102.22626079054,
      "compression_ratio": 3.3102831450534222
    },
    {
      "stage": "Compressed (PTQ)",
      "model_path": "models/tflite/saved_model_pruned_quantized.tflite",
      "file_size_bytes": 70920,
      "file_size_mb": 0.06763458251953125,
      "parameter_count": 61969,
      "accuracy": 0.9258951204055766,
      "precision": 0.7862841336504242,
      "recall": 0.8000343229792346,
      "f1_score": 0.793099635076855,
      "precision_normal": 0.9566735456522951,
      "recall_normal": 0.9530623735895746,
      "avg_latency_ms": 0.5517721176147461,
      "min_latency_ms": 0.5397796630859375,
      "max_latency_ms": 0.5886554718017578,
      "samples_per_second": 181234.23929481916,
      "compression_ratio": 11.585617597292725
    },
    {
      "stage": "QAT+PTQ",
      "model_path": "models/tflite/saved_model_qat_ptq.tflite",
      "file_size_bytes": 70904,
      "file_size_mb": 0.06761932373046875,
      "parameter_count": 61969,
      "accuracy": 0.9258951204055766,
      "precision": 0.7862841336504242,
      "recall": 0.8000343229792346,
      "f1_score": 0.793099635076855,
      "precision_normal": 0.9566735456522951,
      "recall_normal": 0.9530623735895746,
      "avg_latency_ms": 0.5699634552001953,
      "min_latency_ms": 0.5481243133544922,
      "max_latency_ms": 0.6098747253417969,
      "samples_per_second": 175449.84522713962,
      "compression_ratio": 11.58823197562902
    },
    {
      "stage": "noQAT+PTQ",
      "model_path": "models/tflite/saved_model_no_qat_ptq.tflite",
      "file_size_bytes": 70920,
      "file_size_mb": 0.06763458251953125,
      "parameter_count": 61969,
      "accuracy": 0.8224688017938968,
      "precision": 0.0,
      "recall": 0.0,
      "f1_score": 0.0,
      "precision_normal": 0.8224688017938968,
      "recall_normal": 1.0,
      "avg_latency_ms": 0.5406618118286133,
      "min_latency_ms": 0.5335807800292969,
      "max_latency_ms": 0.5767345428466797,
      "samples_per_second": 184958.50421131545,
      "compression_ratio": 11.585617597292725
    }
  ]
}