{
  "version": "v20",
  "data_version": "cicids2017_max2000k_bal4.0",
  "generated_at": "2026-02-21T15:48:17.262863",
  "results": [
    {
      "stage": "Original",
      "model_path": "models/tflite/saved_model_original.tflite",
      "file_size_bytes": 821632,
      "file_size_mb": 0.7835693359375,
      "parameter_count": 205777,
      "accuracy": 0.45266647167787855,
      "precision": 0.24253557216674163,
      "recall": 0.9811223614209713,
      "f1_score": 0.38892743921520606,
      "precision_normal": 0.9881088794240374,
      "recall_normal": 0.33859842788030553,
      "avg_latency_ms": 1.9646883010864258,
      "min_latency_ms": 1.8761157989501953,
      "max_latency_ms": 2.082347869873047,
      "samples_per_second": 50898.65906195013,
      "compression_ratio": 1.0
    },
    {
      "stage": "QAT+Prune only",
      "model_path": "models/tflite/saved_model_qat_pruned_float32.tflite",
      "file_size_bytes": 248228,
      "file_size_mb": 0.23672866821289062,
      "parameter_count": 61969,
      "accuracy": 0.6650549624646582,
      "precision": 0.34639831138329813,
      "recall": 0.9998112236142097,
      "f1_score": 0.5145304806694487,
      "precision_normal": 0.9999312667537288,
      "recall_normal": 0.5927972913903851,
      "avg_latency_ms": 0.7690906524658203,
      "min_latency_ms": 0.7517337799072266,
      "max_latency_ms": 0.8046627044677734,
      "samples_per_second": 130023.68404736811,
      "compression_ratio": 3.3099892034742253
    },
    {
      "stage": "Compressed (PTQ)",
      "model_path": "models/tflite/saved_model_pruned_quantized.tflite",
      "file_size_bytes": 70920,
      "file_size_mb": 0.06763458251953125,
      "parameter_count": 61969,
      "accuracy": 0.6650214487666959,
      "precision": 0.3463720034246575,
      "recall": 0.9997769006349752,
      "f1_score": 0.5144969133894428,
      "precision_normal": 0.9999187662467507,
      "recall_normal": 0.5927639523770717,
      "avg_latency_ms": 0.48089027404785156,
      "min_latency_ms": 0.4687309265136719,
      "max_latency_ms": 0.5319118499755859,
      "samples_per_second": 207947.6450173525,
      "compression_ratio": 11.585335589396504
    },
    {
      "stage": "QAT+PTQ",
      "model_path": "models/tflite/saved_model_qat_ptq.tflite",
      "file_size_bytes": 70904,
      "file_size_mb": 0.06761932373046875,
      "parameter_count": 61969,
      "accuracy": 0.6650214487666959,
      "precision": 0.3463720034246575,
      "recall": 0.9997769006349752,
      "f1_score": 0.5144969133894428,
      "precision_normal": 0.9999187662467507,
      "recall_normal": 0.5927639523770717,
      "avg_latency_ms": 0.48444271087646484,
      "min_latency_ms": 0.4756450653076172,
      "max_latency_ms": 0.5304813385009766,
      "samples_per_second": 206422.75702544415,
      "compression_ratio": 11.587949904095678
    },
    {
      "stage": "noQAT+PTQ",
      "model_path": "models/tflite/saved_model_no_qat_ptq.tflite",
      "file_size_bytes": 70920,
      "file_size_mb": 0.06763458251953125,
      "parameter_count": 61969,
      "accuracy": 0.8224688017938968,
      "precision": 0.0,
      "recall": 0.0,
      "f1_score": 0.0,
      "precision_normal": 0.8224688017938968,
      "recall_normal": 1.0,
      "avg_latency_ms": 0.4960775375366211,
      "min_latency_ms": 0.48542022705078125,
      "max_latency_ms": 0.5712509155273438,
      "samples_per_second": 201581.39087806985,
      "compression_ratio": 11.585335589396504
    }
  ]
}