{
  "version": "v20",
  "data_version": "cicids2017_max2000k_bal4.0",
  "generated_at": "2026-02-18T15:16:50.634801",
  "results": [
    {
      "stage": "Original",
      "model_path": "models/tflite/saved_model_original.tflite",
      "file_size_bytes": 821632,
      "file_size_mb": 0.7835693359375,
      "parameter_count": 205777,
      "accuracy": 0.8508366237691333,
      "precision": 0.5441116554070059,
      "recall": 0.9854985412733825,
      "f1_score": 0.7011214280045663,
      "precision_normal": 0.9962054022498148,
      "recall_normal": 0.8217696348266742,
      "avg_latency_ms": 2.2583961486816406,
      "min_latency_ms": 2.1266937255859375,
      "max_latency_ms": 2.825021743774414,
      "samples_per_second": 44279.21118196022,
      "compression_ratio": 1.0
    },
    {
      "stage": "QAT+Prune only",
      "model_path": "models/tflite/saved_model_qat_pruned_float32.tflite",
      "file_size_bytes": 248228,
      "file_size_mb": 0.23672866821289062,
      "parameter_count": 61969,
      "accuracy": 0.6306577215560105,
      "precision": 0.3246254728596658,
      "recall": 0.9999656770207654,
      "f1_score": 0.4901351345667745,
      "precision_normal": 0.9999865529042365,
      "recall_normal": 0.5509420123428436,
      "avg_latency_ms": 0.8889198303222656,
      "min_latency_ms": 0.8733272552490234,
      "max_latency_ms": 0.9667873382568359,
      "samples_per_second": 112496.08411114688,
      "compression_ratio": 3.3099892034742253
    },
    {
      "stage": "Compressed (PTQ)",
      "model_path": "models/tflite/saved_model_pruned_quantized.tflite",
      "file_size_bytes": 70920,
      "file_size_mb": 0.06763458251953125,
      "parameter_count": 61969,
      "accuracy": 0.6303652383737935,
      "precision": 0.3244519430477368,
      "recall": 0.9999656770207654,
      "f1_score": 0.4899373158047415,
      "precision_normal": 0.9999865442190601,
      "recall_normal": 0.5505863962008343,
      "avg_latency_ms": 0.5505561828613281,
      "min_latency_ms": 0.5409717559814453,
      "max_latency_ms": 0.6024837493896484,
      "samples_per_second": 181634.50545643514,
      "compression_ratio": 11.585335589396504
    },
    {
      "stage": "QAT+PTQ",
      "model_path": "models/tflite/saved_model_qat_ptq.tflite",
      "file_size_bytes": 70904,
      "file_size_mb": 0.06761932373046875,
      "parameter_count": 61969,
      "accuracy": 0.6303652383737935,
      "precision": 0.3244519430477368,
      "recall": 0.9999656770207654,
      "f1_score": 0.4899373158047415,
      "precision_normal": 0.9999865442190601,
      "recall_normal": 0.5505863962008343,
      "avg_latency_ms": 0.5513668060302734,
      "min_latency_ms": 0.5366802215576172,
      "max_latency_ms": 0.6508827209472656,
      "samples_per_second": 181367.46519069443,
      "compression_ratio": 11.587949904095678
    },
    {
      "stage": "noQAT+PTQ",
      "model_path": "models/tflite/saved_model_no_qat_ptq.tflite",
      "file_size_bytes": 70920,
      "file_size_mb": 0.06763458251953125,
      "parameter_count": 61969,
      "accuracy": 0.8224688017938968,
      "precision": 0.0,
      "recall": 0.0,
      "f1_score": 0.0,
      "precision_normal": 0.8224688017938968,
      "recall_normal": 1.0,
      "avg_latency_ms": 0.5472898483276367,
      "min_latency_ms": 0.5385875701904297,
      "max_latency_ms": 0.5950927734375,
      "samples_per_second": 182718.5362666086,
      "compression_ratio": 11.585335589396504
    }
  ]
}