{
  "version": "v20",
  "data_version": "cicids2017_max2000k_bal4.0",
  "generated_at": "2026-02-18T14:05:35.608296",
  "results": [
    {
      "stage": "Original",
      "model_path": "models/tflite/saved_model_original.tflite",
      "file_size_bytes": 821632,
      "file_size_mb": 0.7835693359375,
      "parameter_count": 205777,
      "accuracy": 0.920328799844009,
      "precision": 0.7205014141746986,
      "recall": 0.9005834906469882,
      "f1_score": 0.8005400292897242,
      "precision_normal": 0.9773170445201457,
      "recall_normal": 0.9245908562199486,
      "avg_latency_ms": 2.2715091705322266,
      "min_latency_ms": 2.1479129791259766,
      "max_latency_ms": 2.5365352630615234,
      "samples_per_second": 44023.59510464555,
      "compression_ratio": 1.0
    },
    {
      "stage": "QAT+Prune only",
      "model_path": "models/tflite/saved_model_qat_pruned_float32.tflite",
      "file_size_bytes": 248228,
      "file_size_mb": 0.23672866821289062,
      "parameter_count": 61969,
      "accuracy": 0.7415850151116311,
      "precision": 0.4054450649646683,
      "recall": 0.976797666037412,
      "f1_score": 0.5730365358865163,
      "precision_normal": 0.9928023850085179,
      "recall_normal": 0.6908139905317202,
      "avg_latency_ms": 0.8678913116455078,
      "min_latency_ms": 0.8215904235839844,
      "max_latency_ms": 1.0097026824951172,
      "samples_per_second": 115221.80099994506,
      "compression_ratio": 3.3099892034742253
    },
    {
      "stage": "Compressed (PTQ)",
      "model_path": "models/tflite/saved_model_pruned_quantized.tflite",
      "file_size_bytes": 70920,
      "file_size_mb": 0.06763458251953125,
      "parameter_count": 61969,
      "accuracy": 0.7422705225699522,
      "precision": 0.40601009776406655,
      "recall": 0.975699330701905,
      "f1_score": 0.5734111275283533,
      "precision_normal": 0.9924758094084265,
      "recall_normal": 0.691884543292561,
      "avg_latency_ms": 0.5924463272094727,
      "min_latency_ms": 0.5364418029785156,
      "max_latency_ms": 0.7803440093994141,
      "samples_per_second": 168791.66163628316,
      "compression_ratio": 11.585335589396504
    },
    {
      "stage": "QAT+PTQ",
      "model_path": "models/tflite/saved_model_qat_ptq.tflite",
      "file_size_bytes": 70904,
      "file_size_mb": 0.06761932373046875,
      "parameter_count": 61969,
      "accuracy": 0.7422705225699522,
      "precision": 0.40601009776406655,
      "recall": 0.975699330701905,
      "f1_score": 0.5734111275283533,
      "precision_normal": 0.9924758094084265,
      "recall_normal": 0.691884543292561,
      "avg_latency_ms": 0.5853176116943359,
      "min_latency_ms": 0.5333423614501953,
      "max_latency_ms": 0.7123947143554688,
      "samples_per_second": 170847.41344195517,
      "compression_ratio": 11.587949904095678
    },
    {
      "stage": "noQAT+PTQ",
      "model_path": "models/tflite/saved_model_no_qat_ptq.tflite",
      "file_size_bytes": 70920,
      "file_size_mb": 0.06763458251953125,
      "parameter_count": 61969,
      "accuracy": 0.8224688017938968,
      "precision": 0.0,
      "recall": 0.0,
      "f1_score": 0.0,
      "precision_normal": 0.8224688017938968,
      "recall_normal": 1.0,
      "avg_latency_ms": 0.5819559097290039,
      "min_latency_ms": 0.5350112915039062,
      "max_latency_ms": 0.6635189056396484,
      "samples_per_second": 171834.32340530131,
      "compression_ratio": 11.585335589396504
    }
  ]
}