{
  "version": "v20",
  "data_version": "cicids2017_max2000k_bal4.0",
  "generated_at": "2026-02-13T23:11:26.817326",
  "results": [
    {
      "stage": "Original",
      "model_path": "models/tflite/saved_model_original.tflite",
      "file_size_bytes": 821632,
      "file_size_mb": 0.7835693359375,
      "parameter_count": 205777,
      "accuracy": 0.7538144681680803,
      "precision": 0.3801127899553096,
      "recall": 0.6130598935987643,
      "f1_score": 0.4692676518883415,
      "precision_normal": 0.9037456669114257,
      "recall_normal": 0.7841965668224957,
      "avg_latency_ms": 2.3920536041259766,
      "min_latency_ms": 2.1657943725585938,
      "max_latency_ms": 2.9501914978027344,
      "samples_per_second": 41805.08322535633,
      "compression_ratio": 1.0
    },
    {
      "stage": "QAT+Prune only",
      "model_path": "models/tflite/saved_model_qat_pruned_float32.tflite",
      "file_size_bytes": 248228,
      "file_size_mb": 0.23672866821289062,
      "parameter_count": 61969,
      "accuracy": 0.935056546748562,
      "precision": 0.8315211540531812,
      "recall": 0.7953320748240947,
      "f1_score": 0.8130241044173888,
      "precision_normal": 0.956233256266285,
      "recall_normal": 0.9652162961097076,
      "avg_latency_ms": 0.8475065231323242,
      "min_latency_ms": 0.8363723754882812,
      "max_latency_ms": 0.8902549743652344,
      "samples_per_second": 117993.19211185191,
      "compression_ratio": 3.3099892034742253
    },
    {
      "stage": "Compressed (PTQ)",
      "model_path": "models/tflite/saved_model_pruned_quantized.tflite",
      "file_size_bytes": 70920,
      "file_size_mb": 0.06763458251953125,
      "parameter_count": 61969,
      "accuracy": 0.9350260797504143,
      "precision": 0.8318601559412167,
      "recall": 0.7946284537497855,
      "f1_score": 0.8128181722430924,
      "precision_normal": 0.9560943932022806,
      "recall_normal": 0.9653311304888981,
      "avg_latency_ms": 0.5400896072387695,
      "min_latency_ms": 0.530242919921875,
      "max_latency_ms": 0.5924701690673828,
      "samples_per_second": 185154.46077782192,
      "compression_ratio": 11.585335589396504
    },
    {
      "stage": "QAT+PTQ",
      "model_path": "models/tflite/saved_model_qat_ptq.tflite",
      "file_size_bytes": 70904,
      "file_size_mb": 0.06761932373046875,
      "parameter_count": 61969,
      "accuracy": 0.9350260797504143,
      "precision": 0.8318601559412167,
      "recall": 0.7946284537497855,
      "f1_score": 0.8128181722430924,
      "precision_normal": 0.9560943932022806,
      "recall_normal": 0.9653311304888981,
      "avg_latency_ms": 0.5374670028686523,
      "min_latency_ms": 0.5295276641845703,
      "max_latency_ms": 0.5848407745361328,
      "samples_per_second": 186057.93372665573,
      "compression_ratio": 11.587949904095678
    },
    {
      "stage": "noQAT+PTQ",
      "model_path": "models/tflite/saved_model_no_qat_ptq.tflite",
      "file_size_bytes": 70920,
      "file_size_mb": 0.06763458251953125,
      "parameter_count": 61969,
      "accuracy": 0.8224688017938968,
      "precision": 0.0,
      "recall": 0.0,
      "f1_score": 0.0,
      "precision_normal": 0.8224688017938968,
      "recall_normal": 1.0,
      "avg_latency_ms": 0.5380868911743164,
      "min_latency_ms": 0.5273818969726562,
      "max_latency_ms": 0.6098747253417969,
      "samples_per_second": 185843.5907660951,
      "compression_ratio": 11.585335589396504
    }
  ]
}