{
  "tag": "yes_qat__distill_direct__prune_none__ptq_yes",
  "fl_qat": true,
  "distillation": "direct",
  "pruning": "prune_none",
  "ptq": true,
  "fl_acc": 0.92841897225295,
  "fl_f1": 0.8047300468202605,
  "fl_prec": 0.7517765928161417,
  "fl_rec": 0.8657086165803717,
  "fl_size_kb": 847.7265625,
  "dist_acc": 0.9286250097517749,
  "dist_f1": 0.8040721969326736,
  "prune_acc": null,
  "prune_f1": null,
  "final_acc": 0.9226319190092597,
  "final_f1": 0.7908322472134941,
  "final_prec": 0.7330953717815032,
  "final_rec": 0.8584410552639921,
  "tflite_size_kb": 1.84375,
  "final_size_kb": 13.6015625
}