{
  "version": "v20",
  "data_version": "cicids2017_max2000k_bal4.0",
  "generated_at": "2026-02-18T19:29:18.849194",
  "results": [
    {
      "stage": "Original",
      "model_path": "models/tflite/saved_model_original.tflite",
      "file_size_bytes": 821632,
      "file_size_mb": 0.7835693359375,
      "parameter_count": 205777,
      "accuracy": 0.8859010919372136,
      "precision": 0.6100841757962862,
      "recall": 0.9900806590012013,
      "f1_score": 0.7549629009251868,
      "precision_normal": 0.9975263202944449,
      "recall_normal": 0.8634137667898976,
      "avg_latency_ms": 2.3300886154174805,
      "min_latency_ms": 2.176046371459961,
      "max_latency_ms": 2.8624534606933594,
      "samples_per_second": 42916.82270722698,
      "compression_ratio": 1.0
    },
    {
      "stage": "QAT+Prune only",
      "model_path": "models/tflite/saved_model_qat_pruned_float32.tflite",
      "file_size_bytes": 248228,
      "file_size_mb": 0.23672866821289062,
      "parameter_count": 61969,
      "accuracy": 0.5918823730135517,
      "precision": 0.2957709992876109,
      "recall": 0.9405182769864424,
      "f1_score": 0.450020939226973,
      "precision_normal": 0.9757507066297261,
      "recall_normal": 0.516628758973751,
      "avg_latency_ms": 0.8702516555786133,
      "min_latency_ms": 0.8544921875,
      "max_latency_ms": 0.9179115295410156,
      "samples_per_second": 114909.29015643407,
      "compression_ratio": 3.3099892034742253
    },
    {
      "stage": "Compressed (PTQ)",
      "model_path": "models/tflite/saved_model_pruned_quantized.tflite",
      "file_size_bytes": 70920,
      "file_size_mb": 0.06763458251953125,
      "parameter_count": 61969,
      "accuracy": 0.5880191576484353,
      "precision": 0.2937562983768949,
      "recall": 0.9404839540072079,
      "f1_score": 0.44768121032896835,
      "precision_normal": 0.9755202303978315,
      "recall_normal": 0.5119390711010023,
      "avg_latency_ms": 0.5754470825195312,
      "min_latency_ms": 0.5290508270263672,
      "max_latency_ms": 0.8335113525390625,
      "samples_per_second": 173777.92509115013,
      "compression_ratio": 11.585335589396504
    },
    {
      "stage": "QAT+PTQ",
      "model_path": "models/tflite/saved_model_qat_ptq.tflite",
      "file_size_bytes": 70904,
      "file_size_mb": 0.06761932373046875,
      "parameter_count": 61969,
      "accuracy": 0.5880191576484353,
      "precision": 0.2937562983768949,
      "recall": 0.9404839540072079,
      "f1_score": 0.44768121032896835,
      "precision_normal": 0.9755202303978315,
      "recall_normal": 0.5119390711010023,
      "avg_latency_ms": 0.5371809005737305,
      "min_latency_ms": 0.5280971527099609,
      "max_latency_ms": 0.5853176116943359,
      "samples_per_second": 186157.0280946252,
      "compression_ratio": 11.587949904095678
    },
    {
      "stage": "noQAT+PTQ",
      "model_path": "models/tflite/saved_model_no_qat_ptq.tflite",
      "file_size_bytes": 70920,
      "file_size_mb": 0.06763458251953125,
      "parameter_count": 61969,
      "accuracy": 0.8224688017938968,
      "precision": 0.0,
      "recall": 0.0,
      "f1_score": 0.0,
      "precision_normal": 0.8224688017938968,
      "recall_normal": 1.0,
      "avg_latency_ms": 0.5405187606811523,
      "min_latency_ms": 0.5309581756591797,
      "max_latency_ms": 0.5908012390136719,
      "samples_per_second": 185007.45445723613,
      "compression_ratio": 11.585335589396504
    }
  ]
}