{
  "version": "v20",
  "data_version": "cicids2017_max2000k_bal4.0",
  "generated_at": "2026-02-12T10:37:55.912074",
  "results": [
    {
      "stage": "Original",
      "model_path": "models/tflite/saved_model_original.tflite",
      "file_size_bytes": 821652,
      "file_size_mb": 0.7835884094238281,
      "parameter_count": 205777,
      "accuracy": 0.7171169688992883,
      "precision": 0.31500839922534535,
      "recall": 0.5052514158228935,
      "f1_score": 0.38806835781745325,
      "precision_normal": 0.8771995587038843,
      "recall_normal": 0.7628484852974952,
      "avg_latency_ms": 2.176833152770996,
      "min_latency_ms": 2.072572708129883,
      "max_latency_ms": 2.427816390991211,
      "samples_per_second": 45938.29337480696,
      "compression_ratio": 1.0
    },
    {
      "stage": "QAT+Prune only",
      "model_path": "models/tflite/saved_model_qat_pruned_float32.tflite",
      "file_size_bytes": 248212,
      "file_size_mb": 0.23671340942382812,
      "parameter_count": 61969,
      "accuracy": 0.804124622209223,
      "precision": 0.47539174575148974,
      "recall": 0.9980779131628625,
      "f1_score": 0.6440281938130858,
      "precision_normal": 0.99945601227858,
      "recall_normal": 0.762259496062292,
      "avg_latency_ms": 0.7994890213012695,
      "min_latency_ms": 0.7894039154052734,
      "max_latency_ms": 0.8454322814941406,
      "samples_per_second": 125079.89145021322,
      "compression_ratio": 3.3102831450534222
    },
    {
      "stage": "Compressed (PTQ)",
      "model_path": "models/tflite/saved_model_pruned_quantized.tflite",
      "file_size_bytes": 70920,
      "file_size_mb": 0.06763458251953125,
      "parameter_count": 61969,
      "accuracy": 0.8043257043969971,
      "precision": 0.4756483548838236,
      "recall": 0.9980779131628625,
      "f1_score": 0.6442636298680078,
      "precision_normal": 0.9994561866056819,
      "recall_normal": 0.7625039821599235,
      "avg_latency_ms": 0.5468606948852539,
      "min_latency_ms": 0.5376338958740234,
      "max_latency_ms": 0.6022453308105469,
      "samples_per_second": 182861.92614552905,
      "compression_ratio": 11.585617597292725
    },
    {
      "stage": "QAT+PTQ",
      "model_path": "models/tflite/saved_model_qat_ptq.tflite",
      "file_size_bytes": 70904,
      "file_size_mb": 0.06761932373046875,
      "parameter_count": 61969,
      "accuracy": 0.8043257043969971,
      "precision": 0.4756483548838236,
      "recall": 0.9980779131628625,
      "f1_score": 0.6442636298680078,
      "precision_normal": 0.9994561866056819,
      "recall_normal": 0.7625039821599235,
      "avg_latency_ms": 0.5391836166381836,
      "min_latency_ms": 0.5314350128173828,
      "max_latency_ms": 0.5867481231689453,
      "samples_per_second": 185465.57594516914,
      "compression_ratio": 11.58823197562902
    },
    {
      "stage": "noQAT+PTQ",
      "model_path": "models/tflite/saved_model_no_qat_ptq.tflite",
      "file_size_bytes": 70920,
      "file_size_mb": 0.06763458251953125,
      "parameter_count": 61969,
      "accuracy": 0.8224688017938968,
      "precision": 0.0,
      "recall": 0.0,
      "f1_score": 0.0,
      "precision_normal": 0.8224688017938968,
      "recall_normal": 1.0,
      "avg_latency_ms": 0.5400180816650391,
      "min_latency_ms": 0.5297660827636719,
      "max_latency_ms": 0.5850791931152344,
      "samples_per_second": 185178.98454746138,
      "compression_ratio": 11.585617597292725
    }
  ]
}