{
  "version": "v20",
  "data_version": "cicids2017_max2000k_bal4.0",
  "generated_at": "2026-02-21T21:06:01.904979",
  "results": [
    {
      "stage": "Original",
      "model_path": "models/tflite/saved_model_original.tflite",
      "file_size_bytes": 821632,
      "file_size_mb": 0.7835693359375,
      "parameter_count": 205777,
      "accuracy": 0.5802409330213513,
      "precision": 0.28313466626660483,
      "recall": 0.8906813111378068,
      "f1_score": 0.4296802235330643,
      "precision_normal": 0.9560444110158088,
      "recall_normal": 0.513231883950599,
      "avg_latency_ms": 1.865530014038086,
      "min_latency_ms": 1.8482208251953125,
      "max_latency_ms": 1.9464492797851562,
      "samples_per_second": 53604.06921759579,
      "compression_ratio": 1.0
    },
    {
      "stage": "QAT+Prune only",
      "model_path": "models/tflite/saved_model_qat_pruned_float32.tflite",
      "file_size_bytes": 248228,
      "file_size_mb": 0.23672866821289062,
      "parameter_count": 61969,
      "accuracy": 0.8301068782295018,
      "precision": 0.5110987152584092,
      "recall": 0.9906298266689548,
      "f1_score": 0.6743024688834246,
      "precision_normal": 0.9974638034587032,
      "recall_normal": 0.7954577446527927,
      "avg_latency_ms": 0.7546186447143555,
      "min_latency_ms": 0.7359981536865234,
      "max_latency_ms": 0.8134841918945312,
      "samples_per_second": 132517.2664370794,
      "compression_ratio": 3.3099892034742253
    },
    {
      "stage": "Compressed (PTQ)",
      "model_path": "models/tflite/saved_model_pruned_quantized.tflite",
      "file_size_bytes": 70920,
      "file_size_mb": 0.06763458251953125,
      "parameter_count": 61969,
      "accuracy": 0.8312341571609633,
      "precision": 0.5127786019489922,
      "recall": 0.9906298266689548,
      "f1_score": 0.6757628438138386,
      "precision_normal": 0.9974681548598907,
      "recall_normal": 0.7968283485334539,
      "avg_latency_ms": 0.4769563674926758,
      "min_latency_ms": 0.4680156707763672,
      "max_latency_ms": 0.5409717559814453,
      "samples_per_second": 209662.784303924,
      "compression_ratio": 11.585335589396504
    },
    {
      "stage": "QAT+PTQ",
      "model_path": "models/tflite/saved_model_qat_ptq.tflite",
      "file_size_bytes": 70904,
      "file_size_mb": 0.06761932373046875,
      "parameter_count": 61969,
      "accuracy": 0.8312341571609633,
      "precision": 0.5127786019489922,
      "recall": 0.9906298266689548,
      "f1_score": 0.6757628438138386,
      "precision_normal": 0.9974681548598907,
      "recall_normal": 0.7968283485334539,
      "avg_latency_ms": 0.4739999771118164,
      "min_latency_ms": 0.46706199645996094,
      "max_latency_ms": 0.5180835723876953,
      "samples_per_second": 210970.4743222172,
      "compression_ratio": 11.587949904095678
    },
    {
      "stage": "noQAT+PTQ",
      "model_path": "models/tflite/saved_model_no_qat_ptq.tflite",
      "file_size_bytes": 70920,
      "file_size_mb": 0.06763458251953125,
      "parameter_count": 61969,
      "accuracy": 0.8224688017938968,
      "precision": 0.0,
      "recall": 0.0,
      "f1_score": 0.0,
      "precision_normal": 0.8224688017938968,
      "recall_normal": 1.0,
      "avg_latency_ms": 0.47500133514404297,
      "min_latency_ms": 0.4677772521972656,
      "max_latency_ms": 0.5168914794921875,
      "samples_per_second": 210525.72403754454,
      "compression_ratio": 11.585335589396504
    }
  ]
}