{
  "version": "v20",
  "data_version": "cicids2017_max2000k_bal4.0",
  "generated_at": "2026-02-14T17:18:45.584973",
  "results": [
    {
      "stage": "Original",
      "model_path": "models/tflite/saved_model_original.tflite",
      "file_size_bytes": 821632,
      "file_size_mb": 0.7835693359375,
      "parameter_count": 205777,
      "accuracy": 0.6535749975626401,
      "precision": 0.31181554630692043,
      "recall": 0.7881757336536811,
      "f1_score": 0.446849809543732,
      "precision_normal": 0.9317821317047559,
      "recall_normal": 0.6245212147254717,
      "avg_latency_ms": 2.0370960235595703,
      "min_latency_ms": 1.8894672393798828,
      "max_latency_ms": 2.2406578063964844,
      "samples_per_second": 49089.48760562721,
      "compression_ratio": 1.0
    },
    {
      "stage": "QAT+Prune only",
      "model_path": "models/tflite/saved_model_qat_pruned_float32.tflite",
      "file_size_bytes": 248228,
      "file_size_mb": 0.23672866821289062,
      "parameter_count": 61969,
      "accuracy": 0.7268816418055962,
      "precision": 0.39215147056801464,
      "recall": 0.9788913677707225,
      "f1_score": 0.5599732972060238,
      "precision_normal": 0.9932702303441484,
      "recall_normal": 0.6724849418789868,
      "avg_latency_ms": 0.815582275390625,
      "min_latency_ms": 0.7538795471191406,
      "max_latency_ms": 0.8869171142578125,
      "samples_per_second": 122611.78671655753,
      "compression_ratio": 3.3099892034742253
    },
    {
      "stage": "Compressed (PTQ)",
      "model_path": "models/tflite/saved_model_pruned_quantized.tflite",
      "file_size_bytes": 70920,
      "file_size_mb": 0.06763458251953125,
      "parameter_count": 61969,
      "accuracy": 0.7265465048259725,
      "precision": 0.3917897110176249,
      "recall": 0.9781362622275613,
      "f1_score": 0.5594809223248555,
      "precision_normal": 0.99302865147635,
      "recall_normal": 0.6722404557813554,
      "avg_latency_ms": 0.4790067672729492,
      "min_latency_ms": 0.47278404235839844,
      "max_latency_ms": 0.5176067352294922,
      "samples_per_second": 208765.31780399184,
      "compression_ratio": 11.585335589396504
    },
    {
      "stage": "QAT+PTQ",
      "model_path": "models/tflite/saved_model_qat_ptq.tflite",
      "file_size_bytes": 70904,
      "file_size_mb": 0.06761932373046875,
      "parameter_count": 61969,
      "accuracy": 0.7265465048259725,
      "precision": 0.3917897110176249,
      "recall": 0.9781362622275613,
      "f1_score": 0.5594809223248555,
      "precision_normal": 0.99302865147635,
      "recall_normal": 0.6722404557813554,
      "avg_latency_ms": 0.4716157913208008,
      "min_latency_ms": 0.4649162292480469,
      "max_latency_ms": 0.5125999450683594,
      "samples_per_second": 212037.00520701686,
      "compression_ratio": 11.587949904095678
    },
    {
      "stage": "noQAT+PTQ",
      "model_path": "models/tflite/saved_model_no_qat_ptq.tflite",
      "file_size_bytes": 70920,
      "file_size_mb": 0.06763458251953125,
      "parameter_count": 61969,
      "accuracy": 0.8224688017938968,
      "precision": 0.0,
      "recall": 0.0,
      "f1_score": 0.0,
      "precision_normal": 0.8224688017938968,
      "recall_normal": 1.0,
      "avg_latency_ms": 0.5408287048339844,
      "min_latency_ms": 0.5285739898681641,
      "max_latency_ms": 0.5846023559570312,
      "samples_per_second": 184901.42831952038,
      "compression_ratio": 11.585335589396504
    }
  ]
}