{
  "version": "v23",
  "data_version": "cicids2017_max2000k_bal4.0",
  "generated_at": "2026-02-24T13:28:09.905068",
  "results": [
    {
      "stage": "Baseline",
      "model_path": "models/tflite/saved_model_original.tflite",
      "file_size_bytes": 817528,
      "file_size_mb": 0.7796554565429688,
      "parameter_count": 204880,
      "accuracy": 0.17781758798869066,
      "precision": 0.1772515665326394,
      "recall": 0.9971168697442938,
      "f1_score": 0.30099672593145177,
      "precision_normal": 0.6093023255813953,
      "recall_normal": 0.0009705357209005979,
      "avg_latency_ms": 1.9134998321533203,
      "min_latency_ms": 1.8856525421142578,
      "max_latency_ms": 2.0241737365722656,
      "samples_per_second": 52260.26065937352,
      "compression_ratio": 1.0
    },
    {
      "stage": "Traditional+PTQ",
      "model_path": "models/tflite/saved_model_no_qat_ptq.tflite",
      "file_size_bytes": 70856,
      "file_size_mb": 0.06757354736328125,
      "parameter_count": 61969,
      "accuracy": 0.2203982645997855,
      "precision": 0.18548227939163595,
      "recall": 1.0,
      "f1_score": 0.31292290507593495,
      "precision_normal": 1.0,
      "recall_normal": 0.05211999081324967,
      "avg_latency_ms": 0.4940032958984375,
      "min_latency_ms": 0.4858970642089844,
      "max_latency_ms": 0.5404949188232422,
      "samples_per_second": 202427.79922779923,
      "compression_ratio": 11.537879643220052
    },
    {
      "stage": "Traditional+QAT",
      "model_path": "models/tflite/saved_model_traditional_qat.tflite",
      "file_size_bytes": 66600,
      "file_size_mb": 0.06351470947265625,
      "parameter_count": 62048,
      "accuracy": 0.9637595057034221,
      "precision": 0.8677111911067413,
      "recall": 0.9390252273897375,
      "f1_score": 0.9019607843137255,
      "precision_normal": 0.9866007957309599,
      "recall_normal": 0.9690984389933099,
      "avg_latency_ms": 0.4784107208251953,
      "min_latency_ms": 0.4715919494628906,
      "max_latency_ms": 0.5216598510742188,
      "samples_per_second": 209025.4161267816,
      "compression_ratio": 12.275195195195195
    },
    {
      "stage": "QAT+PTQ",
      "model_path": "models/tflite/saved_model_qat_ptq.tflite",
      "file_size_bytes": 68624,
      "file_size_mb": 0.0654449462890625,
      "parameter_count": 61520,
      "accuracy": 0.17753119820610314,
      "precision": 0.17753119820610314,
      "recall": 1.0,
      "f1_score": 0.3015312010018267,
      "precision_normal": 0.0,
      "recall_normal": 0.0,
      "avg_latency_ms": 0.4757881164550781,
      "min_latency_ms": 0.469207763671875,
      "max_latency_ms": 0.5152225494384766,
      "samples_per_second": 210177.590699539,
      "compression_ratio": 11.913149918395897
    },
    {
      "stage": "QAT+QAT",
      "model_path": "models/tflite/saved_model_pruned_qat.tflite",
      "file_size_bytes": 66600,
      "file_size_mb": 0.06351470947265625,
      "parameter_count": 62048,
      "accuracy": 0.9576264989763089,
      "precision": 0.8514100126742712,
      "recall": 0.9222756135232538,
      "f1_score": 0.8854271356783919,
      "precision_normal": 0.9829161385720321,
      "recall_normal": 0.9652570437926462,
      "avg_latency_ms": 0.48873424530029297,
      "min_latency_ms": 0.47969818115234375,
      "max_latency_ms": 0.5321502685546875,
      "samples_per_second": 204610.1761061515,
      "compression_ratio": 12.275195195195195
    }
  ]
}