WARNING: All log messages before absl::InitializeLog() is called are written to STDERR
I0000 00:00:1791071324.630854  262281 port.cc:153] oneDNN custom operations are on. You may see slightly different numerical results due to floating-point round-off errors from different computation orders. To turn them off, set the environment variable `TF_ENABLE_ONEDNN_OPTS=0`.
I0000 00:00:1791071324.632580  262281 cudart_stub.cc:31] Could not find cuda drivers on your machine, GPU will not be used.
WARNING: All log messages before absl::InitializeLog() is called are written to STDERR
I0000 00:00:1791071325.417831  262281 port.cc:153] oneDNN custom operations are on. You may see slightly different numerical results due to floating-point round-off errors from different computation orders. To turn them off, set the environment variable `TF_ENABLE_ONEDNN_OPTS=0`.
I0000 00:00:1791071325.422371  262281 cudart_stub.cc:31] Could not find cuda drivers on your machine, GPU will not be used.
E0000 00:00:1791071326.112505  262281 cuda_platform.cc:52] failed call to cuInit: INTERNAL: CUDA error: Failed call to cuInit: CUDA_ERROR_NO_DEVICE: no CUDA-capable device is detected
[93mWARNING [0m:   DEPRECATED FEATURE: flwr.simulation.start_simulation() is deprecated.
	Instead, use the `flwr run` CLI command to start a local simulation in your Flower app, as shown for example below:

		$ flwr new  # Create a new Flower app from a template

		$ flwr run  # Run the Flower app in Simulation Mode

	Using `start_simulation()` is deprecated.

            This is a deprecated feature. It will be removed
            entirely in future versions of Flower.
        
[92mINFO [0m:      Starting Flower simulation, config: num_rounds=60, no round_timeout
2026-10-03 19:48:54,421	INFO worker.py:2012 -- Started a local Ray instance.
[2026-10-03 19:48:54,428 I 262281 262281] logging.cc:303: Set ray log level from environment variable RAY_BACKEND_LOG_LEVEL to 1
/home/danielpark605/tinyml-venv/lib/python3.12/site-packages/ray/_private/worker.py:2051: FutureWarning: Tip: In future versions of Ray, Ray will no longer override accelerator visible devices env var if num_gpus=0 or num_gpus=None (default). To enable this behavior and turn off this error message, set RAY_ACCEL_ENV_VAR_OVERRIDE_ON_ZERO=0
  warnings.warn(
[92mINFO [0m:      Flower VCE: Ray initialized with resources: {'CPU': 16.0, 'accelerator_type:G': 1.0, 'object_store_memory': 7211855462.0, 'node:__internal_head__': 1.0, 'node:172.22.205.158': 1.0, 'memory': 16827662746.0, 'GPU': 1.0}
[92mINFO [0m:      Optimize your simulation with Flower VCE: https://flower.ai/docs/framework/how-to-run-simulations.html
[92mINFO [0m:      Flower VCE: Resources for each Virtual Client: {'num_gpus': 0.0, 'num_cpus': 1}
[92mINFO [0m:      Flower VCE: Creating VirtualClientEngineActorPool with 16 actors
[92mINFO [0m:      [INIT]
[92mINFO [0m:      Using initial global parameters provided by strategy
[92mINFO [0m:      Starting evaluation of initial global parameters
[92mINFO [0m:      Evaluation returned no results (`None`)
[92mINFO [0m:      
[92mINFO [0m:      [ROUND 1]
[92mINFO [0m:      configure_fit: strategy sampled 4 clients (out of 4)
[33m(raylet)[0m [2026-10-03 19:48:56,202 I 262634 262634] logging.cc:303: Set ray log level from environment variable RAY_BACKEND_LOG_LEVEL to 1
[36m(pid=262636)[0m WARNING: All log messages before absl::InitializeLog() is called are written to STDERR
[36m(pid=262636)[0m I0000 00:00:1791071337.788114  262636 port.cc:153] oneDNN custom operations are on. You may see slightly different numerical results due to floating-point round-off errors from different computation orders. To turn them off, set the environment variable `TF_ENABLE_ONEDNN_OPTS=0`.
[36m(pid=262636)[0m I0000 00:00:1791071337.788866  262636 cudart_stub.cc:31] Could not find cuda drivers on your machine, GPU will not be used.
[36m(ClientAppActor pid=262641)[0m /home/danielpark605/tinyml-venv/lib/python3.12/site-packages/tensorflow_model_optimization/__init__.py:65: DeprecationWarning: distutils Version classes are deprecated. Use packaging.version instead.
[36m(ClientAppActor pid=262641)[0m   if (distutils.version.LooseVersion(tf.version.VERSION) <
[36m(ClientAppActor pid=262641)[0m E0000 00:00:1791071341.563631  262641 cuda_platform.cc:52] failed call to cuInit: INTERNAL: CUDA error: Failed call to cuInit: CUDA_ERROR_NO_DEVICE: no CUDA-capable device is detected
[33m(raylet)[0m [2026-10-03 19:48:56,229 I 262632 262632] logging.cc:303: Set ray log level from environment variable RAY_BACKEND_LOG_LEVEL to 1[32m [repeated 9x across cluster] (Ray deduplicates logs by default. Set RAY_DEDUP_LOGS=0 to disable log deduplication, or see https://docs.ray.io/en/master/ray-observability/user-guides/configure-logging.html#log-deduplication for more options.)[0m
[92mINFO [0m:      aggregate_fit: received 4 results and 0 failures
[93mWARNING [0m:   No fit_metrics_aggregation_fn provided
[92mINFO [0m:      configure_evaluate: strategy sampled 4 clients (out of 4)
[92mINFO [0m:      aggregate_evaluate: received 4 results and 0 failures
[92mINFO [0m:      
[92mINFO [0m:      [ROUND 2]
[92mINFO [0m:      configure_fit: strategy sampled 4 clients (out of 4)
[92mINFO [0m:      aggregate_fit: received 4 results and 0 failures
[92mINFO [0m:      configure_evaluate: strategy sampled 4 clients (out of 4)
[load_ton_iot] files: ['train_test_network.csv']
[load_ton_iot] rows: 211,043, columns: 44
[load_ton_iot] dropped identifiers: ['src_ip', 'dst_ip', 'src_port']
[load_ton_iot] label-encoded: ['proto', 'service', 'conn_state', 'dns_AA', 'dns_RD', 'dns_RA', 'dns_rejected', 'ssl_version', 'ssl_cipher', 'ssl_resumed', 'ssl_established', 'ssl_subject', 'ssl_issuer', 'http_method', 'http_user_agent', 'http_orig_mime_types', 'http_resp_mime_types', 'weird_name', 'weird_notice']
[load_ton_iot] dropped high-cardinality text: ['dns_query', 'http_uri']
[load_ton_iot] features (37): ['dst_port', 'proto', 'service', 'duration', 'src_bytes', 'dst_bytes', 'conn_state', 'missed_bytes', 'src_pkts', 'src_ip_bytes', 'dst_pkts', 'dst_ip_bytes', 'dns_qclass', 'dns_qtype', 'dns_rcode', 'dns_AA', 'dns_RD', 'dns_RA', 'dns_rejected', 'ssl_version', 'ssl_cipher', 'ssl_resumed', 'ssl_established', 'ssl_subject', 'ssl_issuer', 'http_trans_depth', 'http_method', 'http_version', 'http_request_body_len', 'http_response_body_len', 'http_status_code', 'http_user_agent', 'http_orig_mime_types', 'http_resp_mime_types', 'weird_name', 'weird_addl', 'weird_notice']
[load_ton_iot] Removed 105,867 duplicates (105,176 unique); normal=24,106, attack=81,070
[load_ton_iot] StandardScaler applied (fit on train).
[load_ton_iot] SMOTE applied: train -> 129,710 (0=64,855, 1=64,855)
[load_ton_iot] Features: 37, Train: 129,710, Test: 21,036

============================================================
CLIENT DATA DISTRIBUTION
============================================================
Client 0: Total=49,871 samples
  - Class 0: 49,657 (99.57%)
  - Class 1: 214 (0.43%)
Client 1: Total=62,856 samples
  - Class 0: 4,554 (7.25%)
  - Class 1: 58,302 (92.75%)
Client 2: Total=8,594 samples
  - Class 0: 2,968 (34.54%)
  - Class 1: 5,626 (65.46%)
Client 3: Total=8,389 samples
  - Class 0: 7,676 (91.50%)
  - Class 1: 713 (8.50%)
============================================================

[Config] QAT (Quantization-Aware Training) enabled for clients
[Strategy] Initial model with QAT applied
[Strategy] FedAvgM (momentum=0.5)
[36m(ClientAppActor pid=262632)[0m [Client 2] Class weights (smoothed): {0: 1.158529178995592, 1: 0.8414708210044078}
[36m(ClientAppActor pid=262633)[0m [Client 0] ✅ Real QAT applied: 6 QuantizeWrapper layers
[36m(ClientAppActor pid=262633)[0m [Client 0] QAT enabled - model quantization-aware
[36m(ClientAppActor pid=262632)[0m [Client 2] Class weights (smoothed): {0: 1.158529178995592, 1: 0.8414708210044078}[32m [repeated 4x across cluster][0m
[36m(ClientAppActor pid=262633)[0m [Client 0] ✅ Real QAT applied: 6 QuantizeWrapper layers
[36m(ClientAppActor pid=262633)[0m [Client 0] QAT enabled - model quantization-aware
[DEBUG] evaluate_metrics_aggregation_fn called with 4 results
[DEBUG] results type: <class 'list'>
[DEBUG] First result type: <class 'tuple'>
[DEBUG] First result length: 2
[DEBUG] results[0][0] type: <class 'int'>
[DEBUG] results[0][1] type: <class 'flwr.app.message.configrecord.ConfigRecord'>
[DEBUG _get_metrics] res_item[1] type: ConfigRecord
[DEBUG _get_metrics] res_item[1] has metrics attr: False
[DEBUG _get_metrics] res_item[1].__dict__: {'_check_key_fn': <function _check_key at 0x71ebc91c8900>, '_check_value_fn': <function _check_value at 0x71ebbe9bc9a0>, '_data': {'accuracy': 0.9508416056632996, 'loss': 0.053042713552713394, 'total_samples': 10456, 'actual_attack': 10452, 'actual_normal': 4, 'predicted_attack': 10424, 'predicted_normal': 32, 'true_positives': 10421, 'true_negatives': 1, 'false_positives': 3, 'false_negatives': 31, 'precision': 0.999712202609363, 'recall': 0.9970340604668962, 'f1_score': 0.9983713355048859}}
[DEBUG _get_metrics] res_item[1].keys(): ['accuracy', 'loss', 'total_samples', 'actual_attack', 'actual_normal', 'predicted_attack', 'predicted_normal', 'true_positives', 'true_negatives', 'false_positives', 'false_negatives', 'precision', 'recall', 'f1_score']
[DEBUG _get_metrics] Extracted from ConfigRecord._data
[DEBUG _get_metrics] res_item[1] type: ConfigRecord
[DEBUG _get_metrics] res_item[1] has metrics attr: False
[DEBUG _get_metrics] res_item[1].__dict__: {'_check_key_fn': <function _check_key at 0x71ebc91c8900>, '_check_value_fn': <function _check_value at 0x71ebbe9bc9a0>, '_data': {'accuracy': 0.9446372985839844, 'loss': 0.055156413465738297, 'total_samples': 5762, 'actual_attack': 5600, 'actual_normal': 162, 'predicted_attack': 5712, 'predicted_normal': 50, 'true_positives': 5586, 'true_negatives': 36, 'false_positives': 126, 'false_negatives': 14, 'precision': 0.9779411764705882, 'recall': 0.9975, 'f1_score': 0.9876237623762375}}
[DEBUG _get_metrics] res_item[1].keys(): ['accuracy', 'loss', 'total_samples', 'actual_attack', 'actual_normal', 'predicted_attack', 'predicted_normal', 'true_positives', 'true_negatives', 'false_positives', 'false_negatives', 'precision', 'recall', 'f1_score']
[DEBUG _get_metrics] Extracted from ConfigRecord._data
[DEBUG _get_metrics] res_item[1] type: ConfigRecord
[DEBUG _get_metrics] res_item[1] has metrics attr: False
[DEBUG _get_metrics] res_item[1].__dict__: {'_check_key_fn': <function _check_key at 0x71ebc91c8900>, '_check_value_fn': <function _check_value at 0x71ebbe9bc9a0>, '_data': {'accuracy': 0.9446372985839844, 'loss': 0.055156413465738297, 'total_samples': 5762, 'actual_attack': 5600, 'actual_normal': 162, 'predicted_attack': 5712, 'predicted_normal': 50, 'true_positives': 5586, 'true_negatives': 36, 'false_positives': 126, 'false_negatives': 14, 'precision': 0.9779411764705882, 'recall': 0.9975, 'f1_score': 0.9876237623762375}}
[DEBUG _get_metrics] res_item[1].keys(): ['accuracy', 'loss', 'total_samples', 'actual_attack', 'actual_normal', 'predicted_attack', 'predicted_normal', 'true_positives', 'true_negatives', 'false_positives', 'false_negatives', 'precision', 'recall', 'f1_score']
[DEBUG _get_metrics] Extracted from ConfigRecord._data
[DEBUG _get_metrics] res_item[1] type: ConfigRecord
[DEBUG _get_metrics] res_item[1] has metrics attr: False
[DEBUG _get_metrics] res_item[1].__dict__: {'_check_key_fn': <function _check_key at 0x71ebc91c8900>, '_check_value_fn': <function _check_value at 0x71ebbe9bc9a0>, '_data': {'accuracy': 0.6480305194854736, 'loss': 0.12623904645442963, 'total_samples': 4722, 'actual_attack': 162, 'actual_normal': 4560, 'predicted_attack': 3814, 'predicted_normal': 908, 'true_positives': 162, 'true_negatives': 908, 'false_positives': 3652, 'false_negatives': 0, 'precision': 0.042475091767173574, 'recall': 1.0, 'f1_score': 0.08148893360160965}}
[DEBUG _get_metrics] res_item[1].keys(): ['accuracy', 'loss', 'total_samples', 'actual_attack', 'actual_normal', 'predicted_attack', 'predicted_normal', 'true_positives', 'true_negatives', 'false_positives', 'false_negatives', 'precision', 'recall', 'f1_score']
[DEBUG _get_metrics] Extracted from ConfigRecord._data
[DEBUG] Extracted 4 metrics from results

[Evaluation Summary]
============================================================
Round: 1 / 60
Accuracy (mean):  0.8720  (87.20%)
Loss:             0.0724
[Per-Device Accuracy]
  - Device 0:  0.9508  (95.08%)
  - Device 1:  0.9446  (94.46%)
  - Device 2:  0.9446  (94.46%)
  - Device 3:  0.6480  (64.80%)

[Ground Truth]
  - Attack samples: 10452
  - Normal samples: 4
  - Total samples:  10456

[Predictions]
  - Predicted Attack:  10424
  - Predicted Normal:  32

[Confusion Matrix]
  - True Positives (TP):  10421
  - True Negatives (TN):  1
  - False Positives (FP): 3
  - False Negatives (FN): 31

[Metrics]
  - Precision:  0.7495  (74.95%)
  - Recall:     0.9980  (99.80%)
  - F1-Score:   0.7638  (76.38%)
============================================================

[36m(ClientAppActor pid=262633)[0m [Client 0] ✅ Real QAT applied: 6 QuantizeWrapper layers
[36m(ClientAppActor pid=262633)[0m [Client 0] QAT enabled - model quantization-aware
[36m(ClientAppActor pid=262632)[0m [Client 2] Class weights (smoothed): {0: 1.158529178995592, 1: 0.8414708210044078}[32m [repeated 8x across cluster][0m
[36m(ClientAppActor pid=262633)[0m [Client 0] ✅ Real QAT applied: 6 QuantizeWrapper layers
[36m(ClientAppActor pid=262633)[0m [Client 0] QAT enabled - model quantization-aware[92mINFO [0m:      aggregate_evaluate: received 4 results and 0 failures
[92mINFO [0m:      
[92mINFO [0m:      [ROUND 3]
[92mINFO [0m:      configure_fit: strategy sampled 4 clients (out of 4)
[92mINFO [0m:      aggregate_fit: received 4 results and 0 failures
[92mINFO [0m:      configure_evaluate: strategy sampled 4 clients (out of 4)
[92mINFO [0m:      aggregate_evaluate: received 4 results and 0 failures

[DEBUG] evaluate_metrics_aggregation_fn called with 4 results
[DEBUG] results type: <class 'list'>
[DEBUG] First result type: <class 'tuple'>
[DEBUG] First result length: 2
[DEBUG] results[0][0] type: <class 'int'>
[DEBUG] results[0][1] type: <class 'flwr.app.message.configrecord.ConfigRecord'>
[DEBUG _get_metrics] res_item[1] type: ConfigRecord
[DEBUG _get_metrics] res_item[1] has metrics attr: False
[DEBUG _get_metrics] res_item[1].__dict__: {'_check_key_fn': <function _check_key at 0x71ebc91c8900>, '_check_value_fn': <function _check_value at 0x71ebbe9bc9a0>, '_data': {'accuracy': 0.7917389869689941, 'loss': 0.05113358423113823, 'total_samples': 5762, 'actual_attack': 5600, 'actual_normal': 162, 'predicted_attack': 5528, 'predicted_normal': 234, 'true_positives': 5503, 'true_negatives': 137, 'false_positives': 25, 'false_negatives': 97, 'precision': 0.9954775687409552, 'recall': 0.9826785714285714, 'f1_score': 0.9890366642703092}}
[DEBUG _get_metrics] res_item[1].keys(): ['accuracy', 'loss', 'total_samples', 'actual_attack', 'actual_normal', 'predicted_attack', 'predicted_normal', 'true_positives', 'true_negatives', 'false_positives', 'false_negatives', 'precision', 'recall', 'f1_score']
[DEBUG _get_metrics] Extracted from ConfigRecord._data
[DEBUG _get_metrics] res_item[1] type: ConfigRecord
[DEBUG _get_metrics] res_item[1] has metrics attr: False
[DEBUG _get_metrics] res_item[1].__dict__: {'_check_key_fn': <function _check_key at 0x71ebc91c8900>, '_check_value_fn': <function _check_value at 0x71ebbe9bc9a0>, '_data': {'accuracy': 0.7933244109153748, 'loss': 0.05036349967122078, 'total_samples': 10456, 'actual_attack': 10452, 'actual_normal': 4, 'predicted_attack': 10296, 'predicted_normal': 160, 'true_positives': 10295, 'true_negatives': 3, 'false_positives': 1, 'false_negatives': 157, 'precision': 0.9999028749028749, 'recall': 0.9849789513968619, 'f1_score': 0.9923848081742819}}
[DEBUG _get_metrics] res_item[1].keys(): ['accuracy', 'loss', 'total_samples', 'actual_attack', 'actual_normal', 'predicted_attack', 'predicted_normal', 'true_positives', 'true_negatives', 'false_positives', 'false_negatives', 'precision', 'recall', 'f1_score']
[DEBUG _get_metrics] Extracted from ConfigRecord._data
[DEBUG _get_metrics] res_item[1] type: ConfigRecord
[DEBUG _get_metrics] res_item[1] has metrics attr: False
[DEBUG _get_metrics] res_item[1].__dict__: {'_check_key_fn': <function _check_key at 0x71ebc91c8900>, '_check_value_fn': <function _check_value at 0x71ebbe9bc9a0>, '_data': {'accuracy': 0.9366793632507324, 'loss': 0.08195452392101288, 'total_samples': 4722, 'actual_attack': 162, 'actual_normal': 4560, 'predicted_attack': 618, 'predicted_normal': 4104, 'true_positives': 160, 'true_negatives': 4102, 'false_positives': 458, 'false_negatives': 2, 'precision': 0.2588996763754045, 'recall': 0.9876543209876543, 'f1_score': 0.4102564102564102}}
[DEBUG _get_metrics] res_item[1].keys(): ['accuracy', 'loss', 'total_samples', 'actual_attack', 'actual_normal', 'predicted_attack', 'predicted_normal', 'true_positives', 'true_negatives', 'false_positives', 'false_negatives', 'precision', 'recall', 'f1_score']
[DEBUG _get_metrics] Extracted from ConfigRecord._data
[DEBUG _get_metrics] res_item[1] type: ConfigRecord
[DEBUG _get_metrics] res_item[1] has metrics attr: False
[DEBUG _get_metrics] res_item[1].__dict__: {'_check_key_fn': <function _check_key at 0x71ebc91c8900>, '_check_value_fn': <function _check_value at 0x71ebbe9bc9a0>, '_data': {'accuracy': 0.7917389869689941, 'loss': 0.05113358423113823, 'total_samples': 5762, 'actual_attack': 5600, 'actual_normal': 162, 'predicted_attack': 5528, 'predicted_normal': 234, 'true_positives': 5503, 'true_negatives': 137, 'false_positives': 25, 'false_negatives': 97, 'precision': 0.9954775687409552, 'recall': 0.9826785714285714, 'f1_score': 0.9890366642703092}}
[DEBUG _get_metrics] res_item[1].keys(): ['accuracy', 'loss', 'total_samples', 'actual_attack', 'actual_normal', 'predicted_attack', 'predicted_normal', 'true_positives', 'true_negatives', 'false_positives', 'false_negatives', 'precision', 'recall', 'f1_score']
[DEBUG _get_metrics] Extracted from ConfigRecord._data
[DEBUG] Extracted 4 metrics from results

[Evaluation Summary]
============================================================
Round: 2 / 60
Accuracy (mean):  0.8284  (82.84%)
Loss:             0.0586
[Per-Device Accuracy]
  - Device 0:  0.7917  (79.17%)
  - Device 1:  0.7933  (79.33%)
  - Device 2:  0.9367  (93.67%)
  - Device 3:  0.7917  (79.17%)

[Ground Truth]
  - Attack samples: 5600
  - Normal samples: 162
  - Total samples:  5762

[Predictions]
  - Predicted Attack:  5528
  - Predicted Normal:  234

[Confusion Matrix]
  - True Positives (TP):  5503
  - True Negatives (TN):  137
  - False Positives (FP): 25
  - False Negatives (FN): 97

[Metrics]
  - Precision:  0.8124  (81.24%)
  - Recall:     0.9845  (98.45%)
  - F1-Score:   0.8452  (84.52%)
============================================================

[36m(ClientAppActor pid=262633)[0m [Client 0] ✅ Real QAT applied: 6 QuantizeWrapper layers
[36m(ClientAppActor pid=262633)[0m [Client 0] QAT enabled - model quantization-aware
[36m(ClientAppActor pid=262632)[0m [Client 2] Class weights (smoothed): {0: 1.158529178995592, 1: 0.8414708210044078}[32m [repeated 8x across cluster][0m
[36m(ClientAppActor pid=262633)[0m [Client 0] ✅ Real QAT applied: 6 QuantizeWrapper layers
[36m(ClientAppActor pid=262633)[0m [Client 0] QAT enabled - model quantization-aware
[DEBUG] evaluate_metrics_aggregation_fn called with 4 results
[DEBUG] results type: <class 'list'>
[DEBUG] First result type: <class 'tuple'>
[DEBUG] First result length: 2
[DEBUG] results[0][0] type: <class 'int'>
[DEBUG] results[0][1] type: <class 'flwr.app.message.configrecord.ConfigRecord'>
[DEBUG _get_metrics] res_item[1] type: ConfigRecord
[DEBUG _get_metrics] res_item[1] has metrics attr: False
[DEBUG _get_metrics] res_item[1].__dict__: {'_check_key_fn': <function _check_key at 0x71ebc91c8900>, '_check_value_fn': <function _check_value at 0x71ebbe9bc9a0>, '_data': {'accuracy': 0.9675784111022949, 'loss': 0.039759598672389984, 'total_samples': 10456, 'actual_attack': 10452, 'actual_normal': 4, 'predicted_attack': 10235, 'predicted_normal': 221, 'true_positives': 10234, 'true_negatives': 3, 'false_positives': 1, 'false_negatives': 218, 'precision': 0.9999022960429897, 'recall': 0.9791427477994642, 'f1_score': 0.9894136414173152}}
[DEBUG _get_metrics] res_item[1].keys(): ['accuracy', 'loss', 'total_samples', 'actual_attack', 'actual_normal', 'predicted_attack', 'predicted_normal', 'true_positives', 'true_negatives', 'false_positives', 'false_negatives', 'precision', 'recall', 'f1_score']
[DEBUG _get_metrics] Extracted from ConfigRecord._data
[DEBUG _get_metrics] res_item[1] type: ConfigRecord
[DEBUG _get_metrics] res_item[1] has metrics attr: False
[DEBUG _get_metrics] res_item[1].__dict__: {'_check_key_fn': <function _check_key at 0x71ebc91c8900>, '_check_value_fn': <function _check_value at 0x71ebbe9bc9a0>, '_data': {'accuracy': 0.963554322719574, 'loss': 0.040166933089494705, 'total_samples': 5762, 'actual_attack': 5600, 'actual_normal': 162, 'predicted_attack': 5493, 'predicted_normal': 269, 'true_positives': 5472, 'true_negatives': 141, 'false_positives': 21, 'false_negatives': 128, 'precision': 0.9961769524849808, 'recall': 0.9771428571428571, 'f1_score': 0.9865681060128008}}
[DEBUG _get_metrics] res_item[1].keys(): ['accuracy', 'loss', 'total_samples', 'actual_attack', 'actual_normal', 'predicted_attack', 'predicted_normal', 'true_positives', 'true_negatives', 'false_positives', 'false_negatives', 'precision', 'recall', 'f1_score']
[DEBUG _get_metrics] Extracted from ConfigRecord._data
[DEBUG _get_metrics] res_item[1] type: ConfigRecord
[DEBUG _get_metrics] res_item[1] has metrics attr: False
[DEBUG _get_metrics] res_item[1].__dict__: {'_check_key_fn': <function _check_key at 0x71ebc91c8900>, '_check_value_fn': <function _check_value at 0x71ebbe9bc9a0>, '_data': {'accuracy': 0.963554322719574, 'loss': 0.040166933089494705, 'total_samples': 5762, 'actual_attack': 5600, 'actual_normal': 162, 'predicted_attack': 5493, 'predicted_normal': 269, 'true_positives': 5472, 'true_negatives': 141, 'false_positives': 21, 'false_negatives': 128, 'precision': 0.9961769524849808, 'recall': 0.9771428571428571, 'f1_score': 0.9865681060128008}}[92mINFO [0m:      
[92mINFO [0m:      [ROUND 4]
[92mINFO [0m:      configure_fit: strategy sampled 4 clients (out of 4)
[92mINFO [0m:      aggregate_fit: received 4 results and 0 failures
[92mINFO [0m:      configure_evaluate: strategy sampled 4 clients (out of 4)
[92mINFO [0m:      aggregate_evaluate: received 4 results and 0 failures
[92mINFO [0m:      
[92mINFO [0m:      [ROUND 5]
[92mINFO [0m:      configure_fit: strategy sampled 4 clients (out of 4)
[92mINFO [0m:      aggregate_fit: received 4 results and 0 failures
[92mINFO [0m:      configure_evaluate: strategy sampled 4 clients (out of 4)

[DEBUG _get_metrics] res_item[1].keys(): ['accuracy', 'loss', 'total_samples', 'actual_attack', 'actual_normal', 'predicted_attack', 'predicted_normal', 'true_positives', 'true_negatives', 'false_positives', 'false_negatives', 'precision', 'recall', 'f1_score']
[DEBUG _get_metrics] Extracted from ConfigRecord._data
[DEBUG _get_metrics] res_item[1] type: ConfigRecord
[DEBUG _get_metrics] res_item[1] has metrics attr: False
[DEBUG _get_metrics] res_item[1].__dict__: {'_check_key_fn': <function _check_key at 0x71ebc91c8900>, '_check_value_fn': <function _check_value at 0x71ebbe9bc9a0>, '_data': {'accuracy': 0.9711986184120178, 'loss': 0.05617092549800873, 'total_samples': 4722, 'actual_attack': 162, 'actual_normal': 4560, 'predicted_attack': 412, 'predicted_normal': 4310, 'true_positives': 159, 'true_negatives': 4307, 'false_positives': 253, 'false_negatives': 3, 'precision': 0.3859223300970874, 'recall': 0.9814814814814815, 'f1_score': 0.554006968641115}}
[DEBUG _get_metrics] res_item[1].keys(): ['accuracy', 'loss', 'total_samples', 'actual_attack', 'actual_normal', 'predicted_attack', 'predicted_normal', 'true_positives', 'true_negatives', 'false_positives', 'false_negatives', 'precision', 'recall', 'f1_score']
[DEBUG _get_metrics] Extracted from ConfigRecord._data
[DEBUG] Extracted 4 metrics from results

[Evaluation Summary]
============================================================
Round: 3 / 60
Accuracy (mean):  0.9665  (96.65%)
Loss:             0.0441
[Per-Device Accuracy]
  - Device 0:  0.9676  (96.76%)
  - Device 1:  0.9636  (96.36%)
  - Device 2:  0.9636  (96.36%)
  - Device 3:  0.9712  (97.12%)

[Ground Truth]
  - Attack samples: 10452
  - Normal samples: 4
  - Total samples:  10456

[Predictions]
  - Predicted Attack:  10235
  - Predicted Normal:  221

[Confusion Matrix]
  - True Positives (TP):  10234
  - True Negatives (TN):  3
  - False Positives (FP): 1
  - False Negatives (FN): 218

[Metrics]
  - Precision:  0.8445  (84.45%)
  - Recall:     0.9787  (97.87%)
  - F1-Score:   0.8791  (87.91%)
============================================================

[36m(ClientAppActor pid=262633)[0m [Client 0] ✅ Real QAT applied: 6 QuantizeWrapper layers
[36m(ClientAppActor pid=262633)[0m [Client 0] QAT enabled - model quantization-aware
[36m(ClientAppActor pid=262632)[0m [Client 2] Class weights (smoothed): {0: 1.158529178995592, 1: 0.8414708210044078}[32m [repeated 8x across cluster][0m
[36m(ClientAppActor pid=262633)[0m [Client 0] ✅ Real QAT applied: 6 QuantizeWrapper layers
[36m(ClientAppActor pid=262633)[0m [Client 0] QAT enabled - model quantization-aware
[DEBUG] evaluate_metrics_aggregation_fn called with 4 results
[DEBUG] results type: <class 'list'>
[DEBUG] First result type: <class 'tuple'>
[DEBUG] First result length: 2
[DEBUG] results[0][0] type: <class 'int'>
[DEBUG] results[0][1] type: <class 'flwr.app.message.configrecord.ConfigRecord'>
[DEBUG _get_metrics] res_item[1] type: ConfigRecord
[DEBUG _get_metrics] res_item[1] has metrics attr: False
[DEBUG _get_metrics] res_item[1].__dict__: {'_check_key_fn': <function _check_key at 0x71ebc91c8900>, '_check_value_fn': <function _check_value at 0x71ebbe9bc9a0>, '_data': {'accuracy': 0.9760499596595764, 'loss': 0.03824220225214958, 'total_samples': 5762, 'actual_attack': 5600, 'actual_normal': 162, 'predicted_attack': 5499, 'predicted_normal': 263, 'true_positives': 5486, 'true_negatives': 149, 'false_positives': 13, 'false_negatives': 114, 'precision': 0.9976359338061466, 'recall': 0.9796428571428571, 'f1_score': 0.9885575277051987}}
[DEBUG _get_metrics] res_item[1].keys(): ['accuracy', 'loss', 'total_samples', 'actual_attack', 'actual_normal', 'predicted_attack', 'predicted_normal', 'true_positives', 'true_negatives', 'false_positives', 'false_negatives', 'precision', 'recall', 'f1_score']
[DEBUG _get_metrics] Extracted from ConfigRecord._data
[DEBUG _get_metrics] res_item[1] type: ConfigRecord
[DEBUG _get_metrics] res_item[1] has metrics attr: False
[DEBUG _get_metrics] res_item[1].__dict__: {'_check_key_fn': <function _check_key at 0x71ebc91c8900>, '_check_value_fn': <function _check_value at 0x71ebbe9bc9a0>, '_data': {'accuracy': 0.9760499596595764, 'loss': 0.03824220225214958, 'total_samples': 5762, 'actual_attack': 5600, 'actual_normal': 162, 'predicted_attack': 5499, 'predicted_normal': 263, 'true_positives': 5486, 'true_negatives': 149, 'false_positives': 13, 'false_negatives': 114, 'precision': 0.9976359338061466, 'recall': 0.9796428571428571, 'f1_score': 0.9885575277051987}}
[DEBUG _get_metrics] res_item[1].keys(): ['accuracy', 'loss', 'total_samples', 'actual_attack', 'actual_normal', 'predicted_attack', 'predicted_normal', 'true_positives', 'true_negatives', 'false_positives', 'false_negatives', 'precision', 'recall', 'f1_score']
[DEBUG _get_metrics] Extracted from ConfigRecord._data
[DEBUG _get_metrics] res_item[1] type: ConfigRecord
[DEBUG _get_metrics] res_item[1] has metrics attr: False
[DEBUG _get_metrics] res_item[1].__dict__: {'_check_key_fn': <function _check_key at 0x71ebc91c8900>, '_check_value_fn': <function _check_value at 0x71ebbe9bc9a0>, '_data': {'accuracy': 0.9714103937149048, 'loss': 0.04904714599251747, 'total_samples': 4722, 'actual_attack': 162, 'actual_normal': 4560, 'predicted_attack': 294, 'predicted_normal': 4428, 'true_positives': 160, 'true_negatives': 4426, 'false_positives': 134, 'false_negatives': 2, 'precision': 0.54421768707483, 'recall': 0.9876543209876543, 'f1_score': 0.7017543859649122}}
[DEBUG _get_metrics] res_item[1].keys(): ['accuracy', 'loss', 'total_samples', 'actual_attack', 'actual_normal', 'predicted_attack', 'predicted_normal', 'true_positives', 'true_negatives', 'false_positives', 'false_negatives', 'precision', 'recall', 'f1_score']
[DEBUG _get_metrics] Extracted from ConfigRecord._data
[DEBUG _get_metrics] res_item[1] type: ConfigRecord
[DEBUG _get_metrics] res_item[1] has metrics attr: False
[DEBUG _get_metrics] res_item[1].__dict__: {'_check_key_fn': <function _check_key at 0x71ebc91c8900>, '_check_value_fn': <function _check_value at 0x71ebbe9bc9a0>, '_data': {'accuracy': 0.9792463779449463, 'loss': 0.03824671357870102, 'total_samples': 10456, 'actual_attack': 10452, 'actual_normal': 4, 'predicted_attack': 10254, 'predicted_normal': 202, 'true_positives': 10254, 'true_negatives': 4, 'false_positives': 0, 'false_negatives': 198, 'precision': 1.0, 'recall': 0.9810562571756601, 'f1_score': 0.9904375543320777}}
[DEBUG _get_metrics] res_item[1].keys(): ['accuracy', 'loss', 'total_samples', 'actual_attack', 'actual_normal', 'predicted_attack', 'predicted_normal', 'true_positives', 'true_negatives', 'false_positives', 'false_negatives', 'precision', 'recall', 'f1_score']
[DEBUG _get_metrics] Extracted from ConfigRecord._data
[DEBUG] Extracted 4 metrics from results

[Evaluation Summary]
============================================================
Round: 4 / 60
Accuracy (mean):  0.9757  (97.57%)
Loss:             0.0409
[Per-Device Accuracy]
  - Device 0:  0.9760  (97.60%)
  - Device 1:  0.9760  (97.60%)
  - Device 2:  0.9714  (97.14%)
  - Device 3:  0.9792  (97.92%)

[Ground Truth]
  - Attack samples: 5600
  - Normal samples: 162
  - Total samples:  5762

[Predictions]
  - Predicted Attack:  5499
  - Predicted Normal:  263

[Confusion Matrix]
  - True Positives (TP):  5486
  - True Negatives (TN):  149
  - False Positives (FP): 13
  - False Negatives (FN): 114

[Metrics]
  - Precision:  0.8849  (88.49%)
  - Recall:     0.9820  (98.20%)
  - F1-Score:   0.9173  (91.73%)
============================================================

[36m(ClientAppActor pid=262633)[0m [Client 0] ✅ Real QAT applied: 6 QuantizeWrapper layers
[36m(ClientAppActor pid=262633)[0m [Client 0] QAT enabled - model quantization-aware
[Round 5] Client contributions:
  Client samples: 62,856 (weight: 0.4838)
  Client samples: 8,594 (weight: 0.0662)
  Client samples: 8,594 (weight: 0.0662)
  Client samples: 49,871 (weight: 0.3839)
[36m(ClientAppActor pid=262632)[0m [Client 2] Class weights (smoothed): {0: 1.158529178995592, 1: 0.8414708210044078}[32m [repeated 8x across cluster][0m
[36m(ClientAppActor pid=262633)[0m [Client 0] ✅ Real QAT applied: 6 QuantizeWrapper layers[92mINFO [0m:      aggregate_evaluate: received 4 results and 0 failures
[92mINFO [0m:      
[92mINFO [0m:      [ROUND 6]
[92mINFO [0m:      configure_fit: strategy sampled 4 clients (out of 4)
[92mINFO [0m:      aggregate_fit: received 4 results and 0 failures
[92mINFO [0m:      configure_evaluate: strategy sampled 4 clients (out of 4)
[92mINFO [0m:      aggregate_evaluate: received 4 results and 0 failures

[36m(ClientAppActor pid=262633)[0m [Client 0] QAT enabled - model quantization-aware
[DEBUG] evaluate_metrics_aggregation_fn called with 4 results
[DEBUG] results type: <class 'list'>
[DEBUG] First result type: <class 'tuple'>
[DEBUG] First result length: 2
[DEBUG] results[0][0] type: <class 'int'>
[DEBUG] results[0][1] type: <class 'flwr.app.message.configrecord.ConfigRecord'>
[DEBUG _get_metrics] res_item[1] type: ConfigRecord
[DEBUG _get_metrics] res_item[1] has metrics attr: False
[DEBUG _get_metrics] res_item[1].__dict__: {'_check_key_fn': <function _check_key at 0x71ebc91c8900>, '_check_value_fn': <function _check_value at 0x71ebbe9bc9a0>, '_data': {'accuracy': 0.9812547564506531, 'loss': 0.029130028560757637, 'total_samples': 10456, 'actual_attack': 10452, 'actual_normal': 4, 'predicted_attack': 10268, 'predicted_normal': 188, 'true_positives': 10268, 'true_negatives': 4, 'false_positives': 0, 'false_negatives': 184, 'precision': 1.0, 'recall': 0.9823957137389974, 'f1_score': 0.9911196911196911}}
[DEBUG _get_metrics] res_item[1].keys(): ['accuracy', 'loss', 'total_samples', 'actual_attack', 'actual_normal', 'predicted_attack', 'predicted_normal', 'true_positives', 'true_negatives', 'false_positives', 'false_negatives', 'precision', 'recall', 'f1_score']
[DEBUG _get_metrics] Extracted from ConfigRecord._data
[DEBUG _get_metrics] res_item[1] type: ConfigRecord
[DEBUG _get_metrics] res_item[1] has metrics attr: False
[DEBUG _get_metrics] res_item[1].__dict__: {'_check_key_fn': <function _check_key at 0x71ebc91c8900>, '_check_value_fn': <function _check_value at 0x71ebbe9bc9a0>, '_data': {'accuracy': 0.9777854681015015, 'loss': 0.02940206602215767, 'total_samples': 5762, 'actual_attack': 5600, 'actual_normal': 162, 'predicted_attack': 5511, 'predicted_normal': 251, 'true_positives': 5494, 'true_negatives': 145, 'false_positives': 17, 'false_negatives': 106, 'precision': 0.9969152603883142, 'recall': 0.9810714285714286, 'f1_score': 0.988929889298893}}
[DEBUG _get_metrics] res_item[1].keys(): ['accuracy', 'loss', 'total_samples', 'actual_attack', 'actual_normal', 'predicted_attack', 'predicted_normal', 'true_positives', 'true_negatives', 'false_positives', 'false_negatives', 'precision', 'recall', 'f1_score']
[DEBUG _get_metrics] Extracted from ConfigRecord._data
[DEBUG _get_metrics] res_item[1] type: ConfigRecord
[DEBUG _get_metrics] res_item[1] has metrics attr: False
[DEBUG _get_metrics] res_item[1].__dict__: {'_check_key_fn': <function _check_key at 0x71ebc91c8900>, '_check_value_fn': <function _check_value at 0x71ebbe9bc9a0>, '_data': {'accuracy': 0.9777854681015015, 'loss': 0.02940206602215767, 'total_samples': 5762, 'actual_attack': 5600, 'actual_normal': 162, 'predicted_attack': 5511, 'predicted_normal': 251, 'true_positives': 5494, 'true_negatives': 145, 'false_positives': 17, 'false_negatives': 106, 'precision': 0.9969152603883142, 'recall': 0.9810714285714286, 'f1_score': 0.988929889298893}}
[DEBUG _get_metrics] res_item[1].keys(): ['accuracy', 'loss', 'total_samples', 'actual_attack', 'actual_normal', 'predicted_attack', 'predicted_normal', 'true_positives', 'true_negatives', 'false_positives', 'false_negatives', 'precision', 'recall', 'f1_score']
[DEBUG _get_metrics] Extracted from ConfigRecord._data
[DEBUG _get_metrics] res_item[1] type: ConfigRecord
[DEBUG _get_metrics] res_item[1] has metrics attr: False
[DEBUG _get_metrics] res_item[1].__dict__: {'_check_key_fn': <function _check_key at 0x71ebc91c8900>, '_check_value_fn': <function _check_value at 0x71ebbe9bc9a0>, '_data': {'accuracy': 0.9599745869636536, 'loss': 0.037466101348400116, 'total_samples': 4722, 'actual_attack': 162, 'actual_normal': 4560, 'predicted_attack': 350, 'predicted_normal': 4372, 'true_positives': 160, 'true_negatives': 4370, 'false_positives': 190, 'false_negatives': 2, 'precision': 0.45714285714285713, 'recall': 0.9876543209876543, 'f1_score': 0.625}}
[DEBUG _get_metrics] res_item[1].keys(): ['accuracy', 'loss', 'total_samples', 'actual_attack', 'actual_normal', 'predicted_attack', 'predicted_normal', 'true_positives', 'true_negatives', 'false_positives', 'false_negatives', 'precision', 'recall', 'f1_score']
[DEBUG _get_metrics] Extracted from ConfigRecord._data
[DEBUG] Extracted 4 metrics from results

[Evaluation Summary]
============================================================
Round: 5 / 60
Accuracy (mean):  0.9742  (97.42%)
Loss:             0.0314
[Per-Device Accuracy]
  - Device 0:  0.9813  (98.13%)
  - Device 1:  0.9778  (97.78%)
  - Device 2:  0.9778  (97.78%)
  - Device 3:  0.9600  (96.00%)

[Ground Truth]
  - Attack samples: 10452
  - Normal samples: 4
  - Total samples:  10456

[Predictions]
  - Predicted Attack:  10268
  - Predicted Normal:  188

[Confusion Matrix]
  - True Positives (TP):  10268
  - True Negatives (TN):  4
  - False Positives (FP): 0
  - False Negatives (FN): 184

[Metrics]
  - Precision:  0.8627  (86.27%)
  - Recall:     0.9830  (98.30%)
  - F1-Score:   0.8985  (89.85%)
============================================================

[36m(ClientAppActor pid=262633)[0m [Client 0] ✅ Real QAT applied: 6 QuantizeWrapper layers
[36m(ClientAppActor pid=262633)[0m [Client 0] QAT enabled - model quantization-aware
[36m(ClientAppActor pid=262632)[0m [Client 2] Class weights (smoothed): {0: 1.158529178995592, 1: 0.8414708210044078}[32m [repeated 8x across cluster][0m
[36m(ClientAppActor pid=262633)[0m [Client 0] ✅ Real QAT applied: 6 QuantizeWrapper layers
[36m(ClientAppActor pid=262633)[0m [Client 0] QAT enabled - model quantization-aware
[DEBUG] evaluate_metrics_aggregation_fn called with 4 results
[DEBUG] results type: <class 'list'>
[DEBUG] First result type: <class 'tuple'>
[DEBUG] First result length: 2
[DEBUG] results[0][0] type: <class 'int'>
[DEBUG] results[0][1] type: <class 'flwr.app.message.configrecord.ConfigRecord'>
[DEBUG _get_metrics] res_item[1] type: ConfigRecord
[DEBUG _get_metrics] res_item[1] has metrics attr: False
[DEBUG _get_metrics] res_item[1].__dict__: {'_check_key_fn': <function _check_key at 0x71ebc91c8900>, '_check_value_fn': <function _check_value at 0x71ebbe9bc9a0>, '_data': {'accuracy': 0.9774383902549744, 'loss': 0.02422763966023922, 'total_samples': 5762, 'actual_attack': 5600, 'actual_normal': 162, 'predicted_attack': 5509, 'predicted_normal': 253, 'true_positives': 5492, 'true_negatives': 145, 'false_positives': 17, 'false_negatives': 108, 'precision': 0.9969141404973679, 'recall': 0.9807142857142858, 'f1_score': 0.9887478620937978}}
[DEBUG _get_metrics] res_item[1].keys(): ['accuracy', 'loss', 'total_samples', 'actual_attack', 'actual_normal', 'predicted_attack', 'predicted_normal', 'true_positives', 'true_negatives', 'false_positives', 'false_negatives', 'precision', 'recall', 'f1_score']
[DEBUG _get_metrics] Extracted from ConfigRecord._data
[DEBUG _get_metrics] res_item[1] type: ConfigRecord
[DEBUG _get_metrics] res_item[1] has metrics attr: False
[DEBUG _get_metrics] res_item[1].__dict__: {'_check_key_fn': <function _check_key at 0x71ebc91c8900>, '_check_value_fn': <function _check_value at 0x71ebbe9bc9a0>, '_data': {'accuracy': 0.97035151720047, 'loss': 0.026612380519509315, 'total_samples': 4722, 'actual_attack': 162, 'actual_normal': 4560, 'predicted_attack': 351, 'predicted_normal': 4371, 'true_positives': 160, 'true_negatives': 4369, 'false_positives': 191, 'false_negatives': 2, 'precision': 0.45584045584045585, 'recall': 0.9876543209876543, 'f1_score': 0.6237816764132553}}
[DEBUG _get_metrics] res_item[1].keys(): ['accuracy', 'loss', 'total_samples', 'actual_attack', 'actual_normal', 'predicted_attack', 'predicted_normal', 'true_positives', 'true_negatives', 'false_positives', 'false_negatives', 'precision', 'recall', 'f1_score']
[DEBUG _get_metrics] Extracted from ConfigRecord._data
[DEBUG _get_metrics] res_item[1] type: ConfigRecord
[DEBUG _get_metrics] res_item[1] has metrics attr: False
[DEBUG _get_metrics] res_item[1].__dict__: {'_check_key_fn': <function _check_key at 0x71ebc91c8900>, '_check_value_fn': <function _check_value at 0x71ebbe9bc9a0>, '_data': {'accuracy': 0.9774383902549744, 'loss': 0.02422763966023922, 'total_samples': 5762, 'actual_attack': 5600, 'actual_normal': 162, 'predicted_attack': 5509, 'predicted_normal': 253, 'true_positives': 5492, 'true_negatives': 145, 'false_positives': 17, 'false_negatives': 108, 'precision': 0.9969141404973679, 'recall': 0.9807142857142858, 'f1_score': 0.9887478620937978}}[92mINFO [0m:      
[92mINFO [0m:      [ROUND 7]
[92mINFO [0m:      configure_fit: strategy sampled 4 clients (out of 4)
[92mINFO [0m:      aggregate_fit: received 4 results and 0 failures
[92mINFO [0m:      configure_evaluate: strategy sampled 4 clients (out of 4)
[92mINFO [0m:      aggregate_evaluate: received 4 results and 0 failures
[92mINFO [0m:      
[92mINFO [0m:      [ROUND 8]
[92mINFO [0m:      configure_fit: strategy sampled 4 clients (out of 4)
[92mINFO [0m:      aggregate_fit: received 4 results and 0 failures
[92mINFO [0m:      configure_evaluate: strategy sampled 4 clients (out of 4)
[92mINFO [0m:      aggregate_evaluate: received 4 results and 0 failures

[DEBUG _get_metrics] res_item[1].keys(): ['accuracy', 'loss', 'total_samples', 'actual_attack', 'actual_normal', 'predicted_attack', 'predicted_normal', 'true_positives', 'true_negatives', 'false_positives', 'false_negatives', 'precision', 'recall', 'f1_score']
[DEBUG _get_metrics] Extracted from ConfigRecord._data
[DEBUG _get_metrics] res_item[1] type: ConfigRecord
[DEBUG _get_metrics] res_item[1] has metrics attr: False
[DEBUG _get_metrics] res_item[1].__dict__: {'_check_key_fn': <function _check_key at 0x71ebc91c8900>, '_check_value_fn': <function _check_value at 0x71ebbe9bc9a0>, '_data': {'accuracy': 0.9807766079902649, 'loss': 0.023995939642190933, 'total_samples': 10456, 'actual_attack': 10452, 'actual_normal': 4, 'predicted_attack': 10272, 'predicted_normal': 184, 'true_positives': 10272, 'true_negatives': 4, 'false_positives': 0, 'false_negatives': 180, 'precision': 1.0, 'recall': 0.9827784156142365, 'f1_score': 0.9913144180660104}}
[DEBUG _get_metrics] res_item[1].keys(): ['accuracy', 'loss', 'total_samples', 'actual_attack', 'actual_normal', 'predicted_attack', 'predicted_normal', 'true_positives', 'true_negatives', 'false_positives', 'false_negatives', 'precision', 'recall', 'f1_score']
[DEBUG _get_metrics] Extracted from ConfigRecord._data
[DEBUG] Extracted 4 metrics from results

[Evaluation Summary]
============================================================
Round: 6 / 60
Accuracy (mean):  0.9765  (97.65%)
Loss:             0.0248
[Per-Device Accuracy]
  - Device 0:  0.9774  (97.74%)
  - Device 1:  0.9704  (97.04%)
  - Device 2:  0.9774  (97.74%)
  - Device 3:  0.9808  (98.08%)

[Ground Truth]
  - Attack samples: 5600
  - Normal samples: 162
  - Total samples:  5762

[Predictions]
  - Predicted Attack:  5509
  - Predicted Normal:  253

[Confusion Matrix]
  - True Positives (TP):  5492
  - True Negatives (TN):  145
  - False Positives (FP): 17
  - False Negatives (FN): 108

[Metrics]
  - Precision:  0.8624  (86.24%)
  - Recall:     0.9830  (98.30%)
  - F1-Score:   0.8981  (89.81%)
============================================================

[36m(ClientAppActor pid=262633)[0m [Client 0] ✅ Real QAT applied: 6 QuantizeWrapper layers
[36m(ClientAppActor pid=262633)[0m [Client 0] QAT enabled - model quantization-aware
[36m(ClientAppActor pid=262633)[0m [Client 0] ✅ Real QAT applied: 6 QuantizeWrapper layers
[36m(ClientAppActor pid=262633)[0m [Client 0] QAT enabled - model quantization-aware
[DEBUG] evaluate_metrics_aggregation_fn called with 4 results
[DEBUG] results type: <class 'list'>
[DEBUG] First result type: <class 'tuple'>
[DEBUG] First result length: 2
[DEBUG] results[0][0] type: <class 'int'>
[DEBUG] results[0][1] type: <class 'flwr.app.message.configrecord.ConfigRecord'>
[DEBUG _get_metrics] res_item[1] type: ConfigRecord
[DEBUG _get_metrics] res_item[1] has metrics attr: False
[DEBUG _get_metrics] res_item[1].__dict__: {'_check_key_fn': <function _check_key at 0x71ebc91c8900>, '_check_value_fn': <function _check_value at 0x71ebbe9bc9a0>, '_data': {'accuracy': 0.9779590368270874, 'loss': 0.03155519813299179, 'total_samples': 5762, 'actual_attack': 5600, 'actual_normal': 162, 'predicted_attack': 5530, 'predicted_normal': 232, 'true_positives': 5504, 'true_negatives': 136, 'false_positives': 26, 'false_negatives': 96, 'precision': 0.9952983725135623, 'recall': 0.9828571428571429, 'f1_score': 0.9890386343216531}}
[DEBUG _get_metrics] res_item[1].keys(): ['accuracy', 'loss', 'total_samples', 'actual_attack', 'actual_normal', 'predicted_attack', 'predicted_normal', 'true_positives', 'true_negatives', 'false_positives', 'false_negatives', 'precision', 'recall', 'f1_score']
[DEBUG _get_metrics] Extracted from ConfigRecord._data
[DEBUG _get_metrics] res_item[1] type: ConfigRecord
[DEBUG _get_metrics] res_item[1] has metrics attr: False
[DEBUG _get_metrics] res_item[1].__dict__: {'_check_key_fn': <function _check_key at 0x71ebc91c8900>, '_check_value_fn': <function _check_value at 0x71ebbe9bc9a0>, '_data': {'accuracy': 0.9779590368270874, 'loss': 0.03155519813299179, 'total_samples': 5762, 'actual_attack': 5600, 'actual_normal': 162, 'predicted_attack': 5530, 'predicted_normal': 232, 'true_positives': 5504, 'true_negatives': 136, 'false_positives': 26, 'false_negatives': 96, 'precision': 0.9952983725135623, 'recall': 0.9828571428571429, 'f1_score': 0.9890386343216531}}
[DEBUG _get_metrics] res_item[1].keys(): ['accuracy', 'loss', 'total_samples', 'actual_attack', 'actual_normal', 'predicted_attack', 'predicted_normal', 'true_positives', 'true_negatives', 'false_positives', 'false_negatives', 'precision', 'recall', 'f1_score']
[DEBUG _get_metrics] Extracted from ConfigRecord._data
[DEBUG _get_metrics] res_item[1] type: ConfigRecord
[DEBUG _get_metrics] res_item[1] has metrics attr: False
[DEBUG _get_metrics] res_item[1].__dict__: {'_check_key_fn': <function _check_key at 0x71ebc91c8900>, '_check_value_fn': <function _check_value at 0x71ebbe9bc9a0>, '_data': {'accuracy': 0.9436679482460022, 'loss': 0.042541492730379105, 'total_samples': 4722, 'actual_attack': 162, 'actual_normal': 4560, 'predicted_attack': 637, 'predicted_normal': 4085, 'true_positives': 160, 'true_negatives': 4083, 'false_positives': 477, 'false_negatives': 2, 'precision': 0.25117739403453687, 'recall': 0.9876543209876543, 'f1_score': 0.40050062578222784}}
[DEBUG _get_metrics] res_item[1].keys(): ['accuracy', 'loss', 'total_samples', 'actual_attack', 'actual_normal', 'predicted_attack', 'predicted_normal', 'true_positives', 'true_negatives', 'false_positives', 'false_negatives', 'precision', 'recall', 'f1_score']
[DEBUG _get_metrics] Extracted from ConfigRecord._data
[DEBUG _get_metrics] res_item[1] type: ConfigRecord
[DEBUG _get_metrics] res_item[1] has metrics attr: False
[DEBUG _get_metrics] res_item[1].__dict__: {'_check_key_fn': <function _check_key at 0x71ebc91c8900>, '_check_value_fn': <function _check_value at 0x71ebbe9bc9a0>, '_data': {'accuracy': 0.9836457371711731, 'loss': 0.03091045469045639, 'total_samples': 10456, 'actual_attack': 10452, 'actual_normal': 4, 'predicted_attack': 10292, 'predicted_normal': 164, 'true_positives': 10291, 'true_negatives': 3, 'false_positives': 1, 'false_negatives': 161, 'precision': 0.9999028371550719, 'recall': 0.9845962495216226, 'f1_score': 0.9921905129193983}}
[DEBUG _get_metrics] res_item[1].keys(): ['accuracy', 'loss', 'total_samples', 'actual_attack', 'actual_normal', 'predicted_attack', 'predicted_normal', 'true_positives', 'true_negatives', 'false_positives', 'false_negatives', 'precision', 'recall', 'f1_score']
[DEBUG _get_metrics] Extracted from ConfigRecord._data
[DEBUG] Extracted 4 metrics from results

[Evaluation Summary]
============================================================
Round: 7 / 60
Accuracy (mean):  0.9708  (97.08%)
Loss:             0.0341
[Per-Device Accuracy]
  - Device 0:  0.9780  (97.80%)
  - Device 1:  0.9780  (97.80%)
  - Device 2:  0.9437  (94.37%)
  - Device 3:  0.9836  (98.36%)

[Ground Truth]
  - Attack samples: 5600
  - Normal samples: 162
  - Total samples:  5762

[Predictions]
  - Predicted Attack:  5530
  - Predicted Normal:  232

[Confusion Matrix]
  - True Positives (TP):  5504
  - True Negatives (TN):  136
  - False Positives (FP): 26
  - False Negatives (FN): 96

[Metrics]
  - Precision:  0.8104  (81.04%)
  - Recall:     0.9845  (98.45%)
  - F1-Score:   0.8427  (84.27%)
============================================================

[36m(ClientAppActor pid=262632)[0m [Client 2] Class weights (smoothed): {0: 1.158529178995592, 1: 0.8414708210044078}[32m [repeated 12x across cluster][0m
[36m(ClientAppActor pid=262633)[0m [Client 0] ✅ Real QAT applied: 6 QuantizeWrapper layers
[36m(ClientAppActor pid=262633)[0m [Client 0] QAT enabled - model quantization-aware
[36m(ClientAppActor pid=262632)[0m [Client 2] Class weights (smoothed): {0: 1.158529178995592, 1: 0.8414708210044078}[32m [repeated 4x across cluster][0m
[36m(ClientAppActor pid=262633)[0m [Client 0] ✅ Real QAT applied: 6 QuantizeWrapper layers
[36m(ClientAppActor pid=262633)[0m [Client 0] QAT enabled - model quantization-aware
[DEBUG] evaluate_metrics_aggregation_fn called with 4 results[92mINFO [0m:      
[92mINFO [0m:      [ROUND 9]
[92mINFO [0m:      configure_fit: strategy sampled 4 clients (out of 4)
[92mINFO [0m:      aggregate_fit: received 4 results and 0 failures
[92mINFO [0m:      configure_evaluate: strategy sampled 4 clients (out of 4)
[92mINFO [0m:      aggregate_evaluate: received 4 results and 0 failures

[DEBUG] results type: <class 'list'>
[DEBUG] First result type: <class 'tuple'>
[DEBUG] First result length: 2
[DEBUG] results[0][0] type: <class 'int'>
[DEBUG] results[0][1] type: <class 'flwr.app.message.configrecord.ConfigRecord'>
[DEBUG _get_metrics] res_item[1] type: ConfigRecord
[DEBUG _get_metrics] res_item[1] has metrics attr: False
[DEBUG _get_metrics] res_item[1].__dict__: {'_check_key_fn': <function _check_key at 0x71ebc91c8900>, '_check_value_fn': <function _check_value at 0x71ebbe9bc9a0>, '_data': {'accuracy': 0.9436679482460022, 'loss': 0.04190211743116379, 'total_samples': 4722, 'actual_attack': 162, 'actual_normal': 4560, 'predicted_attack': 1095, 'predicted_normal': 3627, 'true_positives': 160, 'true_negatives': 3625, 'false_positives': 935, 'false_negatives': 2, 'precision': 0.1461187214611872, 'recall': 0.9876543209876543, 'f1_score': 0.25457438345266503}}
[DEBUG _get_metrics] res_item[1].keys(): ['accuracy', 'loss', 'total_samples', 'actual_attack', 'actual_normal', 'predicted_attack', 'predicted_normal', 'true_positives', 'true_negatives', 'false_positives', 'false_negatives', 'precision', 'recall', 'f1_score']
[DEBUG _get_metrics] Extracted from ConfigRecord._data
[DEBUG _get_metrics] res_item[1] type: ConfigRecord
[DEBUG _get_metrics] res_item[1] has metrics attr: False
[DEBUG _get_metrics] res_item[1].__dict__: {'_check_key_fn': <function _check_key at 0x71ebc91c8900>, '_check_value_fn': <function _check_value at 0x71ebbe9bc9a0>, '_data': {'accuracy': 0.982689380645752, 'loss': 0.030253231525421143, 'total_samples': 10456, 'actual_attack': 10452, 'actual_normal': 4, 'predicted_attack': 10299, 'predicted_normal': 157, 'true_positives': 10297, 'true_negatives': 2, 'false_positives': 2, 'false_negatives': 155, 'precision': 0.9998058063889698, 'recall': 0.9851703023344814, 'f1_score': 0.9924340995614669}}
[DEBUG _get_metrics] res_item[1].keys(): ['accuracy', 'loss', 'total_samples', 'actual_attack', 'actual_normal', 'predicted_attack', 'predicted_normal', 'true_positives', 'true_negatives', 'false_positives', 'false_negatives', 'precision', 'recall', 'f1_score']
[DEBUG _get_metrics] Extracted from ConfigRecord._data
[DEBUG _get_metrics] res_item[1] type: ConfigRecord
[DEBUG _get_metrics] res_item[1] has metrics attr: False
[DEBUG _get_metrics] res_item[1].__dict__: {'_check_key_fn': <function _check_key at 0x71ebc91c8900>, '_check_value_fn': <function _check_value at 0x71ebbe9bc9a0>, '_data': {'accuracy': 0.9765706062316895, 'loss': 0.031069740653038025, 'total_samples': 5762, 'actual_attack': 5600, 'actual_normal': 162, 'predicted_attack': 5542, 'predicted_normal': 220, 'true_positives': 5507, 'true_negatives': 127, 'false_positives': 35, 'false_negatives': 93, 'precision': 0.9936845904005774, 'recall': 0.9833928571428572, 'f1_score': 0.9885119368156524}}
[DEBUG _get_metrics] res_item[1].keys(): ['accuracy', 'loss', 'total_samples', 'actual_attack', 'actual_normal', 'predicted_attack', 'predicted_normal', 'true_positives', 'true_negatives', 'false_positives', 'false_negatives', 'precision', 'recall', 'f1_score']
[DEBUG _get_metrics] Extracted from ConfigRecord._data
[DEBUG _get_metrics] res_item[1] type: ConfigRecord
[DEBUG _get_metrics] res_item[1] has metrics attr: False
[DEBUG _get_metrics] res_item[1].__dict__: {'_check_key_fn': <function _check_key at 0x71ebc91c8900>, '_check_value_fn': <function _check_value at 0x71ebbe9bc9a0>, '_data': {'accuracy': 0.9765706062316895, 'loss': 0.031069740653038025, 'total_samples': 5762, 'actual_attack': 5600, 'actual_normal': 162, 'predicted_attack': 5542, 'predicted_normal': 220, 'true_positives': 5507, 'true_negatives': 127, 'false_positives': 35, 'false_negatives': 93, 'precision': 0.9936845904005774, 'recall': 0.9833928571428572, 'f1_score': 0.9885119368156524}}
[DEBUG _get_metrics] res_item[1].keys(): ['accuracy', 'loss', 'total_samples', 'actual_attack', 'actual_normal', 'predicted_attack', 'predicted_normal', 'true_positives', 'true_negatives', 'false_positives', 'false_negatives', 'precision', 'recall', 'f1_score']
[DEBUG _get_metrics] Extracted from ConfigRecord._data
[DEBUG] Extracted 4 metrics from results

[Evaluation Summary]
============================================================
Round: 8 / 60
Accuracy (mean):  0.9699  (96.99%)
Loss:             0.0336
[Per-Device Accuracy]
  - Device 0:  0.9437  (94.37%)
  - Device 1:  0.9827  (98.27%)
  - Device 2:  0.9766  (97.66%)
  - Device 3:  0.9766  (97.66%)

[Ground Truth]
  - Attack samples: 162
  - Normal samples: 4560
  - Total samples:  4722

[Predictions]
  - Predicted Attack:  1095
  - Predicted Normal:  3627

[Confusion Matrix]
  - True Positives (TP):  160
  - True Negatives (TN):  3625
  - False Positives (FP): 935
  - False Negatives (FN): 2

[Metrics]
  - Precision:  0.7833  (78.33%)
  - Recall:     0.9849  (98.49%)
  - F1-Score:   0.8060  (80.60%)
============================================================

[36m(ClientAppActor pid=262633)[0m [Client 0] ✅ Real QAT applied: 6 QuantizeWrapper layers
[36m(ClientAppActor pid=262633)[0m [Client 0] QAT enabled - model quantization-aware
[36m(ClientAppActor pid=262633)[0m [Client 0] ✅ Real QAT applied: 6 QuantizeWrapper layers
[36m(ClientAppActor pid=262633)[0m [Client 0] QAT enabled - model quantization-aware
[36m(ClientAppActor pid=262639)[0m [Client 1] Class weights (smoothed): {0: 1.563131837938747, 1: 0.4368681620612528}[32m [repeated 7x across cluster][0m
[DEBUG] evaluate_metrics_aggregation_fn called with 4 results
[DEBUG] results type: <class 'list'>
[DEBUG] First result type: <class 'tuple'>
[DEBUG] First result length: 2
[DEBUG] results[0][0] type: <class 'int'>
[DEBUG] results[0][1] type: <class 'flwr.app.message.configrecord.ConfigRecord'>
[DEBUG _get_metrics] res_item[1] type: ConfigRecord
[DEBUG _get_metrics] res_item[1] has metrics attr: False
[DEBUG _get_metrics] res_item[1].__dict__: {'_check_key_fn': <function _check_key at 0x71ebc91c8900>, '_check_value_fn': <function _check_value at 0x71ebbe9bc9a0>, '_data': {'accuracy': 0.96719890832901, 'loss': 0.02406877651810646, 'total_samples': 5762, 'actual_attack': 5600, 'actual_normal': 162, 'predicted_attack': 5490, 'predicted_normal': 272, 'true_positives': 5456, 'true_negatives': 128, 'false_positives': 34, 'false_negatives': 144, 'precision': 0.9938069216757741, 'recall': 0.9742857142857143, 'f1_score': 0.9839495040577096}}
[DEBUG _get_metrics] res_item[1].keys(): ['accuracy', 'loss', 'total_samples', 'actual_attack', 'actual_normal', 'predicted_attack', 'predicted_normal', 'true_positives', 'true_negatives', 'false_positives', 'false_negatives', 'precision', 'recall', 'f1_score']
[DEBUG _get_metrics] Extracted from ConfigRecord._data
[DEBUG _get_metrics] res_item[1] type: ConfigRecord
[DEBUG _get_metrics] res_item[1] has metrics attr: False
[DEBUG _get_metrics] res_item[1].__dict__: {'_check_key_fn': <function _check_key at 0x71ebc91c8900>, '_check_value_fn': <function _check_value at 0x71ebbe9bc9a0>, '_data': {'accuracy': 0.8502752780914307, 'loss': 0.0421343669295311, 'total_samples': 4722, 'actual_attack': 162, 'actual_normal': 4560, 'predicted_attack': 1074, 'predicted_normal': 3648, 'true_positives': 159, 'true_negatives': 3645, 'false_positives': 915, 'false_negatives': 3, 'precision': 0.14804469273743018, 'recall': 0.9814814814814815, 'f1_score': 0.25728155339805825}}
[DEBUG _get_metrics] res_item[1].keys(): ['accuracy', 'loss', 'total_samples', 'actual_attack', 'actual_normal', 'predicted_attack', 'predicted_normal', 'true_positives', 'true_negatives', 'false_positives', 'false_negatives', 'precision', 'recall', 'f1_score']
[DEBUG _get_metrics] Extracted from ConfigRecord._data
[DEBUG _get_metrics] res_item[1] type: ConfigRecord
[DEBUG _get_metrics] res_item[1] has metrics attr: False
[DEBUG _get_metrics] res_item[1].__dict__: {'_check_key_fn': <function _check_key at 0x71ebc91c8900>, '_check_value_fn': <function _check_value at 0x71ebbe9bc9a0>, '_data': {'accuracy': 0.96719890832901, 'loss': 0.02406877651810646, 'total_samples': 5762, 'actual_attack': 5600, 'actual_normal': 162, 'predicted_attack': 5490, 'predicted_normal': 272, 'true_positives': 5456, 'true_negatives': 128, 'false_positives': 34, 'false_negatives': 144, 'precision': 0.9938069216757741, 'recall': 0.9742857142857143, 'f1_score': 0.9839495040577096}}[92mINFO [0m:      
[92mINFO [0m:      [ROUND 10]
[92mINFO [0m:      configure_fit: strategy sampled 4 clients (out of 4)
[92mINFO [0m:      aggregate_fit: received 4 results and 0 failures
[92mINFO [0m:      configure_evaluate: strategy sampled 4 clients (out of 4)
[92mINFO [0m:      aggregate_evaluate: received 4 results and 0 failures
[92mINFO [0m:      
[92mINFO [0m:      [ROUND 11]
[92mINFO [0m:      configure_fit: strategy sampled 4 clients (out of 4)
[92mINFO [0m:      aggregate_fit: received 4 results and 0 failures
[92mINFO [0m:      configure_evaluate: strategy sampled 4 clients (out of 4)

[DEBUG _get_metrics] res_item[1].keys(): ['accuracy', 'loss', 'total_samples', 'actual_attack', 'actual_normal', 'predicted_attack', 'predicted_normal', 'true_positives', 'true_negatives', 'false_positives', 'false_negatives', 'precision', 'recall', 'f1_score']
[DEBUG _get_metrics] Extracted from ConfigRecord._data
[DEBUG _get_metrics] res_item[1] type: ConfigRecord
[DEBUG _get_metrics] res_item[1] has metrics attr: False
[DEBUG _get_metrics] res_item[1].__dict__: {'_check_key_fn': <function _check_key at 0x71ebc91c8900>, '_check_value_fn': <function _check_value at 0x71ebbe9bc9a0>, '_data': {'accuracy': 0.9743688106536865, 'loss': 0.02279987931251526, 'total_samples': 10456, 'actual_attack': 10452, 'actual_normal': 4, 'predicted_attack': 10214, 'predicted_normal': 242, 'true_positives': 10212, 'true_negatives': 2, 'false_positives': 2, 'false_negatives': 240, 'precision': 0.9998041903270022, 'recall': 0.9770378874856487, 'f1_score': 0.9882899448369302}}
[DEBUG _get_metrics] res_item[1].keys(): ['accuracy', 'loss', 'total_samples', 'actual_attack', 'actual_normal', 'predicted_attack', 'predicted_normal', 'true_positives', 'true_negatives', 'false_positives', 'false_negatives', 'precision', 'recall', 'f1_score']
[DEBUG _get_metrics] Extracted from ConfigRecord._data
[DEBUG] Extracted 4 metrics from results

[Evaluation Summary]
============================================================
Round: 9 / 60
Accuracy (mean):  0.9398  (93.98%)
Loss:             0.0283
[Per-Device Accuracy]
  - Device 0:  0.9672  (96.72%)
  - Device 1:  0.8503  (85.03%)
  - Device 2:  0.9672  (96.72%)
  - Device 3:  0.9744  (97.44%)

[Ground Truth]
  - Attack samples: 5600
  - Normal samples: 162
  - Total samples:  5762

[Predictions]
  - Predicted Attack:  5490
  - Predicted Normal:  272

[Confusion Matrix]
  - True Positives (TP):  5456
  - True Negatives (TN):  128
  - False Positives (FP): 34
  - False Negatives (FN): 144

[Metrics]
  - Precision:  0.7839  (78.39%)
  - Recall:     0.9768  (97.68%)
  - F1-Score:   0.8034  (80.34%)
============================================================

[36m(ClientAppActor pid=262633)[0m [Client 0] ✅ Real QAT applied: 6 QuantizeWrapper layers
[36m(ClientAppActor pid=262633)[0m [Client 0] QAT enabled - model quantization-aware
[Round 10] Client contributions:
  Client samples: 8,594 (weight: 0.0662)
  Client samples: 49,871 (weight: 0.3839)
  Client samples: 62,856 (weight: 0.4838)
  Client samples: 8,594 (weight: 0.0662)
[36m(ClientAppActor pid=262632)[0m [Client 2] Class weights (smoothed): {0: 1.158529178995592, 1: 0.8414708210044078}[32m [repeated 9x across cluster][0m
[36m(ClientAppActor pid=262633)[0m [Client 0] ✅ Real QAT applied: 6 QuantizeWrapper layers
[36m(ClientAppActor pid=262633)[0m [Client 0] QAT enabled - model quantization-aware
[DEBUG] evaluate_metrics_aggregation_fn called with 4 results
[DEBUG] results type: <class 'list'>
[DEBUG] First result type: <class 'tuple'>
[DEBUG] First result length: 2
[DEBUG] results[0][0] type: <class 'int'>
[DEBUG] results[0][1] type: <class 'flwr.app.message.configrecord.ConfigRecord'>
[DEBUG _get_metrics] res_item[1] type: ConfigRecord
[DEBUG _get_metrics] res_item[1] has metrics attr: False
[DEBUG _get_metrics] res_item[1].__dict__: {'_check_key_fn': <function _check_key at 0x71ebc91c8900>, '_check_value_fn': <function _check_value at 0x71ebbe9bc9a0>, '_data': {'accuracy': 0.9479034543037415, 'loss': 0.037666019052267075, 'total_samples': 4722, 'actual_attack': 162, 'actual_normal': 4560, 'predicted_attack': 865, 'predicted_normal': 3857, 'true_positives': 159, 'true_negatives': 3854, 'false_positives': 706, 'false_negatives': 3, 'precision': 0.1838150289017341, 'recall': 0.9814814814814815, 'f1_score': 0.30963972736124634}}
[DEBUG _get_metrics] res_item[1].keys(): ['accuracy', 'loss', 'total_samples', 'actual_attack', 'actual_normal', 'predicted_attack', 'predicted_normal', 'true_positives', 'true_negatives', 'false_positives', 'false_negatives', 'precision', 'recall', 'f1_score']
[DEBUG _get_metrics] Extracted from ConfigRecord._data
[DEBUG _get_metrics] res_item[1] type: ConfigRecord
[DEBUG _get_metrics] res_item[1] has metrics attr: False
[DEBUG _get_metrics] res_item[1].__dict__: {'_check_key_fn': <function _check_key at 0x71ebc91c8900>, '_check_value_fn': <function _check_value at 0x71ebbe9bc9a0>, '_data': {'accuracy': 0.9685872793197632, 'loss': 0.02293720468878746, 'total_samples': 5762, 'actual_attack': 5600, 'actual_normal': 162, 'predicted_attack': 5486, 'predicted_normal': 276, 'true_positives': 5456, 'true_negatives': 132, 'false_positives': 30, 'false_negatives': 144, 'precision': 0.994531534815895, 'recall': 0.9742857142857143, 'f1_score': 0.9843045282338084}}
[DEBUG _get_metrics] res_item[1].keys(): ['accuracy', 'loss', 'total_samples', 'actual_attack', 'actual_normal', 'predicted_attack', 'predicted_normal', 'true_positives', 'true_negatives', 'false_positives', 'false_negatives', 'precision', 'recall', 'f1_score']
[DEBUG _get_metrics] Extracted from ConfigRecord._data
[DEBUG _get_metrics] res_item[1] type: ConfigRecord
[DEBUG _get_metrics] res_item[1] has metrics attr: False
[DEBUG _get_metrics] res_item[1].__dict__: {'_check_key_fn': <function _check_key at 0x71ebc91c8900>, '_check_value_fn': <function _check_value at 0x71ebbe9bc9a0>, '_data': {'accuracy': 0.9685872793197632, 'loss': 0.02293720468878746, 'total_samples': 5762, 'actual_attack': 5600, 'actual_normal': 162, 'predicted_attack': 5486, 'predicted_normal': 276, 'true_positives': 5456, 'true_negatives': 132, 'false_positives': 30, 'false_negatives': 144, 'precision': 0.994531534815895, 'recall': 0.9742857142857143, 'f1_score': 0.9843045282338084}}
[DEBUG _get_metrics] res_item[1].keys(): ['accuracy', 'loss', 'total_samples', 'actual_attack', 'actual_normal', 'predicted_attack', 'predicted_normal', 'true_positives', 'true_negatives', 'false_positives', 'false_negatives', 'precision', 'recall', 'f1_score']
[DEBUG _get_metrics] Extracted from ConfigRecord._data
[DEBUG _get_metrics] res_item[1] type: ConfigRecord
[DEBUG _get_metrics] res_item[1] has metrics attr: False
[DEBUG _get_metrics] res_item[1].__dict__: {'_check_key_fn': <function _check_key at 0x71ebc91c8900>, '_check_value_fn': <function _check_value at 0x71ebbe9bc9a0>, '_data': {'accuracy': 0.9741774797439575, 'loss': 0.021466732025146484, 'total_samples': 10456, 'actual_attack': 10452, 'actual_normal': 4, 'predicted_attack': 10214, 'predicted_normal': 242, 'true_positives': 10212, 'true_negatives': 2, 'false_positives': 2, 'false_negatives': 240, 'precision': 0.9998041903270022, 'recall': 0.9770378874856487, 'f1_score': 0.9882899448369302}}
[DEBUG _get_metrics] res_item[1].keys(): ['accuracy', 'loss', 'total_samples', 'actual_attack', 'actual_normal', 'predicted_attack', 'predicted_normal', 'true_positives', 'true_negatives', 'false_positives', 'false_negatives', 'precision', 'recall', 'f1_score']
[DEBUG _get_metrics] Extracted from ConfigRecord._data
[DEBUG] Extracted 4 metrics from results

[Evaluation Summary]
============================================================
Round: 10 / 60
Accuracy (mean):  0.9648  (96.48%)
Loss:             0.0263
[Per-Device Accuracy]
  - Device 0:  0.9479  (94.79%)
  - Device 1:  0.9686  (96.86%)
  - Device 2:  0.9686  (96.86%)
  - Device 3:  0.9742  (97.42%)

[Ground Truth]
  - Attack samples: 162
  - Normal samples: 4560
  - Total samples:  4722

[Predictions]
  - Predicted Attack:  865
  - Predicted Normal:  3857

[Confusion Matrix]
  - True Positives (TP):  159
  - True Negatives (TN):  3854
  - False Positives (FP): 706
  - False Negatives (FN): 3

[Metrics]
  - Precision:  0.7932  (79.32%)
  - Recall:     0.9768  (97.68%)
  - F1-Score:   0.8166  (81.66%)
============================================================

[36m(ClientAppActor pid=262633)[0m [Client 0] ✅ Real QAT applied: 6 QuantizeWrapper layers
[36m(ClientAppActor pid=262633)[0m [Client 0] QAT enabled - model quantization-aware
[36m(ClientAppActor pid=262632)[0m [Client 2] Class weights (smoothed): {0: 1.158529178995592, 1: 0.8414708210044078}[32m [repeated 8x across cluster][0m
[36m(ClientAppActor pid=262633)[0m [Client 0] ✅ Real QAT applied: 6 QuantizeWrapper layers[92mINFO [0m:      aggregate_evaluate: received 4 results and 0 failures
[92mINFO [0m:      
[92mINFO [0m:      [ROUND 12]
[92mINFO [0m:      configure_fit: strategy sampled 4 clients (out of 4)
[92mINFO [0m:      aggregate_fit: received 4 results and 0 failures
[92mINFO [0m:      configure_evaluate: strategy sampled 4 clients (out of 4)
[92mINFO [0m:      aggregate_evaluate: received 4 results and 0 failures

[36m(ClientAppActor pid=262633)[0m [Client 0] QAT enabled - model quantization-aware
[DEBUG] evaluate_metrics_aggregation_fn called with 4 results
[DEBUG] results type: <class 'list'>
[DEBUG] First result type: <class 'tuple'>
[DEBUG] First result length: 2
[DEBUG] results[0][0] type: <class 'int'>
[DEBUG] results[0][1] type: <class 'flwr.app.message.configrecord.ConfigRecord'>
[DEBUG _get_metrics] res_item[1] type: ConfigRecord
[DEBUG _get_metrics] res_item[1] has metrics attr: False
[DEBUG _get_metrics] res_item[1].__dict__: {'_check_key_fn': <function _check_key at 0x71ebc91c8900>, '_check_value_fn': <function _check_value at 0x71ebbe9bc9a0>, '_data': {'accuracy': 0.9751338958740234, 'loss': 0.019560324028134346, 'total_samples': 10456, 'actual_attack': 10452, 'actual_normal': 4, 'predicted_attack': 10201, 'predicted_normal': 255, 'true_positives': 10199, 'true_negatives': 2, 'false_positives': 2, 'false_negatives': 253, 'precision': 0.9998039407901186, 'recall': 0.9757941063911213, 'f1_score': 0.9876531254539291}}
[DEBUG _get_metrics] res_item[1].keys(): ['accuracy', 'loss', 'total_samples', 'actual_attack', 'actual_normal', 'predicted_attack', 'predicted_normal', 'true_positives', 'true_negatives', 'false_positives', 'false_negatives', 'precision', 'recall', 'f1_score']
[DEBUG _get_metrics] Extracted from ConfigRecord._data
[DEBUG _get_metrics] res_item[1] type: ConfigRecord
[DEBUG _get_metrics] res_item[1] has metrics attr: False
[DEBUG _get_metrics] res_item[1].__dict__: {'_check_key_fn': <function _check_key at 0x71ebc91c8900>, '_check_value_fn': <function _check_value at 0x71ebbe9bc9a0>, '_data': {'accuracy': 0.9696285724639893, 'loss': 0.021281827241182327, 'total_samples': 5762, 'actual_attack': 5600, 'actual_normal': 162, 'predicted_attack': 5480, 'predicted_normal': 282, 'true_positives': 5450, 'true_negatives': 132, 'false_positives': 30, 'false_negatives': 150, 'precision': 0.9945255474452555, 'recall': 0.9732142857142857, 'f1_score': 0.983754512635379}}
[DEBUG _get_metrics] res_item[1].keys(): ['accuracy', 'loss', 'total_samples', 'actual_attack', 'actual_normal', 'predicted_attack', 'predicted_normal', 'true_positives', 'true_negatives', 'false_positives', 'false_negatives', 'precision', 'recall', 'f1_score']
[DEBUG _get_metrics] Extracted from ConfigRecord._data
[DEBUG _get_metrics] res_item[1] type: ConfigRecord
[DEBUG _get_metrics] res_item[1] has metrics attr: False
[DEBUG _get_metrics] res_item[1].__dict__: {'_check_key_fn': <function _check_key at 0x71ebc91c8900>, '_check_value_fn': <function _check_value at 0x71ebbe9bc9a0>, '_data': {'accuracy': 0.9696285724639893, 'loss': 0.021281827241182327, 'total_samples': 5762, 'actual_attack': 5600, 'actual_normal': 162, 'predicted_attack': 5480, 'predicted_normal': 282, 'true_positives': 5450, 'true_negatives': 132, 'false_positives': 30, 'false_negatives': 150, 'precision': 0.9945255474452555, 'recall': 0.9732142857142857, 'f1_score': 0.983754512635379}}
[DEBUG _get_metrics] res_item[1].keys(): ['accuracy', 'loss', 'total_samples', 'actual_attack', 'actual_normal', 'predicted_attack', 'predicted_normal', 'true_positives', 'true_negatives', 'false_positives', 'false_negatives', 'precision', 'recall', 'f1_score']
[DEBUG _get_metrics] Extracted from ConfigRecord._data
[DEBUG _get_metrics] res_item[1] type: ConfigRecord
[DEBUG _get_metrics] res_item[1] has metrics attr: False
[DEBUG _get_metrics] res_item[1].__dict__: {'_check_key_fn': <function _check_key at 0x71ebc91c8900>, '_check_value_fn': <function _check_value at 0x71ebbe9bc9a0>, '_data': {'accuracy': 0.9462092518806458, 'loss': 0.03702915087342262, 'total_samples': 4722, 'actual_attack': 162, 'actual_normal': 4560, 'predicted_attack': 866, 'predicted_normal': 3856, 'true_positives': 159, 'true_negatives': 3853, 'false_positives': 707, 'false_negatives': 3, 'precision': 0.1836027713625866, 'recall': 0.9814814814814815, 'f1_score': 0.3093385214007782}}
[DEBUG _get_metrics] res_item[1].keys(): ['accuracy', 'loss', 'total_samples', 'actual_attack', 'actual_normal', 'predicted_attack', 'predicted_normal', 'true_positives', 'true_negatives', 'false_positives', 'false_negatives', 'precision', 'recall', 'f1_score']
[DEBUG _get_metrics] Extracted from ConfigRecord._data
[DEBUG] Extracted 4 metrics from results

[Evaluation Summary]
============================================================
Round: 11 / 60
Accuracy (mean):  0.9652  (96.52%)
Loss:             0.0248
[Per-Device Accuracy]
  - Device 0:  0.9751  (97.51%)
  - Device 1:  0.9696  (96.96%)
  - Device 2:  0.9696  (96.96%)
  - Device 3:  0.9462  (94.62%)

[Ground Truth]
  - Attack samples: 10452
  - Normal samples: 4
  - Total samples:  10456

[Predictions]
  - Predicted Attack:  10201
  - Predicted Normal:  255

[Confusion Matrix]
  - True Positives (TP):  10199
  - True Negatives (TN):  2
  - False Positives (FP): 2
  - False Negatives (FN): 253

[Metrics]
  - Precision:  0.7931  (79.31%)
  - Recall:     0.9759  (97.59%)
  - F1-Score:   0.8161  (81.61%)
============================================================

[36m(ClientAppActor pid=262633)[0m [Client 0] ✅ Real QAT applied: 6 QuantizeWrapper layers
[36m(ClientAppActor pid=262633)[0m [Client 0] QAT enabled - model quantization-aware
[36m(ClientAppActor pid=262639)[0m [Client 1] Class weights (smoothed): {0: 1.563131837938747, 1: 0.4368681620612528}[32m [repeated 8x across cluster][0m
[36m(ClientAppActor pid=262633)[0m [Client 0] ✅ Real QAT applied: 6 QuantizeWrapper layers
[36m(ClientAppActor pid=262633)[0m [Client 0] QAT enabled - model quantization-aware
[DEBUG] evaluate_metrics_aggregation_fn called with 4 results
[DEBUG] results type: <class 'list'>
[DEBUG] First result type: <class 'tuple'>
[DEBUG] First result length: 2
[DEBUG] results[0][0] type: <class 'int'>
[DEBUG] results[0][1] type: <class 'flwr.app.message.configrecord.ConfigRecord'>
[DEBUG _get_metrics] res_item[1] type: ConfigRecord
[DEBUG _get_metrics] res_item[1] has metrics attr: False
[DEBUG _get_metrics] res_item[1].__dict__: {'_check_key_fn': <function _check_key at 0x71ebc91c8900>, '_check_value_fn': <function _check_value at 0x71ebbe9bc9a0>, '_data': {'accuracy': 0.9753251671791077, 'loss': 0.018023964017629623, 'total_samples': 10456, 'actual_attack': 10452, 'actual_normal': 4, 'predicted_attack': 10203, 'predicted_normal': 253, 'true_positives': 10201, 'true_negatives': 2, 'false_positives': 2, 'false_negatives': 251, 'precision': 0.9998039792217975, 'recall': 0.9759854573287409, 'f1_score': 0.987751149842653}}
[DEBUG _get_metrics] res_item[1].keys(): ['accuracy', 'loss', 'total_samples', 'actual_attack', 'actual_normal', 'predicted_attack', 'predicted_normal', 'true_positives', 'true_negatives', 'false_positives', 'false_negatives', 'precision', 'recall', 'f1_score']
[DEBUG _get_metrics] Extracted from ConfigRecord._data
[DEBUG _get_metrics] res_item[1] type: ConfigRecord
[DEBUG _get_metrics] res_item[1] has metrics attr: False
[DEBUG _get_metrics] res_item[1].__dict__: {'_check_key_fn': <function _check_key at 0x71ebc91c8900>, '_check_value_fn': <function _check_value at 0x71ebbe9bc9a0>, '_data': {'accuracy': 0.9698021411895752, 'loss': 0.019989127293229103, 'total_samples': 5762, 'actual_attack': 5600, 'actual_normal': 162, 'predicted_attack': 5487, 'predicted_normal': 275, 'true_positives': 5452, 'true_negatives': 127, 'false_positives': 35, 'false_negatives': 148, 'precision': 0.9936212866776016, 'recall': 0.9735714285714285, 'f1_score': 0.9834941823757554}}
[DEBUG _get_metrics] res_item[1].keys(): ['accuracy', 'loss', 'total_samples', 'actual_attack', 'actual_normal', 'predicted_attack', 'predicted_normal', 'true_positives', 'true_negatives', 'false_positives', 'false_negatives', 'precision', 'recall', 'f1_score']
[DEBUG _get_metrics] Extracted from ConfigRecord._data
[DEBUG _get_metrics] res_item[1] type: ConfigRecord
[DEBUG _get_metrics] res_item[1] has metrics attr: False
[DEBUG _get_metrics] res_item[1].__dict__: {'_check_key_fn': <function _check_key at 0x71ebc91c8900>, '_check_value_fn': <function _check_value at 0x71ebbe9bc9a0>, '_data': {'accuracy': 0.9698021411895752, 'loss': 0.019989127293229103, 'total_samples': 5762, 'actual_attack': 5600, 'actual_normal': 162, 'predicted_attack': 5487, 'predicted_normal': 275, 'true_positives': 5452, 'true_negatives': 127, 'false_positives': 35, 'false_negatives': 148, 'precision': 0.9936212866776016, 'recall': 0.9735714285714285, 'f1_score': 0.9834941823757554}}[92mINFO [0m:      
[92mINFO [0m:      [ROUND 13]
[92mINFO [0m:      configure_fit: strategy sampled 4 clients (out of 4)
[92mINFO [0m:      aggregate_fit: received 4 results and 0 failures
[92mINFO [0m:      configure_evaluate: strategy sampled 4 clients (out of 4)
[92mINFO [0m:      aggregate_evaluate: received 4 results and 0 failures
[92mINFO [0m:      
[92mINFO [0m:      [ROUND 14]
[92mINFO [0m:      configure_fit: strategy sampled 4 clients (out of 4)
[92mINFO [0m:      aggregate_fit: received 4 results and 0 failures
[92mINFO [0m:      configure_evaluate: strategy sampled 4 clients (out of 4)
[92mINFO [0m:      aggregate_evaluate: received 4 results and 0 failures

[DEBUG _get_metrics] res_item[1].keys(): ['accuracy', 'loss', 'total_samples', 'actual_attack', 'actual_normal', 'predicted_attack', 'predicted_normal', 'true_positives', 'true_negatives', 'false_positives', 'false_negatives', 'precision', 'recall', 'f1_score']
[DEBUG _get_metrics] Extracted from ConfigRecord._data
[DEBUG _get_metrics] res_item[1] type: ConfigRecord
[DEBUG _get_metrics] res_item[1] has metrics attr: False
[DEBUG _get_metrics] res_item[1].__dict__: {'_check_key_fn': <function _check_key at 0x71ebc91c8900>, '_check_value_fn': <function _check_value at 0x71ebbe9bc9a0>, '_data': {'accuracy': 0.9464210271835327, 'loss': 0.03766091540455818, 'total_samples': 4722, 'actual_attack': 162, 'actual_normal': 4560, 'predicted_attack': 995, 'predicted_normal': 3727, 'true_positives': 160, 'true_negatives': 3725, 'false_positives': 835, 'false_negatives': 2, 'precision': 0.16080402010050251, 'recall': 0.9876543209876543, 'f1_score': 0.27657735522904064}}
[DEBUG _get_metrics] res_item[1].keys(): ['accuracy', 'loss', 'total_samples', 'actual_attack', 'actual_normal', 'predicted_attack', 'predicted_normal', 'true_positives', 'true_negatives', 'false_positives', 'false_negatives', 'precision', 'recall', 'f1_score']
[DEBUG _get_metrics] Extracted from ConfigRecord._data
[DEBUG] Extracted 4 metrics from results

[Evaluation Summary]
============================================================
Round: 12 / 60
Accuracy (mean):  0.9653  (96.53%)
Loss:             0.0239
[Per-Device Accuracy]
  - Device 0:  0.9753  (97.53%)
  - Device 1:  0.9698  (96.98%)
  - Device 2:  0.9698  (96.98%)
  - Device 3:  0.9464  (94.64%)

[Ground Truth]
  - Attack samples: 10452
  - Normal samples: 4
  - Total samples:  10456

[Predictions]
  - Predicted Attack:  10203
  - Predicted Normal:  253

[Confusion Matrix]
  - True Positives (TP):  10201
  - True Negatives (TN):  2
  - False Positives (FP): 2
  - False Negatives (FN): 251

[Metrics]
  - Precision:  0.7870  (78.70%)
  - Recall:     0.9777  (97.77%)
  - F1-Score:   0.8078  (80.78%)
============================================================

[36m(ClientAppActor pid=262633)[0m [Client 0] ✅ Real QAT applied: 6 QuantizeWrapper layers
[36m(ClientAppActor pid=262633)[0m [Client 0] QAT enabled - model quantization-aware
[36m(ClientAppActor pid=262632)[0m [Client 2] Class weights (smoothed): {0: 1.158529178995592, 1: 0.8414708210044078}[32m [repeated 8x across cluster][0m
[36m(ClientAppActor pid=262633)[0m [Client 0] ✅ Real QAT applied: 6 QuantizeWrapper layers
[36m(ClientAppActor pid=262633)[0m [Client 0] QAT enabled - model quantization-aware
[DEBUG] evaluate_metrics_aggregation_fn called with 4 results
[DEBUG] results type: <class 'list'>
[DEBUG] First result type: <class 'tuple'>
[DEBUG] First result length: 2
[DEBUG] results[0][0] type: <class 'int'>
[DEBUG] results[0][1] type: <class 'flwr.app.message.configrecord.ConfigRecord'>
[DEBUG _get_metrics] res_item[1] type: ConfigRecord
[DEBUG _get_metrics] res_item[1] has metrics attr: False
[DEBUG _get_metrics] res_item[1].__dict__: {'_check_key_fn': <function _check_key at 0x71ebc91c8900>, '_check_value_fn': <function _check_value at 0x71ebbe9bc9a0>, '_data': {'accuracy': 0.8614993691444397, 'loss': 0.04196886718273163, 'total_samples': 4722, 'actual_attack': 162, 'actual_normal': 4560, 'predicted_attack': 997, 'predicted_normal': 3725, 'true_positives': 160, 'true_negatives': 3723, 'false_positives': 837, 'false_negatives': 2, 'precision': 0.160481444332999, 'recall': 0.9876543209876543, 'f1_score': 0.27610008628127697}}
[DEBUG _get_metrics] res_item[1].keys(): ['accuracy', 'loss', 'total_samples', 'actual_attack', 'actual_normal', 'predicted_attack', 'predicted_normal', 'true_positives', 'true_negatives', 'false_positives', 'false_negatives', 'precision', 'recall', 'f1_score']
[DEBUG _get_metrics] Extracted from ConfigRecord._data
[DEBUG _get_metrics] res_item[1] type: ConfigRecord
[DEBUG _get_metrics] res_item[1] has metrics attr: False
[DEBUG _get_metrics] res_item[1].__dict__: {'_check_key_fn': <function _check_key at 0x71ebc91c8900>, '_check_value_fn': <function _check_value at 0x71ebbe9bc9a0>, '_data': {'accuracy': 0.9751338958740234, 'loss': 0.016635313630104065, 'total_samples': 10456, 'actual_attack': 10452, 'actual_normal': 4, 'predicted_attack': 10211, 'predicted_normal': 245, 'true_positives': 10209, 'true_negatives': 2, 'false_positives': 2, 'false_negatives': 243, 'precision': 0.999804132797963, 'recall': 0.9767508610792193, 'f1_score': 0.9881430576392586}}
[DEBUG _get_metrics] res_item[1].keys(): ['accuracy', 'loss', 'total_samples', 'actual_attack', 'actual_normal', 'predicted_attack', 'predicted_normal', 'true_positives', 'true_negatives', 'false_positives', 'false_negatives', 'precision', 'recall', 'f1_score']
[DEBUG _get_metrics] Extracted from ConfigRecord._data
[DEBUG _get_metrics] res_item[1] type: ConfigRecord
[DEBUG _get_metrics] res_item[1] has metrics attr: False
[DEBUG _get_metrics] res_item[1].__dict__: {'_check_key_fn': <function _check_key at 0x71ebc91c8900>, '_check_value_fn': <function _check_value at 0x71ebbe9bc9a0>, '_data': {'accuracy': 0.9682402014732361, 'loss': 0.018791669979691505, 'total_samples': 5762, 'actual_attack': 5600, 'actual_normal': 162, 'predicted_attack': 5491, 'predicted_normal': 271, 'true_positives': 5455, 'true_negatives': 126, 'false_positives': 36, 'false_negatives': 145, 'precision': 0.9934438171553451, 'recall': 0.9741071428571428, 'f1_score': 0.9836804616355604}}
[DEBUG _get_metrics] res_item[1].keys(): ['accuracy', 'loss', 'total_samples', 'actual_attack', 'actual_normal', 'predicted_attack', 'predicted_normal', 'true_positives', 'true_negatives', 'false_positives', 'false_negatives', 'precision', 'recall', 'f1_score']
[DEBUG _get_metrics] Extracted from ConfigRecord._data
[DEBUG _get_metrics] res_item[1] type: ConfigRecord
[DEBUG _get_metrics] res_item[1] has metrics attr: False
[DEBUG _get_metrics] res_item[1].__dict__: {'_check_key_fn': <function _check_key at 0x71ebc91c8900>, '_check_value_fn': <function _check_value at 0x71ebbe9bc9a0>, '_data': {'accuracy': 0.9682402014732361, 'loss': 0.018791669979691505, 'total_samples': 5762, 'actual_attack': 5600, 'actual_normal': 162, 'predicted_attack': 5491, 'predicted_normal': 271, 'true_positives': 5455, 'true_negatives': 126, 'false_positives': 36, 'false_negatives': 145, 'precision': 0.9934438171553451, 'recall': 0.9741071428571428, 'f1_score': 0.9836804616355604}}
[DEBUG _get_metrics] res_item[1].keys(): ['accuracy', 'loss', 'total_samples', 'actual_attack', 'actual_normal', 'predicted_attack', 'predicted_normal', 'true_positives', 'true_negatives', 'false_positives', 'false_negatives', 'precision', 'recall', 'f1_score']
[DEBUG _get_metrics] Extracted from ConfigRecord._data
[DEBUG] Extracted 4 metrics from results

[Evaluation Summary]
============================================================
Round: 13 / 60
Accuracy (mean):  0.9433  (94.33%)
Loss:             0.0240
[Per-Device Accuracy]
  - Device 0:  0.8615  (86.15%)
  - Device 1:  0.9751  (97.51%)
  - Device 2:  0.9682  (96.82%)
  - Device 3:  0.9682  (96.82%)

[Ground Truth]
  - Attack samples: 162
  - Normal samples: 4560
  - Total samples:  4722

[Predictions]
  - Predicted Attack:  997
  - Predicted Normal:  3725

[Confusion Matrix]
  - True Positives (TP):  160
  - True Negatives (TN):  3723
  - False Positives (FP): 837
  - False Negatives (FN): 2

[Metrics]
  - Precision:  0.7868  (78.68%)
  - Recall:     0.9782  (97.82%)
  - F1-Score:   0.8079  (80.79%)
============================================================

[36m(ClientAppActor pid=262633)[0m [Client 0] ✅ Real QAT applied: 6 QuantizeWrapper layers
[36m(ClientAppActor pid=262633)[0m [Client 0] QAT enabled - model quantization-aware
[36m(ClientAppActor pid=262632)[0m [Client 2] Class weights (smoothed): {0: 1.158529178995592, 1: 0.8414708210044078}[32m [repeated 8x across cluster][0m
[36m(ClientAppActor pid=262633)[0m [Client 0] ✅ Real QAT applied: 6 QuantizeWrapper layers
[36m(ClientAppActor pid=262633)[0m [Client 0] QAT enabled - model quantization-aware
[DEBUG] evaluate_metrics_aggregation_fn called with 4 results[92mINFO [0m:      
[92mINFO [0m:      [ROUND 15]
[92mINFO [0m:      configure_fit: strategy sampled 4 clients (out of 4)
[92mINFO [0m:      aggregate_fit: received 4 results and 0 failures
[92mINFO [0m:      configure_evaluate: strategy sampled 4 clients (out of 4)
[92mINFO [0m:      aggregate_evaluate: received 4 results and 0 failures

[DEBUG] results type: <class 'list'>
[DEBUG] First result type: <class 'tuple'>
[DEBUG] First result length: 2
[DEBUG] results[0][0] type: <class 'int'>
[DEBUG] results[0][1] type: <class 'flwr.app.message.configrecord.ConfigRecord'>
[DEBUG _get_metrics] res_item[1] type: ConfigRecord
[DEBUG _get_metrics] res_item[1] has metrics attr: False
[DEBUG _get_metrics] res_item[1].__dict__: {'_check_key_fn': <function _check_key at 0x71ebc91c8900>, '_check_value_fn': <function _check_value at 0x71ebbe9bc9a0>, '_data': {'accuracy': 0.9752223491668701, 'loss': 0.02158561535179615, 'total_samples': 4722, 'actual_attack': 162, 'actual_normal': 4560, 'predicted_attack': 289, 'predicted_normal': 4433, 'true_positives': 161, 'true_negatives': 4432, 'false_positives': 128, 'false_negatives': 1, 'precision': 0.5570934256055363, 'recall': 0.9938271604938271, 'f1_score': 0.7139689578713969}}
[DEBUG _get_metrics] res_item[1].keys(): ['accuracy', 'loss', 'total_samples', 'actual_attack', 'actual_normal', 'predicted_attack', 'predicted_normal', 'true_positives', 'true_negatives', 'false_positives', 'false_negatives', 'precision', 'recall', 'f1_score']
[DEBUG _get_metrics] Extracted from ConfigRecord._data
[DEBUG _get_metrics] res_item[1] type: ConfigRecord
[DEBUG _get_metrics] res_item[1] has metrics attr: False
[DEBUG _get_metrics] res_item[1].__dict__: {'_check_key_fn': <function _check_key at 0x71ebc91c8900>, '_check_value_fn': <function _check_value at 0x71ebbe9bc9a0>, '_data': {'accuracy': 0.9694550633430481, 'loss': 0.017755217850208282, 'total_samples': 5762, 'actual_attack': 5600, 'actual_normal': 162, 'predicted_attack': 5476, 'predicted_normal': 286, 'true_positives': 5462, 'true_negatives': 148, 'false_positives': 14, 'false_negatives': 138, 'precision': 0.9974433893352812, 'recall': 0.9753571428571428, 'f1_score': 0.986276634163958}}
[DEBUG _get_metrics] res_item[1].keys(): ['accuracy', 'loss', 'total_samples', 'actual_attack', 'actual_normal', 'predicted_attack', 'predicted_normal', 'true_positives', 'true_negatives', 'false_positives', 'false_negatives', 'precision', 'recall', 'f1_score']
[DEBUG _get_metrics] Extracted from ConfigRecord._data
[DEBUG _get_metrics] res_item[1] type: ConfigRecord
[DEBUG _get_metrics] res_item[1] has metrics attr: False
[DEBUG _get_metrics] res_item[1].__dict__: {'_check_key_fn': <function _check_key at 0x71ebc91c8900>, '_check_value_fn': <function _check_value at 0x71ebbe9bc9a0>, '_data': {'accuracy': 0.9694550633430481, 'loss': 0.017755217850208282, 'total_samples': 5762, 'actual_attack': 5600, 'actual_normal': 162, 'predicted_attack': 5476, 'predicted_normal': 286, 'true_positives': 5462, 'true_negatives': 148, 'false_positives': 14, 'false_negatives': 138, 'precision': 0.9974433893352812, 'recall': 0.9753571428571428, 'f1_score': 0.986276634163958}}
[DEBUG _get_metrics] res_item[1].keys(): ['accuracy', 'loss', 'total_samples', 'actual_attack', 'actual_normal', 'predicted_attack', 'predicted_normal', 'true_positives', 'true_negatives', 'false_positives', 'false_negatives', 'precision', 'recall', 'f1_score']
[DEBUG _get_metrics] Extracted from ConfigRecord._data
[DEBUG _get_metrics] res_item[1] type: ConfigRecord
[DEBUG _get_metrics] res_item[1] has metrics attr: False
[DEBUG _get_metrics] res_item[1].__dict__: {'_check_key_fn': <function _check_key at 0x71ebc91c8900>, '_check_value_fn': <function _check_value at 0x71ebbe9bc9a0>, '_data': {'accuracy': 0.9737949371337891, 'loss': 0.01609884761273861, 'total_samples': 10456, 'actual_attack': 10452, 'actual_normal': 4, 'predicted_attack': 10213, 'predicted_normal': 243, 'true_positives': 10213, 'true_negatives': 4, 'false_positives': 0, 'false_negatives': 239, 'precision': 1.0, 'recall': 0.9771335629544585, 'f1_score': 0.9884345511734818}}
[DEBUG _get_metrics] res_item[1].keys(): ['accuracy', 'loss', 'total_samples', 'actual_attack', 'actual_normal', 'predicted_attack', 'predicted_normal', 'true_positives', 'true_negatives', 'false_positives', 'false_negatives', 'precision', 'recall', 'f1_score']
[DEBUG _get_metrics] Extracted from ConfigRecord._data
[DEBUG] Extracted 4 metrics from results

[Evaluation Summary]
============================================================
Round: 14 / 60
Accuracy (mean):  0.9720  (97.20%)
Loss:             0.0183
[Per-Device Accuracy]
  - Device 0:  0.9752  (97.52%)
  - Device 1:  0.9695  (96.95%)
  - Device 2:  0.9695  (96.95%)
  - Device 3:  0.9738  (97.38%)

[Ground Truth]
  - Attack samples: 162
  - Normal samples: 4560
  - Total samples:  4722

[Predictions]
  - Predicted Attack:  289
  - Predicted Normal:  4433

[Confusion Matrix]
  - True Positives (TP):  161
  - True Negatives (TN):  4432
  - False Positives (FP): 128
  - False Negatives (FN): 1

[Metrics]
  - Precision:  0.8880  (88.80%)
  - Recall:     0.9804  (98.04%)
  - F1-Score:   0.9187  (91.87%)
============================================================

[36m(ClientAppActor pid=262633)[0m [Client 0] ✅ Real QAT applied: 6 QuantizeWrapper layers
[36m(ClientAppActor pid=262633)[0m [Client 0] QAT enabled - model quantization-aware
[Round 15] Client contributions:
  Client samples: 8,594 (weight: 0.0662)
  Client samples: 62,856 (weight: 0.4838)
  Client samples: 49,871 (weight: 0.3839)
  Client samples: 8,594 (weight: 0.0662)
[36m(ClientAppActor pid=262633)[0m [Client 0] ✅ Real QAT applied: 6 QuantizeWrapper layers
[36m(ClientAppActor pid=262633)[0m [Client 0] QAT enabled - model quantization-aware
[36m(ClientAppActor pid=262639)[0m [Client 1] Class weights (smoothed): {0: 1.563131837938747, 1: 0.4368681620612528}[32m [repeated 7x across cluster][0m
[DEBUG] evaluate_metrics_aggregation_fn called with 4 results
[DEBUG] results type: <class 'list'>
[DEBUG] First result type: <class 'tuple'>
[DEBUG] First result length: 2
[DEBUG] results[0][0] type: <class 'int'>
[DEBUG] results[0][1] type: <class 'flwr.app.message.configrecord.ConfigRecord'>
[DEBUG _get_metrics] res_item[1] type: ConfigRecord
[DEBUG _get_metrics] res_item[1] has metrics attr: False
[DEBUG _get_metrics] res_item[1].__dict__: {'_check_key_fn': <function _check_key at 0x71ebc91c8900>, '_check_value_fn': <function _check_value at 0x71ebbe9bc9a0>, '_data': {'accuracy': 0.9739862084388733, 'loss': 0.014951151795685291, 'total_samples': 10456, 'actual_attack': 10452, 'actual_normal': 4, 'predicted_attack': 10215, 'predicted_normal': 241, 'true_positives': 10215, 'true_negatives': 4, 'false_positives': 0, 'false_negatives': 237, 'precision': 1.0, 'recall': 0.9773249138920781, 'f1_score': 0.9885324430251126}}
[DEBUG _get_metrics] res_item[1].keys(): ['accuracy', 'loss', 'total_samples', 'actual_attack', 'actual_normal', 'predicted_attack', 'predicted_normal', 'true_positives', 'true_negatives', 'false_positives', 'false_negatives', 'precision', 'recall', 'f1_score']
[DEBUG _get_metrics] Extracted from ConfigRecord._data
[DEBUG _get_metrics] res_item[1] type: ConfigRecord
[DEBUG _get_metrics] res_item[1] has metrics attr: False
[DEBUG _get_metrics] res_item[1].__dict__: {'_check_key_fn': <function _check_key at 0x71ebc91c8900>, '_check_value_fn': <function _check_value at 0x71ebbe9bc9a0>, '_data': {'accuracy': 0.9698021411895752, 'loss': 0.016568414866924286, 'total_samples': 5762, 'actual_attack': 5600, 'actual_normal': 162, 'predicted_attack': 5477, 'predicted_normal': 285, 'true_positives': 5463, 'true_negatives': 148, 'false_positives': 14, 'false_negatives': 137, 'precision': 0.9974438561256163, 'recall': 0.9755357142857143, 'f1_score': 0.986368150221179}}
[DEBUG _get_metrics] res_item[1].keys(): ['accuracy', 'loss', 'total_samples', 'actual_attack', 'actual_normal', 'predicted_attack', 'predicted_normal', 'true_positives', 'true_negatives', 'false_positives', 'false_negatives', 'precision', 'recall', 'f1_score']
[DEBUG _get_metrics] Extracted from ConfigRecord._data
[DEBUG _get_metrics] res_item[1] type: ConfigRecord
[DEBUG _get_metrics] res_item[1] has metrics attr: False
[DEBUG _get_metrics] res_item[1].__dict__: {'_check_key_fn': <function _check_key at 0x71ebc91c8900>, '_check_value_fn': <function _check_value at 0x71ebbe9bc9a0>, '_data': {'accuracy': 0.9752223491668701, 'loss': 0.021397272124886513, 'total_samples': 4722, 'actual_attack': 162, 'actual_normal': 4560, 'predicted_attack': 289, 'predicted_normal': 4433, 'true_positives': 161, 'true_negatives': 4432, 'false_positives': 128, 'false_negatives': 1, 'precision': 0.5570934256055363, 'recall': 0.9938271604938271, 'f1_score': 0.7139689578713969}}[92mINFO [0m:      
[92mINFO [0m:      [ROUND 16]
[92mINFO [0m:      configure_fit: strategy sampled 4 clients (out of 4)
[92mINFO [0m:      aggregate_fit: received 4 results and 0 failures
[92mINFO [0m:      configure_evaluate: strategy sampled 4 clients (out of 4)
[92mINFO [0m:      aggregate_evaluate: received 4 results and 0 failures
[92mINFO [0m:      
[92mINFO [0m:      [ROUND 17]
[92mINFO [0m:      configure_fit: strategy sampled 4 clients (out of 4)
[92mINFO [0m:      aggregate_fit: received 4 results and 0 failures
[92mINFO [0m:      configure_evaluate: strategy sampled 4 clients (out of 4)
[92mINFO [0m:      aggregate_evaluate: received 4 results and 0 failures

[DEBUG _get_metrics] res_item[1].keys(): ['accuracy', 'loss', 'total_samples', 'actual_attack', 'actual_normal', 'predicted_attack', 'predicted_normal', 'true_positives', 'true_negatives', 'false_positives', 'false_negatives', 'precision', 'recall', 'f1_score']
[DEBUG _get_metrics] Extracted from ConfigRecord._data
[DEBUG _get_metrics] res_item[1] type: ConfigRecord
[DEBUG _get_metrics] res_item[1] has metrics attr: False
[DEBUG _get_metrics] res_item[1].__dict__: {'_check_key_fn': <function _check_key at 0x71ebc91c8900>, '_check_value_fn': <function _check_value at 0x71ebbe9bc9a0>, '_data': {'accuracy': 0.9698021411895752, 'loss': 0.016568414866924286, 'total_samples': 5762, 'actual_attack': 5600, 'actual_normal': 162, 'predicted_attack': 5477, 'predicted_normal': 285, 'true_positives': 5463, 'true_negatives': 148, 'false_positives': 14, 'false_negatives': 137, 'precision': 0.9974438561256163, 'recall': 0.9755357142857143, 'f1_score': 0.986368150221179}}
[DEBUG _get_metrics] res_item[1].keys(): ['accuracy', 'loss', 'total_samples', 'actual_attack', 'actual_normal', 'predicted_attack', 'predicted_normal', 'true_positives', 'true_negatives', 'false_positives', 'false_negatives', 'precision', 'recall', 'f1_score']
[DEBUG _get_metrics] Extracted from ConfigRecord._data
[DEBUG] Extracted 4 metrics from results

[Evaluation Summary]
============================================================
Round: 15 / 60
Accuracy (mean):  0.9722  (97.22%)
Loss:             0.0174
[Per-Device Accuracy]
  - Device 0:  0.9740  (97.40%)
  - Device 1:  0.9698  (96.98%)
  - Device 2:  0.9752  (97.52%)
  - Device 3:  0.9698  (96.98%)

[Ground Truth]
  - Attack samples: 10452
  - Normal samples: 4
  - Total samples:  10456

[Predictions]
  - Predicted Attack:  10215
  - Predicted Normal:  241

[Confusion Matrix]
  - True Positives (TP):  10215
  - True Negatives (TN):  4
  - False Positives (FP): 0
  - False Negatives (FN): 237

[Metrics]
  - Precision:  0.8880  (88.80%)
  - Recall:     0.9806  (98.06%)
  - F1-Score:   0.9188  (91.88%)
============================================================

[36m(ClientAppActor pid=262633)[0m [Client 0] ✅ Real QAT applied: 6 QuantizeWrapper layers
[36m(ClientAppActor pid=262633)[0m [Client 0] QAT enabled - model quantization-aware
[36m(ClientAppActor pid=262633)[0m [Client 0] ✅ Real QAT applied: 6 QuantizeWrapper layers
[36m(ClientAppActor pid=262633)[0m [Client 0] QAT enabled - model quantization-aware
[36m(ClientAppActor pid=262632)[0m [Client 2] Class weights (smoothed): {0: 1.158529178995592, 1: 0.8414708210044078}[32m [repeated 11x across cluster][0m
[DEBUG] evaluate_metrics_aggregation_fn called with 4 results
[DEBUG] results type: <class 'list'>
[DEBUG] First result type: <class 'tuple'>
[DEBUG] First result length: 2
[DEBUG] results[0][0] type: <class 'int'>
[DEBUG] results[0][1] type: <class 'flwr.app.message.configrecord.ConfigRecord'>
[DEBUG _get_metrics] res_item[1] type: ConfigRecord
[DEBUG _get_metrics] res_item[1] has metrics attr: False
[DEBUG _get_metrics] res_item[1].__dict__: {'_check_key_fn': <function _check_key at 0x71ebc91c8900>, '_check_value_fn': <function _check_value at 0x71ebbe9bc9a0>, '_data': {'accuracy': 0.9696285724639893, 'loss': 0.015379788354039192, 'total_samples': 5762, 'actual_attack': 5600, 'actual_normal': 162, 'predicted_attack': 5477, 'predicted_normal': 285, 'true_positives': 5463, 'true_negatives': 148, 'false_positives': 14, 'false_negatives': 137, 'precision': 0.9974438561256163, 'recall': 0.9755357142857143, 'f1_score': 0.986368150221179}}
[DEBUG _get_metrics] res_item[1].keys(): ['accuracy', 'loss', 'total_samples', 'actual_attack', 'actual_normal', 'predicted_attack', 'predicted_normal', 'true_positives', 'true_negatives', 'false_positives', 'false_negatives', 'precision', 'recall', 'f1_score']
[DEBUG _get_metrics] Extracted from ConfigRecord._data
[DEBUG _get_metrics] res_item[1] type: ConfigRecord
[DEBUG _get_metrics] res_item[1] has metrics attr: False
[DEBUG _get_metrics] res_item[1].__dict__: {'_check_key_fn': <function _check_key at 0x71ebc91c8900>, '_check_value_fn': <function _check_value at 0x71ebbe9bc9a0>, '_data': {'accuracy': 0.9738906025886536, 'loss': 0.013950360007584095, 'total_samples': 10456, 'actual_attack': 10452, 'actual_normal': 4, 'predicted_attack': 10213, 'predicted_normal': 243, 'true_positives': 10213, 'true_negatives': 4, 'false_positives': 0, 'false_negatives': 239, 'precision': 1.0, 'recall': 0.9771335629544585, 'f1_score': 0.9884345511734818}}
[DEBUG _get_metrics] res_item[1].keys(): ['accuracy', 'loss', 'total_samples', 'actual_attack', 'actual_normal', 'predicted_attack', 'predicted_normal', 'true_positives', 'true_negatives', 'false_positives', 'false_negatives', 'precision', 'recall', 'f1_score']
[DEBUG _get_metrics] Extracted from ConfigRecord._data
[DEBUG _get_metrics] res_item[1] type: ConfigRecord
[DEBUG _get_metrics] res_item[1] has metrics attr: False
[DEBUG _get_metrics] res_item[1].__dict__: {'_check_key_fn': <function _check_key at 0x71ebc91c8900>, '_check_value_fn': <function _check_value at 0x71ebbe9bc9a0>, '_data': {'accuracy': 0.9696285724639893, 'loss': 0.015379788354039192, 'total_samples': 5762, 'actual_attack': 5600, 'actual_normal': 162, 'predicted_attack': 5477, 'predicted_normal': 285, 'true_positives': 5463, 'true_negatives': 148, 'false_positives': 14, 'false_negatives': 137, 'precision': 0.9974438561256163, 'recall': 0.9755357142857143, 'f1_score': 0.986368150221179}}
[DEBUG _get_metrics] res_item[1].keys(): ['accuracy', 'loss', 'total_samples', 'actual_attack', 'actual_normal', 'predicted_attack', 'predicted_normal', 'true_positives', 'true_negatives', 'false_positives', 'false_negatives', 'precision', 'recall', 'f1_score']
[DEBUG _get_metrics] Extracted from ConfigRecord._data
[DEBUG _get_metrics] res_item[1] type: ConfigRecord
[DEBUG _get_metrics] res_item[1] has metrics attr: False
[DEBUG _get_metrics] res_item[1].__dict__: {'_check_key_fn': <function _check_key at 0x71ebc91c8900>, '_check_value_fn': <function _check_value at 0x71ebbe9bc9a0>, '_data': {'accuracy': 0.9752223491668701, 'loss': 0.019678354263305664, 'total_samples': 4722, 'actual_attack': 162, 'actual_normal': 4560, 'predicted_attack': 289, 'predicted_normal': 4433, 'true_positives': 161, 'true_negatives': 4432, 'false_positives': 128, 'false_negatives': 1, 'precision': 0.5570934256055363, 'recall': 0.9938271604938271, 'f1_score': 0.7139689578713969}}
[DEBUG _get_metrics] res_item[1].keys(): ['accuracy', 'loss', 'total_samples', 'actual_attack', 'actual_normal', 'predicted_attack', 'predicted_normal', 'true_positives', 'true_negatives', 'false_positives', 'false_negatives', 'precision', 'recall', 'f1_score']
[DEBUG _get_metrics] Extracted from ConfigRecord._data
[DEBUG] Extracted 4 metrics from results

[Evaluation Summary]
============================================================
Round: 16 / 60
Accuracy (mean):  0.9721  (97.21%)
Loss:             0.0161
[Per-Device Accuracy]
  - Device 0:  0.9696  (96.96%)
  - Device 1:  0.9739  (97.39%)
  - Device 2:  0.9696  (96.96%)
  - Device 3:  0.9752  (97.52%)

[Ground Truth]
  - Attack samples: 5600
  - Normal samples: 162
  - Total samples:  5762

[Predictions]
  - Predicted Attack:  5477
  - Predicted Normal:  285

[Confusion Matrix]
  - True Positives (TP):  5463
  - True Negatives (TN):  148
  - False Positives (FP): 14
  - False Negatives (FN): 137

[Metrics]
  - Precision:  0.8880  (88.80%)
  - Recall:     0.9805  (98.05%)
  - F1-Score:   0.9188  (91.88%)
============================================================

[36m(ClientAppActor pid=262633)[0m [Client 0] ✅ Real QAT applied: 6 QuantizeWrapper layers
[36m(ClientAppActor pid=262633)[0m [Client 0] QAT enabled - model quantization-aware
[36m(ClientAppActor pid=262632)[0m [Client 2] Class weights (smoothed): {0: 1.158529178995592, 1: 0.8414708210044078}[32m [repeated 6x across cluster][0m
[36m(ClientAppActor pid=262633)[0m [Client 0] ✅ Real QAT applied: 6 QuantizeWrapper layers
[36m(ClientAppActor pid=262633)[0m [Client 0] QAT enabled - model quantization-aware
[DEBUG] evaluate_metrics_aggregation_fn called with 4 results[92mINFO [0m:      
[92mINFO [0m:      [ROUND 18]
[92mINFO [0m:      configure_fit: strategy sampled 4 clients (out of 4)
[92mINFO [0m:      aggregate_fit: received 4 results and 0 failures
[92mINFO [0m:      configure_evaluate: strategy sampled 4 clients (out of 4)
[92mINFO [0m:      aggregate_evaluate: received 4 results and 0 failures

[DEBUG] results type: <class 'list'>
[DEBUG] First result type: <class 'tuple'>
[DEBUG] First result length: 2
[DEBUG] results[0][0] type: <class 'int'>
[DEBUG] results[0][1] type: <class 'flwr.app.message.configrecord.ConfigRecord'>
[DEBUG _get_metrics] res_item[1] type: ConfigRecord
[DEBUG _get_metrics] res_item[1] has metrics attr: False
[DEBUG _get_metrics] res_item[1].__dict__: {'_check_key_fn': <function _check_key at 0x71ebc91c8900>, '_check_value_fn': <function _check_value at 0x71ebbe9bc9a0>, '_data': {'accuracy': 0.9752223491668701, 'loss': 0.019555265083909035, 'total_samples': 4722, 'actual_attack': 162, 'actual_normal': 4560, 'predicted_attack': 282, 'predicted_normal': 4440, 'true_positives': 161, 'true_negatives': 4439, 'false_positives': 121, 'false_negatives': 1, 'precision': 0.5709219858156028, 'recall': 0.9938271604938271, 'f1_score': 0.7252252252252253}}
[DEBUG _get_metrics] res_item[1].keys(): ['accuracy', 'loss', 'total_samples', 'actual_attack', 'actual_normal', 'predicted_attack', 'predicted_normal', 'true_positives', 'true_negatives', 'false_positives', 'false_negatives', 'precision', 'recall', 'f1_score']
[DEBUG _get_metrics] Extracted from ConfigRecord._data
[DEBUG _get_metrics] res_item[1] type: ConfigRecord
[DEBUG _get_metrics] res_item[1] has metrics attr: False
[DEBUG _get_metrics] res_item[1].__dict__: {'_check_key_fn': <function _check_key at 0x71ebc91c8900>, '_check_value_fn': <function _check_value at 0x71ebbe9bc9a0>, '_data': {'accuracy': 0.9754208326339722, 'loss': 0.013381829485297203, 'total_samples': 10456, 'actual_attack': 10452, 'actual_normal': 4, 'predicted_attack': 10230, 'predicted_normal': 226, 'true_positives': 10230, 'true_negatives': 4, 'false_positives': 0, 'false_negatives': 222, 'precision': 1.0, 'recall': 0.978760045924225, 'f1_score': 0.9892660284305193}}
[DEBUG _get_metrics] res_item[1].keys(): ['accuracy', 'loss', 'total_samples', 'actual_attack', 'actual_normal', 'predicted_attack', 'predicted_normal', 'true_positives', 'true_negatives', 'false_positives', 'false_negatives', 'precision', 'recall', 'f1_score']
[DEBUG _get_metrics] Extracted from ConfigRecord._data
[DEBUG _get_metrics] res_item[1] type: ConfigRecord
[DEBUG _get_metrics] res_item[1] has metrics attr: False
[DEBUG _get_metrics] res_item[1].__dict__: {'_check_key_fn': <function _check_key at 0x71ebc91c8900>, '_check_value_fn': <function _check_value at 0x71ebbe9bc9a0>, '_data': {'accuracy': 0.9713640809059143, 'loss': 0.014727283269166946, 'total_samples': 5762, 'actual_attack': 5600, 'actual_normal': 162, 'predicted_attack': 5490, 'predicted_normal': 272, 'true_positives': 5476, 'true_negatives': 148, 'false_positives': 14, 'false_negatives': 124, 'precision': 0.9974499089253187, 'recall': 0.9778571428571429, 'f1_score': 0.9875563570784491}}
[DEBUG _get_metrics] res_item[1].keys(): ['accuracy', 'loss', 'total_samples', 'actual_attack', 'actual_normal', 'predicted_attack', 'predicted_normal', 'true_positives', 'true_negatives', 'false_positives', 'false_negatives', 'precision', 'recall', 'f1_score']
[DEBUG _get_metrics] Extracted from ConfigRecord._data
[DEBUG _get_metrics] res_item[1] type: ConfigRecord
[DEBUG _get_metrics] res_item[1] has metrics attr: False
[DEBUG _get_metrics] res_item[1].__dict__: {'_check_key_fn': <function _check_key at 0x71ebc91c8900>, '_check_value_fn': <function _check_value at 0x71ebbe9bc9a0>, '_data': {'accuracy': 0.9713640809059143, 'loss': 0.014727283269166946, 'total_samples': 5762, 'actual_attack': 5600, 'actual_normal': 162, 'predicted_attack': 5490, 'predicted_normal': 272, 'true_positives': 5476, 'true_negatives': 148, 'false_positives': 14, 'false_negatives': 124, 'precision': 0.9974499089253187, 'recall': 0.9778571428571429, 'f1_score': 0.9875563570784491}}
[DEBUG _get_metrics] res_item[1].keys(): ['accuracy', 'loss', 'total_samples', 'actual_attack', 'actual_normal', 'predicted_attack', 'predicted_normal', 'true_positives', 'true_negatives', 'false_positives', 'false_negatives', 'precision', 'recall', 'f1_score']
[DEBUG _get_metrics] Extracted from ConfigRecord._data
[DEBUG] Extracted 4 metrics from results

[Evaluation Summary]
============================================================
Round: 17 / 60
Accuracy (mean):  0.9733  (97.33%)
Loss:             0.0156
[Per-Device Accuracy]
  - Device 0:  0.9752  (97.52%)
  - Device 1:  0.9754  (97.54%)
  - Device 2:  0.9714  (97.14%)
  - Device 3:  0.9714  (97.14%)

[Ground Truth]
  - Attack samples: 162
  - Normal samples: 4560
  - Total samples:  4722

[Predictions]
  - Predicted Attack:  282
  - Predicted Normal:  4440

[Confusion Matrix]
  - True Positives (TP):  161
  - True Negatives (TN):  4439
  - False Positives (FP): 121
  - False Negatives (FN): 1

[Metrics]
  - Precision:  0.8915  (89.15%)
  - Recall:     0.9821  (98.21%)
  - F1-Score:   0.9224  (92.24%)
============================================================

[36m(ClientAppActor pid=262633)[0m [Client 0] ✅ Real QAT applied: 6 QuantizeWrapper layers
[36m(ClientAppActor pid=262633)[0m [Client 0] QAT enabled - model quantization-aware
[36m(ClientAppActor pid=262632)[0m [Client 2] Class weights (smoothed): {0: 1.158529178995592, 1: 0.8414708210044078}[32m [repeated 8x across cluster][0m
[36m(ClientAppActor pid=262633)[0m [Client 0] ✅ Real QAT applied: 6 QuantizeWrapper layers
[36m(ClientAppActor pid=262633)[0m [Client 0] QAT enabled - model quantization-aware
[DEBUG] evaluate_metrics_aggregation_fn called with 4 results
[DEBUG] results type: <class 'list'>
[DEBUG] First result type: <class 'tuple'>
[DEBUG] First result length: 2
[DEBUG] results[0][0] type: <class 'int'>
[DEBUG] results[0][1] type: <class 'flwr.app.message.configrecord.ConfigRecord'>
[DEBUG _get_metrics] res_item[1] type: ConfigRecord
[DEBUG _get_metrics] res_item[1] has metrics attr: False
[DEBUG _get_metrics] res_item[1].__dict__: {'_check_key_fn': <function _check_key at 0x71ebc91c8900>, '_check_value_fn': <function _check_value at 0x71ebbe9bc9a0>, '_data': {'accuracy': 0.9757077097892761, 'loss': 0.0133933424949646, 'total_samples': 10456, 'actual_attack': 10452, 'actual_normal': 4, 'predicted_attack': 10233, 'predicted_normal': 223, 'true_positives': 10233, 'true_negatives': 4, 'false_positives': 0, 'false_negatives': 219, 'precision': 1.0, 'recall': 0.9790470723306545, 'f1_score': 0.9894126178390139}}
[DEBUG _get_metrics] res_item[1].keys(): ['accuracy', 'loss', 'total_samples', 'actual_attack', 'actual_normal', 'predicted_attack', 'predicted_normal', 'true_positives', 'true_negatives', 'false_positives', 'false_negatives', 'precision', 'recall', 'f1_score']
[DEBUG _get_metrics] Extracted from ConfigRecord._data
[DEBUG _get_metrics] res_item[1] type: ConfigRecord
[DEBUG _get_metrics] res_item[1] has metrics attr: False
[DEBUG _get_metrics] res_item[1].__dict__: {'_check_key_fn': <function _check_key at 0x71ebc91c8900>, '_check_value_fn': <function _check_value at 0x71ebbe9bc9a0>, '_data': {'accuracy': 0.9713640809059143, 'loss': 0.01474788598716259, 'total_samples': 5762, 'actual_attack': 5600, 'actual_normal': 162, 'predicted_attack': 5489, 'predicted_normal': 273, 'true_positives': 5475, 'true_negatives': 148, 'false_positives': 14, 'false_negatives': 125, 'precision': 0.9974494443432319, 'recall': 0.9776785714285714, 'f1_score': 0.9874650554603661}}
[DEBUG _get_metrics] res_item[1].keys(): ['accuracy', 'loss', 'total_samples', 'actual_attack', 'actual_normal', 'predicted_attack', 'predicted_normal', 'true_positives', 'true_negatives', 'false_positives', 'false_negatives', 'precision', 'recall', 'f1_score']
[DEBUG _get_metrics] Extracted from ConfigRecord._data
[DEBUG _get_metrics] res_item[1] type: ConfigRecord
[DEBUG _get_metrics] res_item[1] has metrics attr: False
[DEBUG _get_metrics] res_item[1].__dict__: {'_check_key_fn': <function _check_key at 0x71ebc91c8900>, '_check_value_fn': <function _check_value at 0x71ebbe9bc9a0>, '_data': {'accuracy': 0.9752223491668701, 'loss': 0.018950635567307472, 'total_samples': 4722, 'actual_attack': 162, 'actual_normal': 4560, 'predicted_attack': 282, 'predicted_normal': 4440, 'true_positives': 161, 'true_negatives': 4439, 'false_positives': 121, 'false_negatives': 1, 'precision': 0.5709219858156028, 'recall': 0.9938271604938271, 'f1_score': 0.7252252252252253}}[92mINFO [0m:      
[92mINFO [0m:      [ROUND 19]
[92mINFO [0m:      configure_fit: strategy sampled 4 clients (out of 4)
[92mINFO [0m:      aggregate_fit: received 4 results and 0 failures
[92mINFO [0m:      configure_evaluate: strategy sampled 4 clients (out of 4)
[92mINFO [0m:      aggregate_evaluate: received 4 results and 0 failures
[92mINFO [0m:      
[92mINFO [0m:      [ROUND 20]
[92mINFO [0m:      configure_fit: strategy sampled 4 clients (out of 4)
[92mINFO [0m:      aggregate_fit: received 4 results and 0 failures
[92mINFO [0m:      configure_evaluate: strategy sampled 4 clients (out of 4)

[DEBUG _get_metrics] res_item[1].keys(): ['accuracy', 'loss', 'total_samples', 'actual_attack', 'actual_normal', 'predicted_attack', 'predicted_normal', 'true_positives', 'true_negatives', 'false_positives', 'false_negatives', 'precision', 'recall', 'f1_score']
[DEBUG _get_metrics] Extracted from ConfigRecord._data
[DEBUG _get_metrics] res_item[1] type: ConfigRecord
[DEBUG _get_metrics] res_item[1] has metrics attr: False
[DEBUG _get_metrics] res_item[1].__dict__: {'_check_key_fn': <function _check_key at 0x71ebc91c8900>, '_check_value_fn': <function _check_value at 0x71ebbe9bc9a0>, '_data': {'accuracy': 0.9713640809059143, 'loss': 0.01474788598716259, 'total_samples': 5762, 'actual_attack': 5600, 'actual_normal': 162, 'predicted_attack': 5489, 'predicted_normal': 273, 'true_positives': 5475, 'true_negatives': 148, 'false_positives': 14, 'false_negatives': 125, 'precision': 0.9974494443432319, 'recall': 0.9776785714285714, 'f1_score': 0.9874650554603661}}
[DEBUG _get_metrics] res_item[1].keys(): ['accuracy', 'loss', 'total_samples', 'actual_attack', 'actual_normal', 'predicted_attack', 'predicted_normal', 'true_positives', 'true_negatives', 'false_positives', 'false_negatives', 'precision', 'recall', 'f1_score']
[DEBUG _get_metrics] Extracted from ConfigRecord._data
[DEBUG] Extracted 4 metrics from results

[Evaluation Summary]
============================================================
Round: 18 / 60
Accuracy (mean):  0.9734  (97.34%)
Loss:             0.0155
[Per-Device Accuracy]
  - Device 0:  0.9757  (97.57%)
  - Device 1:  0.9714  (97.14%)
  - Device 2:  0.9752  (97.52%)
  - Device 3:  0.9714  (97.14%)

[Ground Truth]
  - Attack samples: 10452
  - Normal samples: 4
  - Total samples:  10456

[Predictions]
  - Predicted Attack:  10233
  - Predicted Normal:  223

[Confusion Matrix]
  - True Positives (TP):  10233
  - True Negatives (TN):  4
  - False Positives (FP): 0
  - False Negatives (FN): 219

[Metrics]
  - Precision:  0.8915  (89.15%)
  - Recall:     0.9821  (98.21%)
  - F1-Score:   0.9224  (92.24%)
============================================================

[36m(ClientAppActor pid=262633)[0m [Client 0] ✅ Real QAT applied: 6 QuantizeWrapper layers
[36m(ClientAppActor pid=262633)[0m [Client 0] QAT enabled - model quantization-aware
[36m(ClientAppActor pid=262632)[0m [Client 2] Class weights (smoothed): {0: 1.158529178995592, 1: 0.8414708210044078}[32m [repeated 8x across cluster][0m
[36m(ClientAppActor pid=262633)[0m [Client 0] ✅ Real QAT applied: 6 QuantizeWrapper layers
[36m(ClientAppActor pid=262633)[0m [Client 0] QAT enabled - model quantization-aware
[DEBUG] evaluate_metrics_aggregation_fn called with 4 results
[DEBUG] results type: <class 'list'>
[DEBUG] First result type: <class 'tuple'>
[DEBUG] First result length: 2
[DEBUG] results[0][0] type: <class 'int'>
[DEBUG] results[0][1] type: <class 'flwr.app.message.configrecord.ConfigRecord'>
[DEBUG _get_metrics] res_item[1] type: ConfigRecord
[DEBUG _get_metrics] res_item[1] has metrics attr: False
[DEBUG _get_metrics] res_item[1].__dict__: {'_check_key_fn': <function _check_key at 0x71ebc91c8900>, '_check_value_fn': <function _check_value at 0x71ebbe9bc9a0>, '_data': {'accuracy': 0.9752223491668701, 'loss': 0.01714235730469227, 'total_samples': 4722, 'actual_attack': 162, 'actual_normal': 4560, 'predicted_attack': 280, 'predicted_normal': 4442, 'true_positives': 160, 'true_negatives': 4440, 'false_positives': 120, 'false_negatives': 2, 'precision': 0.5714285714285714, 'recall': 0.9876543209876543, 'f1_score': 0.7239819004524887}}
[DEBUG _get_metrics] res_item[1].keys(): ['accuracy', 'loss', 'total_samples', 'actual_attack', 'actual_normal', 'predicted_attack', 'predicted_normal', 'true_positives', 'true_negatives', 'false_positives', 'false_negatives', 'precision', 'recall', 'f1_score']
[DEBUG _get_metrics] Extracted from ConfigRecord._data
[DEBUG _get_metrics] res_item[1] type: ConfigRecord
[DEBUG _get_metrics] res_item[1] has metrics attr: False
[DEBUG _get_metrics] res_item[1].__dict__: {'_check_key_fn': <function _check_key at 0x71ebc91c8900>, '_check_value_fn': <function _check_value at 0x71ebbe9bc9a0>, '_data': {'accuracy': 0.9713640809059143, 'loss': 0.015341430902481079, 'total_samples': 5762, 'actual_attack': 5600, 'actual_normal': 162, 'predicted_attack': 5470, 'predicted_normal': 292, 'true_positives': 5456, 'true_negatives': 148, 'false_positives': 14, 'false_negatives': 144, 'precision': 0.9974405850091408, 'recall': 0.9742857142857143, 'f1_score': 0.9857271906052394}}
[DEBUG _get_metrics] res_item[1].keys(): ['accuracy', 'loss', 'total_samples', 'actual_attack', 'actual_normal', 'predicted_attack', 'predicted_normal', 'true_positives', 'true_negatives', 'false_positives', 'false_negatives', 'precision', 'recall', 'f1_score']
[DEBUG _get_metrics] Extracted from ConfigRecord._data
[DEBUG _get_metrics] res_item[1] type: ConfigRecord
[DEBUG _get_metrics] res_item[1] has metrics attr: False
[DEBUG _get_metrics] res_item[1].__dict__: {'_check_key_fn': <function _check_key at 0x71ebc91c8900>, '_check_value_fn': <function _check_value at 0x71ebbe9bc9a0>, '_data': {'accuracy': 0.9757077097892761, 'loss': 0.014039797708392143, 'total_samples': 10456, 'actual_attack': 10452, 'actual_normal': 4, 'predicted_attack': 10204, 'predicted_normal': 252, 'true_positives': 10204, 'true_negatives': 4, 'false_positives': 0, 'false_negatives': 248, 'precision': 1.0, 'recall': 0.9762724837351703, 'f1_score': 0.987993803253292}}
[DEBUG _get_metrics] res_item[1].keys(): ['accuracy', 'loss', 'total_samples', 'actual_attack', 'actual_normal', 'predicted_attack', 'predicted_normal', 'true_positives', 'true_negatives', 'false_positives', 'false_negatives', 'precision', 'recall', 'f1_score']
[DEBUG _get_metrics] Extracted from ConfigRecord._data
[DEBUG _get_metrics] res_item[1] type: ConfigRecord
[DEBUG _get_metrics] res_item[1] has metrics attr: False
[DEBUG _get_metrics] res_item[1].__dict__: {'_check_key_fn': <function _check_key at 0x71ebc91c8900>, '_check_value_fn': <function _check_value at 0x71ebbe9bc9a0>, '_data': {'accuracy': 0.9713640809059143, 'loss': 0.015341430902481079, 'total_samples': 5762, 'actual_attack': 5600, 'actual_normal': 162, 'predicted_attack': 5470, 'predicted_normal': 292, 'true_positives': 5456, 'true_negatives': 148, 'false_positives': 14, 'false_negatives': 144, 'precision': 0.9974405850091408, 'recall': 0.9742857142857143, 'f1_score': 0.9857271906052394}}
[DEBUG _get_metrics] res_item[1].keys(): ['accuracy', 'loss', 'total_samples', 'actual_attack', 'actual_normal', 'predicted_attack', 'predicted_normal', 'true_positives', 'true_negatives', 'false_positives', 'false_negatives', 'precision', 'recall', 'f1_score']
[DEBUG _get_metrics] Extracted from ConfigRecord._data
[DEBUG] Extracted 4 metrics from results

[Evaluation Summary]
============================================================
Round: 19 / 60
Accuracy (mean):  0.9734  (97.34%)
Loss:             0.0155
[Per-Device Accuracy]
  - Device 0:  0.9752  (97.52%)
  - Device 1:  0.9714  (97.14%)
  - Device 2:  0.9757  (97.57%)
  - Device 3:  0.9714  (97.14%)

[Ground Truth]
  - Attack samples: 162
  - Normal samples: 4560
  - Total samples:  4722

[Predictions]
  - Predicted Attack:  280
  - Predicted Normal:  4442

[Confusion Matrix]
  - True Positives (TP):  160
  - True Negatives (TN):  4440
  - False Positives (FP): 120
  - False Negatives (FN): 2

[Metrics]
  - Precision:  0.8916  (89.16%)
  - Recall:     0.9781  (97.81%)
  - F1-Score:   0.9209  (92.09%)
============================================================

[36m(ClientAppActor pid=262633)[0m [Client 0] ✅ Real QAT applied: 6 QuantizeWrapper layers
[36m(ClientAppActor pid=262633)[0m [Client 0] QAT enabled - model quantization-aware
[Round 20] Client contributions:
  Client samples: 8,594 (weight: 0.0662)
  Client samples: 49,871 (weight: 0.3839)
  Client samples: 62,856 (weight: 0.4838)
  Client samples: 8,594 (weight: 0.0662)
[36m(ClientAppActor pid=262632)[0m [Client 2] Class weights (smoothed): {0: 1.158529178995592, 1: 0.8414708210044078}[32m [repeated 8x across cluster][0m
[36m(ClientAppActor pid=262633)[0m [Client 0] ✅ Real QAT applied: 6 QuantizeWrapper layers[92mINFO [0m:      aggregate_evaluate: received 4 results and 0 failures
[92mINFO [0m:      
[92mINFO [0m:      [ROUND 21]
[92mINFO [0m:      configure_fit: strategy sampled 4 clients (out of 4)
[92mINFO [0m:      aggregate_fit: received 4 results and 0 failures
[92mINFO [0m:      configure_evaluate: strategy sampled 4 clients (out of 4)
[92mINFO [0m:      aggregate_evaluate: received 4 results and 0 failures

[36m(ClientAppActor pid=262633)[0m [Client 0] QAT enabled - model quantization-aware
[DEBUG] evaluate_metrics_aggregation_fn called with 4 results
[DEBUG] results type: <class 'list'>
[DEBUG] First result type: <class 'tuple'>
[DEBUG] First result length: 2
[DEBUG] results[0][0] type: <class 'int'>
[DEBUG] results[0][1] type: <class 'flwr.app.message.configrecord.ConfigRecord'>
[DEBUG _get_metrics] res_item[1] type: ConfigRecord
[DEBUG _get_metrics] res_item[1] has metrics attr: False
[DEBUG _get_metrics] res_item[1].__dict__: {'_check_key_fn': <function _check_key at 0x71ebc91c8900>, '_check_value_fn': <function _check_value at 0x71ebbe9bc9a0>, '_data': {'accuracy': 0.9752223491668701, 'loss': 0.01682162657380104, 'total_samples': 4722, 'actual_attack': 162, 'actual_normal': 4560, 'predicted_attack': 280, 'predicted_normal': 4442, 'true_positives': 160, 'true_negatives': 4440, 'false_positives': 120, 'false_negatives': 2, 'precision': 0.5714285714285714, 'recall': 0.9876543209876543, 'f1_score': 0.7239819004524887}}
[DEBUG _get_metrics] res_item[1].keys(): ['accuracy', 'loss', 'total_samples', 'actual_attack', 'actual_normal', 'predicted_attack', 'predicted_normal', 'true_positives', 'true_negatives', 'false_positives', 'false_negatives', 'precision', 'recall', 'f1_score']
[DEBUG _get_metrics] Extracted from ConfigRecord._data
[DEBUG _get_metrics] res_item[1] type: ConfigRecord
[DEBUG _get_metrics] res_item[1] has metrics attr: False
[DEBUG _get_metrics] res_item[1].__dict__: {'_check_key_fn': <function _check_key at 0x71ebc91c8900>, '_check_value_fn': <function _check_value at 0x71ebbe9bc9a0>, '_data': {'accuracy': 0.9717112183570862, 'loss': 0.015087115578353405, 'total_samples': 5762, 'actual_attack': 5600, 'actual_normal': 162, 'predicted_attack': 5472, 'predicted_normal': 290, 'true_positives': 5458, 'true_negatives': 148, 'false_positives': 14, 'false_negatives': 142, 'precision': 0.9974415204678363, 'recall': 0.9746428571428571, 'f1_score': 0.9859104046242774}}
[DEBUG _get_metrics] res_item[1].keys(): ['accuracy', 'loss', 'total_samples', 'actual_attack', 'actual_normal', 'predicted_attack', 'predicted_normal', 'true_positives', 'true_negatives', 'false_positives', 'false_negatives', 'precision', 'recall', 'f1_score']
[DEBUG _get_metrics] Extracted from ConfigRecord._data
[DEBUG _get_metrics] res_item[1] type: ConfigRecord
[DEBUG _get_metrics] res_item[1] has metrics attr: False
[DEBUG _get_metrics] res_item[1].__dict__: {'_check_key_fn': <function _check_key at 0x71ebc91c8900>, '_check_value_fn': <function _check_value at 0x71ebbe9bc9a0>, '_data': {'accuracy': 0.9717112183570862, 'loss': 0.015087115578353405, 'total_samples': 5762, 'actual_attack': 5600, 'actual_normal': 162, 'predicted_attack': 5472, 'predicted_normal': 290, 'true_positives': 5458, 'true_negatives': 148, 'false_positives': 14, 'false_negatives': 142, 'precision': 0.9974415204678363, 'recall': 0.9746428571428571, 'f1_score': 0.9859104046242774}}
[DEBUG _get_metrics] res_item[1].keys(): ['accuracy', 'loss', 'total_samples', 'actual_attack', 'actual_normal', 'predicted_attack', 'predicted_normal', 'true_positives', 'true_negatives', 'false_positives', 'false_negatives', 'precision', 'recall', 'f1_score']
[DEBUG _get_metrics] Extracted from ConfigRecord._data
[DEBUG _get_metrics] res_item[1] type: ConfigRecord
[DEBUG _get_metrics] res_item[1] has metrics attr: False
[DEBUG _get_metrics] res_item[1].__dict__: {'_check_key_fn': <function _check_key at 0x71ebc91c8900>, '_check_value_fn': <function _check_value at 0x71ebbe9bc9a0>, '_data': {'accuracy': 0.9757077097892761, 'loss': 0.013871449045836926, 'total_samples': 10456, 'actual_attack': 10452, 'actual_normal': 4, 'predicted_attack': 10204, 'predicted_normal': 252, 'true_positives': 10204, 'true_negatives': 4, 'false_positives': 0, 'false_negatives': 248, 'precision': 1.0, 'recall': 0.9762724837351703, 'f1_score': 0.987993803253292}}
[DEBUG _get_metrics] res_item[1].keys(): ['accuracy', 'loss', 'total_samples', 'actual_attack', 'actual_normal', 'predicted_attack', 'predicted_normal', 'true_positives', 'true_negatives', 'false_positives', 'false_negatives', 'precision', 'recall', 'f1_score']
[DEBUG _get_metrics] Extracted from ConfigRecord._data
[DEBUG] Extracted 4 metrics from results

[Evaluation Summary]
============================================================
Round: 20 / 60
Accuracy (mean):  0.9736  (97.36%)
Loss:             0.0152
[Per-Device Accuracy]
  - Device 0:  0.9752  (97.52%)
  - Device 1:  0.9717  (97.17%)
  - Device 2:  0.9717  (97.17%)
  - Device 3:  0.9757  (97.57%)

[Ground Truth]
  - Attack samples: 162
  - Normal samples: 4560
  - Total samples:  4722

[Predictions]
  - Predicted Attack:  280
  - Predicted Normal:  4442

[Confusion Matrix]
  - True Positives (TP):  160
  - True Negatives (TN):  4440
  - False Positives (FP): 120
  - False Negatives (FN): 2

[Metrics]
  - Precision:  0.8916  (89.16%)
  - Recall:     0.9783  (97.83%)
  - F1-Score:   0.9209  (92.09%)
============================================================

[36m(ClientAppActor pid=262633)[0m [Client 0] ✅ Real QAT applied: 6 QuantizeWrapper layers
[36m(ClientAppActor pid=262633)[0m [Client 0] QAT enabled - model quantization-aware
[36m(ClientAppActor pid=262633)[0m [Client 0] ✅ Real QAT applied: 6 QuantizeWrapper layers
[36m(ClientAppActor pid=262633)[0m [Client 0] QAT enabled - model quantization-aware
[DEBUG] evaluate_metrics_aggregation_fn called with 4 results
[DEBUG] results type: <class 'list'>
[DEBUG] First result type: <class 'tuple'>
[DEBUG] First result length: 2
[DEBUG] results[0][0] type: <class 'int'>
[DEBUG] results[0][1] type: <class 'flwr.app.message.configrecord.ConfigRecord'>
[DEBUG _get_metrics] res_item[1] type: ConfigRecord
[DEBUG _get_metrics] res_item[1] has metrics attr: False
[DEBUG _get_metrics] res_item[1].__dict__: {'_check_key_fn': <function _check_key at 0x71ebc91c8900>, '_check_value_fn': <function _check_value at 0x71ebbe9bc9a0>, '_data': {'accuracy': 0.9725789427757263, 'loss': 0.014476954005658627, 'total_samples': 5762, 'actual_attack': 5600, 'actual_normal': 162, 'predicted_attack': 5495, 'predicted_normal': 267, 'true_positives': 5481, 'true_negatives': 148, 'false_positives': 14, 'false_negatives': 119, 'precision': 0.9974522292993631, 'recall': 0.97875, 'f1_score': 0.98801261829653}}
[DEBUG _get_metrics] res_item[1].keys(): ['accuracy', 'loss', 'total_samples', 'actual_attack', 'actual_normal', 'predicted_attack', 'predicted_normal', 'true_positives', 'true_negatives', 'false_positives', 'false_negatives', 'precision', 'recall', 'f1_score']
[DEBUG _get_metrics] Extracted from ConfigRecord._data
[DEBUG _get_metrics] res_item[1] type: ConfigRecord
[DEBUG _get_metrics] res_item[1] has metrics attr: False
[DEBUG _get_metrics] res_item[1].__dict__: {'_check_key_fn': <function _check_key at 0x71ebc91c8900>, '_check_value_fn': <function _check_value at 0x71ebbe9bc9a0>, '_data': {'accuracy': 0.9760903120040894, 'loss': 0.01340231392532587, 'total_samples': 10456, 'actual_attack': 10452, 'actual_normal': 4, 'predicted_attack': 10239, 'predicted_normal': 217, 'true_positives': 10239, 'true_negatives': 4, 'false_positives': 0, 'false_negatives': 213, 'precision': 1.0, 'recall': 0.9796211251435132, 'f1_score': 0.9897056691315065}}
[DEBUG _get_metrics] res_item[1].keys(): ['accuracy', 'loss', 'total_samples', 'actual_attack', 'actual_normal', 'predicted_attack', 'predicted_normal', 'true_positives', 'true_negatives', 'false_positives', 'false_negatives', 'precision', 'recall', 'f1_score']
[DEBUG _get_metrics] Extracted from ConfigRecord._data
[DEBUG _get_metrics] res_item[1] type: ConfigRecord
[DEBUG _get_metrics] res_item[1] has metrics attr: False
[DEBUG _get_metrics] res_item[1].__dict__: {'_check_key_fn': <function _check_key at 0x71ebc91c8900>, '_check_value_fn': <function _check_value at 0x71ebbe9bc9a0>, '_data': {'accuracy': 0.9754341244697571, 'loss': 0.016721485182642937, 'total_samples': 4722, 'actual_attack': 162, 'actual_normal': 4560, 'predicted_attack': 282, 'predicted_normal': 4440, 'true_positives': 161, 'true_negatives': 4439, 'false_positives': 121, 'false_negatives': 1, 'precision': 0.5709219858156028, 'recall': 0.9938271604938271, 'f1_score': 0.7252252252252253}}[92mINFO [0m:      
[92mINFO [0m:      [ROUND 22]
[92mINFO [0m:      configure_fit: strategy sampled 4 clients (out of 4)
[92mINFO [0m:      aggregate_fit: received 4 results and 0 failures
[92mINFO [0m:      configure_evaluate: strategy sampled 4 clients (out of 4)
[92mINFO [0m:      aggregate_evaluate: received 4 results and 0 failures
[92mINFO [0m:      
[92mINFO [0m:      [ROUND 23]
[92mINFO [0m:      configure_fit: strategy sampled 4 clients (out of 4)
[92mINFO [0m:      aggregate_fit: received 4 results and 0 failures
[92mINFO [0m:      configure_evaluate: strategy sampled 4 clients (out of 4)

[DEBUG _get_metrics] res_item[1].keys(): ['accuracy', 'loss', 'total_samples', 'actual_attack', 'actual_normal', 'predicted_attack', 'predicted_normal', 'true_positives', 'true_negatives', 'false_positives', 'false_negatives', 'precision', 'recall', 'f1_score']
[DEBUG _get_metrics] Extracted from ConfigRecord._data
[DEBUG _get_metrics] res_item[1] type: ConfigRecord
[DEBUG _get_metrics] res_item[1] has metrics attr: False
[DEBUG _get_metrics] res_item[1].__dict__: {'_check_key_fn': <function _check_key at 0x71ebc91c8900>, '_check_value_fn': <function _check_value at 0x71ebbe9bc9a0>, '_data': {'accuracy': 0.9725789427757263, 'loss': 0.014476954005658627, 'total_samples': 5762, 'actual_attack': 5600, 'actual_normal': 162, 'predicted_attack': 5495, 'predicted_normal': 267, 'true_positives': 5481, 'true_negatives': 148, 'false_positives': 14, 'false_negatives': 119, 'precision': 0.9974522292993631, 'recall': 0.97875, 'f1_score': 0.98801261829653}}
[DEBUG _get_metrics] res_item[1].keys(): ['accuracy', 'loss', 'total_samples', 'actual_attack', 'actual_normal', 'predicted_attack', 'predicted_normal', 'true_positives', 'true_negatives', 'false_positives', 'false_negatives', 'precision', 'recall', 'f1_score']
[DEBUG _get_metrics] Extracted from ConfigRecord._data
[DEBUG] Extracted 4 metrics from results

[Evaluation Summary]
============================================================
Round: 21 / 60
Accuracy (mean):  0.9742  (97.42%)
Loss:             0.0148
[Per-Device Accuracy]
  - Device 0:  0.9726  (97.26%)
  - Device 1:  0.9761  (97.61%)
  - Device 2:  0.9754  (97.54%)
  - Device 3:  0.9726  (97.26%)

[Ground Truth]
  - Attack samples: 5600
  - Normal samples: 162
  - Total samples:  5762

[Predictions]
  - Predicted Attack:  5495
  - Predicted Normal:  267

[Confusion Matrix]
  - True Positives (TP):  5481
  - True Negatives (TN):  148
  - False Positives (FP): 14
  - False Negatives (FN): 119

[Metrics]
  - Precision:  0.8915  (89.15%)
  - Recall:     0.9827  (98.27%)
  - F1-Score:   0.9227  (92.27%)
============================================================

[36m(ClientAppActor pid=262632)[0m [Client 2] Class weights (smoothed): {0: 1.158529178995592, 1: 0.8414708210044078}[32m [repeated 12x across cluster][0m
[36m(ClientAppActor pid=262633)[0m [Client 0] ✅ Real QAT applied: 6 QuantizeWrapper layers
[36m(ClientAppActor pid=262633)[0m [Client 0] QAT enabled - model quantization-aware
[36m(ClientAppActor pid=262639)[0m [Client 1] Class weights (smoothed): {0: 1.563131837938747, 1: 0.4368681620612528}[32m [repeated 4x across cluster][0m
[36m(ClientAppActor pid=262633)[0m [Client 0] ✅ Real QAT applied: 6 QuantizeWrapper layers
[36m(ClientAppActor pid=262633)[0m [Client 0] QAT enabled - model quantization-aware
[DEBUG] evaluate_metrics_aggregation_fn called with 4 results
[DEBUG] results type: <class 'list'>
[DEBUG] First result type: <class 'tuple'>
[DEBUG] First result length: 2
[DEBUG] results[0][0] type: <class 'int'>
[DEBUG] results[0][1] type: <class 'flwr.app.message.configrecord.ConfigRecord'>
[DEBUG _get_metrics] res_item[1] type: ConfigRecord
[DEBUG _get_metrics] res_item[1] has metrics attr: False
[DEBUG _get_metrics] res_item[1].__dict__: {'_check_key_fn': <function _check_key at 0x71ebc91c8900>, '_check_value_fn': <function _check_value at 0x71ebbe9bc9a0>, '_data': {'accuracy': 0.9754341244697571, 'loss': 0.016601335257291794, 'total_samples': 4722, 'actual_attack': 162, 'actual_normal': 4560, 'predicted_attack': 282, 'predicted_normal': 4440, 'true_positives': 161, 'true_negatives': 4439, 'false_positives': 121, 'false_negatives': 1, 'precision': 0.5709219858156028, 'recall': 0.9938271604938271, 'f1_score': 0.7252252252252253}}
[DEBUG _get_metrics] res_item[1].keys(): ['accuracy', 'loss', 'total_samples', 'actual_attack', 'actual_normal', 'predicted_attack', 'predicted_normal', 'true_positives', 'true_negatives', 'false_positives', 'false_negatives', 'precision', 'recall', 'f1_score']
[DEBUG _get_metrics] Extracted from ConfigRecord._data
[DEBUG _get_metrics] res_item[1] type: ConfigRecord
[DEBUG _get_metrics] res_item[1] has metrics attr: False
[DEBUG _get_metrics] res_item[1].__dict__: {'_check_key_fn': <function _check_key at 0x71ebc91c8900>, '_check_value_fn': <function _check_value at 0x71ebbe9bc9a0>, '_data': {'accuracy': 0.9762815833091736, 'loss': 0.01333436369895935, 'total_samples': 10456, 'actual_attack': 10452, 'actual_normal': 4, 'predicted_attack': 10239, 'predicted_normal': 217, 'true_positives': 10239, 'true_negatives': 4, 'false_positives': 0, 'false_negatives': 213, 'precision': 1.0, 'recall': 0.9796211251435132, 'f1_score': 0.9897056691315065}}
[DEBUG _get_metrics] res_item[1].keys(): ['accuracy', 'loss', 'total_samples', 'actual_attack', 'actual_normal', 'predicted_attack', 'predicted_normal', 'true_positives', 'true_negatives', 'false_positives', 'false_negatives', 'precision', 'recall', 'f1_score']
[DEBUG _get_metrics] Extracted from ConfigRecord._data
[DEBUG _get_metrics] res_item[1] type: ConfigRecord
[DEBUG _get_metrics] res_item[1] has metrics attr: False
[DEBUG _get_metrics] res_item[1].__dict__: {'_check_key_fn': <function _check_key at 0x71ebc91c8900>, '_check_value_fn': <function _check_value at 0x71ebbe9bc9a0>, '_data': {'accuracy': 0.9727525115013123, 'loss': 0.014310115948319435, 'total_samples': 5762, 'actual_attack': 5600, 'actual_normal': 162, 'predicted_attack': 5495, 'predicted_normal': 267, 'true_positives': 5481, 'true_negatives': 148, 'false_positives': 14, 'false_negatives': 119, 'precision': 0.9974522292993631, 'recall': 0.97875, 'f1_score': 0.98801261829653}}
[DEBUG _get_metrics] res_item[1].keys(): ['accuracy', 'loss', 'total_samples', 'actual_attack', 'actual_normal', 'predicted_attack', 'predicted_normal', 'true_positives', 'true_negatives', 'false_positives', 'false_negatives', 'precision', 'recall', 'f1_score']
[DEBUG _get_metrics] Extracted from ConfigRecord._data
[DEBUG _get_metrics] res_item[1] type: ConfigRecord
[DEBUG _get_metrics] res_item[1] has metrics attr: False
[DEBUG _get_metrics] res_item[1].__dict__: {'_check_key_fn': <function _check_key at 0x71ebc91c8900>, '_check_value_fn': <function _check_value at 0x71ebbe9bc9a0>, '_data': {'accuracy': 0.9727525115013123, 'loss': 0.014310115948319435, 'total_samples': 5762, 'actual_attack': 5600, 'actual_normal': 162, 'predicted_attack': 5495, 'predicted_normal': 267, 'true_positives': 5481, 'true_negatives': 148, 'false_positives': 14, 'false_negatives': 119, 'precision': 0.9974522292993631, 'recall': 0.97875, 'f1_score': 0.98801261829653}}
[DEBUG _get_metrics] res_item[1].keys(): ['accuracy', 'loss', 'total_samples', 'actual_attack', 'actual_normal', 'predicted_attack', 'predicted_normal', 'true_positives', 'true_negatives', 'false_positives', 'false_negatives', 'precision', 'recall', 'f1_score']
[DEBUG _get_metrics] Extracted from ConfigRecord._data
[DEBUG] Extracted 4 metrics from results

[Evaluation Summary]
============================================================
Round: 22 / 60
Accuracy (mean):  0.9743  (97.43%)
Loss:             0.0146
[Per-Device Accuracy]
  - Device 0:  0.9754  (97.54%)
  - Device 1:  0.9763  (97.63%)
  - Device 2:  0.9728  (97.28%)
  - Device 3:  0.9728  (97.28%)

[Ground Truth]
  - Attack samples: 162
  - Normal samples: 4560
  - Total samples:  4722

[Predictions]
  - Predicted Attack:  282
  - Predicted Normal:  4440

[Confusion Matrix]
  - True Positives (TP):  161
  - True Negatives (TN):  4439
  - False Positives (FP): 121
  - False Negatives (FN): 1

[Metrics]
  - Precision:  0.8915  (89.15%)
  - Recall:     0.9827  (98.27%)
  - F1-Score:   0.9227  (92.27%)
============================================================

[36m(ClientAppActor pid=262633)[0m [Client 0] ✅ Real QAT applied: 6 QuantizeWrapper layers
[36m(ClientAppActor pid=262633)[0m [Client 0] QAT enabled - model quantization-aware
[36m(ClientAppActor pid=262633)[0m [Client 0] ✅ Real QAT applied: 6 QuantizeWrapper layers
[36m(ClientAppActor pid=262633)[0m [Client 0] QAT enabled - model quantization-aware
[36m(ClientAppActor pid=262639)[0m [Client 1] Class weights (smoothed): {0: 1.563131837938747, 1: 0.4368681620612528}[32m [repeated 7x across cluster][0m[92mINFO [0m:      aggregate_evaluate: received 4 results and 0 failures
[92mINFO [0m:      
[92mINFO [0m:      [ROUND 24]
[92mINFO [0m:      configure_fit: strategy sampled 4 clients (out of 4)
[92mINFO [0m:      aggregate_fit: received 4 results and 0 failures
[92mINFO [0m:      configure_evaluate: strategy sampled 4 clients (out of 4)
[92mINFO [0m:      aggregate_evaluate: received 4 results and 0 failures

[DEBUG] evaluate_metrics_aggregation_fn called with 4 results
[DEBUG] results type: <class 'list'>
[DEBUG] First result type: <class 'tuple'>
[DEBUG] First result length: 2
[DEBUG] results[0][0] type: <class 'int'>
[DEBUG] results[0][1] type: <class 'flwr.app.message.configrecord.ConfigRecord'>
[DEBUG _get_metrics] res_item[1] type: ConfigRecord
[DEBUG _get_metrics] res_item[1] has metrics attr: False
[DEBUG _get_metrics] res_item[1].__dict__: {'_check_key_fn': <function _check_key at 0x71ebc91c8900>, '_check_value_fn': <function _check_value at 0x71ebbe9bc9a0>, '_data': {'accuracy': 0.9762815833091736, 'loss': 0.013250433839857578, 'total_samples': 10456, 'actual_attack': 10452, 'actual_normal': 4, 'predicted_attack': 10210, 'predicted_normal': 246, 'true_positives': 10210, 'true_negatives': 4, 'false_positives': 0, 'false_negatives': 242, 'precision': 1.0, 'recall': 0.9768465365480291, 'f1_score': 0.9882876778627432}}
[DEBUG _get_metrics] res_item[1].keys(): ['accuracy', 'loss', 'total_samples', 'actual_attack', 'actual_normal', 'predicted_attack', 'predicted_normal', 'true_positives', 'true_negatives', 'false_positives', 'false_negatives', 'precision', 'recall', 'f1_score']
[DEBUG _get_metrics] Extracted from ConfigRecord._data
[DEBUG _get_metrics] res_item[1] type: ConfigRecord
[DEBUG _get_metrics] res_item[1] has metrics attr: False
[DEBUG _get_metrics] res_item[1].__dict__: {'_check_key_fn': <function _check_key at 0x71ebc91c8900>, '_check_value_fn': <function _check_value at 0x71ebbe9bc9a0>, '_data': {'accuracy': 0.9725789427757263, 'loss': 0.01408421341329813, 'total_samples': 5762, 'actual_attack': 5600, 'actual_normal': 162, 'predicted_attack': 5476, 'predicted_normal': 286, 'true_positives': 5462, 'true_negatives': 148, 'false_positives': 14, 'false_negatives': 138, 'precision': 0.9974433893352812, 'recall': 0.9753571428571428, 'f1_score': 0.986276634163958}}
[DEBUG _get_metrics] res_item[1].keys(): ['accuracy', 'loss', 'total_samples', 'actual_attack', 'actual_normal', 'predicted_attack', 'predicted_normal', 'true_positives', 'true_negatives', 'false_positives', 'false_negatives', 'precision', 'recall', 'f1_score']
[DEBUG _get_metrics] Extracted from ConfigRecord._data
[DEBUG _get_metrics] res_item[1] type: ConfigRecord
[DEBUG _get_metrics] res_item[1] has metrics attr: False
[DEBUG _get_metrics] res_item[1].__dict__: {'_check_key_fn': <function _check_key at 0x71ebc91c8900>, '_check_value_fn': <function _check_value at 0x71ebbe9bc9a0>, '_data': {'accuracy': 0.9754341244697571, 'loss': 0.017748165875673294, 'total_samples': 4722, 'actual_attack': 162, 'actual_normal': 4560, 'predicted_attack': 279, 'predicted_normal': 4443, 'true_positives': 160, 'true_negatives': 4441, 'false_positives': 119, 'false_negatives': 2, 'precision': 0.5734767025089605, 'recall': 0.9876543209876543, 'f1_score': 0.7256235827664399}}
[DEBUG _get_metrics] res_item[1].keys(): ['accuracy', 'loss', 'total_samples', 'actual_attack', 'actual_normal', 'predicted_attack', 'predicted_normal', 'true_positives', 'true_negatives', 'false_positives', 'false_negatives', 'precision', 'recall', 'f1_score']
[DEBUG _get_metrics] Extracted from ConfigRecord._data
[DEBUG _get_metrics] res_item[1] type: ConfigRecord
[DEBUG _get_metrics] res_item[1] has metrics attr: False
[DEBUG _get_metrics] res_item[1].__dict__: {'_check_key_fn': <function _check_key at 0x71ebc91c8900>, '_check_value_fn': <function _check_value at 0x71ebbe9bc9a0>, '_data': {'accuracy': 0.9725789427757263, 'loss': 0.01408421341329813, 'total_samples': 5762, 'actual_attack': 5600, 'actual_normal': 162, 'predicted_attack': 5476, 'predicted_normal': 286, 'true_positives': 5462, 'true_negatives': 148, 'false_positives': 14, 'false_negatives': 138, 'precision': 0.9974433893352812, 'recall': 0.9753571428571428, 'f1_score': 0.986276634163958}}
[DEBUG _get_metrics] res_item[1].keys(): ['accuracy', 'loss', 'total_samples', 'actual_attack', 'actual_normal', 'predicted_attack', 'predicted_normal', 'true_positives', 'true_negatives', 'false_positives', 'false_negatives', 'precision', 'recall', 'f1_score']
[DEBUG _get_metrics] Extracted from ConfigRecord._data
[DEBUG] Extracted 4 metrics from results

[Evaluation Summary]
============================================================
Round: 23 / 60
Accuracy (mean):  0.9742  (97.42%)
Loss:             0.0148
[Per-Device Accuracy]
  - Device 0:  0.9763  (97.63%)
  - Device 1:  0.9726  (97.26%)
  - Device 2:  0.9754  (97.54%)
  - Device 3:  0.9726  (97.26%)

[Ground Truth]
  - Attack samples: 10452
  - Normal samples: 4
  - Total samples:  10456

[Predictions]
  - Predicted Attack:  10210
  - Predicted Normal:  246

[Confusion Matrix]
  - True Positives (TP):  10210
  - True Negatives (TN):  4
  - False Positives (FP): 0
  - False Negatives (FN): 242

[Metrics]
  - Precision:  0.8921  (89.21%)
  - Recall:     0.9788  (97.88%)
  - F1-Score:   0.9216  (92.16%)
============================================================

[36m(ClientAppActor pid=262633)[0m [Client 0] ✅ Real QAT applied: 6 QuantizeWrapper layers
[36m(ClientAppActor pid=262633)[0m [Client 0] QAT enabled - model quantization-aware
[36m(ClientAppActor pid=262633)[0m [Client 0] ✅ Real QAT applied: 6 QuantizeWrapper layers
[36m(ClientAppActor pid=262633)[0m [Client 0] QAT enabled - model quantization-aware
[36m(ClientAppActor pid=262633)[0m [Client 0] Class weights (smoothed): {0: 0.12320637159540744, 1: 1.8767936284045925}[32m [repeated 9x across cluster][0m
[DEBUG] evaluate_metrics_aggregation_fn called with 4 results
[DEBUG] results type: <class 'list'>
[DEBUG] First result type: <class 'tuple'>
[DEBUG] First result length: 2
[DEBUG] results[0][0] type: <class 'int'>
[DEBUG] results[0][1] type: <class 'flwr.app.message.configrecord.ConfigRecord'>
[DEBUG _get_metrics] res_item[1] type: ConfigRecord
[DEBUG _get_metrics] res_item[1] has metrics attr: False
[DEBUG _get_metrics] res_item[1].__dict__: {'_check_key_fn': <function _check_key at 0x71ebc91c8900>, '_check_value_fn': <function _check_value at 0x71ebbe9bc9a0>, '_data': {'accuracy': 0.9763771891593933, 'loss': 0.012719245627522469, 'total_samples': 10456, 'actual_attack': 10452, 'actual_normal': 4, 'predicted_attack': 10251, 'predicted_normal': 205, 'true_positives': 10251, 'true_negatives': 4, 'false_positives': 0, 'false_negatives': 201, 'precision': 1.0, 'recall': 0.9807692307692307, 'f1_score': 0.9902912621359222}}
[DEBUG _get_metrics] res_item[1].keys(): ['accuracy', 'loss', 'total_samples', 'actual_attack', 'actual_normal', 'predicted_attack', 'predicted_normal', 'true_positives', 'true_negatives', 'false_positives', 'false_negatives', 'precision', 'recall', 'f1_score']
[DEBUG _get_metrics] Extracted from ConfigRecord._data
[DEBUG _get_metrics] res_item[1] type: ConfigRecord
[DEBUG _get_metrics] res_item[1] has metrics attr: False
[DEBUG _get_metrics] res_item[1].__dict__: {'_check_key_fn': <function _check_key at 0x71ebc91c8900>, '_check_value_fn': <function _check_value at 0x71ebbe9bc9a0>, '_data': {'accuracy': 0.9725789427757263, 'loss': 0.013488835655152798, 'total_samples': 5762, 'actual_attack': 5600, 'actual_normal': 162, 'predicted_attack': 5505, 'predicted_normal': 257, 'true_positives': 5491, 'true_negatives': 148, 'false_positives': 14, 'false_negatives': 109, 'precision': 0.9974568574023615, 'recall': 0.9805357142857143, 'f1_score': 0.9889239081494823}}
[DEBUG _get_metrics] res_item[1].keys(): ['accuracy', 'loss', 'total_samples', 'actual_attack', 'actual_normal', 'predicted_attack', 'predicted_normal', 'true_positives', 'true_negatives', 'false_positives', 'false_negatives', 'precision', 'recall', 'f1_score']
[DEBUG _get_metrics] Extracted from ConfigRecord._data
[DEBUG _get_metrics] res_item[1] type: ConfigRecord
[DEBUG _get_metrics] res_item[1] has metrics attr: False
[DEBUG _get_metrics] res_item[1].__dict__: {'_check_key_fn': <function _check_key at 0x71ebc91c8900>, '_check_value_fn': <function _check_value at 0x71ebbe9bc9a0>, '_data': {'accuracy': 0.9754341244697571, 'loss': 0.017857063561677933, 'total_samples': 4722, 'actual_attack': 162, 'actual_normal': 4560, 'predicted_attack': 282, 'predicted_normal': 4440, 'true_positives': 161, 'true_negatives': 4439, 'false_positives': 121, 'false_negatives': 1, 'precision': 0.5709219858156028, 'recall': 0.9938271604938271, 'f1_score': 0.7252252252252253}}[92mINFO [0m:      
[92mINFO [0m:      [ROUND 25]
[92mINFO [0m:      configure_fit: strategy sampled 4 clients (out of 4)
[92mINFO [0m:      aggregate_fit: received 4 results and 0 failures
[92mINFO [0m:      configure_evaluate: strategy sampled 4 clients (out of 4)
[92mINFO [0m:      aggregate_evaluate: received 4 results and 0 failures
[92mINFO [0m:      
[92mINFO [0m:      [ROUND 26]
[92mINFO [0m:      configure_fit: strategy sampled 4 clients (out of 4)
[92mINFO [0m:      aggregate_fit: received 4 results and 0 failures
[92mINFO [0m:      configure_evaluate: strategy sampled 4 clients (out of 4)

[DEBUG _get_metrics] res_item[1].keys(): ['accuracy', 'loss', 'total_samples', 'actual_attack', 'actual_normal', 'predicted_attack', 'predicted_normal', 'true_positives', 'true_negatives', 'false_positives', 'false_negatives', 'precision', 'recall', 'f1_score']
[DEBUG _get_metrics] Extracted from ConfigRecord._data
[DEBUG _get_metrics] res_item[1] type: ConfigRecord
[DEBUG _get_metrics] res_item[1] has metrics attr: False
[DEBUG _get_metrics] res_item[1].__dict__: {'_check_key_fn': <function _check_key at 0x71ebc91c8900>, '_check_value_fn': <function _check_value at 0x71ebbe9bc9a0>, '_data': {'accuracy': 0.9725789427757263, 'loss': 0.013488835655152798, 'total_samples': 5762, 'actual_attack': 5600, 'actual_normal': 162, 'predicted_attack': 5505, 'predicted_normal': 257, 'true_positives': 5491, 'true_negatives': 148, 'false_positives': 14, 'false_negatives': 109, 'precision': 0.9974568574023615, 'recall': 0.9805357142857143, 'f1_score': 0.9889239081494823}}
[DEBUG _get_metrics] res_item[1].keys(): ['accuracy', 'loss', 'total_samples', 'actual_attack', 'actual_normal', 'predicted_attack', 'predicted_normal', 'true_positives', 'true_negatives', 'false_positives', 'false_negatives', 'precision', 'recall', 'f1_score']
[DEBUG _get_metrics] Extracted from ConfigRecord._data
[DEBUG] Extracted 4 metrics from results

[Evaluation Summary]
============================================================
Round: 24 / 60
Accuracy (mean):  0.9742  (97.42%)
Loss:             0.0144
[Per-Device Accuracy]
  - Device 0:  0.9764  (97.64%)
  - Device 1:  0.9726  (97.26%)
  - Device 2:  0.9754  (97.54%)
  - Device 3:  0.9726  (97.26%)

[Ground Truth]
  - Attack samples: 10452
  - Normal samples: 4
  - Total samples:  10456

[Predictions]
  - Predicted Attack:  10251
  - Predicted Normal:  205

[Confusion Matrix]
  - True Positives (TP):  10251
  - True Negatives (TN):  4
  - False Positives (FP): 0
  - False Negatives (FN): 201

[Metrics]
  - Precision:  0.8915  (89.15%)
  - Recall:     0.9839  (98.39%)
  - F1-Score:   0.9233  (92.33%)
============================================================

[36m(ClientAppActor pid=262633)[0m [Client 0] ✅ Real QAT applied: 6 QuantizeWrapper layers
[36m(ClientAppActor pid=262633)[0m [Client 0] QAT enabled - model quantization-aware
[Round 25] Client contributions:
  Client samples: 8,594 (weight: 0.0662)
  Client samples: 62,856 (weight: 0.4838)
  Client samples: 8,594 (weight: 0.0662)
  Client samples: 49,871 (weight: 0.3839)
[36m(ClientAppActor pid=262633)[0m [Client 0] ✅ Real QAT applied: 6 QuantizeWrapper layers
[36m(ClientAppActor pid=262633)[0m [Client 0] QAT enabled - model quantization-aware
[36m(ClientAppActor pid=262633)[0m [Client 0] Class weights (smoothed): {0: 0.12320637159540744, 1: 1.8767936284045925}[32m [repeated 8x across cluster][0m
[DEBUG] evaluate_metrics_aggregation_fn called with 4 results
[DEBUG] results type: <class 'list'>
[DEBUG] First result type: <class 'tuple'>
[DEBUG] First result length: 2
[DEBUG] results[0][0] type: <class 'int'>
[DEBUG] results[0][1] type: <class 'flwr.app.message.configrecord.ConfigRecord'>
[DEBUG _get_metrics] res_item[1] type: ConfigRecord
[DEBUG _get_metrics] res_item[1] has metrics attr: False
[DEBUG _get_metrics] res_item[1].__dict__: {'_check_key_fn': <function _check_key at 0x71ebc91c8900>, '_check_value_fn': <function _check_value at 0x71ebbe9bc9a0>, '_data': {'accuracy': 0.9727525115013123, 'loss': 0.013149267993867397, 'total_samples': 5762, 'actual_attack': 5600, 'actual_normal': 162, 'predicted_attack': 5505, 'predicted_normal': 257, 'true_positives': 5491, 'true_negatives': 148, 'false_positives': 14, 'false_negatives': 109, 'precision': 0.9974568574023615, 'recall': 0.9805357142857143, 'f1_score': 0.9889239081494823}}
[DEBUG _get_metrics] res_item[1].keys(): ['accuracy', 'loss', 'total_samples', 'actual_attack', 'actual_normal', 'predicted_attack', 'predicted_normal', 'true_positives', 'true_negatives', 'false_positives', 'false_negatives', 'precision', 'recall', 'f1_score']
[DEBUG _get_metrics] Extracted from ConfigRecord._data
[DEBUG _get_metrics] res_item[1] type: ConfigRecord
[DEBUG _get_metrics] res_item[1] has metrics attr: False
[DEBUG _get_metrics] res_item[1].__dict__: {'_check_key_fn': <function _check_key at 0x71ebc91c8900>, '_check_value_fn': <function _check_value at 0x71ebbe9bc9a0>, '_data': {'accuracy': 0.9754341244697571, 'loss': 0.018097463995218277, 'total_samples': 4722, 'actual_attack': 162, 'actual_normal': 4560, 'predicted_attack': 282, 'predicted_normal': 4440, 'true_positives': 161, 'true_negatives': 4439, 'false_positives': 121, 'false_negatives': 1, 'precision': 0.5709219858156028, 'recall': 0.9938271604938271, 'f1_score': 0.7252252252252253}}
[DEBUG _get_metrics] res_item[1].keys(): ['accuracy', 'loss', 'total_samples', 'actual_attack', 'actual_normal', 'predicted_attack', 'predicted_normal', 'true_positives', 'true_negatives', 'false_positives', 'false_negatives', 'precision', 'recall', 'f1_score']
[DEBUG _get_metrics] Extracted from ConfigRecord._data
[DEBUG _get_metrics] res_item[1] type: ConfigRecord
[DEBUG _get_metrics] res_item[1] has metrics attr: False
[DEBUG _get_metrics] res_item[1].__dict__: {'_check_key_fn': <function _check_key at 0x71ebc91c8900>, '_check_value_fn': <function _check_value at 0x71ebbe9bc9a0>, '_data': {'accuracy': 0.9762815833091736, 'loss': 0.012406417168676853, 'total_samples': 10456, 'actual_attack': 10452, 'actual_normal': 4, 'predicted_attack': 10251, 'predicted_normal': 205, 'true_positives': 10251, 'true_negatives': 4, 'false_positives': 0, 'false_negatives': 201, 'precision': 1.0, 'recall': 0.9807692307692307, 'f1_score': 0.9902912621359222}}
[DEBUG _get_metrics] res_item[1].keys(): ['accuracy', 'loss', 'total_samples', 'actual_attack', 'actual_normal', 'predicted_attack', 'predicted_normal', 'true_positives', 'true_negatives', 'false_positives', 'false_negatives', 'precision', 'recall', 'f1_score']
[DEBUG _get_metrics] Extracted from ConfigRecord._data
[DEBUG _get_metrics] res_item[1] type: ConfigRecord
[DEBUG _get_metrics] res_item[1] has metrics attr: False
[DEBUG _get_metrics] res_item[1].__dict__: {'_check_key_fn': <function _check_key at 0x71ebc91c8900>, '_check_value_fn': <function _check_value at 0x71ebbe9bc9a0>, '_data': {'accuracy': 0.9727525115013123, 'loss': 0.013149267993867397, 'total_samples': 5762, 'actual_attack': 5600, 'actual_normal': 162, 'predicted_attack': 5505, 'predicted_normal': 257, 'true_positives': 5491, 'true_negatives': 148, 'false_positives': 14, 'false_negatives': 109, 'precision': 0.9974568574023615, 'recall': 0.9805357142857143, 'f1_score': 0.9889239081494823}}
[DEBUG _get_metrics] res_item[1].keys(): ['accuracy', 'loss', 'total_samples', 'actual_attack', 'actual_normal', 'predicted_attack', 'predicted_normal', 'true_positives', 'true_negatives', 'false_positives', 'false_negatives', 'precision', 'recall', 'f1_score']
[DEBUG _get_metrics] Extracted from ConfigRecord._data
[DEBUG] Extracted 4 metrics from results

[Evaluation Summary]
============================================================
Round: 25 / 60
Accuracy (mean):  0.9743  (97.43%)
Loss:             0.0142
[Per-Device Accuracy]
  - Device 0:  0.9728  (97.28%)
  - Device 1:  0.9754  (97.54%)
  - Device 2:  0.9763  (97.63%)
  - Device 3:  0.9728  (97.28%)

[Ground Truth]
  - Attack samples: 5600
  - Normal samples: 162
  - Total samples:  5762

[Predictions]
  - Predicted Attack:  5505
  - Predicted Normal:  257

[Confusion Matrix]
  - True Positives (TP):  5491
  - True Negatives (TN):  148
  - False Positives (FP): 14
  - False Negatives (FN): 109

[Metrics]
  - Precision:  0.8915  (89.15%)
  - Recall:     0.9839  (98.39%)
  - F1-Score:   0.9233  (92.33%)
============================================================

[36m(ClientAppActor pid=262633)[0m [Client 0] ✅ Real QAT applied: 6 QuantizeWrapper layers
[36m(ClientAppActor pid=262633)[0m [Client 0] QAT enabled - model quantization-aware
[36m(ClientAppActor pid=262632)[0m [Client 2] Class weights (smoothed): {0: 1.158529178995592, 1: 0.8414708210044078}[32m [repeated 8x across cluster][0m
[36m(ClientAppActor pid=262633)[0m [Client 0] ✅ Real QAT applied: 6 QuantizeWrapper layers[92mINFO [0m:      aggregate_evaluate: received 4 results and 0 failures
[92mINFO [0m:      
[92mINFO [0m:      [ROUND 27]
[92mINFO [0m:      configure_fit: strategy sampled 4 clients (out of 4)
[92mINFO [0m:      aggregate_fit: received 4 results and 0 failures
[92mINFO [0m:      configure_evaluate: strategy sampled 4 clients (out of 4)
[92mINFO [0m:      aggregate_evaluate: received 4 results and 0 failures

[36m(ClientAppActor pid=262633)[0m [Client 0] QAT enabled - model quantization-aware
[DEBUG] evaluate_metrics_aggregation_fn called with 4 results
[DEBUG] results type: <class 'list'>
[DEBUG] First result type: <class 'tuple'>
[DEBUG] First result length: 2
[DEBUG] results[0][0] type: <class 'int'>
[DEBUG] results[0][1] type: <class 'flwr.app.message.configrecord.ConfigRecord'>
[DEBUG _get_metrics] res_item[1] type: ConfigRecord
[DEBUG _get_metrics] res_item[1] has metrics attr: False
[DEBUG _get_metrics] res_item[1].__dict__: {'_check_key_fn': <function _check_key at 0x71ebc91c8900>, '_check_value_fn': <function _check_value at 0x71ebbe9bc9a0>, '_data': {'accuracy': 0.9754341244697571, 'loss': 0.01915659010410309, 'total_samples': 4722, 'actual_attack': 162, 'actual_normal': 4560, 'predicted_attack': 282, 'predicted_normal': 4440, 'true_positives': 161, 'true_negatives': 4439, 'false_positives': 121, 'false_negatives': 1, 'precision': 0.5709219858156028, 'recall': 0.9938271604938271, 'f1_score': 0.7252252252252253}}
[DEBUG _get_metrics] res_item[1].keys(): ['accuracy', 'loss', 'total_samples', 'actual_attack', 'actual_normal', 'predicted_attack', 'predicted_normal', 'true_positives', 'true_negatives', 'false_positives', 'false_negatives', 'precision', 'recall', 'f1_score']
[DEBUG _get_metrics] Extracted from ConfigRecord._data
[DEBUG _get_metrics] res_item[1] type: ConfigRecord
[DEBUG _get_metrics] res_item[1] has metrics attr: False
[DEBUG _get_metrics] res_item[1].__dict__: {'_check_key_fn': <function _check_key at 0x71ebc91c8900>, '_check_value_fn': <function _check_value at 0x71ebbe9bc9a0>, '_data': {'accuracy': 0.9727525115013123, 'loss': 0.013209372758865356, 'total_samples': 5762, 'actual_attack': 5600, 'actual_normal': 162, 'predicted_attack': 5505, 'predicted_normal': 257, 'true_positives': 5491, 'true_negatives': 148, 'false_positives': 14, 'false_negatives': 109, 'precision': 0.9974568574023615, 'recall': 0.9805357142857143, 'f1_score': 0.9889239081494823}}
[DEBUG _get_metrics] res_item[1].keys(): ['accuracy', 'loss', 'total_samples', 'actual_attack', 'actual_normal', 'predicted_attack', 'predicted_normal', 'true_positives', 'true_negatives', 'false_positives', 'false_negatives', 'precision', 'recall', 'f1_score']
[DEBUG _get_metrics] Extracted from ConfigRecord._data
[DEBUG _get_metrics] res_item[1] type: ConfigRecord
[DEBUG _get_metrics] res_item[1] has metrics attr: False
[DEBUG _get_metrics] res_item[1].__dict__: {'_check_key_fn': <function _check_key at 0x71ebc91c8900>, '_check_value_fn': <function _check_value at 0x71ebbe9bc9a0>, '_data': {'accuracy': 0.9762815833091736, 'loss': 0.012455014511942863, 'total_samples': 10456, 'actual_attack': 10452, 'actual_normal': 4, 'predicted_attack': 10251, 'predicted_normal': 205, 'true_positives': 10251, 'true_negatives': 4, 'false_positives': 0, 'false_negatives': 201, 'precision': 1.0, 'recall': 0.9807692307692307, 'f1_score': 0.9902912621359222}}
[DEBUG _get_metrics] res_item[1].keys(): ['accuracy', 'loss', 'total_samples', 'actual_attack', 'actual_normal', 'predicted_attack', 'predicted_normal', 'true_positives', 'true_negatives', 'false_positives', 'false_negatives', 'precision', 'recall', 'f1_score']
[DEBUG _get_metrics] Extracted from ConfigRecord._data
[DEBUG _get_metrics] res_item[1] type: ConfigRecord
[DEBUG _get_metrics] res_item[1] has metrics attr: False
[DEBUG _get_metrics] res_item[1].__dict__: {'_check_key_fn': <function _check_key at 0x71ebc91c8900>, '_check_value_fn': <function _check_value at 0x71ebbe9bc9a0>, '_data': {'accuracy': 0.9727525115013123, 'loss': 0.013209372758865356, 'total_samples': 5762, 'actual_attack': 5600, 'actual_normal': 162, 'predicted_attack': 5505, 'predicted_normal': 257, 'true_positives': 5491, 'true_negatives': 148, 'false_positives': 14, 'false_negatives': 109, 'precision': 0.9974568574023615, 'recall': 0.9805357142857143, 'f1_score': 0.9889239081494823}}
[DEBUG _get_metrics] res_item[1].keys(): ['accuracy', 'loss', 'total_samples', 'actual_attack', 'actual_normal', 'predicted_attack', 'predicted_normal', 'true_positives', 'true_negatives', 'false_positives', 'false_negatives', 'precision', 'recall', 'f1_score']
[DEBUG _get_metrics] Extracted from ConfigRecord._data
[DEBUG] Extracted 4 metrics from results

[Evaluation Summary]
============================================================
Round: 26 / 60
Accuracy (mean):  0.9743  (97.43%)
Loss:             0.0145
[Per-Device Accuracy]
  - Device 0:  0.9754  (97.54%)
  - Device 1:  0.9728  (97.28%)
  - Device 2:  0.9763  (97.63%)
  - Device 3:  0.9728  (97.28%)

[Ground Truth]
  - Attack samples: 162
  - Normal samples: 4560
  - Total samples:  4722

[Predictions]
  - Predicted Attack:  282
  - Predicted Normal:  4440

[Confusion Matrix]
  - True Positives (TP):  161
  - True Negatives (TN):  4439
  - False Positives (FP): 121
  - False Negatives (FN): 1

[Metrics]
  - Precision:  0.8915  (89.15%)
  - Recall:     0.9839  (98.39%)
  - F1-Score:   0.9233  (92.33%)
============================================================

[36m(ClientAppActor pid=262633)[0m [Client 0] ✅ Real QAT applied: 6 QuantizeWrapper layers
[36m(ClientAppActor pid=262633)[0m [Client 0] QAT enabled - model quantization-aware
[36m(ClientAppActor pid=262632)[0m [Client 2] Class weights (smoothed): {0: 1.158529178995592, 1: 0.8414708210044078}[32m [repeated 8x across cluster][0m
[36m(ClientAppActor pid=262633)[0m [Client 0] ✅ Real QAT applied: 6 QuantizeWrapper layers
[36m(ClientAppActor pid=262633)[0m [Client 0] QAT enabled - model quantization-aware
[DEBUG] evaluate_metrics_aggregation_fn called with 4 results
[DEBUG] results type: <class 'list'>
[DEBUG] First result type: <class 'tuple'>
[DEBUG] First result length: 2
[DEBUG] results[0][0] type: <class 'int'>
[DEBUG] results[0][1] type: <class 'flwr.app.message.configrecord.ConfigRecord'>
[DEBUG _get_metrics] res_item[1] type: ConfigRecord
[DEBUG _get_metrics] res_item[1] has metrics attr: False
[DEBUG _get_metrics] res_item[1].__dict__: {'_check_key_fn': <function _check_key at 0x71ebc91c8900>, '_check_value_fn': <function _check_value at 0x71ebbe9bc9a0>, '_data': {'accuracy': 0.9760499596595764, 'loss': 0.013208648189902306, 'total_samples': 5762, 'actual_attack': 5600, 'actual_normal': 162, 'predicted_attack': 5501, 'predicted_normal': 261, 'true_positives': 5488, 'true_negatives': 149, 'false_positives': 13, 'false_negatives': 112, 'precision': 0.9976367933103072, 'recall': 0.98, 'f1_score': 0.9887397531753895}}
[DEBUG _get_metrics] res_item[1].keys(): ['accuracy', 'loss', 'total_samples', 'actual_attack', 'actual_normal', 'predicted_attack', 'predicted_normal', 'true_positives', 'true_negatives', 'false_positives', 'false_negatives', 'precision', 'recall', 'f1_score']
[DEBUG _get_metrics] Extracted from ConfigRecord._data
[DEBUG _get_metrics] res_item[1] type: ConfigRecord
[DEBUG _get_metrics] res_item[1] has metrics attr: False
[DEBUG _get_metrics] res_item[1].__dict__: {'_check_key_fn': <function _check_key at 0x71ebc91c8900>, '_check_value_fn': <function _check_value at 0x71ebbe9bc9a0>, '_data': {'accuracy': 0.9790551066398621, 'loss': 0.012529789470136166, 'total_samples': 10456, 'actual_attack': 10452, 'actual_normal': 4, 'predicted_attack': 10248, 'predicted_normal': 208, 'true_positives': 10248, 'true_negatives': 4, 'false_positives': 0, 'false_negatives': 204, 'precision': 1.0, 'recall': 0.9804822043628014, 'f1_score': 0.990144927536232}}
[DEBUG _get_metrics] res_item[1].keys(): ['accuracy', 'loss', 'total_samples', 'actual_attack', 'actual_normal', 'predicted_attack', 'predicted_normal', 'true_positives', 'true_negatives', 'false_positives', 'false_negatives', 'precision', 'recall', 'f1_score']
[DEBUG _get_metrics] Extracted from ConfigRecord._data
[DEBUG _get_metrics] res_item[1] type: ConfigRecord
[DEBUG _get_metrics] res_item[1] has metrics attr: False
[DEBUG _get_metrics] res_item[1].__dict__: {'_check_key_fn': <function _check_key at 0x71ebc91c8900>, '_check_value_fn': <function _check_value at 0x71ebbe9bc9a0>, '_data': {'accuracy': 0.9754341244697571, 'loss': 0.018934398889541626, 'total_samples': 4722, 'actual_attack': 162, 'actual_normal': 4560, 'predicted_attack': 280, 'predicted_normal': 4442, 'true_positives': 161, 'true_negatives': 4441, 'false_positives': 119, 'false_negatives': 1, 'precision': 0.575, 'recall': 0.9938271604938271, 'f1_score': 0.7285067873303167}}[92mINFO [0m:      
[92mINFO [0m:      [ROUND 28]
[92mINFO [0m:      configure_fit: strategy sampled 4 clients (out of 4)
[92mINFO [0m:      aggregate_fit: received 4 results and 0 failures
[92mINFO [0m:      configure_evaluate: strategy sampled 4 clients (out of 4)
[92mINFO [0m:      aggregate_evaluate: received 4 results and 0 failures
[92mINFO [0m:      
[92mINFO [0m:      [ROUND 29]
[92mINFO [0m:      configure_fit: strategy sampled 4 clients (out of 4)
[92mINFO [0m:      aggregate_fit: received 4 results and 0 failures
[92mINFO [0m:      configure_evaluate: strategy sampled 4 clients (out of 4)
[92mINFO [0m:      aggregate_evaluate: received 4 results and 0 failures

[DEBUG _get_metrics] res_item[1].keys(): ['accuracy', 'loss', 'total_samples', 'actual_attack', 'actual_normal', 'predicted_attack', 'predicted_normal', 'true_positives', 'true_negatives', 'false_positives', 'false_negatives', 'precision', 'recall', 'f1_score']
[DEBUG _get_metrics] Extracted from ConfigRecord._data
[DEBUG _get_metrics] res_item[1] type: ConfigRecord
[DEBUG _get_metrics] res_item[1] has metrics attr: False
[DEBUG _get_metrics] res_item[1].__dict__: {'_check_key_fn': <function _check_key at 0x71ebc91c8900>, '_check_value_fn': <function _check_value at 0x71ebbe9bc9a0>, '_data': {'accuracy': 0.9760499596595764, 'loss': 0.013208648189902306, 'total_samples': 5762, 'actual_attack': 5600, 'actual_normal': 162, 'predicted_attack': 5501, 'predicted_normal': 261, 'true_positives': 5488, 'true_negatives': 149, 'false_positives': 13, 'false_negatives': 112, 'precision': 0.9976367933103072, 'recall': 0.98, 'f1_score': 0.9887397531753895}}
[DEBUG _get_metrics] res_item[1].keys(): ['accuracy', 'loss', 'total_samples', 'actual_attack', 'actual_normal', 'predicted_attack', 'predicted_normal', 'true_positives', 'true_negatives', 'false_positives', 'false_negatives', 'precision', 'recall', 'f1_score']
[DEBUG _get_metrics] Extracted from ConfigRecord._data
[DEBUG] Extracted 4 metrics from results

[Evaluation Summary]
============================================================
Round: 27 / 60
Accuracy (mean):  0.9766  (97.66%)
Loss:             0.0145
[Per-Device Accuracy]
  - Device 0:  0.9760  (97.60%)
  - Device 1:  0.9791  (97.91%)
  - Device 2:  0.9754  (97.54%)
  - Device 3:  0.9760  (97.60%)

[Ground Truth]
  - Attack samples: 5600
  - Normal samples: 162
  - Total samples:  5762

[Predictions]
  - Predicted Attack:  5501
  - Predicted Normal:  261

[Confusion Matrix]
  - True Positives (TP):  5488
  - True Negatives (TN):  149
  - False Positives (FP): 13
  - False Negatives (FN): 112

[Metrics]
  - Precision:  0.8926  (89.26%)
  - Recall:     0.9836  (98.36%)
  - F1-Score:   0.9240  (92.40%)
============================================================

[36m(ClientAppActor pid=262633)[0m [Client 0] ✅ Real QAT applied: 6 QuantizeWrapper layers
[36m(ClientAppActor pid=262633)[0m [Client 0] QAT enabled - model quantization-aware
[36m(ClientAppActor pid=262632)[0m [Client 2] Class weights (smoothed): {0: 1.158529178995592, 1: 0.8414708210044078}[32m [repeated 8x across cluster][0m
[36m(ClientAppActor pid=262633)[0m [Client 0] ✅ Real QAT applied: 6 QuantizeWrapper layers
[36m(ClientAppActor pid=262633)[0m [Client 0] QAT enabled - model quantization-aware
[DEBUG] evaluate_metrics_aggregation_fn called with 4 results
[DEBUG] results type: <class 'list'>
[DEBUG] First result type: <class 'tuple'>
[DEBUG] First result length: 2
[DEBUG] results[0][0] type: <class 'int'>
[DEBUG] results[0][1] type: <class 'flwr.app.message.configrecord.ConfigRecord'>
[DEBUG _get_metrics] res_item[1] type: ConfigRecord
[DEBUG _get_metrics] res_item[1] has metrics attr: False
[DEBUG _get_metrics] res_item[1].__dict__: {'_check_key_fn': <function _check_key at 0x71ebc91c8900>, '_check_value_fn': <function _check_value at 0x71ebbe9bc9a0>, '_data': {'accuracy': 0.9724054336547852, 'loss': 0.01355773489922285, 'total_samples': 5762, 'actual_attack': 5600, 'actual_normal': 162, 'predicted_attack': 5501, 'predicted_normal': 261, 'true_positives': 5488, 'true_negatives': 149, 'false_positives': 13, 'false_negatives': 112, 'precision': 0.9976367933103072, 'recall': 0.98, 'f1_score': 0.9887397531753895}}
[DEBUG _get_metrics] res_item[1].keys(): ['accuracy', 'loss', 'total_samples', 'actual_attack', 'actual_normal', 'predicted_attack', 'predicted_normal', 'true_positives', 'true_negatives', 'false_positives', 'false_negatives', 'precision', 'recall', 'f1_score']
[DEBUG _get_metrics] Extracted from ConfigRecord._data
[DEBUG _get_metrics] res_item[1] type: ConfigRecord
[DEBUG _get_metrics] res_item[1] has metrics attr: False
[DEBUG _get_metrics] res_item[1].__dict__: {'_check_key_fn': <function _check_key at 0x71ebc91c8900>, '_check_value_fn': <function _check_value at 0x71ebbe9bc9a0>, '_data': {'accuracy': 0.9724054336547852, 'loss': 0.01355773489922285, 'total_samples': 5762, 'actual_attack': 5600, 'actual_normal': 162, 'predicted_attack': 5501, 'predicted_normal': 261, 'true_positives': 5488, 'true_negatives': 149, 'false_positives': 13, 'false_negatives': 112, 'precision': 0.9976367933103072, 'recall': 0.98, 'f1_score': 0.9887397531753895}}
[DEBUG _get_metrics] res_item[1].keys(): ['accuracy', 'loss', 'total_samples', 'actual_attack', 'actual_normal', 'predicted_attack', 'predicted_normal', 'true_positives', 'true_negatives', 'false_positives', 'false_negatives', 'precision', 'recall', 'f1_score']
[DEBUG _get_metrics] Extracted from ConfigRecord._data
[DEBUG _get_metrics] res_item[1] type: ConfigRecord
[DEBUG _get_metrics] res_item[1] has metrics attr: False
[DEBUG _get_metrics] res_item[1].__dict__: {'_check_key_fn': <function _check_key at 0x71ebc91c8900>, '_check_value_fn': <function _check_value at 0x71ebbe9bc9a0>, '_data': {'accuracy': 0.9761859178543091, 'loss': 0.012838255614042282, 'total_samples': 10456, 'actual_attack': 10452, 'actual_normal': 4, 'predicted_attack': 10248, 'predicted_normal': 208, 'true_positives': 10248, 'true_negatives': 4, 'false_positives': 0, 'false_negatives': 204, 'precision': 1.0, 'recall': 0.9804822043628014, 'f1_score': 0.990144927536232}}
[DEBUG _get_metrics] res_item[1].keys(): ['accuracy', 'loss', 'total_samples', 'actual_attack', 'actual_normal', 'predicted_attack', 'predicted_normal', 'true_positives', 'true_negatives', 'false_positives', 'false_negatives', 'precision', 'recall', 'f1_score']
[DEBUG _get_metrics] Extracted from ConfigRecord._data
[DEBUG _get_metrics] res_item[1] type: ConfigRecord
[DEBUG _get_metrics] res_item[1] has metrics attr: False
[DEBUG _get_metrics] res_item[1].__dict__: {'_check_key_fn': <function _check_key at 0x71ebc91c8900>, '_check_value_fn': <function _check_value at 0x71ebbe9bc9a0>, '_data': {'accuracy': 0.9754341244697571, 'loss': 0.01882977969944477, 'total_samples': 4722, 'actual_attack': 162, 'actual_normal': 4560, 'predicted_attack': 280, 'predicted_normal': 4442, 'true_positives': 161, 'true_negatives': 4441, 'false_positives': 119, 'false_negatives': 1, 'precision': 0.575, 'recall': 0.9938271604938271, 'f1_score': 0.7285067873303167}}
[DEBUG _get_metrics] res_item[1].keys(): ['accuracy', 'loss', 'total_samples', 'actual_attack', 'actual_normal', 'predicted_attack', 'predicted_normal', 'true_positives', 'true_negatives', 'false_positives', 'false_negatives', 'precision', 'recall', 'f1_score']
[DEBUG _get_metrics] Extracted from ConfigRecord._data
[DEBUG] Extracted 4 metrics from results

[Evaluation Summary]
============================================================
Round: 28 / 60
Accuracy (mean):  0.9741  (97.41%)
Loss:             0.0147
[Per-Device Accuracy]
  - Device 0:  0.9724  (97.24%)
  - Device 1:  0.9724  (97.24%)
  - Device 2:  0.9762  (97.62%)
  - Device 3:  0.9754  (97.54%)

[Ground Truth]
  - Attack samples: 5600
  - Normal samples: 162
  - Total samples:  5762

[Predictions]
  - Predicted Attack:  5501
  - Predicted Normal:  261

[Confusion Matrix]
  - True Positives (TP):  5488
  - True Negatives (TN):  149
  - False Positives (FP): 13
  - False Negatives (FN): 112

[Metrics]
  - Precision:  0.8926  (89.26%)
  - Recall:     0.9836  (98.36%)
  - F1-Score:   0.9240  (92.40%)
============================================================

[36m(ClientAppActor pid=262633)[0m [Client 0] ✅ Real QAT applied: 6 QuantizeWrapper layers
[36m(ClientAppActor pid=262633)[0m [Client 0] QAT enabled - model quantization-aware
[36m(ClientAppActor pid=262632)[0m [Client 2] Class weights (smoothed): {0: 1.158529178995592, 1: 0.8414708210044078}[32m [repeated 8x across cluster][0m
[36m(ClientAppActor pid=262633)[0m [Client 0] ✅ Real QAT applied: 6 QuantizeWrapper layers
[36m(ClientAppActor pid=262633)[0m [Client 0] QAT enabled - model quantization-aware
[DEBUG] evaluate_metrics_aggregation_fn called with 4 results
[DEBUG] results type: <class 'list'>
[DEBUG] First result type: <class 'tuple'>[92mINFO [0m:      
[92mINFO [0m:      [ROUND 30]
[92mINFO [0m:      configure_fit: strategy sampled 4 clients (out of 4)
[92mINFO [0m:      aggregate_fit: received 4 results and 0 failures
[92mINFO [0m:      configure_evaluate: strategy sampled 4 clients (out of 4)
[92mINFO [0m:      aggregate_evaluate: received 4 results and 0 failures

[DEBUG] First result length: 2
[DEBUG] results[0][0] type: <class 'int'>
[DEBUG] results[0][1] type: <class 'flwr.app.message.configrecord.ConfigRecord'>
[DEBUG _get_metrics] res_item[1] type: ConfigRecord
[DEBUG _get_metrics] res_item[1] has metrics attr: False
[DEBUG _get_metrics] res_item[1].__dict__: {'_check_key_fn': <function _check_key at 0x71ebc91c8900>, '_check_value_fn': <function _check_value at 0x71ebbe9bc9a0>, '_data': {'accuracy': 0.9754341244697571, 'loss': 0.017031844705343246, 'total_samples': 4722, 'actual_attack': 162, 'actual_normal': 4560, 'predicted_attack': 282, 'predicted_normal': 4440, 'true_positives': 161, 'true_negatives': 4439, 'false_positives': 121, 'false_negatives': 1, 'precision': 0.5709219858156028, 'recall': 0.9938271604938271, 'f1_score': 0.7252252252252253}}
[DEBUG _get_metrics] res_item[1].keys(): ['accuracy', 'loss', 'total_samples', 'actual_attack', 'actual_normal', 'predicted_attack', 'predicted_normal', 'true_positives', 'true_negatives', 'false_positives', 'false_negatives', 'precision', 'recall', 'f1_score']
[DEBUG _get_metrics] Extracted from ConfigRecord._data
[DEBUG _get_metrics] res_item[1] type: ConfigRecord
[DEBUG _get_metrics] res_item[1] has metrics attr: False
[DEBUG _get_metrics] res_item[1].__dict__: {'_check_key_fn': <function _check_key at 0x71ebc91c8900>, '_check_value_fn': <function _check_value at 0x71ebbe9bc9a0>, '_data': {'accuracy': 0.9789594411849976, 'loss': 0.012888830155134201, 'total_samples': 10456, 'actual_attack': 10452, 'actual_normal': 4, 'predicted_attack': 10251, 'predicted_normal': 205, 'true_positives': 10251, 'true_negatives': 4, 'false_positives': 0, 'false_negatives': 201, 'precision': 1.0, 'recall': 0.9807692307692307, 'f1_score': 0.9902912621359222}}
[DEBUG _get_metrics] res_item[1].keys(): ['accuracy', 'loss', 'total_samples', 'actual_attack', 'actual_normal', 'predicted_attack', 'predicted_normal', 'true_positives', 'true_negatives', 'false_positives', 'false_negatives', 'precision', 'recall', 'f1_score']
[DEBUG _get_metrics] Extracted from ConfigRecord._data
[DEBUG _get_metrics] res_item[1] type: ConfigRecord
[DEBUG _get_metrics] res_item[1] has metrics attr: False
[DEBUG _get_metrics] res_item[1].__dict__: {'_check_key_fn': <function _check_key at 0x71ebc91c8900>, '_check_value_fn': <function _check_value at 0x71ebbe9bc9a0>, '_data': {'accuracy': 0.9757028818130493, 'loss': 0.01360718160867691, 'total_samples': 5762, 'actual_attack': 5600, 'actual_normal': 162, 'predicted_attack': 5505, 'predicted_normal': 257, 'true_positives': 5491, 'true_negatives': 148, 'false_positives': 14, 'false_negatives': 109, 'precision': 0.9974568574023615, 'recall': 0.9805357142857143, 'f1_score': 0.9889239081494823}}
[DEBUG _get_metrics] res_item[1].keys(): ['accuracy', 'loss', 'total_samples', 'actual_attack', 'actual_normal', 'predicted_attack', 'predicted_normal', 'true_positives', 'true_negatives', 'false_positives', 'false_negatives', 'precision', 'recall', 'f1_score']
[DEBUG _get_metrics] Extracted from ConfigRecord._data
[DEBUG _get_metrics] res_item[1] type: ConfigRecord
[DEBUG _get_metrics] res_item[1] has metrics attr: False
[DEBUG _get_metrics] res_item[1].__dict__: {'_check_key_fn': <function _check_key at 0x71ebc91c8900>, '_check_value_fn': <function _check_value at 0x71ebbe9bc9a0>, '_data': {'accuracy': 0.9757028818130493, 'loss': 0.01360718160867691, 'total_samples': 5762, 'actual_attack': 5600, 'actual_normal': 162, 'predicted_attack': 5505, 'predicted_normal': 257, 'true_positives': 5491, 'true_negatives': 148, 'false_positives': 14, 'false_negatives': 109, 'precision': 0.9974568574023615, 'recall': 0.9805357142857143, 'f1_score': 0.9889239081494823}}
[DEBUG _get_metrics] res_item[1].keys(): ['accuracy', 'loss', 'total_samples', 'actual_attack', 'actual_normal', 'predicted_attack', 'predicted_normal', 'true_positives', 'true_negatives', 'false_positives', 'false_negatives', 'precision', 'recall', 'f1_score']
[DEBUG _get_metrics] Extracted from ConfigRecord._data
[DEBUG] Extracted 4 metrics from results

[Evaluation Summary]
============================================================
Round: 29 / 60
Accuracy (mean):  0.9764  (97.64%)
Loss:             0.0143
[Per-Device Accuracy]
  - Device 0:  0.9754  (97.54%)
  - Device 1:  0.9790  (97.90%)
  - Device 2:  0.9757  (97.57%)
  - Device 3:  0.9757  (97.57%)

[Ground Truth]
  - Attack samples: 162
  - Normal samples: 4560
  - Total samples:  4722

[Predictions]
  - Predicted Attack:  282
  - Predicted Normal:  4440

[Confusion Matrix]
  - True Positives (TP):  161
  - True Negatives (TN):  4439
  - False Positives (FP): 121
  - False Negatives (FN): 1

[Metrics]
  - Precision:  0.8915  (89.15%)
  - Recall:     0.9839  (98.39%)
  - F1-Score:   0.9233  (92.33%)
============================================================

[36m(ClientAppActor pid=262633)[0m [Client 0] ✅ Real QAT applied: 6 QuantizeWrapper layers
[36m(ClientAppActor pid=262633)[0m [Client 0] QAT enabled - model quantization-aware
[Round 30] Client contributions:
  Client samples: 8,594 (weight: 0.0662)
  Client samples: 49,871 (weight: 0.3839)
  Client samples: 8,594 (weight: 0.0662)
  Client samples: 62,856 (weight: 0.4838)
[36m(ClientAppActor pid=262633)[0m [Client 0] ✅ Real QAT applied: 6 QuantizeWrapper layers
[36m(ClientAppActor pid=262633)[0m [Client 0] QAT enabled - model quantization-aware
[DEBUG] evaluate_metrics_aggregation_fn called with 4 results
[DEBUG] results type: <class 'list'>
[DEBUG] First result type: <class 'tuple'>
[DEBUG] First result length: 2
[DEBUG] results[0][0] type: <class 'int'>
[DEBUG] results[0][1] type: <class 'flwr.app.message.configrecord.ConfigRecord'>
[DEBUG _get_metrics] res_item[1] type: ConfigRecord
[DEBUG _get_metrics] res_item[1] has metrics attr: False
[DEBUG _get_metrics] res_item[1].__dict__: {'_check_key_fn': <function _check_key at 0x71ebc91c8900>, '_check_value_fn': <function _check_value at 0x71ebbe9bc9a0>, '_data': {'accuracy': 0.9757028818130493, 'loss': 0.013401182368397713, 'total_samples': 5762, 'actual_attack': 5600, 'actual_normal': 162, 'predicted_attack': 5529, 'predicted_normal': 233, 'true_positives': 5515, 'true_negatives': 148, 'false_positives': 14, 'false_negatives': 85, 'precision': 0.9974678965454874, 'recall': 0.9848214285714286, 'f1_score': 0.9911043220415131}}
[DEBUG _get_metrics] res_item[1].keys(): ['accuracy', 'loss', 'total_samples', 'actual_attack', 'actual_normal', 'predicted_attack', 'predicted_normal', 'true_positives', 'true_negatives', 'false_positives', 'false_negatives', 'precision', 'recall', 'f1_score']
[DEBUG _get_metrics] Extracted from ConfigRecord._data
[DEBUG _get_metrics] res_item[1] type: ConfigRecord
[DEBUG _get_metrics] res_item[1] has metrics attr: False
[DEBUG _get_metrics] res_item[1].__dict__: {'_check_key_fn': <function _check_key at 0x71ebc91c8900>, '_check_value_fn': <function _check_value at 0x71ebbe9bc9a0>, '_data': {'accuracy': 0.9789594411849976, 'loss': 0.012651976197957993, 'total_samples': 10456, 'actual_attack': 10452, 'actual_normal': 4, 'predicted_attack': 10304, 'predicted_normal': 152, 'true_positives': 10304, 'true_negatives': 4, 'false_positives': 0, 'false_negatives': 148, 'precision': 1.0, 'recall': 0.98584003061615, 'f1_score': 0.9928695317016766}}
[DEBUG _get_metrics] res_item[1].keys(): ['accuracy', 'loss', 'total_samples', 'actual_attack', 'actual_normal', 'predicted_attack', 'predicted_normal', 'true_positives', 'true_negatives', 'false_positives', 'false_negatives', 'precision', 'recall', 'f1_score']
[DEBUG _get_metrics] Extracted from ConfigRecord._data
[DEBUG _get_metrics] res_item[1] type: ConfigRecord
[DEBUG _get_metrics] res_item[1] has metrics attr: False
[DEBUG _get_metrics] res_item[1].__dict__: {'_check_key_fn': <function _check_key at 0x71ebc91c8900>, '_check_value_fn': <function _check_value at 0x71ebbe9bc9a0>, '_data': {'accuracy': 0.9757028818130493, 'loss': 0.013401182368397713, 'total_samples': 5762, 'actual_attack': 5600, 'actual_normal': 162, 'predicted_attack': 5529, 'predicted_normal': 233, 'true_positives': 5515, 'true_negatives': 148, 'false_positives': 14, 'false_negatives': 85, 'precision': 0.9974678965454874, 'recall': 0.9848214285714286, 'f1_score': 0.9911043220415131}}[92mINFO [0m:      
[92mINFO [0m:      [ROUND 31]
[92mINFO [0m:      configure_fit: strategy sampled 4 clients (out of 4)
[92mINFO [0m:      aggregate_fit: received 4 results and 0 failures
[92mINFO [0m:      configure_evaluate: strategy sampled 4 clients (out of 4)
[92mINFO [0m:      aggregate_evaluate: received 4 results and 0 failures
[92mINFO [0m:      
[92mINFO [0m:      [ROUND 32]
[92mINFO [0m:      configure_fit: strategy sampled 4 clients (out of 4)
[92mINFO [0m:      aggregate_fit: received 4 results and 0 failures
[92mINFO [0m:      configure_evaluate: strategy sampled 4 clients (out of 4)

[DEBUG _get_metrics] res_item[1].keys(): ['accuracy', 'loss', 'total_samples', 'actual_attack', 'actual_normal', 'predicted_attack', 'predicted_normal', 'true_positives', 'true_negatives', 'false_positives', 'false_negatives', 'precision', 'recall', 'f1_score']
[DEBUG _get_metrics] Extracted from ConfigRecord._data
[DEBUG _get_metrics] res_item[1] type: ConfigRecord
[DEBUG _get_metrics] res_item[1] has metrics attr: False
[DEBUG _get_metrics] res_item[1].__dict__: {'_check_key_fn': <function _check_key at 0x71ebc91c8900>, '_check_value_fn': <function _check_value at 0x71ebbe9bc9a0>, '_data': {'accuracy': 0.9754341244697571, 'loss': 0.016712887212634087, 'total_samples': 4722, 'actual_attack': 162, 'actual_normal': 4560, 'predicted_attack': 285, 'predicted_normal': 4437, 'true_positives': 161, 'true_negatives': 4436, 'false_positives': 124, 'false_negatives': 1, 'precision': 0.5649122807017544, 'recall': 0.9938271604938271, 'f1_score': 0.7203579418344519}}
[DEBUG _get_metrics] res_item[1].keys(): ['accuracy', 'loss', 'total_samples', 'actual_attack', 'actual_normal', 'predicted_attack', 'predicted_normal', 'true_positives', 'true_negatives', 'false_positives', 'false_negatives', 'precision', 'recall', 'f1_score']
[DEBUG _get_metrics] Extracted from ConfigRecord._data
[DEBUG] Extracted 4 metrics from results

[Evaluation Summary]
============================================================
Round: 30 / 60
Accuracy (mean):  0.9764  (97.64%)
Loss:             0.0140
[Per-Device Accuracy]
  - Device 0:  0.9757  (97.57%)
  - Device 1:  0.9790  (97.90%)
  - Device 2:  0.9757  (97.57%)
  - Device 3:  0.9754  (97.54%)

[Ground Truth]
  - Attack samples: 5600
  - Normal samples: 162
  - Total samples:  5762

[Predictions]
  - Predicted Attack:  5529
  - Predicted Normal:  233

[Confusion Matrix]
  - True Positives (TP):  5515
  - True Negatives (TN):  148
  - False Positives (FP): 14
  - False Negatives (FN): 85

[Metrics]
  - Precision:  0.8900  (89.00%)
  - Recall:     0.9873  (98.73%)
  - F1-Score:   0.9239  (92.39%)
============================================================

[36m(ClientAppActor pid=262632)[0m [Client 2] Class weights (smoothed): {0: 1.158529178995592, 1: 0.8414708210044078}[32m [repeated 12x across cluster][0m
[36m(ClientAppActor pid=262633)[0m [Client 0] ✅ Real QAT applied: 6 QuantizeWrapper layers
[36m(ClientAppActor pid=262633)[0m [Client 0] QAT enabled - model quantization-aware
[36m(ClientAppActor pid=262639)[0m [Client 1] Class weights (smoothed): {0: 1.563131837938747, 1: 0.4368681620612528}[32m [repeated 4x across cluster][0m
[36m(ClientAppActor pid=262633)[0m [Client 0] ✅ Real QAT applied: 6 QuantizeWrapper layers
[36m(ClientAppActor pid=262633)[0m [Client 0] QAT enabled - model quantization-aware
[DEBUG] evaluate_metrics_aggregation_fn called with 4 results
[DEBUG] results type: <class 'list'>
[DEBUG] First result type: <class 'tuple'>
[DEBUG] First result length: 2
[DEBUG] results[0][0] type: <class 'int'>
[DEBUG] results[0][1] type: <class 'flwr.app.message.configrecord.ConfigRecord'>
[DEBUG _get_metrics] res_item[1] type: ConfigRecord
[DEBUG _get_metrics] res_item[1] has metrics attr: False
[DEBUG _get_metrics] res_item[1].__dict__: {'_check_key_fn': <function _check_key at 0x71ebc91c8900>, '_check_value_fn': <function _check_value at 0x71ebbe9bc9a0>, '_data': {'accuracy': 0.9758764505386353, 'loss': 0.01304545160382986, 'total_samples': 5762, 'actual_attack': 5600, 'actual_normal': 162, 'predicted_attack': 5503, 'predicted_normal': 259, 'true_positives': 5489, 'true_negatives': 148, 'false_positives': 14, 'false_negatives': 111, 'precision': 0.997455933127385, 'recall': 0.9801785714285715, 'f1_score': 0.9887417815004954}}
[DEBUG _get_metrics] res_item[1].keys(): ['accuracy', 'loss', 'total_samples', 'actual_attack', 'actual_normal', 'predicted_attack', 'predicted_normal', 'true_positives', 'true_negatives', 'false_positives', 'false_negatives', 'precision', 'recall', 'f1_score']
[DEBUG _get_metrics] Extracted from ConfigRecord._data
[DEBUG _get_metrics] res_item[1] type: ConfigRecord
[DEBUG _get_metrics] res_item[1] has metrics attr: False
[DEBUG _get_metrics] res_item[1].__dict__: {'_check_key_fn': <function _check_key at 0x71ebc91c8900>, '_check_value_fn': <function _check_value at 0x71ebbe9bc9a0>, '_data': {'accuracy': 0.9758764505386353, 'loss': 0.01304545160382986, 'total_samples': 5762, 'actual_attack': 5600, 'actual_normal': 162, 'predicted_attack': 5503, 'predicted_normal': 259, 'true_positives': 5489, 'true_negatives': 148, 'false_positives': 14, 'false_negatives': 111, 'precision': 0.997455933127385, 'recall': 0.9801785714285715, 'f1_score': 0.9887417815004954}}
[DEBUG _get_metrics] res_item[1].keys(): ['accuracy', 'loss', 'total_samples', 'actual_attack', 'actual_normal', 'predicted_attack', 'predicted_normal', 'true_positives', 'true_negatives', 'false_positives', 'false_negatives', 'precision', 'recall', 'f1_score']
[DEBUG _get_metrics] Extracted from ConfigRecord._data
[DEBUG _get_metrics] res_item[1] type: ConfigRecord
[DEBUG _get_metrics] res_item[1] has metrics attr: False
[DEBUG _get_metrics] res_item[1].__dict__: {'_check_key_fn': <function _check_key at 0x71ebc91c8900>, '_check_value_fn': <function _check_value at 0x71ebbe9bc9a0>, '_data': {'accuracy': 0.9790551066398621, 'loss': 0.012307505123317242, 'total_samples': 10456, 'actual_attack': 10452, 'actual_normal': 4, 'predicted_attack': 10248, 'predicted_normal': 208, 'true_positives': 10248, 'true_negatives': 4, 'false_positives': 0, 'false_negatives': 204, 'precision': 1.0, 'recall': 0.9804822043628014, 'f1_score': 0.990144927536232}}
[DEBUG _get_metrics] res_item[1].keys(): ['accuracy', 'loss', 'total_samples', 'actual_attack', 'actual_normal', 'predicted_attack', 'predicted_normal', 'true_positives', 'true_negatives', 'false_positives', 'false_negatives', 'precision', 'recall', 'f1_score']
[DEBUG _get_metrics] Extracted from ConfigRecord._data
[DEBUG _get_metrics] res_item[1] type: ConfigRecord
[DEBUG _get_metrics] res_item[1] has metrics attr: False
[DEBUG _get_metrics] res_item[1].__dict__: {'_check_key_fn': <function _check_key at 0x71ebc91c8900>, '_check_value_fn': <function _check_value at 0x71ebbe9bc9a0>, '_data': {'accuracy': 0.9754341244697571, 'loss': 0.0178823359310627, 'total_samples': 4722, 'actual_attack': 162, 'actual_normal': 4560, 'predicted_attack': 282, 'predicted_normal': 4440, 'true_positives': 161, 'true_negatives': 4439, 'false_positives': 121, 'false_negatives': 1, 'precision': 0.5709219858156028, 'recall': 0.9938271604938271, 'f1_score': 0.7252252252252253}}
[DEBUG _get_metrics] res_item[1].keys(): ['accuracy', 'loss', 'total_samples', 'actual_attack', 'actual_normal', 'predicted_attack', 'predicted_normal', 'true_positives', 'true_negatives', 'false_positives', 'false_negatives', 'precision', 'recall', 'f1_score']
[DEBUG _get_metrics] Extracted from ConfigRecord._data
[DEBUG] Extracted 4 metrics from results

[Evaluation Summary]
============================================================
Round: 31 / 60
Accuracy (mean):  0.9766  (97.66%)
Loss:             0.0141
[Per-Device Accuracy]
  - Device 0:  0.9759  (97.59%)
  - Device 1:  0.9759  (97.59%)
  - Device 2:  0.9791  (97.91%)
  - Device 3:  0.9754  (97.54%)

[Ground Truth]
  - Attack samples: 5600
  - Normal samples: 162
  - Total samples:  5762

[Predictions]
  - Predicted Attack:  5503
  - Predicted Normal:  259

[Confusion Matrix]
  - True Positives (TP):  5489
  - True Negatives (TN):  148
  - False Positives (FP): 14
  - False Negatives (FN): 111

[Metrics]
  - Precision:  0.8915  (89.15%)
  - Recall:     0.9837  (98.37%)
  - F1-Score:   0.9232  (92.32%)
============================================================

[36m(ClientAppActor pid=262633)[0m [Client 0] ✅ Real QAT applied: 6 QuantizeWrapper layers
[36m(ClientAppActor pid=262633)[0m [Client 0] QAT enabled - model quantization-aware
[36m(ClientAppActor pid=262632)[0m [Client 2] Class weights (smoothed): {0: 1.158529178995592, 1: 0.8414708210044078}[32m [repeated 8x across cluster][0m
[36m(ClientAppActor pid=262633)[0m [Client 0] ✅ Real QAT applied: 6 QuantizeWrapper layers[92mINFO [0m:      aggregate_evaluate: received 4 results and 0 failures
[92mINFO [0m:      
[92mINFO [0m:      [ROUND 33]
[92mINFO [0m:      configure_fit: strategy sampled 4 clients (out of 4)
[92mINFO [0m:      aggregate_fit: received 4 results and 0 failures
[92mINFO [0m:      configure_evaluate: strategy sampled 4 clients (out of 4)
[92mINFO [0m:      aggregate_evaluate: received 4 results and 0 failures

[36m(ClientAppActor pid=262633)[0m [Client 0] QAT enabled - model quantization-aware
[DEBUG] evaluate_metrics_aggregation_fn called with 4 results
[DEBUG] results type: <class 'list'>
[DEBUG] First result type: <class 'tuple'>
[DEBUG] First result length: 2
[DEBUG] results[0][0] type: <class 'int'>
[DEBUG] results[0][1] type: <class 'flwr.app.message.configrecord.ConfigRecord'>
[DEBUG _get_metrics] res_item[1] type: ConfigRecord
[DEBUG _get_metrics] res_item[1] has metrics attr: False
[DEBUG _get_metrics] res_item[1].__dict__: {'_check_key_fn': <function _check_key at 0x71ebc91c8900>, '_check_value_fn': <function _check_value at 0x71ebbe9bc9a0>, '_data': {'accuracy': 0.9762815833091736, 'loss': 0.01267164945602417, 'total_samples': 10456, 'actual_attack': 10452, 'actual_normal': 4, 'predicted_attack': 10248, 'predicted_normal': 208, 'true_positives': 10248, 'true_negatives': 4, 'false_positives': 0, 'false_negatives': 204, 'precision': 1.0, 'recall': 0.9804822043628014, 'f1_score': 0.990144927536232}}
[DEBUG _get_metrics] res_item[1].keys(): ['accuracy', 'loss', 'total_samples', 'actual_attack', 'actual_normal', 'predicted_attack', 'predicted_normal', 'true_positives', 'true_negatives', 'false_positives', 'false_negatives', 'precision', 'recall', 'f1_score']
[DEBUG _get_metrics] Extracted from ConfigRecord._data
[DEBUG _get_metrics] res_item[1] type: ConfigRecord
[DEBUG _get_metrics] res_item[1] has metrics attr: False
[DEBUG _get_metrics] res_item[1].__dict__: {'_check_key_fn': <function _check_key at 0x71ebc91c8900>, '_check_value_fn': <function _check_value at 0x71ebbe9bc9a0>, '_data': {'accuracy': 0.9754341244697571, 'loss': 0.016045644879341125, 'total_samples': 4722, 'actual_attack': 162, 'actual_normal': 4560, 'predicted_attack': 282, 'predicted_normal': 4440, 'true_positives': 161, 'true_negatives': 4439, 'false_positives': 121, 'false_negatives': 1, 'precision': 0.5709219858156028, 'recall': 0.9938271604938271, 'f1_score': 0.7252252252252253}}
[DEBUG _get_metrics] res_item[1].keys(): ['accuracy', 'loss', 'total_samples', 'actual_attack', 'actual_normal', 'predicted_attack', 'predicted_normal', 'true_positives', 'true_negatives', 'false_positives', 'false_negatives', 'precision', 'recall', 'f1_score']
[DEBUG _get_metrics] Extracted from ConfigRecord._data
[DEBUG _get_metrics] res_item[1] type: ConfigRecord
[DEBUG _get_metrics] res_item[1] has metrics attr: False
[DEBUG _get_metrics] res_item[1].__dict__: {'_check_key_fn': <function _check_key at 0x71ebc91c8900>, '_check_value_fn': <function _check_value at 0x71ebbe9bc9a0>, '_data': {'accuracy': 0.9725789427757263, 'loss': 0.013441238552331924, 'total_samples': 5762, 'actual_attack': 5600, 'actual_normal': 162, 'predicted_attack': 5503, 'predicted_normal': 259, 'true_positives': 5489, 'true_negatives': 148, 'false_positives': 14, 'false_negatives': 111, 'precision': 0.997455933127385, 'recall': 0.9801785714285715, 'f1_score': 0.9887417815004954}}
[DEBUG _get_metrics] res_item[1].keys(): ['accuracy', 'loss', 'total_samples', 'actual_attack', 'actual_normal', 'predicted_attack', 'predicted_normal', 'true_positives', 'true_negatives', 'false_positives', 'false_negatives', 'precision', 'recall', 'f1_score']
[DEBUG _get_metrics] Extracted from ConfigRecord._data
[DEBUG _get_metrics] res_item[1] type: ConfigRecord
[DEBUG _get_metrics] res_item[1] has metrics attr: False
[DEBUG _get_metrics] res_item[1].__dict__: {'_check_key_fn': <function _check_key at 0x71ebc91c8900>, '_check_value_fn': <function _check_value at 0x71ebbe9bc9a0>, '_data': {'accuracy': 0.9725789427757263, 'loss': 0.013441238552331924, 'total_samples': 5762, 'actual_attack': 5600, 'actual_normal': 162, 'predicted_attack': 5503, 'predicted_normal': 259, 'true_positives': 5489, 'true_negatives': 148, 'false_positives': 14, 'false_negatives': 111, 'precision': 0.997455933127385, 'recall': 0.9801785714285715, 'f1_score': 0.9887417815004954}}
[DEBUG _get_metrics] res_item[1].keys(): ['accuracy', 'loss', 'total_samples', 'actual_attack', 'actual_normal', 'predicted_attack', 'predicted_normal', 'true_positives', 'true_negatives', 'false_positives', 'false_negatives', 'precision', 'recall', 'f1_score']
[DEBUG _get_metrics] Extracted from ConfigRecord._data
[DEBUG] Extracted 4 metrics from results

[Evaluation Summary]
============================================================
Round: 32 / 60
Accuracy (mean):  0.9742  (97.42%)
Loss:             0.0139
[Per-Device Accuracy]
  - Device 0:  0.9763  (97.63%)
  - Device 1:  0.9754  (97.54%)
  - Device 2:  0.9726  (97.26%)
  - Device 3:  0.9726  (97.26%)

[Ground Truth]
  - Attack samples: 10452
  - Normal samples: 4
  - Total samples:  10456

[Predictions]
  - Predicted Attack:  10248
  - Predicted Normal:  208

[Confusion Matrix]
  - True Positives (TP):  10248
  - True Negatives (TN):  4
  - False Positives (FP): 0
  - False Negatives (FN): 204

[Metrics]
  - Precision:  0.8915  (89.15%)
  - Recall:     0.9837  (98.37%)
  - F1-Score:   0.9232  (92.32%)
============================================================

[36m(ClientAppActor pid=262633)[0m [Client 0] ✅ Real QAT applied: 6 QuantizeWrapper layers
[36m(ClientAppActor pid=262633)[0m [Client 0] QAT enabled - model quantization-aware
[36m(ClientAppActor pid=262632)[0m [Client 2] Class weights (smoothed): {0: 1.158529178995592, 1: 0.8414708210044078}[32m [repeated 8x across cluster][0m
[36m(ClientAppActor pid=262633)[0m [Client 0] ✅ Real QAT applied: 6 QuantizeWrapper layers
[36m(ClientAppActor pid=262633)[0m [Client 0] QAT enabled - model quantization-aware
[DEBUG] evaluate_metrics_aggregation_fn called with 4 results
[DEBUG] results type: <class 'list'>
[DEBUG] First result type: <class 'tuple'>
[DEBUG] First result length: 2
[DEBUG] results[0][0] type: <class 'int'>
[DEBUG] results[0][1] type: <class 'flwr.app.message.configrecord.ConfigRecord'>
[DEBUG _get_metrics] res_item[1] type: ConfigRecord
[DEBUG _get_metrics] res_item[1] has metrics attr: False
[DEBUG _get_metrics] res_item[1].__dict__: {'_check_key_fn': <function _check_key at 0x71ebc91c8900>, '_check_value_fn': <function _check_value at 0x71ebbe9bc9a0>, '_data': {'accuracy': 0.9754341244697571, 'loss': 0.015996553003787994, 'total_samples': 4722, 'actual_attack': 162, 'actual_normal': 4560, 'predicted_attack': 280, 'predicted_normal': 4442, 'true_positives': 161, 'true_negatives': 4441, 'false_positives': 119, 'false_negatives': 1, 'precision': 0.575, 'recall': 0.9938271604938271, 'f1_score': 0.7285067873303167}}
[DEBUG _get_metrics] res_item[1].keys(): ['accuracy', 'loss', 'total_samples', 'actual_attack', 'actual_normal', 'predicted_attack', 'predicted_normal', 'true_positives', 'true_negatives', 'false_positives', 'false_negatives', 'precision', 'recall', 'f1_score']
[DEBUG _get_metrics] Extracted from ConfigRecord._data
[DEBUG _get_metrics] res_item[1] type: ConfigRecord
[DEBUG _get_metrics] res_item[1] has metrics attr: False
[DEBUG _get_metrics] res_item[1].__dict__: {'_check_key_fn': <function _check_key at 0x71ebc91c8900>, '_check_value_fn': <function _check_value at 0x71ebbe9bc9a0>, '_data': {'accuracy': 0.9758764505386353, 'loss': 0.013276930898427963, 'total_samples': 5762, 'actual_attack': 5600, 'actual_normal': 162, 'predicted_attack': 5499, 'predicted_normal': 263, 'true_positives': 5486, 'true_negatives': 149, 'false_positives': 13, 'false_negatives': 114, 'precision': 0.9976359338061466, 'recall': 0.9796428571428571, 'f1_score': 0.9885575277051987}}
[DEBUG _get_metrics] res_item[1].keys(): ['accuracy', 'loss', 'total_samples', 'actual_attack', 'actual_normal', 'predicted_attack', 'predicted_normal', 'true_positives', 'true_negatives', 'false_positives', 'false_negatives', 'precision', 'recall', 'f1_score']
[DEBUG _get_metrics] Extracted from ConfigRecord._data
[DEBUG _get_metrics] res_item[1] type: ConfigRecord
[DEBUG _get_metrics] res_item[1] has metrics attr: False
[DEBUG _get_metrics] res_item[1].__dict__: {'_check_key_fn': <function _check_key at 0x71ebc91c8900>, '_check_value_fn': <function _check_value at 0x71ebbe9bc9a0>, '_data': {'accuracy': 0.9790551066398621, 'loss': 0.012468948028981686, 'total_samples': 10456, 'actual_attack': 10452, 'actual_normal': 4, 'predicted_attack': 10246, 'predicted_normal': 210, 'true_positives': 10246, 'true_negatives': 4, 'false_positives': 0, 'false_negatives': 206, 'precision': 1.0, 'recall': 0.9802908534251817, 'f1_score': 0.9900473475698135}}[92mINFO [0m:      
[92mINFO [0m:      [ROUND 34]
[92mINFO [0m:      configure_fit: strategy sampled 4 clients (out of 4)
[92mINFO [0m:      aggregate_fit: received 4 results and 0 failures
[92mINFO [0m:      configure_evaluate: strategy sampled 4 clients (out of 4)
[92mINFO [0m:      aggregate_evaluate: received 4 results and 0 failures
[92mINFO [0m:      
[92mINFO [0m:      [ROUND 35]
[92mINFO [0m:      configure_fit: strategy sampled 4 clients (out of 4)
[92mINFO [0m:      aggregate_fit: received 4 results and 0 failures
[92mINFO [0m:      configure_evaluate: strategy sampled 4 clients (out of 4)

[DEBUG _get_metrics] res_item[1].keys(): ['accuracy', 'loss', 'total_samples', 'actual_attack', 'actual_normal', 'predicted_attack', 'predicted_normal', 'true_positives', 'true_negatives', 'false_positives', 'false_negatives', 'precision', 'recall', 'f1_score']
[DEBUG _get_metrics] Extracted from ConfigRecord._data
[DEBUG _get_metrics] res_item[1] type: ConfigRecord
[DEBUG _get_metrics] res_item[1] has metrics attr: False
[DEBUG _get_metrics] res_item[1].__dict__: {'_check_key_fn': <function _check_key at 0x71ebc91c8900>, '_check_value_fn': <function _check_value at 0x71ebbe9bc9a0>, '_data': {'accuracy': 0.9758764505386353, 'loss': 0.013276930898427963, 'total_samples': 5762, 'actual_attack': 5600, 'actual_normal': 162, 'predicted_attack': 5499, 'predicted_normal': 263, 'true_positives': 5486, 'true_negatives': 149, 'false_positives': 13, 'false_negatives': 114, 'precision': 0.9976359338061466, 'recall': 0.9796428571428571, 'f1_score': 0.9885575277051987}}
[DEBUG _get_metrics] res_item[1].keys(): ['accuracy', 'loss', 'total_samples', 'actual_attack', 'actual_normal', 'predicted_attack', 'predicted_normal', 'true_positives', 'true_negatives', 'false_positives', 'false_negatives', 'precision', 'recall', 'f1_score']
[DEBUG _get_metrics] Extracted from ConfigRecord._data
[DEBUG] Extracted 4 metrics from results

[Evaluation Summary]
============================================================
Round: 33 / 60
Accuracy (mean):  0.9766  (97.66%)
Loss:             0.0138
[Per-Device Accuracy]
  - Device 0:  0.9754  (97.54%)
  - Device 1:  0.9759  (97.59%)
  - Device 2:  0.9791  (97.91%)
  - Device 3:  0.9759  (97.59%)

[Ground Truth]
  - Attack samples: 162
  - Normal samples: 4560
  - Total samples:  4722

[Predictions]
  - Predicted Attack:  280
  - Predicted Normal:  4442

[Confusion Matrix]
  - True Positives (TP):  161
  - True Negatives (TN):  4441
  - False Positives (FP): 119
  - False Negatives (FN): 1

[Metrics]
  - Precision:  0.8926  (89.26%)
  - Recall:     0.9834  (98.34%)
  - F1-Score:   0.9239  (92.39%)
============================================================

[36m(ClientAppActor pid=262633)[0m [Client 0] ✅ Real QAT applied: 6 QuantizeWrapper layers
[36m(ClientAppActor pid=262633)[0m [Client 0] QAT enabled - model quantization-aware
[36m(ClientAppActor pid=262632)[0m [Client 2] Class weights (smoothed): {0: 1.158529178995592, 1: 0.8414708210044078}[32m [repeated 8x across cluster][0m
[36m(ClientAppActor pid=262633)[0m [Client 0] ✅ Real QAT applied: 6 QuantizeWrapper layers
[36m(ClientAppActor pid=262633)[0m [Client 0] QAT enabled - model quantization-aware
[DEBUG] evaluate_metrics_aggregation_fn called with 4 results
[DEBUG] results type: <class 'list'>
[DEBUG] First result type: <class 'tuple'>
[DEBUG] First result length: 2
[DEBUG] results[0][0] type: <class 'int'>
[DEBUG] results[0][1] type: <class 'flwr.app.message.configrecord.ConfigRecord'>
[DEBUG _get_metrics] res_item[1] type: ConfigRecord
[DEBUG _get_metrics] res_item[1] has metrics attr: False
[DEBUG _get_metrics] res_item[1].__dict__: {'_check_key_fn': <function _check_key at 0x71ebc91c8900>, '_check_value_fn': <function _check_value at 0x71ebbe9bc9a0>, '_data': {'accuracy': 0.9754341244697571, 'loss': 0.01738777384161949, 'total_samples': 4722, 'actual_attack': 162, 'actual_normal': 4560, 'predicted_attack': 280, 'predicted_normal': 4442, 'true_positives': 161, 'true_negatives': 4441, 'false_positives': 119, 'false_negatives': 1, 'precision': 0.575, 'recall': 0.9938271604938271, 'f1_score': 0.7285067873303167}}
[DEBUG _get_metrics] res_item[1].keys(): ['accuracy', 'loss', 'total_samples', 'actual_attack', 'actual_normal', 'predicted_attack', 'predicted_normal', 'true_positives', 'true_negatives', 'false_positives', 'false_negatives', 'precision', 'recall', 'f1_score']
[DEBUG _get_metrics] Extracted from ConfigRecord._data
[DEBUG _get_metrics] res_item[1] type: ConfigRecord
[DEBUG _get_metrics] res_item[1] has metrics attr: False
[DEBUG _get_metrics] res_item[1].__dict__: {'_check_key_fn': <function _check_key at 0x71ebc91c8900>, '_check_value_fn': <function _check_value at 0x71ebbe9bc9a0>, '_data': {'accuracy': 0.9725789427757263, 'loss': 0.013013125397264957, 'total_samples': 5762, 'actual_attack': 5600, 'actual_normal': 162, 'predicted_attack': 5499, 'predicted_normal': 263, 'true_positives': 5486, 'true_negatives': 149, 'false_positives': 13, 'false_negatives': 114, 'precision': 0.9976359338061466, 'recall': 0.9796428571428571, 'f1_score': 0.9885575277051987}}
[DEBUG _get_metrics] res_item[1].keys(): ['accuracy', 'loss', 'total_samples', 'actual_attack', 'actual_normal', 'predicted_attack', 'predicted_normal', 'true_positives', 'true_negatives', 'false_positives', 'false_negatives', 'precision', 'recall', 'f1_score']
[DEBUG _get_metrics] Extracted from ConfigRecord._data
[DEBUG _get_metrics] res_item[1] type: ConfigRecord
[DEBUG _get_metrics] res_item[1] has metrics attr: False
[DEBUG _get_metrics] res_item[1].__dict__: {'_check_key_fn': <function _check_key at 0x71ebc91c8900>, '_check_value_fn': <function _check_value at 0x71ebbe9bc9a0>, '_data': {'accuracy': 0.9762815833091736, 'loss': 0.01225406676530838, 'total_samples': 10456, 'actual_attack': 10452, 'actual_normal': 4, 'predicted_attack': 10246, 'predicted_normal': 210, 'true_positives': 10246, 'true_negatives': 4, 'false_positives': 0, 'false_negatives': 206, 'precision': 1.0, 'recall': 0.9802908534251817, 'f1_score': 0.9900473475698135}}
[DEBUG _get_metrics] res_item[1].keys(): ['accuracy', 'loss', 'total_samples', 'actual_attack', 'actual_normal', 'predicted_attack', 'predicted_normal', 'true_positives', 'true_negatives', 'false_positives', 'false_negatives', 'precision', 'recall', 'f1_score']
[DEBUG _get_metrics] Extracted from ConfigRecord._data
[DEBUG _get_metrics] res_item[1] type: ConfigRecord
[DEBUG _get_metrics] res_item[1] has metrics attr: False
[DEBUG _get_metrics] res_item[1].__dict__: {'_check_key_fn': <function _check_key at 0x71ebc91c8900>, '_check_value_fn': <function _check_value at 0x71ebbe9bc9a0>, '_data': {'accuracy': 0.9725789427757263, 'loss': 0.013013125397264957, 'total_samples': 5762, 'actual_attack': 5600, 'actual_normal': 162, 'predicted_attack': 5499, 'predicted_normal': 263, 'true_positives': 5486, 'true_negatives': 149, 'false_positives': 13, 'false_negatives': 114, 'precision': 0.9976359338061466, 'recall': 0.9796428571428571, 'f1_score': 0.9885575277051987}}
[DEBUG _get_metrics] res_item[1].keys(): ['accuracy', 'loss', 'total_samples', 'actual_attack', 'actual_normal', 'predicted_attack', 'predicted_normal', 'true_positives', 'true_negatives', 'false_positives', 'false_negatives', 'precision', 'recall', 'f1_score']
[DEBUG _get_metrics] Extracted from ConfigRecord._data
[DEBUG] Extracted 4 metrics from results

[Evaluation Summary]
============================================================
Round: 34 / 60
Accuracy (mean):  0.9742  (97.42%)
Loss:             0.0139
[Per-Device Accuracy]
  - Device 0:  0.9754  (97.54%)
  - Device 1:  0.9726  (97.26%)
  - Device 2:  0.9763  (97.63%)
  - Device 3:  0.9726  (97.26%)

[Ground Truth]
  - Attack samples: 162
  - Normal samples: 4560
  - Total samples:  4722

[Predictions]
  - Predicted Attack:  280
  - Predicted Normal:  4442

[Confusion Matrix]
  - True Positives (TP):  161
  - True Negatives (TN):  4441
  - False Positives (FP): 119
  - False Negatives (FN): 1

[Metrics]
  - Precision:  0.8926  (89.26%)
  - Recall:     0.9834  (98.34%)
  - F1-Score:   0.9239  (92.39%)
============================================================

[36m(ClientAppActor pid=262633)[0m [Client 0] ✅ Real QAT applied: 6 QuantizeWrapper layers
[36m(ClientAppActor pid=262633)[0m [Client 0] QAT enabled - model quantization-aware
[Round 35] Client contributions:
  Client samples: 49,871 (weight: 0.3839)
  Client samples: 8,594 (weight: 0.0662)
  Client samples: 8,594 (weight: 0.0662)
  Client samples: 62,856 (weight: 0.4838)
[36m(ClientAppActor pid=262632)[0m [Client 2] Class weights (smoothed): {0: 1.158529178995592, 1: 0.8414708210044078}[32m [repeated 8x across cluster][0m
[36m(ClientAppActor pid=262633)[0m [Client 0] ✅ Real QAT applied: 6 QuantizeWrapper layers[92mINFO [0m:      aggregate_evaluate: received 4 results and 0 failures
[92mINFO [0m:      
[92mINFO [0m:      [ROUND 36]
[92mINFO [0m:      configure_fit: strategy sampled 4 clients (out of 4)
[92mINFO [0m:      aggregate_fit: received 4 results and 0 failures
[92mINFO [0m:      configure_evaluate: strategy sampled 4 clients (out of 4)
[92mINFO [0m:      aggregate_evaluate: received 4 results and 0 failures

[36m(ClientAppActor pid=262633)[0m [Client 0] QAT enabled - model quantization-aware
[DEBUG] evaluate_metrics_aggregation_fn called with 4 results
[DEBUG] results type: <class 'list'>
[DEBUG] First result type: <class 'tuple'>
[DEBUG] First result length: 2
[DEBUG] results[0][0] type: <class 'int'>
[DEBUG] results[0][1] type: <class 'flwr.app.message.configrecord.ConfigRecord'>
[DEBUG _get_metrics] res_item[1] type: ConfigRecord
[DEBUG _get_metrics] res_item[1] has metrics attr: False
[DEBUG _get_metrics] res_item[1].__dict__: {'_check_key_fn': <function _check_key at 0x71ebc91c8900>, '_check_value_fn': <function _check_value at 0x71ebbe9bc9a0>, '_data': {'accuracy': 0.9791507124900818, 'loss': 0.012158977799117565, 'total_samples': 10456, 'actual_attack': 10452, 'actual_normal': 4, 'predicted_attack': 10249, 'predicted_normal': 207, 'true_positives': 10249, 'true_negatives': 4, 'false_positives': 0, 'false_negatives': 203, 'precision': 1.0, 'recall': 0.9805778798316112, 'f1_score': 0.9901937104487706}}
[DEBUG _get_metrics] res_item[1].keys(): ['accuracy', 'loss', 'total_samples', 'actual_attack', 'actual_normal', 'predicted_attack', 'predicted_normal', 'true_positives', 'true_negatives', 'false_positives', 'false_negatives', 'precision', 'recall', 'f1_score']
[DEBUG _get_metrics] Extracted from ConfigRecord._data
[DEBUG _get_metrics] res_item[1] type: ConfigRecord
[DEBUG _get_metrics] res_item[1] has metrics attr: False
[DEBUG _get_metrics] res_item[1].__dict__: {'_check_key_fn': <function _check_key at 0x71ebc91c8900>, '_check_value_fn': <function _check_value at 0x71ebbe9bc9a0>, '_data': {'accuracy': 0.9758764505386353, 'loss': 0.012890765443444252, 'total_samples': 5762, 'actual_attack': 5600, 'actual_normal': 162, 'predicted_attack': 5501, 'predicted_normal': 261, 'true_positives': 5488, 'true_negatives': 149, 'false_positives': 13, 'false_negatives': 112, 'precision': 0.9976367933103072, 'recall': 0.98, 'f1_score': 0.9887397531753895}}
[DEBUG _get_metrics] res_item[1].keys(): ['accuracy', 'loss', 'total_samples', 'actual_attack', 'actual_normal', 'predicted_attack', 'predicted_normal', 'true_positives', 'true_negatives', 'false_positives', 'false_negatives', 'precision', 'recall', 'f1_score']
[DEBUG _get_metrics] Extracted from ConfigRecord._data
[DEBUG _get_metrics] res_item[1] type: ConfigRecord
[DEBUG _get_metrics] res_item[1] has metrics attr: False
[DEBUG _get_metrics] res_item[1].__dict__: {'_check_key_fn': <function _check_key at 0x71ebc91c8900>, '_check_value_fn': <function _check_value at 0x71ebbe9bc9a0>, '_data': {'accuracy': 0.9758764505386353, 'loss': 0.012890765443444252, 'total_samples': 5762, 'actual_attack': 5600, 'actual_normal': 162, 'predicted_attack': 5501, 'predicted_normal': 261, 'true_positives': 5488, 'true_negatives': 149, 'false_positives': 13, 'false_negatives': 112, 'precision': 0.9976367933103072, 'recall': 0.98, 'f1_score': 0.9887397531753895}}
[DEBUG _get_metrics] res_item[1].keys(): ['accuracy', 'loss', 'total_samples', 'actual_attack', 'actual_normal', 'predicted_attack', 'predicted_normal', 'true_positives', 'true_negatives', 'false_positives', 'false_negatives', 'precision', 'recall', 'f1_score']
[DEBUG _get_metrics] Extracted from ConfigRecord._data
[DEBUG _get_metrics] res_item[1] type: ConfigRecord
[DEBUG _get_metrics] res_item[1] has metrics attr: False
[DEBUG _get_metrics] res_item[1].__dict__: {'_check_key_fn': <function _check_key at 0x71ebc91c8900>, '_check_value_fn': <function _check_value at 0x71ebbe9bc9a0>, '_data': {'accuracy': 0.9754341244697571, 'loss': 0.017059901729226112, 'total_samples': 4722, 'actual_attack': 162, 'actual_normal': 4560, 'predicted_attack': 280, 'predicted_normal': 4442, 'true_positives': 161, 'true_negatives': 4441, 'false_positives': 119, 'false_negatives': 1, 'precision': 0.575, 'recall': 0.9938271604938271, 'f1_score': 0.7285067873303167}}
[DEBUG _get_metrics] res_item[1].keys(): ['accuracy', 'loss', 'total_samples', 'actual_attack', 'actual_normal', 'predicted_attack', 'predicted_normal', 'true_positives', 'true_negatives', 'false_positives', 'false_negatives', 'precision', 'recall', 'f1_score']
[DEBUG _get_metrics] Extracted from ConfigRecord._data
[DEBUG] Extracted 4 metrics from results

[Evaluation Summary]
============================================================
Round: 35 / 60
Accuracy (mean):  0.9766  (97.66%)
Loss:             0.0138
[Per-Device Accuracy]
  - Device 0:  0.9792  (97.92%)
  - Device 1:  0.9759  (97.59%)
  - Device 2:  0.9759  (97.59%)
  - Device 3:  0.9754  (97.54%)

[Ground Truth]
  - Attack samples: 10452
  - Normal samples: 4
  - Total samples:  10456

[Predictions]
  - Predicted Attack:  10249
  - Predicted Normal:  207

[Confusion Matrix]
  - True Positives (TP):  10249
  - True Negatives (TN):  4
  - False Positives (FP): 0
  - False Negatives (FN): 203

[Metrics]
  - Precision:  0.8926  (89.26%)
  - Recall:     0.9836  (98.36%)
  - F1-Score:   0.9240  (92.40%)
============================================================

[36m(ClientAppActor pid=262633)[0m [Client 0] ✅ Real QAT applied: 6 QuantizeWrapper layers
[36m(ClientAppActor pid=262633)[0m [Client 0] QAT enabled - model quantization-aware
[36m(ClientAppActor pid=262632)[0m [Client 2] Class weights (smoothed): {0: 1.158529178995592, 1: 0.8414708210044078}[32m [repeated 8x across cluster][0m
[36m(ClientAppActor pid=262633)[0m [Client 0] ✅ Real QAT applied: 6 QuantizeWrapper layers
[36m(ClientAppActor pid=262633)[0m [Client 0] QAT enabled - model quantization-aware
[DEBUG] evaluate_metrics_aggregation_fn called with 4 results
[DEBUG] results type: <class 'list'>
[DEBUG] First result type: <class 'tuple'>
[DEBUG] First result length: 2
[DEBUG] results[0][0] type: <class 'int'>
[DEBUG] results[0][1] type: <class 'flwr.app.message.configrecord.ConfigRecord'>
[DEBUG _get_metrics] res_item[1] type: ConfigRecord
[DEBUG _get_metrics] res_item[1] has metrics attr: False
[DEBUG _get_metrics] res_item[1].__dict__: {'_check_key_fn': <function _check_key at 0x71ebc91c8900>, '_check_value_fn': <function _check_value at 0x71ebbe9bc9a0>, '_data': {'accuracy': 0.9758764505386353, 'loss': 0.01286785677075386, 'total_samples': 5762, 'actual_attack': 5600, 'actual_normal': 162, 'predicted_attack': 5501, 'predicted_normal': 261, 'true_positives': 5488, 'true_negatives': 149, 'false_positives': 13, 'false_negatives': 112, 'precision': 0.9976367933103072, 'recall': 0.98, 'f1_score': 0.9887397531753895}}
[DEBUG _get_metrics] res_item[1].keys(): ['accuracy', 'loss', 'total_samples', 'actual_attack', 'actual_normal', 'predicted_attack', 'predicted_normal', 'true_positives', 'true_negatives', 'false_positives', 'false_negatives', 'precision', 'recall', 'f1_score']
[DEBUG _get_metrics] Extracted from ConfigRecord._data
[DEBUG _get_metrics] res_item[1] type: ConfigRecord
[DEBUG _get_metrics] res_item[1] has metrics attr: False
[DEBUG _get_metrics] res_item[1].__dict__: {'_check_key_fn': <function _check_key at 0x71ebc91c8900>, '_check_value_fn': <function _check_value at 0x71ebbe9bc9a0>, '_data': {'accuracy': 0.9758764505386353, 'loss': 0.01286785677075386, 'total_samples': 5762, 'actual_attack': 5600, 'actual_normal': 162, 'predicted_attack': 5501, 'predicted_normal': 261, 'true_positives': 5488, 'true_negatives': 149, 'false_positives': 13, 'false_negatives': 112, 'precision': 0.9976367933103072, 'recall': 0.98, 'f1_score': 0.9887397531753895}}
[DEBUG _get_metrics] res_item[1].keys(): ['accuracy', 'loss', 'total_samples', 'actual_attack', 'actual_normal', 'predicted_attack', 'predicted_normal', 'true_positives', 'true_negatives', 'false_positives', 'false_negatives', 'precision', 'recall', 'f1_score']
[DEBUG _get_metrics] Extracted from ConfigRecord._data
[DEBUG _get_metrics] res_item[1] type: ConfigRecord
[DEBUG _get_metrics] res_item[1] has metrics attr: False
[DEBUG _get_metrics] res_item[1].__dict__: {'_check_key_fn': <function _check_key at 0x71ebc91c8900>, '_check_value_fn': <function _check_value at 0x71ebbe9bc9a0>, '_data': {'accuracy': 0.9754341244697571, 'loss': 0.01728803850710392, 'total_samples': 4722, 'actual_attack': 162, 'actual_normal': 4560, 'predicted_attack': 280, 'predicted_normal': 4442, 'true_positives': 161, 'true_negatives': 4441, 'false_positives': 119, 'false_negatives': 1, 'precision': 0.575, 'recall': 0.9938271604938271, 'f1_score': 0.7285067873303167}}[92mINFO [0m:      
[92mINFO [0m:      [ROUND 37]
[92mINFO [0m:      configure_fit: strategy sampled 4 clients (out of 4)
[92mINFO [0m:      aggregate_fit: received 4 results and 0 failures
[92mINFO [0m:      configure_evaluate: strategy sampled 4 clients (out of 4)
[92mINFO [0m:      aggregate_evaluate: received 4 results and 0 failures
[92mINFO [0m:      
[92mINFO [0m:      [ROUND 38]
[92mINFO [0m:      configure_fit: strategy sampled 4 clients (out of 4)
[92mINFO [0m:      aggregate_fit: received 4 results and 0 failures
[92mINFO [0m:      configure_evaluate: strategy sampled 4 clients (out of 4)
[92mINFO [0m:      aggregate_evaluate: received 4 results and 0 failures

[DEBUG _get_metrics] res_item[1].keys(): ['accuracy', 'loss', 'total_samples', 'actual_attack', 'actual_normal', 'predicted_attack', 'predicted_normal', 'true_positives', 'true_negatives', 'false_positives', 'false_negatives', 'precision', 'recall', 'f1_score']
[DEBUG _get_metrics] Extracted from ConfigRecord._data
[DEBUG _get_metrics] res_item[1] type: ConfigRecord
[DEBUG _get_metrics] res_item[1] has metrics attr: False
[DEBUG _get_metrics] res_item[1].__dict__: {'_check_key_fn': <function _check_key at 0x71ebc91c8900>, '_check_value_fn': <function _check_value at 0x71ebbe9bc9a0>, '_data': {'accuracy': 0.9791507124900818, 'loss': 0.012059280648827553, 'total_samples': 10456, 'actual_attack': 10452, 'actual_normal': 4, 'predicted_attack': 10250, 'predicted_normal': 206, 'true_positives': 10250, 'true_negatives': 4, 'false_positives': 0, 'false_negatives': 202, 'precision': 1.0, 'recall': 0.980673555300421, 'f1_score': 0.9902424886484397}}
[DEBUG _get_metrics] res_item[1].keys(): ['accuracy', 'loss', 'total_samples', 'actual_attack', 'actual_normal', 'predicted_attack', 'predicted_normal', 'true_positives', 'true_negatives', 'false_positives', 'false_negatives', 'precision', 'recall', 'f1_score']
[DEBUG _get_metrics] Extracted from ConfigRecord._data
[DEBUG] Extracted 4 metrics from results

[Evaluation Summary]
============================================================
Round: 36 / 60
Accuracy (mean):  0.9766  (97.66%)
Loss:             0.0138
[Per-Device Accuracy]
  - Device 0:  0.9759  (97.59%)
  - Device 1:  0.9759  (97.59%)
  - Device 2:  0.9754  (97.54%)
  - Device 3:  0.9792  (97.92%)

[Ground Truth]
  - Attack samples: 5600
  - Normal samples: 162
  - Total samples:  5762

[Predictions]
  - Predicted Attack:  5501
  - Predicted Normal:  261

[Confusion Matrix]
  - True Positives (TP):  5488
  - True Negatives (TN):  149
  - False Positives (FP): 13
  - False Negatives (FN): 112

[Metrics]
  - Precision:  0.8926  (89.26%)
  - Recall:     0.9836  (98.36%)
  - F1-Score:   0.9241  (92.41%)
============================================================

[36m(ClientAppActor pid=262633)[0m [Client 0] ✅ Real QAT applied: 6 QuantizeWrapper layers
[36m(ClientAppActor pid=262633)[0m [Client 0] QAT enabled - model quantization-aware
[36m(ClientAppActor pid=262632)[0m [Client 2] Class weights (smoothed): {0: 1.158529178995592, 1: 0.8414708210044078}[32m [repeated 8x across cluster][0m
[36m(ClientAppActor pid=262633)[0m [Client 0] ✅ Real QAT applied: 6 QuantizeWrapper layers
[36m(ClientAppActor pid=262633)[0m [Client 0] QAT enabled - model quantization-aware
[DEBUG] evaluate_metrics_aggregation_fn called with 4 results
[DEBUG] results type: <class 'list'>
[DEBUG] First result type: <class 'tuple'>
[DEBUG] First result length: 2
[DEBUG] results[0][0] type: <class 'int'>
[DEBUG] results[0][1] type: <class 'flwr.app.message.configrecord.ConfigRecord'>
[DEBUG _get_metrics] res_item[1] type: ConfigRecord
[DEBUG _get_metrics] res_item[1] has metrics attr: False
[DEBUG _get_metrics] res_item[1].__dict__: {'_check_key_fn': <function _check_key at 0x71ebc91c8900>, '_check_value_fn': <function _check_value at 0x71ebbe9bc9a0>, '_data': {'accuracy': 0.9790551066398621, 'loss': 0.011951309628784657, 'total_samples': 10456, 'actual_attack': 10452, 'actual_normal': 4, 'predicted_attack': 10306, 'predicted_normal': 150, 'true_positives': 10306, 'true_negatives': 4, 'false_positives': 0, 'false_negatives': 146, 'precision': 1.0, 'recall': 0.9860313815537696, 'f1_score': 0.9929665671066576}}
[DEBUG _get_metrics] res_item[1].keys(): ['accuracy', 'loss', 'total_samples', 'actual_attack', 'actual_normal', 'predicted_attack', 'predicted_normal', 'true_positives', 'true_negatives', 'false_positives', 'false_negatives', 'precision', 'recall', 'f1_score']
[DEBUG _get_metrics] Extracted from ConfigRecord._data
[DEBUG _get_metrics] res_item[1] type: ConfigRecord
[DEBUG _get_metrics] res_item[1] has metrics attr: False
[DEBUG _get_metrics] res_item[1].__dict__: {'_check_key_fn': <function _check_key at 0x71ebc91c8900>, '_check_value_fn': <function _check_value at 0x71ebbe9bc9a0>, '_data': {'accuracy': 0.9758764505386353, 'loss': 0.012916184030473232, 'total_samples': 5762, 'actual_attack': 5600, 'actual_normal': 162, 'predicted_attack': 5526, 'predicted_normal': 236, 'true_positives': 5513, 'true_negatives': 149, 'false_positives': 13, 'false_negatives': 87, 'precision': 0.9976474846181687, 'recall': 0.9844642857142857, 'f1_score': 0.9910120438612259}}
[DEBUG _get_metrics] res_item[1].keys(): ['accuracy', 'loss', 'total_samples', 'actual_attack', 'actual_normal', 'predicted_attack', 'predicted_normal', 'true_positives', 'true_negatives', 'false_positives', 'false_negatives', 'precision', 'recall', 'f1_score']
[DEBUG _get_metrics] Extracted from ConfigRecord._data
[DEBUG _get_metrics] res_item[1] type: ConfigRecord
[DEBUG _get_metrics] res_item[1] has metrics attr: False
[DEBUG _get_metrics] res_item[1].__dict__: {'_check_key_fn': <function _check_key at 0x71ebc91c8900>, '_check_value_fn': <function _check_value at 0x71ebbe9bc9a0>, '_data': {'accuracy': 0.9754341244697571, 'loss': 0.017151594161987305, 'total_samples': 4722, 'actual_attack': 162, 'actual_normal': 4560, 'predicted_attack': 283, 'predicted_normal': 4439, 'true_positives': 161, 'true_negatives': 4438, 'false_positives': 122, 'false_negatives': 1, 'precision': 0.568904593639576, 'recall': 0.9938271604938271, 'f1_score': 0.7235955056179776}}
[DEBUG _get_metrics] res_item[1].keys(): ['accuracy', 'loss', 'total_samples', 'actual_attack', 'actual_normal', 'predicted_attack', 'predicted_normal', 'true_positives', 'true_negatives', 'false_positives', 'false_negatives', 'precision', 'recall', 'f1_score']
[DEBUG _get_metrics] Extracted from ConfigRecord._data
[DEBUG _get_metrics] res_item[1] type: ConfigRecord
[DEBUG _get_metrics] res_item[1] has metrics attr: False
[DEBUG _get_metrics] res_item[1].__dict__: {'_check_key_fn': <function _check_key at 0x71ebc91c8900>, '_check_value_fn': <function _check_value at 0x71ebbe9bc9a0>, '_data': {'accuracy': 0.9758764505386353, 'loss': 0.012916184030473232, 'total_samples': 5762, 'actual_attack': 5600, 'actual_normal': 162, 'predicted_attack': 5526, 'predicted_normal': 236, 'true_positives': 5513, 'true_negatives': 149, 'false_positives': 13, 'false_negatives': 87, 'precision': 0.9976474846181687, 'recall': 0.9844642857142857, 'f1_score': 0.9910120438612259}}
[DEBUG _get_metrics] res_item[1].keys(): ['accuracy', 'loss', 'total_samples', 'actual_attack', 'actual_normal', 'predicted_attack', 'predicted_normal', 'true_positives', 'true_negatives', 'false_positives', 'false_negatives', 'precision', 'recall', 'f1_score']
[DEBUG _get_metrics] Extracted from ConfigRecord._data
[DEBUG] Extracted 4 metrics from results

[Evaluation Summary]
============================================================
Round: 37 / 60
Accuracy (mean):  0.9766  (97.66%)
Loss:             0.0137
[Per-Device Accuracy]
  - Device 0:  0.9791  (97.91%)
  - Device 1:  0.9759  (97.59%)
  - Device 2:  0.9754  (97.54%)
  - Device 3:  0.9759  (97.59%)

[Ground Truth]
  - Attack samples: 10452
  - Normal samples: 4
  - Total samples:  10456

[Predictions]
  - Predicted Attack:  10306
  - Predicted Normal:  150

[Confusion Matrix]
  - True Positives (TP):  10306
  - True Negatives (TN):  4
  - False Positives (FP): 0
  - False Negatives (FN): 146

[Metrics]
  - Precision:  0.8910  (89.10%)
  - Recall:     0.9872  (98.72%)
  - F1-Score:   0.9246  (92.46%)
============================================================

[36m(ClientAppActor pid=262633)[0m [Client 0] ✅ Real QAT applied: 6 QuantizeWrapper layers
[36m(ClientAppActor pid=262633)[0m [Client 0] QAT enabled - model quantization-aware
[36m(ClientAppActor pid=262632)[0m [Client 2] Class weights (smoothed): {0: 1.158529178995592, 1: 0.8414708210044078}[32m [repeated 8x across cluster][0m
[36m(ClientAppActor pid=262633)[0m [Client 0] ✅ Real QAT applied: 6 QuantizeWrapper layers
[36m(ClientAppActor pid=262633)[0m [Client 0] QAT enabled - model quantization-aware
[DEBUG] evaluate_metrics_aggregation_fn called with 4 results
[DEBUG] results type: <class 'list'>[92mINFO [0m:      
[92mINFO [0m:      [ROUND 39]
[92mINFO [0m:      configure_fit: strategy sampled 4 clients (out of 4)
[92mINFO [0m:      aggregate_fit: received 4 results and 0 failures
[92mINFO [0m:      configure_evaluate: strategy sampled 4 clients (out of 4)
[92mINFO [0m:      aggregate_evaluate: received 4 results and 0 failures

[DEBUG] First result type: <class 'tuple'>
[DEBUG] First result length: 2
[DEBUG] results[0][0] type: <class 'int'>
[DEBUG] results[0][1] type: <class 'flwr.app.message.configrecord.ConfigRecord'>
[DEBUG _get_metrics] res_item[1] type: ConfigRecord
[DEBUG _get_metrics] res_item[1] has metrics attr: False
[DEBUG _get_metrics] res_item[1].__dict__: {'_check_key_fn': <function _check_key at 0x71ebc91c8900>, '_check_value_fn': <function _check_value at 0x71ebbe9bc9a0>, '_data': {'accuracy': 0.9754341244697571, 'loss': 0.01725761964917183, 'total_samples': 4722, 'actual_attack': 162, 'actual_normal': 4560, 'predicted_attack': 284, 'predicted_normal': 4438, 'true_positives': 161, 'true_negatives': 4437, 'false_positives': 123, 'false_negatives': 1, 'precision': 0.5669014084507042, 'recall': 0.9938271604938271, 'f1_score': 0.7219730941704037}}
[DEBUG _get_metrics] res_item[1].keys(): ['accuracy', 'loss', 'total_samples', 'actual_attack', 'actual_normal', 'predicted_attack', 'predicted_normal', 'true_positives', 'true_negatives', 'false_positives', 'false_negatives', 'precision', 'recall', 'f1_score']
[DEBUG _get_metrics] Extracted from ConfigRecord._data
[DEBUG _get_metrics] res_item[1] type: ConfigRecord
[DEBUG _get_metrics] res_item[1] has metrics attr: False
[DEBUG _get_metrics] res_item[1].__dict__: {'_check_key_fn': <function _check_key at 0x71ebc91c8900>, '_check_value_fn': <function _check_value at 0x71ebbe9bc9a0>, '_data': {'accuracy': 0.9760499596595764, 'loss': 0.012670377269387245, 'total_samples': 5762, 'actual_attack': 5600, 'actual_normal': 162, 'predicted_attack': 5526, 'predicted_normal': 236, 'true_positives': 5513, 'true_negatives': 149, 'false_positives': 13, 'false_negatives': 87, 'precision': 0.9976474846181687, 'recall': 0.9844642857142857, 'f1_score': 0.9910120438612259}}
[DEBUG _get_metrics] res_item[1].keys(): ['accuracy', 'loss', 'total_samples', 'actual_attack', 'actual_normal', 'predicted_attack', 'predicted_normal', 'true_positives', 'true_negatives', 'false_positives', 'false_negatives', 'precision', 'recall', 'f1_score']
[DEBUG _get_metrics] Extracted from ConfigRecord._data
[DEBUG _get_metrics] res_item[1] type: ConfigRecord
[DEBUG _get_metrics] res_item[1] has metrics attr: False
[DEBUG _get_metrics] res_item[1].__dict__: {'_check_key_fn': <function _check_key at 0x71ebc91c8900>, '_check_value_fn': <function _check_value at 0x71ebbe9bc9a0>, '_data': {'accuracy': 0.9760499596595764, 'loss': 0.012670377269387245, 'total_samples': 5762, 'actual_attack': 5600, 'actual_normal': 162, 'predicted_attack': 5526, 'predicted_normal': 236, 'true_positives': 5513, 'true_negatives': 149, 'false_positives': 13, 'false_negatives': 87, 'precision': 0.9976474846181687, 'recall': 0.9844642857142857, 'f1_score': 0.9910120438612259}}
[DEBUG _get_metrics] res_item[1].keys(): ['accuracy', 'loss', 'total_samples', 'actual_attack', 'actual_normal', 'predicted_attack', 'predicted_normal', 'true_positives', 'true_negatives', 'false_positives', 'false_negatives', 'precision', 'recall', 'f1_score']
[DEBUG _get_metrics] Extracted from ConfigRecord._data
[DEBUG _get_metrics] res_item[1] type: ConfigRecord
[DEBUG _get_metrics] res_item[1] has metrics attr: False
[DEBUG _get_metrics] res_item[1].__dict__: {'_check_key_fn': <function _check_key at 0x71ebc91c8900>, '_check_value_fn': <function _check_value at 0x71ebbe9bc9a0>, '_data': {'accuracy': 0.9790551066398621, 'loss': 0.011595007963478565, 'total_samples': 10456, 'actual_attack': 10452, 'actual_normal': 4, 'predicted_attack': 10305, 'predicted_normal': 151, 'true_positives': 10305, 'true_negatives': 4, 'false_positives': 0, 'false_negatives': 147, 'precision': 1.0, 'recall': 0.9859357060849598, 'f1_score': 0.9929180517415812}}
[DEBUG _get_metrics] res_item[1].keys(): ['accuracy', 'loss', 'total_samples', 'actual_attack', 'actual_normal', 'predicted_attack', 'predicted_normal', 'true_positives', 'true_negatives', 'false_positives', 'false_negatives', 'precision', 'recall', 'f1_score']
[DEBUG _get_metrics] Extracted from ConfigRecord._data
[DEBUG] Extracted 4 metrics from results

[Evaluation Summary]
============================================================
Round: 38 / 60
Accuracy (mean):  0.9766  (97.66%)
Loss:             0.0135
[Per-Device Accuracy]
  - Device 0:  0.9754  (97.54%)
  - Device 1:  0.9760  (97.60%)
  - Device 2:  0.9760  (97.60%)
  - Device 3:  0.9791  (97.91%)

[Ground Truth]
  - Attack samples: 162
  - Normal samples: 4560
  - Total samples:  4722

[Predictions]
  - Predicted Attack:  284
  - Predicted Normal:  4438

[Confusion Matrix]
  - True Positives (TP):  161
  - True Negatives (TN):  4437
  - False Positives (FP): 123
  - False Negatives (FN): 1

[Metrics]
  - Precision:  0.8905  (89.05%)
  - Recall:     0.9872  (98.72%)
  - F1-Score:   0.9242  (92.42%)
============================================================

[36m(ClientAppActor pid=262633)[0m [Client 0] ✅ Real QAT applied: 6 QuantizeWrapper layers
[36m(ClientAppActor pid=262633)[0m [Client 0] QAT enabled - model quantization-aware
[36m(ClientAppActor pid=262633)[0m [Client 0] ✅ Real QAT applied: 6 QuantizeWrapper layers
[36m(ClientAppActor pid=262633)[0m [Client 0] QAT enabled - model quantization-aware
[DEBUG] evaluate_metrics_aggregation_fn called with 4 results
[DEBUG] results type: <class 'list'>
[DEBUG] First result type: <class 'tuple'>
[DEBUG] First result length: 2
[DEBUG] results[0][0] type: <class 'int'>
[DEBUG] results[0][1] type: <class 'flwr.app.message.configrecord.ConfigRecord'>
[DEBUG _get_metrics] res_item[1] type: ConfigRecord
[DEBUG _get_metrics] res_item[1] has metrics attr: False
[DEBUG _get_metrics] res_item[1].__dict__: {'_check_key_fn': <function _check_key at 0x71ebc91c8900>, '_check_value_fn': <function _check_value at 0x71ebbe9bc9a0>, '_data': {'accuracy': 0.9760499596595764, 'loss': 0.012724821455776691, 'total_samples': 5762, 'actual_attack': 5600, 'actual_normal': 162, 'predicted_attack': 5526, 'predicted_normal': 236, 'true_positives': 5513, 'true_negatives': 149, 'false_positives': 13, 'false_negatives': 87, 'precision': 0.9976474846181687, 'recall': 0.9844642857142857, 'f1_score': 0.9910120438612259}}
[DEBUG _get_metrics] res_item[1].keys(): ['accuracy', 'loss', 'total_samples', 'actual_attack', 'actual_normal', 'predicted_attack', 'predicted_normal', 'true_positives', 'true_negatives', 'false_positives', 'false_negatives', 'precision', 'recall', 'f1_score']
[DEBUG _get_metrics] Extracted from ConfigRecord._data
[DEBUG _get_metrics] res_item[1] type: ConfigRecord
[DEBUG _get_metrics] res_item[1] has metrics attr: False
[DEBUG _get_metrics] res_item[1].__dict__: {'_check_key_fn': <function _check_key at 0x71ebc91c8900>, '_check_value_fn': <function _check_value at 0x71ebbe9bc9a0>, '_data': {'accuracy': 0.9754341244697571, 'loss': 0.017169639468193054, 'total_samples': 4722, 'actual_attack': 162, 'actual_normal': 4560, 'predicted_attack': 280, 'predicted_normal': 4442, 'true_positives': 161, 'true_negatives': 4441, 'false_positives': 119, 'false_negatives': 1, 'precision': 0.575, 'recall': 0.9938271604938271, 'f1_score': 0.7285067873303167}}
[DEBUG _get_metrics] res_item[1].keys(): ['accuracy', 'loss', 'total_samples', 'actual_attack', 'actual_normal', 'predicted_attack', 'predicted_normal', 'true_positives', 'true_negatives', 'false_positives', 'false_negatives', 'precision', 'recall', 'f1_score']
[DEBUG _get_metrics] Extracted from ConfigRecord._data
[DEBUG _get_metrics] res_item[1] type: ConfigRecord
[DEBUG _get_metrics] res_item[1] has metrics attr: False
[DEBUG _get_metrics] res_item[1].__dict__: {'_check_key_fn': <function _check_key at 0x71ebc91c8900>, '_check_value_fn': <function _check_value at 0x71ebbe9bc9a0>, '_data': {'accuracy': 0.9790551066398621, 'loss': 0.011514315381646156, 'total_samples': 10456, 'actual_attack': 10452, 'actual_normal': 4, 'predicted_attack': 10305, 'predicted_normal': 151, 'true_positives': 10305, 'true_negatives': 4, 'false_positives': 0, 'false_negatives': 147, 'precision': 1.0, 'recall': 0.9859357060849598, 'f1_score': 0.9929180517415812}}
[DEBUG _get_metrics] res_item[1].keys(): ['accuracy', 'loss', 'total_samples', 'actual_attack', 'actual_normal', 'predicted_attack', 'predicted_normal', 'true_positives', 'true_negatives', 'false_positives', 'false_negatives', 'precision', 'recall', 'f1_score'][92mINFO [0m:      
[92mINFO [0m:      [ROUND 40]
[92mINFO [0m:      configure_fit: strategy sampled 4 clients (out of 4)
[92mINFO [0m:      aggregate_fit: received 4 results and 0 failures
[92mINFO [0m:      configure_evaluate: strategy sampled 4 clients (out of 4)
[92mINFO [0m:      aggregate_evaluate: received 4 results and 0 failures
[92mINFO [0m:      
[92mINFO [0m:      [ROUND 41]
[92mINFO [0m:      configure_fit: strategy sampled 4 clients (out of 4)
[92mINFO [0m:      aggregate_fit: received 4 results and 0 failures
[92mINFO [0m:      configure_evaluate: strategy sampled 4 clients (out of 4)

[DEBUG _get_metrics] Extracted from ConfigRecord._data
[DEBUG _get_metrics] res_item[1] type: ConfigRecord
[DEBUG _get_metrics] res_item[1] has metrics attr: False
[DEBUG _get_metrics] res_item[1].__dict__: {'_check_key_fn': <function _check_key at 0x71ebc91c8900>, '_check_value_fn': <function _check_value at 0x71ebbe9bc9a0>, '_data': {'accuracy': 0.9760499596595764, 'loss': 0.012724821455776691, 'total_samples': 5762, 'actual_attack': 5600, 'actual_normal': 162, 'predicted_attack': 5526, 'predicted_normal': 236, 'true_positives': 5513, 'true_negatives': 149, 'false_positives': 13, 'false_negatives': 87, 'precision': 0.9976474846181687, 'recall': 0.9844642857142857, 'f1_score': 0.9910120438612259}}
[DEBUG _get_metrics] res_item[1].keys(): ['accuracy', 'loss', 'total_samples', 'actual_attack', 'actual_normal', 'predicted_attack', 'predicted_normal', 'true_positives', 'true_negatives', 'false_positives', 'false_negatives', 'precision', 'recall', 'f1_score']
[DEBUG _get_metrics] Extracted from ConfigRecord._data
[DEBUG] Extracted 4 metrics from results

[Evaluation Summary]
============================================================
Round: 39 / 60
Accuracy (mean):  0.9766  (97.66%)
Loss:             0.0135
[Per-Device Accuracy]
  - Device 0:  0.9760  (97.60%)
  - Device 1:  0.9754  (97.54%)
  - Device 2:  0.9791  (97.91%)
  - Device 3:  0.9760  (97.60%)

[Ground Truth]
  - Attack samples: 5600
  - Normal samples: 162
  - Total samples:  5762

[Predictions]
  - Predicted Attack:  5526
  - Predicted Normal:  236

[Confusion Matrix]
  - True Positives (TP):  5513
  - True Negatives (TN):  149
  - False Positives (FP): 13
  - False Negatives (FN): 87

[Metrics]
  - Precision:  0.8926  (89.26%)
  - Recall:     0.9872  (98.72%)
  - F1-Score:   0.9259  (92.59%)
============================================================

[36m(ClientAppActor pid=262632)[0m [Client 2] Class weights (smoothed): {0: 1.158529178995592, 1: 0.8414708210044078}[32m [repeated 12x across cluster][0m
[36m(ClientAppActor pid=262633)[0m [Client 0] ✅ Real QAT applied: 6 QuantizeWrapper layers
[36m(ClientAppActor pid=262633)[0m [Client 0] QAT enabled - model quantization-aware
[Round 40] Client contributions:
  Client samples: 8,594 (weight: 0.0662)
  Client samples: 62,856 (weight: 0.4838)
  Client samples: 8,594 (weight: 0.0662)
  Client samples: 49,871 (weight: 0.3839)
[36m(ClientAppActor pid=262632)[0m [Client 2] Class weights (smoothed): {0: 1.158529178995592, 1: 0.8414708210044078}[32m [repeated 4x across cluster][0m
[36m(ClientAppActor pid=262633)[0m [Client 0] ✅ Real QAT applied: 6 QuantizeWrapper layers
[36m(ClientAppActor pid=262633)[0m [Client 0] QAT enabled - model quantization-aware
[DEBUG] evaluate_metrics_aggregation_fn called with 4 results
[DEBUG] results type: <class 'list'>
[DEBUG] First result type: <class 'tuple'>
[DEBUG] First result length: 2
[DEBUG] results[0][0] type: <class 'int'>
[DEBUG] results[0][1] type: <class 'flwr.app.message.configrecord.ConfigRecord'>
[DEBUG _get_metrics] res_item[1] type: ConfigRecord
[DEBUG _get_metrics] res_item[1] has metrics attr: False
[DEBUG _get_metrics] res_item[1].__dict__: {'_check_key_fn': <function _check_key at 0x71ebc91c8900>, '_check_value_fn': <function _check_value at 0x71ebbe9bc9a0>, '_data': {'accuracy': 0.9777854681015015, 'loss': 0.012269017286598682, 'total_samples': 5762, 'actual_attack': 5600, 'actual_normal': 162, 'predicted_attack': 5526, 'predicted_normal': 236, 'true_positives': 5513, 'true_negatives': 149, 'false_positives': 13, 'false_negatives': 87, 'precision': 0.9976474846181687, 'recall': 0.9844642857142857, 'f1_score': 0.9910120438612259}}
[DEBUG _get_metrics] res_item[1].keys(): ['accuracy', 'loss', 'total_samples', 'actual_attack', 'actual_normal', 'predicted_attack', 'predicted_normal', 'true_positives', 'true_negatives', 'false_positives', 'false_negatives', 'precision', 'recall', 'f1_score']
[DEBUG _get_metrics] Extracted from ConfigRecord._data
[DEBUG _get_metrics] res_item[1] type: ConfigRecord
[DEBUG _get_metrics] res_item[1] has metrics attr: False
[DEBUG _get_metrics] res_item[1].__dict__: {'_check_key_fn': <function _check_key at 0x71ebc91c8900>, '_check_value_fn': <function _check_value at 0x71ebbe9bc9a0>, '_data': {'accuracy': 0.9777854681015015, 'loss': 0.012269017286598682, 'total_samples': 5762, 'actual_attack': 5600, 'actual_normal': 162, 'predicted_attack': 5526, 'predicted_normal': 236, 'true_positives': 5513, 'true_negatives': 149, 'false_positives': 13, 'false_negatives': 87, 'precision': 0.9976474846181687, 'recall': 0.9844642857142857, 'f1_score': 0.9910120438612259}}
[DEBUG _get_metrics] res_item[1].keys(): ['accuracy', 'loss', 'total_samples', 'actual_attack', 'actual_normal', 'predicted_attack', 'predicted_normal', 'true_positives', 'true_negatives', 'false_positives', 'false_negatives', 'precision', 'recall', 'f1_score']
[DEBUG _get_metrics] Extracted from ConfigRecord._data
[DEBUG _get_metrics] res_item[1] type: ConfigRecord
[DEBUG _get_metrics] res_item[1] has metrics attr: False
[DEBUG _get_metrics] res_item[1].__dict__: {'_check_key_fn': <function _check_key at 0x71ebc91c8900>, '_check_value_fn': <function _check_value at 0x71ebbe9bc9a0>, '_data': {'accuracy': 0.9802027344703674, 'loss': 0.010993125848472118, 'total_samples': 10456, 'actual_attack': 10452, 'actual_normal': 4, 'predicted_attack': 10306, 'predicted_normal': 150, 'true_positives': 10306, 'true_negatives': 4, 'false_positives': 0, 'false_negatives': 146, 'precision': 1.0, 'recall': 0.9860313815537696, 'f1_score': 0.9929665671066576}}
[DEBUG _get_metrics] res_item[1].keys(): ['accuracy', 'loss', 'total_samples', 'actual_attack', 'actual_normal', 'predicted_attack', 'predicted_normal', 'true_positives', 'true_negatives', 'false_positives', 'false_negatives', 'precision', 'recall', 'f1_score']
[DEBUG _get_metrics] Extracted from ConfigRecord._data
[DEBUG _get_metrics] res_item[1] type: ConfigRecord
[DEBUG _get_metrics] res_item[1] has metrics attr: False
[DEBUG _get_metrics] res_item[1].__dict__: {'_check_key_fn': <function _check_key at 0x71ebc91c8900>, '_check_value_fn': <function _check_value at 0x71ebbe9bc9a0>, '_data': {'accuracy': 0.975857675075531, 'loss': 0.019273852929472923, 'total_samples': 4722, 'actual_attack': 162, 'actual_normal': 4560, 'predicted_attack': 283, 'predicted_normal': 4439, 'true_positives': 161, 'true_negatives': 4438, 'false_positives': 122, 'false_negatives': 1, 'precision': 0.568904593639576, 'recall': 0.9938271604938271, 'f1_score': 0.7235955056179776}}
[DEBUG _get_metrics] res_item[1].keys(): ['accuracy', 'loss', 'total_samples', 'actual_attack', 'actual_normal', 'predicted_attack', 'predicted_normal', 'true_positives', 'true_negatives', 'false_positives', 'false_negatives', 'precision', 'recall', 'f1_score']
[DEBUG _get_metrics] Extracted from ConfigRecord._data
[DEBUG] Extracted 4 metrics from results

[Evaluation Summary]
============================================================
Round: 40 / 60
Accuracy (mean):  0.9779  (97.79%)
Loss:             0.0137
[Per-Device Accuracy]
  - Device 0:  0.9778  (97.78%)
  - Device 1:  0.9778  (97.78%)
  - Device 2:  0.9802  (98.02%)
  - Device 3:  0.9759  (97.59%)

[Ground Truth]
  - Attack samples: 5600
  - Normal samples: 162
  - Total samples:  5762

[Predictions]
  - Predicted Attack:  5526
  - Predicted Normal:  236

[Confusion Matrix]
  - True Positives (TP):  5513
  - True Negatives (TN):  149
  - False Positives (FP): 13
  - False Negatives (FN): 87

[Metrics]
  - Precision:  0.8910  (89.10%)
  - Recall:     0.9872  (98.72%)
  - F1-Score:   0.9246  (92.46%)
============================================================

[36m(ClientAppActor pid=262633)[0m [Client 0] ✅ Real QAT applied: 6 QuantizeWrapper layers
[36m(ClientAppActor pid=262633)[0m [Client 0] QAT enabled - model quantization-aware
[36m(ClientAppActor pid=262632)[0m [Client 2] Class weights (smoothed): {0: 1.158529178995592, 1: 0.8414708210044078}[32m [repeated 8x across cluster][0m
[36m(ClientAppActor pid=262633)[0m [Client 0] ✅ Real QAT applied: 6 QuantizeWrapper layers
[36m(ClientAppActor pid=262633)[0m [Client 0] QAT enabled - model quantization-aware[92mINFO [0m:      aggregate_evaluate: received 4 results and 0 failures
[92mINFO [0m:      
[92mINFO [0m:      [ROUND 42]
[92mINFO [0m:      configure_fit: strategy sampled 4 clients (out of 4)
[92mINFO [0m:      aggregate_fit: received 4 results and 0 failures
[92mINFO [0m:      configure_evaluate: strategy sampled 4 clients (out of 4)
[92mINFO [0m:      aggregate_evaluate: received 4 results and 0 failures

[DEBUG] evaluate_metrics_aggregation_fn called with 4 results
[DEBUG] results type: <class 'list'>
[DEBUG] First result type: <class 'tuple'>
[DEBUG] First result length: 2
[DEBUG] results[0][0] type: <class 'int'>
[DEBUG] results[0][1] type: <class 'flwr.app.message.configrecord.ConfigRecord'>
[DEBUG _get_metrics] res_item[1] type: ConfigRecord
[DEBUG _get_metrics] res_item[1] has metrics attr: False
[DEBUG _get_metrics] res_item[1].__dict__: {'_check_key_fn': <function _check_key at 0x71ebc91c8900>, '_check_value_fn': <function _check_value at 0x71ebbe9bc9a0>, '_data': {'accuracy': 0.9779590368270874, 'loss': 0.01208764873445034, 'total_samples': 5762, 'actual_attack': 5600, 'actual_normal': 162, 'predicted_attack': 5526, 'predicted_normal': 236, 'true_positives': 5513, 'true_negatives': 149, 'false_positives': 13, 'false_negatives': 87, 'precision': 0.9976474846181687, 'recall': 0.9844642857142857, 'f1_score': 0.9910120438612259}}
[DEBUG _get_metrics] res_item[1].keys(): ['accuracy', 'loss', 'total_samples', 'actual_attack', 'actual_normal', 'predicted_attack', 'predicted_normal', 'true_positives', 'true_negatives', 'false_positives', 'false_negatives', 'precision', 'recall', 'f1_score']
[DEBUG _get_metrics] Extracted from ConfigRecord._data
[DEBUG _get_metrics] res_item[1] type: ConfigRecord
[DEBUG _get_metrics] res_item[1] has metrics attr: False
[DEBUG _get_metrics] res_item[1].__dict__: {'_check_key_fn': <function _check_key at 0x71ebc91c8900>, '_check_value_fn': <function _check_value at 0x71ebbe9bc9a0>, '_data': {'accuracy': 0.9802983999252319, 'loss': 0.010741754435002804, 'total_samples': 10456, 'actual_attack': 10452, 'actual_normal': 4, 'predicted_attack': 10307, 'predicted_normal': 149, 'true_positives': 10307, 'true_negatives': 4, 'false_positives': 0, 'false_negatives': 145, 'precision': 1.0, 'recall': 0.9861270570225794, 'f1_score': 0.9930150777975818}}
[DEBUG _get_metrics] res_item[1].keys(): ['accuracy', 'loss', 'total_samples', 'actual_attack', 'actual_normal', 'predicted_attack', 'predicted_normal', 'true_positives', 'true_negatives', 'false_positives', 'false_negatives', 'precision', 'recall', 'f1_score']
[DEBUG _get_metrics] Extracted from ConfigRecord._data
[DEBUG _get_metrics] res_item[1] type: ConfigRecord
[DEBUG _get_metrics] res_item[1] has metrics attr: False
[DEBUG _get_metrics] res_item[1].__dict__: {'_check_key_fn': <function _check_key at 0x71ebc91c8900>, '_check_value_fn': <function _check_value at 0x71ebbe9bc9a0>, '_data': {'accuracy': 0.975857675075531, 'loss': 0.019162029027938843, 'total_samples': 4722, 'actual_attack': 162, 'actual_normal': 4560, 'predicted_attack': 280, 'predicted_normal': 4442, 'true_positives': 161, 'true_negatives': 4441, 'false_positives': 119, 'false_negatives': 1, 'precision': 0.575, 'recall': 0.9938271604938271, 'f1_score': 0.7285067873303167}}
[DEBUG _get_metrics] res_item[1].keys(): ['accuracy', 'loss', 'total_samples', 'actual_attack', 'actual_normal', 'predicted_attack', 'predicted_normal', 'true_positives', 'true_negatives', 'false_positives', 'false_negatives', 'precision', 'recall', 'f1_score']
[DEBUG _get_metrics] Extracted from ConfigRecord._data
[DEBUG _get_metrics] res_item[1] type: ConfigRecord
[DEBUG _get_metrics] res_item[1] has metrics attr: False
[DEBUG _get_metrics] res_item[1].__dict__: {'_check_key_fn': <function _check_key at 0x71ebc91c8900>, '_check_value_fn': <function _check_value at 0x71ebbe9bc9a0>, '_data': {'accuracy': 0.9779590368270874, 'loss': 0.01208764873445034, 'total_samples': 5762, 'actual_attack': 5600, 'actual_normal': 162, 'predicted_attack': 5526, 'predicted_normal': 236, 'true_positives': 5513, 'true_negatives': 149, 'false_positives': 13, 'false_negatives': 87, 'precision': 0.9976474846181687, 'recall': 0.9844642857142857, 'f1_score': 0.9910120438612259}}
[DEBUG _get_metrics] res_item[1].keys(): ['accuracy', 'loss', 'total_samples', 'actual_attack', 'actual_normal', 'predicted_attack', 'predicted_normal', 'true_positives', 'true_negatives', 'false_positives', 'false_negatives', 'precision', 'recall', 'f1_score']
[DEBUG _get_metrics] Extracted from ConfigRecord._data
[DEBUG] Extracted 4 metrics from results

[Evaluation Summary]
============================================================
Round: 41 / 60
Accuracy (mean):  0.9780  (97.80%)
Loss:             0.0135
[Per-Device Accuracy]
  - Device 0:  0.9780  (97.80%)
  - Device 1:  0.9803  (98.03%)
  - Device 2:  0.9759  (97.59%)
  - Device 3:  0.9780  (97.80%)

[Ground Truth]
  - Attack samples: 5600
  - Normal samples: 162
  - Total samples:  5762

[Predictions]
  - Predicted Attack:  5526
  - Predicted Normal:  236

[Confusion Matrix]
  - True Positives (TP):  5513
  - True Negatives (TN):  149
  - False Positives (FP): 13
  - False Negatives (FN): 87

[Metrics]
  - Precision:  0.8926  (89.26%)
  - Recall:     0.9872  (98.72%)
  - F1-Score:   0.9259  (92.59%)
============================================================

[36m(ClientAppActor pid=262633)[0m [Client 0] ✅ Real QAT applied: 6 QuantizeWrapper layers
[36m(ClientAppActor pid=262633)[0m [Client 0] QAT enabled - model quantization-aware
[36m(ClientAppActor pid=262632)[0m [Client 2] Class weights (smoothed): {0: 1.158529178995592, 1: 0.8414708210044078}[32m [repeated 8x across cluster][0m
[36m(ClientAppActor pid=262633)[0m [Client 0] ✅ Real QAT applied: 6 QuantizeWrapper layers
[36m(ClientAppActor pid=262633)[0m [Client 0] QAT enabled - model quantization-aware
[DEBUG] evaluate_metrics_aggregation_fn called with 4 results
[DEBUG] results type: <class 'list'>
[DEBUG] First result type: <class 'tuple'>
[DEBUG] First result length: 2
[DEBUG] results[0][0] type: <class 'int'>
[DEBUG] results[0][1] type: <class 'flwr.app.message.configrecord.ConfigRecord'>
[DEBUG _get_metrics] res_item[1] type: ConfigRecord
[DEBUG _get_metrics] res_item[1] has metrics attr: False
[DEBUG _get_metrics] res_item[1].__dict__: {'_check_key_fn': <function _check_key at 0x71ebc91c8900>, '_check_value_fn': <function _check_value at 0x71ebbe9bc9a0>, '_data': {'accuracy': 0.976069450378418, 'loss': 0.01913987100124359, 'total_samples': 4722, 'actual_attack': 162, 'actual_normal': 4560, 'predicted_attack': 283, 'predicted_normal': 4439, 'true_positives': 161, 'true_negatives': 4438, 'false_positives': 122, 'false_negatives': 1, 'precision': 0.568904593639576, 'recall': 0.9938271604938271, 'f1_score': 0.7235955056179776}}
[DEBUG _get_metrics] res_item[1].keys(): ['accuracy', 'loss', 'total_samples', 'actual_attack', 'actual_normal', 'predicted_attack', 'predicted_normal', 'true_positives', 'true_negatives', 'false_positives', 'false_negatives', 'precision', 'recall', 'f1_score']
[DEBUG _get_metrics] Extracted from ConfigRecord._data
[DEBUG _get_metrics] res_item[1] type: ConfigRecord
[DEBUG _get_metrics] res_item[1] has metrics attr: False
[DEBUG _get_metrics] res_item[1].__dict__: {'_check_key_fn': <function _check_key at 0x71ebc91c8900>, '_check_value_fn': <function _check_value at 0x71ebbe9bc9a0>, '_data': {'accuracy': 0.9762235283851624, 'loss': 0.011995703913271427, 'total_samples': 5762, 'actual_attack': 5600, 'actual_normal': 162, 'predicted_attack': 5527, 'predicted_normal': 235, 'true_positives': 5514, 'true_negatives': 149, 'false_positives': 13, 'false_negatives': 86, 'precision': 0.9976479102587299, 'recall': 0.9846428571428572, 'f1_score': 0.9911027231059586}}
[DEBUG _get_metrics] res_item[1].keys(): ['accuracy', 'loss', 'total_samples', 'actual_attack', 'actual_normal', 'predicted_attack', 'predicted_normal', 'true_positives', 'true_negatives', 'false_positives', 'false_negatives', 'precision', 'recall', 'f1_score']
[DEBUG _get_metrics] Extracted from ConfigRecord._data
[DEBUG _get_metrics] res_item[1] type: ConfigRecord
[DEBUG _get_metrics] res_item[1] has metrics attr: False
[DEBUG _get_metrics] res_item[1].__dict__: {'_check_key_fn': <function _check_key at 0x71ebc91c8900>, '_check_value_fn': <function _check_value at 0x71ebbe9bc9a0>, '_data': {'accuracy': 0.9791507124900818, 'loss': 0.010641003027558327, 'total_samples': 10456, 'actual_attack': 10452, 'actual_normal': 4, 'predicted_attack': 10307, 'predicted_normal': 149, 'true_positives': 10307, 'true_negatives': 4, 'false_positives': 0, 'false_negatives': 145, 'precision': 1.0, 'recall': 0.9861270570225794, 'f1_score': 0.9930150777975818}}[92mINFO [0m:      
[92mINFO [0m:      [ROUND 43]
[92mINFO [0m:      configure_fit: strategy sampled 4 clients (out of 4)
[92mINFO [0m:      aggregate_fit: received 4 results and 0 failures
[92mINFO [0m:      configure_evaluate: strategy sampled 4 clients (out of 4)
[92mINFO [0m:      aggregate_evaluate: received 4 results and 0 failures
[92mINFO [0m:      
[92mINFO [0m:      [ROUND 44]
[92mINFO [0m:      configure_fit: strategy sampled 4 clients (out of 4)
[92mINFO [0m:      aggregate_fit: received 4 results and 0 failures
[92mINFO [0m:      configure_evaluate: strategy sampled 4 clients (out of 4)
[92mINFO [0m:      aggregate_evaluate: received 4 results and 0 failures

[DEBUG _get_metrics] res_item[1].keys(): ['accuracy', 'loss', 'total_samples', 'actual_attack', 'actual_normal', 'predicted_attack', 'predicted_normal', 'true_positives', 'true_negatives', 'false_positives', 'false_negatives', 'precision', 'recall', 'f1_score']
[DEBUG _get_metrics] Extracted from ConfigRecord._data
[DEBUG _get_metrics] res_item[1] type: ConfigRecord
[DEBUG _get_metrics] res_item[1] has metrics attr: False
[DEBUG _get_metrics] res_item[1].__dict__: {'_check_key_fn': <function _check_key at 0x71ebc91c8900>, '_check_value_fn': <function _check_value at 0x71ebbe9bc9a0>, '_data': {'accuracy': 0.9762235283851624, 'loss': 0.011995703913271427, 'total_samples': 5762, 'actual_attack': 5600, 'actual_normal': 162, 'predicted_attack': 5527, 'predicted_normal': 235, 'true_positives': 5514, 'true_negatives': 149, 'false_positives': 13, 'false_negatives': 86, 'precision': 0.9976479102587299, 'recall': 0.9846428571428572, 'f1_score': 0.9911027231059586}}
[DEBUG _get_metrics] res_item[1].keys(): ['accuracy', 'loss', 'total_samples', 'actual_attack', 'actual_normal', 'predicted_attack', 'predicted_normal', 'true_positives', 'true_negatives', 'false_positives', 'false_negatives', 'precision', 'recall', 'f1_score']
[DEBUG _get_metrics] Extracted from ConfigRecord._data
[DEBUG] Extracted 4 metrics from results

[Evaluation Summary]
============================================================
Round: 42 / 60
Accuracy (mean):  0.9769  (97.69%)
Loss:             0.0134
[Per-Device Accuracy]
  - Device 0:  0.9761  (97.61%)
  - Device 1:  0.9762  (97.62%)
  - Device 2:  0.9792  (97.92%)
  - Device 3:  0.9762  (97.62%)

[Ground Truth]
  - Attack samples: 162
  - Normal samples: 4560
  - Total samples:  4722

[Predictions]
  - Predicted Attack:  283
  - Predicted Normal:  4439

[Confusion Matrix]
  - True Positives (TP):  161
  - True Negatives (TN):  4438
  - False Positives (FP): 122
  - False Negatives (FN): 1

[Metrics]
  - Precision:  0.8911  (89.11%)
  - Recall:     0.9873  (98.73%)
  - F1-Score:   0.9247  (92.47%)
============================================================

[36m(ClientAppActor pid=262633)[0m [Client 0] ✅ Real QAT applied: 6 QuantizeWrapper layers
[36m(ClientAppActor pid=262633)[0m [Client 0] QAT enabled - model quantization-aware
[36m(ClientAppActor pid=262632)[0m [Client 2] Class weights (smoothed): {0: 1.158529178995592, 1: 0.8414708210044078}[32m [repeated 8x across cluster][0m
[36m(ClientAppActor pid=262633)[0m [Client 0] ✅ Real QAT applied: 6 QuantizeWrapper layers
[36m(ClientAppActor pid=262633)[0m [Client 0] QAT enabled - model quantization-aware
[DEBUG] evaluate_metrics_aggregation_fn called with 4 results
[DEBUG] results type: <class 'list'>
[DEBUG] First result type: <class 'tuple'>
[DEBUG] First result length: 2
[DEBUG] results[0][0] type: <class 'int'>
[DEBUG] results[0][1] type: <class 'flwr.app.message.configrecord.ConfigRecord'>
[DEBUG _get_metrics] res_item[1] type: ConfigRecord
[DEBUG _get_metrics] res_item[1] has metrics attr: False
[DEBUG _get_metrics] res_item[1].__dict__: {'_check_key_fn': <function _check_key at 0x71ebc91c8900>, '_check_value_fn': <function _check_value at 0x71ebbe9bc9a0>, '_data': {'accuracy': 0.9779590368270874, 'loss': 0.012410571798682213, 'total_samples': 5762, 'actual_attack': 5600, 'actual_normal': 162, 'predicted_attack': 5526, 'predicted_normal': 236, 'true_positives': 5514, 'true_negatives': 150, 'false_positives': 12, 'false_negatives': 86, 'precision': 0.997828447339848, 'recall': 0.9846428571428572, 'f1_score': 0.9911918029840014}}
[DEBUG _get_metrics] res_item[1].keys(): ['accuracy', 'loss', 'total_samples', 'actual_attack', 'actual_normal', 'predicted_attack', 'predicted_normal', 'true_positives', 'true_negatives', 'false_positives', 'false_negatives', 'precision', 'recall', 'f1_score']
[DEBUG _get_metrics] Extracted from ConfigRecord._data
[DEBUG _get_metrics] res_item[1] type: ConfigRecord
[DEBUG _get_metrics] res_item[1] has metrics attr: False
[DEBUG _get_metrics] res_item[1].__dict__: {'_check_key_fn': <function _check_key at 0x71ebc91c8900>, '_check_value_fn': <function _check_value at 0x71ebbe9bc9a0>, '_data': {'accuracy': 0.9802983999252319, 'loss': 0.0110531747341156, 'total_samples': 10456, 'actual_attack': 10452, 'actual_normal': 4, 'predicted_attack': 10308, 'predicted_normal': 148, 'true_positives': 10308, 'true_negatives': 4, 'false_positives': 0, 'false_negatives': 144, 'precision': 1.0, 'recall': 0.9862227324913893, 'f1_score': 0.9930635838150289}}
[DEBUG _get_metrics] res_item[1].keys(): ['accuracy', 'loss', 'total_samples', 'actual_attack', 'actual_normal', 'predicted_attack', 'predicted_normal', 'true_positives', 'true_negatives', 'false_positives', 'false_negatives', 'precision', 'recall', 'f1_score']
[DEBUG _get_metrics] Extracted from ConfigRecord._data
[DEBUG _get_metrics] res_item[1] type: ConfigRecord
[DEBUG _get_metrics] res_item[1] has metrics attr: False
[DEBUG _get_metrics] res_item[1].__dict__: {'_check_key_fn': <function _check_key at 0x71ebc91c8900>, '_check_value_fn': <function _check_value at 0x71ebbe9bc9a0>, '_data': {'accuracy': 0.975857675075531, 'loss': 0.01871630735695362, 'total_samples': 4722, 'actual_attack': 162, 'actual_normal': 4560, 'predicted_attack': 280, 'predicted_normal': 4442, 'true_positives': 161, 'true_negatives': 4441, 'false_positives': 119, 'false_negatives': 1, 'precision': 0.575, 'recall': 0.9938271604938271, 'f1_score': 0.7285067873303167}}
[DEBUG _get_metrics] res_item[1].keys(): ['accuracy', 'loss', 'total_samples', 'actual_attack', 'actual_normal', 'predicted_attack', 'predicted_normal', 'true_positives', 'true_negatives', 'false_positives', 'false_negatives', 'precision', 'recall', 'f1_score']
[DEBUG _get_metrics] Extracted from ConfigRecord._data
[DEBUG _get_metrics] res_item[1] type: ConfigRecord
[DEBUG _get_metrics] res_item[1] has metrics attr: False
[DEBUG _get_metrics] res_item[1].__dict__: {'_check_key_fn': <function _check_key at 0x71ebc91c8900>, '_check_value_fn': <function _check_value at 0x71ebbe9bc9a0>, '_data': {'accuracy': 0.9779590368270874, 'loss': 0.012410571798682213, 'total_samples': 5762, 'actual_attack': 5600, 'actual_normal': 162, 'predicted_attack': 5526, 'predicted_normal': 236, 'true_positives': 5514, 'true_negatives': 150, 'false_positives': 12, 'false_negatives': 86, 'precision': 0.997828447339848, 'recall': 0.9846428571428572, 'f1_score': 0.9911918029840014}}
[DEBUG _get_metrics] res_item[1].keys(): ['accuracy', 'loss', 'total_samples', 'actual_attack', 'actual_normal', 'predicted_attack', 'predicted_normal', 'true_positives', 'true_negatives', 'false_positives', 'false_negatives', 'precision', 'recall', 'f1_score']
[DEBUG _get_metrics] Extracted from ConfigRecord._data
[DEBUG] Extracted 4 metrics from results

[Evaluation Summary]
============================================================
Round: 43 / 60
Accuracy (mean):  0.9780  (97.80%)
Loss:             0.0136
[Per-Device Accuracy]
  - Device 0:  0.9780  (97.80%)
  - Device 1:  0.9803  (98.03%)
  - Device 2:  0.9759  (97.59%)
  - Device 3:  0.9780  (97.80%)

[Ground Truth]
  - Attack samples: 5600
  - Normal samples: 162
  - Total samples:  5762

[Predictions]
  - Predicted Attack:  5526
  - Predicted Normal:  236

[Confusion Matrix]
  - True Positives (TP):  5514
  - True Negatives (TN):  150
  - False Positives (FP): 12
  - False Negatives (FN): 86

[Metrics]
  - Precision:  0.8927  (89.27%)
  - Recall:     0.9873  (98.73%)
  - F1-Score:   0.9260  (92.60%)
============================================================

[36m(ClientAppActor pid=262633)[0m [Client 0] ✅ Real QAT applied: 6 QuantizeWrapper layers
[36m(ClientAppActor pid=262633)[0m [Client 0] QAT enabled - model quantization-aware
[36m(ClientAppActor pid=262633)[0m [Client 0] ✅ Real QAT applied: 6 QuantizeWrapper layers
[36m(ClientAppActor pid=262633)[0m [Client 0] QAT enabled - model quantization-aware
[DEBUG] evaluate_metrics_aggregation_fn called with 4 results
[DEBUG] results type: <class 'list'>
[DEBUG] First result type: <class 'tuple'>
[DEBUG] First result length: 2
[DEBUG] results[0][0] type: <class 'int'>
[DEBUG] results[0][1] type: <class 'flwr.app.message.configrecord.ConfigRecord'>[92mINFO [0m:      
[92mINFO [0m:      [ROUND 45]
[92mINFO [0m:      configure_fit: strategy sampled 4 clients (out of 4)
[92mINFO [0m:      aggregate_fit: received 4 results and 0 failures
[92mINFO [0m:      configure_evaluate: strategy sampled 4 clients (out of 4)
[92mINFO [0m:      aggregate_evaluate: received 4 results and 0 failures

[DEBUG _get_metrics] res_item[1] type: ConfigRecord
[DEBUG _get_metrics] res_item[1] has metrics attr: False
[DEBUG _get_metrics] res_item[1].__dict__: {'_check_key_fn': <function _check_key at 0x71ebc91c8900>, '_check_value_fn': <function _check_value at 0x71ebbe9bc9a0>, '_data': {'accuracy': 0.9826449155807495, 'loss': 0.012539111077785492, 'total_samples': 5762, 'actual_attack': 5600, 'actual_normal': 162, 'predicted_attack': 5526, 'predicted_normal': 236, 'true_positives': 5514, 'true_negatives': 150, 'false_positives': 12, 'false_negatives': 86, 'precision': 0.997828447339848, 'recall': 0.9846428571428572, 'f1_score': 0.9911918029840014}}
[DEBUG _get_metrics] res_item[1].keys(): ['accuracy', 'loss', 'total_samples', 'actual_attack', 'actual_normal', 'predicted_attack', 'predicted_normal', 'true_positives', 'true_negatives', 'false_positives', 'false_negatives', 'precision', 'recall', 'f1_score']
[DEBUG _get_metrics] Extracted from ConfigRecord._data
[DEBUG _get_metrics] res_item[1] type: ConfigRecord
[DEBUG _get_metrics] res_item[1] has metrics attr: False
[DEBUG _get_metrics] res_item[1].__dict__: {'_check_key_fn': <function _check_key at 0x71ebc91c8900>, '_check_value_fn': <function _check_value at 0x71ebbe9bc9a0>, '_data': {'accuracy': 0.9752223491668701, 'loss': 0.018273206427693367, 'total_samples': 4722, 'actual_attack': 162, 'actual_normal': 4560, 'predicted_attack': 280, 'predicted_normal': 4442, 'true_positives': 161, 'true_negatives': 4441, 'false_positives': 119, 'false_negatives': 1, 'precision': 0.575, 'recall': 0.9938271604938271, 'f1_score': 0.7285067873303167}}
[DEBUG _get_metrics] res_item[1].keys(): ['accuracy', 'loss', 'total_samples', 'actual_attack', 'actual_normal', 'predicted_attack', 'predicted_normal', 'true_positives', 'true_negatives', 'false_positives', 'false_negatives', 'precision', 'recall', 'f1_score']
[DEBUG _get_metrics] Extracted from ConfigRecord._data
[DEBUG _get_metrics] res_item[1] type: ConfigRecord
[DEBUG _get_metrics] res_item[1] has metrics attr: False
[DEBUG _get_metrics] res_item[1].__dict__: {'_check_key_fn': <function _check_key at 0x71ebc91c8900>, '_check_value_fn': <function _check_value at 0x71ebbe9bc9a0>, '_data': {'accuracy': 0.9858454465866089, 'loss': 0.011293279007077217, 'total_samples': 10456, 'actual_attack': 10452, 'actual_normal': 4, 'predicted_attack': 10308, 'predicted_normal': 148, 'true_positives': 10308, 'true_negatives': 4, 'false_positives': 0, 'false_negatives': 144, 'precision': 1.0, 'recall': 0.9862227324913893, 'f1_score': 0.9930635838150289}}
[DEBUG _get_metrics] res_item[1].keys(): ['accuracy', 'loss', 'total_samples', 'actual_attack', 'actual_normal', 'predicted_attack', 'predicted_normal', 'true_positives', 'true_negatives', 'false_positives', 'false_negatives', 'precision', 'recall', 'f1_score']
[DEBUG _get_metrics] Extracted from ConfigRecord._data
[DEBUG _get_metrics] res_item[1] type: ConfigRecord
[DEBUG _get_metrics] res_item[1] has metrics attr: False
[DEBUG _get_metrics] res_item[1].__dict__: {'_check_key_fn': <function _check_key at 0x71ebc91c8900>, '_check_value_fn': <function _check_value at 0x71ebbe9bc9a0>, '_data': {'accuracy': 0.9826449155807495, 'loss': 0.012539111077785492, 'total_samples': 5762, 'actual_attack': 5600, 'actual_normal': 162, 'predicted_attack': 5526, 'predicted_normal': 236, 'true_positives': 5514, 'true_negatives': 150, 'false_positives': 12, 'false_negatives': 86, 'precision': 0.997828447339848, 'recall': 0.9846428571428572, 'f1_score': 0.9911918029840014}}
[DEBUG _get_metrics] res_item[1].keys(): ['accuracy', 'loss', 'total_samples', 'actual_attack', 'actual_normal', 'predicted_attack', 'predicted_normal', 'true_positives', 'true_negatives', 'false_positives', 'false_negatives', 'precision', 'recall', 'f1_score']
[DEBUG _get_metrics] Extracted from ConfigRecord._data
[DEBUG] Extracted 4 metrics from results

[Evaluation Summary]
============================================================
Round: 44 / 60
Accuracy (mean):  0.9816  (98.16%)
Loss:             0.0137
[Per-Device Accuracy]
  - Device 0:  0.9826  (98.26%)
  - Device 1:  0.9752  (97.52%)
  - Device 2:  0.9858  (98.58%)
  - Device 3:  0.9826  (98.26%)

[Ground Truth]
  - Attack samples: 5600
  - Normal samples: 162
  - Total samples:  5762

[Predictions]
  - Predicted Attack:  5526
  - Predicted Normal:  236

[Confusion Matrix]
  - True Positives (TP):  5514
  - True Negatives (TN):  150
  - False Positives (FP): 12
  - False Negatives (FN): 86

[Metrics]
  - Precision:  0.8927  (89.27%)
  - Recall:     0.9873  (98.73%)
  - F1-Score:   0.9260  (92.60%)
============================================================

[36m(ClientAppActor pid=262632)[0m [Client 2] Class weights (smoothed): {0: 1.158529178995592, 1: 0.8414708210044078}[32m [repeated 12x across cluster][0m
[36m(ClientAppActor pid=262633)[0m [Client 0] ✅ Real QAT applied: 6 QuantizeWrapper layers
[36m(ClientAppActor pid=262633)[0m [Client 0] QAT enabled - model quantization-aware
[Round 45] Client contributions:
  Client samples: 8,594 (weight: 0.0662)
  Client samples: 8,594 (weight: 0.0662)
  Client samples: 62,856 (weight: 0.4838)
  Client samples: 49,871 (weight: 0.3839)
[36m(ClientAppActor pid=262632)[0m [Client 2] Class weights (smoothed): {0: 1.158529178995592, 1: 0.8414708210044078}[32m [repeated 4x across cluster][0m
[36m(ClientAppActor pid=262633)[0m [Client 0] ✅ Real QAT applied: 6 QuantizeWrapper layers
[36m(ClientAppActor pid=262633)[0m [Client 0] QAT enabled - model quantization-aware
[DEBUG] evaluate_metrics_aggregation_fn called with 4 results
[DEBUG] results type: <class 'list'>
[DEBUG] First result type: <class 'tuple'>
[DEBUG] First result length: 2
[DEBUG] results[0][0] type: <class 'int'>
[DEBUG] results[0][1] type: <class 'flwr.app.message.configrecord.ConfigRecord'>
[DEBUG _get_metrics] res_item[1] type: ConfigRecord
[DEBUG _get_metrics] res_item[1] has metrics attr: False
[DEBUG _get_metrics] res_item[1].__dict__: {'_check_key_fn': <function _check_key at 0x71ebc91c8900>, '_check_value_fn': <function _check_value at 0x71ebbe9bc9a0>, '_data': {'accuracy': 0.9781326055526733, 'loss': 0.012617014348506927, 'total_samples': 5762, 'actual_attack': 5600, 'actual_normal': 162, 'predicted_attack': 5526, 'predicted_normal': 236, 'true_positives': 5514, 'true_negatives': 150, 'false_positives': 12, 'false_negatives': 86, 'precision': 0.997828447339848, 'recall': 0.9846428571428572, 'f1_score': 0.9911918029840014}}
[DEBUG _get_metrics] res_item[1].keys(): ['accuracy', 'loss', 'total_samples', 'actual_attack', 'actual_normal', 'predicted_attack', 'predicted_normal', 'true_positives', 'true_negatives', 'false_positives', 'false_negatives', 'precision', 'recall', 'f1_score']
[DEBUG _get_metrics] Extracted from ConfigRecord._data
[DEBUG _get_metrics] res_item[1] type: ConfigRecord
[DEBUG _get_metrics] res_item[1] has metrics attr: False
[DEBUG _get_metrics] res_item[1].__dict__: {'_check_key_fn': <function _check_key at 0x71ebc91c8900>, '_check_value_fn': <function _check_value at 0x71ebbe9bc9a0>, '_data': {'accuracy': 0.975857675075531, 'loss': 0.01809799112379551, 'total_samples': 4722, 'actual_attack': 162, 'actual_normal': 4560, 'predicted_attack': 280, 'predicted_normal': 4442, 'true_positives': 161, 'true_negatives': 4441, 'false_positives': 119, 'false_negatives': 1, 'precision': 0.575, 'recall': 0.9938271604938271, 'f1_score': 0.7285067873303167}}
[DEBUG _get_metrics] res_item[1].keys(): ['accuracy', 'loss', 'total_samples', 'actual_attack', 'actual_normal', 'predicted_attack', 'predicted_normal', 'true_positives', 'true_negatives', 'false_positives', 'false_negatives', 'precision', 'recall', 'f1_score']
[DEBUG _get_metrics] Extracted from ConfigRecord._data
[DEBUG _get_metrics] res_item[1] type: ConfigRecord
[DEBUG _get_metrics] res_item[1] has metrics attr: False
[DEBUG _get_metrics] res_item[1].__dict__: {'_check_key_fn': <function _check_key at 0x71ebc91c8900>, '_check_value_fn': <function _check_value at 0x71ebbe9bc9a0>, '_data': {'accuracy': 0.9805853366851807, 'loss': 0.011373888701200485, 'total_samples': 10456, 'actual_attack': 10452, 'actual_normal': 4, 'predicted_attack': 10308, 'predicted_normal': 148, 'true_positives': 10308, 'true_negatives': 4, 'false_positives': 0, 'false_negatives': 144, 'precision': 1.0, 'recall': 0.9862227324913893, 'f1_score': 0.9930635838150289}}[92mINFO [0m:      
[92mINFO [0m:      [ROUND 46]
[92mINFO [0m:      configure_fit: strategy sampled 4 clients (out of 4)
[92mINFO [0m:      aggregate_fit: received 4 results and 0 failures
[92mINFO [0m:      configure_evaluate: strategy sampled 4 clients (out of 4)
[92mINFO [0m:      aggregate_evaluate: received 4 results and 0 failures
[92mINFO [0m:      
[92mINFO [0m:      [ROUND 47]
[92mINFO [0m:      configure_fit: strategy sampled 4 clients (out of 4)
[92mINFO [0m:      aggregate_fit: received 4 results and 0 failures
[92mINFO [0m:      configure_evaluate: strategy sampled 4 clients (out of 4)
[92mINFO [0m:      aggregate_evaluate: received 4 results and 0 failures

[DEBUG _get_metrics] res_item[1].keys(): ['accuracy', 'loss', 'total_samples', 'actual_attack', 'actual_normal', 'predicted_attack', 'predicted_normal', 'true_positives', 'true_negatives', 'false_positives', 'false_negatives', 'precision', 'recall', 'f1_score']
[DEBUG _get_metrics] Extracted from ConfigRecord._data
[DEBUG _get_metrics] res_item[1] type: ConfigRecord
[DEBUG _get_metrics] res_item[1] has metrics attr: False
[DEBUG _get_metrics] res_item[1].__dict__: {'_check_key_fn': <function _check_key at 0x71ebc91c8900>, '_check_value_fn': <function _check_value at 0x71ebbe9bc9a0>, '_data': {'accuracy': 0.9781326055526733, 'loss': 0.012617014348506927, 'total_samples': 5762, 'actual_attack': 5600, 'actual_normal': 162, 'predicted_attack': 5526, 'predicted_normal': 236, 'true_positives': 5514, 'true_negatives': 150, 'false_positives': 12, 'false_negatives': 86, 'precision': 0.997828447339848, 'recall': 0.9846428571428572, 'f1_score': 0.9911918029840014}}
[DEBUG _get_metrics] res_item[1].keys(): ['accuracy', 'loss', 'total_samples', 'actual_attack', 'actual_normal', 'predicted_attack', 'predicted_normal', 'true_positives', 'true_negatives', 'false_positives', 'false_negatives', 'precision', 'recall', 'f1_score']
[DEBUG _get_metrics] Extracted from ConfigRecord._data
[DEBUG] Extracted 4 metrics from results

[Evaluation Summary]
============================================================
Round: 45 / 60
Accuracy (mean):  0.9782  (97.82%)
Loss:             0.0137
[Per-Device Accuracy]
  - Device 0:  0.9781  (97.81%)
  - Device 1:  0.9759  (97.59%)
  - Device 2:  0.9806  (98.06%)
  - Device 3:  0.9781  (97.81%)

[Ground Truth]
  - Attack samples: 5600
  - Normal samples: 162
  - Total samples:  5762

[Predictions]
  - Predicted Attack:  5526
  - Predicted Normal:  236

[Confusion Matrix]
  - True Positives (TP):  5514
  - True Negatives (TN):  150
  - False Positives (FP): 12
  - False Negatives (FN): 86

[Metrics]
  - Precision:  0.8927  (89.27%)
  - Recall:     0.9873  (98.73%)
  - F1-Score:   0.9260  (92.60%)
============================================================

[36m(ClientAppActor pid=262633)[0m [Client 0] ✅ Real QAT applied: 6 QuantizeWrapper layers
[36m(ClientAppActor pid=262633)[0m [Client 0] QAT enabled - model quantization-aware
[36m(ClientAppActor pid=262632)[0m [Client 2] Class weights (smoothed): {0: 1.158529178995592, 1: 0.8414708210044078}[32m [repeated 8x across cluster][0m
[36m(ClientAppActor pid=262633)[0m [Client 0] ✅ Real QAT applied: 6 QuantizeWrapper layers
[36m(ClientAppActor pid=262633)[0m [Client 0] QAT enabled - model quantization-aware
[DEBUG] evaluate_metrics_aggregation_fn called with 4 results
[DEBUG] results type: <class 'list'>
[DEBUG] First result type: <class 'tuple'>
[DEBUG] First result length: 2
[DEBUG] results[0][0] type: <class 'int'>
[DEBUG] results[0][1] type: <class 'flwr.app.message.configrecord.ConfigRecord'>
[DEBUG _get_metrics] res_item[1] type: ConfigRecord
[DEBUG _get_metrics] res_item[1] has metrics attr: False
[DEBUG _get_metrics] res_item[1].__dict__: {'_check_key_fn': <function _check_key at 0x71ebc91c8900>, '_check_value_fn': <function _check_value at 0x71ebbe9bc9a0>, '_data': {'accuracy': 0.9763970971107483, 'loss': 0.012522038072347641, 'total_samples': 5762, 'actual_attack': 5600, 'actual_normal': 162, 'predicted_attack': 5526, 'predicted_normal': 236, 'true_positives': 5514, 'true_negatives': 150, 'false_positives': 12, 'false_negatives': 86, 'precision': 0.997828447339848, 'recall': 0.9846428571428572, 'f1_score': 0.9911918029840014}}
[DEBUG _get_metrics] res_item[1].keys(): ['accuracy', 'loss', 'total_samples', 'actual_attack', 'actual_normal', 'predicted_attack', 'predicted_normal', 'true_positives', 'true_negatives', 'false_positives', 'false_negatives', 'precision', 'recall', 'f1_score']
[DEBUG _get_metrics] Extracted from ConfigRecord._data
[DEBUG _get_metrics] res_item[1] type: ConfigRecord
[DEBUG _get_metrics] res_item[1] has metrics attr: False
[DEBUG _get_metrics] res_item[1].__dict__: {'_check_key_fn': <function _check_key at 0x71ebc91c8900>, '_check_value_fn': <function _check_value at 0x71ebbe9bc9a0>, '_data': {'accuracy': 0.9786725044250488, 'loss': 0.011240098625421524, 'total_samples': 10456, 'actual_attack': 10452, 'actual_normal': 4, 'predicted_attack': 10308, 'predicted_normal': 148, 'true_positives': 10308, 'true_negatives': 4, 'false_positives': 0, 'false_negatives': 144, 'precision': 1.0, 'recall': 0.9862227324913893, 'f1_score': 0.9930635838150289}}
[DEBUG _get_metrics] res_item[1].keys(): ['accuracy', 'loss', 'total_samples', 'actual_attack', 'actual_normal', 'predicted_attack', 'predicted_normal', 'true_positives', 'true_negatives', 'false_positives', 'false_negatives', 'precision', 'recall', 'f1_score']
[DEBUG _get_metrics] Extracted from ConfigRecord._data
[DEBUG _get_metrics] res_item[1] type: ConfigRecord
[DEBUG _get_metrics] res_item[1] has metrics attr: False
[DEBUG _get_metrics] res_item[1].__dict__: {'_check_key_fn': <function _check_key at 0x71ebc91c8900>, '_check_value_fn': <function _check_value at 0x71ebbe9bc9a0>, '_data': {'accuracy': 0.9763970971107483, 'loss': 0.012522038072347641, 'total_samples': 5762, 'actual_attack': 5600, 'actual_normal': 162, 'predicted_attack': 5526, 'predicted_normal': 236, 'true_positives': 5514, 'true_negatives': 150, 'false_positives': 12, 'false_negatives': 86, 'precision': 0.997828447339848, 'recall': 0.9846428571428572, 'f1_score': 0.9911918029840014}}
[DEBUG _get_metrics] res_item[1].keys(): ['accuracy', 'loss', 'total_samples', 'actual_attack', 'actual_normal', 'predicted_attack', 'predicted_normal', 'true_positives', 'true_negatives', 'false_positives', 'false_negatives', 'precision', 'recall', 'f1_score']
[DEBUG _get_metrics] Extracted from ConfigRecord._data
[DEBUG _get_metrics] res_item[1] type: ConfigRecord
[DEBUG _get_metrics] res_item[1] has metrics attr: False
[DEBUG _get_metrics] res_item[1].__dict__: {'_check_key_fn': <function _check_key at 0x71ebc91c8900>, '_check_value_fn': <function _check_value at 0x71ebbe9bc9a0>, '_data': {'accuracy': 0.976069450378418, 'loss': 0.01786987856030464, 'total_samples': 4722, 'actual_attack': 162, 'actual_normal': 4560, 'predicted_attack': 280, 'predicted_normal': 4442, 'true_positives': 161, 'true_negatives': 4441, 'false_positives': 119, 'false_negatives': 1, 'precision': 0.575, 'recall': 0.9938271604938271, 'f1_score': 0.7285067873303167}}
[DEBUG _get_metrics] res_item[1].keys(): ['accuracy', 'loss', 'total_samples', 'actual_attack', 'actual_normal', 'predicted_attack', 'predicted_normal', 'true_positives', 'true_negatives', 'false_positives', 'false_negatives', 'precision', 'recall', 'f1_score']
[DEBUG _get_metrics] Extracted from ConfigRecord._data
[DEBUG] Extracted 4 metrics from results

[Evaluation Summary]
============================================================
Round: 46 / 60
Accuracy (mean):  0.9769  (97.69%)
Loss:             0.0135
[Per-Device Accuracy]
  - Device 0:  0.9764  (97.64%)
  - Device 1:  0.9787  (97.87%)
  - Device 2:  0.9764  (97.64%)
  - Device 3:  0.9761  (97.61%)

[Ground Truth]
  - Attack samples: 5600
  - Normal samples: 162
  - Total samples:  5762

[Predictions]
  - Predicted Attack:  5526
  - Predicted Normal:  236

[Confusion Matrix]
  - True Positives (TP):  5514
  - True Negatives (TN):  150
  - False Positives (FP): 12
  - False Negatives (FN): 86

[Metrics]
  - Precision:  0.8927  (89.27%)
  - Recall:     0.9873  (98.73%)
  - F1-Score:   0.9260  (92.60%)
============================================================

[36m(ClientAppActor pid=262633)[0m [Client 0] ✅ Real QAT applied: 6 QuantizeWrapper layers
[36m(ClientAppActor pid=262633)[0m [Client 0] QAT enabled - model quantization-aware
[36m(ClientAppActor pid=262632)[0m [Client 2] Class weights (smoothed): {0: 1.158529178995592, 1: 0.8414708210044078}[32m [repeated 8x across cluster][0m
[36m(ClientAppActor pid=262633)[0m [Client 0] ✅ Real QAT applied: 6 QuantizeWrapper layers
[36m(ClientAppActor pid=262633)[0m [Client 0] QAT enabled - model quantization-aware
[DEBUG] evaluate_metrics_aggregation_fn called with 4 results
[DEBUG] results type: <class 'list'>[92mINFO [0m:      
[92mINFO [0m:      [ROUND 48]
[92mINFO [0m:      configure_fit: strategy sampled 4 clients (out of 4)
[92mINFO [0m:      aggregate_fit: received 4 results and 0 failures
[92mINFO [0m:      configure_evaluate: strategy sampled 4 clients (out of 4)
[92mINFO [0m:      aggregate_evaluate: received 4 results and 0 failures

[DEBUG] First result type: <class 'tuple'>
[DEBUG] First result length: 2
[DEBUG] results[0][0] type: <class 'int'>
[DEBUG] results[0][1] type: <class 'flwr.app.message.configrecord.ConfigRecord'>
[DEBUG _get_metrics] res_item[1] type: ConfigRecord
[DEBUG _get_metrics] res_item[1] has metrics attr: False
[DEBUG _get_metrics] res_item[1].__dict__: {'_check_key_fn': <function _check_key at 0x71ebc91c8900>, '_check_value_fn': <function _check_value at 0x71ebbe9bc9a0>, '_data': {'accuracy': 0.9812564849853516, 'loss': 0.012173607014119625, 'total_samples': 5762, 'actual_attack': 5600, 'actual_normal': 162, 'predicted_attack': 5526, 'predicted_normal': 236, 'true_positives': 5514, 'true_negatives': 150, 'false_positives': 12, 'false_negatives': 86, 'precision': 0.997828447339848, 'recall': 0.9846428571428572, 'f1_score': 0.9911918029840014}}
[DEBUG _get_metrics] res_item[1].keys(): ['accuracy', 'loss', 'total_samples', 'actual_attack', 'actual_normal', 'predicted_attack', 'predicted_normal', 'true_positives', 'true_negatives', 'false_positives', 'false_negatives', 'precision', 'recall', 'f1_score']
[DEBUG _get_metrics] Extracted from ConfigRecord._data
[DEBUG _get_metrics] res_item[1] type: ConfigRecord
[DEBUG _get_metrics] res_item[1] has metrics attr: False
[DEBUG _get_metrics] res_item[1].__dict__: {'_check_key_fn': <function _check_key at 0x71ebc91c8900>, '_check_value_fn': <function _check_value at 0x71ebbe9bc9a0>, '_data': {'accuracy': 0.9812564849853516, 'loss': 0.012173607014119625, 'total_samples': 5762, 'actual_attack': 5600, 'actual_normal': 162, 'predicted_attack': 5526, 'predicted_normal': 236, 'true_positives': 5514, 'true_negatives': 150, 'false_positives': 12, 'false_negatives': 86, 'precision': 0.997828447339848, 'recall': 0.9846428571428572, 'f1_score': 0.9911918029840014}}
[DEBUG _get_metrics] res_item[1].keys(): ['accuracy', 'loss', 'total_samples', 'actual_attack', 'actual_normal', 'predicted_attack', 'predicted_normal', 'true_positives', 'true_negatives', 'false_positives', 'false_negatives', 'precision', 'recall', 'f1_score']
[DEBUG _get_metrics] Extracted from ConfigRecord._data
[DEBUG _get_metrics] res_item[1] type: ConfigRecord
[DEBUG _get_metrics] res_item[1] has metrics attr: False
[DEBUG _get_metrics] res_item[1].__dict__: {'_check_key_fn': <function _check_key at 0x71ebc91c8900>, '_check_value_fn': <function _check_value at 0x71ebbe9bc9a0>, '_data': {'accuracy': 0.9754341244697571, 'loss': 0.0177801214158535, 'total_samples': 4722, 'actual_attack': 162, 'actual_normal': 4560, 'predicted_attack': 280, 'predicted_normal': 4442, 'true_positives': 161, 'true_negatives': 4441, 'false_positives': 119, 'false_negatives': 1, 'precision': 0.575, 'recall': 0.9938271604938271, 'f1_score': 0.7285067873303167}}
[DEBUG _get_metrics] res_item[1].keys(): ['accuracy', 'loss', 'total_samples', 'actual_attack', 'actual_normal', 'predicted_attack', 'predicted_normal', 'true_positives', 'true_negatives', 'false_positives', 'false_negatives', 'precision', 'recall', 'f1_score']
[DEBUG _get_metrics] Extracted from ConfigRecord._data
[DEBUG _get_metrics] res_item[1] type: ConfigRecord
[DEBUG _get_metrics] res_item[1] has metrics attr: False
[DEBUG _get_metrics] res_item[1].__dict__: {'_check_key_fn': <function _check_key at 0x71ebc91c8900>, '_check_value_fn': <function _check_value at 0x71ebbe9bc9a0>, '_data': {'accuracy': 0.9847934246063232, 'loss': 0.010853605344891548, 'total_samples': 10456, 'actual_attack': 10452, 'actual_normal': 4, 'predicted_attack': 10308, 'predicted_normal': 148, 'true_positives': 10308, 'true_negatives': 4, 'false_positives': 0, 'false_negatives': 144, 'precision': 1.0, 'recall': 0.9862227324913893, 'f1_score': 0.9930635838150289}}
[DEBUG _get_metrics] res_item[1].keys(): ['accuracy', 'loss', 'total_samples', 'actual_attack', 'actual_normal', 'predicted_attack', 'predicted_normal', 'true_positives', 'true_negatives', 'false_positives', 'false_negatives', 'precision', 'recall', 'f1_score']
[DEBUG _get_metrics] Extracted from ConfigRecord._data
[DEBUG] Extracted 4 metrics from results

[Evaluation Summary]
============================================================
Round: 47 / 60
Accuracy (mean):  0.9807  (98.07%)
Loss:             0.0132
[Per-Device Accuracy]
  - Device 0:  0.9813  (98.13%)
  - Device 1:  0.9813  (98.13%)
  - Device 2:  0.9754  (97.54%)
  - Device 3:  0.9848  (98.48%)

[Ground Truth]
  - Attack samples: 5600
  - Normal samples: 162
  - Total samples:  5762

[Predictions]
  - Predicted Attack:  5526
  - Predicted Normal:  236

[Confusion Matrix]
  - True Positives (TP):  5514
  - True Negatives (TN):  150
  - False Positives (FP): 12
  - False Negatives (FN): 86

[Metrics]
  - Precision:  0.8927  (89.27%)
  - Recall:     0.9873  (98.73%)
  - F1-Score:   0.9260  (92.60%)
============================================================

[36m(ClientAppActor pid=262633)[0m [Client 0] ✅ Real QAT applied: 6 QuantizeWrapper layers
[36m(ClientAppActor pid=262633)[0m [Client 0] QAT enabled - model quantization-aware
[36m(ClientAppActor pid=262632)[0m [Client 2] Class weights (smoothed): {0: 1.158529178995592, 1: 0.8414708210044078}[32m [repeated 8x across cluster][0m
[36m(ClientAppActor pid=262633)[0m [Client 0] ✅ Real QAT applied: 6 QuantizeWrapper layers
[36m(ClientAppActor pid=262633)[0m [Client 0] QAT enabled - model quantization-aware
[DEBUG] evaluate_metrics_aggregation_fn called with 4 results
[DEBUG] results type: <class 'list'>
[DEBUG] First result type: <class 'tuple'>
[DEBUG] First result length: 2
[DEBUG] results[0][0] type: <class 'int'>
[DEBUG] results[0][1] type: <class 'flwr.app.message.configrecord.ConfigRecord'>
[DEBUG _get_metrics] res_item[1] type: ConfigRecord
[DEBUG _get_metrics] res_item[1] has metrics attr: False
[DEBUG _get_metrics] res_item[1].__dict__: {'_check_key_fn': <function _check_key at 0x71ebc91c8900>, '_check_value_fn': <function _check_value at 0x71ebbe9bc9a0>, '_data': {'accuracy': 0.9809094071388245, 'loss': 0.013074298389256, 'total_samples': 5762, 'actual_attack': 5600, 'actual_normal': 162, 'predicted_attack': 5526, 'predicted_normal': 236, 'true_positives': 5514, 'true_negatives': 150, 'false_positives': 12, 'false_negatives': 86, 'precision': 0.997828447339848, 'recall': 0.9846428571428572, 'f1_score': 0.9911918029840014}}
[DEBUG _get_metrics] res_item[1].keys(): ['accuracy', 'loss', 'total_samples', 'actual_attack', 'actual_normal', 'predicted_attack', 'predicted_normal', 'true_positives', 'true_negatives', 'false_positives', 'false_negatives', 'precision', 'recall', 'f1_score']
[DEBUG _get_metrics] Extracted from ConfigRecord._data
[DEBUG _get_metrics] res_item[1] type: ConfigRecord
[DEBUG _get_metrics] res_item[1] has metrics attr: False
[DEBUG _get_metrics] res_item[1].__dict__: {'_check_key_fn': <function _check_key at 0x71ebc91c8900>, '_check_value_fn': <function _check_value at 0x71ebbe9bc9a0>, '_data': {'accuracy': 0.9847934246063232, 'loss': 0.011733246967196465, 'total_samples': 10456, 'actual_attack': 10452, 'actual_normal': 4, 'predicted_attack': 10308, 'predicted_normal': 148, 'true_positives': 10308, 'true_negatives': 4, 'false_positives': 0, 'false_negatives': 144, 'precision': 1.0, 'recall': 0.9862227324913893, 'f1_score': 0.9930635838150289}}
[DEBUG _get_metrics] res_item[1].keys(): ['accuracy', 'loss', 'total_samples', 'actual_attack', 'actual_normal', 'predicted_attack', 'predicted_normal', 'true_positives', 'true_negatives', 'false_positives', 'false_negatives', 'precision', 'recall', 'f1_score']
[DEBUG _get_metrics] Extracted from ConfigRecord._data
[DEBUG _get_metrics] res_item[1] type: ConfigRecord
[DEBUG _get_metrics] res_item[1] has metrics attr: False
[DEBUG _get_metrics] res_item[1].__dict__: {'_check_key_fn': <function _check_key at 0x71ebc91c8900>, '_check_value_fn': <function _check_value at 0x71ebbe9bc9a0>, '_data': {'accuracy': 0.9809094071388245, 'loss': 0.013074298389256, 'total_samples': 5762, 'actual_attack': 5600, 'actual_normal': 162, 'predicted_attack': 5526, 'predicted_normal': 236, 'true_positives': 5514, 'true_negatives': 150, 'false_positives': 12, 'false_negatives': 86, 'precision': 0.997828447339848, 'recall': 0.9846428571428572, 'f1_score': 0.9911918029840014}}[92mINFO [0m:      
[92mINFO [0m:      [ROUND 49]
[92mINFO [0m:      configure_fit: strategy sampled 4 clients (out of 4)
[92mINFO [0m:      aggregate_fit: received 4 results and 0 failures
[92mINFO [0m:      configure_evaluate: strategy sampled 4 clients (out of 4)
[92mINFO [0m:      aggregate_evaluate: received 4 results and 0 failures
[92mINFO [0m:      
[92mINFO [0m:      [ROUND 50]
[92mINFO [0m:      configure_fit: strategy sampled 4 clients (out of 4)
[92mINFO [0m:      aggregate_fit: received 4 results and 0 failures
[92mINFO [0m:      configure_evaluate: strategy sampled 4 clients (out of 4)

[DEBUG _get_metrics] res_item[1].keys(): ['accuracy', 'loss', 'total_samples', 'actual_attack', 'actual_normal', 'predicted_attack', 'predicted_normal', 'true_positives', 'true_negatives', 'false_positives', 'false_negatives', 'precision', 'recall', 'f1_score']
[DEBUG _get_metrics] Extracted from ConfigRecord._data
[DEBUG _get_metrics] res_item[1] type: ConfigRecord
[DEBUG _get_metrics] res_item[1] has metrics attr: False
[DEBUG _get_metrics] res_item[1].__dict__: {'_check_key_fn': <function _check_key at 0x71ebc91c8900>, '_check_value_fn': <function _check_value at 0x71ebbe9bc9a0>, '_data': {'accuracy': 0.9754341244697571, 'loss': 0.017250236123800278, 'total_samples': 4722, 'actual_attack': 162, 'actual_normal': 4560, 'predicted_attack': 280, 'predicted_normal': 4442, 'true_positives': 161, 'true_negatives': 4441, 'false_positives': 119, 'false_negatives': 1, 'precision': 0.575, 'recall': 0.9938271604938271, 'f1_score': 0.7285067873303167}}
[DEBUG _get_metrics] res_item[1].keys(): ['accuracy', 'loss', 'total_samples', 'actual_attack', 'actual_normal', 'predicted_attack', 'predicted_normal', 'true_positives', 'true_negatives', 'false_positives', 'false_negatives', 'precision', 'recall', 'f1_score']
[DEBUG _get_metrics] Extracted from ConfigRecord._data
[DEBUG] Extracted 4 metrics from results

[Evaluation Summary]
============================================================
Round: 48 / 60
Accuracy (mean):  0.9805  (98.05%)
Loss:             0.0138
[Per-Device Accuracy]
  - Device 0:  0.9809  (98.09%)
  - Device 1:  0.9848  (98.48%)
  - Device 2:  0.9809  (98.09%)
  - Device 3:  0.9754  (97.54%)

[Ground Truth]
  - Attack samples: 5600
  - Normal samples: 162
  - Total samples:  5762

[Predictions]
  - Predicted Attack:  5526
  - Predicted Normal:  236

[Confusion Matrix]
  - True Positives (TP):  5514
  - True Negatives (TN):  150
  - False Positives (FP): 12
  - False Negatives (FN): 86

[Metrics]
  - Precision:  0.8927  (89.27%)
  - Recall:     0.9873  (98.73%)
  - F1-Score:   0.9260  (92.60%)
============================================================

[36m(ClientAppActor pid=262633)[0m [Client 0] ✅ Real QAT applied: 6 QuantizeWrapper layers
[36m(ClientAppActor pid=262633)[0m [Client 0] QAT enabled - model quantization-aware
[36m(ClientAppActor pid=262632)[0m [Client 2] Class weights (smoothed): {0: 1.158529178995592, 1: 0.8414708210044078}[32m [repeated 8x across cluster][0m
[36m(ClientAppActor pid=262633)[0m [Client 0] ✅ Real QAT applied: 6 QuantizeWrapper layers
[36m(ClientAppActor pid=262633)[0m [Client 0] QAT enabled - model quantization-aware
[DEBUG] evaluate_metrics_aggregation_fn called with 4 results
[DEBUG] results type: <class 'list'>
[DEBUG] First result type: <class 'tuple'>
[DEBUG] First result length: 2
[DEBUG] results[0][0] type: <class 'int'>
[DEBUG] results[0][1] type: <class 'flwr.app.message.configrecord.ConfigRecord'>
[DEBUG _get_metrics] res_item[1] type: ConfigRecord
[DEBUG _get_metrics] res_item[1] has metrics attr: False
[DEBUG _get_metrics] res_item[1].__dict__: {'_check_key_fn': <function _check_key at 0x71ebc91c8900>, '_check_value_fn': <function _check_value at 0x71ebbe9bc9a0>, '_data': {'accuracy': 0.9800416231155396, 'loss': 0.01251306664198637, 'total_samples': 5762, 'actual_attack': 5600, 'actual_normal': 162, 'predicted_attack': 5526, 'predicted_normal': 236, 'true_positives': 5514, 'true_negatives': 150, 'false_positives': 12, 'false_negatives': 86, 'precision': 0.997828447339848, 'recall': 0.9846428571428572, 'f1_score': 0.9911918029840014}}
[DEBUG _get_metrics] res_item[1].keys(): ['accuracy', 'loss', 'total_samples', 'actual_attack', 'actual_normal', 'predicted_attack', 'predicted_normal', 'true_positives', 'true_negatives', 'false_positives', 'false_negatives', 'precision', 'recall', 'f1_score']
[DEBUG _get_metrics] Extracted from ConfigRecord._data
[DEBUG _get_metrics] res_item[1] type: ConfigRecord
[DEBUG _get_metrics] res_item[1] has metrics attr: False
[DEBUG _get_metrics] res_item[1].__dict__: {'_check_key_fn': <function _check_key at 0x71ebc91c8900>, '_check_value_fn': <function _check_value at 0x71ebbe9bc9a0>, '_data': {'accuracy': 0.9800416231155396, 'loss': 0.01251306664198637, 'total_samples': 5762, 'actual_attack': 5600, 'actual_normal': 162, 'predicted_attack': 5526, 'predicted_normal': 236, 'true_positives': 5514, 'true_negatives': 150, 'false_positives': 12, 'false_negatives': 86, 'precision': 0.997828447339848, 'recall': 0.9846428571428572, 'f1_score': 0.9911918029840014}}
[DEBUG _get_metrics] res_item[1].keys(): ['accuracy', 'loss', 'total_samples', 'actual_attack', 'actual_normal', 'predicted_attack', 'predicted_normal', 'true_positives', 'true_negatives', 'false_positives', 'false_negatives', 'precision', 'recall', 'f1_score']
[DEBUG _get_metrics] Extracted from ConfigRecord._data
[DEBUG _get_metrics] res_item[1] type: ConfigRecord
[DEBUG _get_metrics] res_item[1] has metrics attr: False
[DEBUG _get_metrics] res_item[1].__dict__: {'_check_key_fn': <function _check_key at 0x71ebc91c8900>, '_check_value_fn': <function _check_value at 0x71ebbe9bc9a0>, '_data': {'accuracy': 0.9835501313209534, 'loss': 0.011156188324093819, 'total_samples': 10456, 'actual_attack': 10452, 'actual_normal': 4, 'predicted_attack': 10308, 'predicted_normal': 148, 'true_positives': 10308, 'true_negatives': 4, 'false_positives': 0, 'false_negatives': 144, 'precision': 1.0, 'recall': 0.9862227324913893, 'f1_score': 0.9930635838150289}}
[DEBUG _get_metrics] res_item[1].keys(): ['accuracy', 'loss', 'total_samples', 'actual_attack', 'actual_normal', 'predicted_attack', 'predicted_normal', 'true_positives', 'true_negatives', 'false_positives', 'false_negatives', 'precision', 'recall', 'f1_score']
[DEBUG _get_metrics] Extracted from ConfigRecord._data
[DEBUG _get_metrics] res_item[1] type: ConfigRecord
[DEBUG _get_metrics] res_item[1] has metrics attr: False
[DEBUG _get_metrics] res_item[1].__dict__: {'_check_key_fn': <function _check_key at 0x71ebc91c8900>, '_check_value_fn': <function _check_value at 0x71ebbe9bc9a0>, '_data': {'accuracy': 0.9754341244697571, 'loss': 0.017543112859129906, 'total_samples': 4722, 'actual_attack': 162, 'actual_normal': 4560, 'predicted_attack': 280, 'predicted_normal': 4442, 'true_positives': 161, 'true_negatives': 4441, 'false_positives': 119, 'false_negatives': 1, 'precision': 0.575, 'recall': 0.9938271604938271, 'f1_score': 0.7285067873303167}}
[DEBUG _get_metrics] res_item[1].keys(): ['accuracy', 'loss', 'total_samples', 'actual_attack', 'actual_normal', 'predicted_attack', 'predicted_normal', 'true_positives', 'true_negatives', 'false_positives', 'false_negatives', 'precision', 'recall', 'f1_score']
[DEBUG _get_metrics] Extracted from ConfigRecord._data
[DEBUG] Extracted 4 metrics from results

[Evaluation Summary]
============================================================
Round: 49 / 60
Accuracy (mean):  0.9798  (97.98%)
Loss:             0.0134
[Per-Device Accuracy]
  - Device 0:  0.9800  (98.00%)
  - Device 1:  0.9800  (98.00%)
  - Device 2:  0.9836  (98.36%)
  - Device 3:  0.9754  (97.54%)

[Ground Truth]
  - Attack samples: 5600
  - Normal samples: 162
  - Total samples:  5762

[Predictions]
  - Predicted Attack:  5526
  - Predicted Normal:  236

[Confusion Matrix]
  - True Positives (TP):  5514
  - True Negatives (TN):  150
  - False Positives (FP): 12
  - False Negatives (FN): 86

[Metrics]
  - Precision:  0.8927  (89.27%)
  - Recall:     0.9873  (98.73%)
  - F1-Score:   0.9260  (92.60%)
============================================================

[36m(ClientAppActor pid=262633)[0m [Client 0] ✅ Real QAT applied: 6 QuantizeWrapper layers
[36m(ClientAppActor pid=262633)[0m [Client 0] QAT enabled - model quantization-aware
[Round 50] Client contributions:
  Client samples: 8,594 (weight: 0.0662)
  Client samples: 62,856 (weight: 0.4838)
  Client samples: 49,871 (weight: 0.3839)
  Client samples: 8,594 (weight: 0.0662)
[36m(ClientAppActor pid=262632)[0m [Client 2] Class weights (smoothed): {0: 1.158529178995592, 1: 0.8414708210044078}[32m [repeated 8x across cluster][0m
[36m(ClientAppActor pid=262633)[0m [Client 0] ✅ Real QAT applied: 6 QuantizeWrapper layers[92mINFO [0m:      aggregate_evaluate: received 4 results and 0 failures
[92mINFO [0m:      
[92mINFO [0m:      [ROUND 51]
[92mINFO [0m:      configure_fit: strategy sampled 4 clients (out of 4)
[92mINFO [0m:      aggregate_fit: received 4 results and 0 failures
[92mINFO [0m:      configure_evaluate: strategy sampled 4 clients (out of 4)
[92mINFO [0m:      aggregate_evaluate: received 4 results and 0 failures

[36m(ClientAppActor pid=262633)[0m [Client 0] QAT enabled - model quantization-aware
[DEBUG] evaluate_metrics_aggregation_fn called with 4 results
[DEBUG] results type: <class 'list'>
[DEBUG] First result type: <class 'tuple'>
[DEBUG] First result length: 2
[DEBUG] results[0][0] type: <class 'int'>
[DEBUG] results[0][1] type: <class 'flwr.app.message.configrecord.ConfigRecord'>
[DEBUG _get_metrics] res_item[1] type: ConfigRecord
[DEBUG _get_metrics] res_item[1] has metrics attr: False
[DEBUG _get_metrics] res_item[1].__dict__: {'_check_key_fn': <function _check_key at 0x71ebc91c8900>, '_check_value_fn': <function _check_value at 0x71ebbe9bc9a0>, '_data': {'accuracy': 0.976069450378418, 'loss': 0.017311107367277145, 'total_samples': 4722, 'actual_attack': 162, 'actual_normal': 4560, 'predicted_attack': 280, 'predicted_normal': 4442, 'true_positives': 161, 'true_negatives': 4441, 'false_positives': 119, 'false_negatives': 1, 'precision': 0.575, 'recall': 0.9938271604938271, 'f1_score': 0.7285067873303167}}
[DEBUG _get_metrics] res_item[1].keys(): ['accuracy', 'loss', 'total_samples', 'actual_attack', 'actual_normal', 'predicted_attack', 'predicted_normal', 'true_positives', 'true_negatives', 'false_positives', 'false_negatives', 'precision', 'recall', 'f1_score']
[DEBUG _get_metrics] Extracted from ConfigRecord._data
[DEBUG _get_metrics] res_item[1] type: ConfigRecord
[DEBUG _get_metrics] res_item[1] has metrics attr: False
[DEBUG _get_metrics] res_item[1].__dict__: {'_check_key_fn': <function _check_key at 0x71ebc91c8900>, '_check_value_fn': <function _check_value at 0x71ebbe9bc9a0>, '_data': {'accuracy': 0.9787681698799133, 'loss': 0.01177253108471632, 'total_samples': 10456, 'actual_attack': 10452, 'actual_normal': 4, 'predicted_attack': 10308, 'predicted_normal': 148, 'true_positives': 10308, 'true_negatives': 4, 'false_positives': 0, 'false_negatives': 144, 'precision': 1.0, 'recall': 0.9862227324913893, 'f1_score': 0.9930635838150289}}
[DEBUG _get_metrics] res_item[1].keys(): ['accuracy', 'loss', 'total_samples', 'actual_attack', 'actual_normal', 'predicted_attack', 'predicted_normal', 'true_positives', 'true_negatives', 'false_positives', 'false_negatives', 'precision', 'recall', 'f1_score']
[DEBUG _get_metrics] Extracted from ConfigRecord._data
[DEBUG _get_metrics] res_item[1] type: ConfigRecord
[DEBUG _get_metrics] res_item[1] has metrics attr: False
[DEBUG _get_metrics] res_item[1].__dict__: {'_check_key_fn': <function _check_key at 0x71ebc91c8900>, '_check_value_fn': <function _check_value at 0x71ebbe9bc9a0>, '_data': {'accuracy': 0.9762235283851624, 'loss': 0.013053364120423794, 'total_samples': 5762, 'actual_attack': 5600, 'actual_normal': 162, 'predicted_attack': 5526, 'predicted_normal': 236, 'true_positives': 5514, 'true_negatives': 150, 'false_positives': 12, 'false_negatives': 86, 'precision': 0.997828447339848, 'recall': 0.9846428571428572, 'f1_score': 0.9911918029840014}}
[DEBUG _get_metrics] res_item[1].keys(): ['accuracy', 'loss', 'total_samples', 'actual_attack', 'actual_normal', 'predicted_attack', 'predicted_normal', 'true_positives', 'true_negatives', 'false_positives', 'false_negatives', 'precision', 'recall', 'f1_score']
[DEBUG _get_metrics] Extracted from ConfigRecord._data
[DEBUG _get_metrics] res_item[1] type: ConfigRecord
[DEBUG _get_metrics] res_item[1] has metrics attr: False
[DEBUG _get_metrics] res_item[1].__dict__: {'_check_key_fn': <function _check_key at 0x71ebc91c8900>, '_check_value_fn': <function _check_value at 0x71ebbe9bc9a0>, '_data': {'accuracy': 0.9762235283851624, 'loss': 0.013053364120423794, 'total_samples': 5762, 'actual_attack': 5600, 'actual_normal': 162, 'predicted_attack': 5526, 'predicted_normal': 236, 'true_positives': 5514, 'true_negatives': 150, 'false_positives': 12, 'false_negatives': 86, 'precision': 0.997828447339848, 'recall': 0.9846428571428572, 'f1_score': 0.9911918029840014}}
[DEBUG _get_metrics] res_item[1].keys(): ['accuracy', 'loss', 'total_samples', 'actual_attack', 'actual_normal', 'predicted_attack', 'predicted_normal', 'true_positives', 'true_negatives', 'false_positives', 'false_negatives', 'precision', 'recall', 'f1_score']
[DEBUG _get_metrics] Extracted from ConfigRecord._data
[DEBUG] Extracted 4 metrics from results

[Evaluation Summary]
============================================================
Round: 50 / 60
Accuracy (mean):  0.9768  (97.68%)
Loss:             0.0138
[Per-Device Accuracy]
  - Device 0:  0.9761  (97.61%)
  - Device 1:  0.9788  (97.88%)
  - Device 2:  0.9762  (97.62%)
  - Device 3:  0.9762  (97.62%)

[Ground Truth]
  - Attack samples: 162
  - Normal samples: 4560
  - Total samples:  4722

[Predictions]
  - Predicted Attack:  280
  - Predicted Normal:  4442

[Confusion Matrix]
  - True Positives (TP):  161
  - True Negatives (TN):  4441
  - False Positives (FP): 119
  - False Negatives (FN): 1

[Metrics]
  - Precision:  0.8927  (89.27%)
  - Recall:     0.9873  (98.73%)
  - F1-Score:   0.9260  (92.60%)
============================================================

[36m(ClientAppActor pid=262633)[0m [Client 0] ✅ Real QAT applied: 6 QuantizeWrapper layers
[36m(ClientAppActor pid=262633)[0m [Client 0] QAT enabled - model quantization-aware
[36m(ClientAppActor pid=262632)[0m [Client 2] Class weights (smoothed): {0: 1.158529178995592, 1: 0.8414708210044078}[32m [repeated 8x across cluster][0m
[36m(ClientAppActor pid=262633)[0m [Client 0] ✅ Real QAT applied: 6 QuantizeWrapper layers
[36m(ClientAppActor pid=262633)[0m [Client 0] QAT enabled - model quantization-aware
[DEBUG] evaluate_metrics_aggregation_fn called with 4 results
[DEBUG] results type: <class 'list'>
[DEBUG] First result type: <class 'tuple'>
[DEBUG] First result length: 2
[DEBUG] results[0][0] type: <class 'int'>
[DEBUG] results[0][1] type: <class 'flwr.app.message.configrecord.ConfigRecord'>
[DEBUG _get_metrics] res_item[1] type: ConfigRecord
[DEBUG _get_metrics] res_item[1] has metrics attr: False
[DEBUG _get_metrics] res_item[1].__dict__: {'_check_key_fn': <function _check_key at 0x71ebc91c8900>, '_check_value_fn': <function _check_value at 0x71ebbe9bc9a0>, '_data': {'accuracy': 0.976069450378418, 'loss': 0.017281463369727135, 'total_samples': 4722, 'actual_attack': 162, 'actual_normal': 4560, 'predicted_attack': 280, 'predicted_normal': 4442, 'true_positives': 161, 'true_negatives': 4441, 'false_positives': 119, 'false_negatives': 1, 'precision': 0.575, 'recall': 0.9938271604938271, 'f1_score': 0.7285067873303167}}
[DEBUG _get_metrics] res_item[1].keys(): ['accuracy', 'loss', 'total_samples', 'actual_attack', 'actual_normal', 'predicted_attack', 'predicted_normal', 'true_positives', 'true_negatives', 'false_positives', 'false_negatives', 'precision', 'recall', 'f1_score']
[DEBUG _get_metrics] Extracted from ConfigRecord._data
[DEBUG _get_metrics] res_item[1] type: ConfigRecord
[DEBUG _get_metrics] res_item[1] has metrics attr: False
[DEBUG _get_metrics] res_item[1].__dict__: {'_check_key_fn': <function _check_key at 0x71ebc91c8900>, '_check_value_fn': <function _check_value at 0x71ebbe9bc9a0>, '_data': {'accuracy': 0.9796289205551147, 'loss': 0.011825286783277988, 'total_samples': 10456, 'actual_attack': 10452, 'actual_normal': 4, 'predicted_attack': 10308, 'predicted_normal': 148, 'true_positives': 10308, 'true_negatives': 4, 'false_positives': 0, 'false_negatives': 144, 'precision': 1.0, 'recall': 0.9862227324913893, 'f1_score': 0.9930635838150289}}
[DEBUG _get_metrics] res_item[1].keys(): ['accuracy', 'loss', 'total_samples', 'actual_attack', 'actual_normal', 'predicted_attack', 'predicted_normal', 'true_positives', 'true_negatives', 'false_positives', 'false_negatives', 'precision', 'recall', 'f1_score']
[DEBUG _get_metrics] Extracted from ConfigRecord._data
[DEBUG _get_metrics] res_item[1] type: ConfigRecord
[DEBUG _get_metrics] res_item[1] has metrics attr: False
[DEBUG _get_metrics] res_item[1].__dict__: {'_check_key_fn': <function _check_key at 0x71ebc91c8900>, '_check_value_fn': <function _check_value at 0x71ebbe9bc9a0>, '_data': {'accuracy': 0.9763970971107483, 'loss': 0.012825100682675838, 'total_samples': 5762, 'actual_attack': 5600, 'actual_normal': 162, 'predicted_attack': 5526, 'predicted_normal': 236, 'true_positives': 5514, 'true_negatives': 150, 'false_positives': 12, 'false_negatives': 86, 'precision': 0.997828447339848, 'recall': 0.9846428571428572, 'f1_score': 0.9911918029840014}}[92mINFO [0m:      
[92mINFO [0m:      [ROUND 52]
[92mINFO [0m:      configure_fit: strategy sampled 4 clients (out of 4)
[92mINFO [0m:      aggregate_fit: received 4 results and 0 failures
[92mINFO [0m:      configure_evaluate: strategy sampled 4 clients (out of 4)
[92mINFO [0m:      aggregate_evaluate: received 4 results and 0 failures
[92mINFO [0m:      
[92mINFO [0m:      [ROUND 53]
[92mINFO [0m:      configure_fit: strategy sampled 4 clients (out of 4)
[92mINFO [0m:      aggregate_fit: received 4 results and 0 failures
[92mINFO [0m:      configure_evaluate: strategy sampled 4 clients (out of 4)
[92mINFO [0m:      aggregate_evaluate: received 4 results and 0 failures

[DEBUG _get_metrics] res_item[1].keys(): ['accuracy', 'loss', 'total_samples', 'actual_attack', 'actual_normal', 'predicted_attack', 'predicted_normal', 'true_positives', 'true_negatives', 'false_positives', 'false_negatives', 'precision', 'recall', 'f1_score']
[DEBUG _get_metrics] Extracted from ConfigRecord._data
[DEBUG _get_metrics] res_item[1] type: ConfigRecord
[DEBUG _get_metrics] res_item[1] has metrics attr: False
[DEBUG _get_metrics] res_item[1].__dict__: {'_check_key_fn': <function _check_key at 0x71ebc91c8900>, '_check_value_fn': <function _check_value at 0x71ebbe9bc9a0>, '_data': {'accuracy': 0.9763970971107483, 'loss': 0.012825100682675838, 'total_samples': 5762, 'actual_attack': 5600, 'actual_normal': 162, 'predicted_attack': 5526, 'predicted_normal': 236, 'true_positives': 5514, 'true_negatives': 150, 'false_positives': 12, 'false_negatives': 86, 'precision': 0.997828447339848, 'recall': 0.9846428571428572, 'f1_score': 0.9911918029840014}}
[DEBUG _get_metrics] res_item[1].keys(): ['accuracy', 'loss', 'total_samples', 'actual_attack', 'actual_normal', 'predicted_attack', 'predicted_normal', 'true_positives', 'true_negatives', 'false_positives', 'false_negatives', 'precision', 'recall', 'f1_score']
[DEBUG _get_metrics] Extracted from ConfigRecord._data
[DEBUG] Extracted 4 metrics from results

[Evaluation Summary]
============================================================
Round: 51 / 60
Accuracy (mean):  0.9771  (97.71%)
Loss:             0.0137
[Per-Device Accuracy]
  - Device 0:  0.9761  (97.61%)
  - Device 1:  0.9796  (97.96%)
  - Device 2:  0.9764  (97.64%)
  - Device 3:  0.9764  (97.64%)

[Ground Truth]
  - Attack samples: 162
  - Normal samples: 4560
  - Total samples:  4722

[Predictions]
  - Predicted Attack:  280
  - Predicted Normal:  4442

[Confusion Matrix]
  - True Positives (TP):  161
  - True Negatives (TN):  4441
  - False Positives (FP): 119
  - False Negatives (FN): 1

[Metrics]
  - Precision:  0.8927  (89.27%)
  - Recall:     0.9873  (98.73%)
  - F1-Score:   0.9260  (92.60%)
============================================================

[36m(ClientAppActor pid=262633)[0m [Client 0] ✅ Real QAT applied: 6 QuantizeWrapper layers
[36m(ClientAppActor pid=262633)[0m [Client 0] QAT enabled - model quantization-aware
[36m(ClientAppActor pid=262632)[0m [Client 2] Class weights (smoothed): {0: 1.158529178995592, 1: 0.8414708210044078}[32m [repeated 8x across cluster][0m
[36m(ClientAppActor pid=262633)[0m [Client 0] ✅ Real QAT applied: 6 QuantizeWrapper layers
[36m(ClientAppActor pid=262633)[0m [Client 0] QAT enabled - model quantization-aware
[DEBUG] evaluate_metrics_aggregation_fn called with 4 results
[DEBUG] results type: <class 'list'>
[DEBUG] First result type: <class 'tuple'>
[DEBUG] First result length: 2
[DEBUG] results[0][0] type: <class 'int'>
[DEBUG] results[0][1] type: <class 'flwr.app.message.configrecord.ConfigRecord'>
[DEBUG _get_metrics] res_item[1] type: ConfigRecord
[DEBUG _get_metrics] res_item[1] has metrics attr: False
[DEBUG _get_metrics] res_item[1].__dict__: {'_check_key_fn': <function _check_key at 0x71ebc91c8900>, '_check_value_fn': <function _check_value at 0x71ebbe9bc9a0>, '_data': {'accuracy': 0.9779590368270874, 'loss': 0.012311057187616825, 'total_samples': 5762, 'actual_attack': 5600, 'actual_normal': 162, 'predicted_attack': 5526, 'predicted_normal': 236, 'true_positives': 5514, 'true_negatives': 150, 'false_positives': 12, 'false_negatives': 86, 'precision': 0.997828447339848, 'recall': 0.9846428571428572, 'f1_score': 0.9911918029840014}}
[DEBUG _get_metrics] res_item[1].keys(): ['accuracy', 'loss', 'total_samples', 'actual_attack', 'actual_normal', 'predicted_attack', 'predicted_normal', 'true_positives', 'true_negatives', 'false_positives', 'false_negatives', 'precision', 'recall', 'f1_score']
[DEBUG _get_metrics] Extracted from ConfigRecord._data
[DEBUG _get_metrics] res_item[1] type: ConfigRecord
[DEBUG _get_metrics] res_item[1] has metrics attr: False
[DEBUG _get_metrics] res_item[1].__dict__: {'_check_key_fn': <function _check_key at 0x71ebc91c8900>, '_check_value_fn': <function _check_value at 0x71ebbe9bc9a0>, '_data': {'accuracy': 0.9800114631652832, 'loss': 0.011640607379376888, 'total_samples': 10456, 'actual_attack': 10452, 'actual_normal': 4, 'predicted_attack': 10308, 'predicted_normal': 148, 'true_positives': 10308, 'true_negatives': 4, 'false_positives': 0, 'false_negatives': 144, 'precision': 1.0, 'recall': 0.9862227324913893, 'f1_score': 0.9930635838150289}}
[DEBUG _get_metrics] res_item[1].keys(): ['accuracy', 'loss', 'total_samples', 'actual_attack', 'actual_normal', 'predicted_attack', 'predicted_normal', 'true_positives', 'true_negatives', 'false_positives', 'false_negatives', 'precision', 'recall', 'f1_score']
[DEBUG _get_metrics] Extracted from ConfigRecord._data
[DEBUG _get_metrics] res_item[1] type: ConfigRecord
[DEBUG _get_metrics] res_item[1] has metrics attr: False
[DEBUG _get_metrics] res_item[1].__dict__: {'_check_key_fn': <function _check_key at 0x71ebc91c8900>, '_check_value_fn': <function _check_value at 0x71ebbe9bc9a0>, '_data': {'accuracy': 0.975857675075531, 'loss': 0.016941456124186516, 'total_samples': 4722, 'actual_attack': 162, 'actual_normal': 4560, 'predicted_attack': 280, 'predicted_normal': 4442, 'true_positives': 161, 'true_negatives': 4441, 'false_positives': 119, 'false_negatives': 1, 'precision': 0.575, 'recall': 0.9938271604938271, 'f1_score': 0.7285067873303167}}
[DEBUG _get_metrics] res_item[1].keys(): ['accuracy', 'loss', 'total_samples', 'actual_attack', 'actual_normal', 'predicted_attack', 'predicted_normal', 'true_positives', 'true_negatives', 'false_positives', 'false_negatives', 'precision', 'recall', 'f1_score']
[DEBUG _get_metrics] Extracted from ConfigRecord._data
[DEBUG _get_metrics] res_item[1] type: ConfigRecord
[DEBUG _get_metrics] res_item[1] has metrics attr: False
[DEBUG _get_metrics] res_item[1].__dict__: {'_check_key_fn': <function _check_key at 0x71ebc91c8900>, '_check_value_fn': <function _check_value at 0x71ebbe9bc9a0>, '_data': {'accuracy': 0.9779590368270874, 'loss': 0.012311057187616825, 'total_samples': 5762, 'actual_attack': 5600, 'actual_normal': 162, 'predicted_attack': 5526, 'predicted_normal': 236, 'true_positives': 5514, 'true_negatives': 150, 'false_positives': 12, 'false_negatives': 86, 'precision': 0.997828447339848, 'recall': 0.9846428571428572, 'f1_score': 0.9911918029840014}}
[DEBUG _get_metrics] res_item[1].keys(): ['accuracy', 'loss', 'total_samples', 'actual_attack', 'actual_normal', 'predicted_attack', 'predicted_normal', 'true_positives', 'true_negatives', 'false_positives', 'false_negatives', 'precision', 'recall', 'f1_score']
[DEBUG _get_metrics] Extracted from ConfigRecord._data
[DEBUG] Extracted 4 metrics from results

[Evaluation Summary]
============================================================
Round: 52 / 60
Accuracy (mean):  0.9779  (97.79%)
Loss:             0.0133
[Per-Device Accuracy]
  - Device 0:  0.9780  (97.80%)
  - Device 1:  0.9800  (98.00%)
  - Device 2:  0.9759  (97.59%)
  - Device 3:  0.9780  (97.80%)

[Ground Truth]
  - Attack samples: 5600
  - Normal samples: 162
  - Total samples:  5762

[Predictions]
  - Predicted Attack:  5526
  - Predicted Normal:  236

[Confusion Matrix]
  - True Positives (TP):  5514
  - True Negatives (TN):  150
  - False Positives (FP): 12
  - False Negatives (FN): 86

[Metrics]
  - Precision:  0.8927  (89.27%)
  - Recall:     0.9873  (98.73%)
  - F1-Score:   0.9260  (92.60%)
============================================================

[36m(ClientAppActor pid=262633)[0m [Client 0] ✅ Real QAT applied: 6 QuantizeWrapper layers
[36m(ClientAppActor pid=262633)[0m [Client 0] QAT enabled - model quantization-aware
[36m(ClientAppActor pid=262633)[0m [Client 0] ✅ Real QAT applied: 6 QuantizeWrapper layers
[36m(ClientAppActor pid=262633)[0m [Client 0] QAT enabled - model quantization-aware
[DEBUG] evaluate_metrics_aggregation_fn called with 4 results
[DEBUG] results type: <class 'list'>
[DEBUG] First result type: <class 'tuple'>
[DEBUG] First result length: 2
[DEBUG] results[0][0] type: <class 'int'>
[DEBUG] results[0][1] type: <class 'flwr.app.message.configrecord.ConfigRecord'>[92mINFO [0m:      
[92mINFO [0m:      [ROUND 54]
[92mINFO [0m:      configure_fit: strategy sampled 4 clients (out of 4)
[92mINFO [0m:      aggregate_fit: received 4 results and 0 failures
[92mINFO [0m:      configure_evaluate: strategy sampled 4 clients (out of 4)
[92mINFO [0m:      aggregate_evaluate: received 4 results and 0 failures

[DEBUG _get_metrics] res_item[1] type: ConfigRecord
[DEBUG _get_metrics] res_item[1] has metrics attr: False
[DEBUG _get_metrics] res_item[1].__dict__: {'_check_key_fn': <function _check_key at 0x71ebc91c8900>, '_check_value_fn': <function _check_value at 0x71ebbe9bc9a0>, '_data': {'accuracy': 0.976069450378418, 'loss': 0.016571268439292908, 'total_samples': 4722, 'actual_attack': 162, 'actual_normal': 4560, 'predicted_attack': 280, 'predicted_normal': 4442, 'true_positives': 161, 'true_negatives': 4441, 'false_positives': 119, 'false_negatives': 1, 'precision': 0.575, 'recall': 0.9938271604938271, 'f1_score': 0.7285067873303167}}
[DEBUG _get_metrics] res_item[1].keys(): ['accuracy', 'loss', 'total_samples', 'actual_attack', 'actual_normal', 'predicted_attack', 'predicted_normal', 'true_positives', 'true_negatives', 'false_positives', 'false_negatives', 'precision', 'recall', 'f1_score']
[DEBUG _get_metrics] Extracted from ConfigRecord._data
[DEBUG _get_metrics] res_item[1] type: ConfigRecord
[DEBUG _get_metrics] res_item[1] has metrics attr: False
[DEBUG _get_metrics] res_item[1].__dict__: {'_check_key_fn': <function _check_key at 0x71ebc91c8900>, '_check_value_fn': <function _check_value at 0x71ebbe9bc9a0>, '_data': {'accuracy': 0.9765706062316895, 'loss': 0.012410039082169533, 'total_samples': 5762, 'actual_attack': 5600, 'actual_normal': 162, 'predicted_attack': 5528, 'predicted_normal': 234, 'true_positives': 5516, 'true_negatives': 150, 'false_positives': 12, 'false_negatives': 84, 'precision': 0.9978292329956585, 'recall': 0.985, 'f1_score': 0.99137311286844}}
[DEBUG _get_metrics] res_item[1].keys(): ['accuracy', 'loss', 'total_samples', 'actual_attack', 'actual_normal', 'predicted_attack', 'predicted_normal', 'true_positives', 'true_negatives', 'false_positives', 'false_negatives', 'precision', 'recall', 'f1_score']
[DEBUG _get_metrics] Extracted from ConfigRecord._data
[DEBUG _get_metrics] res_item[1] type: ConfigRecord
[DEBUG _get_metrics] res_item[1] has metrics attr: False
[DEBUG _get_metrics] res_item[1].__dict__: {'_check_key_fn': <function _check_key at 0x71ebc91c8900>, '_check_value_fn': <function _check_value at 0x71ebbe9bc9a0>, '_data': {'accuracy': 0.9796289205551147, 'loss': 0.011805101297795773, 'total_samples': 10456, 'actual_attack': 10452, 'actual_normal': 4, 'predicted_attack': 10308, 'predicted_normal': 148, 'true_positives': 10308, 'true_negatives': 4, 'false_positives': 0, 'false_negatives': 144, 'precision': 1.0, 'recall': 0.9862227324913893, 'f1_score': 0.9930635838150289}}
[DEBUG _get_metrics] res_item[1].keys(): ['accuracy', 'loss', 'total_samples', 'actual_attack', 'actual_normal', 'predicted_attack', 'predicted_normal', 'true_positives', 'true_negatives', 'false_positives', 'false_negatives', 'precision', 'recall', 'f1_score']
[DEBUG _get_metrics] Extracted from ConfigRecord._data
[DEBUG _get_metrics] res_item[1] type: ConfigRecord
[DEBUG _get_metrics] res_item[1] has metrics attr: False
[DEBUG _get_metrics] res_item[1].__dict__: {'_check_key_fn': <function _check_key at 0x71ebc91c8900>, '_check_value_fn': <function _check_value at 0x71ebbe9bc9a0>, '_data': {'accuracy': 0.9765706062316895, 'loss': 0.012410039082169533, 'total_samples': 5762, 'actual_attack': 5600, 'actual_normal': 162, 'predicted_attack': 5528, 'predicted_normal': 234, 'true_positives': 5516, 'true_negatives': 150, 'false_positives': 12, 'false_negatives': 84, 'precision': 0.9978292329956585, 'recall': 0.985, 'f1_score': 0.99137311286844}}
[DEBUG _get_metrics] res_item[1].keys(): ['accuracy', 'loss', 'total_samples', 'actual_attack', 'actual_normal', 'predicted_attack', 'predicted_normal', 'true_positives', 'true_negatives', 'false_positives', 'false_negatives', 'precision', 'recall', 'f1_score']
[DEBUG _get_metrics] Extracted from ConfigRecord._data
[DEBUG] Extracted 4 metrics from results

[Evaluation Summary]
============================================================
Round: 53 / 60
Accuracy (mean):  0.9772  (97.72%)
Loss:             0.0133
[Per-Device Accuracy]
  - Device 0:  0.9761  (97.61%)
  - Device 1:  0.9766  (97.66%)
  - Device 2:  0.9796  (97.96%)
  - Device 3:  0.9766  (97.66%)

[Ground Truth]
  - Attack samples: 162
  - Normal samples: 4560
  - Total samples:  4722

[Predictions]
  - Predicted Attack:  280
  - Predicted Normal:  4442

[Confusion Matrix]
  - True Positives (TP):  161
  - True Negatives (TN):  4441
  - False Positives (FP): 119
  - False Negatives (FN): 1

[Metrics]
  - Precision:  0.8927  (89.27%)
  - Recall:     0.9875  (98.75%)
  - F1-Score:   0.9261  (92.61%)
============================================================

[36m(ClientAppActor pid=262632)[0m [Client 2] Class weights (smoothed): {0: 1.158529178995592, 1: 0.8414708210044078}[32m [repeated 12x across cluster][0m
[36m(ClientAppActor pid=262633)[0m [Client 0] ✅ Real QAT applied: 6 QuantizeWrapper layers
[36m(ClientAppActor pid=262633)[0m [Client 0] QAT enabled - model quantization-aware
[36m(ClientAppActor pid=262632)[0m [Client 2] Class weights (smoothed): {0: 1.158529178995592, 1: 0.8414708210044078}[32m [repeated 4x across cluster][0m
[36m(ClientAppActor pid=262633)[0m [Client 0] ✅ Real QAT applied: 6 QuantizeWrapper layers
[36m(ClientAppActor pid=262633)[0m [Client 0] QAT enabled - model quantization-aware
[DEBUG] evaluate_metrics_aggregation_fn called with 4 results
[DEBUG] results type: <class 'list'>
[DEBUG] First result type: <class 'tuple'>
[DEBUG] First result length: 2
[DEBUG] results[0][0] type: <class 'int'>
[DEBUG] results[0][1] type: <class 'flwr.app.message.configrecord.ConfigRecord'>
[DEBUG _get_metrics] res_item[1] type: ConfigRecord
[DEBUG _get_metrics] res_item[1] has metrics attr: False
[DEBUG _get_metrics] res_item[1].__dict__: {'_check_key_fn': <function _check_key at 0x71ebc91c8900>, '_check_value_fn': <function _check_value at 0x71ebbe9bc9a0>, '_data': {'accuracy': 0.9783061146736145, 'loss': 0.012465720064938068, 'total_samples': 5762, 'actual_attack': 5600, 'actual_normal': 162, 'predicted_attack': 5503, 'predicted_normal': 259, 'true_positives': 5491, 'true_negatives': 150, 'false_positives': 12, 'false_negatives': 109, 'precision': 0.9978193712520443, 'recall': 0.9805357142857143, 'f1_score': 0.9891020444924794}}
[DEBUG _get_metrics] res_item[1].keys(): ['accuracy', 'loss', 'total_samples', 'actual_attack', 'actual_normal', 'predicted_attack', 'predicted_normal', 'true_positives', 'true_negatives', 'false_positives', 'false_negatives', 'precision', 'recall', 'f1_score']
[DEBUG _get_metrics] Extracted from ConfigRecord._data
[DEBUG _get_metrics] res_item[1] type: ConfigRecord
[DEBUG _get_metrics] res_item[1] has metrics attr: False
[DEBUG _get_metrics] res_item[1].__dict__: {'_check_key_fn': <function _check_key at 0x71ebc91c8900>, '_check_value_fn': <function _check_value at 0x71ebbe9bc9a0>, '_data': {'accuracy': 0.9807766079902649, 'loss': 0.011863144114613533, 'total_samples': 10456, 'actual_attack': 10452, 'actual_normal': 4, 'predicted_attack': 10252, 'predicted_normal': 204, 'true_positives': 10252, 'true_negatives': 4, 'false_positives': 0, 'false_negatives': 200, 'precision': 1.0, 'recall': 0.9808649062380406, 'f1_score': 0.990340030911901}}
[DEBUG _get_metrics] res_item[1].keys(): ['accuracy', 'loss', 'total_samples', 'actual_attack', 'actual_normal', 'predicted_attack', 'predicted_normal', 'true_positives', 'true_negatives', 'false_positives', 'false_negatives', 'precision', 'recall', 'f1_score']
[DEBUG _get_metrics] Extracted from ConfigRecord._data
[DEBUG _get_metrics] res_item[1] type: ConfigRecord
[DEBUG _get_metrics] res_item[1] has metrics attr: False
[DEBUG _get_metrics] res_item[1].__dict__: {'_check_key_fn': <function _check_key at 0x71ebc91c8900>, '_check_value_fn': <function _check_value at 0x71ebbe9bc9a0>, '_data': {'accuracy': 0.9783061146736145, 'loss': 0.012465720064938068, 'total_samples': 5762, 'actual_attack': 5600, 'actual_normal': 162, 'predicted_attack': 5503, 'predicted_normal': 259, 'true_positives': 5491, 'true_negatives': 150, 'false_positives': 12, 'false_negatives': 109, 'precision': 0.9978193712520443, 'recall': 0.9805357142857143, 'f1_score': 0.9891020444924794}}[92mINFO [0m:      
[92mINFO [0m:      [ROUND 55]
[92mINFO [0m:      configure_fit: strategy sampled 4 clients (out of 4)
[92mINFO [0m:      aggregate_fit: received 4 results and 0 failures
[92mINFO [0m:      configure_evaluate: strategy sampled 4 clients (out of 4)
[92mINFO [0m:      aggregate_evaluate: received 4 results and 0 failures
[92mINFO [0m:      
[92mINFO [0m:      [ROUND 56]
[92mINFO [0m:      configure_fit: strategy sampled 4 clients (out of 4)
[92mINFO [0m:      aggregate_fit: received 4 results and 0 failures
[92mINFO [0m:      configure_evaluate: strategy sampled 4 clients (out of 4)

[DEBUG _get_metrics] res_item[1].keys(): ['accuracy', 'loss', 'total_samples', 'actual_attack', 'actual_normal', 'predicted_attack', 'predicted_normal', 'true_positives', 'true_negatives', 'false_positives', 'false_negatives', 'precision', 'recall', 'f1_score']
[DEBUG _get_metrics] Extracted from ConfigRecord._data
[DEBUG _get_metrics] res_item[1] type: ConfigRecord
[DEBUG _get_metrics] res_item[1] has metrics attr: False
[DEBUG _get_metrics] res_item[1].__dict__: {'_check_key_fn': <function _check_key at 0x71ebc91c8900>, '_check_value_fn': <function _check_value at 0x71ebbe9bc9a0>, '_data': {'accuracy': 0.975857675075531, 'loss': 0.01648150570690632, 'total_samples': 4722, 'actual_attack': 162, 'actual_normal': 4560, 'predicted_attack': 277, 'predicted_normal': 4445, 'true_positives': 161, 'true_negatives': 4444, 'false_positives': 116, 'false_negatives': 1, 'precision': 0.5812274368231047, 'recall': 0.9938271604938271, 'f1_score': 0.7334851936218679}}
[DEBUG _get_metrics] res_item[1].keys(): ['accuracy', 'loss', 'total_samples', 'actual_attack', 'actual_normal', 'predicted_attack', 'predicted_normal', 'true_positives', 'true_negatives', 'false_positives', 'false_negatives', 'precision', 'recall', 'f1_score']
[DEBUG _get_metrics] Extracted from ConfigRecord._data
[DEBUG] Extracted 4 metrics from results

[Evaluation Summary]
============================================================
Round: 54 / 60
Accuracy (mean):  0.9783  (97.83%)
Loss:             0.0133
[Per-Device Accuracy]
  - Device 0:  0.9783  (97.83%)
  - Device 1:  0.9808  (98.08%)
  - Device 2:  0.9783  (97.83%)
  - Device 3:  0.9759  (97.59%)

[Ground Truth]
  - Attack samples: 5600
  - Normal samples: 162
  - Total samples:  5762

[Predictions]
  - Predicted Attack:  5503
  - Predicted Normal:  259

[Confusion Matrix]
  - True Positives (TP):  5491
  - True Negatives (TN):  150
  - False Positives (FP): 12
  - False Negatives (FN): 109

[Metrics]
  - Precision:  0.8942  (89.42%)
  - Recall:     0.9839  (98.39%)
  - F1-Score:   0.9255  (92.55%)
============================================================

[36m(ClientAppActor pid=262633)[0m [Client 0] ✅ Real QAT applied: 6 QuantizeWrapper layers
[36m(ClientAppActor pid=262633)[0m [Client 0] QAT enabled - model quantization-aware
[Round 55] Client contributions:
  Client samples: 8,594 (weight: 0.0662)
  Client samples: 49,871 (weight: 0.3839)
  Client samples: 8,594 (weight: 0.0662)
  Client samples: 62,856 (weight: 0.4838)
[36m(ClientAppActor pid=262632)[0m [Client 2] Class weights (smoothed): {0: 1.158529178995592, 1: 0.8414708210044078}[32m [repeated 8x across cluster][0m
[36m(ClientAppActor pid=262633)[0m [Client 0] ✅ Real QAT applied: 6 QuantizeWrapper layers
[36m(ClientAppActor pid=262633)[0m [Client 0] QAT enabled - model quantization-aware
[DEBUG] evaluate_metrics_aggregation_fn called with 4 results
[DEBUG] results type: <class 'list'>
[DEBUG] First result type: <class 'tuple'>
[DEBUG] First result length: 2
[DEBUG] results[0][0] type: <class 'int'>
[DEBUG] results[0][1] type: <class 'flwr.app.message.configrecord.ConfigRecord'>
[DEBUG _get_metrics] res_item[1] type: ConfigRecord
[DEBUG _get_metrics] res_item[1] has metrics attr: False
[DEBUG _get_metrics] res_item[1].__dict__: {'_check_key_fn': <function _check_key at 0x71ebc91c8900>, '_check_value_fn': <function _check_value at 0x71ebbe9bc9a0>, '_data': {'accuracy': 0.9808722138404846, 'loss': 0.011733518913388252, 'total_samples': 10456, 'actual_attack': 10452, 'actual_normal': 4, 'predicted_attack': 10308, 'predicted_normal': 148, 'true_positives': 10308, 'true_negatives': 4, 'false_positives': 0, 'false_negatives': 144, 'precision': 1.0, 'recall': 0.9862227324913893, 'f1_score': 0.9930635838150289}}
[DEBUG _get_metrics] res_item[1].keys(): ['accuracy', 'loss', 'total_samples', 'actual_attack', 'actual_normal', 'predicted_attack', 'predicted_normal', 'true_positives', 'true_negatives', 'false_positives', 'false_negatives', 'precision', 'recall', 'f1_score']
[DEBUG _get_metrics] Extracted from ConfigRecord._data
[DEBUG _get_metrics] res_item[1] type: ConfigRecord
[DEBUG _get_metrics] res_item[1] has metrics attr: False
[DEBUG _get_metrics] res_item[1].__dict__: {'_check_key_fn': <function _check_key at 0x71ebc91c8900>, '_check_value_fn': <function _check_value at 0x71ebbe9bc9a0>, '_data': {'accuracy': 0.9784796833992004, 'loss': 0.01240474171936512, 'total_samples': 5762, 'actual_attack': 5600, 'actual_normal': 162, 'predicted_attack': 5529, 'predicted_normal': 233, 'true_positives': 5517, 'true_negatives': 150, 'false_positives': 12, 'false_negatives': 83, 'precision': 0.9978296256104178, 'recall': 0.9851785714285715, 'f1_score': 0.9914637433731692}}
[DEBUG _get_metrics] res_item[1].keys(): ['accuracy', 'loss', 'total_samples', 'actual_attack', 'actual_normal', 'predicted_attack', 'predicted_normal', 'true_positives', 'true_negatives', 'false_positives', 'false_negatives', 'precision', 'recall', 'f1_score']
[DEBUG _get_metrics] Extracted from ConfigRecord._data
[DEBUG _get_metrics] res_item[1] type: ConfigRecord
[DEBUG _get_metrics] res_item[1] has metrics attr: False
[DEBUG _get_metrics] res_item[1].__dict__: {'_check_key_fn': <function _check_key at 0x71ebc91c8900>, '_check_value_fn': <function _check_value at 0x71ebbe9bc9a0>, '_data': {'accuracy': 0.9784796833992004, 'loss': 0.01240474171936512, 'total_samples': 5762, 'actual_attack': 5600, 'actual_normal': 162, 'predicted_attack': 5529, 'predicted_normal': 233, 'true_positives': 5517, 'true_negatives': 150, 'false_positives': 12, 'false_negatives': 83, 'precision': 0.9978296256104178, 'recall': 0.9851785714285715, 'f1_score': 0.9914637433731692}}
[DEBUG _get_metrics] res_item[1].keys(): ['accuracy', 'loss', 'total_samples', 'actual_attack', 'actual_normal', 'predicted_attack', 'predicted_normal', 'true_positives', 'true_negatives', 'false_positives', 'false_negatives', 'precision', 'recall', 'f1_score']
[DEBUG _get_metrics] Extracted from ConfigRecord._data
[DEBUG _get_metrics] res_item[1] type: ConfigRecord
[DEBUG _get_metrics] res_item[1] has metrics attr: False
[DEBUG _get_metrics] res_item[1].__dict__: {'_check_key_fn': <function _check_key at 0x71ebc91c8900>, '_check_value_fn': <function _check_value at 0x71ebbe9bc9a0>, '_data': {'accuracy': 0.976069450378418, 'loss': 0.018520010635256767, 'total_samples': 4722, 'actual_attack': 162, 'actual_normal': 4560, 'predicted_attack': 280, 'predicted_normal': 4442, 'true_positives': 161, 'true_negatives': 4441, 'false_positives': 119, 'false_negatives': 1, 'precision': 0.575, 'recall': 0.9938271604938271, 'f1_score': 0.7285067873303167}}
[DEBUG _get_metrics] res_item[1].keys(): ['accuracy', 'loss', 'total_samples', 'actual_attack', 'actual_normal', 'predicted_attack', 'predicted_normal', 'true_positives', 'true_negatives', 'false_positives', 'false_negatives', 'precision', 'recall', 'f1_score']
[DEBUG _get_metrics] Extracted from ConfigRecord._data
[DEBUG] Extracted 4 metrics from results

[Evaluation Summary]
============================================================
Round: 55 / 60
Accuracy (mean):  0.9785  (97.85%)
Loss:             0.0138
[Per-Device Accuracy]
  - Device 0:  0.9809  (98.09%)
  - Device 1:  0.9785  (97.85%)
  - Device 2:  0.9785  (97.85%)
  - Device 3:  0.9761  (97.61%)

[Ground Truth]
  - Attack samples: 10452
  - Normal samples: 4
  - Total samples:  10456

[Predictions]
  - Predicted Attack:  10308
  - Predicted Normal:  148

[Confusion Matrix]
  - True Positives (TP):  10308
  - True Negatives (TN):  4
  - False Positives (FP): 0
  - False Negatives (FN): 144

[Metrics]
  - Precision:  0.8927  (89.27%)
  - Recall:     0.9876  (98.76%)
  - F1-Score:   0.9261  (92.61%)
============================================================

[36m(ClientAppActor pid=262633)[0m [Client 0] ✅ Real QAT applied: 6 QuantizeWrapper layers
[36m(ClientAppActor pid=262633)[0m [Client 0] QAT enabled - model quantization-aware
[36m(ClientAppActor pid=262632)[0m [Client 2] Class weights (smoothed): {0: 1.158529178995592, 1: 0.8414708210044078}[32m [repeated 8x across cluster][0m
[36m(ClientAppActor pid=262633)[0m [Client 0] ✅ Real QAT applied: 6 QuantizeWrapper layers[92mINFO [0m:      aggregate_evaluate: received 4 results and 0 failures
[92mINFO [0m:      
[92mINFO [0m:      [ROUND 57]
[92mINFO [0m:      configure_fit: strategy sampled 4 clients (out of 4)
[92mINFO [0m:      aggregate_fit: received 4 results and 0 failures
[92mINFO [0m:      configure_evaluate: strategy sampled 4 clients (out of 4)
[92mINFO [0m:      aggregate_evaluate: received 4 results and 0 failures

[36m(ClientAppActor pid=262633)[0m [Client 0] QAT enabled - model quantization-aware
[DEBUG] evaluate_metrics_aggregation_fn called with 4 results
[DEBUG] results type: <class 'list'>
[DEBUG] First result type: <class 'tuple'>
[DEBUG] First result length: 2
[DEBUG] results[0][0] type: <class 'int'>
[DEBUG] results[0][1] type: <class 'flwr.app.message.configrecord.ConfigRecord'>
[DEBUG _get_metrics] res_item[1] type: ConfigRecord
[DEBUG _get_metrics] res_item[1] has metrics attr: False
[DEBUG _get_metrics] res_item[1].__dict__: {'_check_key_fn': <function _check_key at 0x71ebc91c8900>, '_check_value_fn': <function _check_value at 0x71ebbe9bc9a0>, '_data': {'accuracy': 0.9796289205551147, 'loss': 0.01186553668230772, 'total_samples': 10456, 'actual_attack': 10452, 'actual_normal': 4, 'predicted_attack': 10310, 'predicted_normal': 146, 'true_positives': 10310, 'true_negatives': 4, 'false_positives': 0, 'false_negatives': 142, 'precision': 1.0, 'recall': 0.9864140834290088, 'f1_score': 0.9931605818321934}}
[DEBUG _get_metrics] res_item[1].keys(): ['accuracy', 'loss', 'total_samples', 'actual_attack', 'actual_normal', 'predicted_attack', 'predicted_normal', 'true_positives', 'true_negatives', 'false_positives', 'false_negatives', 'precision', 'recall', 'f1_score']
[DEBUG _get_metrics] Extracted from ConfigRecord._data
[DEBUG _get_metrics] res_item[1] type: ConfigRecord
[DEBUG _get_metrics] res_item[1] has metrics attr: False
[DEBUG _get_metrics] res_item[1].__dict__: {'_check_key_fn': <function _check_key at 0x71ebc91c8900>, '_check_value_fn': <function _check_value at 0x71ebbe9bc9a0>, '_data': {'accuracy': 0.9767441749572754, 'loss': 0.01250721700489521, 'total_samples': 5762, 'actual_attack': 5600, 'actual_normal': 162, 'predicted_attack': 5529, 'predicted_normal': 233, 'true_positives': 5517, 'true_negatives': 150, 'false_positives': 12, 'false_negatives': 83, 'precision': 0.9978296256104178, 'recall': 0.9851785714285715, 'f1_score': 0.9914637433731692}}
[DEBUG _get_metrics] res_item[1].keys(): ['accuracy', 'loss', 'total_samples', 'actual_attack', 'actual_normal', 'predicted_attack', 'predicted_normal', 'true_positives', 'true_negatives', 'false_positives', 'false_negatives', 'precision', 'recall', 'f1_score']
[DEBUG _get_metrics] Extracted from ConfigRecord._data
[DEBUG _get_metrics] res_item[1] type: ConfigRecord
[DEBUG _get_metrics] res_item[1] has metrics attr: False
[DEBUG _get_metrics] res_item[1].__dict__: {'_check_key_fn': <function _check_key at 0x71ebc91c8900>, '_check_value_fn': <function _check_value at 0x71ebbe9bc9a0>, '_data': {'accuracy': 0.9767441749572754, 'loss': 0.01250721700489521, 'total_samples': 5762, 'actual_attack': 5600, 'actual_normal': 162, 'predicted_attack': 5529, 'predicted_normal': 233, 'true_positives': 5517, 'true_negatives': 150, 'false_positives': 12, 'false_negatives': 83, 'precision': 0.9978296256104178, 'recall': 0.9851785714285715, 'f1_score': 0.9914637433731692}}
[DEBUG _get_metrics] res_item[1].keys(): ['accuracy', 'loss', 'total_samples', 'actual_attack', 'actual_normal', 'predicted_attack', 'predicted_normal', 'true_positives', 'true_negatives', 'false_positives', 'false_negatives', 'precision', 'recall', 'f1_score']
[DEBUG _get_metrics] Extracted from ConfigRecord._data
[DEBUG _get_metrics] res_item[1] type: ConfigRecord
[DEBUG _get_metrics] res_item[1] has metrics attr: False
[DEBUG _get_metrics] res_item[1].__dict__: {'_check_key_fn': <function _check_key at 0x71ebc91c8900>, '_check_value_fn': <function _check_value at 0x71ebbe9bc9a0>, '_data': {'accuracy': 0.976069450378418, 'loss': 0.018360117450356483, 'total_samples': 4722, 'actual_attack': 162, 'actual_normal': 4560, 'predicted_attack': 280, 'predicted_normal': 4442, 'true_positives': 161, 'true_negatives': 4441, 'false_positives': 119, 'false_negatives': 1, 'precision': 0.575, 'recall': 0.9938271604938271, 'f1_score': 0.7285067873303167}}
[DEBUG _get_metrics] res_item[1].keys(): ['accuracy', 'loss', 'total_samples', 'actual_attack', 'actual_normal', 'predicted_attack', 'predicted_normal', 'true_positives', 'true_negatives', 'false_positives', 'false_negatives', 'precision', 'recall', 'f1_score']
[DEBUG _get_metrics] Extracted from ConfigRecord._data
[DEBUG] Extracted 4 metrics from results

[Evaluation Summary]
============================================================
Round: 56 / 60
Accuracy (mean):  0.9773  (97.73%)
Loss:             0.0138
[Per-Device Accuracy]
  - Device 0:  0.9796  (97.96%)
  - Device 1:  0.9767  (97.67%)
  - Device 2:  0.9767  (97.67%)
  - Device 3:  0.9761  (97.61%)

[Ground Truth]
  - Attack samples: 10452
  - Normal samples: 4
  - Total samples:  10456

[Predictions]
  - Predicted Attack:  10310
  - Predicted Normal:  146

[Confusion Matrix]
  - True Positives (TP):  10310
  - True Negatives (TN):  4
  - False Positives (FP): 0
  - False Negatives (FN): 142

[Metrics]
  - Precision:  0.8927  (89.27%)
  - Recall:     0.9876  (98.76%)
  - F1-Score:   0.9261  (92.61%)
============================================================

[36m(ClientAppActor pid=262633)[0m [Client 0] ✅ Real QAT applied: 6 QuantizeWrapper layers
[36m(ClientAppActor pid=262633)[0m [Client 0] QAT enabled - model quantization-aware
[36m(ClientAppActor pid=262632)[0m [Client 2] Class weights (smoothed): {0: 1.158529178995592, 1: 0.8414708210044078}[32m [repeated 8x across cluster][0m
[36m(ClientAppActor pid=262633)[0m [Client 0] ✅ Real QAT applied: 6 QuantizeWrapper layers
[36m(ClientAppActor pid=262633)[0m [Client 0] QAT enabled - model quantization-aware
[DEBUG] evaluate_metrics_aggregation_fn called with 4 results
[DEBUG] results type: <class 'list'>
[DEBUG] First result type: <class 'tuple'>
[DEBUG] First result length: 2
[DEBUG] results[0][0] type: <class 'int'>
[DEBUG] results[0][1] type: <class 'flwr.app.message.configrecord.ConfigRecord'>
[DEBUG _get_metrics] res_item[1] type: ConfigRecord
[DEBUG _get_metrics] res_item[1] has metrics attr: False
[DEBUG _get_metrics] res_item[1].__dict__: {'_check_key_fn': <function _check_key at 0x71ebc91c8900>, '_check_value_fn': <function _check_value at 0x71ebbe9bc9a0>, '_data': {'accuracy': 0.9786532521247864, 'loss': 0.012449893169105053, 'total_samples': 5762, 'actual_attack': 5600, 'actual_normal': 162, 'predicted_attack': 5530, 'predicted_normal': 232, 'true_positives': 5518, 'true_negatives': 150, 'false_positives': 12, 'false_negatives': 82, 'precision': 0.9978300180831826, 'recall': 0.9853571428571428, 'f1_score': 0.9915543575920933}}
[DEBUG _get_metrics] res_item[1].keys(): ['accuracy', 'loss', 'total_samples', 'actual_attack', 'actual_normal', 'predicted_attack', 'predicted_normal', 'true_positives', 'true_negatives', 'false_positives', 'false_negatives', 'precision', 'recall', 'f1_score']
[DEBUG _get_metrics] Extracted from ConfigRecord._data
[DEBUG _get_metrics] res_item[1] type: ConfigRecord
[DEBUG _get_metrics] res_item[1] has metrics attr: False
[DEBUG _get_metrics] res_item[1].__dict__: {'_check_key_fn': <function _check_key at 0x71ebc91c8900>, '_check_value_fn': <function _check_value at 0x71ebbe9bc9a0>, '_data': {'accuracy': 0.975857675075531, 'loss': 0.018057186156511307, 'total_samples': 4722, 'actual_attack': 162, 'actual_normal': 4560, 'predicted_attack': 280, 'predicted_normal': 4442, 'true_positives': 161, 'true_negatives': 4441, 'false_positives': 119, 'false_negatives': 1, 'precision': 0.575, 'recall': 0.9938271604938271, 'f1_score': 0.7285067873303167}}
[DEBUG _get_metrics] res_item[1].keys(): ['accuracy', 'loss', 'total_samples', 'actual_attack', 'actual_normal', 'predicted_attack', 'predicted_normal', 'true_positives', 'true_negatives', 'false_positives', 'false_negatives', 'precision', 'recall', 'f1_score']
[DEBUG _get_metrics] Extracted from ConfigRecord._data
[DEBUG _get_metrics] res_item[1] type: ConfigRecord
[DEBUG _get_metrics] res_item[1] has metrics attr: False
[DEBUG _get_metrics] res_item[1].__dict__: {'_check_key_fn': <function _check_key at 0x71ebc91c8900>, '_check_value_fn': <function _check_value at 0x71ebbe9bc9a0>, '_data': {'accuracy': 0.9808722138404846, 'loss': 0.011828748509287834, 'total_samples': 10456, 'actual_attack': 10452, 'actual_normal': 4, 'predicted_attack': 10317, 'predicted_normal': 139, 'true_positives': 10317, 'true_negatives': 4, 'false_positives': 0, 'false_negatives': 135, 'precision': 1.0, 'recall': 0.9870838117106774, 'f1_score': 0.9934999277769753}}[92mINFO [0m:      
[92mINFO [0m:      [ROUND 58]
[92mINFO [0m:      configure_fit: strategy sampled 4 clients (out of 4)
[92mINFO [0m:      aggregate_fit: received 4 results and 0 failures
[92mINFO [0m:      configure_evaluate: strategy sampled 4 clients (out of 4)
[92mINFO [0m:      aggregate_evaluate: received 4 results and 0 failures
[92mINFO [0m:      
[92mINFO [0m:      [ROUND 59]
[92mINFO [0m:      configure_fit: strategy sampled 4 clients (out of 4)
[92mINFO [0m:      aggregate_fit: received 4 results and 0 failures
[92mINFO [0m:      configure_evaluate: strategy sampled 4 clients (out of 4)
[92mINFO [0m:      aggregate_evaluate: received 4 results and 0 failures

[DEBUG _get_metrics] res_item[1].keys(): ['accuracy', 'loss', 'total_samples', 'actual_attack', 'actual_normal', 'predicted_attack', 'predicted_normal', 'true_positives', 'true_negatives', 'false_positives', 'false_negatives', 'precision', 'recall', 'f1_score']
[DEBUG _get_metrics] Extracted from ConfigRecord._data
[DEBUG _get_metrics] res_item[1] type: ConfigRecord
[DEBUG _get_metrics] res_item[1] has metrics attr: False
[DEBUG _get_metrics] res_item[1].__dict__: {'_check_key_fn': <function _check_key at 0x71ebc91c8900>, '_check_value_fn': <function _check_value at 0x71ebbe9bc9a0>, '_data': {'accuracy': 0.9786532521247864, 'loss': 0.012449893169105053, 'total_samples': 5762, 'actual_attack': 5600, 'actual_normal': 162, 'predicted_attack': 5530, 'predicted_normal': 232, 'true_positives': 5518, 'true_negatives': 150, 'false_positives': 12, 'false_negatives': 82, 'precision': 0.9978300180831826, 'recall': 0.9853571428571428, 'f1_score': 0.9915543575920933}}
[DEBUG _get_metrics] res_item[1].keys(): ['accuracy', 'loss', 'total_samples', 'actual_attack', 'actual_normal', 'predicted_attack', 'predicted_normal', 'true_positives', 'true_negatives', 'false_positives', 'false_negatives', 'precision', 'recall', 'f1_score']
[DEBUG _get_metrics] Extracted from ConfigRecord._data
[DEBUG] Extracted 4 metrics from results

[Evaluation Summary]
============================================================
Round: 57 / 60
Accuracy (mean):  0.9785  (97.85%)
Loss:             0.0137
[Per-Device Accuracy]
  - Device 0:  0.9787  (97.87%)
  - Device 1:  0.9759  (97.59%)
  - Device 2:  0.9809  (98.09%)
  - Device 3:  0.9787  (97.87%)

[Ground Truth]
  - Attack samples: 5600
  - Normal samples: 162
  - Total samples:  5762

[Predictions]
  - Predicted Attack:  5530
  - Predicted Normal:  232

[Confusion Matrix]
  - True Positives (TP):  5518
  - True Negatives (TN):  150
  - False Positives (FP): 12
  - False Negatives (FN): 82

[Metrics]
  - Precision:  0.8927  (89.27%)
  - Recall:     0.9879  (98.79%)
  - F1-Score:   0.9263  (92.63%)
============================================================

[36m(ClientAppActor pid=262633)[0m [Client 0] ✅ Real QAT applied: 6 QuantizeWrapper layers
[36m(ClientAppActor pid=262633)[0m [Client 0] QAT enabled - model quantization-aware
[36m(ClientAppActor pid=262633)[0m [Client 0] ✅ Real QAT applied: 6 QuantizeWrapper layers
[36m(ClientAppActor pid=262633)[0m [Client 0] QAT enabled - model quantization-aware
[DEBUG] evaluate_metrics_aggregation_fn called with 4 results
[DEBUG] results type: <class 'list'>
[DEBUG] First result type: <class 'tuple'>
[DEBUG] First result length: 2
[DEBUG] results[0][0] type: <class 'int'>
[DEBUG] results[0][1] type: <class 'flwr.app.message.configrecord.ConfigRecord'>
[DEBUG _get_metrics] res_item[1] type: ConfigRecord
[DEBUG _get_metrics] res_item[1] has metrics attr: False
[DEBUG _get_metrics] res_item[1].__dict__: {'_check_key_fn': <function _check_key at 0x71ebc91c8900>, '_check_value_fn': <function _check_value at 0x71ebbe9bc9a0>, '_data': {'accuracy': 0.9808722138404846, 'loss': 0.01116820890456438, 'total_samples': 10456, 'actual_attack': 10452, 'actual_normal': 4, 'predicted_attack': 10317, 'predicted_normal': 139, 'true_positives': 10317, 'true_negatives': 4, 'false_positives': 0, 'false_negatives': 135, 'precision': 1.0, 'recall': 0.9870838117106774, 'f1_score': 0.9934999277769753}}
[DEBUG _get_metrics] res_item[1].keys(): ['accuracy', 'loss', 'total_samples', 'actual_attack', 'actual_normal', 'predicted_attack', 'predicted_normal', 'true_positives', 'true_negatives', 'false_positives', 'false_negatives', 'precision', 'recall', 'f1_score']
[DEBUG _get_metrics] Extracted from ConfigRecord._data
[DEBUG _get_metrics] res_item[1] type: ConfigRecord
[DEBUG _get_metrics] res_item[1] has metrics attr: False
[DEBUG _get_metrics] res_item[1].__dict__: {'_check_key_fn': <function _check_key at 0x71ebc91c8900>, '_check_value_fn': <function _check_value at 0x71ebbe9bc9a0>, '_data': {'accuracy': 0.9784796833992004, 'loss': 0.011820418760180473, 'total_samples': 5762, 'actual_attack': 5600, 'actual_normal': 162, 'predicted_attack': 5530, 'predicted_normal': 232, 'true_positives': 5518, 'true_negatives': 150, 'false_positives': 12, 'false_negatives': 82, 'precision': 0.9978300180831826, 'recall': 0.9853571428571428, 'f1_score': 0.9915543575920933}}
[DEBUG _get_metrics] res_item[1].keys(): ['accuracy', 'loss', 'total_samples', 'actual_attack', 'actual_normal', 'predicted_attack', 'predicted_normal', 'true_positives', 'true_negatives', 'false_positives', 'false_negatives', 'precision', 'recall', 'f1_score']
[DEBUG _get_metrics] Extracted from ConfigRecord._data
[DEBUG _get_metrics] res_item[1] type: ConfigRecord
[DEBUG _get_metrics] res_item[1] has metrics attr: False
[DEBUG _get_metrics] res_item[1].__dict__: {'_check_key_fn': <function _check_key at 0x71ebc91c8900>, '_check_value_fn': <function _check_value at 0x71ebbe9bc9a0>, '_data': {'accuracy': 0.9784796833992004, 'loss': 0.011820418760180473, 'total_samples': 5762, 'actual_attack': 5600, 'actual_normal': 162, 'predicted_attack': 5530, 'predicted_normal': 232, 'true_positives': 5518, 'true_negatives': 150, 'false_positives': 12, 'false_negatives': 82, 'precision': 0.9978300180831826, 'recall': 0.9853571428571428, 'f1_score': 0.9915543575920933}}
[DEBUG _get_metrics] res_item[1].keys(): ['accuracy', 'loss', 'total_samples', 'actual_attack', 'actual_normal', 'predicted_attack', 'predicted_normal', 'true_positives', 'true_negatives', 'false_positives', 'false_negatives', 'precision', 'recall', 'f1_score']
[DEBUG _get_metrics] Extracted from ConfigRecord._data
[DEBUG _get_metrics] res_item[1] type: ConfigRecord
[DEBUG _get_metrics] res_item[1] has metrics attr: False
[DEBUG _get_metrics] res_item[1].__dict__: {'_check_key_fn': <function _check_key at 0x71ebc91c8900>, '_check_value_fn': <function _check_value at 0x71ebbe9bc9a0>, '_data': {'accuracy': 0.975857675075531, 'loss': 0.01843486726284027, 'total_samples': 4722, 'actual_attack': 162, 'actual_normal': 4560, 'predicted_attack': 280, 'predicted_normal': 4442, 'true_positives': 161, 'true_negatives': 4441, 'false_positives': 119, 'false_negatives': 1, 'precision': 0.575, 'recall': 0.9938271604938271, 'f1_score': 0.7285067873303167}}
[DEBUG _get_metrics] res_item[1].keys(): ['accuracy', 'loss', 'total_samples', 'actual_attack', 'actual_normal', 'predicted_attack', 'predicted_normal', 'true_positives', 'true_negatives', 'false_positives', 'false_negatives', 'precision', 'recall', 'f1_score']
[DEBUG _get_metrics] Extracted from ConfigRecord._data
[DEBUG] Extracted 4 metrics from results

[Evaluation Summary]
============================================================
Round: 58 / 60
Accuracy (mean):  0.9784  (97.84%)
Loss:             0.0133
[Per-Device Accuracy]
  - Device 0:  0.9809  (98.09%)
  - Device 1:  0.9785  (97.85%)
  - Device 2:  0.9785  (97.85%)
  - Device 3:  0.9759  (97.59%)

[Ground Truth]
  - Attack samples: 10452
  - Normal samples: 4
  - Total samples:  10456

[Predictions]
  - Predicted Attack:  10317
  - Predicted Normal:  139

[Confusion Matrix]
  - True Positives (TP):  10317
  - True Negatives (TN):  4
  - False Positives (FP): 0
  - False Negatives (FN): 135

[Metrics]
  - Precision:  0.8927  (89.27%)
  - Recall:     0.9879  (98.79%)
  - F1-Score:   0.9263  (92.63%)
============================================================

[36m(ClientAppActor pid=262632)[0m [Client 2] Class weights (smoothed): {0: 1.158529178995592, 1: 0.8414708210044078}[32m [repeated 12x across cluster][0m
[36m(ClientAppActor pid=262633)[0m [Client 0] ✅ Real QAT applied: 6 QuantizeWrapper layers
[36m(ClientAppActor pid=262633)[0m [Client 0] QAT enabled - model quantization-aware
[36m(ClientAppActor pid=262632)[0m [Client 2] Class weights (smoothed): {0: 1.158529178995592, 1: 0.8414708210044078}[32m [repeated 4x across cluster][0m
[36m(ClientAppActor pid=262633)[0m [Client 0] ✅ Real QAT applied: 6 QuantizeWrapper layers
[36m(ClientAppActor pid=262633)[0m [Client 0] QAT enabled - model quantization-aware
[DEBUG] evaluate_metrics_aggregation_fn called with 4 results
[DEBUG] results type: <class 'list'>[92mINFO [0m:      
[92mINFO [0m:      [ROUND 60]
[92mINFO [0m:      configure_fit: strategy sampled 4 clients (out of 4)
[92mINFO [0m:      aggregate_fit: received 4 results and 0 failures
[92mINFO [0m:      configure_evaluate: strategy sampled 4 clients (out of 4)
[92mINFO [0m:      aggregate_evaluate: received 4 results and 0 failures

[DEBUG] First result type: <class 'tuple'>
[DEBUG] First result length: 2
[DEBUG] results[0][0] type: <class 'int'>
[DEBUG] results[0][1] type: <class 'flwr.app.message.configrecord.ConfigRecord'>
[DEBUG _get_metrics] res_item[1] type: ConfigRecord
[DEBUG _get_metrics] res_item[1] has metrics attr: False
[DEBUG _get_metrics] res_item[1].__dict__: {'_check_key_fn': <function _check_key at 0x71ebc91c8900>, '_check_value_fn': <function _check_value at 0x71ebbe9bc9a0>, '_data': {'accuracy': 0.9784796833992004, 'loss': 0.011722709983587265, 'total_samples': 5762, 'actual_attack': 5600, 'actual_normal': 162, 'predicted_attack': 5531, 'predicted_normal': 231, 'true_positives': 5519, 'true_negatives': 150, 'false_positives': 12, 'false_negatives': 81, 'precision': 0.99783041041403, 'recall': 0.9855357142857143, 'f1_score': 0.991644955529602}}
[DEBUG _get_metrics] res_item[1].keys(): ['accuracy', 'loss', 'total_samples', 'actual_attack', 'actual_normal', 'predicted_attack', 'predicted_normal', 'true_positives', 'true_negatives', 'false_positives', 'false_negatives', 'precision', 'recall', 'f1_score']
[DEBUG _get_metrics] Extracted from ConfigRecord._data
[DEBUG _get_metrics] res_item[1] type: ConfigRecord
[DEBUG _get_metrics] res_item[1] has metrics attr: False
[DEBUG _get_metrics] res_item[1].__dict__: {'_check_key_fn': <function _check_key at 0x71ebc91c8900>, '_check_value_fn': <function _check_value at 0x71ebbe9bc9a0>, '_data': {'accuracy': 0.9808722138404846, 'loss': 0.011058197356760502, 'total_samples': 10456, 'actual_attack': 10452, 'actual_normal': 4, 'predicted_attack': 10318, 'predicted_normal': 138, 'true_positives': 10318, 'true_negatives': 4, 'false_positives': 0, 'false_negatives': 134, 'precision': 1.0, 'recall': 0.9871794871794872, 'f1_score': 0.9935483870967742}}
[DEBUG _get_metrics] res_item[1].keys(): ['accuracy', 'loss', 'total_samples', 'actual_attack', 'actual_normal', 'predicted_attack', 'predicted_normal', 'true_positives', 'true_negatives', 'false_positives', 'false_negatives', 'precision', 'recall', 'f1_score']
[DEBUG _get_metrics] Extracted from ConfigRecord._data
[DEBUG _get_metrics] res_item[1] type: ConfigRecord
[DEBUG _get_metrics] res_item[1] has metrics attr: False
[DEBUG _get_metrics] res_item[1].__dict__: {'_check_key_fn': <function _check_key at 0x71ebc91c8900>, '_check_value_fn': <function _check_value at 0x71ebbe9bc9a0>, '_data': {'accuracy': 0.975857675075531, 'loss': 0.018412571400403976, 'total_samples': 4722, 'actual_attack': 162, 'actual_normal': 4560, 'predicted_attack': 280, 'predicted_normal': 4442, 'true_positives': 161, 'true_negatives': 4441, 'false_positives': 119, 'false_negatives': 1, 'precision': 0.575, 'recall': 0.9938271604938271, 'f1_score': 0.7285067873303167}}
[DEBUG _get_metrics] res_item[1].keys(): ['accuracy', 'loss', 'total_samples', 'actual_attack', 'actual_normal', 'predicted_attack', 'predicted_normal', 'true_positives', 'true_negatives', 'false_positives', 'false_negatives', 'precision', 'recall', 'f1_score']
[DEBUG _get_metrics] Extracted from ConfigRecord._data
[DEBUG _get_metrics] res_item[1] type: ConfigRecord
[DEBUG _get_metrics] res_item[1] has metrics attr: False
[DEBUG _get_metrics] res_item[1].__dict__: {'_check_key_fn': <function _check_key at 0x71ebc91c8900>, '_check_value_fn': <function _check_value at 0x71ebbe9bc9a0>, '_data': {'accuracy': 0.9784796833992004, 'loss': 0.011722709983587265, 'total_samples': 5762, 'actual_attack': 5600, 'actual_normal': 162, 'predicted_attack': 5531, 'predicted_normal': 231, 'true_positives': 5519, 'true_negatives': 150, 'false_positives': 12, 'false_negatives': 81, 'precision': 0.99783041041403, 'recall': 0.9855357142857143, 'f1_score': 0.991644955529602}}
[DEBUG _get_metrics] res_item[1].keys(): ['accuracy', 'loss', 'total_samples', 'actual_attack', 'actual_normal', 'predicted_attack', 'predicted_normal', 'true_positives', 'true_negatives', 'false_positives', 'false_negatives', 'precision', 'recall', 'f1_score']
[DEBUG _get_metrics] Extracted from ConfigRecord._data
[DEBUG] Extracted 4 metrics from results

[Evaluation Summary]
============================================================
Round: 59 / 60
Accuracy (mean):  0.9784  (97.84%)
Loss:             0.0132
[Per-Device Accuracy]
  - Device 0:  0.9785  (97.85%)
  - Device 1:  0.9809  (98.09%)
  - Device 2:  0.9759  (97.59%)
  - Device 3:  0.9785  (97.85%)

[Ground Truth]
  - Attack samples: 5600
  - Normal samples: 162
  - Total samples:  5762

[Predictions]
  - Predicted Attack:  5531
  - Predicted Normal:  231

[Confusion Matrix]
  - True Positives (TP):  5519
  - True Negatives (TN):  150
  - False Positives (FP): 12
  - False Negatives (FN): 81

[Metrics]
  - Precision:  0.8927  (89.27%)
  - Recall:     0.9880  (98.80%)
  - F1-Score:   0.9263  (92.63%)
============================================================

[36m(ClientAppActor pid=262633)[0m [Client 0] ✅ Real QAT applied: 6 QuantizeWrapper layers
[36m(ClientAppActor pid=262633)[0m [Client 0] QAT enabled - model quantization-aware
[Round 60] Client contributions:
  Client samples: 8,594 (weight: 0.0662)
  Client samples: 49,871 (weight: 0.3839)
  Client samples: 8,594 (weight: 0.0662)
  Client samples: 62,856 (weight: 0.4838)
[36m(ClientAppActor pid=262639)[0m [Client 1] Class weights (smoothed): {0: 1.563131837938747, 1: 0.4368681620612528}[32m [repeated 8x across cluster][0m
[36m(ClientAppActor pid=262633)[0m [Client 0] ✅ Real QAT applied: 6 QuantizeWrapper layers
[36m(ClientAppActor pid=262633)[0m [Client 0] QAT enabled - model quantization-aware
[DEBUG] evaluate_metrics_aggregation_fn called with 4 results
[DEBUG] results type: <class 'list'>
[DEBUG] First result type: <class 'tuple'>
[DEBUG] First result length: 2
[DEBUG] results[0][0] type: <class 'int'>
[DEBUG] results[0][1] type: <class 'flwr.app.message.configrecord.ConfigRecord'>
[DEBUG _get_metrics] res_item[1] type: ConfigRecord
[DEBUG _get_metrics] res_item[1] has metrics attr: False
[DEBUG _get_metrics] res_item[1].__dict__: {'_check_key_fn': <function _check_key at 0x71ebc91c8900>, '_check_value_fn': <function _check_value at 0x71ebbe9bc9a0>, '_data': {'accuracy': 0.9809678792953491, 'loss': 0.011089050211012363, 'total_samples': 10456, 'actual_attack': 10452, 'actual_normal': 4, 'predicted_attack': 10320, 'predicted_normal': 136, 'true_positives': 10320, 'true_negatives': 4, 'false_positives': 0, 'false_negatives': 132, 'precision': 1.0, 'recall': 0.9873708381171068, 'f1_score': 0.9936452917388793}}
[DEBUG _get_metrics] res_item[1].keys(): ['accuracy', 'loss', 'total_samples', 'actual_attack', 'actual_normal', 'predicted_attack', 'predicted_normal', 'true_positives', 'true_negatives', 'false_positives', 'false_negatives', 'precision', 'recall', 'f1_score']
[DEBUG _get_metrics] Extracted from ConfigRecord._data
[DEBUG _get_metrics] res_item[1] type: ConfigRecord
[DEBUG _get_metrics] res_item[1] has metrics attr: False
[DEBUG _get_metrics] res_item[1].__dict__: {'_check_key_fn': <function _check_key at 0x71ebc91c8900>, '_check_value_fn': <function _check_value at 0x71ebbe9bc9a0>, '_data': {'accuracy': 0.9786532521247864, 'loss': 0.011752721853554249, 'total_samples': 5762, 'actual_attack': 5600, 'actual_normal': 162, 'predicted_attack': 5531, 'predicted_normal': 231, 'true_positives': 5519, 'true_negatives': 150, 'false_positives': 12, 'false_negatives': 81, 'precision': 0.99783041041403, 'recall': 0.9855357142857143, 'f1_score': 0.991644955529602}}
[DEBUG _get_metrics] res_item[1].keys(): ['accuracy', 'loss', 'total_samples', 'actual_attack', 'actual_normal', 'predicted_attack', 'predicted_normal', 'true_positives', 'true_negatives', 'false_positives', 'false_negatives', 'precision', 'recall', 'f1_score']
[DEBUG _get_metrics] Extracted from ConfigRecord._data
[DEBUG _get_metrics] res_item[1] type: ConfigRecord
[DEBUG _get_metrics] res_item[1] has metrics attr: False
[DEBUG _get_metrics] res_item[1].__dict__: {'_check_key_fn': <function _check_key at 0x71ebc91c8900>, '_check_value_fn': <function _check_value at 0x71ebbe9bc9a0>, '_data': {'accuracy': 0.976069450378418, 'loss': 0.018374713137745857, 'total_samples': 4722, 'actual_attack': 162, 'actual_normal': 4560, 'predicted_attack': 280, 'predicted_normal': 4442, 'true_positives': 161, 'true_negatives': 4441, 'false_positives': 119, 'false_negatives': 1, 'precision': 0.575, 'recall': 0.9938271604938271, 'f1_score': 0.7285067873303167}}[92mINFO [0m:      
[92mINFO [0m:      [SUMMARY]
[92mINFO [0m:      Run finished 60 round(s) in 419.11s
[92mINFO [0m:      	History (loss, distributed):
[92mINFO [0m:      		round 1: 0.06689902999940664
[92mINFO [0m:      		round 2: 0.05628242975046604
[92mINFO [0m:      		round 3: 0.04283758560570159
[92mINFO [0m:      		round 4: 0.04015472246683159
[92mINFO [0m:      		round 5: 0.030721590818581834
[92mINFO [0m:      		round 6: 0.024558629509267776
[92mINFO [0m:      		round 7: 0.0332455526253037
[92mINFO [0m:      		round 8: 0.03266561600724174
[92mINFO [0m:      		round 9: 0.02676663168779733
[92mINFO [0m:      		round 10: 0.024966048942151278
[92mINFO [0m:      		round 11: 0.02339248653995429
[92mINFO [0m:      		round 12: 0.022344697522126856
[92mINFO [0m:      		round 13: 0.02204595292484427
[92mINFO [0m:      		round 14: 0.01778398460174431
[92mINFO [0m:      		round 15: 0.01678906355613194
[92mINFO [0m:      		round 16: 0.01558021249578969
[92mINFO [0m:      		round 17: 0.015054212539074447
[92mINFO [0m:      		round 18: 0.014960689401252244
[92mINFO [0m:      		round 19: 0.015150212933559176
[92mINFO [0m:      		round 20: 0.014917815587959855
[92mINFO [0m:      		round 21: 0.014453069635115619
[92mINFO [0m:      		round 22: 0.014333210550134222
[92mINFO [0m:      		round 23: 0.014405656912191138
[92mINFO [0m:      		round 24: 0.013959959123271626
[92mINFO [0m:      		round 25: 0.013733423985560399
[92mINFO [0m:      		round 26: 0.013965690280938272
[92mINFO [0m:      		round 27: 0.01395536559046489
[92mINFO [0m:      		round 28: 0.014208312389328456
[92mINFO [0m:      		round 29: 0.013931508488469281
[92mINFO [0m:      		round 30: 0.013693451507651942
[92mINFO [0m:      		round 31: 0.01361184361165525
[92mINFO [0m:      		round 32: 0.013600446966875538
[92mINFO [0m:      		round 33: 0.013441479872234412
[92mINFO [0m:      		round 34: 0.01348950817377998
[92mINFO [0m:      		round 35: 0.013341484113670532
[92mINFO [0m:      		round 36: 0.013332901569951804
[92mINFO [0m:      		round 37: 0.013287350231392778
[92mINFO [0m:      		round 38: 0.01306049400426709
[92mINFO [0m:      		round 39: 0.013036834756035892
[92mINFO [0m:      		round 40: 0.013008142184681253
[92mINFO [0m:      		round 41: 0.012811660154974244
[92mINFO [0m:      		round 42: 0.012728607985190698
[92mINFO [0m:      		round 43: 0.012994151290819472
[92mINFO [0m:      		round 44: 0.013065288072427813
[92mINFO [0m:      		round 45: 0.013099489465152742
[92mINFO [0m:      		round 46: 0.012965770524114306
[92mINFO [0m:      		round 47: 0.012648179089302705
[92mINFO [0m:      		round 48: 0.013287643618582028
[92mINFO [0m:      		round 49: 0.012871255487221456
[92mINFO [0m:      		round 50: 0.013304756277950728
[92mINFO [0m:      		round 51: 0.013221658636243073
[92mINFO [0m:      		round 52: 0.012867364602174735
[92mINFO [0m:      		round 53: 0.012909031500375081
[92mINFO [0m:      		round 54: 0.012939916966472812
[92mINFO [0m:      		round 55: 0.013223331868475532
[92mINFO [0m:      		round 56: 0.013290978013452371
[92mINFO [0m:      		round 57: 0.013198262164816366
[92mINFO [0m:      		round 58: 0.012734729282959205
[92mINFO [0m:      		round 59: 0.01264553904448562
[92mINFO [0m:      		round 60: 0.012663878027231682
[92mINFO [0m:      	History (metrics, distributed, evaluate):
[92mINFO [0m:      	{'accuracy': [(1, 0.8720366805791855),
[92mINFO [0m:      	              (2, 0.8283704370260239),
[92mINFO [0m:      	              (3, 0.9664714187383652),
[92mINFO [0m:      	              (4, 0.975689172744751),
[92mINFO [0m:      	              (5, 0.9742000699043274),
[92mINFO [0m:      	              (6, 0.9765012264251709),
[92mINFO [0m:      	              (7, 0.9708079397678375),
[92mINFO [0m:      	              (8, 0.9698746353387833),
[92mINFO [0m:      	              (9, 0.9397604763507843),
[92mINFO [0m:      	              (10, 0.9648138731718063),
[92mINFO [0m:      	              (11, 0.9651500731706619),
[92mINFO [0m:      	              (12, 0.9653376191854477),
[92mINFO [0m:      	              (13, 0.9432784169912338),
[92mINFO [0m:      	              (14, 0.9719818532466888),
[92mINFO [0m:      	              (15, 0.9722032099962234),
[92mINFO [0m:      	              (16, 0.9720925241708755),
[92mINFO [0m:      	              (17, 0.9733428359031677),
[92mINFO [0m:      	              (18, 0.9734145551919937),
[92mINFO [0m:      	              (19, 0.9734145551919937),
[92mINFO [0m:      	              (20, 0.9735881239175797),
[92mINFO [0m:      	              (21, 0.9741705805063248),
[92mINFO [0m:      	              (22, 0.9743051826953888),
[92mINFO [0m:      	              (23, 0.9742183983325958),
[92mINFO [0m:      	              (24, 0.9742422997951508),
[92mINFO [0m:      	              (25, 0.9743051826953888),
[92mINFO [0m:      	              (26, 0.9743051826953888),
[92mINFO [0m:      	              (27, 0.976647287607193),
[92mINFO [0m:      	              (28, 0.9741077274084091),
[92mINFO [0m:      	              (29, 0.9764498323202133),
[92mINFO [0m:      	              (30, 0.9764498323202133),
[92mINFO [0m:      	              (31, 0.9765605330467224),
[92mINFO [0m:      	              (32, 0.9742183983325958),
[92mINFO [0m:      	              (33, 0.9765605330467224),
[92mINFO [0m:      	              (34, 0.9742183983325958),
[92mINFO [0m:      	              (35, 0.9765844345092773),
[92mINFO [0m:      	              (36, 0.9765844345092773),
[92mINFO [0m:      	              (37, 0.9765605330467224),
[92mINFO [0m:      	              (38, 0.976647287607193),
[92mINFO [0m:      	              (39, 0.976647287607193),
[92mINFO [0m:      	              (40, 0.9779078364372253),
[92mINFO [0m:      	              (41, 0.9780185371637344),
[92mINFO [0m:      	              (42, 0.9769168049097061),
[92mINFO [0m:      	              (43, 0.9780185371637344),
[92mINFO [0m:      	              (44, 0.9815894067287445),
[92mINFO [0m:      	              (45, 0.9781770557165146),
[92mINFO [0m:      	              (46, 0.9768840372562408),
[92mINFO [0m:      	              (47, 0.9806851297616959),
[92mINFO [0m:      	              (48, 0.9805115908384323),
[92mINFO [0m:      	              (49, 0.9797668755054474),
[92mINFO [0m:      	              (50, 0.976821169257164),
[92mINFO [0m:      	              (51, 0.9771231412887573),
[92mINFO [0m:      	              (52, 0.9779468029737473),
[92mINFO [0m:      	              (53, 0.9772098958492279),
[92mINFO [0m:      	              (54, 0.9783116281032562),
[92mINFO [0m:      	              (55, 0.9784752577543259),
[92mINFO [0m:      	              (56, 0.9772966802120209),
[92mINFO [0m:      	              (57, 0.9785090982913971),
[92mINFO [0m:      	              (58, 0.9784223139286041),
[92mINFO [0m:      	              (59, 0.9784223139286041),
[92mINFO [0m:      	              (60, 0.978585958480835)],
[92mINFO [0m:      	 'actual_attack': [(1, 10452),
[92mINFO [0m:      	                   (2, 5600),
[92mINFO [0m:      	                   (3, 10452),
[92mINFO [0m:      	                   (4, 5600),
[92mINFO [0m:      	                   (5, 10452),
[92mINFO [0m:      	                   (6, 5600),
[92mINFO [0m:      	                   (7, 5600),
[92mINFO [0m:      	                   (8, 162),
[92mINFO [0m:      	                   (9, 5600),
[92mINFO [0m:      	                   (10, 162),
[92mINFO [0m:      	                   (11, 10452),
[92mINFO [0m:      	                   (12, 10452),
[92mINFO [0m:      	                   (13, 162),
[92mINFO [0m:      	                   (14, 162),
[92mINFO [0m:      	                   (15, 10452),
[92mINFO [0m:      	                   (16, 5600),
[92mINFO [0m:      	                   (17, 162),
[92mINFO [0m:      	                   (18, 10452),
[92mINFO [0m:      	                   (19, 162),
[92mINFO [0m:      	                   (20, 162),
[92mINFO [0m:      	                   (21, 5600),
[92mINFO [0m:      	                   (22, 162),
[92mINFO [0m:      	                   (23, 10452),
[92mINFO [0m:      	                   (24, 10452),
[92mINFO [0m:      	                   (25, 5600),
[92mINFO [0m:      	                   (26, 162),
[92mINFO [0m:      	                   (27, 5600),
[92mINFO [0m:      	                   (28, 5600),
[92mINFO [0m:      	                   (29, 162),
[92mINFO [0m:      	                   (30, 5600),
[92mINFO [0m:      	                   (31, 5600),
[92mINFO [0m:      	                   (32, 10452),
[92mINFO [0m:      	                   (33, 162),
[92mINFO [0m:      	                   (34, 162),
[92mINFO [0m:      	                   (35, 10452),
[92mINFO [0m:      	                   (36, 5600),
[92mINFO [0m:      	                   (37, 10452),
[92mINFO [0m:      	                   (38, 162),
[92mINFO [0m:      	                   (39, 5600),
[92mINFO [0m:      	                   (40, 5600),
[92mINFO [0m:      	                   (41, 5600),
[92mINFO [0m:      	                   (42, 162),
[92mINFO [0m:      	                   (43, 5600),
[92mINFO [0m:      	                   (44, 5600),
[92mINFO [0m:      	                   (45, 5600),
[92mINFO [0m:      	                   (46, 5600),
[92mINFO [0m:      	                   (47, 5600),
[92mINFO [0m:      	                   (48, 5600),
[92mINFO [0m:      	                   (49, 5600),
[92mINFO [0m:      	                   (50, 162),
[92mINFO [0m:      	                   (51, 162),
[92mINFO [0m:      	                   (52, 5600),
[92mINFO [0m:      	                   (53, 162),
[92mINFO [0m:      	                   (54, 5600),
[92mINFO [0m:      	                   (55, 10452),
[92mINFO [0m:      	                   (56, 10452),
[92mINFO [0m:      	                   (57, 5600),
[92mINFO [0m:      	                   (58, 10452),
[92mINFO [0m:      	                   (59, 5600),
[92mINFO [0m:      	                   (60, 10452)],
[92mINFO [0m:      	 'actual_normal': [(1, 4),
[92mINFO [0m:      	                   (2, 162),
[92mINFO [0m:      	                   (3, 4),
[92mINFO [0m:      	                   (4, 162),
[92mINFO [0m:      	                   (5, 4),
[92mINFO [0m:      	                   (6, 162),
[92mINFO [0m:      	                   (7, 162),
[92mINFO [0m:      	                   (8, 4560),
[92mINFO [0m:      	                   (9, 162),
[92mINFO [0m:      	                   (10, 4560),
[92mINFO [0m:      	                   (11, 4),
[92mINFO [0m:      	                   (12, 4),
[92mINFO [0m:      	                   (13, 4560),
[92mINFO [0m:      	                   (14, 4560),
[92mINFO [0m:      	                   (15, 4),
[92mINFO [0m:      	                   (16, 162),
[92mINFO [0m:      	                   (17, 4560),
[92mINFO [0m:      	                   (18, 4),
[92mINFO [0m:      	                   (19, 4560),
[92mINFO [0m:      	                   (20, 4560),
[92mINFO [0m:      	                   (21, 162),
[92mINFO [0m:      	                   (22, 4560),
[92mINFO [0m:      	                   (23, 4),
[92mINFO [0m:      	                   (24, 4),
[92mINFO [0m:      	                   (25, 162),
[92mINFO [0m:      	                   (26, 4560),
[92mINFO [0m:      	                   (27, 162),
[92mINFO [0m:      	                   (28, 162),
[92mINFO [0m:      	                   (29, 4560),
[92mINFO [0m:      	                   (30, 162),
[92mINFO [0m:      	                   (31, 162),
[92mINFO [0m:      	                   (32, 4),
[92mINFO [0m:      	                   (33, 4560),
[92mINFO [0m:      	                   (34, 4560),
[92mINFO [0m:      	                   (35, 4),
[92mINFO [0m:      	                   (36, 162),
[92mINFO [0m:      	                   (37, 4),
[92mINFO [0m:      	                   (38, 4560),
[92mINFO [0m:      	                   (39, 162),
[92mINFO [0m:      	                   (40, 162),
[92mINFO [0m:      	                   (41, 162),
[92mINFO [0m:      	                   (42, 4560),
[92mINFO [0m:      	                   (43, 162),
[92mINFO [0m:      	                   (44, 162),
[92mINFO [0m:      	                   (45, 162),
[92mINFO [0m:      	                   (46, 162),
[92mINFO [0m:      	                   (47, 162),
[92mINFO [0m:      	                   (48, 162),
[92mINFO [0m:      	                   (49, 162),
[92mINFO [0m:      	                   (50, 4560),
[92mINFO [0m:      	                   (51, 4560),
[92mINFO [0m:      	                   (52, 162),
[92mINFO [0m:      	                   (53, 4560),
[92mINFO [0m:      	                   (54, 162),
[92mINFO [0m:      	                   (55, 4),
[92mINFO [0m:      	                   (56, 4),
[92mINFO [0m:      	                   (57, 162),
[92mINFO [0m:      	                   (58, 4),
[92mINFO [0m:      	                   (59, 162),
[92mINFO [0m:      	                   (60, 4)],
[92mINFO [0m:      	 'f1_score': [(1, 0.7637769484647426),
[92mINFO [0m:      	              (2, 0.8451786367428276),
[92mINFO [0m:      	              (3, 0.879139205521008),
[92mINFO [0m:      	              (4, 0.9173267489268467),
[92mINFO [0m:      	              (5, 0.8984948674293692),
[92mINFO [0m:      	              (6, 0.8981479546667153),
[92mINFO [0m:      	              (7, 0.8426921018362331),
[92mINFO [0m:      	              (8, 0.8060080891613592),
[92mINFO [0m:      	              (9, 0.803367626587602),
[92mINFO [0m:      	              (10, 0.8166346821664483),
[92mINFO [0m:      	              (11, 0.8161251680313664),
[92mINFO [0m:      	              (12, 0.807829217455801),
[92mINFO [0m:      	              (13, 0.8079010167979142),
[92mINFO [0m:      	              (14, 0.9187391943431987),
[92mINFO [0m:      	              (15, 0.9188094253347168),
[92mINFO [0m:      	              (16, 0.9187849523718091),
[92mINFO [0m:      	              (17, 0.9224009919531607),
[92mINFO [0m:      	              (18, 0.9223919884962428),
[92mINFO [0m:      	              (19, 0.920857521229065),
[92mINFO [0m:      	              (20, 0.9209491282385838),
[92mINFO [0m:      	              (21, 0.9227390327374478),
[92mINFO [0m:      	              (22, 0.9227390327374478),
[92mINFO [0m:      	              (23, 0.9216161322392749),
[92mINFO [0m:      	              (24, 0.923341075915028),
[92mINFO [0m:      	              (25, 0.923341075915028),
[92mINFO [0m:      	              (26, 0.923341075915028),
[92mINFO [0m:      	              (27, 0.924032805304332),
[92mINFO [0m:      	              (28, 0.924032805304332),
[92mINFO [0m:      	              (29, 0.923341075915028),
[92mINFO [0m:      	              (30, 0.9238590294047886),
[92mINFO [0m:      	              (31, 0.923213428940612),
[92mINFO [0m:      	              (32, 0.9232134289406121),
[92mINFO [0m:      	              (33, 0.923917297577632),
[92mINFO [0m:      	              (34, 0.923917297577632),
[92mINFO [0m:      	              (35, 0.9240450010324666),
[92mINFO [0m:      	              (36, 0.9240571955823839),
[92mINFO [0m:      	              (37, 0.9246465401117717),
[92mINFO [0m:      	              (38, 0.9242288084086091),
[92mINFO [0m:      	              (39, 0.9258622316985874),
[92mINFO [0m:      	              (40, 0.9246465401117717),
[92mINFO [0m:      	              (41, 0.9258864882125876),
[92mINFO [0m:      	              (42, 0.9247040074068691),
[92mINFO [0m:      	              (43, 0.9259884942783372),
[92mINFO [0m:      	              (44, 0.9259884942783372),
[92mINFO [0m:      	              (45, 0.9259884942783372),
[92mINFO [0m:      	              (46, 0.9259884942783372),
[92mINFO [0m:      	              (47, 0.9259884942783372),
[92mINFO [0m:      	              (48, 0.9259884942783372),
[92mINFO [0m:      	              (49, 0.9259884942783372),
[92mINFO [0m:      	              (50, 0.9259884942783372),
[92mINFO [0m:      	              (51, 0.9259884942783372),
[92mINFO [0m:      	              (52, 0.9259884942783372),
[92mINFO [0m:      	              (53, 0.9260791492205565),
[92mINFO [0m:      	              (54, 0.925507328379682),
[92mINFO [0m:      	              (55, 0.9261244644729211),
[92mINFO [0m:      	              (56, 0.9261487139772122),
[92mINFO [0m:      	              (57, 0.9262788575728695),
[92mINFO [0m:      	              (58, 0.9262788575728698),
[92mINFO [0m:      	              (59, 0.9263362713715737),
[92mINFO [0m:      	              (60, 0.9263604975321)],
[92mINFO [0m:      	 'false_negatives': [(1, 31),
[92mINFO [0m:      	                     (2, 97),
[92mINFO [0m:      	                     (3, 218),
[92mINFO [0m:      	                     (4, 114),
[92mINFO [0m:      	                     (5, 184),
[92mINFO [0m:      	                     (6, 108),
[92mINFO [0m:      	                     (7, 96),
[92mINFO [0m:      	                     (8, 2),
[92mINFO [0m:      	                     (9, 144),
[92mINFO [0m:      	                     (10, 3),
[92mINFO [0m:      	                     (11, 253),
[92mINFO [0m:      	                     (12, 251),
[92mINFO [0m:      	                     (13, 2),
[92mINFO [0m:      	                     (14, 1),
[92mINFO [0m:      	                     (15, 237),
[92mINFO [0m:      	                     (16, 137),
[92mINFO [0m:      	                     (17, 1),
[92mINFO [0m:      	                     (18, 219),
[92mINFO [0m:      	                     (19, 2),
[92mINFO [0m:      	                     (20, 2),
[92mINFO [0m:      	                     (21, 119),
[92mINFO [0m:      	                     (22, 1),
[92mINFO [0m:      	                     (23, 242),
[92mINFO [0m:      	                     (24, 201),
[92mINFO [0m:      	                     (25, 109),
[92mINFO [0m:      	                     (26, 1),
[92mINFO [0m:      	                     (27, 112),
[92mINFO [0m:      	                     (28, 112),
[92mINFO [0m:      	                     (29, 1),
[92mINFO [0m:      	                     (30, 85),
[92mINFO [0m:      	                     (31, 111),
[92mINFO [0m:      	                     (32, 204),
[92mINFO [0m:      	                     (33, 1),
[92mINFO [0m:      	                     (34, 1),
[92mINFO [0m:      	                     (35, 203),
[92mINFO [0m:      	                     (36, 112),
[92mINFO [0m:      	                     (37, 146),
[92mINFO [0m:      	                     (38, 1),
[92mINFO [0m:      	                     (39, 87),
[92mINFO [0m:      	                     (40, 87),
[92mINFO [0m:      	                     (41, 87),
[92mINFO [0m:      	                     (42, 1),
[92mINFO [0m:      	                     (43, 86),
[92mINFO [0m:      	                     (44, 86),
[92mINFO [0m:      	                     (45, 86),
[92mINFO [0m:      	                     (46, 86),
[92mINFO [0m:      	                     (47, 86),
[92mINFO [0m:      	                     (48, 86),
[92mINFO [0m:      	                     (49, 86),
[92mINFO [0m:      	                     (50, 1),
[92mINFO [0m:      	                     (51, 1),
[92mINFO [0m:      	                     (52, 86),
[92mINFO [0m:      	                     (53, 1),
[92mINFO [0m:      	                     (54, 109),
[92mINFO [0m:      	                     (55, 144),
[92mINFO [0m:      	                     (56, 142),
[92mINFO [0m:      	                     (57, 82),
[92mINFO [0m:      	                     (58, 135),
[92mINFO [0m:      	                     (59, 81),
[92mINFO [0m:      	                     (60, 132)],
[92mINFO [0m:      	 'false_positives': [(1, 3),
[92mINFO [0m:      	                     (2, 25),
[92mINFO [0m:      	                     (3, 1),
[92mINFO [0m:      	                     (4, 13),
[92mINFO [0m:      	                     (5, 0),
[92mINFO [0m:      	                     (6, 17),
[92mINFO [0m:      	                     (7, 26),
[92mINFO [0m:      	                     (8, 935),
[92mINFO [0m:      	                     (9, 34),
[92mINFO [0m:      	                     (10, 706),
[92mINFO [0m:      	                     (11, 2),
[92mINFO [0m:      	                     (12, 2),
[92mINFO [0m:      	                     (13, 837),
[92mINFO [0m:      	                     (14, 128),
[92mINFO [0m:      	                     (15, 0),
[92mINFO [0m:      	                     (16, 14),
[92mINFO [0m:      	                     (17, 121),
[92mINFO [0m:      	                     (18, 0),
[92mINFO [0m:      	                     (19, 120),
[92mINFO [0m:      	                     (20, 120),
[92mINFO [0m:      	                     (21, 14),
[92mINFO [0m:      	                     (22, 121),
[92mINFO [0m:      	                     (23, 0),
[92mINFO [0m:      	                     (24, 0),
[92mINFO [0m:      	                     (25, 14),
[92mINFO [0m:      	                     (26, 121),
[92mINFO [0m:      	                     (27, 13),
[92mINFO [0m:      	                     (28, 13),
[92mINFO [0m:      	                     (29, 121),
[92mINFO [0m:      	                     (30, 14),
[92mINFO [0m:      	                     (31, 14),
[92mINFO [0m:      	                     (32, 0),
[92mINFO [0m:      	                     (33, 119),
[92mINFO [0m:      	                     (34, 119),
[92mINFO [0m:      	                     (35, 0),
[92mINFO [0m:      	                     (36, 13),
[92mINFO [0m:      	                     (37, 0),
[92mINFO [0m:      	                     (38, 123),
[92mINFO [0m:      	                     (39, 13),
[92mINFO [0m:      	                     (40, 13),
[92mINFO [0m:      	                     (41, 13),
[92mINFO [0m:      	                     (42, 122),
[92mINFO [0m:      	                     (43, 12),
[92mINFO [0m:      	                     (44, 12),
[92mINFO [0m:      	                     (45, 12),
[92mINFO [0m:      	                     (46, 12),
[92mINFO [0m:      	                     (47, 12),
[92mINFO [0m:      	                     (48, 12),
[92mINFO [0m:      	                     (49, 12),
[92mINFO [0m:      	                     (50, 119),
[92mINFO [0m:      	                     (51, 119),
[92mINFO [0m:      	                     (52, 12),
[92mINFO [0m:      	                     (53, 119),
[92mINFO [0m:      	                     (54, 12),
[92mINFO [0m:      	                     (55, 0),
[92mINFO [0m:      	                     (56, 0),
[92mINFO [0m:      	                     (57, 12),
[92mINFO [0m:      	                     (58, 0),
[92mINFO [0m:      	                     (59, 12),
[92mINFO [0m:      	                     (60, 0)],
[92mINFO [0m:      	 'loss': [(1, 0.0723986467346549),
[92mINFO [0m:      	          (2, 0.05864629801362753),
[92mINFO [0m:      	          (3, 0.04406609758734703),
[92mINFO [0m:      	          (4, 0.040944566018879414),
[92mINFO [0m:      	          (5, 0.03135006548836827),
[92mINFO [0m:      	          (6, 0.024765899870544672),
[92mINFO [0m:      	          (7, 0.03414058592170477),
[92mINFO [0m:      	          (8, 0.033573707565665245),
[92mINFO [0m:      	          (9, 0.02826794981956482),
[92mINFO [0m:      	          (10, 0.02625179011374712),
[92mINFO [0m:      	          (11, 0.024788282345980406),
[92mINFO [0m:      	          (12, 0.023915783502161503),
[92mINFO [0m:      	          (13, 0.024046880193054676),
[92mINFO [0m:      	          (14, 0.01829872466623783),
[92mINFO [0m:      	          (15, 0.017371313413605094),
[92mINFO [0m:      	          (16, 0.016097072744742036),
[92mINFO [0m:      	          (17, 0.015597915276885033),
[92mINFO [0m:      	          (18, 0.015459937509149313),
[92mINFO [0m:      	          (19, 0.015466254204511642),
[92mINFO [0m:      	          (20, 0.015216826694086194),
[92mINFO [0m:      	          (21, 0.014769426779821515),
[92mINFO [0m:      	          (22, 0.014638982713222504),
[92mINFO [0m:      	          (23, 0.014791756635531783),
[92mINFO [0m:      	          (24, 0.0143884951248765),
[92mINFO [0m:      	          (25, 0.014200604287907481),
[92mINFO [0m:      	          (26, 0.014507587533444166),
[92mINFO [0m:      	          (27, 0.0144703711848706),
[92mINFO [0m:      	          (28, 0.014695876277983189),
[92mINFO [0m:      	          (29, 0.014283759519457817),
[92mINFO [0m:      	          (30, 0.014041807036846876),
[92mINFO [0m:      	          (31, 0.014070186065509915),
[92mINFO [0m:      	          (32, 0.013899942860007286),
[92mINFO [0m:      	          (33, 0.013754840707406402),
[92mINFO [0m:      	          (34, 0.013917022850364447),
[92mINFO [0m:      	          (35, 0.013750102603808045),
[92mINFO [0m:      	          (36, 0.013770758174359798),
[92mINFO [0m:      	          (37, 0.013733817962929606),
[92mINFO [0m:      	          (38, 0.013548345537856221),
[92mINFO [0m:      	          (39, 0.013533399440348148),
[92mINFO [0m:      	          (40, 0.013701253337785602),
[92mINFO [0m:      	          (41, 0.013519770232960582),
[92mINFO [0m:      	          (42, 0.013443070463836193),
[92mINFO [0m:      	          (43, 0.013647656422108412),
[92mINFO [0m:      	          (44, 0.013661176897585392),
[92mINFO [0m:      	          (45, 0.013676477130502462),
[92mINFO [0m:      	          (46, 0.013538513332605362),
[92mINFO [0m:      	          (47, 0.013245235197246075),
[92mINFO [0m:      	          (48, 0.013783019967377186),
[92mINFO [0m:      	          (49, 0.013431358616799116),
[92mINFO [0m:      	          (50, 0.013797591673210263),
[92mINFO [0m:      	          (51, 0.0136892378795892),
[92mINFO [0m:      	          (52, 0.013301044469699264),
[92mINFO [0m:      	          (53, 0.013299111975356936),
[92mINFO [0m:      	          (54, 0.013319022487848997),
[92mINFO [0m:      	          (55, 0.013765753246843815),
[92mINFO [0m:      	          (56, 0.013810022035613656),
[92mINFO [0m:      	          (57, 0.013696430251002312),
[92mINFO [0m:      	          (58, 0.0133109784219414),
[92mINFO [0m:      	          (59, 0.013229047181084752),
[92mINFO [0m:      	          (60, 0.01324230176396668)],
[92mINFO [0m:      	 'precision': [(1, 0.7495174118294282),
[92mINFO [0m:      	               (2, 0.8124394221900475),
[92mINFO [0m:      	               (3, 0.8445446327775097),
[92mINFO [0m:      	               (4, 0.8848723886717808),
[92mINFO [0m:      	               (5, 0.8627433444798714),
[92mINFO [0m:      	               (6, 0.8624171842087979),
[92mINFO [0m:      	               (7, 0.8104192440541834),
[92mINFO [0m:      	               (8, 0.7833234271628279),
[92mINFO [0m:      	               (9, 0.7838656816039952),
[92mINFO [0m:      	               (10, 0.7931705722151317),
[92mINFO [0m:      	               (11, 0.793114451760804),
[92mINFO [0m:      	               (12, 0.7869626431693758),
[92mINFO [0m:      	               (13, 0.786793302860413),
[92mINFO [0m:      	               (14, 0.8879950510690247),
[92mINFO [0m:      	               (15, 0.8879952844641922),
[92mINFO [0m:      	               (16, 0.8879952844641922),
[92mINFO [0m:      	               (17, 0.89145545091656),
[92mINFO [0m:      	               (18, 0.8914552186255167),
[92mINFO [0m:      	               (19, 0.8915774353617132),
[92mINFO [0m:      	               (20, 0.891577903091061),
[92mINFO [0m:      	               (21, 0.8914566111035822),
[92mINFO [0m:      	               (22, 0.8914566111035822),
[92mINFO [0m:      	               (23, 0.8920908702948807),
[92mINFO [0m:      	               (24, 0.8914589251550815),
[92mINFO [0m:      	               (25, 0.8914589251550815),
[92mINFO [0m:      	               (26, 0.8914589251550815),
[92mINFO [0m:      	               (27, 0.8925683966551536),
[92mINFO [0m:      	               (28, 0.8925683966551536),
[92mINFO [0m:      	               (29, 0.8914589251550813),
[92mINFO [0m:      	               (30, 0.8899620184481823),
[92mINFO [0m:      	               (31, 0.8914584630175932),
[92mINFO [0m:      	               (32, 0.8914584630175932),
[92mINFO [0m:      	               (33, 0.8925679669030733),
[92mINFO [0m:      	               (34, 0.8925679669030733),
[92mINFO [0m:      	               (35, 0.8925683966551536),
[92mINFO [0m:      	               (36, 0.8925683966551536),
[92mINFO [0m:      	               (37, 0.8910498907189783),
[92mINFO [0m:      	               (38, 0.8905490944217604),
[92mINFO [0m:      	               (39, 0.8925737423090843),
[92mINFO [0m:      	               (40, 0.8910498907189783),
[92mINFO [0m:      	               (41, 0.8925737423090843),
[92mINFO [0m:      	               (42, 0.891050103539259),
[92mINFO [0m:      	               (43, 0.892664223669924),
[92mINFO [0m:      	               (44, 0.892664223669924),
[92mINFO [0m:      	               (45, 0.892664223669924),
[92mINFO [0m:      	               (46, 0.892664223669924),
[92mINFO [0m:      	               (47, 0.892664223669924),
[92mINFO [0m:      	               (48, 0.892664223669924),
[92mINFO [0m:      	               (49, 0.892664223669924),
[92mINFO [0m:      	               (50, 0.892664223669924),
[92mINFO [0m:      	               (51, 0.892664223669924),
[92mINFO [0m:      	               (52, 0.892664223669924),
[92mINFO [0m:      	               (53, 0.8926646164978292),
[92mINFO [0m:      	               (54, 0.8942165448317985),
[92mINFO [0m:      	               (55, 0.8926648128052088),
[92mINFO [0m:      	               (56, 0.8926648128052088),
[92mINFO [0m:      	               (57, 0.8926650090415913),
[92mINFO [0m:      	               (58, 0.8926650090415913),
[92mINFO [0m:      	               (59, 0.8926652052070149),
[92mINFO [0m:      	               (60, 0.8926652052070149)],
[92mINFO [0m:      	 'predicted_attack': [(1, 10424),
[92mINFO [0m:      	                      (2, 5528),
[92mINFO [0m:      	                      (3, 10235),
[92mINFO [0m:      	                      (4, 5499),
[92mINFO [0m:      	                      (5, 10268),
[92mINFO [0m:      	                      (6, 5509),
[92mINFO [0m:      	                      (7, 5530),
[92mINFO [0m:      	                      (8, 1095),
[92mINFO [0m:      	                      (9, 5490),
[92mINFO [0m:      	                      (10, 865),
[92mINFO [0m:      	                      (11, 10201),
[92mINFO [0m:      	                      (12, 10203),
[92mINFO [0m:      	                      (13, 997),
[92mINFO [0m:      	                      (14, 289),
[92mINFO [0m:      	                      (15, 10215),
[92mINFO [0m:      	                      (16, 5477),
[92mINFO [0m:      	                      (17, 282),
[92mINFO [0m:      	                      (18, 10233),
[92mINFO [0m:      	                      (19, 280),
[92mINFO [0m:      	                      (20, 280),
[92mINFO [0m:      	                      (21, 5495),
[92mINFO [0m:      	                      (22, 282),
[92mINFO [0m:      	                      (23, 10210),
[92mINFO [0m:      	                      (24, 10251),
[92mINFO [0m:      	                      (25, 5505),
[92mINFO [0m:      	                      (26, 282),
[92mINFO [0m:      	                      (27, 5501),
[92mINFO [0m:      	                      (28, 5501),
[92mINFO [0m:      	                      (29, 282),
[92mINFO [0m:      	                      (30, 5529),
[92mINFO [0m:      	                      (31, 5503),
[92mINFO [0m:      	                      (32, 10248),
[92mINFO [0m:      	                      (33, 280),
[92mINFO [0m:      	                      (34, 280),
[92mINFO [0m:      	                      (35, 10249),
[92mINFO [0m:      	                      (36, 5501),
[92mINFO [0m:      	                      (37, 10306),
[92mINFO [0m:      	                      (38, 284),
[92mINFO [0m:      	                      (39, 5526),
[92mINFO [0m:      	                      (40, 5526),
[92mINFO [0m:      	                      (41, 5526),
[92mINFO [0m:      	                      (42, 283),
[92mINFO [0m:      	                      (43, 5526),
[92mINFO [0m:      	                      (44, 5526),
[92mINFO [0m:      	                      (45, 5526),
[92mINFO [0m:      	                      (46, 5526),
[92mINFO [0m:      	                      (47, 5526),
[92mINFO [0m:      	                      (48, 5526),
[92mINFO [0m:      	                      (49, 5526),
[92mINFO [0m:      	                      (50, 280),
[92mINFO [0m:      	                      (51, 280),
[92mINFO [0m:      	                      (52, 5526),
[92mINFO [0m:      	                      (53, 280),
[92mINFO [0m:      	                      (54, 5503),
[92mINFO [0m:      	                      (55, 10308),
[92mINFO [0m:      	                      (56, 10310),
[92mINFO [0m:      	                      (57, 5530),
[92mINFO [0m:      	                      (58, 10317),
[92mINFO [0m:      	                      (59, 5531),
[92mINFO [0m:      	                      (60, 10320)],
[92mINFO [0m:      	 'predicted_normal': [(1, 32),
[92mINFO [0m:      	                      (2, 234),
[92mINFO [0m:      	                      (3, 221),
[92mINFO [0m:      	                      (4, 263),
[92mINFO [0m:      	                      (5, 188),
[92mINFO [0m:      	                      (6, 253),
[92mINFO [0m:      	                      (7, 232),
[92mINFO [0m:      	                      (8, 3627),
[92mINFO [0m:      	                      (9, 272),
[92mINFO [0m:      	                      (10, 3857),
[92mINFO [0m:      	                      (11, 255),
[92mINFO [0m:      	                      (12, 253),
[92mINFO [0m:      	                      (13, 3725),
[92mINFO [0m:      	                      (14, 4433),
[92mINFO [0m:      	                      (15, 241),
[92mINFO [0m:      	                      (16, 285),
[92mINFO [0m:      	                      (17, 4440),
[92mINFO [0m:      	                      (18, 223),
[92mINFO [0m:      	                      (19, 4442),
[92mINFO [0m:      	                      (20, 4442),
[92mINFO [0m:      	                      (21, 267),
[92mINFO [0m:      	                      (22, 4440),
[92mINFO [0m:      	                      (23, 246),
[92mINFO [0m:      	                      (24, 205),
[92mINFO [0m:      	                      (25, 257),
[92mINFO [0m:      	                      (26, 4440),
[92mINFO [0m:      	                      (27, 261),
[92mINFO [0m:      	                      (28, 261),
[92mINFO [0m:      	                      (29, 4440),
[92mINFO [0m:      	                      (30, 233),
[92mINFO [0m:      	                      (31, 259),
[92mINFO [0m:      	                      (32, 208),
[92mINFO [0m:      	                      (33, 4442),
[92mINFO [0m:      	                      (34, 4442),
[92mINFO [0m:      	                      (35, 207),
[92mINFO [0m:      	                      (36, 261),
[92mINFO [0m:      	                      (37, 150),
[92mINFO [0m:      	                      (38, 4438),
[92mINFO [0m:      	                      (39, 236),
[92mINFO [0m:      	                      (40, 236),
[92mINFO [0m:      	                      (41, 236),
[92mINFO [0m:      	                      (42, 4439),
[92mINFO [0m:      	                      (43, 236),
[92mINFO [0m:      	                      (44, 236),
[92mINFO [0m:      	                      (45, 236),
[92mINFO [0m:      	                      (46, 236),
[92mINFO [0m:      	                      (47, 236),
[92mINFO [0m:      	                      (48, 236),
[92mINFO [0m:      	                      (49, 236),
[92mINFO [0m:      	                      (50, 4442),
[92mINFO [0m:      	                      (51, 4442),
[92mINFO [0m:      	                      (52, 236),
[92mINFO [0m:      	                      (53, 4442),
[92mINFO [0m:      	                      (54, 259),
[92mINFO [0m:      	                      (55, 148),
[92mINFO [0m:      	                      (56, 146),
[92mINFO [0m:      	                      (57, 232),
[92mINFO [0m:      	                      (58, 139),
[92mINFO [0m:      	                      (59, 231),
[92mINFO [0m:      	                      (60, 136)],
[92mINFO [0m:      	 'recall': [(1, 0.9980085151167241),
[92mINFO [0m:      	            (2, 0.9844976038104147),
[92mINFO [0m:      	            (3, 0.9787274858916649),
[92mINFO [0m:      	            (4, 0.9819990731122572),
[92mINFO [0m:      	            (5, 0.9830482229673771),
[92mINFO [0m:      	            (6, 0.9829653270076156),
[92mINFO [0m:      	            (7, 0.9844912140558907),
[92mINFO [0m:      	            (8, 0.9849025844019625),
[92mINFO [0m:      	            (9, 0.9767726993846397),
[92mINFO [0m:      	            (10, 0.9767726993846397),
[92mINFO [0m:      	            (11, 0.9759260398252935),
[92mINFO [0m:      	            (12, 0.9776956588648131),
[92mINFO [0m:      	            (13, 0.9781548669452897),
[92mINFO [0m:      	            (14, 0.9804187522906428),
[92mINFO [0m:      	            (15, 0.9805558757393334),
[92mINFO [0m:      	            (16, 0.9805080380049286),
[92mINFO [0m:      	            (17, 0.9820753730330845),
[92mINFO [0m:      	            (18, 0.9820578439204062),
[92mINFO [0m:      	            (19, 0.9781245583235633),
[92mINFO [0m:      	            (20, 0.9783031297521347),
[92mINFO [0m:      	            (21, 0.9827370714093351),
[92mINFO [0m:      	            (22, 0.9827370714093351),
[92mINFO [0m:      	            (23, 0.9788037858124923),
[92mINFO [0m:      	            (24, 0.9839169549586216),
[92mINFO [0m:      	            (25, 0.9839169549586216),
[92mINFO [0m:      	            (26, 0.9839169549586216),
[92mINFO [0m:      	            (27, 0.9835773412141572),
[92mINFO [0m:      	            (28, 0.9835773412141572),
[92mINFO [0m:      	            (29, 0.9839169549586216),
[92mINFO [0m:      	            (30, 0.9873275120632086),
[92mINFO [0m:      	            (31, 0.9836666269284429),
[92mINFO [0m:      	            (32, 0.9836666269284429),
[92mINFO [0m:      	            (33, 0.9833509320511808),
[92mINFO [0m:      	            (34, 0.9833509320511808),
[92mINFO [0m:      	            (35, 0.9836012600813596),
[92mINFO [0m:      	            (36, 0.983625178948562),
[92mINFO [0m:      	            (37, 0.987196778369042),
[92mINFO [0m:      	            (38, 0.9871728595018395),
[92mINFO [0m:      	            (39, 0.9871728595018395),
[92mINFO [0m:      	            (40, 0.987196778369042),
[92mINFO [0m:      	            (41, 0.9872206972362444),
[92mINFO [0m:      	            (42, 0.9873099829505302),
[92mINFO [0m:      	            (43, 0.9873339018177327),
[92mINFO [0m:      	            (44, 0.9873339018177327),
[92mINFO [0m:      	            (45, 0.9873339018177327),
[92mINFO [0m:      	            (46, 0.9873339018177326),
[92mINFO [0m:      	            (47, 0.9873339018177327),
[92mINFO [0m:      	            (48, 0.9873339018177326),
[92mINFO [0m:      	            (49, 0.9873339018177326),
[92mINFO [0m:      	            (50, 0.9873339018177327),
[92mINFO [0m:      	            (51, 0.9873339018177327),
[92mINFO [0m:      	            (52, 0.9873339018177327),
[92mINFO [0m:      	            (53, 0.987512473246304),
[92mINFO [0m:      	            (54, 0.9839408738258241),
[92mINFO [0m:      	            (55, 0.9876017589605898),
[92mINFO [0m:      	            (56, 0.9876495966949947),
[92mINFO [0m:      	            (57, 0.9879063144796976),
[92mINFO [0m:      	            (58, 0.9879063144796975),
[92mINFO [0m:      	            (59, 0.9880195190611857),
[92mINFO [0m:      	            (60, 0.9880673567955905)],
[92mINFO [0m:      	 'total_samples': [(1, 10456),
[92mINFO [0m:      	                   (2, 5762),
[92mINFO [0m:      	                   (3, 10456),
[92mINFO [0m:      	                   (4, 5762),
[92mINFO [0m:      	                   (5, 10456),
[92mINFO [0m:      	                   (6, 5762),
[92mINFO [0m:      	                   (7, 5762),
[92mINFO [0m:      	                   (8, 4722),
[92mINFO [0m:      	                   (9, 5762),
[92mINFO [0m:      	                   (10, 4722),
[92mINFO [0m:      	                   (11, 10456),
[92mINFO [0m:      	                   (12, 10456),
[92mINFO [0m:      	                   (13, 4722),
[92mINFO [0m:      	                   (14, 4722),
[92mINFO [0m:      	                   (15, 10456),
[92mINFO [0m:      	                   (16, 5762),
[92mINFO [0m:      	                   (17, 4722),
[92mINFO [0m:      	                   (18, 10456),
[92mINFO [0m:      	                   (19, 4722),
[92mINFO [0m:      	                   (20, 4722),
[92mINFO [0m:      	                   (21, 5762),
[92mINFO [0m:      	                   (22, 4722),
[92mINFO [0m:      	                   (23, 10456),
[92mINFO [0m:      	                   (24, 10456),
[92mINFO [0m:      	                   (25, 5762),
[92mINFO [0m:      	                   (26, 4722),
[92mINFO [0m:      	                   (27, 5762),
[92mINFO [0m:      	                   (28, 5762),
[92mINFO [0m:      	                   (29, 4722),
[92mINFO [0m:      	                   (30, 5762),
[92mINFO [0m:      	                   (31, 5762),
[92mINFO [0m:      	                   (32, 10456),
[92mINFO [0m:      	                   (33, 4722),
[92mINFO [0m:      	                   (34, 4722),
[92mINFO [0m:      	                   (35, 10456),
[92mINFO [0m:      	                   (36, 5762),
[92mINFO [0m:      	                   (37, 10456),
[92mINFO [0m:      	                   (38, 4722),
[92mINFO [0m:      	                   (39, 5762),
[92mINFO [0m:      	                   (40, 5762),
[92mINFO [0m:      	                   (41, 5762),
[92mINFO [0m:      	                   (42, 4722),
[92mINFO [0m:      	                   (43, 5762),
[92mINFO [0m:      	                   (44, 5762),
[92mINFO [0m:      	                   (45, 5762),
[92mINFO [0m:      	                   (46, 5762),
[92mINFO [0m:      	                   (47, 5762),
[92mINFO [0m:      	                   (48, 5762),
[92mINFO [0m:      	                   (49, 5762),
[92mINFO [0m:      	                   (50, 4722),
[92mINFO [0m:      	                   (51, 4722),
[92mINFO [0m:      	                   (52, 5762),
[92mINFO [0m:      	                   (53, 4722),
[92mINFO [0m:      	                   (54, 5762),
[92mINFO [0m:      	                   (55, 10456),
[92mINFO [0m:      	                   (56, 10456),
[92mINFO [0m:      	                   (57, 5762),
[92mINFO [0m:      	                   (58, 10456),
[92mINFO [0m:      	                   (59, 5762),
[92mINFO [0m:      	                   (60, 10456)],
[92mINFO [0m:      	 'true_negatives': [(1, 1),
[92mINFO [0m:      	                    (2, 137),
[92mINFO [0m:      	                    (3, 3),
[92mINFO [0m:      	                    (4, 149),
[92mINFO [0m:      	                    (5, 4),
[92mINFO [0m:      	                    (6, 145),
[92mINFO [0m:      	                    (7, 136),
[92mINFO [0m:      	                    (8, 3625),
[92mINFO [0m:      	                    (9, 128),
[92mINFO [0m:      	                    (10, 3854),
[92mINFO [0m:      	                    (11, 2),
[92mINFO [0m:      	                    (12, 2),
[92mINFO [0m:      	                    (13, 3723),
[92mINFO [0m:      	                    (14, 4432),
[92mINFO [0m:      	                    (15, 4),
[92mINFO [0m:      	                    (16, 148),
[92mINFO [0m:      	                    (17, 4439),
[92mINFO [0m:      	                    (18, 4),
[92mINFO [0m:      	                    (19, 4440),
[92mINFO [0m:      	                    (20, 4440),
[92mINFO [0m:      	                    (21, 148),
[92mINFO [0m:      	                    (22, 4439),
[92mINFO [0m:      	                    (23, 4),
[92mINFO [0m:      	                    (24, 4),
[92mINFO [0m:      	                    (25, 148),
[92mINFO [0m:      	                    (26, 4439),
[92mINFO [0m:      	                    (27, 149),
[92mINFO [0m:      	                    (28, 149),
[92mINFO [0m:      	                    (29, 4439),
[92mINFO [0m:      	                    (30, 148),
[92mINFO [0m:      	                    (31, 148),
[92mINFO [0m:      	                    (32, 4),
[92mINFO [0m:      	                    (33, 4441),
[92mINFO [0m:      	                    (34, 4441),
[92mINFO [0m:      	                    (35, 4),
[92mINFO [0m:      	                    (36, 149),
[92mINFO [0m:      	                    (37, 4),
[92mINFO [0m:      	                    (38, 4437),
[92mINFO [0m:      	                    (39, 149),
[92mINFO [0m:      	                    (40, 149),
[92mINFO [0m:      	                    (41, 149),
[92mINFO [0m:      	                    (42, 4438),
[92mINFO [0m:      	                    (43, 150),
[92mINFO [0m:      	                    (44, 150),
[92mINFO [0m:      	                    (45, 150),
[92mINFO [0m:      	                    (46, 150),
[92mINFO [0m:      	                    (47, 150),
[92mINFO [0m:      	                    (48, 150),
[92mINFO [0m:      	                    (49, 150),
[92mINFO [0m:      	                    (50, 4441),
[92mINFO [0m:      	                    (51, 4441),
[92mINFO [0m:      	                    (52, 150),
[92mINFO [0m:      	                    (53, 4441),
[92mINFO [0m:      	                    (54, 150),
[92mINFO [0m:      	                    (55, 4),
[92mINFO [0m:      	                    (56, 4),
[92mINFO [0m:      	                    (57, 150),
[92mINFO [0m:      	                    (58, 4),
[92mINFO [0m:      	                    (59, 150),
[92mINFO [0m:      	                    (60, 4)],
[92mINFO [0m:      	 'true_positives': [(1, 10421),
[92mINFO [0m:      	                    (2, 5503),
[92mINFO [0m:      	                    (3, 10234),
[92mINFO [0m:      	                    (4, 5486),
[92mINFO [0m:      	                    (5, 10268),
[92mINFO [0m:      	                    (6, 5492),
[92mINFO [0m:      	                    (7, 5504),
[92mINFO [0m:      	                    (8, 160),
[92mINFO [0m:      	                    (9, 5456),
[92mINFO [0m:      	                    (10, 159),
[92mINFO [0m:      	                    (11, 10199),
[92mINFO [0m:      	                    (12, 10201),
[92mINFO [0m:      	                    (13, 160),
[92mINFO [0m:      	                    (14, 161),
[92mINFO [0m:      	                    (15, 10215),
[92mINFO [0m:      	                    (16, 5463),
[92mINFO [0m:      	                    (17, 161),
[92mINFO [0m:      	                    (18, 10233),
[92mINFO [0m:      	                    (19, 160),
[92mINFO [0m:      	                    (20, 160),
[92mINFO [0m:      	                    (21, 5481),
[92mINFO [0m:      	                    (22, 161),
[92mINFO [0m:      	                    (23, 10210),
[92mINFO [0m:      	                    (24, 10251),
[92mINFO [0m:      	                    (25, 5491),
[92mINFO [0m:      	                    (26, 161),
[92mINFO [0m:      	                    (27, 5488),
[92mINFO [0m:      	                    (28, 5488),
[92mINFO [0m:      	                    (29, 161),
[92mINFO [0m:      	                    (30, 5515),
[92mINFO [0m:      	                    (31, 5489),
[92mINFO [0m:      	                    (32, 10248),
[92mINFO [0m:      	                    (33, 161),
[92mINFO [0m:      	                    (34, 161),
[92mINFO [0m:      	                    (35, 10249),
[92mINFO [0m:      	                    (36, 5488),
[92mINFO [0m:      	                    (37, 10306),
[92mINFO [0m:      	                    (38, 161),
[92mINFO [0m:      	                    (39, 5513),
[92mINFO [0m:      	                    (40, 5513),
[92mINFO [0m:      	                    (41, 5513),
[92mINFO [0m:      	                    (42, 161),
[92mINFO [0m:      	                    (43, 5514),
[92mINFO [0m:      	                    (44, 5514),
[92mINFO [0m:      	                    (45, 5514),
[92mINFO [0m:      	                    (46, 5514),
[92mINFO [0m:      	                    (47, 5514),
[92mINFO [0m:      	                    (48, 5514),
[92mINFO [0m:      	                    (49, 5514),
[92mINFO [0m:      	                    (50, 161),
[92mINFO [0m:      	                    (51, 161),
[92mINFO [0m:      	                    (52, 5514),
[92mINFO [0m:      	                    (53, 161),
[92mINFO [0m:      	                    (54, 5491),
[92mINFO [0m:      	                    (55, 10308),
[92mINFO [0m:      	                    (56, 10310),
[92mINFO [0m:      	                    (57, 5518),
[92mINFO [0m:      	                    (58, 10317),
[92mINFO [0m:      	                    (59, 5519),
[92mINFO [0m:      	                    (60, 10320)]}
[92mINFO [0m:      
Saved: outputs/fl_evaluation_report.md
Saved: outputs/fl_evaluation_plot.png
[36m(pid=262639)[0m WARNING: All log messages before absl::InitializeLog() is called are written to STDERR[32m [repeated 31x across cluster][0m
[36m(pid=262639)[0m I0000 00:00:1791071339.985994  262639 port.cc:153] oneDNN custom operations are on. You may see slightly different numerical results due to floating-point round-off errors from different computation orders. To turn them off, set the environment variable `TF_ENABLE_ONEDNN_OPTS=0`.[32m [repeated 31x across cluster][0m
[36m(pid=262639)[0m I0000 00:00:1791071339.986487  262639 cudart_stub.cc:31] Could not find cuda drivers on your machine, GPU will not be used.[32m [repeated 31x across cluster][0m
[36m(ClientAppActor pid=262632)[0m /home/danielpark605/tinyml-venv/lib/python3.12/site-packages/tensorflow_model_optimization/__init__.py:65: DeprecationWarning: distutils Version classes are deprecated. Use packaging.version instead.[32m [repeated 3x across cluster][0m
[36m(ClientAppActor pid=262632)[0m   if (distutils.version.LooseVersion(tf.version.VERSION) <[32m [repeated 3x across cluster][0m
[36m(ClientAppActor pid=262632)[0m E0000 00:00:1791071341.564743  262632 cuda_platform.cc:52] failed call to cuInit: INTERNAL: CUDA error: Failed call to cuInit: CUDA_ERROR_NO_DEVICE: no CUDA-capable device is detected[32m [repeated 3x across cluster][0m

[DEBUG _get_metrics] res_item[1].keys(): ['accuracy', 'loss', 'total_samples', 'actual_attack', 'actual_normal', 'predicted_attack', 'predicted_normal', 'true_positives', 'true_negatives', 'false_positives', 'false_negatives', 'precision', 'recall', 'f1_score']
[DEBUG _get_metrics] Extracted from ConfigRecord._data
[DEBUG _get_metrics] res_item[1] type: ConfigRecord
[DEBUG _get_metrics] res_item[1] has metrics attr: False
[DEBUG _get_metrics] res_item[1].__dict__: {'_check_key_fn': <function _check_key at 0x71ebc91c8900>, '_check_value_fn': <function _check_value at 0x71ebbe9bc9a0>, '_data': {'accuracy': 0.9786532521247864, 'loss': 0.011752721853554249, 'total_samples': 5762, 'actual_attack': 5600, 'actual_normal': 162, 'predicted_attack': 5531, 'predicted_normal': 231, 'true_positives': 5519, 'true_negatives': 150, 'false_positives': 12, 'false_negatives': 81, 'precision': 0.99783041041403, 'recall': 0.9855357142857143, 'f1_score': 0.991644955529602}}
[DEBUG _get_metrics] res_item[1].keys(): ['accuracy', 'loss', 'total_samples', 'actual_attack', 'actual_normal', 'predicted_attack', 'predicted_normal', 'true_positives', 'true_negatives', 'false_positives', 'false_negatives', 'precision', 'recall', 'f1_score']
[DEBUG _get_metrics] Extracted from ConfigRecord._data
[DEBUG] Extracted 4 metrics from results

[Evaluation Summary]
============================================================
Round: 60 / 60
Accuracy (mean):  0.9786  (97.86%)
Loss:             0.0132
[Per-Device Accuracy]
  - Device 0:  0.9810  (98.10%)
  - Device 1:  0.9787  (97.87%)
  - Device 2:  0.9761  (97.61%)
  - Device 3:  0.9787  (97.87%)

[Ground Truth]
  - Attack samples: 10452
  - Normal samples: 4
  - Total samples:  10456

[Predictions]
  - Predicted Attack:  10320
  - Predicted Normal:  136

[Confusion Matrix]
  - True Positives (TP):  10320
  - True Negatives (TN):  4
  - False Positives (FP): 0
  - False Negatives (FN): 132

[Metrics]
  - Precision:  0.8927  (89.27%)
  - Recall:     0.9881  (98.81%)
  - F1-Score:   0.9264  (92.64%)
============================================================

[Report] Round-by-round metrics saved:
  - CSV:  /mnt/c/Users/danie/Documents/Projects/TinyML/outputs/fl_evaluation_history.csv  (round, accuracy, device 0~3 accuracy_pct, ...)
  - JSON: /mnt/c/Users/danie/Documents/Projects/TinyML/outputs/fl_evaluation_history.json  (same + per-device for scripts / graphs)
  → Use these to find which round or which device accuracy drops.

[Saving] Model with QAT layers (same as training architecture)
[SUCCESS] Saved global model to data/processed/revision/2026-10-03_toniot_full/non_iid/models/fl_dirichlet_c4.h5

📝 Pipeline summary saved to: outputs/fl_training_summary.txt
   → View this file to see QAT status, metrics, and next steps

[36m(ClientAppActor pid=262641)[0m [Client 2] Class weights (smoothed): {0: 1.158529178995592, 1: 0.8414708210044078}[32m [repeated 3x across cluster][0m
WARNING: All log messages before absl::InitializeLog() is called are written to STDERR
I0000 00:00:1791071738.196884  262241 port.cc:153] oneDNN custom operations are on. You may see slightly different numerical results due to floating-point round-off errors from different computation orders. To turn them off, set the environment variable `TF_ENABLE_ONEDNN_OPTS=0`.
I0000 00:00:1791071738.198031  262241 cudart_stub.cc:31] Could not find cuda drivers on your machine, GPU will not be used.
I0000 00:00:1791071738.223555  262241 cpu_feature_guard.cc:227] This TensorFlow binary is optimized to use available CPU instructions in performance-critical operations.
To enable the following instructions: AVX2 AVX512F AVX512_VNNI AVX512_BF16 FMA, in other operations, rebuild TensorFlow with the appropriate compiler flags.
WARNING: All log messages before absl::InitializeLog() is called are written to STDERR
I0000 00:00:1791071739.085562  262241 port.cc:153] oneDNN custom operations are on. You may see slightly different numerical results due to floating-point round-off errors from different computation orders. To turn them off, set the environment variable `TF_ENABLE_ONEDNN_OPTS=0`.
I0000 00:00:1791071739.086736  262241 cudart_stub.cc:31] Could not find cuda drivers on your machine, GPU will not be used.
E0000 00:00:1791071739.812048  262241 cuda_executor.cc:1737] INTERNAL: CUDA Runtime error: Failed call to cudaGetRuntimeVersion: Error loading CUDA libraries. GPU will not be used.: Error loading CUDA libraries. GPU will not be used.
W0000 00:00:1791071739.812691  293590 cuda_executor.cc:1755] Failed to determine cuDNN version (Note that this is expected if the application doesn't link the cuDNN plugin): INTERNAL: cuDNN error: CUDNN_STATUS_INTERNAL_ERROR
W0000 00:00:1791071739.832325  262241 gpu_device.cc:2365] Cannot dlopen some GPU libraries. Please make sure the missing libraries mentioned above are installed properly if you would like to use GPU. Follow the guide at https://www.tensorflow.org/install/gpu for how to download and setup the required libraries for your platform.
Skipping registering GPU devices...
[load_ton_iot] files: ['train_test_network.csv']
[load_ton_iot] rows: 211,043, columns: 44
[load_ton_iot] dropped identifiers: ['src_ip', 'dst_ip', 'src_port']
[load_ton_iot] label-encoded: ['proto', 'service', 'conn_state', 'dns_AA', 'dns_RD', 'dns_RA', 'dns_rejected', 'ssl_version', 'ssl_cipher', 'ssl_resumed', 'ssl_established', 'ssl_subject', 'ssl_issuer', 'http_method', 'http_user_agent', 'http_orig_mime_types', 'http_resp_mime_types', 'weird_name', 'weird_notice']
[load_ton_iot] dropped high-cardinality text: ['dns_query', 'http_uri']
[load_ton_iot] features (37): ['dst_port', 'proto', 'service', 'duration', 'src_bytes', 'dst_bytes', 'conn_state', 'missed_bytes', 'src_pkts', 'src_ip_bytes', 'dst_pkts', 'dst_ip_bytes', 'dns_qclass', 'dns_qtype', 'dns_rcode', 'dns_AA', 'dns_RD', 'dns_RA', 'dns_rejected', 'ssl_version', 'ssl_cipher', 'ssl_resumed', 'ssl_established', 'ssl_subject', 'ssl_issuer', 'http_trans_depth', 'http_method', 'http_version', 'http_request_body_len', 'http_response_body_len', 'http_status_code', 'http_user_agent', 'http_orig_mime_types', 'http_resp_mime_types', 'weird_name', 'weird_addl', 'weird_notice']
[load_ton_iot] Removed 105,867 duplicates (105,176 unique); normal=24,106, attack=81,070
[load_ton_iot] StandardScaler applied (fit on train).
[load_ton_iot] SMOTE applied: train -> 129,710 (0=64,855, 1=64,855)
[load_ton_iot] Features: 37, Train: 129,710, Test: 21,036

========================================================================
  FL train dirichlet clients=4
  $ /home/danielpark605/tinyml-venv/bin/python -m src.federated.client --config data/processed/revision/2026-10-03_toniot_full/non_iid/configs/fl_dirichlet_c4.yaml --save-model data/processed/revision/2026-10-03_toniot_full/non_iid/models/fl_dirichlet_c4.h5
========================================================================

✅ Done: FL train dirichlet clients=4
[load_ton_iot] files: ['train_test_network.csv']
[load_ton_iot] rows: 211,043, columns: 44
[load_ton_iot] dropped identifiers: ['src_ip', 'dst_ip', 'src_port']
[load_ton_iot] label-encoded: ['proto', 'service', 'conn_state', 'dns_AA', 'dns_RD', 'dns_RA', 'dns_rejected', 'ssl_version', 'ssl_cipher', 'ssl_resumed', 'ssl_established', 'ssl_subject', 'ssl_issuer', 'http_method', 'http_user_agent', 'http_orig_mime_types', 'http_resp_mime_types', 'weird_name', 'weird_notice']
[load_ton_iot] dropped high-cardinality text: ['dns_query', 'http_uri']
[load_ton_iot] features (37): ['dst_port', 'proto', 'service', 'duration', 'src_bytes', 'dst_bytes', 'conn_state', 'missed_bytes', 'src_pkts', 'src_ip_bytes', 'dst_pkts', 'dst_ip_bytes', 'dns_qclass', 'dns_qtype', 'dns_rcode', 'dns_AA', 'dns_RD', 'dns_RA', 'dns_rejected', 'ssl_version', 'ssl_cipher', 'ssl_resumed', 'ssl_established', 'ssl_subject', 'ssl_issuer', 'http_trans_depth', 'http_method', 'http_version', 'http_request_body_len', 'http_response_body_len', 'http_status_code', 'http_user_agent', 'http_orig_mime_types', 'http_resp_mime_types', 'weird_name', 'weird_addl', 'weird_notice']
[load_ton_iot] Removed 105,867 duplicates (105,176 unique); normal=24,106, attack=81,070
[load_ton_iot] StandardScaler applied (fit on train).
[load_ton_iot] SMOTE applied: train -> 129,710 (0=64,855, 1=64,855)
[load_ton_iot] Features: 37, Train: 129,710, Test: 21,036
✅ Non-IID ablation saved to data/processed/revision/2026-10-03_toniot_full/non_iid
