{
  "version": "v11",
  "data_version": "cicids2017_max1500k_bal1.0",
  "generated_at": "2026-02-02T19:12:05.413169",
  "results": [
    {
      "stage": "Original",
      "model_path": "models/tflite/saved_model_original.tflite",
      "file_size_bytes": 821648,
      "file_size_mb": 0.7835845947265625,
      "parameter_count": 205777,
      "accuracy": 0.9490400551200164,
      "precision": 0.8007178106774339,
      "recall": 0.9453790414848087,
      "f1_score": 0.867055954451386,
      "avg_latency_ms": 1.268625259399414,
      "min_latency_ms": 1.2273788452148438,
      "max_latency_ms": 1.4278888702392578,
      "samples_per_second": 78825.4839315918,
      "compression_ratio": 1.0
    },
    {
      "stage": "Compressed",
      "model_path": "models/tflite/saved_model_pruned_quantized.tflite",
      "file_size_bytes": 76416,
      "file_size_mb": 0.0728759765625,
      "parameter_count": 61969,
      "accuracy": 0.82421928828141,
      "precision": 0.0,
      "recall": 0.0,
      "f1_score": 0.0,
      "avg_latency_ms": 0.7244110107421875,
      "min_latency_ms": 0.6940364837646484,
      "max_latency_ms": 0.7779598236083984,
      "samples_per_second": 138043.18062137967,
      "compression_ratio": 10.752303182579565
    }
  ]
}