{
  "version": "v20",
  "data_version": "cicids2017_max2000k_bal4.0",
  "generated_at": "2026-02-12T11:52:50.104844",
  "results": [
    {
      "stage": "Original",
      "model_path": "models/tflite/saved_model_original.tflite",
      "file_size_bytes": 821652,
      "file_size_mb": 0.7835884094238281,
      "parameter_count": 205777,
      "accuracy": 0.7131593058399142,
      "precision": 0.3822668504298746,
      "recall": 0.9995881242491849,
      "f1_score": 0.5530383592859855,
      "precision_normal": 0.9998635231498857,
      "recall_normal": 0.6513331900990539,
      "avg_latency_ms": 1.8709897994995117,
      "min_latency_ms": 1.8117427825927734,
      "max_latency_ms": 2.001523971557617,
      "samples_per_second": 53447.645747053204,
      "compression_ratio": 1.0
    },
    {
      "stage": "QAT+Prune only",
      "model_path": "models/tflite/saved_model_qat_pruned_float32.tflite",
      "file_size_bytes": 248212,
      "file_size_mb": 0.23671340942382812,
      "parameter_count": 61969,
      "accuracy": 0.8188340889148874,
      "precision": 0.4949173050213448,
      "recall": 0.9967908014415652,
      "f1_score": 0.6614283518097809,
      "precision_normal": 0.9991131766770208,
      "recall_normal": 0.7804218496484586,
      "avg_latency_ms": 0.7782220840454102,
      "min_latency_ms": 0.7653236389160156,
      "max_latency_ms": 0.8435249328613281,
      "samples_per_second": 128498.02395759935,
      "compression_ratio": 3.3102831450534222
    },
    {
      "stage": "Compressed (PTQ)",
      "model_path": "models/tflite/saved_model_pruned_quantized.tflite",
      "file_size_bytes": 70920,
      "file_size_mb": 0.06763458251953125,
      "parameter_count": 61969,
      "accuracy": 0.8170944233206591,
      "precision": 0.4925199721831165,
      "recall": 0.9966535095246267,
      "f1_score": 0.6592539617672434,
      "precision_normal": 0.9990727972992249,
      "recall_normal": 0.7783363091489661,
      "avg_latency_ms": 0.5371332168579102,
      "min_latency_ms": 0.5292892456054688,
      "max_latency_ms": 0.5879402160644531,
      "samples_per_second": 186173.5540858449,
      "compression_ratio": 11.585617597292725
    },
    {
      "stage": "QAT+PTQ",
      "model_path": "models/tflite/saved_model_qat_ptq.tflite",
      "file_size_bytes": 70904,
      "file_size_mb": 0.06761932373046875,
      "parameter_count": 61969,
      "accuracy": 0.8170944233206591,
      "precision": 0.4925199721831165,
      "recall": 0.9966535095246267,
      "f1_score": 0.6592539617672434,
      "precision_normal": 0.9990727972992249,
      "recall_normal": 0.7783363091489661,
      "avg_latency_ms": 0.5378961563110352,
      "min_latency_ms": 0.5290508270263672,
      "max_latency_ms": 0.5986690521240234,
      "samples_per_second": 185909.48982757857,
      "compression_ratio": 11.58823197562902
    },
    {
      "stage": "noQAT+PTQ",
      "model_path": "models/tflite/saved_model_no_qat_ptq.tflite",
      "file_size_bytes": 70920,
      "file_size_mb": 0.06763458251953125,
      "parameter_count": 61969,
      "accuracy": 0.8224688017938968,
      "precision": 0.0,
      "recall": 0.0,
      "f1_score": 0.0,
      "precision_normal": 0.8224688017938968,
      "recall_normal": 1.0,
      "avg_latency_ms": 0.4779338836669922,
      "min_latency_ms": 0.46825408935546875,
      "max_latency_ms": 0.5304813385009766,
      "samples_per_second": 209233.96188765837,
      "compression_ratio": 11.585617597292725
    }
  ]
}