{
  "version": "v20",
  "data_version": "cicids2017_max2000k_bal4.0",
  "generated_at": "2026-02-22T06:15:29.545839",
  "results": [
    {
      "stage": "Original",
      "model_path": "models/tflite/saved_model_original.tflite",
      "file_size_bytes": 821632,
      "file_size_mb": 0.7835693359375,
      "parameter_count": 205777,
      "accuracy": 0.8907240177439797,
      "precision": 0.6194278890748777,
      "recall": 0.9970482237858246,
      "f1_score": 0.7641306563726876,
      "precision_normal": 0.9992663086366564,
      "recall_normal": 0.867773768864325,
      "avg_latency_ms": 1.9303083419799805,
      "min_latency_ms": 1.8944740295410156,
      "max_latency_ms": 1.9984245300292969,
      "samples_per_second": 51805.19496560157,
      "compression_ratio": 1.0
    },
    {
      "stage": "QAT+Prune only",
      "model_path": "models/tflite/saved_model_qat_pruned_float32.tflite",
      "file_size_bytes": 248228,
      "file_size_mb": 0.23672866821289062,
      "parameter_count": 61969,
      "accuracy": 0.35795676123622894,
      "precision": 0.216613879347519,
      "recall": 1.0,
      "f1_score": 0.3560930596381014,
      "precision_normal": 1.0,
      "recall_normal": 0.2193707076020359,
      "avg_latency_ms": 0.7803916931152344,
      "min_latency_ms": 0.7727146148681641,
      "max_latency_ms": 0.8132457733154297,
      "samples_per_second": 128140.77966515947,
      "compression_ratio": 3.3099892034742253
    },
    {
      "stage": "Compressed (PTQ)",
      "model_path": "models/tflite/saved_model_pruned_quantized.tflite",
      "file_size_bytes": 70920,
      "file_size_mb": 0.06763458251953125,
      "parameter_count": 61969,
      "accuracy": 0.36023264599785515,
      "precision": 0.21721707168871643,
      "recall": 1.0,
      "f1_score": 0.35690769829141233,
      "precision_normal": 1.0,
      "recall_normal": 0.2221378457070464,
      "avg_latency_ms": 0.4739046096801758,
      "min_latency_ms": 0.4668235778808594,
      "max_latency_ms": 0.5106925964355469,
      "samples_per_second": 211012.92951652664,
      "compression_ratio": 11.585335589396504
    },
    {
      "stage": "QAT+PTQ",
      "model_path": "models/tflite/saved_model_qat_ptq.tflite",
      "file_size_bytes": 70904,
      "file_size_mb": 0.06761932373046875,
      "parameter_count": 61969,
      "accuracy": 0.36023264599785515,
      "precision": 0.21721707168871643,
      "recall": 1.0,
      "f1_score": 0.35690769829141233,
      "precision_normal": 1.0,
      "recall_normal": 0.2221378457070464,
      "avg_latency_ms": 0.4702568054199219,
      "min_latency_ms": 0.4627704620361328,
      "max_latency_ms": 0.5109310150146484,
      "samples_per_second": 212649.7667815859,
      "compression_ratio": 11.587949904095678
    },
    {
      "stage": "noQAT+PTQ",
      "model_path": "models/tflite/saved_model_no_qat_ptq.tflite",
      "file_size_bytes": 70920,
      "file_size_mb": 0.06763458251953125,
      "parameter_count": 61969,
      "accuracy": 0.8224688017938968,
      "precision": 0.0,
      "recall": 0.0,
      "f1_score": 0.0,
      "precision_normal": 0.8224688017938968,
      "recall_normal": 1.0,
      "avg_latency_ms": 0.4728078842163086,
      "min_latency_ms": 0.4649162292480469,
      "max_latency_ms": 0.5071163177490234,
      "samples_per_second": 211502.39523977612,
      "compression_ratio": 11.585335589396504
    }
  ]
}