{
  "tag": "no_qat__distill_direct__prune_5x10__ptq_yes",
  "fl_qat": false,
  "distillation": "direct",
  "pruning": "prune_5x10",
  "ptq": true,
  "fl_acc": 0.9631612953557548,
  "fl_f1": 0.9010881591526753,
  "fl_prec": 0.8304376664389732,
  "fl_rec": 0.9848778368731875,
  "fl_size_kb": 850.7578125,
  "dist_acc": 0.969370425417426,
  "dist_f1": 0.91680431191863,
  "prune_acc": 0.973793230367927,
  "prune_f1": 0.922983769039487,
  "final_acc": 0.9558359621451105,
  "final_f1": 0.8628065073387768,
  "final_prec": 0.916452153710084,
  "final_rec": 0.815093985183098,
  "tflite_size_kb": 34.6640625,
  "final_size_kb": 371.703125
}