{
  "tag": "no_qat__distill_progressive__prune_10x2__ptq_no",
  "fl_qat": false,
  "distillation": "progressive",
  "pruning": "prune_10x2",
  "ptq": false,
  "fl_acc": 0.9383213636499091,
  "fl_f1": 0.8503353399497441,
  "fl_prec": 0.7417254048598956,
  "fl_rec": 0.9962089925238791,
  "fl_size_kb": 864.109375,
  "dist_acc": 0.9587418422385792,
  "dist_f1": 0.8939202390529823,
  "prune_acc": 0.9727664868730816,
  "prune_f1": 0.925900775350935,
  "final_acc": 0.9727664868730816,
  "final_f1": 0.925900775350935,
  "final_prec": null,
  "final_rec": null,
  "tflite_size_kb": 60.12890625,
  "final_size_kb": 246.9140625
}