{
  "version": "v20",
  "data_version": "cicids2017_max2000k_bal4.0",
  "generated_at": "2026-02-15T12:07:10.017975",
  "results": [
    {
      "stage": "Original",
      "model_path": "models/tflite/saved_model_original.tflite",
      "file_size_bytes": 821632,
      "file_size_mb": 0.7835693359375,
      "parameter_count": 205777,
      "accuracy": 0.2577355708296773,
      "precision": 0.19265321823795295,
      "recall": 0.9969795778273555,
      "f1_score": 0.32290858964418023,
      "precision_normal": 0.9934025565093526,
      "recall_normal": 0.0981685768686517,
      "avg_latency_ms": 2.236008644104004,
      "min_latency_ms": 2.1479129791259766,
      "max_latency_ms": 2.3975372314453125,
      "samples_per_second": 44722.54624940023,
      "compression_ratio": 1.0
    },
    {
      "stage": "QAT+Prune only",
      "model_path": "models/tflite/saved_model_qat_pruned_float32.tflite",
      "file_size_bytes": 248228,
      "file_size_mb": 0.23672866821289062,
      "parameter_count": 61969,
      "accuracy": 0.806147630886224,
      "precision": 0.4779065451396049,
      "recall": 0.9943195469366741,
      "f1_score": 0.645541906910671,
      "precision_normal": 0.9984008812062477,
      "recall_normal": 0.7655304237018159,
      "avg_latency_ms": 0.8669137954711914,
      "min_latency_ms": 0.8206367492675781,
      "max_latency_ms": 0.9920597076416016,
      "samples_per_second": 115351.7229999175,
      "compression_ratio": 3.3099892034742253
    },
    {
      "stage": "Compressed (PTQ)",
      "model_path": "models/tflite/saved_model_pruned_quantized.tflite",
      "file_size_bytes": 70920,
      "file_size_mb": 0.06763458251953125,
      "parameter_count": 61969,
      "accuracy": 0.8054834503266062,
      "precision": 0.4770483569505397,
      "recall": 0.9943023854470568,
      "f1_score": 0.6447549256903756,
      "precision_normal": 0.99839437450731,
      "recall_normal": 0.7647265830474822,
      "avg_latency_ms": 0.5568742752075195,
      "min_latency_ms": 0.5290508270263672,
      "max_latency_ms": 0.6604194641113281,
      "samples_per_second": 179573.74662841973,
      "compression_ratio": 11.585335589396504
    },
    {
      "stage": "QAT+PTQ",
      "model_path": "models/tflite/saved_model_qat_ptq.tflite",
      "file_size_bytes": 70904,
      "file_size_mb": 0.06761932373046875,
      "parameter_count": 61969,
      "accuracy": 0.8054834503266062,
      "precision": 0.4770483569505397,
      "recall": 0.9943023854470568,
      "f1_score": 0.6447549256903756,
      "precision_normal": 0.99839437450731,
      "recall_normal": 0.7647265830474822,
      "avg_latency_ms": 0.5750656127929688,
      "min_latency_ms": 0.530242919921875,
      "max_latency_ms": 0.6771087646484375,
      "samples_per_second": 173893.2006633499,
      "compression_ratio": 11.587949904095678
    },
    {
      "stage": "noQAT+PTQ",
      "model_path": "models/tflite/saved_model_no_qat_ptq.tflite",
      "file_size_bytes": 70920,
      "file_size_mb": 0.06763458251953125,
      "parameter_count": 61969,
      "accuracy": 0.8224688017938968,
      "precision": 0.0,
      "recall": 0.0,
      "f1_score": 0.0,
      "precision_normal": 0.8224688017938968,
      "recall_normal": 1.0,
      "avg_latency_ms": 0.574803352355957,
      "min_latency_ms": 0.5278587341308594,
      "max_latency_ms": 0.7479190826416016,
      "samples_per_second": 173972.5413745904,
      "compression_ratio": 11.585335589396504
    }
  ]
}