{
  "version": "v15",
  "data_version": "cicids2017_max1500k_bal4.0",
  "generated_at": "2026-02-08T22:21:54.433232",
  "results": [
    {
      "stage": "Keras",
      "model_path": "models/global_model.h5",
      "file_size_bytes": 884848,
      "file_size_mb": 0.8438568115234375,
      "parameter_count": 208385,
      "accuracy": 0.8241164287630003,
      "precision": 0.0,
      "recall": 0.0,
      "f1_score": 0.0,
      "avg_latency_ms": 153.0898094177246,
      "min_latency_ms": 93.74237060546875,
      "max_latency_ms": 624.0744590759277,
      "samples_per_second": 653.2113429388206,
      "compression_ratio": 1.0
    },
    {
      "stage": "Original (TFLite)",
      "model_path": "models/tflite/saved_model_original.tflite",
      "file_size_bytes": 821652,
      "file_size_mb": 0.7835884094238281,
      "parameter_count": 205777,
      "accuracy": 0.7895297553416575,
      "precision": 0.4281001719091205,
      "recall": 0.5854247410890145,
      "f1_score": 0.49455209060168537,
      "avg_latency_ms": 2.1991729736328125,
      "min_latency_ms": 2.128124237060547,
      "max_latency_ms": 2.534151077270508,
      "samples_per_second": 45471.639202081526,
      "compression_ratio": 1.0769133404409652
    },
    {
      "stage": "Compressed (PTQ)",
      "model_path": "models/tflite/saved_model_pruned_quantized.tflite",
      "file_size_bytes": 70896,
      "file_size_mb": 0.0676116943359375,
      "parameter_count": 61969,
      "accuracy": 0.8577383258336562,
      "precision": 0.5584812751069068,
      "recall": 0.912764470423788,
      "f1_score": 0.6929663067683922,
      "avg_latency_ms": 0.5599737167358398,
      "min_latency_ms": 0.5428791046142578,
      "max_latency_ms": 0.6611347198486328,
      "samples_per_second": 178579.81010771918,
      "compression_ratio": 12.480929812683367
    }
  ]
}