{
  "tag": "yes_qat__distill_progressive__prune_10x2__ptq_no",
  "fl_qat": true,
  "distillation": "progressive",
  "pruning": "prune_10x2",
  "ptq": false,
  "fl_acc": 0.846421759990464,
  "fl_f1": 0.3271041765272315,
  "fl_prec": 0.7130354347516721,
  "fl_rec": 0.2122328822246225,
  "fl_size_kb": 864.109375,
  "dist_acc": 0.8606401048961468,
  "dist_f1": 0.34443120487839074,
  "prune_acc": 0.9744352892094049,
  "prune_f1": 0.9303142610549829,
  "final_acc": 0.9744352892094049,
  "final_f1": 0.9303142610549829,
  "final_prec": null,
  "final_rec": null,
  "tflite_size_kb": 60.1328125,
  "final_size_kb": 246.9140625
}