{
  "version": "v20",
  "data_version": "cicids2017_max2000k_bal4.0",
  "generated_at": "2026-02-19T10:48:22.692050",
  "results": [
    {
      "stage": "Original",
      "model_path": "models/tflite/saved_model_original.tflite",
      "file_size_bytes": 821632,
      "file_size_mb": 0.7835693359375,
      "parameter_count": 205777,
      "accuracy": 0.8205036804133762,
      "precision": 0.49723619597727253,
      "recall": 0.9957267890852926,
      "f1_score": 0.6632601153426271,
      "precision_normal": 0.9988229009582248,
      "recall_normal": 0.7826814938841432,
      "avg_latency_ms": 2.2301197052001953,
      "min_latency_ms": 2.141237258911133,
      "max_latency_ms": 2.3610591888427734,
      "samples_per_second": 44840.64230580085,
      "compression_ratio": 1.0
    },
    {
      "stage": "QAT+Prune only",
      "model_path": "models/tflite/saved_model_qat_pruned_float32.tflite",
      "file_size_bytes": 248228,
      "file_size_mb": 0.23672866821289062,
      "parameter_count": 61969,
      "accuracy": 0.8572133664814273,
      "precision": 0.560319475298847,
      "recall": 0.9089926205594646,
      "f1_score": 0.6932853403141361,
      "precision_normal": 0.9773079325956164,
      "recall_normal": 0.8460367321840018,
      "avg_latency_ms": 0.8134603500366211,
      "min_latency_ms": 0.7457733154296875,
      "max_latency_ms": 0.9934902191162109,
      "samples_per_second": 122931.62167707144,
      "compression_ratio": 3.3099892034742253
    },
    {
      "stage": "Compressed (PTQ)",
      "model_path": "models/tflite/saved_model_pruned_quantized.tflite",
      "file_size_bytes": 70920,
      "file_size_mb": 0.06763458251953125,
      "parameter_count": 61969,
      "accuracy": 0.8569147898995808,
      "precision": 0.559826436659964,
      "recall": 0.9078084777758709,
      "f1_score": 0.6925634982979838,
      "precision_normal": 0.977016608623478,
      "recall_normal": 0.8459293064744364,
      "avg_latency_ms": 0.5420207977294922,
      "min_latency_ms": 0.46634674072265625,
      "max_latency_ms": 0.6518363952636719,
      "samples_per_second": 184494.7655493974,
      "compression_ratio": 11.585335589396504
    },
    {
      "stage": "QAT+PTQ",
      "model_path": "models/tflite/saved_model_qat_ptq.tflite",
      "file_size_bytes": 70904,
      "file_size_mb": 0.06761932373046875,
      "parameter_count": 61969,
      "accuracy": 0.8569147898995808,
      "precision": 0.559826436659964,
      "recall": 0.9078084777758709,
      "f1_score": 0.6925634982979838,
      "precision_normal": 0.977016608623478,
      "recall_normal": 0.8459293064744364,
      "avg_latency_ms": 0.48727989196777344,
      "min_latency_ms": 0.4658699035644531,
      "max_latency_ms": 0.6160736083984375,
      "samples_per_second": 205220.86309815053,
      "compression_ratio": 11.587949904095678
    },
    {
      "stage": "noQAT+PTQ",
      "model_path": "models/tflite/saved_model_no_qat_ptq.tflite",
      "file_size_bytes": 70920,
      "file_size_mb": 0.06763458251953125,
      "parameter_count": 61969,
      "accuracy": 0.8224688017938968,
      "precision": 0.0,
      "recall": 0.0,
      "f1_score": 0.0,
      "precision_normal": 0.8224688017938968,
      "recall_normal": 1.0,
      "avg_latency_ms": 0.5118846893310547,
      "min_latency_ms": 0.4639625549316406,
      "max_latency_ms": 0.6685256958007812,
      "samples_per_second": 195356.49743828597,
      "compression_ratio": 11.585335589396504
    }
  ]
}