{
  "version": "v20",
  "data_version": "cicids2017_max2000k_bal4.0",
  "generated_at": "2026-02-22T05:10:56.668982",
  "results": [
    {
      "stage": "Original",
      "model_path": "models/tflite/saved_model_original.tflite",
      "file_size_bytes": 821632,
      "file_size_mb": 0.7835693359375,
      "parameter_count": 205777,
      "accuracy": 0.8593673832504631,
      "precision": 0.5647446246618696,
      "recall": 0.9064698815857216,
      "f1_score": 0.6959202629793345,
      "precision_normal": 0.9767783719295255,
      "recall_normal": 0.8492002341139602,
      "avg_latency_ms": 1.9484996795654297,
      "min_latency_ms": 1.9032955169677734,
      "max_latency_ms": 2.036571502685547,
      "samples_per_second": 51321.53782150111,
      "compression_ratio": 1.0
    },
    {
      "stage": "QAT+Prune only",
      "model_path": "models/tflite/saved_model_qat_pruned_float32.tflite",
      "file_size_bytes": 248228,
      "file_size_mb": 0.23672866821289062,
      "parameter_count": 61969,
      "accuracy": 0.6260785317344253,
      "precision": 0.3156663578234561,
      "recall": 0.9471940964475717,
      "f1_score": 0.4735239108426706,
      "precision_normal": 0.9799384527116014,
      "recall_normal": 0.5567652266682472,
      "avg_latency_ms": 0.7488489151000977,
      "min_latency_ms": 0.7388591766357422,
      "max_latency_ms": 0.7865428924560547,
      "samples_per_second": 133538.28520487758,
      "compression_ratio": 3.3099892034742253
    },
    {
      "stage": "Compressed (PTQ)",
      "model_path": "models/tflite/saved_model_pruned_quantized.tflite",
      "file_size_bytes": 70920,
      "file_size_mb": 0.06763458251953125,
      "parameter_count": 61969,
      "accuracy": 0.6258652627473921,
      "precision": 0.3154429597766897,
      "recall": 0.9464046679251759,
      "f1_score": 0.4731739126704248,
      "precision_normal": 0.9796414602346806,
      "recall_normal": 0.5566763226327448,
      "avg_latency_ms": 0.47795772552490234,
      "min_latency_ms": 0.469207763671875,
      "max_latency_ms": 0.5176067352294922,
      "samples_per_second": 209223.52471691524,
      "compression_ratio": 11.585335589396504
    },
    {
      "stage": "QAT+PTQ",
      "model_path": "models/tflite/saved_model_qat_ptq.tflite",
      "file_size_bytes": 70904,
      "file_size_mb": 0.06761932373046875,
      "parameter_count": 61969,
      "accuracy": 0.6258652627473921,
      "precision": 0.3154429597766897,
      "recall": 0.9464046679251759,
      "f1_score": 0.4731739126704248,
      "precision_normal": 0.9796414602346806,
      "recall_normal": 0.5566763226327448,
      "avg_latency_ms": 0.4857301712036133,
      "min_latency_ms": 0.47326087951660156,
      "max_latency_ms": 0.5404949188232422,
      "samples_per_second": 205875.61969273057,
      "compression_ratio": 11.587949904095678
    },
    {
      "stage": "noQAT+PTQ",
      "model_path": "models/tflite/saved_model_no_qat_ptq.tflite",
      "file_size_bytes": 70920,
      "file_size_mb": 0.06763458251953125,
      "parameter_count": 61969,
      "accuracy": 0.8224688017938968,
      "precision": 0.0,
      "recall": 0.0,
      "f1_score": 0.0,
      "precision_normal": 0.8224688017938968,
      "recall_normal": 1.0,
      "avg_latency_ms": 0.47760009765625,
      "min_latency_ms": 0.4677772521972656,
      "max_latency_ms": 0.5269050598144531,
      "samples_per_second": 209380.19169329072,
      "compression_ratio": 11.585335589396504
    }
  ]
}