{
  "version": "v20",
  "data_version": "cicids2017_max2000k_bal4.0",
  "generated_at": "2026-02-22T02:59:16.334092",
  "results": [
    {
      "stage": "Original",
      "model_path": "models/tflite/saved_model_original.tflite",
      "file_size_bytes": 821632,
      "file_size_mb": 0.7835693359375,
      "parameter_count": 205777,
      "accuracy": 0.50814687530467,
      "precision": 0.26398674987646636,
      "recall": 0.9901836279389051,
      "f1_score": 0.4168418619100255,
      "precision_normal": 0.994783877439358,
      "recall_normal": 0.4040984760366581,
      "avg_latency_ms": 1.9057750701904297,
      "min_latency_ms": 1.8787384033203125,
      "max_latency_ms": 2.014636993408203,
      "samples_per_second": 52472.0894738159,
      "compression_ratio": 1.0
    },
    {
      "stage": "QAT+Prune only",
      "model_path": "models/tflite/saved_model_qat_pruned_float32.tflite",
      "file_size_bytes": 248228,
      "file_size_mb": 0.23672866821289062,
      "parameter_count": 61969,
      "accuracy": 0.5241390026323487,
      "precision": 0.27075988069653,
      "recall": 0.9923974600995367,
      "f1_score": 0.4254440982478857,
      "precision_normal": 0.9961360999904056,
      "recall_normal": 0.42306467027715833,
      "avg_latency_ms": 0.7818698883056641,
      "min_latency_ms": 0.7719993591308594,
      "max_latency_ms": 0.850677490234375,
      "samples_per_second": 127898.5180215893,
      "compression_ratio": 3.3099892034742253
    },
    {
      "stage": "Compressed (PTQ)",
      "model_path": "models/tflite/saved_model_pruned_quantized.tflite",
      "file_size_bytes": 70920,
      "file_size_mb": 0.06763458251953125,
      "parameter_count": 61969,
      "accuracy": 0.5222744223457151,
      "precision": 0.2699862268599575,
      "recall": 0.9923974600995367,
      "f1_score": 0.42448844763355414,
      "precision_normal": 0.996115364042126,
      "recall_normal": 0.42079761737184856,
      "avg_latency_ms": 0.4766225814819336,
      "min_latency_ms": 0.46944618225097656,
      "max_latency_ms": 0.5211830139160156,
      "samples_per_second": 209809.6143264469,
      "compression_ratio": 11.585335589396504
    },
    {
      "stage": "QAT+PTQ",
      "model_path": "models/tflite/saved_model_qat_ptq.tflite",
      "file_size_bytes": 70904,
      "file_size_mb": 0.06761932373046875,
      "parameter_count": 61969,
      "accuracy": 0.5222744223457151,
      "precision": 0.2699862268599575,
      "recall": 0.9923974600995367,
      "f1_score": 0.42448844763355414,
      "precision_normal": 0.996115364042126,
      "recall_normal": 0.42079761737184856,
      "avg_latency_ms": 0.47271251678466797,
      "min_latency_ms": 0.46563148498535156,
      "max_latency_ms": 0.5140304565429688,
      "samples_per_second": 211545.0648106118,
      "compression_ratio": 11.587949904095678
    },
    {
      "stage": "noQAT+PTQ",
      "model_path": "models/tflite/saved_model_no_qat_ptq.tflite",
      "file_size_bytes": 70920,
      "file_size_mb": 0.06763458251953125,
      "parameter_count": 61969,
      "accuracy": 0.8224688017938968,
      "precision": 0.0,
      "recall": 0.0,
      "f1_score": 0.0,
      "precision_normal": 0.8224688017938968,
      "recall_normal": 1.0,
      "avg_latency_ms": 0.4714488983154297,
      "min_latency_ms": 0.46443939208984375,
      "max_latency_ms": 0.5118846893310547,
      "samples_per_second": 212112.06634975222,
      "compression_ratio": 11.585335589396504
    }
  ]
}