{
  "version": "v20",
  "data_version": "cicids2017_max2000k_bal4.0",
  "generated_at": "2026-02-17T02:39:08.210990",
  "results": [
    {
      "stage": "Original",
      "model_path": "models/tflite/saved_model_original.tflite",
      "file_size_bytes": 821632,
      "file_size_mb": 0.7835693359375,
      "parameter_count": 205777,
      "accuracy": 0.5772582139027006,
      "precision": 0.2887936011420534,
      "recall": 0.9443109661918655,
      "f1_score": 0.44231603993504925,
      "precision_normal": 0.9764325659089258,
      "recall_normal": 0.498029293879698,
      "avg_latency_ms": 1.9179821014404297,
      "min_latency_ms": 1.8756389617919922,
      "max_latency_ms": 1.9748210906982422,
      "samples_per_second": 52138.12992566442,
      "compression_ratio": 1.0
    },
    {
      "stage": "QAT+Prune only",
      "model_path": "models/tflite/saved_model_qat_pruned_float32.tflite",
      "file_size_bytes": 248228,
      "file_size_mb": 0.23672866821289062,
      "parameter_count": 61969,
      "accuracy": 0.7509810373403529,
      "precision": 0.41605969978392454,
      "recall": 0.9979577827355415,
      "f1_score": 0.5872770607364317,
      "precision_normal": 0.9993685595729552,
      "recall_normal": 0.6976707142698385,
      "avg_latency_ms": 0.7552146911621094,
      "min_latency_ms": 0.7469654083251953,
      "max_latency_ms": 0.7987022399902344,
      "samples_per_second": 132412.67836848088,
      "compression_ratio": 3.3099892034742253
    },
    {
      "stage": "Compressed (PTQ)",
      "model_path": "models/tflite/saved_model_pruned_quantized.tflite",
      "file_size_bytes": 70920,
      "file_size_mb": 0.06763458251953125,
      "parameter_count": 61969,
      "accuracy": 0.7508561226479478,
      "precision": 0.41593648295840635,
      "recall": 0.9979406212459242,
      "f1_score": 0.5871513315663259,
      "precision_normal": 0.9993631215535588,
      "recall_normal": 0.6975225408773347,
      "avg_latency_ms": 0.4912137985229492,
      "min_latency_ms": 0.48422813415527344,
      "max_latency_ms": 0.5333423614501953,
      "samples_per_second": 203577.34310537303,
      "compression_ratio": 11.585335589396504
    },
    {
      "stage": "QAT+PTQ",
      "model_path": "models/tflite/saved_model_qat_ptq.tflite",
      "file_size_bytes": 70904,
      "file_size_mb": 0.06761932373046875,
      "parameter_count": 61969,
      "accuracy": 0.7508561226479478,
      "precision": 0.41593648295840635,
      "recall": 0.9979406212459242,
      "f1_score": 0.5871513315663259,
      "precision_normal": 0.9993631215535588,
      "recall_normal": 0.6975225408773347,
      "avg_latency_ms": 0.49250125885009766,
      "min_latency_ms": 0.4787445068359375,
      "max_latency_ms": 0.5471706390380859,
      "samples_per_second": 203045.16628745705,
      "compression_ratio": 11.587949904095678
    },
    {
      "stage": "noQAT+PTQ",
      "model_path": "models/tflite/saved_model_no_qat_ptq.tflite",
      "file_size_bytes": 70920,
      "file_size_mb": 0.06763458251953125,
      "parameter_count": 61969,
      "accuracy": 0.8224688017938968,
      "precision": 0.0,
      "recall": 0.0,
      "f1_score": 0.0,
      "precision_normal": 0.8224688017938968,
      "recall_normal": 1.0,
      "avg_latency_ms": 0.48661231994628906,
      "min_latency_ms": 0.4794597625732422,
      "max_latency_ms": 0.5235671997070312,
      "samples_per_second": 205502.40078392945,
      "compression_ratio": 11.585335589396504
    }
  ]
}