{
  "version": "v20",
  "data_version": "cicids2017_max2000k_bal4.0",
  "generated_at": "2026-02-16T07:51:51.245739",
  "results": [
    {
      "stage": "Original",
      "model_path": "models/tflite/saved_model_original.tflite",
      "file_size_bytes": 821632,
      "file_size_mb": 0.7835693359375,
      "parameter_count": 205777,
      "accuracy": 0.30818891976211366,
      "precision": 0.2033649300759517,
      "recall": 0.9929981122361421,
      "f1_score": 0.3375914910747886,
      "precision_normal": 0.9906638292029931,
      "recall_normal": 0.16037176704179232,
      "avg_latency_ms": 1.883244514465332,
      "min_latency_ms": 1.8541812896728516,
      "max_latency_ms": 1.9593238830566406,
      "samples_per_second": 53099.849346111485,
      "compression_ratio": 1.0
    },
    {
      "stage": "QAT+Prune only",
      "model_path": "models/tflite/saved_model_qat_pruned_float32.tflite",
      "file_size_bytes": 248228,
      "file_size_mb": 0.23672866821289062,
      "parameter_count": 61969,
      "accuracy": 0.8039783806181144,
      "precision": 0.4751777110651212,
      "recall": 0.9969109318688862,
      "f1_score": 0.6435887635096582,
      "precision_normal": 0.9991261075373224,
      "recall_normal": 0.762333582758544,
      "avg_latency_ms": 0.7805109024047852,
      "min_latency_ms": 0.7646083831787109,
      "max_latency_ms": 0.8118152618408203,
      "samples_per_second": 128121.20841860892,
      "compression_ratio": 3.3099892034742253
    },
    {
      "stage": "Compressed (PTQ)",
      "model_path": "models/tflite/saved_model_pruned_quantized.tflite",
      "file_size_bytes": 70920,
      "file_size_mb": 0.06763458251953125,
      "parameter_count": 61969,
      "accuracy": 0.8037102710344155,
      "precision": 0.47484125103176617,
      "recall": 0.9971340312339111,
      "f1_score": 0.6433265239463443,
      "precision_normal": 0.999188773007029,
      "recall_normal": 0.7619594449424717,
      "avg_latency_ms": 0.4739046096801758,
      "min_latency_ms": 0.4673004150390625,
      "max_latency_ms": 0.5121231079101562,
      "samples_per_second": 211012.92951652664,
      "compression_ratio": 11.585335589396504
    },
    {
      "stage": "QAT+PTQ",
      "model_path": "models/tflite/saved_model_qat_ptq.tflite",
      "file_size_bytes": 70904,
      "file_size_mb": 0.06761932373046875,
      "parameter_count": 61969,
      "accuracy": 0.8037102710344155,
      "precision": 0.47484125103176617,
      "recall": 0.9971340312339111,
      "f1_score": 0.6433265239463443,
      "precision_normal": 0.999188773007029,
      "recall_normal": 0.7619594449424717,
      "avg_latency_ms": 0.4730701446533203,
      "min_latency_ms": 0.46634674072265625,
      "max_latency_ms": 0.5106925964355469,
      "samples_per_second": 211385.14262675133,
      "compression_ratio": 11.587949904095678
    },
    {
      "stage": "noQAT+PTQ",
      "model_path": "models/tflite/saved_model_no_qat_ptq.tflite",
      "file_size_bytes": 70920,
      "file_size_mb": 0.06763458251953125,
      "parameter_count": 61969,
      "accuracy": 0.8224688017938968,
      "precision": 0.0,
      "recall": 0.0,
      "f1_score": 0.0,
      "precision_normal": 0.8224688017938968,
      "recall_normal": 1.0,
      "avg_latency_ms": 0.4775524139404297,
      "min_latency_ms": 0.4706382751464844,
      "max_latency_ms": 0.5211830139160156,
      "samples_per_second": 209401.09835247128,
      "compression_ratio": 11.585335589396504
    }
  ]
}