{
  "version": "v20",
  "data_version": "cicids2017_max2000k_bal4.0",
  "generated_at": "2026-02-16T04:52:51.870841",
  "results": [
    {
      "stage": "Original",
      "model_path": "models/tflite/saved_model_original.tflite",
      "file_size_bytes": 821632,
      "file_size_mb": 0.7835693359375,
      "parameter_count": 205777,
      "accuracy": 0.7983480793604367,
      "precision": 0.08,
      "recall": 0.012939763171443281,
      "f1_score": 0.02227638673461851,
      "precision_normal": 0.8195853813845088,
      "recall_normal": 0.9678797128399653,
      "avg_latency_ms": 1.949167251586914,
      "min_latency_ms": 1.8825531005859375,
      "max_latency_ms": 2.202749252319336,
      "samples_per_second": 51303.960662475234,
      "compression_ratio": 1.0
    },
    {
      "stage": "QAT+Prune only",
      "model_path": "models/tflite/saved_model_qat_pruned_float32.tflite",
      "file_size_bytes": 248228,
      "file_size_mb": 0.23672866821289062,
      "parameter_count": 61969,
      "accuracy": 0.8562719362386663,
      "precision": 0.552915478313954,
      "recall": 0.9947829071563412,
      "f1_score": 0.7107726829627177,
      "precision_normal": 0.9986391329844619,
      "recall_normal": 0.8263741229987331,
      "avg_latency_ms": 0.7669687271118164,
      "min_latency_ms": 0.7581710815429688,
      "max_latency_ms": 0.8134841918945312,
      "samples_per_second": 130383.41260219466,
      "compression_ratio": 3.3099892034742253
    },
    {
      "stage": "Compressed (PTQ)",
      "model_path": "models/tflite/saved_model_pruned_quantized.tflite",
      "file_size_bytes": 70920,
      "file_size_mb": 0.06763458251953125,
      "parameter_count": 61969,
      "accuracy": 0.8558667251633031,
      "precision": 0.5522228785944319,
      "recall": 0.9946456152394028,
      "f1_score": 0.7101651717884625,
      "precision_normal": 0.998602588793837,
      "recall_normal": 0.8259110811471584,
      "avg_latency_ms": 0.4843473434448242,
      "min_latency_ms": 0.4773139953613281,
      "max_latency_ms": 0.5311965942382812,
      "samples_per_second": 206463.4014275166,
      "compression_ratio": 11.585335589396504
    },
    {
      "stage": "QAT+PTQ",
      "model_path": "models/tflite/saved_model_qat_ptq.tflite",
      "file_size_bytes": 70904,
      "file_size_mb": 0.06761932373046875,
      "parameter_count": 61969,
      "accuracy": 0.8558667251633031,
      "precision": 0.5522228785944319,
      "recall": 0.9946456152394028,
      "f1_score": 0.7101651717884625,
      "precision_normal": 0.998602588793837,
      "recall_normal": 0.8259110811471584,
      "avg_latency_ms": 0.4822254180908203,
      "min_latency_ms": 0.47588348388671875,
      "max_latency_ms": 0.5199909210205078,
      "samples_per_second": 207371.89755759915,
      "compression_ratio": 11.587949904095678
    },
    {
      "stage": "noQAT+PTQ",
      "model_path": "models/tflite/saved_model_no_qat_ptq.tflite",
      "file_size_bytes": 70920,
      "file_size_mb": 0.06763458251953125,
      "parameter_count": 61969,
      "accuracy": 0.8224688017938968,
      "precision": 0.0,
      "recall": 0.0,
      "f1_score": 0.0,
      "precision_normal": 0.8224688017938968,
      "recall_normal": 1.0,
      "avg_latency_ms": 0.48944950103759766,
      "min_latency_ms": 0.48089027404785156,
      "max_latency_ms": 0.5288124084472656,
      "samples_per_second": 204311.1695650056,
      "compression_ratio": 11.585335589396504
    }
  ]
}