{
  "version": "v20",
  "data_version": "cicids2017_max2000k_bal4.0",
  "generated_at": "2026-02-17T07:41:51.627979",
  "results": [
    {
      "stage": "Original",
      "model_path": "models/tflite/saved_model_original.tflite",
      "file_size_bytes": 821632,
      "file_size_mb": 0.7835693359375,
      "parameter_count": 205777,
      "accuracy": 0.9158227308179779,
      "precision": 0.7110290775355033,
      "recall": 0.8858760940449631,
      "f1_score": 0.788880483536972,
      "precision_normal": 0.9739853300733496,
      "recall_normal": 0.9222867599665128,
      "avg_latency_ms": 2.274298667907715,
      "min_latency_ms": 1.9621849060058594,
      "max_latency_ms": 2.6574134826660156,
      "samples_per_second": 43969.59880911197,
      "compression_ratio": 1.0
    },
    {
      "stage": "QAT+Prune only",
      "model_path": "models/tflite/saved_model_qat_pruned_float32.tflite",
      "file_size_bytes": 248228,
      "file_size_mb": 0.23672866821289062,
      "parameter_count": 61969,
      "accuracy": 0.792349127425173,
      "precision": 0.449907780863009,
      "recall": 0.7619014930495968,
      "f1_score": 0.5657415194841604,
      "precision_normal": 0.9395589555034721,
      "recall_normal": 0.7989212977025716,
      "avg_latency_ms": 0.7661342620849609,
      "min_latency_ms": 0.7557868957519531,
      "max_latency_ms": 0.8153915405273438,
      "samples_per_second": 130525.42478371819,
      "compression_ratio": 3.3099892034742253
    },
    {
      "stage": "Compressed (PTQ)",
      "model_path": "models/tflite/saved_model_pruned_quantized.tflite",
      "file_size_bytes": 70920,
      "file_size_mb": 0.06763458251953125,
      "parameter_count": 61969,
      "accuracy": 0.7923521741249878,
      "precision": 0.44986356397277366,
      "recall": 0.7610777415479664,
      "f1_score": 0.5654793402656024,
      "precision_normal": 0.939375465396289,
      "recall_normal": 0.7991028101083888,
      "avg_latency_ms": 0.47690868377685547,
      "min_latency_ms": 0.4699230194091797,
      "max_latency_ms": 0.5154609680175781,
      "samples_per_second": 209683.7474378843,
      "compression_ratio": 11.585335589396504
    },
    {
      "stage": "QAT+PTQ",
      "model_path": "models/tflite/saved_model_qat_ptq.tflite",
      "file_size_bytes": 70904,
      "file_size_mb": 0.06761932373046875,
      "parameter_count": 61969,
      "accuracy": 0.7923521741249878,
      "precision": 0.44986356397277366,
      "recall": 0.7610777415479664,
      "f1_score": 0.5654793402656024,
      "precision_normal": 0.939375465396289,
      "recall_normal": 0.7991028101083888,
      "avg_latency_ms": 0.47676563262939453,
      "min_latency_ms": 0.4699230194091797,
      "max_latency_ms": 0.5197525024414062,
      "samples_per_second": 209746.6619992999,
      "compression_ratio": 11.587949904095678
    },
    {
      "stage": "noQAT+PTQ",
      "model_path": "models/tflite/saved_model_no_qat_ptq.tflite",
      "file_size_bytes": 70920,
      "file_size_mb": 0.06763458251953125,
      "parameter_count": 61969,
      "accuracy": 0.8224688017938968,
      "precision": 0.0,
      "recall": 0.0,
      "f1_score": 0.0,
      "precision_normal": 0.8224688017938968,
      "recall_normal": 1.0,
      "avg_latency_ms": 0.4719734191894531,
      "min_latency_ms": 0.4649162292480469,
      "max_latency_ms": 0.5090236663818359,
      "samples_per_second": 211876.33865427357,
      "compression_ratio": 11.585335589396504
    }
  ]
}