{
  "version": "v20",
  "data_version": "cicids2017_max2000k_bal4.0",
  "generated_at": "2026-02-18T22:31:11.009626",
  "results": [
    {
      "stage": "Original",
      "model_path": "models/tflite/saved_model_original.tflite",
      "file_size_bytes": 821632,
      "file_size_mb": 0.7835693359375,
      "parameter_count": 205777,
      "accuracy": 0.8437347665009262,
      "precision": 0.5689941483473034,
      "recall": 0.49394199416509355,
      "f1_score": 0.5288184173296342,
      "precision_normal": 0.8937905200979686,
      "recall_normal": 0.919238092415745,
      "avg_latency_ms": 2.225017547607422,
      "min_latency_ms": 2.1779537200927734,
      "max_latency_ms": 2.3970603942871094,
      "samples_per_second": 44943.46577514894,
      "compression_ratio": 1.0
    },
    {
      "stage": "QAT+Prune only",
      "model_path": "models/tflite/saved_model_qat_pruned_float32.tflite",
      "file_size_bytes": 248228,
      "file_size_mb": 0.23672866821289062,
      "parameter_count": 61969,
      "accuracy": 0.7433277274056742,
      "precision": 0.40854680392626286,
      "recall": 0.9957267890852926,
      "f1_score": 0.5793756989934494,
      "precision_normal": 0.9986627713392694,
      "recall_normal": 0.6888469887462308,
      "avg_latency_ms": 0.8950710296630859,
      "min_latency_ms": 0.8788108825683594,
      "max_latency_ms": 0.9551048278808594,
      "samples_per_second": 111722.97693250226,
      "compression_ratio": 3.3099892034742253
    },
    {
      "stage": "Compressed (PTQ)",
      "model_path": "models/tflite/saved_model_pruned_quantized.tflite",
      "file_size_bytes": 70920,
      "file_size_mb": 0.06763458251953125,
      "parameter_count": 61969,
      "accuracy": 0.7429042361314224,
      "precision": 0.4081473300646468,
      "recall": 0.9957267890852926,
      "f1_score": 0.5789738907432631,
      "precision_normal": 0.9986617723723175,
      "recall_normal": 0.6883320862072798,
      "avg_latency_ms": 0.5723476409912109,
      "min_latency_ms": 0.5571842193603516,
      "max_latency_ms": 0.6389617919921875,
      "samples_per_second": 174718.98691993667,
      "compression_ratio": 11.585335589396504
    },
    {
      "stage": "QAT+PTQ",
      "model_path": "models/tflite/saved_model_qat_ptq.tflite",
      "file_size_bytes": 70904,
      "file_size_mb": 0.06761932373046875,
      "parameter_count": 61969,
      "accuracy": 0.7429042361314224,
      "precision": 0.4081473300646468,
      "recall": 0.9957267890852926,
      "f1_score": 0.5789738907432631,
      "precision_normal": 0.9986617723723175,
      "recall_normal": 0.6883320862072798,
      "avg_latency_ms": 0.5692005157470703,
      "min_latency_ms": 0.5571842193603516,
      "max_latency_ms": 0.6530284881591797,
      "samples_per_second": 175685.01298483709,
      "compression_ratio": 11.587949904095678
    },
    {
      "stage": "noQAT+PTQ",
      "model_path": "models/tflite/saved_model_no_qat_ptq.tflite",
      "file_size_bytes": 70920,
      "file_size_mb": 0.06763458251953125,
      "parameter_count": 61969,
      "accuracy": 0.8224688017938968,
      "precision": 0.0,
      "recall": 0.0,
      "f1_score": 0.0,
      "precision_normal": 0.8224688017938968,
      "recall_normal": 1.0,
      "avg_latency_ms": 0.5452632904052734,
      "min_latency_ms": 0.5371570587158203,
      "max_latency_ms": 0.5962848663330078,
      "samples_per_second": 183397.63882815916,
      "compression_ratio": 11.585335589396504
    }
  ]
}