{
  "version": "v20",
  "data_version": "cicids2017_max2000k_bal4.0",
  "generated_at": "2026-02-13T02:03:35.904567",
  "results": [
    {
      "stage": "Original",
      "model_path": "models/tflite/saved_model_original.tflite",
      "file_size_bytes": 821652,
      "file_size_mb": 0.7835884094238281,
      "parameter_count": 205777,
      "accuracy": 0.7218119333138344,
      "precision": 0.31591557457430686,
      "recall": 0.48651106916080317,
      "f1_score": 0.3830790643622556,
      "precision_normal": 0.8745387608600852,
      "recall_normal": 0.7726019988590649,
      "avg_latency_ms": 2.3761510848999023,
      "min_latency_ms": 2.0971298217773438,
      "max_latency_ms": 2.7861595153808594,
      "samples_per_second": 42084.86599841466,
      "compression_ratio": 1.0
    },
    {
      "stage": "QAT+Prune only",
      "model_path": "models/tflite/saved_model_qat_pruned_float32.tflite",
      "file_size_bytes": 248212,
      "file_size_mb": 0.23671340942382812,
      "parameter_count": 61969,
      "accuracy": 0.7367468558057911,
      "precision": 0.4026840066408412,
      "recall": 0.9990046336021967,
      "f1_score": 0.5739979293003994,
      "precision_normal": 0.999684205941284,
      "recall_normal": 0.6801380976018137,
      "avg_latency_ms": 0.7187366485595703,
      "min_latency_ms": 0.6852149963378906,
      "max_latency_ms": 0.8482933044433594,
      "samples_per_second": 139133.01930604392,
      "compression_ratio": 3.3102831450534222
    },
    {
      "stage": "Compressed (PTQ)",
      "model_path": "models/tflite/saved_model_pruned_quantized.tflite",
      "file_size_bytes": 70920,
      "file_size_mb": 0.06763458251953125,
      "parameter_count": 61969,
      "accuracy": 0.7370301988885639,
      "precision": 0.40294860702543694,
      "recall": 0.9990732795606658,
      "f1_score": 0.5742780339835755,
      "precision_normal": 0.9997061208496373,
      "recall_normal": 0.6804677834001348,
      "avg_latency_ms": 0.5448818206787109,
      "min_latency_ms": 0.5369186401367188,
      "max_latency_ms": 0.5841255187988281,
      "samples_per_second": 183526.0348297891,
      "compression_ratio": 11.585617597292725
    },
    {
      "stage": "QAT+PTQ",
      "model_path": "models/tflite/saved_model_qat_ptq.tflite",
      "file_size_bytes": 70904,
      "file_size_mb": 0.06761932373046875,
      "parameter_count": 61969,
      "accuracy": 0.7370301988885639,
      "precision": 0.40294860702543694,
      "recall": 0.9990732795606658,
      "f1_score": 0.5742780339835755,
      "precision_normal": 0.9997061208496373,
      "recall_normal": 0.6804677834001348,
      "avg_latency_ms": 0.5415916442871094,
      "min_latency_ms": 0.5311965942382812,
      "max_latency_ms": 0.6031990051269531,
      "samples_per_second": 184640.9579151259,
      "compression_ratio": 11.58823197562902
    },
    {
      "stage": "noQAT+PTQ",
      "model_path": "models/tflite/saved_model_no_qat_ptq.tflite",
      "file_size_bytes": 70920,
      "file_size_mb": 0.06763458251953125,
      "parameter_count": 61969,
      "accuracy": 0.8224688017938968,
      "precision": 0.0,
      "recall": 0.0,
      "f1_score": 0.0,
      "precision_normal": 0.8224688017938968,
      "recall_normal": 1.0,
      "avg_latency_ms": 0.5466938018798828,
      "min_latency_ms": 0.5347728729248047,
      "max_latency_ms": 0.5891323089599609,
      "samples_per_second": 182917.7496729176,
      "compression_ratio": 11.585617597292725
    }
  ]
}