{
  "version": "v20",
  "data_version": "cicids2017_max2000k_bal4.0",
  "generated_at": "2026-02-13T03:42:14.682172",
  "results": [
    {
      "stage": "Original",
      "model_path": "models/tflite/saved_model_original.tflite",
      "file_size_bytes": 821652,
      "file_size_mb": 0.7835884094238281,
      "parameter_count": 205777,
      "accuracy": 0.5506300575216925,
      "precision": 0.2632913810302014,
      "recall": 0.8515874377896001,
      "f1_score": 0.40222422164401106,
      "precision_normal": 0.9381207246916053,
      "recall_normal": 0.4856679286100595,
      "avg_latency_ms": 2.051711082458496,
      "min_latency_ms": 1.9392967224121094,
      "max_latency_ms": 2.213001251220703,
      "samples_per_second": 48739.80593806286,
      "compression_ratio": 1.0
    },
    {
      "stage": "QAT+Prune only",
      "model_path": "models/tflite/saved_model_qat_pruned_float32.tflite",
      "file_size_bytes": 248212,
      "file_size_mb": 0.23671340942382812,
      "parameter_count": 61969,
      "accuracy": 0.7627809057229209,
      "precision": 0.4278729686545074,
      "recall": 0.9972370001716149,
      "f1_score": 0.5988180071002015,
      "precision_normal": 0.9991632668970715,
      "recall_normal": 0.7121731850611586,
      "avg_latency_ms": 0.7193088531494141,
      "min_latency_ms": 0.7100105285644531,
      "max_latency_ms": 0.7627010345458984,
      "samples_per_second": 139022.3400729201,
      "compression_ratio": 3.3102831450534222
    },
    {
      "stage": "Compressed (PTQ)",
      "model_path": "models/tflite/saved_model_pruned_quantized.tflite",
      "file_size_bytes": 70920,
      "file_size_mb": 0.06763458251953125,
      "parameter_count": 61969,
      "accuracy": 0.7662846105098957,
      "precision": 0.4315239912961464,
      "recall": 0.997185515702763,
      "f1_score": 0.6023750408193943,
      "precision_normal": 0.9991527656518797,
      "recall_normal": 0.7164442831000837,
      "avg_latency_ms": 0.5022287368774414,
      "min_latency_ms": 0.46372413635253906,
      "max_latency_ms": 0.5309581756591797,
      "samples_per_second": 199112.4614289105,
      "compression_ratio": 11.585617597292725
    },
    {
      "stage": "QAT+PTQ",
      "model_path": "models/tflite/saved_model_qat_ptq.tflite",
      "file_size_bytes": 70904,
      "file_size_mb": 0.06761932373046875,
      "parameter_count": 61969,
      "accuracy": 0.7662846105098957,
      "precision": 0.4315239912961464,
      "recall": 0.997185515702763,
      "f1_score": 0.6023750408193943,
      "precision_normal": 0.9991527656518797,
      "recall_normal": 0.7164442831000837,
      "avg_latency_ms": 0.48041343688964844,
      "min_latency_ms": 0.4706382751464844,
      "max_latency_ms": 0.5328655242919922,
      "samples_per_second": 208154.0446650124,
      "compression_ratio": 11.58823197562902
    },
    {
      "stage": "noQAT+PTQ",
      "model_path": "models/tflite/saved_model_no_qat_ptq.tflite",
      "file_size_bytes": 70920,
      "file_size_mb": 0.06763458251953125,
      "parameter_count": 61969,
      "accuracy": 0.8224688017938968,
      "precision": 0.0,
      "recall": 0.0,
      "f1_score": 0.0,
      "precision_normal": 0.8224688017938968,
      "recall_normal": 1.0,
      "avg_latency_ms": 0.5159616470336914,
      "min_latency_ms": 0.46539306640625,
      "max_latency_ms": 0.6380081176757812,
      "samples_per_second": 193812.85522850146,
      "compression_ratio": 11.585617597292725
    }
  ]
}