{
  "version": "v20",
  "data_version": "cicids2017_max2000k_bal4.0",
  "generated_at": "2026-02-22T01:53:49.083777",
  "results": [
    {
      "stage": "Original",
      "model_path": "models/tflite/saved_model_original.tflite",
      "file_size_bytes": 821632,
      "file_size_mb": 0.7835693359375,
      "parameter_count": 205777,
      "accuracy": 0.48754813785707324,
      "precision": 0.256874930885768,
      "recall": 0.9966191865453922,
      "f1_score": 0.40846858569695266,
      "precision_normal": 0.9980714446543775,
      "recall_normal": 0.3776643428139609,
      "avg_latency_ms": 1.8892288208007812,
      "min_latency_ms": 1.8591880798339844,
      "max_latency_ms": 1.9955635070800781,
      "samples_per_second": 52931.650681474006,
      "compression_ratio": 1.0
    },
    {
      "stage": "QAT+Prune only",
      "model_path": "models/tflite/saved_model_qat_pruned_float32.tflite",
      "file_size_bytes": 248228,
      "file_size_mb": 0.23672866821289062,
      "parameter_count": 61969,
      "accuracy": 0.7982962854635859,
      "precision": 0.4596726644302125,
      "recall": 0.7760082375150164,
      "f1_score": 0.5773493360572012,
      "precision_normal": 0.9432161284989602,
      "recall_normal": 0.8031071960408069,
      "avg_latency_ms": 0.7463693618774414,
      "min_latency_ms": 0.7383823394775391,
      "max_latency_ms": 0.7860660552978516,
      "samples_per_second": 133981.91982111483,
      "compression_ratio": 3.3099892034742253
    },
    {
      "stage": "Compressed (PTQ)",
      "model_path": "models/tflite/saved_model_pruned_quantized.tflite",
      "file_size_bytes": 70920,
      "file_size_mb": 0.06763458251953125,
      "parameter_count": 61969,
      "accuracy": 0.8058277274056742,
      "precision": 0.4723084098882602,
      "recall": 0.7993821863737772,
      "f1_score": 0.5937842592356526,
      "precision_normal": 0.9490858093570613,
      "recall_normal": 0.8072190076827904,
      "avg_latency_ms": 0.4717826843261719,
      "min_latency_ms": 0.4649162292480469,
      "max_latency_ms": 0.5116462707519531,
      "samples_per_second": 211961.997170002,
      "compression_ratio": 11.585335589396504
    },
    {
      "stage": "QAT+PTQ",
      "model_path": "models/tflite/saved_model_qat_ptq.tflite",
      "file_size_bytes": 70904,
      "file_size_mb": 0.06761932373046875,
      "parameter_count": 61969,
      "accuracy": 0.8058277274056742,
      "precision": 0.4723084098882602,
      "recall": 0.7993821863737772,
      "f1_score": 0.5937842592356526,
      "precision_normal": 0.9490858093570613,
      "recall_normal": 0.8072190076827904,
      "avg_latency_ms": 0.4761219024658203,
      "min_latency_ms": 0.4684925079345703,
      "max_latency_ms": 0.5192756652832031,
      "samples_per_second": 210030.24536805207,
      "compression_ratio": 11.587949904095678
    },
    {
      "stage": "noQAT+PTQ",
      "model_path": "models/tflite/saved_model_no_qat_ptq.tflite",
      "file_size_bytes": 70920,
      "file_size_mb": 0.06763458251953125,
      "parameter_count": 61969,
      "accuracy": 0.8224688017938968,
      "precision": 0.0,
      "recall": 0.0,
      "f1_score": 0.0,
      "precision_normal": 0.8224688017938968,
      "recall_normal": 1.0,
      "avg_latency_ms": 0.47647953033447266,
      "min_latency_ms": 0.46896934509277344,
      "max_latency_ms": 0.5185604095458984,
      "samples_per_second": 209872.60445334003,
      "compression_ratio": 11.585335589396504
    }
  ]
}