{
  "version": "v4",
  "data_version": "cicids2017",
  "generated_at": "2026-01-30T19:15:49.375240",
  "results": [
    {
      "stage": "Original",
      "model_path": "models/tflite/saved_model_original.tflite",
      "file_size_bytes": 215612,
      "file_size_mb": 0.20562362670898438,
      "parameter_count": 53844,
      "accuracy": 0.3331326301386852,
      "precision": 0.18478216695115013,
      "recall": 0.85412043722776,
      "f1_score": 0.30383257216483006,
      "avg_latency_ms": 0.4601478576660156,
      "min_latency_ms": 0.4353523254394531,
      "max_latency_ms": 0.5254745483398438,
      "samples_per_second": 217321.4507772021,
      "compression_ratio": 1.0
    },
    {
      "stage": "Compressed",
      "model_path": "models/tflite/saved_model_pruned_quantized.tflite",
      "file_size_bytes": 21648,
      "file_size_mb": 0.0206451416015625,
      "parameter_count": 18772,
      "accuracy": 0.17096311528698224,
      "precision": 0.17045845776920182,
      "recall": 0.9998356286616651,
      "f1_score": 0.29126087410070095,
      "avg_latency_ms": 0.6652355194091797,
      "min_latency_ms": 0.621795654296875,
      "max_latency_ms": 0.7421970367431641,
      "samples_per_second": 150322.70088165722,
      "compression_ratio": 9.95990391722099
    }
  ]
}