WARNING: All log messages before absl::InitializeLog() is called are written to STDERR
I0000 00:00:1791231108.517625 1036691 port.cc:153] oneDNN custom operations are on. You may see slightly different numerical results due to floating-point round-off errors from different computation orders. To turn them off, set the environment variable `TF_ENABLE_ONEDNN_OPTS=0`.
I0000 00:00:1791231108.518720 1036691 cudart_stub.cc:31] Could not find cuda drivers on your machine, GPU will not be used.
I0000 00:00:1791231108.943607 1036691 cpu_feature_guard.cc:227] This TensorFlow binary is optimized to use available CPU instructions in performance-critical operations.
To enable the following instructions: AVX2 AVX512F AVX512_VNNI AVX512_BF16 FMA, in other operations, rebuild TensorFlow with the appropriate compiler flags.
WARNING: All log messages before absl::InitializeLog() is called are written to STDERR
I0000 00:00:1791231110.944740 1036691 port.cc:153] oneDNN custom operations are on. You may see slightly different numerical results due to floating-point round-off errors from different computation orders. To turn them off, set the environment variable `TF_ENABLE_ONEDNN_OPTS=0`.
I0000 00:00:1791231110.945860 1036691 cudart_stub.cc:31] Could not find cuda drivers on your machine, GPU will not be used.
E0000 00:00:1791231222.415806 1036691 cuda_executor.cc:1737] INTERNAL: CUDA Runtime error: Failed call to cudaGetRuntimeVersion: Error loading CUDA libraries. GPU will not be used.: Error loading CUDA libraries. GPU will not be used.
W0000 00:00:1791231222.416481 1036738 cuda_executor.cc:1755] Failed to determine cuDNN version (Note that this is expected if the application doesn't link the cuDNN plugin): INTERNAL: cuDNN error: CUDNN_STATUS_INTERNAL_ERROR
W0000 00:00:1791231222.435502 1036691 gpu_device.cc:2365] Cannot dlopen some GPU libraries. Please make sure the missing libraries mentioned above are installed properly if you would like to use GPU. Follow the guide at https://www.tensorflow.org/install/gpu for how to download and setup the required libraries for your platform.
Skipping registering GPU devices...
/home/danielpark605/tinyml-venv/lib/python3.12/site-packages/tensorflow/lite/python/convert.py:846: UserWarning: Statistics for quantized inputs were expected, but not specified; continuing anyway.
  warnings.warn(
W0000 00:00:1791231223.947090 1036691 tf_tfl_flatbuffer_helpers.cc:364] Ignored output_format.
W0000 00:00:1791231223.947464 1036691 tf_tfl_flatbuffer_helpers.cc:367] Ignored drop_control_dependency.
I0000 00:00:1791231223.948039 1036691 reader.cc:83] Reading SavedModel from: /tmp/tmpmg4epm70
I0000 00:00:1791231223.948729 1036691 reader.cc:52] Reading meta graph with tags { serve }
I0000 00:00:1791231223.949130 1036691 reader.cc:147] Reading SavedModel debug info (if present) from: /tmp/tmpmg4epm70
I0000 00:00:1791231223.952933 1036691 mlir_graph_optimization_pass.cc:437] MLIR V1 optimization pass is not enabled
I0000 00:00:1791231223.953730 1036691 loader.cc:236] Restoring SavedModel bundle.
I0000 00:00:1791231223.965466 1036691 loader.cc:220] Running initialization op on SavedModel bundle at path: /tmp/tmpmg4epm70
I0000 00:00:1791231223.969120 1036691 loader.cc:471] SavedModel load for tags { serve }; Status: success: OK. Took 21088 microseconds.
I0000 00:00:1791231223.981313 1036691 dump_mlir_util.cc:269] disabling MLIR crash reproducer, set env var `MLIR_CRASH_REPRODUCER_DIRECTORY` to enable.
fully_quantize: 0, inference_type: 6, input_inference_type: FLOAT32, output_inference_type: FLOAT32
W0000 00:00:1791231224.056489 1036691 flatbuffer_export.cc:3851] Skipping runtime version metadata in the model. This will be generated by the exporter.
/home/danielpark605/tinyml-venv/lib/python3.12/site-packages/tensorflow/lite/python/interpreter.py:457: UserWarning:     Warning: tf.lite.Interpreter is deprecated and is scheduled for deletion in
    TF 2.20. Please use the LiteRT interpreter from the ai_edge_litert package.
    See the [migration guide](https://ai.google.dev/edge/litert/migration)
    for details.
    
  warnings.warn(_INTERPRETER_DELETION_WARNING)
INFO: Created TensorFlow Lite XNNPACK delegate for CPU.
[load_cicids2017] data_path=data/raw/CIC-IDS2017
[load_cicids2017] Found 8 CSV files
[load_cicids2017] Loaded 225,745 rows from Friday-WorkingHours-Afternoon-DDos.pcap_ISCX.csv
[load_cicids2017] Loaded 286,467 rows from Friday-WorkingHours-Afternoon-PortScan.pcap_ISCX.csv
[load_cicids2017] Loaded 191,033 rows from Friday-WorkingHours-Morning.pcap_ISCX.csv
[load_cicids2017] Loaded 529,918 rows from Monday-WorkingHours.pcap_ISCX.csv
[load_cicids2017] Loaded 288,602 rows from Thursday-WorkingHours-Afternoon-Infilteration.pcap_ISCX.csv
[load_cicids2017] Loaded 170,366 rows from Thursday-WorkingHours-Morning-WebAttacks.pcap_ISCX.csv
[load_cicids2017] Loaded 445,909 rows from Tuesday-WorkingHours.pcap_ISCX.csv
[load_cicids2017] Loaded 692,703 rows from Wednesday-workingHours.pcap_ISCX.csv
[load_cicids2017] Total samples loaded: 2,830,743
[load_cicids2017] Removed 331,200 duplicates (2,499,543 unique)
[load_cicids2017] Found 15 unique labels
[load_cicids2017] Binary mode: BENIGN=0, ATTACK=1
[load_cicids2017] Label distribution: BENIGN=2073680, ATTACK=425863
[load_cicids2017] Shuffled full pool (random_state=42)
[load_cicids2017] Balanced training set: majority 1658944 -> 1362760 (ratio<=4.0), total=1,703,450
[load_cicids2017] StandardScaler applied (fit on train).
[load_cicids2017] SMOTE applied: train -> 2,725,520 (BENIGN=1,362,760, ATTACK=1,362,760)
[load_cicids2017] Final feature shape: 78 features
[load_cicids2017] Train samples: 2,725,520, Test samples: 499,909
   [QAT Strip] Input model type: Sequential
   [QAT Strip] Input model class: tf_keras.src.engine.sequential.Sequential
   [QAT Strip] Creating TF.Keras Functional model with input shape: (78,)
   [QAT Strip] TF_USE_LEGACY_KERAS=1
   [QAT Strip] 4 Dense layers after BatchNorm folding
   [QAT Strip] Created model type: Functional
   [QAT Strip] Model class: tf_keras.src.engine.functional.Functional
   [QAT Strip] Total layers: 5
   [QAT Strip] Is tensorflow.keras model: False
   [QAT Strip] WARNING: Model is not tensorflow.keras! QAT may fail.
  [cic_near_iid] ptq_tflite_max         client0_ft   d0 f1=0.8727 far=0.0585 missed=440/85173
/home/danielpark605/tinyml-venv/lib/python3.12/site-packages/tensorflow/lite/python/convert.py:846: UserWarning: Statistics for quantized inputs were expected, but not specified; continuing anyway.
  warnings.warn(
W0000 00:00:1791231229.431161 1036691 tf_tfl_flatbuffer_helpers.cc:364] Ignored output_format.
W0000 00:00:1791231229.431538 1036691 tf_tfl_flatbuffer_helpers.cc:367] Ignored drop_control_dependency.
I0000 00:00:1791231229.431989 1036691 reader.cc:83] Reading SavedModel from: /tmp/tmpgjdkak0r
I0000 00:00:1791231229.433366 1036691 reader.cc:52] Reading meta graph with tags { serve }
I0000 00:00:1791231229.433723 1036691 reader.cc:147] Reading SavedModel debug info (if present) from: /tmp/tmpgjdkak0r
I0000 00:00:1791231229.440169 1036691 loader.cc:236] Restoring SavedModel bundle.
I0000 00:00:1791231229.467043 1036691 loader.cc:220] Running initialization op on SavedModel bundle at path: /tmp/tmpgjdkak0r
I0000 00:00:1791231229.474657 1036691 loader.cc:471] SavedModel load for tags { serve }; Status: success: OK. Took 42675 microseconds.
/home/danielpark605/tinyml-venv/lib/python3.12/site-packages/tensorflow/lite/python/interpreter.py:457: UserWarning:     Warning: tf.lite.Interpreter is deprecated and is scheduled for deletion in
    TF 2.20. Please use the LiteRT interpreter from the ai_edge_litert package.
    See the [migration guide](https://ai.google.dev/edge/litert/migration)
    for details.
    
  warnings.warn(_INTERPRETER_DELETION_WARNING)
   [QAT Strip] Input model type: Functional
   [QAT Strip] Input model class: tf_keras.src.engine.functional.Functional
   [QAT Strip] Creating TF.Keras Functional model with input shape: (78,)
   [QAT Strip] TF_USE_LEGACY_KERAS=1
   [QAT Strip] 4 Dense layers after BatchNorm folding
   [QAT Strip] Created model type: Functional
   [QAT Strip] Model class: tf_keras.src.engine.functional.Functional
   [QAT Strip] Total layers: 5
   [QAT Strip] Is tensorflow.keras model: False
   [QAT Strip] WARNING: Model is not tensorflow.keras! QAT may fail.
✅ Saved (QAT): data/processed/revision/2026-10-05_x2_ptq_init_qat/quant_lit/cic_near_iid/ptq_fq_max_client0_ft_d0.tflite (65.43 KB)
   Quantization: 10/16 tensors (62.5%)
   Input: <class 'numpy.float32'>, Output: <class 'numpy.float32'>
  [cic_near_iid] ptq_fq_max             client0_ft   d0 f1=0.8819 far=0.0239 missed=10156/85173
/home/danielpark605/tinyml-venv/lib/python3.12/site-packages/tensorflow/lite/python/convert.py:846: UserWarning: Statistics for quantized inputs were expected, but not specified; continuing anyway.
  warnings.warn(
W0000 00:00:1791231232.317544 1036691 tf_tfl_flatbuffer_helpers.cc:364] Ignored output_format.
W0000 00:00:1791231232.317922 1036691 tf_tfl_flatbuffer_helpers.cc:367] Ignored drop_control_dependency.
I0000 00:00:1791231232.318446 1036691 reader.cc:83] Reading SavedModel from: /tmp/tmpt7r_ui14
I0000 00:00:1791231232.320380 1036691 reader.cc:52] Reading meta graph with tags { serve }
I0000 00:00:1791231232.320720 1036691 reader.cc:147] Reading SavedModel debug info (if present) from: /tmp/tmpt7r_ui14
I0000 00:00:1791231232.328785 1036691 loader.cc:236] Restoring SavedModel bundle.
I0000 00:00:1791231232.355397 1036691 loader.cc:220] Running initialization op on SavedModel bundle at path: /tmp/tmpt7r_ui14
I0000 00:00:1791231232.364016 1036691 loader.cc:471] SavedModel load for tags { serve }; Status: success: OK. Took 45578 microseconds.
/home/danielpark605/tinyml-venv/lib/python3.12/site-packages/tensorflow/lite/python/interpreter.py:457: UserWarning:     Warning: tf.lite.Interpreter is deprecated and is scheduled for deletion in
    TF 2.20. Please use the LiteRT interpreter from the ai_edge_litert package.
    See the [migration guide](https://ai.google.dev/edge/litert/migration)
    for details.
    
  warnings.warn(_INTERPRETER_DELETION_WARNING)
   [QAT Strip] Input model type: Functional
   [QAT Strip] Input model class: tf_keras.src.engine.functional.Functional
   [QAT Strip] Creating TF.Keras Functional model with input shape: (78,)
   [QAT Strip] TF_USE_LEGACY_KERAS=1
   [QAT Strip] 4 Dense layers after BatchNorm folding
   [QAT Strip] Created model type: Functional
   [QAT Strip] Model class: tf_keras.src.engine.functional.Functional
   [QAT Strip] Total layers: 5
   [QAT Strip] Is tensorflow.keras model: False
   [QAT Strip] WARNING: Model is not tensorflow.keras! QAT may fail.
✅ Saved (QAT): data/processed/revision/2026-10-05_x2_ptq_init_qat/quant_lit/cic_near_iid/ptq_fq_pct9999_client0_ft_d0.tflite (65.44 KB)
   Quantization: 10/16 tensors (62.5%)
   Input: <class 'numpy.float32'>, Output: <class 'numpy.float32'>
  [cic_near_iid] ptq_fq_pct9999         client0_ft   d0 f1=0.8815 far=0.0503 missed=1603/85173
/home/danielpark605/tinyml-venv/lib/python3.12/site-packages/tensorflow/lite/python/convert.py:846: UserWarning: Statistics for quantized inputs were expected, but not specified; continuing anyway.
  warnings.warn(
W0000 00:00:1791231234.810759 1036691 tf_tfl_flatbuffer_helpers.cc:364] Ignored output_format.
W0000 00:00:1791231234.811131 1036691 tf_tfl_flatbuffer_helpers.cc:367] Ignored drop_control_dependency.
I0000 00:00:1791231234.811674 1036691 reader.cc:83] Reading SavedModel from: /tmp/tmp9rbo699o
I0000 00:00:1791231234.813218 1036691 reader.cc:52] Reading meta graph with tags { serve }
I0000 00:00:1791231234.813545 1036691 reader.cc:147] Reading SavedModel debug info (if present) from: /tmp/tmp9rbo699o
I0000 00:00:1791231234.824227 1036691 loader.cc:236] Restoring SavedModel bundle.
I0000 00:00:1791231234.851108 1036691 loader.cc:220] Running initialization op on SavedModel bundle at path: /tmp/tmp9rbo699o
I0000 00:00:1791231234.859965 1036691 loader.cc:471] SavedModel load for tags { serve }; Status: success: OK. Took 48299 microseconds.
/home/danielpark605/tinyml-venv/lib/python3.12/site-packages/tensorflow/lite/python/interpreter.py:457: UserWarning:     Warning: tf.lite.Interpreter is deprecated and is scheduled for deletion in
    TF 2.20. Please use the LiteRT interpreter from the ai_edge_litert package.
    See the [migration guide](https://ai.google.dev/edge/litert/migration)
    for details.
    
  warnings.warn(_INTERPRETER_DELETION_WARNING)
   [QAT Strip] Input model type: Functional
   [QAT Strip] Input model class: tf_keras.src.engine.functional.Functional
   [QAT Strip] Creating TF.Keras Functional model with input shape: (78,)
   [QAT Strip] TF_USE_LEGACY_KERAS=1
   [QAT Strip] 4 Dense layers after BatchNorm folding
   [QAT Strip] Created model type: Functional
   [QAT Strip] Model class: tf_keras.src.engine.functional.Functional
   [QAT Strip] Total layers: 5
   [QAT Strip] Is tensorflow.keras model: False
   [QAT Strip] WARNING: Model is not tensorflow.keras! QAT may fail.
✅ Saved (QAT): data/processed/revision/2026-10-05_x2_ptq_init_qat/quant_lit/cic_near_iid/ptq_fq_mse_client0_ft_d0.tflite (65.44 KB)
   Quantization: 10/16 tensors (62.5%)
   Input: <class 'numpy.float32'>, Output: <class 'numpy.float32'>
  [cic_near_iid] ptq_fq_mse             client0_ft   d0 f1=0.9191 far=0.0228 missed=4705/85173
/home/danielpark605/tinyml-venv/lib/python3.12/site-packages/tensorflow/lite/python/convert.py:846: UserWarning: Statistics for quantized inputs were expected, but not specified; continuing anyway.
  warnings.warn(
W0000 00:00:1791231237.416748 1036691 tf_tfl_flatbuffer_helpers.cc:364] Ignored output_format.
W0000 00:00:1791231237.417123 1036691 tf_tfl_flatbuffer_helpers.cc:367] Ignored drop_control_dependency.
I0000 00:00:1791231237.417497 1036691 reader.cc:83] Reading SavedModel from: /tmp/tmpyctsqn89
I0000 00:00:1791231237.418640 1036691 reader.cc:52] Reading meta graph with tags { serve }
I0000 00:00:1791231237.419002 1036691 reader.cc:147] Reading SavedModel debug info (if present) from: /tmp/tmpyctsqn89
I0000 00:00:1791231237.425713 1036691 loader.cc:236] Restoring SavedModel bundle.
I0000 00:00:1791231237.451809 1036691 loader.cc:220] Running initialization op on SavedModel bundle at path: /tmp/tmpyctsqn89
I0000 00:00:1791231237.459914 1036691 loader.cc:471] SavedModel load for tags { serve }; Status: success: OK. Took 42426 microseconds.
/home/danielpark605/tinyml-venv/lib/python3.12/site-packages/tensorflow/lite/python/interpreter.py:457: UserWarning:     Warning: tf.lite.Interpreter is deprecated and is scheduled for deletion in
    TF 2.20. Please use the LiteRT interpreter from the ai_edge_litert package.
    See the [migration guide](https://ai.google.dev/edge/litert/migration)
    for details.
    
  warnings.warn(_INTERPRETER_DELETION_WARNING)
   [QAT Strip] Input model type: Functional
   [QAT Strip] Input model class: tf_keras.src.engine.functional.Functional
   [QAT Strip] Creating TF.Keras Functional model with input shape: (78,)
   [QAT Strip] TF_USE_LEGACY_KERAS=1
   [QAT Strip] 4 Dense layers after BatchNorm folding
   [QAT Strip] Created model type: Functional
   [QAT Strip] Model class: tf_keras.src.engine.functional.Functional
   [QAT Strip] Total layers: 5
   [QAT Strip] Is tensorflow.keras model: False
   [QAT Strip] WARNING: Model is not tensorflow.keras! QAT may fail.
✅ Saved (QAT): data/processed/revision/2026-10-05_x2_ptq_init_qat/quant_lit/cic_near_iid/ptq_fq_kl_client0_ft_d0.tflite (65.44 KB)
   Quantization: 10/16 tensors (62.5%)
   Input: <class 'numpy.float32'>, Output: <class 'numpy.float32'>
  [cic_near_iid] ptq_fq_kl              client0_ft   d0 f1=0.8802 far=0.0495 missed=2087/85173
/home/danielpark605/tinyml-venv/lib/python3.12/site-packages/tensorflow/lite/python/convert.py:846: UserWarning: Statistics for quantized inputs were expected, but not specified; continuing anyway.
  warnings.warn(
W0000 00:00:1791231239.989912 1036691 tf_tfl_flatbuffer_helpers.cc:364] Ignored output_format.
W0000 00:00:1791231239.990234 1036691 tf_tfl_flatbuffer_helpers.cc:367] Ignored drop_control_dependency.
I0000 00:00:1791231239.990662 1036691 reader.cc:83] Reading SavedModel from: /tmp/tmpxxtgxzqi
I0000 00:00:1791231239.992574 1036691 reader.cc:52] Reading meta graph with tags { serve }
I0000 00:00:1791231239.993084 1036691 reader.cc:147] Reading SavedModel debug info (if present) from: /tmp/tmpxxtgxzqi
I0000 00:00:1791231240.001243 1036691 loader.cc:236] Restoring SavedModel bundle.
I0000 00:00:1791231240.027156 1036691 loader.cc:220] Running initialization op on SavedModel bundle at path: /tmp/tmpxxtgxzqi
I0000 00:00:1791231240.035489 1036691 loader.cc:471] SavedModel load for tags { serve }; Status: success: OK. Took 44835 microseconds.
/home/danielpark605/tinyml-venv/lib/python3.12/site-packages/tensorflow/lite/python/interpreter.py:457: UserWarning:     Warning: tf.lite.Interpreter is deprecated and is scheduled for deletion in
    TF 2.20. Please use the LiteRT interpreter from the ai_edge_litert package.
    See the [migration guide](https://ai.google.dev/edge/litert/migration)
    for details.
    
  warnings.warn(_INTERPRETER_DELETION_WARNING)
   [QAT Strip] Input model type: Functional
   [QAT Strip] Input model class: tf_keras.src.engine.functional.Functional
   [QAT Strip] Creating TF.Keras Functional model with input shape: (78,)
   [QAT Strip] TF_USE_LEGACY_KERAS=1
   [QAT Strip] 4 Dense layers after BatchNorm folding
   [QAT Strip] Created model type: Functional
   [QAT Strip] Model class: tf_keras.src.engine.functional.Functional
   [QAT Strip] Total layers: 5
   [QAT Strip] Is tensorflow.keras model: False
   [QAT Strip] WARNING: Model is not tensorflow.keras! QAT may fail.
✅ Saved (QAT): data/processed/revision/2026-10-05_x2_ptq_init_qat/quant_lit/cic_near_iid/ptq_fq_clip5_max_client0_ft_d0.tflite (65.44 KB)
   Quantization: 10/16 tensors (62.5%)
   Input: <class 'numpy.float32'>, Output: <class 'numpy.float32'>
  [cic_near_iid] ptq_fq_clip5_max       client0_ft   d0 f1=0.8768 far=0.0512 missed=2108/85173
/home/danielpark605/tinyml-venv/lib/python3.12/site-packages/tensorflow/lite/python/convert.py:846: UserWarning: Statistics for quantized inputs were expected, but not specified; continuing anyway.
  warnings.warn(
W0000 00:00:1791231243.321393 1036691 tf_tfl_flatbuffer_helpers.cc:364] Ignored output_format.
W0000 00:00:1791231243.321764 1036691 tf_tfl_flatbuffer_helpers.cc:367] Ignored drop_control_dependency.
I0000 00:00:1791231243.322191 1036691 reader.cc:83] Reading SavedModel from: /tmp/tmpipc59dfp
I0000 00:00:1791231243.323602 1036691 reader.cc:52] Reading meta graph with tags { serve }
I0000 00:00:1791231243.323966 1036691 reader.cc:147] Reading SavedModel debug info (if present) from: /tmp/tmpipc59dfp
I0000 00:00:1791231243.334185 1036691 loader.cc:236] Restoring SavedModel bundle.
I0000 00:00:1791231243.373998 1036691 loader.cc:220] Running initialization op on SavedModel bundle at path: /tmp/tmpipc59dfp
I0000 00:00:1791231243.384492 1036691 loader.cc:471] SavedModel load for tags { serve }; Status: success: OK. Took 62309 microseconds.
/home/danielpark605/tinyml-venv/lib/python3.12/site-packages/tensorflow/lite/python/interpreter.py:457: UserWarning:     Warning: tf.lite.Interpreter is deprecated and is scheduled for deletion in
    TF 2.20. Please use the LiteRT interpreter from the ai_edge_litert package.
    See the [migration guide](https://ai.google.dev/edge/litert/migration)
    for details.
    
  warnings.warn(_INTERPRETER_DELETION_WARNING)
   [QAT Strip] Input model type: Functional
   [QAT Strip] Input model class: tf_keras.src.engine.functional.Functional
   [QAT Strip] Creating TF.Keras Functional model with input shape: (78,)
   [QAT Strip] TF_USE_LEGACY_KERAS=1
   [QAT Strip] 4 Dense layers after BatchNorm folding
   [QAT Strip] Created model type: Functional
   [QAT Strip] Model class: tf_keras.src.engine.functional.Functional
   [QAT Strip] Total layers: 5
   [QAT Strip] Is tensorflow.keras model: False
   [QAT Strip] WARNING: Model is not tensorflow.keras! QAT may fail.
✅ Saved (QAT): data/processed/revision/2026-10-05_x2_ptq_init_qat/quant_lit/cic_near_iid/qat_default_client0_ft_d0.tflite (65.44 KB)
   Quantization: 10/16 tensors (62.5%)
   Input: <class 'numpy.float32'>, Output: <class 'numpy.float32'>
  [cic_near_iid] qat_default            client0_ft   d0 f1=0.8928 far=0.0471 missed=743/85173
/home/danielpark605/tinyml-venv/lib/python3.12/site-packages/tensorflow/lite/python/convert.py:846: UserWarning: Statistics for quantized inputs were expected, but not specified; continuing anyway.
  warnings.warn(
W0000 00:00:1791231246.850015 1036691 tf_tfl_flatbuffer_helpers.cc:364] Ignored output_format.
W0000 00:00:1791231246.850364 1036691 tf_tfl_flatbuffer_helpers.cc:367] Ignored drop_control_dependency.
I0000 00:00:1791231246.850763 1036691 reader.cc:83] Reading SavedModel from: /tmp/tmppm72nds6
I0000 00:00:1791231246.852803 1036691 reader.cc:52] Reading meta graph with tags { serve }
I0000 00:00:1791231246.853279 1036691 reader.cc:147] Reading SavedModel debug info (if present) from: /tmp/tmppm72nds6
I0000 00:00:1791231246.863113 1036691 loader.cc:236] Restoring SavedModel bundle.
I0000 00:00:1791231246.905235 1036691 loader.cc:220] Running initialization op on SavedModel bundle at path: /tmp/tmppm72nds6
I0000 00:00:1791231246.916117 1036691 loader.cc:471] SavedModel load for tags { serve }; Status: success: OK. Took 65360 microseconds.
/home/danielpark605/tinyml-venv/lib/python3.12/site-packages/tensorflow/lite/python/interpreter.py:457: UserWarning:     Warning: tf.lite.Interpreter is deprecated and is scheduled for deletion in
    TF 2.20. Please use the LiteRT interpreter from the ai_edge_litert package.
    See the [migration guide](https://ai.google.dev/edge/litert/migration)
    for details.
    
  warnings.warn(_INTERPRETER_DELETION_WARNING)
   [QAT Strip] Input model type: Functional
   [QAT Strip] Input model class: tf_keras.src.engine.functional.Functional
   [QAT Strip] Creating TF.Keras Functional model with input shape: (78,)
   [QAT Strip] TF_USE_LEGACY_KERAS=1
   [QAT Strip] 4 Dense layers after BatchNorm folding
   [QAT Strip] Created model type: Functional
   [QAT Strip] Model class: tf_keras.src.engine.functional.Functional
   [QAT Strip] Total layers: 5
   [QAT Strip] Is tensorflow.keras model: False
   [QAT Strip] WARNING: Model is not tensorflow.keras! QAT may fail.
✅ Saved (QAT): data/processed/revision/2026-10-05_x2_ptq_init_qat/quant_lit/cic_near_iid/qat_init_max_client0_ft_d0.tflite (65.44 KB)
   Quantization: 10/16 tensors (62.5%)
   Input: <class 'numpy.float32'>, Output: <class 'numpy.float32'>
  [cic_near_iid] qat_init_max           client0_ft   d0 f1=0.8998 far=0.0436 missed=736/85173
/home/danielpark605/tinyml-venv/lib/python3.12/site-packages/tensorflow/lite/python/convert.py:846: UserWarning: Statistics for quantized inputs were expected, but not specified; continuing anyway.
  warnings.warn(
W0000 00:00:1791231248.501118 1036691 tf_tfl_flatbuffer_helpers.cc:364] Ignored output_format.
W0000 00:00:1791231248.501533 1036691 tf_tfl_flatbuffer_helpers.cc:367] Ignored drop_control_dependency.
I0000 00:00:1791231248.501998 1036691 reader.cc:83] Reading SavedModel from: /tmp/tmpz0j27jod
I0000 00:00:1791231248.503318 1036691 reader.cc:52] Reading meta graph with tags { serve }
I0000 00:00:1791231248.503681 1036691 reader.cc:147] Reading SavedModel debug info (if present) from: /tmp/tmpz0j27jod
I0000 00:00:1791231248.511910 1036691 loader.cc:236] Restoring SavedModel bundle.
I0000 00:00:1791231248.552292 1036691 loader.cc:220] Running initialization op on SavedModel bundle at path: /tmp/tmpz0j27jod
I0000 00:00:1791231248.562198 1036691 loader.cc:471] SavedModel load for tags { serve }; Status: success: OK. Took 60209 microseconds.
/home/danielpark605/tinyml-venv/lib/python3.12/site-packages/tensorflow/lite/python/interpreter.py:457: UserWarning:     Warning: tf.lite.Interpreter is deprecated and is scheduled for deletion in
    TF 2.20. Please use the LiteRT interpreter from the ai_edge_litert package.
    See the [migration guide](https://ai.google.dev/edge/litert/migration)
    for details.
    
  warnings.warn(_INTERPRETER_DELETION_WARNING)
   [QAT Strip] Input model type: Functional
   [QAT Strip] Input model class: tf_keras.src.engine.functional.Functional
   [QAT Strip] Creating TF.Keras Functional model with input shape: (78,)
   [QAT Strip] TF_USE_LEGACY_KERAS=1
   [QAT Strip] 4 Dense layers after BatchNorm folding
   [QAT Strip] Created model type: Functional
   [QAT Strip] Model class: tf_keras.src.engine.functional.Functional
   [QAT Strip] Total layers: 5
   [QAT Strip] Is tensorflow.keras model: False
   [QAT Strip] WARNING: Model is not tensorflow.keras! QAT may fail.
✅ Saved (QAT): data/processed/revision/2026-10-05_x2_ptq_init_qat/quant_lit/cic_near_iid/qat_init_pct9999_client0_ft_d0.tflite (65.44 KB)
   Quantization: 10/16 tensors (62.5%)
   Input: <class 'numpy.float32'>, Output: <class 'numpy.float32'>
  [cic_near_iid] qat_init_pct9999       client0_ft   d0 f1=0.8919 far=0.0485 missed=421/85173
/home/danielpark605/tinyml-venv/lib/python3.12/site-packages/tensorflow/lite/python/convert.py:846: UserWarning: Statistics for quantized inputs were expected, but not specified; continuing anyway.
  warnings.warn(
W0000 00:00:1791231252.013609 1036691 tf_tfl_flatbuffer_helpers.cc:364] Ignored output_format.
W0000 00:00:1791231252.013951 1036691 tf_tfl_flatbuffer_helpers.cc:367] Ignored drop_control_dependency.
I0000 00:00:1791231252.014351 1036691 reader.cc:83] Reading SavedModel from: /tmp/tmptw6pfzpr
I0000 00:00:1791231252.016473 1036691 reader.cc:52] Reading meta graph with tags { serve }
I0000 00:00:1791231252.016900 1036691 reader.cc:147] Reading SavedModel debug info (if present) from: /tmp/tmptw6pfzpr
I0000 00:00:1791231252.026528 1036691 loader.cc:236] Restoring SavedModel bundle.
I0000 00:00:1791231252.067472 1036691 loader.cc:220] Running initialization op on SavedModel bundle at path: /tmp/tmptw6pfzpr
I0000 00:00:1791231252.077541 1036691 loader.cc:471] SavedModel load for tags { serve }; Status: success: OK. Took 63198 microseconds.
/home/danielpark605/tinyml-venv/lib/python3.12/site-packages/tensorflow/lite/python/interpreter.py:457: UserWarning:     Warning: tf.lite.Interpreter is deprecated and is scheduled for deletion in
    TF 2.20. Please use the LiteRT interpreter from the ai_edge_litert package.
    See the [migration guide](https://ai.google.dev/edge/litert/migration)
    for details.
    
  warnings.warn(_INTERPRETER_DELETION_WARNING)
   [QAT Strip] Input model type: Functional
   [QAT Strip] Input model class: tf_keras.src.engine.functional.Functional
   [QAT Strip] Creating TF.Keras Functional model with input shape: (78,)
   [QAT Strip] TF_USE_LEGACY_KERAS=1
   [QAT Strip] 4 Dense layers after BatchNorm folding
   [QAT Strip] Created model type: Functional
   [QAT Strip] Model class: tf_keras.src.engine.functional.Functional
   [QAT Strip] Total layers: 5
   [QAT Strip] Is tensorflow.keras model: False
   [QAT Strip] WARNING: Model is not tensorflow.keras! QAT may fail.
✅ Saved (QAT): data/processed/revision/2026-10-05_x2_ptq_init_qat/quant_lit/cic_near_iid/qat_init_mse_client0_ft_d0.tflite (65.44 KB)
   Quantization: 10/16 tensors (62.5%)
   Input: <class 'numpy.float32'>, Output: <class 'numpy.float32'>
  [cic_near_iid] qat_init_mse           client0_ft   d0 f1=0.8981 far=0.0444 missed=742/85173
/home/danielpark605/tinyml-venv/lib/python3.12/site-packages/tensorflow/lite/python/convert.py:846: UserWarning: Statistics for quantized inputs were expected, but not specified; continuing anyway.
  warnings.warn(
W0000 00:00:1791231255.427952 1036691 tf_tfl_flatbuffer_helpers.cc:364] Ignored output_format.
W0000 00:00:1791231255.428314 1036691 tf_tfl_flatbuffer_helpers.cc:367] Ignored drop_control_dependency.
I0000 00:00:1791231255.428754 1036691 reader.cc:83] Reading SavedModel from: /tmp/tmp5w725gm_
I0000 00:00:1791231255.430335 1036691 reader.cc:52] Reading meta graph with tags { serve }
I0000 00:00:1791231255.430672 1036691 reader.cc:147] Reading SavedModel debug info (if present) from: /tmp/tmp5w725gm_
I0000 00:00:1791231255.437617 1036691 loader.cc:236] Restoring SavedModel bundle.
I0000 00:00:1791231255.477350 1036691 loader.cc:220] Running initialization op on SavedModel bundle at path: /tmp/tmp5w725gm_
I0000 00:00:1791231255.487801 1036691 loader.cc:471] SavedModel load for tags { serve }; Status: success: OK. Took 59053 microseconds.
/home/danielpark605/tinyml-venv/lib/python3.12/site-packages/tensorflow/lite/python/interpreter.py:457: UserWarning:     Warning: tf.lite.Interpreter is deprecated and is scheduled for deletion in
    TF 2.20. Please use the LiteRT interpreter from the ai_edge_litert package.
    See the [migration guide](https://ai.google.dev/edge/litert/migration)
    for details.
    
  warnings.warn(_INTERPRETER_DELETION_WARNING)
   [QAT Strip] Input model type: Functional
   [QAT Strip] Input model class: tf_keras.src.engine.functional.Functional
   [QAT Strip] Creating TF.Keras Functional model with input shape: (78,)
   [QAT Strip] TF_USE_LEGACY_KERAS=1
   [QAT Strip] 4 Dense layers after BatchNorm folding
   [QAT Strip] Created model type: Functional
   [QAT Strip] Model class: tf_keras.src.engine.functional.Functional
   [QAT Strip] Total layers: 5
   [QAT Strip] Is tensorflow.keras model: False
   [QAT Strip] WARNING: Model is not tensorflow.keras! QAT may fail.
✅ Saved (QAT): data/processed/revision/2026-10-05_x2_ptq_init_qat/quant_lit/cic_near_iid/qat_init_kl_client0_ft_d0.tflite (65.44 KB)
   Quantization: 10/16 tensors (62.5%)
   Input: <class 'numpy.float32'>, Output: <class 'numpy.float32'>
  [cic_near_iid] qat_init_kl            client0_ft   d0 f1=0.9016 far=0.0422 missed=904/85173
/home/danielpark605/tinyml-venv/lib/python3.12/site-packages/tensorflow/lite/python/convert.py:846: UserWarning: Statistics for quantized inputs were expected, but not specified; continuing anyway.
  warnings.warn(
W0000 00:00:1791231258.967735 1036691 tf_tfl_flatbuffer_helpers.cc:364] Ignored output_format.
W0000 00:00:1791231258.968083 1036691 tf_tfl_flatbuffer_helpers.cc:367] Ignored drop_control_dependency.
I0000 00:00:1791231258.968541 1036691 reader.cc:83] Reading SavedModel from: /tmp/tmp_vv8aus1
I0000 00:00:1791231258.970810 1036691 reader.cc:52] Reading meta graph with tags { serve }
I0000 00:00:1791231258.971177 1036691 reader.cc:147] Reading SavedModel debug info (if present) from: /tmp/tmp_vv8aus1
I0000 00:00:1791231258.980959 1036691 loader.cc:236] Restoring SavedModel bundle.
I0000 00:00:1791231259.022952 1036691 loader.cc:220] Running initialization op on SavedModel bundle at path: /tmp/tmp_vv8aus1
I0000 00:00:1791231259.033378 1036691 loader.cc:471] SavedModel load for tags { serve }; Status: success: OK. Took 64850 microseconds.
/home/danielpark605/tinyml-venv/lib/python3.12/site-packages/tensorflow/lite/python/interpreter.py:457: UserWarning:     Warning: tf.lite.Interpreter is deprecated and is scheduled for deletion in
    TF 2.20. Please use the LiteRT interpreter from the ai_edge_litert package.
    See the [migration guide](https://ai.google.dev/edge/litert/migration)
    for details.
    
  warnings.warn(_INTERPRETER_DELETION_WARNING)
   [QAT Strip] Input model type: Functional
   [QAT Strip] Input model class: tf_keras.src.engine.functional.Functional
   [QAT Strip] Creating TF.Keras Functional model with input shape: (78,)
   [QAT Strip] TF_USE_LEGACY_KERAS=1
   [QAT Strip] 4 Dense layers after BatchNorm folding
   [QAT Strip] Created model type: Functional
   [QAT Strip] Model class: tf_keras.src.engine.functional.Functional
   [QAT Strip] Total layers: 5
   [QAT Strip] Is tensorflow.keras model: False
   [QAT Strip] WARNING: Model is not tensorflow.keras! QAT may fail.
✅ Saved (QAT): data/processed/revision/2026-10-05_x2_ptq_init_qat/quant_lit/cic_near_iid/qat_init_clip5_max_client0_ft_d0.tflite (65.45 KB)
   Quantization: 10/16 tensors (62.5%)
   Input: <class 'numpy.float32'>, Output: <class 'numpy.float32'>
  [cic_near_iid] qat_init_clip5_max     client0_ft   d0 f1=0.8867 far=0.0512 missed=413/85173
/home/danielpark605/tinyml-venv/lib/python3.12/site-packages/tensorflow/lite/python/convert.py:846: UserWarning: Statistics for quantized inputs were expected, but not specified; continuing anyway.
  warnings.warn(
W0000 00:00:1791231262.503478 1036691 tf_tfl_flatbuffer_helpers.cc:364] Ignored output_format.
W0000 00:00:1791231262.503841 1036691 tf_tfl_flatbuffer_helpers.cc:367] Ignored drop_control_dependency.
I0000 00:00:1791231262.504297 1036691 reader.cc:83] Reading SavedModel from: /tmp/tmpqgyj7nu8
I0000 00:00:1791231262.506171 1036691 reader.cc:52] Reading meta graph with tags { serve }
I0000 00:00:1791231262.506555 1036691 reader.cc:147] Reading SavedModel debug info (if present) from: /tmp/tmpqgyj7nu8
I0000 00:00:1791231262.516338 1036691 loader.cc:236] Restoring SavedModel bundle.
I0000 00:00:1791231262.561359 1036691 loader.cc:220] Running initialization op on SavedModel bundle at path: /tmp/tmpqgyj7nu8
I0000 00:00:1791231262.572656 1036691 loader.cc:471] SavedModel load for tags { serve }; Status: success: OK. Took 68367 microseconds.
/home/danielpark605/tinyml-venv/lib/python3.12/site-packages/tensorflow/lite/python/interpreter.py:457: UserWarning:     Warning: tf.lite.Interpreter is deprecated and is scheduled for deletion in
    TF 2.20. Please use the LiteRT interpreter from the ai_edge_litert package.
    See the [migration guide](https://ai.google.dev/edge/litert/migration)
    for details.
    
  warnings.warn(_INTERPRETER_DELETION_WARNING)
   [QAT Strip] Input model type: Functional
   [QAT Strip] Input model class: tf_keras.src.engine.functional.Functional
   [QAT Strip] Creating TF.Keras Functional model with input shape: (78,)
   [QAT Strip] TF_USE_LEGACY_KERAS=1
   [QAT Strip] 4 Dense layers after BatchNorm folding
   [QAT Strip] Created model type: Functional
   [QAT Strip] Model class: tf_keras.src.engine.functional.Functional
   [QAT Strip] Total layers: 5
   [QAT Strip] Is tensorflow.keras model: False
   [QAT Strip] WARNING: Model is not tensorflow.keras! QAT may fail.
✅ Saved (QAT): data/processed/revision/2026-10-05_x2_ptq_init_qat/quant_lit/cic_near_iid/qat_fixed_max_client0_ft_d0.tflite (65.45 KB)
   Quantization: 10/16 tensors (62.5%)
   Input: <class 'numpy.float32'>, Output: <class 'numpy.float32'>
  [cic_near_iid] qat_fixed_max          client0_ft   d0 f1=0.9143 far=0.0339 missed=1615/85173
/home/danielpark605/tinyml-venv/lib/python3.12/site-packages/tensorflow/lite/python/convert.py:846: UserWarning: Statistics for quantized inputs were expected, but not specified; continuing anyway.
  warnings.warn(
W0000 00:00:1791231266.697071 1036691 tf_tfl_flatbuffer_helpers.cc:364] Ignored output_format.
W0000 00:00:1791231266.697408 1036691 tf_tfl_flatbuffer_helpers.cc:367] Ignored drop_control_dependency.
I0000 00:00:1791231266.697811 1036691 reader.cc:83] Reading SavedModel from: /tmp/tmpwmkhyf0y
I0000 00:00:1791231266.699908 1036691 reader.cc:52] Reading meta graph with tags { serve }
I0000 00:00:1791231266.700241 1036691 reader.cc:147] Reading SavedModel debug info (if present) from: /tmp/tmpwmkhyf0y
I0000 00:00:1791231266.711196 1036691 loader.cc:236] Restoring SavedModel bundle.
I0000 00:00:1791231266.755248 1036691 loader.cc:220] Running initialization op on SavedModel bundle at path: /tmp/tmpwmkhyf0y
I0000 00:00:1791231266.766653 1036691 loader.cc:471] SavedModel load for tags { serve }; Status: success: OK. Took 68850 microseconds.
/home/danielpark605/tinyml-venv/lib/python3.12/site-packages/tensorflow/lite/python/interpreter.py:457: UserWarning:     Warning: tf.lite.Interpreter is deprecated and is scheduled for deletion in
    TF 2.20. Please use the LiteRT interpreter from the ai_edge_litert package.
    See the [migration guide](https://ai.google.dev/edge/litert/migration)
    for details.
    
  warnings.warn(_INTERPRETER_DELETION_WARNING)
   [QAT Strip] Input model type: Functional
   [QAT Strip] Input model class: tf_keras.src.engine.functional.Functional
   [QAT Strip] Creating TF.Keras Functional model with input shape: (78,)
   [QAT Strip] TF_USE_LEGACY_KERAS=1
   [QAT Strip] 4 Dense layers after BatchNorm folding
   [QAT Strip] Created model type: Functional
   [QAT Strip] Model class: tf_keras.src.engine.functional.Functional
   [QAT Strip] Total layers: 5
   [QAT Strip] Is tensorflow.keras model: False
   [QAT Strip] WARNING: Model is not tensorflow.keras! QAT may fail.
✅ Saved (QAT): data/processed/revision/2026-10-05_x2_ptq_init_qat/quant_lit/cic_near_iid/qat_fixed_pct9999_client0_ft_d0.tflite (65.45 KB)
   Quantization: 10/16 tensors (62.5%)
   Input: <class 'numpy.float32'>, Output: <class 'numpy.float32'>
  [cic_near_iid] qat_fixed_pct9999      client0_ft   d0 f1=0.8986 far=0.0446 missed=593/85173
/home/danielpark605/tinyml-venv/lib/python3.12/site-packages/tensorflow/lite/python/convert.py:846: UserWarning: Statistics for quantized inputs were expected, but not specified; continuing anyway.
  warnings.warn(
W0000 00:00:1791231270.912957 1036691 tf_tfl_flatbuffer_helpers.cc:364] Ignored output_format.
W0000 00:00:1791231270.913405 1036691 tf_tfl_flatbuffer_helpers.cc:367] Ignored drop_control_dependency.
I0000 00:00:1791231270.913976 1036691 reader.cc:83] Reading SavedModel from: /tmp/tmpvxf9cz98
I0000 00:00:1791231270.915818 1036691 reader.cc:52] Reading meta graph with tags { serve }
I0000 00:00:1791231270.916158 1036691 reader.cc:147] Reading SavedModel debug info (if present) from: /tmp/tmpvxf9cz98
I0000 00:00:1791231270.925058 1036691 loader.cc:236] Restoring SavedModel bundle.
I0000 00:00:1791231270.965992 1036691 loader.cc:220] Running initialization op on SavedModel bundle at path: /tmp/tmpvxf9cz98
I0000 00:00:1791231270.981161 1036691 loader.cc:471] SavedModel load for tags { serve }; Status: success: OK. Took 67195 microseconds.
/home/danielpark605/tinyml-venv/lib/python3.12/site-packages/tensorflow/lite/python/interpreter.py:457: UserWarning:     Warning: tf.lite.Interpreter is deprecated and is scheduled for deletion in
    TF 2.20. Please use the LiteRT interpreter from the ai_edge_litert package.
    See the [migration guide](https://ai.google.dev/edge/litert/migration)
    for details.
    
  warnings.warn(_INTERPRETER_DELETION_WARNING)
   [QAT Strip] Input model type: Functional
   [QAT Strip] Input model class: tf_keras.src.engine.functional.Functional
   [QAT Strip] Creating TF.Keras Functional model with input shape: (78,)
   [QAT Strip] TF_USE_LEGACY_KERAS=1
   [QAT Strip] 4 Dense layers after BatchNorm folding
   [QAT Strip] Created model type: Functional
   [QAT Strip] Model class: tf_keras.src.engine.functional.Functional
   [QAT Strip] Total layers: 5
   [QAT Strip] Is tensorflow.keras model: False
   [QAT Strip] WARNING: Model is not tensorflow.keras! QAT may fail.
✅ Saved (QAT): data/processed/revision/2026-10-05_x2_ptq_init_qat/quant_lit/cic_near_iid/qat_fixed_mse_client0_ft_d0.tflite (65.45 KB)
   Quantization: 10/16 tensors (62.5%)
   Input: <class 'numpy.float32'>, Output: <class 'numpy.float32'>
  [cic_near_iid] qat_fixed_mse          client0_ft   d0 f1=0.9008 far=0.0376 missed=2589/85173
/home/danielpark605/tinyml-venv/lib/python3.12/site-packages/tensorflow/lite/python/convert.py:846: UserWarning: Statistics for quantized inputs were expected, but not specified; continuing anyway.
  warnings.warn(
W0000 00:00:1791231275.000964 1036691 tf_tfl_flatbuffer_helpers.cc:364] Ignored output_format.
W0000 00:00:1791231275.001320 1036691 tf_tfl_flatbuffer_helpers.cc:367] Ignored drop_control_dependency.
I0000 00:00:1791231275.001817 1036691 reader.cc:83] Reading SavedModel from: /tmp/tmpudrx69hj
I0000 00:00:1791231275.003266 1036691 reader.cc:52] Reading meta graph with tags { serve }
I0000 00:00:1791231275.003650 1036691 reader.cc:147] Reading SavedModel debug info (if present) from: /tmp/tmpudrx69hj
I0000 00:00:1791231275.013458 1036691 loader.cc:236] Restoring SavedModel bundle.
I0000 00:00:1791231275.063814 1036691 loader.cc:220] Running initialization op on SavedModel bundle at path: /tmp/tmpudrx69hj
I0000 00:00:1791231275.073996 1036691 loader.cc:471] SavedModel load for tags { serve }; Status: success: OK. Took 72188 microseconds.
/home/danielpark605/tinyml-venv/lib/python3.12/site-packages/tensorflow/lite/python/interpreter.py:457: UserWarning:     Warning: tf.lite.Interpreter is deprecated and is scheduled for deletion in
    TF 2.20. Please use the LiteRT interpreter from the ai_edge_litert package.
    See the [migration guide](https://ai.google.dev/edge/litert/migration)
    for details.
    
  warnings.warn(_INTERPRETER_DELETION_WARNING)
   [QAT Strip] Input model type: Functional
   [QAT Strip] Input model class: tf_keras.src.engine.functional.Functional
   [QAT Strip] Creating TF.Keras Functional model with input shape: (78,)
   [QAT Strip] TF_USE_LEGACY_KERAS=1
   [QAT Strip] 4 Dense layers after BatchNorm folding
   [QAT Strip] Created model type: Functional
   [QAT Strip] Model class: tf_keras.src.engine.functional.Functional
   [QAT Strip] Total layers: 5
   [QAT Strip] Is tensorflow.keras model: False
   [QAT Strip] WARNING: Model is not tensorflow.keras! QAT may fail.
✅ Saved (QAT): data/processed/revision/2026-10-05_x2_ptq_init_qat/quant_lit/cic_near_iid/qat_fixed_clip5_max_client0_ft_d0.tflite (65.45 KB)
   Quantization: 10/16 tensors (62.5%)
   Input: <class 'numpy.float32'>, Output: <class 'numpy.float32'>
  [cic_near_iid] qat_fixed_clip5_max    client0_ft   d0 f1=0.8828 far=0.0528 missed=571/85173
/home/danielpark605/tinyml-venv/lib/python3.12/site-packages/tensorflow/lite/python/convert.py:846: UserWarning: Statistics for quantized inputs were expected, but not specified; continuing anyway.
  warnings.warn(
W0000 00:00:1791231276.772244 1036691 tf_tfl_flatbuffer_helpers.cc:364] Ignored output_format.
W0000 00:00:1791231276.772648 1036691 tf_tfl_flatbuffer_helpers.cc:367] Ignored drop_control_dependency.
I0000 00:00:1791231276.773165 1036691 reader.cc:83] Reading SavedModel from: /tmp/tmp68rhpfo7
I0000 00:00:1791231276.773877 1036691 reader.cc:52] Reading meta graph with tags { serve }
I0000 00:00:1791231276.774217 1036691 reader.cc:147] Reading SavedModel debug info (if present) from: /tmp/tmp68rhpfo7
I0000 00:00:1791231276.776956 1036691 loader.cc:236] Restoring SavedModel bundle.
I0000 00:00:1791231276.789556 1036691 loader.cc:220] Running initialization op on SavedModel bundle at path: /tmp/tmp68rhpfo7
I0000 00:00:1791231276.794955 1036691 loader.cc:471] SavedModel load for tags { serve }; Status: success: OK. Took 21819 microseconds.
fully_quantize: 0, inference_type: 6, input_inference_type: FLOAT32, output_inference_type: FLOAT32
W0000 00:00:1791231276.853820 1036691 flatbuffer_export.cc:3851] Skipping runtime version metadata in the model. This will be generated by the exporter.
/home/danielpark605/tinyml-venv/lib/python3.12/site-packages/tensorflow/lite/python/interpreter.py:457: UserWarning:     Warning: tf.lite.Interpreter is deprecated and is scheduled for deletion in
    TF 2.20. Please use the LiteRT interpreter from the ai_edge_litert package.
    See the [migration guide](https://ai.google.dev/edge/litert/migration)
    for details.
    
  warnings.warn(_INTERPRETER_DELETION_WARNING)
  [cic_near_iid] ptq_tflite_max         client0_ft   d1 f1=0.7937 far=0.1042 missed=713/85173
/home/danielpark605/tinyml-venv/lib/python3.12/site-packages/tensorflow/lite/python/convert.py:846: UserWarning: Statistics for quantized inputs were expected, but not specified; continuing anyway.
  warnings.warn(
W0000 00:00:1791231281.540421 1036691 tf_tfl_flatbuffer_helpers.cc:364] Ignored output_format.
W0000 00:00:1791231281.540808 1036691 tf_tfl_flatbuffer_helpers.cc:367] Ignored drop_control_dependency.
I0000 00:00:1791231281.541256 1036691 reader.cc:83] Reading SavedModel from: /tmp/tmp3bnx8wnh
I0000 00:00:1791231281.543036 1036691 reader.cc:52] Reading meta graph with tags { serve }
I0000 00:00:1791231281.543497 1036691 reader.cc:147] Reading SavedModel debug info (if present) from: /tmp/tmp3bnx8wnh
I0000 00:00:1791231281.551730 1036691 loader.cc:236] Restoring SavedModel bundle.
I0000 00:00:1791231281.589685 1036691 loader.cc:220] Running initialization op on SavedModel bundle at path: /tmp/tmp3bnx8wnh
I0000 00:00:1791231281.601389 1036691 loader.cc:471] SavedModel load for tags { serve }; Status: success: OK. Took 60146 microseconds.
/home/danielpark605/tinyml-venv/lib/python3.12/site-packages/tensorflow/lite/python/interpreter.py:457: UserWarning:     Warning: tf.lite.Interpreter is deprecated and is scheduled for deletion in
    TF 2.20. Please use the LiteRT interpreter from the ai_edge_litert package.
    See the [migration guide](https://ai.google.dev/edge/litert/migration)
    for details.
    
  warnings.warn(_INTERPRETER_DELETION_WARNING)
   [QAT Strip] Input model type: Functional
   [QAT Strip] Input model class: tf_keras.src.engine.functional.Functional
   [QAT Strip] Creating TF.Keras Functional model with input shape: (78,)
   [QAT Strip] TF_USE_LEGACY_KERAS=1
   [QAT Strip] 4 Dense layers after BatchNorm folding
   [QAT Strip] Created model type: Functional
   [QAT Strip] Model class: tf_keras.src.engine.functional.Functional
   [QAT Strip] Total layers: 5
   [QAT Strip] Is tensorflow.keras model: False
   [QAT Strip] WARNING: Model is not tensorflow.keras! QAT may fail.
✅ Saved (QAT): data/processed/revision/2026-10-05_x2_ptq_init_qat/quant_lit/cic_near_iid/ptq_fq_max_client0_ft_d1.tflite (65.45 KB)
   Quantization: 10/16 tensors (62.5%)
   Input: <class 'numpy.float32'>, Output: <class 'numpy.float32'>
  [cic_near_iid] ptq_fq_max             client0_ft   d1 f1=0.7367 far=0.1454 missed=346/85173
/home/danielpark605/tinyml-venv/lib/python3.12/site-packages/tensorflow/lite/python/convert.py:846: UserWarning: Statistics for quantized inputs were expected, but not specified; continuing anyway.
  warnings.warn(
W0000 00:00:1791231284.450957 1036691 tf_tfl_flatbuffer_helpers.cc:364] Ignored output_format.
W0000 00:00:1791231284.451324 1036691 tf_tfl_flatbuffer_helpers.cc:367] Ignored drop_control_dependency.
I0000 00:00:1791231284.451776 1036691 reader.cc:83] Reading SavedModel from: /tmp/tmpqcvzdg4g
I0000 00:00:1791231284.453583 1036691 reader.cc:52] Reading meta graph with tags { serve }
I0000 00:00:1791231284.453960 1036691 reader.cc:147] Reading SavedModel debug info (if present) from: /tmp/tmpqcvzdg4g
I0000 00:00:1791231284.464991 1036691 loader.cc:236] Restoring SavedModel bundle.
I0000 00:00:1791231284.496795 1036691 loader.cc:220] Running initialization op on SavedModel bundle at path: /tmp/tmpqcvzdg4g
I0000 00:00:1791231284.505951 1036691 loader.cc:471] SavedModel load for tags { serve }; Status: success: OK. Took 54185 microseconds.
/home/danielpark605/tinyml-venv/lib/python3.12/site-packages/tensorflow/lite/python/interpreter.py:457: UserWarning:     Warning: tf.lite.Interpreter is deprecated and is scheduled for deletion in
    TF 2.20. Please use the LiteRT interpreter from the ai_edge_litert package.
    See the [migration guide](https://ai.google.dev/edge/litert/migration)
    for details.
    
  warnings.warn(_INTERPRETER_DELETION_WARNING)
   [QAT Strip] Input model type: Functional
   [QAT Strip] Input model class: tf_keras.src.engine.functional.Functional
   [QAT Strip] Creating TF.Keras Functional model with input shape: (78,)
   [QAT Strip] TF_USE_LEGACY_KERAS=1
   [QAT Strip] 4 Dense layers after BatchNorm folding
   [QAT Strip] Created model type: Functional
   [QAT Strip] Model class: tf_keras.src.engine.functional.Functional
   [QAT Strip] Total layers: 5
   [QAT Strip] Is tensorflow.keras model: False
   [QAT Strip] WARNING: Model is not tensorflow.keras! QAT may fail.
✅ Saved (QAT): data/processed/revision/2026-10-05_x2_ptq_init_qat/quant_lit/cic_near_iid/ptq_fq_pct9999_client0_ft_d1.tflite (65.45 KB)
   Quantization: 10/16 tensors (62.5%)
   Input: <class 'numpy.float32'>, Output: <class 'numpy.float32'>
  [cic_near_iid] ptq_fq_pct9999         client0_ft   d1 f1=0.7693 far=0.1220 missed=284/85173
/home/danielpark605/tinyml-venv/lib/python3.12/site-packages/tensorflow/lite/python/convert.py:846: UserWarning: Statistics for quantized inputs were expected, but not specified; continuing anyway.
  warnings.warn(
W0000 00:00:1791231287.644116 1036691 tf_tfl_flatbuffer_helpers.cc:364] Ignored output_format.
W0000 00:00:1791231287.644594 1036691 tf_tfl_flatbuffer_helpers.cc:367] Ignored drop_control_dependency.
I0000 00:00:1791231287.645145 1036691 reader.cc:83] Reading SavedModel from: /tmp/tmpbcvqaqku
I0000 00:00:1791231287.647674 1036691 reader.cc:52] Reading meta graph with tags { serve }
I0000 00:00:1791231287.648095 1036691 reader.cc:147] Reading SavedModel debug info (if present) from: /tmp/tmpbcvqaqku
I0000 00:00:1791231287.658687 1036691 loader.cc:236] Restoring SavedModel bundle.
I0000 00:00:1791231287.695587 1036691 loader.cc:220] Running initialization op on SavedModel bundle at path: /tmp/tmpbcvqaqku
I0000 00:00:1791231287.707055 1036691 loader.cc:471] SavedModel load for tags { serve }; Status: success: OK. Took 61929 microseconds.
/home/danielpark605/tinyml-venv/lib/python3.12/site-packages/tensorflow/lite/python/interpreter.py:457: UserWarning:     Warning: tf.lite.Interpreter is deprecated and is scheduled for deletion in
    TF 2.20. Please use the LiteRT interpreter from the ai_edge_litert package.
    See the [migration guide](https://ai.google.dev/edge/litert/migration)
    for details.
    
  warnings.warn(_INTERPRETER_DELETION_WARNING)
   [QAT Strip] Input model type: Functional
   [QAT Strip] Input model class: tf_keras.src.engine.functional.Functional
   [QAT Strip] Creating TF.Keras Functional model with input shape: (78,)
   [QAT Strip] TF_USE_LEGACY_KERAS=1
   [QAT Strip] 4 Dense layers after BatchNorm folding
   [QAT Strip] Created model type: Functional
   [QAT Strip] Model class: tf_keras.src.engine.functional.Functional
   [QAT Strip] Total layers: 5
   [QAT Strip] Is tensorflow.keras model: False
   [QAT Strip] WARNING: Model is not tensorflow.keras! QAT may fail.
✅ Saved (QAT): data/processed/revision/2026-10-05_x2_ptq_init_qat/quant_lit/cic_near_iid/ptq_fq_mse_client0_ft_d1.tflite (65.45 KB)
   Quantization: 10/16 tensors (62.5%)
   Input: <class 'numpy.float32'>, Output: <class 'numpy.float32'>
  [cic_near_iid] ptq_fq_mse             client0_ft   d1 f1=0.7322 far=0.1487 missed=362/85173
/home/danielpark605/tinyml-venv/lib/python3.12/site-packages/tensorflow/lite/python/convert.py:846: UserWarning: Statistics for quantized inputs were expected, but not specified; continuing anyway.
  warnings.warn(
W0000 00:00:1791231290.686940 1036691 tf_tfl_flatbuffer_helpers.cc:364] Ignored output_format.
W0000 00:00:1791231290.687385 1036691 tf_tfl_flatbuffer_helpers.cc:367] Ignored drop_control_dependency.
I0000 00:00:1791231290.687884 1036691 reader.cc:83] Reading SavedModel from: /tmp/tmp32t8snst
I0000 00:00:1791231290.690537 1036691 reader.cc:52] Reading meta graph with tags { serve }
I0000 00:00:1791231290.690926 1036691 reader.cc:147] Reading SavedModel debug info (if present) from: /tmp/tmp32t8snst
I0000 00:00:1791231290.698844 1036691 loader.cc:236] Restoring SavedModel bundle.
I0000 00:00:1791231290.727963 1036691 loader.cc:220] Running initialization op on SavedModel bundle at path: /tmp/tmp32t8snst
I0000 00:00:1791231290.740428 1036691 loader.cc:471] SavedModel load for tags { serve }; Status: success: OK. Took 52564 microseconds.
/home/danielpark605/tinyml-venv/lib/python3.12/site-packages/tensorflow/lite/python/interpreter.py:457: UserWarning:     Warning: tf.lite.Interpreter is deprecated and is scheduled for deletion in
    TF 2.20. Please use the LiteRT interpreter from the ai_edge_litert package.
    See the [migration guide](https://ai.google.dev/edge/litert/migration)
    for details.
    
  warnings.warn(_INTERPRETER_DELETION_WARNING)
   [QAT Strip] Input model type: Functional
   [QAT Strip] Input model class: tf_keras.src.engine.functional.Functional
   [QAT Strip] Creating TF.Keras Functional model with input shape: (78,)
   [QAT Strip] TF_USE_LEGACY_KERAS=1
   [QAT Strip] 4 Dense layers after BatchNorm folding
   [QAT Strip] Created model type: Functional
   [QAT Strip] Model class: tf_keras.src.engine.functional.Functional
   [QAT Strip] Total layers: 5
   [QAT Strip] Is tensorflow.keras model: False
   [QAT Strip] WARNING: Model is not tensorflow.keras! QAT may fail.
✅ Saved (QAT): data/processed/revision/2026-10-05_x2_ptq_init_qat/quant_lit/cic_near_iid/ptq_fq_kl_client0_ft_d1.tflite (65.45 KB)
   Quantization: 10/16 tensors (62.5%)
   Input: <class 'numpy.float32'>, Output: <class 'numpy.float32'>
  [cic_near_iid] ptq_fq_kl              client0_ft   d1 f1=0.9267 far=0.0282 missed=1524/85173
/home/danielpark605/tinyml-venv/lib/python3.12/site-packages/tensorflow/lite/python/convert.py:846: UserWarning: Statistics for quantized inputs were expected, but not specified; continuing anyway.
  warnings.warn(
W0000 00:00:1791231293.756540 1036691 tf_tfl_flatbuffer_helpers.cc:364] Ignored output_format.
W0000 00:00:1791231293.756900 1036691 tf_tfl_flatbuffer_helpers.cc:367] Ignored drop_control_dependency.
I0000 00:00:1791231293.757322 1036691 reader.cc:83] Reading SavedModel from: /tmp/tmpulyqadvf
I0000 00:00:1791231293.759537 1036691 reader.cc:52] Reading meta graph with tags { serve }
I0000 00:00:1791231293.759961 1036691 reader.cc:147] Reading SavedModel debug info (if present) from: /tmp/tmpulyqadvf
I0000 00:00:1791231293.767936 1036691 loader.cc:236] Restoring SavedModel bundle.
I0000 00:00:1791231293.795882 1036691 loader.cc:220] Running initialization op on SavedModel bundle at path: /tmp/tmpulyqadvf
I0000 00:00:1791231293.804211 1036691 loader.cc:471] SavedModel load for tags { serve }; Status: success: OK. Took 46901 microseconds.
/home/danielpark605/tinyml-venv/lib/python3.12/site-packages/tensorflow/lite/python/interpreter.py:457: UserWarning:     Warning: tf.lite.Interpreter is deprecated and is scheduled for deletion in
    TF 2.20. Please use the LiteRT interpreter from the ai_edge_litert package.
    See the [migration guide](https://ai.google.dev/edge/litert/migration)
    for details.
    
  warnings.warn(_INTERPRETER_DELETION_WARNING)
   [QAT Strip] Input model type: Functional
   [QAT Strip] Input model class: tf_keras.src.engine.functional.Functional
   [QAT Strip] Creating TF.Keras Functional model with input shape: (78,)
   [QAT Strip] TF_USE_LEGACY_KERAS=1
   [QAT Strip] 4 Dense layers after BatchNorm folding
   [QAT Strip] Created model type: Functional
   [QAT Strip] Model class: tf_keras.src.engine.functional.Functional
   [QAT Strip] Total layers: 5
   [QAT Strip] Is tensorflow.keras model: False
   [QAT Strip] WARNING: Model is not tensorflow.keras! QAT may fail.
✅ Saved (QAT): data/processed/revision/2026-10-05_x2_ptq_init_qat/quant_lit/cic_near_iid/ptq_fq_clip5_max_client0_ft_d1.tflite (65.45 KB)
   Quantization: 10/16 tensors (62.5%)
   Input: <class 'numpy.float32'>, Output: <class 'numpy.float32'>
  [cic_near_iid] ptq_fq_clip5_max       client0_ft   d1 f1=0.8763 far=0.0546 missed=1103/85173
/home/danielpark605/tinyml-venv/lib/python3.12/site-packages/tensorflow/lite/python/convert.py:846: UserWarning: Statistics for quantized inputs were expected, but not specified; continuing anyway.
  warnings.warn(
W0000 00:00:1791231298.202666 1036691 tf_tfl_flatbuffer_helpers.cc:364] Ignored output_format.
W0000 00:00:1791231298.203195 1036691 tf_tfl_flatbuffer_helpers.cc:367] Ignored drop_control_dependency.
I0000 00:00:1791231298.203952 1036691 reader.cc:83] Reading SavedModel from: /tmp/tmpoalq6g2o
I0000 00:00:1791231298.207107 1036691 reader.cc:52] Reading meta graph with tags { serve }
I0000 00:00:1791231298.207453 1036691 reader.cc:147] Reading SavedModel debug info (if present) from: /tmp/tmpoalq6g2o
I0000 00:00:1791231298.221250 1036691 loader.cc:236] Restoring SavedModel bundle.
I0000 00:00:1791231298.270678 1036691 loader.cc:220] Running initialization op on SavedModel bundle at path: /tmp/tmpoalq6g2o
I0000 00:00:1791231298.283886 1036691 loader.cc:471] SavedModel load for tags { serve }; Status: success: OK. Took 79949 microseconds.
/home/danielpark605/tinyml-venv/lib/python3.12/site-packages/tensorflow/lite/python/interpreter.py:457: UserWarning:     Warning: tf.lite.Interpreter is deprecated and is scheduled for deletion in
    TF 2.20. Please use the LiteRT interpreter from the ai_edge_litert package.
    See the [migration guide](https://ai.google.dev/edge/litert/migration)
    for details.
    
  warnings.warn(_INTERPRETER_DELETION_WARNING)
   [QAT Strip] Input model type: Functional
   [QAT Strip] Input model class: tf_keras.src.engine.functional.Functional
   [QAT Strip] Creating TF.Keras Functional model with input shape: (78,)
   [QAT Strip] TF_USE_LEGACY_KERAS=1
   [QAT Strip] 4 Dense layers after BatchNorm folding
   [QAT Strip] Created model type: Functional
   [QAT Strip] Model class: tf_keras.src.engine.functional.Functional
   [QAT Strip] Total layers: 5
   [QAT Strip] Is tensorflow.keras model: False
   [QAT Strip] WARNING: Model is not tensorflow.keras! QAT may fail.
✅ Saved (QAT): data/processed/revision/2026-10-05_x2_ptq_init_qat/quant_lit/cic_near_iid/qat_default_client0_ft_d1.tflite (65.45 KB)
   Quantization: 10/16 tensors (62.5%)
   Input: <class 'numpy.float32'>, Output: <class 'numpy.float32'>
  [cic_near_iid] qat_default            client0_ft   d1 f1=0.8764 far=0.0567 missed=397/85173
/home/danielpark605/tinyml-venv/lib/python3.12/site-packages/tensorflow/lite/python/convert.py:846: UserWarning: Statistics for quantized inputs were expected, but not specified; continuing anyway.
  warnings.warn(
W0000 00:00:1791231302.380697 1036691 tf_tfl_flatbuffer_helpers.cc:364] Ignored output_format.
W0000 00:00:1791231302.381208 1036691 tf_tfl_flatbuffer_helpers.cc:367] Ignored drop_control_dependency.
I0000 00:00:1791231302.381931 1036691 reader.cc:83] Reading SavedModel from: /tmp/tmp_ut5pohk
I0000 00:00:1791231302.384172 1036691 reader.cc:52] Reading meta graph with tags { serve }
I0000 00:00:1791231302.384573 1036691 reader.cc:147] Reading SavedModel debug info (if present) from: /tmp/tmp_ut5pohk
I0000 00:00:1791231302.394386 1036691 loader.cc:236] Restoring SavedModel bundle.
I0000 00:00:1791231302.443931 1036691 loader.cc:220] Running initialization op on SavedModel bundle at path: /tmp/tmp_ut5pohk
I0000 00:00:1791231302.454310 1036691 loader.cc:471] SavedModel load for tags { serve }; Status: success: OK. Took 72391 microseconds.
/home/danielpark605/tinyml-venv/lib/python3.12/site-packages/tensorflow/lite/python/interpreter.py:457: UserWarning:     Warning: tf.lite.Interpreter is deprecated and is scheduled for deletion in
    TF 2.20. Please use the LiteRT interpreter from the ai_edge_litert package.
    See the [migration guide](https://ai.google.dev/edge/litert/migration)
    for details.
    
  warnings.warn(_INTERPRETER_DELETION_WARNING)
   [QAT Strip] Input model type: Functional
   [QAT Strip] Input model class: tf_keras.src.engine.functional.Functional
   [QAT Strip] Creating TF.Keras Functional model with input shape: (78,)
   [QAT Strip] TF_USE_LEGACY_KERAS=1
   [QAT Strip] 4 Dense layers after BatchNorm folding
   [QAT Strip] Created model type: Functional
   [QAT Strip] Model class: tf_keras.src.engine.functional.Functional
   [QAT Strip] Total layers: 5
   [QAT Strip] Is tensorflow.keras model: False
   [QAT Strip] WARNING: Model is not tensorflow.keras! QAT may fail.
✅ Saved (QAT): data/processed/revision/2026-10-05_x2_ptq_init_qat/quant_lit/cic_near_iid/qat_init_max_client0_ft_d1.tflite (65.45 KB)
   Quantization: 10/16 tensors (62.5%)
   Input: <class 'numpy.float32'>, Output: <class 'numpy.float32'>
  [cic_near_iid] qat_init_max           client0_ft   d1 f1=0.8619 far=0.0617 missed=1291/85173
/home/danielpark605/tinyml-venv/lib/python3.12/site-packages/tensorflow/lite/python/convert.py:846: UserWarning: Statistics for quantized inputs were expected, but not specified; continuing anyway.
  warnings.warn(
W0000 00:00:1791231306.454154 1036691 tf_tfl_flatbuffer_helpers.cc:364] Ignored output_format.
W0000 00:00:1791231306.454596 1036691 tf_tfl_flatbuffer_helpers.cc:367] Ignored drop_control_dependency.
I0000 00:00:1791231306.455130 1036691 reader.cc:83] Reading SavedModel from: /tmp/tmpgtjzzano
I0000 00:00:1791231306.457811 1036691 reader.cc:52] Reading meta graph with tags { serve }
I0000 00:00:1791231306.459496 1036691 reader.cc:147] Reading SavedModel debug info (if present) from: /tmp/tmpgtjzzano
I0000 00:00:1791231306.472154 1036691 loader.cc:236] Restoring SavedModel bundle.
I0000 00:00:1791231306.526806 1036691 loader.cc:220] Running initialization op on SavedModel bundle at path: /tmp/tmpgtjzzano
I0000 00:00:1791231306.539658 1036691 loader.cc:471] SavedModel load for tags { serve }; Status: success: OK. Took 84564 microseconds.
/home/danielpark605/tinyml-venv/lib/python3.12/site-packages/tensorflow/lite/python/interpreter.py:457: UserWarning:     Warning: tf.lite.Interpreter is deprecated and is scheduled for deletion in
    TF 2.20. Please use the LiteRT interpreter from the ai_edge_litert package.
    See the [migration guide](https://ai.google.dev/edge/litert/migration)
    for details.
    
  warnings.warn(_INTERPRETER_DELETION_WARNING)
   [QAT Strip] Input model type: Functional
   [QAT Strip] Input model class: tf_keras.src.engine.functional.Functional
   [QAT Strip] Creating TF.Keras Functional model with input shape: (78,)
   [QAT Strip] TF_USE_LEGACY_KERAS=1
   [QAT Strip] 4 Dense layers after BatchNorm folding
   [QAT Strip] Created model type: Functional
   [QAT Strip] Model class: tf_keras.src.engine.functional.Functional
   [QAT Strip] Total layers: 5
   [QAT Strip] Is tensorflow.keras model: False
   [QAT Strip] WARNING: Model is not tensorflow.keras! QAT may fail.
✅ Saved (QAT): data/processed/revision/2026-10-05_x2_ptq_init_qat/quant_lit/cic_near_iid/qat_init_pct9999_client0_ft_d1.tflite (65.45 KB)
   Quantization: 10/16 tensors (62.5%)
   Input: <class 'numpy.float32'>, Output: <class 'numpy.float32'>
  [cic_near_iid] qat_init_pct9999       client0_ft   d1 f1=0.8640 far=0.0634 missed=389/85173
/home/danielpark605/tinyml-venv/lib/python3.12/site-packages/tensorflow/lite/python/convert.py:846: UserWarning: Statistics for quantized inputs were expected, but not specified; continuing anyway.
  warnings.warn(
W0000 00:00:1791231309.252856 1036691 tf_tfl_flatbuffer_helpers.cc:364] Ignored output_format.
W0000 00:00:1791231309.253288 1036691 tf_tfl_flatbuffer_helpers.cc:367] Ignored drop_control_dependency.
I0000 00:00:1791231309.253841 1036691 reader.cc:83] Reading SavedModel from: /tmp/tmpqbtf38sy
I0000 00:00:1791231309.256330 1036691 reader.cc:52] Reading meta graph with tags { serve }
I0000 00:00:1791231309.256726 1036691 reader.cc:147] Reading SavedModel debug info (if present) from: /tmp/tmpqbtf38sy
I0000 00:00:1791231309.271257 1036691 loader.cc:236] Restoring SavedModel bundle.
I0000 00:00:1791231309.328725 1036691 loader.cc:220] Running initialization op on SavedModel bundle at path: /tmp/tmpqbtf38sy
I0000 00:00:1791231309.342552 1036691 loader.cc:471] SavedModel load for tags { serve }; Status: success: OK. Took 88730 microseconds.
/home/danielpark605/tinyml-venv/lib/python3.12/site-packages/tensorflow/lite/python/interpreter.py:457: UserWarning:     Warning: tf.lite.Interpreter is deprecated and is scheduled for deletion in
    TF 2.20. Please use the LiteRT interpreter from the ai_edge_litert package.
    See the [migration guide](https://ai.google.dev/edge/litert/migration)
    for details.
    
  warnings.warn(_INTERPRETER_DELETION_WARNING)
   [QAT Strip] Input model type: Functional
   [QAT Strip] Input model class: tf_keras.src.engine.functional.Functional
   [QAT Strip] Creating TF.Keras Functional model with input shape: (78,)
   [QAT Strip] TF_USE_LEGACY_KERAS=1
   [QAT Strip] 4 Dense layers after BatchNorm folding
   [QAT Strip] Created model type: Functional
   [QAT Strip] Model class: tf_keras.src.engine.functional.Functional
   [QAT Strip] Total layers: 5
   [QAT Strip] Is tensorflow.keras model: False
   [QAT Strip] WARNING: Model is not tensorflow.keras! QAT may fail.
✅ Saved (QAT): data/processed/revision/2026-10-05_x2_ptq_init_qat/quant_lit/cic_near_iid/qat_init_mse_client0_ft_d1.tflite (65.45 KB)
   Quantization: 10/16 tensors (62.5%)
   Input: <class 'numpy.float32'>, Output: <class 'numpy.float32'>
  [cic_near_iid] qat_init_mse           client0_ft   d1 f1=0.8707 far=0.0594 missed=519/85173
/home/danielpark605/tinyml-venv/lib/python3.12/site-packages/tensorflow/lite/python/convert.py:846: UserWarning: Statistics for quantized inputs were expected, but not specified; continuing anyway.
  warnings.warn(
W0000 00:00:1791231313.420047 1036691 tf_tfl_flatbuffer_helpers.cc:364] Ignored output_format.
W0000 00:00:1791231313.420481 1036691 tf_tfl_flatbuffer_helpers.cc:367] Ignored drop_control_dependency.
I0000 00:00:1791231313.422664 1036691 reader.cc:83] Reading SavedModel from: /tmp/tmpb01u92ve
I0000 00:00:1791231313.425505 1036691 reader.cc:52] Reading meta graph with tags { serve }
I0000 00:00:1791231313.425933 1036691 reader.cc:147] Reading SavedModel debug info (if present) from: /tmp/tmpb01u92ve
I0000 00:00:1791231313.439571 1036691 loader.cc:236] Restoring SavedModel bundle.
I0000 00:00:1791231313.494230 1036691 loader.cc:220] Running initialization op on SavedModel bundle at path: /tmp/tmpb01u92ve
I0000 00:00:1791231313.507999 1036691 loader.cc:471] SavedModel load for tags { serve }; Status: success: OK. Took 85345 microseconds.
/home/danielpark605/tinyml-venv/lib/python3.12/site-packages/tensorflow/lite/python/interpreter.py:457: UserWarning:     Warning: tf.lite.Interpreter is deprecated and is scheduled for deletion in
    TF 2.20. Please use the LiteRT interpreter from the ai_edge_litert package.
    See the [migration guide](https://ai.google.dev/edge/litert/migration)
    for details.
    
  warnings.warn(_INTERPRETER_DELETION_WARNING)
   [QAT Strip] Input model type: Functional
   [QAT Strip] Input model class: tf_keras.src.engine.functional.Functional
   [QAT Strip] Creating TF.Keras Functional model with input shape: (78,)
   [QAT Strip] TF_USE_LEGACY_KERAS=1
   [QAT Strip] 4 Dense layers after BatchNorm folding
   [QAT Strip] Created model type: Functional
   [QAT Strip] Model class: tf_keras.src.engine.functional.Functional
   [QAT Strip] Total layers: 5
   [QAT Strip] Is tensorflow.keras model: False
   [QAT Strip] WARNING: Model is not tensorflow.keras! QAT may fail.
✅ Saved (QAT): data/processed/revision/2026-10-05_x2_ptq_init_qat/quant_lit/cic_near_iid/qat_init_kl_client0_ft_d1.tflite (65.45 KB)
   Quantization: 10/16 tensors (62.5%)
   Input: <class 'numpy.float32'>, Output: <class 'numpy.float32'>
  [cic_near_iid] qat_init_kl            client0_ft   d1 f1=0.8756 far=0.0567 missed=514/85173
/home/danielpark605/tinyml-venv/lib/python3.12/site-packages/tensorflow/lite/python/convert.py:846: UserWarning: Statistics for quantized inputs were expected, but not specified; continuing anyway.
  warnings.warn(
W0000 00:00:1791231317.487129 1036691 tf_tfl_flatbuffer_helpers.cc:364] Ignored output_format.
W0000 00:00:1791231317.487540 1036691 tf_tfl_flatbuffer_helpers.cc:367] Ignored drop_control_dependency.
I0000 00:00:1791231317.488048 1036691 reader.cc:83] Reading SavedModel from: /tmp/tmpkqip1yjx
I0000 00:00:1791231317.489956 1036691 reader.cc:52] Reading meta graph with tags { serve }
I0000 00:00:1791231317.490356 1036691 reader.cc:147] Reading SavedModel debug info (if present) from: /tmp/tmpkqip1yjx
I0000 00:00:1791231317.503165 1036691 loader.cc:236] Restoring SavedModel bundle.
I0000 00:00:1791231317.553022 1036691 loader.cc:220] Running initialization op on SavedModel bundle at path: /tmp/tmpkqip1yjx
I0000 00:00:1791231317.563786 1036691 loader.cc:471] SavedModel load for tags { serve }; Status: success: OK. Took 75746 microseconds.
/home/danielpark605/tinyml-venv/lib/python3.12/site-packages/tensorflow/lite/python/interpreter.py:457: UserWarning:     Warning: tf.lite.Interpreter is deprecated and is scheduled for deletion in
    TF 2.20. Please use the LiteRT interpreter from the ai_edge_litert package.
    See the [migration guide](https://ai.google.dev/edge/litert/migration)
    for details.
    
  warnings.warn(_INTERPRETER_DELETION_WARNING)
   [QAT Strip] Input model type: Functional
   [QAT Strip] Input model class: tf_keras.src.engine.functional.Functional
   [QAT Strip] Creating TF.Keras Functional model with input shape: (78,)
   [QAT Strip] TF_USE_LEGACY_KERAS=1
   [QAT Strip] 4 Dense layers after BatchNorm folding
   [QAT Strip] Created model type: Functional
   [QAT Strip] Model class: tf_keras.src.engine.functional.Functional
   [QAT Strip] Total layers: 5
   [QAT Strip] Is tensorflow.keras model: False
   [QAT Strip] WARNING: Model is not tensorflow.keras! QAT may fail.
✅ Saved (QAT): data/processed/revision/2026-10-05_x2_ptq_init_qat/quant_lit/cic_near_iid/qat_init_clip5_max_client0_ft_d1.tflite (65.45 KB)
   Quantization: 10/16 tensors (62.5%)
   Input: <class 'numpy.float32'>, Output: <class 'numpy.float32'>
  [cic_near_iid] qat_init_clip5_max     client0_ft   d1 f1=0.8903 far=0.0479 missed=893/85173
/home/danielpark605/tinyml-venv/lib/python3.12/site-packages/tensorflow/lite/python/convert.py:846: UserWarning: Statistics for quantized inputs were expected, but not specified; continuing anyway.
  warnings.warn(
W0000 00:00:1791231322.035642 1036691 tf_tfl_flatbuffer_helpers.cc:364] Ignored output_format.
W0000 00:00:1791231322.036105 1036691 tf_tfl_flatbuffer_helpers.cc:367] Ignored drop_control_dependency.
I0000 00:00:1791231322.036648 1036691 reader.cc:83] Reading SavedModel from: /tmp/tmpm1k8nies
I0000 00:00:1791231322.038586 1036691 reader.cc:52] Reading meta graph with tags { serve }
I0000 00:00:1791231322.038958 1036691 reader.cc:147] Reading SavedModel debug info (if present) from: /tmp/tmpm1k8nies
I0000 00:00:1791231322.049548 1036691 loader.cc:236] Restoring SavedModel bundle.
I0000 00:00:1791231322.093462 1036691 loader.cc:220] Running initialization op on SavedModel bundle at path: /tmp/tmpm1k8nies
I0000 00:00:1791231322.105239 1036691 loader.cc:471] SavedModel load for tags { serve }; Status: success: OK. Took 68605 microseconds.
/home/danielpark605/tinyml-venv/lib/python3.12/site-packages/tensorflow/lite/python/interpreter.py:457: UserWarning:     Warning: tf.lite.Interpreter is deprecated and is scheduled for deletion in
    TF 2.20. Please use the LiteRT interpreter from the ai_edge_litert package.
    See the [migration guide](https://ai.google.dev/edge/litert/migration)
    for details.
    
  warnings.warn(_INTERPRETER_DELETION_WARNING)
   [QAT Strip] Input model type: Functional
   [QAT Strip] Input model class: tf_keras.src.engine.functional.Functional
   [QAT Strip] Creating TF.Keras Functional model with input shape: (78,)
   [QAT Strip] TF_USE_LEGACY_KERAS=1
   [QAT Strip] 4 Dense layers after BatchNorm folding
   [QAT Strip] Created model type: Functional
   [QAT Strip] Model class: tf_keras.src.engine.functional.Functional
   [QAT Strip] Total layers: 5
   [QAT Strip] Is tensorflow.keras model: False
   [QAT Strip] WARNING: Model is not tensorflow.keras! QAT may fail.
✅ Saved (QAT): data/processed/revision/2026-10-05_x2_ptq_init_qat/quant_lit/cic_near_iid/qat_fixed_max_client0_ft_d1.tflite (65.45 KB)
   Quantization: 10/16 tensors (62.5%)
   Input: <class 'numpy.float32'>, Output: <class 'numpy.float32'>
  [cic_near_iid] qat_fixed_max          client0_ft   d1 f1=0.8741 far=0.0569 missed=730/85173
/home/danielpark605/tinyml-venv/lib/python3.12/site-packages/tensorflow/lite/python/convert.py:846: UserWarning: Statistics for quantized inputs were expected, but not specified; continuing anyway.
  warnings.warn(
W0000 00:00:1791231326.152279 1036691 tf_tfl_flatbuffer_helpers.cc:364] Ignored output_format.
W0000 00:00:1791231326.152640 1036691 tf_tfl_flatbuffer_helpers.cc:367] Ignored drop_control_dependency.
I0000 00:00:1791231326.153087 1036691 reader.cc:83] Reading SavedModel from: /tmp/tmp2jq94nx6
I0000 00:00:1791231326.155089 1036691 reader.cc:52] Reading meta graph with tags { serve }
I0000 00:00:1791231326.155602 1036691 reader.cc:147] Reading SavedModel debug info (if present) from: /tmp/tmp2jq94nx6
I0000 00:00:1791231326.166153 1036691 loader.cc:236] Restoring SavedModel bundle.
I0000 00:00:1791231326.210548 1036691 loader.cc:220] Running initialization op on SavedModel bundle at path: /tmp/tmp2jq94nx6
I0000 00:00:1791231326.221008 1036691 loader.cc:471] SavedModel load for tags { serve }; Status: success: OK. Took 67929 microseconds.
/home/danielpark605/tinyml-venv/lib/python3.12/site-packages/tensorflow/lite/python/interpreter.py:457: UserWarning:     Warning: tf.lite.Interpreter is deprecated and is scheduled for deletion in
    TF 2.20. Please use the LiteRT interpreter from the ai_edge_litert package.
    See the [migration guide](https://ai.google.dev/edge/litert/migration)
    for details.
    
  warnings.warn(_INTERPRETER_DELETION_WARNING)
   [QAT Strip] Input model type: Functional
   [QAT Strip] Input model class: tf_keras.src.engine.functional.Functional
   [QAT Strip] Creating TF.Keras Functional model with input shape: (78,)
   [QAT Strip] TF_USE_LEGACY_KERAS=1
   [QAT Strip] 4 Dense layers after BatchNorm folding
   [QAT Strip] Created model type: Functional
   [QAT Strip] Model class: tf_keras.src.engine.functional.Functional
   [QAT Strip] Total layers: 5
   [QAT Strip] Is tensorflow.keras model: False
   [QAT Strip] WARNING: Model is not tensorflow.keras! QAT may fail.
✅ Saved (QAT): data/processed/revision/2026-10-05_x2_ptq_init_qat/quant_lit/cic_near_iid/qat_fixed_pct9999_client0_ft_d1.tflite (65.45 KB)
   Quantization: 10/16 tensors (62.5%)
   Input: <class 'numpy.float32'>, Output: <class 'numpy.float32'>
  [cic_near_iid] qat_fixed_pct9999      client0_ft   d1 f1=0.8742 far=0.0577 missed=458/85173
/home/danielpark605/tinyml-venv/lib/python3.12/site-packages/tensorflow/lite/python/convert.py:846: UserWarning: Statistics for quantized inputs were expected, but not specified; continuing anyway.
  warnings.warn(
W0000 00:00:1791231330.533660 1036691 tf_tfl_flatbuffer_helpers.cc:364] Ignored output_format.
W0000 00:00:1791231330.534122 1036691 tf_tfl_flatbuffer_helpers.cc:367] Ignored drop_control_dependency.
I0000 00:00:1791231330.534723 1036691 reader.cc:83] Reading SavedModel from: /tmp/tmpv1uwo46u
I0000 00:00:1791231330.537664 1036691 reader.cc:52] Reading meta graph with tags { serve }
I0000 00:00:1791231330.538086 1036691 reader.cc:147] Reading SavedModel debug info (if present) from: /tmp/tmpv1uwo46u
I0000 00:00:1791231330.551650 1036691 loader.cc:236] Restoring SavedModel bundle.
I0000 00:00:1791231330.601758 1036691 loader.cc:220] Running initialization op on SavedModel bundle at path: /tmp/tmpv1uwo46u
I0000 00:00:1791231330.616430 1036691 loader.cc:471] SavedModel load for tags { serve }; Status: success: OK. Took 81726 microseconds.
/home/danielpark605/tinyml-venv/lib/python3.12/site-packages/tensorflow/lite/python/interpreter.py:457: UserWarning:     Warning: tf.lite.Interpreter is deprecated and is scheduled for deletion in
    TF 2.20. Please use the LiteRT interpreter from the ai_edge_litert package.
    See the [migration guide](https://ai.google.dev/edge/litert/migration)
    for details.
    
  warnings.warn(_INTERPRETER_DELETION_WARNING)
   [QAT Strip] Input model type: Functional
   [QAT Strip] Input model class: tf_keras.src.engine.functional.Functional
   [QAT Strip] Creating TF.Keras Functional model with input shape: (78,)
   [QAT Strip] TF_USE_LEGACY_KERAS=1
   [QAT Strip] 4 Dense layers after BatchNorm folding
   [QAT Strip] Created model type: Functional
   [QAT Strip] Model class: tf_keras.src.engine.functional.Functional
   [QAT Strip] Total layers: 5
   [QAT Strip] Is tensorflow.keras model: False
   [QAT Strip] WARNING: Model is not tensorflow.keras! QAT may fail.
✅ Saved (QAT): data/processed/revision/2026-10-05_x2_ptq_init_qat/quant_lit/cic_near_iid/qat_fixed_mse_client0_ft_d1.tflite (65.45 KB)
   Quantization: 10/16 tensors (62.5%)
   Input: <class 'numpy.float32'>, Output: <class 'numpy.float32'>
  [cic_near_iid] qat_fixed_mse          client0_ft   d1 f1=0.8725 far=0.0587 missed=416/85173
/home/danielpark605/tinyml-venv/lib/python3.12/site-packages/tensorflow/lite/python/convert.py:846: UserWarning: Statistics for quantized inputs were expected, but not specified; continuing anyway.
  warnings.warn(
W0000 00:00:1791231334.709206 1036691 tf_tfl_flatbuffer_helpers.cc:364] Ignored output_format.
W0000 00:00:1791231334.709562 1036691 tf_tfl_flatbuffer_helpers.cc:367] Ignored drop_control_dependency.
I0000 00:00:1791231334.709988 1036691 reader.cc:83] Reading SavedModel from: /tmp/tmp2wbmyae5
I0000 00:00:1791231334.712048 1036691 reader.cc:52] Reading meta graph with tags { serve }
I0000 00:00:1791231334.712400 1036691 reader.cc:147] Reading SavedModel debug info (if present) from: /tmp/tmp2wbmyae5
I0000 00:00:1791231334.727241 1036691 loader.cc:236] Restoring SavedModel bundle.
I0000 00:00:1791231334.780678 1036691 loader.cc:220] Running initialization op on SavedModel bundle at path: /tmp/tmp2wbmyae5
I0000 00:00:1791231334.796321 1036691 loader.cc:471] SavedModel load for tags { serve }; Status: success: OK. Took 86343 microseconds.
/home/danielpark605/tinyml-venv/lib/python3.12/site-packages/tensorflow/lite/python/interpreter.py:457: UserWarning:     Warning: tf.lite.Interpreter is deprecated and is scheduled for deletion in
    TF 2.20. Please use the LiteRT interpreter from the ai_edge_litert package.
    See the [migration guide](https://ai.google.dev/edge/litert/migration)
    for details.
    
  warnings.warn(_INTERPRETER_DELETION_WARNING)
   [QAT Strip] Input model type: Functional
   [QAT Strip] Input model class: tf_keras.src.engine.functional.Functional
   [QAT Strip] Creating TF.Keras Functional model with input shape: (78,)
   [QAT Strip] TF_USE_LEGACY_KERAS=1
   [QAT Strip] 4 Dense layers after BatchNorm folding
   [QAT Strip] Created model type: Functional
   [QAT Strip] Model class: tf_keras.src.engine.functional.Functional
   [QAT Strip] Total layers: 5
   [QAT Strip] Is tensorflow.keras model: False
   [QAT Strip] WARNING: Model is not tensorflow.keras! QAT may fail.
✅ Saved (QAT): data/processed/revision/2026-10-05_x2_ptq_init_qat/quant_lit/cic_near_iid/qat_fixed_clip5_max_client0_ft_d1.tflite (65.45 KB)
   Quantization: 10/16 tensors (62.5%)
   Input: <class 'numpy.float32'>, Output: <class 'numpy.float32'>
  [cic_near_iid] qat_fixed_clip5_max    client0_ft   d1 f1=0.8901 far=0.0486 missed=701/85173
/home/danielpark605/tinyml-venv/lib/python3.12/site-packages/tensorflow/lite/python/convert.py:846: UserWarning: Statistics for quantized inputs were expected, but not specified; continuing anyway.
  warnings.warn(
W0000 00:00:1791231337.884927 1036691 tf_tfl_flatbuffer_helpers.cc:364] Ignored output_format.
W0000 00:00:1791231337.885284 1036691 tf_tfl_flatbuffer_helpers.cc:367] Ignored drop_control_dependency.
I0000 00:00:1791231337.885766 1036691 reader.cc:83] Reading SavedModel from: /tmp/tmpa8o2dyyd
I0000 00:00:1791231337.886605 1036691 reader.cc:52] Reading meta graph with tags { serve }
I0000 00:00:1791231337.886949 1036691 reader.cc:147] Reading SavedModel debug info (if present) from: /tmp/tmpa8o2dyyd
I0000 00:00:1791231337.889700 1036691 loader.cc:236] Restoring SavedModel bundle.
I0000 00:00:1791231337.901271 1036691 loader.cc:220] Running initialization op on SavedModel bundle at path: /tmp/tmpa8o2dyyd
I0000 00:00:1791231337.904839 1036691 loader.cc:471] SavedModel load for tags { serve }; Status: success: OK. Took 19080 microseconds.
fully_quantize: 0, inference_type: 6, input_inference_type: FLOAT32, output_inference_type: FLOAT32
W0000 00:00:1791231337.962895 1036691 flatbuffer_export.cc:3851] Skipping runtime version metadata in the model. This will be generated by the exporter.
/home/danielpark605/tinyml-venv/lib/python3.12/site-packages/tensorflow/lite/python/interpreter.py:457: UserWarning:     Warning: tf.lite.Interpreter is deprecated and is scheduled for deletion in
    TF 2.20. Please use the LiteRT interpreter from the ai_edge_litert package.
    See the [migration guide](https://ai.google.dev/edge/litert/migration)
    for details.
    
  warnings.warn(_INTERPRETER_DELETION_WARNING)
  [cic_near_iid] ptq_tflite_max         client0_ft   d2 f1=0.8654 far=0.0628 missed=346/85173
/home/danielpark605/tinyml-venv/lib/python3.12/site-packages/tensorflow/lite/python/convert.py:846: UserWarning: Statistics for quantized inputs were expected, but not specified; continuing anyway.
  warnings.warn(
W0000 00:00:1791231341.863729 1036691 tf_tfl_flatbuffer_helpers.cc:364] Ignored output_format.
W0000 00:00:1791231341.864254 1036691 tf_tfl_flatbuffer_helpers.cc:367] Ignored drop_control_dependency.
I0000 00:00:1791231341.864698 1036691 reader.cc:83] Reading SavedModel from: /tmp/tmp3wkgb1ea
I0000 00:00:1791231341.865929 1036691 reader.cc:52] Reading meta graph with tags { serve }
I0000 00:00:1791231341.866316 1036691 reader.cc:147] Reading SavedModel debug info (if present) from: /tmp/tmp3wkgb1ea
I0000 00:00:1791231341.873840 1036691 loader.cc:236] Restoring SavedModel bundle.
I0000 00:00:1791231341.901792 1036691 loader.cc:220] Running initialization op on SavedModel bundle at path: /tmp/tmp3wkgb1ea
I0000 00:00:1791231341.909669 1036691 loader.cc:471] SavedModel load for tags { serve }; Status: success: OK. Took 44978 microseconds.
/home/danielpark605/tinyml-venv/lib/python3.12/site-packages/tensorflow/lite/python/interpreter.py:457: UserWarning:     Warning: tf.lite.Interpreter is deprecated and is scheduled for deletion in
    TF 2.20. Please use the LiteRT interpreter from the ai_edge_litert package.
    See the [migration guide](https://ai.google.dev/edge/litert/migration)
    for details.
    
  warnings.warn(_INTERPRETER_DELETION_WARNING)
   [QAT Strip] Input model type: Functional
   [QAT Strip] Input model class: tf_keras.src.engine.functional.Functional
   [QAT Strip] Creating TF.Keras Functional model with input shape: (78,)
   [QAT Strip] TF_USE_LEGACY_KERAS=1
   [QAT Strip] 4 Dense layers after BatchNorm folding
   [QAT Strip] Created model type: Functional
   [QAT Strip] Model class: tf_keras.src.engine.functional.Functional
   [QAT Strip] Total layers: 5
   [QAT Strip] Is tensorflow.keras model: False
   [QAT Strip] WARNING: Model is not tensorflow.keras! QAT may fail.
✅ Saved (QAT): data/processed/revision/2026-10-05_x2_ptq_init_qat/quant_lit/cic_near_iid/ptq_fq_max_client0_ft_d2.tflite (65.45 KB)
   Quantization: 10/16 tensors (62.5%)
   Input: <class 'numpy.float32'>, Output: <class 'numpy.float32'>
  [cic_near_iid] ptq_fq_max             client0_ft   d2 f1=0.8683 far=0.0609 missed=443/85173
/home/danielpark605/tinyml-venv/lib/python3.12/site-packages/tensorflow/lite/python/convert.py:846: UserWarning: Statistics for quantized inputs were expected, but not specified; continuing anyway.
  warnings.warn(
W0000 00:00:1791231345.010350 1036691 tf_tfl_flatbuffer_helpers.cc:364] Ignored output_format.
W0000 00:00:1791231345.010826 1036691 tf_tfl_flatbuffer_helpers.cc:367] Ignored drop_control_dependency.
I0000 00:00:1791231345.011387 1036691 reader.cc:83] Reading SavedModel from: /tmp/tmpev5jlnnl
I0000 00:00:1791231345.013907 1036691 reader.cc:52] Reading meta graph with tags { serve }
I0000 00:00:1791231345.015151 1036691 reader.cc:147] Reading SavedModel debug info (if present) from: /tmp/tmpev5jlnnl
I0000 00:00:1791231345.028000 1036691 loader.cc:236] Restoring SavedModel bundle.
I0000 00:00:1791231345.064974 1036691 loader.cc:220] Running initialization op on SavedModel bundle at path: /tmp/tmpev5jlnnl
I0000 00:00:1791231345.077300 1036691 loader.cc:471] SavedModel load for tags { serve }; Status: success: OK. Took 65936 microseconds.
/home/danielpark605/tinyml-venv/lib/python3.12/site-packages/tensorflow/lite/python/interpreter.py:457: UserWarning:     Warning: tf.lite.Interpreter is deprecated and is scheduled for deletion in
    TF 2.20. Please use the LiteRT interpreter from the ai_edge_litert package.
    See the [migration guide](https://ai.google.dev/edge/litert/migration)
    for details.
    
  warnings.warn(_INTERPRETER_DELETION_WARNING)
   [QAT Strip] Input model type: Functional
   [QAT Strip] Input model class: tf_keras.src.engine.functional.Functional
   [QAT Strip] Creating TF.Keras Functional model with input shape: (78,)
   [QAT Strip] TF_USE_LEGACY_KERAS=1
   [QAT Strip] 4 Dense layers after BatchNorm folding
   [QAT Strip] Created model type: Functional
   [QAT Strip] Model class: tf_keras.src.engine.functional.Functional
   [QAT Strip] Total layers: 5
   [QAT Strip] Is tensorflow.keras model: False
   [QAT Strip] WARNING: Model is not tensorflow.keras! QAT may fail.
✅ Saved (QAT): data/processed/revision/2026-10-05_x2_ptq_init_qat/quant_lit/cic_near_iid/ptq_fq_pct9999_client0_ft_d2.tflite (65.45 KB)
   Quantization: 10/16 tensors (62.5%)
   Input: <class 'numpy.float32'>, Output: <class 'numpy.float32'>
  [cic_near_iid] ptq_fq_pct9999         client0_ft   d2 f1=0.8903 far=0.0479 missed=915/85173
/home/danielpark605/tinyml-venv/lib/python3.12/site-packages/tensorflow/lite/python/convert.py:846: UserWarning: Statistics for quantized inputs were expected, but not specified; continuing anyway.
  warnings.warn(
W0000 00:00:1791231347.862040 1036691 tf_tfl_flatbuffer_helpers.cc:364] Ignored output_format.
W0000 00:00:1791231347.862468 1036691 tf_tfl_flatbuffer_helpers.cc:367] Ignored drop_control_dependency.
I0000 00:00:1791231347.862963 1036691 reader.cc:83] Reading SavedModel from: /tmp/tmp13hpgj6b
I0000 00:00:1791231347.865604 1036691 reader.cc:52] Reading meta graph with tags { serve }
I0000 00:00:1791231347.865975 1036691 reader.cc:147] Reading SavedModel debug info (if present) from: /tmp/tmp13hpgj6b
I0000 00:00:1791231347.877470 1036691 loader.cc:236] Restoring SavedModel bundle.
I0000 00:00:1791231347.906140 1036691 loader.cc:220] Running initialization op on SavedModel bundle at path: /tmp/tmp13hpgj6b
I0000 00:00:1791231347.915667 1036691 loader.cc:471] SavedModel load for tags { serve }; Status: success: OK. Took 52722 microseconds.
/home/danielpark605/tinyml-venv/lib/python3.12/site-packages/tensorflow/lite/python/interpreter.py:457: UserWarning:     Warning: tf.lite.Interpreter is deprecated and is scheduled for deletion in
    TF 2.20. Please use the LiteRT interpreter from the ai_edge_litert package.
    See the [migration guide](https://ai.google.dev/edge/litert/migration)
    for details.
    
  warnings.warn(_INTERPRETER_DELETION_WARNING)
   [QAT Strip] Input model type: Functional
   [QAT Strip] Input model class: tf_keras.src.engine.functional.Functional
   [QAT Strip] Creating TF.Keras Functional model with input shape: (78,)
   [QAT Strip] TF_USE_LEGACY_KERAS=1
   [QAT Strip] 4 Dense layers after BatchNorm folding
   [QAT Strip] Created model type: Functional
   [QAT Strip] Model class: tf_keras.src.engine.functional.Functional
   [QAT Strip] Total layers: 5
   [QAT Strip] Is tensorflow.keras model: False
   [QAT Strip] WARNING: Model is not tensorflow.keras! QAT may fail.
✅ Saved (QAT): data/processed/revision/2026-10-05_x2_ptq_init_qat/quant_lit/cic_near_iid/ptq_fq_mse_client0_ft_d2.tflite (65.45 KB)
   Quantization: 10/16 tensors (62.5%)
   Input: <class 'numpy.float32'>, Output: <class 'numpy.float32'>
  [cic_near_iid] ptq_fq_mse             client0_ft   d2 f1=0.8643 far=0.0635 missed=317/85173
/home/danielpark605/tinyml-venv/lib/python3.12/site-packages/tensorflow/lite/python/convert.py:846: UserWarning: Statistics for quantized inputs were expected, but not specified; continuing anyway.
  warnings.warn(
W0000 00:00:1791231350.695042 1036691 tf_tfl_flatbuffer_helpers.cc:364] Ignored output_format.
W0000 00:00:1791231350.695552 1036691 tf_tfl_flatbuffer_helpers.cc:367] Ignored drop_control_dependency.
I0000 00:00:1791231350.696027 1036691 reader.cc:83] Reading SavedModel from: /tmp/tmpxi1yjrh9
I0000 00:00:1791231350.697633 1036691 reader.cc:52] Reading meta graph with tags { serve }
I0000 00:00:1791231350.698017 1036691 reader.cc:147] Reading SavedModel debug info (if present) from: /tmp/tmpxi1yjrh9
I0000 00:00:1791231350.708869 1036691 loader.cc:236] Restoring SavedModel bundle.
I0000 00:00:1791231350.744655 1036691 loader.cc:220] Running initialization op on SavedModel bundle at path: /tmp/tmpxi1yjrh9
I0000 00:00:1791231350.753907 1036691 loader.cc:471] SavedModel load for tags { serve }; Status: success: OK. Took 57890 microseconds.
/home/danielpark605/tinyml-venv/lib/python3.12/site-packages/tensorflow/lite/python/interpreter.py:457: UserWarning:     Warning: tf.lite.Interpreter is deprecated and is scheduled for deletion in
    TF 2.20. Please use the LiteRT interpreter from the ai_edge_litert package.
    See the [migration guide](https://ai.google.dev/edge/litert/migration)
    for details.
    
  warnings.warn(_INTERPRETER_DELETION_WARNING)
   [QAT Strip] Input model type: Functional
   [QAT Strip] Input model class: tf_keras.src.engine.functional.Functional
   [QAT Strip] Creating TF.Keras Functional model with input shape: (78,)
   [QAT Strip] TF_USE_LEGACY_KERAS=1
   [QAT Strip] 4 Dense layers after BatchNorm folding
   [QAT Strip] Created model type: Functional
   [QAT Strip] Model class: tf_keras.src.engine.functional.Functional
   [QAT Strip] Total layers: 5
   [QAT Strip] Is tensorflow.keras model: False
   [QAT Strip] WARNING: Model is not tensorflow.keras! QAT may fail.
✅ Saved (QAT): data/processed/revision/2026-10-05_x2_ptq_init_qat/quant_lit/cic_near_iid/ptq_fq_kl_client0_ft_d2.tflite (65.45 KB)
   Quantization: 10/16 tensors (62.5%)
   Input: <class 'numpy.float32'>, Output: <class 'numpy.float32'>
  [cic_near_iid] ptq_fq_kl              client0_ft   d2 f1=0.9281 far=0.0234 missed=3047/85173
/home/danielpark605/tinyml-venv/lib/python3.12/site-packages/tensorflow/lite/python/convert.py:846: UserWarning: Statistics for quantized inputs were expected, but not specified; continuing anyway.
  warnings.warn(
W0000 00:00:1791231353.536263 1036691 tf_tfl_flatbuffer_helpers.cc:364] Ignored output_format.
W0000 00:00:1791231353.536633 1036691 tf_tfl_flatbuffer_helpers.cc:367] Ignored drop_control_dependency.
I0000 00:00:1791231353.537159 1036691 reader.cc:83] Reading SavedModel from: /tmp/tmpfd3mbbey
I0000 00:00:1791231353.539126 1036691 reader.cc:52] Reading meta graph with tags { serve }
I0000 00:00:1791231353.539505 1036691 reader.cc:147] Reading SavedModel debug info (if present) from: /tmp/tmpfd3mbbey
I0000 00:00:1791231353.546612 1036691 loader.cc:236] Restoring SavedModel bundle.
I0000 00:00:1791231353.573741 1036691 loader.cc:220] Running initialization op on SavedModel bundle at path: /tmp/tmpfd3mbbey
I0000 00:00:1791231353.586201 1036691 loader.cc:471] SavedModel load for tags { serve }; Status: success: OK. Took 49049 microseconds.
/home/danielpark605/tinyml-venv/lib/python3.12/site-packages/tensorflow/lite/python/interpreter.py:457: UserWarning:     Warning: tf.lite.Interpreter is deprecated and is scheduled for deletion in
    TF 2.20. Please use the LiteRT interpreter from the ai_edge_litert package.
    See the [migration guide](https://ai.google.dev/edge/litert/migration)
    for details.
    
  warnings.warn(_INTERPRETER_DELETION_WARNING)
   [QAT Strip] Input model type: Functional
   [QAT Strip] Input model class: tf_keras.src.engine.functional.Functional
   [QAT Strip] Creating TF.Keras Functional model with input shape: (78,)
   [QAT Strip] TF_USE_LEGACY_KERAS=1
   [QAT Strip] 4 Dense layers after BatchNorm folding
   [QAT Strip] Created model type: Functional
   [QAT Strip] Model class: tf_keras.src.engine.functional.Functional
   [QAT Strip] Total layers: 5
   [QAT Strip] Is tensorflow.keras model: False
   [QAT Strip] WARNING: Model is not tensorflow.keras! QAT may fail.
✅ Saved (QAT): data/processed/revision/2026-10-05_x2_ptq_init_qat/quant_lit/cic_near_iid/ptq_fq_clip5_max_client0_ft_d2.tflite (65.45 KB)
   Quantization: 10/16 tensors (62.5%)
   Input: <class 'numpy.float32'>, Output: <class 'numpy.float32'>
  [cic_near_iid] ptq_fq_clip5_max       client0_ft   d2 f1=0.8820 far=0.0510 missed=1301/85173
/home/danielpark605/tinyml-venv/lib/python3.12/site-packages/tensorflow/lite/python/convert.py:846: UserWarning: Statistics for quantized inputs were expected, but not specified; continuing anyway.
  warnings.warn(
W0000 00:00:1791231357.853684 1036691 tf_tfl_flatbuffer_helpers.cc:364] Ignored output_format.
W0000 00:00:1791231357.854073 1036691 tf_tfl_flatbuffer_helpers.cc:367] Ignored drop_control_dependency.
I0000 00:00:1791231357.854578 1036691 reader.cc:83] Reading SavedModel from: /tmp/tmprcrjvwfx
I0000 00:00:1791231357.857466 1036691 reader.cc:52] Reading meta graph with tags { serve }
I0000 00:00:1791231357.857860 1036691 reader.cc:147] Reading SavedModel debug info (if present) from: /tmp/tmprcrjvwfx
I0000 00:00:1791231357.872128 1036691 loader.cc:236] Restoring SavedModel bundle.
I0000 00:00:1791231357.924288 1036691 loader.cc:220] Running initialization op on SavedModel bundle at path: /tmp/tmprcrjvwfx
I0000 00:00:1791231357.939082 1036691 loader.cc:471] SavedModel load for tags { serve }; Status: success: OK. Took 84528 microseconds.
/home/danielpark605/tinyml-venv/lib/python3.12/site-packages/tensorflow/lite/python/interpreter.py:457: UserWarning:     Warning: tf.lite.Interpreter is deprecated and is scheduled for deletion in
    TF 2.20. Please use the LiteRT interpreter from the ai_edge_litert package.
    See the [migration guide](https://ai.google.dev/edge/litert/migration)
    for details.
    
  warnings.warn(_INTERPRETER_DELETION_WARNING)
   [QAT Strip] Input model type: Functional
   [QAT Strip] Input model class: tf_keras.src.engine.functional.Functional
   [QAT Strip] Creating TF.Keras Functional model with input shape: (78,)
   [QAT Strip] TF_USE_LEGACY_KERAS=1
   [QAT Strip] 4 Dense layers after BatchNorm folding
   [QAT Strip] Created model type: Functional
   [QAT Strip] Model class: tf_keras.src.engine.functional.Functional
   [QAT Strip] Total layers: 5
   [QAT Strip] Is tensorflow.keras model: False
   [QAT Strip] WARNING: Model is not tensorflow.keras! QAT may fail.
✅ Saved (QAT): data/processed/revision/2026-10-05_x2_ptq_init_qat/quant_lit/cic_near_iid/qat_default_client0_ft_d2.tflite (65.45 KB)
   Quantization: 10/16 tensors (62.5%)
   Input: <class 'numpy.float32'>, Output: <class 'numpy.float32'>
  [cic_near_iid] qat_default            client0_ft   d2 f1=0.8820 far=0.0539 missed=355/85173
/home/danielpark605/tinyml-venv/lib/python3.12/site-packages/tensorflow/lite/python/convert.py:846: UserWarning: Statistics for quantized inputs were expected, but not specified; continuing anyway.
  warnings.warn(
W0000 00:00:1791231361.944683 1036691 tf_tfl_flatbuffer_helpers.cc:364] Ignored output_format.
W0000 00:00:1791231361.945081 1036691 tf_tfl_flatbuffer_helpers.cc:367] Ignored drop_control_dependency.
I0000 00:00:1791231361.945512 1036691 reader.cc:83] Reading SavedModel from: /tmp/tmpkxx4aota
I0000 00:00:1791231361.947406 1036691 reader.cc:52] Reading meta graph with tags { serve }
I0000 00:00:1791231361.947755 1036691 reader.cc:147] Reading SavedModel debug info (if present) from: /tmp/tmpkxx4aota
I0000 00:00:1791231361.959738 1036691 loader.cc:236] Restoring SavedModel bundle.
I0000 00:00:1791231362.013116 1036691 loader.cc:220] Running initialization op on SavedModel bundle at path: /tmp/tmpkxx4aota
I0000 00:00:1791231362.027382 1036691 loader.cc:471] SavedModel load for tags { serve }; Status: success: OK. Took 81877 microseconds.
/home/danielpark605/tinyml-venv/lib/python3.12/site-packages/tensorflow/lite/python/interpreter.py:457: UserWarning:     Warning: tf.lite.Interpreter is deprecated and is scheduled for deletion in
    TF 2.20. Please use the LiteRT interpreter from the ai_edge_litert package.
    See the [migration guide](https://ai.google.dev/edge/litert/migration)
    for details.
    
  warnings.warn(_INTERPRETER_DELETION_WARNING)
   [QAT Strip] Input model type: Functional
   [QAT Strip] Input model class: tf_keras.src.engine.functional.Functional
   [QAT Strip] Creating TF.Keras Functional model with input shape: (78,)
   [QAT Strip] TF_USE_LEGACY_KERAS=1
   [QAT Strip] 4 Dense layers after BatchNorm folding
   [QAT Strip] Created model type: Functional
   [QAT Strip] Model class: tf_keras.src.engine.functional.Functional
   [QAT Strip] Total layers: 5
   [QAT Strip] Is tensorflow.keras model: False
   [QAT Strip] WARNING: Model is not tensorflow.keras! QAT may fail.
✅ Saved (QAT): data/processed/revision/2026-10-05_x2_ptq_init_qat/quant_lit/cic_near_iid/qat_init_max_client0_ft_d2.tflite (65.45 KB)
   Quantization: 10/16 tensors (62.5%)
   Input: <class 'numpy.float32'>, Output: <class 'numpy.float32'>
  [cic_near_iid] qat_init_max           client0_ft   d2 f1=0.8750 far=0.0578 missed=296/85173
/home/danielpark605/tinyml-venv/lib/python3.12/site-packages/tensorflow/lite/python/convert.py:846: UserWarning: Statistics for quantized inputs were expected, but not specified; continuing anyway.
  warnings.warn(
W0000 00:00:1791231365.897285 1036691 tf_tfl_flatbuffer_helpers.cc:364] Ignored output_format.
W0000 00:00:1791231365.897663 1036691 tf_tfl_flatbuffer_helpers.cc:367] Ignored drop_control_dependency.
I0000 00:00:1791231365.898097 1036691 reader.cc:83] Reading SavedModel from: /tmp/tmp8fsnkmho
I0000 00:00:1791231365.899863 1036691 reader.cc:52] Reading meta graph with tags { serve }
I0000 00:00:1791231365.900211 1036691 reader.cc:147] Reading SavedModel debug info (if present) from: /tmp/tmp8fsnkmho
I0000 00:00:1791231365.911469 1036691 loader.cc:236] Restoring SavedModel bundle.
I0000 00:00:1791231365.957276 1036691 loader.cc:220] Running initialization op on SavedModel bundle at path: /tmp/tmp8fsnkmho
I0000 00:00:1791231365.967605 1036691 loader.cc:471] SavedModel load for tags { serve }; Status: success: OK. Took 69516 microseconds.
/home/danielpark605/tinyml-venv/lib/python3.12/site-packages/tensorflow/lite/python/interpreter.py:457: UserWarning:     Warning: tf.lite.Interpreter is deprecated and is scheduled for deletion in
    TF 2.20. Please use the LiteRT interpreter from the ai_edge_litert package.
    See the [migration guide](https://ai.google.dev/edge/litert/migration)
    for details.
    
  warnings.warn(_INTERPRETER_DELETION_WARNING)
   [QAT Strip] Input model type: Functional
   [QAT Strip] Input model class: tf_keras.src.engine.functional.Functional
   [QAT Strip] Creating TF.Keras Functional model with input shape: (78,)
   [QAT Strip] TF_USE_LEGACY_KERAS=1
   [QAT Strip] 4 Dense layers after BatchNorm folding
   [QAT Strip] Created model type: Functional
   [QAT Strip] Model class: tf_keras.src.engine.functional.Functional
   [QAT Strip] Total layers: 5
   [QAT Strip] Is tensorflow.keras model: False
   [QAT Strip] WARNING: Model is not tensorflow.keras! QAT may fail.
✅ Saved (QAT): data/processed/revision/2026-10-05_x2_ptq_init_qat/quant_lit/cic_near_iid/qat_init_pct9999_client0_ft_d2.tflite (65.45 KB)
   Quantization: 10/16 tensors (62.5%)
   Input: <class 'numpy.float32'>, Output: <class 'numpy.float32'>
  [cic_near_iid] qat_init_pct9999       client0_ft   d2 f1=0.8812 far=0.0542 missed=366/85173
/home/danielpark605/tinyml-venv/lib/python3.12/site-packages/tensorflow/lite/python/convert.py:846: UserWarning: Statistics for quantized inputs were expected, but not specified; continuing anyway.
  warnings.warn(
W0000 00:00:1791231368.620748 1036691 tf_tfl_flatbuffer_helpers.cc:364] Ignored output_format.
W0000 00:00:1791231368.621148 1036691 tf_tfl_flatbuffer_helpers.cc:367] Ignored drop_control_dependency.
I0000 00:00:1791231368.621671 1036691 reader.cc:83] Reading SavedModel from: /tmp/tmpwx7f_kt9
I0000 00:00:1791231368.623894 1036691 reader.cc:52] Reading meta graph with tags { serve }
I0000 00:00:1791231368.624297 1036691 reader.cc:147] Reading SavedModel debug info (if present) from: /tmp/tmpwx7f_kt9
I0000 00:00:1791231368.634116 1036691 loader.cc:236] Restoring SavedModel bundle.
I0000 00:00:1791231368.685360 1036691 loader.cc:220] Running initialization op on SavedModel bundle at path: /tmp/tmpwx7f_kt9
I0000 00:00:1791231368.700436 1036691 loader.cc:471] SavedModel load for tags { serve }; Status: success: OK. Took 78778 microseconds.
/home/danielpark605/tinyml-venv/lib/python3.12/site-packages/tensorflow/lite/python/interpreter.py:457: UserWarning:     Warning: tf.lite.Interpreter is deprecated and is scheduled for deletion in
    TF 2.20. Please use the LiteRT interpreter from the ai_edge_litert package.
    See the [migration guide](https://ai.google.dev/edge/litert/migration)
    for details.
    
  warnings.warn(_INTERPRETER_DELETION_WARNING)
   [QAT Strip] Input model type: Functional
   [QAT Strip] Input model class: tf_keras.src.engine.functional.Functional
   [QAT Strip] Creating TF.Keras Functional model with input shape: (78,)
   [QAT Strip] TF_USE_LEGACY_KERAS=1
   [QAT Strip] 4 Dense layers after BatchNorm folding
   [QAT Strip] Created model type: Functional
   [QAT Strip] Model class: tf_keras.src.engine.functional.Functional
   [QAT Strip] Total layers: 5
   [QAT Strip] Is tensorflow.keras model: False
   [QAT Strip] WARNING: Model is not tensorflow.keras! QAT may fail.
✅ Saved (QAT): data/processed/revision/2026-10-05_x2_ptq_init_qat/quant_lit/cic_near_iid/qat_init_mse_client0_ft_d2.tflite (65.45 KB)
   Quantization: 10/16 tensors (62.5%)
   Input: <class 'numpy.float32'>, Output: <class 'numpy.float32'>
  [cic_near_iid] qat_init_mse           client0_ft   d2 f1=0.8755 far=0.0575 missed=309/85173
/home/danielpark605/tinyml-venv/lib/python3.12/site-packages/tensorflow/lite/python/convert.py:846: UserWarning: Statistics for quantized inputs were expected, but not specified; continuing anyway.
  warnings.warn(
W0000 00:00:1791231372.740810 1036691 tf_tfl_flatbuffer_helpers.cc:364] Ignored output_format.
W0000 00:00:1791231372.741196 1036691 tf_tfl_flatbuffer_helpers.cc:367] Ignored drop_control_dependency.
I0000 00:00:1791231372.741697 1036691 reader.cc:83] Reading SavedModel from: /tmp/tmpe77wnj_9
I0000 00:00:1791231372.743723 1036691 reader.cc:52] Reading meta graph with tags { serve }
I0000 00:00:1791231372.744101 1036691 reader.cc:147] Reading SavedModel debug info (if present) from: /tmp/tmpe77wnj_9
I0000 00:00:1791231372.758488 1036691 loader.cc:236] Restoring SavedModel bundle.
I0000 00:00:1791231372.810636 1036691 loader.cc:220] Running initialization op on SavedModel bundle at path: /tmp/tmpe77wnj_9
I0000 00:00:1791231372.826414 1036691 loader.cc:471] SavedModel load for tags { serve }; Status: success: OK. Took 84728 microseconds.
/home/danielpark605/tinyml-venv/lib/python3.12/site-packages/tensorflow/lite/python/interpreter.py:457: UserWarning:     Warning: tf.lite.Interpreter is deprecated and is scheduled for deletion in
    TF 2.20. Please use the LiteRT interpreter from the ai_edge_litert package.
    See the [migration guide](https://ai.google.dev/edge/litert/migration)
    for details.
    
  warnings.warn(_INTERPRETER_DELETION_WARNING)
   [QAT Strip] Input model type: Functional
   [QAT Strip] Input model class: tf_keras.src.engine.functional.Functional
   [QAT Strip] Creating TF.Keras Functional model with input shape: (78,)
   [QAT Strip] TF_USE_LEGACY_KERAS=1
   [QAT Strip] 4 Dense layers after BatchNorm folding
   [QAT Strip] Created model type: Functional
   [QAT Strip] Model class: tf_keras.src.engine.functional.Functional
   [QAT Strip] Total layers: 5
   [QAT Strip] Is tensorflow.keras model: False
   [QAT Strip] WARNING: Model is not tensorflow.keras! QAT may fail.
✅ Saved (QAT): data/processed/revision/2026-10-05_x2_ptq_init_qat/quant_lit/cic_near_iid/qat_init_kl_client0_ft_d2.tflite (65.45 KB)
   Quantization: 10/16 tensors (62.5%)
   Input: <class 'numpy.float32'>, Output: <class 'numpy.float32'>
  [cic_near_iid] qat_init_kl            client0_ft   d2 f1=0.8804 far=0.0547 missed=369/85173
/home/danielpark605/tinyml-venv/lib/python3.12/site-packages/tensorflow/lite/python/convert.py:846: UserWarning: Statistics for quantized inputs were expected, but not specified; continuing anyway.
  warnings.warn(
W0000 00:00:1791231377.051934 1036691 tf_tfl_flatbuffer_helpers.cc:364] Ignored output_format.
W0000 00:00:1791231377.052284 1036691 tf_tfl_flatbuffer_helpers.cc:367] Ignored drop_control_dependency.
I0000 00:00:1791231377.052744 1036691 reader.cc:83] Reading SavedModel from: /tmp/tmpmci2de5s
I0000 00:00:1791231377.054829 1036691 reader.cc:52] Reading meta graph with tags { serve }
I0000 00:00:1791231377.055204 1036691 reader.cc:147] Reading SavedModel debug info (if present) from: /tmp/tmpmci2de5s
I0000 00:00:1791231377.063578 1036691 loader.cc:236] Restoring SavedModel bundle.
I0000 00:00:1791231377.115394 1036691 loader.cc:220] Running initialization op on SavedModel bundle at path: /tmp/tmpmci2de5s
I0000 00:00:1791231377.131373 1036691 loader.cc:471] SavedModel load for tags { serve }; Status: success: OK. Took 78653 microseconds.
/home/danielpark605/tinyml-venv/lib/python3.12/site-packages/tensorflow/lite/python/interpreter.py:457: UserWarning:     Warning: tf.lite.Interpreter is deprecated and is scheduled for deletion in
    TF 2.20. Please use the LiteRT interpreter from the ai_edge_litert package.
    See the [migration guide](https://ai.google.dev/edge/litert/migration)
    for details.
    
  warnings.warn(_INTERPRETER_DELETION_WARNING)
   [QAT Strip] Input model type: Functional
   [QAT Strip] Input model class: tf_keras.src.engine.functional.Functional
   [QAT Strip] Creating TF.Keras Functional model with input shape: (78,)
   [QAT Strip] TF_USE_LEGACY_KERAS=1
   [QAT Strip] 4 Dense layers after BatchNorm folding
   [QAT Strip] Created model type: Functional
   [QAT Strip] Model class: tf_keras.src.engine.functional.Functional
   [QAT Strip] Total layers: 5
   [QAT Strip] Is tensorflow.keras model: False
   [QAT Strip] WARNING: Model is not tensorflow.keras! QAT may fail.
✅ Saved (QAT): data/processed/revision/2026-10-05_x2_ptq_init_qat/quant_lit/cic_near_iid/qat_init_clip5_max_client0_ft_d2.tflite (65.45 KB)
   Quantization: 10/16 tensors (62.5%)
   Input: <class 'numpy.float32'>, Output: <class 'numpy.float32'>
  [cic_near_iid] qat_init_clip5_max     client0_ft   d2 f1=0.8789 far=0.0554 missed=376/85173
/home/danielpark605/tinyml-venv/lib/python3.12/site-packages/tensorflow/lite/python/convert.py:846: UserWarning: Statistics for quantized inputs were expected, but not specified; continuing anyway.
  warnings.warn(
W0000 00:00:1791231381.245145 1036691 tf_tfl_flatbuffer_helpers.cc:364] Ignored output_format.
W0000 00:00:1791231381.245546 1036691 tf_tfl_flatbuffer_helpers.cc:367] Ignored drop_control_dependency.
I0000 00:00:1791231381.246088 1036691 reader.cc:83] Reading SavedModel from: /tmp/tmpkfsy7nc0
I0000 00:00:1791231381.248601 1036691 reader.cc:52] Reading meta graph with tags { serve }
I0000 00:00:1791231381.249024 1036691 reader.cc:147] Reading SavedModel debug info (if present) from: /tmp/tmpkfsy7nc0
I0000 00:00:1791231381.261675 1036691 loader.cc:236] Restoring SavedModel bundle.
I0000 00:00:1791231381.303646 1036691 loader.cc:220] Running initialization op on SavedModel bundle at path: /tmp/tmpkfsy7nc0
I0000 00:00:1791231381.318493 1036691 loader.cc:471] SavedModel load for tags { serve }; Status: success: OK. Took 72424 microseconds.
/home/danielpark605/tinyml-venv/lib/python3.12/site-packages/tensorflow/lite/python/interpreter.py:457: UserWarning:     Warning: tf.lite.Interpreter is deprecated and is scheduled for deletion in
    TF 2.20. Please use the LiteRT interpreter from the ai_edge_litert package.
    See the [migration guide](https://ai.google.dev/edge/litert/migration)
    for details.
    
  warnings.warn(_INTERPRETER_DELETION_WARNING)
   [QAT Strip] Input model type: Functional
   [QAT Strip] Input model class: tf_keras.src.engine.functional.Functional
   [QAT Strip] Creating TF.Keras Functional model with input shape: (78,)
   [QAT Strip] TF_USE_LEGACY_KERAS=1
   [QAT Strip] 4 Dense layers after BatchNorm folding
   [QAT Strip] Created model type: Functional
   [QAT Strip] Model class: tf_keras.src.engine.functional.Functional
   [QAT Strip] Total layers: 5
   [QAT Strip] Is tensorflow.keras model: False
   [QAT Strip] WARNING: Model is not tensorflow.keras! QAT may fail.
✅ Saved (QAT): data/processed/revision/2026-10-05_x2_ptq_init_qat/quant_lit/cic_near_iid/qat_fixed_max_client0_ft_d2.tflite (65.45 KB)
   Quantization: 10/16 tensors (62.5%)
   Input: <class 'numpy.float32'>, Output: <class 'numpy.float32'>
  [cic_near_iid] qat_fixed_max          client0_ft   d2 f1=0.8765 far=0.0570 missed=285/85173
/home/danielpark605/tinyml-venv/lib/python3.12/site-packages/tensorflow/lite/python/convert.py:846: UserWarning: Statistics for quantized inputs were expected, but not specified; continuing anyway.
  warnings.warn(
W0000 00:00:1791231385.441286 1036691 tf_tfl_flatbuffer_helpers.cc:364] Ignored output_format.
W0000 00:00:1791231385.441883 1036691 tf_tfl_flatbuffer_helpers.cc:367] Ignored drop_control_dependency.
I0000 00:00:1791231385.442351 1036691 reader.cc:83] Reading SavedModel from: /tmp/tmp948zm139
I0000 00:00:1791231385.444391 1036691 reader.cc:52] Reading meta graph with tags { serve }
I0000 00:00:1791231385.445073 1036691 reader.cc:147] Reading SavedModel debug info (if present) from: /tmp/tmp948zm139
I0000 00:00:1791231385.458960 1036691 loader.cc:236] Restoring SavedModel bundle.
I0000 00:00:1791231385.513139 1036691 loader.cc:220] Running initialization op on SavedModel bundle at path: /tmp/tmp948zm139
I0000 00:00:1791231385.524471 1036691 loader.cc:471] SavedModel load for tags { serve }; Status: success: OK. Took 82130 microseconds.
/home/danielpark605/tinyml-venv/lib/python3.12/site-packages/tensorflow/lite/python/interpreter.py:457: UserWarning:     Warning: tf.lite.Interpreter is deprecated and is scheduled for deletion in
    TF 2.20. Please use the LiteRT interpreter from the ai_edge_litert package.
    See the [migration guide](https://ai.google.dev/edge/litert/migration)
    for details.
    
  warnings.warn(_INTERPRETER_DELETION_WARNING)
   [QAT Strip] Input model type: Functional
   [QAT Strip] Input model class: tf_keras.src.engine.functional.Functional
   [QAT Strip] Creating TF.Keras Functional model with input shape: (78,)
   [QAT Strip] TF_USE_LEGACY_KERAS=1
   [QAT Strip] 4 Dense layers after BatchNorm folding
   [QAT Strip] Created model type: Functional
   [QAT Strip] Model class: tf_keras.src.engine.functional.Functional
   [QAT Strip] Total layers: 5
   [QAT Strip] Is tensorflow.keras model: False
   [QAT Strip] WARNING: Model is not tensorflow.keras! QAT may fail.
✅ Saved (QAT): data/processed/revision/2026-10-05_x2_ptq_init_qat/quant_lit/cic_near_iid/qat_fixed_pct9999_client0_ft_d2.tflite (65.45 KB)
   Quantization: 10/16 tensors (62.5%)
   Input: <class 'numpy.float32'>, Output: <class 'numpy.float32'>
  [cic_near_iid] qat_fixed_pct9999      client0_ft   d2 f1=0.8814 far=0.0544 missed=277/85173
/home/danielpark605/tinyml-venv/lib/python3.12/site-packages/tensorflow/lite/python/convert.py:846: UserWarning: Statistics for quantized inputs were expected, but not specified; continuing anyway.
  warnings.warn(
W0000 00:00:1791231389.910853 1036691 tf_tfl_flatbuffer_helpers.cc:364] Ignored output_format.
W0000 00:00:1791231389.911276 1036691 tf_tfl_flatbuffer_helpers.cc:367] Ignored drop_control_dependency.
I0000 00:00:1791231389.911772 1036691 reader.cc:83] Reading SavedModel from: /tmp/tmpxmmz1ny9
I0000 00:00:1791231389.914091 1036691 reader.cc:52] Reading meta graph with tags { serve }
I0000 00:00:1791231389.914495 1036691 reader.cc:147] Reading SavedModel debug info (if present) from: /tmp/tmpxmmz1ny9
I0000 00:00:1791231389.924539 1036691 loader.cc:236] Restoring SavedModel bundle.
I0000 00:00:1791231389.975892 1036691 loader.cc:220] Running initialization op on SavedModel bundle at path: /tmp/tmpxmmz1ny9
I0000 00:00:1791231389.991764 1036691 loader.cc:471] SavedModel load for tags { serve }; Status: success: OK. Took 80012 microseconds.
/home/danielpark605/tinyml-venv/lib/python3.12/site-packages/tensorflow/lite/python/interpreter.py:457: UserWarning:     Warning: tf.lite.Interpreter is deprecated and is scheduled for deletion in
    TF 2.20. Please use the LiteRT interpreter from the ai_edge_litert package.
    See the [migration guide](https://ai.google.dev/edge/litert/migration)
    for details.
    
  warnings.warn(_INTERPRETER_DELETION_WARNING)
   [QAT Strip] Input model type: Functional
   [QAT Strip] Input model class: tf_keras.src.engine.functional.Functional
   [QAT Strip] Creating TF.Keras Functional model with input shape: (78,)
   [QAT Strip] TF_USE_LEGACY_KERAS=1
   [QAT Strip] 4 Dense layers after BatchNorm folding
   [QAT Strip] Created model type: Functional
   [QAT Strip] Model class: tf_keras.src.engine.functional.Functional
   [QAT Strip] Total layers: 5
   [QAT Strip] Is tensorflow.keras model: False
   [QAT Strip] WARNING: Model is not tensorflow.keras! QAT may fail.
✅ Saved (QAT): data/processed/revision/2026-10-05_x2_ptq_init_qat/quant_lit/cic_near_iid/qat_fixed_mse_client0_ft_d2.tflite (65.45 KB)
   Quantization: 10/16 tensors (62.5%)
   Input: <class 'numpy.float32'>, Output: <class 'numpy.float32'>
  [cic_near_iid] qat_fixed_mse          client0_ft   d2 f1=0.8726 far=0.0592 missed=241/85173
/home/danielpark605/tinyml-venv/lib/python3.12/site-packages/tensorflow/lite/python/convert.py:846: UserWarning: Statistics for quantized inputs were expected, but not specified; continuing anyway.
  warnings.warn(
W0000 00:00:1791231394.685625 1036691 tf_tfl_flatbuffer_helpers.cc:364] Ignored output_format.
W0000 00:00:1791231394.686041 1036691 tf_tfl_flatbuffer_helpers.cc:367] Ignored drop_control_dependency.
I0000 00:00:1791231394.686553 1036691 reader.cc:83] Reading SavedModel from: /tmp/tmpde2t4_fi
I0000 00:00:1791231394.688820 1036691 reader.cc:52] Reading meta graph with tags { serve }
I0000 00:00:1791231394.689178 1036691 reader.cc:147] Reading SavedModel debug info (if present) from: /tmp/tmpde2t4_fi
I0000 00:00:1791231394.699409 1036691 loader.cc:236] Restoring SavedModel bundle.
I0000 00:00:1791231394.748014 1036691 loader.cc:220] Running initialization op on SavedModel bundle at path: /tmp/tmpde2t4_fi
I0000 00:00:1791231394.758475 1036691 loader.cc:471] SavedModel load for tags { serve }; Status: success: OK. Took 71939 microseconds.
/home/danielpark605/tinyml-venv/lib/python3.12/site-packages/tensorflow/lite/python/interpreter.py:457: UserWarning:     Warning: tf.lite.Interpreter is deprecated and is scheduled for deletion in
    TF 2.20. Please use the LiteRT interpreter from the ai_edge_litert package.
    See the [migration guide](https://ai.google.dev/edge/litert/migration)
    for details.
    
  warnings.warn(_INTERPRETER_DELETION_WARNING)
   [QAT Strip] Input model type: Functional
   [QAT Strip] Input model class: tf_keras.src.engine.functional.Functional
   [QAT Strip] Creating TF.Keras Functional model with input shape: (78,)
   [QAT Strip] TF_USE_LEGACY_KERAS=1
   [QAT Strip] 4 Dense layers after BatchNorm folding
   [QAT Strip] Created model type: Functional
   [QAT Strip] Model class: tf_keras.src.engine.functional.Functional
   [QAT Strip] Total layers: 5
   [QAT Strip] Is tensorflow.keras model: False
   [QAT Strip] WARNING: Model is not tensorflow.keras! QAT may fail.
✅ Saved (QAT): data/processed/revision/2026-10-05_x2_ptq_init_qat/quant_lit/cic_near_iid/qat_fixed_clip5_max_client0_ft_d2.tflite (65.45 KB)
   Quantization: 10/16 tensors (62.5%)
   Input: <class 'numpy.float32'>, Output: <class 'numpy.float32'>
  [cic_near_iid] qat_fixed_clip5_max    client0_ft   d2 f1=0.8773 far=0.0554 missed=651/85173
/home/danielpark605/tinyml-venv/lib/python3.12/site-packages/tensorflow/lite/python/convert.py:846: UserWarning: Statistics for quantized inputs were expected, but not specified; continuing anyway.
  warnings.warn(
W0000 00:00:1791231397.864567 1036691 tf_tfl_flatbuffer_helpers.cc:364] Ignored output_format.
W0000 00:00:1791231397.864930 1036691 tf_tfl_flatbuffer_helpers.cc:367] Ignored drop_control_dependency.
I0000 00:00:1791231397.865341 1036691 reader.cc:83] Reading SavedModel from: /tmp/tmpi67ov94o
I0000 00:00:1791231397.866203 1036691 reader.cc:52] Reading meta graph with tags { serve }
I0000 00:00:1791231397.866544 1036691 reader.cc:147] Reading SavedModel debug info (if present) from: /tmp/tmpi67ov94o
I0000 00:00:1791231397.868801 1036691 loader.cc:236] Restoring SavedModel bundle.
I0000 00:00:1791231397.884488 1036691 loader.cc:220] Running initialization op on SavedModel bundle at path: /tmp/tmpi67ov94o
I0000 00:00:1791231397.889867 1036691 loader.cc:471] SavedModel load for tags { serve }; Status: success: OK. Took 24540 microseconds.
fully_quantize: 0, inference_type: 6, input_inference_type: FLOAT32, output_inference_type: FLOAT32
W0000 00:00:1791231397.953078 1036691 flatbuffer_export.cc:3851] Skipping runtime version metadata in the model. This will be generated by the exporter.
/home/danielpark605/tinyml-venv/lib/python3.12/site-packages/tensorflow/lite/python/interpreter.py:457: UserWarning:     Warning: tf.lite.Interpreter is deprecated and is scheduled for deletion in
    TF 2.20. Please use the LiteRT interpreter from the ai_edge_litert package.
    See the [migration guide](https://ai.google.dev/edge/litert/migration)
    for details.
    
  warnings.warn(_INTERPRETER_DELETION_WARNING)
  [cic_near_iid] ptq_tflite_max         client0_ft   d3 f1=0.8681 far=0.0607 missed=533/85173
/home/danielpark605/tinyml-venv/lib/python3.12/site-packages/tensorflow/lite/python/convert.py:846: UserWarning: Statistics for quantized inputs were expected, but not specified; continuing anyway.
  warnings.warn(
W0000 00:00:1791231401.996783 1036691 tf_tfl_flatbuffer_helpers.cc:364] Ignored output_format.
W0000 00:00:1791231401.997198 1036691 tf_tfl_flatbuffer_helpers.cc:367] Ignored drop_control_dependency.
I0000 00:00:1791231401.997684 1036691 reader.cc:83] Reading SavedModel from: /tmp/tmp_rxguh98
I0000 00:00:1791231402.000127 1036691 reader.cc:52] Reading meta graph with tags { serve }
I0000 00:00:1791231402.000535 1036691 reader.cc:147] Reading SavedModel debug info (if present) from: /tmp/tmp_rxguh98
I0000 00:00:1791231402.009459 1036691 loader.cc:236] Restoring SavedModel bundle.
I0000 00:00:1791231402.041772 1036691 loader.cc:220] Running initialization op on SavedModel bundle at path: /tmp/tmp_rxguh98
I0000 00:00:1791231402.051656 1036691 loader.cc:471] SavedModel load for tags { serve }; Status: success: OK. Took 53996 microseconds.
/home/danielpark605/tinyml-venv/lib/python3.12/site-packages/tensorflow/lite/python/interpreter.py:457: UserWarning:     Warning: tf.lite.Interpreter is deprecated and is scheduled for deletion in
    TF 2.20. Please use the LiteRT interpreter from the ai_edge_litert package.
    See the [migration guide](https://ai.google.dev/edge/litert/migration)
    for details.
    
  warnings.warn(_INTERPRETER_DELETION_WARNING)
   [QAT Strip] Input model type: Functional
   [QAT Strip] Input model class: tf_keras.src.engine.functional.Functional
   [QAT Strip] Creating TF.Keras Functional model with input shape: (78,)
   [QAT Strip] TF_USE_LEGACY_KERAS=1
   [QAT Strip] 4 Dense layers after BatchNorm folding
   [QAT Strip] Created model type: Functional
   [QAT Strip] Model class: tf_keras.src.engine.functional.Functional
   [QAT Strip] Total layers: 5
   [QAT Strip] Is tensorflow.keras model: False
   [QAT Strip] WARNING: Model is not tensorflow.keras! QAT may fail.
✅ Saved (QAT): data/processed/revision/2026-10-05_x2_ptq_init_qat/quant_lit/cic_near_iid/ptq_fq_max_client0_ft_d3.tflite (65.45 KB)
   Quantization: 10/16 tensors (62.5%)
   Input: <class 'numpy.float32'>, Output: <class 'numpy.float32'>
  [cic_near_iid] ptq_fq_max             client0_ft   d3 f1=0.8680 far=0.0602 missed=711/85173
/home/danielpark605/tinyml-venv/lib/python3.12/site-packages/tensorflow/lite/python/convert.py:846: UserWarning: Statistics for quantized inputs were expected, but not specified; continuing anyway.
  warnings.warn(
W0000 00:00:1791231404.844171 1036691 tf_tfl_flatbuffer_helpers.cc:364] Ignored output_format.
W0000 00:00:1791231404.844525 1036691 tf_tfl_flatbuffer_helpers.cc:367] Ignored drop_control_dependency.
I0000 00:00:1791231404.844959 1036691 reader.cc:83] Reading SavedModel from: /tmp/tmp8c1010ng
I0000 00:00:1791231404.846363 1036691 reader.cc:52] Reading meta graph with tags { serve }
I0000 00:00:1791231404.846706 1036691 reader.cc:147] Reading SavedModel debug info (if present) from: /tmp/tmp8c1010ng
I0000 00:00:1791231404.853285 1036691 loader.cc:236] Restoring SavedModel bundle.
I0000 00:00:1791231404.881063 1036691 loader.cc:220] Running initialization op on SavedModel bundle at path: /tmp/tmp8c1010ng
I0000 00:00:1791231404.893893 1036691 loader.cc:471] SavedModel load for tags { serve }; Status: success: OK. Took 48943 microseconds.
/home/danielpark605/tinyml-venv/lib/python3.12/site-packages/tensorflow/lite/python/interpreter.py:457: UserWarning:     Warning: tf.lite.Interpreter is deprecated and is scheduled for deletion in
    TF 2.20. Please use the LiteRT interpreter from the ai_edge_litert package.
    See the [migration guide](https://ai.google.dev/edge/litert/migration)
    for details.
    
  warnings.warn(_INTERPRETER_DELETION_WARNING)
   [QAT Strip] Input model type: Functional
   [QAT Strip] Input model class: tf_keras.src.engine.functional.Functional
   [QAT Strip] Creating TF.Keras Functional model with input shape: (78,)
   [QAT Strip] TF_USE_LEGACY_KERAS=1
   [QAT Strip] 4 Dense layers after BatchNorm folding
   [QAT Strip] Created model type: Functional
   [QAT Strip] Model class: tf_keras.src.engine.functional.Functional
   [QAT Strip] Total layers: 5
   [QAT Strip] Is tensorflow.keras model: False
   [QAT Strip] WARNING: Model is not tensorflow.keras! QAT may fail.
✅ Saved (QAT): data/processed/revision/2026-10-05_x2_ptq_init_qat/quant_lit/cic_near_iid/ptq_fq_pct9999_client0_ft_d3.tflite (65.45 KB)
   Quantization: 10/16 tensors (62.5%)
   Input: <class 'numpy.float32'>, Output: <class 'numpy.float32'>
  [cic_near_iid] ptq_fq_pct9999         client0_ft   d3 f1=0.8826 far=0.0517 missed=947/85173
/home/danielpark605/tinyml-venv/lib/python3.12/site-packages/tensorflow/lite/python/convert.py:846: UserWarning: Statistics for quantized inputs were expected, but not specified; continuing anyway.
  warnings.warn(
W0000 00:00:1791231408.265936 1036691 tf_tfl_flatbuffer_helpers.cc:364] Ignored output_format.
W0000 00:00:1791231408.266331 1036691 tf_tfl_flatbuffer_helpers.cc:367] Ignored drop_control_dependency.
I0000 00:00:1791231408.266832 1036691 reader.cc:83] Reading SavedModel from: /tmp/tmpdy1g8epp
I0000 00:00:1791231408.269303 1036691 reader.cc:52] Reading meta graph with tags { serve }
I0000 00:00:1791231408.269709 1036691 reader.cc:147] Reading SavedModel debug info (if present) from: /tmp/tmpdy1g8epp
I0000 00:00:1791231408.280309 1036691 loader.cc:236] Restoring SavedModel bundle.
I0000 00:00:1791231408.309025 1036691 loader.cc:220] Running initialization op on SavedModel bundle at path: /tmp/tmpdy1g8epp
I0000 00:00:1791231408.317270 1036691 loader.cc:471] SavedModel load for tags { serve }; Status: success: OK. Took 50456 microseconds.
/home/danielpark605/tinyml-venv/lib/python3.12/site-packages/tensorflow/lite/python/interpreter.py:457: UserWarning:     Warning: tf.lite.Interpreter is deprecated and is scheduled for deletion in
    TF 2.20. Please use the LiteRT interpreter from the ai_edge_litert package.
    See the [migration guide](https://ai.google.dev/edge/litert/migration)
    for details.
    
  warnings.warn(_INTERPRETER_DELETION_WARNING)
   [QAT Strip] Input model type: Functional
   [QAT Strip] Input model class: tf_keras.src.engine.functional.Functional
   [QAT Strip] Creating TF.Keras Functional model with input shape: (78,)
   [QAT Strip] TF_USE_LEGACY_KERAS=1
   [QAT Strip] 4 Dense layers after BatchNorm folding
   [QAT Strip] Created model type: Functional
   [QAT Strip] Model class: tf_keras.src.engine.functional.Functional
   [QAT Strip] Total layers: 5
   [QAT Strip] Is tensorflow.keras model: False
   [QAT Strip] WARNING: Model is not tensorflow.keras! QAT may fail.
✅ Saved (QAT): data/processed/revision/2026-10-05_x2_ptq_init_qat/quant_lit/cic_near_iid/ptq_fq_mse_client0_ft_d3.tflite (65.45 KB)
   Quantization: 10/16 tensors (62.5%)
   Input: <class 'numpy.float32'>, Output: <class 'numpy.float32'>
  [cic_near_iid] ptq_fq_mse             client0_ft   d3 f1=0.8658 far=0.0623 missed=437/85173
/home/danielpark605/tinyml-venv/lib/python3.12/site-packages/tensorflow/lite/python/convert.py:846: UserWarning: Statistics for quantized inputs were expected, but not specified; continuing anyway.
  warnings.warn(
W0000 00:00:1791231411.207526 1036691 tf_tfl_flatbuffer_helpers.cc:364] Ignored output_format.
W0000 00:00:1791231411.207950 1036691 tf_tfl_flatbuffer_helpers.cc:367] Ignored drop_control_dependency.
I0000 00:00:1791231411.208453 1036691 reader.cc:83] Reading SavedModel from: /tmp/tmpdtzz1uwx
I0000 00:00:1791231411.210942 1036691 reader.cc:52] Reading meta graph with tags { serve }
I0000 00:00:1791231411.211530 1036691 reader.cc:147] Reading SavedModel debug info (if present) from: /tmp/tmpdtzz1uwx
I0000 00:00:1791231411.219633 1036691 loader.cc:236] Restoring SavedModel bundle.
I0000 00:00:1791231411.248333 1036691 loader.cc:220] Running initialization op on SavedModel bundle at path: /tmp/tmpdtzz1uwx
I0000 00:00:1791231411.261191 1036691 loader.cc:471] SavedModel load for tags { serve }; Status: success: OK. Took 52755 microseconds.
/home/danielpark605/tinyml-venv/lib/python3.12/site-packages/tensorflow/lite/python/interpreter.py:457: UserWarning:     Warning: tf.lite.Interpreter is deprecated and is scheduled for deletion in
    TF 2.20. Please use the LiteRT interpreter from the ai_edge_litert package.
    See the [migration guide](https://ai.google.dev/edge/litert/migration)
    for details.
    
  warnings.warn(_INTERPRETER_DELETION_WARNING)
   [QAT Strip] Input model type: Functional
   [QAT Strip] Input model class: tf_keras.src.engine.functional.Functional
   [QAT Strip] Creating TF.Keras Functional model with input shape: (78,)
   [QAT Strip] TF_USE_LEGACY_KERAS=1
   [QAT Strip] 4 Dense layers after BatchNorm folding
   [QAT Strip] Created model type: Functional
   [QAT Strip] Model class: tf_keras.src.engine.functional.Functional
   [QAT Strip] Total layers: 5
   [QAT Strip] Is tensorflow.keras model: False
   [QAT Strip] WARNING: Model is not tensorflow.keras! QAT may fail.
✅ Saved (QAT): data/processed/revision/2026-10-05_x2_ptq_init_qat/quant_lit/cic_near_iid/ptq_fq_kl_client0_ft_d3.tflite (65.45 KB)
   Quantization: 10/16 tensors (62.5%)
   Input: <class 'numpy.float32'>, Output: <class 'numpy.float32'>
  [cic_near_iid] ptq_fq_kl              client0_ft   d3 f1=0.9262 far=0.0228 missed=3556/85173
/home/danielpark605/tinyml-venv/lib/python3.12/site-packages/tensorflow/lite/python/convert.py:846: UserWarning: Statistics for quantized inputs were expected, but not specified; continuing anyway.
  warnings.warn(
W0000 00:00:1791231414.078362 1036691 tf_tfl_flatbuffer_helpers.cc:364] Ignored output_format.
W0000 00:00:1791231414.078771 1036691 tf_tfl_flatbuffer_helpers.cc:367] Ignored drop_control_dependency.
I0000 00:00:1791231414.079253 1036691 reader.cc:83] Reading SavedModel from: /tmp/tmp3_bwhriv
I0000 00:00:1791231414.081329 1036691 reader.cc:52] Reading meta graph with tags { serve }
I0000 00:00:1791231414.081708 1036691 reader.cc:147] Reading SavedModel debug info (if present) from: /tmp/tmp3_bwhriv
I0000 00:00:1791231414.089797 1036691 loader.cc:236] Restoring SavedModel bundle.
I0000 00:00:1791231414.115712 1036691 loader.cc:220] Running initialization op on SavedModel bundle at path: /tmp/tmp3_bwhriv
I0000 00:00:1791231414.126284 1036691 loader.cc:471] SavedModel load for tags { serve }; Status: success: OK. Took 47041 microseconds.
/home/danielpark605/tinyml-venv/lib/python3.12/site-packages/tensorflow/lite/python/interpreter.py:457: UserWarning:     Warning: tf.lite.Interpreter is deprecated and is scheduled for deletion in
    TF 2.20. Please use the LiteRT interpreter from the ai_edge_litert package.
    See the [migration guide](https://ai.google.dev/edge/litert/migration)
    for details.
    
  warnings.warn(_INTERPRETER_DELETION_WARNING)
   [QAT Strip] Input model type: Functional
   [QAT Strip] Input model class: tf_keras.src.engine.functional.Functional
   [QAT Strip] Creating TF.Keras Functional model with input shape: (78,)
   [QAT Strip] TF_USE_LEGACY_KERAS=1
   [QAT Strip] 4 Dense layers after BatchNorm folding
   [QAT Strip] Created model type: Functional
   [QAT Strip] Model class: tf_keras.src.engine.functional.Functional
   [QAT Strip] Total layers: 5
   [QAT Strip] Is tensorflow.keras model: False
   [QAT Strip] WARNING: Model is not tensorflow.keras! QAT may fail.
✅ Saved (QAT): data/processed/revision/2026-10-05_x2_ptq_init_qat/quant_lit/cic_near_iid/ptq_fq_clip5_max_client0_ft_d3.tflite (65.45 KB)
   Quantization: 10/16 tensors (62.5%)
   Input: <class 'numpy.float32'>, Output: <class 'numpy.float32'>
  [cic_near_iid] ptq_fq_clip5_max       client0_ft   d3 f1=0.8760 far=0.0551 missed=988/85173
/home/danielpark605/tinyml-venv/lib/python3.12/site-packages/tensorflow/lite/python/convert.py:846: UserWarning: Statistics for quantized inputs were expected, but not specified; continuing anyway.
  warnings.warn(
W0000 00:00:1791231418.029291 1036691 tf_tfl_flatbuffer_helpers.cc:364] Ignored output_format.
W0000 00:00:1791231418.029702 1036691 tf_tfl_flatbuffer_helpers.cc:367] Ignored drop_control_dependency.
I0000 00:00:1791231418.030244 1036691 reader.cc:83] Reading SavedModel from: /tmp/tmpgcoqflyt
I0000 00:00:1791231418.032352 1036691 reader.cc:52] Reading meta graph with tags { serve }
I0000 00:00:1791231418.032717 1036691 reader.cc:147] Reading SavedModel debug info (if present) from: /tmp/tmpgcoqflyt
I0000 00:00:1791231418.042701 1036691 loader.cc:236] Restoring SavedModel bundle.
I0000 00:00:1791231418.101251 1036691 loader.cc:220] Running initialization op on SavedModel bundle at path: /tmp/tmpgcoqflyt
I0000 00:00:1791231418.115381 1036691 loader.cc:471] SavedModel load for tags { serve }; Status: success: OK. Took 85146 microseconds.
/home/danielpark605/tinyml-venv/lib/python3.12/site-packages/tensorflow/lite/python/interpreter.py:457: UserWarning:     Warning: tf.lite.Interpreter is deprecated and is scheduled for deletion in
    TF 2.20. Please use the LiteRT interpreter from the ai_edge_litert package.
    See the [migration guide](https://ai.google.dev/edge/litert/migration)
    for details.
    
  warnings.warn(_INTERPRETER_DELETION_WARNING)
   [QAT Strip] Input model type: Functional
   [QAT Strip] Input model class: tf_keras.src.engine.functional.Functional
   [QAT Strip] Creating TF.Keras Functional model with input shape: (78,)
   [QAT Strip] TF_USE_LEGACY_KERAS=1
   [QAT Strip] 4 Dense layers after BatchNorm folding
   [QAT Strip] Created model type: Functional
   [QAT Strip] Model class: tf_keras.src.engine.functional.Functional
   [QAT Strip] Total layers: 5
   [QAT Strip] Is tensorflow.keras model: False
   [QAT Strip] WARNING: Model is not tensorflow.keras! QAT may fail.
✅ Saved (QAT): data/processed/revision/2026-10-05_x2_ptq_init_qat/quant_lit/cic_near_iid/qat_default_client0_ft_d3.tflite (65.45 KB)
   Quantization: 10/16 tensors (62.5%)
   Input: <class 'numpy.float32'>, Output: <class 'numpy.float32'>
  [cic_near_iid] qat_default            client0_ft   d3 f1=0.8823 far=0.0534 missed=462/85173
/home/danielpark605/tinyml-venv/lib/python3.12/site-packages/tensorflow/lite/python/convert.py:846: UserWarning: Statistics for quantized inputs were expected, but not specified; continuing anyway.
  warnings.warn(
W0000 00:00:1791231422.513101 1036691 tf_tfl_flatbuffer_helpers.cc:364] Ignored output_format.
W0000 00:00:1791231422.513498 1036691 tf_tfl_flatbuffer_helpers.cc:367] Ignored drop_control_dependency.
I0000 00:00:1791231422.513937 1036691 reader.cc:83] Reading SavedModel from: /tmp/tmpyz16u_tk
I0000 00:00:1791231422.515858 1036691 reader.cc:52] Reading meta graph with tags { serve }
I0000 00:00:1791231422.516249 1036691 reader.cc:147] Reading SavedModel debug info (if present) from: /tmp/tmpyz16u_tk
I0000 00:00:1791231422.531297 1036691 loader.cc:236] Restoring SavedModel bundle.
I0000 00:00:1791231422.576412 1036691 loader.cc:220] Running initialization op on SavedModel bundle at path: /tmp/tmpyz16u_tk
I0000 00:00:1791231422.587010 1036691 loader.cc:471] SavedModel load for tags { serve }; Status: success: OK. Took 73090 microseconds.
/home/danielpark605/tinyml-venv/lib/python3.12/site-packages/tensorflow/lite/python/interpreter.py:457: UserWarning:     Warning: tf.lite.Interpreter is deprecated and is scheduled for deletion in
    TF 2.20. Please use the LiteRT interpreter from the ai_edge_litert package.
    See the [migration guide](https://ai.google.dev/edge/litert/migration)
    for details.
    
  warnings.warn(_INTERPRETER_DELETION_WARNING)
   [QAT Strip] Input model type: Functional
   [QAT Strip] Input model class: tf_keras.src.engine.functional.Functional
   [QAT Strip] Creating TF.Keras Functional model with input shape: (78,)
   [QAT Strip] TF_USE_LEGACY_KERAS=1
   [QAT Strip] 4 Dense layers after BatchNorm folding
   [QAT Strip] Created model type: Functional
   [QAT Strip] Model class: tf_keras.src.engine.functional.Functional
   [QAT Strip] Total layers: 5
   [QAT Strip] Is tensorflow.keras model: False
   [QAT Strip] WARNING: Model is not tensorflow.keras! QAT may fail.
✅ Saved (QAT): data/processed/revision/2026-10-05_x2_ptq_init_qat/quant_lit/cic_near_iid/qat_init_max_client0_ft_d3.tflite (65.45 KB)
   Quantization: 10/16 tensors (62.5%)
   Input: <class 'numpy.float32'>, Output: <class 'numpy.float32'>
  [cic_near_iid] qat_init_max           client0_ft   d3 f1=0.8827 far=0.0534 missed=366/85173
/home/danielpark605/tinyml-venv/lib/python3.12/site-packages/tensorflow/lite/python/convert.py:846: UserWarning: Statistics for quantized inputs were expected, but not specified; continuing anyway.
  warnings.warn(
W0000 00:00:1791231426.515924 1036691 tf_tfl_flatbuffer_helpers.cc:364] Ignored output_format.
W0000 00:00:1791231426.516292 1036691 tf_tfl_flatbuffer_helpers.cc:367] Ignored drop_control_dependency.
I0000 00:00:1791231426.516755 1036691 reader.cc:83] Reading SavedModel from: /tmp/tmpynjrv3d9
I0000 00:00:1791231426.519648 1036691 reader.cc:52] Reading meta graph with tags { serve }
I0000 00:00:1791231426.520022 1036691 reader.cc:147] Reading SavedModel debug info (if present) from: /tmp/tmpynjrv3d9
I0000 00:00:1791231426.530236 1036691 loader.cc:236] Restoring SavedModel bundle.
I0000 00:00:1791231426.582404 1036691 loader.cc:220] Running initialization op on SavedModel bundle at path: /tmp/tmpynjrv3d9
I0000 00:00:1791231426.596410 1036691 loader.cc:471] SavedModel load for tags { serve }; Status: success: OK. Took 79666 microseconds.
/home/danielpark605/tinyml-venv/lib/python3.12/site-packages/tensorflow/lite/python/interpreter.py:457: UserWarning:     Warning: tf.lite.Interpreter is deprecated and is scheduled for deletion in
    TF 2.20. Please use the LiteRT interpreter from the ai_edge_litert package.
    See the [migration guide](https://ai.google.dev/edge/litert/migration)
    for details.
    
  warnings.warn(_INTERPRETER_DELETION_WARNING)
   [QAT Strip] Input model type: Functional
   [QAT Strip] Input model class: tf_keras.src.engine.functional.Functional
   [QAT Strip] Creating TF.Keras Functional model with input shape: (78,)
   [QAT Strip] TF_USE_LEGACY_KERAS=1
   [QAT Strip] 4 Dense layers after BatchNorm folding
   [QAT Strip] Created model type: Functional
   [QAT Strip] Model class: tf_keras.src.engine.functional.Functional
   [QAT Strip] Total layers: 5
   [QAT Strip] Is tensorflow.keras model: False
   [QAT Strip] WARNING: Model is not tensorflow.keras! QAT may fail.
✅ Saved (QAT): data/processed/revision/2026-10-05_x2_ptq_init_qat/quant_lit/cic_near_iid/qat_init_pct9999_client0_ft_d3.tflite (65.45 KB)
   Quantization: 10/16 tensors (62.5%)
   Input: <class 'numpy.float32'>, Output: <class 'numpy.float32'>
  [cic_near_iid] qat_init_pct9999       client0_ft   d3 f1=0.8861 far=0.0515 missed=421/85173
/home/danielpark605/tinyml-venv/lib/python3.12/site-packages/tensorflow/lite/python/convert.py:846: UserWarning: Statistics for quantized inputs were expected, but not specified; continuing anyway.
  warnings.warn(
W0000 00:00:1791231430.580809 1036691 tf_tfl_flatbuffer_helpers.cc:364] Ignored output_format.
W0000 00:00:1791231430.581194 1036691 tf_tfl_flatbuffer_helpers.cc:367] Ignored drop_control_dependency.
I0000 00:00:1791231430.581650 1036691 reader.cc:83] Reading SavedModel from: /tmp/tmpetrds3dh
I0000 00:00:1791231430.583461 1036691 reader.cc:52] Reading meta graph with tags { serve }
I0000 00:00:1791231430.583832 1036691 reader.cc:147] Reading SavedModel debug info (if present) from: /tmp/tmpetrds3dh
I0000 00:00:1791231430.597224 1036691 loader.cc:236] Restoring SavedModel bundle.
I0000 00:00:1791231428.914292 1036691 loader.cc:220] Running initialization op on SavedModel bundle at path: /tmp/tmpetrds3dh
I0000 00:00:1791231428.925618 1036691 loader.cc:471] SavedModel load for tags { serve }; Status: success: OK. Took 0 microseconds.
/home/danielpark605/tinyml-venv/lib/python3.12/site-packages/tensorflow/lite/python/interpreter.py:457: UserWarning:     Warning: tf.lite.Interpreter is deprecated and is scheduled for deletion in
    TF 2.20. Please use the LiteRT interpreter from the ai_edge_litert package.
    See the [migration guide](https://ai.google.dev/edge/litert/migration)
    for details.
    
  warnings.warn(_INTERPRETER_DELETION_WARNING)
   [QAT Strip] Input model type: Functional
   [QAT Strip] Input model class: tf_keras.src.engine.functional.Functional
   [QAT Strip] Creating TF.Keras Functional model with input shape: (78,)
   [QAT Strip] TF_USE_LEGACY_KERAS=1
   [QAT Strip] 4 Dense layers after BatchNorm folding
   [QAT Strip] Created model type: Functional
   [QAT Strip] Model class: tf_keras.src.engine.functional.Functional
   [QAT Strip] Total layers: 5
   [QAT Strip] Is tensorflow.keras model: False
   [QAT Strip] WARNING: Model is not tensorflow.keras! QAT may fail.
✅ Saved (QAT): data/processed/revision/2026-10-05_x2_ptq_init_qat/quant_lit/cic_near_iid/qat_init_mse_client0_ft_d3.tflite (65.45 KB)
   Quantization: 10/16 tensors (62.5%)
   Input: <class 'numpy.float32'>, Output: <class 'numpy.float32'>
  [cic_near_iid] qat_init_mse           client0_ft   d3 f1=0.8835 far=0.0531 missed=367/85173
/home/danielpark605/tinyml-venv/lib/python3.12/site-packages/tensorflow/lite/python/convert.py:846: UserWarning: Statistics for quantized inputs were expected, but not specified; continuing anyway.
  warnings.warn(
W0000 00:00:1791231433.371479 1036691 tf_tfl_flatbuffer_helpers.cc:364] Ignored output_format.
W0000 00:00:1791231433.371864 1036691 tf_tfl_flatbuffer_helpers.cc:367] Ignored drop_control_dependency.
I0000 00:00:1791231433.372278 1036691 reader.cc:83] Reading SavedModel from: /tmp/tmpzo71af7r
I0000 00:00:1791231433.373994 1036691 reader.cc:52] Reading meta graph with tags { serve }
I0000 00:00:1791231433.374276 1036691 reader.cc:147] Reading SavedModel debug info (if present) from: /tmp/tmpzo71af7r
I0000 00:00:1791231433.384506 1036691 loader.cc:236] Restoring SavedModel bundle.
I0000 00:00:1791231433.437460 1036691 loader.cc:220] Running initialization op on SavedModel bundle at path: /tmp/tmpzo71af7r
I0000 00:00:1791231433.451958 1036691 loader.cc:471] SavedModel load for tags { serve }; Status: success: OK. Took 79702 microseconds.
/home/danielpark605/tinyml-venv/lib/python3.12/site-packages/tensorflow/lite/python/interpreter.py:457: UserWarning:     Warning: tf.lite.Interpreter is deprecated and is scheduled for deletion in
    TF 2.20. Please use the LiteRT interpreter from the ai_edge_litert package.
    See the [migration guide](https://ai.google.dev/edge/litert/migration)
    for details.
    
  warnings.warn(_INTERPRETER_DELETION_WARNING)
   [QAT Strip] Input model type: Functional
   [QAT Strip] Input model class: tf_keras.src.engine.functional.Functional
   [QAT Strip] Creating TF.Keras Functional model with input shape: (78,)
   [QAT Strip] TF_USE_LEGACY_KERAS=1
   [QAT Strip] 4 Dense layers after BatchNorm folding
   [QAT Strip] Created model type: Functional
   [QAT Strip] Model class: tf_keras.src.engine.functional.Functional
   [QAT Strip] Total layers: 5
   [QAT Strip] Is tensorflow.keras model: False
   [QAT Strip] WARNING: Model is not tensorflow.keras! QAT may fail.
✅ Saved (QAT): data/processed/revision/2026-10-05_x2_ptq_init_qat/quant_lit/cic_near_iid/qat_init_kl_client0_ft_d3.tflite (65.45 KB)
   Quantization: 10/16 tensors (62.5%)
   Input: <class 'numpy.float32'>, Output: <class 'numpy.float32'>
  [cic_near_iid] qat_init_kl            client0_ft   d3 f1=0.8850 far=0.0521 missed=402/85173
/home/danielpark605/tinyml-venv/lib/python3.12/site-packages/tensorflow/lite/python/convert.py:846: UserWarning: Statistics for quantized inputs were expected, but not specified; continuing anyway.
  warnings.warn(
W0000 00:00:1791231437.437432 1036691 tf_tfl_flatbuffer_helpers.cc:364] Ignored output_format.
W0000 00:00:1791231437.437826 1036691 tf_tfl_flatbuffer_helpers.cc:367] Ignored drop_control_dependency.
I0000 00:00:1791231437.438274 1036691 reader.cc:83] Reading SavedModel from: /tmp/tmpcl26gh0t
I0000 00:00:1791231437.441349 1036691 reader.cc:52] Reading meta graph with tags { serve }
I0000 00:00:1791231437.441719 1036691 reader.cc:147] Reading SavedModel debug info (if present) from: /tmp/tmpcl26gh0t
I0000 00:00:1791231437.454208 1036691 loader.cc:236] Restoring SavedModel bundle.
I0000 00:00:1791231437.510096 1036691 loader.cc:220] Running initialization op on SavedModel bundle at path: /tmp/tmpcl26gh0t
I0000 00:00:1791231437.520934 1036691 loader.cc:471] SavedModel load for tags { serve }; Status: success: OK. Took 82678 microseconds.
/home/danielpark605/tinyml-venv/lib/python3.12/site-packages/tensorflow/lite/python/interpreter.py:457: UserWarning:     Warning: tf.lite.Interpreter is deprecated and is scheduled for deletion in
    TF 2.20. Please use the LiteRT interpreter from the ai_edge_litert package.
    See the [migration guide](https://ai.google.dev/edge/litert/migration)
    for details.
    
  warnings.warn(_INTERPRETER_DELETION_WARNING)
   [QAT Strip] Input model type: Functional
   [QAT Strip] Input model class: tf_keras.src.engine.functional.Functional
   [QAT Strip] Creating TF.Keras Functional model with input shape: (78,)
   [QAT Strip] TF_USE_LEGACY_KERAS=1
   [QAT Strip] 4 Dense layers after BatchNorm folding
   [QAT Strip] Created model type: Functional
   [QAT Strip] Model class: tf_keras.src.engine.functional.Functional
   [QAT Strip] Total layers: 5
   [QAT Strip] Is tensorflow.keras model: False
   [QAT Strip] WARNING: Model is not tensorflow.keras! QAT may fail.
✅ Saved (QAT): data/processed/revision/2026-10-05_x2_ptq_init_qat/quant_lit/cic_near_iid/qat_init_clip5_max_client0_ft_d3.tflite (65.45 KB)
   Quantization: 10/16 tensors (62.5%)
   Input: <class 'numpy.float32'>, Output: <class 'numpy.float32'>
  [cic_near_iid] qat_init_clip5_max     client0_ft   d3 f1=0.8847 far=0.0523 missed=387/85173
/home/danielpark605/tinyml-venv/lib/python3.12/site-packages/tensorflow/lite/python/convert.py:846: UserWarning: Statistics for quantized inputs were expected, but not specified; continuing anyway.
  warnings.warn(
W0000 00:00:1791231441.596648 1036691 tf_tfl_flatbuffer_helpers.cc:364] Ignored output_format.
W0000 00:00:1791231441.597025 1036691 tf_tfl_flatbuffer_helpers.cc:367] Ignored drop_control_dependency.
I0000 00:00:1791231441.597511 1036691 reader.cc:83] Reading SavedModel from: /tmp/tmp18r8agg0
I0000 00:00:1791231441.599530 1036691 reader.cc:52] Reading meta graph with tags { serve }
I0000 00:00:1791231441.599999 1036691 reader.cc:147] Reading SavedModel debug info (if present) from: /tmp/tmp18r8agg0
I0000 00:00:1791231441.614427 1036691 loader.cc:236] Restoring SavedModel bundle.
I0000 00:00:1791231441.672644 1036691 loader.cc:220] Running initialization op on SavedModel bundle at path: /tmp/tmp18r8agg0
I0000 00:00:1791231441.687457 1036691 loader.cc:471] SavedModel load for tags { serve }; Status: success: OK. Took 89959 microseconds.
/home/danielpark605/tinyml-venv/lib/python3.12/site-packages/tensorflow/lite/python/interpreter.py:457: UserWarning:     Warning: tf.lite.Interpreter is deprecated and is scheduled for deletion in
    TF 2.20. Please use the LiteRT interpreter from the ai_edge_litert package.
    See the [migration guide](https://ai.google.dev/edge/litert/migration)
    for details.
    
  warnings.warn(_INTERPRETER_DELETION_WARNING)
   [QAT Strip] Input model type: Functional
   [QAT Strip] Input model class: tf_keras.src.engine.functional.Functional
   [QAT Strip] Creating TF.Keras Functional model with input shape: (78,)
   [QAT Strip] TF_USE_LEGACY_KERAS=1
   [QAT Strip] 4 Dense layers after BatchNorm folding
   [QAT Strip] Created model type: Functional
   [QAT Strip] Model class: tf_keras.src.engine.functional.Functional
   [QAT Strip] Total layers: 5
   [QAT Strip] Is tensorflow.keras model: False
   [QAT Strip] WARNING: Model is not tensorflow.keras! QAT may fail.
✅ Saved (QAT): data/processed/revision/2026-10-05_x2_ptq_init_qat/quant_lit/cic_near_iid/qat_fixed_max_client0_ft_d3.tflite (65.45 KB)
   Quantization: 10/16 tensors (62.5%)
   Input: <class 'numpy.float32'>, Output: <class 'numpy.float32'>
  [cic_near_iid] qat_fixed_max          client0_ft   d3 f1=0.9068 far=0.0412 missed=340/85173
/home/danielpark605/tinyml-venv/lib/python3.12/site-packages/tensorflow/lite/python/convert.py:846: UserWarning: Statistics for quantized inputs were expected, but not specified; continuing anyway.
  warnings.warn(
W0000 00:00:1791231445.804144 1036691 tf_tfl_flatbuffer_helpers.cc:364] Ignored output_format.
W0000 00:00:1791231445.804519 1036691 tf_tfl_flatbuffer_helpers.cc:367] Ignored drop_control_dependency.
I0000 00:00:1791231445.805027 1036691 reader.cc:83] Reading SavedModel from: /tmp/tmp1j00wqve
I0000 00:00:1791231445.806562 1036691 reader.cc:52] Reading meta graph with tags { serve }
I0000 00:00:1791231445.806901 1036691 reader.cc:147] Reading SavedModel debug info (if present) from: /tmp/tmp1j00wqve
I0000 00:00:1791231445.814656 1036691 loader.cc:236] Restoring SavedModel bundle.
I0000 00:00:1791231445.866155 1036691 loader.cc:220] Running initialization op on SavedModel bundle at path: /tmp/tmp1j00wqve
I0000 00:00:1791231445.883489 1036691 loader.cc:471] SavedModel load for tags { serve }; Status: success: OK. Took 78471 microseconds.
/home/danielpark605/tinyml-venv/lib/python3.12/site-packages/tensorflow/lite/python/interpreter.py:457: UserWarning:     Warning: tf.lite.Interpreter is deprecated and is scheduled for deletion in
    TF 2.20. Please use the LiteRT interpreter from the ai_edge_litert package.
    See the [migration guide](https://ai.google.dev/edge/litert/migration)
    for details.
    
  warnings.warn(_INTERPRETER_DELETION_WARNING)
   [QAT Strip] Input model type: Functional
   [QAT Strip] Input model class: tf_keras.src.engine.functional.Functional
   [QAT Strip] Creating TF.Keras Functional model with input shape: (78,)
   [QAT Strip] TF_USE_LEGACY_KERAS=1
   [QAT Strip] 4 Dense layers after BatchNorm folding
   [QAT Strip] Created model type: Functional
   [QAT Strip] Model class: tf_keras.src.engine.functional.Functional
   [QAT Strip] Total layers: 5
   [QAT Strip] Is tensorflow.keras model: False
   [QAT Strip] WARNING: Model is not tensorflow.keras! QAT may fail.
✅ Saved (QAT): data/processed/revision/2026-10-05_x2_ptq_init_qat/quant_lit/cic_near_iid/qat_fixed_pct9999_client0_ft_d3.tflite (65.45 KB)
   Quantization: 10/16 tensors (62.5%)
   Input: <class 'numpy.float32'>, Output: <class 'numpy.float32'>
  [cic_near_iid] qat_fixed_pct9999      client0_ft   d3 f1=0.8755 far=0.0575 missed=300/85173
/home/danielpark605/tinyml-venv/lib/python3.12/site-packages/tensorflow/lite/python/convert.py:846: UserWarning: Statistics for quantized inputs were expected, but not specified; continuing anyway.
  warnings.warn(
W0000 00:00:1791231450.580179 1036691 tf_tfl_flatbuffer_helpers.cc:364] Ignored output_format.
W0000 00:00:1791231450.580563 1036691 tf_tfl_flatbuffer_helpers.cc:367] Ignored drop_control_dependency.
I0000 00:00:1791231450.581008 1036691 reader.cc:83] Reading SavedModel from: /tmp/tmpmsuwyrji
I0000 00:00:1791231450.582968 1036691 reader.cc:52] Reading meta graph with tags { serve }
I0000 00:00:1791231450.583336 1036691 reader.cc:147] Reading SavedModel debug info (if present) from: /tmp/tmpmsuwyrji
I0000 00:00:1791231450.597678 1036691 loader.cc:236] Restoring SavedModel bundle.
I0000 00:00:1791231450.653094 1036691 loader.cc:220] Running initialization op on SavedModel bundle at path: /tmp/tmpmsuwyrji
I0000 00:00:1791231450.666750 1036691 loader.cc:471] SavedModel load for tags { serve }; Status: success: OK. Took 85770 microseconds.
/home/danielpark605/tinyml-venv/lib/python3.12/site-packages/tensorflow/lite/python/interpreter.py:457: UserWarning:     Warning: tf.lite.Interpreter is deprecated and is scheduled for deletion in
    TF 2.20. Please use the LiteRT interpreter from the ai_edge_litert package.
    See the [migration guide](https://ai.google.dev/edge/litert/migration)
    for details.
    
  warnings.warn(_INTERPRETER_DELETION_WARNING)
   [QAT Strip] Input model type: Functional
   [QAT Strip] Input model class: tf_keras.src.engine.functional.Functional
   [QAT Strip] Creating TF.Keras Functional model with input shape: (78,)
   [QAT Strip] TF_USE_LEGACY_KERAS=1
   [QAT Strip] 4 Dense layers after BatchNorm folding
   [QAT Strip] Created model type: Functional
   [QAT Strip] Model class: tf_keras.src.engine.functional.Functional
   [QAT Strip] Total layers: 5
   [QAT Strip] Is tensorflow.keras model: False
   [QAT Strip] WARNING: Model is not tensorflow.keras! QAT may fail.
✅ Saved (QAT): data/processed/revision/2026-10-05_x2_ptq_init_qat/quant_lit/cic_near_iid/qat_fixed_mse_client0_ft_d3.tflite (65.45 KB)
   Quantization: 10/16 tensors (62.5%)
   Input: <class 'numpy.float32'>, Output: <class 'numpy.float32'>
  [cic_near_iid] qat_fixed_mse          client0_ft   d3 f1=0.8938 far=0.0470 missed=590/85173
/home/danielpark605/tinyml-venv/lib/python3.12/site-packages/tensorflow/lite/python/convert.py:846: UserWarning: Statistics for quantized inputs were expected, but not specified; continuing anyway.
  warnings.warn(
W0000 00:00:1791231454.750087 1036691 tf_tfl_flatbuffer_helpers.cc:364] Ignored output_format.
W0000 00:00:1791231454.750471 1036691 tf_tfl_flatbuffer_helpers.cc:367] Ignored drop_control_dependency.
I0000 00:00:1791231454.750913 1036691 reader.cc:83] Reading SavedModel from: /tmp/tmpwudm57o2
I0000 00:00:1791231454.752975 1036691 reader.cc:52] Reading meta graph with tags { serve }
I0000 00:00:1791231454.753355 1036691 reader.cc:147] Reading SavedModel debug info (if present) from: /tmp/tmpwudm57o2
I0000 00:00:1791231454.763080 1036691 loader.cc:236] Restoring SavedModel bundle.
I0000 00:00:1791231454.812979 1036691 loader.cc:220] Running initialization op on SavedModel bundle at path: /tmp/tmpwudm57o2
I0000 00:00:1791231454.827788 1036691 loader.cc:471] SavedModel load for tags { serve }; Status: success: OK. Took 76896 microseconds.
/home/danielpark605/tinyml-venv/lib/python3.12/site-packages/tensorflow/lite/python/interpreter.py:457: UserWarning:     Warning: tf.lite.Interpreter is deprecated and is scheduled for deletion in
    TF 2.20. Please use the LiteRT interpreter from the ai_edge_litert package.
    See the [migration guide](https://ai.google.dev/edge/litert/migration)
    for details.
    
  warnings.warn(_INTERPRETER_DELETION_WARNING)
   [QAT Strip] Input model type: Functional
   [QAT Strip] Input model class: tf_keras.src.engine.functional.Functional
   [QAT Strip] Creating TF.Keras Functional model with input shape: (78,)
   [QAT Strip] TF_USE_LEGACY_KERAS=1
   [QAT Strip] 4 Dense layers after BatchNorm folding
   [QAT Strip] Created model type: Functional
   [QAT Strip] Model class: tf_keras.src.engine.functional.Functional
   [QAT Strip] Total layers: 5
   [QAT Strip] Is tensorflow.keras model: False
   [QAT Strip] WARNING: Model is not tensorflow.keras! QAT may fail.
✅ Saved (QAT): data/processed/revision/2026-10-05_x2_ptq_init_qat/quant_lit/cic_near_iid/qat_fixed_clip5_max_client0_ft_d3.tflite (65.45 KB)
   Quantization: 10/16 tensors (62.5%)
   Input: <class 'numpy.float32'>, Output: <class 'numpy.float32'>
  [cic_near_iid] qat_fixed_clip5_max    client0_ft   d3 f1=0.8743 far=0.0582 missed=284/85173
/home/danielpark605/tinyml-venv/lib/python3.12/site-packages/tensorflow/lite/python/convert.py:846: UserWarning: Statistics for quantized inputs were expected, but not specified; continuing anyway.
  warnings.warn(
W0000 00:00:1791231458.007554 1036691 tf_tfl_flatbuffer_helpers.cc:364] Ignored output_format.
W0000 00:00:1791231458.008013 1036691 tf_tfl_flatbuffer_helpers.cc:367] Ignored drop_control_dependency.
I0000 00:00:1791231458.008548 1036691 reader.cc:83] Reading SavedModel from: /tmp/tmp7bgzucn5
I0000 00:00:1791231458.009664 1036691 reader.cc:52] Reading meta graph with tags { serve }
I0000 00:00:1791231458.010061 1036691 reader.cc:147] Reading SavedModel debug info (if present) from: /tmp/tmp7bgzucn5
I0000 00:00:1791231458.013318 1036691 loader.cc:236] Restoring SavedModel bundle.
I0000 00:00:1791231458.028855 1036691 loader.cc:220] Running initialization op on SavedModel bundle at path: /tmp/tmp7bgzucn5
I0000 00:00:1791231458.034113 1036691 loader.cc:471] SavedModel load for tags { serve }; Status: success: OK. Took 25572 microseconds.
fully_quantize: 0, inference_type: 6, input_inference_type: FLOAT32, output_inference_type: FLOAT32
W0000 00:00:1791231458.099674 1036691 flatbuffer_export.cc:3851] Skipping runtime version metadata in the model. This will be generated by the exporter.
/home/danielpark605/tinyml-venv/lib/python3.12/site-packages/tensorflow/lite/python/interpreter.py:457: UserWarning:     Warning: tf.lite.Interpreter is deprecated and is scheduled for deletion in
    TF 2.20. Please use the LiteRT interpreter from the ai_edge_litert package.
    See the [migration guide](https://ai.google.dev/edge/litert/migration)
    for details.
    
  warnings.warn(_INTERPRETER_DELETION_WARNING)
  [cic_near_iid] ptq_tflite_max         client0_ft   d4 f1=0.8905 far=0.0482 missed=779/85173
/home/danielpark605/tinyml-venv/lib/python3.12/site-packages/tensorflow/lite/python/convert.py:846: UserWarning: Statistics for quantized inputs were expected, but not specified; continuing anyway.
  warnings.warn(
W0000 00:00:1791231461.975653 1036691 tf_tfl_flatbuffer_helpers.cc:364] Ignored output_format.
W0000 00:00:1791231461.976144 1036691 tf_tfl_flatbuffer_helpers.cc:367] Ignored drop_control_dependency.
I0000 00:00:1791231461.976567 1036691 reader.cc:83] Reading SavedModel from: /tmp/tmp4byi3bzm
I0000 00:00:1791231461.978338 1036691 reader.cc:52] Reading meta graph with tags { serve }
I0000 00:00:1791231461.978756 1036691 reader.cc:147] Reading SavedModel debug info (if present) from: /tmp/tmp4byi3bzm
I0000 00:00:1791231461.991245 1036691 loader.cc:236] Restoring SavedModel bundle.
I0000 00:00:1791231462.022741 1036691 loader.cc:220] Running initialization op on SavedModel bundle at path: /tmp/tmp4byi3bzm
I0000 00:00:1791231462.032076 1036691 loader.cc:471] SavedModel load for tags { serve }; Status: success: OK. Took 55516 microseconds.
/home/danielpark605/tinyml-venv/lib/python3.12/site-packages/tensorflow/lite/python/interpreter.py:457: UserWarning:     Warning: tf.lite.Interpreter is deprecated and is scheduled for deletion in
    TF 2.20. Please use the LiteRT interpreter from the ai_edge_litert package.
    See the [migration guide](https://ai.google.dev/edge/litert/migration)
    for details.
    
  warnings.warn(_INTERPRETER_DELETION_WARNING)
   [QAT Strip] Input model type: Functional
   [QAT Strip] Input model class: tf_keras.src.engine.functional.Functional
   [QAT Strip] Creating TF.Keras Functional model with input shape: (78,)
   [QAT Strip] TF_USE_LEGACY_KERAS=1
   [QAT Strip] 4 Dense layers after BatchNorm folding
   [QAT Strip] Created model type: Functional
   [QAT Strip] Model class: tf_keras.src.engine.functional.Functional
   [QAT Strip] Total layers: 5
   [QAT Strip] Is tensorflow.keras model: False
   [QAT Strip] WARNING: Model is not tensorflow.keras! QAT may fail.
✅ Saved (QAT): data/processed/revision/2026-10-05_x2_ptq_init_qat/quant_lit/cic_near_iid/ptq_fq_max_client0_ft_d4.tflite (65.45 KB)
   Quantization: 10/16 tensors (62.5%)
   Input: <class 'numpy.float32'>, Output: <class 'numpy.float32'>
  [cic_near_iid] ptq_fq_max             client0_ft   d4 f1=0.8938 far=0.0457 missed=1048/85173
/home/danielpark605/tinyml-venv/lib/python3.12/site-packages/tensorflow/lite/python/convert.py:846: UserWarning: Statistics for quantized inputs were expected, but not specified; continuing anyway.
  warnings.warn(
W0000 00:00:1791231465.645143 1036691 tf_tfl_flatbuffer_helpers.cc:364] Ignored output_format.
W0000 00:00:1791231465.645593 1036691 tf_tfl_flatbuffer_helpers.cc:367] Ignored drop_control_dependency.
I0000 00:00:1791231465.646126 1036691 reader.cc:83] Reading SavedModel from: /tmp/tmp591t7ksf
I0000 00:00:1791231465.648704 1036691 reader.cc:52] Reading meta graph with tags { serve }
I0000 00:00:1791231465.649113 1036691 reader.cc:147] Reading SavedModel debug info (if present) from: /tmp/tmp591t7ksf
I0000 00:00:1791231465.660546 1036691 loader.cc:236] Restoring SavedModel bundle.
I0000 00:00:1791231465.703920 1036691 loader.cc:220] Running initialization op on SavedModel bundle at path: /tmp/tmp591t7ksf
I0000 00:00:1791231465.715645 1036691 loader.cc:471] SavedModel load for tags { serve }; Status: success: OK. Took 69537 microseconds.
/home/danielpark605/tinyml-venv/lib/python3.12/site-packages/tensorflow/lite/python/interpreter.py:457: UserWarning:     Warning: tf.lite.Interpreter is deprecated and is scheduled for deletion in
    TF 2.20. Please use the LiteRT interpreter from the ai_edge_litert package.
    See the [migration guide](https://ai.google.dev/edge/litert/migration)
    for details.
    
  warnings.warn(_INTERPRETER_DELETION_WARNING)
   [QAT Strip] Input model type: Functional
   [QAT Strip] Input model class: tf_keras.src.engine.functional.Functional
   [QAT Strip] Creating TF.Keras Functional model with input shape: (78,)
   [QAT Strip] TF_USE_LEGACY_KERAS=1
   [QAT Strip] 4 Dense layers after BatchNorm folding
   [QAT Strip] Created model type: Functional
   [QAT Strip] Model class: tf_keras.src.engine.functional.Functional
   [QAT Strip] Total layers: 5
   [QAT Strip] Is tensorflow.keras model: False
   [QAT Strip] WARNING: Model is not tensorflow.keras! QAT may fail.
✅ Saved (QAT): data/processed/revision/2026-10-05_x2_ptq_init_qat/quant_lit/cic_near_iid/ptq_fq_pct9999_client0_ft_d4.tflite (65.45 KB)
   Quantization: 10/16 tensors (62.5%)
   Input: <class 'numpy.float32'>, Output: <class 'numpy.float32'>
  [cic_near_iid] ptq_fq_pct9999         client0_ft   d4 f1=0.8771 far=0.0565 missed=340/85173
/home/danielpark605/tinyml-venv/lib/python3.12/site-packages/tensorflow/lite/python/convert.py:846: UserWarning: Statistics for quantized inputs were expected, but not specified; continuing anyway.
  warnings.warn(
W0000 00:00:1791231468.735596 1036691 tf_tfl_flatbuffer_helpers.cc:364] Ignored output_format.
W0000 00:00:1791231468.736007 1036691 tf_tfl_flatbuffer_helpers.cc:367] Ignored drop_control_dependency.
I0000 00:00:1791231468.736545 1036691 reader.cc:83] Reading SavedModel from: /tmp/tmpgtmwkba0
I0000 00:00:1791231468.738895 1036691 reader.cc:52] Reading meta graph with tags { serve }
I0000 00:00:1791231468.739317 1036691 reader.cc:147] Reading SavedModel debug info (if present) from: /tmp/tmpgtmwkba0
I0000 00:00:1791231468.750090 1036691 loader.cc:236] Restoring SavedModel bundle.
I0000 00:00:1791231468.781576 1036691 loader.cc:220] Running initialization op on SavedModel bundle at path: /tmp/tmpgtmwkba0
I0000 00:00:1791231468.790052 1036691 loader.cc:471] SavedModel load for tags { serve }; Status: success: OK. Took 53528 microseconds.
/home/danielpark605/tinyml-venv/lib/python3.12/site-packages/tensorflow/lite/python/interpreter.py:457: UserWarning:     Warning: tf.lite.Interpreter is deprecated and is scheduled for deletion in
    TF 2.20. Please use the LiteRT interpreter from the ai_edge_litert package.
    See the [migration guide](https://ai.google.dev/edge/litert/migration)
    for details.
    
  warnings.warn(_INTERPRETER_DELETION_WARNING)
   [QAT Strip] Input model type: Functional
   [QAT Strip] Input model class: tf_keras.src.engine.functional.Functional
   [QAT Strip] Creating TF.Keras Functional model with input shape: (78,)
   [QAT Strip] TF_USE_LEGACY_KERAS=1
   [QAT Strip] 4 Dense layers after BatchNorm folding
   [QAT Strip] Created model type: Functional
   [QAT Strip] Model class: tf_keras.src.engine.functional.Functional
   [QAT Strip] Total layers: 5
   [QAT Strip] Is tensorflow.keras model: False
   [QAT Strip] WARNING: Model is not tensorflow.keras! QAT may fail.
✅ Saved (QAT): data/processed/revision/2026-10-05_x2_ptq_init_qat/quant_lit/cic_near_iid/ptq_fq_mse_client0_ft_d4.tflite (65.45 KB)
   Quantization: 10/16 tensors (62.5%)
   Input: <class 'numpy.float32'>, Output: <class 'numpy.float32'>
  [cic_near_iid] ptq_fq_mse             client0_ft   d4 f1=0.8927 far=0.0464 missed=999/85173
/home/danielpark605/tinyml-venv/lib/python3.12/site-packages/tensorflow/lite/python/convert.py:846: UserWarning: Statistics for quantized inputs were expected, but not specified; continuing anyway.
  warnings.warn(
W0000 00:00:1791231471.586445 1036691 tf_tfl_flatbuffer_helpers.cc:364] Ignored output_format.
W0000 00:00:1791231471.586856 1036691 tf_tfl_flatbuffer_helpers.cc:367] Ignored drop_control_dependency.
I0000 00:00:1791231471.587453 1036691 reader.cc:83] Reading SavedModel from: /tmp/tmp1eyfje2l
I0000 00:00:1791231471.589448 1036691 reader.cc:52] Reading meta graph with tags { serve }
I0000 00:00:1791231471.589853 1036691 reader.cc:147] Reading SavedModel debug info (if present) from: /tmp/tmp1eyfje2l
I0000 00:00:1791231471.600562 1036691 loader.cc:236] Restoring SavedModel bundle.
I0000 00:00:1791231471.635533 1036691 loader.cc:220] Running initialization op on SavedModel bundle at path: /tmp/tmp1eyfje2l
I0000 00:00:1791231471.647030 1036691 loader.cc:471] SavedModel load for tags { serve }; Status: success: OK. Took 59598 microseconds.
/home/danielpark605/tinyml-venv/lib/python3.12/site-packages/tensorflow/lite/python/interpreter.py:457: UserWarning:     Warning: tf.lite.Interpreter is deprecated and is scheduled for deletion in
    TF 2.20. Please use the LiteRT interpreter from the ai_edge_litert package.
    See the [migration guide](https://ai.google.dev/edge/litert/migration)
    for details.
    
  warnings.warn(_INTERPRETER_DELETION_WARNING)
   [QAT Strip] Input model type: Functional
   [QAT Strip] Input model class: tf_keras.src.engine.functional.Functional
   [QAT Strip] Creating TF.Keras Functional model with input shape: (78,)
   [QAT Strip] TF_USE_LEGACY_KERAS=1
   [QAT Strip] 4 Dense layers after BatchNorm folding
   [QAT Strip] Created model type: Functional
   [QAT Strip] Model class: tf_keras.src.engine.functional.Functional
   [QAT Strip] Total layers: 5
   [QAT Strip] Is tensorflow.keras model: False
   [QAT Strip] WARNING: Model is not tensorflow.keras! QAT may fail.
✅ Saved (QAT): data/processed/revision/2026-10-05_x2_ptq_init_qat/quant_lit/cic_near_iid/ptq_fq_kl_client0_ft_d4.tflite (65.45 KB)
   Quantization: 10/16 tensors (62.5%)
   Input: <class 'numpy.float32'>, Output: <class 'numpy.float32'>
  [cic_near_iid] ptq_fq_kl              client0_ft   d4 f1=0.9206 far=0.0215 missed=4937/85173
/home/danielpark605/tinyml-venv/lib/python3.12/site-packages/tensorflow/lite/python/convert.py:846: UserWarning: Statistics for quantized inputs were expected, but not specified; continuing anyway.
  warnings.warn(
W0000 00:00:1791231474.512674 1036691 tf_tfl_flatbuffer_helpers.cc:364] Ignored output_format.
W0000 00:00:1791231474.513063 1036691 tf_tfl_flatbuffer_helpers.cc:367] Ignored drop_control_dependency.
I0000 00:00:1791231474.513505 1036691 reader.cc:83] Reading SavedModel from: /tmp/tmpi1tedh98
I0000 00:00:1791231474.515220 1036691 reader.cc:52] Reading meta graph with tags { serve }
I0000 00:00:1791231474.515575 1036691 reader.cc:147] Reading SavedModel debug info (if present) from: /tmp/tmpi1tedh98
I0000 00:00:1791231474.523656 1036691 loader.cc:236] Restoring SavedModel bundle.
I0000 00:00:1791231474.555253 1036691 loader.cc:220] Running initialization op on SavedModel bundle at path: /tmp/tmpi1tedh98
I0000 00:00:1791231474.563692 1036691 loader.cc:471] SavedModel load for tags { serve }; Status: success: OK. Took 50197 microseconds.
/home/danielpark605/tinyml-venv/lib/python3.12/site-packages/tensorflow/lite/python/interpreter.py:457: UserWarning:     Warning: tf.lite.Interpreter is deprecated and is scheduled for deletion in
    TF 2.20. Please use the LiteRT interpreter from the ai_edge_litert package.
    See the [migration guide](https://ai.google.dev/edge/litert/migration)
    for details.
    
  warnings.warn(_INTERPRETER_DELETION_WARNING)
   [QAT Strip] Input model type: Functional
   [QAT Strip] Input model class: tf_keras.src.engine.functional.Functional
   [QAT Strip] Creating TF.Keras Functional model with input shape: (78,)
   [QAT Strip] TF_USE_LEGACY_KERAS=1
   [QAT Strip] 4 Dense layers after BatchNorm folding
   [QAT Strip] Created model type: Functional
   [QAT Strip] Model class: tf_keras.src.engine.functional.Functional
   [QAT Strip] Total layers: 5
   [QAT Strip] Is tensorflow.keras model: False
   [QAT Strip] WARNING: Model is not tensorflow.keras! QAT may fail.
✅ Saved (QAT): data/processed/revision/2026-10-05_x2_ptq_init_qat/quant_lit/cic_near_iid/ptq_fq_clip5_max_client0_ft_d4.tflite (65.45 KB)
   Quantization: 10/16 tensors (62.5%)
   Input: <class 'numpy.float32'>, Output: <class 'numpy.float32'>
  [cic_near_iid] ptq_fq_clip5_max       client0_ft   d4 f1=0.8852 far=0.0499 missed=1099/85173
/home/danielpark605/tinyml-venv/lib/python3.12/site-packages/tensorflow/lite/python/convert.py:846: UserWarning: Statistics for quantized inputs were expected, but not specified; continuing anyway.
  warnings.warn(
W0000 00:00:1791231478.649033 1036691 tf_tfl_flatbuffer_helpers.cc:364] Ignored output_format.
W0000 00:00:1791231478.649408 1036691 tf_tfl_flatbuffer_helpers.cc:367] Ignored drop_control_dependency.
I0000 00:00:1791231478.649917 1036691 reader.cc:83] Reading SavedModel from: /tmp/tmpctoba_nf
I0000 00:00:1791231478.651703 1036691 reader.cc:52] Reading meta graph with tags { serve }
I0000 00:00:1791231478.652064 1036691 reader.cc:147] Reading SavedModel debug info (if present) from: /tmp/tmpctoba_nf
I0000 00:00:1791231478.662721 1036691 loader.cc:236] Restoring SavedModel bundle.
I0000 00:00:1791231478.707434 1036691 loader.cc:220] Running initialization op on SavedModel bundle at path: /tmp/tmpctoba_nf
I0000 00:00:1791231478.722345 1036691 loader.cc:471] SavedModel load for tags { serve }; Status: success: OK. Took 72436 microseconds.
/home/danielpark605/tinyml-venv/lib/python3.12/site-packages/tensorflow/lite/python/interpreter.py:457: UserWarning:     Warning: tf.lite.Interpreter is deprecated and is scheduled for deletion in
    TF 2.20. Please use the LiteRT interpreter from the ai_edge_litert package.
    See the [migration guide](https://ai.google.dev/edge/litert/migration)
    for details.
    
  warnings.warn(_INTERPRETER_DELETION_WARNING)
   [QAT Strip] Input model type: Functional
   [QAT Strip] Input model class: tf_keras.src.engine.functional.Functional
   [QAT Strip] Creating TF.Keras Functional model with input shape: (78,)
   [QAT Strip] TF_USE_LEGACY_KERAS=1
   [QAT Strip] 4 Dense layers after BatchNorm folding
   [QAT Strip] Created model type: Functional
   [QAT Strip] Model class: tf_keras.src.engine.functional.Functional
   [QAT Strip] Total layers: 5
   [QAT Strip] Is tensorflow.keras model: False
   [QAT Strip] WARNING: Model is not tensorflow.keras! QAT may fail.
✅ Saved (QAT): data/processed/revision/2026-10-05_x2_ptq_init_qat/quant_lit/cic_near_iid/qat_default_client0_ft_d4.tflite (65.45 KB)
   Quantization: 10/16 tensors (62.5%)
   Input: <class 'numpy.float32'>, Output: <class 'numpy.float32'>
  [cic_near_iid] qat_default            client0_ft   d4 f1=0.8677 far=0.0607 missed=606/85173
/home/danielpark605/tinyml-venv/lib/python3.12/site-packages/tensorflow/lite/python/convert.py:846: UserWarning: Statistics for quantized inputs were expected, but not specified; continuing anyway.
  warnings.warn(
W0000 00:00:1791231483.256906 1036691 tf_tfl_flatbuffer_helpers.cc:364] Ignored output_format.
W0000 00:00:1791231483.257359 1036691 tf_tfl_flatbuffer_helpers.cc:367] Ignored drop_control_dependency.
I0000 00:00:1791231483.258089 1036691 reader.cc:83] Reading SavedModel from: /tmp/tmpb0f4mfue
I0000 00:00:1791231483.260128 1036691 reader.cc:52] Reading meta graph with tags { serve }
I0000 00:00:1791231483.260559 1036691 reader.cc:147] Reading SavedModel debug info (if present) from: /tmp/tmpb0f4mfue
I0000 00:00:1791231483.274123 1036691 loader.cc:236] Restoring SavedModel bundle.
I0000 00:00:1791231483.316728 1036691 loader.cc:220] Running initialization op on SavedModel bundle at path: /tmp/tmpb0f4mfue
I0000 00:00:1791231483.328426 1036691 loader.cc:471] SavedModel load for tags { serve }; Status: success: OK. Took 70362 microseconds.
/home/danielpark605/tinyml-venv/lib/python3.12/site-packages/tensorflow/lite/python/interpreter.py:457: UserWarning:     Warning: tf.lite.Interpreter is deprecated and is scheduled for deletion in
    TF 2.20. Please use the LiteRT interpreter from the ai_edge_litert package.
    See the [migration guide](https://ai.google.dev/edge/litert/migration)
    for details.
    
  warnings.warn(_INTERPRETER_DELETION_WARNING)
   [QAT Strip] Input model type: Functional
   [QAT Strip] Input model class: tf_keras.src.engine.functional.Functional
   [QAT Strip] Creating TF.Keras Functional model with input shape: (78,)
   [QAT Strip] TF_USE_LEGACY_KERAS=1
   [QAT Strip] 4 Dense layers after BatchNorm folding
   [QAT Strip] Created model type: Functional
   [QAT Strip] Model class: tf_keras.src.engine.functional.Functional
   [QAT Strip] Total layers: 5
   [QAT Strip] Is tensorflow.keras model: False
   [QAT Strip] WARNING: Model is not tensorflow.keras! QAT may fail.
✅ Saved (QAT): data/processed/revision/2026-10-05_x2_ptq_init_qat/quant_lit/cic_near_iid/qat_init_max_client0_ft_d4.tflite (65.45 KB)
   Quantization: 10/16 tensors (62.5%)
   Input: <class 'numpy.float32'>, Output: <class 'numpy.float32'>
  [cic_near_iid] qat_init_max           client0_ft   d4 f1=0.8703 far=0.0592 missed=631/85173
/home/danielpark605/tinyml-venv/lib/python3.12/site-packages/tensorflow/lite/python/convert.py:846: UserWarning: Statistics for quantized inputs were expected, but not specified; continuing anyway.
  warnings.warn(
W0000 00:00:1791231487.415021 1036691 tf_tfl_flatbuffer_helpers.cc:364] Ignored output_format.
W0000 00:00:1791231487.415418 1036691 tf_tfl_flatbuffer_helpers.cc:367] Ignored drop_control_dependency.
I0000 00:00:1791231487.416066 1036691 reader.cc:83] Reading SavedModel from: /tmp/tmpx9ora11o
I0000 00:00:1791231487.418776 1036691 reader.cc:52] Reading meta graph with tags { serve }
I0000 00:00:1791231487.419186 1036691 reader.cc:147] Reading SavedModel debug info (if present) from: /tmp/tmpx9ora11o
I0000 00:00:1791231487.428883 1036691 loader.cc:236] Restoring SavedModel bundle.
I0000 00:00:1791231487.485217 1036691 loader.cc:220] Running initialization op on SavedModel bundle at path: /tmp/tmpx9ora11o
I0000 00:00:1791231487.496469 1036691 loader.cc:471] SavedModel load for tags { serve }; Status: success: OK. Took 80415 microseconds.
/home/danielpark605/tinyml-venv/lib/python3.12/site-packages/tensorflow/lite/python/interpreter.py:457: UserWarning:     Warning: tf.lite.Interpreter is deprecated and is scheduled for deletion in
    TF 2.20. Please use the LiteRT interpreter from the ai_edge_litert package.
    See the [migration guide](https://ai.google.dev/edge/litert/migration)
    for details.
    
  warnings.warn(_INTERPRETER_DELETION_WARNING)
   [QAT Strip] Input model type: Functional
   [QAT Strip] Input model class: tf_keras.src.engine.functional.Functional
   [QAT Strip] Creating TF.Keras Functional model with input shape: (78,)
   [QAT Strip] TF_USE_LEGACY_KERAS=1
   [QAT Strip] 4 Dense layers after BatchNorm folding
   [QAT Strip] Created model type: Functional
   [QAT Strip] Model class: tf_keras.src.engine.functional.Functional
   [QAT Strip] Total layers: 5
   [QAT Strip] Is tensorflow.keras model: False
   [QAT Strip] WARNING: Model is not tensorflow.keras! QAT may fail.
✅ Saved (QAT): data/processed/revision/2026-10-05_x2_ptq_init_qat/quant_lit/cic_near_iid/qat_init_pct9999_client0_ft_d4.tflite (65.45 KB)
   Quantization: 10/16 tensors (62.5%)
   Input: <class 'numpy.float32'>, Output: <class 'numpy.float32'>
  [cic_near_iid] qat_init_pct9999       client0_ft   d4 f1=0.8683 far=0.0603 missed=638/85173
/home/danielpark605/tinyml-venv/lib/python3.12/site-packages/tensorflow/lite/python/convert.py:846: UserWarning: Statistics for quantized inputs were expected, but not specified; continuing anyway.
  warnings.warn(
W0000 00:00:1791231491.503191 1036691 tf_tfl_flatbuffer_helpers.cc:364] Ignored output_format.
W0000 00:00:1791231491.503542 1036691 tf_tfl_flatbuffer_helpers.cc:367] Ignored drop_control_dependency.
I0000 00:00:1791231491.503959 1036691 reader.cc:83] Reading SavedModel from: /tmp/tmpdrpr5p35
I0000 00:00:1791231491.506077 1036691 reader.cc:52] Reading meta graph with tags { serve }
I0000 00:00:1791231491.507146 1036691 reader.cc:147] Reading SavedModel debug info (if present) from: /tmp/tmpdrpr5p35
I0000 00:00:1791231491.522159 1036691 loader.cc:236] Restoring SavedModel bundle.
I0000 00:00:1791231491.574553 1036691 loader.cc:220] Running initialization op on SavedModel bundle at path: /tmp/tmpdrpr5p35
I0000 00:00:1791231491.585738 1036691 loader.cc:471] SavedModel load for tags { serve }; Status: success: OK. Took 81788 microseconds.
/home/danielpark605/tinyml-venv/lib/python3.12/site-packages/tensorflow/lite/python/interpreter.py:457: UserWarning:     Warning: tf.lite.Interpreter is deprecated and is scheduled for deletion in
    TF 2.20. Please use the LiteRT interpreter from the ai_edge_litert package.
    See the [migration guide](https://ai.google.dev/edge/litert/migration)
    for details.
    
  warnings.warn(_INTERPRETER_DELETION_WARNING)
   [QAT Strip] Input model type: Functional
   [QAT Strip] Input model class: tf_keras.src.engine.functional.Functional
   [QAT Strip] Creating TF.Keras Functional model with input shape: (78,)
   [QAT Strip] TF_USE_LEGACY_KERAS=1
   [QAT Strip] 4 Dense layers after BatchNorm folding
   [QAT Strip] Created model type: Functional
   [QAT Strip] Model class: tf_keras.src.engine.functional.Functional
   [QAT Strip] Total layers: 5
   [QAT Strip] Is tensorflow.keras model: False
   [QAT Strip] WARNING: Model is not tensorflow.keras! QAT may fail.
✅ Saved (QAT): data/processed/revision/2026-10-05_x2_ptq_init_qat/quant_lit/cic_near_iid/qat_init_mse_client0_ft_d4.tflite (65.45 KB)
   Quantization: 10/16 tensors (62.5%)
   Input: <class 'numpy.float32'>, Output: <class 'numpy.float32'>
  [cic_near_iid] qat_init_mse           client0_ft   d4 f1=0.8709 far=0.0588 missed=658/85173
/home/danielpark605/tinyml-venv/lib/python3.12/site-packages/tensorflow/lite/python/convert.py:846: UserWarning: Statistics for quantized inputs were expected, but not specified; continuing anyway.
  warnings.warn(
W0000 00:00:1791231493.741442 1036691 tf_tfl_flatbuffer_helpers.cc:364] Ignored output_format.
W0000 00:00:1791231493.741845 1036691 tf_tfl_flatbuffer_helpers.cc:367] Ignored drop_control_dependency.
I0000 00:00:1791231493.742379 1036691 reader.cc:83] Reading SavedModel from: /tmp/tmpvh0n8jj1
I0000 00:00:1791231493.743588 1036691 reader.cc:52] Reading meta graph with tags { serve }
I0000 00:00:1791231493.743930 1036691 reader.cc:147] Reading SavedModel debug info (if present) from: /tmp/tmpvh0n8jj1
I0000 00:00:1791231493.755890 1036691 loader.cc:236] Restoring SavedModel bundle.
I0000 00:00:1791231493.802870 1036691 loader.cc:220] Running initialization op on SavedModel bundle at path: /tmp/tmpvh0n8jj1
I0000 00:00:1791231493.819140 1036691 loader.cc:471] SavedModel load for tags { serve }; Status: success: OK. Took 76772 microseconds.
/home/danielpark605/tinyml-venv/lib/python3.12/site-packages/tensorflow/lite/python/interpreter.py:457: UserWarning:     Warning: tf.lite.Interpreter is deprecated and is scheduled for deletion in
    TF 2.20. Please use the LiteRT interpreter from the ai_edge_litert package.
    See the [migration guide](https://ai.google.dev/edge/litert/migration)
    for details.
    
  warnings.warn(_INTERPRETER_DELETION_WARNING)
   [QAT Strip] Input model type: Functional
   [QAT Strip] Input model class: tf_keras.src.engine.functional.Functional
   [QAT Strip] Creating TF.Keras Functional model with input shape: (78,)
   [QAT Strip] TF_USE_LEGACY_KERAS=1
   [QAT Strip] 4 Dense layers after BatchNorm folding
   [QAT Strip] Created model type: Functional
   [QAT Strip] Model class: tf_keras.src.engine.functional.Functional
   [QAT Strip] Total layers: 5
   [QAT Strip] Is tensorflow.keras model: False
   [QAT Strip] WARNING: Model is not tensorflow.keras! QAT may fail.
✅ Saved (QAT): data/processed/revision/2026-10-05_x2_ptq_init_qat/quant_lit/cic_near_iid/qat_init_kl_client0_ft_d4.tflite (65.45 KB)
   Quantization: 10/16 tensors (62.5%)
   Input: <class 'numpy.float32'>, Output: <class 'numpy.float32'>
  [cic_near_iid] qat_init_kl            client0_ft   d4 f1=0.8637 far=0.0631 missed=550/85173
/home/danielpark605/tinyml-venv/lib/python3.12/site-packages/tensorflow/lite/python/convert.py:846: UserWarning: Statistics for quantized inputs were expected, but not specified; continuing anyway.
  warnings.warn(
W0000 00:00:1791231498.355018 1036691 tf_tfl_flatbuffer_helpers.cc:364] Ignored output_format.
W0000 00:00:1791231498.355471 1036691 tf_tfl_flatbuffer_helpers.cc:367] Ignored drop_control_dependency.
I0000 00:00:1791231498.355982 1036691 reader.cc:83] Reading SavedModel from: /tmp/tmp4zoyhljr
I0000 00:00:1791231498.358052 1036691 reader.cc:52] Reading meta graph with tags { serve }
I0000 00:00:1791231498.358422 1036691 reader.cc:147] Reading SavedModel debug info (if present) from: /tmp/tmp4zoyhljr
I0000 00:00:1791231498.368197 1036691 loader.cc:236] Restoring SavedModel bundle.
I0000 00:00:1791231498.411177 1036691 loader.cc:220] Running initialization op on SavedModel bundle at path: /tmp/tmp4zoyhljr
I0000 00:00:1791231498.423714 1036691 loader.cc:471] SavedModel load for tags { serve }; Status: success: OK. Took 67754 microseconds.
/home/danielpark605/tinyml-venv/lib/python3.12/site-packages/tensorflow/lite/python/interpreter.py:457: UserWarning:     Warning: tf.lite.Interpreter is deprecated and is scheduled for deletion in
    TF 2.20. Please use the LiteRT interpreter from the ai_edge_litert package.
    See the [migration guide](https://ai.google.dev/edge/litert/migration)
    for details.
    
  warnings.warn(_INTERPRETER_DELETION_WARNING)
   [QAT Strip] Input model type: Functional
   [QAT Strip] Input model class: tf_keras.src.engine.functional.Functional
   [QAT Strip] Creating TF.Keras Functional model with input shape: (78,)
   [QAT Strip] TF_USE_LEGACY_KERAS=1
   [QAT Strip] 4 Dense layers after BatchNorm folding
   [QAT Strip] Created model type: Functional
   [QAT Strip] Model class: tf_keras.src.engine.functional.Functional
   [QAT Strip] Total layers: 5
   [QAT Strip] Is tensorflow.keras model: False
   [QAT Strip] WARNING: Model is not tensorflow.keras! QAT may fail.
✅ Saved (QAT): data/processed/revision/2026-10-05_x2_ptq_init_qat/quant_lit/cic_near_iid/qat_init_clip5_max_client0_ft_d4.tflite (65.45 KB)
   Quantization: 10/16 tensors (62.5%)
   Input: <class 'numpy.float32'>, Output: <class 'numpy.float32'>
  [cic_near_iid] qat_init_clip5_max     client0_ft   d4 f1=0.8683 far=0.0603 missed=643/85173
/home/danielpark605/tinyml-venv/lib/python3.12/site-packages/tensorflow/lite/python/convert.py:846: UserWarning: Statistics for quantized inputs were expected, but not specified; continuing anyway.
  warnings.warn(
W0000 00:00:1791231502.447544 1036691 tf_tfl_flatbuffer_helpers.cc:364] Ignored output_format.
W0000 00:00:1791231502.447963 1036691 tf_tfl_flatbuffer_helpers.cc:367] Ignored drop_control_dependency.
I0000 00:00:1791231502.448389 1036691 reader.cc:83] Reading SavedModel from: /tmp/tmpgyoqspnu
I0000 00:00:1791231502.450575 1036691 reader.cc:52] Reading meta graph with tags { serve }
I0000 00:00:1791231502.450991 1036691 reader.cc:147] Reading SavedModel debug info (if present) from: /tmp/tmpgyoqspnu
I0000 00:00:1791231502.461318 1036691 loader.cc:236] Restoring SavedModel bundle.
I0000 00:00:1791231502.512347 1036691 loader.cc:220] Running initialization op on SavedModel bundle at path: /tmp/tmpgyoqspnu
I0000 00:00:1791231502.523567 1036691 loader.cc:471] SavedModel load for tags { serve }; Status: success: OK. Took 75204 microseconds.
/home/danielpark605/tinyml-venv/lib/python3.12/site-packages/tensorflow/lite/python/interpreter.py:457: UserWarning:     Warning: tf.lite.Interpreter is deprecated and is scheduled for deletion in
    TF 2.20. Please use the LiteRT interpreter from the ai_edge_litert package.
    See the [migration guide](https://ai.google.dev/edge/litert/migration)
    for details.
    
  warnings.warn(_INTERPRETER_DELETION_WARNING)
   [QAT Strip] Input model type: Functional
   [QAT Strip] Input model class: tf_keras.src.engine.functional.Functional
   [QAT Strip] Creating TF.Keras Functional model with input shape: (78,)
   [QAT Strip] TF_USE_LEGACY_KERAS=1
   [QAT Strip] 4 Dense layers after BatchNorm folding
   [QAT Strip] Created model type: Functional
   [QAT Strip] Model class: tf_keras.src.engine.functional.Functional
   [QAT Strip] Total layers: 5
   [QAT Strip] Is tensorflow.keras model: False
   [QAT Strip] WARNING: Model is not tensorflow.keras! QAT may fail.
✅ Saved (QAT): data/processed/revision/2026-10-05_x2_ptq_init_qat/quant_lit/cic_near_iid/qat_fixed_max_client0_ft_d4.tflite (65.45 KB)
   Quantization: 10/16 tensors (62.5%)
   Input: <class 'numpy.float32'>, Output: <class 'numpy.float32'>
  [cic_near_iid] qat_fixed_max          client0_ft   d4 f1=0.9028 far=0.0418 missed=817/85173
/home/danielpark605/tinyml-venv/lib/python3.12/site-packages/tensorflow/lite/python/convert.py:846: UserWarning: Statistics for quantized inputs were expected, but not specified; continuing anyway.
  warnings.warn(
W0000 00:00:1791231506.703404 1036691 tf_tfl_flatbuffer_helpers.cc:364] Ignored output_format.
W0000 00:00:1791231506.703770 1036691 tf_tfl_flatbuffer_helpers.cc:367] Ignored drop_control_dependency.
I0000 00:00:1791231506.704175 1036691 reader.cc:83] Reading SavedModel from: /tmp/tmpc2fvdldm
I0000 00:00:1791231506.706797 1036691 reader.cc:52] Reading meta graph with tags { serve }
I0000 00:00:1791231506.707134 1036691 reader.cc:147] Reading SavedModel debug info (if present) from: /tmp/tmpc2fvdldm
I0000 00:00:1791231506.716685 1036691 loader.cc:236] Restoring SavedModel bundle.
I0000 00:00:1791231506.761266 1036691 loader.cc:220] Running initialization op on SavedModel bundle at path: /tmp/tmpc2fvdldm
I0000 00:00:1791231506.771898 1036691 loader.cc:471] SavedModel load for tags { serve }; Status: success: OK. Took 67733 microseconds.
/home/danielpark605/tinyml-venv/lib/python3.12/site-packages/tensorflow/lite/python/interpreter.py:457: UserWarning:     Warning: tf.lite.Interpreter is deprecated and is scheduled for deletion in
    TF 2.20. Please use the LiteRT interpreter from the ai_edge_litert package.
    See the [migration guide](https://ai.google.dev/edge/litert/migration)
    for details.
    
  warnings.warn(_INTERPRETER_DELETION_WARNING)
   [QAT Strip] Input model type: Functional
   [QAT Strip] Input model class: tf_keras.src.engine.functional.Functional
   [QAT Strip] Creating TF.Keras Functional model with input shape: (78,)
   [QAT Strip] TF_USE_LEGACY_KERAS=1
   [QAT Strip] 4 Dense layers after BatchNorm folding
   [QAT Strip] Created model type: Functional
   [QAT Strip] Model class: tf_keras.src.engine.functional.Functional
   [QAT Strip] Total layers: 5
   [QAT Strip] Is tensorflow.keras model: False
   [QAT Strip] WARNING: Model is not tensorflow.keras! QAT may fail.
✅ Saved (QAT): data/processed/revision/2026-10-05_x2_ptq_init_qat/quant_lit/cic_near_iid/qat_fixed_pct9999_client0_ft_d4.tflite (65.45 KB)
   Quantization: 10/16 tensors (62.5%)
   Input: <class 'numpy.float32'>, Output: <class 'numpy.float32'>
  [cic_near_iid] qat_fixed_pct9999      client0_ft   d4 f1=0.8995 far=0.0449 missed=333/85173
/home/danielpark605/tinyml-venv/lib/python3.12/site-packages/tensorflow/lite/python/convert.py:846: UserWarning: Statistics for quantized inputs were expected, but not specified; continuing anyway.
  warnings.warn(
W0000 00:00:1791231511.410793 1036691 tf_tfl_flatbuffer_helpers.cc:364] Ignored output_format.
W0000 00:00:1791231511.411181 1036691 tf_tfl_flatbuffer_helpers.cc:367] Ignored drop_control_dependency.
I0000 00:00:1791231511.411654 1036691 reader.cc:83] Reading SavedModel from: /tmp/tmpdn2138hi
I0000 00:00:1791231511.414723 1036691 reader.cc:52] Reading meta graph with tags { serve }
I0000 00:00:1791231511.415105 1036691 reader.cc:147] Reading SavedModel debug info (if present) from: /tmp/tmpdn2138hi
I0000 00:00:1791231511.427779 1036691 loader.cc:236] Restoring SavedModel bundle.
I0000 00:00:1791231511.488563 1036691 loader.cc:220] Running initialization op on SavedModel bundle at path: /tmp/tmpdn2138hi
I0000 00:00:1791231511.504533 1036691 loader.cc:471] SavedModel load for tags { serve }; Status: success: OK. Took 92905 microseconds.
/home/danielpark605/tinyml-venv/lib/python3.12/site-packages/tensorflow/lite/python/interpreter.py:457: UserWarning:     Warning: tf.lite.Interpreter is deprecated and is scheduled for deletion in
    TF 2.20. Please use the LiteRT interpreter from the ai_edge_litert package.
    See the [migration guide](https://ai.google.dev/edge/litert/migration)
    for details.
    
  warnings.warn(_INTERPRETER_DELETION_WARNING)
   [QAT Strip] Input model type: Functional
   [QAT Strip] Input model class: tf_keras.src.engine.functional.Functional
   [QAT Strip] Creating TF.Keras Functional model with input shape: (78,)
   [QAT Strip] TF_USE_LEGACY_KERAS=1
   [QAT Strip] 4 Dense layers after BatchNorm folding
   [QAT Strip] Created model type: Functional
   [QAT Strip] Model class: tf_keras.src.engine.functional.Functional
   [QAT Strip] Total layers: 5
   [QAT Strip] Is tensorflow.keras model: False
   [QAT Strip] WARNING: Model is not tensorflow.keras! QAT may fail.
✅ Saved (QAT): data/processed/revision/2026-10-05_x2_ptq_init_qat/quant_lit/cic_near_iid/qat_fixed_mse_client0_ft_d4.tflite (65.45 KB)
   Quantization: 10/16 tensors (62.5%)
   Input: <class 'numpy.float32'>, Output: <class 'numpy.float32'>
  [cic_near_iid] qat_fixed_mse          client0_ft   d4 f1=0.8915 far=0.0489 missed=360/85173
/home/danielpark605/tinyml-venv/lib/python3.12/site-packages/tensorflow/lite/python/convert.py:846: UserWarning: Statistics for quantized inputs were expected, but not specified; continuing anyway.
  warnings.warn(
W0000 00:00:1791231515.729560 1036691 tf_tfl_flatbuffer_helpers.cc:364] Ignored output_format.
W0000 00:00:1791231515.729975 1036691 tf_tfl_flatbuffer_helpers.cc:367] Ignored drop_control_dependency.
I0000 00:00:1791231515.730490 1036691 reader.cc:83] Reading SavedModel from: /tmp/tmpridopsxz
I0000 00:00:1791231515.732777 1036691 reader.cc:52] Reading meta graph with tags { serve }
I0000 00:00:1791231515.733156 1036691 reader.cc:147] Reading SavedModel debug info (if present) from: /tmp/tmpridopsxz
I0000 00:00:1791231515.747381 1036691 loader.cc:236] Restoring SavedModel bundle.
I0000 00:00:1791231515.800135 1036691 loader.cc:220] Running initialization op on SavedModel bundle at path: /tmp/tmpridopsxz
I0000 00:00:1791231515.815975 1036691 loader.cc:471] SavedModel load for tags { serve }; Status: success: OK. Took 85508 microseconds.
/home/danielpark605/tinyml-venv/lib/python3.12/site-packages/tensorflow/lite/python/interpreter.py:457: UserWarning:     Warning: tf.lite.Interpreter is deprecated and is scheduled for deletion in
    TF 2.20. Please use the LiteRT interpreter from the ai_edge_litert package.
    See the [migration guide](https://ai.google.dev/edge/litert/migration)
    for details.
    
  warnings.warn(_INTERPRETER_DELETION_WARNING)
   [QAT Strip] Input model type: Functional
   [QAT Strip] Input model class: tf_keras.src.engine.functional.Functional
   [QAT Strip] Creating TF.Keras Functional model with input shape: (78,)
   [QAT Strip] TF_USE_LEGACY_KERAS=1
   [QAT Strip] 4 Dense layers after BatchNorm folding
   [QAT Strip] Created model type: Functional
   [QAT Strip] Model class: tf_keras.src.engine.functional.Functional
   [QAT Strip] Total layers: 5
   [QAT Strip] Is tensorflow.keras model: False
   [QAT Strip] WARNING: Model is not tensorflow.keras! QAT may fail.
✅ Saved (QAT): data/processed/revision/2026-10-05_x2_ptq_init_qat/quant_lit/cic_near_iid/qat_fixed_clip5_max_client0_ft_d4.tflite (65.45 KB)
   Quantization: 10/16 tensors (62.5%)
   Input: <class 'numpy.float32'>, Output: <class 'numpy.float32'>
  [cic_near_iid] qat_fixed_clip5_max    client0_ft   d4 f1=0.8806 far=0.0533 missed=785/85173
/home/danielpark605/tinyml-venv/lib/python3.12/site-packages/tensorflow/lite/python/convert.py:846: UserWarning: Statistics for quantized inputs were expected, but not specified; continuing anyway.
  warnings.warn(
W0000 00:00:1791231521.759750 1036691 tf_tfl_flatbuffer_helpers.cc:364] Ignored output_format.
W0000 00:00:1791231521.760155 1036691 tf_tfl_flatbuffer_helpers.cc:367] Ignored drop_control_dependency.
I0000 00:00:1791231521.760692 1036691 reader.cc:83] Reading SavedModel from: /tmp/tmp7mkrwgb5
I0000 00:00:1791231521.761729 1036691 reader.cc:52] Reading meta graph with tags { serve }
I0000 00:00:1791231521.762165 1036691 reader.cc:147] Reading SavedModel debug info (if present) from: /tmp/tmp7mkrwgb5
I0000 00:00:1791231521.765658 1036691 loader.cc:236] Restoring SavedModel bundle.
I0000 00:00:1791231521.781542 1036691 loader.cc:220] Running initialization op on SavedModel bundle at path: /tmp/tmp7mkrwgb5
I0000 00:00:1791231521.785727 1036691 loader.cc:471] SavedModel load for tags { serve }; Status: success: OK. Took 25057 microseconds.
fully_quantize: 0, inference_type: 6, input_inference_type: FLOAT32, output_inference_type: FLOAT32
W0000 00:00:1791231521.844766 1036691 flatbuffer_export.cc:3851] Skipping runtime version metadata in the model. This will be generated by the exporter.
/home/danielpark605/tinyml-venv/lib/python3.12/site-packages/tensorflow/lite/python/interpreter.py:457: UserWarning:     Warning: tf.lite.Interpreter is deprecated and is scheduled for deletion in
    TF 2.20. Please use the LiteRT interpreter from the ai_edge_litert package.
    See the [migration guide](https://ai.google.dev/edge/litert/migration)
    for details.
    
  warnings.warn(_INTERPRETER_DELETION_WARNING)
[load_ton_iot] files: ['train_test_network.csv']
[load_ton_iot] rows: 211,043, columns: 44
[load_ton_iot] dropped identifiers: ['src_ip', 'dst_ip', 'src_port']
[load_ton_iot] label-encoded: ['proto', 'service', 'conn_state', 'dns_AA', 'dns_RD', 'dns_RA', 'dns_rejected', 'ssl_version', 'ssl_cipher', 'ssl_resumed', 'ssl_established', 'ssl_subject', 'ssl_issuer', 'http_method', 'http_user_agent', 'http_orig_mime_types', 'http_resp_mime_types', 'weird_name', 'weird_notice']
[load_ton_iot] dropped high-cardinality text: ['dns_query', 'http_uri']
[load_ton_iot] features (37): ['dst_port', 'proto', 'service', 'duration', 'src_bytes', 'dst_bytes', 'conn_state', 'missed_bytes', 'src_pkts', 'src_ip_bytes', 'dst_pkts', 'dst_ip_bytes', 'dns_qclass', 'dns_qtype', 'dns_rcode', 'dns_AA', 'dns_RD', 'dns_RA', 'dns_rejected', 'ssl_version', 'ssl_cipher', 'ssl_resumed', 'ssl_established', 'ssl_subject', 'ssl_issuer', 'http_trans_depth', 'http_method', 'http_version', 'http_request_body_len', 'http_response_body_len', 'http_status_code', 'http_user_agent', 'http_orig_mime_types', 'http_resp_mime_types', 'weird_name', 'weird_addl', 'weird_notice']
[load_ton_iot] text features added (6): ['dns_query_len', 'dns_query_digits', 'dns_query_special', 'http_uri_len', 'http_uri_digits', 'http_uri_special']
[load_ton_iot] Removed 105,867 duplicates (105,176 unique); normal=24,106, attack=81,070
[load_ton_iot] StandardScaler applied (fit on train).
[load_ton_iot] SMOTE applied: train -> 129,710 (0=64,855, 1=64,855)
[load_ton_iot] Features: 43, Train: 129,710, Test: 21,036
   [QAT Strip] Input model type: Sequential
   [QAT Strip] Input model class: tf_keras.src.engine.sequential.Sequential
   [QAT Strip] Creating TF.Keras Functional model with input shape: (43,)
   [QAT Strip] TF_USE_LEGACY_KERAS=1
   [QAT Strip] 4 Dense layers after BatchNorm folding
   [QAT Strip] Created model type: Functional
   [QAT Strip] Model class: tf_keras.src.engine.functional.Functional
   [QAT Strip] Total layers: 5
   [QAT Strip] Is tensorflow.keras model: False
   [QAT Strip] WARNING: Model is not tensorflow.keras! QAT may fail.
  [ton_near_iid_v2] ptq_tflite_max         client0_ft   d0 f1=0.9919 far=0.0141 missed=194/16215
/home/danielpark605/tinyml-venv/lib/python3.12/site-packages/tensorflow/lite/python/convert.py:846: UserWarning: Statistics for quantized inputs were expected, but not specified; continuing anyway.
  warnings.warn(
W0000 00:00:1791231524.336058 1036691 tf_tfl_flatbuffer_helpers.cc:364] Ignored output_format.
W0000 00:00:1791231524.336530 1036691 tf_tfl_flatbuffer_helpers.cc:367] Ignored drop_control_dependency.
I0000 00:00:1791231524.337077 1036691 reader.cc:83] Reading SavedModel from: /tmp/tmp4rq8m87s
I0000 00:00:1791231524.339335 1036691 reader.cc:52] Reading meta graph with tags { serve }
I0000 00:00:1791231524.339758 1036691 reader.cc:147] Reading SavedModel debug info (if present) from: /tmp/tmp4rq8m87s
I0000 00:00:1791231524.351232 1036691 loader.cc:236] Restoring SavedModel bundle.
I0000 00:00:1791231524.392795 1036691 loader.cc:220] Running initialization op on SavedModel bundle at path: /tmp/tmp4rq8m87s
I0000 00:00:1791231524.406849 1036691 loader.cc:471] SavedModel load for tags { serve }; Status: success: OK. Took 69790 microseconds.
/home/danielpark605/tinyml-venv/lib/python3.12/site-packages/tensorflow/lite/python/interpreter.py:457: UserWarning:     Warning: tf.lite.Interpreter is deprecated and is scheduled for deletion in
    TF 2.20. Please use the LiteRT interpreter from the ai_edge_litert package.
    See the [migration guide](https://ai.google.dev/edge/litert/migration)
    for details.
    
  warnings.warn(_INTERPRETER_DELETION_WARNING)
   [QAT Strip] Input model type: Functional
   [QAT Strip] Input model class: tf_keras.src.engine.functional.Functional
   [QAT Strip] Creating TF.Keras Functional model with input shape: (43,)
   [QAT Strip] TF_USE_LEGACY_KERAS=1
   [QAT Strip] 4 Dense layers after BatchNorm folding
   [QAT Strip] Created model type: Functional
   [QAT Strip] Model class: tf_keras.src.engine.functional.Functional
   [QAT Strip] Total layers: 5
   [QAT Strip] Is tensorflow.keras model: False
   [QAT Strip] WARNING: Model is not tensorflow.keras! QAT may fail.
✅ Saved (QAT): data/processed/revision/2026-10-05_x2_ptq_init_qat/quant_lit/ton_near_iid_v2/ptq_fq_max_client0_ft_d0.tflite (56.70 KB)
   Quantization: 10/16 tensors (62.5%)
   Input: <class 'numpy.float32'>, Output: <class 'numpy.float32'>
  [ton_near_iid_v2] ptq_fq_max             client0_ft   d0 f1=0.9793 far=0.0149 missed=590/16215
/home/danielpark605/tinyml-venv/lib/python3.12/site-packages/tensorflow/lite/python/convert.py:846: UserWarning: Statistics for quantized inputs were expected, but not specified; continuing anyway.
  warnings.warn(
W0000 00:00:1791231525.806599 1036691 tf_tfl_flatbuffer_helpers.cc:364] Ignored output_format.
W0000 00:00:1791231525.807790 1036691 tf_tfl_flatbuffer_helpers.cc:367] Ignored drop_control_dependency.
I0000 00:00:1791231525.808456 1036691 reader.cc:83] Reading SavedModel from: /tmp/tmpv6g56a5j
I0000 00:00:1791231525.810583 1036691 reader.cc:52] Reading meta graph with tags { serve }
I0000 00:00:1791231525.811001 1036691 reader.cc:147] Reading SavedModel debug info (if present) from: /tmp/tmpv6g56a5j
I0000 00:00:1791231525.828092 1036691 loader.cc:236] Restoring SavedModel bundle.
I0000 00:00:1791231525.867432 1036691 loader.cc:220] Running initialization op on SavedModel bundle at path: /tmp/tmpv6g56a5j
I0000 00:00:1791231525.876293 1036691 loader.cc:471] SavedModel load for tags { serve }; Status: success: OK. Took 67846 microseconds.
/home/danielpark605/tinyml-venv/lib/python3.12/site-packages/tensorflow/lite/python/interpreter.py:457: UserWarning:     Warning: tf.lite.Interpreter is deprecated and is scheduled for deletion in
    TF 2.20. Please use the LiteRT interpreter from the ai_edge_litert package.
    See the [migration guide](https://ai.google.dev/edge/litert/migration)
    for details.
    
  warnings.warn(_INTERPRETER_DELETION_WARNING)
   [QAT Strip] Input model type: Functional
   [QAT Strip] Input model class: tf_keras.src.engine.functional.Functional
   [QAT Strip] Creating TF.Keras Functional model with input shape: (43,)
   [QAT Strip] TF_USE_LEGACY_KERAS=1
   [QAT Strip] 4 Dense layers after BatchNorm folding
   [QAT Strip] Created model type: Functional
   [QAT Strip] Model class: tf_keras.src.engine.functional.Functional
   [QAT Strip] Total layers: 5
   [QAT Strip] Is tensorflow.keras model: False
   [QAT Strip] WARNING: Model is not tensorflow.keras! QAT may fail.
✅ Saved (QAT): data/processed/revision/2026-10-05_x2_ptq_init_qat/quant_lit/ton_near_iid_v2/ptq_fq_pct9999_client0_ft_d0.tflite (56.70 KB)
   Quantization: 10/16 tensors (62.5%)
   Input: <class 'numpy.float32'>, Output: <class 'numpy.float32'>
  [ton_near_iid_v2] ptq_fq_pct9999         client0_ft   d0 f1=0.9940 far=0.0189 missed=102/16215
/home/danielpark605/tinyml-venv/lib/python3.12/site-packages/tensorflow/lite/python/convert.py:846: UserWarning: Statistics for quantized inputs were expected, but not specified; continuing anyway.
  warnings.warn(
W0000 00:00:1791231527.006671 1036691 tf_tfl_flatbuffer_helpers.cc:364] Ignored output_format.
W0000 00:00:1791231527.007056 1036691 tf_tfl_flatbuffer_helpers.cc:367] Ignored drop_control_dependency.
I0000 00:00:1791231527.007520 1036691 reader.cc:83] Reading SavedModel from: /tmp/tmpx8ue537w
I0000 00:00:1791231527.008737 1036691 reader.cc:52] Reading meta graph with tags { serve }
I0000 00:00:1791231527.009092 1036691 reader.cc:147] Reading SavedModel debug info (if present) from: /tmp/tmpx8ue537w
I0000 00:00:1791231527.019731 1036691 loader.cc:236] Restoring SavedModel bundle.
I0000 00:00:1791231527.054820 1036691 loader.cc:220] Running initialization op on SavedModel bundle at path: /tmp/tmpx8ue537w
I0000 00:00:1791231527.062803 1036691 loader.cc:471] SavedModel load for tags { serve }; Status: success: OK. Took 55291 microseconds.
/home/danielpark605/tinyml-venv/lib/python3.12/site-packages/tensorflow/lite/python/interpreter.py:457: UserWarning:     Warning: tf.lite.Interpreter is deprecated and is scheduled for deletion in
    TF 2.20. Please use the LiteRT interpreter from the ai_edge_litert package.
    See the [migration guide](https://ai.google.dev/edge/litert/migration)
    for details.
    
  warnings.warn(_INTERPRETER_DELETION_WARNING)
   [QAT Strip] Input model type: Functional
   [QAT Strip] Input model class: tf_keras.src.engine.functional.Functional
   [QAT Strip] Creating TF.Keras Functional model with input shape: (43,)
   [QAT Strip] TF_USE_LEGACY_KERAS=1
   [QAT Strip] 4 Dense layers after BatchNorm folding
   [QAT Strip] Created model type: Functional
   [QAT Strip] Model class: tf_keras.src.engine.functional.Functional
   [QAT Strip] Total layers: 5
   [QAT Strip] Is tensorflow.keras model: False
   [QAT Strip] WARNING: Model is not tensorflow.keras! QAT may fail.
✅ Saved (QAT): data/processed/revision/2026-10-05_x2_ptq_init_qat/quant_lit/ton_near_iid_v2/ptq_fq_mse_client0_ft_d0.tflite (56.70 KB)
   Quantization: 10/16 tensors (62.5%)
   Input: <class 'numpy.float32'>, Output: <class 'numpy.float32'>
  [ton_near_iid_v2] ptq_fq_mse             client0_ft   d0 f1=0.9928 far=0.0183 missed=144/16215
/home/danielpark605/tinyml-venv/lib/python3.12/site-packages/tensorflow/lite/python/convert.py:846: UserWarning: Statistics for quantized inputs were expected, but not specified; continuing anyway.
  warnings.warn(
W0000 00:00:1791231528.820242 1036691 tf_tfl_flatbuffer_helpers.cc:364] Ignored output_format.
W0000 00:00:1791231528.820671 1036691 tf_tfl_flatbuffer_helpers.cc:367] Ignored drop_control_dependency.
I0000 00:00:1791231528.821129 1036691 reader.cc:83] Reading SavedModel from: /tmp/tmphw8xcm4w
I0000 00:00:1791231528.823386 1036691 reader.cc:52] Reading meta graph with tags { serve }
I0000 00:00:1791231528.823809 1036691 reader.cc:147] Reading SavedModel debug info (if present) from: /tmp/tmphw8xcm4w
I0000 00:00:1791231528.831465 1036691 loader.cc:236] Restoring SavedModel bundle.
I0000 00:00:1791231528.861634 1036691 loader.cc:220] Running initialization op on SavedModel bundle at path: /tmp/tmphw8xcm4w
I0000 00:00:1791231528.871731 1036691 loader.cc:471] SavedModel load for tags { serve }; Status: success: OK. Took 50624 microseconds.
/home/danielpark605/tinyml-venv/lib/python3.12/site-packages/tensorflow/lite/python/interpreter.py:457: UserWarning:     Warning: tf.lite.Interpreter is deprecated and is scheduled for deletion in
    TF 2.20. Please use the LiteRT interpreter from the ai_edge_litert package.
    See the [migration guide](https://ai.google.dev/edge/litert/migration)
    for details.
    
  warnings.warn(_INTERPRETER_DELETION_WARNING)
   [QAT Strip] Input model type: Functional
   [QAT Strip] Input model class: tf_keras.src.engine.functional.Functional
   [QAT Strip] Creating TF.Keras Functional model with input shape: (43,)
   [QAT Strip] TF_USE_LEGACY_KERAS=1
   [QAT Strip] 4 Dense layers after BatchNorm folding
   [QAT Strip] Created model type: Functional
   [QAT Strip] Model class: tf_keras.src.engine.functional.Functional
   [QAT Strip] Total layers: 5
   [QAT Strip] Is tensorflow.keras model: False
   [QAT Strip] WARNING: Model is not tensorflow.keras! QAT may fail.
✅ Saved (QAT): data/processed/revision/2026-10-05_x2_ptq_init_qat/quant_lit/ton_near_iid_v2/ptq_fq_kl_client0_ft_d0.tflite (56.70 KB)
   Quantization: 10/16 tensors (62.5%)
   Input: <class 'numpy.float32'>, Output: <class 'numpy.float32'>
  [ton_near_iid_v2] ptq_fq_kl              client0_ft   d0 f1=0.9796 far=0.0193 missed=559/16215
/home/danielpark605/tinyml-venv/lib/python3.12/site-packages/tensorflow/lite/python/convert.py:846: UserWarning: Statistics for quantized inputs were expected, but not specified; continuing anyway.
  warnings.warn(
W0000 00:00:1791231529.950629 1036691 tf_tfl_flatbuffer_helpers.cc:364] Ignored output_format.
W0000 00:00:1791231529.951024 1036691 tf_tfl_flatbuffer_helpers.cc:367] Ignored drop_control_dependency.
I0000 00:00:1791231529.951526 1036691 reader.cc:83] Reading SavedModel from: /tmp/tmprfojdr4u
I0000 00:00:1791231529.953443 1036691 reader.cc:52] Reading meta graph with tags { serve }
I0000 00:00:1791231529.953804 1036691 reader.cc:147] Reading SavedModel debug info (if present) from: /tmp/tmprfojdr4u
I0000 00:00:1791231529.964316 1036691 loader.cc:236] Restoring SavedModel bundle.
I0000 00:00:1791231530.000820 1036691 loader.cc:220] Running initialization op on SavedModel bundle at path: /tmp/tmprfojdr4u
I0000 00:00:1791231530.010413 1036691 loader.cc:471] SavedModel load for tags { serve }; Status: success: OK. Took 58919 microseconds.
/home/danielpark605/tinyml-venv/lib/python3.12/site-packages/tensorflow/lite/python/interpreter.py:457: UserWarning:     Warning: tf.lite.Interpreter is deprecated and is scheduled for deletion in
    TF 2.20. Please use the LiteRT interpreter from the ai_edge_litert package.
    See the [migration guide](https://ai.google.dev/edge/litert/migration)
    for details.
    
  warnings.warn(_INTERPRETER_DELETION_WARNING)
   [QAT Strip] Input model type: Functional
   [QAT Strip] Input model class: tf_keras.src.engine.functional.Functional
   [QAT Strip] Creating TF.Keras Functional model with input shape: (43,)
   [QAT Strip] TF_USE_LEGACY_KERAS=1
   [QAT Strip] 4 Dense layers after BatchNorm folding
   [QAT Strip] Created model type: Functional
   [QAT Strip] Model class: tf_keras.src.engine.functional.Functional
   [QAT Strip] Total layers: 5
   [QAT Strip] Is tensorflow.keras model: False
   [QAT Strip] WARNING: Model is not tensorflow.keras! QAT may fail.
✅ Saved (QAT): data/processed/revision/2026-10-05_x2_ptq_init_qat/quant_lit/ton_near_iid_v2/ptq_fq_clip5_max_client0_ft_d0.tflite (56.70 KB)
   Quantization: 10/16 tensors (62.5%)
   Input: <class 'numpy.float32'>, Output: <class 'numpy.float32'>
  [ton_near_iid_v2] ptq_fq_clip5_max       client0_ft   d0 f1=0.9943 far=0.0164 missed=106/16215
/home/danielpark605/tinyml-venv/lib/python3.12/site-packages/tensorflow/lite/python/convert.py:846: UserWarning: Statistics for quantized inputs were expected, but not specified; continuing anyway.
  warnings.warn(
W0000 00:00:1791231532.279701 1036691 tf_tfl_flatbuffer_helpers.cc:364] Ignored output_format.
W0000 00:00:1791231532.280124 1036691 tf_tfl_flatbuffer_helpers.cc:367] Ignored drop_control_dependency.
I0000 00:00:1791231532.280620 1036691 reader.cc:83] Reading SavedModel from: /tmp/tmp51u2f42e
I0000 00:00:1791231532.283403 1036691 reader.cc:52] Reading meta graph with tags { serve }
I0000 00:00:1791231532.283790 1036691 reader.cc:147] Reading SavedModel debug info (if present) from: /tmp/tmp51u2f42e
I0000 00:00:1791231532.296928 1036691 loader.cc:236] Restoring SavedModel bundle.
I0000 00:00:1791231532.348389 1036691 loader.cc:220] Running initialization op on SavedModel bundle at path: /tmp/tmp51u2f42e
I0000 00:00:1791231532.363857 1036691 loader.cc:471] SavedModel load for tags { serve }; Status: success: OK. Took 83260 microseconds.
/home/danielpark605/tinyml-venv/lib/python3.12/site-packages/tensorflow/lite/python/interpreter.py:457: UserWarning:     Warning: tf.lite.Interpreter is deprecated and is scheduled for deletion in
    TF 2.20. Please use the LiteRT interpreter from the ai_edge_litert package.
    See the [migration guide](https://ai.google.dev/edge/litert/migration)
    for details.
    
  warnings.warn(_INTERPRETER_DELETION_WARNING)
   [QAT Strip] Input model type: Functional
   [QAT Strip] Input model class: tf_keras.src.engine.functional.Functional
   [QAT Strip] Creating TF.Keras Functional model with input shape: (43,)
   [QAT Strip] TF_USE_LEGACY_KERAS=1
   [QAT Strip] 4 Dense layers after BatchNorm folding
   [QAT Strip] Created model type: Functional
   [QAT Strip] Model class: tf_keras.src.engine.functional.Functional
   [QAT Strip] Total layers: 5
   [QAT Strip] Is tensorflow.keras model: False
   [QAT Strip] WARNING: Model is not tensorflow.keras! QAT may fail.
✅ Saved (QAT): data/processed/revision/2026-10-05_x2_ptq_init_qat/quant_lit/ton_near_iid_v2/qat_default_client0_ft_d0.tflite (56.70 KB)
   Quantization: 10/16 tensors (62.5%)
   Input: <class 'numpy.float32'>, Output: <class 'numpy.float32'>
  [ton_near_iid_v2] qat_default            client0_ft   d0 f1=0.9951 far=0.0183 missed=71/16215
/home/danielpark605/tinyml-venv/lib/python3.12/site-packages/tensorflow/lite/python/convert.py:846: UserWarning: Statistics for quantized inputs were expected, but not specified; continuing anyway.
  warnings.warn(
W0000 00:00:1791231534.558500 1036691 tf_tfl_flatbuffer_helpers.cc:364] Ignored output_format.
W0000 00:00:1791231534.558880 1036691 tf_tfl_flatbuffer_helpers.cc:367] Ignored drop_control_dependency.
I0000 00:00:1791231534.559419 1036691 reader.cc:83] Reading SavedModel from: /tmp/tmpzqum4mze
I0000 00:00:1791231534.562239 1036691 reader.cc:52] Reading meta graph with tags { serve }
I0000 00:00:1791231534.562651 1036691 reader.cc:147] Reading SavedModel debug info (if present) from: /tmp/tmpzqum4mze
I0000 00:00:1791231534.573241 1036691 loader.cc:236] Restoring SavedModel bundle.
I0000 00:00:1791231534.626181 1036691 loader.cc:220] Running initialization op on SavedModel bundle at path: /tmp/tmpzqum4mze
I0000 00:00:1791231534.637424 1036691 loader.cc:471] SavedModel load for tags { serve }; Status: success: OK. Took 78014 microseconds.
/home/danielpark605/tinyml-venv/lib/python3.12/site-packages/tensorflow/lite/python/interpreter.py:457: UserWarning:     Warning: tf.lite.Interpreter is deprecated and is scheduled for deletion in
    TF 2.20. Please use the LiteRT interpreter from the ai_edge_litert package.
    See the [migration guide](https://ai.google.dev/edge/litert/migration)
    for details.
    
  warnings.warn(_INTERPRETER_DELETION_WARNING)
   [QAT Strip] Input model type: Functional
   [QAT Strip] Input model class: tf_keras.src.engine.functional.Functional
   [QAT Strip] Creating TF.Keras Functional model with input shape: (43,)
   [QAT Strip] TF_USE_LEGACY_KERAS=1
   [QAT Strip] 4 Dense layers after BatchNorm folding
   [QAT Strip] Created model type: Functional
   [QAT Strip] Model class: tf_keras.src.engine.functional.Functional
   [QAT Strip] Total layers: 5
   [QAT Strip] Is tensorflow.keras model: False
   [QAT Strip] WARNING: Model is not tensorflow.keras! QAT may fail.
✅ Saved (QAT): data/processed/revision/2026-10-05_x2_ptq_init_qat/quant_lit/ton_near_iid_v2/qat_init_max_client0_ft_d0.tflite (56.70 KB)
   Quantization: 10/16 tensors (62.5%)
   Input: <class 'numpy.float32'>, Output: <class 'numpy.float32'>
  [ton_near_iid_v2] qat_init_max           client0_ft   d0 f1=0.9950 far=0.0178 missed=76/16215
/home/danielpark605/tinyml-venv/lib/python3.12/site-packages/tensorflow/lite/python/convert.py:846: UserWarning: Statistics for quantized inputs were expected, but not specified; continuing anyway.
  warnings.warn(
W0000 00:00:1791231536.803426 1036691 tf_tfl_flatbuffer_helpers.cc:364] Ignored output_format.
W0000 00:00:1791231536.803834 1036691 tf_tfl_flatbuffer_helpers.cc:367] Ignored drop_control_dependency.
I0000 00:00:1791231536.804268 1036691 reader.cc:83] Reading SavedModel from: /tmp/tmpw_xqk1xv
I0000 00:00:1791231536.806258 1036691 reader.cc:52] Reading meta graph with tags { serve }
I0000 00:00:1791231536.806663 1036691 reader.cc:147] Reading SavedModel debug info (if present) from: /tmp/tmpw_xqk1xv
I0000 00:00:1791231536.818987 1036691 loader.cc:236] Restoring SavedModel bundle.
I0000 00:00:1791231536.863633 1036691 loader.cc:220] Running initialization op on SavedModel bundle at path: /tmp/tmpw_xqk1xv
I0000 00:00:1791231536.878181 1036691 loader.cc:471] SavedModel load for tags { serve }; Status: success: OK. Took 73924 microseconds.
/home/danielpark605/tinyml-venv/lib/python3.12/site-packages/tensorflow/lite/python/interpreter.py:457: UserWarning:     Warning: tf.lite.Interpreter is deprecated and is scheduled for deletion in
    TF 2.20. Please use the LiteRT interpreter from the ai_edge_litert package.
    See the [migration guide](https://ai.google.dev/edge/litert/migration)
    for details.
    
  warnings.warn(_INTERPRETER_DELETION_WARNING)
   [QAT Strip] Input model type: Functional
   [QAT Strip] Input model class: tf_keras.src.engine.functional.Functional
   [QAT Strip] Creating TF.Keras Functional model with input shape: (43,)
   [QAT Strip] TF_USE_LEGACY_KERAS=1
   [QAT Strip] 4 Dense layers after BatchNorm folding
   [QAT Strip] Created model type: Functional
   [QAT Strip] Model class: tf_keras.src.engine.functional.Functional
   [QAT Strip] Total layers: 5
   [QAT Strip] Is tensorflow.keras model: False
   [QAT Strip] WARNING: Model is not tensorflow.keras! QAT may fail.
✅ Saved (QAT): data/processed/revision/2026-10-05_x2_ptq_init_qat/quant_lit/ton_near_iid_v2/qat_init_pct9999_client0_ft_d0.tflite (56.70 KB)
   Quantization: 10/16 tensors (62.5%)
   Input: <class 'numpy.float32'>, Output: <class 'numpy.float32'>
  [ton_near_iid_v2] qat_init_pct9999       client0_ft   d0 f1=0.9950 far=0.0185 missed=72/16215
/home/danielpark605/tinyml-venv/lib/python3.12/site-packages/tensorflow/lite/python/convert.py:846: UserWarning: Statistics for quantized inputs were expected, but not specified; continuing anyway.
  warnings.warn(
W0000 00:00:1791231539.819442 1036691 tf_tfl_flatbuffer_helpers.cc:364] Ignored output_format.
W0000 00:00:1791231539.819834 1036691 tf_tfl_flatbuffer_helpers.cc:367] Ignored drop_control_dependency.
I0000 00:00:1791231539.820301 1036691 reader.cc:83] Reading SavedModel from: /tmp/tmpt3audfwl
I0000 00:00:1791231539.822107 1036691 reader.cc:52] Reading meta graph with tags { serve }
I0000 00:00:1791231539.822480 1036691 reader.cc:147] Reading SavedModel debug info (if present) from: /tmp/tmpt3audfwl
I0000 00:00:1791231539.835527 1036691 loader.cc:236] Restoring SavedModel bundle.
I0000 00:00:1791231539.885418 1036691 loader.cc:220] Running initialization op on SavedModel bundle at path: /tmp/tmpt3audfwl
I0000 00:00:1791231539.897100 1036691 loader.cc:471] SavedModel load for tags { serve }; Status: success: OK. Took 76825 microseconds.
/home/danielpark605/tinyml-venv/lib/python3.12/site-packages/tensorflow/lite/python/interpreter.py:457: UserWarning:     Warning: tf.lite.Interpreter is deprecated and is scheduled for deletion in
    TF 2.20. Please use the LiteRT interpreter from the ai_edge_litert package.
    See the [migration guide](https://ai.google.dev/edge/litert/migration)
    for details.
    
  warnings.warn(_INTERPRETER_DELETION_WARNING)
   [QAT Strip] Input model type: Functional
   [QAT Strip] Input model class: tf_keras.src.engine.functional.Functional
   [QAT Strip] Creating TF.Keras Functional model with input shape: (43,)
   [QAT Strip] TF_USE_LEGACY_KERAS=1
   [QAT Strip] 4 Dense layers after BatchNorm folding
   [QAT Strip] Created model type: Functional
   [QAT Strip] Model class: tf_keras.src.engine.functional.Functional
   [QAT Strip] Total layers: 5
   [QAT Strip] Is tensorflow.keras model: False
   [QAT Strip] WARNING: Model is not tensorflow.keras! QAT may fail.
✅ Saved (QAT): data/processed/revision/2026-10-05_x2_ptq_init_qat/quant_lit/ton_near_iid_v2/qat_init_mse_client0_ft_d0.tflite (56.70 KB)
   Quantization: 10/16 tensors (62.5%)
   Input: <class 'numpy.float32'>, Output: <class 'numpy.float32'>
  [ton_near_iid_v2] qat_init_mse           client0_ft   d0 f1=0.9950 far=0.0180 missed=75/16215
/home/danielpark605/tinyml-venv/lib/python3.12/site-packages/tensorflow/lite/python/convert.py:846: UserWarning: Statistics for quantized inputs were expected, but not specified; continuing anyway.
  warnings.warn(
W0000 00:00:1791231542.147292 1036691 tf_tfl_flatbuffer_helpers.cc:364] Ignored output_format.
W0000 00:00:1791231542.147651 1036691 tf_tfl_flatbuffer_helpers.cc:367] Ignored drop_control_dependency.
I0000 00:00:1791231542.148094 1036691 reader.cc:83] Reading SavedModel from: /tmp/tmppgecyvy_
I0000 00:00:1791231542.150258 1036691 reader.cc:52] Reading meta graph with tags { serve }
I0000 00:00:1791231542.150727 1036691 reader.cc:147] Reading SavedModel debug info (if present) from: /tmp/tmppgecyvy_
I0000 00:00:1791231542.160879 1036691 loader.cc:236] Restoring SavedModel bundle.
I0000 00:00:1791231542.201052 1036691 loader.cc:220] Running initialization op on SavedModel bundle at path: /tmp/tmppgecyvy_
I0000 00:00:1791231542.214700 1036691 loader.cc:471] SavedModel load for tags { serve }; Status: success: OK. Took 66617 microseconds.
/home/danielpark605/tinyml-venv/lib/python3.12/site-packages/tensorflow/lite/python/interpreter.py:457: UserWarning:     Warning: tf.lite.Interpreter is deprecated and is scheduled for deletion in
    TF 2.20. Please use the LiteRT interpreter from the ai_edge_litert package.
    See the [migration guide](https://ai.google.dev/edge/litert/migration)
    for details.
    
  warnings.warn(_INTERPRETER_DELETION_WARNING)
   [QAT Strip] Input model type: Functional
   [QAT Strip] Input model class: tf_keras.src.engine.functional.Functional
   [QAT Strip] Creating TF.Keras Functional model with input shape: (43,)
   [QAT Strip] TF_USE_LEGACY_KERAS=1
   [QAT Strip] 4 Dense layers after BatchNorm folding
   [QAT Strip] Created model type: Functional
   [QAT Strip] Model class: tf_keras.src.engine.functional.Functional
   [QAT Strip] Total layers: 5
   [QAT Strip] Is tensorflow.keras model: False
   [QAT Strip] WARNING: Model is not tensorflow.keras! QAT may fail.
✅ Saved (QAT): data/processed/revision/2026-10-05_x2_ptq_init_qat/quant_lit/ton_near_iid_v2/qat_init_kl_client0_ft_d0.tflite (56.70 KB)
   Quantization: 10/16 tensors (62.5%)
   Input: <class 'numpy.float32'>, Output: <class 'numpy.float32'>
  [ton_near_iid_v2] qat_init_kl            client0_ft   d0 f1=0.9948 far=0.0183 missed=81/16215
/home/danielpark605/tinyml-venv/lib/python3.12/site-packages/tensorflow/lite/python/convert.py:846: UserWarning: Statistics for quantized inputs were expected, but not specified; continuing anyway.
  warnings.warn(
W0000 00:00:1791231544.490172 1036691 tf_tfl_flatbuffer_helpers.cc:364] Ignored output_format.
W0000 00:00:1791231544.490550 1036691 tf_tfl_flatbuffer_helpers.cc:367] Ignored drop_control_dependency.
I0000 00:00:1791231544.491042 1036691 reader.cc:83] Reading SavedModel from: /tmp/tmpry__gq2z
I0000 00:00:1791231544.493851 1036691 reader.cc:52] Reading meta graph with tags { serve }
I0000 00:00:1791231544.494240 1036691 reader.cc:147] Reading SavedModel debug info (if present) from: /tmp/tmpry__gq2z
I0000 00:00:1791231544.506259 1036691 loader.cc:236] Restoring SavedModel bundle.
I0000 00:00:1791231544.551923 1036691 loader.cc:220] Running initialization op on SavedModel bundle at path: /tmp/tmpry__gq2z
I0000 00:00:1791231544.562430 1036691 loader.cc:471] SavedModel load for tags { serve }; Status: success: OK. Took 71398 microseconds.
/home/danielpark605/tinyml-venv/lib/python3.12/site-packages/tensorflow/lite/python/interpreter.py:457: UserWarning:     Warning: tf.lite.Interpreter is deprecated and is scheduled for deletion in
    TF 2.20. Please use the LiteRT interpreter from the ai_edge_litert package.
    See the [migration guide](https://ai.google.dev/edge/litert/migration)
    for details.
    
  warnings.warn(_INTERPRETER_DELETION_WARNING)
   [QAT Strip] Input model type: Functional
   [QAT Strip] Input model class: tf_keras.src.engine.functional.Functional
   [QAT Strip] Creating TF.Keras Functional model with input shape: (43,)
   [QAT Strip] TF_USE_LEGACY_KERAS=1
   [QAT Strip] 4 Dense layers after BatchNorm folding
   [QAT Strip] Created model type: Functional
   [QAT Strip] Model class: tf_keras.src.engine.functional.Functional
   [QAT Strip] Total layers: 5
   [QAT Strip] Is tensorflow.keras model: False
   [QAT Strip] WARNING: Model is not tensorflow.keras! QAT may fail.
✅ Saved (QAT): data/processed/revision/2026-10-05_x2_ptq_init_qat/quant_lit/ton_near_iid_v2/qat_init_clip5_max_client0_ft_d0.tflite (56.70 KB)
   Quantization: 10/16 tensors (62.5%)
   Input: <class 'numpy.float32'>, Output: <class 'numpy.float32'>
  [ton_near_iid_v2] qat_init_clip5_max     client0_ft   d0 f1=0.9950 far=0.0187 missed=71/16215
/home/danielpark605/tinyml-venv/lib/python3.12/site-packages/tensorflow/lite/python/convert.py:846: UserWarning: Statistics for quantized inputs were expected, but not specified; continuing anyway.
  warnings.warn(
W0000 00:00:1791231547.101641 1036691 tf_tfl_flatbuffer_helpers.cc:364] Ignored output_format.
W0000 00:00:1791231547.102135 1036691 tf_tfl_flatbuffer_helpers.cc:367] Ignored drop_control_dependency.
I0000 00:00:1791231547.102668 1036691 reader.cc:83] Reading SavedModel from: /tmp/tmpcrkha9dw
I0000 00:00:1791231547.104718 1036691 reader.cc:52] Reading meta graph with tags { serve }
I0000 00:00:1791231547.105080 1036691 reader.cc:147] Reading SavedModel debug info (if present) from: /tmp/tmpcrkha9dw
I0000 00:00:1791231547.117062 1036691 loader.cc:236] Restoring SavedModel bundle.
I0000 00:00:1791231547.174080 1036691 loader.cc:220] Running initialization op on SavedModel bundle at path: /tmp/tmpcrkha9dw
I0000 00:00:1791231547.188263 1036691 loader.cc:471] SavedModel load for tags { serve }; Status: success: OK. Took 85605 microseconds.
/home/danielpark605/tinyml-venv/lib/python3.12/site-packages/tensorflow/lite/python/interpreter.py:457: UserWarning:     Warning: tf.lite.Interpreter is deprecated and is scheduled for deletion in
    TF 2.20. Please use the LiteRT interpreter from the ai_edge_litert package.
    See the [migration guide](https://ai.google.dev/edge/litert/migration)
    for details.
    
  warnings.warn(_INTERPRETER_DELETION_WARNING)
   [QAT Strip] Input model type: Functional
   [QAT Strip] Input model class: tf_keras.src.engine.functional.Functional
   [QAT Strip] Creating TF.Keras Functional model with input shape: (43,)
   [QAT Strip] TF_USE_LEGACY_KERAS=1
   [QAT Strip] 4 Dense layers after BatchNorm folding
   [QAT Strip] Created model type: Functional
   [QAT Strip] Model class: tf_keras.src.engine.functional.Functional
   [QAT Strip] Total layers: 5
   [QAT Strip] Is tensorflow.keras model: False
   [QAT Strip] WARNING: Model is not tensorflow.keras! QAT may fail.
✅ Saved (QAT): data/processed/revision/2026-10-05_x2_ptq_init_qat/quant_lit/ton_near_iid_v2/qat_fixed_max_client0_ft_d0.tflite (56.70 KB)
   Quantization: 10/16 tensors (62.5%)
   Input: <class 'numpy.float32'>, Output: <class 'numpy.float32'>
  [ton_near_iid_v2] qat_fixed_max          client0_ft   d0 f1=0.9948 far=0.0158 missed=94/16215
/home/danielpark605/tinyml-venv/lib/python3.12/site-packages/tensorflow/lite/python/convert.py:846: UserWarning: Statistics for quantized inputs were expected, but not specified; continuing anyway.
  warnings.warn(
W0000 00:00:1791231550.280180 1036691 tf_tfl_flatbuffer_helpers.cc:364] Ignored output_format.
W0000 00:00:1791231550.280609 1036691 tf_tfl_flatbuffer_helpers.cc:367] Ignored drop_control_dependency.
I0000 00:00:1791231550.281077 1036691 reader.cc:83] Reading SavedModel from: /tmp/tmpj8_g3pke
I0000 00:00:1791231550.283618 1036691 reader.cc:52] Reading meta graph with tags { serve }
I0000 00:00:1791231550.284059 1036691 reader.cc:147] Reading SavedModel debug info (if present) from: /tmp/tmpj8_g3pke
I0000 00:00:1791231550.297258 1036691 loader.cc:236] Restoring SavedModel bundle.
I0000 00:00:1791231550.348478 1036691 loader.cc:220] Running initialization op on SavedModel bundle at path: /tmp/tmpj8_g3pke
I0000 00:00:1791231550.363449 1036691 loader.cc:471] SavedModel load for tags { serve }; Status: success: OK. Took 82390 microseconds.
/home/danielpark605/tinyml-venv/lib/python3.12/site-packages/tensorflow/lite/python/interpreter.py:457: UserWarning:     Warning: tf.lite.Interpreter is deprecated and is scheduled for deletion in
    TF 2.20. Please use the LiteRT interpreter from the ai_edge_litert package.
    See the [migration guide](https://ai.google.dev/edge/litert/migration)
    for details.
    
  warnings.warn(_INTERPRETER_DELETION_WARNING)
   [QAT Strip] Input model type: Functional
   [QAT Strip] Input model class: tf_keras.src.engine.functional.Functional
   [QAT Strip] Creating TF.Keras Functional model with input shape: (43,)
   [QAT Strip] TF_USE_LEGACY_KERAS=1
   [QAT Strip] 4 Dense layers after BatchNorm folding
   [QAT Strip] Created model type: Functional
   [QAT Strip] Model class: tf_keras.src.engine.functional.Functional
   [QAT Strip] Total layers: 5
   [QAT Strip] Is tensorflow.keras model: False
   [QAT Strip] WARNING: Model is not tensorflow.keras! QAT may fail.
✅ Saved (QAT): data/processed/revision/2026-10-05_x2_ptq_init_qat/quant_lit/ton_near_iid_v2/qat_fixed_pct9999_client0_ft_d0.tflite (56.70 KB)
   Quantization: 10/16 tensors (62.5%)
   Input: <class 'numpy.float32'>, Output: <class 'numpy.float32'>
  [ton_near_iid_v2] qat_fixed_pct9999      client0_ft   d0 f1=0.9951 far=0.0160 missed=82/16215
/home/danielpark605/tinyml-venv/lib/python3.12/site-packages/tensorflow/lite/python/convert.py:846: UserWarning: Statistics for quantized inputs were expected, but not specified; continuing anyway.
  warnings.warn(
W0000 00:00:1791231551.072858 1036691 tf_tfl_flatbuffer_helpers.cc:364] Ignored output_format.
W0000 00:00:1791231551.073337 1036691 tf_tfl_flatbuffer_helpers.cc:367] Ignored drop_control_dependency.
I0000 00:00:1791231551.073833 1036691 reader.cc:83] Reading SavedModel from: /tmp/tmpdx4phykw
I0000 00:00:1791231551.076349 1036691 reader.cc:52] Reading meta graph with tags { serve }
I0000 00:00:1791231551.076730 1036691 reader.cc:147] Reading SavedModel debug info (if present) from: /tmp/tmpdx4phykw
I0000 00:00:1791231551.086866 1036691 loader.cc:236] Restoring SavedModel bundle.
I0000 00:00:1791231551.143580 1036691 loader.cc:220] Running initialization op on SavedModel bundle at path: /tmp/tmpdx4phykw
I0000 00:00:1791231551.154867 1036691 loader.cc:471] SavedModel load for tags { serve }; Status: success: OK. Took 81044 microseconds.
/home/danielpark605/tinyml-venv/lib/python3.12/site-packages/tensorflow/lite/python/interpreter.py:457: UserWarning:     Warning: tf.lite.Interpreter is deprecated and is scheduled for deletion in
    TF 2.20. Please use the LiteRT interpreter from the ai_edge_litert package.
    See the [migration guide](https://ai.google.dev/edge/litert/migration)
    for details.
    
  warnings.warn(_INTERPRETER_DELETION_WARNING)
   [QAT Strip] Input model type: Functional
   [QAT Strip] Input model class: tf_keras.src.engine.functional.Functional
   [QAT Strip] Creating TF.Keras Functional model with input shape: (43,)
   [QAT Strip] TF_USE_LEGACY_KERAS=1
   [QAT Strip] 4 Dense layers after BatchNorm folding
   [QAT Strip] Created model type: Functional
   [QAT Strip] Model class: tf_keras.src.engine.functional.Functional
   [QAT Strip] Total layers: 5
   [QAT Strip] Is tensorflow.keras model: False
   [QAT Strip] WARNING: Model is not tensorflow.keras! QAT may fail.
✅ Saved (QAT): data/processed/revision/2026-10-05_x2_ptq_init_qat/quant_lit/ton_near_iid_v2/qat_fixed_mse_client0_ft_d0.tflite (56.70 KB)
   Quantization: 10/16 tensors (62.5%)
   Input: <class 'numpy.float32'>, Output: <class 'numpy.float32'>
  [ton_near_iid_v2] qat_fixed_mse          client0_ft   d0 f1=0.9956 far=0.0151 missed=70/16215
/home/danielpark605/tinyml-venv/lib/python3.12/site-packages/tensorflow/lite/python/convert.py:846: UserWarning: Statistics for quantized inputs were expected, but not specified; continuing anyway.
  warnings.warn(
W0000 00:00:1791231553.436896 1036691 tf_tfl_flatbuffer_helpers.cc:364] Ignored output_format.
W0000 00:00:1791231553.437305 1036691 tf_tfl_flatbuffer_helpers.cc:367] Ignored drop_control_dependency.
I0000 00:00:1791231553.437762 1036691 reader.cc:83] Reading SavedModel from: /tmp/tmp31kaktrk
I0000 00:00:1791231553.439682 1036691 reader.cc:52] Reading meta graph with tags { serve }
I0000 00:00:1791231553.440049 1036691 reader.cc:147] Reading SavedModel debug info (if present) from: /tmp/tmp31kaktrk
I0000 00:00:1791231553.451868 1036691 loader.cc:236] Restoring SavedModel bundle.
I0000 00:00:1791231553.497771 1036691 loader.cc:220] Running initialization op on SavedModel bundle at path: /tmp/tmp31kaktrk
I0000 00:00:1791231553.512228 1036691 loader.cc:471] SavedModel load for tags { serve }; Status: success: OK. Took 74477 microseconds.
/home/danielpark605/tinyml-venv/lib/python3.12/site-packages/tensorflow/lite/python/interpreter.py:457: UserWarning:     Warning: tf.lite.Interpreter is deprecated and is scheduled for deletion in
    TF 2.20. Please use the LiteRT interpreter from the ai_edge_litert package.
    See the [migration guide](https://ai.google.dev/edge/litert/migration)
    for details.
    
  warnings.warn(_INTERPRETER_DELETION_WARNING)
   [QAT Strip] Input model type: Functional
   [QAT Strip] Input model class: tf_keras.src.engine.functional.Functional
   [QAT Strip] Creating TF.Keras Functional model with input shape: (43,)
   [QAT Strip] TF_USE_LEGACY_KERAS=1
   [QAT Strip] 4 Dense layers after BatchNorm folding
   [QAT Strip] Created model type: Functional
   [QAT Strip] Model class: tf_keras.src.engine.functional.Functional
   [QAT Strip] Total layers: 5
   [QAT Strip] Is tensorflow.keras model: False
   [QAT Strip] WARNING: Model is not tensorflow.keras! QAT may fail.
✅ Saved (QAT): data/processed/revision/2026-10-05_x2_ptq_init_qat/quant_lit/ton_near_iid_v2/qat_fixed_clip5_max_client0_ft_d0.tflite (56.70 KB)
   Quantization: 10/16 tensors (62.5%)
   Input: <class 'numpy.float32'>, Output: <class 'numpy.float32'>
  [ton_near_iid_v2] qat_fixed_clip5_max    client0_ft   d0 f1=0.9943 far=0.0172 missed=102/16215
/home/danielpark605/tinyml-venv/lib/python3.12/site-packages/tensorflow/lite/python/convert.py:846: UserWarning: Statistics for quantized inputs were expected, but not specified; continuing anyway.
  warnings.warn(
W0000 00:00:1791231554.905012 1036691 tf_tfl_flatbuffer_helpers.cc:364] Ignored output_format.
W0000 00:00:1791231554.905455 1036691 tf_tfl_flatbuffer_helpers.cc:367] Ignored drop_control_dependency.
I0000 00:00:1791231554.906023 1036691 reader.cc:83] Reading SavedModel from: /tmp/tmpid7glt09
I0000 00:00:1791231554.907140 1036691 reader.cc:52] Reading meta graph with tags { serve }
I0000 00:00:1791231554.907509 1036691 reader.cc:147] Reading SavedModel debug info (if present) from: /tmp/tmpid7glt09
I0000 00:00:1791231554.911070 1036691 loader.cc:236] Restoring SavedModel bundle.
I0000 00:00:1791231554.921705 1036691 loader.cc:220] Running initialization op on SavedModel bundle at path: /tmp/tmpid7glt09
I0000 00:00:1791231554.925360 1036691 loader.cc:471] SavedModel load for tags { serve }; Status: success: OK. Took 19345 microseconds.
fully_quantize: 0, inference_type: 6, input_inference_type: FLOAT32, output_inference_type: FLOAT32
W0000 00:00:1791231554.987393 1036691 flatbuffer_export.cc:3851] Skipping runtime version metadata in the model. This will be generated by the exporter.
/home/danielpark605/tinyml-venv/lib/python3.12/site-packages/tensorflow/lite/python/interpreter.py:457: UserWarning:     Warning: tf.lite.Interpreter is deprecated and is scheduled for deletion in
    TF 2.20. Please use the LiteRT interpreter from the ai_edge_litert package.
    See the [migration guide](https://ai.google.dev/edge/litert/migration)
    for details.
    
  warnings.warn(_INTERPRETER_DELETION_WARNING)
  [ton_near_iid_v2] ptq_tflite_max         client0_ft   d1 f1=0.9689 far=0.0187 missed=893/16215
/home/danielpark605/tinyml-venv/lib/python3.12/site-packages/tensorflow/lite/python/convert.py:846: UserWarning: Statistics for quantized inputs were expected, but not specified; continuing anyway.
  warnings.warn(
W0000 00:00:1791231558.753143 1036691 tf_tfl_flatbuffer_helpers.cc:364] Ignored output_format.
W0000 00:00:1791231558.753542 1036691 tf_tfl_flatbuffer_helpers.cc:367] Ignored drop_control_dependency.
I0000 00:00:1791231558.754011 1036691 reader.cc:83] Reading SavedModel from: /tmp/tmpvlf075oy
I0000 00:00:1791231558.756391 1036691 reader.cc:52] Reading meta graph with tags { serve }
I0000 00:00:1791231558.756772 1036691 reader.cc:147] Reading SavedModel debug info (if present) from: /tmp/tmpvlf075oy
I0000 00:00:1791231558.768489 1036691 loader.cc:236] Restoring SavedModel bundle.
I0000 00:00:1791231558.798581 1036691 loader.cc:220] Running initialization op on SavedModel bundle at path: /tmp/tmpvlf075oy
I0000 00:00:1791231558.810175 1036691 loader.cc:471] SavedModel load for tags { serve }; Status: success: OK. Took 56173 microseconds.
/home/danielpark605/tinyml-venv/lib/python3.12/site-packages/tensorflow/lite/python/interpreter.py:457: UserWarning:     Warning: tf.lite.Interpreter is deprecated and is scheduled for deletion in
    TF 2.20. Please use the LiteRT interpreter from the ai_edge_litert package.
    See the [migration guide](https://ai.google.dev/edge/litert/migration)
    for details.
    
  warnings.warn(_INTERPRETER_DELETION_WARNING)
   [QAT Strip] Input model type: Functional
   [QAT Strip] Input model class: tf_keras.src.engine.functional.Functional
   [QAT Strip] Creating TF.Keras Functional model with input shape: (43,)
   [QAT Strip] TF_USE_LEGACY_KERAS=1
   [QAT Strip] 4 Dense layers after BatchNorm folding
   [QAT Strip] Created model type: Functional
   [QAT Strip] Model class: tf_keras.src.engine.functional.Functional
   [QAT Strip] Total layers: 5
   [QAT Strip] Is tensorflow.keras model: False
   [QAT Strip] WARNING: Model is not tensorflow.keras! QAT may fail.
✅ Saved (QAT): data/processed/revision/2026-10-05_x2_ptq_init_qat/quant_lit/ton_near_iid_v2/ptq_fq_max_client0_ft_d1.tflite (56.70 KB)
   Quantization: 10/16 tensors (62.5%)
   Input: <class 'numpy.float32'>, Output: <class 'numpy.float32'>
  [ton_near_iid_v2] ptq_fq_max             client0_ft   d1 f1=0.9685 far=0.0185 missed=906/16215
/home/danielpark605/tinyml-venv/lib/python3.12/site-packages/tensorflow/lite/python/convert.py:846: UserWarning: Statistics for quantized inputs were expected, but not specified; continuing anyway.
  warnings.warn(
W0000 00:00:1791231560.655629 1036691 tf_tfl_flatbuffer_helpers.cc:364] Ignored output_format.
W0000 00:00:1791231560.656028 1036691 tf_tfl_flatbuffer_helpers.cc:367] Ignored drop_control_dependency.
I0000 00:00:1791231560.656469 1036691 reader.cc:83] Reading SavedModel from: /tmp/tmpb433c_ff
I0000 00:00:1791231560.658722 1036691 reader.cc:52] Reading meta graph with tags { serve }
I0000 00:00:1791231560.659078 1036691 reader.cc:147] Reading SavedModel debug info (if present) from: /tmp/tmpb433c_ff
I0000 00:00:1791231560.672308 1036691 loader.cc:236] Restoring SavedModel bundle.
I0000 00:00:1791231560.710511 1036691 loader.cc:220] Running initialization op on SavedModel bundle at path: /tmp/tmpb433c_ff
I0000 00:00:1791231560.723296 1036691 loader.cc:471] SavedModel load for tags { serve }; Status: success: OK. Took 66848 microseconds.
/home/danielpark605/tinyml-venv/lib/python3.12/site-packages/tensorflow/lite/python/interpreter.py:457: UserWarning:     Warning: tf.lite.Interpreter is deprecated and is scheduled for deletion in
    TF 2.20. Please use the LiteRT interpreter from the ai_edge_litert package.
    See the [migration guide](https://ai.google.dev/edge/litert/migration)
    for details.
    
  warnings.warn(_INTERPRETER_DELETION_WARNING)
   [QAT Strip] Input model type: Functional
   [QAT Strip] Input model class: tf_keras.src.engine.functional.Functional
   [QAT Strip] Creating TF.Keras Functional model with input shape: (43,)
   [QAT Strip] TF_USE_LEGACY_KERAS=1
   [QAT Strip] 4 Dense layers after BatchNorm folding
   [QAT Strip] Created model type: Functional
   [QAT Strip] Model class: tf_keras.src.engine.functional.Functional
   [QAT Strip] Total layers: 5
   [QAT Strip] Is tensorflow.keras model: False
   [QAT Strip] WARNING: Model is not tensorflow.keras! QAT may fail.
✅ Saved (QAT): data/processed/revision/2026-10-05_x2_ptq_init_qat/quant_lit/ton_near_iid_v2/ptq_fq_pct9999_client0_ft_d1.tflite (56.70 KB)
   Quantization: 10/16 tensors (62.5%)
   Input: <class 'numpy.float32'>, Output: <class 'numpy.float32'>
  [ton_near_iid_v2] ptq_fq_pct9999         client0_ft   d1 f1=0.9608 far=0.0168 missed=1148/16215
/home/danielpark605/tinyml-venv/lib/python3.12/site-packages/tensorflow/lite/python/convert.py:846: UserWarning: Statistics for quantized inputs were expected, but not specified; continuing anyway.
  warnings.warn(
W0000 00:00:1791231561.968433 1036691 tf_tfl_flatbuffer_helpers.cc:364] Ignored output_format.
W0000 00:00:1791231561.968813 1036691 tf_tfl_flatbuffer_helpers.cc:367] Ignored drop_control_dependency.
I0000 00:00:1791231561.969261 1036691 reader.cc:83] Reading SavedModel from: /tmp/tmpszprwrpb
I0000 00:00:1791231561.970870 1036691 reader.cc:52] Reading meta graph with tags { serve }
I0000 00:00:1791231561.971229 1036691 reader.cc:147] Reading SavedModel debug info (if present) from: /tmp/tmpszprwrpb
I0000 00:00:1791231561.978522 1036691 loader.cc:236] Restoring SavedModel bundle.
I0000 00:00:1791231562.013211 1036691 loader.cc:220] Running initialization op on SavedModel bundle at path: /tmp/tmpszprwrpb
I0000 00:00:1791231562.026417 1036691 loader.cc:471] SavedModel load for tags { serve }; Status: success: OK. Took 57179 microseconds.
/home/danielpark605/tinyml-venv/lib/python3.12/site-packages/tensorflow/lite/python/interpreter.py:457: UserWarning:     Warning: tf.lite.Interpreter is deprecated and is scheduled for deletion in
    TF 2.20. Please use the LiteRT interpreter from the ai_edge_litert package.
    See the [migration guide](https://ai.google.dev/edge/litert/migration)
    for details.
    
  warnings.warn(_INTERPRETER_DELETION_WARNING)
   [QAT Strip] Input model type: Functional
   [QAT Strip] Input model class: tf_keras.src.engine.functional.Functional
   [QAT Strip] Creating TF.Keras Functional model with input shape: (43,)
   [QAT Strip] TF_USE_LEGACY_KERAS=1
   [QAT Strip] 4 Dense layers after BatchNorm folding
   [QAT Strip] Created model type: Functional
   [QAT Strip] Model class: tf_keras.src.engine.functional.Functional
   [QAT Strip] Total layers: 5
   [QAT Strip] Is tensorflow.keras model: False
   [QAT Strip] WARNING: Model is not tensorflow.keras! QAT may fail.
✅ Saved (QAT): data/processed/revision/2026-10-05_x2_ptq_init_qat/quant_lit/ton_near_iid_v2/ptq_fq_mse_client0_ft_d1.tflite (56.70 KB)
   Quantization: 10/16 tensors (62.5%)
   Input: <class 'numpy.float32'>, Output: <class 'numpy.float32'>
  [ton_near_iid_v2] ptq_fq_mse             client0_ft   d1 f1=0.9692 far=0.0189 missed=882/16215
/home/danielpark605/tinyml-venv/lib/python3.12/site-packages/tensorflow/lite/python/convert.py:846: UserWarning: Statistics for quantized inputs were expected, but not specified; continuing anyway.
  warnings.warn(
W0000 00:00:1791231563.175334 1036691 tf_tfl_flatbuffer_helpers.cc:364] Ignored output_format.
W0000 00:00:1791231563.175765 1036691 tf_tfl_flatbuffer_helpers.cc:367] Ignored drop_control_dependency.
I0000 00:00:1791231563.176237 1036691 reader.cc:83] Reading SavedModel from: /tmp/tmp9j4i7xo1
I0000 00:00:1791231563.178187 1036691 reader.cc:52] Reading meta graph with tags { serve }
I0000 00:00:1791231563.178875 1036691 reader.cc:147] Reading SavedModel debug info (if present) from: /tmp/tmp9j4i7xo1
I0000 00:00:1791231563.187017 1036691 loader.cc:236] Restoring SavedModel bundle.
I0000 00:00:1791231563.222823 1036691 loader.cc:220] Running initialization op on SavedModel bundle at path: /tmp/tmp9j4i7xo1
I0000 00:00:1791231563.230925 1036691 loader.cc:471] SavedModel load for tags { serve }; Status: success: OK. Took 54711 microseconds.
/home/danielpark605/tinyml-venv/lib/python3.12/site-packages/tensorflow/lite/python/interpreter.py:457: UserWarning:     Warning: tf.lite.Interpreter is deprecated and is scheduled for deletion in
    TF 2.20. Please use the LiteRT interpreter from the ai_edge_litert package.
    See the [migration guide](https://ai.google.dev/edge/litert/migration)
    for details.
    
  warnings.warn(_INTERPRETER_DELETION_WARNING)
   [QAT Strip] Input model type: Functional
   [QAT Strip] Input model class: tf_keras.src.engine.functional.Functional
   [QAT Strip] Creating TF.Keras Functional model with input shape: (43,)
   [QAT Strip] TF_USE_LEGACY_KERAS=1
   [QAT Strip] 4 Dense layers after BatchNorm folding
   [QAT Strip] Created model type: Functional
   [QAT Strip] Model class: tf_keras.src.engine.functional.Functional
   [QAT Strip] Total layers: 5
   [QAT Strip] Is tensorflow.keras model: False
   [QAT Strip] WARNING: Model is not tensorflow.keras! QAT may fail.
✅ Saved (QAT): data/processed/revision/2026-10-05_x2_ptq_init_qat/quant_lit/ton_near_iid_v2/ptq_fq_kl_client0_ft_d1.tflite (56.70 KB)
   Quantization: 10/16 tensors (62.5%)
   Input: <class 'numpy.float32'>, Output: <class 'numpy.float32'>
  [ton_near_iid_v2] ptq_fq_kl              client0_ft   d1 f1=0.9715 far=0.0216 missed=799/16215
/home/danielpark605/tinyml-venv/lib/python3.12/site-packages/tensorflow/lite/python/convert.py:846: UserWarning: Statistics for quantized inputs were expected, but not specified; continuing anyway.
  warnings.warn(
W0000 00:00:1791231564.408270 1036691 tf_tfl_flatbuffer_helpers.cc:364] Ignored output_format.
W0000 00:00:1791231564.408711 1036691 tf_tfl_flatbuffer_helpers.cc:367] Ignored drop_control_dependency.
I0000 00:00:1791231564.409181 1036691 reader.cc:83] Reading SavedModel from: /tmp/tmpe2whao6d
I0000 00:00:1791231564.410991 1036691 reader.cc:52] Reading meta graph with tags { serve }
I0000 00:00:1791231564.411381 1036691 reader.cc:147] Reading SavedModel debug info (if present) from: /tmp/tmpe2whao6d
I0000 00:00:1791231564.421081 1036691 loader.cc:236] Restoring SavedModel bundle.
I0000 00:00:1791231564.454633 1036691 loader.cc:220] Running initialization op on SavedModel bundle at path: /tmp/tmpe2whao6d
I0000 00:00:1791231564.466796 1036691 loader.cc:471] SavedModel load for tags { serve }; Status: success: OK. Took 57630 microseconds.
/home/danielpark605/tinyml-venv/lib/python3.12/site-packages/tensorflow/lite/python/interpreter.py:457: UserWarning:     Warning: tf.lite.Interpreter is deprecated and is scheduled for deletion in
    TF 2.20. Please use the LiteRT interpreter from the ai_edge_litert package.
    See the [migration guide](https://ai.google.dev/edge/litert/migration)
    for details.
    
  warnings.warn(_INTERPRETER_DELETION_WARNING)
   [QAT Strip] Input model type: Functional
   [QAT Strip] Input model class: tf_keras.src.engine.functional.Functional
   [QAT Strip] Creating TF.Keras Functional model with input shape: (43,)
   [QAT Strip] TF_USE_LEGACY_KERAS=1
   [QAT Strip] 4 Dense layers after BatchNorm folding
   [QAT Strip] Created model type: Functional
   [QAT Strip] Model class: tf_keras.src.engine.functional.Functional
   [QAT Strip] Total layers: 5
   [QAT Strip] Is tensorflow.keras model: False
   [QAT Strip] WARNING: Model is not tensorflow.keras! QAT may fail.
✅ Saved (QAT): data/processed/revision/2026-10-05_x2_ptq_init_qat/quant_lit/ton_near_iid_v2/ptq_fq_clip5_max_client0_ft_d1.tflite (56.70 KB)
   Quantization: 10/16 tensors (62.5%)
   Input: <class 'numpy.float32'>, Output: <class 'numpy.float32'>
  [ton_near_iid_v2] ptq_fq_clip5_max       client0_ft   d1 f1=0.9944 far=0.0174 missed=99/16215
/home/danielpark605/tinyml-venv/lib/python3.12/site-packages/tensorflow/lite/python/convert.py:846: UserWarning: Statistics for quantized inputs were expected, but not specified; continuing anyway.
  warnings.warn(
W0000 00:00:1791231566.725215 1036691 tf_tfl_flatbuffer_helpers.cc:364] Ignored output_format.
W0000 00:00:1791231566.725592 1036691 tf_tfl_flatbuffer_helpers.cc:367] Ignored drop_control_dependency.
I0000 00:00:1791231566.726044 1036691 reader.cc:83] Reading SavedModel from: /tmp/tmpqdofl1ll
I0000 00:00:1791231566.728812 1036691 reader.cc:52] Reading meta graph with tags { serve }
I0000 00:00:1791231566.729221 1036691 reader.cc:147] Reading SavedModel debug info (if present) from: /tmp/tmpqdofl1ll
I0000 00:00:1791231566.742138 1036691 loader.cc:236] Restoring SavedModel bundle.
I0000 00:00:1791231566.792125 1036691 loader.cc:220] Running initialization op on SavedModel bundle at path: /tmp/tmpqdofl1ll
I0000 00:00:1791231566.805640 1036691 loader.cc:471] SavedModel load for tags { serve }; Status: success: OK. Took 79606 microseconds.
/home/danielpark605/tinyml-venv/lib/python3.12/site-packages/tensorflow/lite/python/interpreter.py:457: UserWarning:     Warning: tf.lite.Interpreter is deprecated and is scheduled for deletion in
    TF 2.20. Please use the LiteRT interpreter from the ai_edge_litert package.
    See the [migration guide](https://ai.google.dev/edge/litert/migration)
    for details.
    
  warnings.warn(_INTERPRETER_DELETION_WARNING)
   [QAT Strip] Input model type: Functional
   [QAT Strip] Input model class: tf_keras.src.engine.functional.Functional
   [QAT Strip] Creating TF.Keras Functional model with input shape: (43,)
   [QAT Strip] TF_USE_LEGACY_KERAS=1
   [QAT Strip] 4 Dense layers after BatchNorm folding
   [QAT Strip] Created model type: Functional
   [QAT Strip] Model class: tf_keras.src.engine.functional.Functional
   [QAT Strip] Total layers: 5
   [QAT Strip] Is tensorflow.keras model: False
   [QAT Strip] WARNING: Model is not tensorflow.keras! QAT may fail.
✅ Saved (QAT): data/processed/revision/2026-10-05_x2_ptq_init_qat/quant_lit/ton_near_iid_v2/qat_default_client0_ft_d1.tflite (56.70 KB)
   Quantization: 10/16 tensors (62.5%)
   Input: <class 'numpy.float32'>, Output: <class 'numpy.float32'>
  [ton_near_iid_v2] qat_default            client0_ft   d1 f1=0.9895 far=0.0295 missed=198/16215
/home/danielpark605/tinyml-venv/lib/python3.12/site-packages/tensorflow/lite/python/convert.py:846: UserWarning: Statistics for quantized inputs were expected, but not specified; continuing anyway.
  warnings.warn(
W0000 00:00:1791231568.985170 1036691 tf_tfl_flatbuffer_helpers.cc:364] Ignored output_format.
W0000 00:00:1791231568.985553 1036691 tf_tfl_flatbuffer_helpers.cc:367] Ignored drop_control_dependency.
I0000 00:00:1791231568.986044 1036691 reader.cc:83] Reading SavedModel from: /tmp/tmprvt47rz6
I0000 00:00:1791231568.988844 1036691 reader.cc:52] Reading meta graph with tags { serve }
I0000 00:00:1791231568.989215 1036691 reader.cc:147] Reading SavedModel debug info (if present) from: /tmp/tmprvt47rz6
I0000 00:00:1791231568.999387 1036691 loader.cc:236] Restoring SavedModel bundle.
I0000 00:00:1791231569.046441 1036691 loader.cc:220] Running initialization op on SavedModel bundle at path: /tmp/tmprvt47rz6
I0000 00:00:1791231569.057973 1036691 loader.cc:471] SavedModel load for tags { serve }; Status: success: OK. Took 71937 microseconds.
/home/danielpark605/tinyml-venv/lib/python3.12/site-packages/tensorflow/lite/python/interpreter.py:457: UserWarning:     Warning: tf.lite.Interpreter is deprecated and is scheduled for deletion in
    TF 2.20. Please use the LiteRT interpreter from the ai_edge_litert package.
    See the [migration guide](https://ai.google.dev/edge/litert/migration)
    for details.
    
  warnings.warn(_INTERPRETER_DELETION_WARNING)
   [QAT Strip] Input model type: Functional
   [QAT Strip] Input model class: tf_keras.src.engine.functional.Functional
   [QAT Strip] Creating TF.Keras Functional model with input shape: (43,)
   [QAT Strip] TF_USE_LEGACY_KERAS=1
   [QAT Strip] 4 Dense layers after BatchNorm folding
   [QAT Strip] Created model type: Functional
   [QAT Strip] Model class: tf_keras.src.engine.functional.Functional
   [QAT Strip] Total layers: 5
   [QAT Strip] Is tensorflow.keras model: False
   [QAT Strip] WARNING: Model is not tensorflow.keras! QAT may fail.
✅ Saved (QAT): data/processed/revision/2026-10-05_x2_ptq_init_qat/quant_lit/ton_near_iid_v2/qat_init_max_client0_ft_d1.tflite (56.70 KB)
   Quantization: 10/16 tensors (62.5%)
   Input: <class 'numpy.float32'>, Output: <class 'numpy.float32'>
  [ton_near_iid_v2] qat_init_max           client0_ft   d1 f1=0.9894 far=0.0297 missed=199/16215
/home/danielpark605/tinyml-venv/lib/python3.12/site-packages/tensorflow/lite/python/convert.py:846: UserWarning: Statistics for quantized inputs were expected, but not specified; continuing anyway.
  warnings.warn(
W0000 00:00:1791231572.155285 1036691 tf_tfl_flatbuffer_helpers.cc:364] Ignored output_format.
W0000 00:00:1791231572.155696 1036691 tf_tfl_flatbuffer_helpers.cc:367] Ignored drop_control_dependency.
I0000 00:00:1791231572.156223 1036691 reader.cc:83] Reading SavedModel from: /tmp/tmpdfeqilkl
I0000 00:00:1791231572.158052 1036691 reader.cc:52] Reading meta graph with tags { serve }
I0000 00:00:1791231572.158456 1036691 reader.cc:147] Reading SavedModel debug info (if present) from: /tmp/tmpdfeqilkl
I0000 00:00:1791231572.171544 1036691 loader.cc:236] Restoring SavedModel bundle.
I0000 00:00:1791231572.231539 1036691 loader.cc:220] Running initialization op on SavedModel bundle at path: /tmp/tmpdfeqilkl
I0000 00:00:1791231572.243988 1036691 loader.cc:471] SavedModel load for tags { serve }; Status: success: OK. Took 87785 microseconds.
/home/danielpark605/tinyml-venv/lib/python3.12/site-packages/tensorflow/lite/python/interpreter.py:457: UserWarning:     Warning: tf.lite.Interpreter is deprecated and is scheduled for deletion in
    TF 2.20. Please use the LiteRT interpreter from the ai_edge_litert package.
    See the [migration guide](https://ai.google.dev/edge/litert/migration)
    for details.
    
  warnings.warn(_INTERPRETER_DELETION_WARNING)
   [QAT Strip] Input model type: Functional
   [QAT Strip] Input model class: tf_keras.src.engine.functional.Functional
   [QAT Strip] Creating TF.Keras Functional model with input shape: (43,)
   [QAT Strip] TF_USE_LEGACY_KERAS=1
   [QAT Strip] 4 Dense layers after BatchNorm folding
   [QAT Strip] Created model type: Functional
   [QAT Strip] Model class: tf_keras.src.engine.functional.Functional
   [QAT Strip] Total layers: 5
   [QAT Strip] Is tensorflow.keras model: False
   [QAT Strip] WARNING: Model is not tensorflow.keras! QAT may fail.
✅ Saved (QAT): data/processed/revision/2026-10-05_x2_ptq_init_qat/quant_lit/ton_near_iid_v2/qat_init_pct9999_client0_ft_d1.tflite (56.70 KB)
   Quantization: 10/16 tensors (62.5%)
   Input: <class 'numpy.float32'>, Output: <class 'numpy.float32'>
  [ton_near_iid_v2] qat_init_pct9999       client0_ft   d1 f1=0.9896 far=0.0290 missed=198/16215
/home/danielpark605/tinyml-venv/lib/python3.12/site-packages/tensorflow/lite/python/convert.py:846: UserWarning: Statistics for quantized inputs were expected, but not specified; continuing anyway.
  warnings.warn(
W0000 00:00:1791231574.548408 1036691 tf_tfl_flatbuffer_helpers.cc:364] Ignored output_format.
W0000 00:00:1791231574.548819 1036691 tf_tfl_flatbuffer_helpers.cc:367] Ignored drop_control_dependency.
I0000 00:00:1791231574.549402 1036691 reader.cc:83] Reading SavedModel from: /tmp/tmpp92q28i0
I0000 00:00:1791231574.551911 1036691 reader.cc:52] Reading meta graph with tags { serve }
I0000 00:00:1791231574.552309 1036691 reader.cc:147] Reading SavedModel debug info (if present) from: /tmp/tmpp92q28i0
I0000 00:00:1791231574.567586 1036691 loader.cc:236] Restoring SavedModel bundle.
I0000 00:00:1791231574.615339 1036691 loader.cc:220] Running initialization op on SavedModel bundle at path: /tmp/tmpp92q28i0
I0000 00:00:1791231574.625765 1036691 loader.cc:471] SavedModel load for tags { serve }; Status: success: OK. Took 76378 microseconds.
/home/danielpark605/tinyml-venv/lib/python3.12/site-packages/tensorflow/lite/python/interpreter.py:457: UserWarning:     Warning: tf.lite.Interpreter is deprecated and is scheduled for deletion in
    TF 2.20. Please use the LiteRT interpreter from the ai_edge_litert package.
    See the [migration guide](https://ai.google.dev/edge/litert/migration)
    for details.
    
  warnings.warn(_INTERPRETER_DELETION_WARNING)
   [QAT Strip] Input model type: Functional
   [QAT Strip] Input model class: tf_keras.src.engine.functional.Functional
   [QAT Strip] Creating TF.Keras Functional model with input shape: (43,)
   [QAT Strip] TF_USE_LEGACY_KERAS=1
   [QAT Strip] 4 Dense layers after BatchNorm folding
   [QAT Strip] Created model type: Functional
   [QAT Strip] Model class: tf_keras.src.engine.functional.Functional
   [QAT Strip] Total layers: 5
   [QAT Strip] Is tensorflow.keras model: False
   [QAT Strip] WARNING: Model is not tensorflow.keras! QAT may fail.
✅ Saved (QAT): data/processed/revision/2026-10-05_x2_ptq_init_qat/quant_lit/ton_near_iid_v2/qat_init_mse_client0_ft_d1.tflite (56.70 KB)
   Quantization: 10/16 tensors (62.5%)
   Input: <class 'numpy.float32'>, Output: <class 'numpy.float32'>
  [ton_near_iid_v2] qat_init_mse           client0_ft   d1 f1=0.9895 far=0.0288 missed=200/16215
/home/danielpark605/tinyml-venv/lib/python3.12/site-packages/tensorflow/lite/python/convert.py:846: UserWarning: Statistics for quantized inputs were expected, but not specified; continuing anyway.
  warnings.warn(
W0000 00:00:1791231576.878344 1036691 tf_tfl_flatbuffer_helpers.cc:364] Ignored output_format.
W0000 00:00:1791231576.878763 1036691 tf_tfl_flatbuffer_helpers.cc:367] Ignored drop_control_dependency.
I0000 00:00:1791231576.879237 1036691 reader.cc:83] Reading SavedModel from: /tmp/tmpi_3whe_6
I0000 00:00:1791231576.881411 1036691 reader.cc:52] Reading meta graph with tags { serve }
I0000 00:00:1791231576.881769 1036691 reader.cc:147] Reading SavedModel debug info (if present) from: /tmp/tmpi_3whe_6
I0000 00:00:1791231576.892688 1036691 loader.cc:236] Restoring SavedModel bundle.
I0000 00:00:1791231576.951281 1036691 loader.cc:220] Running initialization op on SavedModel bundle at path: /tmp/tmpi_3whe_6
I0000 00:00:1791231576.967569 1036691 loader.cc:471] SavedModel load for tags { serve }; Status: success: OK. Took 88345 microseconds.
/home/danielpark605/tinyml-venv/lib/python3.12/site-packages/tensorflow/lite/python/interpreter.py:457: UserWarning:     Warning: tf.lite.Interpreter is deprecated and is scheduled for deletion in
    TF 2.20. Please use the LiteRT interpreter from the ai_edge_litert package.
    See the [migration guide](https://ai.google.dev/edge/litert/migration)
    for details.
    
  warnings.warn(_INTERPRETER_DELETION_WARNING)
   [QAT Strip] Input model type: Functional
   [QAT Strip] Input model class: tf_keras.src.engine.functional.Functional
   [QAT Strip] Creating TF.Keras Functional model with input shape: (43,)
   [QAT Strip] TF_USE_LEGACY_KERAS=1
   [QAT Strip] 4 Dense layers after BatchNorm folding
   [QAT Strip] Created model type: Functional
   [QAT Strip] Model class: tf_keras.src.engine.functional.Functional
   [QAT Strip] Total layers: 5
   [QAT Strip] Is tensorflow.keras model: False
   [QAT Strip] WARNING: Model is not tensorflow.keras! QAT may fail.
✅ Saved (QAT): data/processed/revision/2026-10-05_x2_ptq_init_qat/quant_lit/ton_near_iid_v2/qat_init_kl_client0_ft_d1.tflite (56.70 KB)
   Quantization: 10/16 tensors (62.5%)
   Input: <class 'numpy.float32'>, Output: <class 'numpy.float32'>
  [ton_near_iid_v2] qat_init_kl            client0_ft   d1 f1=0.9896 far=0.0290 missed=197/16215
/home/danielpark605/tinyml-venv/lib/python3.12/site-packages/tensorflow/lite/python/convert.py:846: UserWarning: Statistics for quantized inputs were expected, but not specified; continuing anyway.
  warnings.warn(
W0000 00:00:1791231579.167389 1036691 tf_tfl_flatbuffer_helpers.cc:364] Ignored output_format.
W0000 00:00:1791231579.167731 1036691 tf_tfl_flatbuffer_helpers.cc:367] Ignored drop_control_dependency.
I0000 00:00:1791231579.168158 1036691 reader.cc:83] Reading SavedModel from: /tmp/tmpo6i496y5
I0000 00:00:1791231579.169886 1036691 reader.cc:52] Reading meta graph with tags { serve }
I0000 00:00:1791231579.170210 1036691 reader.cc:147] Reading SavedModel debug info (if present) from: /tmp/tmpo6i496y5
I0000 00:00:1791231579.180449 1036691 loader.cc:236] Restoring SavedModel bundle.
I0000 00:00:1791231579.234820 1036691 loader.cc:220] Running initialization op on SavedModel bundle at path: /tmp/tmpo6i496y5
I0000 00:00:1791231579.247978 1036691 loader.cc:471] SavedModel load for tags { serve }; Status: success: OK. Took 79829 microseconds.
/home/danielpark605/tinyml-venv/lib/python3.12/site-packages/tensorflow/lite/python/interpreter.py:457: UserWarning:     Warning: tf.lite.Interpreter is deprecated and is scheduled for deletion in
    TF 2.20. Please use the LiteRT interpreter from the ai_edge_litert package.
    See the [migration guide](https://ai.google.dev/edge/litert/migration)
    for details.
    
  warnings.warn(_INTERPRETER_DELETION_WARNING)
   [QAT Strip] Input model type: Functional
   [QAT Strip] Input model class: tf_keras.src.engine.functional.Functional
   [QAT Strip] Creating TF.Keras Functional model with input shape: (43,)
   [QAT Strip] TF_USE_LEGACY_KERAS=1
   [QAT Strip] 4 Dense layers after BatchNorm folding
   [QAT Strip] Created model type: Functional
   [QAT Strip] Model class: tf_keras.src.engine.functional.Functional
   [QAT Strip] Total layers: 5
   [QAT Strip] Is tensorflow.keras model: False
   [QAT Strip] WARNING: Model is not tensorflow.keras! QAT may fail.
✅ Saved (QAT): data/processed/revision/2026-10-05_x2_ptq_init_qat/quant_lit/ton_near_iid_v2/qat_init_clip5_max_client0_ft_d1.tflite (56.70 KB)
   Quantization: 10/16 tensors (62.5%)
   Input: <class 'numpy.float32'>, Output: <class 'numpy.float32'>
  [ton_near_iid_v2] qat_init_clip5_max     client0_ft   d1 f1=0.9894 far=0.0297 missed=199/16215
/home/danielpark605/tinyml-venv/lib/python3.12/site-packages/tensorflow/lite/python/convert.py:846: UserWarning: Statistics for quantized inputs were expected, but not specified; continuing anyway.
  warnings.warn(
W0000 00:00:1791231582.239824 1036691 tf_tfl_flatbuffer_helpers.cc:364] Ignored output_format.
W0000 00:00:1791231582.240215 1036691 tf_tfl_flatbuffer_helpers.cc:367] Ignored drop_control_dependency.
I0000 00:00:1791231582.240679 1036691 reader.cc:83] Reading SavedModel from: /tmp/tmp8gcspu4t
I0000 00:00:1791231582.242682 1036691 reader.cc:52] Reading meta graph with tags { serve }
I0000 00:00:1791231582.243073 1036691 reader.cc:147] Reading SavedModel debug info (if present) from: /tmp/tmp8gcspu4t
I0000 00:00:1791231582.251831 1036691 loader.cc:236] Restoring SavedModel bundle.
I0000 00:00:1791231582.306349 1036691 loader.cc:220] Running initialization op on SavedModel bundle at path: /tmp/tmp8gcspu4t
I0000 00:00:1791231582.317927 1036691 loader.cc:471] SavedModel load for tags { serve }; Status: success: OK. Took 77269 microseconds.
/home/danielpark605/tinyml-venv/lib/python3.12/site-packages/tensorflow/lite/python/interpreter.py:457: UserWarning:     Warning: tf.lite.Interpreter is deprecated and is scheduled for deletion in
    TF 2.20. Please use the LiteRT interpreter from the ai_edge_litert package.
    See the [migration guide](https://ai.google.dev/edge/litert/migration)
    for details.
    
  warnings.warn(_INTERPRETER_DELETION_WARNING)
   [QAT Strip] Input model type: Functional
   [QAT Strip] Input model class: tf_keras.src.engine.functional.Functional
   [QAT Strip] Creating TF.Keras Functional model with input shape: (43,)
   [QAT Strip] TF_USE_LEGACY_KERAS=1
   [QAT Strip] 4 Dense layers after BatchNorm folding
   [QAT Strip] Created model type: Functional
   [QAT Strip] Model class: tf_keras.src.engine.functional.Functional
   [QAT Strip] Total layers: 5
   [QAT Strip] Is tensorflow.keras model: False
   [QAT Strip] WARNING: Model is not tensorflow.keras! QAT may fail.
✅ Saved (QAT): data/processed/revision/2026-10-05_x2_ptq_init_qat/quant_lit/ton_near_iid_v2/qat_fixed_max_client0_ft_d1.tflite (56.70 KB)
   Quantization: 10/16 tensors (62.5%)
   Input: <class 'numpy.float32'>, Output: <class 'numpy.float32'>
  [ton_near_iid_v2] qat_fixed_max          client0_ft   d1 f1=0.9947 far=0.0210 missed=70/16215
/home/danielpark605/tinyml-venv/lib/python3.12/site-packages/tensorflow/lite/python/convert.py:846: UserWarning: Statistics for quantized inputs were expected, but not specified; continuing anyway.
  warnings.warn(
W0000 00:00:1791231583.051552 1036691 tf_tfl_flatbuffer_helpers.cc:364] Ignored output_format.
W0000 00:00:1791231583.051956 1036691 tf_tfl_flatbuffer_helpers.cc:367] Ignored drop_control_dependency.
I0000 00:00:1791231583.052422 1036691 reader.cc:83] Reading SavedModel from: /tmp/tmpu_pme97p
I0000 00:00:1791231583.054694 1036691 reader.cc:52] Reading meta graph with tags { serve }
I0000 00:00:1791231583.055085 1036691 reader.cc:147] Reading SavedModel debug info (if present) from: /tmp/tmpu_pme97p
I0000 00:00:1791231583.067079 1036691 loader.cc:236] Restoring SavedModel bundle.
I0000 00:00:1791231583.114789 1036691 loader.cc:220] Running initialization op on SavedModel bundle at path: /tmp/tmpu_pme97p
I0000 00:00:1791231583.131002 1036691 loader.cc:471] SavedModel load for tags { serve }; Status: success: OK. Took 78612 microseconds.
/home/danielpark605/tinyml-venv/lib/python3.12/site-packages/tensorflow/lite/python/interpreter.py:457: UserWarning:     Warning: tf.lite.Interpreter is deprecated and is scheduled for deletion in
    TF 2.20. Please use the LiteRT interpreter from the ai_edge_litert package.
    See the [migration guide](https://ai.google.dev/edge/litert/migration)
    for details.
    
  warnings.warn(_INTERPRETER_DELETION_WARNING)
   [QAT Strip] Input model type: Functional
   [QAT Strip] Input model class: tf_keras.src.engine.functional.Functional
   [QAT Strip] Creating TF.Keras Functional model with input shape: (43,)
   [QAT Strip] TF_USE_LEGACY_KERAS=1
   [QAT Strip] 4 Dense layers after BatchNorm folding
   [QAT Strip] Created model type: Functional
   [QAT Strip] Model class: tf_keras.src.engine.functional.Functional
   [QAT Strip] Total layers: 5
   [QAT Strip] Is tensorflow.keras model: False
   [QAT Strip] WARNING: Model is not tensorflow.keras! QAT may fail.
✅ Saved (QAT): data/processed/revision/2026-10-05_x2_ptq_init_qat/quant_lit/ton_near_iid_v2/qat_fixed_pct9999_client0_ft_d1.tflite (56.70 KB)
   Quantization: 10/16 tensors (62.5%)
   Input: <class 'numpy.float32'>, Output: <class 'numpy.float32'>
  [ton_near_iid_v2] qat_fixed_pct9999      client0_ft   d1 f1=0.9944 far=0.0234 missed=70/16215
/home/danielpark605/tinyml-venv/lib/python3.12/site-packages/tensorflow/lite/python/convert.py:846: UserWarning: Statistics for quantized inputs were expected, but not specified; continuing anyway.
  warnings.warn(
W0000 00:00:1791231585.480240 1036691 tf_tfl_flatbuffer_helpers.cc:364] Ignored output_format.
W0000 00:00:1791231585.480651 1036691 tf_tfl_flatbuffer_helpers.cc:367] Ignored drop_control_dependency.
I0000 00:00:1791231585.481107 1036691 reader.cc:83] Reading SavedModel from: /tmp/tmpsx75_l_z
I0000 00:00:1791231585.483127 1036691 reader.cc:52] Reading meta graph with tags { serve }
I0000 00:00:1791231585.483501 1036691 reader.cc:147] Reading SavedModel debug info (if present) from: /tmp/tmpsx75_l_z
I0000 00:00:1791231585.494811 1036691 loader.cc:236] Restoring SavedModel bundle.
I0000 00:00:1791231585.543730 1036691 loader.cc:220] Running initialization op on SavedModel bundle at path: /tmp/tmpsx75_l_z
I0000 00:00:1791231585.555022 1036691 loader.cc:471] SavedModel load for tags { serve }; Status: success: OK. Took 73925 microseconds.
/home/danielpark605/tinyml-venv/lib/python3.12/site-packages/tensorflow/lite/python/interpreter.py:457: UserWarning:     Warning: tf.lite.Interpreter is deprecated and is scheduled for deletion in
    TF 2.20. Please use the LiteRT interpreter from the ai_edge_litert package.
    See the [migration guide](https://ai.google.dev/edge/litert/migration)
    for details.
    
  warnings.warn(_INTERPRETER_DELETION_WARNING)
   [QAT Strip] Input model type: Functional
   [QAT Strip] Input model class: tf_keras.src.engine.functional.Functional
   [QAT Strip] Creating TF.Keras Functional model with input shape: (43,)
   [QAT Strip] TF_USE_LEGACY_KERAS=1
   [QAT Strip] 4 Dense layers after BatchNorm folding
   [QAT Strip] Created model type: Functional
   [QAT Strip] Model class: tf_keras.src.engine.functional.Functional
   [QAT Strip] Total layers: 5
   [QAT Strip] Is tensorflow.keras model: False
   [QAT Strip] WARNING: Model is not tensorflow.keras! QAT may fail.
✅ Saved (QAT): data/processed/revision/2026-10-05_x2_ptq_init_qat/quant_lit/ton_near_iid_v2/qat_fixed_mse_client0_ft_d1.tflite (56.70 KB)
   Quantization: 10/16 tensors (62.5%)
   Input: <class 'numpy.float32'>, Output: <class 'numpy.float32'>
  [ton_near_iid_v2] qat_fixed_mse          client0_ft   d1 f1=0.9944 far=0.0226 missed=73/16215
/home/danielpark605/tinyml-venv/lib/python3.12/site-packages/tensorflow/lite/python/convert.py:846: UserWarning: Statistics for quantized inputs were expected, but not specified; continuing anyway.
  warnings.warn(
W0000 00:00:1791231587.908968 1036691 tf_tfl_flatbuffer_helpers.cc:364] Ignored output_format.
W0000 00:00:1791231587.909394 1036691 tf_tfl_flatbuffer_helpers.cc:367] Ignored drop_control_dependency.
I0000 00:00:1791231587.909891 1036691 reader.cc:83] Reading SavedModel from: /tmp/tmpfgs4ew86
I0000 00:00:1791231587.912109 1036691 reader.cc:52] Reading meta graph with tags { serve }
I0000 00:00:1791231587.912482 1036691 reader.cc:147] Reading SavedModel debug info (if present) from: /tmp/tmpfgs4ew86
I0000 00:00:1791231587.923517 1036691 loader.cc:236] Restoring SavedModel bundle.
I0000 00:00:1791231587.979640 1036691 loader.cc:220] Running initialization op on SavedModel bundle at path: /tmp/tmpfgs4ew86
I0000 00:00:1791231587.993159 1036691 loader.cc:471] SavedModel load for tags { serve }; Status: success: OK. Took 83278 microseconds.
/home/danielpark605/tinyml-venv/lib/python3.12/site-packages/tensorflow/lite/python/interpreter.py:457: UserWarning:     Warning: tf.lite.Interpreter is deprecated and is scheduled for deletion in
    TF 2.20. Please use the LiteRT interpreter from the ai_edge_litert package.
    See the [migration guide](https://ai.google.dev/edge/litert/migration)
    for details.
    
  warnings.warn(_INTERPRETER_DELETION_WARNING)
   [QAT Strip] Input model type: Functional
   [QAT Strip] Input model class: tf_keras.src.engine.functional.Functional
   [QAT Strip] Creating TF.Keras Functional model with input shape: (43,)
   [QAT Strip] TF_USE_LEGACY_KERAS=1
   [QAT Strip] 4 Dense layers after BatchNorm folding
   [QAT Strip] Created model type: Functional
   [QAT Strip] Model class: tf_keras.src.engine.functional.Functional
   [QAT Strip] Total layers: 5
   [QAT Strip] Is tensorflow.keras model: False
   [QAT Strip] WARNING: Model is not tensorflow.keras! QAT may fail.
✅ Saved (QAT): data/processed/revision/2026-10-05_x2_ptq_init_qat/quant_lit/ton_near_iid_v2/qat_fixed_clip5_max_client0_ft_d1.tflite (56.70 KB)
   Quantization: 10/16 tensors (62.5%)
   Input: <class 'numpy.float32'>, Output: <class 'numpy.float32'>
  [ton_near_iid_v2] qat_fixed_clip5_max    client0_ft   d1 f1=0.9943 far=0.0210 missed=83/16215
/home/danielpark605/tinyml-venv/lib/python3.12/site-packages/tensorflow/lite/python/convert.py:846: UserWarning: Statistics for quantized inputs were expected, but not specified; continuing anyway.
  warnings.warn(
W0000 00:00:1791231589.406709 1036691 tf_tfl_flatbuffer_helpers.cc:364] Ignored output_format.
W0000 00:00:1791231589.407070 1036691 tf_tfl_flatbuffer_helpers.cc:367] Ignored drop_control_dependency.
I0000 00:00:1791231589.407508 1036691 reader.cc:83] Reading SavedModel from: /tmp/tmpmbgh6n02
I0000 00:00:1791231589.408286 1036691 reader.cc:52] Reading meta graph with tags { serve }
I0000 00:00:1791231589.408629 1036691 reader.cc:147] Reading SavedModel debug info (if present) from: /tmp/tmpmbgh6n02
I0000 00:00:1791231589.411506 1036691 loader.cc:236] Restoring SavedModel bundle.
I0000 00:00:1791231589.422777 1036691 loader.cc:220] Running initialization op on SavedModel bundle at path: /tmp/tmpmbgh6n02
I0000 00:00:1791231589.427904 1036691 loader.cc:471] SavedModel load for tags { serve }; Status: success: OK. Took 20405 microseconds.
fully_quantize: 0, inference_type: 6, input_inference_type: FLOAT32, output_inference_type: FLOAT32
W0000 00:00:1791231589.486138 1036691 flatbuffer_export.cc:3851] Skipping runtime version metadata in the model. This will be generated by the exporter.
/home/danielpark605/tinyml-venv/lib/python3.12/site-packages/tensorflow/lite/python/interpreter.py:457: UserWarning:     Warning: tf.lite.Interpreter is deprecated and is scheduled for deletion in
    TF 2.20. Please use the LiteRT interpreter from the ai_edge_litert package.
    See the [migration guide](https://ai.google.dev/edge/litert/migration)
    for details.
    
  warnings.warn(_INTERPRETER_DELETION_WARNING)
  [ton_near_iid_v2] ptq_tflite_max         client0_ft   d2 f1=0.9887 far=0.0201 missed=269/16215
/home/danielpark605/tinyml-venv/lib/python3.12/site-packages/tensorflow/lite/python/convert.py:846: UserWarning: Statistics for quantized inputs were expected, but not specified; continuing anyway.
  warnings.warn(
W0000 00:00:1791231593.449889 1036691 tf_tfl_flatbuffer_helpers.cc:364] Ignored output_format.
W0000 00:00:1791231593.450297 1036691 tf_tfl_flatbuffer_helpers.cc:367] Ignored drop_control_dependency.
I0000 00:00:1791231593.450800 1036691 reader.cc:83] Reading SavedModel from: /tmp/tmpuh0g0dro
I0000 00:00:1791231593.451903 1036691 reader.cc:52] Reading meta graph with tags { serve }
I0000 00:00:1791231593.452248 1036691 reader.cc:147] Reading SavedModel debug info (if present) from: /tmp/tmpuh0g0dro
I0000 00:00:1791231593.458878 1036691 loader.cc:236] Restoring SavedModel bundle.
I0000 00:00:1791231593.485586 1036691 loader.cc:220] Running initialization op on SavedModel bundle at path: /tmp/tmpuh0g0dro
I0000 00:00:1791231593.493963 1036691 loader.cc:471] SavedModel load for tags { serve }; Status: success: OK. Took 43172 microseconds.
/home/danielpark605/tinyml-venv/lib/python3.12/site-packages/tensorflow/lite/python/interpreter.py:457: UserWarning:     Warning: tf.lite.Interpreter is deprecated and is scheduled for deletion in
    TF 2.20. Please use the LiteRT interpreter from the ai_edge_litert package.
    See the [migration guide](https://ai.google.dev/edge/litert/migration)
    for details.
    
  warnings.warn(_INTERPRETER_DELETION_WARNING)
   [QAT Strip] Input model type: Functional
   [QAT Strip] Input model class: tf_keras.src.engine.functional.Functional
   [QAT Strip] Creating TF.Keras Functional model with input shape: (43,)
   [QAT Strip] TF_USE_LEGACY_KERAS=1
   [QAT Strip] 4 Dense layers after BatchNorm folding
   [QAT Strip] Created model type: Functional
   [QAT Strip] Model class: tf_keras.src.engine.functional.Functional
   [QAT Strip] Total layers: 5
   [QAT Strip] Is tensorflow.keras model: False
   [QAT Strip] WARNING: Model is not tensorflow.keras! QAT may fail.
✅ Saved (QAT): data/processed/revision/2026-10-05_x2_ptq_init_qat/quant_lit/ton_near_iid_v2/ptq_fq_max_client0_ft_d2.tflite (56.70 KB)
   Quantization: 10/16 tensors (62.5%)
   Input: <class 'numpy.float32'>, Output: <class 'numpy.float32'>
  [ton_near_iid_v2] ptq_fq_max             client0_ft   d2 f1=0.9808 far=0.0199 missed=517/16215
/home/danielpark605/tinyml-venv/lib/python3.12/site-packages/tensorflow/lite/python/convert.py:846: UserWarning: Statistics for quantized inputs were expected, but not specified; continuing anyway.
  warnings.warn(
W0000 00:00:1791231595.445684 1036691 tf_tfl_flatbuffer_helpers.cc:364] Ignored output_format.
W0000 00:00:1791231595.446205 1036691 tf_tfl_flatbuffer_helpers.cc:367] Ignored drop_control_dependency.
I0000 00:00:1791231595.446773 1036691 reader.cc:83] Reading SavedModel from: /tmp/tmptsn9rw52
I0000 00:00:1791231595.448377 1036691 reader.cc:52] Reading meta graph with tags { serve }
I0000 00:00:1791231595.448782 1036691 reader.cc:147] Reading SavedModel debug info (if present) from: /tmp/tmptsn9rw52
I0000 00:00:1791231595.455978 1036691 loader.cc:236] Restoring SavedModel bundle.
I0000 00:00:1791231595.489837 1036691 loader.cc:220] Running initialization op on SavedModel bundle at path: /tmp/tmptsn9rw52
I0000 00:00:1791231595.498961 1036691 loader.cc:471] SavedModel load for tags { serve }; Status: success: OK. Took 52210 microseconds.
/home/danielpark605/tinyml-venv/lib/python3.12/site-packages/tensorflow/lite/python/interpreter.py:457: UserWarning:     Warning: tf.lite.Interpreter is deprecated and is scheduled for deletion in
    TF 2.20. Please use the LiteRT interpreter from the ai_edge_litert package.
    See the [migration guide](https://ai.google.dev/edge/litert/migration)
    for details.
    
  warnings.warn(_INTERPRETER_DELETION_WARNING)
   [QAT Strip] Input model type: Functional
   [QAT Strip] Input model class: tf_keras.src.engine.functional.Functional
   [QAT Strip] Creating TF.Keras Functional model with input shape: (43,)
   [QAT Strip] TF_USE_LEGACY_KERAS=1
   [QAT Strip] 4 Dense layers after BatchNorm folding
   [QAT Strip] Created model type: Functional
   [QAT Strip] Model class: tf_keras.src.engine.functional.Functional
   [QAT Strip] Total layers: 5
   [QAT Strip] Is tensorflow.keras model: False
   [QAT Strip] WARNING: Model is not tensorflow.keras! QAT may fail.
✅ Saved (QAT): data/processed/revision/2026-10-05_x2_ptq_init_qat/quant_lit/ton_near_iid_v2/ptq_fq_pct9999_client0_ft_d2.tflite (56.70 KB)
   Quantization: 10/16 tensors (62.5%)
   Input: <class 'numpy.float32'>, Output: <class 'numpy.float32'>
  [ton_near_iid_v2] ptq_fq_pct9999         client0_ft   d2 f1=0.9916 far=0.0185 missed=183/16215
/home/danielpark605/tinyml-venv/lib/python3.12/site-packages/tensorflow/lite/python/convert.py:846: UserWarning: Statistics for quantized inputs were expected, but not specified; continuing anyway.
  warnings.warn(
W0000 00:00:1791231596.714279 1036691 tf_tfl_flatbuffer_helpers.cc:364] Ignored output_format.
W0000 00:00:1791231596.714743 1036691 tf_tfl_flatbuffer_helpers.cc:367] Ignored drop_control_dependency.
I0000 00:00:1791231596.715322 1036691 reader.cc:83] Reading SavedModel from: /tmp/tmp6o6kuzud
I0000 00:00:1791231596.717398 1036691 reader.cc:52] Reading meta graph with tags { serve }
I0000 00:00:1791231596.717765 1036691 reader.cc:147] Reading SavedModel debug info (if present) from: /tmp/tmp6o6kuzud
I0000 00:00:1791231596.726242 1036691 loader.cc:236] Restoring SavedModel bundle.
I0000 00:00:1791231596.766484 1036691 loader.cc:220] Running initialization op on SavedModel bundle at path: /tmp/tmp6o6kuzud
I0000 00:00:1791231596.778861 1036691 loader.cc:471] SavedModel load for tags { serve }; Status: success: OK. Took 63573 microseconds.
/home/danielpark605/tinyml-venv/lib/python3.12/site-packages/tensorflow/lite/python/interpreter.py:457: UserWarning:     Warning: tf.lite.Interpreter is deprecated and is scheduled for deletion in
    TF 2.20. Please use the LiteRT interpreter from the ai_edge_litert package.
    See the [migration guide](https://ai.google.dev/edge/litert/migration)
    for details.
    
  warnings.warn(_INTERPRETER_DELETION_WARNING)
   [QAT Strip] Input model type: Functional
   [QAT Strip] Input model class: tf_keras.src.engine.functional.Functional
   [QAT Strip] Creating TF.Keras Functional model with input shape: (43,)
   [QAT Strip] TF_USE_LEGACY_KERAS=1
   [QAT Strip] 4 Dense layers after BatchNorm folding
   [QAT Strip] Created model type: Functional
   [QAT Strip] Model class: tf_keras.src.engine.functional.Functional
   [QAT Strip] Total layers: 5
   [QAT Strip] Is tensorflow.keras model: False
   [QAT Strip] WARNING: Model is not tensorflow.keras! QAT may fail.
✅ Saved (QAT): data/processed/revision/2026-10-05_x2_ptq_init_qat/quant_lit/ton_near_iid_v2/ptq_fq_mse_client0_ft_d2.tflite (56.70 KB)
   Quantization: 10/16 tensors (62.5%)
   Input: <class 'numpy.float32'>, Output: <class 'numpy.float32'>
  [ton_near_iid_v2] ptq_fq_mse             client0_ft   d2 f1=0.9811 far=0.0201 missed=507/16215
/home/danielpark605/tinyml-venv/lib/python3.12/site-packages/tensorflow/lite/python/convert.py:846: UserWarning: Statistics for quantized inputs were expected, but not specified; continuing anyway.
  warnings.warn(
W0000 00:00:1791231597.929439 1036691 tf_tfl_flatbuffer_helpers.cc:364] Ignored output_format.
W0000 00:00:1791231597.929847 1036691 tf_tfl_flatbuffer_helpers.cc:367] Ignored drop_control_dependency.
I0000 00:00:1791231597.930325 1036691 reader.cc:83] Reading SavedModel from: /tmp/tmpxqe0_9te
I0000 00:00:1791231597.932257 1036691 reader.cc:52] Reading meta graph with tags { serve }
I0000 00:00:1791231597.932655 1036691 reader.cc:147] Reading SavedModel debug info (if present) from: /tmp/tmpxqe0_9te
I0000 00:00:1791231597.943770 1036691 loader.cc:236] Restoring SavedModel bundle.
I0000 00:00:1791231597.971974 1036691 loader.cc:220] Running initialization op on SavedModel bundle at path: /tmp/tmpxqe0_9te
I0000 00:00:1791231597.982192 1036691 loader.cc:471] SavedModel load for tags { serve }; Status: success: OK. Took 51879 microseconds.
/home/danielpark605/tinyml-venv/lib/python3.12/site-packages/tensorflow/lite/python/interpreter.py:457: UserWarning:     Warning: tf.lite.Interpreter is deprecated and is scheduled for deletion in
    TF 2.20. Please use the LiteRT interpreter from the ai_edge_litert package.
    See the [migration guide](https://ai.google.dev/edge/litert/migration)
    for details.
    
  warnings.warn(_INTERPRETER_DELETION_WARNING)
   [QAT Strip] Input model type: Functional
   [QAT Strip] Input model class: tf_keras.src.engine.functional.Functional
   [QAT Strip] Creating TF.Keras Functional model with input shape: (43,)
   [QAT Strip] TF_USE_LEGACY_KERAS=1
   [QAT Strip] 4 Dense layers after BatchNorm folding
   [QAT Strip] Created model type: Functional
   [QAT Strip] Model class: tf_keras.src.engine.functional.Functional
   [QAT Strip] Total layers: 5
   [QAT Strip] Is tensorflow.keras model: False
   [QAT Strip] WARNING: Model is not tensorflow.keras! QAT may fail.
✅ Saved (QAT): data/processed/revision/2026-10-05_x2_ptq_init_qat/quant_lit/ton_near_iid_v2/ptq_fq_kl_client0_ft_d2.tflite (56.70 KB)
   Quantization: 10/16 tensors (62.5%)
   Input: <class 'numpy.float32'>, Output: <class 'numpy.float32'>
  [ton_near_iid_v2] ptq_fq_kl              client0_ft   d2 f1=0.9941 far=0.0203 missed=94/16215
/home/danielpark605/tinyml-venv/lib/python3.12/site-packages/tensorflow/lite/python/convert.py:846: UserWarning: Statistics for quantized inputs were expected, but not specified; continuing anyway.
  warnings.warn(
W0000 00:00:1791231599.198258 1036691 tf_tfl_flatbuffer_helpers.cc:364] Ignored output_format.
W0000 00:00:1791231599.198707 1036691 tf_tfl_flatbuffer_helpers.cc:367] Ignored drop_control_dependency.
I0000 00:00:1791231599.199233 1036691 reader.cc:83] Reading SavedModel from: /tmp/tmpyiop_tis
I0000 00:00:1791231599.201011 1036691 reader.cc:52] Reading meta graph with tags { serve }
I0000 00:00:1791231599.201391 1036691 reader.cc:147] Reading SavedModel debug info (if present) from: /tmp/tmpyiop_tis
I0000 00:00:1791231599.210761 1036691 loader.cc:236] Restoring SavedModel bundle.
I0000 00:00:1791231599.240176 1036691 loader.cc:220] Running initialization op on SavedModel bundle at path: /tmp/tmpyiop_tis
I0000 00:00:1791231599.253489 1036691 loader.cc:471] SavedModel load for tags { serve }; Status: success: OK. Took 54267 microseconds.
/home/danielpark605/tinyml-venv/lib/python3.12/site-packages/tensorflow/lite/python/interpreter.py:457: UserWarning:     Warning: tf.lite.Interpreter is deprecated and is scheduled for deletion in
    TF 2.20. Please use the LiteRT interpreter from the ai_edge_litert package.
    See the [migration guide](https://ai.google.dev/edge/litert/migration)
    for details.
    
  warnings.warn(_INTERPRETER_DELETION_WARNING)
   [QAT Strip] Input model type: Functional
   [QAT Strip] Input model class: tf_keras.src.engine.functional.Functional
   [QAT Strip] Creating TF.Keras Functional model with input shape: (43,)
   [QAT Strip] TF_USE_LEGACY_KERAS=1
   [QAT Strip] 4 Dense layers after BatchNorm folding
   [QAT Strip] Created model type: Functional
   [QAT Strip] Model class: tf_keras.src.engine.functional.Functional
   [QAT Strip] Total layers: 5
   [QAT Strip] Is tensorflow.keras model: False
   [QAT Strip] WARNING: Model is not tensorflow.keras! QAT may fail.
✅ Saved (QAT): data/processed/revision/2026-10-05_x2_ptq_init_qat/quant_lit/ton_near_iid_v2/ptq_fq_clip5_max_client0_ft_d2.tflite (56.70 KB)
   Quantization: 10/16 tensors (62.5%)
   Input: <class 'numpy.float32'>, Output: <class 'numpy.float32'>
  [ton_near_iid_v2] ptq_fq_clip5_max       client0_ft   d2 f1=0.9940 far=0.0197 missed=98/16215
/home/danielpark605/tinyml-venv/lib/python3.12/site-packages/tensorflow/lite/python/convert.py:846: UserWarning: Statistics for quantized inputs were expected, but not specified; continuing anyway.
  warnings.warn(
W0000 00:00:1791231601.553634 1036691 tf_tfl_flatbuffer_helpers.cc:364] Ignored output_format.
W0000 00:00:1791231601.553997 1036691 tf_tfl_flatbuffer_helpers.cc:367] Ignored drop_control_dependency.
I0000 00:00:1791231601.554425 1036691 reader.cc:83] Reading SavedModel from: /tmp/tmpenpbu9j6
I0000 00:00:1791231601.556220 1036691 reader.cc:52] Reading meta graph with tags { serve }
I0000 00:00:1791231601.556615 1036691 reader.cc:147] Reading SavedModel debug info (if present) from: /tmp/tmpenpbu9j6
I0000 00:00:1791231601.567793 1036691 loader.cc:236] Restoring SavedModel bundle.
I0000 00:00:1791231601.618610 1036691 loader.cc:220] Running initialization op on SavedModel bundle at path: /tmp/tmpenpbu9j6
I0000 00:00:1791231601.632896 1036691 loader.cc:471] SavedModel load for tags { serve }; Status: success: OK. Took 78482 microseconds.
/home/danielpark605/tinyml-venv/lib/python3.12/site-packages/tensorflow/lite/python/interpreter.py:457: UserWarning:     Warning: tf.lite.Interpreter is deprecated and is scheduled for deletion in
    TF 2.20. Please use the LiteRT interpreter from the ai_edge_litert package.
    See the [migration guide](https://ai.google.dev/edge/litert/migration)
    for details.
    
  warnings.warn(_INTERPRETER_DELETION_WARNING)
   [QAT Strip] Input model type: Functional
   [QAT Strip] Input model class: tf_keras.src.engine.functional.Functional
   [QAT Strip] Creating TF.Keras Functional model with input shape: (43,)
   [QAT Strip] TF_USE_LEGACY_KERAS=1
   [QAT Strip] 4 Dense layers after BatchNorm folding
   [QAT Strip] Created model type: Functional
   [QAT Strip] Model class: tf_keras.src.engine.functional.Functional
   [QAT Strip] Total layers: 5
   [QAT Strip] Is tensorflow.keras model: False
   [QAT Strip] WARNING: Model is not tensorflow.keras! QAT may fail.
✅ Saved (QAT): data/processed/revision/2026-10-05_x2_ptq_init_qat/quant_lit/ton_near_iid_v2/qat_default_client0_ft_d2.tflite (56.70 KB)
   Quantization: 10/16 tensors (62.5%)
   Input: <class 'numpy.float32'>, Output: <class 'numpy.float32'>
  [ton_near_iid_v2] qat_default            client0_ft   d2 f1=0.9889 far=0.0216 missed=253/16215
/home/danielpark605/tinyml-venv/lib/python3.12/site-packages/tensorflow/lite/python/convert.py:846: UserWarning: Statistics for quantized inputs were expected, but not specified; continuing anyway.
  warnings.warn(
W0000 00:00:1791231603.824382 1036691 tf_tfl_flatbuffer_helpers.cc:364] Ignored output_format.
W0000 00:00:1791231603.824779 1036691 tf_tfl_flatbuffer_helpers.cc:367] Ignored drop_control_dependency.
I0000 00:00:1791231603.825256 1036691 reader.cc:83] Reading SavedModel from: /tmp/tmpf00g14jt
I0000 00:00:1791231603.826573 1036691 reader.cc:52] Reading meta graph with tags { serve }
I0000 00:00:1791231603.826989 1036691 reader.cc:147] Reading SavedModel debug info (if present) from: /tmp/tmpf00g14jt
I0000 00:00:1791231603.840443 1036691 loader.cc:236] Restoring SavedModel bundle.
I0000 00:00:1791231603.882597 1036691 loader.cc:220] Running initialization op on SavedModel bundle at path: /tmp/tmpf00g14jt
I0000 00:00:1791231603.893043 1036691 loader.cc:471] SavedModel load for tags { serve }; Status: success: OK. Took 67794 microseconds.
/home/danielpark605/tinyml-venv/lib/python3.12/site-packages/tensorflow/lite/python/interpreter.py:457: UserWarning:     Warning: tf.lite.Interpreter is deprecated and is scheduled for deletion in
    TF 2.20. Please use the LiteRT interpreter from the ai_edge_litert package.
    See the [migration guide](https://ai.google.dev/edge/litert/migration)
    for details.
    
  warnings.warn(_INTERPRETER_DELETION_WARNING)
   [QAT Strip] Input model type: Functional
   [QAT Strip] Input model class: tf_keras.src.engine.functional.Functional
   [QAT Strip] Creating TF.Keras Functional model with input shape: (43,)
   [QAT Strip] TF_USE_LEGACY_KERAS=1
   [QAT Strip] 4 Dense layers after BatchNorm folding
   [QAT Strip] Created model type: Functional
   [QAT Strip] Model class: tf_keras.src.engine.functional.Functional
   [QAT Strip] Total layers: 5
   [QAT Strip] Is tensorflow.keras model: False
   [QAT Strip] WARNING: Model is not tensorflow.keras! QAT may fail.
✅ Saved (QAT): data/processed/revision/2026-10-05_x2_ptq_init_qat/quant_lit/ton_near_iid_v2/qat_init_max_client0_ft_d2.tflite (56.70 KB)
   Quantization: 10/16 tensors (62.5%)
   Input: <class 'numpy.float32'>, Output: <class 'numpy.float32'>
  [ton_near_iid_v2] qat_init_max           client0_ft   d2 f1=0.9889 far=0.0239 missed=244/16215
/home/danielpark605/tinyml-venv/lib/python3.12/site-packages/tensorflow/lite/python/convert.py:846: UserWarning: Statistics for quantized inputs were expected, but not specified; continuing anyway.
  warnings.warn(
W0000 00:00:1791231607.043679 1036691 tf_tfl_flatbuffer_helpers.cc:364] Ignored output_format.
W0000 00:00:1791231607.044124 1036691 tf_tfl_flatbuffer_helpers.cc:367] Ignored drop_control_dependency.
I0000 00:00:1791231607.044697 1036691 reader.cc:83] Reading SavedModel from: /tmp/tmpp866bxu7
I0000 00:00:1791231607.046233 1036691 reader.cc:52] Reading meta graph with tags { serve }
I0000 00:00:1791231607.046646 1036691 reader.cc:147] Reading SavedModel debug info (if present) from: /tmp/tmpp866bxu7
I0000 00:00:1791231607.056641 1036691 loader.cc:236] Restoring SavedModel bundle.
I0000 00:00:1791231607.108633 1036691 loader.cc:220] Running initialization op on SavedModel bundle at path: /tmp/tmpp866bxu7
I0000 00:00:1791231607.126114 1036691 loader.cc:471] SavedModel load for tags { serve }; Status: success: OK. Took 81447 microseconds.
/home/danielpark605/tinyml-venv/lib/python3.12/site-packages/tensorflow/lite/python/interpreter.py:457: UserWarning:     Warning: tf.lite.Interpreter is deprecated and is scheduled for deletion in
    TF 2.20. Please use the LiteRT interpreter from the ai_edge_litert package.
    See the [migration guide](https://ai.google.dev/edge/litert/migration)
    for details.
    
  warnings.warn(_INTERPRETER_DELETION_WARNING)
   [QAT Strip] Input model type: Functional
   [QAT Strip] Input model class: tf_keras.src.engine.functional.Functional
   [QAT Strip] Creating TF.Keras Functional model with input shape: (43,)
   [QAT Strip] TF_USE_LEGACY_KERAS=1
   [QAT Strip] 4 Dense layers after BatchNorm folding
   [QAT Strip] Created model type: Functional
   [QAT Strip] Model class: tf_keras.src.engine.functional.Functional
   [QAT Strip] Total layers: 5
   [QAT Strip] Is tensorflow.keras model: False
   [QAT Strip] WARNING: Model is not tensorflow.keras! QAT may fail.
✅ Saved (QAT): data/processed/revision/2026-10-05_x2_ptq_init_qat/quant_lit/ton_near_iid_v2/qat_init_pct9999_client0_ft_d2.tflite (56.70 KB)
   Quantization: 10/16 tensors (62.5%)
   Input: <class 'numpy.float32'>, Output: <class 'numpy.float32'>
  [ton_near_iid_v2] qat_init_pct9999       client0_ft   d2 f1=0.9889 far=0.0216 missed=255/16215
/home/danielpark605/tinyml-venv/lib/python3.12/site-packages/tensorflow/lite/python/convert.py:846: UserWarning: Statistics for quantized inputs were expected, but not specified; continuing anyway.
  warnings.warn(
W0000 00:00:1791231609.416686 1036691 tf_tfl_flatbuffer_helpers.cc:364] Ignored output_format.
W0000 00:00:1791231609.417041 1036691 tf_tfl_flatbuffer_helpers.cc:367] Ignored drop_control_dependency.
I0000 00:00:1791231609.417496 1036691 reader.cc:83] Reading SavedModel from: /tmp/tmpnj9f0cwv
I0000 00:00:1791231609.419617 1036691 reader.cc:52] Reading meta graph with tags { serve }
I0000 00:00:1791231609.419983 1036691 reader.cc:147] Reading SavedModel debug info (if present) from: /tmp/tmpnj9f0cwv
I0000 00:00:1791231609.431771 1036691 loader.cc:236] Restoring SavedModel bundle.
I0000 00:00:1791231609.477777 1036691 loader.cc:220] Running initialization op on SavedModel bundle at path: /tmp/tmpnj9f0cwv
I0000 00:00:1791231609.490838 1036691 loader.cc:471] SavedModel load for tags { serve }; Status: success: OK. Took 73364 microseconds.
/home/danielpark605/tinyml-venv/lib/python3.12/site-packages/tensorflow/lite/python/interpreter.py:457: UserWarning:     Warning: tf.lite.Interpreter is deprecated and is scheduled for deletion in
    TF 2.20. Please use the LiteRT interpreter from the ai_edge_litert package.
    See the [migration guide](https://ai.google.dev/edge/litert/migration)
    for details.
    
  warnings.warn(_INTERPRETER_DELETION_WARNING)
   [QAT Strip] Input model type: Functional
   [QAT Strip] Input model class: tf_keras.src.engine.functional.Functional
   [QAT Strip] Creating TF.Keras Functional model with input shape: (43,)
   [QAT Strip] TF_USE_LEGACY_KERAS=1
   [QAT Strip] 4 Dense layers after BatchNorm folding
   [QAT Strip] Created model type: Functional
   [QAT Strip] Model class: tf_keras.src.engine.functional.Functional
   [QAT Strip] Total layers: 5
   [QAT Strip] Is tensorflow.keras model: False
   [QAT Strip] WARNING: Model is not tensorflow.keras! QAT may fail.
✅ Saved (QAT): data/processed/revision/2026-10-05_x2_ptq_init_qat/quant_lit/ton_near_iid_v2/qat_init_mse_client0_ft_d2.tflite (56.70 KB)
   Quantization: 10/16 tensors (62.5%)
   Input: <class 'numpy.float32'>, Output: <class 'numpy.float32'>
  [ton_near_iid_v2] qat_init_mse           client0_ft   d2 f1=0.9890 far=0.0239 missed=240/16215
/home/danielpark605/tinyml-venv/lib/python3.12/site-packages/tensorflow/lite/python/convert.py:846: UserWarning: Statistics for quantized inputs were expected, but not specified; continuing anyway.
  warnings.warn(
W0000 00:00:1791231611.758900 1036691 tf_tfl_flatbuffer_helpers.cc:364] Ignored output_format.
W0000 00:00:1791231611.759283 1036691 tf_tfl_flatbuffer_helpers.cc:367] Ignored drop_control_dependency.
I0000 00:00:1791231611.759733 1036691 reader.cc:83] Reading SavedModel from: /tmp/tmphx4oq0hs
I0000 00:00:1791231611.761797 1036691 reader.cc:52] Reading meta graph with tags { serve }
I0000 00:00:1791231611.762186 1036691 reader.cc:147] Reading SavedModel debug info (if present) from: /tmp/tmphx4oq0hs
I0000 00:00:1791231611.775361 1036691 loader.cc:236] Restoring SavedModel bundle.
I0000 00:00:1791231611.820518 1036691 loader.cc:220] Running initialization op on SavedModel bundle at path: /tmp/tmphx4oq0hs
I0000 00:00:1791231611.831391 1036691 loader.cc:471] SavedModel load for tags { serve }; Status: success: OK. Took 71667 microseconds.
/home/danielpark605/tinyml-venv/lib/python3.12/site-packages/tensorflow/lite/python/interpreter.py:457: UserWarning:     Warning: tf.lite.Interpreter is deprecated and is scheduled for deletion in
    TF 2.20. Please use the LiteRT interpreter from the ai_edge_litert package.
    See the [migration guide](https://ai.google.dev/edge/litert/migration)
    for details.
    
  warnings.warn(_INTERPRETER_DELETION_WARNING)
   [QAT Strip] Input model type: Functional
   [QAT Strip] Input model class: tf_keras.src.engine.functional.Functional
   [QAT Strip] Creating TF.Keras Functional model with input shape: (43,)
   [QAT Strip] TF_USE_LEGACY_KERAS=1
   [QAT Strip] 4 Dense layers after BatchNorm folding
   [QAT Strip] Created model type: Functional
   [QAT Strip] Model class: tf_keras.src.engine.functional.Functional
   [QAT Strip] Total layers: 5
   [QAT Strip] Is tensorflow.keras model: False
   [QAT Strip] WARNING: Model is not tensorflow.keras! QAT may fail.
✅ Saved (QAT): data/processed/revision/2026-10-05_x2_ptq_init_qat/quant_lit/ton_near_iid_v2/qat_init_kl_client0_ft_d2.tflite (56.70 KB)
   Quantization: 10/16 tensors (62.5%)
   Input: <class 'numpy.float32'>, Output: <class 'numpy.float32'>
  [ton_near_iid_v2] qat_init_kl            client0_ft   d2 f1=0.9890 far=0.0214 missed=251/16215
/home/danielpark605/tinyml-venv/lib/python3.12/site-packages/tensorflow/lite/python/convert.py:846: UserWarning: Statistics for quantized inputs were expected, but not specified; continuing anyway.
  warnings.warn(
W0000 00:00:1791231612.361903 1036691 tf_tfl_flatbuffer_helpers.cc:364] Ignored output_format.
W0000 00:00:1791231612.362270 1036691 tf_tfl_flatbuffer_helpers.cc:367] Ignored drop_control_dependency.
I0000 00:00:1791231612.362774 1036691 reader.cc:83] Reading SavedModel from: /tmp/tmpfafk2dt0
I0000 00:00:1791231612.365444 1036691 reader.cc:52] Reading meta graph with tags { serve }
I0000 00:00:1791231612.365814 1036691 reader.cc:147] Reading SavedModel debug info (if present) from: /tmp/tmpfafk2dt0
I0000 00:00:1791231612.378755 1036691 loader.cc:236] Restoring SavedModel bundle.
I0000 00:00:1791231612.435098 1036691 loader.cc:220] Running initialization op on SavedModel bundle at path: /tmp/tmpfafk2dt0
I0000 00:00:1791231612.446031 1036691 loader.cc:471] SavedModel load for tags { serve }; Status: success: OK. Took 83267 microseconds.
/home/danielpark605/tinyml-venv/lib/python3.12/site-packages/tensorflow/lite/python/interpreter.py:457: UserWarning:     Warning: tf.lite.Interpreter is deprecated and is scheduled for deletion in
    TF 2.20. Please use the LiteRT interpreter from the ai_edge_litert package.
    See the [migration guide](https://ai.google.dev/edge/litert/migration)
    for details.
    
  warnings.warn(_INTERPRETER_DELETION_WARNING)
   [QAT Strip] Input model type: Functional
   [QAT Strip] Input model class: tf_keras.src.engine.functional.Functional
   [QAT Strip] Creating TF.Keras Functional model with input shape: (43,)
   [QAT Strip] TF_USE_LEGACY_KERAS=1
   [QAT Strip] 4 Dense layers after BatchNorm folding
   [QAT Strip] Created model type: Functional
   [QAT Strip] Model class: tf_keras.src.engine.functional.Functional
   [QAT Strip] Total layers: 5
   [QAT Strip] Is tensorflow.keras model: False
   [QAT Strip] WARNING: Model is not tensorflow.keras! QAT may fail.
✅ Saved (QAT): data/processed/revision/2026-10-05_x2_ptq_init_qat/quant_lit/ton_near_iid_v2/qat_init_clip5_max_client0_ft_d2.tflite (56.70 KB)
   Quantization: 10/16 tensors (62.5%)
   Input: <class 'numpy.float32'>, Output: <class 'numpy.float32'>
  [ton_near_iid_v2] qat_init_clip5_max     client0_ft   d2 f1=0.9891 far=0.0207 missed=252/16215
/home/danielpark605/tinyml-venv/lib/python3.12/site-packages/tensorflow/lite/python/convert.py:846: UserWarning: Statistics for quantized inputs were expected, but not specified; continuing anyway.
  warnings.warn(
W0000 00:00:1791231614.714256 1036691 tf_tfl_flatbuffer_helpers.cc:364] Ignored output_format.
W0000 00:00:1791231614.714628 1036691 tf_tfl_flatbuffer_helpers.cc:367] Ignored drop_control_dependency.
I0000 00:00:1791231614.715078 1036691 reader.cc:83] Reading SavedModel from: /tmp/tmp_pp0d0uc
I0000 00:00:1791231614.718061 1036691 reader.cc:52] Reading meta graph with tags { serve }
I0000 00:00:1791231614.718432 1036691 reader.cc:147] Reading SavedModel debug info (if present) from: /tmp/tmp_pp0d0uc
I0000 00:00:1791231614.732496 1036691 loader.cc:236] Restoring SavedModel bundle.
I0000 00:00:1791231614.786977 1036691 loader.cc:220] Running initialization op on SavedModel bundle at path: /tmp/tmp_pp0d0uc
I0000 00:00:1791231614.797431 1036691 loader.cc:471] SavedModel load for tags { serve }; Status: success: OK. Took 82361 microseconds.
/home/danielpark605/tinyml-venv/lib/python3.12/site-packages/tensorflow/lite/python/interpreter.py:457: UserWarning:     Warning: tf.lite.Interpreter is deprecated and is scheduled for deletion in
    TF 2.20. Please use the LiteRT interpreter from the ai_edge_litert package.
    See the [migration guide](https://ai.google.dev/edge/litert/migration)
    for details.
    
  warnings.warn(_INTERPRETER_DELETION_WARNING)
   [QAT Strip] Input model type: Functional
   [QAT Strip] Input model class: tf_keras.src.engine.functional.Functional
   [QAT Strip] Creating TF.Keras Functional model with input shape: (43,)
   [QAT Strip] TF_USE_LEGACY_KERAS=1
   [QAT Strip] 4 Dense layers after BatchNorm folding
   [QAT Strip] Created model type: Functional
   [QAT Strip] Model class: tf_keras.src.engine.functional.Functional
   [QAT Strip] Total layers: 5
   [QAT Strip] Is tensorflow.keras model: False
   [QAT Strip] WARNING: Model is not tensorflow.keras! QAT may fail.
✅ Saved (QAT): data/processed/revision/2026-10-05_x2_ptq_init_qat/quant_lit/ton_near_iid_v2/qat_fixed_max_client0_ft_d2.tflite (56.70 KB)
   Quantization: 10/16 tensors (62.5%)
   Input: <class 'numpy.float32'>, Output: <class 'numpy.float32'>
  [ton_near_iid_v2] qat_fixed_max          client0_ft   d2 f1=0.9953 far=0.0195 missed=60/16215
/home/danielpark605/tinyml-venv/lib/python3.12/site-packages/tensorflow/lite/python/convert.py:846: UserWarning: Statistics for quantized inputs were expected, but not specified; continuing anyway.
  warnings.warn(
W0000 00:00:1791231618.041660 1036691 tf_tfl_flatbuffer_helpers.cc:364] Ignored output_format.
W0000 00:00:1791231618.042110 1036691 tf_tfl_flatbuffer_helpers.cc:367] Ignored drop_control_dependency.
I0000 00:00:1791231618.042639 1036691 reader.cc:83] Reading SavedModel from: /tmp/tmpce116kta
I0000 00:00:1791231618.045483 1036691 reader.cc:52] Reading meta graph with tags { serve }
I0000 00:00:1791231618.045887 1036691 reader.cc:147] Reading SavedModel debug info (if present) from: /tmp/tmpce116kta
I0000 00:00:1791231618.054844 1036691 loader.cc:236] Restoring SavedModel bundle.
I0000 00:00:1791231618.109023 1036691 loader.cc:220] Running initialization op on SavedModel bundle at path: /tmp/tmpce116kta
I0000 00:00:1791231618.125681 1036691 loader.cc:471] SavedModel load for tags { serve }; Status: success: OK. Took 83071 microseconds.
/home/danielpark605/tinyml-venv/lib/python3.12/site-packages/tensorflow/lite/python/interpreter.py:457: UserWarning:     Warning: tf.lite.Interpreter is deprecated and is scheduled for deletion in
    TF 2.20. Please use the LiteRT interpreter from the ai_edge_litert package.
    See the [migration guide](https://ai.google.dev/edge/litert/migration)
    for details.
    
  warnings.warn(_INTERPRETER_DELETION_WARNING)
   [QAT Strip] Input model type: Functional
   [QAT Strip] Input model class: tf_keras.src.engine.functional.Functional
   [QAT Strip] Creating TF.Keras Functional model with input shape: (43,)
   [QAT Strip] TF_USE_LEGACY_KERAS=1
   [QAT Strip] 4 Dense layers after BatchNorm folding
   [QAT Strip] Created model type: Functional
   [QAT Strip] Model class: tf_keras.src.engine.functional.Functional
   [QAT Strip] Total layers: 5
   [QAT Strip] Is tensorflow.keras model: False
   [QAT Strip] WARNING: Model is not tensorflow.keras! QAT may fail.
✅ Saved (QAT): data/processed/revision/2026-10-05_x2_ptq_init_qat/quant_lit/ton_near_iid_v2/qat_fixed_pct9999_client0_ft_d2.tflite (56.70 KB)
   Quantization: 10/16 tensors (62.5%)
   Input: <class 'numpy.float32'>, Output: <class 'numpy.float32'>
  [ton_near_iid_v2] qat_fixed_pct9999      client0_ft   d2 f1=0.9946 far=0.0226 missed=66/16215
/home/danielpark605/tinyml-venv/lib/python3.12/site-packages/tensorflow/lite/python/convert.py:846: UserWarning: Statistics for quantized inputs were expected, but not specified; continuing anyway.
  warnings.warn(
W0000 00:00:1791231620.468739 1036691 tf_tfl_flatbuffer_helpers.cc:364] Ignored output_format.
W0000 00:00:1791231620.469164 1036691 tf_tfl_flatbuffer_helpers.cc:367] Ignored drop_control_dependency.
I0000 00:00:1791231620.469643 1036691 reader.cc:83] Reading SavedModel from: /tmp/tmpx_493y7i
I0000 00:00:1791231620.471713 1036691 reader.cc:52] Reading meta graph with tags { serve }
I0000 00:00:1791231620.472113 1036691 reader.cc:147] Reading SavedModel debug info (if present) from: /tmp/tmpx_493y7i
I0000 00:00:1791231620.487065 1036691 loader.cc:236] Restoring SavedModel bundle.
I0000 00:00:1791231620.539138 1036691 loader.cc:220] Running initialization op on SavedModel bundle at path: /tmp/tmpx_493y7i
I0000 00:00:1791231620.550592 1036691 loader.cc:471] SavedModel load for tags { serve }; Status: success: OK. Took 80982 microseconds.
/home/danielpark605/tinyml-venv/lib/python3.12/site-packages/tensorflow/lite/python/interpreter.py:457: UserWarning:     Warning: tf.lite.Interpreter is deprecated and is scheduled for deletion in
    TF 2.20. Please use the LiteRT interpreter from the ai_edge_litert package.
    See the [migration guide](https://ai.google.dev/edge/litert/migration)
    for details.
    
  warnings.warn(_INTERPRETER_DELETION_WARNING)
   [QAT Strip] Input model type: Functional
   [QAT Strip] Input model class: tf_keras.src.engine.functional.Functional
   [QAT Strip] Creating TF.Keras Functional model with input shape: (43,)
   [QAT Strip] TF_USE_LEGACY_KERAS=1
   [QAT Strip] 4 Dense layers after BatchNorm folding
   [QAT Strip] Created model type: Functional
   [QAT Strip] Model class: tf_keras.src.engine.functional.Functional
   [QAT Strip] Total layers: 5
   [QAT Strip] Is tensorflow.keras model: False
   [QAT Strip] WARNING: Model is not tensorflow.keras! QAT may fail.
✅ Saved (QAT): data/processed/revision/2026-10-05_x2_ptq_init_qat/quant_lit/ton_near_iid_v2/qat_fixed_mse_client0_ft_d2.tflite (56.70 KB)
   Quantization: 10/16 tensors (62.5%)
   Input: <class 'numpy.float32'>, Output: <class 'numpy.float32'>
  [ton_near_iid_v2] qat_fixed_mse          client0_ft   d2 f1=0.9946 far=0.0197 missed=80/16215
/home/danielpark605/tinyml-venv/lib/python3.12/site-packages/tensorflow/lite/python/convert.py:846: UserWarning: Statistics for quantized inputs were expected, but not specified; continuing anyway.
  warnings.warn(
W0000 00:00:1791231622.879010 1036691 tf_tfl_flatbuffer_helpers.cc:364] Ignored output_format.
W0000 00:00:1791231622.879406 1036691 tf_tfl_flatbuffer_helpers.cc:367] Ignored drop_control_dependency.
I0000 00:00:1791231622.879866 1036691 reader.cc:83] Reading SavedModel from: /tmp/tmp4b0houvn
I0000 00:00:1791231622.882502 1036691 reader.cc:52] Reading meta graph with tags { serve }
I0000 00:00:1791231622.882898 1036691 reader.cc:147] Reading SavedModel debug info (if present) from: /tmp/tmp4b0houvn
I0000 00:00:1791231622.896469 1036691 loader.cc:236] Restoring SavedModel bundle.
I0000 00:00:1791231622.947049 1036691 loader.cc:220] Running initialization op on SavedModel bundle at path: /tmp/tmp4b0houvn
I0000 00:00:1791231622.962982 1036691 loader.cc:471] SavedModel load for tags { serve }; Status: success: OK. Took 83127 microseconds.
/home/danielpark605/tinyml-venv/lib/python3.12/site-packages/tensorflow/lite/python/interpreter.py:457: UserWarning:     Warning: tf.lite.Interpreter is deprecated and is scheduled for deletion in
    TF 2.20. Please use the LiteRT interpreter from the ai_edge_litert package.
    See the [migration guide](https://ai.google.dev/edge/litert/migration)
    for details.
    
  warnings.warn(_INTERPRETER_DELETION_WARNING)
   [QAT Strip] Input model type: Functional
   [QAT Strip] Input model class: tf_keras.src.engine.functional.Functional
   [QAT Strip] Creating TF.Keras Functional model with input shape: (43,)
   [QAT Strip] TF_USE_LEGACY_KERAS=1
   [QAT Strip] 4 Dense layers after BatchNorm folding
   [QAT Strip] Created model type: Functional
   [QAT Strip] Model class: tf_keras.src.engine.functional.Functional
   [QAT Strip] Total layers: 5
   [QAT Strip] Is tensorflow.keras model: False
   [QAT Strip] WARNING: Model is not tensorflow.keras! QAT may fail.
✅ Saved (QAT): data/processed/revision/2026-10-05_x2_ptq_init_qat/quant_lit/ton_near_iid_v2/qat_fixed_clip5_max_client0_ft_d2.tflite (56.70 KB)
   Quantization: 10/16 tensors (62.5%)
   Input: <class 'numpy.float32'>, Output: <class 'numpy.float32'>
  [ton_near_iid_v2] qat_fixed_clip5_max    client0_ft   d2 f1=0.9929 far=0.0355 missed=61/16215
/home/danielpark605/tinyml-venv/lib/python3.12/site-packages/tensorflow/lite/python/convert.py:846: UserWarning: Statistics for quantized inputs were expected, but not specified; continuing anyway.
  warnings.warn(
W0000 00:00:1791231624.423698 1036691 tf_tfl_flatbuffer_helpers.cc:364] Ignored output_format.
W0000 00:00:1791231624.424084 1036691 tf_tfl_flatbuffer_helpers.cc:367] Ignored drop_control_dependency.
I0000 00:00:1791231624.424532 1036691 reader.cc:83] Reading SavedModel from: /tmp/tmp5s85x9_5
I0000 00:00:1791231624.425428 1036691 reader.cc:52] Reading meta graph with tags { serve }
I0000 00:00:1791231624.425799 1036691 reader.cc:147] Reading SavedModel debug info (if present) from: /tmp/tmp5s85x9_5
I0000 00:00:1791231624.428562 1036691 loader.cc:236] Restoring SavedModel bundle.
I0000 00:00:1791231624.441247 1036691 loader.cc:220] Running initialization op on SavedModel bundle at path: /tmp/tmp5s85x9_5
I0000 00:00:1791231624.446329 1036691 loader.cc:471] SavedModel load for tags { serve }; Status: success: OK. Took 21804 microseconds.
fully_quantize: 0, inference_type: 6, input_inference_type: FLOAT32, output_inference_type: FLOAT32
W0000 00:00:1791231624.505940 1036691 flatbuffer_export.cc:3851] Skipping runtime version metadata in the model. This will be generated by the exporter.
/home/danielpark605/tinyml-venv/lib/python3.12/site-packages/tensorflow/lite/python/interpreter.py:457: UserWarning:     Warning: tf.lite.Interpreter is deprecated and is scheduled for deletion in
    TF 2.20. Please use the LiteRT interpreter from the ai_edge_litert package.
    See the [migration guide](https://ai.google.dev/edge/litert/migration)
    for details.
    
  warnings.warn(_INTERPRETER_DELETION_WARNING)
  [ton_near_iid_v2] ptq_tflite_max         client0_ft   d3 f1=0.9901 far=0.0245 missed=201/16215
/home/danielpark605/tinyml-venv/lib/python3.12/site-packages/tensorflow/lite/python/convert.py:846: UserWarning: Statistics for quantized inputs were expected, but not specified; continuing anyway.
  warnings.warn(
W0000 00:00:1791231628.016060 1036691 tf_tfl_flatbuffer_helpers.cc:364] Ignored output_format.
W0000 00:00:1791231628.016453 1036691 tf_tfl_flatbuffer_helpers.cc:367] Ignored drop_control_dependency.
I0000 00:00:1791231628.016912 1036691 reader.cc:83] Reading SavedModel from: /tmp/tmp0eysnsvg
I0000 00:00:1791231628.019423 1036691 reader.cc:52] Reading meta graph with tags { serve }
I0000 00:00:1791231628.019790 1036691 reader.cc:147] Reading SavedModel debug info (if present) from: /tmp/tmp0eysnsvg
I0000 00:00:1791231628.028761 1036691 loader.cc:236] Restoring SavedModel bundle.
I0000 00:00:1791231628.060178 1036691 loader.cc:220] Running initialization op on SavedModel bundle at path: /tmp/tmp0eysnsvg
I0000 00:00:1791231628.069118 1036691 loader.cc:471] SavedModel load for tags { serve }; Status: success: OK. Took 52215 microseconds.
/home/danielpark605/tinyml-venv/lib/python3.12/site-packages/tensorflow/lite/python/interpreter.py:457: UserWarning:     Warning: tf.lite.Interpreter is deprecated and is scheduled for deletion in
    TF 2.20. Please use the LiteRT interpreter from the ai_edge_litert package.
    See the [migration guide](https://ai.google.dev/edge/litert/migration)
    for details.
    
  warnings.warn(_INTERPRETER_DELETION_WARNING)
   [QAT Strip] Input model type: Functional
   [QAT Strip] Input model class: tf_keras.src.engine.functional.Functional
   [QAT Strip] Creating TF.Keras Functional model with input shape: (43,)
   [QAT Strip] TF_USE_LEGACY_KERAS=1
   [QAT Strip] 4 Dense layers after BatchNorm folding
   [QAT Strip] Created model type: Functional
   [QAT Strip] Model class: tf_keras.src.engine.functional.Functional
   [QAT Strip] Total layers: 5
   [QAT Strip] Is tensorflow.keras model: False
   [QAT Strip] WARNING: Model is not tensorflow.keras! QAT may fail.
✅ Saved (QAT): data/processed/revision/2026-10-05_x2_ptq_init_qat/quant_lit/ton_near_iid_v2/ptq_fq_max_client0_ft_d3.tflite (56.70 KB)
   Quantization: 10/16 tensors (62.5%)
   Input: <class 'numpy.float32'>, Output: <class 'numpy.float32'>
  [ton_near_iid_v2] ptq_fq_max             client0_ft   d3 f1=0.9516 far=0.0199 missed=1411/16215
/home/danielpark605/tinyml-venv/lib/python3.12/site-packages/tensorflow/lite/python/convert.py:846: UserWarning: Statistics for quantized inputs were expected, but not specified; continuing anyway.
  warnings.warn(
W0000 00:00:1791231629.193827 1036691 tf_tfl_flatbuffer_helpers.cc:364] Ignored output_format.
W0000 00:00:1791231629.194182 1036691 tf_tfl_flatbuffer_helpers.cc:367] Ignored drop_control_dependency.
I0000 00:00:1791231629.194614 1036691 reader.cc:83] Reading SavedModel from: /tmp/tmpv2_jttrr
I0000 00:00:1791231629.196394 1036691 reader.cc:52] Reading meta graph with tags { serve }
I0000 00:00:1791231629.196773 1036691 reader.cc:147] Reading SavedModel debug info (if present) from: /tmp/tmpv2_jttrr
I0000 00:00:1791231629.211297 1036691 loader.cc:236] Restoring SavedModel bundle.
I0000 00:00:1791231629.245226 1036691 loader.cc:220] Running initialization op on SavedModel bundle at path: /tmp/tmpv2_jttrr
I0000 00:00:1791231629.253619 1036691 loader.cc:471] SavedModel load for tags { serve }; Status: success: OK. Took 59012 microseconds.
/home/danielpark605/tinyml-venv/lib/python3.12/site-packages/tensorflow/lite/python/interpreter.py:457: UserWarning:     Warning: tf.lite.Interpreter is deprecated and is scheduled for deletion in
    TF 2.20. Please use the LiteRT interpreter from the ai_edge_litert package.
    See the [migration guide](https://ai.google.dev/edge/litert/migration)
    for details.
    
  warnings.warn(_INTERPRETER_DELETION_WARNING)
   [QAT Strip] Input model type: Functional
   [QAT Strip] Input model class: tf_keras.src.engine.functional.Functional
   [QAT Strip] Creating TF.Keras Functional model with input shape: (43,)
   [QAT Strip] TF_USE_LEGACY_KERAS=1
   [QAT Strip] 4 Dense layers after BatchNorm folding
   [QAT Strip] Created model type: Functional
   [QAT Strip] Model class: tf_keras.src.engine.functional.Functional
   [QAT Strip] Total layers: 5
   [QAT Strip] Is tensorflow.keras model: False
   [QAT Strip] WARNING: Model is not tensorflow.keras! QAT may fail.
✅ Saved (QAT): data/processed/revision/2026-10-05_x2_ptq_init_qat/quant_lit/ton_near_iid_v2/ptq_fq_pct9999_client0_ft_d3.tflite (56.70 KB)
   Quantization: 10/16 tensors (62.5%)
   Input: <class 'numpy.float32'>, Output: <class 'numpy.float32'>
  [ton_near_iid_v2] ptq_fq_pct9999         client0_ft   d3 f1=0.9766 far=0.0214 missed=643/16215
/home/danielpark605/tinyml-venv/lib/python3.12/site-packages/tensorflow/lite/python/convert.py:846: UserWarning: Statistics for quantized inputs were expected, but not specified; continuing anyway.
  warnings.warn(
W0000 00:00:1791231630.345116 1036691 tf_tfl_flatbuffer_helpers.cc:364] Ignored output_format.
W0000 00:00:1791231630.345552 1036691 tf_tfl_flatbuffer_helpers.cc:367] Ignored drop_control_dependency.
I0000 00:00:1791231630.346058 1036691 reader.cc:83] Reading SavedModel from: /tmp/tmpy3851q97
I0000 00:00:1791231630.347245 1036691 reader.cc:52] Reading meta graph with tags { serve }
I0000 00:00:1791231630.347580 1036691 reader.cc:147] Reading SavedModel debug info (if present) from: /tmp/tmpy3851q97
I0000 00:00:1791231630.356815 1036691 loader.cc:236] Restoring SavedModel bundle.
I0000 00:00:1791231630.386063 1036691 loader.cc:220] Running initialization op on SavedModel bundle at path: /tmp/tmpy3851q97
I0000 00:00:1791231630.395586 1036691 loader.cc:471] SavedModel load for tags { serve }; Status: success: OK. Took 49536 microseconds.
/home/danielpark605/tinyml-venv/lib/python3.12/site-packages/tensorflow/lite/python/interpreter.py:457: UserWarning:     Warning: tf.lite.Interpreter is deprecated and is scheduled for deletion in
    TF 2.20. Please use the LiteRT interpreter from the ai_edge_litert package.
    See the [migration guide](https://ai.google.dev/edge/litert/migration)
    for details.
    
  warnings.warn(_INTERPRETER_DELETION_WARNING)
   [QAT Strip] Input model type: Functional
   [QAT Strip] Input model class: tf_keras.src.engine.functional.Functional
   [QAT Strip] Creating TF.Keras Functional model with input shape: (43,)
   [QAT Strip] TF_USE_LEGACY_KERAS=1
   [QAT Strip] 4 Dense layers after BatchNorm folding
   [QAT Strip] Created model type: Functional
   [QAT Strip] Model class: tf_keras.src.engine.functional.Functional
   [QAT Strip] Total layers: 5
   [QAT Strip] Is tensorflow.keras model: False
   [QAT Strip] WARNING: Model is not tensorflow.keras! QAT may fail.
✅ Saved (QAT): data/processed/revision/2026-10-05_x2_ptq_init_qat/quant_lit/ton_near_iid_v2/ptq_fq_mse_client0_ft_d3.tflite (56.70 KB)
   Quantization: 10/16 tensors (62.5%)
   Input: <class 'numpy.float32'>, Output: <class 'numpy.float32'>
  [ton_near_iid_v2] ptq_fq_mse             client0_ft   d3 f1=0.9617 far=0.0214 missed=1102/16215
/home/danielpark605/tinyml-venv/lib/python3.12/site-packages/tensorflow/lite/python/convert.py:846: UserWarning: Statistics for quantized inputs were expected, but not specified; continuing anyway.
  warnings.warn(
W0000 00:00:1791231632.525755 1036691 tf_tfl_flatbuffer_helpers.cc:364] Ignored output_format.
W0000 00:00:1791231632.526225 1036691 tf_tfl_flatbuffer_helpers.cc:367] Ignored drop_control_dependency.
I0000 00:00:1791231632.526757 1036691 reader.cc:83] Reading SavedModel from: /tmp/tmpr3hnl9is
I0000 00:00:1791231632.528866 1036691 reader.cc:52] Reading meta graph with tags { serve }
I0000 00:00:1791231632.529243 1036691 reader.cc:147] Reading SavedModel debug info (if present) from: /tmp/tmpr3hnl9is
I0000 00:00:1791231632.536494 1036691 loader.cc:236] Restoring SavedModel bundle.
I0000 00:00:1791231632.568333 1036691 loader.cc:220] Running initialization op on SavedModel bundle at path: /tmp/tmpr3hnl9is
I0000 00:00:1791231632.581303 1036691 loader.cc:471] SavedModel load for tags { serve }; Status: success: OK. Took 54567 microseconds.
/home/danielpark605/tinyml-venv/lib/python3.12/site-packages/tensorflow/lite/python/interpreter.py:457: UserWarning:     Warning: tf.lite.Interpreter is deprecated and is scheduled for deletion in
    TF 2.20. Please use the LiteRT interpreter from the ai_edge_litert package.
    See the [migration guide](https://ai.google.dev/edge/litert/migration)
    for details.
    
  warnings.warn(_INTERPRETER_DELETION_WARNING)
   [QAT Strip] Input model type: Functional
   [QAT Strip] Input model class: tf_keras.src.engine.functional.Functional
   [QAT Strip] Creating TF.Keras Functional model with input shape: (43,)
   [QAT Strip] TF_USE_LEGACY_KERAS=1
   [QAT Strip] 4 Dense layers after BatchNorm folding
   [QAT Strip] Created model type: Functional
   [QAT Strip] Model class: tf_keras.src.engine.functional.Functional
   [QAT Strip] Total layers: 5
   [QAT Strip] Is tensorflow.keras model: False
   [QAT Strip] WARNING: Model is not tensorflow.keras! QAT may fail.
✅ Saved (QAT): data/processed/revision/2026-10-05_x2_ptq_init_qat/quant_lit/ton_near_iid_v2/ptq_fq_kl_client0_ft_d3.tflite (56.70 KB)
   Quantization: 10/16 tensors (62.5%)
   Input: <class 'numpy.float32'>, Output: <class 'numpy.float32'>
  [ton_near_iid_v2] ptq_fq_kl              client0_ft   d3 f1=0.9947 far=0.0203 missed=74/16215
/home/danielpark605/tinyml-venv/lib/python3.12/site-packages/tensorflow/lite/python/convert.py:846: UserWarning: Statistics for quantized inputs were expected, but not specified; continuing anyway.
  warnings.warn(
W0000 00:00:1791231633.768825 1036691 tf_tfl_flatbuffer_helpers.cc:364] Ignored output_format.
W0000 00:00:1791231633.769250 1036691 tf_tfl_flatbuffer_helpers.cc:367] Ignored drop_control_dependency.
I0000 00:00:1791231633.769767 1036691 reader.cc:83] Reading SavedModel from: /tmp/tmpiufx1sxt
I0000 00:00:1791231633.771610 1036691 reader.cc:52] Reading meta graph with tags { serve }
I0000 00:00:1791231633.771974 1036691 reader.cc:147] Reading SavedModel debug info (if present) from: /tmp/tmpiufx1sxt
I0000 00:00:1791231633.783094 1036691 loader.cc:236] Restoring SavedModel bundle.
I0000 00:00:1791231633.815462 1036691 loader.cc:220] Running initialization op on SavedModel bundle at path: /tmp/tmpiufx1sxt
I0000 00:00:1791231633.825254 1036691 loader.cc:471] SavedModel load for tags { serve }; Status: success: OK. Took 55515 microseconds.
/home/danielpark605/tinyml-venv/lib/python3.12/site-packages/tensorflow/lite/python/interpreter.py:457: UserWarning:     Warning: tf.lite.Interpreter is deprecated and is scheduled for deletion in
    TF 2.20. Please use the LiteRT interpreter from the ai_edge_litert package.
    See the [migration guide](https://ai.google.dev/edge/litert/migration)
    for details.
    
  warnings.warn(_INTERPRETER_DELETION_WARNING)
   [QAT Strip] Input model type: Functional
   [QAT Strip] Input model class: tf_keras.src.engine.functional.Functional
   [QAT Strip] Creating TF.Keras Functional model with input shape: (43,)
   [QAT Strip] TF_USE_LEGACY_KERAS=1
   [QAT Strip] 4 Dense layers after BatchNorm folding
   [QAT Strip] Created model type: Functional
   [QAT Strip] Model class: tf_keras.src.engine.functional.Functional
   [QAT Strip] Total layers: 5
   [QAT Strip] Is tensorflow.keras model: False
   [QAT Strip] WARNING: Model is not tensorflow.keras! QAT may fail.
✅ Saved (QAT): data/processed/revision/2026-10-05_x2_ptq_init_qat/quant_lit/ton_near_iid_v2/ptq_fq_clip5_max_client0_ft_d3.tflite (56.70 KB)
   Quantization: 10/16 tensors (62.5%)
   Input: <class 'numpy.float32'>, Output: <class 'numpy.float32'>
  [ton_near_iid_v2] ptq_fq_clip5_max       client0_ft   d3 f1=0.9941 far=0.0224 missed=85/16215
/home/danielpark605/tinyml-venv/lib/python3.12/site-packages/tensorflow/lite/python/convert.py:846: UserWarning: Statistics for quantized inputs were expected, but not specified; continuing anyway.
  warnings.warn(
W0000 00:00:1791231636.109771 1036691 tf_tfl_flatbuffer_helpers.cc:364] Ignored output_format.
W0000 00:00:1791231636.110171 1036691 tf_tfl_flatbuffer_helpers.cc:367] Ignored drop_control_dependency.
I0000 00:00:1791231636.110593 1036691 reader.cc:83] Reading SavedModel from: /tmp/tmplfbcmn1v
I0000 00:00:1791231636.112547 1036691 reader.cc:52] Reading meta graph with tags { serve }
I0000 00:00:1791231636.112902 1036691 reader.cc:147] Reading SavedModel debug info (if present) from: /tmp/tmplfbcmn1v
I0000 00:00:1791231636.124276 1036691 loader.cc:236] Restoring SavedModel bundle.
I0000 00:00:1791231636.166561 1036691 loader.cc:220] Running initialization op on SavedModel bundle at path: /tmp/tmplfbcmn1v
I0000 00:00:1791231636.182325 1036691 loader.cc:471] SavedModel load for tags { serve }; Status: success: OK. Took 71744 microseconds.
/home/danielpark605/tinyml-venv/lib/python3.12/site-packages/tensorflow/lite/python/interpreter.py:457: UserWarning:     Warning: tf.lite.Interpreter is deprecated and is scheduled for deletion in
    TF 2.20. Please use the LiteRT interpreter from the ai_edge_litert package.
    See the [migration guide](https://ai.google.dev/edge/litert/migration)
    for details.
    
  warnings.warn(_INTERPRETER_DELETION_WARNING)
   [QAT Strip] Input model type: Functional
   [QAT Strip] Input model class: tf_keras.src.engine.functional.Functional
   [QAT Strip] Creating TF.Keras Functional model with input shape: (43,)
   [QAT Strip] TF_USE_LEGACY_KERAS=1
   [QAT Strip] 4 Dense layers after BatchNorm folding
   [QAT Strip] Created model type: Functional
   [QAT Strip] Model class: tf_keras.src.engine.functional.Functional
   [QAT Strip] Total layers: 5
   [QAT Strip] Is tensorflow.keras model: False
   [QAT Strip] WARNING: Model is not tensorflow.keras! QAT may fail.
✅ Saved (QAT): data/processed/revision/2026-10-05_x2_ptq_init_qat/quant_lit/ton_near_iid_v2/qat_default_client0_ft_d3.tflite (56.70 KB)
   Quantization: 10/16 tensors (62.5%)
   Input: <class 'numpy.float32'>, Output: <class 'numpy.float32'>
  [ton_near_iid_v2] qat_default            client0_ft   d3 f1=0.9885 far=0.0259 missed=248/16215
/home/danielpark605/tinyml-venv/lib/python3.12/site-packages/tensorflow/lite/python/convert.py:846: UserWarning: Statistics for quantized inputs were expected, but not specified; continuing anyway.
  warnings.warn(
W0000 00:00:1791231638.489976 1036691 tf_tfl_flatbuffer_helpers.cc:364] Ignored output_format.
W0000 00:00:1791231638.490324 1036691 tf_tfl_flatbuffer_helpers.cc:367] Ignored drop_control_dependency.
I0000 00:00:1791231638.490764 1036691 reader.cc:83] Reading SavedModel from: /tmp/tmpsrt9i9vh
I0000 00:00:1791231638.493576 1036691 reader.cc:52] Reading meta graph with tags { serve }
I0000 00:00:1791231638.493928 1036691 reader.cc:147] Reading SavedModel debug info (if present) from: /tmp/tmpsrt9i9vh
I0000 00:00:1791231638.508143 1036691 loader.cc:236] Restoring SavedModel bundle.
I0000 00:00:1791231638.555046 1036691 loader.cc:220] Running initialization op on SavedModel bundle at path: /tmp/tmpsrt9i9vh
I0000 00:00:1791231638.567187 1036691 loader.cc:471] SavedModel load for tags { serve }; Status: success: OK. Took 76433 microseconds.
/home/danielpark605/tinyml-venv/lib/python3.12/site-packages/tensorflow/lite/python/interpreter.py:457: UserWarning:     Warning: tf.lite.Interpreter is deprecated and is scheduled for deletion in
    TF 2.20. Please use the LiteRT interpreter from the ai_edge_litert package.
    See the [migration guide](https://ai.google.dev/edge/litert/migration)
    for details.
    
  warnings.warn(_INTERPRETER_DELETION_WARNING)
   [QAT Strip] Input model type: Functional
   [QAT Strip] Input model class: tf_keras.src.engine.functional.Functional
   [QAT Strip] Creating TF.Keras Functional model with input shape: (43,)
   [QAT Strip] TF_USE_LEGACY_KERAS=1
   [QAT Strip] 4 Dense layers after BatchNorm folding
   [QAT Strip] Created model type: Functional
   [QAT Strip] Model class: tf_keras.src.engine.functional.Functional
   [QAT Strip] Total layers: 5
   [QAT Strip] Is tensorflow.keras model: False
   [QAT Strip] WARNING: Model is not tensorflow.keras! QAT may fail.
✅ Saved (QAT): data/processed/revision/2026-10-05_x2_ptq_init_qat/quant_lit/ton_near_iid_v2/qat_init_max_client0_ft_d3.tflite (56.70 KB)
   Quantization: 10/16 tensors (62.5%)
   Input: <class 'numpy.float32'>, Output: <class 'numpy.float32'>
  [ton_near_iid_v2] qat_init_max           client0_ft   d3 f1=0.9897 far=0.0266 missed=205/16215
/home/danielpark605/tinyml-venv/lib/python3.12/site-packages/tensorflow/lite/python/convert.py:846: UserWarning: Statistics for quantized inputs were expected, but not specified; continuing anyway.
  warnings.warn(
W0000 00:00:1791231640.840301 1036691 tf_tfl_flatbuffer_helpers.cc:364] Ignored output_format.
W0000 00:00:1791231640.840673 1036691 tf_tfl_flatbuffer_helpers.cc:367] Ignored drop_control_dependency.
I0000 00:00:1791231640.841192 1036691 reader.cc:83] Reading SavedModel from: /tmp/tmp902ltm_c
I0000 00:00:1791231640.844708 1036691 reader.cc:52] Reading meta graph with tags { serve }
I0000 00:00:1791231640.845095 1036691 reader.cc:147] Reading SavedModel debug info (if present) from: /tmp/tmp902ltm_c
I0000 00:00:1791231640.858714 1036691 loader.cc:236] Restoring SavedModel bundle.
I0000 00:00:1791231640.915628 1036691 loader.cc:220] Running initialization op on SavedModel bundle at path: /tmp/tmp902ltm_c
I0000 00:00:1791231640.928066 1036691 loader.cc:471] SavedModel load for tags { serve }; Status: success: OK. Took 86883 microseconds.
/home/danielpark605/tinyml-venv/lib/python3.12/site-packages/tensorflow/lite/python/interpreter.py:457: UserWarning:     Warning: tf.lite.Interpreter is deprecated and is scheduled for deletion in
    TF 2.20. Please use the LiteRT interpreter from the ai_edge_litert package.
    See the [migration guide](https://ai.google.dev/edge/litert/migration)
    for details.
    
  warnings.warn(_INTERPRETER_DELETION_WARNING)
   [QAT Strip] Input model type: Functional
   [QAT Strip] Input model class: tf_keras.src.engine.functional.Functional
   [QAT Strip] Creating TF.Keras Functional model with input shape: (43,)
   [QAT Strip] TF_USE_LEGACY_KERAS=1
   [QAT Strip] 4 Dense layers after BatchNorm folding
   [QAT Strip] Created model type: Functional
   [QAT Strip] Model class: tf_keras.src.engine.functional.Functional
   [QAT Strip] Total layers: 5
   [QAT Strip] Is tensorflow.keras model: False
   [QAT Strip] WARNING: Model is not tensorflow.keras! QAT may fail.
✅ Saved (QAT): data/processed/revision/2026-10-05_x2_ptq_init_qat/quant_lit/ton_near_iid_v2/qat_init_pct9999_client0_ft_d3.tflite (56.70 KB)
   Quantization: 10/16 tensors (62.5%)
   Input: <class 'numpy.float32'>, Output: <class 'numpy.float32'>
  [ton_near_iid_v2] qat_init_pct9999       client0_ft   d3 f1=0.9884 far=0.0261 missed=248/16215
/home/danielpark605/tinyml-venv/lib/python3.12/site-packages/tensorflow/lite/python/convert.py:846: UserWarning: Statistics for quantized inputs were expected, but not specified; continuing anyway.
  warnings.warn(
W0000 00:00:1791231644.101258 1036691 tf_tfl_flatbuffer_helpers.cc:364] Ignored output_format.
W0000 00:00:1791231644.101700 1036691 tf_tfl_flatbuffer_helpers.cc:367] Ignored drop_control_dependency.
I0000 00:00:1791231644.102283 1036691 reader.cc:83] Reading SavedModel from: /tmp/tmpmm6ocrj1
I0000 00:00:1791231644.105394 1036691 reader.cc:52] Reading meta graph with tags { serve }
I0000 00:00:1791231644.105760 1036691 reader.cc:147] Reading SavedModel debug info (if present) from: /tmp/tmpmm6ocrj1
I0000 00:00:1791231644.118755 1036691 loader.cc:236] Restoring SavedModel bundle.
I0000 00:00:1791231644.171510 1036691 loader.cc:220] Running initialization op on SavedModel bundle at path: /tmp/tmpmm6ocrj1
I0000 00:00:1791231644.186372 1036691 loader.cc:471] SavedModel load for tags { serve }; Status: success: OK. Took 84109 microseconds.
/home/danielpark605/tinyml-venv/lib/python3.12/site-packages/tensorflow/lite/python/interpreter.py:457: UserWarning:     Warning: tf.lite.Interpreter is deprecated and is scheduled for deletion in
    TF 2.20. Please use the LiteRT interpreter from the ai_edge_litert package.
    See the [migration guide](https://ai.google.dev/edge/litert/migration)
    for details.
    
  warnings.warn(_INTERPRETER_DELETION_WARNING)
   [QAT Strip] Input model type: Functional
   [QAT Strip] Input model class: tf_keras.src.engine.functional.Functional
   [QAT Strip] Creating TF.Keras Functional model with input shape: (43,)
   [QAT Strip] TF_USE_LEGACY_KERAS=1
   [QAT Strip] 4 Dense layers after BatchNorm folding
   [QAT Strip] Created model type: Functional
   [QAT Strip] Model class: tf_keras.src.engine.functional.Functional
   [QAT Strip] Total layers: 5
   [QAT Strip] Is tensorflow.keras model: False
   [QAT Strip] WARNING: Model is not tensorflow.keras! QAT may fail.
✅ Saved (QAT): data/processed/revision/2026-10-05_x2_ptq_init_qat/quant_lit/ton_near_iid_v2/qat_init_mse_client0_ft_d3.tflite (56.70 KB)
   Quantization: 10/16 tensors (62.5%)
   Input: <class 'numpy.float32'>, Output: <class 'numpy.float32'>
  [ton_near_iid_v2] qat_init_mse           client0_ft   d3 f1=0.9899 far=0.0270 missed=198/16215
/home/danielpark605/tinyml-venv/lib/python3.12/site-packages/tensorflow/lite/python/convert.py:846: UserWarning: Statistics for quantized inputs were expected, but not specified; continuing anyway.
  warnings.warn(
W0000 00:00:1791231644.789639 1036691 tf_tfl_flatbuffer_helpers.cc:364] Ignored output_format.
W0000 00:00:1791231644.790044 1036691 tf_tfl_flatbuffer_helpers.cc:367] Ignored drop_control_dependency.
I0000 00:00:1791231644.790591 1036691 reader.cc:83] Reading SavedModel from: /tmp/tmp9tlhj85k
I0000 00:00:1791231644.792818 1036691 reader.cc:52] Reading meta graph with tags { serve }
I0000 00:00:1791231644.793189 1036691 reader.cc:147] Reading SavedModel debug info (if present) from: /tmp/tmp9tlhj85k
I0000 00:00:1791231644.803033 1036691 loader.cc:236] Restoring SavedModel bundle.
I0000 00:00:1791231644.847224 1036691 loader.cc:220] Running initialization op on SavedModel bundle at path: /tmp/tmp9tlhj85k
I0000 00:00:1791231644.863543 1036691 loader.cc:471] SavedModel load for tags { serve }; Status: success: OK. Took 72977 microseconds.
/home/danielpark605/tinyml-venv/lib/python3.12/site-packages/tensorflow/lite/python/interpreter.py:457: UserWarning:     Warning: tf.lite.Interpreter is deprecated and is scheduled for deletion in
    TF 2.20. Please use the LiteRT interpreter from the ai_edge_litert package.
    See the [migration guide](https://ai.google.dev/edge/litert/migration)
    for details.
    
  warnings.warn(_INTERPRETER_DELETION_WARNING)
   [QAT Strip] Input model type: Functional
   [QAT Strip] Input model class: tf_keras.src.engine.functional.Functional
   [QAT Strip] Creating TF.Keras Functional model with input shape: (43,)
   [QAT Strip] TF_USE_LEGACY_KERAS=1
   [QAT Strip] 4 Dense layers after BatchNorm folding
   [QAT Strip] Created model type: Functional
   [QAT Strip] Model class: tf_keras.src.engine.functional.Functional
   [QAT Strip] Total layers: 5
   [QAT Strip] Is tensorflow.keras model: False
   [QAT Strip] WARNING: Model is not tensorflow.keras! QAT may fail.
✅ Saved (QAT): data/processed/revision/2026-10-05_x2_ptq_init_qat/quant_lit/ton_near_iid_v2/qat_init_kl_client0_ft_d3.tflite (56.70 KB)
   Quantization: 10/16 tensors (62.5%)
   Input: <class 'numpy.float32'>, Output: <class 'numpy.float32'>
  [ton_near_iid_v2] qat_init_kl            client0_ft   d3 f1=0.9885 far=0.0270 missed=243/16215
/home/danielpark605/tinyml-venv/lib/python3.12/site-packages/tensorflow/lite/python/convert.py:846: UserWarning: Statistics for quantized inputs were expected, but not specified; continuing anyway.
  warnings.warn(
W0000 00:00:1791231647.204781 1036691 tf_tfl_flatbuffer_helpers.cc:364] Ignored output_format.
W0000 00:00:1791231647.205166 1036691 tf_tfl_flatbuffer_helpers.cc:367] Ignored drop_control_dependency.
I0000 00:00:1791231647.205618 1036691 reader.cc:83] Reading SavedModel from: /tmp/tmpk5ng4rhj
I0000 00:00:1791231647.208661 1036691 reader.cc:52] Reading meta graph with tags { serve }
I0000 00:00:1791231647.209092 1036691 reader.cc:147] Reading SavedModel debug info (if present) from: /tmp/tmpk5ng4rhj
I0000 00:00:1791231647.222275 1036691 loader.cc:236] Restoring SavedModel bundle.
I0000 00:00:1791231647.274990 1036691 loader.cc:220] Running initialization op on SavedModel bundle at path: /tmp/tmpk5ng4rhj
I0000 00:00:1791231647.290867 1036691 loader.cc:471] SavedModel load for tags { serve }; Status: success: OK. Took 85269 microseconds.
/home/danielpark605/tinyml-venv/lib/python3.12/site-packages/tensorflow/lite/python/interpreter.py:457: UserWarning:     Warning: tf.lite.Interpreter is deprecated and is scheduled for deletion in
    TF 2.20. Please use the LiteRT interpreter from the ai_edge_litert package.
    See the [migration guide](https://ai.google.dev/edge/litert/migration)
    for details.
    
  warnings.warn(_INTERPRETER_DELETION_WARNING)
   [QAT Strip] Input model type: Functional
   [QAT Strip] Input model class: tf_keras.src.engine.functional.Functional
   [QAT Strip] Creating TF.Keras Functional model with input shape: (43,)
   [QAT Strip] TF_USE_LEGACY_KERAS=1
   [QAT Strip] 4 Dense layers after BatchNorm folding
   [QAT Strip] Created model type: Functional
   [QAT Strip] Model class: tf_keras.src.engine.functional.Functional
   [QAT Strip] Total layers: 5
   [QAT Strip] Is tensorflow.keras model: False
   [QAT Strip] WARNING: Model is not tensorflow.keras! QAT may fail.
✅ Saved (QAT): data/processed/revision/2026-10-05_x2_ptq_init_qat/quant_lit/ton_near_iid_v2/qat_init_clip5_max_client0_ft_d3.tflite (56.70 KB)
   Quantization: 10/16 tensors (62.5%)
   Input: <class 'numpy.float32'>, Output: <class 'numpy.float32'>
  [ton_near_iid_v2] qat_init_clip5_max     client0_ft   d3 f1=0.9885 far=0.0270 missed=243/16215
/home/danielpark605/tinyml-venv/lib/python3.12/site-packages/tensorflow/lite/python/convert.py:846: UserWarning: Statistics for quantized inputs were expected, but not specified; continuing anyway.
  warnings.warn(
W0000 00:00:1791231649.659806 1036691 tf_tfl_flatbuffer_helpers.cc:364] Ignored output_format.
W0000 00:00:1791231649.660168 1036691 tf_tfl_flatbuffer_helpers.cc:367] Ignored drop_control_dependency.
I0000 00:00:1791231649.660600 1036691 reader.cc:83] Reading SavedModel from: /tmp/tmpq08pybho
I0000 00:00:1791231649.662452 1036691 reader.cc:52] Reading meta graph with tags { serve }
I0000 00:00:1791231649.662782 1036691 reader.cc:147] Reading SavedModel debug info (if present) from: /tmp/tmpq08pybho
I0000 00:00:1791231649.675366 1036691 loader.cc:236] Restoring SavedModel bundle.
I0000 00:00:1791231649.717883 1036691 loader.cc:220] Running initialization op on SavedModel bundle at path: /tmp/tmpq08pybho
I0000 00:00:1791231649.729170 1036691 loader.cc:471] SavedModel load for tags { serve }; Status: success: OK. Took 68579 microseconds.
/home/danielpark605/tinyml-venv/lib/python3.12/site-packages/tensorflow/lite/python/interpreter.py:457: UserWarning:     Warning: tf.lite.Interpreter is deprecated and is scheduled for deletion in
    TF 2.20. Please use the LiteRT interpreter from the ai_edge_litert package.
    See the [migration guide](https://ai.google.dev/edge/litert/migration)
    for details.
    
  warnings.warn(_INTERPRETER_DELETION_WARNING)
   [QAT Strip] Input model type: Functional
   [QAT Strip] Input model class: tf_keras.src.engine.functional.Functional
   [QAT Strip] Creating TF.Keras Functional model with input shape: (43,)
   [QAT Strip] TF_USE_LEGACY_KERAS=1
   [QAT Strip] 4 Dense layers after BatchNorm folding
   [QAT Strip] Created model type: Functional
   [QAT Strip] Model class: tf_keras.src.engine.functional.Functional
   [QAT Strip] Total layers: 5
   [QAT Strip] Is tensorflow.keras model: False
   [QAT Strip] WARNING: Model is not tensorflow.keras! QAT may fail.
✅ Saved (QAT): data/processed/revision/2026-10-05_x2_ptq_init_qat/quant_lit/ton_near_iid_v2/qat_fixed_max_client0_ft_d3.tflite (56.70 KB)
   Quantization: 10/16 tensors (62.5%)
   Input: <class 'numpy.float32'>, Output: <class 'numpy.float32'>
  [ton_near_iid_v2] qat_fixed_max          client0_ft   d3 f1=0.9944 far=0.0210 missed=82/16215
/home/danielpark605/tinyml-venv/lib/python3.12/site-packages/tensorflow/lite/python/convert.py:846: UserWarning: Statistics for quantized inputs were expected, but not specified; continuing anyway.
  warnings.warn(
W0000 00:00:1791231652.009504 1036691 tf_tfl_flatbuffer_helpers.cc:364] Ignored output_format.
W0000 00:00:1791231652.009883 1036691 tf_tfl_flatbuffer_helpers.cc:367] Ignored drop_control_dependency.
I0000 00:00:1791231652.010463 1036691 reader.cc:83] Reading SavedModel from: /tmp/tmpsji53qyi
I0000 00:00:1791231652.013680 1036691 reader.cc:52] Reading meta graph with tags { serve }
I0000 00:00:1791231652.014028 1036691 reader.cc:147] Reading SavedModel debug info (if present) from: /tmp/tmpsji53qyi
I0000 00:00:1791231652.030422 1036691 loader.cc:236] Restoring SavedModel bundle.
I0000 00:00:1791231652.086864 1036691 loader.cc:220] Running initialization op on SavedModel bundle at path: /tmp/tmpsji53qyi
I0000 00:00:1791231652.098986 1036691 loader.cc:471] SavedModel load for tags { serve }; Status: success: OK. Took 88533 microseconds.
/home/danielpark605/tinyml-venv/lib/python3.12/site-packages/tensorflow/lite/python/interpreter.py:457: UserWarning:     Warning: tf.lite.Interpreter is deprecated and is scheduled for deletion in
    TF 2.20. Please use the LiteRT interpreter from the ai_edge_litert package.
    See the [migration guide](https://ai.google.dev/edge/litert/migration)
    for details.
    
  warnings.warn(_INTERPRETER_DELETION_WARNING)
   [QAT Strip] Input model type: Functional
   [QAT Strip] Input model class: tf_keras.src.engine.functional.Functional
   [QAT Strip] Creating TF.Keras Functional model with input shape: (43,)
   [QAT Strip] TF_USE_LEGACY_KERAS=1
   [QAT Strip] 4 Dense layers after BatchNorm folding
   [QAT Strip] Created model type: Functional
   [QAT Strip] Model class: tf_keras.src.engine.functional.Functional
   [QAT Strip] Total layers: 5
   [QAT Strip] Is tensorflow.keras model: False
   [QAT Strip] WARNING: Model is not tensorflow.keras! QAT may fail.
✅ Saved (QAT): data/processed/revision/2026-10-05_x2_ptq_init_qat/quant_lit/ton_near_iid_v2/qat_fixed_pct9999_client0_ft_d3.tflite (56.70 KB)
   Quantization: 10/16 tensors (62.5%)
   Input: <class 'numpy.float32'>, Output: <class 'numpy.float32'>
  [ton_near_iid_v2] qat_fixed_pct9999      client0_ft   d3 f1=0.9947 far=0.0205 missed=72/16215
/home/danielpark605/tinyml-venv/lib/python3.12/site-packages/tensorflow/lite/python/convert.py:846: UserWarning: Statistics for quantized inputs were expected, but not specified; continuing anyway.
  warnings.warn(
W0000 00:00:1791231654.383621 1036691 tf_tfl_flatbuffer_helpers.cc:364] Ignored output_format.
W0000 00:00:1791231654.384023 1036691 tf_tfl_flatbuffer_helpers.cc:367] Ignored drop_control_dependency.
I0000 00:00:1791231654.384531 1036691 reader.cc:83] Reading SavedModel from: /tmp/tmpr96xbsnv
I0000 00:00:1791231654.386603 1036691 reader.cc:52] Reading meta graph with tags { serve }
I0000 00:00:1791231654.387043 1036691 reader.cc:147] Reading SavedModel debug info (if present) from: /tmp/tmpr96xbsnv
I0000 00:00:1791231654.397713 1036691 loader.cc:236] Restoring SavedModel bundle.
I0000 00:00:1791231654.441162 1036691 loader.cc:220] Running initialization op on SavedModel bundle at path: /tmp/tmpr96xbsnv
I0000 00:00:1791231654.451539 1036691 loader.cc:471] SavedModel load for tags { serve }; Status: success: OK. Took 67015 microseconds.
/home/danielpark605/tinyml-venv/lib/python3.12/site-packages/tensorflow/lite/python/interpreter.py:457: UserWarning:     Warning: tf.lite.Interpreter is deprecated and is scheduled for deletion in
    TF 2.20. Please use the LiteRT interpreter from the ai_edge_litert package.
    See the [migration guide](https://ai.google.dev/edge/litert/migration)
    for details.
    
  warnings.warn(_INTERPRETER_DELETION_WARNING)
   [QAT Strip] Input model type: Functional
   [QAT Strip] Input model class: tf_keras.src.engine.functional.Functional
   [QAT Strip] Creating TF.Keras Functional model with input shape: (43,)
   [QAT Strip] TF_USE_LEGACY_KERAS=1
   [QAT Strip] 4 Dense layers after BatchNorm folding
   [QAT Strip] Created model type: Functional
   [QAT Strip] Model class: tf_keras.src.engine.functional.Functional
   [QAT Strip] Total layers: 5
   [QAT Strip] Is tensorflow.keras model: False
   [QAT Strip] WARNING: Model is not tensorflow.keras! QAT may fail.
✅ Saved (QAT): data/processed/revision/2026-10-05_x2_ptq_init_qat/quant_lit/ton_near_iid_v2/qat_fixed_mse_client0_ft_d3.tflite (56.70 KB)
   Quantization: 10/16 tensors (62.5%)
   Input: <class 'numpy.float32'>, Output: <class 'numpy.float32'>
  [ton_near_iid_v2] qat_fixed_mse          client0_ft   d3 f1=0.9943 far=0.0178 missed=100/16215
/home/danielpark605/tinyml-venv/lib/python3.12/site-packages/tensorflow/lite/python/convert.py:846: UserWarning: Statistics for quantized inputs were expected, but not specified; continuing anyway.
  warnings.warn(
W0000 00:00:1791231658.041986 1036691 tf_tfl_flatbuffer_helpers.cc:364] Ignored output_format.
W0000 00:00:1791231658.042406 1036691 tf_tfl_flatbuffer_helpers.cc:367] Ignored drop_control_dependency.
I0000 00:00:1791231658.042937 1036691 reader.cc:83] Reading SavedModel from: /tmp/tmpbrsxfga3
I0000 00:00:1791231658.044802 1036691 reader.cc:52] Reading meta graph with tags { serve }
I0000 00:00:1791231658.045189 1036691 reader.cc:147] Reading SavedModel debug info (if present) from: /tmp/tmpbrsxfga3
I0000 00:00:1791231658.055812 1036691 loader.cc:236] Restoring SavedModel bundle.
I0000 00:00:1791231658.108413 1036691 loader.cc:220] Running initialization op on SavedModel bundle at path: /tmp/tmpbrsxfga3
I0000 00:00:1791231658.121556 1036691 loader.cc:471] SavedModel load for tags { serve }; Status: success: OK. Took 78639 microseconds.
/home/danielpark605/tinyml-venv/lib/python3.12/site-packages/tensorflow/lite/python/interpreter.py:457: UserWarning:     Warning: tf.lite.Interpreter is deprecated and is scheduled for deletion in
    TF 2.20. Please use the LiteRT interpreter from the ai_edge_litert package.
    See the [migration guide](https://ai.google.dev/edge/litert/migration)
    for details.
    
  warnings.warn(_INTERPRETER_DELETION_WARNING)
   [QAT Strip] Input model type: Functional
   [QAT Strip] Input model class: tf_keras.src.engine.functional.Functional
   [QAT Strip] Creating TF.Keras Functional model with input shape: (43,)
   [QAT Strip] TF_USE_LEGACY_KERAS=1
   [QAT Strip] 4 Dense layers after BatchNorm folding
   [QAT Strip] Created model type: Functional
   [QAT Strip] Model class: tf_keras.src.engine.functional.Functional
   [QAT Strip] Total layers: 5
   [QAT Strip] Is tensorflow.keras model: False
   [QAT Strip] WARNING: Model is not tensorflow.keras! QAT may fail.
✅ Saved (QAT): data/processed/revision/2026-10-05_x2_ptq_init_qat/quant_lit/ton_near_iid_v2/qat_fixed_clip5_max_client0_ft_d3.tflite (56.70 KB)
   Quantization: 10/16 tensors (62.5%)
   Input: <class 'numpy.float32'>, Output: <class 'numpy.float32'>
  [ton_near_iid_v2] qat_fixed_clip5_max    client0_ft   d3 f1=0.9941 far=0.0228 missed=83/16215
/home/danielpark605/tinyml-venv/lib/python3.12/site-packages/tensorflow/lite/python/convert.py:846: UserWarning: Statistics for quantized inputs were expected, but not specified; continuing anyway.
  warnings.warn(
W0000 00:00:1791231659.559430 1036691 tf_tfl_flatbuffer_helpers.cc:364] Ignored output_format.
W0000 00:00:1791231659.559868 1036691 tf_tfl_flatbuffer_helpers.cc:367] Ignored drop_control_dependency.
I0000 00:00:1791231659.560397 1036691 reader.cc:83] Reading SavedModel from: /tmp/tmpljqb6ngs
I0000 00:00:1791231659.561305 1036691 reader.cc:52] Reading meta graph with tags { serve }
I0000 00:00:1791231659.561710 1036691 reader.cc:147] Reading SavedModel debug info (if present) from: /tmp/tmpljqb6ngs
I0000 00:00:1791231659.564741 1036691 loader.cc:236] Restoring SavedModel bundle.
I0000 00:00:1791231659.581068 1036691 loader.cc:220] Running initialization op on SavedModel bundle at path: /tmp/tmpljqb6ngs
I0000 00:00:1791231659.585494 1036691 loader.cc:471] SavedModel load for tags { serve }; Status: success: OK. Took 25112 microseconds.
fully_quantize: 0, inference_type: 6, input_inference_type: FLOAT32, output_inference_type: FLOAT32
W0000 00:00:1791231659.649564 1036691 flatbuffer_export.cc:3851] Skipping runtime version metadata in the model. This will be generated by the exporter.
/home/danielpark605/tinyml-venv/lib/python3.12/site-packages/tensorflow/lite/python/interpreter.py:457: UserWarning:     Warning: tf.lite.Interpreter is deprecated and is scheduled for deletion in
    TF 2.20. Please use the LiteRT interpreter from the ai_edge_litert package.
    See the [migration guide](https://ai.google.dev/edge/litert/migration)
    for details.
    
  warnings.warn(_INTERPRETER_DELETION_WARNING)
  [ton_near_iid_v2] ptq_tflite_max         client0_ft   d4 f1=0.9912 far=0.0178 missed=199/16215
/home/danielpark605/tinyml-venv/lib/python3.12/site-packages/tensorflow/lite/python/convert.py:846: UserWarning: Statistics for quantized inputs were expected, but not specified; continuing anyway.
  warnings.warn(
W0000 00:00:1791231663.291613 1036691 tf_tfl_flatbuffer_helpers.cc:364] Ignored output_format.
W0000 00:00:1791231663.292045 1036691 tf_tfl_flatbuffer_helpers.cc:367] Ignored drop_control_dependency.
I0000 00:00:1791231663.292576 1036691 reader.cc:83] Reading SavedModel from: /tmp/tmp16j_uo1a
I0000 00:00:1791231663.295482 1036691 reader.cc:52] Reading meta graph with tags { serve }
I0000 00:00:1791231663.295887 1036691 reader.cc:147] Reading SavedModel debug info (if present) from: /tmp/tmp16j_uo1a
I0000 00:00:1791231663.304629 1036691 loader.cc:236] Restoring SavedModel bundle.
I0000 00:00:1791231663.336616 1036691 loader.cc:220] Running initialization op on SavedModel bundle at path: /tmp/tmp16j_uo1a
I0000 00:00:1791231663.346279 1036691 loader.cc:471] SavedModel load for tags { serve }; Status: success: OK. Took 53717 microseconds.
/home/danielpark605/tinyml-venv/lib/python3.12/site-packages/tensorflow/lite/python/interpreter.py:457: UserWarning:     Warning: tf.lite.Interpreter is deprecated and is scheduled for deletion in
    TF 2.20. Please use the LiteRT interpreter from the ai_edge_litert package.
    See the [migration guide](https://ai.google.dev/edge/litert/migration)
    for details.
    
  warnings.warn(_INTERPRETER_DELETION_WARNING)
   [QAT Strip] Input model type: Functional
   [QAT Strip] Input model class: tf_keras.src.engine.functional.Functional
   [QAT Strip] Creating TF.Keras Functional model with input shape: (43,)
   [QAT Strip] TF_USE_LEGACY_KERAS=1
   [QAT Strip] 4 Dense layers after BatchNorm folding
   [QAT Strip] Created model type: Functional
   [QAT Strip] Model class: tf_keras.src.engine.functional.Functional
   [QAT Strip] Total layers: 5
   [QAT Strip] Is tensorflow.keras model: False
   [QAT Strip] WARNING: Model is not tensorflow.keras! QAT may fail.
✅ Saved (QAT): data/processed/revision/2026-10-05_x2_ptq_init_qat/quant_lit/ton_near_iid_v2/ptq_fq_max_client0_ft_d4.tflite (56.70 KB)
   Quantization: 10/16 tensors (62.5%)
   Input: <class 'numpy.float32'>, Output: <class 'numpy.float32'>
  [ton_near_iid_v2] ptq_fq_max             client0_ft   d4 f1=0.8981 far=0.1350 missed=2469/16215
/home/danielpark605/tinyml-venv/lib/python3.12/site-packages/tensorflow/lite/python/convert.py:846: UserWarning: Statistics for quantized inputs were expected, but not specified; continuing anyway.
  warnings.warn(
W0000 00:00:1791231664.499727 1036691 tf_tfl_flatbuffer_helpers.cc:364] Ignored output_format.
W0000 00:00:1791231664.500088 1036691 tf_tfl_flatbuffer_helpers.cc:367] Ignored drop_control_dependency.
I0000 00:00:1791231664.500556 1036691 reader.cc:83] Reading SavedModel from: /tmp/tmp5s8awoce
I0000 00:00:1791231664.502410 1036691 reader.cc:52] Reading meta graph with tags { serve }
I0000 00:00:1791231664.502814 1036691 reader.cc:147] Reading SavedModel debug info (if present) from: /tmp/tmp5s8awoce
I0000 00:00:1791231664.513056 1036691 loader.cc:236] Restoring SavedModel bundle.
I0000 00:00:1791231664.540336 1036691 loader.cc:220] Running initialization op on SavedModel bundle at path: /tmp/tmp5s8awoce
I0000 00:00:1791231664.548950 1036691 loader.cc:471] SavedModel load for tags { serve }; Status: success: OK. Took 48401 microseconds.
/home/danielpark605/tinyml-venv/lib/python3.12/site-packages/tensorflow/lite/python/interpreter.py:457: UserWarning:     Warning: tf.lite.Interpreter is deprecated and is scheduled for deletion in
    TF 2.20. Please use the LiteRT interpreter from the ai_edge_litert package.
    See the [migration guide](https://ai.google.dev/edge/litert/migration)
    for details.
    
  warnings.warn(_INTERPRETER_DELETION_WARNING)
   [QAT Strip] Input model type: Functional
   [QAT Strip] Input model class: tf_keras.src.engine.functional.Functional
   [QAT Strip] Creating TF.Keras Functional model with input shape: (43,)
   [QAT Strip] TF_USE_LEGACY_KERAS=1
   [QAT Strip] 4 Dense layers after BatchNorm folding
   [QAT Strip] Created model type: Functional
   [QAT Strip] Model class: tf_keras.src.engine.functional.Functional
   [QAT Strip] Total layers: 5
   [QAT Strip] Is tensorflow.keras model: False
   [QAT Strip] WARNING: Model is not tensorflow.keras! QAT may fail.
✅ Saved (QAT): data/processed/revision/2026-10-05_x2_ptq_init_qat/quant_lit/ton_near_iid_v2/ptq_fq_pct9999_client0_ft_d4.tflite (56.70 KB)
   Quantization: 10/16 tensors (62.5%)
   Input: <class 'numpy.float32'>, Output: <class 'numpy.float32'>
  [ton_near_iid_v2] ptq_fq_pct9999         client0_ft   d4 f1=0.9612 far=0.0172 missed=1133/16215
/home/danielpark605/tinyml-venv/lib/python3.12/site-packages/tensorflow/lite/python/convert.py:846: UserWarning: Statistics for quantized inputs were expected, but not specified; continuing anyway.
  warnings.warn(
W0000 00:00:1791231665.638431 1036691 tf_tfl_flatbuffer_helpers.cc:364] Ignored output_format.
W0000 00:00:1791231665.638851 1036691 tf_tfl_flatbuffer_helpers.cc:367] Ignored drop_control_dependency.
I0000 00:00:1791231665.639316 1036691 reader.cc:83] Reading SavedModel from: /tmp/tmpoftyyqcj
I0000 00:00:1791231665.641034 1036691 reader.cc:52] Reading meta graph with tags { serve }
I0000 00:00:1791231665.641432 1036691 reader.cc:147] Reading SavedModel debug info (if present) from: /tmp/tmpoftyyqcj
I0000 00:00:1791231665.653090 1036691 loader.cc:236] Restoring SavedModel bundle.
I0000 00:00:1791231665.683486 1036691 loader.cc:220] Running initialization op on SavedModel bundle at path: /tmp/tmpoftyyqcj
I0000 00:00:1791231665.695866 1036691 loader.cc:471] SavedModel load for tags { serve }; Status: success: OK. Took 56559 microseconds.
/home/danielpark605/tinyml-venv/lib/python3.12/site-packages/tensorflow/lite/python/interpreter.py:457: UserWarning:     Warning: tf.lite.Interpreter is deprecated and is scheduled for deletion in
    TF 2.20. Please use the LiteRT interpreter from the ai_edge_litert package.
    See the [migration guide](https://ai.google.dev/edge/litert/migration)
    for details.
    
  warnings.warn(_INTERPRETER_DELETION_WARNING)
   [QAT Strip] Input model type: Functional
   [QAT Strip] Input model class: tf_keras.src.engine.functional.Functional
   [QAT Strip] Creating TF.Keras Functional model with input shape: (43,)
   [QAT Strip] TF_USE_LEGACY_KERAS=1
   [QAT Strip] 4 Dense layers after BatchNorm folding
   [QAT Strip] Created model type: Functional
   [QAT Strip] Model class: tf_keras.src.engine.functional.Functional
   [QAT Strip] Total layers: 5
   [QAT Strip] Is tensorflow.keras model: False
   [QAT Strip] WARNING: Model is not tensorflow.keras! QAT may fail.
✅ Saved (QAT): data/processed/revision/2026-10-05_x2_ptq_init_qat/quant_lit/ton_near_iid_v2/ptq_fq_mse_client0_ft_d4.tflite (56.70 KB)
   Quantization: 10/16 tensors (62.5%)
   Input: <class 'numpy.float32'>, Output: <class 'numpy.float32'>
  [ton_near_iid_v2] ptq_fq_mse             client0_ft   d4 f1=0.9053 far=0.1354 missed=2265/16215
/home/danielpark605/tinyml-venv/lib/python3.12/site-packages/tensorflow/lite/python/convert.py:846: UserWarning: Statistics for quantized inputs were expected, but not specified; continuing anyway.
  warnings.warn(
W0000 00:00:1791231666.821742 1036691 tf_tfl_flatbuffer_helpers.cc:364] Ignored output_format.
W0000 00:00:1791231666.822152 1036691 tf_tfl_flatbuffer_helpers.cc:367] Ignored drop_control_dependency.
I0000 00:00:1791231666.822607 1036691 reader.cc:83] Reading SavedModel from: /tmp/tmp0pnrqw73
I0000 00:00:1791231666.824866 1036691 reader.cc:52] Reading meta graph with tags { serve }
I0000 00:00:1791231666.825257 1036691 reader.cc:147] Reading SavedModel debug info (if present) from: /tmp/tmp0pnrqw73
I0000 00:00:1791231666.833239 1036691 loader.cc:236] Restoring SavedModel bundle.
I0000 00:00:1791231666.862161 1036691 loader.cc:220] Running initialization op on SavedModel bundle at path: /tmp/tmp0pnrqw73
I0000 00:00:1791231666.874650 1036691 loader.cc:471] SavedModel load for tags { serve }; Status: success: OK. Took 52053 microseconds.
/home/danielpark605/tinyml-venv/lib/python3.12/site-packages/tensorflow/lite/python/interpreter.py:457: UserWarning:     Warning: tf.lite.Interpreter is deprecated and is scheduled for deletion in
    TF 2.20. Please use the LiteRT interpreter from the ai_edge_litert package.
    See the [migration guide](https://ai.google.dev/edge/litert/migration)
    for details.
    
  warnings.warn(_INTERPRETER_DELETION_WARNING)
   [QAT Strip] Input model type: Functional
   [QAT Strip] Input model class: tf_keras.src.engine.functional.Functional
   [QAT Strip] Creating TF.Keras Functional model with input shape: (43,)
   [QAT Strip] TF_USE_LEGACY_KERAS=1
   [QAT Strip] 4 Dense layers after BatchNorm folding
   [QAT Strip] Created model type: Functional
   [QAT Strip] Model class: tf_keras.src.engine.functional.Functional
   [QAT Strip] Total layers: 5
   [QAT Strip] Is tensorflow.keras model: False
   [QAT Strip] WARNING: Model is not tensorflow.keras! QAT may fail.
✅ Saved (QAT): data/processed/revision/2026-10-05_x2_ptq_init_qat/quant_lit/ton_near_iid_v2/ptq_fq_kl_client0_ft_d4.tflite (56.70 KB)
   Quantization: 10/16 tensors (62.5%)
   Input: <class 'numpy.float32'>, Output: <class 'numpy.float32'>
  [ton_near_iid_v2] ptq_fq_kl              client0_ft   d4 f1=0.9941 far=0.0178 missed=104/16215
/home/danielpark605/tinyml-venv/lib/python3.12/site-packages/tensorflow/lite/python/convert.py:846: UserWarning: Statistics for quantized inputs were expected, but not specified; continuing anyway.
  warnings.warn(
W0000 00:00:1791231667.995310 1036691 tf_tfl_flatbuffer_helpers.cc:364] Ignored output_format.
W0000 00:00:1791231667.995687 1036691 tf_tfl_flatbuffer_helpers.cc:367] Ignored drop_control_dependency.
I0000 00:00:1791231667.996171 1036691 reader.cc:83] Reading SavedModel from: /tmp/tmp7v5mo9na
I0000 00:00:1791231667.997332 1036691 reader.cc:52] Reading meta graph with tags { serve }
I0000 00:00:1791231667.997711 1036691 reader.cc:147] Reading SavedModel debug info (if present) from: /tmp/tmp7v5mo9na
I0000 00:00:1791231668.005436 1036691 loader.cc:236] Restoring SavedModel bundle.
I0000 00:00:1791231668.043655 1036691 loader.cc:220] Running initialization op on SavedModel bundle at path: /tmp/tmp7v5mo9na
I0000 00:00:1791231668.051357 1036691 loader.cc:471] SavedModel load for tags { serve }; Status: success: OK. Took 55194 microseconds.
/home/danielpark605/tinyml-venv/lib/python3.12/site-packages/tensorflow/lite/python/interpreter.py:457: UserWarning:     Warning: tf.lite.Interpreter is deprecated and is scheduled for deletion in
    TF 2.20. Please use the LiteRT interpreter from the ai_edge_litert package.
    See the [migration guide](https://ai.google.dev/edge/litert/migration)
    for details.
    
  warnings.warn(_INTERPRETER_DELETION_WARNING)
   [QAT Strip] Input model type: Functional
   [QAT Strip] Input model class: tf_keras.src.engine.functional.Functional
   [QAT Strip] Creating TF.Keras Functional model with input shape: (43,)
   [QAT Strip] TF_USE_LEGACY_KERAS=1
   [QAT Strip] 4 Dense layers after BatchNorm folding
   [QAT Strip] Created model type: Functional
   [QAT Strip] Model class: tf_keras.src.engine.functional.Functional
   [QAT Strip] Total layers: 5
   [QAT Strip] Is tensorflow.keras model: False
   [QAT Strip] WARNING: Model is not tensorflow.keras! QAT may fail.
✅ Saved (QAT): data/processed/revision/2026-10-05_x2_ptq_init_qat/quant_lit/ton_near_iid_v2/ptq_fq_clip5_max_client0_ft_d4.tflite (56.70 KB)
   Quantization: 10/16 tensors (62.5%)
   Input: <class 'numpy.float32'>, Output: <class 'numpy.float32'>
  [ton_near_iid_v2] ptq_fq_clip5_max       client0_ft   d4 f1=0.9939 far=0.0195 missed=105/16215
/home/danielpark605/tinyml-venv/lib/python3.12/site-packages/tensorflow/lite/python/convert.py:846: UserWarning: Statistics for quantized inputs were expected, but not specified; continuing anyway.
  warnings.warn(
W0000 00:00:1791231671.170807 1036691 tf_tfl_flatbuffer_helpers.cc:364] Ignored output_format.
W0000 00:00:1791231671.171201 1036691 tf_tfl_flatbuffer_helpers.cc:367] Ignored drop_control_dependency.
I0000 00:00:1791231671.171655 1036691 reader.cc:83] Reading SavedModel from: /tmp/tmp_89lksxv
I0000 00:00:1791231671.174641 1036691 reader.cc:52] Reading meta graph with tags { serve }
I0000 00:00:1791231671.175062 1036691 reader.cc:147] Reading SavedModel debug info (if present) from: /tmp/tmp_89lksxv
I0000 00:00:1791231671.188928 1036691 loader.cc:236] Restoring SavedModel bundle.
I0000 00:00:1791231671.242978 1036691 loader.cc:220] Running initialization op on SavedModel bundle at path: /tmp/tmp_89lksxv
I0000 00:00:1791231671.257331 1036691 loader.cc:471] SavedModel load for tags { serve }; Status: success: OK. Took 85691 microseconds.
/home/danielpark605/tinyml-venv/lib/python3.12/site-packages/tensorflow/lite/python/interpreter.py:457: UserWarning:     Warning: tf.lite.Interpreter is deprecated and is scheduled for deletion in
    TF 2.20. Please use the LiteRT interpreter from the ai_edge_litert package.
    See the [migration guide](https://ai.google.dev/edge/litert/migration)
    for details.
    
  warnings.warn(_INTERPRETER_DELETION_WARNING)
   [QAT Strip] Input model type: Functional
   [QAT Strip] Input model class: tf_keras.src.engine.functional.Functional
   [QAT Strip] Creating TF.Keras Functional model with input shape: (43,)
   [QAT Strip] TF_USE_LEGACY_KERAS=1
   [QAT Strip] 4 Dense layers after BatchNorm folding
   [QAT Strip] Created model type: Functional
   [QAT Strip] Model class: tf_keras.src.engine.functional.Functional
   [QAT Strip] Total layers: 5
   [QAT Strip] Is tensorflow.keras model: False
   [QAT Strip] WARNING: Model is not tensorflow.keras! QAT may fail.
✅ Saved (QAT): data/processed/revision/2026-10-05_x2_ptq_init_qat/quant_lit/ton_near_iid_v2/qat_default_client0_ft_d4.tflite (56.70 KB)
   Quantization: 10/16 tensors (62.5%)
   Input: <class 'numpy.float32'>, Output: <class 'numpy.float32'>
  [ton_near_iid_v2] qat_default            client0_ft   d4 f1=0.9879 far=0.0295 missed=249/16215
/home/danielpark605/tinyml-venv/lib/python3.12/site-packages/tensorflow/lite/python/convert.py:846: UserWarning: Statistics for quantized inputs were expected, but not specified; continuing anyway.
  warnings.warn(
W0000 00:00:1791231673.651617 1036691 tf_tfl_flatbuffer_helpers.cc:364] Ignored output_format.
W0000 00:00:1791231673.652056 1036691 tf_tfl_flatbuffer_helpers.cc:367] Ignored drop_control_dependency.
I0000 00:00:1791231673.652605 1036691 reader.cc:83] Reading SavedModel from: /tmp/tmpsodqrj8_
I0000 00:00:1791231673.654534 1036691 reader.cc:52] Reading meta graph with tags { serve }
I0000 00:00:1791231673.654929 1036691 reader.cc:147] Reading SavedModel debug info (if present) from: /tmp/tmpsodqrj8_
I0000 00:00:1791231673.669317 1036691 loader.cc:236] Restoring SavedModel bundle.
I0000 00:00:1791231673.712974 1036691 loader.cc:220] Running initialization op on SavedModel bundle at path: /tmp/tmpsodqrj8_
I0000 00:00:1791231673.727908 1036691 loader.cc:471] SavedModel load for tags { serve }; Status: success: OK. Took 75318 microseconds.
/home/danielpark605/tinyml-venv/lib/python3.12/site-packages/tensorflow/lite/python/interpreter.py:457: UserWarning:     Warning: tf.lite.Interpreter is deprecated and is scheduled for deletion in
    TF 2.20. Please use the LiteRT interpreter from the ai_edge_litert package.
    See the [migration guide](https://ai.google.dev/edge/litert/migration)
    for details.
    
  warnings.warn(_INTERPRETER_DELETION_WARNING)
   [QAT Strip] Input model type: Functional
   [QAT Strip] Input model class: tf_keras.src.engine.functional.Functional
   [QAT Strip] Creating TF.Keras Functional model with input shape: (43,)
   [QAT Strip] TF_USE_LEGACY_KERAS=1
   [QAT Strip] 4 Dense layers after BatchNorm folding
   [QAT Strip] Created model type: Functional
   [QAT Strip] Model class: tf_keras.src.engine.functional.Functional
   [QAT Strip] Total layers: 5
   [QAT Strip] Is tensorflow.keras model: False
   [QAT Strip] WARNING: Model is not tensorflow.keras! QAT may fail.
✅ Saved (QAT): data/processed/revision/2026-10-05_x2_ptq_init_qat/quant_lit/ton_near_iid_v2/qat_init_max_client0_ft_d4.tflite (56.70 KB)
   Quantization: 10/16 tensors (62.5%)
   Input: <class 'numpy.float32'>, Output: <class 'numpy.float32'>
  [ton_near_iid_v2] qat_init_max           client0_ft   d4 f1=0.9876 far=0.0284 missed=263/16215
/home/danielpark605/tinyml-venv/lib/python3.12/site-packages/tensorflow/lite/python/convert.py:846: UserWarning: Statistics for quantized inputs were expected, but not specified; continuing anyway.
  warnings.warn(
W0000 00:00:1791231674.237802 1036691 tf_tfl_flatbuffer_helpers.cc:364] Ignored output_format.
W0000 00:00:1791231674.238191 1036691 tf_tfl_flatbuffer_helpers.cc:367] Ignored drop_control_dependency.
I0000 00:00:1791231674.238666 1036691 reader.cc:83] Reading SavedModel from: /tmp/tmpjd8_xc0a
I0000 00:00:1791231674.240749 1036691 reader.cc:52] Reading meta graph with tags { serve }
I0000 00:00:1791231674.241120 1036691 reader.cc:147] Reading SavedModel debug info (if present) from: /tmp/tmpjd8_xc0a
I0000 00:00:1791231674.250824 1036691 loader.cc:236] Restoring SavedModel bundle.
I0000 00:00:1791231674.300508 1036691 loader.cc:220] Running initialization op on SavedModel bundle at path: /tmp/tmpjd8_xc0a
I0000 00:00:1791231674.313248 1036691 loader.cc:471] SavedModel load for tags { serve }; Status: success: OK. Took 74593 microseconds.
/home/danielpark605/tinyml-venv/lib/python3.12/site-packages/tensorflow/lite/python/interpreter.py:457: UserWarning:     Warning: tf.lite.Interpreter is deprecated and is scheduled for deletion in
    TF 2.20. Please use the LiteRT interpreter from the ai_edge_litert package.
    See the [migration guide](https://ai.google.dev/edge/litert/migration)
    for details.
    
  warnings.warn(_INTERPRETER_DELETION_WARNING)
   [QAT Strip] Input model type: Functional
   [QAT Strip] Input model class: tf_keras.src.engine.functional.Functional
   [QAT Strip] Creating TF.Keras Functional model with input shape: (43,)
   [QAT Strip] TF_USE_LEGACY_KERAS=1
   [QAT Strip] 4 Dense layers after BatchNorm folding
   [QAT Strip] Created model type: Functional
   [QAT Strip] Model class: tf_keras.src.engine.functional.Functional
   [QAT Strip] Total layers: 5
   [QAT Strip] Is tensorflow.keras model: False
   [QAT Strip] WARNING: Model is not tensorflow.keras! QAT may fail.
✅ Saved (QAT): data/processed/revision/2026-10-05_x2_ptq_init_qat/quant_lit/ton_near_iid_v2/qat_init_pct9999_client0_ft_d4.tflite (56.70 KB)
   Quantization: 10/16 tensors (62.5%)
   Input: <class 'numpy.float32'>, Output: <class 'numpy.float32'>
  [ton_near_iid_v2] qat_init_pct9999       client0_ft   d4 f1=0.9874 far=0.0295 missed=266/16215
/home/danielpark605/tinyml-venv/lib/python3.12/site-packages/tensorflow/lite/python/convert.py:846: UserWarning: Statistics for quantized inputs were expected, but not specified; continuing anyway.
  warnings.warn(
W0000 00:00:1791231676.579972 1036691 tf_tfl_flatbuffer_helpers.cc:364] Ignored output_format.
W0000 00:00:1791231676.580410 1036691 tf_tfl_flatbuffer_helpers.cc:367] Ignored drop_control_dependency.
I0000 00:00:1791231676.580867 1036691 reader.cc:83] Reading SavedModel from: /tmp/tmpjv4n88zw
I0000 00:00:1791231676.582801 1036691 reader.cc:52] Reading meta graph with tags { serve }
I0000 00:00:1791231676.583155 1036691 reader.cc:147] Reading SavedModel debug info (if present) from: /tmp/tmpjv4n88zw
I0000 00:00:1791231676.593867 1036691 loader.cc:236] Restoring SavedModel bundle.
I0000 00:00:1791231676.649501 1036691 loader.cc:220] Running initialization op on SavedModel bundle at path: /tmp/tmpjv4n88zw
I0000 00:00:1791231676.661772 1036691 loader.cc:471] SavedModel load for tags { serve }; Status: success: OK. Took 80916 microseconds.
/home/danielpark605/tinyml-venv/lib/python3.12/site-packages/tensorflow/lite/python/interpreter.py:457: UserWarning:     Warning: tf.lite.Interpreter is deprecated and is scheduled for deletion in
    TF 2.20. Please use the LiteRT interpreter from the ai_edge_litert package.
    See the [migration guide](https://ai.google.dev/edge/litert/migration)
    for details.
    
  warnings.warn(_INTERPRETER_DELETION_WARNING)
   [QAT Strip] Input model type: Functional
   [QAT Strip] Input model class: tf_keras.src.engine.functional.Functional
   [QAT Strip] Creating TF.Keras Functional model with input shape: (43,)
   [QAT Strip] TF_USE_LEGACY_KERAS=1
   [QAT Strip] 4 Dense layers after BatchNorm folding
   [QAT Strip] Created model type: Functional
   [QAT Strip] Model class: tf_keras.src.engine.functional.Functional
   [QAT Strip] Total layers: 5
   [QAT Strip] Is tensorflow.keras model: False
   [QAT Strip] WARNING: Model is not tensorflow.keras! QAT may fail.
✅ Saved (QAT): data/processed/revision/2026-10-05_x2_ptq_init_qat/quant_lit/ton_near_iid_v2/qat_init_mse_client0_ft_d4.tflite (56.70 KB)
   Quantization: 10/16 tensors (62.5%)
   Input: <class 'numpy.float32'>, Output: <class 'numpy.float32'>
  [ton_near_iid_v2] qat_init_mse           client0_ft   d4 f1=0.9880 far=0.0278 missed=255/16215
/home/danielpark605/tinyml-venv/lib/python3.12/site-packages/tensorflow/lite/python/convert.py:846: UserWarning: Statistics for quantized inputs were expected, but not specified; continuing anyway.
  warnings.warn(
W0000 00:00:1791231678.914962 1036691 tf_tfl_flatbuffer_helpers.cc:364] Ignored output_format.
W0000 00:00:1791231678.915414 1036691 tf_tfl_flatbuffer_helpers.cc:367] Ignored drop_control_dependency.
I0000 00:00:1791231678.916174 1036691 reader.cc:83] Reading SavedModel from: /tmp/tmp884bpb4g
I0000 00:00:1791231678.919059 1036691 reader.cc:52] Reading meta graph with tags { serve }
I0000 00:00:1791231678.919479 1036691 reader.cc:147] Reading SavedModel debug info (if present) from: /tmp/tmp884bpb4g
I0000 00:00:1791231678.932973 1036691 loader.cc:236] Restoring SavedModel bundle.
I0000 00:00:1791231678.984380 1036691 loader.cc:220] Running initialization op on SavedModel bundle at path: /tmp/tmp884bpb4g
I0000 00:00:1791231678.994834 1036691 loader.cc:471] SavedModel load for tags { serve }; Status: success: OK. Took 78671 microseconds.
/home/danielpark605/tinyml-venv/lib/python3.12/site-packages/tensorflow/lite/python/interpreter.py:457: UserWarning:     Warning: tf.lite.Interpreter is deprecated and is scheduled for deletion in
    TF 2.20. Please use the LiteRT interpreter from the ai_edge_litert package.
    See the [migration guide](https://ai.google.dev/edge/litert/migration)
    for details.
    
  warnings.warn(_INTERPRETER_DELETION_WARNING)
   [QAT Strip] Input model type: Functional
   [QAT Strip] Input model class: tf_keras.src.engine.functional.Functional
   [QAT Strip] Creating TF.Keras Functional model with input shape: (43,)
   [QAT Strip] TF_USE_LEGACY_KERAS=1
   [QAT Strip] 4 Dense layers after BatchNorm folding
   [QAT Strip] Created model type: Functional
   [QAT Strip] Model class: tf_keras.src.engine.functional.Functional
   [QAT Strip] Total layers: 5
   [QAT Strip] Is tensorflow.keras model: False
   [QAT Strip] WARNING: Model is not tensorflow.keras! QAT may fail.
✅ Saved (QAT): data/processed/revision/2026-10-05_x2_ptq_init_qat/quant_lit/ton_near_iid_v2/qat_init_kl_client0_ft_d4.tflite (56.70 KB)
   Quantization: 10/16 tensors (62.5%)
   Input: <class 'numpy.float32'>, Output: <class 'numpy.float32'>
  [ton_near_iid_v2] qat_init_kl            client0_ft   d4 f1=0.9876 far=0.0280 missed=265/16215
/home/danielpark605/tinyml-venv/lib/python3.12/site-packages/tensorflow/lite/python/convert.py:846: UserWarning: Statistics for quantized inputs were expected, but not specified; continuing anyway.
  warnings.warn(
W0000 00:00:1791231681.281121 1036691 tf_tfl_flatbuffer_helpers.cc:364] Ignored output_format.
W0000 00:00:1791231681.281514 1036691 tf_tfl_flatbuffer_helpers.cc:367] Ignored drop_control_dependency.
I0000 00:00:1791231681.282057 1036691 reader.cc:83] Reading SavedModel from: /tmp/tmp5als_opx
I0000 00:00:1791231681.284472 1036691 reader.cc:52] Reading meta graph with tags { serve }
I0000 00:00:1791231681.284860 1036691 reader.cc:147] Reading SavedModel debug info (if present) from: /tmp/tmp5als_opx
I0000 00:00:1791231681.297056 1036691 loader.cc:236] Restoring SavedModel bundle.
I0000 00:00:1791231681.353315 1036691 loader.cc:220] Running initialization op on SavedModel bundle at path: /tmp/tmp5als_opx
I0000 00:00:1791231681.369369 1036691 loader.cc:471] SavedModel load for tags { serve }; Status: success: OK. Took 87320 microseconds.
/home/danielpark605/tinyml-venv/lib/python3.12/site-packages/tensorflow/lite/python/interpreter.py:457: UserWarning:     Warning: tf.lite.Interpreter is deprecated and is scheduled for deletion in
    TF 2.20. Please use the LiteRT interpreter from the ai_edge_litert package.
    See the [migration guide](https://ai.google.dev/edge/litert/migration)
    for details.
    
  warnings.warn(_INTERPRETER_DELETION_WARNING)
   [QAT Strip] Input model type: Functional
   [QAT Strip] Input model class: tf_keras.src.engine.functional.Functional
   [QAT Strip] Creating TF.Keras Functional model with input shape: (43,)
   [QAT Strip] TF_USE_LEGACY_KERAS=1
   [QAT Strip] 4 Dense layers after BatchNorm folding
   [QAT Strip] Created model type: Functional
   [QAT Strip] Model class: tf_keras.src.engine.functional.Functional
   [QAT Strip] Total layers: 5
   [QAT Strip] Is tensorflow.keras model: False
   [QAT Strip] WARNING: Model is not tensorflow.keras! QAT may fail.
✅ Saved (QAT): data/processed/revision/2026-10-05_x2_ptq_init_qat/quant_lit/ton_near_iid_v2/qat_init_clip5_max_client0_ft_d4.tflite (56.70 KB)
   Quantization: 10/16 tensors (62.5%)
   Input: <class 'numpy.float32'>, Output: <class 'numpy.float32'>
  [ton_near_iid_v2] qat_init_clip5_max     client0_ft   d4 f1=0.9874 far=0.0301 missed=262/16215
/home/danielpark605/tinyml-venv/lib/python3.12/site-packages/tensorflow/lite/python/convert.py:846: UserWarning: Statistics for quantized inputs were expected, but not specified; continuing anyway.
  warnings.warn(
W0000 00:00:1791231684.732556 1036691 tf_tfl_flatbuffer_helpers.cc:364] Ignored output_format.
W0000 00:00:1791231684.732984 1036691 tf_tfl_flatbuffer_helpers.cc:367] Ignored drop_control_dependency.
I0000 00:00:1791231684.733483 1036691 reader.cc:83] Reading SavedModel from: /tmp/tmp9549p5k7
I0000 00:00:1791231684.735699 1036691 reader.cc:52] Reading meta graph with tags { serve }
I0000 00:00:1791231684.736074 1036691 reader.cc:147] Reading SavedModel debug info (if present) from: /tmp/tmp9549p5k7
I0000 00:00:1791231684.746279 1036691 loader.cc:236] Restoring SavedModel bundle.
I0000 00:00:1791231684.812116 1036691 loader.cc:220] Running initialization op on SavedModel bundle at path: /tmp/tmp9549p5k7
I0000 00:00:1791231684.823435 1036691 loader.cc:471] SavedModel load for tags { serve }; Status: success: OK. Took 89965 microseconds.
/home/danielpark605/tinyml-venv/lib/python3.12/site-packages/tensorflow/lite/python/interpreter.py:457: UserWarning:     Warning: tf.lite.Interpreter is deprecated and is scheduled for deletion in
    TF 2.20. Please use the LiteRT interpreter from the ai_edge_litert package.
    See the [migration guide](https://ai.google.dev/edge/litert/migration)
    for details.
    
  warnings.warn(_INTERPRETER_DELETION_WARNING)
   [QAT Strip] Input model type: Functional
   [QAT Strip] Input model class: tf_keras.src.engine.functional.Functional
   [QAT Strip] Creating TF.Keras Functional model with input shape: (43,)
   [QAT Strip] TF_USE_LEGACY_KERAS=1
   [QAT Strip] 4 Dense layers after BatchNorm folding
   [QAT Strip] Created model type: Functional
   [QAT Strip] Model class: tf_keras.src.engine.functional.Functional
   [QAT Strip] Total layers: 5
   [QAT Strip] Is tensorflow.keras model: False
   [QAT Strip] WARNING: Model is not tensorflow.keras! QAT may fail.
✅ Saved (QAT): data/processed/revision/2026-10-05_x2_ptq_init_qat/quant_lit/ton_near_iid_v2/qat_fixed_max_client0_ft_d4.tflite (56.70 KB)
   Quantization: 10/16 tensors (62.5%)
   Input: <class 'numpy.float32'>, Output: <class 'numpy.float32'>
  [ton_near_iid_v2] qat_fixed_max          client0_ft   d4 f1=0.9940 far=0.0276 missed=63/16215
/home/danielpark605/tinyml-venv/lib/python3.12/site-packages/tensorflow/lite/python/convert.py:846: UserWarning: Statistics for quantized inputs were expected, but not specified; continuing anyway.
  warnings.warn(
W0000 00:00:1791231687.193561 1036691 tf_tfl_flatbuffer_helpers.cc:364] Ignored output_format.
W0000 00:00:1791231687.193972 1036691 tf_tfl_flatbuffer_helpers.cc:367] Ignored drop_control_dependency.
I0000 00:00:1791231687.194485 1036691 reader.cc:83] Reading SavedModel from: /tmp/tmpo5k4pxx4
I0000 00:00:1791231687.196566 1036691 reader.cc:52] Reading meta graph with tags { serve }
I0000 00:00:1791231687.196917 1036691 reader.cc:147] Reading SavedModel debug info (if present) from: /tmp/tmpo5k4pxx4
I0000 00:00:1791231687.210085 1036691 loader.cc:236] Restoring SavedModel bundle.
I0000 00:00:1791231687.257952 1036691 loader.cc:220] Running initialization op on SavedModel bundle at path: /tmp/tmpo5k4pxx4
I0000 00:00:1791231687.269256 1036691 loader.cc:471] SavedModel load for tags { serve }; Status: success: OK. Took 74788 microseconds.
/home/danielpark605/tinyml-venv/lib/python3.12/site-packages/tensorflow/lite/python/interpreter.py:457: UserWarning:     Warning: tf.lite.Interpreter is deprecated and is scheduled for deletion in
    TF 2.20. Please use the LiteRT interpreter from the ai_edge_litert package.
    See the [migration guide](https://ai.google.dev/edge/litert/migration)
    for details.
    
  warnings.warn(_INTERPRETER_DELETION_WARNING)
   [QAT Strip] Input model type: Functional
   [QAT Strip] Input model class: tf_keras.src.engine.functional.Functional
   [QAT Strip] Creating TF.Keras Functional model with input shape: (43,)
   [QAT Strip] TF_USE_LEGACY_KERAS=1
   [QAT Strip] 4 Dense layers after BatchNorm folding
   [QAT Strip] Created model type: Functional
   [QAT Strip] Model class: tf_keras.src.engine.functional.Functional
   [QAT Strip] Total layers: 5
   [QAT Strip] Is tensorflow.keras model: False
   [QAT Strip] WARNING: Model is not tensorflow.keras! QAT may fail.
✅ Saved (QAT): data/processed/revision/2026-10-05_x2_ptq_init_qat/quant_lit/ton_near_iid_v2/qat_fixed_pct9999_client0_ft_d4.tflite (56.70 KB)
   Quantization: 10/16 tensors (62.5%)
   Input: <class 'numpy.float32'>, Output: <class 'numpy.float32'>
  [ton_near_iid_v2] qat_fixed_pct9999      client0_ft   d4 f1=0.9945 far=0.0247 missed=59/16215
/home/danielpark605/tinyml-venv/lib/python3.12/site-packages/tensorflow/lite/python/convert.py:846: UserWarning: Statistics for quantized inputs were expected, but not specified; continuing anyway.
  warnings.warn(
W0000 00:00:1791231689.540306 1036691 tf_tfl_flatbuffer_helpers.cc:364] Ignored output_format.
W0000 00:00:1791231689.540639 1036691 tf_tfl_flatbuffer_helpers.cc:367] Ignored drop_control_dependency.
I0000 00:00:1791231689.541063 1036691 reader.cc:83] Reading SavedModel from: /tmp/tmpof2k5gxg
I0000 00:00:1791231689.543077 1036691 reader.cc:52] Reading meta graph with tags { serve }
I0000 00:00:1791231689.543470 1036691 reader.cc:147] Reading SavedModel debug info (if present) from: /tmp/tmpof2k5gxg
I0000 00:00:1791231689.554944 1036691 loader.cc:236] Restoring SavedModel bundle.
I0000 00:00:1791231689.602376 1036691 loader.cc:220] Running initialization op on SavedModel bundle at path: /tmp/tmpof2k5gxg
I0000 00:00:1791231689.618803 1036691 loader.cc:471] SavedModel load for tags { serve }; Status: success: OK. Took 77750 microseconds.
/home/danielpark605/tinyml-venv/lib/python3.12/site-packages/tensorflow/lite/python/interpreter.py:457: UserWarning:     Warning: tf.lite.Interpreter is deprecated and is scheduled for deletion in
    TF 2.20. Please use the LiteRT interpreter from the ai_edge_litert package.
    See the [migration guide](https://ai.google.dev/edge/litert/migration)
    for details.
    
  warnings.warn(_INTERPRETER_DELETION_WARNING)
   [QAT Strip] Input model type: Functional
   [QAT Strip] Input model class: tf_keras.src.engine.functional.Functional
   [QAT Strip] Creating TF.Keras Functional model with input shape: (43,)
   [QAT Strip] TF_USE_LEGACY_KERAS=1
   [QAT Strip] 4 Dense layers after BatchNorm folding
   [QAT Strip] Created model type: Functional
   [QAT Strip] Model class: tf_keras.src.engine.functional.Functional
   [QAT Strip] Total layers: 5
   [QAT Strip] Is tensorflow.keras model: False
   [QAT Strip] WARNING: Model is not tensorflow.keras! QAT may fail.
✅ Saved (QAT): data/processed/revision/2026-10-05_x2_ptq_init_qat/quant_lit/ton_near_iid_v2/qat_fixed_mse_client0_ft_d4.tflite (56.70 KB)
   Quantization: 10/16 tensors (62.5%)
   Input: <class 'numpy.float32'>, Output: <class 'numpy.float32'>
  [ton_near_iid_v2] qat_fixed_mse          client0_ft   d4 f1=0.9947 far=0.0234 missed=59/16215
/home/danielpark605/tinyml-venv/lib/python3.12/site-packages/tensorflow/lite/python/convert.py:846: UserWarning: Statistics for quantized inputs were expected, but not specified; continuing anyway.
  warnings.warn(
W0000 00:00:1791231691.931765 1036691 tf_tfl_flatbuffer_helpers.cc:364] Ignored output_format.
W0000 00:00:1791231691.932152 1036691 tf_tfl_flatbuffer_helpers.cc:367] Ignored drop_control_dependency.
I0000 00:00:1791231691.932593 1036691 reader.cc:83] Reading SavedModel from: /tmp/tmp52wr47r3
I0000 00:00:1791231691.934357 1036691 reader.cc:52] Reading meta graph with tags { serve }
I0000 00:00:1791231691.934699 1036691 reader.cc:147] Reading SavedModel debug info (if present) from: /tmp/tmp52wr47r3
I0000 00:00:1791231691.945358 1036691 loader.cc:236] Restoring SavedModel bundle.
I0000 00:00:1791231691.997674 1036691 loader.cc:220] Running initialization op on SavedModel bundle at path: /tmp/tmp52wr47r3
I0000 00:00:1791231692.012894 1036691 loader.cc:471] SavedModel load for tags { serve }; Status: success: OK. Took 80311 microseconds.
/home/danielpark605/tinyml-venv/lib/python3.12/site-packages/tensorflow/lite/python/interpreter.py:457: UserWarning:     Warning: tf.lite.Interpreter is deprecated and is scheduled for deletion in
    TF 2.20. Please use the LiteRT interpreter from the ai_edge_litert package.
    See the [migration guide](https://ai.google.dev/edge/litert/migration)
    for details.
    
  warnings.warn(_INTERPRETER_DELETION_WARNING)
   [QAT Strip] Input model type: Functional
   [QAT Strip] Input model class: tf_keras.src.engine.functional.Functional
   [QAT Strip] Creating TF.Keras Functional model with input shape: (43,)
   [QAT Strip] TF_USE_LEGACY_KERAS=1
   [QAT Strip] 4 Dense layers after BatchNorm folding
   [QAT Strip] Created model type: Functional
   [QAT Strip] Model class: tf_keras.src.engine.functional.Functional
   [QAT Strip] Total layers: 5
   [QAT Strip] Is tensorflow.keras model: False
   [QAT Strip] WARNING: Model is not tensorflow.keras! QAT may fail.
✅ Saved (QAT): data/processed/revision/2026-10-05_x2_ptq_init_qat/quant_lit/ton_near_iid_v2/qat_fixed_clip5_max_client0_ft_d4.tflite (56.70 KB)
   Quantization: 10/16 tensors (62.5%)
   Input: <class 'numpy.float32'>, Output: <class 'numpy.float32'>
  [ton_near_iid_v2] qat_fixed_clip5_max    client0_ft   d4 f1=0.9916 far=0.0429 missed=66/16215
✅ saved to data/processed/revision/2026-10-05_x2_ptq_init_qat/quant_lit
