{
  "version": "v20",
  "data_version": "cicids2017_max2000k_bal4.0",
  "generated_at": "2026-02-17T11:10:52.384140",
  "results": [
    {
      "stage": "Original",
      "model_path": "models/tflite/saved_model_original.tflite",
      "file_size_bytes": 821632,
      "file_size_mb": 0.7835693359375,
      "parameter_count": 205777,
      "accuracy": 0.9063596811933314,
      "precision": 0.6551320044621226,
      "recall": 0.9977861678393685,
      "f1_score": 0.7909425440595306,
      "precision_normal": 0.9994613261398798,
      "recall_normal": 0.8866251287256347,
      "avg_latency_ms": 2.2125244140625,
      "min_latency_ms": 2.1483898162841797,
      "max_latency_ms": 2.587556838989258,
      "samples_per_second": 45197.24137931034,
      "compression_ratio": 1.0
    },
    {
      "stage": "QAT+Prune only",
      "model_path": "models/tflite/saved_model_qat_pruned_float32.tflite",
      "file_size_bytes": 248228,
      "file_size_mb": 0.23672866821289062,
      "parameter_count": 61969,
      "accuracy": 0.5324412596275714,
      "precision": 0.2740319793387645,
      "recall": 0.990578342200103,
      "f1_score": 0.42930243282039077,
      "precision_normal": 0.9953311562404327,
      "recall_normal": 0.43355164213162245,
      "avg_latency_ms": 0.8466958999633789,
      "min_latency_ms": 0.7519721984863281,
      "max_latency_ms": 0.9374618530273438,
      "samples_per_second": 118106.15830822516,
      "compression_ratio": 3.3099892034742253
    },
    {
      "stage": "Compressed (PTQ)",
      "model_path": "models/tflite/saved_model_pruned_quantized.tflite",
      "file_size_bytes": 70920,
      "file_size_mb": 0.06763458251953125,
      "parameter_count": 61969,
      "accuracy": 0.5331602807838549,
      "precision": 0.2743393536121673,
      "recall": 0.990578342200103,
      "f1_score": 0.4296795325120036,
      "precision_normal": 0.9953405078761542,
      "recall_normal": 0.4344258651473955,
      "avg_latency_ms": 0.5495786666870117,
      "min_latency_ms": 0.5412101745605469,
      "max_latency_ms": 0.5950927734375,
      "samples_per_second": 181957.5723395948,
      "compression_ratio": 11.585335589396504
    },
    {
      "stage": "QAT+PTQ",
      "model_path": "models/tflite/saved_model_qat_ptq.tflite",
      "file_size_bytes": 70904,
      "file_size_mb": 0.06761932373046875,
      "parameter_count": 61969,
      "accuracy": 0.5331602807838549,
      "precision": 0.2743393536121673,
      "recall": 0.990578342200103,
      "f1_score": 0.4296795325120036,
      "precision_normal": 0.9953405078761542,
      "recall_normal": 0.4344258651473955,
      "avg_latency_ms": 0.5451679229736328,
      "min_latency_ms": 0.5333423614501953,
      "max_latency_ms": 0.5886554718017578,
      "samples_per_second": 183429.72098311904,
      "compression_ratio": 11.587949904095678
    },
    {
      "stage": "noQAT+PTQ",
      "model_path": "models/tflite/saved_model_no_qat_ptq.tflite",
      "file_size_bytes": 70920,
      "file_size_mb": 0.06763458251953125,
      "parameter_count": 61969,
      "accuracy": 0.8224688017938968,
      "precision": 0.0,
      "recall": 0.0,
      "f1_score": 0.0,
      "precision_normal": 0.8224688017938968,
      "recall_normal": 1.0,
      "avg_latency_ms": 0.5111217498779297,
      "min_latency_ms": 0.4711151123046875,
      "max_latency_ms": 0.5612373352050781,
      "samples_per_second": 195648.10150200577,
      "compression_ratio": 11.585335589396504
    }
  ]
}