{
  "version": "v23",
  "data_version": "cicids2017_max2000k_bal4.0",
  "generated_at": "2026-02-24T10:16:02.412129",
  "results": [
    {
      "stage": "Baseline",
      "model_path": "models/tflite/saved_model_original.tflite",
      "file_size_bytes": 817528,
      "file_size_mb": 0.7796554565429688,
      "parameter_count": 204880,
      "accuracy": 0.18876742712294042,
      "precision": 0.17869523038612925,
      "recall": 0.9926033979749442,
      "f1_score": 0.3028663887899797,
      "precision_normal": 0.9052747252747253,
      "recall_normal": 0.015258155093089934,
      "avg_latency_ms": 1.8955707550048828,
      "min_latency_ms": 1.8744468688964844,
      "max_latency_ms": 1.947164535522461,
      "samples_per_second": 52754.55940432169,
      "compression_ratio": 1.0
    },
    {
      "stage": "Traditional+PTQ",
      "model_path": "models/tflite/saved_model_no_qat_ptq.tflite",
      "file_size_bytes": 70856,
      "file_size_mb": 0.06757354736328125,
      "parameter_count": 61969,
      "accuracy": 0.2203982645997855,
      "precision": 0.18548227939163595,
      "recall": 1.0,
      "f1_score": 0.31292290507593495,
      "precision_normal": 1.0,
      "recall_normal": 0.05211999081324967,
      "avg_latency_ms": 0.4857301712036133,
      "min_latency_ms": 0.47707557678222656,
      "max_latency_ms": 0.5278587341308594,
      "samples_per_second": 205875.61969273057,
      "compression_ratio": 11.537879643220052
    },
    {
      "stage": "Traditional+QAT",
      "model_path": "models/tflite/saved_model_traditional_qat.tflite",
      "file_size_bytes": 66600,
      "file_size_mb": 0.06351470947265625,
      "parameter_count": 62048,
      "accuracy": 0.9644450131617432,
      "precision": 0.8671257051019443,
      "recall": 0.9444482581088038,
      "f1_score": 0.9041368206611027,
      "precision_normal": 0.9877737405479721,
      "recall_normal": 0.9687613445253636,
      "avg_latency_ms": 0.48210620880126953,
      "min_latency_ms": 0.47516822814941406,
      "max_latency_ms": 0.5252361297607422,
      "samples_per_second": 207423.17392809453,
      "compression_ratio": 12.275195195195195
    },
    {
      "stage": "QAT+PTQ",
      "model_path": "models/tflite/saved_model_qat_ptq.tflite",
      "file_size_bytes": 68624,
      "file_size_mb": 0.0654449462890625,
      "parameter_count": 61520,
      "accuracy": 0.17831115335868186,
      "precision": 0.17758522883232383,
      "recall": 0.9992620559464561,
      "f1_score": 0.30157554538109344,
      "precision_normal": 0.8742690058479532,
      "recall_normal": 0.0011075961089667128,
      "avg_latency_ms": 0.4749774932861328,
      "min_latency_ms": 0.4684925079345703,
      "max_latency_ms": 0.5075931549072266,
      "samples_per_second": 210536.29153699428,
      "compression_ratio": 11.913149918395897
    },
    {
      "stage": "QAT+QAT",
      "model_path": "models/tflite/saved_model_pruned_qat.tflite",
      "file_size_bytes": 66600,
      "file_size_mb": 0.06351470947265625,
      "parameter_count": 62048,
      "accuracy": 0.9619132056156771,
      "precision": 0.8742416065675644,
      "recall": 0.9174360734511756,
      "f1_score": 0.8953181654510589,
      "precision_normal": 0.98198633342694,
      "recall_normal": 0.9715136652911237,
      "avg_latency_ms": 0.48034191131591797,
      "min_latency_ms": 0.47326087951660156,
      "max_latency_ms": 0.5252361297607422,
      "samples_per_second": 208185.03995632104,
      "compression_ratio": 12.275195195195195
    }
  ]
}