{
  "version": "v20",
  "data_version": "cicids2017_max2000k_bal4.0",
  "generated_at": "2026-02-15T20:55:58.264547",
  "results": [
    {
      "stage": "Original",
      "model_path": "models/tflite/saved_model_original.tflite",
      "file_size_bytes": 821632,
      "file_size_mb": 0.7835693359375,
      "parameter_count": 205777,
      "accuracy": 0.28105501121185533,
      "precision": 0.18757581831031972,
      "recall": 0.9154968251244208,
      "f1_score": 0.3113576737765819,
      "precision_normal": 0.8876491660391996,
      "recall_normal": 0.1441097372144884,
      "avg_latency_ms": 1.9431829452514648,
      "min_latency_ms": 1.9140243530273438,
      "max_latency_ms": 2.0399093627929688,
      "samples_per_second": 51461.95845551698,
      "compression_ratio": 1.0
    },
    {
      "stage": "QAT+Prune only",
      "model_path": "models/tflite/saved_model_qat_pruned_float32.tflite",
      "file_size_bytes": 248228,
      "file_size_mb": 0.23672866821289062,
      "parameter_count": 61969,
      "accuracy": 0.9291520425075558,
      "precision": 0.8830904555599317,
      "recall": 0.6926205594645615,
      "f1_score": 0.7763436309775709,
      "precision_normal": 0.9366031671869801,
      "recall_normal": 0.9802077390962904,
      "avg_latency_ms": 0.7611751556396484,
      "min_latency_ms": 0.7498264312744141,
      "max_latency_ms": 0.8127689361572266,
      "samples_per_second": 131375.80655265303,
      "compression_ratio": 3.3099892034742253
    },
    {
      "stage": "Compressed (PTQ)",
      "model_path": "models/tflite/saved_model_pruned_quantized.tflite",
      "file_size_bytes": 70920,
      "file_size_mb": 0.06763458251953125,
      "parameter_count": 61969,
      "accuracy": 0.9280339036755386,
      "precision": 0.878041329347328,
      "recall": 0.6905440192208684,
      "f1_score": 0.7730866403450628,
      "precision_normal": 0.936146630452873,
      "recall_normal": 0.9792964727323914,
      "avg_latency_ms": 0.47762393951416016,
      "min_latency_ms": 0.47016143798828125,
      "max_latency_ms": 0.5259513854980469,
      "samples_per_second": 209369.73992911694,
      "compression_ratio": 11.585335589396504
    },
    {
      "stage": "QAT+PTQ",
      "model_path": "models/tflite/saved_model_qat_ptq.tflite",
      "file_size_bytes": 70904,
      "file_size_mb": 0.06761932373046875,
      "parameter_count": 61969,
      "accuracy": 0.9280339036755386,
      "precision": 0.878041329347328,
      "recall": 0.6905440192208684,
      "f1_score": 0.7730866403450628,
      "precision_normal": 0.936146630452873,
      "recall_normal": 0.9792964727323914,
      "avg_latency_ms": 0.5051374435424805,
      "min_latency_ms": 0.4711151123046875,
      "max_latency_ms": 0.6098747253417969,
      "samples_per_second": 197965.92249964603,
      "compression_ratio": 11.587949904095678
    },
    {
      "stage": "noQAT+PTQ",
      "model_path": "models/tflite/saved_model_no_qat_ptq.tflite",
      "file_size_bytes": 70920,
      "file_size_mb": 0.06763458251953125,
      "parameter_count": 61969,
      "accuracy": 0.8224688017938968,
      "precision": 0.0,
      "recall": 0.0,
      "f1_score": 0.0,
      "precision_normal": 0.8224688017938968,
      "recall_normal": 1.0,
      "avg_latency_ms": 0.4792928695678711,
      "min_latency_ms": 0.4706382751464844,
      "max_latency_ms": 0.5297660827636719,
      "samples_per_second": 208640.7003929762,
      "compression_ratio": 11.585335589396504
    }
  ]
}