{
  "tag": "yes_qat__distill_none__prune_none__ptq_yes",
  "fl_qat": true,
  "distillation": "none",
  "pruning": "prune_none",
  "ptq": true,
  "fl_acc": 0.92841897225295,
  "fl_f1": 0.8047300468202605,
  "fl_prec": 0.7517765928161417,
  "fl_rec": 0.8657086165803717,
  "fl_size_kb": 847.7265625,
  "dist_acc": null,
  "dist_f1": null,
  "prune_acc": null,
  "prune_f1": null,
  "final_acc": 0.92841897225295,
  "final_f1": 0.8047300468202605,
  "final_prec": 0.7517765928161417,
  "final_rec": 0.8657086165803717,
  "tflite_size_kb": 206.25,
  "final_size_kb": 843.65625
}