{
  "version": "v20",
  "data_version": "cicids2017_max2000k_bal4.0",
  "generated_at": "2026-02-19T16:44:53.652660",
  "results": [
    {
      "stage": "Original",
      "model_path": "models/tflite/saved_model_original.tflite",
      "file_size_bytes": 821632,
      "file_size_mb": 0.7835693359375,
      "parameter_count": 205777,
      "accuracy": 0.3732115872087355,
      "precision": 0.21115973313170647,
      "recall": 0.9250042903724043,
      "f1_score": 0.34383003696651326,
      "precision_normal": 0.9401099127002618,
      "recall_normal": 0.25410625513976454,
      "avg_latency_ms": 1.8789291381835938,
      "min_latency_ms": 1.8565654754638672,
      "max_latency_ms": 1.9812583923339844,
      "samples_per_second": 53221.80489290427,
      "compression_ratio": 1.0
    },
    {
      "stage": "QAT+Prune only",
      "model_path": "models/tflite/saved_model_qat_pruned_float32.tflite",
      "file_size_bytes": 248228,
      "file_size_mb": 0.23672866821289062,
      "parameter_count": 61969,
      "accuracy": 0.870914375548406,
      "precision": 0.5794883074554343,
      "recall": 0.9946970997082547,
      "f1_score": 0.7323347505543587,
      "precision_normal": 0.9986459424284518,
      "recall_normal": 0.8441956777821407,
      "avg_latency_ms": 0.7432222366333008,
      "min_latency_ms": 0.7357597351074219,
      "max_latency_ms": 0.7755756378173828,
      "samples_per_second": 134549.25737016008,
      "compression_ratio": 3.3099892034742253
    },
    {
      "stage": "Compressed (PTQ)",
      "model_path": "models/tflite/saved_model_pruned_quantized.tflite",
      "file_size_bytes": 70920,
      "file_size_mb": 0.06763458251953125,
      "parameter_count": 61969,
      "accuracy": 0.8720172808813493,
      "precision": 0.5815932329242718,
      "recall": 0.9946970997082547,
      "f1_score": 0.7340133857619563,
      "precision_normal": 0.9986480869774462,
      "recall_normal": 0.845536646984301,
      "avg_latency_ms": 0.521540641784668,
      "min_latency_ms": 0.4696846008300781,
      "max_latency_ms": 0.5776882171630859,
      "samples_per_second": 191739.61142857143,
      "compression_ratio": 11.585335589396504
    },
    {
      "stage": "QAT+PTQ",
      "model_path": "models/tflite/saved_model_qat_ptq.tflite",
      "file_size_bytes": 70904,
      "file_size_mb": 0.06761932373046875,
      "parameter_count": 61969,
      "accuracy": 0.8720172808813493,
      "precision": 0.5815932329242718,
      "recall": 0.9946970997082547,
      "f1_score": 0.7340133857619563,
      "precision_normal": 0.9986480869774462,
      "recall_normal": 0.845536646984301,
      "avg_latency_ms": 0.48515796661376953,
      "min_latency_ms": 0.4775524139404297,
      "max_latency_ms": 0.5295276641845703,
      "samples_per_second": 206118.43333824756,
      "compression_ratio": 11.587949904095678
    },
    {
      "stage": "noQAT+PTQ",
      "model_path": "models/tflite/saved_model_no_qat_ptq.tflite",
      "file_size_bytes": 70920,
      "file_size_mb": 0.06763458251953125,
      "parameter_count": 61969,
      "accuracy": 0.8224688017938968,
      "precision": 0.0,
      "recall": 0.0,
      "f1_score": 0.0,
      "precision_normal": 0.8224688017938968,
      "recall_normal": 1.0,
      "avg_latency_ms": 0.48325061798095703,
      "min_latency_ms": 0.4744529724121094,
      "max_latency_ms": 0.5235671997070312,
      "samples_per_second": 206931.96506981103,
      "compression_ratio": 11.585335589396504
    }
  ]
}