{
  "version": "v19",
  "data_version": "cicids2017_max2000k_bal4.0",
  "generated_at": "2026-02-10T21:16:19.779495",
  "results": [
    {
      "stage": "Original",
      "model_path": "models/tflite/saved_model_original.tflite",
      "file_size_bytes": 821632,
      "file_size_mb": 0.7835693359375,
      "parameter_count": 205777,
      "accuracy": 0.7370941795846739,
      "precision": 0.3718537352747494,
      "recall": 0.6977346833705166,
      "f1_score": 0.4851496963115879,
      "precision_normal": 0.9195341910017909,
      "recall_normal": 0.7455899894056024,
      "avg_latency_ms": 2.274298667907715,
      "min_latency_ms": 2.2568702697753906,
      "max_latency_ms": 2.3338794708251953,
      "samples_per_second": 43969.59880911197,
      "compression_ratio": 1.0
    },
    {
      "stage": "QAT+Prune only",
      "model_path": "models/tflite/saved_model_qat_pruned_float32.tflite",
      "file_size_bytes": 248228,
      "file_size_mb": 0.23672866821289062,
      "parameter_count": 61969,
      "accuracy": 0.9190369991225504,
      "precision": 0.6914795930696179,
      "recall": 0.9821692122876265,
      "f1_score": 0.8115800221220114,
      "precision_normal": 0.9957670966112329,
      "recall_normal": 0.9054098105603177,
      "avg_latency_ms": 0.8312702178955078,
      "min_latency_ms": 0.8182525634765625,
      "max_latency_ms": 0.8726119995117188,
      "samples_per_second": 120297.82596225549,
      "compression_ratio": 3.3099892034742253
    },
    {
      "stage": "Compressed (PTQ)",
      "model_path": "models/tflite/saved_model_pruned_quantized.tflite",
      "file_size_bytes": 70920,
      "file_size_mb": 0.06763458251953125,
      "parameter_count": 61969,
      "accuracy": 0.9189486448279224,
      "precision": 0.6923946194879522,
      "recall": 0.9778960013729192,
      "f1_score": 0.8107450539600333,
      "precision_normal": 0.9947626734762754,
      "recall_normal": 0.9062247642190892,
      "avg_latency_ms": 0.5368471145629883,
      "min_latency_ms": 0.5273818969726562,
      "max_latency_ms": 0.5791187286376953,
      "samples_per_second": 186272.7716836168,
      "compression_ratio": 11.585335589396504
    },
    {
      "stage": "QAT+PTQ",
      "model_path": "models/tflite/saved_model_qat_ptq.tflite",
      "file_size_bytes": 70904,
      "file_size_mb": 0.06761932373046875,
      "parameter_count": 61969,
      "accuracy": 0.9189486448279224,
      "precision": 0.6923946194879522,
      "recall": 0.9778960013729192,
      "f1_score": 0.8107450539600333,
      "precision_normal": 0.9947626734762754,
      "recall_normal": 0.9062247642190892,
      "avg_latency_ms": 0.5357265472412109,
      "min_latency_ms": 0.5254745483398438,
      "max_latency_ms": 0.5764961242675781,
      "samples_per_second": 186662.39430351582,
      "compression_ratio": 11.587949904095678
    },
    {
      "stage": "Compressed (QAT)",
      "model_path": "models/tflite/saved_model_pruned_qat.tflite",
      "file_size_bytes": 66360,
      "file_size_mb": 0.06328582763671875,
      "parameter_count": 62048,
      "accuracy": 0.9044646339085503,
      "precision": 0.9822254076330407,
      "recall": 0.4703792689205423,
      "f1_score": 0.6361241659413983,
      "precision_normal": 0.8972392689107249,
      "recall_normal": 0.9981626499329516,
      "avg_latency_ms": 0.5524873733520508,
      "min_latency_ms": 0.5409717559814453,
      "max_latency_ms": 0.5981922149658203,
      "samples_per_second": 180999.61161696803,
      "compression_ratio": 12.381434599156119
    },
    {
      "stage": "noQAT+PTQ",
      "model_path": "models/tflite/saved_model_no_qat_ptq.tflite",
      "file_size_bytes": 70920,
      "file_size_mb": 0.06763458251953125,
      "parameter_count": 61969,
      "accuracy": 0.9093606805108706,
      "precision": 0.6647831010654279,
      "recall": 0.9872833361935816,
      "f1_score": 0.7945555494171592,
      "precision_normal": 0.9969340383803779,
      "recall_normal": 0.8925409514213533,
      "avg_latency_ms": 0.5390167236328125,
      "min_latency_ms": 0.5290508270263672,
      "max_latency_ms": 0.5779266357421875,
      "samples_per_second": 185523.0007077141,
      "compression_ratio": 11.585335589396504
    }
  ]
}