{
  "version": "v20",
  "data_version": "cicids2017_max2000k_bal4.0",
  "generated_at": "2026-02-21T01:41:14.788243",
  "results": [
    {
      "stage": "Original",
      "model_path": "models/tflite/saved_model_original.tflite",
      "file_size_bytes": 821632,
      "file_size_mb": 0.7835693359375,
      "parameter_count": 205777,
      "accuracy": 0.8854075265672224,
      "precision": 0.6227392637307793,
      "recall": 0.8993650248841599,
      "f1_score": 0.7359152951749706,
      "precision_normal": 0.9759741057893228,
      "recall_normal": 0.8823947783696482,
      "avg_latency_ms": 2.1772146224975586,
      "min_latency_ms": 2.103567123413086,
      "max_latency_ms": 2.5794506072998047,
      "samples_per_second": 45930.244527425835,
      "compression_ratio": 1.0
    },
    {
      "stage": "QAT+Prune only",
      "model_path": "models/tflite/saved_model_qat_pruned_float32.tflite",
      "file_size_bytes": 248228,
      "file_size_mb": 0.23672866821289062,
      "parameter_count": 61969,
      "accuracy": 0.5108310178414741,
      "precision": 0.2405239899950787,
      "recall": 0.8135918997769006,
      "f1_score": 0.37128435660778547,
      "precision_normal": 0.9171604853532234,
      "recall_normal": 0.445479600228187,
      "avg_latency_ms": 0.7588624954223633,
      "min_latency_ms": 0.7491111755371094,
      "max_latency_ms": 0.8039474487304688,
      "samples_per_second": 131776.17895629772,
      "compression_ratio": 3.3099892034742253
    },
    {
      "stage": "Compressed (PTQ)",
      "model_path": "models/tflite/saved_model_pruned_quantized.tflite",
      "file_size_bytes": 70920,
      "file_size_mb": 0.06763458251953125,
      "parameter_count": 61969,
      "accuracy": 0.5106329823535146,
      "precision": 0.24132109423967327,
      "recall": 0.8193238373090784,
      "f1_score": 0.37283000007809264,
      "precision_normal": 0.9192563732858852,
      "recall_normal": 0.44400157063796053,
      "avg_latency_ms": 0.5048036575317383,
      "min_latency_ms": 0.48351287841796875,
      "max_latency_ms": 0.621795654296875,
      "samples_per_second": 198096.82142351108,
      "compression_ratio": 11.585335589396504
    },
    {
      "stage": "QAT+PTQ",
      "model_path": "models/tflite/saved_model_qat_ptq.tflite",
      "file_size_bytes": 70904,
      "file_size_mb": 0.06761932373046875,
      "parameter_count": 61969,
      "accuracy": 0.5106329823535146,
      "precision": 0.24132109423967327,
      "recall": 0.8193238373090784,
      "f1_score": 0.37283000007809264,
      "precision_normal": 0.9192563732858852,
      "recall_normal": 0.44400157063796053,
      "avg_latency_ms": 0.5243062973022461,
      "min_latency_ms": 0.4723072052001953,
      "max_latency_ms": 0.5962848663330078,
      "samples_per_second": 190728.20699377017,
      "compression_ratio": 11.587949904095678
    },
    {
      "stage": "noQAT+PTQ",
      "model_path": "models/tflite/saved_model_no_qat_ptq.tflite",
      "file_size_bytes": 70920,
      "file_size_mb": 0.06763458251953125,
      "parameter_count": 61969,
      "accuracy": 0.8224688017938968,
      "precision": 0.0,
      "recall": 0.0,
      "f1_score": 0.0,
      "precision_normal": 0.8224688017938968,
      "recall_normal": 1.0,
      "avg_latency_ms": 0.47905445098876953,
      "min_latency_ms": 0.4725456237792969,
      "max_latency_ms": 0.5161762237548828,
      "samples_per_second": 208744.5378987707,
      "compression_ratio": 11.585335589396504
    }
  ]
}