{
  "version": "v20",
  "data_version": "cicids2017_max2000k_bal4.0",
  "generated_at": "2026-02-19T06:06:26.577362",
  "results": [
    {
      "stage": "Original",
      "model_path": "models/tflite/saved_model_original.tflite",
      "file_size_bytes": 821632,
      "file_size_mb": 0.7835693359375,
      "parameter_count": 205777,
      "accuracy": 0.7611722482207273,
      "precision": 0.408250563201722,
      "recall": 0.7681654367599108,
      "f1_score": 0.5331514909684297,
      "precision_normal": 0.938197389549965,
      "recall_normal": 0.7596627573586611,
      "avg_latency_ms": 2.2150754928588867,
      "min_latency_ms": 2.1517276763916016,
      "max_latency_ms": 2.5627613067626953,
      "samples_per_second": 45145.18819895163,
      "compression_ratio": 1.0
    },
    {
      "stage": "QAT+Prune only",
      "model_path": "models/tflite/saved_model_qat_pruned_float32.tflite",
      "file_size_bytes": 248228,
      "file_size_mb": 0.23672866821289062,
      "parameter_count": 61969,
      "accuracy": 0.8563084966364434,
      "precision": 0.553590211234307,
      "recall": 0.9845203363651965,
      "f1_score": 0.708688750393764,
      "precision_normal": 0.9959838820988891,
      "recall_normal": 0.8286337672344177,
      "avg_latency_ms": 0.8521080017089844,
      "min_latency_ms": 0.8327960968017578,
      "max_latency_ms": 0.9391307830810547,
      "samples_per_second": 117356.01566871852,
      "compression_ratio": 3.3099892034742253
    },
    {
      "stage": "Compressed (PTQ)",
      "model_path": "models/tflite/saved_model_pruned_quantized.tflite",
      "file_size_bytes": 70920,
      "file_size_mb": 0.06763458251953125,
      "parameter_count": 61969,
      "accuracy": 0.8557509505703422,
      "precision": 0.5526143413092899,
      "recall": 0.9845203363651965,
      "f1_score": 0.7078885995977344,
      "precision_normal": 0.9959806070976597,
      "recall_normal": 0.8279558739637123,
      "avg_latency_ms": 0.5659580230712891,
      "min_latency_ms": 0.5464553833007812,
      "max_latency_ms": 0.6356239318847656,
      "samples_per_second": 176691.54941444096,
      "compression_ratio": 11.585335589396504
    },
    {
      "stage": "QAT+PTQ",
      "model_path": "models/tflite/saved_model_qat_ptq.tflite",
      "file_size_bytes": 70904,
      "file_size_mb": 0.06761932373046875,
      "parameter_count": 61969,
      "accuracy": 0.8557509505703422,
      "precision": 0.5526143413092899,
      "recall": 0.9845203363651965,
      "f1_score": 0.7078885995977344,
      "precision_normal": 0.9959806070976597,
      "recall_normal": 0.8279558739637123,
      "avg_latency_ms": 0.5776882171630859,
      "min_latency_ms": 0.5533695220947266,
      "max_latency_ms": 0.6468296051025391,
      "samples_per_second": 173103.75567478332,
      "compression_ratio": 11.587949904095678
    },
    {
      "stage": "noQAT+PTQ",
      "model_path": "models/tflite/saved_model_no_qat_ptq.tflite",
      "file_size_bytes": 70920,
      "file_size_mb": 0.06763458251953125,
      "parameter_count": 61969,
      "accuracy": 0.8224688017938968,
      "precision": 0.0,
      "recall": 0.0,
      "f1_score": 0.0,
      "precision_normal": 0.8224688017938968,
      "recall_normal": 1.0,
      "avg_latency_ms": 0.5575895309448242,
      "min_latency_ms": 0.5424022674560547,
      "max_latency_ms": 0.6456375122070312,
      "samples_per_second": 179343.39590370716,
      "compression_ratio": 11.585335589396504
    }
  ]
}