{
  "version": "v20",
  "data_version": "cicids2017_max2000k_bal4.0",
  "generated_at": "2026-02-18T01:01:22.906760",
  "results": [
    {
      "stage": "Original",
      "model_path": "models/tflite/saved_model_original.tflite",
      "file_size_bytes": 821632,
      "file_size_mb": 0.7835693359375,
      "parameter_count": 205777,
      "accuracy": 0.8747532173150044,
      "precision": 0.6235439793817402,
      "recall": 0.7432126308563584,
      "f1_score": 0.6781394110692671,
      "precision_normal": 0.9421766735839796,
      "recall_normal": 0.9031464619898205,
      "avg_latency_ms": 2.1795034408569336,
      "min_latency_ms": 2.131223678588867,
      "max_latency_ms": 2.2735595703125,
      "samples_per_second": 45882.01061095006,
      "compression_ratio": 1.0
    },
    {
      "stage": "QAT+Prune only",
      "model_path": "models/tflite/saved_model_qat_pruned_float32.tflite",
      "file_size_bytes": 248228,
      "file_size_mb": 0.23672866821289062,
      "parameter_count": 61969,
      "accuracy": 0.8919823047674759,
      "precision": 0.6225586042414215,
      "recall": 0.9944911618328471,
      "f1_score": 0.7657513610655954,
      "precision_normal": 0.9986348674418011,
      "recall_normal": 0.8698556050290049,
      "avg_latency_ms": 0.8227825164794922,
      "min_latency_ms": 0.7598400115966797,
      "max_latency_ms": 0.9157657623291016,
      "samples_per_second": 121538.8003477253,
      "compression_ratio": 3.3099892034742253
    },
    {
      "stage": "Compressed (PTQ)",
      "model_path": "models/tflite/saved_model_pruned_quantized.tflite",
      "file_size_bytes": 70920,
      "file_size_mb": 0.06763458251953125,
      "parameter_count": 61969,
      "accuracy": 0.89142171200156,
      "precision": 0.621343398816162,
      "recall": 0.9944053543847606,
      "f1_score": 0.764806039887544,
      "precision_normal": 0.998612577031766,
      "recall_normal": 0.86919252909755,
      "avg_latency_ms": 0.5155086517333984,
      "min_latency_ms": 0.46563148498535156,
      "max_latency_ms": 0.5819797515869141,
      "samples_per_second": 193983.16529460734,
      "compression_ratio": 11.585335589396504
    },
    {
      "stage": "QAT+PTQ",
      "model_path": "models/tflite/saved_model_qat_ptq.tflite",
      "file_size_bytes": 70904,
      "file_size_mb": 0.06761932373046875,
      "parameter_count": 61969,
      "accuracy": 0.89142171200156,
      "precision": 0.621343398816162,
      "recall": 0.9944053543847606,
      "f1_score": 0.764806039887544,
      "precision_normal": 0.998612577031766,
      "recall_normal": 0.86919252909755,
      "avg_latency_ms": 0.5390644073486328,
      "min_latency_ms": 0.530242919921875,
      "max_latency_ms": 0.5826950073242188,
      "samples_per_second": 185506.59000442282,
      "compression_ratio": 11.587949904095678
    },
    {
      "stage": "noQAT+PTQ",
      "model_path": "models/tflite/saved_model_no_qat_ptq.tflite",
      "file_size_bytes": 70920,
      "file_size_mb": 0.06763458251953125,
      "parameter_count": 61969,
      "accuracy": 0.8224688017938968,
      "precision": 0.0,
      "recall": 0.0,
      "f1_score": 0.0,
      "precision_normal": 0.8224688017938968,
      "recall_normal": 1.0,
      "avg_latency_ms": 0.4730701446533203,
      "min_latency_ms": 0.4642009735107422,
      "max_latency_ms": 0.5221366882324219,
      "samples_per_second": 211385.14262675133,
      "compression_ratio": 11.585335589396504
    }
  ]
}