{
  "version": "v20",
  "data_version": "cicids2017_max2000k_bal4.0",
  "generated_at": "2026-02-22T19:43:42.361189",
  "results": [
    {
      "stage": "Original",
      "model_path": "models/tflite/saved_model_original.tflite",
      "file_size_bytes": 821632,
      "file_size_mb": 0.7835693359375,
      "parameter_count": 205777,
      "accuracy": 0.8882104903968022,
      "precision": 0.6485310718907459,
      "recall": 0.808443452891711,
      "f1_score": 0.7197115531518318,
      "precision_normal": 0.9563278113824701,
      "recall_normal": 0.9054283322343807,
      "avg_latency_ms": 1.8997430801391602,
      "min_latency_ms": 1.8808841705322266,
      "max_latency_ms": 1.9922256469726562,
      "samples_per_second": 52638.69680350397,
      "compression_ratio": 1.0
    },
    {
      "stage": "QAT+Prune only",
      "model_path": "models/tflite/saved_model_qat_pruned_float32.tflite",
      "file_size_bytes": 248228,
      "file_size_mb": 0.23672866821289062,
      "parameter_count": 61969,
      "accuracy": 0.32677988203178315,
      "precision": 0.2086423953725757,
      "recall": 0.9997254161661232,
      "f1_score": 0.3452344618119861,
      "precision_normal": 0.9996735959525899,
      "recall_normal": 0.18152351882172518,
      "avg_latency_ms": 0.7723331451416016,
      "min_latency_ms": 0.7641315460205078,
      "max_latency_ms": 0.8111000061035156,
      "samples_per_second": 129477.80453170341,
      "compression_ratio": 3.3099892034742253
    },
    {
      "stage": "Compressed (PTQ)",
      "model_path": "models/tflite/saved_model_pruned_quantized.tflite",
      "file_size_bytes": 70920,
      "file_size_mb": 0.06763458251953125,
      "parameter_count": 61969,
      "accuracy": 0.32635334405771665,
      "precision": 0.20853782956559094,
      "recall": 0.9997254161661232,
      "f1_score": 0.34509130222294626,
      "precision_normal": 0.9996726610609873,
      "recall_normal": 0.1810049119479615,
      "avg_latency_ms": 0.48117637634277344,
      "min_latency_ms": 0.4730224609375,
      "max_latency_ms": 0.5221366882324219,
      "samples_per_second": 207824.0015855713,
      "compression_ratio": 11.585335589396504
    },
    {
      "stage": "QAT+PTQ",
      "model_path": "models/tflite/saved_model_qat_ptq.tflite",
      "file_size_bytes": 70904,
      "file_size_mb": 0.06761932373046875,
      "parameter_count": 61969,
      "accuracy": 0.32635334405771665,
      "precision": 0.20853782956559094,
      "recall": 0.9997254161661232,
      "f1_score": 0.34509130222294626,
      "precision_normal": 0.9996726610609873,
      "recall_normal": 0.1810049119479615,
      "avg_latency_ms": 0.529932975769043,
      "min_latency_ms": 0.4851818084716797,
      "max_latency_ms": 0.5652904510498047,
      "samples_per_second": 188703.10883160122,
      "compression_ratio": 11.587949904095678
    },
    {
      "stage": "noQAT+PTQ",
      "model_path": "models/tflite/saved_model_no_qat_ptq.tflite",
      "file_size_bytes": 70920,
      "file_size_mb": 0.06763458251953125,
      "parameter_count": 61969,
      "accuracy": 0.8224688017938968,
      "precision": 0.0,
      "recall": 0.0,
      "f1_score": 0.0,
      "precision_normal": 0.8224688017938968,
      "recall_normal": 1.0,
      "avg_latency_ms": 0.484466552734375,
      "min_latency_ms": 0.4773139953613281,
      "max_latency_ms": 0.5254745483398438,
      "samples_per_second": 206412.59842519683,
      "compression_ratio": 11.585335589396504
    }
  ]
}