{
  "version": "v24",
  "data_version": "cicids2017_max2000k_bal4.0",
  "generated_at": "2026-02-24T21:21:17.894827",
  "results": [
    {
      "stage": "Baseline",
      "model_path": "models/tflite/saved_model_original.tflite",
      "file_size_bytes": 817528,
      "file_size_mb": 0.7796554565429688,
      "parameter_count": 204880,
      "accuracy": 0.17799429657794677,
      "precision": 0.17760558915333594,
      "recall": 0.9999313540415308,
      "f1_score": 0.30163537250151423,
      "precision_normal": 0.975,
      "recall_normal": 0.0005778762307652415,
      "avg_latency_ms": 1.891183853149414,
      "min_latency_ms": 1.8606185913085938,
      "max_latency_ms": 1.985311508178711,
      "samples_per_second": 52876.93199868889,
      "compression_ratio": 1.0
    },
    {
      "stage": "Traditional+PTQ",
      "model_path": "models/tflite/saved_model_no_qat_ptq.tflite",
      "file_size_bytes": 76720,
      "file_size_mb": 0.0731658935546875,
      "parameter_count": 62048,
      "accuracy": 0.17865543043774984,
      "precision": 0.17772707723935569,
      "recall": 0.9999656770207654,
      "f1_score": 0.30181212625057946,
      "precision_normal": 0.9946380697050938,
      "recall_normal": 0.0013743082154737474,
      "avg_latency_ms": 0.48859119415283203,
      "min_latency_ms": 0.47397613525390625,
      "max_latency_ms": 0.5254745483398438,
      "samples_per_second": 204670.0824671839,
      "compression_ratio": 10.65599582898853
    },
    {
      "stage": "Traditional+QAT",
      "model_path": "models/tflite/saved_model_traditional_qat.tflite",
      "file_size_bytes": 66600,
      "file_size_mb": 0.06351470947265625,
      "parameter_count": 62048,
      "accuracy": 0.96537730330506,
      "precision": 0.8787384535882695,
      "recall": 0.9338424575253133,
      "f1_score": 0.9054528512238548,
      "precision_normal": 0.98552384528727,
      "recall_normal": 0.9721841498922038,
      "avg_latency_ms": 0.4777193069458008,
      "min_latency_ms": 0.4706382751464844,
      "max_latency_ms": 0.5218982696533203,
      "samples_per_second": 209327.94330488596,
      "compression_ratio": 12.275195195195195
    },
    {
      "stage": "QAT+PTQ",
      "model_path": "models/tflite/saved_model_qat_ptq.tflite",
      "file_size_bytes": 76688,
      "file_size_mb": 0.0731353759765625,
      "parameter_count": 62048,
      "accuracy": 0.9619345325143804,
      "precision": 0.8714378448555664,
      "recall": 0.9215376694697099,
      "f1_score": 0.8957878054883643,
      "precision_normal": 0.9828509699779449,
      "recall_normal": 0.9706542596146011,
      "avg_latency_ms": 0.4792451858520508,
      "min_latency_ms": 0.4723072052001953,
      "max_latency_ms": 0.5240440368652344,
      "samples_per_second": 208661.45962887417,
      "compression_ratio": 10.66044231170457
    },
    {
      "stage": "QAT+QAT",
      "model_path": "models/tflite/saved_model_pruned_qat.tflite",
      "file_size_bytes": 66600,
      "file_size_mb": 0.06351470947265625,
      "parameter_count": 62048,
      "accuracy": 0.9601552598225602,
      "precision": 0.8520722966656279,
      "recall": 0.9384932212116012,
      "f1_score": 0.893197223356472,
      "precision_normal": 0.9864265046734635,
      "recall_normal": 0.9648310452891974,
      "avg_latency_ms": 0.4820585250854492,
      "min_latency_ms": 0.47469139099121094,
      "max_latency_ms": 0.5278587341308594,
      "samples_per_second": 207443.69157722936,
      "compression_ratio": 12.275195195195195
    }
  ]
}