{
  "version": "v20",
  "data_version": "cicids2017_max2000k_bal4.0",
  "generated_at": "2026-02-12T14:24:32.732923",
  "results": [
    {
      "stage": "Original",
      "model_path": "models/tflite/saved_model_original.tflite",
      "file_size_bytes": 821652,
      "file_size_mb": 0.7835884094238281,
      "parameter_count": 205777,
      "accuracy": 0.9138576094374573,
      "precision": 0.675103908840424,
      "recall": 0.9923459756306847,
      "f1_score": 0.8035463653923653,
      "precision_normal": 0.9981613706445921,
      "recall_normal": 0.8969157708350312,
      "avg_latency_ms": 2.1628856658935547,
      "min_latency_ms": 2.1212100982666016,
      "max_latency_ms": 2.300262451171875,
      "samples_per_second": 46234.528979915776,
      "compression_ratio": 1.0
    },
    {
      "stage": "QAT+Prune only",
      "model_path": "models/tflite/saved_model_qat_pruned_float32.tflite",
      "file_size_bytes": 248212,
      "file_size_mb": 0.23671340942382812,
      "parameter_count": 61969,
      "accuracy": 0.814066003704787,
      "precision": 0.4884189663570553,
      "recall": 0.9980779131628625,
      "f1_score": 0.6558778419343197,
      "precision_normal": 0.99946449916328,
      "recall_normal": 0.7743467405557984,
      "avg_latency_ms": 0.8511543273925781,
      "min_latency_ms": 0.843048095703125,
      "max_latency_ms": 0.8859634399414062,
      "samples_per_second": 117487.50700280113,
      "compression_ratio": 3.3102831450534222
    },
    {
      "stage": "Compressed (PTQ)",
      "model_path": "models/tflite/saved_model_pruned_quantized.tflite",
      "file_size_bytes": 70920,
      "file_size_mb": 0.06763458251953125,
      "parameter_count": 61969,
      "accuracy": 0.8143523934873744,
      "precision": 0.4888048411497731,
      "recall": 0.9980779131628625,
      "f1_score": 0.6562256699576868,
      "precision_normal": 0.9994647397296935,
      "recall_normal": 0.7746949480281826,
      "avg_latency_ms": 0.5452156066894531,
      "min_latency_ms": 0.537872314453125,
      "max_latency_ms": 0.5939006805419922,
      "samples_per_second": 183413.6785027112,
      "compression_ratio": 11.585617597292725
    },
    {
      "stage": "QAT+PTQ",
      "model_path": "models/tflite/saved_model_qat_ptq.tflite",
      "file_size_bytes": 70904,
      "file_size_mb": 0.06761932373046875,
      "parameter_count": 61969,
      "accuracy": 0.8143523934873744,
      "precision": 0.4888048411497731,
      "recall": 0.9980779131628625,
      "f1_score": 0.6562256699576868,
      "precision_normal": 0.9994647397296935,
      "recall_normal": 0.7746949480281826,
      "avg_latency_ms": 0.5519866943359375,
      "min_latency_ms": 0.4813671112060547,
      "max_latency_ms": 0.5965232849121094,
      "samples_per_second": 181163.78714581893,
      "compression_ratio": 11.58823197562902
    },
    {
      "stage": "noQAT+PTQ",
      "model_path": "models/tflite/saved_model_no_qat_ptq.tflite",
      "file_size_bytes": 70920,
      "file_size_mb": 0.06763458251953125,
      "parameter_count": 61969,
      "accuracy": 0.8224688017938968,
      "precision": 0.0,
      "recall": 0.0,
      "f1_score": 0.0,
      "precision_normal": 0.8224688017938968,
      "recall_normal": 1.0,
      "avg_latency_ms": 0.5472660064697266,
      "min_latency_ms": 0.5400180816650391,
      "max_latency_ms": 0.5829334259033203,
      "samples_per_second": 182726.49647120325,
      "compression_ratio": 11.585617597292725
    }
  ]
}