{
  "version": "v21",
  "data_version": "cicids2017_max2000k_bal4.0",
  "generated_at": "2026-02-23T22:54:45.740397",
  "results": [
    {
      "stage": "Original",
      "model_path": "models/tflite/saved_model_original.tflite",
      "file_size_bytes": 821560,
      "file_size_mb": 0.7835006713867188,
      "parameter_count": 205777,
      "accuracy": 0.9155332943355757,
      "precision": 0.7199072740885791,
      "recall": 0.8580573193753218,
      "f1_score": 0.7829348115438217,
      "precision_normal": 0.9680375001932203,
      "recall_normal": 0.9279395748905369,
      "avg_latency_ms": 1.8652915954589844,
      "min_latency_ms": 1.8410682678222656,
      "max_latency_ms": 1.9512176513671875,
      "samples_per_second": 53610.920803722074,
      "compression_ratio": 1.0
    },
    {
      "stage": "QAT+Prune only",
      "model_path": "models/tflite/saved_model_qat_pruned_float32.tflite",
      "file_size_bytes": 248156,
      "file_size_mb": 0.23666000366210938,
      "parameter_count": 61969,
      "accuracy": 0.9317630642488057,
      "precision": 0.9029678057109478,
      "recall": 0.6897545906984727,
      "f1_score": 0.7820900750138644,
      "precision_normal": 0.9362806780091149,
      "recall_normal": 0.9840009779443906,
      "avg_latency_ms": 0.7592201232910156,
      "min_latency_ms": 0.7462501525878906,
      "max_latency_ms": 0.8146762847900391,
      "samples_per_second": 131714.10626805678,
      "compression_ratio": 3.310659423910766
    },
    {
      "stage": "Compressed (PTQ)",
      "model_path": "models/tflite/saved_model_pruned_quantized.tflite",
      "file_size_bytes": 70856,
      "file_size_mb": 0.06757354736328125,
      "parameter_count": 61969,
      "accuracy": 0.931872745442137,
      "precision": 0.903154822050073,
      "recall": 0.6902694353869916,
      "f1_score": 0.7824911239725695,
      "precision_normal": 0.9363810369806372,
      "recall_normal": 0.9840232039532661,
      "avg_latency_ms": 0.48851966857910156,
      "min_latency_ms": 0.4706382751464844,
      "max_latency_ms": 0.5354881286621094,
      "samples_per_second": 204700.04880429475,
      "compression_ratio": 11.594783786835272
    },
    {
      "stage": "QAT+PTQ",
      "model_path": "models/tflite/saved_model_qat_ptq.tflite",
      "file_size_bytes": 70848,
      "file_size_mb": 0.06756591796875,
      "parameter_count": 61969,
      "accuracy": 0.931872745442137,
      "precision": 0.903154822050073,
      "recall": 0.6902694353869916,
      "f1_score": 0.7824911239725695,
      "precision_normal": 0.9363810369806372,
      "recall_normal": 0.9840232039532661,
      "avg_latency_ms": 0.4766702651977539,
      "min_latency_ms": 0.4673004150390625,
      "max_latency_ms": 0.5393028259277344,
      "samples_per_second": 209788.62601910668,
      "compression_ratio": 11.596093044263776
    },
    {
      "stage": "Compressed (QAT)",
      "model_path": "models/tflite/saved_model_pruned_qat.tflite",
      "file_size_bytes": 66600,
      "file_size_mb": 0.06351470947265625,
      "parameter_count": 62048,
      "accuracy": 0.8905564492541679,
      "precision": 0.8294221698113208,
      "recall": 0.4828213488930839,
      "f1_score": 0.6103481939472828,
      "precision_normal": 0.8976024790692617,
      "recall_normal": 0.9785667187743097,
      "avg_latency_ms": 0.47795772552490234,
      "min_latency_ms": 0.4711151123046875,
      "max_latency_ms": 0.5235671997070312,
      "samples_per_second": 209223.52471691524,
      "compression_ratio": 12.335735735735735
    },
    {
      "stage": "noQAT+PTQ",
      "model_path": "models/tflite/saved_model_no_qat_ptq.tflite",
      "file_size_bytes": 70856,
      "file_size_mb": 0.06757354736328125,
      "parameter_count": 61969,
      "accuracy": 0.2203982645997855,
      "precision": 0.18548227939163595,
      "recall": 1.0,
      "f1_score": 0.31292290507593495,
      "precision_normal": 1.0,
      "recall_normal": 0.05211999081324967,
      "avg_latency_ms": 0.4759073257446289,
      "min_latency_ms": 0.4658699035644531,
      "max_latency_ms": 0.5342960357666016,
      "samples_per_second": 210124.9436400982,
      "compression_ratio": 11.594783786835272
    }
  ]
}