{
  "version": "v20",
  "data_version": "cicids2017_max2000k_bal4.0",
  "generated_at": "2026-02-19T03:03:44.888111",
  "results": [
    {
      "stage": "Original",
      "model_path": "models/tflite/saved_model_original.tflite",
      "file_size_bytes": 821632,
      "file_size_mb": 0.7835693359375,
      "parameter_count": 205777,
      "accuracy": 0.9020607877547041,
      "precision": 0.6727732070580144,
      "recall": 0.8728848464046679,
      "f1_score": 0.7598751045775068,
      "precision_normal": 0.970679513264878,
      "recall_normal": 0.9083584610711455,
      "avg_latency_ms": 2.262091636657715,
      "min_latency_ms": 2.1779537200927734,
      "max_latency_ms": 2.6445388793945312,
      "samples_per_second": 44206.8740184867,
      "compression_ratio": 1.0
    },
    {
      "stage": "QAT+Prune only",
      "model_path": "models/tflite/saved_model_qat_pruned_float32.tflite",
      "file_size_bytes": 248228,
      "file_size_mb": 0.23672866821289062,
      "parameter_count": 61969,
      "accuracy": 0.5034305839914205,
      "precision": 0.2630988362622844,
      "recall": 0.9979062982666895,
      "f1_score": 0.4164106530317027,
      "precision_normal": 0.9988620676789911,
      "recall_normal": 0.3966972150810879,
      "avg_latency_ms": 0.8671283721923828,
      "min_latency_ms": 0.8540153503417969,
      "max_latency_ms": 0.9307861328125,
      "samples_per_second": 115323.17844377234,
      "compression_ratio": 3.3099892034742253
    },
    {
      "stage": "Compressed (PTQ)",
      "model_path": "models/tflite/saved_model_pruned_quantized.tflite",
      "file_size_bytes": 70920,
      "file_size_mb": 0.06763458251953125,
      "parameter_count": 61969,
      "accuracy": 0.5041282782490006,
      "precision": 0.26336958343335704,
      "recall": 0.9978891367770722,
      "f1_score": 0.41674819298264476,
      "precision_normal": 0.9988552069469393,
      "recall_normal": 0.3975492120879854,
      "avg_latency_ms": 0.5468606948852539,
      "min_latency_ms": 0.5383491516113281,
      "max_latency_ms": 0.5946159362792969,
      "samples_per_second": 182861.92614552905,
      "compression_ratio": 11.585335589396504
    },
    {
      "stage": "QAT+PTQ",
      "model_path": "models/tflite/saved_model_qat_ptq.tflite",
      "file_size_bytes": 70904,
      "file_size_mb": 0.06761932373046875,
      "parameter_count": 61969,
      "accuracy": 0.5041282782490006,
      "precision": 0.26336958343335704,
      "recall": 0.9978891367770722,
      "f1_score": 0.41674819298264476,
      "precision_normal": 0.9988552069469393,
      "recall_normal": 0.3975492120879854,
      "avg_latency_ms": 0.5480289459228516,
      "min_latency_ms": 0.5366802215576172,
      "max_latency_ms": 0.5972385406494141,
      "samples_per_second": 182472.1134603672,
      "compression_ratio": 11.587949904095678
    },
    {
      "stage": "noQAT+PTQ",
      "model_path": "models/tflite/saved_model_no_qat_ptq.tflite",
      "file_size_bytes": 70920,
      "file_size_mb": 0.06763458251953125,
      "parameter_count": 61969,
      "accuracy": 0.8224688017938968,
      "precision": 0.0,
      "recall": 0.0,
      "f1_score": 0.0,
      "precision_normal": 0.8224688017938968,
      "recall_normal": 1.0,
      "avg_latency_ms": 0.53863525390625,
      "min_latency_ms": 0.5295276641845703,
      "max_latency_ms": 0.5860328674316406,
      "samples_per_second": 185654.3909348442,
      "compression_ratio": 11.585335589396504
    }
  ]
}