{
  "version": "v16",
  "data_version": "cicids2017_max2000k_bal4.0",
  "generated_at": "2026-02-09T06:37:55.039553",
  "results": [
    {
      "stage": "Keras",
      "model_path": "models/global_model.h5",
      "file_size_bytes": 884848,
      "file_size_mb": 0.8438568115234375,
      "parameter_count": 208385,
      "accuracy": 0.8224688017938968,
      "precision": 0.0,
      "recall": 0.0,
      "f1_score": 0.0,
      "avg_latency_ms": 241.42844676971436,
      "min_latency_ms": 96.63748741149902,
      "max_latency_ms": 1508.6581707000732,
      "samples_per_second": 414.2013973000648,
      "compression_ratio": 1.0
    },
    {
      "stage": "Original (TFLite)",
      "model_path": "models/tflite/saved_model_original.tflite",
      "file_size_bytes": 821632,
      "file_size_mb": 0.7835693359375,
      "parameter_count": 205777,
      "accuracy": 0.8366664229306815,
      "precision": 0.5235624860950994,
      "recall": 0.8885018019564098,
      "f1_score": 0.6588739850848838,
      "avg_latency_ms": 2.2871971130371094,
      "min_latency_ms": 2.2499561309814453,
      "max_latency_ms": 2.3946762084960938,
      "samples_per_second": 43721.63615894592,
      "compression_ratio": 1.0769395544477334
    },
    {
      "stage": "Compressed (PTQ)",
      "model_path": "models/tflite/saved_model_pruned_quantized.tflite",
      "file_size_bytes": 70896,
      "file_size_mb": 0.0676116943359375,
      "parameter_count": 61969,
      "accuracy": 0.9078342839036755,
      "precision": 0.6922348614789302,
      "recall": 0.8657628282134889,
      "f1_score": 0.7693351735075907,
      "avg_latency_ms": 0.5498886108398438,
      "min_latency_ms": 0.5345344543457031,
      "max_latency_ms": 0.5955696105957031,
      "samples_per_second": 181855.01214013182,
      "compression_ratio": 12.480929812683367
    }
  ]
}