{
  "version": "v20",
  "data_version": "cicids2017_max2000k_bal4.0",
  "generated_at": "2026-02-12T17:46:25.143962",
  "results": [
    {
      "stage": "Original",
      "model_path": "models/tflite/saved_model_original.tflite",
      "file_size_bytes": 821652,
      "file_size_mb": 0.7835884094238281,
      "parameter_count": 205777,
      "accuracy": 0.8901877985765818,
      "precision": 0.6723370601826725,
      "recall": 0.7440707053372233,
      "f1_score": 0.7063874157889163,
      "precision_normal": 0.9434550328546999,
      "recall_normal": 0.9217274054098106,
      "avg_latency_ms": 2.1463871002197266,
      "min_latency_ms": 2.0575523376464844,
      "max_latency_ms": 2.370595932006836,
      "samples_per_second": 46589.91846799813,
      "compression_ratio": 1.0
    },
    {
      "stage": "QAT+Prune only",
      "model_path": "models/tflite/saved_model_qat_pruned_float32.tflite",
      "file_size_bytes": 248212,
      "file_size_mb": 0.23671340942382812,
      "parameter_count": 61969,
      "accuracy": 0.8458552695719996,
      "precision": 0.5388367198251437,
      "recall": 0.9138493221211601,
      "f1_score": 0.677938049830038,
      "precision_normal": 0.9781168265039233,
      "recall_normal": 0.8311786452506723,
      "avg_latency_ms": 0.8005380630493164,
      "min_latency_ms": 0.7901191711425781,
      "max_latency_ms": 0.8511543273925781,
      "samples_per_second": 124915.98415582094,
      "compression_ratio": 3.3102831450534222
    },
    {
      "stage": "Compressed (PTQ)",
      "model_path": "models/tflite/saved_model_pruned_quantized.tflite",
      "file_size_bytes": 70920,
      "file_size_mb": 0.06763458251953125,
      "parameter_count": 61969,
      "accuracy": 0.8442740323681388,
      "precision": 0.5363059909704256,
      "recall": 0.9071735026600309,
      "f1_score": 0.6740969809034973,
      "precision_normal": 0.9764476898358,
      "recall_normal": 0.8306970817250346,
      "avg_latency_ms": 0.5366802215576172,
      "min_latency_ms": 0.5269050598144531,
      "max_latency_ms": 0.5865097045898438,
      "samples_per_second": 186330.6974677921,
      "compression_ratio": 11.585617597292725
    },
    {
      "stage": "QAT+PTQ",
      "model_path": "models/tflite/saved_model_qat_ptq.tflite",
      "file_size_bytes": 70904,
      "file_size_mb": 0.06761932373046875,
      "parameter_count": 61969,
      "accuracy": 0.8442740323681388,
      "precision": 0.5363059909704256,
      "recall": 0.9071735026600309,
      "f1_score": 0.6740969809034973,
      "precision_normal": 0.9764476898358,
      "recall_normal": 0.8306970817250346,
      "avg_latency_ms": 0.5416393280029297,
      "min_latency_ms": 0.5290508270263672,
      "max_latency_ms": 0.5908012390136719,
      "samples_per_second": 184624.70287877455,
      "compression_ratio": 11.58823197562902
    },
    {
      "stage": "noQAT+PTQ",
      "model_path": "models/tflite/saved_model_no_qat_ptq.tflite",
      "file_size_bytes": 70920,
      "file_size_mb": 0.06763458251953125,
      "parameter_count": 61969,
      "accuracy": 0.8224688017938968,
      "precision": 0.0,
      "recall": 0.0,
      "f1_score": 0.0,
      "precision_normal": 0.8224688017938968,
      "recall_normal": 1.0,
      "avg_latency_ms": 0.5374908447265625,
      "min_latency_ms": 0.5290508270263672,
      "max_latency_ms": 0.5867481231689453,
      "samples_per_second": 186049.68062455644,
      "compression_ratio": 11.585617597292725
    }
  ]
}