{
  "version": "v23",
  "data_version": "cicids2017_max2000k_bal4.0",
  "generated_at": "2026-02-24T07:02:04.469191",
  "results": [
    {
      "stage": "Baseline",
      "model_path": "models/tflite/saved_model_original.tflite",
      "file_size_bytes": 817528,
      "file_size_mb": 0.7796554565429688,
      "parameter_count": 204880,
      "accuracy": 0.1775281515062884,
      "precision": 0.1775286923829226,
      "recall": 0.9999828385103827,
      "f1_score": 0.30152680643633906,
      "precision_normal": 0.0,
      "recall_normal": 0.0,
      "avg_latency_ms": 1.9551992416381836,
      "min_latency_ms": 1.9214153289794922,
      "max_latency_ms": 2.0241737365722656,
      "samples_per_second": 51145.6826856244,
      "compression_ratio": 1.0
    },
    {
      "stage": "Traditional+PTQ",
      "model_path": "models/tflite/saved_model_no_qat_ptq.tflite",
      "file_size_bytes": 70856,
      "file_size_mb": 0.06757354736328125,
      "parameter_count": 61969,
      "accuracy": 0.2203982645997855,
      "precision": 0.18548227939163595,
      "recall": 1.0,
      "f1_score": 0.31292290507593495,
      "precision_normal": 1.0,
      "recall_normal": 0.05211999081324967,
      "avg_latency_ms": 0.4756927490234375,
      "min_latency_ms": 0.4677772521972656,
      "max_latency_ms": 0.5371570587158203,
      "samples_per_second": 210219.7273456295,
      "compression_ratio": 11.537879643220052
    },
    {
      "stage": "Traditional+QAT",
      "model_path": "models/tflite/saved_model_traditional_qat.tflite",
      "file_size_bytes": 66600,
      "file_size_mb": 0.06351470947265625,
      "parameter_count": 62048,
      "accuracy": 0.9641464365798966,
      "precision": 0.8737261709583052,
      "recall": 0.9328642526171271,
      "f1_score": 0.9023272799707845,
      "precision_normal": 0.9852937859478967,
      "recall_normal": 0.9708987457122324,
      "avg_latency_ms": 0.47905445098876953,
      "min_latency_ms": 0.47206878662109375,
      "max_latency_ms": 0.5218982696533203,
      "samples_per_second": 208744.5378987707,
      "compression_ratio": 12.275195195195195
    },
    {
      "stage": "QAT+PTQ",
      "model_path": "models/tflite/saved_model_qat_ptq.tflite",
      "file_size_bytes": 68624,
      "file_size_mb": 0.0654449462890625,
      "parameter_count": 61520,
      "accuracy": 0.17753119820610314,
      "precision": 0.17753119820610314,
      "recall": 1.0,
      "f1_score": 0.3015312010018267,
      "precision_normal": 0.0,
      "recall_normal": 0.0,
      "avg_latency_ms": 0.47593116760253906,
      "min_latency_ms": 0.46706199645996094,
      "max_latency_ms": 0.5311965942382812,
      "samples_per_second": 210114.41739304678,
      "compression_ratio": 11.913149918395897
    },
    {
      "stage": "QAT+QAT",
      "model_path": "models/tflite/saved_model_pruned_qat.tflite",
      "file_size_bytes": 66600,
      "file_size_mb": 0.06351470947265625,
      "parameter_count": 62048,
      "accuracy": 0.9598932436384908,
      "precision": 0.8713528288217085,
      "recall": 0.9081688690578342,
      "f1_score": 0.8893800104199929,
      "precision_normal": 0.9799956634217099,
      "recall_normal": 0.9710580321091742,
      "avg_latency_ms": 0.48024654388427734,
      "min_latency_ms": 0.4734992980957031,
      "max_latency_ms": 0.5238056182861328,
      "samples_per_second": 208226.38137318174,
      "compression_ratio": 12.275195195195195
    }
  ]
}