{
  "version": "v11",
  "data_version": "cicids2017_max1500k_bal1.0",
  "generated_at": "2026-02-04T16:49:47.303595",
  "results": [
    {
      "stage": "Original",
      "model_path": "models/tflite/saved_model_original.tflite",
      "file_size_bytes": 821648,
      "file_size_mb": 0.7835845947265625,
      "parameter_count": 205777,
      "accuracy": 0.8896631347647157,
      "precision": 0.8811713665943601,
      "recall": 0.4303360311877622,
      "f1_score": 0.5782655733971074,
      "precision_normal": 0.8904605732211607,
      "recall_normal": 0.9876235274980005,
      "avg_latency_ms": 1.4956474304199219,
      "min_latency_ms": 1.4574527740478516,
      "max_latency_ms": 1.6181468963623047,
      "samples_per_second": 66860.67716635847,
      "compression_ratio": 1.0
    },
    {
      "stage": "Compressed (PTQ)",
      "model_path": "models/tflite/saved_model_pruned_quantized.tflite",
      "file_size_bytes": 70896,
      "file_size_mb": 0.0676116943359375,
      "parameter_count": 61969,
      "accuracy": 0.795493566227817,
      "precision": 0.45312784860896727,
      "recall": 0.7899063519640662,
      "f1_score": 0.5758949604170689,
      "precision_normal": 0.9467534420173122,
      "recall_normal": 0.7966851477811366,
      "avg_latency_ms": 0.4236459732055664,
      "min_latency_ms": 0.38361549377441406,
      "max_latency_ms": 0.47135353088378906,
      "samples_per_second": 236046.14778546907,
      "compression_ratio": 11.589483186639585
    }
  ]
}