{
  "version": "v12",
  "data_version": "cicids2017_bal1.0",
  "generated_at": "2026-02-05T00:35:08.155320",
  "results": [
    {
      "stage": "Original",
      "model_path": "models/tflite/saved_model_original.tflite",
      "file_size_bytes": 821648,
      "file_size_mb": 0.7835845947265625,
      "parameter_count": 205777,
      "accuracy": 0.17037700861556804,
      "precision": 0.17037700861556804,
      "recall": 1.0,
      "f1_score": 0.29114893297007943,
      "precision_normal": 0.0,
      "recall_normal": 0.0,
      "avg_latency_ms": 1.2545585632324219,
      "min_latency_ms": 1.2066364288330078,
      "max_latency_ms": 1.4085769653320312,
      "samples_per_second": 79709.3120486507,
      "compression_ratio": 1.0
    },
    {
      "stage": "Compressed (PTQ)",
      "model_path": "models/tflite/saved_model_pruned_quantized.tflite",
      "file_size_bytes": 70896,
      "file_size_mb": 0.0676116943359375,
      "parameter_count": 61969,
      "accuracy": 0.9449759856293846,
      "precision": 0.8141397193410617,
      "recall": 0.8773320183626266,
      "f1_score": 0.8445554569754234,
      "precision_normal": 0.9744,
      "recall_normal": 0.958867809883878,
      "avg_latency_ms": 0.4009723663330078,
      "min_latency_ms": 0.3788471221923828,
      "max_latency_ms": 0.4680156707763672,
      "samples_per_second": 249393.74479724106,
      "compression_ratio": 11.589483186639585
    }
  ]
}