{
  "version": "v20",
  "data_version": "cicids2017_max2000k_bal4.0",
  "generated_at": "2026-02-19T12:16:03.257707",
  "results": [
    {
      "stage": "Original",
      "model_path": "models/tflite/saved_model_original.tflite",
      "file_size_bytes": 821632,
      "file_size_mb": 0.7835693359375,
      "parameter_count": 205777,
      "accuracy": 0.9015123817880472,
      "precision": 0.6744814784924542,
      "recall": 0.8605628968594474,
      "f1_score": 0.7562435905169813,
      "precision_normal": 0.967996439234593,
      "recall_normal": 0.910351393200323,
      "avg_latency_ms": 1.9250869750976562,
      "min_latency_ms": 1.8990039825439453,
      "max_latency_ms": 1.9617080688476562,
      "samples_per_second": 51945.7049440206,
      "compression_ratio": 1.0
    },
    {
      "stage": "QAT+Prune only",
      "model_path": "models/tflite/saved_model_qat_pruned_float32.tflite",
      "file_size_bytes": 248228,
      "file_size_mb": 0.23672866821289062,
      "parameter_count": 61969,
      "accuracy": 0.7611326411231354,
      "precision": 0.4241206711996261,
      "recall": 0.9655568903380813,
      "f1_score": 0.5893635297075337,
      "precision_normal": 0.9897374799300492,
      "recall_normal": 0.7170073419915985,
      "avg_latency_ms": 0.7433652877807617,
      "min_latency_ms": 0.7243156433105469,
      "max_latency_ms": 0.8053779602050781,
      "samples_per_second": 134523.36508547422,
      "compression_ratio": 3.3099892034742253
    },
    {
      "stage": "Compressed (PTQ)",
      "model_path": "models/tflite/saved_model_pruned_quantized.tflite",
      "file_size_bytes": 70920,
      "file_size_mb": 0.06763458251953125,
      "parameter_count": 61969,
      "accuracy": 0.7620893048649703,
      "precision": 0.42523202293820267,
      "recall": 0.9671529088724902,
      "f1_score": 0.5907337526205451,
      "precision_normal": 0.9902194242030926,
      "recall_normal": 0.7178259999851827,
      "avg_latency_ms": 0.48999786376953125,
      "min_latency_ms": 0.4818439483642578,
      "max_latency_ms": 0.5290508270263672,
      "samples_per_second": 204082.52238224988,
      "compression_ratio": 11.585335589396504
    },
    {
      "stage": "QAT+PTQ",
      "model_path": "models/tflite/saved_model_qat_ptq.tflite",
      "file_size_bytes": 70904,
      "file_size_mb": 0.06761932373046875,
      "parameter_count": 61969,
      "accuracy": 0.7620893048649703,
      "precision": 0.42523202293820267,
      "recall": 0.9671529088724902,
      "f1_score": 0.5907337526205451,
      "precision_normal": 0.9902194242030926,
      "recall_normal": 0.7178259999851827,
      "avg_latency_ms": 0.4942655563354492,
      "min_latency_ms": 0.4868507385253906,
      "max_latency_ms": 0.5357265472412109,
      "samples_per_second": 202320.389754474,
      "compression_ratio": 11.587949904095678
    },
    {
      "stage": "noQAT+PTQ",
      "model_path": "models/tflite/saved_model_no_qat_ptq.tflite",
      "file_size_bytes": 70920,
      "file_size_mb": 0.06763458251953125,
      "parameter_count": 61969,
      "accuracy": 0.8224688017938968,
      "precision": 0.0,
      "recall": 0.0,
      "f1_score": 0.0,
      "precision_normal": 0.8224688017938968,
      "recall_normal": 1.0,
      "avg_latency_ms": 0.4827260971069336,
      "min_latency_ms": 0.4754066467285156,
      "max_latency_ms": 0.5185604095458984,
      "samples_per_second": 207156.81335506495,
      "compression_ratio": 11.585335589396504
    }
  ]
}