{
  "version": "v20",
  "data_version": "cicids2017_max2000k_bal4.0",
  "generated_at": "2026-02-19T19:56:14.578776",
  "results": [
    {
      "stage": "Original",
      "model_path": "models/tflite/saved_model_original.tflite",
      "file_size_bytes": 821632,
      "file_size_mb": 0.7835693359375,
      "parameter_count": 205777,
      "accuracy": 0.4562432972604075,
      "precision": 0.1566502519337774,
      "recall": 0.4705852067959499,
      "f1_score": 0.23505460405630133,
      "precision_normal": 0.7986068495475852,
      "recall_normal": 0.4531475732902643,
      "avg_latency_ms": 1.8972396850585938,
      "min_latency_ms": 1.8727779388427734,
      "max_latency_ms": 2.0003318786621094,
      "samples_per_second": 52708.153212023724,
      "compression_ratio": 1.0
    },
    {
      "stage": "QAT+Prune only",
      "model_path": "models/tflite/saved_model_qat_pruned_float32.tflite",
      "file_size_bytes": 248228,
      "file_size_mb": 0.23672866821289062,
      "parameter_count": 61969,
      "accuracy": 0.7510145510383153,
      "precision": 0.4161056540060239,
      "recall": 0.9981465591213318,
      "f1_score": 0.5873555267184052,
      "precision_normal": 0.9994268945645195,
      "recall_normal": 0.6976707142698385,
      "avg_latency_ms": 0.7377862930297852,
      "min_latency_ms": 0.7302761077880859,
      "max_latency_ms": 0.782012939453125,
      "samples_per_second": 135540.60429794795,
      "compression_ratio": 3.3099892034742253
    },
    {
      "stage": "Compressed (PTQ)",
      "model_path": "models/tflite/saved_model_pruned_quantized.tflite",
      "file_size_bytes": 70920,
      "file_size_mb": 0.06763458251953125,
      "parameter_count": 61969,
      "accuracy": 0.7515081164083065,
      "precision": 0.4165884754503456,
      "recall": 0.9981465591213318,
      "f1_score": 0.5878363696086111,
      "precision_normal": 0.9994273868161117,
      "recall_normal": 0.6982708165094794,
      "avg_latency_ms": 0.48258304595947266,
      "min_latency_ms": 0.4744529724121094,
      "max_latency_ms": 0.5402565002441406,
      "samples_per_second": 207218.22044365396,
      "compression_ratio": 11.585335589396504
    },
    {
      "stage": "QAT+PTQ",
      "model_path": "models/tflite/saved_model_qat_ptq.tflite",
      "file_size_bytes": 70904,
      "file_size_mb": 0.06761932373046875,
      "parameter_count": 61969,
      "accuracy": 0.7515081164083065,
      "precision": 0.4165884754503456,
      "recall": 0.9981465591213318,
      "f1_score": 0.5878363696086111,
      "precision_normal": 0.9994273868161117,
      "recall_normal": 0.6982708165094794,
      "avg_latency_ms": 0.47185420989990234,
      "min_latency_ms": 0.4642009735107422,
      "max_latency_ms": 0.5152225494384766,
      "samples_per_second": 211929.86711131321,
      "compression_ratio": 11.587949904095678
    },
    {
      "stage": "noQAT+PTQ",
      "model_path": "models/tflite/saved_model_no_qat_ptq.tflite",
      "file_size_bytes": 70920,
      "file_size_mb": 0.06763458251953125,
      "parameter_count": 61969,
      "accuracy": 0.8224688017938968,
      "precision": 0.0,
      "recall": 0.0,
      "f1_score": 0.0,
      "precision_normal": 0.8224688017938968,
      "recall_normal": 1.0,
      "avg_latency_ms": 0.4769563674926758,
      "min_latency_ms": 0.469207763671875,
      "max_latency_ms": 0.5238056182861328,
      "samples_per_second": 209662.784303924,
      "compression_ratio": 11.585335589396504
    }
  ]
}