{
  "version": "v20",
  "data_version": "cicids2017_max2000k_bal4.0",
  "generated_at": "2026-02-18T12:57:31.494170",
  "results": [
    {
      "stage": "Original",
      "model_path": "models/tflite/saved_model_original.tflite",
      "file_size_bytes": 821632,
      "file_size_mb": 0.7835693359375,
      "parameter_count": 205777,
      "accuracy": 0.8143249731890416,
      "precision": 0.488775415935298,
      "recall": 0.9987643727475545,
      "f1_score": 0.6563474475439695,
      "precision_normal": 0.999655757691664,
      "recall_normal": 0.7745134356223653,
      "avg_latency_ms": 2.205967903137207,
      "min_latency_ms": 2.1271705627441406,
      "max_latency_ms": 2.4619102478027344,
      "samples_per_second": 45331.57524993245,
      "compression_ratio": 1.0
    },
    {
      "stage": "QAT+Prune only",
      "model_path": "models/tflite/saved_model_qat_pruned_float32.tflite",
      "file_size_bytes": 248228,
      "file_size_mb": 0.23672866821289062,
      "parameter_count": 61969,
      "accuracy": 0.7541465584478892,
      "precision": 0.41915830911988,
      "recall": 0.997700360391282,
      "f1_score": 0.5903120827346713,
      "precision_normal": 0.9992929767262712,
      "recall_normal": 0.7015750831623165,
      "avg_latency_ms": 0.8598089218139648,
      "min_latency_ms": 0.8342266082763672,
      "max_latency_ms": 0.9663105010986328,
      "samples_per_second": 116304.91085045616,
      "compression_ratio": 3.3099892034742253
    },
    {
      "stage": "Compressed (PTQ)",
      "model_path": "models/tflite/saved_model_pruned_quantized.tflite",
      "file_size_bytes": 70920,
      "file_size_mb": 0.06763458251953125,
      "parameter_count": 61969,
      "accuracy": 0.7537870478697475,
      "precision": 0.4188031725220974,
      "recall": 0.9977175218808992,
      "f1_score": 0.5899628083029322,
      "precision_normal": 0.9992978084231311,
      "recall_normal": 0.7011342673196174,
      "avg_latency_ms": 0.5437374114990234,
      "min_latency_ms": 0.5323886871337891,
      "max_latency_ms": 0.5960464477539062,
      "samples_per_second": 183912.3037797071,
      "compression_ratio": 11.585335589396504
    },
    {
      "stage": "QAT+PTQ",
      "model_path": "models/tflite/saved_model_qat_ptq.tflite",
      "file_size_bytes": 70904,
      "file_size_mb": 0.06761932373046875,
      "parameter_count": 61969,
      "accuracy": 0.7537870478697475,
      "precision": 0.4188031725220974,
      "recall": 0.9977175218808992,
      "f1_score": 0.5899628083029322,
      "precision_normal": 0.9992978084231311,
      "recall_normal": 0.7011342673196174,
      "avg_latency_ms": 0.5447864532470703,
      "min_latency_ms": 0.5321502685546875,
      "max_latency_ms": 0.6320476531982422,
      "samples_per_second": 183558.16192560174,
      "compression_ratio": 11.587949904095678
    },
    {
      "stage": "noQAT+PTQ",
      "model_path": "models/tflite/saved_model_no_qat_ptq.tflite",
      "file_size_bytes": 70920,
      "file_size_mb": 0.06763458251953125,
      "parameter_count": 61969,
      "accuracy": 0.8224688017938968,
      "precision": 0.0,
      "recall": 0.0,
      "f1_score": 0.0,
      "precision_normal": 0.8224688017938968,
      "recall_normal": 1.0,
      "avg_latency_ms": 0.5404472351074219,
      "min_latency_ms": 0.5319118499755859,
      "max_latency_ms": 0.5891323089599609,
      "samples_per_second": 185031.93929768837,
      "compression_ratio": 11.585335589396504
    }
  ]
}