{
  "version": "v20",
  "data_version": "cicids2017_max2000k_bal4.0",
  "generated_at": "2026-02-19T01:33:52.515342",
  "results": [
    {
      "stage": "Original",
      "model_path": "models/tflite/saved_model_original.tflite",
      "file_size_bytes": 821632,
      "file_size_mb": 0.7835693359375,
      "parameter_count": 205777,
      "accuracy": 0.5110534269279516,
      "precision": 0.26582203079178884,
      "recall": 0.9955894971683542,
      "f1_score": 0.41960869407978013,
      "precision_normal": 0.9976632964794879,
      "recall_normal": 0.40646554598190804,
      "avg_latency_ms": 1.9401073455810547,
      "min_latency_ms": 1.9032955169677734,
      "max_latency_ms": 2.066373825073242,
      "samples_per_second": 51543.53970555706,
      "compression_ratio": 1.0
    },
    {
      "stage": "QAT+Prune only",
      "model_path": "models/tflite/saved_model_qat_pruned_float32.tflite",
      "file_size_bytes": 248228,
      "file_size_mb": 0.23672866821289062,
      "parameter_count": 61969,
      "accuracy": 0.9125170615189626,
      "precision": 0.896980604953527,
      "recall": 0.5730392998112236,
      "f1_score": 0.6993172488900059,
      "precision_normal": 0.9145045670416979,
      "recall_normal": 0.9857938759936878,
      "avg_latency_ms": 0.8548736572265625,
      "min_latency_ms": 0.8275508880615234,
      "max_latency_ms": 0.9593963623046875,
      "samples_per_second": 116976.34984381971,
      "compression_ratio": 3.3099892034742253
    },
    {
      "stage": "Compressed (PTQ)",
      "model_path": "models/tflite/saved_model_pruned_quantized.tflite",
      "file_size_bytes": 70920,
      "file_size_mb": 0.06763458251953125,
      "parameter_count": 61969,
      "accuracy": 0.9125871356147022,
      "precision": 0.8973428978264958,
      "recall": 0.5731937532177793,
      "f1_score": 0.6995423652490811,
      "precision_normal": 0.9145369635364584,
      "recall_normal": 0.9858457366810642,
      "avg_latency_ms": 0.5528926849365234,
      "min_latency_ms": 0.5383491516113281,
      "max_latency_ms": 0.6170272827148438,
      "samples_per_second": 180866.92539887884,
      "compression_ratio": 11.585335589396504
    },
    {
      "stage": "QAT+PTQ",
      "model_path": "models/tflite/saved_model_qat_ptq.tflite",
      "file_size_bytes": 70904,
      "file_size_mb": 0.06761932373046875,
      "parameter_count": 61969,
      "accuracy": 0.9125871356147022,
      "precision": 0.8973428978264958,
      "recall": 0.5731937532177793,
      "f1_score": 0.6995423652490811,
      "precision_normal": 0.9145369635364584,
      "recall_normal": 0.9858457366810642,
      "avg_latency_ms": 0.5540370941162109,
      "min_latency_ms": 0.5381107330322266,
      "max_latency_ms": 0.6580352783203125,
      "samples_per_second": 180493.32989069627,
      "compression_ratio": 11.587949904095678
    },
    {
      "stage": "noQAT+PTQ",
      "model_path": "models/tflite/saved_model_no_qat_ptq.tflite",
      "file_size_bytes": 70920,
      "file_size_mb": 0.06763458251953125,
      "parameter_count": 61969,
      "accuracy": 0.8224688017938968,
      "precision": 0.0,
      "recall": 0.0,
      "f1_score": 0.0,
      "precision_normal": 0.8224688017938968,
      "recall_normal": 1.0,
      "avg_latency_ms": 0.5546808242797852,
      "min_latency_ms": 0.5424022674560547,
      "max_latency_ms": 0.6151199340820312,
      "samples_per_second": 180283.85987534924,
      "compression_ratio": 11.585335589396504
    }
  ]
}