{
  "tag": "no_qat__distill_direct__prune_10x5__ptq_no",
  "fl_qat": false,
  "distillation": "direct",
  "pruning": "prune_10x5",
  "ptq": false,
  "fl_acc": 0.813119755911518,
  "fl_f1": 0.0,
  "fl_prec": 0.0,
  "fl_rec": 0.0,
  "fl_size_kb": 864.109375,
  "dist_acc": 0.813119755911518,
  "dist_f1": 0.0,
  "prune_acc": 0.813119755911518,
  "prune_f1": 0.0,
  "final_acc": 0.813119755911518,
  "final_f1": 0.0,
  "final_prec": null,
  "final_rec": null,
  "tflite_size_kb": 102.15625,
  "final_size_kb": 374.4921875
}